# Blender 5.1.0
# www.blender.org
mtllib Montana_deckhouse_A2_001_6_Iowa_Deckhouse_A2_001_5.mtl
o Montana_deckhouse_A2_001_6_Iowa_Deckhouse_A2_001_5.001
v 9.227363 2.495855 7.466496
v 9.762775 2.545966 7.466519
v 9.762775 2.495855 7.466496
v 9.227363 2.545966 7.466519
v 9.227363 2.545966 7.466519
v 9.762775 2.545965 7.603703
v 9.762775 2.545966 7.466519
v 9.227363 2.545965 7.603703
v 9.227363 2.495859 7.603688
v 9.762775 2.495855 7.466496
v 9.762775 2.495859 7.603688
v 9.227363 2.495855 7.466496
v 9.227363 2.197697 7.357991
v 9.762775 2.247805 7.357991
v 9.762775 2.197697 7.357976
v 9.227363 2.247811 7.358006
v 9.227363 2.247811 7.358006
v 9.762775 2.247807 7.495183
v 9.762775 2.247805 7.357991
v 9.227363 2.247807 7.495183
v 9.227363 2.197699 7.495168
v 9.762775 2.197697 7.357976
v 9.762775 2.197699 7.495168
v 9.227363 2.197697 7.357991
v 9.227363 1.899542 7.249455
v 9.762775 1.949648 7.249463
v 9.762775 1.899538 7.249455
v 9.227363 1.949654 7.249478
v 9.227363 1.949654 7.249478
v 9.762775 1.949652 7.386662
v 9.762775 1.949648 7.249463
v 9.227363 1.949652 7.386662
v 9.227363 1.899540 7.386647
v 9.762775 1.899538 7.249455
v 9.762775 1.899540 7.386647
v 9.227363 1.899542 7.249455
v 9.227363 0.997429 6.921109
v 9.762775 1.047535 6.921124
v 9.762775 0.997425 6.921117
v 9.227363 1.047537 6.921124
v 9.227363 1.047537 6.921124
v 9.762775 1.047536 7.058309
v 9.762775 1.047535 6.921124
v 9.227363 1.047536 7.058309
v 9.227363 0.997430 7.058309
v 9.762775 0.997425 6.921117
v 9.762775 0.997430 7.058309
v 9.227363 0.997429 6.921109
v 9.227363 1.593735 7.138158
v 9.762775 1.643842 7.138173
v 9.762775 1.593735 7.138158
v 9.227363 1.643842 7.138173
v 9.227363 1.643842 7.138173
v 9.762775 1.643845 7.275350
v 9.762775 1.643842 7.138173
v 9.227363 1.643845 7.275350
v 9.227363 1.593737 7.275350
v 9.762775 1.593735 7.138158
v 9.762775 1.593737 7.275350
v 9.227363 1.593735 7.138158
v 9.227363 1.295582 7.029653
v 9.762775 1.345682 7.029653
v 9.762775 1.295582 7.029653
v 9.227363 1.345682 7.029653
v 9.227363 1.345682 7.029653
v 9.762775 1.345684 7.166829
v 9.762775 1.345682 7.029653
v 9.227363 1.345684 7.166829
v 9.227363 1.295580 7.166829
v 9.762775 1.295582 7.029653
v 9.762775 1.295580 7.166829
v 9.227363 1.295582 7.029653
v 9.227363 0.997430 7.058309
v 9.762775 1.047536 7.058309
v 9.227363 1.047536 7.058309
v 9.762775 0.997430 7.058309
v 9.227363 1.295580 7.166829
v 9.762775 1.345684 7.166829
v 9.227363 1.345684 7.166829
v 9.762775 1.295580 7.166829
v 9.227363 1.593737 7.275350
v 9.762775 1.643845 7.275350
v 9.227363 1.643845 7.275350
v 9.762775 1.593737 7.275350
v 9.227363 1.899540 7.386647
v 9.762775 1.949652 7.386662
v 9.227363 1.949652 7.386662
v 9.762775 1.899540 7.386647
v 9.227363 2.197699 7.495168
v 9.762775 2.247807 7.495183
v 9.227363 2.247807 7.495183
v 9.762775 2.197699 7.495168
v 9.227363 2.495859 7.603688
v 9.762775 2.545965 7.603703
v 9.227363 2.545965 7.603703
v 9.762775 2.495859 7.603688
v 9.227363 0.698306 6.812421
v 9.762775 0.748414 6.812421
v 9.762775 0.698306 6.812406
v 9.227363 0.748420 6.812436
v 9.227363 0.748420 6.812436
v 9.762775 0.748416 6.949613
v 9.762775 0.748414 6.812421
v 9.227363 0.748416 6.949613
v 9.227363 0.698308 6.949597
v 9.762775 0.698306 6.812406
v 9.762775 0.698308 6.949597
v 9.227363 0.698306 6.812421
v 9.227363 0.400151 6.703885
v 9.762775 0.450258 6.703893
v 9.762775 0.400148 6.703885
v 9.227363 0.450263 6.703908
v 9.227363 0.450263 6.703908
v 9.762775 0.450261 6.841092
v 9.762775 0.450258 6.703893
v 9.227363 0.450261 6.841092
v 9.227363 0.400149 6.841077
v 9.762775 0.400148 6.703885
v 9.762775 0.400149 6.841077
v 9.227363 0.400151 6.703885
v 9.227363 0.094344 6.592587
v 9.762775 0.144452 6.592603
v 9.762775 0.094344 6.592587
v 9.227363 0.144452 6.592603
v 9.227363 0.144452 6.592603
v 9.762775 0.144454 6.729779
v 9.762775 0.144452 6.592603
v 9.227363 0.144454 6.729779
v 9.227363 0.094346 6.729779
v 9.762775 0.094344 6.592587
v 9.762775 0.094346 6.729779
v 9.227363 0.094344 6.592587
v 9.227363 0.094346 6.729779
v 9.762775 0.144454 6.729779
v 9.227363 0.144454 6.729779
v 9.762775 0.094346 6.729779
v 9.227363 0.400149 6.841077
v 9.762775 0.450261 6.841092
v 9.227363 0.450261 6.841092
v 9.762775 0.400149 6.841077
v 9.227363 0.698308 6.949597
v 9.762775 0.748416 6.949613
v 9.227363 0.748416 6.949613
v 9.762775 0.698308 6.949597
v 4.121893 7.464684 2.071819
v 4.121893 7.414580 1.536411
v 4.121893 7.464686 1.536411
v 4.121908 7.414580 2.071819
v 3.984716 7.464688 2.071819
v 4.121893 7.464686 1.536411
v 3.984716 7.464688 1.536411
v 4.121893 7.464684 2.071819
v 4.121908 7.414580 2.071819
v 3.984716 7.414584 1.536411
v 4.121893 7.414580 1.536411
v 3.984716 7.414584 2.071827
v 4.121893 6.504660 2.071819
v 4.121908 6.454555 1.536411
v 4.121893 6.504661 1.536411
v 4.121908 6.454554 2.071827
v 3.984716 6.504662 2.071819
v 4.121893 6.504661 1.536411
v 3.984716 6.504663 1.536411
v 4.121893 6.504660 2.071819
v 4.121908 6.454554 2.071827
v 3.984716 6.454558 1.536411
v 4.121908 6.454555 1.536411
v 3.984716 6.454557 2.071827
v 4.121908 6.187366 2.071819
v 4.121893 6.137263 1.536411
v 4.121893 6.187369 1.536411
v 4.121908 6.137262 2.071827
v 3.984716 6.187368 2.071819
v 4.121893 6.187369 1.536411
v 3.984716 6.187369 1.536411
v 4.121908 6.187366 2.071819
v 4.121908 6.137262 2.071827
v 3.984716 6.137265 1.536411
v 4.121893 6.137263 1.536411
v 3.984716 6.137264 2.071827
v 4.121908 5.870073 2.071819
v 4.121910 5.819970 1.536411
v 4.121895 5.870076 1.536411
v 4.121908 5.819967 2.071827
v 3.984716 5.870077 2.071819
v 4.121895 5.870076 1.536411
v 3.984716 5.870078 1.536411
v 4.121908 5.870073 2.071819
v 4.121908 5.819967 2.071827
v 3.984718 5.819972 1.536411
v 4.121910 5.819970 1.536411
v 3.984716 5.819971 2.071827
v 4.121893 7.139238 2.071819
v 4.121908 7.089133 1.536411
v 4.121893 7.139239 1.536411
v 4.121908 7.089132 2.071827
v 3.984716 7.139240 2.071819
v 4.121893 7.139239 1.536411
v 3.984716 7.139241 1.536411
v 4.121893 7.139238 2.071819
v 4.121908 7.089132 2.071827
v 3.984716 7.089137 1.536411
v 4.121908 7.089133 1.536411
v 3.984716 7.089136 2.071827
v 4.121908 6.821947 2.071819
v 4.121893 6.771844 1.536411
v 4.121893 6.821948 1.536411
v 4.121908 6.771841 2.071827
v 3.984716 6.821949 2.071819
v 4.121893 6.821948 1.536411
v 3.984716 6.821950 1.536411
v 4.121908 6.821947 2.071819
v 4.121908 6.771841 2.071827
v 3.984716 6.771846 1.536411
v 4.121893 6.771844 1.536411
v 3.984716 6.771845 2.071827
v 4.121895 5.544641 2.071819
v 4.121910 5.494538 1.536411
v 4.121895 5.544644 1.536411
v 4.121910 5.494535 2.071827
v 3.984718 5.544645 2.071819
v 4.121895 5.544644 1.536411
v 3.984718 5.544646 1.536411
v 4.121895 5.544641 2.071819
v -9.227363 2.495855 7.466496
v -9.762775 2.545966 7.466519
v -9.762775 2.495855 7.466496
v -9.227363 2.545966 7.466519
v -9.227363 2.545966 7.466519
v -9.762775 2.545965 7.603703
v -9.762775 2.545966 7.466519
v -9.227363 2.545965 7.603703
v -9.227363 2.495859 7.603688
v -9.762775 2.495855 7.466496
v -9.762775 2.495859 7.603688
v -9.227363 2.495855 7.466496
v -9.227363 2.197697 7.357991
v -9.762775 2.247805 7.357991
v -9.762775 2.197697 7.357976
v -9.227363 2.247811 7.358006
v -9.227363 2.247811 7.358006
v -9.762775 2.247807 7.495183
v -9.762775 2.247805 7.357991
v -9.227363 2.247807 7.495183
v -9.227363 2.197699 7.495168
v -9.762775 2.197697 7.357976
v -9.762775 2.197699 7.495168
v -9.227363 2.197697 7.357991
v -9.227363 1.899542 7.249455
v -9.762775 1.949648 7.249463
v -9.762775 1.899538 7.249455
v -9.227363 1.949654 7.249478
v -9.227363 1.949654 7.249478
v -9.762775 1.949652 7.386662
v -9.762775 1.949648 7.249463
v -9.227363 1.949652 7.386662
v -9.227363 1.899540 7.386647
v -9.762775 1.899538 7.249455
v -9.762775 1.899540 7.386647
v -9.227363 1.899542 7.249455
v -9.227363 0.997429 6.921109
v -9.762775 1.047535 6.921124
v -9.762775 0.997425 6.921117
v -9.227363 1.047537 6.921124
v -9.227363 1.047537 6.921124
v -9.762775 1.047536 7.058309
v -9.762775 1.047535 6.921124
v -9.227363 1.047536 7.058309
v -9.227363 0.997430 7.058309
v -9.762775 0.997425 6.921117
v -9.762775 0.997430 7.058309
v -9.227363 0.997429 6.921109
v -9.227363 1.593735 7.138158
v -9.762775 1.643842 7.138173
v -9.762775 1.593735 7.138158
v -9.227363 1.643842 7.138173
v -9.227363 1.643842 7.138173
v -9.762775 1.643845 7.275350
v -9.762775 1.643842 7.138173
v -9.227363 1.643845 7.275350
v -9.227363 1.593737 7.275350
v -9.762775 1.593735 7.138158
v -9.762775 1.593737 7.275350
v -9.227363 1.593735 7.138158
v -9.227363 1.295582 7.029653
v -9.762775 1.345682 7.029653
v -9.762775 1.295582 7.029653
v -9.227363 1.345682 7.029653
v -9.227363 1.345682 7.029653
v -9.762775 1.345684 7.166829
v -9.762775 1.345682 7.029653
v -9.227363 1.345684 7.166829
v -9.227363 1.295580 7.166829
v -9.762775 1.295582 7.029653
v -9.762775 1.295580 7.166829
v -9.227363 1.295582 7.029653
v -9.227363 0.997430 7.058309
v -9.762775 1.047536 7.058309
v -9.227363 1.047536 7.058309
v -9.762775 0.997430 7.058309
v -9.227363 1.295580 7.166829
v -9.762775 1.345684 7.166829
v -9.227363 1.345684 7.166829
v -9.762775 1.295580 7.166829
v -9.227363 1.593737 7.275350
v -9.762775 1.643845 7.275350
v -9.227363 1.643845 7.275350
v -9.762775 1.593737 7.275350
v -9.227363 1.899540 7.386647
v -9.762775 1.949652 7.386662
v -9.227363 1.949652 7.386662
v -9.762775 1.899540 7.386647
v -9.227363 2.197699 7.495168
v -9.762775 2.247807 7.495183
v -9.227363 2.247807 7.495183
v -9.762775 2.197699 7.495168
v -9.227363 2.495859 7.603688
v -9.762775 2.545965 7.603703
v -9.227363 2.545965 7.603703
v -9.762775 2.495859 7.603688
v -9.227363 0.698306 6.812421
v -9.762775 0.748414 6.812421
v -9.762775 0.698306 6.812406
v -9.227363 0.748420 6.812436
v -9.227363 0.748420 6.812436
v -9.762775 0.748416 6.949613
v -9.762775 0.748414 6.812421
v -9.227363 0.748416 6.949613
v -9.227363 0.698308 6.949597
v -9.762775 0.698306 6.812406
v -9.762775 0.698308 6.949597
v -9.227363 0.698306 6.812421
v -9.227363 0.400151 6.703885
v -9.762775 0.450258 6.703893
v -9.762775 0.400148 6.703885
v -9.227363 0.450263 6.703908
v -9.227363 0.450263 6.703908
v -9.762775 0.450261 6.841092
v -9.762775 0.450258 6.703893
v -9.227363 0.450261 6.841092
v -9.227363 0.400149 6.841077
v -9.762775 0.400148 6.703885
v -9.762775 0.400149 6.841077
v -9.227363 0.400151 6.703885
v -9.227363 0.094344 6.592587
v -9.762775 0.144452 6.592603
v -9.762775 0.094344 6.592587
v -9.227363 0.144452 6.592603
v -9.227363 0.144452 6.592603
v -9.762775 0.144454 6.729779
v -9.762775 0.144452 6.592603
v -9.227363 0.144454 6.729779
v -9.227363 0.094346 6.729779
v -9.762775 0.094344 6.592587
v -9.762775 0.094346 6.729779
v -9.227363 0.094344 6.592587
v -9.227363 0.094346 6.729779
v -9.762775 0.144454 6.729779
v -9.227363 0.144454 6.729779
v -9.762775 0.094346 6.729779
v -9.227363 0.400149 6.841077
v -9.762775 0.450261 6.841092
v -9.227363 0.450261 6.841092
v -9.762775 0.400149 6.841077
v -9.227363 0.698308 6.949597
v -9.762775 0.748416 6.949613
v -9.227363 0.748416 6.949613
v -9.762775 0.698308 6.949597
v -4.121893 7.464684 2.071819
v -4.121893 7.414580 1.536411
v -4.121893 7.464686 1.536411
v -4.121908 7.414580 2.071819
v -3.984716 7.464688 2.071819
v -4.121893 7.464686 1.536411
v -3.984716 7.464688 1.536411
v -4.121893 7.464684 2.071819
v -4.121908 7.414580 2.071819
v -3.984716 7.414584 1.536411
v -4.121893 7.414580 1.536411
v -3.984716 7.414584 2.071827
v -4.121893 6.504660 2.071819
v -4.121908 6.454555 1.536411
v -4.121893 6.504661 1.536411
v -4.121908 6.454554 2.071827
v -3.984716 6.504662 2.071819
v -4.121893 6.504661 1.536411
v -3.984716 6.504663 1.536411
v -4.121893 6.504660 2.071819
v -4.121908 6.454554 2.071827
v -3.984716 6.454558 1.536411
v -4.121908 6.454555 1.536411
v -3.984716 6.454557 2.071827
v -4.121908 6.187366 2.071819
v -4.121893 6.137263 1.536411
v -4.121893 6.187369 1.536411
v -4.121908 6.137262 2.071827
v -3.984716 6.187368 2.071819
v -4.121893 6.187369 1.536411
v -3.984716 6.187369 1.536411
v -4.121908 6.187366 2.071819
v -4.121908 6.137262 2.071827
v -3.984716 6.137265 1.536411
v -4.121893 6.137263 1.536411
v -3.984716 6.137264 2.071827
v -4.121908 5.870073 2.071819
v -4.121910 5.819970 1.536411
v -4.121895 5.870076 1.536411
v -4.121908 5.819967 2.071827
v -3.984716 5.870077 2.071819
v -4.121895 5.870076 1.536411
v -3.984716 5.870078 1.536411
v -4.121908 5.870073 2.071819
v -4.121908 5.819967 2.071827
v -3.984718 5.819972 1.536411
v -4.121910 5.819970 1.536411
v -3.984716 5.819971 2.071827
v -4.121893 7.139238 2.071819
v -4.121908 7.089133 1.536411
v -4.121893 7.139239 1.536411
v -4.121908 7.089132 2.071827
v -3.984716 7.139240 2.071819
v -4.121893 7.139239 1.536411
v -3.984716 7.139241 1.536411
v -4.121893 7.139238 2.071819
v -4.121908 7.089132 2.071827
v -3.984716 7.089137 1.536411
v -4.121908 7.089133 1.536411
v -3.984716 7.089136 2.071827
v -4.121908 6.821947 2.071819
v -4.121893 6.771844 1.536411
v -4.121893 6.821948 1.536411
v -4.121908 6.771841 2.071827
v -3.984716 6.821949 2.071819
v -4.121893 6.821948 1.536411
v -3.984716 6.821950 1.536411
v -4.121908 6.821947 2.071819
v -4.121908 6.771841 2.071827
v -3.984716 6.771846 1.536411
v -4.121893 6.771844 1.536411
v -3.984716 6.771845 2.071827
v -4.121895 5.544641 2.071819
v -4.121910 5.494538 1.536411
v -4.121895 5.544644 1.536411
v -4.121910 5.494535 2.071827
v -3.984718 5.544645 2.071819
v -4.121895 5.544644 1.536411
v -3.984718 5.544646 1.536411
v -4.121895 5.544641 2.071819
v -4.121910 5.494535 2.071827
v -3.984718 5.494540 1.536411
v -4.121910 5.494538 1.536411
v -3.984718 5.494539 2.071827
v -4.121895 5.227351 2.071819
v -4.121895 5.177247 1.536411
v -4.121895 5.227353 1.536411
v -4.121895 5.177247 2.071827
v -3.984718 5.227355 2.071819
v -4.121895 5.227353 1.536411
v -3.984718 5.227355 1.536411
v -4.121895 5.227351 2.071819
v -4.121895 5.177247 2.071827
v -3.984718 5.177248 1.536411
v -4.121895 5.177247 1.536411
v -3.984718 5.177248 2.071827
v -4.121893 7.833843 2.071819
v -4.121908 7.783740 1.536411
v -4.121893 7.833846 1.536411
v -4.121908 7.783737 2.071827
v -3.984716 7.833847 2.071819
v -4.121893 7.833846 1.536411
v -3.984716 7.833848 1.536411
v -4.121893 7.833843 2.071819
v -4.121908 7.783737 2.071827
v -3.984716 7.783741 1.536411
v -4.121908 7.783740 1.536411
v -3.984716 7.783741 2.071827
v -3.984718 5.177248 2.071827
v -3.984718 5.227355 1.536411
v -3.984718 5.177248 1.536411
v -3.984718 5.227355 2.071819
v -3.984718 5.494539 2.071827
v -3.984718 5.544646 1.536411
v -3.984718 5.494540 1.536411
v -3.984718 5.544645 2.071819
v -3.984716 5.819971 2.071827
v -3.984716 5.870078 1.536411
v -3.984718 5.819972 1.536411
v -3.984716 5.870077 2.071819
v -3.984716 6.137264 2.071827
v -3.984716 6.187369 1.536411
v -3.984716 6.137265 1.536411
v -3.984716 6.187368 2.071819
v -3.984716 7.414584 2.071827
v -3.984716 7.464688 1.536411
v -3.984716 7.414584 1.536411
v -3.984716 7.464688 2.071819
v -3.984716 7.089136 2.071827
v -3.984716 7.139241 1.536411
v -3.984716 7.089137 1.536411
v -3.984716 7.139240 2.071819
v -3.984716 6.771845 2.071827
v -3.984716 6.821950 1.536411
v -3.984716 6.771846 1.536411
v -3.984716 6.821949 2.071819
v -3.984716 6.454557 2.071827
v -3.984716 6.504663 1.536411
v -3.984716 6.454558 1.536411
v -3.984716 6.504662 2.071819
v -3.984716 7.783741 2.071827
v -3.984716 7.833848 1.536411
v -3.984716 7.783741 1.536411
v -3.984716 7.833847 2.071819
v -3.156367 9.897038 3.185978
v -3.691780 9.947144 3.185986
v -3.691780 9.897034 3.185978
v -3.156367 9.947149 3.186001
v -3.156367 9.947149 3.186001
v -3.691780 9.947147 3.323185
v -3.691780 9.947144 3.185986
v -3.156367 9.947147 3.323185
v -3.156367 9.897036 3.323170
v -3.691780 9.897034 3.185978
v -3.691780 9.897036 3.323170
v -3.156367 9.897038 3.185978
v -3.156367 8.994925 2.857632
v -3.691780 9.045031 2.857647
v -3.691780 8.994921 2.857639
v -3.156367 9.045033 2.857647
v -3.156367 9.045033 2.857647
v -3.691780 9.045033 2.994831
v -3.691780 9.045031 2.857647
v -3.156367 9.045033 2.994831
v -3.156367 8.994926 2.994831
v -3.691780 8.994921 2.857639
v -3.691780 8.994926 2.994831
v -3.156367 8.994925 2.857632
v -3.156367 9.591230 3.074680
v -3.691780 9.641338 3.074696
v -3.691780 9.591230 3.074680
v -3.156367 9.641338 3.074696
v -3.156367 9.641338 3.074696
v -3.691780 9.641340 3.211872
v -3.691780 9.641338 3.074696
v -3.156367 9.641340 3.211872
v -3.156367 9.591232 3.211872
v -3.691780 9.591230 3.074680
v -3.691780 9.591232 3.211872
v -3.156367 9.591230 3.074680
v -3.156367 9.293077 2.966175
v -3.691780 9.343178 2.966175
v -3.691780 9.293077 2.966175
v -3.156367 9.343178 2.966175
v -3.156367 9.343178 2.966175
v -3.691780 9.343180 3.103352
v -3.691780 9.343178 2.966175
v -3.156367 9.343180 3.103352
v -3.156367 9.293076 3.103352
v -3.691780 9.293077 2.966175
v -3.691780 9.293076 3.103352
v -3.156367 9.293077 2.966175
v -3.156367 8.994926 2.994831
v -3.691780 9.045033 2.994831
v -3.156367 9.045033 2.994831
v -3.691780 8.994926 2.994831
v -3.156367 9.293076 3.103352
v -3.691780 9.343180 3.103352
v -3.156367 9.343180 3.103352
v -3.691780 9.293076 3.103352
v -3.156367 9.591232 3.211872
v -3.691780 9.641340 3.211872
v -3.156367 9.641340 3.211872
v -3.691780 9.591232 3.211872
v -3.156367 9.897036 3.323170
v -3.691780 9.947147 3.323185
v -3.156367 9.947147 3.323185
v -3.691780 9.897036 3.323170
v -3.156367 8.695803 2.748943
v -3.691780 8.745911 2.748943
v -3.691780 8.695803 2.748928
v -3.156367 8.745916 2.748959
v -3.156367 8.745916 2.748959
v -3.691780 8.745913 2.886135
v -3.691780 8.745911 2.748943
v -3.156367 8.745913 2.886135
v -3.156367 8.695805 2.886120
v -3.691780 8.695803 2.748928
v -3.691780 8.695805 2.886120
v -3.156367 8.695803 2.748943
v -3.156367 8.397648 2.640408
v -3.691780 8.447754 2.640415
v -3.691780 8.397644 2.640408
v -3.156367 8.447760 2.640430
v -3.156367 8.447760 2.640430
v -3.691780 8.447758 2.777615
v -3.691780 8.447754 2.640415
v -3.156367 8.447758 2.777615
v -3.156367 8.397646 2.777599
v -3.691780 8.397644 2.640408
v -3.691780 8.397646 2.777599
v -3.156367 8.397648 2.640408
v -3.156367 8.091841 2.529110
v -3.691780 8.141949 2.529125
v -3.691780 8.091841 2.529110
v -3.156367 8.141949 2.529125
v -3.156367 8.141949 2.529125
v -3.691780 8.141951 2.666302
v -3.691780 8.141949 2.529125
v -3.156367 8.141951 2.666302
v -3.156367 8.091843 2.666302
v -3.691780 8.091841 2.529110
v -3.691780 8.091843 2.666302
v -3.156367 8.091841 2.529110
v -3.156367 8.091843 2.666302
v -3.691780 8.141951 2.666302
v -3.156367 8.141951 2.666302
v -3.691780 8.091843 2.666302
v -3.156367 8.397646 2.777599
v -3.691780 8.447758 2.777615
v -3.156367 8.447758 2.777615
v -3.691780 8.397646 2.777599
v -3.156367 8.695805 2.886120
v -3.691780 8.745913 2.886135
v -3.156367 8.745913 2.886135
v -3.691780 8.695805 2.886120
v -3.052293 11.899830 11.274335
v -3.587707 11.949936 11.274343
v -3.587707 11.899826 11.274335
v -3.052293 11.949942 11.274358
v -3.052293 11.949942 11.274358
v -3.587707 11.949940 11.411542
v -3.587707 11.949936 11.274343
v -3.052293 11.949940 11.411542
v -3.052293 11.899828 11.411527
v -3.587707 11.899826 11.274335
v -3.587707 11.899828 11.411527
v -3.052293 11.899830 11.274335
v -3.052293 10.997715 10.945989
v -3.587707 11.047821 10.946004
v -3.587707 10.997711 10.945996
v -3.052293 11.047823 10.946004
v -3.052293 11.047823 10.946004
v -3.587707 11.047823 11.083188
v -3.587707 11.047821 10.946004
v -3.052293 11.047823 11.083188
v -3.052293 10.997717 11.083188
v -3.587707 10.997711 10.945996
v -3.587707 10.997717 11.083188
v -3.052293 10.997715 10.945989
v -3.052293 11.594021 11.163037
v -3.587707 11.644129 11.163053
v -3.587707 11.594021 11.163037
v -3.052293 11.644129 11.163053
v -3.052293 11.644129 11.163053
v -3.587707 11.644133 11.300229
v -3.587707 11.644129 11.163053
v -3.052293 11.644133 11.300229
v -3.052293 11.594025 11.300229
v -3.587707 11.594021 11.163037
v -3.587707 11.594025 11.300229
v -3.052293 11.594021 11.163037
v -3.052293 11.295870 11.054532
v -3.587707 11.345970 11.054532
v -3.587707 11.295870 11.054532
v -3.052293 11.345970 11.054532
v -3.052293 11.345970 11.054532
v -3.587707 11.345972 11.191709
v -3.587707 11.345970 11.054532
v -3.052293 11.345972 11.191709
v -3.052293 11.295868 11.191709
v -3.587707 11.295870 11.054532
v -3.587707 11.295868 11.191709
v -3.052293 11.295870 11.054532
v -3.052293 10.997717 11.083188
v -3.587707 11.047823 11.083188
v -3.052293 11.047823 11.083188
v -3.587707 10.997717 11.083188
v -3.052293 11.295868 11.191709
v -3.587707 11.345972 11.191709
v -3.052293 11.345972 11.191709
v -3.587707 11.295868 11.191709
v -3.052293 11.594025 11.300229
v -3.587707 11.644133 11.300229
v -3.052293 11.644133 11.300229
v -3.587707 11.594025 11.300229
v -3.052293 11.899828 11.411527
v -3.587707 11.949940 11.411542
v -3.052293 11.949940 11.411542
v -3.587707 11.899828 11.411527
v -3.052293 10.698593 10.837300
v -3.587707 10.748701 10.837300
v -3.587707 10.698593 10.837285
v -3.052293 10.748707 10.837316
v -3.052293 10.748707 10.837316
v -3.587707 10.748703 10.974492
v -3.587707 10.748701 10.837300
v -3.052293 10.748703 10.974492
v -3.052293 10.698595 10.974477
v -3.587707 10.698593 10.837285
v -3.587707 10.698595 10.974477
v -3.052293 10.698593 10.837300
v -3.052293 10.400438 10.728765
v -3.587707 10.450544 10.728772
v -3.587707 10.400434 10.728765
v -3.052293 10.450550 10.728787
v -3.052293 10.450550 10.728787
v -3.587707 10.450548 10.865972
v -3.587707 10.450544 10.728772
v -3.052293 10.450548 10.865972
v -3.052293 10.400436 10.865956
v -3.587707 10.400434 10.728765
v -3.587707 10.400436 10.865956
v -3.052293 10.400438 10.728765
v -3.052293 10.094631 10.617467
v -3.587707 10.144739 10.617482
v -3.587707 10.094631 10.617467
v -3.052293 10.144739 10.617482
v -3.052293 10.144739 10.617482
v -3.587707 10.144741 10.754659
v -3.587707 10.144739 10.617482
v -3.052293 10.144741 10.754659
v -3.052293 10.094633 10.754659
v -3.587707 10.094631 10.617467
v -3.587707 10.094633 10.754659
v -3.052293 10.094631 10.617467
v -3.052293 10.094633 10.754659
v -3.587707 10.144741 10.754659
v -3.052293 10.144741 10.754659
v -3.587707 10.094633 10.754659
v -3.052293 10.400436 10.865956
v -3.587707 10.450548 10.865972
v -3.052293 10.450548 10.865972
v -3.587707 10.400436 10.865956
v -3.052293 10.698595 10.974477
v -3.587707 10.748703 10.974492
v -3.052293 10.748703 10.974492
v -3.587707 10.698595 10.974477
v -5.385616 9.576090 11.394710
v -5.385632 9.525984 10.859302
v -5.385616 9.576090 10.859302
v -5.385632 9.525984 11.394717
v -5.248440 9.576092 11.394710
v -5.385616 9.576090 10.859302
v -5.248440 9.576092 10.859302
v -5.385616 9.576090 11.394710
v -5.385632 9.525984 11.394717
v -5.248440 9.525988 10.859302
v -5.385632 9.525984 10.859302
v -5.248440 9.525988 11.394717
v -5.385632 9.258797 11.394710
v -5.385616 9.208693 10.859302
v -5.385616 9.258799 10.859302
v -5.385632 9.208693 11.394717
v -5.248440 9.258799 11.394710
v -5.385616 9.258799 10.859302
v -5.248440 9.258799 10.859302
v -5.385632 9.258797 11.394710
v -5.385632 9.208693 11.394717
v -5.248440 9.208694 10.859302
v -5.385616 9.208693 10.859302
v -5.248440 9.208694 11.394717
v -5.385632 8.941504 11.394710
v -5.385633 8.891399 10.859302
v -5.385618 8.941505 10.859302
v -5.385632 8.891397 11.394717
v -5.248440 8.941507 11.394710
v -5.385618 8.941505 10.859302
v -5.248440 8.941507 10.859302
v -5.385632 8.941504 11.394710
v -5.385632 8.891397 11.394717
v -5.248442 8.891401 10.859302
v -5.385633 8.891399 10.859302
v -5.248440 8.891401 11.394717
v -5.385618 8.616072 11.394710
v -5.385633 8.565968 10.859302
v -5.385618 8.616074 10.859302
v -5.385633 8.565966 11.394717
v -5.248442 8.616076 11.394710
v -5.385618 8.616074 10.859302
v -5.248442 8.616076 10.859302
v -5.385618 8.616072 11.394710
v -5.385633 8.565966 11.394717
v -5.248442 8.565969 10.859302
v -5.385633 8.565968 10.859302
v -5.248442 8.565969 11.394717
v -5.385618 8.298780 11.394710
v -5.385618 8.248676 10.859302
v -5.385618 8.298782 10.859302
v -5.385618 8.248676 11.394717
v -5.248442 8.298784 11.394710
v -5.385618 8.298782 10.859302
v -5.248442 8.298784 10.859302
v -5.385618 8.298780 11.394710
v -5.385618 8.248676 11.394717
v -5.248442 8.248678 10.859302
v -5.385618 8.248676 10.859302
v -5.248442 8.248678 11.394717
v -5.248442 8.248678 11.394717
v -5.248442 8.298784 10.859302
v -5.248442 8.248678 10.859302
v -5.248442 8.298784 11.394710
v -5.248442 8.565969 11.394717
v -5.248442 8.616076 10.859302
v -5.248442 8.565969 10.859302
v -5.248442 8.616076 11.394710
v -5.248440 8.891401 11.394717
v -5.248440 8.941507 10.859302
v -5.248442 8.891401 10.859302
v -5.248440 8.941507 11.394710
v -5.248440 9.208694 11.394717
v -5.248440 9.258799 10.859302
v -5.248440 9.208694 10.859302
v -5.248440 9.258799 11.394710
v -5.248440 9.525988 11.394717
v -5.248440 9.576092 10.859302
v -5.248440 9.525988 10.859302
v -5.248440 9.576092 11.394710
v -5.385616 9.893373 11.394710
v -5.385632 9.843267 10.859302
v -5.385616 9.893373 10.859302
v -5.385632 9.843267 11.394717
v -5.248440 9.893375 11.394710
v -5.385616 9.893373 10.859302
v -5.248440 9.893375 10.859302
v -5.385616 9.893373 11.394710
v -5.385632 9.843267 11.394717
v -5.248440 9.843271 10.859302
v -5.385632 9.843267 10.859302
v -5.248440 9.843271 11.394717
v -5.248440 9.843271 11.394717
v -5.248440 9.893375 10.859302
v -5.248440 9.843271 10.859302
v -5.248440 9.893375 11.394710
v -4.530370 16.630257 -5.737614
v -4.390580 17.089123 -5.809490
v -4.530370 17.089123 -5.737614
v -4.390580 16.630257 -5.809498
v -4.250791 17.089123 -5.737614
v -4.250791 16.630257 -5.737614
v -0.175540 17.093006 -6.371624
v -1.389460 16.843882 -5.815441
v -0.175540 16.843882 -6.410854
v -1.389460 17.093006 -5.776218
v 4.121910 5.494535 2.071827
v 3.984718 5.494540 1.536411
v 4.121910 5.494538 1.536411
v 3.984718 5.494539 2.071827
v 4.121895 5.227351 2.071819
v 4.121895 5.177247 1.536411
v 4.121895 5.227353 1.536411
v 4.121895 5.177247 2.071827
v 3.984718 5.227355 2.071819
v 4.121895 5.227353 1.536411
v 3.984718 5.227355 1.536411
v -0.175540 17.093006 -6.371624
v -0.175540 16.843882 -6.410854
v 4.121895 5.227351 2.071819
v 4.121895 5.177247 2.071827
v 3.984718 5.177248 1.536411
v 4.121895 5.177247 1.536411
v 3.984718 5.177248 2.071827
v 4.121893 7.833843 2.071819
v 4.121908 7.783740 1.536411
v -2.507642 13.096432 -3.518398
v -3.005902 13.096432 -2.924595
v -2.756772 12.872663 -3.221493
v -2.756772 13.767740 -3.221500
v -2.507642 13.543970 -3.518398
v -3.005902 13.543970 -2.924587
v 4.121893 7.833846 1.536411
v 4.121908 7.783737 2.071827
v 3.984716 7.833847 2.071819
v 4.121893 7.833846 1.536411
v 3.984716 7.833848 1.536411
v 4.121893 7.833843 2.071819
v 4.121908 7.783737 2.071827
v 3.984716 7.783741 1.536411
v 4.121908 7.783740 1.536411
v 3.984716 7.783741 2.071827
v 3.984718 5.177248 2.071827
v 3.984718 5.227355 1.536411
v 3.984718 5.177248 1.536411
v 3.984718 5.227355 2.071819
v 3.984718 5.494539 2.071827
v 3.984718 5.544646 1.536411
v 3.984718 5.494540 1.536411
v 3.984718 5.544645 2.071819
v 3.984716 5.819971 2.071827
v 3.984716 5.870078 1.536411
v 3.984718 5.819972 1.536411
v 3.984716 5.870077 2.071819
v 3.984716 6.137264 2.071827
v 3.984716 6.187369 1.536411
v 3.984716 6.137265 1.536411
v 3.984716 6.187368 2.071819
v 3.984716 7.414584 2.071827
v 3.984716 7.464688 1.536411
v 3.984716 7.414584 1.536411
v 3.984716 7.464688 2.071819
v 3.984716 7.089136 2.071827
v 3.984716 7.139241 1.536411
v 3.984716 7.089137 1.536411
v 3.984716 7.139240 2.071819
v 3.984716 6.771845 2.071827
v 3.984716 6.821950 1.536411
v 3.984716 6.771846 1.536411
v 3.984716 6.821949 2.071819
v 3.984716 6.454557 2.071827
v 3.984716 6.504663 1.536411
v 3.984716 6.454558 1.536411
v 3.984716 6.504662 2.071819
v 3.984716 7.783741 2.071827
v 3.984716 7.833848 1.536411
v 3.984716 7.783741 1.536411
v 3.984716 7.833847 2.071819
v 3.156367 9.897038 3.185978
v 3.691780 9.947144 3.185986
v 3.691780 9.897034 3.185978
v 3.156367 9.947149 3.186001
v 3.156367 9.947149 3.186001
v 3.691780 9.947147 3.323185
v 3.691780 9.947144 3.185986
v 3.156367 9.947147 3.323185
v 3.156367 9.897036 3.323170
v 3.691780 9.897034 3.185978
v 3.691780 9.897036 3.323170
v 3.156367 9.897038 3.185978
v 3.156367 8.994925 2.857632
v 3.691780 9.045031 2.857647
v 3.691780 8.994921 2.857639
v 3.156367 9.045033 2.857647
v 3.156367 9.045033 2.857647
v 3.691780 9.045033 2.994831
v 3.691780 9.045031 2.857647
v 3.156367 9.045033 2.994831
v 3.156367 8.994926 2.994831
v 3.691780 8.994921 2.857639
v 3.691780 8.994926 2.994831
v 3.156367 8.994925 2.857632
v 3.156367 9.591230 3.074680
v 3.691780 9.641338 3.074696
v 3.691780 9.591230 3.074680
v 3.156367 9.641338 3.074696
v 3.156367 9.641338 3.074696
v 3.691780 9.641340 3.211872
v 3.691780 9.641338 3.074696
v 3.156367 9.641340 3.211872
v 3.156367 9.591232 3.211872
v 3.691780 9.591230 3.074680
v 3.691780 9.591232 3.211872
v 3.156367 9.591230 3.074680
v 3.156367 9.293077 2.966175
v 3.691780 9.343178 2.966175
v 3.691780 9.293077 2.966175
v 3.156367 9.343178 2.966175
v 3.156367 9.343178 2.966175
v 3.691780 9.343180 3.103352
v 3.691780 9.343178 2.966175
v 3.156367 9.343180 3.103352
v 3.156367 9.293076 3.103352
v 3.691780 9.293077 2.966175
v 3.691780 9.293076 3.103352
v 3.156367 9.293077 2.966175
v 3.156367 8.994926 2.994831
v 3.691780 9.045033 2.994831
v -0.387641 13.157598 -8.606556
v 0.000000 13.828907 -8.606556
v -0.387641 13.605135 -8.606556
v 3.156367 9.045033 2.994831
v 0.000000 12.933828 -8.606556
v 3.691780 8.994926 2.994831
v -9.965097 0.899810 -4.602276
v -9.665583 1.023872 -3.721653
v -9.965097 0.899809 -3.721653
v -9.665583 1.023872 -4.602276
v -9.366068 0.899809 -3.721653
v -9.366068 0.899810 -4.602276
v -9.965097 0.899809 -3.721653
v -10.089167 0.600298 -4.602276
v -9.965097 0.899810 -4.602276
v -10.089167 0.600298 -3.721653
v -9.965097 0.300786 -4.602276
v -9.965097 0.300787 -3.721653
v -9.965097 0.300787 -3.721653
v -9.665583 0.176723 -4.602276
v -9.965097 0.300786 -4.602276
v -9.665583 0.176724 -3.721653
v -9.366068 0.300784 -4.602276
v -9.366068 0.300786 -3.721653
v -9.366068 0.300786 -3.721653
v -9.242014 0.600295 -4.602276
v -9.366068 0.300784 -4.602276
v -9.242014 0.600297 -3.721653
v -9.366068 0.899810 -4.602276
v -9.366068 0.899809 -3.721653
v -10.028116 0.237764 -3.634747
v -9.303049 0.237764 -3.634747
v -9.665583 0.087598 -3.634747
v -10.028116 0.962833 -3.634747
v -10.178293 0.600298 -3.634747
v -9.303049 0.962832 -3.634747
v -9.152872 0.600297 -3.634747
v -9.665583 1.112998 -3.634747
v -9.152887 0.600295 -4.689182
v -9.665598 0.087598 -4.689182
v -9.303049 0.237761 -4.689182
v -9.665598 1.112996 -4.689182
v -9.303049 0.962832 -4.689182
v -10.178293 0.600298 -4.689182
v -10.028131 0.237764 -4.689182
v -10.028131 0.962833 -4.689182
v -9.303049 0.962832 -3.634747
v -9.665583 1.112998 -3.721653
v -9.303049 0.962832 -3.721653
v -9.665583 1.112998 -3.634747
v -10.028116 0.962833 -3.721653
v -10.028116 0.962833 -3.634747
v -9.303049 0.962832 -3.721653
v -9.152872 0.600297 -3.634747
v -9.303049 0.962832 -3.634747
v -9.152872 0.600297 -3.721653
v -9.303049 0.237764 -3.634747
v -9.303049 0.237764 -3.721653
v -9.303049 0.237764 -3.721653
v -9.665583 0.087598 -3.634747
v -9.303049 0.237764 -3.634747
v -9.665583 0.087598 -3.721653
v -10.028116 0.237764 -3.634747
v -10.028116 0.237764 -3.721653
v -10.028116 0.237764 -3.721653
v -10.178293 0.600298 -3.634747
v -10.028116 0.237764 -3.634747
v -10.178293 0.600298 -3.721653
v -10.028116 0.962833 -3.634747
v -10.028116 0.962833 -3.721653
v -10.028116 0.962833 -4.602276
v -10.178293 0.600298 -4.689182
v -10.028131 0.962833 -4.689182
v -10.178293 0.600298 -4.602276
v -10.028131 0.237764 -4.689182
v -10.028131 0.237764 -4.602276
v -10.028131 0.237764 -4.602276
v -9.665598 0.087598 -4.689182
v -10.028131 0.237764 -4.689182
v -9.665598 0.087598 -4.602276
v -9.303049 0.237761 -4.689182
v -9.303049 0.237761 -4.602276
v -9.303049 0.237761 -4.602276
v -9.152887 0.600295 -4.689182
v -9.303049 0.237761 -4.689182
v -9.152887 0.600295 -4.602276
v -9.303049 0.962832 -4.689182
v -9.303049 0.962831 -4.602276
v -9.303049 0.962831 -4.602276
v -9.665598 1.112996 -4.689182
v -9.303049 0.962832 -4.689182
v -9.665598 1.112996 -4.602276
v -10.028131 0.962833 -4.689182
v -10.028116 0.962833 -4.602276
v -9.303049 0.237764 -3.721653
v -10.028116 0.237764 -3.721653
v -9.665583 0.087598 -3.721653
v -9.303049 0.962832 -3.721653
v -9.152872 0.600297 -3.721653
v -10.028116 0.962833 -3.721653
v -10.178293 0.600298 -3.721653
v -9.665583 1.112998 -3.721653
v -9.665598 0.087598 -4.602276
v -9.152887 0.600295 -4.602276
v -9.303049 0.237761 -4.602276
v -10.178293 0.600298 -4.602276
v -10.028131 0.237764 -4.602276
v -9.665598 1.112996 -4.602276
v -9.303049 0.962831 -4.602276
v -10.028116 0.962833 -4.602276
v -4.121893 4.864684 2.071819
v -4.121893 4.814580 1.536411
v -4.121893 4.864686 1.536411
v -4.121908 4.814580 2.071819
v -3.984716 4.864688 2.071819
v -4.121893 4.864686 1.536411
v -3.984716 4.864688 1.536411
v -4.121893 4.864684 2.071819
v -4.121908 4.814580 2.071819
v -3.984716 4.814584 1.536411
v -4.121893 4.814580 1.536411
v -3.984716 4.814584 2.071827
v -4.121893 3.904660 2.071819
v -4.121908 3.854555 1.536411
v -4.121893 3.904661 1.536411
v -4.121908 3.854554 2.071827
v -3.984716 3.904662 2.071819
v -4.121893 3.904661 1.536411
v -3.984716 3.904663 1.536411
v -4.121893 3.904660 2.071819
v -4.121908 3.854554 2.071827
v -3.984716 3.854558 1.536411
v -4.121908 3.854555 1.536411
v -3.984716 3.854558 2.071827
v -4.121908 3.587367 2.071819
v -4.121893 3.537263 1.536411
v -4.121893 3.587369 1.536411
v -4.121908 3.537262 2.071827
v -3.984716 3.587368 2.071819
v -4.121893 3.587369 1.536411
v -3.984716 3.587369 1.536411
v -4.121908 3.587367 2.071819
v -4.121908 3.537262 2.071827
v -3.984716 3.537265 1.536411
v -4.121893 3.537263 1.536411
v -3.984716 3.537264 2.071827
v -4.121908 3.270073 2.071819
v -4.121910 3.219970 1.536411
v -4.121895 3.270076 1.536411
v -4.121908 3.219967 2.071827
v -3.984716 3.270077 2.071819
v -4.121895 3.270076 1.536411
v -3.984716 3.270078 1.536411
v -4.121908 3.270073 2.071819
v -4.121908 3.219967 2.071827
v -3.984718 3.219972 1.536411
v -4.121910 3.219970 1.536411
v -3.984716 3.219971 2.071827
v -4.121893 4.539238 2.071819
v -4.121908 4.489133 1.536411
v -4.121893 4.539239 1.536411
v -4.121908 4.489132 2.071827
v -3.984716 4.539240 2.071819
v -4.121893 4.539239 1.536411
v -3.984716 4.539241 1.536411
v -4.121893 4.539238 2.071819
v -4.121908 4.489132 2.071827
v -3.984716 4.489137 1.536411
v -4.121908 4.489133 1.536411
v -3.984716 4.489136 2.071827
v -4.121908 4.221947 2.071819
v -4.121893 4.171844 1.536411
v -4.121893 4.221948 1.536411
v -4.121908 4.171841 2.071827
v -3.984716 4.221949 2.071819
v -4.121893 4.221948 1.536411
v -3.984716 4.221950 1.536411
v -4.121908 4.221947 2.071819
v -4.121908 4.171841 2.071827
v -3.984716 4.171846 1.536411
v -4.121893 4.171844 1.536411
v -3.984716 4.171845 2.071827
v -3.984716 3.219971 2.071827
v -3.984716 3.270078 1.536411
v -3.984718 3.219972 1.536411
v -3.984716 3.270077 2.071819
v -3.984716 3.537264 2.071827
v -3.984716 3.587369 1.536411
v -3.984716 3.537265 1.536411
v -3.984716 3.587368 2.071819
v -3.984716 4.814584 2.071827
v -3.984716 4.864688 1.536411
v -3.984716 4.814584 1.536411
v -3.984716 4.864688 2.071819
v -3.984716 4.489136 2.071827
v -3.984716 4.539241 1.536411
v -3.984716 4.489137 1.536411
v -3.984716 4.539240 2.071819
v -3.984716 4.171845 2.071827
v -3.984716 4.221950 1.536411
v -3.984716 4.171846 1.536411
v -3.984716 4.221949 2.071819
v -3.984716 3.854558 2.071827
v -3.984716 3.904663 1.536411
v -3.984716 3.854558 1.536411
v -3.984716 3.904662 2.071819
v 3.156367 9.293076 3.103352
v 3.691780 9.343180 3.103352
v 3.156367 9.343180 3.103352
v 3.691780 9.293076 3.103352
v 3.156367 9.591232 3.211872
v 3.691780 9.641340 3.211872
v 3.156367 9.641340 3.211872
v 3.691780 9.591232 3.211872
v 3.156367 9.897036 3.323170
v 3.691780 9.947147 3.323185
v 3.156367 9.947147 3.323185
v 3.691780 9.897036 3.323170
v 3.156367 8.695803 2.748943
v 3.691780 8.745911 2.748943
v 3.691780 8.695803 2.748928
v 3.156367 8.745916 2.748959
v 3.156367 8.745916 2.748959
v 3.691780 8.745913 2.886135
v 3.691780 8.745911 2.748943
v 3.156367 8.745913 2.886135
v 3.156367 8.695805 2.886120
v 3.691780 8.695803 2.748928
v 3.691780 8.695805 2.886120
v 3.156367 8.695803 2.748943
v 3.156367 8.397648 2.640408
v 3.691780 8.447754 2.640415
v 3.691780 8.397644 2.640408
v 3.156367 8.447760 2.640430
v 3.156367 8.447760 2.640430
v 3.691780 8.447758 2.777615
v 3.691780 8.447754 2.640415
v 3.156367 8.447758 2.777615
v 3.156367 8.397646 2.777599
v 3.691780 8.397644 2.640408
v 3.691780 8.397646 2.777599
v 3.156367 8.397648 2.640408
v 3.156367 8.091841 2.529110
v 3.691780 8.141949 2.529125
v 3.691780 8.091841 2.529110
v 3.156367 8.141949 2.529125
v 3.156367 8.141949 2.529125
v 3.691780 8.141951 2.666302
v 3.691780 8.141949 2.529125
v 3.156367 8.141951 2.666302
v 3.156367 8.091843 2.666302
v 3.691780 8.091841 2.529110
v 3.691780 8.091843 2.666302
v 3.156367 8.091841 2.529110
v 3.156367 8.091843 2.666302
v 3.691780 8.141951 2.666302
v 3.156367 8.141951 2.666302
v 3.691780 8.091843 2.666302
v 3.156367 8.397646 2.777599
v 3.691780 8.447758 2.777615
v 3.156367 8.447758 2.777615
v 3.691780 8.397646 2.777599
v 3.156367 8.695805 2.886120
v 3.691780 8.745913 2.886135
v 3.156367 8.745913 2.886135
v 3.691780 8.695805 2.886120
v 3.052293 11.899830 11.274335
v 3.587707 11.949936 11.274343
v 3.587707 11.899826 11.274335
v 3.052293 11.949942 11.274358
v 3.052293 11.949942 11.274358
v 3.587707 11.949940 11.411542
v 3.587707 11.949936 11.274343
v 3.052293 11.949940 11.411542
v 3.052293 11.899828 11.411527
v 3.587707 11.899826 11.274335
v 3.587707 11.899828 11.411527
v 3.052293 11.899830 11.274335
v 3.052293 10.997715 10.945989
v 3.587707 11.047821 10.946004
v 3.587707 10.997711 10.945996
v 3.052293 11.047823 10.946004
v 3.052293 11.047823 10.946004
v 3.587707 11.047823 11.083188
v 3.587707 11.047821 10.946004
v 3.052293 11.047823 11.083188
v 3.052293 10.997717 11.083188
v 3.587707 10.997711 10.945996
v 3.587707 10.997717 11.083188
v 3.052293 10.997715 10.945989
v 3.052293 11.594021 11.163037
v 3.587707 11.644129 11.163053
v 3.587707 11.594021 11.163037
v 3.052293 11.644129 11.163053
v 3.052293 11.644129 11.163053
v 3.587707 11.644133 11.300229
v 3.587707 11.644129 11.163053
v 3.052293 11.644133 11.300229
v 3.052293 11.594025 11.300229
v 3.587707 11.594021 11.163037
v 3.587707 11.594025 11.300229
v 3.052293 11.594021 11.163037
v 3.052293 11.295870 11.054532
v 3.587707 11.345970 11.054532
v 3.587707 11.295870 11.054532
v 3.052293 11.345970 11.054532
v 3.052293 11.345970 11.054532
v 3.587707 11.345972 11.191709
v 3.587707 11.345970 11.054532
v 3.052293 11.345972 11.191709
v 3.052293 11.295868 11.191709
v 3.587707 11.295870 11.054532
v 3.587707 11.295868 11.191709
v 3.052293 11.295870 11.054532
v 3.052293 10.997717 11.083188
v 3.587707 11.047823 11.083188
v 3.052293 11.047823 11.083188
v 3.587707 10.997717 11.083188
v 3.052293 11.295868 11.191709
v 3.587707 11.345972 11.191709
v 3.052293 11.345972 11.191709
v 3.587707 11.295868 11.191709
v 3.052293 11.594025 11.300229
v 3.587707 11.644133 11.300229
v 3.052293 11.644133 11.300229
v 3.587707 11.594025 11.300229
v 3.052293 11.899828 11.411527
v 3.587707 11.949940 11.411542
v 3.052293 11.949940 11.411542
v 3.587707 11.899828 11.411527
v 3.052293 10.698593 10.837300
v 3.587707 10.748701 10.837300
v 3.587707 10.698593 10.837285
v 3.052293 10.748707 10.837316
v 3.052293 10.748707 10.837316
v 3.587707 10.748703 10.974492
v 3.587707 10.748701 10.837300
v 3.052293 10.748703 10.974492
v 3.052293 10.698595 10.974477
v 3.587707 10.698593 10.837285
v 3.587707 10.698595 10.974477
v 3.052293 10.698593 10.837300
v 3.052293 10.400438 10.728765
v 3.587707 10.450544 10.728772
v 3.587707 10.400434 10.728765
v 3.052293 10.450550 10.728787
v 3.052293 10.450550 10.728787
v 3.587707 10.450548 10.865972
v 3.587707 10.450544 10.728772
v 3.052293 10.450548 10.865972
v 3.052293 10.400436 10.865956
v 3.587707 10.400434 10.728765
v 3.587707 10.400436 10.865956
v 3.052293 10.400438 10.728765
v 3.052293 10.094631 10.617467
v 3.587707 10.144739 10.617482
v 3.587707 10.094631 10.617467
v 3.052293 10.144739 10.617482
v 3.052293 10.144739 10.617482
v 3.587707 10.144741 10.754659
v 3.587707 10.144739 10.617482
v 3.052293 10.144741 10.754659
v 3.052293 10.094633 10.754659
v 3.587707 10.094631 10.617467
v 3.587707 10.094633 10.754659
v 3.052293 10.094631 10.617467
v 3.052293 10.094633 10.754659
v 3.587707 10.144741 10.754659
v 3.052293 10.144741 10.754659
v 3.587707 10.094633 10.754659
v 3.052293 10.400436 10.865956
v 3.587707 10.450548 10.865972
v 3.052293 10.450548 10.865972
v 3.587707 10.400436 10.865956
v 3.052293 10.698595 10.974477
v 3.587707 10.748703 10.974492
v 3.052293 10.748703 10.974492
v 3.587707 10.698595 10.974477
v 5.385616 9.576090 11.394710
v 5.385632 9.525984 10.859302
v 5.385616 9.576090 10.859302
v 5.385632 9.525984 11.394717
v 5.248440 9.576092 11.394710
v 5.385616 9.576090 10.859302
v 5.248440 9.576092 10.859302
v 5.385616 9.576090 11.394710
v 5.385632 9.525984 11.394717
v 5.248440 9.525988 10.859302
v 5.385632 9.525984 10.859302
v 5.248440 9.525988 11.394717
v 5.385632 9.258797 11.394710
v 5.385616 9.208693 10.859302
v 5.385616 9.258799 10.859302
v 5.385632 9.208693 11.394717
v 5.248440 9.258799 11.394710
v 5.385616 9.258799 10.859302
v 5.248440 9.258799 10.859302
v 5.385632 9.258797 11.394710
v 5.385632 9.208693 11.394717
v 5.248440 9.208694 10.859302
v 5.385616 9.208693 10.859302
v 5.248440 9.208694 11.394717
v 5.385632 8.941504 11.394710
v 5.385633 8.891399 10.859302
v 5.385618 8.941505 10.859302
v 5.385632 8.891397 11.394717
v 5.248440 8.941507 11.394710
v 5.385618 8.941505 10.859302
v 5.248440 8.941507 10.859302
v 5.385632 8.941504 11.394710
v 5.385632 8.891397 11.394717
v 5.248442 8.891401 10.859302
v 5.385633 8.891399 10.859302
v 5.248440 8.891401 11.394717
v 5.385618 8.616072 11.394710
v 5.385633 8.565968 10.859302
v 5.385618 8.616074 10.859302
v 5.385633 8.565966 11.394717
v 5.248442 8.616076 11.394710
v 5.385618 8.616074 10.859302
v 5.248442 8.616076 10.859302
v 5.385618 8.616072 11.394710
v 5.385633 8.565966 11.394717
v 5.248442 8.565969 10.859302
v 5.385633 8.565968 10.859302
v 5.248442 8.565969 11.394717
v 5.385618 8.298780 11.394710
v 5.385618 8.248676 10.859302
v 5.385618 8.298782 10.859302
v 5.385618 8.248676 11.394717
v 5.248442 8.298784 11.394710
v 5.385618 8.298782 10.859302
v 5.248442 8.298784 10.859302
v 5.385618 8.298780 11.394710
v 5.385618 8.248676 11.394717
v 5.248442 8.248678 10.859302
v 5.385618 8.248676 10.859302
v 5.248442 8.248678 11.394717
v 5.248442 8.248678 11.394717
v 5.248442 8.298784 10.859302
v 5.248442 8.248678 10.859302
v 5.248442 8.298784 11.394710
v 5.248442 8.565969 11.394717
v 5.248442 8.616076 10.859302
v 5.248442 8.565969 10.859302
v 5.248442 8.616076 11.394710
v 5.248440 8.891401 11.394717
v 5.248440 8.941507 10.859302
v 5.248442 8.891401 10.859302
v 5.248440 8.941507 11.394710
v 5.248440 9.208694 11.394717
v 5.248440 9.258799 10.859302
v 5.248440 9.208694 10.859302
v 5.248440 9.258799 11.394710
v 5.248440 9.525988 11.394717
v 5.248440 9.576092 10.859302
v 5.248440 9.525988 10.859302
v 5.248440 9.576092 11.394710
v 5.385616 9.893373 11.394710
v 5.385632 9.843267 10.859302
v 5.385616 9.893373 10.859302
v 5.385632 9.843267 11.394717
v 5.248440 9.893375 11.394710
v 5.385616 9.893373 10.859302
v 5.248440 9.893375 10.859302
v 5.385616 9.893373 11.394710
v 5.385632 9.843267 11.394717
v 5.248440 9.843271 10.859302
v 5.385632 9.843267 10.859302
v 5.248440 9.843271 11.394717
v 5.248440 9.843271 11.394717
v 5.248440 9.893375 10.859302
v 5.248440 9.843271 10.859302
v 5.248440 9.893375 11.394710
v 4.530370 16.630257 -5.737614
v 4.390580 17.089123 -5.809490
v 4.530370 17.089123 -5.737614
v 4.390580 16.630257 -5.809498
v 4.250791 17.089123 -5.737614
v 4.250791 16.630257 -5.737614
v 0.175540 17.093006 -6.371624
v 1.389460 16.843882 -5.815441
v 0.175540 16.843882 -6.410854
v 1.389460 17.093006 -5.776218
v 0.175540 17.093006 -6.371624
v 0.175540 16.843882 -6.410854
v 2.507642 13.096432 -3.518398
v 3.005902 13.096432 -2.924595
v 2.756772 12.872663 -3.221493
v 2.756772 13.767740 -3.221500
v 2.507642 13.543970 -3.518398
v 3.005902 13.543970 -2.924587
v 0.387641 13.157598 -8.606556
v 0.387641 13.605135 -8.606556
v 9.965097 0.899810 -4.602276
v 9.665583 1.023872 -3.721653
v 9.965097 0.899809 -3.721653
v 9.665583 1.023872 -4.602276
v 9.366068 0.899809 -3.721653
v 9.366068 0.899810 -4.602276
v 9.965097 0.899809 -3.721653
v 10.089167 0.600298 -4.602276
v 9.965097 0.899810 -4.602276
v 10.089167 0.600298 -3.721653
v 9.965097 0.300786 -4.602276
v 9.965097 0.300787 -3.721653
v 9.965097 0.300787 -3.721653
v 9.665583 0.176723 -4.602276
v 9.965097 0.300786 -4.602276
v 9.665583 0.176724 -3.721653
v 9.366068 0.300784 -4.602276
v 9.366068 0.300786 -3.721653
v 9.366068 0.300786 -3.721653
v 9.242014 0.600295 -4.602276
v 9.366068 0.300784 -4.602276
v 9.242014 0.600297 -3.721653
v 9.366068 0.899810 -4.602276
v 9.366068 0.899809 -3.721653
v 10.028116 0.237764 -3.634747
v 9.303049 0.237764 -3.634747
v 9.665583 0.087598 -3.634747
v 10.028116 0.962833 -3.634747
v 10.178293 0.600298 -3.634747
v 9.303049 0.962832 -3.634747
v 9.152872 0.600297 -3.634747
v 9.665583 1.112998 -3.634747
v 9.152887 0.600295 -4.689182
v 9.665598 0.087598 -4.689182
v 9.303049 0.237761 -4.689182
v 9.665598 1.112996 -4.689182
v 9.303049 0.962832 -4.689182
v 10.178293 0.600298 -4.689182
v 10.028131 0.237764 -4.689182
v 10.028131 0.962833 -4.689182
v 9.303049 0.962832 -3.634747
v 9.665583 1.112998 -3.721653
v 9.303049 0.962832 -3.721653
v 9.665583 1.112998 -3.634747
v 10.028116 0.962833 -3.721653
v 10.028116 0.962833 -3.634747
v 9.303049 0.962832 -3.721653
v 9.152872 0.600297 -3.634747
v 9.303049 0.962832 -3.634747
v 9.152872 0.600297 -3.721653
v 9.303049 0.237764 -3.634747
v 9.303049 0.237764 -3.721653
v 9.303049 0.237764 -3.721653
v 9.665583 0.087598 -3.634747
v 9.303049 0.237764 -3.634747
v 9.665583 0.087598 -3.721653
v 10.028116 0.237764 -3.634747
v 10.028116 0.237764 -3.721653
v 10.028116 0.237764 -3.721653
v 10.178293 0.600298 -3.634747
v 10.028116 0.237764 -3.634747
v 10.178293 0.600298 -3.721653
v 10.028116 0.962833 -3.634747
v 10.028116 0.962833 -3.721653
v 10.028116 0.962833 -4.602276
v 10.178293 0.600298 -4.689182
v 10.028131 0.962833 -4.689182
v 10.178293 0.600298 -4.602276
v 10.028131 0.237764 -4.689182
v 10.028131 0.237764 -4.602276
v 10.028131 0.237764 -4.602276
v 9.665598 0.087598 -4.689182
v 10.028131 0.237764 -4.689182
v 9.665598 0.087598 -4.602276
v 9.303049 0.237761 -4.689182
v 9.303049 0.237761 -4.602276
v 9.303049 0.237761 -4.602276
v 9.152887 0.600295 -4.689182
v 9.303049 0.237761 -4.689182
v 9.152887 0.600295 -4.602276
v 9.303049 0.962832 -4.689182
v 9.303049 0.962831 -4.602276
v 9.303049 0.962831 -4.602276
v 9.665598 1.112996 -4.689182
v 9.303049 0.962832 -4.689182
v 9.665598 1.112996 -4.602276
v 10.028131 0.962833 -4.689182
v 10.028116 0.962833 -4.602276
v 9.303049 0.237764 -3.721653
v 10.028116 0.237764 -3.721653
v 9.665583 0.087598 -3.721653
v 9.303049 0.962832 -3.721653
v 9.152872 0.600297 -3.721653
v 10.028116 0.962833 -3.721653
v 10.178293 0.600298 -3.721653
v 9.665583 1.112998 -3.721653
v 9.665598 0.087598 -4.602276
v 9.152887 0.600295 -4.602276
v 9.303049 0.237761 -4.602276
v 10.178293 0.600298 -4.602276
v 10.028131 0.237764 -4.602276
v 9.665598 1.112996 -4.602276
v 9.303049 0.962831 -4.602276
v 10.028116 0.962833 -4.602276
v 4.121893 4.864684 2.071819
v 4.121893 4.814580 1.536411
v 4.121893 4.864686 1.536411
v 4.121908 4.814580 2.071819
v 3.984716 4.864688 2.071819
v 4.121893 4.864686 1.536411
v 3.984716 4.864688 1.536411
v 4.121893 4.864684 2.071819
v 4.121908 4.814580 2.071819
v 3.984716 4.814584 1.536411
v 4.121893 4.814580 1.536411
v 3.984716 4.814584 2.071827
v 4.121893 3.904660 2.071819
v 4.121908 3.854555 1.536411
v 4.121893 3.904661 1.536411
v 4.121908 3.854554 2.071827
v 3.984716 3.904662 2.071819
v 4.121893 3.904661 1.536411
v 3.984716 3.904663 1.536411
v 4.121893 3.904660 2.071819
v 4.121908 3.854554 2.071827
v 3.984716 3.854558 1.536411
v 4.121908 3.854555 1.536411
v 3.984716 3.854558 2.071827
v 4.121908 3.587367 2.071819
v 4.121893 3.537263 1.536411
v 4.121893 3.587369 1.536411
v 4.121908 3.537262 2.071827
v 3.984716 3.587368 2.071819
v 4.121893 3.587369 1.536411
v 3.984716 3.587369 1.536411
v 4.121908 3.587367 2.071819
v 4.121908 3.537262 2.071827
v 3.984716 3.537265 1.536411
v 4.121893 3.537263 1.536411
v 3.984716 3.537264 2.071827
v 4.121908 3.270073 2.071819
v 4.121910 3.219970 1.536411
v 4.121895 3.270076 1.536411
v 4.121908 3.219967 2.071827
v 3.984716 3.270077 2.071819
v 4.121895 3.270076 1.536411
v 3.984716 3.270078 1.536411
v 4.121908 3.270073 2.071819
v 4.121908 3.219967 2.071827
v 3.984718 3.219972 1.536411
v 4.121910 3.219970 1.536411
v 3.984716 3.219971 2.071827
v 4.121893 4.539238 2.071819
v 4.121908 4.489133 1.536411
v 4.121893 4.539239 1.536411
v 4.121908 4.489132 2.071827
v 3.984716 4.539240 2.071819
v 4.121893 4.539239 1.536411
v 3.984716 4.539241 1.536411
v 4.121893 4.539238 2.071819
v 4.121908 4.489132 2.071827
v 3.984716 4.489137 1.536411
v 4.121908 4.489133 1.536411
v 3.984716 4.489136 2.071827
v 4.121908 4.221947 2.071819
v 4.121893 4.171844 1.536411
v 4.121893 4.221948 1.536411
v 4.121908 4.171841 2.071827
v 3.984716 4.221949 2.071819
v 4.121893 4.221948 1.536411
v 3.984716 4.221950 1.536411
v 4.121908 4.221947 2.071819
v 4.121908 4.171841 2.071827
v 3.984716 4.171846 1.536411
v 4.121893 4.171844 1.536411
v 3.984716 4.171845 2.071827
v 3.984716 3.219971 2.071827
v 3.984716 3.270078 1.536411
v 3.984718 3.219972 1.536411
v 3.984716 3.270077 2.071819
v 3.984716 3.537264 2.071827
v 3.984716 3.587369 1.536411
v 3.984716 3.537265 1.536411
v 3.984716 3.587368 2.071819
v 3.984716 4.814584 2.071827
v 3.984716 4.864688 1.536411
v 3.984716 4.814584 1.536411
v 3.984716 4.864688 2.071819
v 3.984716 4.489136 2.071827
v 3.984716 4.539241 1.536411
v 3.984716 4.489137 1.536411
v 3.984716 4.539240 2.071819
v 3.984716 4.171845 2.071827
v 3.984716 4.221950 1.536411
v 3.984716 4.171846 1.536411
v 3.984716 4.221949 2.071819
v 3.984716 3.854558 2.071827
v 3.984716 3.904663 1.536411
v 3.984716 3.854558 1.536411
v 3.984716 3.904662 2.071819
v 7.326037 5.484947 18.105453
v 8.979890 5.413375 18.135094
v 8.979905 5.484947 18.105453
v 7.326055 5.413375 18.135094
v 8.979849 5.341804 18.105453
v 7.326095 5.341804 18.105453
v 7.326095 5.341804 18.105453
v 8.979875 5.312160 18.033882
v 8.979849 5.341804 18.105453
v 7.326070 5.312160 18.033882
v 8.979890 5.341805 17.962311
v 7.326055 5.341805 17.962311
v 7.326055 5.341805 17.962311
v 8.979875 5.413376 17.932671
v 8.979890 5.341805 17.962311
v 7.326070 5.413376 17.932671
v 8.979875 5.484946 17.962311
v 7.326070 5.484946 17.962311
v 7.326083 5.514592 18.033882
v 8.979875 5.484946 17.962311
v 7.326070 5.484946 17.962311
v 8.979858 5.514592 18.033882
v 8.979905 5.484947 18.105453
v 7.326037 5.484947 18.105453
v 8.979849 5.341804 18.105453
v 8.979905 5.484947 18.105453
v 8.979890 5.413375 18.135094
v 8.979890 5.341805 17.962311
v 8.979875 5.312160 18.033882
v 8.979875 5.484946 17.962311
v 8.979858 5.514592 18.033882
v 8.979875 5.413376 17.932671
v 7.326037 5.484947 18.105453
v 7.326095 5.341804 18.105453
v 7.326055 5.413375 18.135094
v 7.326055 5.341805 17.962311
v 7.326070 5.312160 18.033882
v 7.326070 5.484946 17.962311
v 7.326083 5.514592 18.033882
v 7.326070 5.413376 17.932671
v 8.448266 11.704217 29.647995
v 7.853982 11.800752 29.703728
v 8.448266 11.800752 29.703728
v 7.853982 11.704219 29.647995
v 8.448266 11.607682 29.703728
v 7.853982 11.607682 29.703728
v 7.853982 11.800752 29.815208
v 8.448266 11.800752 29.703728
v 7.853982 11.800752 29.703728
v 8.448266 11.800752 29.815193
v 7.853982 11.704217 29.870934
v 8.448266 11.800752 29.815193
v 7.853982 11.800752 29.815208
v 8.448266 11.704217 29.870934
v 7.853982 11.607682 29.815208
v 8.448266 11.607682 29.815193
v 7.853982 11.607682 29.703728
v 8.448266 11.607682 29.815193
v 7.853982 11.607682 29.815208
v 8.448266 11.607682 29.703728
v 8.448266 11.800752 29.815193
v 8.448266 11.704217 29.647995
v 8.448266 11.800752 29.703728
v 8.448266 11.607682 29.815193
v 8.448266 11.704217 29.870934
v 8.448266 11.607682 29.703728
v 7.853982 11.704217 29.870934
v 7.853982 11.607682 29.703728
v 7.853982 11.607682 29.815208
v 7.853982 11.800752 29.703728
v 7.853982 11.800752 29.815208
v 7.853982 11.704219 29.647995
v 8.448266 11.605456 29.126587
v 7.853982 11.701991 29.182320
v 8.448266 11.701991 29.182320
v 7.853982 11.605458 29.126587
v 8.448266 11.508922 29.182320
v 7.853982 11.508924 29.182320
v 7.853982 11.701991 29.293800
v 8.448266 11.701991 29.182320
v 7.853982 11.701991 29.182320
v 8.448266 11.701991 29.293800
v 7.853982 11.605458 29.349525
v 8.448266 11.701991 29.293800
v 7.853982 11.701991 29.293800
v 8.448266 11.605456 29.349525
v 7.853982 11.508924 29.293800
v 8.448266 11.508922 29.293800
v 7.853982 11.508924 29.182320
v 8.448266 11.508922 29.293800
v 7.853982 11.508924 29.293800
v 8.448266 11.508922 29.182320
v 8.448266 11.701991 29.293800
v 8.448266 11.605456 29.126587
v 8.448266 11.701991 29.182320
v 8.448266 11.508922 29.293800
v 8.448266 11.605456 29.349525
v 8.448266 11.508922 29.182320
v 7.853982 11.605458 29.349525
v 7.853982 11.508924 29.182320
v 7.853982 11.508924 29.293800
v 7.853982 11.701991 29.182320
v 7.853982 11.701991 29.293800
v 7.853982 11.605458 29.126587
v 8.250398 11.737390 29.380280
v 8.055579 11.922540 29.447670
v 8.250398 11.922540 29.447670
v 8.055579 11.737391 29.380280
v 8.250398 11.543355 29.414497
v 8.055579 11.543355 29.414497
v 8.250398 11.392419 29.541138
v 8.055579 11.392421 29.541138
v 8.055579 12.049188 29.598610
v 8.250398 11.922540 29.447670
v 8.055579 11.922540 29.447670
v 8.250398 12.049188 29.598610
v 8.055579 12.083400 29.792641
v 8.250398 12.083400 29.792641
v 8.055579 12.016013 29.977783
v 8.250398 12.016013 29.977783
v 8.055579 11.865081 30.104439
v 8.250398 12.016013 29.977783
v 8.055579 12.016013 29.977783
v 8.250398 11.865081 30.104439
v 8.055579 11.671042 30.138649
v 8.250398 11.671042 30.138649
v 8.055579 11.485896 30.071259
v 8.250398 11.485896 30.071259
v 8.055579 11.359246 29.920326
v 8.250398 11.485896 30.071259
v 8.055579 11.485896 30.071259
v 8.250398 11.359246 29.920326
v 8.055579 11.325030 29.726288
v 8.250398 11.325030 29.726288
v 8.055579 11.392421 29.541138
v 8.250398 11.392419 29.541138
v 8.250398 11.359246 29.920326
v 8.250398 11.671042 30.138649
v 8.250398 11.485896 30.071259
v 8.250398 12.016013 29.977783
v 8.250398 11.865081 30.104439
v 8.250398 11.737390 29.380280
v 8.250398 11.392419 29.541138
v 8.250398 11.325030 29.726288
v 8.250398 11.543355 29.414497
v 8.250398 12.049188 29.598610
v 8.250398 12.083400 29.792641
v 8.250398 11.922540 29.447670
v 8.055579 12.083400 29.792641
v 8.055579 11.865081 30.104439
v 8.055579 12.016013 29.977783
v 8.055579 11.485896 30.071259
v 8.055579 11.671042 30.138649
v 8.055579 11.543355 29.414497
v 8.055579 11.922540 29.447670
v 8.055579 12.049188 29.598610
v 8.055579 11.737391 29.380280
v 8.055579 11.325030 29.726288
v 8.055579 11.359246 29.920326
v 8.055579 11.392421 29.541138
v 9.312723 5.412045 20.072838
v 6.989517 5.508580 20.128578
v 9.312723 5.508580 20.128578
v 6.989517 5.412045 20.072838
v 9.312723 5.315509 20.128578
v 6.989517 5.315511 20.128578
v 6.989517 5.508580 20.240044
v 9.312723 5.508580 20.128578
v 6.989517 5.508580 20.128578
v 9.312723 5.508580 20.240044
v 6.989517 5.412044 20.295776
v 9.312723 5.508580 20.240044
v 6.989517 5.508580 20.240044
v 9.312723 5.412045 20.295776
v 6.989517 5.315509 20.240044
v 9.312723 5.315509 20.240044
v 6.989517 5.315511 20.128578
v 9.312723 5.315509 20.240044
v 6.989517 5.315509 20.240044
v 9.312723 5.315509 20.128578
v 9.312723 5.508580 20.240044
v 9.312723 5.412045 20.072838
v 9.312723 5.508580 20.128578
v 9.312723 5.315509 20.240044
v 9.312723 5.412045 20.295776
v 9.312723 5.315509 20.128578
v 6.989517 5.412044 20.295776
v 6.989517 5.315511 20.128578
v 6.989517 5.315509 20.240044
v 6.989517 5.508580 20.128578
v 6.989517 5.508580 20.240044
v 6.989517 5.412045 20.072838
v 7.902680 6.526733 20.296364
v 8.368982 6.323696 20.380463
v 8.368983 6.526733 20.296364
v 7.902684 6.323698 20.380463
v 8.368985 6.120658 20.296364
v 7.902682 6.120655 20.296364
v 8.368983 6.526733 20.296364
v 7.902682 6.610835 20.093323
v 7.902680 6.526733 20.296364
v 8.368983 6.610836 20.093323
v 7.902682 6.526734 19.890282
v 8.368981 6.526734 19.890282
v 8.368981 6.526734 19.890282
v 7.902682 6.323694 19.806183
v 7.902682 6.526734 19.890282
v 8.368982 6.323694 19.806190
v 7.902682 6.120655 19.890282
v 8.368982 6.120653 19.890282
v 8.368982 6.120653 19.890282
v 7.902682 6.036552 20.093323
v 7.902682 6.120655 19.890282
v 8.368985 6.036552 20.093323
v 7.902682 6.120655 20.296364
v 8.368985 6.120658 20.296364
v 8.455890 6.077936 20.339081
v 8.455890 6.569455 20.339088
v 8.455892 6.323699 20.440880
v 8.455892 6.077932 19.847565
v 8.455890 5.976135 20.093323
v 8.455892 6.569455 19.847565
v 8.455890 6.671254 20.093323
v 8.455892 6.323699 19.745766
v 7.815778 6.671261 20.093346
v 7.815780 6.323701 20.440910
v 7.815776 6.569459 20.339111
v 7.815778 6.323699 19.745796
v 7.815782 6.569459 19.847588
v 7.815778 5.976143 20.093346
v 7.815779 6.077944 20.339104
v 7.815778 6.077940 19.847588
v 8.455890 6.077936 20.339081
v 8.368987 6.323700 20.440880
v 8.368983 6.077934 20.339081
v 8.455892 6.323699 20.440880
v 8.368983 6.569457 20.339088
v 8.455890 6.569455 20.339088
v 8.368983 6.077934 20.339081
v 8.455890 5.976135 20.093323
v 8.455890 6.077936 20.339081
v 8.368987 5.976136 20.093323
v 8.455892 6.077932 19.847565
v 8.368979 6.077932 19.847565
v 8.368979 6.077932 19.847565
v 8.455892 6.323699 19.745766
v 8.455892 6.077932 19.847565
v 8.368979 6.323697 19.745766
v 8.455892 6.569455 19.847565
v 8.368979 6.569453 19.847565
v 8.368979 6.569453 19.847565
v 8.455890 6.671254 20.093323
v 8.455892 6.569455 19.847565
v 8.368986 6.671257 20.093323
v 8.455890 6.569455 20.339088
v 8.368983 6.569457 20.339088
v 7.902682 6.569462 20.339111
v 7.815778 6.671261 20.093346
v 7.815776 6.569459 20.339111
v 7.902682 6.671263 20.093346
v 7.815782 6.569459 19.847588
v 7.902684 6.569458 19.847588
v 7.902684 6.569458 19.847588
v 7.815778 6.323699 19.745796
v 7.815782 6.569459 19.847588
v 7.902682 6.323699 19.745796
v 7.815778 6.077940 19.847588
v 7.902684 6.077940 19.847588
v 7.902684 6.077940 19.847588
v 7.815778 5.976143 20.093346
v 7.815778 6.077940 19.847588
v 7.902680 5.976140 20.093346
v 7.815779 6.077944 20.339104
v 7.902678 6.077940 20.339111
v 7.902678 6.077940 20.339111
v 7.815780 6.323701 20.440910
v 7.815779 6.077944 20.339104
v 7.902686 6.323698 20.440910
v 7.815776 6.569459 20.339111
v 7.902682 6.569462 20.339111
v 8.368983 6.569457 20.339088
v 8.368983 6.077934 20.339081
v 8.368987 6.323700 20.440880
v 8.368979 6.569453 19.847565
v 8.368986 6.671257 20.093323
v 8.368979 6.077932 19.847565
v 8.368987 5.976136 20.093323
v 8.368979 6.323697 19.745766
v 7.902686 6.323698 20.440910
v 7.902682 6.671263 20.093346
v 7.902682 6.569462 20.339111
v 7.902680 5.976140 20.093346
v 7.902678 6.077940 20.339111
v 7.902682 6.323699 19.745796
v 7.902684 6.569458 19.847588
v 7.902684 6.077940 19.847588
v 8.250397 11.158422 26.502785
v 8.055577 11.272999 26.544487
v 8.250397 11.272999 26.544487
v 8.055578 11.158424 26.502785
v 8.250397 11.038347 26.523956
v 8.055578 11.038347 26.523956
v 8.250397 10.944944 26.602333
v 8.055577 10.944944 26.602333
v 8.055577 11.351372 26.637886
v 8.250397 11.272999 26.544487
v 8.055577 11.272999 26.544487
v 8.250397 11.351372 26.637886
v 8.055578 11.372543 26.757965
v 8.250397 11.372543 26.757965
v 8.055577 11.330841 26.872551
v 8.250397 11.330841 26.872551
v 8.055578 11.237438 26.950920
v 8.250397 11.330841 26.872551
v 8.055577 11.330841 26.872551
v 8.250397 11.237440 26.950920
v 8.055578 11.117363 26.972099
v 8.250397 11.117365 26.972099
v 8.055578 11.002789 26.930382
v 8.250397 11.002789 26.930382
v 8.055578 10.924414 26.836983
v 8.250397 11.002789 26.930382
v 8.055578 11.002789 26.930382
v 8.250397 10.924414 26.836983
v 8.055577 10.903240 26.716911
v 8.250397 10.903240 26.716911
v 8.055577 10.944944 26.602333
v 8.250397 10.944944 26.602333
v 8.250397 10.924414 26.836983
v 8.250397 11.117365 26.972099
v 8.250397 11.002789 26.930382
v 8.250397 11.330841 26.872551
v 8.250397 11.237440 26.950920
v 8.250397 11.158422 26.502785
v 8.250397 10.944944 26.602333
v 8.250397 10.903240 26.716911
v 8.250397 11.038347 26.523956
v 8.250397 11.351372 26.637886
v 8.250397 11.372543 26.757965
v 8.250397 11.272999 26.544487
v 8.055578 11.372543 26.757965
v 8.055578 11.237438 26.950920
v 8.055577 11.330841 26.872551
v 8.055578 11.002789 26.930382
v 8.055578 11.117363 26.972099
v 8.055578 11.038347 26.523956
v 8.055577 11.272999 26.544487
v 8.055577 11.351372 26.637886
v 8.055578 11.158424 26.502785
v 8.055577 10.903240 26.716911
v 8.055578 10.924414 26.836983
v 8.055577 10.944944 26.602333
v 8.102741 11.343660 26.638855
v 8.120081 6.494875 19.919235
v 8.102494 6.425045 19.955818
v 8.119339 11.419664 26.612488
v 8.118140 12.066796 29.624496
v 8.104071 11.984046 29.636398
v 8.119339 11.419664 26.612488
v 8.185401 6.479187 19.927773
v 8.120081 6.494875 19.919235
v 8.186050 11.402037 26.619102
v 8.187338 12.046268 29.627480
v 8.118140 12.066796 29.624496
v 8.186050 11.402037 26.619102
v 8.173402 6.406173 19.965660
v 8.185401 6.479187 19.927773
v 8.173114 11.323357 26.645302
v 8.171743 11.964509 29.639252
v 8.187338 12.046268 29.627480
v 8.173114 11.323357 26.645302
v 8.102494 6.425045 19.955818
v 8.173402 6.406173 19.965660
v 8.102741 11.343660 26.638855
v 8.104071 11.984046 29.636398
v 8.171743 11.964509 29.639252
v 8.102984 11.463540 29.880486
v 8.118985 4.798995 20.123817
v 8.119401 11.410796 29.926949
v 8.103273 4.857531 20.084099
v 8.119401 11.410796 29.926949
v 8.186667 4.813365 20.114143
v 8.186301 11.423453 29.915634
v 8.118985 4.798995 20.123817
v 8.186301 11.423453 29.915634
v 8.172399 4.872416 20.074043
v 8.172759 11.477201 29.868454
v 8.186667 4.813365 20.114143
v 8.172759 11.477201 29.868454
v 8.103273 4.857531 20.084099
v 8.102984 11.463540 29.880486
v 8.172399 4.872416 20.074043
v 8.707009 6.323696 19.981903
v 7.595231 6.420230 20.037636
v 8.707009 6.420230 20.037636
v 7.595231 6.323696 19.981903
v 8.707009 6.227160 20.037636
v 7.595231 6.227161 20.037636
v 7.595231 6.420230 20.149101
v 8.707009 6.420230 20.037636
v 7.595231 6.420230 20.037636
v 8.707009 6.420230 20.149101
v 7.595231 6.323695 20.204842
v 8.707009 6.420230 20.149101
v 7.595231 6.420230 20.149101
v 8.707009 6.323696 20.204842
v 7.595231 6.227160 20.149101
v 8.707009 6.227160 20.149101
v 7.595231 6.227161 20.037636
v 8.707009 6.227160 20.149101
v 7.595231 6.227160 20.149101
v 8.707009 6.227160 20.037636
v 8.707009 6.420230 20.149101
v 8.707009 6.323696 19.981903
v 8.707009 6.420230 20.037636
v 8.707009 6.227160 20.149101
v 8.707009 6.323696 20.204842
v 8.707009 6.227160 20.037636
v 7.595231 6.323695 20.204842
v 7.595231 6.227161 20.037636
v 7.595231 6.227160 20.149101
v 7.595231 6.420230 20.037636
v 7.595231 6.420230 20.149101
v 7.595231 6.323696 19.981903
v 8.644867 5.215985 17.691795
v 8.894866 5.071472 17.836311
v 8.644866 5.071472 17.836304
v 8.894867 5.215985 17.691795
v 8.644867 5.413393 17.638893
v 8.894867 5.413393 17.638901
v 8.644867 5.610801 17.691795
v 8.894867 5.610801 17.691795
v 8.644866 5.755315 17.836304
v 8.894866 5.755315 17.836311
v 8.894864 5.018578 18.033714
v 8.644866 5.071472 17.836304
v 8.894866 5.071472 17.836311
v 8.644864 5.018578 18.033714
v 8.894863 5.071472 18.231125
v 8.644863 5.071472 18.231117
v 8.894862 5.215985 18.375633
v 8.644863 5.071472 18.231117
v 8.894863 5.071472 18.231125
v 8.644862 5.215985 18.375633
v 8.894862 5.413393 18.428535
v 8.644862 5.413393 18.428535
v 8.894862 5.610800 18.375633
v 8.644862 5.610800 18.375633
v 8.894863 5.755314 18.231125
v 8.644863 5.755314 18.231117
v 8.894865 5.808210 18.033714
v 8.644863 5.755314 18.231117
v 8.894863 5.755314 18.231125
v 8.644865 5.808210 18.033714
v 8.894866 5.755315 17.836311
v 8.644866 5.755315 17.836304
v 7.661115 5.610803 17.691788
v 7.411114 5.755315 17.836296
v 7.661114 5.755315 17.836304
v 7.411115 5.610803 17.691788
v 7.661115 5.413393 17.638893
v 7.411115 5.413393 17.638893
v 7.661115 5.215985 17.691788
v 7.411115 5.215985 17.691788
v 7.661114 5.071473 17.836304
v 7.411114 5.071473 17.836296
v 7.411113 5.808210 18.033707
v 7.661114 5.755315 17.836304
v 7.411114 5.755315 17.836296
v 7.661113 5.808210 18.033707
v 7.411111 5.755314 18.231117
v 7.661111 5.755314 18.231117
v 7.411110 5.610803 18.375626
v 7.661111 5.755314 18.231117
v 7.411111 5.755314 18.231117
v 7.661110 5.610803 18.375633
v 7.411110 5.413393 18.428520
v 7.661110 5.413393 18.428520
v 7.411110 5.215985 18.375626
v 7.661110 5.215985 18.375633
v 7.411111 5.071472 18.231117
v 7.661111 5.071472 18.231117
v 7.411113 5.018578 18.033707
v 7.661111 5.071472 18.231117
v 7.411111 5.071472 18.231117
v 7.661113 5.018578 18.033707
v 7.411114 5.071473 17.836296
v 7.661114 5.071473 17.836304
v 8.746666 11.142342 26.623985
v 7.555582 11.238876 26.679726
v 8.746666 11.238876 26.679718
v 7.555582 11.142344 26.624001
v 8.746666 11.045807 26.679726
v 7.555582 11.045809 26.679726
v 7.555582 11.238876 26.791191
v 8.746666 11.238876 26.679718
v 7.555582 11.238876 26.679726
v 8.746666 11.238876 26.791191
v 7.555582 11.142344 26.846924
v 8.746666 11.238876 26.791191
v 7.555582 11.238876 26.791191
v 8.746667 11.142342 26.846924
v 7.555582 11.045809 26.791191
v 8.746666 11.045807 26.791191
v 7.555582 11.045809 26.679726
v 8.746666 11.045807 26.791191
v 7.555582 11.045809 26.791191
v 8.746666 11.045807 26.679726
v 8.746666 11.238876 26.791191
v 8.746666 11.142342 26.623985
v 8.746666 11.238876 26.679718
v 8.746666 11.045807 26.791191
v 8.746667 11.142342 26.846924
v 8.746666 11.045807 26.679726
v 7.555582 11.142344 26.846924
v 7.555582 11.045809 26.679726
v 7.555582 11.045809 26.791191
v 7.555582 11.238876 26.679726
v 7.555582 11.238876 26.791191
v 7.555582 11.142344 26.624001
v 7.429192 11.191088 26.640175
v 8.873055 11.079681 26.643883
v 7.429192 11.079681 26.643883
v 8.873055 11.191088 26.640175
v 7.429192 11.250002 26.734802
v 8.873055 11.191088 26.640175
v 7.429192 11.191088 26.640175
v 8.873055 11.250004 26.734802
v 7.429192 11.197514 26.833138
v 8.873055 11.197514 26.833138
v 7.429192 11.086105 26.836861
v 8.873055 11.197514 26.833138
v 7.429192 11.197514 26.833138
v 8.873055 11.086105 26.836861
v 7.429192 11.027189 26.742226
v 8.873055 11.086105 26.836861
v 7.429192 11.086105 26.836861
v 8.873055 11.027189 26.742226
v 7.429192 11.079681 26.643883
v 8.873055 11.079681 26.643883
v 8.873055 11.250004 26.734802
v 8.873055 11.079681 26.643883
v 8.873055 11.191088 26.640175
v 8.873055 11.086105 26.836861
v 8.873055 11.197514 26.833138
v 8.873055 11.027189 26.742226
v 7.429192 11.197514 26.833138
v 7.429192 11.027189 26.742226
v 7.429192 11.086105 26.836861
v 7.429192 11.191088 26.640175
v 7.429192 11.250002 26.734802
v 7.429192 11.079681 26.643883
v 8.894867 5.413393 17.638901
v 8.894867 5.610801 17.691795
v 8.894865 5.413393 18.033714
v 8.894867 5.215985 17.691795
v 8.894866 5.755315 17.836311
v 8.894866 5.071472 17.836311
v 8.894865 5.808210 18.033714
v 8.894864 5.018578 18.033714
v 8.894863 5.755314 18.231125
v 8.894863 5.071472 18.231125
v 8.894862 5.610800 18.375633
v 8.894862 5.215985 18.375633
v 8.894862 5.413393 18.428535
v 7.411115 5.610803 17.691788
v 7.411115 5.413393 17.638893
v 7.411113 5.413393 18.033707
v 7.411114 5.755315 17.836296
v 7.411115 5.215985 17.691788
v 7.411113 5.808210 18.033707
v 7.411114 5.071473 17.836296
v 7.411111 5.755314 18.231117
v 7.411113 5.018578 18.033707
v 7.411110 5.610803 18.375626
v 7.411111 5.071472 18.231117
v 7.411110 5.413393 18.428520
v 7.411110 5.215985 18.375626
v 8.644867 5.413393 17.638893
v 8.644866 5.531085 17.829865
v 8.644867 5.610801 17.691795
v 8.644866 5.413393 17.798332
v 8.644866 5.617242 17.916023
v 8.644867 5.215985 17.691795
v 8.644866 5.755315 17.836304
v 8.644866 5.295702 17.829865
v 8.644865 5.648777 18.033714
v 8.644866 5.071472 17.836304
v 8.644865 5.808210 18.033714
v 8.644866 5.209545 17.916023
v 8.644864 5.617241 18.151405
v 8.644864 5.018578 18.033714
v 8.644863 5.755314 18.231117
v 8.644864 5.178010 18.033714
v 8.644863 5.531084 18.237564
v 8.644863 5.071472 18.231117
v 8.644862 5.610800 18.375633
v 8.644864 5.209545 18.151405
v 8.644863 5.413393 18.269096
v 8.644862 5.215985 18.375633
v 8.644862 5.413393 18.428535
v 8.644863 5.295701 18.237564
v 7.661115 5.610803 17.691788
v 7.661114 5.413393 17.798325
v 7.661115 5.413393 17.638893
v 7.661114 5.531086 17.829857
v 7.661114 5.295702 17.829857
v 7.661114 5.755315 17.836304
v 7.661115 5.215985 17.691788
v 7.661113 5.617242 17.916016
v 7.661113 5.209546 17.916016
v 7.661113 5.808210 18.033707
v 7.661114 5.071473 17.836304
v 7.661113 5.648777 18.033707
v 7.661113 5.178010 18.033707
v 7.661111 5.755314 18.231117
v 7.661113 5.018578 18.033707
v 7.661112 5.617241 18.151398
v 7.661112 5.209545 18.151398
v 7.661110 5.610803 18.375633
v 7.661111 5.071472 18.231117
v 7.661111 5.531085 18.237556
v 7.661111 5.295701 18.237556
v 7.661110 5.413393 18.428520
v 7.661110 5.215985 18.375633
v 7.661111 5.413393 18.269096
v 10.335652 2.495925 -12.854720
v 9.985845 2.546036 -12.449379
v 9.985863 2.495925 -12.449364
v 10.335636 2.546036 -12.854735
v 10.335636 2.546036 -12.854735
v 9.881985 2.546035 -12.539002
v 9.985845 2.546036 -12.449379
v 10.231776 2.546035 -12.944358
v 10.231787 2.495929 -12.944348
v 9.985863 2.495925 -12.449364
v 9.881997 2.495929 -12.538993
v 10.335652 2.495925 -12.854720
v 10.417802 2.197767 -12.783833
v 10.068010 2.247876 -12.378477
v 10.068023 2.197767 -12.378466
v 10.417791 2.247881 -12.783842
v 10.417791 2.247881 -12.783842
v 9.964145 2.247878 -12.468105
v 10.068010 2.247876 -12.378477
v 10.313935 2.247878 -12.873462
v -7.326037 5.484947 18.105453
v -8.979890 5.413375 18.135094
v -8.979905 5.484947 18.105453
v -7.326055 5.413375 18.135094
v -8.979849 5.341804 18.105453
v -7.326095 5.341804 18.105453
v -7.326095 5.341804 18.105453
v -8.979875 5.312160 18.033882
v -8.979849 5.341804 18.105453
v -7.326070 5.312160 18.033882
v -8.979890 5.341805 17.962311
v -7.326055 5.341805 17.962311
v -7.326055 5.341805 17.962311
v -8.979875 5.413376 17.932671
v -8.979890 5.341805 17.962311
v -7.326070 5.413376 17.932671
v -8.979875 5.484946 17.962311
v -7.326070 5.484946 17.962311
v -7.326083 5.514592 18.033882
v -8.979875 5.484946 17.962311
v -7.326070 5.484946 17.962311
v -8.979858 5.514592 18.033882
v -8.979905 5.484947 18.105453
v -7.326037 5.484947 18.105453
v -8.979849 5.341804 18.105453
v -8.979905 5.484947 18.105453
v -8.979890 5.413375 18.135094
v -8.979890 5.341805 17.962311
v -8.979875 5.312160 18.033882
v -8.979875 5.484946 17.962311
v -8.979858 5.514592 18.033882
v -8.979875 5.413376 17.932671
v -7.326037 5.484947 18.105453
v -7.326095 5.341804 18.105453
v -7.326055 5.413375 18.135094
v -7.326055 5.341805 17.962311
v -7.326070 5.312160 18.033882
v -7.326070 5.484946 17.962311
v -7.326083 5.514592 18.033882
v -7.326070 5.413376 17.932671
v -8.448266 11.704217 29.647995
v -7.853982 11.800752 29.703728
v -8.448266 11.800752 29.703728
v -7.853982 11.704219 29.647995
v -8.448266 11.607682 29.703728
v -7.853982 11.607682 29.703728
v -7.853982 11.800752 29.815208
v -8.448266 11.800752 29.703728
v -7.853982 11.800752 29.703728
v -8.448266 11.800752 29.815193
v -7.853982 11.704217 29.870934
v -8.448266 11.800752 29.815193
v -7.853982 11.800752 29.815208
v -8.448266 11.704217 29.870934
v -7.853982 11.607682 29.815208
v -8.448266 11.607682 29.815193
v -7.853982 11.607682 29.703728
v -8.448266 11.607682 29.815193
v -7.853982 11.607682 29.815208
v -8.448266 11.607682 29.703728
v -8.448266 11.800752 29.815193
v -8.448266 11.704217 29.647995
v -8.448266 11.800752 29.703728
v -8.448266 11.607682 29.815193
v -8.448266 11.704217 29.870934
v -8.448266 11.607682 29.703728
v -7.853982 11.704217 29.870934
v -7.853982 11.607682 29.703728
v -7.853982 11.607682 29.815208
v -7.853982 11.800752 29.703728
v -7.853982 11.800752 29.815208
v -7.853982 11.704219 29.647995
v -8.448266 11.605456 29.126587
v -7.853982 11.701991 29.182320
v -8.448266 11.701991 29.182320
v -7.853982 11.605458 29.126587
v -8.448266 11.508922 29.182320
v -7.853982 11.508924 29.182320
v -7.853982 11.701991 29.293800
v -8.448266 11.701991 29.182320
v -7.853982 11.701991 29.182320
v -8.448266 11.701991 29.293800
v -7.853982 11.605458 29.349525
v -8.448266 11.701991 29.293800
v -7.853982 11.701991 29.293800
v -8.448266 11.605456 29.349525
v -7.853982 11.508924 29.293800
v -8.448266 11.508922 29.293800
v -7.853982 11.508924 29.182320
v -8.448266 11.508922 29.293800
v -7.853982 11.508924 29.293800
v -8.448266 11.508922 29.182320
v -8.448266 11.701991 29.293800
v -8.448266 11.605456 29.126587
v -8.448266 11.701991 29.182320
v -8.448266 11.508922 29.293800
v -8.448266 11.605456 29.349525
v -8.448266 11.508922 29.182320
v -7.853982 11.605458 29.349525
v -7.853982 11.508924 29.182320
v -7.853982 11.508924 29.293800
v -7.853982 11.701991 29.182320
v -7.853982 11.701991 29.293800
v -7.853982 11.605458 29.126587
v -8.250398 11.737390 29.380280
v -8.055579 11.922540 29.447670
v -8.250398 11.922540 29.447670
v -8.055579 11.737391 29.380280
v -8.250398 11.543355 29.414497
v -8.055579 11.543355 29.414497
v -8.250398 11.392419 29.541138
v -8.055579 11.392421 29.541138
v -8.055579 12.049188 29.598610
v -8.250398 11.922540 29.447670
v -8.055579 11.922540 29.447670
v -8.250398 12.049188 29.598610
v -8.055579 12.083400 29.792641
v -8.250398 12.083400 29.792641
v -8.055579 12.016013 29.977783
v -8.250398 12.016013 29.977783
v -8.055579 11.865081 30.104439
v -8.250398 12.016013 29.977783
v -8.055579 12.016013 29.977783
v -8.250398 11.865081 30.104439
v -8.055579 11.671042 30.138649
v -8.250398 11.671042 30.138649
v -8.055579 11.485896 30.071259
v -8.250398 11.485896 30.071259
v -8.055579 11.359246 29.920326
v -8.250398 11.485896 30.071259
v -8.055579 11.485896 30.071259
v -8.250398 11.359246 29.920326
v -8.055579 11.325030 29.726288
v -8.250398 11.325030 29.726288
v -8.055579 11.392421 29.541138
v -8.250398 11.392419 29.541138
v -8.250398 11.359246 29.920326
v -8.250398 11.671042 30.138649
v -8.250398 11.485896 30.071259
v -8.250398 12.016013 29.977783
v -8.250398 11.865081 30.104439
v -8.250398 11.737390 29.380280
v -8.250398 11.392419 29.541138
v -8.250398 11.325030 29.726288
v -8.250398 11.543355 29.414497
v -8.250398 12.049188 29.598610
v -8.250398 12.083400 29.792641
v -8.250398 11.922540 29.447670
v -8.055579 12.083400 29.792641
v -8.055579 11.865081 30.104439
v -8.055579 12.016013 29.977783
v -8.055579 11.485896 30.071259
v -8.055579 11.671042 30.138649
v -8.055579 11.543355 29.414497
v -8.055579 11.922540 29.447670
v -8.055579 12.049188 29.598610
v -8.055579 11.737391 29.380280
v -8.055579 11.325030 29.726288
v -8.055579 11.359246 29.920326
v -8.055579 11.392421 29.541138
v -9.312723 5.412045 20.072838
v -6.989517 5.508580 20.128578
v -9.312723 5.508580 20.128578
v -6.989517 5.412045 20.072838
v -9.312723 5.315509 20.128578
v -6.989517 5.315511 20.128578
v -6.989517 5.508580 20.240044
v -9.312723 5.508580 20.128578
v -6.989517 5.508580 20.128578
v -9.312723 5.508580 20.240044
v -6.989517 5.412044 20.295776
v -9.312723 5.508580 20.240044
v -6.989517 5.508580 20.240044
v -9.312723 5.412045 20.295776
v -6.989517 5.315509 20.240044
v -9.312723 5.315509 20.240044
v -6.989517 5.315511 20.128578
v -9.312723 5.315509 20.240044
v -6.989517 5.315509 20.240044
v -9.312723 5.315509 20.128578
v -9.312723 5.508580 20.240044
v -9.312723 5.412045 20.072838
v -9.312723 5.508580 20.128578
v -9.312723 5.315509 20.240044
v -9.312723 5.412045 20.295776
v -9.312723 5.315509 20.128578
v -6.989517 5.412044 20.295776
v -6.989517 5.315511 20.128578
v -6.989517 5.315509 20.240044
v -6.989517 5.508580 20.128578
v -6.989517 5.508580 20.240044
v -6.989517 5.412045 20.072838
v -7.902680 6.526733 20.296364
v -8.368982 6.323696 20.380463
v -8.368983 6.526733 20.296364
v -7.902684 6.323698 20.380463
v -8.368985 6.120658 20.296364
v -7.902682 6.120655 20.296364
v -8.368983 6.526733 20.296364
v -7.902682 6.610835 20.093323
v -7.902680 6.526733 20.296364
v -8.368983 6.610836 20.093323
v -7.902682 6.526734 19.890282
v -8.368981 6.526734 19.890282
v -8.368981 6.526734 19.890282
v -7.902682 6.323694 19.806183
v -7.902682 6.526734 19.890282
v -8.368982 6.323694 19.806190
v -7.902682 6.120655 19.890282
v -8.368982 6.120653 19.890282
v -8.368982 6.120653 19.890282
v -7.902682 6.036552 20.093323
v -7.902682 6.120655 19.890282
v -8.368985 6.036552 20.093323
v -7.902682 6.120655 20.296364
v -8.368985 6.120658 20.296364
v -8.455890 6.077936 20.339081
v -8.455890 6.569455 20.339088
v -8.455892 6.323699 20.440880
v -8.455892 6.077932 19.847565
v -8.455890 5.976135 20.093323
v -8.455892 6.569455 19.847565
v -8.455890 6.671254 20.093323
v -8.455892 6.323699 19.745766
v -7.815778 6.671261 20.093346
v -7.815780 6.323701 20.440910
v -7.815776 6.569459 20.339111
v -7.815778 6.323699 19.745796
v -7.815782 6.569459 19.847588
v -7.815778 5.976143 20.093346
v -7.815779 6.077944 20.339104
v -7.815778 6.077940 19.847588
v -8.455890 6.077936 20.339081
v -8.368987 6.323700 20.440880
v -8.368983 6.077934 20.339081
v -8.455892 6.323699 20.440880
v -8.368983 6.569457 20.339088
v -8.455890 6.569455 20.339088
v -8.368983 6.077934 20.339081
v -8.455890 5.976135 20.093323
v -8.455890 6.077936 20.339081
v -8.368987 5.976136 20.093323
v -8.455892 6.077932 19.847565
v -8.368979 6.077932 19.847565
v -8.368979 6.077932 19.847565
v -8.455892 6.323699 19.745766
v -8.455892 6.077932 19.847565
v -8.368979 6.323697 19.745766
v -8.455892 6.569455 19.847565
v -8.368979 6.569453 19.847565
v -8.368979 6.569453 19.847565
v -8.455890 6.671254 20.093323
v -8.455892 6.569455 19.847565
v -8.368986 6.671257 20.093323
v -8.455890 6.569455 20.339088
v -8.368983 6.569457 20.339088
v -7.902682 6.569462 20.339111
v -7.815778 6.671261 20.093346
v -7.815776 6.569459 20.339111
v -7.902682 6.671263 20.093346
v -7.815782 6.569459 19.847588
v -7.902684 6.569458 19.847588
v -7.902684 6.569458 19.847588
v -7.815778 6.323699 19.745796
v -7.815782 6.569459 19.847588
v -7.902682 6.323699 19.745796
v -7.815778 6.077940 19.847588
v -7.902684 6.077940 19.847588
v -7.902684 6.077940 19.847588
v -7.815778 5.976143 20.093346
v -7.815778 6.077940 19.847588
v -7.902680 5.976140 20.093346
v -7.815779 6.077944 20.339104
v -7.902678 6.077940 20.339111
v -7.902678 6.077940 20.339111
v -7.815780 6.323701 20.440910
v -7.815779 6.077944 20.339104
v -7.902686 6.323698 20.440910
v -7.815776 6.569459 20.339111
v -7.902682 6.569462 20.339111
v -8.368983 6.569457 20.339088
v -8.368983 6.077934 20.339081
v -8.368987 6.323700 20.440880
v -8.368979 6.569453 19.847565
v -8.368986 6.671257 20.093323
v -8.368979 6.077932 19.847565
v -8.368987 5.976136 20.093323
v -8.368979 6.323697 19.745766
v -7.902686 6.323698 20.440910
v -7.902682 6.671263 20.093346
v -7.902682 6.569462 20.339111
v -7.902680 5.976140 20.093346
v -7.902678 6.077940 20.339111
v -7.902682 6.323699 19.745796
v -7.902684 6.569458 19.847588
v -7.902684 6.077940 19.847588
v -8.250397 11.158422 26.502785
v -8.055577 11.272999 26.544487
v -8.250397 11.272999 26.544487
v -8.055578 11.158424 26.502785
v -8.250397 11.038347 26.523956
v -8.055578 11.038347 26.523956
v -8.250397 10.944944 26.602333
v -8.055577 10.944944 26.602333
v -8.055577 11.351372 26.637886
v -8.250397 11.272999 26.544487
v -8.055577 11.272999 26.544487
v -8.250397 11.351372 26.637886
v -8.055578 11.372543 26.757965
v -8.250397 11.372543 26.757965
v -8.055577 11.330841 26.872551
v -8.250397 11.330841 26.872551
v -8.055578 11.237438 26.950920
v -8.250397 11.330841 26.872551
v -8.055577 11.330841 26.872551
v -8.250397 11.237440 26.950920
v -8.055578 11.117363 26.972099
v -8.250397 11.117365 26.972099
v -8.055578 11.002789 26.930382
v -8.250397 11.002789 26.930382
v -8.055578 10.924414 26.836983
v -8.250397 11.002789 26.930382
v -8.055578 11.002789 26.930382
v -8.250397 10.924414 26.836983
v -8.055577 10.903240 26.716911
v -8.250397 10.903240 26.716911
v -8.055577 10.944944 26.602333
v -8.250397 10.944944 26.602333
v -8.250397 10.924414 26.836983
v -8.250397 11.117365 26.972099
v -8.250397 11.002789 26.930382
v -8.250397 11.330841 26.872551
v -8.250397 11.237440 26.950920
v -8.250397 11.158422 26.502785
v -8.250397 10.944944 26.602333
v -8.250397 10.903240 26.716911
v -8.250397 11.038347 26.523956
v -8.250397 11.351372 26.637886
v -8.250397 11.372543 26.757965
v -8.250397 11.272999 26.544487
v -8.055578 11.372543 26.757965
v -8.055578 11.237438 26.950920
v -8.055577 11.330841 26.872551
v -8.055578 11.002789 26.930382
v -8.055578 11.117363 26.972099
v -8.055578 11.038347 26.523956
v -8.055577 11.272999 26.544487
v -8.055577 11.351372 26.637886
v -8.055578 11.158424 26.502785
v -8.055577 10.903240 26.716911
v -8.055578 10.924414 26.836983
v -8.055577 10.944944 26.602333
v -8.102741 11.343660 26.638855
v -8.120081 6.494875 19.919235
v -8.102494 6.425045 19.955818
v -8.119339 11.419664 26.612488
v -8.118140 12.066796 29.624496
v -8.104071 11.984046 29.636398
v -8.119339 11.419664 26.612488
v -8.185401 6.479187 19.927773
v -8.120081 6.494875 19.919235
v -8.186050 11.402037 26.619102
v -8.187338 12.046268 29.627480
v -8.118140 12.066796 29.624496
v -8.186050 11.402037 26.619102
v -8.173402 6.406173 19.965660
v -8.185401 6.479187 19.927773
v -8.173114 11.323357 26.645302
v -8.171743 11.964509 29.639252
v -8.187338 12.046268 29.627480
v -8.173114 11.323357 26.645302
v -8.102494 6.425045 19.955818
v -8.173402 6.406173 19.965660
v -8.102741 11.343660 26.638855
v -8.104071 11.984046 29.636398
v -8.171743 11.964509 29.639252
v -8.102984 11.463540 29.880486
v -8.118985 4.798995 20.123817
v -8.119401 11.410796 29.926949
v -8.103273 4.857531 20.084099
v -8.119401 11.410796 29.926949
v -8.186667 4.813365 20.114143
v -8.186301 11.423453 29.915634
v -8.118985 4.798995 20.123817
v -8.186301 11.423453 29.915634
v -8.172399 4.872416 20.074043
v -8.172759 11.477201 29.868454
v -8.186667 4.813365 20.114143
v -8.172759 11.477201 29.868454
v -8.103273 4.857531 20.084099
v -8.102984 11.463540 29.880486
v -8.172399 4.872416 20.074043
v -8.707009 6.323696 19.981903
v -7.595231 6.420230 20.037636
v -8.707009 6.420230 20.037636
v -7.595231 6.323696 19.981903
v -8.707009 6.227160 20.037636
v -7.595231 6.227161 20.037636
v -7.595231 6.420230 20.149101
v -8.707009 6.420230 20.037636
v -7.595231 6.420230 20.037636
v -8.707009 6.420230 20.149101
v -7.595231 6.323695 20.204842
v -8.707009 6.420230 20.149101
v -7.595231 6.420230 20.149101
v -8.707009 6.323696 20.204842
v -7.595231 6.227160 20.149101
v -8.707009 6.227160 20.149101
v -7.595231 6.227161 20.037636
v -8.707009 6.227160 20.149101
v -7.595231 6.227160 20.149101
v -8.707009 6.227160 20.037636
v -8.707009 6.420230 20.149101
v -8.707009 6.323696 19.981903
v -8.707009 6.420230 20.037636
v -8.707009 6.227160 20.149101
v -8.707009 6.323696 20.204842
v -8.707009 6.227160 20.037636
v -7.595231 6.323695 20.204842
v -7.595231 6.227161 20.037636
v -7.595231 6.227160 20.149101
v -7.595231 6.420230 20.037636
v -7.595231 6.420230 20.149101
v -7.595231 6.323696 19.981903
v -8.644867 5.215985 17.691795
v -8.894866 5.071472 17.836311
v -8.644866 5.071472 17.836304
v -8.894867 5.215985 17.691795
v -8.644867 5.413393 17.638893
v -8.894867 5.413393 17.638901
v -8.644867 5.610801 17.691795
v -8.894867 5.610801 17.691795
v -8.644866 5.755315 17.836304
v -8.894866 5.755315 17.836311
v -8.894864 5.018578 18.033714
v -8.644866 5.071472 17.836304
v -8.894866 5.071472 17.836311
v -8.644864 5.018578 18.033714
v -8.894863 5.071472 18.231125
v -8.644863 5.071472 18.231117
v -8.894862 5.215985 18.375633
v -8.644863 5.071472 18.231117
v -8.894863 5.071472 18.231125
v -8.644862 5.215985 18.375633
v -8.894862 5.413393 18.428535
v -8.644862 5.413393 18.428535
v -8.894862 5.610800 18.375633
v -8.644862 5.610800 18.375633
v -8.894863 5.755314 18.231125
v -8.644863 5.755314 18.231117
v -8.894865 5.808210 18.033714
v -8.644863 5.755314 18.231117
v -8.894863 5.755314 18.231125
v -8.644865 5.808210 18.033714
v -8.894866 5.755315 17.836311
v -8.644866 5.755315 17.836304
v -7.661115 5.610803 17.691788
v -7.411114 5.755315 17.836296
v -7.661114 5.755315 17.836304
v -7.411115 5.610803 17.691788
v -7.661115 5.413393 17.638893
v -7.411115 5.413393 17.638893
v -7.661115 5.215985 17.691788
v -7.411115 5.215985 17.691788
v -7.661114 5.071473 17.836304
v -7.411114 5.071473 17.836296
v -7.411113 5.808210 18.033707
v -7.661114 5.755315 17.836304
v -7.411114 5.755315 17.836296
v -7.661113 5.808210 18.033707
v -7.411111 5.755314 18.231117
v -7.661111 5.755314 18.231117
v -7.411110 5.610803 18.375626
v -7.661111 5.755314 18.231117
v -7.411111 5.755314 18.231117
v -7.661110 5.610803 18.375633
v -7.411110 5.413393 18.428520
v -7.661110 5.413393 18.428520
v -7.411110 5.215985 18.375626
v -7.661110 5.215985 18.375633
v -7.411111 5.071472 18.231117
v -7.661111 5.071472 18.231117
v -7.411113 5.018578 18.033707
v -7.661111 5.071472 18.231117
v -7.411111 5.071472 18.231117
v -7.661113 5.018578 18.033707
v -7.411114 5.071473 17.836296
v -7.661114 5.071473 17.836304
v -8.746666 11.142342 26.623985
v -7.555582 11.238876 26.679726
v -8.746666 11.238876 26.679718
v -7.555582 11.142344 26.624001
v -8.746666 11.045807 26.679726
v -7.555582 11.045809 26.679726
v -7.555582 11.238876 26.791191
v -8.746666 11.238876 26.679718
v -7.555582 11.238876 26.679726
v -8.746666 11.238876 26.791191
v -7.555582 11.142344 26.846924
v -8.746666 11.238876 26.791191
v -7.555582 11.238876 26.791191
v -8.746667 11.142342 26.846924
v -7.555582 11.045809 26.791191
v -8.746666 11.045807 26.791191
v -7.555582 11.045809 26.679726
v -8.746666 11.045807 26.791191
v -7.555582 11.045809 26.791191
v -8.746666 11.045807 26.679726
v -8.746666 11.238876 26.791191
v -8.746666 11.142342 26.623985
v -8.746666 11.238876 26.679718
v -8.746666 11.045807 26.791191
v -8.746667 11.142342 26.846924
v -8.746666 11.045807 26.679726
v -7.555582 11.142344 26.846924
v -7.555582 11.045809 26.679726
v -7.555582 11.045809 26.791191
v -7.555582 11.238876 26.679726
v -7.555582 11.238876 26.791191
v -7.555582 11.142344 26.624001
v -7.429192 11.191088 26.640175
v -8.873055 11.079681 26.643883
v -7.429192 11.079681 26.643883
v -8.873055 11.191088 26.640175
v -7.429192 11.250002 26.734802
v -8.873055 11.191088 26.640175
v -7.429192 11.191088 26.640175
v -8.873055 11.250004 26.734802
v -7.429192 11.197514 26.833138
v -8.873055 11.197514 26.833138
v -7.429192 11.086105 26.836861
v -8.873055 11.197514 26.833138
v -7.429192 11.197514 26.833138
v -8.873055 11.086105 26.836861
v -7.429192 11.027189 26.742226
v -8.873055 11.086105 26.836861
v -7.429192 11.086105 26.836861
v -8.873055 11.027189 26.742226
v -7.429192 11.079681 26.643883
v -8.873055 11.079681 26.643883
v -8.873055 11.250004 26.734802
v -8.873055 11.079681 26.643883
v -8.873055 11.191088 26.640175
v -8.873055 11.086105 26.836861
v -8.873055 11.197514 26.833138
v -8.873055 11.027189 26.742226
v -7.429192 11.197514 26.833138
v -7.429192 11.027189 26.742226
v -7.429192 11.086105 26.836861
v -7.429192 11.191088 26.640175
v -7.429192 11.250002 26.734802
v -7.429192 11.079681 26.643883
v 10.313946 2.197770 -12.873451
v 10.068023 2.197767 -12.378466
v 9.964157 2.197770 -12.468096
v 10.417802 2.197767 -12.783833
v 10.499973 1.899612 -12.712925
v 10.150176 1.949718 -12.307574
v 10.150183 1.899608 -12.307569
v 10.499955 1.949724 -12.712941
v 10.499955 1.949724 -12.712941
v 10.046307 1.949723 -12.397207
v 10.150176 1.949718 -12.307574
v 10.396094 1.949723 -12.802564
v 10.396106 1.899610 -12.802554
v 10.150183 1.899608 -12.307569
v 10.046316 1.899610 -12.397197
v 10.499973 1.899612 -12.712925
v 10.748560 0.997499 -12.498413
v 10.398759 1.047606 -12.093068
v 10.398765 0.997495 -12.093062
v 10.748549 1.047607 -12.498424
v 10.748549 1.047607 -12.498424
v 10.294899 1.047606 -12.182691
v 10.398759 1.047606 -12.093068
v 10.644688 1.047606 -12.588048
v 10.644688 0.997501 -12.588048
v 10.398765 0.997495 -12.093062
v -8.894867 5.413393 17.638901
v -8.894867 5.610801 17.691795
v -8.894865 5.413393 18.033714
v -8.894867 5.215985 17.691795
v -8.894866 5.755315 17.836311
v -8.894866 5.071472 17.836311
v -8.894865 5.808210 18.033714
v -8.894864 5.018578 18.033714
v -8.894863 5.755314 18.231125
v -8.894863 5.071472 18.231125
v -8.894862 5.610800 18.375633
v -8.894862 5.215985 18.375633
v -8.894862 5.413393 18.428535
v -7.411115 5.610803 17.691788
v -7.411115 5.413393 17.638893
v -7.411113 5.413393 18.033707
v -7.411114 5.755315 17.836296
v -7.411115 5.215985 17.691788
v -7.411113 5.808210 18.033707
v -7.411114 5.071473 17.836296
v -7.411111 5.755314 18.231117
v -7.411113 5.018578 18.033707
v -7.411110 5.610803 18.375626
v -7.411111 5.071472 18.231117
v -7.411110 5.413393 18.428520
v -7.411110 5.215985 18.375626
v 10.294899 0.997501 -12.182691
v 10.748560 0.997499 -12.498413
v 10.584234 1.593806 -12.640214
v 10.234433 1.643913 -12.234868
v 10.234446 1.593806 -12.234857
v 10.584224 1.643913 -12.640224
v 10.584224 1.643913 -12.640224
v 10.130579 1.643915 -12.324487
v 10.234433 1.643913 -12.234868
v 10.480369 1.643915 -12.729842
v 10.480369 1.593807 -12.729842
v 10.234446 1.593806 -12.234857
v 10.130579 1.593807 -12.324487
v 10.584234 1.593806 -12.640214
v 10.666384 1.295653 -12.569326
v 10.316592 1.345752 -12.163970
v 10.316592 1.295653 -12.163970
v 10.666384 1.345752 -12.569326
v 10.666384 1.345752 -12.569326
v 10.212739 1.345755 -12.253589
v 10.316592 1.345752 -12.163970
v 10.562529 1.345755 -12.658945
v 10.562529 1.295650 -12.658945
v 10.316592 1.295653 -12.163970
v 10.212739 1.295650 -12.253589
v 10.666384 1.295653 -12.569326
v 10.644688 0.997501 -12.588048
v 10.294899 1.047606 -12.182691
v 10.644688 1.047606 -12.588048
v 10.294899 0.997501 -12.182691
v 10.562529 1.295650 -12.658945
v 10.212739 1.345755 -12.253589
v 10.562529 1.345755 -12.658945
v 10.212739 1.295650 -12.253589
v 10.480369 1.593807 -12.729842
v 10.130579 1.643915 -12.324487
v 10.480369 1.643915 -12.729842
v 10.130579 1.593807 -12.324487
v 10.396106 1.899610 -12.802554
v 10.046307 1.949723 -12.397207
v 10.396094 1.949723 -12.802564
v 10.046316 1.899610 -12.397197
v 10.313946 2.197770 -12.873451
v 9.964145 2.247878 -12.468105
v 10.313935 2.247878 -12.873462
v 9.964157 2.197770 -12.468096
v 10.231787 2.495929 -12.944348
v 9.881985 2.546035 -12.539002
v -8.644867 5.413393 17.638893
v -8.644866 5.531085 17.829865
v -8.644867 5.610801 17.691795
v -8.644866 5.413393 17.798332
v -8.644866 5.617242 17.916023
v -8.644867 5.215985 17.691795
v -8.644866 5.755315 17.836304
v -8.644866 5.295702 17.829865
v -8.644865 5.648777 18.033714
v -8.644866 5.071472 17.836304
v -8.644865 5.808210 18.033714
v -8.644866 5.209545 17.916023
v -8.644864 5.617241 18.151405
v -8.644864 5.018578 18.033714
v -8.644863 5.755314 18.231117
v -8.644864 5.178010 18.033714
v -8.644863 5.531084 18.237564
v -8.644863 5.071472 18.231117
v -8.644862 5.610800 18.375633
v -8.644864 5.209545 18.151405
v -8.644863 5.413393 18.269096
v -8.644862 5.215985 18.375633
v -8.644862 5.413393 18.428535
v -8.644863 5.295701 18.237564
v -7.661115 5.610803 17.691788
v -7.661114 5.413393 17.798325
v -7.661115 5.413393 17.638893
v -7.661114 5.531086 17.829857
v -7.661114 5.295702 17.829857
v -7.661114 5.755315 17.836304
v -7.661115 5.215985 17.691788
v -7.661113 5.617242 17.916016
v -7.661113 5.209546 17.916016
v -7.661113 5.808210 18.033707
v -7.661114 5.071473 17.836304
v -7.661113 5.648777 18.033707
v -7.661113 5.178010 18.033707
v -7.661111 5.755314 18.231117
v -7.661113 5.018578 18.033707
v -7.661112 5.617241 18.151398
v -7.661112 5.209545 18.151398
v -7.661110 5.610803 18.375633
v -7.661111 5.071472 18.231117
v -7.661111 5.531085 18.237556
v -7.661111 5.295701 18.237556
v -7.661110 5.413393 18.428520
v -7.661110 5.215985 18.375633
v -7.661111 5.413393 18.269096
v -10.335652 2.495925 -12.854720
v -9.985845 2.546036 -12.449379
v -9.985863 2.495925 -12.449364
v -10.335636 2.546036 -12.854735
v -10.335636 2.546036 -12.854735
v -9.881985 2.546035 -12.539002
v -9.985845 2.546036 -12.449379
v -10.231776 2.546035 -12.944358
v -10.231787 2.495929 -12.944348
v -9.985863 2.495925 -12.449364
v -9.881997 2.495929 -12.538993
v -10.335652 2.495925 -12.854720
v -10.417802 2.197767 -12.783833
v -10.068010 2.247876 -12.378477
v -10.068023 2.197767 -12.378466
v -10.417791 2.247881 -12.783842
v -10.417791 2.247881 -12.783842
v -9.964145 2.247878 -12.468105
v -10.068010 2.247876 -12.378477
v -10.313935 2.247878 -12.873462
v -10.313946 2.197770 -12.873451
v -10.068023 2.197767 -12.378466
v -9.964157 2.197770 -12.468096
v -10.417802 2.197767 -12.783833
v -10.499973 1.899612 -12.712925
v -10.150176 1.949718 -12.307574
v -10.150183 1.899608 -12.307569
v -10.499955 1.949724 -12.712941
v -10.499955 1.949724 -12.712941
v -10.046307 1.949723 -12.397207
v -10.150176 1.949718 -12.307574
v -10.396094 1.949723 -12.802564
v -10.396106 1.899610 -12.802554
v -10.150183 1.899608 -12.307569
v -10.046316 1.899610 -12.397197
v -10.499973 1.899612 -12.712925
v -10.748560 0.997499 -12.498413
v -10.398759 1.047606 -12.093068
v -10.398765 0.997495 -12.093062
v -10.748549 1.047607 -12.498424
v -10.748549 1.047607 -12.498424
v -10.294899 1.047606 -12.182691
v -10.398759 1.047606 -12.093068
v -10.644688 1.047606 -12.588048
v -10.644688 0.997501 -12.588048
v -10.398765 0.997495 -12.093062
v -10.294899 0.997501 -12.182691
v -10.748560 0.997499 -12.498413
v -10.584234 1.593806 -12.640214
v -10.234433 1.643913 -12.234868
v -10.234446 1.593806 -12.234857
v -10.584224 1.643913 -12.640224
v -10.584224 1.643913 -12.640224
v -10.130579 1.643915 -12.324487
v -10.234433 1.643913 -12.234868
v -10.480369 1.643915 -12.729842
v -10.480369 1.593807 -12.729842
v -10.234446 1.593806 -12.234857
v -10.130579 1.593807 -12.324487
v -10.584234 1.593806 -12.640214
v -10.666384 1.295653 -12.569326
v -10.316592 1.345752 -12.163970
v -10.316592 1.295653 -12.163970
v -10.666384 1.345752 -12.569326
v -10.666384 1.345752 -12.569326
v -10.212739 1.345755 -12.253589
v -10.316592 1.345752 -12.163970
v -10.562529 1.345755 -12.658945
v -10.562529 1.295650 -12.658945
v -10.316592 1.295653 -12.163970
v -10.212739 1.295650 -12.253589
v -10.666384 1.295653 -12.569326
v -10.644688 0.997501 -12.588048
v -10.294899 1.047606 -12.182691
v -10.644688 1.047606 -12.588048
v -10.294899 0.997501 -12.182691
v -10.562529 1.295650 -12.658945
v -10.212739 1.345755 -12.253589
v -10.562529 1.345755 -12.658945
v -10.212739 1.295650 -12.253589
v -10.480369 1.593807 -12.729842
v -10.130579 1.643915 -12.324487
v -10.480369 1.643915 -12.729842
v -10.130579 1.593807 -12.324487
v -10.396106 1.899610 -12.802554
v -10.046307 1.949723 -12.397207
v -10.396094 1.949723 -12.802564
v -10.046316 1.899610 -12.397197
v -10.313946 2.197770 -12.873451
v -9.964145 2.247878 -12.468105
v -10.313935 2.247878 -12.873462
v -9.964157 2.197770 -12.468096
v -10.231787 2.495929 -12.944348
v -9.881985 2.546035 -12.539002
v -10.231776 2.546035 -12.944358
v -9.881997 2.495929 -12.538993
v -10.830848 0.698376 -12.427407
v -10.481056 0.748484 -12.022050
v -10.481069 0.698376 -12.022040
v -10.830835 0.748491 -12.427417
v -10.830835 0.748491 -12.427417
v -10.377191 0.748486 -12.111680
v -10.481056 0.748484 -12.022050
v -10.726982 0.748486 -12.517035
v -10.726993 0.698379 -12.517025
v -10.481069 0.698376 -12.022040
v -10.377203 0.698379 -12.111669
v -10.830848 0.698376 -12.427407
v -10.913020 0.400222 -12.356500
v -10.563223 0.450329 -11.951148
v -10.563229 0.400218 -11.951143
v -10.913002 0.450334 -12.356514
v -10.913002 0.450334 -12.356514
v -10.459351 0.450331 -12.040781
v -10.563223 0.450329 -11.951148
v -10.809141 0.450331 -12.446138
v -10.809152 0.400219 -12.446128
v -10.563229 0.400218 -11.951143
v -10.459363 0.400219 -12.040771
v -10.913020 0.400222 -12.356500
v -10.997281 0.094414 -12.283788
v -10.647479 0.144522 -11.878441
v -10.647491 0.094414 -11.878430
v -10.997271 0.144522 -12.283798
v -10.997271 0.144522 -12.283798
v -10.543625 0.144525 -11.968060
v -10.647479 0.144522 -11.878441
v -10.893414 0.144525 -12.373417
v -10.893414 0.094416 -12.373417
v -10.647491 0.094414 -11.878430
v -10.543625 0.094416 -11.968060
v -10.997281 0.094414 -12.283788
v -10.893414 0.094416 -12.373417
v -10.543625 0.144525 -11.968060
v -10.893414 0.144525 -12.373417
v -10.543625 0.094416 -11.968060
v -10.809152 0.400219 -12.446128
v -10.459351 0.450331 -12.040781
v -10.809141 0.450331 -12.446138
v -10.459363 0.400219 -12.040771
v -10.726993 0.698379 -12.517025
v -10.377191 0.748486 -12.111680
v -10.726982 0.748486 -12.517035
v -10.377203 0.698379 -12.111669
v 0.000000 16.843882 -6.410854
v 0.000000 16.968428 -6.391242
v -0.000000 13.157598 -8.606556
v 0.000000 17.093006 -6.371624
v 10.231776 2.546035 -12.944358
v 9.881997 2.495929 -12.538993
v 10.830848 0.698376 -12.427407
v 10.481056 0.748484 -12.022050
v 10.481069 0.698376 -12.022040
v 10.830835 0.748491 -12.427417
v 10.830835 0.748491 -12.427417
v 10.377191 0.748486 -12.111680
v 10.481056 0.748484 -12.022050
v 10.726982 0.748486 -12.517035
v 10.726993 0.698379 -12.517025
v 10.481069 0.698376 -12.022040
v 10.377203 0.698379 -12.111669
v 10.830848 0.698376 -12.427407
v 10.913020 0.400222 -12.356500
v 10.563223 0.450329 -11.951148
v 10.563229 0.400218 -11.951143
v 10.913002 0.450334 -12.356514
v 10.913002 0.450334 -12.356514
v 10.459351 0.450331 -12.040781
v 10.563223 0.450329 -11.951148
v 10.809141 0.450331 -12.446138
v 10.809152 0.400219 -12.446128
v 10.563229 0.400218 -11.951143
v 10.459363 0.400219 -12.040771
v 10.913020 0.400222 -12.356500
v 10.997281 0.094414 -12.283788
v 10.647479 0.144522 -11.878441
v 10.647491 0.094414 -11.878430
v 10.997271 0.144522 -12.283798
v 10.997271 0.144522 -12.283798
v 10.543625 0.144525 -11.968060
v 10.647479 0.144522 -11.878441
v 10.893414 0.144525 -12.373417
v 10.893414 0.094416 -12.373417
v 10.647491 0.094414 -11.878430
v 10.543625 0.094416 -11.968060
v 10.997281 0.094414 -12.283788
v 10.893414 0.094416 -12.373417
v 10.543625 0.144525 -11.968060
v 10.893414 0.144525 -12.373417
v 10.543625 0.094416 -11.968060
v 10.809152 0.400219 -12.446128
v 10.459351 0.450331 -12.040781
v 10.809141 0.450331 -12.446138
v 10.459363 0.400219 -12.040771
v 10.726993 0.698379 -12.517025
v 10.377191 0.748486 -12.111680
v 10.726982 0.748486 -12.517035
v 10.377203 0.698379 -12.111669
vn -0.0000 0.0005 -1.0000
vn -0.0000 0.0004 -1.0000
vn -0.0000 1.0000 -0.0000
vn -0.0000 -1.0000 -0.0000
vn -0.0000 0.0003 -1.0000
vn -0.0000 0.0002 -1.0000
vn -0.0000 0.0001 -1.0000
vn -0.0000 -0.0000 -1.0000
vn -0.0000 -0.0000 1.0000
vn -0.0000 -0.0003 1.0000
vn 1.0000 0.0003 -0.0000
vn 1.0000 -0.0000 -0.0000
vn -1.0000 -0.0000 -0.0000
vn -1.0000 0.0003 -0.0000
vn -0.4573 -0.0000 -0.8893
vn 0.4573 -0.0000 -0.8893
vn -0.4360 0.1400 -0.8890
vn -0.0000 0.1556 -0.9878
vn -0.7660 -0.0000 -0.6428
vn -0.7661 -0.0000 -0.6428
vn -0.7070 0.7072 -0.0001
vn -0.7070 0.7072 -0.0000
vn 0.7070 0.7072 -0.0000
vn -0.7072 0.7070 -0.0000
vn -0.7072 -0.7070 -0.0000
vn -0.7070 -0.7072 -0.0000
vn 0.7070 -0.7072 -0.0000
vn 0.7072 -0.7070 -0.0000
vn 0.7073 -0.7069 -0.0000
vn 0.7073 0.7069 -0.0000
vn 0.7072 0.7070 -0.0000
vn 0.7072 0.7070 -0.0001
vn 0.7073 -0.7070 -0.0000
vn 0.7070 -0.7072 -0.0001
vn -0.7072 0.7070 0.0001
vn -0.7072 0.7070 0.0002
vn -0.7070 0.7072 0.0001
vn -0.7069 0.7073 0.0001
vn 0.4360 0.1400 -0.8890
vn 0.7660 -0.0000 -0.6428
vn 0.7661 -0.0000 -0.6428
vn 0.3535 0.8537 0.3825
vn 0.3536 0.8536 -0.3825
vn -0.3536 0.8536 0.3825
vn -0.3536 0.8536 -0.3825
vn 0.8536 0.3536 -0.3825
vn 0.8536 0.3536 0.3825
vn 0.8536 -0.3536 -0.3825
vn 0.8536 -0.3536 0.3825
vn 0.3536 -0.8536 -0.3825
vn 0.3536 -0.8536 0.3825
vn -0.3536 -0.8536 -0.3825
vn -0.3536 -0.8536 0.3825
vn -0.8536 -0.3535 -0.3826
vn -0.8536 -0.3536 0.3825
vn -0.8536 0.3535 -0.3825
vn -0.8536 0.3535 0.3826
vn 0.3536 0.8536 0.3825
vn -0.8537 0.3535 0.3825
vn -0.8536 0.3536 -0.3825
vn -0.8536 -0.3536 -0.3825
vn -0.3535 -0.8537 0.3825
vn 0.8537 0.3535 -0.3825
vn 0.8537 0.3536 -0.3824
vn 0.8536 0.3535 0.3826
vn -0.3535 -0.8536 -0.3826
vn -0.3535 -0.8536 0.3826
vn -0.8536 0.3535 0.3825
vn -0.3535 0.8536 -0.3825
vn -0.3535 0.8536 0.3826
vn 0.3535 0.8536 0.3825
vn 0.3826 0.3535 0.8536
vn -0.3826 0.3534 0.8537
vn -0.0000 0.0001 1.0000
vn 0.3826 -0.3537 0.8535
vn -0.3826 -0.3537 0.8536
vn 0.3826 -0.8536 0.3536
vn -0.3827 -0.8535 0.3537
vn -0.0000 -1.0000 -0.0001
vn 0.3825 -0.8536 -0.3535
vn -0.3825 -0.8536 -0.3536
vn 0.3826 -0.3535 -0.8536
vn -0.3826 -0.3534 -0.8536
vn 0.3826 0.3535 -0.8536
vn -0.3826 0.3535 -0.8536
vn -0.3825 0.8536 -0.3535
vn 0.3825 0.8536 -0.3536
vn 0.3827 0.8537 0.3533
vn -0.3827 0.8536 0.3535
vn 1.0000 -0.0004 -0.0004
vn 1.0000 -0.0003 0.0002
vn 1.0000 -0.0000 -0.0001
vn 1.0000 0.0002 0.0003
vn 1.0000 0.0002 -0.0011
vn 1.0000 0.0011 -0.0002
vn 1.0000 0.0001 -0.0003
vn -1.0000 -0.0004 -0.0004
vn -1.0000 -0.0003 -0.0005
vn -1.0000 -0.0003 0.0002
vn -1.0000 -0.0001 -0.0000
vn -1.0000 0.0002 0.0003
vn -1.0000 0.0003 -0.0002
vn -1.0000 0.0010 -0.0002
vn -1.0000 0.0001 -0.0002
vn 0.5000 0.4330 -0.7500
vn -0.5000 0.4330 -0.7500
vn 0.5000 -0.4330 -0.7500
vn -0.5000 -0.4330 -0.7500
vn -0.5000 0.8660 -0.0000
vn 0.5000 0.8660 -0.0000
vn -0.5000 0.4330 0.7500
vn 0.5000 0.4330 0.7500
vn -0.5000 -0.4329 0.7500
vn 0.5000 -0.4331 0.7500
vn -0.5000 -0.8660 -0.0000
vn 0.5000 -0.8660 -0.0000
vn -0.5000 0.4329 0.7500
vn 0.5001 0.4329 0.7500
vn -0.5001 -0.4328 0.7501
vn 0.5001 -0.4329 0.7500
vn 0.2587 0.3304 -0.9077
vn -0.0000 0.0872 -0.9962
vn -0.2587 0.3304 -0.9077
vn -0.0000 0.0871 -0.9962
vn -0.0000 -0.4226 -0.9063
vn 0.2587 -0.6209 -0.7400
vn -0.2587 -0.6209 -0.7400
vn -0.2587 0.7400 -0.6209
vn -0.0000 0.9063 -0.4226
vn 0.2587 0.7400 -0.6209
vn -0.0000 0.9962 0.0871
vn -0.0000 0.9962 0.0872
vn -0.2586 0.9077 0.3304
vn 0.2587 0.9077 0.3304
vn -0.2586 0.6209 0.7400
vn -0.0000 0.4226 0.9063
vn 0.2586 0.6209 0.7400
vn -0.0000 -0.0872 0.9962
vn -0.2587 -0.3304 0.9077
vn 0.2587 -0.3304 0.9077
vn -0.2586 -0.7400 0.6209
vn -0.0000 -0.9063 0.4226
vn 0.2586 -0.7401 0.6208
vn -0.0000 -0.9962 -0.0871
vn -0.0000 -0.9962 -0.0872
vn -0.2587 -0.9077 -0.3304
vn 0.2587 -0.9077 -0.3304
vn 0.4999 0.4330 -0.7500
vn -0.4999 0.4331 -0.7500
vn 0.4999 -0.4330 -0.7500
vn -0.4999 -0.4330 -0.7500
vn -0.5000 -0.4330 0.7500
vn 0.5000 -0.4330 0.7500
vn 0.3825 0.3536 0.8536
vn -0.3825 0.3536 0.8536
vn 0.3825 -0.3536 0.8536
vn -0.3826 -0.3535 0.8536
vn -0.3825 0.8536 0.3536
vn 0.3825 0.8536 0.3536
vn -0.3825 0.8536 -0.3536
vn -0.3825 0.3536 -0.8536
vn -0.3826 -0.3535 -0.8536
vn 0.3825 -0.8536 -0.3536
vn -0.3825 -0.8536 0.3536
vn 0.3825 -0.8536 0.3536
vn -0.3825 -0.3536 0.8536
vn 0.3825 -0.8537 0.3534
vn 0.3825 -0.3536 -0.8536
vn -0.3825 -0.3536 -0.8536
vn 0.3825 0.3536 -0.8536
vn 0.3825 -0.3535 -0.8536
vn -0.3826 -0.8536 0.3536
vn -0.3826 -0.3536 0.8536
vn 0.3824 -0.3536 0.8537
vn 0.2586 -0.6209 -0.7400
vn -0.2586 -0.6209 -0.7400
vn -0.2586 0.7400 -0.6209
vn 0.2586 0.7401 -0.6208
vn -0.2587 0.9077 0.3303
vn 0.2587 0.9077 0.3303
vn -0.2587 0.6209 0.7400
vn 0.2587 0.6209 0.7400
vn -0.2586 -0.3305 0.9077
vn 0.2586 -0.3305 0.9077
vn 0.2586 -0.7400 0.6209
vn -0.6480 -0.2190 -0.7295
vn -0.8988 -0.4000 0.1794
vn -0.6765 -0.2008 -0.7086
vn -0.4799 0.7997 -0.3609
vn -0.6478 0.2159 0.7306
vn -0.7587 0.2172 0.6142
vn 0.1484 0.0815 -0.9856
vn -0.4802 0.7999 -0.3600
vn 0.1620 0.1431 -0.9764
vn 0.8021 0.5442 -0.2462
vn 0.2293 0.8442 0.4844
vn 0.2064 0.7837 0.5859
vn 0.7863 -0.3815 -0.4860
vn 0.8018 0.5451 -0.2447
vn 0.6328 -0.4361 -0.6398
vn 0.5834 -0.7413 0.3318
vn 0.6633 -0.0184 0.7481
vn 0.7047 -0.0326 0.7088
vn -0.2259 -0.9535 -0.1993
vn 0.5836 -0.7405 0.3333
vn -0.2457 -0.9659 -0.0818
vn -0.8989 -0.3997 0.1794
vn -0.1924 -0.5469 0.8148
vn -0.1718 -0.4657 0.8681
vn -0.6819 0.3524 0.6410
vn -0.7464 0.2938 0.5972
vn -0.6793 -0.5282 -0.5096
vn -0.7013 -0.5195 -0.4882
vn 0.2063 -0.2432 0.9478
vn 0.1987 -0.1915 0.9612
vn 0.1798 -0.9674 -0.1784
vn 0.1724 -0.9602 -0.2198
vn 0.6762 0.5749 0.4607
vn 0.6635 0.5809 0.4715
vn 0.6730 -0.2973 -0.6773
vn 0.7126 -0.2681 -0.6484
vn -0.1475 0.9606 0.2355
vn -0.1422 0.9551 0.2598
vn -0.1814 0.1899 -0.9649
vn -0.1730 0.1453 -0.9741
vn -0.5000 0.4328 -0.7501
vn -0.4999 0.4330 0.7500
vn 0.4999 0.4331 0.7500
vn -0.4999 -0.4331 0.7500
vn 0.4999 -0.4330 0.7500
vn -0.2586 -0.6831 -0.6830
vn -0.0000 -0.5000 -0.8660
vn 0.2586 -0.6830 -0.6831
vn -0.0000 0.5000 -0.8660
vn -0.2586 0.6830 -0.6831
vn 0.2587 0.6830 -0.6830
vn 0.2587 -0.9331 -0.2500
vn -0.2587 -0.9331 -0.2500
vn 0.2587 -0.9331 0.2500
vn -0.2587 -0.9331 0.2500
vn 0.2587 -0.6830 0.6830
vn -0.0000 -0.5000 0.8660
vn -0.2586 -0.6830 0.6831
vn -0.0000 0.5000 0.8660
vn 0.2586 0.6830 0.6831
vn -0.2587 0.6830 0.6830
vn 0.2587 0.9330 0.2500
vn -0.2587 0.9331 0.2499
vn 0.2587 0.9331 -0.2500
vn -0.2587 0.9330 -0.2500
vn 0.2587 0.9331 0.2500
vn -0.2586 0.6830 0.6831
vn 0.2587 0.6830 0.6830
vn 0.4999 -0.4331 -0.7500
vn -0.5001 -0.4329 -0.7500
vn -0.5001 -0.0288 -0.8655
vn -0.5000 -0.0288 -0.8656
vn 0.5001 -0.0288 -0.8655
vn 0.5000 -0.0288 -0.8656
vn -0.5000 0.7352 -0.4577
vn -0.0000 0.9994 -0.0333
vn 0.5000 0.7352 -0.4577
vn -0.5000 0.7640 0.4078
vn 0.4999 0.7640 0.4078
vn -0.4999 0.0289 0.8656
vn -0.5001 0.0290 0.8655
vn 0.4999 0.0289 0.8656
vn 0.5001 0.0289 0.8655
vn -0.5000 -0.7352 0.4577
vn -0.0000 -0.9994 0.0333
vn 0.5000 -0.7352 0.4577
vn -0.5001 -0.7640 -0.4078
vn 0.5000 -0.7640 -0.4078
vn -0.0001 0.7070 0.7072
vn -0.0000 0.7070 0.7073
vn -0.0000 -0.7070 0.7073
vn 0.0001 -0.7072 0.7070
vn -0.0000 -0.7071 0.7071
vn -0.0000 -0.7072 -0.7070
vn 0.0001 -0.7072 -0.7070
vn -0.0001 -0.7070 -0.7072
vn -0.0000 -0.7070 -0.7072
vn -0.0000 0.7070 -0.7072
vn -0.0000 0.7072 -0.7070
vn -0.0001 0.7072 -0.7070
vn -0.0000 0.7071 0.7071
vn 0.0002 0.7071 0.7071
vn -1.0000 -0.0000 -0.0001
vn -1.0000 0.0011 -0.0002
vn -1.0000 0.0001 -0.0003
vn 1.0000 -0.0001 -0.0000
vn 1.0000 0.0003 -0.0002
vn 1.0000 0.0010 -0.0002
vn 1.0000 0.0001 -0.0002
vn -0.0000 0.8661 -0.5000
vn -0.0000 0.8660 -0.5000
vn -0.0000 -0.8660 -0.5000
vn -0.0000 0.8660 0.5000
vn -0.0000 -0.8660 0.5000
vn -0.0002 -0.8660 0.5000
vn -0.0000 0.5735 -0.8192
vn -0.0000 -0.8190 -0.5737
vn -0.0000 0.5737 -0.8191
vn -0.0000 0.8193 0.5734
vn -0.0000 0.8192 0.5735
vn -0.0000 0.8191 0.5737
vn -0.0000 -0.5735 0.8192
vn -0.0000 -0.5734 0.8192
vn -0.0000 -0.5737 0.8190
vn 0.0001 -0.5737 0.8190
vn -0.0000 -0.8192 -0.5735
vn -0.0000 0.7070 0.7072
vn -0.0000 -0.7070 0.7072
vn -0.0000 0.7072 0.7070
vn -0.0000 -0.7072 0.7070
vn 0.0002 -0.7072 0.7070
vn 0.0001 -0.7070 0.7072
vn -0.0000 0.5734 -0.8192
vn -0.0000 0.5737 -0.8190
vn 0.0002 0.5737 -0.8190
vn -0.0001 0.8192 0.5735
vn -0.0000 0.8190 0.5737
vn -0.0000 -0.5737 0.8191
vn 0.0001 -0.5737 0.8191
vn 0.8312 -0.4478 0.3296
vn 0.5456 0.6750 -0.4967
vn 0.8988 -0.4018 0.1753
vn 0.4799 0.8013 -0.3573
vn 0.5126 0.8396 -0.1797
vn 0.8594 -0.4999 0.1073
vn 0.5460 0.6748 -0.4966
vn -0.8638 0.4058 -0.2986
vn 0.4802 0.8011 -0.3573
vn -0.8021 0.5436 -0.2475
vn -0.8411 0.5288 -0.1139
vn 0.5130 0.8394 -0.1798
vn -0.8637 0.4060 -0.2987
vn -0.5008 -0.6971 0.5131
vn -0.8018 0.5439 -0.2475
vn -0.5834 -0.7385 0.3381
vn -0.5368 -0.8251 0.1763
vn -0.8409 0.5290 -0.1139
vn -0.5011 -0.6970 0.5129
vn 0.8314 -0.4475 0.3295
vn -0.5836 -0.7383 0.3381
vn 0.8989 -0.4015 0.1752
vn 0.8596 -0.4996 0.1073
vn -0.5372 -0.8249 0.1762
vn 0.4925 -0.7215 0.4866
vn 0.5240 -0.7061 0.4762
vn 0.8797 0.3943 -0.2659
vn 0.8525 0.4334 -0.2923
vn -0.8158 -0.4795 0.3234
vn -0.8471 -0.4406 0.2973
vn 0.4929 -0.7213 0.4866
vn 0.5243 -0.7060 0.4761
vn -0.5599 0.6870 -0.4632
vn -0.5299 0.7031 -0.4741
vn -0.8156 -0.4796 0.3237
vn -0.8469 -0.4408 0.2974
vn 0.8798 0.3941 -0.2657
vn 0.8527 0.4331 -0.2922
vn -0.5601 0.6868 -0.4632
vn -0.5302 0.7030 -0.4741
vn -0.0002 0.8660 -0.5000
vn -0.0000 -0.8659 -0.5002
vn -0.0000 0.8659 -0.5002
vn -0.0000 0.8660 -0.5001
vn -0.0000 -0.8661 -0.4999
vn -0.0000 -0.8661 0.4999
vn -0.0000 -0.8659 0.5001
vn -0.0000 -0.8659 0.5002
vn -0.0000 0.8659 0.5002
vn -0.0000 0.8660 0.5001
vn -0.0000 0.8661 0.4999
vn -0.0001 0.8661 0.4999
vn -0.0000 0.8661 -0.4999
vn -0.0000 -0.8660 0.5001
vn -0.0000 -0.5286 -0.8489
vn -0.0000 0.4709 -0.8822
vn -0.0000 0.5286 0.8489
vn -0.0000 -0.4709 0.8822
vn -0.0000 -0.5285 -0.8489
vn 0.7571 0.0005 0.6533
vn 0.7571 0.0004 0.6533
vn 0.7571 0.0003 0.6533
vn 0.7571 0.0002 0.6533
vn 0.7571 0.0001 0.6533
vn 0.7571 -0.0000 0.6533
vn -0.7571 -0.0000 -0.6533
vn -0.7571 -0.0003 -0.6533
vn -0.7571 -0.0002 -0.6533
vn -0.7571 0.0005 0.6533
vn -0.7571 0.0004 0.6533
vn -0.7571 0.0003 0.6533
vn -0.7571 0.0002 0.6533
vn -0.7571 0.0001 0.6533
vn -0.7571 -0.0000 0.6533
vn 0.7571 -0.0000 -0.6533
vn 0.7571 -0.0003 -0.6533
vn 0.7571 -0.0002 -0.6533
vt 0.727932 0.417789
vt 0.736018 0.417789
vt 0.727932 0.417028
vt 0.736018 0.417028
vt 0.272068 4.258721
vt 0.263982 4.258721
vt 0.272068 4.260812
vt 0.263982 4.260812
vt 0.727932 4.260812
vt 0.736018 4.260812
vt 0.727932 4.258721
vt 0.736018 4.258721
vt 0.727932 0.413259
vt 0.736018 0.413259
vt 0.727932 0.412497
vt 0.736018 0.412497
vt 0.272068 4.260375
vt 0.263982 4.260375
vt 0.272068 4.262465
vt 0.263982 4.262465
vt 0.727932 4.262465
vt 0.736018 4.262465
vt 0.727932 4.260375
vt 0.736018 4.260375
vt 0.727932 0.408728
vt 0.736018 0.408728
vt 0.727932 0.407967
vt 0.736018 0.407967
vt 0.272068 4.262029
vt 0.263982 4.262029
vt 0.272068 4.264119
vt 0.263982 4.264119
vt 0.727932 4.264120
vt 0.736018 4.264120
vt 0.727932 4.262029
vt 0.736018 4.262029
vt 0.727932 0.395021
vt 0.736018 0.395021
vt 0.727932 0.394259
vt 0.736018 0.394259
vt 0.272068 4.267033
vt 0.263982 4.267033
vt 0.272068 4.269123
vt 0.263982 4.269123
vt 0.727932 4.269123
vt 0.736018 4.269123
vt 0.727932 4.267033
vt 0.736018 4.267033
vt 0.727932 0.404082
vt 0.736018 0.404082
vt 0.727932 0.403320
vt 0.736018 0.403320
vt 0.272068 4.263725
vt 0.263982 4.263725
vt 0.272068 4.265815
vt 0.263982 4.265815
vt 0.727932 4.265816
vt 0.736018 4.265816
vt 0.727932 4.263725
vt 0.736018 4.263725
vt 0.727932 0.399551
vt 0.736018 0.399551
vt 0.727932 0.398790
vt 0.736018 0.398790
vt 0.272068 4.265378
vt 0.263982 4.265378
vt 0.272068 4.267469
vt 0.263982 4.267469
vt 0.727932 4.267469
vt 0.736018 4.267469
vt 0.727932 4.265378
vt 0.736018 4.265378
vt 0.263982 0.394259
vt 0.263982 0.395021
vt 0.272068 0.394259
vt 0.272068 0.395021
vt 0.263982 0.398790
vt 0.263982 0.399551
vt 0.272068 0.398790
vt 0.272068 0.399551
vt 0.263982 0.403320
vt 0.263982 0.404082
vt 0.272068 0.403320
vt 0.272068 0.404082
vt 0.263982 0.407967
vt 0.263982 0.408728
vt 0.272068 0.407967
vt 0.272068 0.408728
vt 0.263982 0.412497
vt 0.263982 0.413259
vt 0.272068 0.412497
vt 0.272068 0.413259
vt 0.263982 0.417028
vt 0.263982 0.417789
vt 0.272068 0.417028
vt 0.272068 0.417789
vt 0.727932 0.390476
vt 0.736018 0.390476
vt 0.727932 0.389714
vt 0.736018 0.389714
vt 0.272068 4.268689
vt 0.263982 4.268689
vt 0.272068 4.270780
vt 0.263982 4.270780
vt 0.727932 4.270780
vt 0.736018 4.270780
vt 0.727932 4.268689
vt 0.736018 4.268689
vt 0.727932 0.385945
vt 0.736018 0.385945
vt 0.727932 0.385184
vt 0.736018 0.385184
vt 0.272068 4.270343
vt 0.263982 4.270343
vt 0.272068 4.272433
vt 0.263982 4.272433
vt 0.727932 4.272434
vt 0.736018 4.272434
vt 0.727932 4.270343
vt 0.736018 4.270343
vt 0.727932 0.381298
vt 0.736018 0.381298
vt 0.727932 0.380537
vt 0.736018 0.380537
vt 0.272068 4.272039
vt 0.263982 4.272039
vt 0.272068 4.274129
vt 0.263982 4.274129
vt 0.727932 4.274130
vt 0.736018 4.274130
vt 0.727932 4.272039
vt 0.736018 4.272039
vt 0.263982 0.380537
vt 0.263982 0.381298
vt 0.272068 0.380537
vt 0.272068 0.381298
vt 0.263982 0.385184
vt 0.263982 0.385945
vt 0.272068 0.385184
vt 0.272068 0.385945
vt 0.263982 0.389714
vt 0.263982 0.390476
vt 0.272068 0.389714
vt 0.272068 0.390476
vt -3.343024 0.491768
vt -3.351183 0.491768
vt -3.343024 0.492529
vt -3.351183 0.492529
vt 0.437752 4.343024
vt 0.437752 4.351183
vt 0.439824 4.343024
vt 0.439824 4.351183
vt 0.560176 4.343024
vt 0.560176 4.351183
vt 0.562248 4.343024
vt 0.562248 4.351183
vt -3.343024 0.477180
vt -3.351183 0.477180
vt -3.343024 0.477941
vt -3.351183 0.477941
vt -3.343024 0.472359
vt -3.351183 0.472359
vt -3.343024 0.473120
vt -3.351183 0.473120
vt -3.343024 0.467538
vt -3.351183 0.467538
vt -3.343024 0.468299
vt -3.351183 0.468299
vt -3.343024 0.486822
vt -3.351183 0.486822
vt -3.343024 0.487584
vt -3.351183 0.487584
vt -3.343024 0.482001
vt -3.351183 0.482001
vt -3.343024 0.482763
vt -3.351183 0.482763
vt -3.343024 0.462593
vt -3.351183 0.462593
vt -3.343024 0.463354
vt -3.351183 0.463354
vt -3.351183 0.458533
vt -3.351183 0.457771
vt -3.343024 0.458533
vt -3.343024 0.457771
vt -3.351183 0.498138
vt -3.351183 0.497377
vt -3.343024 0.498138
vt -3.343024 0.497377
vt 4.351183 0.457772
vt 4.351183 0.458533
vt 4.343024 0.457772
vt 4.343024 0.458533
vt 4.351183 0.462593
vt 4.351183 0.463354
vt 4.343024 0.462593
vt 4.343024 0.463354
vt 4.351183 0.467538
vt 4.351183 0.468299
vt 4.343024 0.467538
vt 4.343024 0.468299
vt 4.351183 0.472359
vt 4.351183 0.473120
vt 4.343024 0.472359
vt 4.343024 0.473120
vt 4.351183 0.491768
vt 4.351183 0.492529
vt 4.343024 0.491768
vt 4.343024 0.492529
vt 4.351183 0.486823
vt 4.351183 0.487584
vt 4.343024 0.486823
vt 4.343024 0.487584
vt 4.351183 0.482001
vt 4.351183 0.482763
vt 4.343024 0.482001
vt 4.343024 0.482763
vt 4.351183 0.477180
vt 4.351183 0.477941
vt 4.343024 0.477180
vt 4.343024 0.477941
vt 4.351183 0.497377
vt 4.351183 0.498138
vt 4.343024 0.497377
vt 4.343024 0.498138
vt 0.555752 0.529488
vt 0.555752 0.530250
vt 0.547666 0.529488
vt 0.547666 0.530250
vt 0.444248 4.326045
vt 0.444248 4.323954
vt 0.452334 4.326045
vt 0.452334 4.323954
vt 0.555752 4.323954
vt 0.555752 4.326045
vt 0.547666 4.323954
vt 0.547666 4.326045
vt 0.555752 0.515781
vt 0.555752 0.516542
vt 0.547666 0.515781
vt 0.547666 0.516542
vt 0.444248 4.331048
vt 0.444248 4.328958
vt 0.452334 4.331048
vt 0.452334 4.328958
vt 0.555752 4.328958
vt 0.555752 4.331048
vt 0.547666 4.328958
vt 0.547666 4.331048
vt 0.555752 0.524842
vt 0.555752 0.525603
vt 0.547666 0.524842
vt 0.547666 0.525603
vt 0.444248 4.327741
vt 0.444248 4.325650
vt 0.452334 4.327741
vt 0.452334 4.325650
vt 0.555752 4.325650
vt 0.555752 4.327741
vt 0.547666 4.325650
vt 0.547666 4.327741
vt 0.555752 0.520311
vt 0.555752 0.521073
vt 0.547666 0.520311
vt 0.547666 0.521073
vt 0.444248 4.329394
vt 0.444248 4.327304
vt 0.452334 4.329394
vt 0.452334 4.327304
vt 0.555752 4.327304
vt 0.555752 4.329394
vt 0.547666 4.327304
vt 0.547666 4.329394
vt 0.452334 0.516542
vt 0.444248 0.516542
vt 0.452334 0.515781
vt 0.444248 0.515781
vt 0.452334 0.521073
vt 0.444248 0.521073
vt 0.452334 0.520311
vt 0.444248 0.520311
vt 0.452334 0.525603
vt 0.444248 0.525603
vt 0.452334 0.524842
vt 0.444248 0.524842
vt 0.452334 0.530250
vt 0.444248 0.530250
vt 0.452334 0.529488
vt 0.444248 0.529488
vt 0.555752 0.511236
vt 0.555752 0.511997
vt 0.547666 0.511236
vt 0.547666 0.511997
vt 0.444248 4.332705
vt 0.444248 4.330614
vt 0.452334 4.332705
vt 0.452334 4.330614
vt 0.555752 4.330615
vt 0.555752 4.332705
vt 0.547666 4.330615
vt 0.547666 4.332705
vt 0.555752 0.506705
vt 0.555752 0.507467
vt 0.547666 0.506705
vt 0.547666 0.507467
vt 0.444248 4.334359
vt 0.444248 4.332268
vt 0.452334 4.334359
vt 0.452334 4.332268
vt 0.555752 4.332268
vt 0.555752 4.334359
vt 0.547666 4.332268
vt 0.547666 4.334359
vt 0.555752 0.502059
vt 0.555752 0.502820
vt 0.547666 0.502059
vt 0.547666 0.502820
vt 0.444248 4.336055
vt 0.444248 4.333964
vt 0.452334 4.336055
vt 0.452334 4.333964
vt 0.555752 4.333964
vt 0.555752 4.336055
vt 0.547666 4.333964
vt 0.547666 4.336055
vt 0.452334 0.502820
vt 0.444248 0.502820
vt 0.452334 0.502059
vt 0.444248 0.502059
vt 0.452334 0.507467
vt 0.444248 0.507467
vt 0.452334 0.506705
vt 0.444248 0.506705
vt 0.452334 0.511997
vt 0.444248 0.511997
vt 0.452334 0.511236
vt 0.444248 0.511236
vt 0.561175 0.559921
vt 0.561175 0.560682
vt 0.553089 0.559921
vt 0.553089 0.560682
vt 0.438825 4.202782
vt 0.438825 4.200691
vt 0.446911 4.202782
vt 0.446911 4.200691
vt 0.561175 4.200692
vt 0.561175 4.202783
vt 0.553089 4.200692
vt 0.553089 4.202783
vt 0.561175 0.546213
vt 0.561175 0.546975
vt 0.553089 0.546213
vt 0.553089 0.546975
vt 0.438825 4.207786
vt 0.438825 4.205695
vt 0.446911 4.207786
vt 0.446911 4.205695
vt 0.561175 4.205695
vt 0.561175 4.207786
vt 0.553089 4.205695
vt 0.553089 4.207786
vt 0.561175 0.555274
vt 0.561175 0.556035
vt 0.553089 0.555274
vt 0.553089 0.556035
vt 0.438825 4.204478
vt 0.438825 4.202388
vt 0.446911 4.204478
vt 0.446911 4.202388
vt 0.561175 4.202388
vt 0.561175 4.204478
vt 0.553089 4.202388
vt 0.553089 4.204478
vt 0.561175 0.550744
vt 0.561175 0.551505
vt 0.553089 0.550744
vt 0.553089 0.551505
vt 0.438825 4.206132
vt 0.438825 4.204041
vt 0.446911 4.206132
vt 0.446911 4.204041
vt 0.561175 4.204041
vt 0.561175 4.206132
vt 0.553089 4.204041
vt 0.553089 4.206132
vt 0.446911 0.546975
vt 0.438825 0.546975
vt 0.446911 0.546213
vt 0.438825 0.546213
vt 0.446911 0.551505
vt 0.438825 0.551505
vt 0.446911 0.550744
vt 0.438825 0.550744
vt 0.446911 0.556035
vt 0.438825 0.556035
vt 0.446911 0.555274
vt 0.438825 0.555274
vt 0.446911 0.560682
vt 0.438825 0.560682
vt 0.446911 0.559921
vt 0.438825 0.559921
vt 0.561175 0.541668
vt 0.561175 0.542429
vt 0.553089 0.541668
vt 0.553089 0.542430
vt 0.438825 4.209443
vt 0.438825 4.207352
vt 0.446911 4.209442
vt 0.446911 4.207352
vt 0.561175 4.207352
vt 0.561175 4.209443
vt 0.553089 4.207352
vt 0.553089 4.209443
vt 0.561175 0.537138
vt 0.561175 0.537899
vt 0.553089 0.537138
vt 0.553089 0.537899
vt 0.438825 4.211097
vt 0.438825 4.209005
vt 0.446911 4.211096
vt 0.446911 4.209005
vt 0.561175 4.209006
vt 0.561175 4.211097
vt 0.553089 4.209006
vt 0.553089 4.211097
vt 0.561175 0.532491
vt 0.561175 0.533252
vt 0.553089 0.532491
vt 0.553089 0.533252
vt 0.438825 4.212792
vt 0.438825 4.210702
vt 0.446911 4.212792
vt 0.446911 4.210702
vt 0.561175 4.210702
vt 0.561175 4.212792
vt 0.553089 4.210702
vt 0.553089 4.212792
vt 0.446911 0.533252
vt 0.438825 0.533252
vt 0.446911 0.532491
vt 0.438825 0.532491
vt 0.446911 0.537899
vt 0.438825 0.537899
vt 0.446911 0.537138
vt 0.438825 0.537138
vt 0.446911 0.542429
vt 0.438825 0.542429
vt 0.446911 0.541668
vt 0.438825 0.541668
vt -3.216728 0.524612
vt -3.216728 0.523850
vt -3.208569 0.524612
vt -3.208568 0.523850
vt 0.375431 4.216728
vt 0.373359 4.216728
vt 0.375431 4.208569
vt 0.373359 4.208569
vt 0.626641 4.216728
vt 0.624569 4.216728
vt 0.626641 4.208568
vt 0.624569 4.208568
vt -3.216728 0.519790
vt -3.216728 0.519029
vt -3.208569 0.519790
vt -3.208568 0.519029
vt -3.216728 0.514969
vt -3.216728 0.514208
vt -3.208569 0.514969
vt -3.208568 0.514208
vt -3.216728 0.510024
vt -3.216728 0.509263
vt -3.208569 0.510024
vt -3.208568 0.509263
vt -3.216728 0.505203
vt -3.216728 0.504442
vt -3.208569 0.505203
vt -3.208568 0.504442
vt 4.216728 0.504442
vt 4.216728 0.505203
vt 4.208568 0.504442
vt 4.208569 0.505203
vt 4.216728 0.509263
vt 4.216728 0.510024
vt 4.208568 0.509263
vt 4.208569 0.510024
vt 4.216728 0.514208
vt 4.216728 0.514969
vt 4.208568 0.514208
vt 4.208569 0.514969
vt 4.216728 0.519029
vt 4.216728 0.519790
vt 4.208568 0.519029
vt 4.208569 0.519790
vt 4.216728 0.523850
vt 4.216728 0.524612
vt 4.208568 0.523850
vt 4.208569 0.524612
vt -3.216728 0.529433
vt -3.216728 0.528671
vt -3.208569 0.529433
vt -3.208568 0.528671
vt 4.216728 0.528672
vt 4.216728 0.529433
vt 4.208568 0.528672
vt 4.208569 0.529433
vt 0.568417 0.638772
vt 0.566306 0.638772
vt 0.568417 0.631799
vt 0.566306 0.631799
vt 0.564195 0.638772
vt 0.564195 0.631799
vt 0.502648 0.635045
vt 0.520981 0.635045
vt 0.502648 0.638831
vt 0.520981 0.638831
vt 0.499997 0.638831
vt 0.499997 0.636938
vt -3.423691 0.574703
vt -3.419167 0.578103
vt -3.428216 0.578103
vt -3.423691 0.588304
vt -3.428216 0.584903
vt -3.419167 0.584903
vt 0.505851 0.585833
vt 0.499998 0.589233
vt 0.505851 0.579033
vt 0.499998 0.575632
vt 0.499997 0.579033
vt 0.273992 4.431314
vt 0.278515 4.431314
vt 0.273992 4.444734
vt 0.278515 4.444734
vt 0.283039 4.431314
vt 0.283039 4.444734
vt -3.444734 0.392776
vt -3.444734 0.388225
vt -3.431314 0.392776
vt -3.431314 0.388225
vt -3.444734 0.383674
vt -3.431314 0.383674
vt 0.726008 4.444734
vt 0.721485 4.444734
vt 0.726008 4.431314
vt 0.721485 4.431314
vt 0.716961 4.444734
vt 0.716961 4.431314
vt 4.444734 0.383674
vt 4.444734 0.388225
vt 4.431314 0.383674
vt 4.431314 0.388225
vt 4.444734 0.392776
vt 4.431314 0.392776
vt 0.278515 0.380435
vt 0.283991 0.382716
vt 0.273040 0.382716
vt 0.273040 0.393734
vt 0.270772 0.388225
vt 0.283991 0.393734
vt 0.286259 0.388225
vt 0.278515 0.396015
vt 0.716009 0.382716
vt 0.721485 0.380435
vt 0.713742 0.388225
vt 0.721485 0.396015
vt 0.716009 0.393734
vt 0.729228 0.388225
vt 0.726960 0.382716
vt 0.726960 0.393734
vt 0.283991 4.431314
vt 0.283991 4.429989
vt 0.278515 4.429989
vt 0.273040 4.431314
vt 0.273040 4.429989
vt 4.429989 0.393734
vt 4.429989 0.388225
vt 4.431314 0.393734
vt 4.429989 0.382716
vt 4.431314 0.382716
vt 0.716009 4.429989
vt 0.721485 4.429989
vt 0.716009 4.431314
vt 0.726960 4.429989
vt 0.726960 4.431314
vt -3.429989 0.382716
vt -3.429989 0.388225
vt -3.431314 0.382716
vt -3.429989 0.393734
vt -3.431314 0.393734
vt -3.446058 0.393734
vt -3.446058 0.388225
vt -3.444734 0.393734
vt -3.446058 0.382716
vt -3.444734 0.382716
vt 0.726960 4.446058
vt 0.721485 4.446058
vt 0.726960 4.444734
vt 0.716009 4.446058
vt 0.716009 4.444734
vt 4.446058 0.382716
vt 4.446058 0.388225
vt 4.444734 0.382716
vt 4.446058 0.393734
vt 4.444734 0.393734
vt 0.283991 4.446058
vt 0.278515 4.446058
vt 0.283991 4.444734
vt 0.273040 4.446058
vt 0.273040 4.444734
vt 0.713741 0.388225
vt 0.286258 0.388225
vt 0.334185 0.455850
vt 0.359162 0.455850
vt 0.334185 0.454762
vt 0.359161 0.454762
vt 0.334186 0.453674
vt 0.359161 0.453674
vt 0.665814 4.137968
vt 0.640839 4.137968
vt 0.665815 4.139063
vt 0.640839 4.139063
vt 0.665815 4.140158
vt 0.640839 4.140158
vt 0.665815 0.453674
vt 0.640839 0.453674
vt 0.665815 0.454762
vt 0.640839 0.454762
vt 0.665815 0.455850
vt 0.640839 0.455850
vt 0.359161 4.140158
vt 0.359161 4.139063
vt 0.334185 4.140158
vt 0.334186 4.139063
vt 0.334185 4.137968
vt 0.359162 4.137968
vt -3.137515 0.454762
vt -3.137968 0.453674
vt -3.137968 0.455850
vt -3.140158 0.453674
vt -3.139063 0.453223
vt -3.140158 0.455850
vt -3.139063 0.456300
vt -3.140611 0.454762
vt 4.137515 0.454762
vt 4.137968 0.455850
vt 4.137968 0.453674
vt 4.140158 0.453674
vt 4.139063 0.453223
vt 4.140158 0.455850
vt 4.139063 0.456300
vt 4.140611 0.454762
vt 0.657786 0.551861
vt 0.657786 0.550393
vt 0.648812 0.551861
vt 0.648812 0.550393
vt 0.657786 0.548926
vt 0.648812 0.548926
vt 0.351188 3.960564
vt 0.351188 3.958858
vt 0.342214 3.960564
vt 0.342214 3.958859
vt 0.351188 0.551861
vt 0.351188 0.550393
vt 0.342214 0.551861
vt 0.342214 0.550393
vt 0.351188 0.548926
vt 0.342214 0.548926
vt 0.648812 3.958858
vt 0.648812 3.960564
vt 0.657786 3.958859
vt 0.657786 3.960564
vt -2.960564 0.551861
vt -2.958859 0.551861
vt -2.961416 0.550393
vt -2.958859 0.548926
vt -2.958006 0.550393
vt -2.960564 0.548926
vt 3.958858 0.548926
vt 3.958006 0.550393
vt 3.960564 0.548926
vt 3.960564 0.551861
vt 3.958858 0.551861
vt 3.961416 0.550393
vt 0.657786 0.550359
vt 0.657786 0.548892
vt 0.648812 0.550359
vt 0.648812 0.548892
vt 0.657786 0.547424
vt 0.648812 0.547424
vt 0.351188 3.968539
vt 0.351188 3.966834
vt 0.342214 3.968539
vt 0.342214 3.966834
vt 0.351188 0.550359
vt 0.351188 0.548892
vt 0.342214 0.550359
vt 0.342214 0.548892
vt 0.351188 0.547424
vt 0.342214 0.547424
vt 0.648812 3.966834
vt 0.648812 3.968539
vt 0.657786 3.966834
vt 0.657786 3.968539
vt -2.968539 0.550359
vt -2.966834 0.550359
vt -2.969392 0.548892
vt -2.966834 0.547424
vt -2.965981 0.548892
vt -2.968539 0.547424
vt 3.966834 0.547424
vt 3.965981 0.548892
vt 3.968539 0.547424
vt 3.968539 0.550359
vt 3.966834 0.550359
vt 3.969392 0.548892
vt 0.654798 0.553712
vt 0.654798 0.550898
vt 0.651856 0.553712
vt 0.651856 0.550898
vt 0.654798 0.547948
vt 0.651856 0.547948
vt 0.654798 0.545653
vt 0.651856 0.545653
vt 0.348144 3.964480
vt 0.348144 3.962172
vt 0.345202 3.964480
vt 0.345202 3.962172
vt 0.348144 3.959204
vt 0.345202 3.959204
vt 0.348144 3.956372
vt 0.345202 3.956372
vt 0.348144 0.555133
vt 0.348144 0.552839
vt 0.345202 0.555133
vt 0.345202 0.552839
vt 0.348144 0.549889
vt 0.345202 0.549889
vt 0.348144 0.547074
vt 0.345202 0.547074
vt 0.651856 3.954942
vt 0.651856 3.957251
vt 0.654798 3.954942
vt 0.654798 3.957251
vt 0.651856 3.960219
vt 0.654798 3.960219
vt 0.651856 3.963051
vt 0.654798 3.963051
vt -2.954942 0.547074
vt -2.957251 0.545149
vt -2.953911 0.549889
vt -2.956372 0.555133
vt -2.954435 0.552839
vt -2.965511 0.550898
vt -2.963051 0.545653
vt -2.960219 0.544629
vt -2.964988 0.547948
vt -2.962172 0.555637
vt -2.959204 0.556157
vt -2.964480 0.553712
vt 3.956372 0.555133
vt 3.959204 0.556157
vt 3.954435 0.552839
vt 3.954942 0.547074
vt 3.953911 0.549889
vt 3.964988 0.547948
vt 3.964480 0.553712
vt 3.962172 0.555637
vt 3.965511 0.550898
vt 3.960219 0.544629
vt 3.957251 0.545149
vt 3.963051 0.545653
vt 0.670841 0.456209
vt 0.670841 0.454741
vt 0.635756 0.456209
vt 0.635756 0.454741
vt 0.670841 0.453274
vt 0.635756 0.453274
vt 0.364244 4.107023
vt 0.364244 4.105318
vt 0.329159 4.107023
vt 0.329159 4.105318
vt 0.364244 0.456209
vt 0.364244 0.454741
vt 0.329159 0.456209
vt 0.329159 0.454741
vt 0.364244 0.453274
vt 0.329159 0.453274
vt 0.635756 4.105318
vt 0.635756 4.107023
vt 0.670841 4.105318
vt 0.670841 4.107023
vt -3.107023 0.456209
vt -3.105318 0.456209
vt -3.107875 0.454741
vt -3.105318 0.453274
vt -3.104465 0.454741
vt -3.107023 0.453274
vt 4.105318 0.453274
vt 4.104465 0.454741
vt 4.107023 0.453274
vt 4.107023 0.456209
vt 4.105318 0.456209
vt 4.107875 0.454741
vt 0.343411 0.471687
vt 0.350453 0.471687
vt 0.343411 0.468600
vt 0.350453 0.468600
vt 0.343411 0.465514
vt 0.350453 0.465513
vt 0.350453 4.104456
vt 0.343411 4.104456
vt 0.350453 4.107562
vt 0.343411 4.107562
vt 0.350453 4.110668
vt 0.343411 4.110668
vt 0.649547 0.471687
vt 0.656589 0.471687
vt 0.649547 0.468600
vt 0.656589 0.468600
vt 0.649547 0.465513
vt 0.656589 0.465513
vt 0.649547 4.110668
vt 0.656589 4.110668
vt 0.649547 4.107562
vt 0.656589 4.107562
vt 0.649547 4.104456
vt 0.656589 4.104456
vt -3.102246 0.468600
vt -3.103803 0.464864
vt -3.103803 0.472336
vt -3.111321 0.464864
vt -3.107562 0.463317
vt -3.111321 0.472336
vt -3.107562 0.473884
vt -3.112878 0.468600
vt 4.103803 0.472336
vt 4.107562 0.473884
vt 4.102245 0.468600
vt 4.112878 0.468600
vt 4.111320 0.472336
vt 4.107562 0.463317
vt 4.103803 0.464864
vt 4.111320 0.464864
vt 0.343411 0.464864
vt 0.342099 0.464864
vt 0.342098 0.468600
vt 0.343411 0.472336
vt 0.342099 0.472336
vt 0.657901 4.103803
vt 0.656589 4.103803
vt 0.657901 4.107562
vt 0.657902 4.111321
vt 0.656589 4.111321
vt 0.657902 0.464864
vt 0.656589 0.464864
vt 0.657902 0.468600
vt 0.657902 0.472336
vt 0.656589 0.472336
vt 0.342098 4.111321
vt 0.343411 4.111321
vt 0.342099 4.107562
vt 0.342099 4.103803
vt 0.343411 4.103803
vt 0.351765 4.103803
vt 0.350453 4.103803
vt 0.351765 4.107562
vt 0.351765 4.111320
vt 0.350453 4.111320
vt 0.648235 0.472336
vt 0.649547 0.472336
vt 0.648235 0.468600
vt 0.648235 0.464864
vt 0.649547 0.464864
vt 0.648235 4.111320
vt 0.649547 4.111320
vt 0.648235 4.107562
vt 0.648235 4.103803
vt 0.649547 4.103803
vt 0.351765 0.464864
vt 0.350453 0.464864
vt 0.351765 0.468600
vt 0.351765 0.472336
vt 0.350453 0.472336
vt 4.102246 0.468600
vt 4.111321 0.472336
vt 4.111321 0.464864
vt -3.102245 0.468600
vt -3.111320 0.472336
vt -3.111320 0.464864
vt 0.654798 0.543838
vt 0.654798 0.542096
vt 0.651856 0.543838
vt 0.651856 0.542096
vt 0.654798 0.540271
vt 0.651856 0.540271
vt 0.654798 0.538851
vt 0.651856 0.538851
vt 0.348144 4.008886
vt 0.348144 4.007458
vt 0.345202 4.008886
vt 0.345202 4.007458
vt 0.348144 4.005621
vt 0.345202 4.005621
vt 0.348144 4.003869
vt 0.345202 4.003869
vt 0.348144 0.544717
vt 0.348144 0.543297
vt 0.345202 0.544717
vt 0.345202 0.543297
vt 0.348144 0.541472
vt 0.345202 0.541472
vt 0.348144 0.539730
vt 0.345202 0.539730
vt 0.651856 4.002984
vt 0.651856 4.004413
vt 0.654798 4.002984
vt 0.654798 4.004413
vt 0.651856 4.006249
vt 0.654798 4.006249
vt 0.651856 4.008002
vt 0.654798 4.008002
vt -3.002984 0.539730
vt -3.004413 0.538539
vt -3.002346 0.541472
vt -3.003869 0.544717
vt -3.002670 0.543297
vt -3.009524 0.542096
vt -3.008002 0.538851
vt -3.006249 0.538217
vt -3.009201 0.540271
vt -3.007458 0.545029
vt -3.005621 0.545351
vt -3.008886 0.543838
vt 4.003869 0.544717
vt 4.005621 0.545351
vt 4.002670 0.543297
vt 4.002984 0.539730
vt 4.002346 0.541472
vt 4.009201 0.540271
vt 4.008886 0.543838
vt 4.007458 0.545029
vt 4.009524 0.542096
vt 4.006249 0.538217
vt 4.004413 0.538539
vt 4.008002 0.538851
vt 4.109665 0.470141
vt 4.007443 0.544912
vt 4.110225 0.471202
vt 4.007847 0.546068
vt 3.961776 0.555905
vt 3.961594 0.554647
vt 0.347170 4.110225
vt 0.347181 4.007847
vt 0.346183 4.110094
vt 0.346174 4.007745
vt 0.346154 3.961730
vt 0.347199 3.961776
vt -3.110094 0.470964
vt -3.007745 0.545800
vt -3.109515 0.469854
vt -3.007345 0.544604
vt -2.961550 0.554350
vt -2.961730 0.555593
vt 0.653635 4.109515
vt 0.653631 4.007345
vt 0.652565 4.109665
vt 0.652568 4.007443
vt 0.652588 3.961594
vt 0.653610 3.961550
vt 3.957149 0.545933
vt 3.957860 0.546735
vt 4.107096 0.445422
vt 4.107703 0.446312
vt 0.653830 3.957322
vt 0.652820 3.957149
vt 0.653836 4.107244
vt 0.652814 4.107096
vt -2.958044 0.546942
vt -2.957322 0.546125
vt -3.107857 0.446538
vt -3.107244 0.445640
vt 0.347428 3.957860
vt 0.346374 3.958044
vt 0.347424 4.107703
vt 0.346380 4.107857
vt 0.661694 0.470068
vt 0.661694 0.468600
vt 0.644904 0.470068
vt 0.644904 0.468600
vt 0.661694 0.467133
vt 0.644904 0.467133
vt 0.355096 4.108414
vt 0.355096 4.106709
vt 0.338306 4.108414
vt 0.338306 4.106709
vt 0.355096 0.470068
vt 0.355096 0.468600
vt 0.338306 0.470068
vt 0.338306 0.468600
vt 0.355096 0.467133
vt 0.338306 0.467133
vt 0.644904 4.106709
vt 0.644904 4.108414
vt 0.661694 4.106709
vt 0.661694 4.108414
vt -3.108414 0.470068
vt -3.106709 0.470068
vt -3.109266 0.468600
vt -3.106709 0.467133
vt -3.105856 0.468600
vt -3.108414 0.467133
vt 4.106709 0.467133
vt 4.105856 0.468600
vt 4.108414 0.467133
vt 4.108414 0.470068
vt 4.106709 0.470068
vt 4.109266 0.468600
vt 0.660755 0.449564
vt 0.660755 0.451761
vt 0.664531 0.449564
vt 0.664531 0.451761
vt 0.660755 0.454762
vt 0.664531 0.454762
vt 0.660755 0.457763
vt 0.664531 0.457763
vt 0.660755 0.459960
vt 0.664531 0.459960
vt 0.664531 4.142085
vt 0.664531 4.139065
vt 0.660755 4.142085
vt 0.660755 4.139065
vt 0.664531 4.136045
vt 0.660755 4.136046
vt 0.335469 0.449564
vt 0.335469 0.451761
vt 0.339245 0.449564
vt 0.339245 0.451761
vt 0.335469 0.454762
vt 0.339245 0.454762
vt 0.335469 0.457763
vt 0.339245 0.457763
vt 0.335469 0.459960
vt 0.339245 0.459960
vt 0.335469 4.136045
vt 0.335469 4.139065
vt 0.339245 4.136046
vt 0.339245 4.139065
vt 0.335469 4.142085
vt 0.339245 4.142085
vt 0.645899 0.459960
vt 0.645899 0.457763
vt 0.642123 0.459960
vt 0.642123 0.457763
vt 0.645899 0.454762
vt 0.642123 0.454762
vt 0.645899 0.451761
vt 0.642123 0.451761
vt 0.645899 0.449564
vt 0.642123 0.449564
vt 0.357877 4.142085
vt 0.357877 4.139066
vt 0.354101 4.142085
vt 0.354101 4.139066
vt 0.357877 4.136046
vt 0.354101 4.136046
vt 0.357877 0.459960
vt 0.357877 0.457763
vt 0.354101 0.459960
vt 0.354101 0.457763
vt 0.357877 0.454762
vt 0.354101 0.454762
vt 0.357877 0.451761
vt 0.354101 0.451761
vt 0.357877 0.449564
vt 0.354101 0.449564
vt 0.642123 4.136046
vt 0.642123 4.139066
vt 0.645899 4.136046
vt 0.645899 4.139066
vt 0.642123 4.142085
vt 0.645899 4.142085
vt 0.662293 0.543319
vt 0.662293 0.541852
vt 0.644305 0.543319
vt 0.644305 0.541852
vt 0.662293 0.540384
vt 0.644305 0.540384
vt 0.355695 4.006818
vt 0.355695 4.005113
vt 0.337707 4.006818
vt 0.337707 4.005113
vt 0.355695 0.543319
vt 0.355695 0.541852
vt 0.337707 0.543319
vt 0.337707 0.541852
vt 0.355695 0.540384
vt 0.337707 0.540384
vt 0.644305 4.005113
vt 0.644305 4.006818
vt 0.662293 4.005113
vt 0.662293 4.006818
vt -3.006818 0.543319
vt -3.005113 0.543319
vt -3.007670 0.541852
vt -3.005113 0.540384
vt -3.004261 0.541852
vt -3.006818 0.540384
vt 4.005113 0.540384
vt 4.004261 0.541852
vt 4.006818 0.540384
vt 4.006818 0.543319
vt 4.005113 0.543319
vt 4.007670 0.541852
vt 0.642396 0.540899
vt 0.642396 0.542593
vt 0.664202 0.540899
vt 0.664202 0.542593
vt 0.357604 4.007423
vt 0.357604 4.005976
vt 0.335798 4.007423
vt 0.335798 4.005976
vt 0.357604 4.004472
vt 0.335798 4.004472
vt 0.357604 0.542691
vt 0.357604 0.540997
vt 0.335798 0.542691
vt 0.335798 0.540997
vt 0.642396 4.004415
vt 0.642396 4.005862
vt 0.664202 4.004415
vt 0.664202 4.005862
vt 0.642396 4.007366
vt 0.664202 4.007366
vt -3.007423 0.542593
vt -3.005976 0.543488
vt -3.007366 0.540899
vt -3.004415 0.540997
vt -3.004472 0.542691
vt -3.005862 0.540101
vt 4.004415 0.540997
vt 4.004472 0.542691
vt 4.005862 0.540101
vt 4.007423 0.542593
vt 4.005976 0.543488
vt 4.007366 0.540899
vt -3.139065 0.454762
vt -3.145104 0.454762
vt -3.144295 0.457763
vt -3.144295 0.451761
vt -3.142085 0.459960
vt -3.142085 0.449564
vt -3.139065 0.460764
vt -3.139065 0.448760
vt -3.136045 0.459960
vt -3.136045 0.449564
vt -3.133835 0.457763
vt -3.133835 0.451761
vt -3.133026 0.454762
vt 4.139066 0.454762
vt 4.144295 0.457763
vt 4.145104 0.454762
vt 4.142085 0.459960
vt 4.144295 0.451761
vt 4.139066 0.460764
vt 4.142085 0.449564
vt 4.136046 0.459960
vt 4.139066 0.448760
vt 4.133836 0.457763
vt 4.136046 0.449564
vt 4.133026 0.454762
vt 4.133836 0.451761
vt 4.142183 0.456551
vt 4.142666 0.454762
vt 4.140865 0.457861
vt 4.142183 0.452973
vt 4.139065 0.458340
vt 4.139065 0.460764
vt 4.140865 0.451663
vt 4.137265 0.457861
vt 4.139065 0.448760
vt 4.139065 0.451184
vt 4.135947 0.456551
vt 4.133835 0.457763
vt 4.137265 0.451663
vt 4.135465 0.454762
vt 4.133835 0.451761
vt 4.135947 0.452973
vt -3.142666 0.454762
vt -3.142183 0.456551
vt -3.142183 0.452973
vt -3.140865 0.457861
vt -3.140865 0.451663
vt -3.139066 0.460764
vt -3.139066 0.458340
vt -3.139066 0.451184
vt -3.136046 0.459960
vt -3.139066 0.448760
vt -3.137265 0.457861
vt -3.137265 0.451663
vt -3.136046 0.449564
vt -3.135947 0.456551
vt -3.135947 0.452973
vt -3.135465 0.454762
vt 0.499997 0.635045
s 1
g Montana_deckhouse_A2_001_6_Iowa_Deckhouse_A2_001_5.001_details_2
usemtl details_2
f 4/1/1 2/2/2 1/3/1
f 3/4/2 1/3/1 2/2/2
f 8/5/3 6/6/3 5/7/3
f 7/8/3 5/7/3 6/6/3
f 12/9/4 10/10/4 9/11/4
f 11/12/4 9/11/4 10/10/4
f 16/13/5 14/14/5 13/15/5
f 15/16/5 13/15/5 14/14/5
f 20/17/3 18/18/3 17/19/3
f 19/20/3 17/19/3 18/18/3
f 24/21/4 22/22/4 21/23/4
f 23/24/4 21/23/4 22/22/4
f 28/25/2 26/26/6 25/27/2
f 27/28/6 25/27/2 26/26/6
f 32/29/3 30/30/3 29/31/3
f 31/32/3 29/31/3 30/30/3
f 36/33/4 34/34/4 33/35/4
f 35/36/4 33/35/4 34/34/4
f 40/37/5 38/38/6 37/39/5
f 39/40/7 37/39/5 38/38/6
f 44/41/3 42/42/3 41/43/3
f 43/44/3 41/43/3 42/42/3
f 48/45/4 46/46/4 45/47/4
f 47/48/4 45/47/4 46/46/4
f 52/49/5 50/50/5 49/51/5
f 51/52/5 49/51/5 50/50/5
f 56/53/3 54/54/3 53/55/3
f 55/56/3 53/55/3 54/54/3
f 60/57/4 58/58/4 57/59/4
f 59/60/4 57/59/4 58/58/4
f 64/61/8 62/62/8 61/63/8
f 63/64/8 61/63/8 62/62/8
f 68/65/3 66/66/3 65/67/3
f 67/68/3 65/67/3 66/66/3
f 72/69/4 70/70/4 69/71/4
f 71/72/4 69/71/4 70/70/4
f 76/73/9 74/74/9 73/75/9
f 75/76/9 73/75/9 74/74/9
f 80/77/9 78/78/9 77/79/9
f 79/80/9 77/79/9 78/78/9
f 84/81/9 82/82/9 81/83/9
f 83/84/9 81/83/9 82/82/9
f 88/85/10 86/86/10 85/87/10
f 87/88/10 85/87/10 86/86/10
f 92/89/10 90/90/10 89/91/10
f 91/92/10 89/91/10 90/90/10
f 96/93/10 94/94/10 93/95/10
f 95/96/10 93/95/10 94/94/10
f 100/97/5 98/98/5 97/99/5
f 99/100/5 97/99/5 98/98/5
f 104/101/3 102/102/3 101/103/3
f 103/104/3 101/103/3 102/102/3
f 108/105/4 106/106/4 105/107/4
f 107/108/4 105/107/4 106/106/4
f 112/109/1 110/110/6 109/111/2
f 111/112/6 109/111/2 110/110/6
f 116/113/3 114/114/3 113/115/3
f 115/116/3 113/115/3 114/114/3
f 120/117/4 118/118/4 117/119/4
f 119/120/4 117/119/4 118/118/4
f 124/121/5 122/122/5 121/123/5
f 123/124/5 121/123/5 122/122/5
f 128/125/3 126/126/3 125/127/3
f 127/128/3 125/127/3 126/126/3
f 132/129/4 130/130/4 129/131/4
f 131/132/4 129/131/4 130/130/4
f 136/133/9 134/134/9 133/135/9
f 135/136/9 133/135/9 134/134/9
f 140/137/10 138/138/10 137/139/10
f 139/140/10 137/139/10 138/138/10
f 144/141/10 142/142/10 141/143/10
f 143/144/10 141/143/10 142/142/10
f 148/145/11 146/146/12 145/147/11
f 147/148/12 145/147/11 146/146/12
f 152/149/3 150/150/3 149/151/3
f 151/152/3 149/151/3 150/150/3
f 156/153/4 154/154/4 153/155/4
f 155/156/4 153/155/4 154/154/4
f 160/157/11 158/158/11 157/159/11
f 159/160/11 157/159/11 158/158/11
f 164/149/3 162/150/3 161/151/3
f 163/152/3 161/151/3 162/150/3
f 168/153/4 166/154/4 165/155/4
f 167/156/4 165/155/4 166/154/4
f 172/161/12 170/162/12 169/163/12
f 171/164/12 169/163/12 170/162/12
f 176/149/3 174/150/3 173/151/3
f 175/152/3 173/151/3 174/150/3
f 180/153/4 178/154/4 177/155/4
f 179/156/4 177/155/4 178/154/4
f 184/165/12 182/166/11 181/167/12
f 183/168/11 181/167/12 182/166/11
f 188/149/3 186/150/3 185/151/3
f 187/152/3 185/151/3 186/150/3
f 192/153/4 190/154/4 189/155/4
f 191/156/4 189/155/4 190/154/4
f 196/169/11 194/170/11 193/171/11
f 195/172/11 193/171/11 194/170/11
f 200/149/3 198/150/3 197/151/3
f 199/152/3 197/151/3 198/150/3
f 204/153/4 202/154/4 201/155/4
f 203/156/4 201/155/4 202/154/4
f 208/173/12 206/174/12 205/175/12
f 207/176/12 205/175/12 206/174/12
f 212/149/3 210/150/3 209/151/3
f 211/152/3 209/151/3 210/150/3
f 216/153/4 214/154/4 213/155/4
f 215/156/4 213/155/4 214/154/4
f 220/177/11 218/178/11 217/179/11
f 219/180/11 217/179/11 218/178/11
f 224/149/3 222/150/3 221/151/3
f 223/152/3 221/151/3 222/150/3
f 227/4/2 226/2/2 225/3/1
f 228/1/1 225/3/1 226/2/2
f 231/8/3 230/6/3 229/7/3
f 232/5/3 229/7/3 230/6/3
f 235/12/4 234/10/4 233/11/4
f 236/9/4 233/11/4 234/10/4
f 239/16/5 238/14/5 237/15/5
f 240/13/5 237/15/5 238/14/5
f 243/20/3 242/18/3 241/19/3
f 244/17/3 241/19/3 242/18/3
f 247/24/4 246/22/4 245/23/4
f 248/21/4 245/23/4 246/22/4
f 251/28/6 250/26/6 249/27/2
f 252/25/2 249/27/2 250/26/6
f 255/32/3 254/30/3 253/31/3
f 256/29/3 253/31/3 254/30/3
f 259/36/4 258/34/4 257/35/4
f 260/33/4 257/35/4 258/34/4
f 263/40/7 262/38/6 261/39/5
f 264/37/5 261/39/5 262/38/6
f 267/44/3 266/42/3 265/43/3
f 268/41/3 265/43/3 266/42/3
f 271/48/4 270/46/4 269/47/4
f 272/45/4 269/47/4 270/46/4
f 275/52/5 274/50/5 273/51/5
f 276/49/5 273/51/5 274/50/5
f 279/56/3 278/54/3 277/55/3
f 280/53/3 277/55/3 278/54/3
f 283/60/4 282/58/4 281/59/4
f 284/57/4 281/59/4 282/58/4
f 287/64/8 286/62/8 285/63/8
f 288/61/8 285/63/8 286/62/8
f 291/68/3 290/66/3 289/67/3
f 292/65/3 289/67/3 290/66/3
f 295/72/4 294/70/4 293/71/4
f 296/69/4 293/71/4 294/70/4
f 299/76/9 298/74/9 297/75/9
f 300/73/9 297/75/9 298/74/9
f 303/80/9 302/78/9 301/79/9
f 304/77/9 301/79/9 302/78/9
f 307/84/9 306/82/9 305/83/9
f 308/81/9 305/83/9 306/82/9
f 311/88/10 310/86/10 309/87/10
f 312/85/10 309/87/10 310/86/10
f 315/92/10 314/90/10 313/91/10
f 316/89/10 313/91/10 314/90/10
f 319/96/10 318/94/10 317/95/10
f 320/93/10 317/95/10 318/94/10
f 323/100/5 322/98/5 321/99/5
f 324/97/5 321/99/5 322/98/5
f 327/104/3 326/102/3 325/103/3
f 328/101/3 325/103/3 326/102/3
f 331/108/4 330/106/4 329/107/4
f 332/105/4 329/107/4 330/106/4
f 335/112/6 334/110/6 333/111/2
f 336/109/1 333/111/2 334/110/6
f 339/116/3 338/114/3 337/115/3
f 340/113/3 337/115/3 338/114/3
f 343/120/4 342/118/4 341/119/4
f 344/117/4 341/119/4 342/118/4
f 347/124/5 346/122/5 345/123/5
f 348/121/5 345/123/5 346/122/5
f 351/128/3 350/126/3 349/127/3
f 352/125/3 349/127/3 350/126/3
f 355/132/4 354/130/4 353/131/4
f 356/129/4 353/131/4 354/130/4
f 359/136/9 358/134/9 357/135/9
f 360/133/9 357/135/9 358/134/9
f 363/140/10 362/138/10 361/139/10
f 364/137/10 361/139/10 362/138/10
f 367/144/10 366/142/10 365/143/10
f 368/141/10 365/143/10 366/142/10
f 371/148/13 370/146/13 369/147/14
f 372/145/14 369/147/14 370/146/13
f 375/152/3 374/150/3 373/151/3
f 376/149/3 373/151/3 374/150/3
f 379/156/4 378/154/4 377/155/4
f 380/153/4 377/155/4 378/154/4
f 383/160/14 382/158/14 381/159/14
f 384/157/14 381/159/14 382/158/14
f 387/152/3 386/150/3 385/151/3
f 388/149/3 385/151/3 386/150/3
f 391/156/4 390/154/4 389/155/4
f 392/153/4 389/155/4 390/154/4
f 395/164/13 394/162/13 393/163/13
f 396/161/13 393/163/13 394/162/13
f 399/152/3 398/150/3 397/151/3
f 400/149/3 397/151/3 398/150/3
f 403/156/4 402/154/4 401/155/4
f 404/153/4 401/155/4 402/154/4
f 407/168/14 406/166/14 405/167/13
f 408/165/13 405/167/13 406/166/14
f 411/152/3 410/150/3 409/151/3
f 412/149/3 409/151/3 410/150/3
f 415/156/4 414/154/4 413/155/4
f 416/153/4 413/155/4 414/154/4
f 419/172/14 418/170/14 417/171/14
f 420/169/14 417/171/14 418/170/14
f 423/152/3 422/150/3 421/151/3
f 424/149/3 421/151/3 422/150/3
f 427/156/4 426/154/4 425/155/4
f 428/153/4 425/155/4 426/154/4
f 431/176/13 430/174/13 429/175/13
f 432/173/13 429/175/13 430/174/13
f 435/152/3 434/150/3 433/151/3
f 436/149/3 433/151/3 434/150/3
f 439/156/4 438/154/4 437/155/4
f 440/153/4 437/155/4 438/154/4
f 443/180/14 442/178/14 441/179/14
f 444/177/14 441/179/14 442/178/14
f 447/152/3 446/150/3 445/151/3
f 448/149/3 445/151/3 446/150/3
f 451/156/4 450/154/4 449/155/4
f 452/153/4 449/155/4 450/154/4
f 455/181/13 454/182/13 453/183/13
f 456/184/13 453/183/13 454/182/13
f 459/152/3 458/150/3 457/151/3
f 460/149/3 457/151/3 458/150/3
f 463/156/4 462/154/4 461/155/4
f 464/153/4 461/155/4 462/154/4
f 467/185/14 466/186/14 465/187/14
f 468/188/14 465/187/14 466/186/14
f 471/152/3 470/150/3 469/151/3
f 472/149/3 469/151/3 470/150/3
f 475/156/4 474/154/4 473/155/4
f 476/153/4 473/155/4 474/154/4
f 479/189/12 478/190/12 477/191/12
f 480/192/12 477/191/12 478/190/12
f 483/193/12 482/194/12 481/195/12
f 484/196/12 481/195/12 482/194/12
f 487/197/12 486/198/12 485/199/12
f 488/200/12 485/199/12 486/198/12
f 491/201/12 490/202/12 489/203/12
f 492/204/12 489/203/12 490/202/12
f 495/205/12 494/206/12 493/207/12
f 496/208/12 493/207/12 494/206/12
f 499/209/12 498/210/12 497/211/12
f 500/212/12 497/211/12 498/210/12
f 503/213/12 502/214/12 501/215/12
f 504/216/12 501/215/12 502/214/12
f 507/217/12 506/218/12 505/219/12
f 508/220/12 505/219/12 506/218/12
f 511/221/12 510/222/12 509/223/12
f 512/224/12 509/223/12 510/222/12
f 515/225/6 514/226/6 513/227/2
f 516/228/1 513/227/2 514/226/6
f 519/229/3 518/230/3 517/231/3
f 520/232/3 517/231/3 518/230/3
f 523/233/4 522/234/4 521/235/4
f 524/236/4 521/235/4 522/234/4
f 527/237/6 526/238/6 525/239/5
f 528/240/5 525/239/5 526/238/6
f 531/241/3 530/242/3 529/243/3
f 532/244/3 529/243/3 530/242/3
f 535/245/4 534/246/4 533/247/4
f 536/248/4 533/247/4 534/246/4
f 539/249/5 538/250/5 537/251/5
f 540/252/5 537/251/5 538/250/5
f 543/253/3 542/254/3 541/255/3
f 544/256/3 541/255/3 542/254/3
f 547/257/4 546/258/4 545/259/4
f 548/260/4 545/259/4 546/258/4
f 551/261/8 550/262/8 549/263/8
f 552/264/8 549/263/8 550/262/8
f 555/265/3 554/266/3 553/267/3
f 556/268/3 553/267/3 554/266/3
f 559/269/4 558/270/4 557/271/4
f 560/272/4 557/271/4 558/270/4
f 563/273/9 562/274/9 561/275/9
f 564/276/9 561/275/9 562/274/9
f 567/277/9 566/278/9 565/279/9
f 568/280/9 565/279/9 566/278/9
f 571/281/9 570/282/9 569/283/9
f 572/284/9 569/283/9 570/282/9
f 575/285/10 574/286/10 573/287/10
f 576/288/10 573/287/10 574/286/10
f 579/289/5 578/290/5 577/291/5
f 580/292/5 577/291/5 578/290/5
f 583/293/3 582/294/3 581/295/3
f 584/296/3 581/295/3 582/294/3
f 587/297/4 586/298/4 585/299/4
f 588/300/4 585/299/4 586/298/4
f 591/301/6 590/302/6 589/303/2
f 592/304/1 589/303/2 590/302/6
f 595/305/3 594/306/3 593/307/3
f 596/308/3 593/307/3 594/306/3
f 599/309/4 598/310/4 597/311/4
f 600/312/4 597/311/4 598/310/4
f 603/313/5 602/314/5 601/315/5
f 604/316/5 601/315/5 602/314/5
f 607/317/3 606/318/3 605/319/3
f 608/320/3 605/319/3 606/318/3
f 611/321/4 610/322/4 609/323/4
f 612/324/4 609/323/4 610/322/4
f 615/325/9 614/326/9 613/327/9
f 616/328/9 613/327/9 614/326/9
f 619/329/10 618/330/10 617/331/10
f 620/332/10 617/331/10 618/330/10
f 623/333/10 622/334/10 621/335/10
f 624/336/10 621/335/10 622/334/10
f 627/337/7 626/338/6 625/339/2
f 628/340/1 625/339/2 626/338/6
f 631/341/3 630/342/3 629/343/3
f 632/344/3 629/343/3 630/342/3
f 635/345/4 634/346/4 633/347/4
f 636/348/4 633/347/4 634/346/4
f 639/349/6 638/350/6 637/351/5
f 640/352/5 637/351/5 638/350/6
f 643/353/3 642/354/3 641/355/3
f 644/356/3 641/355/3 642/354/3
f 647/357/4 646/358/4 645/359/4
f 648/360/4 645/359/4 646/358/4
f 651/361/5 650/362/5 649/363/5
f 652/364/5 649/363/5 650/362/5
f 655/365/3 654/366/3 653/367/3
f 656/368/3 653/367/3 654/366/3
f 659/369/4 658/370/4 657/371/4
f 660/372/4 657/371/4 658/370/4
f 663/373/8 662/374/8 661/375/8
f 664/376/8 661/375/8 662/374/8
f 667/377/3 666/378/3 665/379/3
f 668/380/3 665/379/3 666/378/3
f 671/381/4 670/382/4 669/383/4
f 672/384/4 669/383/4 670/382/4
f 675/385/9 674/386/9 673/387/9
f 676/388/9 673/387/9 674/386/9
f 679/389/9 678/390/9 677/391/9
f 680/392/9 677/391/9 678/390/9
f 683/393/9 682/394/9 681/395/9
f 684/396/9 681/395/9 682/394/9
f 687/397/10 686/398/10 685/399/10
f 688/400/10 685/399/10 686/398/10
f 691/401/5 690/402/5 689/403/5
f 692/404/5 689/403/5 690/402/5
f 695/405/3 694/406/3 693/407/3
f 696/408/3 693/407/3 694/406/3
f 699/409/4 698/410/4 697/411/4
f 700/412/4 697/411/4 698/410/4
f 703/413/6 702/414/6 701/415/2
f 704/416/2 701/415/2 702/414/6
f 707/417/3 706/418/3 705/419/3
f 708/420/3 705/419/3 706/418/3
f 711/421/4 710/422/4 709/423/4
f 712/424/4 709/423/4 710/422/4
f 715/425/5 714/426/5 713/427/5
f 716/428/5 713/427/5 714/426/5
f 719/429/3 718/430/3 717/431/3
f 720/432/3 717/431/3 718/430/3
f 723/433/4 722/434/4 721/435/4
f 724/436/4 721/435/4 722/434/4
f 727/437/9 726/438/9 725/439/9
f 728/440/9 725/439/9 726/438/9
f 731/441/10 730/442/10 729/443/10
f 732/444/10 729/443/10 730/442/10
f 735/445/10 734/446/10 733/447/10
f 736/448/10 733/447/10 734/446/10
f 739/449/14 738/450/14 737/451/14
f 740/452/14 737/451/14 738/450/14
f 743/453/3 742/454/3 741/455/3
f 744/456/3 741/455/3 742/454/3
f 747/457/4 746/458/4 745/459/4
f 748/460/4 745/459/4 746/458/4
f 751/461/13 750/462/13 749/463/13
f 752/464/13 749/463/13 750/462/13
f 755/453/3 754/454/3 753/455/3
f 756/456/3 753/455/3 754/454/3
f 759/457/4 758/458/4 757/459/4
f 760/460/4 757/459/4 758/458/4
f 763/465/14 762/466/14 761/467/13
f 764/468/13 761/467/13 762/466/14
f 767/453/3 766/454/3 765/455/3
f 768/456/3 765/455/3 766/454/3
f 771/457/4 770/458/4 769/459/4
f 772/460/4 769/459/4 770/458/4
f 775/469/14 774/470/14 773/471/14
f 776/472/14 773/471/14 774/470/14
f 779/453/3 778/454/3 777/455/3
f 780/456/3 777/455/3 778/454/3
f 783/457/4 782/458/4 781/459/4
f 784/460/4 781/459/4 782/458/4
f 787/473/13 786/474/13 785/475/13
f 788/476/13 785/475/13 786/474/13
f 791/453/3 790/454/3 789/455/3
f 792/456/3 789/455/3 790/454/3
f 795/457/4 794/458/4 793/459/4
f 796/460/4 793/459/4 794/458/4
f 799/477/12 798/478/12 797/479/12
f 800/480/12 797/479/12 798/478/12
f 803/481/12 802/482/12 801/483/12
f 804/484/12 801/483/12 802/482/12
f 807/485/12 806/486/12 805/487/12
f 808/488/12 805/487/12 806/486/12
f 811/489/12 810/490/12 809/491/12
f 812/492/12 809/491/12 810/490/12
f 815/493/12 814/494/12 813/495/12
f 816/496/12 813/495/12 814/494/12
f 819/497/14 818/498/14 817/499/14
f 820/500/14 817/499/14 818/498/14
f 823/453/3 822/454/3 821/455/3
f 824/456/3 821/455/3 822/454/3
f 827/457/4 826/458/4 825/459/4
f 828/460/4 825/459/4 826/458/4
f 831/501/12 830/502/12 829/503/12
f 832/504/12 829/503/12 830/502/12
f 835/505/15 834/506/8 833/507/15
f 836/508/8 833/507/15 834/506/8
f 834/506/8 837/509/16 836/508/8
f 838/510/16 836/508/8 837/509/16
f 841/511/17 840/512/17 839/513/17
f 842/514/17 839/513/17 840/512/17
f 845/156/4 843/155/4 844/154/4
f 846/153/4 844/154/4 843/155/4
f 849/181/12 847/183/12 848/182/12
f 850/184/12 848/182/12 847/183/12
f 853/152/3 851/151/3 852/150/3
f 856/149/3 852/150/3 851/151/3
f 859/156/4 857/155/4 858/154/4
f 3152/515/18 3150/516/18 854/513/18
f 869/185/11 861/187/11 862/186/11
f 870/188/11 862/186/11 861/187/11
f 873/152/3 871/151/3 872/150/3
f 874/149/3 872/150/3 871/151/3
f 865/517/19 864/518/19 863/519/19
f 864/518/19 866/520/19 863/519/19
f 863/519/19 866/520/19 867/521/19
f 868/522/20 866/520/19 864/518/19
f 877/156/4 875/155/4 876/154/4
f 878/153/4 876/154/4 875/155/4
f 881/189/13 879/191/13 880/190/13
f 882/192/13 880/190/13 879/191/13
f 885/193/13 883/195/13 884/194/13
f 886/196/13 884/194/13 883/195/13
f 889/197/13 887/199/13 888/198/13
f 890/200/13 888/198/13 887/199/13
f 893/201/13 891/203/13 892/202/13
f 894/204/13 892/202/13 891/203/13
f 897/205/13 895/207/13 896/206/13
f 898/208/13 896/206/13 895/207/13
f 901/209/13 899/211/13 900/210/13
f 902/212/13 900/210/13 899/211/13
f 905/213/13 903/215/13 904/214/13
f 906/216/13 904/214/13 903/215/13
f 909/217/13 907/219/13 908/218/13
f 910/220/13 908/218/13 907/219/13
f 913/221/13 911/223/13 912/222/13
f 914/224/13 912/222/13 911/223/13
f 917/225/6 915/227/2 916/226/6
f 918/228/1 916/226/6 915/227/2
f 921/229/3 919/231/3 920/230/3
f 922/232/3 920/230/3 919/231/3
f 925/233/4 923/235/4 924/234/4
f 926/236/4 924/234/4 923/235/4
f 929/237/6 927/239/5 928/238/6
f 930/240/5 928/238/6 927/239/5
f 933/241/3 931/243/3 932/242/3
f 934/244/3 932/242/3 931/243/3
f 937/245/4 935/247/4 936/246/4
f 938/248/4 936/246/4 935/247/4
f 941/249/5 939/251/5 940/250/5
f 942/252/5 940/250/5 939/251/5
f 945/253/3 943/255/3 944/254/3
f 946/256/3 944/254/3 943/255/3
f 949/257/4 947/259/4 948/258/4
f 950/260/4 948/258/4 947/259/4
f 953/261/8 951/263/8 952/262/8
f 954/264/8 952/262/8 951/263/8
f 957/265/3 955/267/3 956/266/3
f 958/268/3 956/266/3 955/267/3
f 961/269/4 959/271/4 960/270/4
f 962/272/4 960/270/4 959/271/4
f 968/273/9 963/275/9 964/274/9
f 970/276/9 964/274/9 963/275/9
f 1173/277/9 1171/279/9 1172/278/9
f 1174/280/9 1172/278/9 1171/279/9
f 967/523/8 966/524/8 965/525/8
f 1178/284/9 1176/282/9 1175/283/9
f 969/526/8 965/525/8 3151/527/8
f 1181/285/10 1179/287/10 1180/286/10
f 973/528/21 972/529/3 971/530/22
f 974/531/3 971/530/22 972/529/3
f 972/529/3 975/532/23 974/531/3
f 976/533/23 974/531/3 975/532/23
f 979/534/24 978/535/13 977/536/24
f 980/537/13 977/536/24 978/535/13
f 978/535/13 981/538/25 980/537/13
f 982/539/25 980/537/13 981/538/25
f 985/540/26 984/541/4 983/542/26
f 986/543/4 983/542/26 984/541/4
f 984/541/4 987/544/27 986/543/4
f 988/545/27 986/543/4 987/544/27
f 991/546/28 990/547/12 989/548/29
f 992/549/12 989/548/29 990/547/12
f 990/547/12 993/550/30 992/549/12
f 994/551/31 992/549/12 993/550/30
f 997/552/9 996/553/9 995/554/9
f 996/553/9 998/555/9 995/554/9
f 998/555/9 999/556/9 995/554/9
f 1000/557/9 998/555/9 996/553/9
f 1001/558/9 1000/557/9 996/553/9
f 1002/559/9 998/555/9 1000/557/9
f 1005/560/8 1004/561/8 1003/562/8
f 1004/561/8 1006/563/8 1003/562/8
f 1006/563/8 1007/564/8 1003/562/8
f 1008/565/8 1006/563/8 1004/561/8
f 1009/566/8 1008/565/8 1004/561/8
f 1010/567/8 1006/563/8 1008/565/8
f 1013/568/23 1012/529/3 1011/569/23
f 1014/570/3 1011/569/23 1012/529/3
f 1012/529/3 1015/571/22 1014/570/3
f 1016/572/22 1014/570/3 1015/571/22
f 1019/573/32 1018/574/12 1017/575/31
f 1020/549/12 1017/575/31 1018/574/12
f 1018/574/12 1021/576/33 1020/549/12
f 1022/577/33 1020/549/12 1021/576/33
f 1025/578/34 1024/579/4 1023/580/27
f 1026/543/4 1023/580/27 1024/579/4
f 1024/579/4 1027/581/26 1026/543/4
f 1028/582/26 1026/543/4 1027/581/26
f 1031/583/25 1030/584/13 1029/585/25
f 1032/537/13 1029/585/25 1030/584/13
f 1030/584/13 1033/586/24 1032/537/13
f 1034/587/35 1032/537/13 1033/586/24
f 1037/588/36 1036/589/13 1035/590/35
f 1038/535/13 1035/590/35 1036/589/13
f 1036/589/13 1039/591/25 1038/535/13
f 1040/592/25 1038/535/13 1039/591/25
f 1043/593/26 1042/594/4 1041/595/26
f 1044/541/4 1041/595/26 1042/594/4
f 1042/594/4 1045/596/27 1044/541/4
f 1046/597/27 1044/541/4 1045/596/27
f 1049/598/29 1048/599/12 1047/600/28
f 1050/547/12 1047/600/28 1048/599/12
f 1048/599/12 1051/601/31 1050/547/12
f 1052/602/31 1050/547/12 1051/601/31
f 1055/603/23 1054/604/3 1053/605/23
f 1056/531/3 1053/605/23 1054/604/3
f 1054/604/3 1057/606/37 1056/531/3
f 1058/607/38 1056/531/3 1057/606/37
f 1061/561/8 1060/566/8 1059/560/8
f 1060/566/8 1062/564/8 1059/560/8
f 1062/564/8 1063/608/8 1059/560/8
f 1064/567/8 1062/564/8 1060/566/8
f 1065/565/8 1064/567/8 1060/566/8
f 1066/563/8 1062/564/8 1064/567/8
f 1069/553/9 1068/609/9 1067/552/9
f 1068/609/9 1070/556/9 1067/552/9
f 1070/556/9 1071/554/9 1067/552/9
f 1072/559/9 1070/556/9 1068/609/9
f 1073/557/9 1072/559/9 1068/609/9
f 1074/555/9 1070/556/9 1072/559/9
f 1077/148/13 1076/146/13 1075/147/14
f 1078/145/14 1075/147/14 1076/146/13
f 1081/152/3 1080/150/3 1079/151/3
f 1082/149/3 1079/151/3 1080/150/3
f 1085/156/4 1084/154/4 1083/155/4
f 1086/153/4 1083/155/4 1084/154/4
f 1089/160/14 1088/158/14 1087/159/14
f 1090/157/14 1087/159/14 1088/158/14
f 1093/152/3 1092/150/3 1091/151/3
f 1094/149/3 1091/151/3 1092/150/3
f 1097/156/4 1096/154/4 1095/155/4
f 1098/153/4 1095/155/4 1096/154/4
f 1101/164/13 1100/162/13 1099/163/13
f 1102/161/13 1099/163/13 1100/162/13
f 1105/152/3 1104/150/3 1103/151/3
f 1106/149/3 1103/151/3 1104/150/3
f 1109/156/4 1108/154/4 1107/155/4
f 1110/153/4 1107/155/4 1108/154/4
f 1113/168/14 1112/166/14 1111/167/13
f 1114/165/13 1111/167/13 1112/166/14
f 1117/152/3 1116/150/3 1115/151/3
f 1118/149/3 1115/151/3 1116/150/3
f 1121/156/4 1120/154/4 1119/155/4
f 1122/153/4 1119/155/4 1120/154/4
f 1125/172/14 1124/170/14 1123/171/14
f 1126/169/14 1123/171/14 1124/170/14
f 1129/152/3 1128/150/3 1127/151/3
f 1130/149/3 1127/151/3 1128/150/3
f 1133/156/4 1132/154/4 1131/155/4
f 1134/153/4 1131/155/4 1132/154/4
f 1137/176/13 1136/174/13 1135/175/13
f 1138/173/13 1135/175/13 1136/174/13
f 1141/152/3 1140/150/3 1139/151/3
f 1142/149/3 1139/151/3 1140/150/3
f 1145/156/4 1144/154/4 1143/155/4
f 1146/153/4 1143/155/4 1144/154/4
f 1149/197/12 1148/198/12 1147/199/12
f 1150/200/12 1147/199/12 1148/198/12
f 1153/201/12 1152/202/12 1151/203/12
f 1154/204/12 1151/203/12 1152/202/12
f 1157/205/12 1156/206/12 1155/207/12
f 1158/208/12 1155/207/12 1156/206/12
f 1161/209/12 1160/210/12 1159/211/12
f 1162/212/12 1159/211/12 1160/210/12
f 1165/213/12 1164/214/12 1163/215/12
f 1166/216/12 1163/215/12 1164/214/12
f 1169/217/12 1168/218/12 1167/219/12
f 1170/220/12 1167/219/12 1168/218/12
f 1182/288/10 1180/286/10 1179/287/10
f 1185/289/5 1183/291/5 1184/290/5
f 1186/292/5 1184/290/5 1183/291/5
f 1189/293/3 1187/295/3 1188/294/3
f 1190/296/3 1188/294/3 1187/295/3
f 1193/297/4 1191/299/4 1192/298/4
f 1194/300/4 1192/298/4 1191/299/4
f 1197/301/6 1195/303/2 1196/302/6
f 1198/304/1 1196/302/6 1195/303/2
f 1201/305/3 1199/307/3 1200/306/3
f 1202/308/3 1200/306/3 1199/307/3
f 1205/309/4 1203/311/4 1204/310/4
f 1206/312/4 1204/310/4 1203/311/4
f 1209/313/5 1207/315/5 1208/314/5
f 1210/316/5 1208/314/5 1207/315/5
f 1213/317/3 1211/319/3 1212/318/3
f 1214/320/3 1212/318/3 1211/319/3
f 1217/321/4 1215/323/4 1216/322/4
f 1218/324/4 1216/322/4 1215/323/4
f 1221/325/9 1219/327/9 1220/326/9
f 1222/328/9 1220/326/9 1219/327/9
f 1225/329/10 1223/331/10 1224/330/10
f 1226/332/10 1224/330/10 1223/331/10
f 1229/333/10 1227/335/10 1228/334/10
f 1230/336/10 1228/334/10 1227/335/10
f 1233/337/7 1231/339/2 1232/338/6
f 1234/340/1 1232/338/6 1231/339/2
f 1237/341/3 1235/343/3 1236/342/3
f 1238/344/3 1236/342/3 1235/343/3
f 1241/345/4 1239/347/4 1240/346/4
f 1242/348/4 1240/346/4 1239/347/4
f 1245/349/6 1243/351/5 1244/350/6
f 1246/352/5 1244/350/6 1243/351/5
f 1249/353/3 1247/355/3 1248/354/3
f 1250/356/3 1248/354/3 1247/355/3
f 1253/357/4 1251/359/4 1252/358/4
f 1254/360/4 1252/358/4 1251/359/4
f 1257/361/5 1255/363/5 1256/362/5
f 1258/364/5 1256/362/5 1255/363/5
f 1261/365/3 1259/367/3 1260/366/3
f 1262/368/3 1260/366/3 1259/367/3
f 1265/369/4 1263/371/4 1264/370/4
f 1266/372/4 1264/370/4 1263/371/4
f 1269/373/8 1267/375/8 1268/374/8
f 1270/376/8 1268/374/8 1267/375/8
f 1273/377/3 1271/379/3 1272/378/3
f 1274/380/3 1272/378/3 1271/379/3
f 1277/381/4 1275/383/4 1276/382/4
f 1278/384/4 1276/382/4 1275/383/4
f 1281/385/9 1279/387/9 1280/386/9
f 1282/388/9 1280/386/9 1279/387/9
f 1285/389/9 1283/391/9 1284/390/9
f 1286/392/9 1284/390/9 1283/391/9
f 1289/393/9 1287/395/9 1288/394/9
f 1290/396/9 1288/394/9 1287/395/9
f 1293/397/10 1291/399/10 1292/398/10
f 1294/400/10 1292/398/10 1291/399/10
f 1297/401/5 1295/403/5 1296/402/5
f 1298/404/5 1296/402/5 1295/403/5
f 1301/405/3 1299/407/3 1300/406/3
f 1302/408/3 1300/406/3 1299/407/3
f 1305/409/4 1303/411/4 1304/410/4
f 1306/412/4 1304/410/4 1303/411/4
f 1309/413/6 1307/415/2 1308/414/6
f 1310/416/2 1308/414/6 1307/415/2
f 1313/417/3 1311/419/3 1312/418/3
f 1314/420/3 1312/418/3 1311/419/3
f 1317/421/4 1315/423/4 1316/422/4
f 1318/424/4 1316/422/4 1315/423/4
f 1321/425/5 1319/427/5 1320/426/5
f 1322/428/5 1320/426/5 1319/427/5
f 1325/429/3 1323/431/3 1324/430/3
f 1326/432/3 1324/430/3 1323/431/3
f 1329/433/4 1327/435/4 1328/434/4
f 1330/436/4 1328/434/4 1327/435/4
f 1333/437/9 1331/439/9 1332/438/9
f 1334/440/9 1332/438/9 1331/439/9
f 1337/441/10 1335/443/10 1336/442/10
f 1338/444/10 1336/442/10 1335/443/10
f 1341/445/10 1339/447/10 1340/446/10
f 1342/448/10 1340/446/10 1339/447/10
f 1345/449/11 1343/451/11 1344/450/11
f 1346/452/11 1344/450/11 1343/451/11
f 1349/453/3 1347/455/3 1348/454/3
f 1350/456/3 1348/454/3 1347/455/3
f 1353/457/4 1351/459/4 1352/458/4
f 1354/460/4 1352/458/4 1351/459/4
f 1357/461/12 1355/463/12 1356/462/12
f 1358/464/12 1356/462/12 1355/463/12
f 1361/453/3 1359/455/3 1360/454/3
f 1362/456/3 1360/454/3 1359/455/3
f 1365/457/4 1363/459/4 1364/458/4
f 1366/460/4 1364/458/4 1363/459/4
f 1369/465/11 1367/467/12 1368/466/11
f 1370/468/12 1368/466/11 1367/467/12
f 1373/453/3 1371/455/3 1372/454/3
f 1374/456/3 1372/454/3 1371/455/3
f 1377/457/4 1375/459/4 1376/458/4
f 1378/460/4 1376/458/4 1375/459/4
f 1381/469/11 1379/471/11 1380/470/11
f 1382/472/11 1380/470/11 1379/471/11
f 1385/453/3 1383/455/3 1384/454/3
f 1386/456/3 1384/454/3 1383/455/3
f 1389/457/4 1387/459/4 1388/458/4
f 1390/460/4 1388/458/4 1387/459/4
f 1393/473/12 1391/475/12 1392/474/12
f 1394/476/12 1392/474/12 1391/475/12
f 1397/453/3 1395/455/3 1396/454/3
f 1398/456/3 1396/454/3 1395/455/3
f 1401/457/4 1399/459/4 1400/458/4
f 1402/460/4 1400/458/4 1399/459/4
f 1405/477/13 1403/479/13 1404/478/13
f 1406/480/13 1404/478/13 1403/479/13
f 1409/481/13 1407/483/13 1408/482/13
f 1410/484/13 1408/482/13 1407/483/13
f 1413/485/13 1411/487/13 1412/486/13
f 1414/488/13 1412/486/13 1411/487/13
f 1417/489/13 1415/491/13 1416/490/13
f 1418/492/13 1416/490/13 1415/491/13
f 1421/493/13 1419/495/13 1420/494/13
f 1422/496/13 1420/494/13 1419/495/13
f 1425/497/11 1423/499/11 1424/498/11
f 1426/500/11 1424/498/11 1423/499/11
f 1429/453/3 1427/455/3 1428/454/3
f 1430/456/3 1428/454/3 1427/455/3
f 1433/457/4 1431/459/4 1432/458/4
f 1434/460/4 1432/458/4 1431/459/4
f 1437/501/13 1435/503/13 1436/502/13
f 1438/504/13 1436/502/13 1435/503/13
f 1441/505/16 1439/507/16 1440/506/8
f 1442/508/8 1440/506/8 1439/507/16
f 1440/506/8 1442/508/8 1443/509/15
f 1444/510/15 1443/509/15 1442/508/8
f 1447/511/39 1445/513/39 1446/512/39
f 1448/514/39 1446/512/39 1445/513/39
f 3152/515/18 1449/513/18 3150/516/18
f 1453/517/40 1451/519/40 1452/518/40
f 1452/518/40 1451/519/40 1454/520/40
f 1451/519/40 1455/521/40 1454/520/40
f 1456/522/41 1452/518/40 1454/520/40
f 1458/523/8 1457/525/8 966/524/8
f 969/526/8 3151/527/8 1457/525/8
f 1461/528/42 1459/530/43 1460/529/3
f 1462/531/3 1460/529/3 1459/530/43
f 1460/529/3 1462/531/3 1463/532/44
f 1464/533/45 1463/532/44 1462/531/3
f 1467/534/46 1465/536/47 1466/535/12
f 1468/537/12 1466/535/12 1465/536/47
f 1466/535/12 1468/537/12 1469/538/48
f 1470/539/49 1469/538/48 1468/537/12
f 1473/540/50 1471/542/51 1472/541/4
f 1474/543/4 1472/541/4 1471/542/51
f 1472/541/4 1474/543/4 1475/544/52
f 1476/545/53 1475/544/52 1474/543/4
f 1479/546/54 1477/548/55 1478/547/13
f 1480/549/13 1478/547/13 1477/548/55
f 1478/547/13 1480/549/13 1481/550/56
f 1482/551/57 1481/550/56 1480/549/13
f 1485/552/9 1483/554/9 1484/553/9
f 1484/553/9 1483/554/9 1486/555/9
f 1486/555/9 1483/554/9 1487/556/9
f 1488/557/9 1484/553/9 1486/555/9
f 1489/558/9 1484/553/9 1488/557/9
f 1490/559/9 1488/557/9 1486/555/9
f 1493/560/8 1491/562/8 1492/561/8
f 1492/561/8 1491/562/8 1494/563/8
f 1494/563/8 1491/562/8 1495/564/8
f 1496/565/8 1492/561/8 1494/563/8
f 1497/566/8 1492/561/8 1496/565/8
f 1498/567/8 1496/565/8 1494/563/8
f 1501/568/45 1499/569/44 1500/529/3
f 1502/570/3 1500/529/3 1499/569/44
f 1500/529/3 1502/570/3 1503/571/43
f 1504/572/58 1503/571/43 1502/570/3
f 1507/573/59 1505/575/60 1506/574/13
f 1508/549/13 1506/574/13 1505/575/60
f 1506/574/13 1508/549/13 1509/576/55
f 1510/577/61 1509/576/55 1508/549/13
f 1513/578/62 1511/580/52 1512/579/4
f 1514/543/4 1512/579/4 1511/580/52
f 1512/579/4 1514/543/4 1515/581/51
f 1516/582/50 1515/581/51 1514/543/4
f 1519/583/49 1517/585/48 1518/584/12
f 1520/537/12 1518/584/12 1517/585/48
f 1518/584/12 1520/537/12 1521/586/47
f 1522/587/63 1521/586/47 1520/537/12
f 1525/588/64 1523/590/65 1524/589/12
f 1526/535/12 1524/589/12 1523/590/65
f 1524/589/12 1526/535/12 1527/591/48
f 1528/592/49 1527/591/48 1526/535/12
f 1531/593/50 1529/595/51 1530/594/4
f 1532/541/4 1530/594/4 1529/595/51
f 1530/594/4 1532/541/4 1533/596/66
f 1534/597/67 1533/596/66 1532/541/4
f 1537/598/61 1535/600/55 1536/599/13
f 1538/547/13 1536/599/13 1535/600/55
f 1536/599/13 1538/547/13 1539/601/60
f 1540/602/68 1539/601/60 1538/547/13
f 1543/603/69 1541/605/70 1542/604/3
f 1544/531/3 1542/604/3 1541/605/70
f 1542/604/3 1544/531/3 1545/606/43
f 1546/607/71 1545/606/43 1544/531/3
f 1549/561/8 1547/560/8 1548/566/8
f 1548/566/8 1547/560/8 1550/564/8
f 1550/564/8 1547/560/8 1551/608/8
f 1552/567/8 1548/566/8 1550/564/8
f 1553/565/8 1548/566/8 1552/567/8
f 1554/563/8 1552/567/8 1550/564/8
f 1557/553/9 1555/552/9 1556/609/9
f 1556/609/9 1555/552/9 1558/556/9
f 1558/556/9 1555/552/9 1559/554/9
f 1560/559/9 1556/609/9 1558/556/9
f 1561/557/9 1556/609/9 1560/559/9
f 1562/555/9 1560/559/9 1558/556/9
f 1565/148/12 1563/147/11 1564/146/12
f 1566/145/11 1564/146/12 1563/147/11
f 1569/152/3 1567/151/3 1568/150/3
f 1570/149/3 1568/150/3 1567/151/3
f 1573/156/4 1571/155/4 1572/154/4
f 1574/153/4 1572/154/4 1571/155/4
f 1577/160/11 1575/159/11 1576/158/11
f 1578/157/11 1576/158/11 1575/159/11
f 1581/152/3 1579/151/3 1580/150/3
f 1582/149/3 1580/150/3 1579/151/3
f 1585/156/4 1583/155/4 1584/154/4
f 1586/153/4 1584/154/4 1583/155/4
f 1589/164/12 1587/163/12 1588/162/12
f 1590/161/12 1588/162/12 1587/163/12
f 1593/152/3 1591/151/3 1592/150/3
f 1594/149/3 1592/150/3 1591/151/3
f 1597/156/4 1595/155/4 1596/154/4
f 1598/153/4 1596/154/4 1595/155/4
f 1601/168/11 1599/167/12 1600/166/11
f 1602/165/12 1600/166/11 1599/167/12
f 1605/152/3 1603/151/3 1604/150/3
f 1606/149/3 1604/150/3 1603/151/3
f 1609/156/4 1607/155/4 1608/154/4
f 1610/153/4 1608/154/4 1607/155/4
f 1613/172/11 1611/171/11 1612/170/11
f 1614/169/11 1612/170/11 1611/171/11
f 1617/152/3 1615/151/3 1616/150/3
f 1618/149/3 1616/150/3 1615/151/3
f 1621/156/4 1619/155/4 1620/154/4
f 1622/153/4 1620/154/4 1619/155/4
f 1625/176/12 1623/175/12 1624/174/12
f 1626/173/12 1624/174/12 1623/175/12
f 1629/152/3 1627/151/3 1628/150/3
f 1630/149/3 1628/150/3 1627/151/3
f 1633/156/4 1631/155/4 1632/154/4
f 1634/153/4 1632/154/4 1631/155/4
f 1637/197/13 1635/199/13 1636/198/13
f 1638/200/13 1636/198/13 1635/199/13
f 1641/201/13 1639/203/13 1640/202/13
f 1642/204/13 1640/202/13 1639/203/13
f 1645/205/13 1643/207/13 1644/206/13
f 1646/208/13 1644/206/13 1643/207/13
f 1649/209/13 1647/211/13 1648/210/13
f 1650/212/13 1648/210/13 1647/211/13
f 1653/213/13 1651/215/13 1652/214/13
f 1654/216/13 1652/214/13 1651/215/13
f 1657/217/13 1655/219/13 1656/218/13
f 1658/220/13 1656/218/13 1655/219/13
f 1661/610/72 1659/611/73 1660/612/74
f 1662/613/74 1660/612/74 1659/611/73
f 1660/612/74 1662/613/74 1663/614/75
f 1664/615/76 1663/614/75 1662/613/74
f 1667/616/77 1665/617/78 1666/618/79
f 1668/619/79 1666/618/79 1665/617/78
f 1666/618/79 1668/619/79 1669/620/80
f 1670/621/81 1669/620/80 1668/619/79
f 1673/622/82 1671/623/83 1672/624/8
f 1674/625/8 1672/624/8 1671/623/83
f 1672/624/8 1674/625/8 1675/626/84
f 1676/627/85 1675/626/84 1674/625/8
f 1679/628/86 1677/629/3 1678/630/87
f 1680/631/3 1678/630/87 1677/629/3
f 1680/631/3 1677/629/3 1681/632/88
f 1682/633/89 1681/632/88 1677/629/3
f 1685/634/90 1683/635/91 1684/636/92
f 1684/636/92 1683/635/91 1686/637/12
f 1686/637/12 1683/635/91 1687/638/93
f 1688/639/94 1684/636/92 1686/637/12
f 1689/640/95 1684/636/92 1688/639/94
f 1690/641/96 1688/639/94 1686/637/12
f 1693/642/97 1691/643/98 1692/644/99
f 1692/644/99 1691/643/98 1694/645/100
f 1695/646/101 1692/644/99 1694/645/100
f 1694/645/100 1691/643/98 1696/647/102
f 1696/647/102 1691/643/98 1697/648/103
f 1698/649/104 1694/645/100 1696/647/102
f 1701/650/105 1699/651/8 1700/652/106
f 1702/653/8 1700/652/106 1699/651/8
f 1699/651/8 1703/654/107 1702/653/8
f 1704/655/108 1702/653/8 1703/654/107
f 1707/656/109 1705/657/109 1706/658/110
f 1708/659/110 1706/658/110 1705/657/109
f 1711/660/111 1709/661/9 1710/662/112
f 1712/663/9 1710/662/112 1709/661/9
f 1709/661/9 1713/664/113 1712/663/9
f 1714/665/114 1712/663/9 1713/664/113
f 1717/666/115 1715/667/115 1716/668/116
f 1718/669/116 1716/668/116 1715/667/115
f 1721/670/12 1719/671/12 1720/672/12
f 1720/672/12 1719/671/12 1722/673/12
f 1722/673/12 1719/671/12 1723/674/12
f 1724/675/12 1720/672/12 1722/673/12
f 1727/676/13 1725/677/13 1726/678/13
f 1726/678/13 1725/677/13 1728/679/13
f 1728/679/13 1725/677/13 1729/680/13
f 1730/681/13 1726/678/13 1728/679/13
f 1733/682/105 1731/683/8 1732/684/106
f 1734/685/8 1732/684/106 1731/683/8
f 1731/683/8 1735/686/107 1734/685/8
f 1736/687/108 1734/685/8 1735/686/107
f 1739/688/109 1737/689/109 1738/690/110
f 1740/691/110 1738/690/110 1737/689/109
f 1743/692/117 1741/693/9 1742/694/118
f 1744/695/9 1742/694/118 1741/693/9
f 1741/693/9 1745/696/119 1744/695/9
f 1746/697/120 1744/695/9 1745/696/119
f 1749/698/115 1747/699/115 1748/700/116
f 1750/701/116 1748/700/116 1747/699/115
f 1753/702/12 1751/703/12 1752/704/12
f 1752/704/12 1751/703/12 1754/705/12
f 1754/705/12 1751/703/12 1755/706/12
f 1756/707/12 1752/704/12 1754/705/12
f 1759/708/13 1757/709/13 1758/710/13
f 1758/710/13 1757/709/13 1760/711/13
f 1760/711/13 1757/709/13 1761/712/13
f 1762/713/13 1758/710/13 1760/711/13
f 1765/714/121 1763/715/122 1764/716/123
f 1766/717/124 1764/716/123 1763/715/122
f 1763/715/122 1767/718/125 1766/717/124
f 1768/719/125 1766/717/124 1767/718/125
f 1767/718/125 1769/720/126 1768/719/125
f 1770/721/127 1768/719/125 1769/720/126
f 1773/722/128 1771/723/129 1772/724/130
f 1774/725/129 1772/724/130 1771/723/129
f 1771/723/129 1775/726/131 1774/725/129
f 1776/727/132 1774/725/129 1775/726/131
f 1775/726/131 1777/728/133 1776/727/132
f 1778/729/134 1776/727/132 1777/728/133
f 1781/730/135 1779/731/136 1780/732/137
f 1782/733/136 1780/732/137 1779/731/136
f 1779/731/136 1783/734/138 1782/733/136
f 1784/735/138 1782/733/136 1783/734/138
f 1783/734/138 1785/736/139 1784/735/138
f 1786/737/140 1784/735/138 1785/736/139
f 1789/738/141 1787/739/142 1788/740/143
f 1790/741/142 1788/740/143 1787/739/142
f 1787/739/142 1791/742/144 1790/741/142
f 1792/743/145 1790/741/142 1791/742/144
f 1791/742/144 1793/744/146 1792/743/145
f 1794/745/147 1792/743/145 1793/744/146
f 1797/746/12 1795/747/12 1796/748/12
f 1796/748/12 1795/747/12 1798/749/12
f 1799/750/12 1796/748/12 1798/749/12
f 1798/749/12 1795/747/12 1800/751/12
f 1800/751/12 1795/747/12 1801/752/12
f 1801/752/12 1795/747/12 1802/753/12
f 1803/754/12 1800/751/12 1801/752/12
f 1804/755/12 1798/749/12 1800/751/12
f 1805/756/12 1798/749/12 1804/755/12
f 1806/757/12 1804/755/12 1800/751/12
f 1809/758/13 1807/759/13 1808/760/13
f 1808/760/13 1807/759/13 1810/761/13
f 1811/762/13 1808/760/13 1810/761/13
f 1810/761/13 1807/759/13 1812/763/13
f 1812/763/13 1807/759/13 1813/764/13
f 1813/764/13 1807/759/13 1814/765/13
f 1815/766/13 1812/763/13 1813/764/13
f 1816/767/13 1810/761/13 1812/763/13
f 1817/768/13 1810/761/13 1816/767/13
f 1818/769/13 1816/767/13 1812/763/13
f 1821/770/148 1819/771/8 1820/772/149
f 1822/773/8 1820/772/149 1819/771/8
f 1819/771/8 1823/774/150 1822/773/8
f 1824/775/151 1822/773/8 1823/774/150
f 1827/776/109 1825/777/109 1826/778/110
f 1828/779/110 1826/778/110 1825/777/109
f 1831/780/111 1829/781/9 1830/782/112
f 1832/783/9 1830/782/112 1829/781/9
f 1829/781/9 1833/784/152 1832/783/9
f 1834/785/153 1832/783/9 1833/784/152
f 1837/786/115 1835/787/115 1836/788/116
f 1838/789/116 1836/788/116 1835/787/115
f 1841/790/12 1839/791/12 1840/792/12
f 1840/792/12 1839/791/12 1842/793/12
f 1842/793/12 1839/791/12 1843/794/12
f 1844/795/12 1840/792/12 1842/793/12
f 1847/796/13 1845/797/13 1846/798/13
f 1846/798/13 1845/797/13 1848/799/13
f 1848/799/13 1845/797/13 1849/800/13
f 1850/801/13 1846/798/13 1848/799/13
f 1853/802/154 1851/803/155 1852/804/9
f 1854/805/9 1852/804/9 1851/803/155
f 1852/804/9 1854/805/9 1855/806/156
f 1856/807/157 1855/806/156 1854/805/9
f 1859/808/158 1857/809/159 1858/810/3
f 1860/811/3 1858/810/3 1857/809/159
f 1858/810/3 1860/811/3 1861/812/160
f 1862/813/87 1861/812/160 1860/811/3
f 1865/814/161 1863/815/84 1864/816/8
f 1866/817/8 1864/816/8 1863/815/84
f 1864/816/8 1866/817/8 1867/818/162
f 1868/819/82 1867/818/162 1866/817/8
f 1871/820/81 1869/821/163 1870/822/4
f 1872/823/4 1870/822/4 1869/821/163
f 1870/822/4 1872/823/4 1873/824/164
f 1874/825/165 1873/824/164 1872/823/4
f 1877/826/12 1875/827/12 1876/828/12
f 1876/828/12 1875/827/12 1878/829/12
f 1878/829/12 1875/827/12 1879/830/12
f 1880/831/12 1876/828/12 1878/829/12
f 1881/832/12 1876/828/12 1880/831/12
f 1882/833/12 1880/831/12 1878/829/12
f 1885/834/13 1883/835/13 1884/836/13
f 1884/836/13 1883/835/13 1886/837/13
f 1886/837/13 1883/835/13 1887/838/13
f 1888/839/13 1884/836/13 1886/837/13
f 1889/840/13 1884/836/13 1888/839/13
f 1890/841/13 1888/839/13 1886/837/13
f 1893/842/166 1891/843/156 1892/804/9
f 1894/844/9 1892/804/9 1891/843/156
f 1892/804/9 1894/844/9 1895/845/155
f 1896/846/154 1895/845/155 1894/844/9
f 1899/847/167 1897/848/164 1898/849/4
f 1900/823/4 1898/849/4 1897/848/164
f 1898/849/4 1900/823/4 1901/850/163
f 1902/851/81 1901/850/163 1900/823/4
f 1905/852/168 1903/853/169 1904/854/8
f 1906/817/8 1904/854/8 1903/853/169
f 1904/854/8 1906/817/8 1907/855/170
f 1908/856/161 1907/855/170 1906/817/8
f 1911/857/87 1909/858/160 1910/859/3
f 1912/811/3 1910/859/3 1909/858/160
f 1910/859/3 1912/811/3 1913/860/159
f 1914/861/158 1913/860/159 1912/811/3
f 1917/862/158 1915/863/159 1916/864/3
f 1918/810/3 1916/864/3 1915/863/159
f 1916/864/3 1918/810/3 1919/865/160
f 1920/866/87 1919/865/160 1918/810/3
f 1923/867/85 1921/868/84 1922/869/8
f 1924/816/8 1922/869/8 1921/868/84
f 1922/869/8 1924/816/8 1925/870/162
f 1926/871/171 1925/870/162 1924/816/8
f 1929/872/81 1927/873/163 1928/874/4
f 1930/822/4 1928/874/4 1927/873/163
f 1928/874/4 1930/822/4 1931/875/172
f 1932/876/165 1931/875/172 1930/822/4
f 1935/877/173 1933/878/174 1934/879/9
f 1936/805/9 1934/879/9 1933/878/174
f 1934/879/9 1936/805/9 1937/880/155
f 1938/881/154 1937/880/155 1936/805/9
f 1941/882/13 1939/834/13 1940/840/13
f 1940/840/13 1939/834/13 1942/883/13
f 1942/883/13 1939/834/13 1943/835/13
f 1944/884/13 1940/840/13 1942/883/13
f 1945/839/100 1940/840/13 1944/884/13
f 1946/837/13 1944/884/13 1942/883/13
f 1949/828/12 1947/885/12 1948/832/12
f 1948/832/12 1947/885/12 1950/830/12
f 1950/830/12 1947/885/12 1951/827/12
f 1952/833/12 1948/832/12 1950/830/12
f 1953/886/12 1948/832/12 1952/833/12
f 1954/887/12 1952/833/12 1950/830/12
f 1957/888/121 1955/889/122 1956/890/123
f 1958/891/122 1956/890/123 1955/889/122
f 1955/889/122 1959/892/125 1958/891/122
f 1960/893/125 1958/891/122 1959/892/125
f 1959/892/125 1961/894/175 1960/893/125
f 1962/895/176 1960/893/125 1961/894/175
f 1965/896/177 1963/897/129 1964/898/178
f 1966/899/129 1964/898/178 1963/897/129
f 1963/897/129 1967/900/131 1966/899/129
f 1968/901/131 1966/899/129 1967/900/131
f 1967/900/131 1969/902/179 1968/901/131
f 1970/903/180 1968/901/131 1969/902/179
f 1973/904/181 1971/905/136 1972/906/182
f 1974/907/136 1972/906/182 1971/905/136
f 1971/905/136 1975/908/138 1974/907/136
f 1976/909/138 1974/907/136 1975/908/138
f 1975/908/138 1977/910/183 1976/909/138
f 1978/911/184 1976/909/138 1977/910/183
f 1981/912/141 1979/913/142 1980/914/185
f 1982/915/142 1980/914/185 1979/913/142
f 1979/913/142 1983/916/144 1982/915/142
f 1984/917/145 1982/915/142 1983/916/144
f 1983/916/144 1985/918/146 1984/917/145
f 1986/919/147 1984/917/145 1985/918/146
f 1989/920/12 1987/921/12 1988/922/12
f 1988/922/12 1987/921/12 1990/923/12
f 1991/924/12 1988/922/12 1990/923/12
f 1990/923/12 1987/921/12 1992/925/12
f 1992/925/12 1987/921/12 1993/926/12
f 1993/926/12 1987/921/12 1994/927/12
f 1995/928/12 1992/925/12 1993/926/12
f 1996/929/12 1990/923/12 1992/925/12
f 1997/930/12 1990/923/12 1996/929/12
f 1998/931/12 1996/929/12 1992/925/12
f 2001/932/13 1999/933/13 2000/934/13
f 2000/934/13 1999/933/13 2002/935/13
f 2003/936/13 2000/934/13 2002/935/13
f 2002/935/13 1999/933/13 2004/937/13
f 2004/937/13 1999/933/13 2005/938/13
f 2005/938/13 1999/933/13 2006/939/13
f 2007/940/13 2004/937/13 2005/938/13
f 2008/941/13 2002/935/13 2004/937/13
f 2009/942/13 2002/935/13 2008/941/13
f 2010/943/13 2008/941/13 2004/937/13
f 2013/944/186 2011/945/187 2012/946/188
f 2014/947/189 2012/946/188 2011/945/187
f 2014/947/189 2011/945/187 2015/948/190
f 2016/949/191 2015/948/190 2011/945/187
f 2019/950/192 2017/951/193 2018/952/194
f 2020/953/195 2018/952/194 2017/951/193
f 2020/953/195 2017/951/193 2021/954/196
f 2022/955/197 2021/954/196 2017/951/193
f 2025/956/198 2023/957/199 2024/958/200
f 2026/959/201 2024/958/200 2023/957/199
f 2026/959/201 2023/957/199 2027/960/202
f 2028/961/203 2027/960/202 2023/957/199
f 2031/962/204 2029/963/205 2030/964/206
f 2032/965/207 2030/964/206 2029/963/205
f 2032/965/207 2029/963/205 2033/966/208
f 2034/967/209 2033/966/208 2029/963/205
f 2037/968/210 2035/969/211 2036/970/212
f 2038/971/213 2036/970/212 2035/969/211
f 2041/972/214 2039/973/215 2040/974/216
f 2042/975/217 2040/974/216 2039/973/215
f 2045/976/218 2043/977/219 2044/978/220
f 2046/979/221 2044/978/220 2043/977/219
f 2049/980/222 2047/981/223 2048/982/224
f 2050/983/225 2048/982/224 2047/981/223
f 2053/984/105 2051/985/8 2052/986/226
f 2054/987/8 2052/986/226 2051/985/8
f 2051/985/8 2055/988/107 2054/987/8
f 2056/989/108 2054/987/8 2055/988/107
f 2059/990/109 2057/991/109 2058/992/110
f 2060/993/110 2058/992/110 2057/991/109
f 2063/994/227 2061/995/9 2062/996/228
f 2064/997/9 2062/996/228 2061/995/9
f 2061/995/9 2065/998/229 2064/997/9
f 2066/999/230 2064/997/9 2065/998/229
f 2069/1000/115 2067/1001/115 2068/1002/116
f 2070/1003/116 2068/1002/116 2067/1001/115
f 2073/1004/12 2071/1005/12 2072/1006/12
f 2072/1006/12 2071/1005/12 2074/1007/12
f 2074/1007/12 2071/1005/12 2075/1008/12
f 2076/1009/12 2072/1006/12 2074/1007/12
f 2079/1010/13 2077/1011/13 2078/1012/13
f 2078/1012/13 2077/1011/13 2080/1013/13
f 2080/1013/13 2077/1011/13 2081/1014/13
f 2082/1015/13 2078/1012/13 2080/1013/13
f 2085/1016/231 2083/1017/232 2084/1018/233
f 2086/1019/232 2084/1018/233 2083/1017/232
f 2083/1017/232 2087/1020/8 2086/1019/232
f 2088/1021/8 2086/1019/232 2087/1020/8
f 2087/1020/8 2089/1022/234 2088/1021/8
f 2090/1023/234 2088/1021/8 2089/1022/234
f 2089/1022/234 2091/1024/235 2090/1023/234
f 2092/1025/236 2090/1023/234 2091/1024/235
f 2095/1026/237 2093/1027/4 2094/1028/238
f 2096/1029/4 2094/1028/238 2093/1027/4
f 2093/1027/4 2097/1030/239 2096/1029/4
f 2098/1031/240 2096/1029/4 2097/1030/239
f 2101/1032/241 2099/1033/242 2100/1034/243
f 2102/1035/242 2100/1034/243 2099/1033/242
f 2099/1033/242 2103/1036/9 2102/1035/242
f 2104/1037/9 2102/1035/242 2103/1036/9
f 2103/1036/9 2105/1038/244 2104/1037/9
f 2106/1039/244 2104/1037/9 2105/1038/244
f 2105/1038/244 2107/1040/245 2106/1039/244
f 2108/1041/246 2106/1039/244 2107/1040/245
f 2111/1042/247 2109/1043/3 2110/1044/248
f 2112/1045/3 2110/1044/248 2109/1043/3
f 2109/1043/3 2113/1046/249 2112/1045/3
f 2114/1047/250 2112/1045/3 2113/1046/249
f 2117/1048/236 2115/1049/234 2116/1050/235
f 2118/1051/234 2116/1050/235 2115/1049/234
f 2115/1049/234 2119/1052/8 2118/1051/234
f 2120/1053/8 2118/1051/234 2119/1052/8
f 2119/1052/8 2121/1054/232 2120/1053/8
f 2122/1055/232 2120/1053/8 2121/1054/232
f 2121/1054/232 2123/1056/233 2122/1055/232
f 2124/1057/231 2122/1055/232 2123/1056/233
f 2127/1058/250 2125/1059/3 2126/1060/249
f 2128/1061/3 2126/1060/249 2125/1059/3
f 2125/1059/3 2129/1062/248 2128/1061/3
f 2130/1063/251 2128/1061/3 2129/1062/248
f 2133/1064/252 2131/1065/244 2132/1066/253
f 2134/1067/244 2132/1066/253 2131/1065/244
f 2131/1065/244 2135/1068/9 2134/1067/244
f 2136/1069/9 2134/1067/244 2135/1068/9
f 2135/1068/9 2137/1070/242 2136/1069/9
f 2138/1071/242 2136/1069/9 2137/1070/242
f 2137/1070/242 2139/1072/243 2138/1071/242
f 2140/1073/241 2138/1071/242 2139/1072/243
f 2143/1074/240 2141/1075/4 2142/1076/239
f 2144/1077/4 2142/1076/239 2141/1075/4
f 2141/1075/4 2145/1078/238 2144/1077/4
f 2146/1079/237 2144/1077/4 2145/1078/238
f 2149/1080/105 2147/1081/8 2148/1082/106
f 2150/1083/8 2148/1082/106 2147/1081/8
f 2147/1081/8 2151/1084/254 2150/1083/8
f 2152/1085/255 2150/1083/8 2151/1084/254
f 2155/1086/109 2153/1087/109 2154/1088/110
f 2156/1089/110 2154/1088/110 2153/1087/109
f 2159/1090/111 2157/1091/9 2158/1092/112
f 2160/1093/9 2158/1092/112 2157/1091/9
f 2157/1091/9 2161/1094/152 2160/1093/9
f 2162/1095/153 2160/1093/9 2161/1094/152
f 2165/1096/115 2163/1097/115 2164/1098/116
f 2166/1099/116 2164/1098/116 2163/1097/115
f 2169/1100/12 2167/1101/12 2168/1102/12
f 2168/1102/12 2167/1101/12 2170/1103/12
f 2170/1103/12 2167/1101/12 2171/1104/12
f 2172/1105/12 2168/1102/12 2170/1103/12
f 2175/1106/13 2173/1107/13 2174/1108/13
f 2174/1108/13 2173/1107/13 2176/1109/13
f 2176/1109/13 2173/1107/13 2177/1110/13
f 2178/1111/13 2174/1108/13 2176/1109/13
f 2181/1112/256 2179/1113/257 2180/1114/258
f 2182/1115/259 2180/1114/258 2179/1113/257
f 2185/1116/260 2183/1117/261 2184/1118/262
f 2186/1119/261 2184/1118/262 2183/1117/261
f 2183/1117/261 2187/1120/263 2186/1119/261
f 2188/1121/264 2186/1119/261 2187/1120/263
f 2191/1122/265 2189/1123/266 2190/1124/267
f 2192/1125/268 2190/1124/267 2189/1123/266
f 2195/1126/269 2193/1127/270 2194/1128/271
f 2196/1129/270 2194/1128/271 2193/1127/270
f 2193/1127/270 2197/1130/272 2196/1129/270
f 2198/1131/273 2196/1129/270 2197/1130/272
f 2201/1132/12 2199/1133/12 2200/1134/12
f 2200/1134/12 2199/1133/12 2202/1135/12
f 2202/1135/12 2199/1133/12 2203/1136/12
f 2204/1137/12 2200/1134/12 2202/1135/12
f 2207/1138/13 2205/1139/13 2206/1140/13
f 2206/1140/13 2205/1139/13 2208/1141/13
f 2208/1141/13 2205/1139/13 2209/1142/13
f 2210/1143/13 2206/1140/13 2208/1141/13
f 2213/1144/12 2211/1145/12 2212/1146/12
f 2213/1144/12 2214/1147/12 2211/1145/12
f 2213/1144/12 2212/1146/12 2215/1148/12
f 2213/1144/12 2216/1149/12 2214/1147/12
f 2213/1144/12 2215/1148/12 2217/1150/12
f 2213/1144/12 2218/1151/12 2216/1149/12
f 2213/1144/12 2217/1150/12 2219/1152/12
f 2213/1144/12 2220/1153/12 2218/1151/12
f 2213/1144/12 2219/1152/12 2221/1154/12
f 2213/1144/12 2222/1155/12 2220/1153/12
f 2213/1144/12 2221/1154/12 2223/1156/12
f 2213/1144/12 2223/1156/12 2222/1155/12
f 2226/1157/13 2224/1158/13 2225/1159/13
f 2226/1157/13 2227/1160/13 2224/1158/13
f 2226/1157/13 2225/1159/13 2228/1161/13
f 2226/1157/13 2229/1162/13 2227/1160/13
f 2226/1157/13 2228/1161/13 2230/1163/13
f 2226/1157/13 2231/1164/13 2229/1162/13
f 2226/1157/13 2230/1163/13 2232/1165/13
f 2226/1157/13 2233/1166/13 2231/1164/13
f 2226/1157/13 2232/1165/13 2234/1167/13
f 2226/1157/13 2235/1168/13 2233/1166/13
f 2226/1157/13 2234/1167/13 2236/1169/13
f 2226/1157/13 2236/1169/13 2235/1168/13
f 2239/1158/13 2237/1159/13 2238/1170/13
f 2240/1171/13 2238/1170/13 2237/1159/13
f 2238/1170/13 2241/1172/13 2239/1158/13
f 2237/1159/13 2242/1161/13 2240/1171/13
f 2243/1160/13 2239/1158/13 2241/1172/13
f 2244/1173/13 2240/1171/13 2242/1161/13
f 2241/1172/13 2245/1174/13 2243/1160/13
f 2242/1161/13 2246/1163/13 2244/1173/13
f 2247/1175/13 2243/1160/13 2245/1174/13
f 2248/1176/13 2244/1173/13 2246/1163/13
f 2245/1174/13 2249/1177/13 2247/1175/13
f 2246/1163/13 2250/1178/13 2248/1176/13
f 2251/1164/13 2247/1175/13 2249/1177/13
f 2252/1179/13 2248/1176/13 2250/1178/13
f 2249/1177/13 2253/1180/13 2251/1164/13
f 2250/1178/13 2254/1167/13 2252/1179/13
f 2255/1181/13 2251/1164/13 2253/1180/13
f 2256/1182/13 2252/1179/13 2254/1167/13
f 2253/1180/13 2257/1183/13 2255/1181/13
f 2254/1167/13 2258/1184/13 2256/1182/13
f 2259/1168/13 2255/1181/13 2257/1183/13
f 2260/1185/13 2256/1182/13 2258/1184/13
f 2257/1183/13 2260/1185/13 2259/1168/13
f 2258/1184/13 2259/1168/13 2260/1185/13
f 2263/1145/12 2261/1146/12 2262/1186/12
f 2264/1187/12 2262/1186/12 2261/1146/12
f 2307/610/274 2306/612/74 2305/611/275
f 2308/613/74 2305/611/275 2306/612/74
f 2306/612/74 2309/614/276 2308/613/74
f 2310/615/276 2308/613/74 2309/614/276
f 2313/616/277 2312/618/79 2311/617/278
f 2314/619/79 2311/617/278 2312/618/79
f 2312/618/79 2315/620/279 2314/619/79
f 2316/621/280 2314/619/79 2315/620/279
f 2319/622/281 2318/624/8 2317/623/282
f 2320/625/8 2317/623/282 2318/624/8
f 2318/624/8 2321/626/283 2320/625/8
f 2322/627/283 2320/625/8 2321/626/283
f 2325/628/284 2324/630/285 2323/629/3
f 2326/631/3 2323/629/3 2324/630/285
f 2326/631/3 2327/632/286 2323/629/3
f 2328/633/287 2323/629/3 2327/632/286
f 2331/634/97 2330/636/288 2329/635/99
f 2330/636/288 2332/637/13 2329/635/99
f 2332/637/13 2333/638/101 2329/635/99
f 2334/639/289 2332/637/13 2330/636/288
f 2335/640/289 2334/639/289 2330/636/288
f 2336/641/290 2332/637/13 2334/639/289
f 2339/642/90 2338/644/91 2337/643/90
f 2338/644/91 2340/645/291 2337/643/90
f 2341/646/93 2340/645/291 2338/644/91
f 2340/645/291 2342/647/292 2337/643/90
f 2342/647/292 2343/648/293 2337/643/90
f 2344/649/294 2342/647/292 2340/645/291
f 2347/650/295 2346/652/296 2345/651/8
f 2348/653/8 2345/651/8 2346/652/296
f 2345/651/8 2348/653/8 2349/654/297
f 2350/655/297 2349/654/297 2348/653/8
f 2353/656/296 2352/658/296 2351/657/298
f 2354/659/298 2351/657/298 2352/658/296
f 2357/660/298 2356/662/298 2355/661/9
f 2358/663/9 2355/661/9 2356/662/298
f 2355/661/9 2358/663/9 2359/664/299
f 2360/665/299 2359/664/299 2358/663/9
f 2363/666/299 2362/668/299 2361/667/297
f 2364/669/297 2361/667/297 2362/668/299
f 2367/670/13 2366/672/13 2365/671/13
f 2366/672/13 2368/673/13 2365/671/13
f 2368/673/13 2369/674/13 2365/671/13
f 2370/675/13 2368/673/13 2366/672/13
f 2373/676/12 2372/678/12 2371/677/12
f 2372/678/12 2374/679/12 2371/677/12
f 2374/679/12 2375/680/12 2371/677/12
f 2376/681/12 2374/679/12 2372/678/12
f 2379/682/296 2378/684/296 2377/683/8
f 2380/685/8 2377/683/8 2378/684/296
f 2377/683/8 2380/685/8 2381/686/297
f 2382/687/297 2381/686/297 2380/685/8
f 2385/688/296 2384/690/296 2383/689/298
f 2386/691/298 2383/689/298 2384/690/296
f 2389/692/298 2388/694/298 2387/693/9
f 2390/695/9 2387/693/9 2388/694/298
f 2387/693/9 2390/695/9 2391/696/300
f 2392/697/299 2391/696/300 2390/695/9
f 2395/698/299 2394/700/299 2393/699/297
f 2396/701/297 2393/699/297 2394/700/299
f 2399/702/13 2398/704/13 2397/703/13
f 2398/704/13 2400/705/13 2397/703/13
f 2400/705/13 2401/706/13 2397/703/13
f 2402/707/13 2400/705/13 2398/704/13
f 2405/708/12 2404/710/12 2403/709/12
f 2404/710/12 2406/711/12 2403/709/12
f 2406/711/12 2407/712/12 2403/709/12
f 2408/713/12 2406/711/12 2404/710/12
f 2411/714/301 2410/716/301 2409/715/122
f 2412/717/124 2409/715/122 2410/716/301
f 2409/715/122 2412/717/124 2413/718/125
f 2414/719/125 2413/718/125 2412/717/124
f 2413/718/125 2414/719/125 2415/720/302
f 2416/721/302 2415/720/302 2414/719/125
f 2419/722/303 2418/724/303 2417/723/129
f 2420/725/129 2417/723/129 2418/724/303
f 2417/723/129 2420/725/129 2421/726/131
f 2422/727/132 2421/726/131 2420/725/129
f 2421/726/131 2422/727/132 2423/728/304
f 2424/729/305 2423/728/304 2422/727/132
f 2427/730/306 2426/732/306 2425/731/136
f 2428/733/136 2425/731/136 2426/732/306
f 2425/731/136 2428/733/136 2429/734/138
f 2430/735/138 2429/734/138 2428/733/136
f 2429/734/138 2430/735/138 2431/736/307
f 2432/737/308 2431/736/307 2430/735/138
f 2435/738/309 2434/740/310 2433/739/142
f 2436/741/142 2433/739/142 2434/740/310
f 2433/739/142 2436/741/142 2437/742/144
f 2438/743/145 2437/742/144 2436/741/142
f 2437/742/144 2438/743/145 2439/744/311
f 2440/745/311 2439/744/311 2438/743/145
f 2443/746/13 2442/748/13 2441/747/13
f 2442/748/13 2444/749/13 2441/747/13
f 2445/750/13 2444/749/13 2442/748/13
f 2444/749/13 2446/751/13 2441/747/13
f 2446/751/13 2447/752/13 2441/747/13
f 2447/752/13 2448/753/13 2441/747/13
f 2449/754/13 2447/752/13 2446/751/13
f 2450/755/13 2446/751/13 2444/749/13
f 2451/756/13 2450/755/13 2444/749/13
f 2452/757/13 2446/751/13 2450/755/13
f 2455/758/12 2454/760/12 2453/759/12
f 2454/760/12 2456/761/12 2453/759/12
f 2457/762/12 2456/761/12 2454/760/12
f 2456/761/12 2458/763/12 2453/759/12
f 2458/763/12 2459/764/12 2453/759/12
f 2459/764/12 2460/765/12 2453/759/12
f 2461/766/12 2459/764/12 2458/763/12
f 2462/767/12 2458/763/12 2456/761/12
f 2463/768/12 2462/767/12 2456/761/12
f 2464/769/12 2458/763/12 2462/767/12
f 2467/770/296 2466/772/296 2465/771/8
f 2468/773/8 2465/771/8 2466/772/296
f 2465/771/8 2468/773/8 2469/774/297
f 2470/775/297 2469/774/297 2468/773/8
f 2473/776/296 2472/778/296 2471/777/298
f 2474/779/298 2471/777/298 2472/778/296
f 2477/780/298 2476/782/298 2475/781/9
f 2478/783/9 2475/781/9 2476/782/298
f 2475/781/9 2478/783/9 2479/784/299
f 2480/785/299 2479/784/299 2478/783/9
f 2483/786/299 2482/788/299 2481/787/297
f 2484/789/297 2481/787/297 2482/788/299
f 2487/790/13 2486/792/13 2485/791/13
f 2486/792/13 2488/793/13 2485/791/13
f 2488/793/13 2489/794/13 2485/791/13
f 2490/795/13 2488/793/13 2486/792/13
f 2493/796/12 2492/798/12 2491/797/12
f 2492/798/12 2494/799/12 2491/797/12
f 2494/799/12 2495/800/12 2491/797/12
f 2496/801/12 2494/799/12 2492/798/12
f 2499/802/312 2498/804/9 2497/803/312
f 2500/805/9 2497/803/312 2498/804/9
f 2498/804/9 2501/806/313 2500/805/9
f 2502/807/313 2500/805/9 2501/806/313
f 2505/808/314 2504/810/3 2503/809/314
f 2506/811/3 2503/809/314 2504/810/3
f 2504/810/3 2507/812/284 2506/811/3
f 2508/813/284 2506/811/3 2507/812/284
f 2511/814/283 2510/816/8 2509/815/283
f 2512/817/8 2509/815/283 2510/816/8
f 2510/816/8 2513/818/282 2512/817/8
f 2514/819/282 2512/817/8 2513/818/282
f 2517/820/279 2516/822/4 2515/821/279
f 2518/823/4 2515/821/279 2516/822/4
f 2516/822/4 2519/824/315 2518/823/4
f 2520/825/315 2518/823/4 2519/824/315
f 2523/826/13 2522/828/13 2521/827/13
f 2522/828/13 2524/829/13 2521/827/13
f 2524/829/13 2525/830/13 2521/827/13
f 2526/831/13 2524/829/13 2522/828/13
f 2527/832/13 2526/831/13 2522/828/13
f 2528/833/13 2524/829/13 2526/831/13
f 2531/834/12 2530/836/12 2529/835/12
f 2530/836/12 2532/837/12 2529/835/12
f 2532/837/12 2533/838/12 2529/835/12
f 2534/839/12 2532/837/12 2530/836/12
f 2535/840/12 2534/839/12 2530/836/12
f 2536/841/12 2532/837/12 2534/839/12
f 2539/842/313 2538/804/9 2537/843/313
f 2540/844/9 2537/843/313 2538/804/9
f 2538/804/9 2541/845/312 2540/844/9
f 2542/846/312 2540/844/9 2541/845/312
f 2545/847/316 2544/849/4 2543/848/315
f 2546/823/4 2543/848/315 2544/849/4
f 2544/849/4 2547/850/279 2546/823/4
f 2548/851/279 2546/823/4 2547/850/279
f 2551/852/282 2550/854/8 2549/853/282
f 2552/817/8 2549/853/282 2550/854/8
f 2550/854/8 2553/855/283 2552/817/8
f 2554/856/283 2552/817/8 2553/855/283
f 2557/857/284 2556/859/3 2555/858/284
f 2558/811/3 2555/858/284 2556/859/3
f 2556/859/3 2559/860/314 2558/811/3
f 2560/861/314 2558/811/3 2559/860/314
f 2563/862/314 2562/864/3 2561/863/314
f 2564/810/3 2561/863/314 2562/864/3
f 2562/864/3 2565/865/284 2564/810/3
f 2566/866/284 2564/810/3 2565/865/284
f 2569/867/283 2568/869/8 2567/868/283
f 2570/816/8 2567/868/283 2568/869/8
f 2568/869/8 2571/870/282 2570/816/8
f 2572/871/282 2570/816/8 2571/870/282
f 2575/872/279 2574/874/4 2573/873/279
f 2576/822/4 2573/873/279 2574/874/4
f 2574/874/4 2577/875/277 2576/822/4
f 2578/876/315 2576/822/4 2577/875/277
f 2581/877/317 2580/879/9 2579/878/317
f 2582/805/9 2579/878/317 2580/879/9
f 2580/879/9 2583/880/312 2582/805/9
f 2584/881/312 2582/805/9 2583/880/312
f 2587/882/12 2586/840/12 2585/834/12
f 2586/840/12 2588/883/12 2585/834/12
f 2588/883/12 2589/835/12 2585/834/12
f 2590/884/12 2588/883/12 2586/840/12
f 2591/839/291 2590/884/12 2586/840/12
f 2592/837/12 2588/883/12 2590/884/12
f 2595/828/13 2594/832/13 2593/885/13
f 2594/832/13 2596/830/13 2593/885/13
f 2596/830/13 2597/827/13 2593/885/13
f 2598/833/13 2596/830/13 2594/832/13
f 2599/886/13 2598/833/13 2594/832/13
f 2600/887/13 2596/830/13 2598/833/13
f 2603/888/318 2602/890/301 2601/889/122
f 2604/891/122 2601/889/122 2602/890/301
f 2601/889/122 2604/891/122 2605/892/125
f 2606/893/125 2605/892/125 2604/891/122
f 2605/892/125 2606/893/125 2607/894/302
f 2608/895/302 2607/894/302 2606/893/125
f 2611/896/319 2610/898/320 2609/897/129
f 2612/899/129 2609/897/129 2610/898/320
f 2609/897/129 2612/899/129 2613/900/131
f 2614/901/131 2613/900/131 2612/899/129
f 2613/900/131 2614/901/131 2615/902/321
f 2616/903/305 2615/902/321 2614/901/131
f 2619/904/322 2618/906/306 2617/905/136
f 2620/907/136 2617/905/136 2618/906/306
f 2617/905/136 2620/907/136 2621/908/138
f 2622/909/138 2621/908/138 2620/907/136
f 2621/908/138 2622/909/138 2623/910/307
f 2624/911/307 2623/910/307 2622/909/138
f 2627/912/323 2626/914/324 2625/913/142
f 2628/915/142 2625/913/142 2626/914/324
f 2625/913/142 2628/915/142 2629/916/144
f 2630/917/145 2629/916/144 2628/915/142
f 2629/916/144 2630/917/145 2631/918/311
f 2632/919/311 2631/918/311 2630/917/145
f 2635/920/13 2634/922/13 2633/921/13
f 2634/922/13 2636/923/13 2633/921/13
f 2637/924/13 2636/923/13 2634/922/13
f 2636/923/13 2638/925/13 2633/921/13
f 2638/925/13 2639/926/13 2633/921/13
f 2639/926/13 2640/927/13 2633/921/13
f 2641/928/13 2639/926/13 2638/925/13
f 2642/929/13 2638/925/13 2636/923/13
f 2643/930/13 2642/929/13 2636/923/13
f 2644/931/13 2638/925/13 2642/929/13
f 2647/932/12 2646/934/12 2645/933/12
f 2646/934/12 2648/935/12 2645/933/12
f 2649/936/12 2648/935/12 2646/934/12
f 2648/935/12 2650/937/12 2645/933/12
f 2650/937/12 2651/938/12 2645/933/12
f 2651/938/12 2652/939/12 2645/933/12
f 2653/940/12 2651/938/12 2650/937/12
f 2654/941/12 2650/937/12 2648/935/12
f 2655/942/12 2654/941/12 2648/935/12
f 2656/943/12 2650/937/12 2654/941/12
f 2659/944/325 2658/946/326 2657/945/327
f 2660/947/328 2657/945/327 2658/946/326
f 2660/947/328 2661/948/329 2657/945/327
f 2662/949/330 2657/945/327 2661/948/329
f 2665/950/331 2664/952/332 2663/951/333
f 2666/953/334 2663/951/333 2664/952/332
f 2666/953/334 2667/954/335 2663/951/333
f 2668/955/336 2663/951/333 2667/954/335
f 2671/956/337 2670/958/338 2669/957/339
f 2672/959/340 2669/957/339 2670/958/338
f 2672/959/340 2673/960/341 2669/957/339
f 2674/961/342 2669/957/339 2673/960/341
f 2677/962/343 2676/964/344 2675/963/345
f 2678/965/346 2675/963/345 2676/964/344
f 2678/965/346 2679/966/347 2675/963/345
f 2680/967/348 2675/963/345 2679/966/347
f 2683/968/349 2682/970/350 2681/969/351
f 2684/971/352 2681/969/351 2682/970/350
f 2687/972/353 2686/974/354 2685/973/355
f 2688/975/356 2685/973/355 2686/974/354
f 2691/976/357 2690/978/358 2689/977/359
f 2692/979/360 2689/977/359 2690/978/358
f 2695/980/361 2694/982/362 2693/981/363
f 2696/983/364 2693/981/363 2694/982/362
f 2699/984/296 2698/986/365 2697/985/8
f 2700/987/8 2697/985/8 2698/986/365
f 2697/985/8 2700/987/8 2701/988/297
f 2702/989/297 2701/988/297 2700/987/8
f 2705/990/296 2704/992/296 2703/991/298
f 2706/993/298 2703/991/298 2704/992/296
f 2709/994/298 2708/996/298 2707/995/9
f 2710/997/9 2707/995/9 2708/996/298
f 2707/995/9 2710/997/9 2711/998/299
f 2712/999/299 2711/998/299 2710/997/9
f 2715/1000/299 2714/1002/299 2713/1001/297
f 2716/1003/297 2713/1001/297 2714/1002/299
f 2719/1004/13 2718/1006/13 2717/1005/13
f 2718/1006/13 2720/1007/13 2717/1005/13
f 2720/1007/13 2721/1008/13 2717/1005/13
f 2722/1009/13 2720/1007/13 2718/1006/13
f 2725/1010/12 2724/1012/12 2723/1011/12
f 2724/1012/12 2726/1013/12 2723/1011/12
f 2726/1013/12 2727/1014/12 2723/1011/12
f 2728/1015/12 2726/1013/12 2724/1012/12
f 2731/1016/366 2730/1018/366 2729/1017/232
f 2732/1019/232 2729/1017/232 2730/1018/366
f 2729/1017/232 2732/1019/232 2733/1020/8
f 2734/1021/8 2733/1020/8 2732/1019/232
f 2733/1020/8 2734/1021/8 2735/1022/234
f 2736/1023/234 2735/1022/234 2734/1021/8
f 2735/1022/234 2736/1023/234 2737/1024/367
f 2738/1025/368 2737/1024/367 2736/1023/234
f 2741/1026/369 2740/1028/369 2739/1027/4
f 2742/1029/4 2739/1027/4 2740/1028/369
f 2739/1027/4 2742/1029/4 2743/1030/370
f 2744/1031/370 2743/1030/370 2742/1029/4
f 2747/1032/371 2746/1034/372 2745/1033/242
f 2748/1035/242 2745/1033/242 2746/1034/372
f 2745/1033/242 2748/1035/242 2749/1036/9
f 2750/1037/9 2749/1036/9 2748/1035/242
f 2749/1036/9 2750/1037/9 2751/1038/244
f 2752/1039/244 2751/1038/244 2750/1037/9
f 2751/1038/244 2752/1039/244 2753/1040/373
f 2754/1041/374 2753/1040/373 2752/1039/244
f 2757/1042/375 2756/1044/376 2755/1043/3
f 2758/1045/3 2755/1043/3 2756/1044/376
f 2755/1043/3 2758/1045/3 2759/1046/377
f 2760/1047/377 2759/1046/377 2758/1045/3
f 2763/1048/368 2762/1050/367 2761/1049/234
f 2764/1051/234 2761/1049/234 2762/1050/367
f 2761/1049/234 2764/1051/234 2765/1052/8
f 2766/1053/8 2765/1052/8 2764/1051/234
f 2765/1052/8 2766/1053/8 2767/1054/232
f 2768/1055/232 2767/1054/232 2766/1053/8
f 2767/1054/232 2768/1055/232 2769/1056/366
f 2770/1057/366 2769/1056/366 2768/1055/232
f 2773/1058/377 2772/1060/377 2771/1059/3
f 2774/1061/3 2771/1059/3 2772/1060/377
f 2771/1059/3 2774/1061/3 2775/1062/376
f 2776/1063/375 2775/1062/376 2774/1061/3
f 2779/1064/373 2778/1066/374 2777/1065/244
f 2780/1067/244 2777/1065/244 2778/1066/374
f 2777/1065/244 2780/1067/244 2781/1068/9
f 2782/1069/9 2781/1068/9 2780/1067/244
f 2781/1068/9 2782/1069/9 2783/1070/242
f 2784/1071/242 2783/1070/242 2782/1069/9
f 2783/1070/242 2784/1071/242 2785/1072/372
f 2786/1073/378 2785/1072/372 2784/1071/242
f 2789/1074/370 2788/1076/370 2787/1075/4
f 2790/1077/4 2787/1075/4 2788/1076/370
f 2787/1075/4 2790/1077/4 2791/1078/369
f 2792/1079/369 2791/1078/369 2790/1077/4
f 2795/1080/296 2794/1082/296 2793/1081/8
f 2796/1083/8 2793/1081/8 2794/1082/296
f 2793/1081/8 2796/1083/8 2797/1084/297
f 2798/1085/297 2797/1084/297 2796/1083/8
f 2801/1086/296 2800/1088/296 2799/1087/298
f 2802/1089/298 2799/1087/298 2800/1088/296
f 2805/1090/298 2804/1092/298 2803/1091/9
f 2806/1093/9 2803/1091/9 2804/1092/298
f 2803/1091/9 2806/1093/9 2807/1094/299
f 2808/1095/299 2807/1094/299 2806/1093/9
f 2811/1096/299 2810/1098/299 2809/1097/297
f 2812/1099/297 2809/1097/297 2810/1098/299
f 2815/1100/13 2814/1102/13 2813/1101/13
f 2814/1102/13 2816/1103/13 2813/1101/13
f 2816/1103/13 2817/1104/13 2813/1101/13
f 2818/1105/13 2816/1103/13 2814/1102/13
f 2821/1106/12 2820/1108/12 2819/1107/12
f 2820/1108/12 2822/1109/12 2819/1107/12
f 2822/1109/12 2823/1110/12 2819/1107/12
f 2824/1111/12 2822/1109/12 2820/1108/12
f 2827/1112/379 2826/1114/379 2825/1113/380
f 2828/1115/380 2825/1113/380 2826/1114/379
f 2831/1116/380 2830/1118/380 2829/1117/261
f 2832/1119/261 2829/1117/261 2830/1118/380
f 2829/1117/261 2832/1119/261 2833/1120/381
f 2834/1121/381 2833/1120/381 2832/1119/261
f 2837/1122/381 2836/1124/381 2835/1123/382
f 2838/1125/382 2835/1123/382 2836/1124/381
f 2841/1126/382 2840/1128/382 2839/1127/270
f 2842/1129/270 2839/1127/270 2840/1128/382
f 2839/1127/270 2842/1129/270 2843/1130/383
f 2844/1131/383 2843/1130/383 2842/1129/270
f 2847/1132/13 2846/1134/13 2845/1133/13
f 2846/1134/13 2848/1135/13 2845/1133/13
f 2848/1135/13 2849/1136/13 2845/1133/13
f 2850/1137/13 2848/1135/13 2846/1134/13
f 2853/1138/12 2852/1140/12 2851/1139/12
f 2852/1140/12 2854/1141/12 2851/1139/12
f 2854/1141/12 2855/1142/12 2851/1139/12
f 2856/1143/12 2854/1141/12 2852/1140/12
f 2262/1186/12 2265/1188/12 2263/1145/12
f 2261/1146/12 2266/1148/12 2264/1187/12
f 2267/1147/12 2263/1145/12 2265/1188/12
f 2268/1189/12 2264/1187/12 2266/1148/12
f 2265/1188/12 2269/1190/12 2267/1147/12
f 2266/1148/12 2270/1191/12 2268/1189/12
f 2271/1149/12 2267/1147/12 2269/1190/12
f 2272/1192/12 2268/1189/12 2270/1191/12
f 2269/1190/12 2273/1193/12 2271/1149/12
f 2270/1191/12 2274/1194/12 2272/1192/12
f 2275/1195/12 2271/1149/12 2273/1193/12
f 2276/1196/12 2272/1192/12 2274/1194/12
f 2273/1193/12 2277/1197/12 2275/1195/12
f 2274/1194/12 2278/1154/12 2276/1196/12
f 2279/1198/12 2275/1195/12 2277/1197/12
f 2280/1199/12 2276/1196/12 2278/1154/12
f 2277/1197/12 2281/1200/12 2279/1198/12
f 2278/1154/12 2282/1156/12 2280/1199/12
f 2283/1155/12 2279/1198/12 2281/1200/12
f 2284/1201/12 2280/1199/12 2282/1156/12
f 2281/1200/12 2284/1201/12 2283/1155/12
f 2282/1156/12 2283/1155/12 2284/1201/12
f 2287/4/384 2285/3/385 2286/2/384
f 2288/1/385 2286/2/384 2285/3/385
f 2885/1144/13 2884/1146/13 2883/1145/13
f 2885/1144/13 2883/1145/13 2886/1147/13
f 2885/1144/13 2887/1148/13 2884/1146/13
f 2885/1144/13 2886/1147/13 2888/1149/13
f 2885/1144/13 2889/1150/13 2887/1148/13
f 2885/1144/13 2888/1149/13 2890/1151/13
f 2885/1144/13 2891/1152/13 2889/1150/13
f 2885/1144/13 2890/1151/13 2892/1153/13
f 2885/1144/13 2893/1154/13 2891/1152/13
f 2885/1144/13 2892/1153/13 2894/1155/13
f 2885/1144/13 2895/1156/13 2893/1154/13
f 2885/1144/13 2894/1155/13 2895/1156/13
f 2898/1157/12 2897/1159/12 2896/1158/12
f 2898/1157/12 2896/1158/12 2899/1160/12
f 2898/1157/12 2900/1161/12 2897/1159/12
f 2898/1157/12 2899/1160/12 2901/1162/12
f 2898/1157/12 2902/1163/12 2900/1161/12
f 2898/1157/12 2901/1162/12 2903/1164/12
f 2898/1157/12 2904/1165/12 2902/1163/12
f 2898/1157/12 2903/1164/12 2905/1166/12
f 2898/1157/12 2906/1167/12 2904/1165/12
f 2898/1157/12 2905/1166/12 2907/1168/12
f 2898/1157/12 2908/1169/12 2906/1167/12
f 2898/1157/12 2907/1168/12 2908/1169/12
f 2291/8/3 2289/7/3 2290/6/3
f 2292/5/3 2290/6/3 2289/7/3
f 2295/12/4 2293/11/4 2294/10/4
f 2296/9/4 2294/10/4 2293/11/4
f 2299/16/386 2297/15/386 2298/14/386
f 2300/13/386 2298/14/386 2297/15/386
f 2303/20/3 2301/19/3 2302/18/3
f 2304/17/3 2302/18/3 2301/19/3
f 2859/24/4 2857/23/4 2858/22/4
f 2860/21/4 2858/22/4 2857/23/4
f 2863/28/387 2861/27/385 2862/26/387
f 2864/25/384 2862/26/387 2861/27/385
f 2867/32/3 2865/31/3 2866/30/3
f 2868/29/3 2866/30/3 2865/31/3
f 2871/36/4 2869/35/4 2870/34/4
f 2872/33/4 2870/34/4 2869/35/4
f 2875/40/388 2873/39/386 2874/38/387
f 2876/37/386 2874/38/387 2873/39/386
f 2879/44/3 2877/43/3 2878/42/3
f 2880/41/3 2878/42/3 2877/43/3
f 2909/48/4 2881/47/4 2882/46/4
f 2914/49/386 2912/50/385 2911/51/386
f 2913/52/385 2911/51/386 2912/50/385
f 2910/45/4 2882/46/4 2881/47/4
f 2917/56/3 2915/55/3 2916/54/3
f 2918/53/3 2916/54/3 2915/55/3
f 2921/60/4 2919/59/4 2920/58/4
f 2922/57/4 2920/58/4 2919/59/4
f 2925/64/389 2923/63/389 2924/62/389
f 2926/61/389 2924/62/389 2923/63/389
f 2929/68/3 2927/67/3 2928/66/3
f 2930/65/3 2928/66/3 2927/67/3
f 2933/72/4 2931/71/4 2932/70/4
f 2934/69/4 2932/70/4 2931/71/4
f 2937/76/390 2935/75/390 2936/74/390
f 2938/73/390 2936/74/390 2935/75/390
f 2941/80/390 2939/79/390 2940/78/390
f 2942/77/390 2940/78/390 2939/79/390
f 2945/84/390 2943/83/390 2944/82/390
f 2946/81/390 2944/82/390 2943/83/390
f 2949/88/391 2947/87/391 2948/86/391
f 2950/85/392 2948/86/391 2947/87/391
f 2953/92/391 2951/91/391 2952/90/391
f 2954/89/391 2952/90/391 2951/91/391
f 3153/96/391 2955/95/391 2956/94/391
f 3158/97/386 3156/98/386 3155/99/386
f 3157/100/386 3155/99/386 3156/98/386
f 3154/93/391 2956/94/391 2955/95/391
f 2959/1158/12 2958/1170/12 2957/1159/12
f 2960/1171/12 2957/1159/12 2958/1170/12
f 2958/1170/12 2959/1158/12 2961/1172/12
f 2957/1159/12 2960/1171/12 2962/1161/12
f 2963/1160/12 2961/1172/12 2959/1158/12
f 2964/1173/12 2962/1161/12 2960/1171/12
f 2961/1172/12 2963/1160/12 2965/1174/12
f 2962/1161/12 2964/1173/12 2966/1163/12
f 2967/1175/12 2965/1174/12 2963/1160/12
f 2968/1176/12 2966/1163/12 2964/1173/12
f 2965/1174/12 2967/1175/12 2969/1177/12
f 2966/1163/12 2968/1176/12 2970/1178/12
f 2971/1164/12 2969/1177/12 2967/1175/12
f 2972/1179/12 2970/1178/12 2968/1176/12
f 2969/1177/12 2971/1164/12 2973/1180/12
f 2970/1178/12 2972/1179/12 2974/1167/12
f 2975/1181/12 2973/1180/12 2971/1164/12
f 2976/1182/12 2974/1167/12 2972/1179/12
f 2973/1180/12 2975/1181/12 2977/1183/12
f 2974/1167/12 2976/1182/12 2978/1184/12
f 2979/1168/12 2977/1183/12 2975/1181/12
f 2980/1185/12 2978/1184/12 2976/1182/12
f 2977/1183/12 2979/1168/12 2980/1185/12
f 2978/1184/12 2980/1185/12 2979/1168/12
f 2983/1145/13 2982/1186/13 2981/1146/13
f 2984/1187/13 2981/1146/13 2982/1186/13
f 2982/1186/13 2983/1145/13 2985/1188/13
f 2981/1146/13 2984/1187/13 2986/1148/13
f 2987/1147/13 2985/1188/13 2983/1145/13
f 2988/1189/13 2986/1148/13 2984/1187/13
f 2985/1188/13 2987/1147/13 2989/1190/13
f 2986/1148/13 2988/1189/13 2990/1191/13
f 2991/1149/13 2989/1190/13 2987/1147/13
f 2992/1192/13 2990/1191/13 2988/1189/13
f 2989/1190/13 2991/1149/13 2993/1193/13
f 2990/1191/13 2992/1192/13 2994/1194/13
f 2995/1195/13 2993/1193/13 2991/1149/13
f 2996/1196/13 2994/1194/13 2992/1192/13
f 2993/1193/13 2995/1195/13 2997/1197/13
f 2994/1194/13 2996/1196/13 2998/1154/13
f 2999/1198/13 2997/1197/13 2995/1195/13
f 3000/1199/13 2998/1154/13 2996/1196/13
f 2997/1197/13 2999/1198/13 3001/1200/13
f 2998/1154/13 3000/1199/13 3002/1156/13
f 3003/1155/13 3001/1200/13 2999/1198/13
f 3004/1201/13 3002/1156/13 3000/1199/13
f 3001/1200/13 3003/1155/13 3004/1201/13
f 3002/1156/13 3004/1201/13 3003/1155/13
f 3007/4/393 3006/2/393 3005/3/394
f 3008/1/394 3005/3/394 3006/2/393
f 3011/8/3 3010/6/3 3009/7/3
f 3012/5/3 3009/7/3 3010/6/3
f 3015/12/4 3014/10/4 3013/11/4
f 3016/9/4 3013/11/4 3014/10/4
f 3019/16/395 3018/14/395 3017/15/395
f 3020/13/395 3017/15/395 3018/14/395
f 3023/20/3 3022/18/3 3021/19/3
f 3024/17/3 3021/19/3 3022/18/3
f 3027/24/4 3026/22/4 3025/23/4
f 3028/21/4 3025/23/4 3026/22/4
f 3031/28/396 3030/26/396 3029/27/394
f 3032/25/393 3029/27/394 3030/26/396
f 3035/32/3 3034/30/3 3033/31/3
f 3036/29/3 3033/31/3 3034/30/3
f 3039/36/4 3038/34/4 3037/35/4
f 3040/33/4 3037/35/4 3038/34/4
f 3043/40/397 3042/38/396 3041/39/395
f 3044/37/395 3041/39/395 3042/38/396
f 3047/44/3 3046/42/3 3045/43/3
f 3048/41/3 3045/43/3 3046/42/3
f 3051/48/4 3050/46/4 3049/47/4
f 3052/45/4 3049/47/4 3050/46/4
f 3055/52/394 3054/50/394 3053/51/395
f 3056/49/395 3053/51/395 3054/50/394
f 3059/56/3 3058/54/3 3057/55/3
f 3060/53/3 3057/55/3 3058/54/3
f 3063/60/4 3062/58/4 3061/59/4
f 3064/57/4 3061/59/4 3062/58/4
f 3067/64/398 3066/62/398 3065/63/398
f 3068/61/398 3065/63/398 3066/62/398
f 3071/68/3 3070/66/3 3069/67/3
f 3072/65/3 3069/67/3 3070/66/3
f 3075/72/4 3074/70/4 3073/71/4
f 3076/69/4 3073/71/4 3074/70/4
f 3079/76/399 3078/74/399 3077/75/399
f 3080/73/399 3077/75/399 3078/74/399
f 3083/80/399 3082/78/399 3081/79/399
f 3084/77/399 3081/79/399 3082/78/399
f 3087/84/399 3086/82/399 3085/83/399
f 3088/81/399 3085/83/399 3086/82/399
f 3091/88/400 3090/86/400 3089/87/400
f 3092/85/401 3089/87/400 3090/86/400
f 3095/92/400 3094/90/400 3093/91/400
f 3096/89/400 3093/91/400 3094/90/400
f 3099/96/400 3098/94/400 3097/95/400
f 3100/93/400 3097/95/400 3098/94/400
f 3103/100/395 3102/98/395 3101/99/395
f 3104/97/395 3101/99/395 3102/98/395
f 3107/104/3 3106/102/3 3105/103/3
f 3108/101/3 3105/103/3 3106/102/3
f 3111/108/4 3110/106/4 3109/107/4
f 3112/105/4 3109/107/4 3110/106/4
f 3115/112/397 3114/110/396 3113/111/393
f 3116/109/393 3113/111/393 3114/110/396
f 3119/116/3 3118/114/3 3117/115/3
f 3120/113/3 3117/115/3 3118/114/3
f 3123/120/4 3122/118/4 3121/119/4
f 3124/117/4 3121/119/4 3122/118/4
f 3127/124/395 3126/122/395 3125/123/395
f 3128/121/395 3125/123/395 3126/122/395
f 3131/128/3 3130/126/3 3129/127/3
f 3132/125/3 3129/127/3 3130/126/3
f 3135/132/4 3134/130/4 3133/131/4
f 3136/129/4 3133/131/4 3134/130/4
f 3139/136/399 3138/134/399 3137/135/399
f 3140/133/399 3137/135/399 3138/134/399
f 3143/140/400 3142/138/400 3141/139/400
f 3144/137/400 3141/139/400 3142/138/400
f 3147/144/400 3146/142/400 3145/143/400
f 3148/141/400 3145/143/400 3146/142/400
f 1177/281/9 1175/283/9 1176/282/9
f 965/525/8 966/524/8 3151/527/8
f 860/153/4 858/154/4 857/155/4
f 855/511/18 3150/516/18 3149/1202/18
f 3161/104/3 3159/103/3 3160/102/3
f 3162/101/3 3160/102/3 3159/103/3
f 3165/108/4 3163/107/4 3164/106/4
f 3166/105/4 3164/106/4 3163/107/4
f 3169/112/388 3167/111/384 3168/110/387
f 3170/109/384 3168/110/387 3167/111/384
f 3173/116/3 3171/115/3 3172/114/3
f 3174/113/3 3172/114/3 3171/115/3
f 3177/120/4 3175/119/4 3176/118/4
f 3178/117/4 3176/118/4 3175/119/4
f 3181/124/386 3179/123/386 3180/122/386
f 3182/121/386 3180/122/386 3179/123/386
f 3185/128/3 3183/127/3 3184/126/3
f 3186/125/3 3184/126/3 3183/127/3
f 3189/132/4 3187/131/4 3188/130/4
f 3190/129/4 3188/130/4 3187/131/4
f 3193/136/390 3191/135/390 3192/134/390
f 3194/133/390 3192/134/390 3191/135/390
f 3197/140/391 3195/139/391 3196/138/391
f 3198/137/391 3196/138/391 3195/139/391
f 3201/144/391 3199/143/391 3200/142/391
f 3202/141/391 3200/142/391 3199/143/391
f 1457/525/8 3151/527/8 966/524/8
f 1450/511/18 3150/516/18 1449/513/18
f 855/511/18 854/513/18 3150/516/18
f 1450/511/18 3149/1202/18 3150/516/18
