# Blender 5.1.0
# www.blender.org
mtllib DidoX_Deckhouse_A1_001_0_DidoX_Deckhouse_A1_001_0.mtl
o DidoX_Deckhouse_A1_001_0_DidoX_Deckhouse_A1_001_0
v -4.055608 32.983852 2.758667
v -3.087401 35.816048 3.073890
v -3.087405 35.754776 3.347581
v -3.087401 35.816048 3.073890
v -4.055608 32.983852 2.758667
v -4.034585 33.046169 2.500177
v -4.056500 30.119602 2.149986
v -4.034585 33.046169 2.500177
v -4.055608 32.983852 2.758667
v -4.034585 33.046169 2.500177
v -4.056500 30.119602 2.149986
v -4.056505 30.119602 1.849989
v 4.055634 32.983852 2.758666
v 3.087408 35.816048 3.073889
v 4.034611 33.046169 2.500177
v 3.087408 35.816048 3.073889
v 4.055634 32.983852 2.758666
v 3.087412 35.754776 3.347581
v 4.056515 30.119602 2.149985
v 4.034611 33.046169 2.500177
v 4.056520 30.119602 1.849989
v 4.034611 33.046169 2.500177
v 4.056515 30.119602 2.149985
v 4.055634 32.983852 2.758666
v -1.302463 33.523201 -0.000003
v 0.000002 33.523190 1.999988
v -1.302463 33.523190 1.999988
v 0.000001 33.523201 -0.000004
v 1.302466 33.523201 -0.000004
v 1.302466 33.523190 1.999988
v -3.907393 30.166267 1.999988
v -1.302463 33.523201 -0.000003
v -1.302463 33.523190 1.999988
v -3.907393 30.166275 -0.000003
v -3.748963 8.286300 0.000000
v -3.907760 8.286232 1.847584
v -3.748963 8.286299 1.847583
v -3.907402 8.286300 0.000000
v -3.907402 8.286300 0.000000
v -3.907954 11.216530 1.854524
v -3.907760 8.286232 1.847584
v -3.908530 19.307505 1.999993
v -3.907886 11.216530 1.999975
v -3.908151 20.914923 1.999991
v -3.907772 24.128765 1.999990
v -3.907393 30.166275 -0.000003
v -3.907393 30.166267 1.999988
v -3.908152 20.914923 2.893082
v -3.907773 24.128765 2.893080
v -3.908286 13.122062 4.000000
v -3.908408 19.307476 4.000005
v -3.908164 9.768358 3.999996
v -3.908040 8.122070 3.999992
v -3.907685 1.278387 1.999970
v -3.907614 1.278394 3.076129
v -3.907403 1.278417 3.999956
v -6.989689 1.278337 1.847586
v -6.989688 9.231989 1.999963
v -6.989689 1.278337 1.999964
v -6.989688 9.232023 1.847586
v -6.989688 9.232023 1.847586
v -5.448918 11.216524 1.854525
v -6.989688 9.231989 1.999963
v -6.989688 9.231989 2.876862
v -5.448887 11.216524 2.876885
v -1.302466 22.664438 1.999994
v 0.000001 22.664429 4.000010
v -1.302466 22.664429 4.000010
v 0.000001 22.664438 1.999994
v 1.302468 22.664438 1.999994
v 1.302468 22.664429 4.000010
v -1.302466 22.664429 4.000010
v -3.908530 19.307505 1.999993
v -1.302466 22.664438 1.999994
v -3.908408 19.307476 4.000005
v -3.908042 8.122070 3.999992
v -3.908040 1.278510 3.999999
v -2.604930 4.483333 0.000017
v -3.907671 4.483245 1.847572
v -3.907646 4.483249 0.000022
v -2.604942 4.483331 1.847583
v -3.907671 4.483245 1.847572
v -3.907576 1.278395 0.000008
v -3.907646 4.483249 0.000022
v -3.907638 1.278369 1.847570
v -2.605073 0.000037 0.000004
v -3.907638 1.278369 1.847570
v -2.605104 0.000008 1.847574
v -3.907576 1.278395 0.000008
v -3.907954 11.216530 1.854524
v -3.907886 11.216530 1.999975
v -4.726975 11.216527 1.999973
v -5.448918 11.216524 1.854525
v -5.448887 11.216524 2.876885
v -4.726975 11.216527 2.876901
v -5.448887 11.216524 2.876885
v -6.889688 9.197726 2.876862
v -6.989688 9.231989 2.876862
v -5.399926 11.116525 2.876885
v -6.989688 9.231989 1.999963
v -6.889688 9.197726 2.876862
v -6.889688 9.197726 1.999963
v -6.989688 9.231989 2.876862
v -6.889688 9.197726 1.999963
v -5.399926 11.116525 2.876885
v -5.399926 11.116525 1.999971
v -6.889688 9.197726 2.876862
v -5.399926 11.116525 1.999971
v -4.726975 11.116528 2.876901
v -4.726975 11.116528 1.999973
v -5.399926 11.116525 2.876885
v -4.726975 11.116528 1.999973
v -4.726975 11.216527 2.876901
v -4.726975 11.216527 1.999973
v -4.726975 11.116528 2.876901
v -5.399926 11.116525 2.876885
v -4.726975 11.216527 2.876901
v -4.726975 11.116528 2.876901
v -5.448887 11.216524 2.876885
v -4.844507 4.792198 1.999931
v -5.228967 4.792198 2.835418
v -5.020959 4.792198 2.749260
v -5.436914 4.792198 2.749260
v -5.613367 4.792199 1.999931
v -5.613367 6.107621 1.999929
v -5.228967 6.107620 2.835417
v -5.436914 6.107620 2.749260
v -4.844507 6.107620 1.999929
v -5.020898 6.107620 2.749261
v -5.020959 4.792198 2.749260
v -5.228967 4.922417 2.835417
v -5.020959 4.922417 2.749259
v -5.228967 4.792198 2.835418
v -5.436914 4.922417 2.749259
v -5.436914 4.792198 2.749260
v -4.844507 4.792198 1.999931
v -5.020959 4.922417 2.749259
v -4.844507 4.922417 1.999930
v -5.020959 4.792198 2.749260
v -5.436914 4.792198 2.749260
v -5.613367 4.922417 1.999930
v -5.436914 4.922417 2.749259
v -5.613367 4.792199 1.999931
v -5.613367 6.107621 1.999929
v -5.436914 5.977402 2.749260
v -5.613367 5.977402 1.999929
v -5.436914 6.107620 2.749260
v -5.020898 6.107620 2.749261
v -4.844507 5.977402 1.999929
v -5.020898 5.977402 2.749260
v -4.844507 6.107620 1.999929
v -5.020898 5.977402 2.749260
v -5.228967 6.107620 2.835417
v -5.020898 6.107620 2.749261
v -5.228967 5.977402 2.835417
v -5.436914 6.107620 2.749260
v -5.436914 5.977402 2.749260
v -5.436914 5.977402 2.749260
v -4.844507 5.977402 1.999929
v -5.613367 5.977402 1.999929
v -5.020898 5.977402 2.749260
v -5.020959 4.922417 2.749259
v -5.613367 4.922417 1.999930
v -4.844507 4.922417 1.999930
v -5.436914 4.922417 2.749259
v -6.655330 7.847920 2.312158
v -5.631747 7.606838 3.391153
v -6.655330 7.625519 2.312159
v -5.631747 7.866598 3.391153
v -5.378082 7.613540 3.760786
v -5.378082 7.859899 3.760786
v -5.303608 7.621301 4.135787
v -5.303608 7.852140 4.135786
v -5.364090 7.629407 4.550681
v -5.364090 7.844032 4.550681
v -5.554994 7.636953 4.920055
v -5.554994 7.836489 4.920055
v -5.856580 7.644430 5.226723
v -5.856580 7.829012 5.226723
v -6.479241 7.628235 2.130217
v -5.432582 7.866598 3.241583
v -6.479241 7.845204 2.130217
v -5.432582 7.606838 3.241584
v -5.152838 7.859899 3.690282
v -5.152838 7.613540 3.690282
v -5.083637 7.852140 4.135143
v -5.083637 7.621301 4.135143
v -5.166830 7.844034 4.605770
v -5.166830 7.629407 4.605770
v -5.392887 7.836488 5.019581
v -5.392887 7.636953 5.019581
v -5.392887 7.636953 5.019581
v -5.740733 7.829012 5.360439
v -5.392887 7.836488 5.019581
v -5.740733 7.644430 5.360439
v -6.174397 7.822039 5.600929
v -6.174397 7.651405 5.600929
v -6.649983 7.815100 5.744145
v -6.649983 7.658346 5.744145
v -5.856580 7.829012 5.226723
v -6.241250 7.651403 5.453018
v -5.856580 7.644430 5.226723
v -6.241250 7.822039 5.453018
v -6.672792 7.658344 5.596081
v -6.672792 7.815100 5.596081
v -6.672792 7.815100 5.596081
v -6.174397 7.822039 5.600929
v -6.649983 7.815100 5.744145
v -6.241250 7.822039 5.453018
v -5.740733 7.829012 5.360439
v -5.856580 7.829012 5.226723
v -5.392887 7.836488 5.019581
v -5.554994 7.836489 4.920055
v -5.166830 7.844034 4.605770
v -5.364090 7.844032 4.550681
v -5.083637 7.852140 4.135143
v -5.303608 7.852140 4.135786
v -5.152838 7.859899 3.690282
v -5.378082 7.859899 3.760786
v -5.432582 7.866598 3.241583
v -5.631747 7.866598 3.391153
v -6.479241 7.845204 2.130217
v -6.655330 7.847920 2.312158
v -6.589392 7.846022 2.129726
v -6.659420 7.847102 2.202082
v -6.649983 7.658346 5.744145
v -6.241250 7.651403 5.453018
v -6.672792 7.658344 5.596081
v -6.174397 7.651405 5.600929
v -5.856580 7.644430 5.226723
v -5.740733 7.644430 5.360439
v -5.554994 7.636953 4.920055
v -5.392887 7.636953 5.019581
v -5.364090 7.629407 4.550681
v -5.166830 7.629407 4.605770
v -5.303608 7.621301 4.135787
v -5.083637 7.621301 4.135143
v -5.378082 7.613540 3.760786
v -5.152838 7.613540 3.690282
v -5.631747 7.606838 3.391153
v -5.432582 7.606838 3.241584
v -6.479241 7.628235 2.130217
v -6.655330 7.625519 2.312159
v -6.659420 7.626338 2.202083
v -6.589392 7.627419 2.129727
v -6.649983 7.815100 5.744145
v -6.672792 7.658344 5.596081
v -6.672792 7.815100 5.596081
v -6.649983 7.658346 5.744145
v -7.222197 1.671945 3.584336
v -7.632019 3.080364 3.686502
v -7.271966 1.635314 3.778331
v -7.526350 3.080360 3.281886
v -7.848418 4.482687 3.647110
v -7.748789 4.482686 3.153442
v -7.827817 5.475403 3.127255
v -7.918229 5.475405 3.641288
v -7.830554 6.373146 3.160299
v -7.502314 5.475403 2.780171
v -7.909465 6.373148 3.655492
v -7.539076 6.373147 2.794912
v -7.734534 7.362274 3.238747
v -7.805700 7.362276 3.691951
v -7.452872 7.362275 2.852940
v -7.562939 8.213079 3.344007
v -7.270592 8.184874 2.937670
v -7.061674 8.559513 2.973063
v -7.630386 8.219614 3.742486
v -7.256427 8.805964 3.460464
v -7.287467 8.840731 3.838108
v -7.287467 8.840731 3.838108
v -6.787024 9.215750 3.527243
v -6.787024 9.259211 3.929216
v -7.256427 8.805964 3.460464
v -7.061674 8.559513 2.973063
v -6.787024 9.039623 3.187599
v -6.869498 1.720692 3.339636
v -7.526350 3.080360 3.281886
v -7.222197 1.671945 3.584336
v -7.149724 3.080362 3.011090
v -7.748789 4.482686 3.153442
v -7.396101 4.482686 2.833484
v -7.827817 5.475403 3.127255
v -6.865538 3.080362 2.812685
v -7.502314 5.475403 2.780171
v -6.941969 4.482686 2.694600
v -6.970789 5.475403 2.648175
v -6.787025 4.482686 2.557939
v -6.787025 5.475403 2.557939
v -7.539076 6.373147 2.794912
v -6.787025 6.373147 2.557940
v -6.974303 6.373147 2.639339
v -7.452872 7.362275 2.852940
v -6.898172 7.362275 2.615098
v -6.787025 7.362275 2.568511
v -7.270592 8.184874 2.937670
v -6.787025 8.128418 2.584853
v -7.061674 8.559513 2.973063
v -6.787025 8.654716 2.815719
v -6.787024 9.039623 3.187599
v -6.865538 3.080362 2.812685
v -6.787025 4.482686 2.557939
v -6.941969 4.482686 2.694600
v -6.787025 3.080362 2.557939
v -6.787026 1.876426 2.557940
v -6.787026 1.777610 3.053952
v -7.149724 3.080362 3.011090
v -6.869498 1.720692 3.339636
v -6.787024 9.394896 3.929216
v -6.682789 9.348696 3.522267
v -6.682789 9.394896 3.929216
v -6.787024 9.348696 3.522267
v -6.682789 9.123917 3.112924
v -6.787024 9.123917 3.112924
v -6.787026 1.635318 3.778333
v -7.222197 1.671945 3.584336
v -7.271966 1.635314 3.778331
v -6.787026 1.671945 3.584336
v -6.869498 1.720692 3.339636
v -6.787026 1.777610 3.053952
v -6.682791 1.897658 2.451366
v -6.768780 1.372836 2.451367
v -6.701036 1.372836 2.451367
v -6.787026 1.897658 2.451366
v -6.787025 3.080362 2.451366
v -6.682790 3.080362 2.451366
v -6.682790 4.482686 2.451366
v -6.787025 4.482686 2.451366
v -6.787025 5.475403 2.451366
v -6.682790 5.475403 2.451366
v -6.787025 6.373147 2.451366
v -6.682789 6.373147 2.451366
v -6.787025 7.362275 2.460602
v -6.682789 7.362275 2.460602
v -6.682789 8.128418 2.474879
v -6.787025 8.128418 2.474879
v -6.682789 8.733639 2.743874
v -6.787025 8.733639 2.743874
v -6.787024 9.123917 3.112924
v -6.682789 9.123917 3.112924
v -6.408125 8.559513 2.973063
v -6.682789 9.215750 3.527243
v -6.682789 9.039623 3.187599
v -6.213372 8.805964 3.460464
v -6.182332 8.840731 3.838108
v -6.682789 9.259211 3.929216
v -5.943451 3.080360 3.281886
v -6.600304 1.720692 3.339636
v -6.247605 1.671943 3.584336
v -6.320076 3.080362 3.011090
v -5.721011 4.482686 3.153442
v -6.073699 4.482686 2.833484
v -6.604263 3.080362 2.812685
v -6.527832 4.482686 2.694600
v -5.967486 5.475403 2.780171
v -5.641983 5.475403 3.127255
v -6.499011 5.475403 2.648175
v -5.930723 6.373147 2.794912
v -6.682790 5.475403 2.557939
v -6.682790 4.482686 2.557939
v -6.682789 6.373147 2.557940
v -6.495497 6.373147 2.639339
v -6.682789 7.362275 2.568511
v -6.571628 7.362275 2.615098
v -6.016928 7.362275 2.852940
v -6.199207 8.184874 2.937670
v -6.682789 8.128418 2.584853
v -6.408125 8.559513 2.973063
v -6.682789 8.654716 2.815719
v -6.682789 9.039623 3.187599
v -6.682790 4.482686 2.557939
v -6.604263 3.080362 2.812685
v -6.527832 4.482686 2.694600
v -6.682790 3.080362 2.557939
v -6.682791 1.876426 2.557940
v -6.682791 1.777610 3.053952
v -6.320076 3.080362 3.011090
v -6.600304 1.720692 3.339636
v -6.682789 9.284037 4.158859
v -6.787024 9.420969 4.158860
v -6.682789 9.420969 4.158860
v -6.787024 9.284037 4.158859
v -6.682791 1.671945 3.584336
v -6.600304 1.720692 3.339636
v -6.682791 1.777610 3.053952
v -6.247605 1.671943 3.584336
v -6.682791 1.635318 3.778332
v -6.197835 1.635314 3.778331
v -6.768780 1.360074 4.254021
v -6.701036 1.372836 2.451367
v -6.768780 1.372836 2.451367
v -6.701036 1.360074 4.254021
v -6.701036 1.360074 4.254021
v -6.682790 1.538560 4.303037
v -6.682790 1.591960 4.007976
v -6.682791 1.635318 3.778332
v -6.682791 1.671945 3.584336
v -6.701036 1.372836 2.451367
v -6.682791 1.777610 3.053952
v -6.682791 1.876426 2.557940
v -6.682791 1.897658 2.451366
v -6.682790 3.080362 2.557939
v -6.682790 3.080362 2.451366
v -6.682790 4.482686 2.557939
v -6.682790 4.482686 2.451366
v -6.682790 5.475403 2.451366
v -6.682790 5.475403 2.557939
v -6.682789 6.373147 2.451366
v -6.682789 6.373147 2.557940
v -6.682789 7.362275 2.460602
v -6.682789 7.362275 2.568511
v -6.682789 8.128418 2.584853
v -6.682789 8.128418 2.474879
v -6.682789 8.654716 2.815719
v -6.682789 8.733639 2.743874
v -6.682789 9.123917 3.112924
v -6.682789 9.039623 3.187599
v -6.682789 9.215750 3.527243
v -6.682789 9.348696 3.522267
v -6.682789 9.259211 3.929216
v -6.682789 9.394896 3.929216
v -6.787026 1.538560 4.303037
v -6.701036 1.360074 4.254021
v -6.768780 1.360074 4.254021
v -6.682790 1.538560 4.303037
v -6.787026 1.591960 4.007976
v -6.787026 1.538560 4.303037
v -6.768780 1.360074 4.254021
v -6.787026 1.635318 3.778333
v -6.787026 1.671945 3.584336
v -6.768780 1.372836 2.451367
v -6.787026 1.777610 3.053952
v -6.787026 1.876426 2.557940
v -6.787026 1.897658 2.451366
v -6.787025 3.080362 2.557939
v -6.787025 3.080362 2.451366
v -6.787025 4.482686 2.557939
v -6.787025 4.482686 2.451366
v -6.787025 5.475403 2.557939
v -6.787025 5.475403 2.451366
v -6.787025 6.373147 2.451366
v -6.787025 6.373147 2.557940
v -6.787025 7.362275 2.568511
v -6.787025 7.362275 2.460602
v -6.787025 8.128418 2.584853
v -6.787025 8.128418 2.474879
v -6.787025 8.654716 2.815719
v -6.787025 8.733639 2.743874
v -6.787024 9.039623 3.187599
v -6.787024 9.123917 3.112924
v -6.787024 9.215750 3.527243
v -6.787024 9.348696 3.522267
v -6.787024 9.259211 3.929216
v -6.787024 9.394896 3.929216
v -6.787026 1.591960 4.007976
v -6.682790 1.538560 4.303037
v -6.787026 1.538560 4.303037
v -6.682790 1.591960 4.007976
v -5.837782 3.080364 3.686502
v -6.247605 1.671943 3.584336
v -6.197835 1.635314 3.778331
v -5.943451 3.080360 3.281886
v -5.621383 4.482687 3.647110
v -5.721011 4.482686 3.153442
v -5.551571 5.475405 3.641288
v -5.641983 5.475403 3.127255
v -5.639246 6.373146 3.160299
v -5.967486 5.475403 2.780171
v -5.930723 6.373147 2.794912
v -5.560335 6.373148 3.655492
v -6.016928 7.362275 2.852940
v -5.735266 7.362274 3.238747
v -5.664100 7.362276 3.691951
v -5.906860 8.213078 3.344007
v -6.199207 8.184874 2.937670
v -6.408125 8.559513 2.973063
v -5.839413 8.219614 3.742486
v -6.213372 8.805964 3.460464
v -6.182332 8.840731 3.838108
v -5.546330 8.050919 2.130218
v -5.819352 8.050919 2.961393
v -5.819348 8.050917 2.130218
v -5.546336 8.050919 2.961390
v -5.819346 7.881287 2.130216
v -5.546333 7.881287 2.961391
v -5.546326 7.881291 2.130216
v -5.819352 7.881287 2.961393
v -5.546333 7.881287 2.961391
v -5.546330 8.050919 2.130218
v -5.546326 7.881291 2.130216
v -5.546336 8.050919 2.961390
v -5.546333 7.881287 2.961391
v -5.819352 8.050919 2.961393
v -5.546336 8.050919 2.961390
v -5.819352 7.881287 2.961393
v -5.819346 7.881287 2.130216
v -5.819352 8.050919 2.961393
v -5.819352 7.881287 2.961393
v -5.819348 8.050917 2.130218
v -5.546330 2.912159 2.130218
v -5.819352 2.912159 2.961394
v -5.819349 2.912157 2.130218
v -5.546336 2.912159 2.961391
v -5.819347 2.742527 2.130218
v -5.546333 2.742529 2.961393
v -5.546326 2.742532 2.130218
v -5.819352 2.742529 2.961394
v -5.546333 2.742529 2.961393
v -5.546330 2.912159 2.130218
v -5.546326 2.742532 2.130218
v -5.546336 2.912159 2.961391
v -5.546333 2.742529 2.961393
v -5.819352 2.912159 2.961394
v -5.546336 2.912159 2.961391
v -5.819352 2.742529 2.961394
v -5.819347 2.742527 2.130218
v -5.819352 2.912159 2.961394
v -5.819352 2.742529 2.961394
v -5.819349 2.912157 2.130218
v -5.627362 2.912159 2.672454
v -5.748012 7.881291 2.672452
v -5.748012 2.912159 2.672454
v -5.627362 7.881291 2.672452
v -5.748012 2.912159 2.672454
v -5.748012 7.881291 2.907728
v -5.748012 2.912159 2.907730
v -5.748012 7.881291 2.672452
v -5.748012 2.912159 2.907730
v -5.627362 7.881291 2.907728
v -5.627362 2.912159 2.907730
v -5.748012 7.881291 2.907728
v -5.627362 2.912159 2.907730
v -5.627362 7.881291 2.672452
v -5.627362 2.912159 2.672454
v -5.627362 7.881291 2.907728
v -6.655330 7.625519 2.312159
v -6.659420 7.847102 2.202082
v -6.655330 7.847920 2.312158
v -6.659420 7.626338 2.202083
v -6.589392 7.627419 2.129727
v -6.589392 7.846022 2.129726
v -6.479241 7.845204 2.130217
v -6.589392 7.627419 2.129727
v -6.479241 7.628235 2.130217
v -6.589392 7.846022 2.129726
v -6.662462 7.847918 2.431513
v -6.351688 7.974747 2.431513
v -6.351688 7.847918 2.431513
v -6.662462 7.974749 2.431513
v -6.662461 7.498940 2.431513
v -6.351688 7.625519 2.431513
v -6.351688 7.498940 2.431513
v -6.662461 7.625519 2.431513
v -6.215565 7.974747 2.114405
v -6.662462 7.974749 2.431513
v -6.798584 7.974749 2.114405
v -6.351688 7.974747 2.431513
v -6.798584 7.974749 2.114405
v -6.662462 7.847918 2.431513
v -6.798584 7.847918 2.114404
v -6.662462 7.974749 2.431513
v -6.798584 7.847918 2.114404
v -6.351688 7.847918 2.431513
v -6.215565 7.847918 2.114404
v -6.662462 7.847918 2.431513
v -6.215565 7.847918 2.114404
v -6.351688 7.974747 2.431513
v -6.215565 7.974747 2.114405
v -6.351688 7.847918 2.431513
v -6.215565 7.625519 2.114404
v -6.662461 7.625519 2.431513
v -6.798584 7.625519 2.114404
v -6.351688 7.625519 2.431513
v -6.798584 7.625519 2.114404
v -6.662461 7.498940 2.431513
v -6.798584 7.498932 2.114404
v -6.662461 7.625519 2.431513
v -6.798584 7.498932 2.114404
v -6.351688 7.498940 2.431513
v -6.215565 7.498934 2.114404
v -6.662461 7.498940 2.431513
v -6.215565 7.498934 2.114404
v -6.351688 7.625519 2.431513
v -6.215565 7.625519 2.114404
v -6.351688 7.498940 2.431513
v -5.080620 8.001213 2.114405
v -5.414631 8.001215 2.506101
v -5.505713 8.001213 2.114405
v -5.171695 8.001215 2.506101
v -5.293168 8.001215 2.556416
v -5.414644 7.468056 2.506100
v -5.080621 7.468056 2.114404
v -5.505710 7.468056 2.114404
v -5.171695 7.468056 2.506100
v -5.293168 7.468056 2.556416
v -5.414631 8.001215 2.506101
v -5.293167 7.893097 2.556417
v -5.414629 7.893097 2.506102
v -5.293168 8.001215 2.556416
v -5.171693 7.893097 2.506102
v -5.171695 8.001215 2.506101
v -5.505713 8.001213 2.114405
v -5.414629 7.893097 2.506102
v -5.505712 7.893097 2.114405
v -5.414631 8.001215 2.506101
v -5.171695 8.001215 2.506101
v -5.080617 7.893097 2.114405
v -5.171693 7.893097 2.506102
v -5.080620 8.001213 2.114405
v -5.080621 7.468056 2.114404
v -5.171693 7.576170 2.506102
v -5.080621 7.576168 2.114405
v -5.171695 7.468056 2.506100
v -5.414644 7.468056 2.506100
v -5.505708 7.576169 2.114405
v -5.414642 7.576170 2.506102
v -5.505710 7.468056 2.114404
v -5.414642 7.576170 2.506102
v -5.293168 7.468056 2.556416
v -5.414644 7.468056 2.506100
v -5.293167 7.576170 2.556417
v -5.171695 7.468056 2.506100
v -5.171693 7.576170 2.506102
v -5.171693 7.576170 2.506102
v -5.505708 7.576169 2.114405
v -5.080621 7.576168 2.114405
v -5.414642 7.576170 2.506102
v -5.293167 7.576170 2.556417
v -5.414629 7.893097 2.506102
v -5.080617 7.893097 2.114405
v -5.505712 7.893097 2.114405
v -5.171693 7.893097 2.506102
v -5.293167 7.893097 2.556417
v -6.655330 3.167923 2.312160
v -5.631747 2.926842 3.391155
v -6.655330 2.945522 2.312160
v -5.631747 3.186602 3.391155
v -5.378082 2.933544 3.760788
v -5.378082 3.179903 3.760788
v -5.303608 2.941305 4.135787
v -5.303608 3.172144 4.135787
v -5.364090 2.949411 4.550681
v -5.364090 3.164038 4.550682
v -5.554994 2.956957 4.920055
v -5.554994 3.156494 4.920055
v -5.856580 2.964433 5.226724
v -5.856580 3.149017 5.226724
v -6.479241 2.948238 2.130219
v -5.432582 3.186602 3.241584
v -6.479241 3.165207 2.130218
v -5.432582 2.926842 3.241585
v -5.152838 3.179903 3.690283
v -5.152838 2.933544 3.690283
v -5.083637 3.172144 4.135144
v -5.083637 2.941305 4.135143
v -5.166830 3.164038 4.605772
v -5.166830 2.949411 4.605771
v -5.392887 3.156494 5.019581
v -5.392887 2.956957 5.019581
v -5.392887 2.956957 5.019581
v -5.740733 3.149015 5.360440
v -5.392887 3.156494 5.019581
v -5.740733 2.964433 5.360440
v -6.174397 3.142042 5.600930
v -6.174397 2.971409 5.600930
v -6.649983 3.135103 5.744146
v -6.649983 2.978349 5.744146
v -5.856580 3.149017 5.226724
v -6.241250 2.971407 5.453018
v -5.856580 2.964433 5.226724
v -6.241250 3.142042 5.453018
v -6.672792 2.978348 5.596081
v -6.672792 3.135103 5.596081
v -6.672792 3.135103 5.596081
v -6.174397 3.142042 5.600930
v -6.649983 3.135103 5.744146
v -6.241250 3.142042 5.453018
v -5.740733 3.149015 5.360440
v -5.856580 3.149017 5.226724
v -5.392887 3.156494 5.019581
v -5.554994 3.156494 4.920055
v -5.166830 3.164038 4.605772
v -5.364090 3.164038 4.550682
v -5.083637 3.172144 4.135144
v -5.303608 3.172144 4.135787
v -5.152838 3.179903 3.690283
v -5.378082 3.179903 3.760788
v -5.432582 3.186602 3.241584
v -5.631747 3.186602 3.391155
v -6.479241 3.165207 2.130218
v -6.655330 3.167923 2.312160
v -6.589392 3.166025 2.129728
v -6.659421 3.167105 2.202084
v -6.649983 2.978349 5.744146
v -6.241250 2.971407 5.453018
v -6.672792 2.978348 5.596081
v -6.174397 2.971409 5.600930
v -5.856580 2.964433 5.226724
v -5.740733 2.964433 5.360440
v -5.554994 2.956957 4.920055
v -5.392887 2.956957 5.019581
v -5.364090 2.949411 4.550681
v -5.166830 2.949411 4.605771
v -5.303608 2.941305 4.135787
v -5.083637 2.941305 4.135143
v -5.378082 2.933544 3.760788
v -5.152838 2.933544 3.690283
v -5.631747 2.926842 3.391155
v -5.432582 2.926842 3.241585
v -6.479241 2.948238 2.130219
v -6.655330 2.945522 2.312160
v -6.659421 2.946341 2.202084
v -6.589392 2.947422 2.129728
v -6.649983 3.135103 5.744146
v -6.672792 2.978348 5.596081
v -6.672792 3.135103 5.596081
v -6.649983 2.978349 5.744146
v -6.655330 2.945522 2.312160
v -6.659421 3.167105 2.202084
v -6.655330 3.167923 2.312160
v -6.659421 2.946341 2.202084
v -6.589392 2.947422 2.129728
v -6.589392 3.166025 2.129728
v -6.479241 3.165207 2.130218
v -6.589392 2.947422 2.129728
v -6.479241 2.948238 2.130219
v -6.589392 3.166025 2.129728
v -6.662462 3.167921 2.431513
v -6.351688 3.294750 2.431513
v -6.351688 3.167921 2.431513
v -6.662462 3.294754 2.431513
v -6.662462 2.818944 2.431514
v -6.351688 2.945522 2.431514
v -6.351688 2.818945 2.431514
v -6.662462 2.945522 2.431514
v -6.215566 3.294750 2.114405
v -6.662462 3.294754 2.431513
v -6.798584 3.294754 2.114405
v -6.351688 3.294750 2.431513
v -6.798584 3.294754 2.114405
v -6.662462 3.167921 2.431513
v -6.798584 3.167921 2.114405
v -6.662462 3.294754 2.431513
v -6.798584 3.167921 2.114405
v -6.351688 3.167921 2.431513
v -6.215566 3.167921 2.114405
v -6.662462 3.167921 2.431513
v -6.215566 3.167921 2.114405
v -6.351688 3.294750 2.431513
v -6.215566 3.294750 2.114405
v -6.351688 3.167921 2.431513
v -6.215566 2.945522 2.114406
v -6.662462 2.945522 2.431514
v -6.798584 2.945522 2.114406
v -6.351688 2.945522 2.431514
v -6.798584 2.945522 2.114406
v -6.662462 2.818944 2.431514
v -6.798584 2.818938 2.114406
v -6.662462 2.945522 2.431514
v -6.798584 2.818938 2.114406
v -6.351688 2.818945 2.431514
v -6.215566 2.818939 2.114406
v -6.662462 2.818944 2.431514
v -6.215566 2.818939 2.114406
v -6.351688 2.945522 2.431514
v -6.215566 2.945522 2.114406
v -6.351688 2.818945 2.431514
v -5.080620 3.321218 2.114406
v -5.414631 3.321220 2.506102
v -5.505713 3.321218 2.114406
v -5.171695 3.321220 2.506102
v -5.293168 3.321220 2.556417
v -5.414644 2.788061 2.506102
v -5.080621 2.788059 2.114406
v -5.505710 2.788060 2.114406
v -5.171696 2.788060 2.506102
v -5.293168 2.788061 2.556417
v -5.414631 3.321220 2.506102
v -5.293167 3.213102 2.556418
v -5.414629 3.213102 2.506103
v -5.293168 3.321220 2.556417
v -5.171693 3.213102 2.506103
v -5.171695 3.321220 2.506102
v -5.505713 3.321218 2.114406
v -5.414629 3.213102 2.506103
v -5.505713 3.213100 2.114406
v -5.414631 3.321220 2.506102
v -5.171695 3.321220 2.506102
v -5.080618 3.213100 2.114406
v -5.171693 3.213102 2.506103
v -5.080620 3.321218 2.114406
v -5.080621 2.788059 2.114406
v -5.171694 2.896175 2.506104
v -5.080621 2.896173 2.114407
v -5.171696 2.788060 2.506102
v -5.414644 2.788061 2.506102
v -5.505709 2.896173 2.114407
v -5.414642 2.896175 2.506104
v -5.505710 2.788060 2.114406
v -5.414642 2.896175 2.506104
v -5.293168 2.788061 2.556417
v -5.414644 2.788061 2.506102
v -5.293167 2.896175 2.556418
v -5.171696 2.788060 2.506102
v -5.171694 2.896175 2.506104
v -5.171694 2.896175 2.506104
v -5.505709 2.896173 2.114407
v -5.080621 2.896173 2.114407
v -5.414642 2.896175 2.506104
v -5.293167 2.896175 2.556418
v -5.414629 3.213102 2.506103
v -5.080618 3.213100 2.114406
v -5.505713 3.213100 2.114406
v -5.171693 3.213102 2.506103
v -5.293167 3.213102 2.556418
v -5.063424 9.056955 1.999931
v -5.063435 8.307747 2.556101
v -5.063424 9.056955 2.556101
v -5.063435 8.307747 1.999940
v -5.757747 9.056953 1.999939
v -5.410585 9.056955 2.956486
v -5.757747 9.056953 2.956486
v -5.063424 9.056955 2.556101
v -5.063424 9.056955 1.999931
v -5.410585 9.056955 2.956486
v -5.063435 8.307747 2.556101
v -5.410591 8.307747 2.956486
v -5.063424 9.056955 2.556101
v -5.410591 8.307747 2.956486
v -5.757747 8.307747 1.999939
v -5.757747 8.307747 2.956486
v -5.063435 8.307747 2.556101
v -5.063435 8.307747 1.999940
v -5.757747 9.056953 2.956486
v -5.410591 8.307747 2.956486
v -5.757747 8.307747 2.956486
v -5.410585 9.056955 2.956486
v -5.757747 8.307747 2.956486
v -5.757747 9.056953 1.999939
v -5.757747 9.056953 2.956486
v -5.757747 8.307747 1.999939
v -4.218864 9.266401 -0.000001
v -4.219853 8.611097 0.670121
v -4.218865 8.611097 0.000000
v -4.219852 9.266401 0.670121
v -3.908520 8.611097 0.000060
v -4.219853 8.611097 0.670121
v -3.909508 8.611097 0.929958
v -4.218865 8.611097 0.000000
v -3.909508 8.611097 0.929958
v -4.219852 9.266401 0.670121
v -3.909508 9.266401 0.929958
v -4.219853 8.611097 0.670121
v -3.909508 9.266401 0.929958
v -4.218864 9.266401 -0.000001
v -3.908520 9.266401 0.000060
v -4.219852 9.266401 0.670121
v -4.218865 4.075940 -0.000001
v -4.219853 3.420636 0.670121
v -4.218865 3.420636 0.000000
v -4.219853 4.075939 0.670121
v -3.908520 3.420636 0.000060
v -4.219853 3.420636 0.670121
v -3.909508 3.420636 0.929957
v -4.218865 3.420636 0.000000
v -3.909508 3.420636 0.929957
v -4.219853 4.075939 0.670121
v -3.909508 4.075939 0.929957
v -4.219853 3.420636 0.670121
v -3.909508 4.075939 0.929957
v -4.218865 4.075940 -0.000001
v -3.908520 4.075940 0.000060
v -4.219853 4.075939 0.670121
v -5.978644 9.056955 1.999931
v -5.978655 8.307747 2.391391
v -5.978644 9.056955 2.391390
v -5.978655 8.307747 1.999940
v -6.672967 9.056953 1.999938
v -5.978644 9.056955 2.391390
v -6.672967 9.056953 2.391396
v -5.978644 9.056955 1.999931
v -6.672967 9.056953 2.391396
v -5.978655 8.307747 2.391391
v -6.672967 8.307747 2.391397
v -5.978644 9.056955 2.391390
v -5.978655 8.307747 2.391391
v -6.672967 8.307747 1.999939
v -6.672967 8.307747 2.391397
v -5.978655 8.307747 1.999940
v -6.672967 8.307747 2.391397
v -6.672967 9.056953 1.999938
v -6.672967 9.056953 2.391396
v -6.672967 8.307747 1.999939
v -4.218864 11.035707 -0.000001
v -4.219853 9.481356 0.670121
v -4.218865 9.481356 0.000000
v -4.219852 11.035707 0.670121
v -3.908520 9.481356 0.000060
v -4.219853 9.481356 0.670121
v -3.909508 9.481356 0.670134
v -4.218865 9.481356 0.000000
v -3.909508 9.481356 0.670134
v -4.219852 11.035707 0.670121
v -3.909508 11.035707 0.670134
v -4.219853 9.481356 0.670121
v -3.909508 11.035707 0.670134
v -4.218864 11.035707 -0.000001
v -3.908520 11.035707 0.000060
v -4.219852 11.035707 0.670121
v -6.989689 1.278337 1.999964
v -3.907638 1.278369 1.847570
v -6.989689 1.278337 1.847586
v -3.907685 1.278387 1.999970
v -3.907685 1.278387 1.999970
v -2.605104 0.000008 1.847574
v -3.907638 1.278369 1.847570
v -2.605103 -0.000027 1.999964
v -2.605103 -0.000027 3.076098
v -3.907614 1.278394 3.076129
v -3.763393 1.278454 3.076129
v 0.000000 1.278515 1.999970
v -3.763393 1.278451 1.999970
v 0.000000 1.278514 3.076154
v 0.000000 1.278510 3.999961
v 3.763394 1.278454 3.076129
v 3.763394 1.278451 1.999970
v -3.907403 1.278417 3.999956
v -3.907614 1.278394 3.076129
v 3.907403 1.278416 3.999955
v 3.907615 1.278394 3.076128
v -3.907614 1.278394 3.076129
v -2.564229 0.099973 3.076099
v -2.605103 -0.000027 3.076098
v -3.763393 1.278454 3.076129
v 0.000000 0.099968 3.076098
v -2.605103 -0.000027 3.076098
v 0.000000 -0.000032 3.076098
v 2.605103 -0.000027 3.076098
v 2.564229 0.099973 3.076099
v 3.907615 1.278394 3.076128
v 3.763394 1.278454 3.076129
v 2.605103 -0.000027 3.076098
v 0.000000 -0.000032 3.076098
v -2.605103 -0.000027 1.999964
v -2.605103 -0.000027 3.076098
v 0.000000 -0.000032 1.999963
v 0.000000 -0.000016 1.847569
v -2.605104 0.000008 1.847574
v -1.128176 0.000008 1.426478
v 2.605103 -0.000027 1.999964
v 2.605103 -0.000027 3.076098
v 2.605104 0.000008 1.847573
v 0.000000 -0.000011 1.426474
v 1.128176 0.000008 1.426478
v -1.128168 0.000027 -0.000022
v -2.605104 0.000008 1.847574
v -2.605073 0.000037 0.000004
v 2.605073 0.000036 0.000004
v 2.605104 0.000008 1.847573
v 1.128168 0.000027 -0.000022
v 0.000000 0.099968 1.999964
v -2.564229 0.099973 3.076099
v -2.564229 0.099973 1.999965
v 0.000000 0.099968 3.076098
v 2.564229 0.099973 3.076099
v 2.564229 0.099973 1.999964
v -2.564229 0.099973 1.999965
v -3.763393 1.278454 3.076129
v -3.763393 1.278451 1.999970
v -2.564229 0.099973 3.076099
v -3.052860 -0.010231 2.682103
v -3.909640 0.830730 2.926043
v -3.052860 -0.010231 2.926046
v -3.909640 0.830730 2.682103
v -3.684716 1.059885 2.414476
v -3.052860 -0.010231 2.682103
v -2.827936 0.218924 2.414476
v -3.909640 0.830730 2.682103
v -2.827936 0.218924 2.414476
v -3.052860 -0.010231 2.926046
v -2.827936 0.218924 2.926046
v -3.052860 -0.010231 2.682103
v -2.827936 0.218924 2.926046
v -3.909640 0.830730 2.926043
v -3.684716 1.059885 2.926043
v -3.052860 -0.010231 2.926046
v -3.684716 1.059885 2.926043
v -3.909640 0.830730 2.682103
v -3.684716 1.059885 2.414476
v -3.909640 0.830730 2.926043
v -3.808139 20.914940 2.893082
v -3.907773 24.128765 2.893080
v -3.807962 24.029003 2.893087
v -3.908152 20.914923 2.893082
v -3.908151 20.914923 1.999991
v -3.808139 20.914940 2.893082
v -3.808139 20.914940 1.999991
v -3.908152 20.914923 2.893082
v -3.807962 24.029003 1.999991
v -3.808139 20.914940 2.893082
v -3.807962 24.029003 2.893087
v -3.808139 20.914940 1.999991
v -3.807962 24.029003 1.999991
v -3.498180 24.029003 2.893088
v -3.071055 24.029003 2.000059
v -3.807962 24.029003 2.893087
v -3.907773 24.128765 2.893080
v -3.070965 24.128733 2.000057
v -3.498090 24.128756 2.893084
v -3.907772 24.128765 1.999990
v -3.498180 24.029003 2.893088
v -3.907773 24.128765 2.893080
v -3.498090 24.128756 2.893084
v -3.807962 24.029003 2.893087
v -3.070965 24.128733 2.000057
v -3.498180 24.029003 2.893088
v -3.498090 24.128756 2.893084
v -3.071055 24.029003 2.000059
v 3.907396 30.166267 1.999988
v 1.302466 33.523201 -0.000004
v 3.907396 30.166275 -0.000004
v 1.302466 33.523190 1.999988
v 3.748964 8.286300 0.000000
v 3.907761 8.286232 1.847584
v 3.907403 8.286300 0.000000
v 3.748964 8.286299 1.847583
v 3.907403 8.286300 0.000000
v 3.907761 8.286232 1.847584
v 3.907955 11.216530 1.854524
v 3.908532 19.307505 1.999992
v 3.907887 11.216530 1.999974
v 3.908153 20.914923 1.999991
v 3.907775 24.128765 1.999989
v 3.907396 30.166275 -0.000004
v 3.907396 30.166267 1.999988
v 3.908154 20.914923 2.893081
v 3.907775 24.128765 2.893080
v 3.908288 13.122062 4.000000
v 3.908410 19.307476 4.000005
v 3.908165 9.768358 3.999996
v 3.908043 8.122070 3.999992
v 3.907685 1.278387 1.999969
v 3.907615 1.278394 3.076128
v 3.907403 1.278416 3.999955
v 6.989689 1.278336 1.847585
v 6.989689 9.231989 1.999962
v 6.989689 9.232023 1.847585
v 6.989689 1.278336 1.999963
v 6.989689 9.232023 1.847585
v 6.989689 9.231989 1.999962
v 5.448919 11.216524 1.854524
v 6.989689 9.231989 2.876861
v 5.448888 11.216524 2.876884
v 1.302468 22.664429 4.000010
v 3.908532 19.307505 1.999992
v 3.908410 19.307476 4.000005
v 1.302468 22.664438 1.999994
v 3.908043 8.122070 3.999992
v 3.908040 1.278510 3.999999
v 2.604930 4.483333 0.000016
v 3.907671 4.483245 1.847572
v 2.604943 4.483331 1.847582
v 3.907647 4.483249 0.000022
v 3.907671 4.483245 1.847572
v 3.907576 1.278394 0.000007
v 3.907638 1.278369 1.847570
v 3.907647 4.483249 0.000022
v 2.605073 0.000036 0.000004
v 3.907638 1.278369 1.847570
v 3.907576 1.278394 0.000007
v 2.605104 0.000008 1.847573
v 3.907955 11.216530 1.854524
v 4.726976 11.216527 1.999972
v 3.907887 11.216530 1.999974
v 5.448919 11.216524 1.854524
v 5.448888 11.216524 2.876884
v 4.726976 11.216527 2.876901
v 5.448888 11.216524 2.876884
v 6.889689 9.197726 2.876861
v 5.399927 11.116525 2.876884
v 6.989689 9.231989 2.876861
v 6.989689 9.231989 1.999962
v 6.889689 9.197726 2.876861
v 6.989689 9.231989 2.876861
v 6.889689 9.197726 1.999962
v 6.889689 9.197726 1.999962
v 5.399927 11.116525 2.876884
v 6.889689 9.197726 2.876861
v 5.399927 11.116525 1.999970
v 5.399927 11.116525 1.999970
v 4.726976 11.116528 2.876901
v 5.399927 11.116525 2.876884
v 4.726976 11.116528 1.999972
v 4.726976 11.116528 1.999972
v 4.726976 11.216527 2.876901
v 4.726976 11.116528 2.876901
v 4.726976 11.216527 1.999972
v 5.399927 11.116525 2.876884
v 4.726976 11.216527 2.876901
v 5.448888 11.216524 2.876884
v 4.726976 11.116528 2.876901
v 4.844508 4.792198 1.999931
v 5.436915 4.792198 2.749260
v 5.613368 4.792198 1.999931
v 5.228968 4.792198 2.835418
v 5.020960 4.792198 2.749260
v 4.844508 6.107620 1.999929
v 5.228968 6.107620 2.835416
v 5.020899 6.107620 2.749260
v 5.613368 6.107620 1.999929
v 5.436915 6.107620 2.749259
v 5.228968 4.922417 2.835417
v 5.020960 4.792198 2.749260
v 5.020960 4.922417 2.749259
v 5.228968 4.792198 2.835418
v 5.436915 4.922417 2.749259
v 5.436915 4.792198 2.749260
v 4.844508 4.792198 1.999931
v 5.020960 4.922417 2.749259
v 5.020960 4.792198 2.749260
v 4.844508 4.922417 1.999930
v 5.436915 4.792198 2.749260
v 5.613368 4.922416 1.999930
v 5.613368 4.792198 1.999931
v 5.436915 4.922417 2.749259
v 5.613368 6.107620 1.999929
v 5.436915 5.977402 2.749259
v 5.436915 6.107620 2.749259
v 5.613368 5.977401 1.999929
v 5.020899 6.107620 2.749260
v 4.844508 5.977402 1.999929
v 4.844508 6.107620 1.999929
v 5.020899 5.977402 2.749259
v 5.228968 6.107620 2.835416
v 5.020899 5.977402 2.749259
v 5.020899 6.107620 2.749260
v 5.228968 5.977402 2.835416
v 5.436915 6.107620 2.749259
v 5.436915 5.977402 2.749259
v 5.436915 5.977402 2.749259
v 4.844508 5.977402 1.999929
v 5.020899 5.977402 2.749259
v 5.613368 5.977401 1.999929
v 5.020960 4.922417 2.749259
v 5.613368 4.922416 1.999930
v 5.436915 4.922417 2.749259
v 4.844508 4.922417 1.999930
v 5.631748 7.606837 3.391153
v 6.655331 7.847919 2.312158
v 6.655331 7.625518 2.312158
v 5.631748 7.866597 3.391153
v 5.378083 7.613540 3.760786
v 5.378083 7.859899 3.760786
v 5.303609 7.621301 4.135787
v 5.303609 7.852140 4.135786
v 5.364091 7.629407 4.550681
v 5.364091 7.844032 4.550681
v 5.554995 7.636952 4.920054
v 5.554995 7.836488 4.920054
v 5.856581 7.644429 5.226722
v 5.856581 7.829011 5.226722
v 5.432583 7.866598 3.241583
v 6.479242 7.628234 2.130216
v 6.479242 7.845203 2.130216
v 5.432583 7.606838 3.241583
v 5.152839 7.859899 3.690281
v 5.152839 7.613540 3.690281
v 5.083638 7.852140 4.135143
v 5.083638 7.621301 4.135143
v 5.166831 7.844034 4.605770
v 5.166831 7.629407 4.605770
v 5.392888 7.836488 5.019581
v 5.392888 7.636953 5.019581
v 5.740734 7.829011 5.360438
v 5.392888 7.636953 5.019581
v 5.392888 7.836488 5.019581
v 5.740734 7.644429 5.360438
v 6.174397 7.822038 5.600928
v 6.174397 7.651404 5.600928
v 6.649984 7.815099 5.744144
v 6.649984 7.658345 5.744144
v 6.241251 7.651402 5.453017
v 5.856581 7.829011 5.226722
v 5.856581 7.644429 5.226722
v 6.241251 7.822038 5.453017
v 6.672793 7.658343 5.596080
v 6.672793 7.815099 5.596080
v 6.174397 7.822038 5.600928
v 6.672793 7.815099 5.596080
v 6.649984 7.815099 5.744144
v 6.241251 7.822038 5.453017
v 5.740734 7.829011 5.360438
v 5.856581 7.829011 5.226722
v 5.392888 7.836488 5.019581
v 5.554995 7.836488 4.920054
v 5.166831 7.844034 4.605770
v 5.364091 7.844032 4.550681
v 5.083638 7.852140 4.135143
v 5.303609 7.852140 4.135786
v 5.152839 7.859899 3.690281
v 5.378083 7.859899 3.760786
v 5.432583 7.866598 3.241583
v 5.631748 7.866597 3.391153
v 6.479242 7.845203 2.130216
v 6.655331 7.847919 2.312158
v 6.589393 7.846021 2.129726
v 6.659421 7.847101 2.202082
v 6.241251 7.651402 5.453017
v 6.649984 7.658345 5.744144
v 6.672793 7.658343 5.596080
v 6.174397 7.651404 5.600928
v 5.856581 7.644429 5.226722
v 5.740734 7.644429 5.360438
v 5.554995 7.636952 4.920054
v 5.392888 7.636953 5.019581
v 5.364091 7.629407 4.550681
v 5.166831 7.629407 4.605770
v 5.303609 7.621301 4.135787
v 5.083638 7.621301 4.135143
v 5.378083 7.613540 3.760786
v 5.152839 7.613540 3.690281
v 5.631748 7.606837 3.391153
v 5.432583 7.606838 3.241583
v 6.479242 7.628234 2.130216
v 6.655331 7.625518 2.312158
v 6.659421 7.626337 2.202082
v 6.589393 7.627418 2.129726
v 6.649984 7.815099 5.744144
v 6.672793 7.658343 5.596080
v 6.649984 7.658345 5.744144
v 6.672793 7.815099 5.596080
v 7.632020 3.080364 3.686502
v 7.222197 1.671944 3.584335
v 7.271966 1.635313 3.778331
v 7.526351 3.080360 3.281885
v 7.848419 4.482686 3.647109
v 7.748790 4.482685 3.153441
v 7.827818 5.475402 3.127254
v 7.918230 5.475404 3.641288
v 7.830555 6.373145 3.160299
v 7.502315 5.475402 2.780171
v 7.909466 6.373147 3.655491
v 7.539077 6.373146 2.794911
v 7.734535 7.362273 3.238747
v 7.805701 7.362275 3.691950
v 7.452873 7.362274 2.852939
v 7.562940 8.213079 3.344007
v 7.270593 8.184874 2.937670
v 7.061675 8.559513 2.973063
v 7.630387 8.219614 3.742486
v 7.256428 8.805964 3.460464
v 7.287468 8.840731 3.838107
v 6.787025 9.215750 3.527243
v 7.287468 8.840731 3.838107
v 6.787025 9.259211 3.929215
v 7.256428 8.805964 3.460464
v 7.061675 8.559513 2.973063
v 6.787025 9.039623 3.187599
v 7.526351 3.080360 3.281885
v 6.869498 1.720691 3.339635
v 7.222197 1.671944 3.584335
v 7.149725 3.080362 3.011089
v 7.748790 4.482685 3.153441
v 7.396102 4.482685 2.833484
v 6.865539 3.080362 2.812685
v 7.827818 5.475402 3.127254
v 6.941970 4.482685 2.694599
v 7.502315 5.475402 2.780171
v 6.970790 5.475402 2.648175
v 6.787026 4.482685 2.557939
v 6.787026 5.475402 2.557939
v 7.539077 6.373146 2.794911
v 6.787026 6.373146 2.557939
v 6.974304 6.373146 2.639338
v 7.452873 7.362274 2.852939
v 6.898173 7.362274 2.615098
v 6.787026 7.362274 2.568511
v 7.270593 8.184874 2.937670
v 6.787026 8.128418 2.584852
v 7.061675 8.559513 2.973063
v 6.787026 8.654716 2.815719
v 6.787025 9.039623 3.187599
v 6.787026 4.482685 2.557939
v 6.865539 3.080362 2.812685
v 6.941970 4.482685 2.694599
v 6.787026 3.080362 2.557939
v 6.787026 1.876425 2.557939
v 6.787026 1.777609 3.053951
v 7.149725 3.080362 3.011089
v 6.869498 1.720691 3.339635
v 6.682790 9.348696 3.522266
v 6.787025 9.394896 3.929216
v 6.682790 9.394896 3.929216
v 6.787025 9.348696 3.522266
v 6.682790 9.123917 3.112924
v 6.787025 9.123917 3.112924
v 7.222197 1.671944 3.584335
v 6.787026 1.635317 3.778333
v 7.271966 1.635313 3.778331
v 6.787026 1.671944 3.584335
v 6.869498 1.720691 3.339635
v 6.787026 1.777609 3.053951
v 6.768780 1.372836 2.451367
v 6.682791 1.897658 2.451366
v 6.701036 1.372836 2.451367
v 6.787026 1.897658 2.451366
v 6.787026 3.080362 2.451365
v 6.682791 3.080362 2.451365
v 6.682791 4.482685 2.451365
v 6.787026 4.482685 2.451365
v 6.787026 5.475402 2.451366
v 6.682791 5.475402 2.451366
v 6.787026 6.373146 2.451365
v 6.682790 6.373146 2.451365
v 6.787026 7.362274 2.460602
v 6.682790 7.362274 2.460602
v 6.682790 8.128418 2.474878
v 6.787026 8.128418 2.474878
v 6.682790 8.733639 2.743874
v 6.787026 8.733639 2.743874
v 6.787025 9.123917 3.112924
v 6.682790 9.123917 3.112924
v 6.682790 9.215750 3.527243
v 6.408126 8.559513 2.973063
v 6.682790 9.039623 3.187599
v 6.213373 8.805964 3.460464
v 6.182333 8.840731 3.838107
v 6.682790 9.259211 3.929215
v 6.600304 1.720691 3.339635
v 5.943452 3.080360 3.281885
v 6.247605 1.671942 3.584335
v 6.320077 3.080362 3.011089
v 5.721012 4.482685 3.153441
v 6.073700 4.482685 2.833484
v 6.604264 3.080362 2.812685
v 6.527833 4.482685 2.694599
v 5.967487 5.475402 2.780171
v 5.641984 5.475402 3.127254
v 6.499012 5.475402 2.648175
v 5.930724 6.373146 2.794911
v 6.682791 5.475402 2.557939
v 6.682791 4.482685 2.557939
v 6.682790 6.373146 2.557939
v 6.495498 6.373146 2.639338
v 6.682790 7.362274 2.568511
v 6.571629 7.362274 2.615098
v 6.016929 7.362274 2.852939
v 6.199208 8.184874 2.937670
v 6.682790 8.128418 2.584852
v 6.408126 8.559513 2.973063
v 6.682790 8.654716 2.815719
v 6.682790 9.039623 3.187599
v 6.604264 3.080362 2.812685
v 6.682791 4.482685 2.557939
v 6.527833 4.482685 2.694599
v 6.682791 3.080362 2.557939
v 6.682791 1.876425 2.557939
v 6.682791 1.777609 3.053951
v 6.320077 3.080362 3.011089
v 6.600304 1.720691 3.339635
v 6.682790 9.284037 4.158858
v 6.787025 9.420969 4.158859
v 6.787025 9.284037 4.158858
v 6.682790 9.420969 4.158859
v 6.682791 1.671944 3.584335
v 6.682791 1.777609 3.053951
v 6.600304 1.720691 3.339635
v 6.247605 1.671942 3.584335
v 6.682791 1.635317 3.778332
v 6.197835 1.635314 3.778331
v 6.768781 1.360073 4.254020
v 6.701036 1.372836 2.451367
v 6.701037 1.360073 4.254020
v 6.768780 1.372836 2.451367
v 6.701037 1.360073 4.254020
v 6.682791 1.591959 4.007975
v 6.682791 1.538559 4.303036
v 6.682791 1.635317 3.778332
v 6.682791 1.671944 3.584335
v 6.701036 1.372836 2.451367
v 6.682791 1.777609 3.053951
v 6.682791 1.876425 2.557939
v 6.682791 1.897658 2.451366
v 6.682791 3.080362 2.557939
v 6.682791 3.080362 2.451365
v 6.682791 4.482685 2.557939
v 6.682791 4.482685 2.451365
v 6.682791 5.475402 2.451366
v 6.682791 5.475402 2.557939
v 6.682790 6.373146 2.451365
v 6.682790 6.373146 2.557939
v 6.682790 7.362274 2.460602
v 6.682790 7.362274 2.568511
v 6.682790 8.128418 2.584852
v 6.682790 8.128418 2.474878
v 6.682790 8.654716 2.815719
v 6.682790 8.733639 2.743874
v 6.682790 9.123917 3.112924
v 6.682790 9.039623 3.187599
v 6.682790 9.215750 3.527243
v 6.682790 9.348696 3.522266
v 6.682790 9.259211 3.929215
v 6.682790 9.394896 3.929216
v 6.787027 1.538559 4.303036
v 6.701037 1.360073 4.254020
v 6.682791 1.538559 4.303036
v 6.768781 1.360073 4.254020
v 6.787027 1.591959 4.007975
v 6.768781 1.360073 4.254020
v 6.787027 1.538559 4.303036
v 6.787026 1.635317 3.778333
v 6.787026 1.671944 3.584335
v 6.768780 1.372836 2.451367
v 6.787026 1.777609 3.053951
v 6.787026 1.876425 2.557939
v 6.787026 1.897658 2.451366
v 6.787026 3.080362 2.557939
v 6.787026 3.080362 2.451365
v 6.787026 4.482685 2.557939
v 6.787026 4.482685 2.451365
v 6.787026 5.475402 2.557939
v 6.787026 5.475402 2.451366
v 6.787026 6.373146 2.451365
v 6.787026 6.373146 2.557939
v 6.787026 7.362274 2.568511
v 6.787026 7.362274 2.460602
v 6.787026 8.128418 2.584852
v 6.787026 8.128418 2.474878
v 6.787026 8.654716 2.815719
v 6.787026 8.733639 2.743874
v 6.787025 9.039623 3.187599
v 6.787025 9.123917 3.112924
v 6.787025 9.215750 3.527243
v 6.787025 9.348696 3.522266
v 6.787025 9.259211 3.929215
v 6.787025 9.394896 3.929216
v 6.787027 1.591959 4.007975
v 6.682791 1.538559 4.303036
v 6.682791 1.591959 4.007975
v 6.787027 1.538559 4.303036
v 6.247605 1.671942 3.584335
v 5.837783 3.080364 3.686502
v 6.197835 1.635314 3.778331
v 5.943452 3.080360 3.281885
v 5.621384 4.482686 3.647109
v 5.721012 4.482685 3.153441
v 5.551572 5.475404 3.641288
v 5.641984 5.475402 3.127254
v 5.639246 6.373145 3.160299
v 5.967487 5.475402 2.780171
v 5.930724 6.373146 2.794911
v 5.560336 6.373147 3.655491
v 6.016929 7.362274 2.852939
v 5.735267 7.362273 3.238747
v 5.664101 7.362275 3.691950
v 5.906861 8.213078 3.344007
v 6.199208 8.184874 2.937670
v 6.408126 8.559513 2.973063
v 5.839414 8.219614 3.742486
v 6.213373 8.805964 3.460464
v 6.182333 8.840731 3.838107
v 5.546331 8.050919 2.130218
v 5.819353 8.050919 2.961392
v 5.546337 8.050919 2.961389
v 5.819349 8.050917 2.130218
v 5.819347 7.881286 2.130215
v 5.546334 7.881286 2.961391
v 5.819353 7.881286 2.961392
v 5.546327 7.881290 2.130215
v 5.546334 7.881286 2.961391
v 5.546331 8.050919 2.130218
v 5.546337 8.050919 2.961389
v 5.546327 7.881290 2.130215
v 5.546334 7.881286 2.961391
v 5.819353 8.050919 2.961392
v 5.819353 7.881286 2.961392
v 5.546337 8.050919 2.961389
v 5.819347 7.881286 2.130215
v 5.819353 8.050919 2.961392
v 5.819349 8.050917 2.130218
v 5.819353 7.881286 2.961392
v 5.546330 2.912158 2.130217
v 5.819353 2.912158 2.961393
v 5.546337 2.912158 2.961390
v 5.819349 2.912157 2.130217
v 5.819347 2.742527 2.130217
v 5.546334 2.742528 2.961392
v 5.819353 2.742528 2.961394
v 5.546326 2.742531 2.130217
v 5.546334 2.742528 2.961392
v 5.546330 2.912158 2.130217
v 5.546337 2.912158 2.961390
v 5.546326 2.742531 2.130217
v 5.546334 2.742528 2.961392
v 5.819353 2.912158 2.961393
v 5.819353 2.742528 2.961394
v 5.546337 2.912158 2.961390
v 5.819347 2.742527 2.130217
v 5.819353 2.912158 2.961393
v 5.819349 2.912157 2.130217
v 5.819353 2.742528 2.961394
v 5.627363 2.912158 2.672454
v 5.748013 7.881290 2.672452
v 5.627363 7.881290 2.672452
v 5.748013 2.912158 2.672454
v 5.748013 2.912158 2.672454
v 5.748013 7.881290 2.907727
v 5.748013 7.881290 2.672452
v 5.748013 2.912158 2.907729
v 5.748013 2.912158 2.907729
v 5.627363 7.881290 2.907727
v 5.748013 7.881290 2.907727
v 5.627363 2.912158 2.907729
v 5.627363 2.912158 2.907729
v 5.627363 7.881290 2.672452
v 5.627363 7.881290 2.907727
v 5.627363 2.912158 2.672454
v 6.659421 7.847101 2.202082
v 6.655331 7.625518 2.312158
v 6.655331 7.847919 2.312158
v 6.659421 7.626337 2.202082
v 6.589393 7.627418 2.129726
v 6.589393 7.846021 2.129726
v 6.479242 7.845203 2.130216
v 6.589393 7.627418 2.129726
v 6.589393 7.846021 2.129726
v 6.479242 7.628234 2.130216
v 6.662463 7.847917 2.431512
v 6.351689 7.974746 2.431512
v 6.662463 7.974748 2.431512
v 6.351689 7.847917 2.431512
v 6.662462 7.498939 2.431512
v 6.351689 7.625518 2.431512
v 6.662462 7.625518 2.431512
v 6.351689 7.498939 2.431512
v 6.215566 7.974746 2.114404
v 6.662463 7.974748 2.431512
v 6.351689 7.974746 2.431512
v 6.798585 7.974748 2.114404
v 6.798585 7.974748 2.114404
v 6.662463 7.847917 2.431512
v 6.662463 7.974748 2.431512
v 6.798585 7.847917 2.114404
v 6.798585 7.847917 2.114404
v 6.351689 7.847917 2.431512
v 6.662463 7.847917 2.431512
v 6.215566 7.847917 2.114404
v 6.215566 7.847917 2.114404
v 6.351689 7.974746 2.431512
v 6.351689 7.847917 2.431512
v 6.215566 7.974746 2.114404
v 6.215566 7.625518 2.114404
v 6.662462 7.625518 2.431512
v 6.351689 7.625518 2.431512
v 6.798585 7.625518 2.114404
v 6.798585 7.625518 2.114404
v 6.662462 7.498939 2.431512
v 6.662462 7.625518 2.431512
v 6.798585 7.498931 2.114404
v 6.798585 7.498931 2.114404
v 6.351689 7.498939 2.431512
v 6.662462 7.498939 2.431512
v 6.215566 7.498933 2.114404
v 6.215566 7.498933 2.114404
v 6.351689 7.625518 2.431512
v 6.351689 7.498939 2.431512
v 6.215566 7.625518 2.114404
v 5.414632 8.001215 2.506100
v 5.080621 8.001213 2.114404
v 5.505714 8.001213 2.114404
v 5.171696 8.001215 2.506100
v 5.293169 8.001215 2.556416
v 5.080622 7.468056 2.114404
v 5.414645 7.468056 2.506100
v 5.505711 7.468055 2.114404
v 5.171696 7.468056 2.506100
v 5.293169 7.468056 2.556415
v 5.293168 7.893097 2.556416
v 5.414632 8.001215 2.506100
v 5.414629 7.893097 2.506101
v 5.293169 8.001215 2.556416
v 5.171694 7.893097 2.506101
v 5.171696 8.001215 2.506100
v 5.505714 8.001213 2.114404
v 5.414629 7.893097 2.506101
v 5.414632 8.001215 2.506100
v 5.505713 7.893096 2.114404
v 5.171696 8.001215 2.506100
v 5.080618 7.893097 2.114404
v 5.080621 8.001213 2.114404
v 5.171694 7.893097 2.506101
v 5.080622 7.468056 2.114404
v 5.171694 7.576170 2.506101
v 5.171696 7.468056 2.506100
v 5.080622 7.576168 2.114404
v 5.414645 7.468056 2.506100
v 5.505709 7.576168 2.114404
v 5.505711 7.468055 2.114404
v 5.414643 7.576170 2.506101
v 5.293169 7.468056 2.556415
v 5.414643 7.576170 2.506101
v 5.414645 7.468056 2.506100
v 5.293168 7.576170 2.556416
v 5.171696 7.468056 2.506100
v 5.171694 7.576170 2.506101
v 5.505709 7.576168 2.114404
v 5.171694 7.576170 2.506101
v 5.080622 7.576168 2.114404
v 5.414643 7.576170 2.506101
v 5.293168 7.576170 2.556416
v 5.080618 7.893097 2.114404
v 5.414629 7.893097 2.506101
v 5.505713 7.893096 2.114404
v 5.171694 7.893097 2.506101
v 5.293168 7.893097 2.556416
v 5.631748 2.926841 3.391154
v 6.655331 3.167922 2.312160
v 6.655330 2.945522 2.312160
v 5.631748 3.186601 3.391154
v 5.378083 2.933544 3.760787
v 5.378083 3.179903 3.760787
v 5.303609 2.941305 4.135787
v 5.303609 3.172143 4.135787
v 5.364091 2.949411 4.550681
v 5.364091 3.164037 4.550682
v 5.554995 2.956956 4.920054
v 5.554995 3.156493 4.920054
v 5.856581 2.964433 5.226723
v 5.856581 3.149017 5.226723
v 5.432583 3.186601 3.241584
v 6.479241 2.948238 2.130219
v 6.479241 3.165206 2.130218
v 5.432583 2.926841 3.241585
v 5.152839 3.179903 3.690283
v 5.152839 2.933544 3.690283
v 5.083638 3.172143 4.135144
v 5.083638 2.941305 4.135143
v 5.166831 3.164037 4.605772
v 5.166831 2.949411 4.605771
v 5.392888 3.156493 5.019581
v 5.392888 2.956956 5.019581
v 5.740734 3.149015 5.360439
v 5.392888 2.956956 5.019581
v 5.392888 3.156493 5.019581
v 5.740734 2.964433 5.360439
v 6.174397 3.142041 5.600929
v 6.174397 2.971408 5.600929
v 6.649984 3.135103 5.744145
v 6.649984 2.978349 5.744145
v 6.241251 2.971406 5.453017
v 5.856581 3.149017 5.226723
v 5.856581 2.964433 5.226723
v 6.241251 3.142041 5.453017
v 6.672793 2.978347 5.596080
v 6.672793 3.135103 5.596080
v 6.174397 3.142041 5.600929
v 6.672793 3.135103 5.596080
v 6.649984 3.135103 5.744145
v 6.241251 3.142041 5.453017
v 5.740734 3.149015 5.360439
v 5.856581 3.149017 5.226723
v 5.392888 3.156493 5.019581
v 5.554995 3.156493 4.920054
v 5.166831 3.164037 4.605772
v 5.364091 3.164037 4.550682
v 5.083638 3.172143 4.135144
v 5.303609 3.172143 4.135787
v 5.152839 3.179903 3.690283
v 5.378083 3.179903 3.760787
v 5.432583 3.186601 3.241584
v 5.631748 3.186601 3.391154
v 6.479241 3.165206 2.130218
v 6.655331 3.167922 2.312160
v 6.589392 3.166025 2.129727
v 6.659421 3.167104 2.202084
v 6.241251 2.971406 5.453017
v 6.649984 2.978349 5.744145
v 6.672793 2.978347 5.596080
v 6.174397 2.971408 5.600929
v 5.856581 2.964433 5.226723
v 5.740734 2.964433 5.360439
v 5.554995 2.956956 4.920054
v 5.392888 2.956956 5.019581
v 5.364091 2.949411 4.550681
v 5.166831 2.949411 4.605771
v 5.303609 2.941305 4.135787
v 5.083638 2.941305 4.135143
v 5.378083 2.933544 3.760787
v 5.152839 2.933544 3.690283
v 5.631748 2.926841 3.391154
v 5.432583 2.926841 3.241585
v 6.479241 2.948238 2.130219
v 6.655330 2.945522 2.312160
v 6.659421 2.946340 2.202084
v 6.589392 2.947422 2.129727
v 6.649984 3.135103 5.744145
v 6.672793 2.978347 5.596080
v 6.649984 2.978349 5.744145
v 6.672793 3.135103 5.596080
v 6.659421 3.167104 2.202084
v 6.655330 2.945522 2.312160
v 6.655331 3.167922 2.312160
v 6.659421 2.946340 2.202084
v 6.589392 2.947422 2.129727
v 6.589392 3.166025 2.129727
v 6.479241 3.165206 2.130218
v 6.589392 2.947422 2.129727
v 6.589392 3.166025 2.129727
v 6.479241 2.948238 2.130219
v 6.662463 3.167921 2.431513
v 6.351689 3.294750 2.431513
v 6.662463 3.294754 2.431513
v 6.351689 3.167921 2.431513
v 6.662462 2.818944 2.431514
v 6.351688 2.945522 2.431513
v 6.662462 2.945522 2.431513
v 6.351688 2.818944 2.431514
v 6.215566 3.294750 2.114405
v 6.662463 3.294754 2.431513
v 6.351689 3.294750 2.431513
v 6.798584 3.294754 2.114405
v 6.798584 3.294754 2.114405
v 6.662463 3.167921 2.431513
v 6.662463 3.294754 2.431513
v 6.798584 3.167921 2.114405
v 6.798584 3.167921 2.114405
v 6.351689 3.167921 2.431513
v 6.662463 3.167921 2.431513
v 6.215566 3.167921 2.114405
v 6.215566 3.167921 2.114405
v 6.351689 3.294750 2.431513
v 6.351689 3.167921 2.431513
v 6.215566 3.294750 2.114405
v 6.215566 2.945522 2.114405
v 6.662462 2.945522 2.431513
v 6.351688 2.945522 2.431513
v 6.798584 2.945522 2.114405
v 6.798584 2.945522 2.114405
v 6.662462 2.818944 2.431514
v 6.662462 2.945522 2.431513
v 6.798584 2.818938 2.114406
v 6.798584 2.818938 2.114406
v 6.351688 2.818944 2.431514
v 6.662462 2.818944 2.431514
v 6.215566 2.818939 2.114406
v 6.215566 2.818939 2.114406
v 6.351688 2.945522 2.431513
v 6.351688 2.818944 2.431514
v 6.215566 2.945522 2.114405
v 5.414632 3.321220 2.506101
v 5.080620 3.321218 2.114405
v 5.505713 3.321218 2.114405
v 5.171696 3.321220 2.506101
v 5.293169 3.321220 2.556417
v 5.080621 2.788059 2.114406
v 5.414644 2.788061 2.506102
v 5.505710 2.788060 2.114406
v 5.171696 2.788060 2.506102
v 5.293168 2.788061 2.556417
v 5.293168 3.213102 2.556417
v 5.414632 3.321220 2.506101
v 5.414629 3.213102 2.506102
v 5.293169 3.321220 2.556417
v 5.171694 3.213102 2.506102
v 5.171696 3.321220 2.506101
v 5.505713 3.321218 2.114405
v 5.414629 3.213102 2.506102
v 5.414632 3.321220 2.506101
v 5.505713 3.213100 2.114406
v 5.171696 3.321220 2.506101
v 5.080618 3.213100 2.114406
v 5.080620 3.321218 2.114405
v 5.171694 3.213102 2.506102
v 5.080621 2.788059 2.114406
v 5.171694 2.896175 2.506103
v 5.171696 2.788060 2.506102
v 5.080621 2.896173 2.114406
v 5.414644 2.788061 2.506102
v 5.505709 2.896173 2.114406
v 5.505710 2.788060 2.114406
v 5.414642 2.896175 2.506103
v 5.293168 2.788061 2.556417
v 5.414642 2.896175 2.506103
v 5.414644 2.788061 2.506102
v 5.293167 2.896175 2.556418
v 5.171696 2.788060 2.506102
v 5.171694 2.896175 2.506103
v 5.505709 2.896173 2.114406
v 5.171694 2.896175 2.506103
v 5.080621 2.896173 2.114406
v 5.414642 2.896175 2.506103
v 5.293167 2.896175 2.556418
v 5.080618 3.213100 2.114406
v 5.414629 3.213102 2.506102
v 5.505713 3.213100 2.114406
v 5.171694 3.213102 2.506102
v 5.293168 3.213102 2.556417
v 5.063425 9.056955 1.999931
v 5.063436 8.307747 2.556101
v 5.063436 8.307747 1.999940
v 5.063425 9.056955 2.556101
v 5.410586 9.056955 2.956486
v 5.757748 9.056953 1.999938
v 5.757748 9.056953 2.956486
v 5.063425 9.056955 2.556101
v 5.063425 9.056955 1.999931
v 5.410586 9.056955 2.956486
v 5.063436 8.307747 2.556101
v 5.063425 9.056955 2.556101
v 5.410592 8.307747 2.956486
v 5.757748 8.307747 1.999939
v 5.410592 8.307747 2.956486
v 5.757748 8.307747 2.956486
v 5.063436 8.307747 2.556101
v 5.063436 8.307747 1.999940
v 5.757748 9.056953 2.956486
v 5.410592 8.307747 2.956486
v 5.410586 9.056955 2.956486
v 5.757748 8.307747 2.956486
v 5.757748 8.307747 2.956486
v 5.757748 9.056953 1.999938
v 5.757748 8.307747 1.999939
v 5.757748 9.056953 2.956486
v 4.218865 9.266401 -0.000001
v 4.219854 8.611097 0.670121
v 4.219853 9.266401 0.670121
v 4.218866 8.611097 0.000000
v 3.908521 8.611097 0.000060
v 4.219854 8.611097 0.670121
v 4.218866 8.611097 0.000000
v 3.909509 8.611097 0.929957
v 3.909509 8.611097 0.929957
v 4.219853 9.266401 0.670121
v 4.219854 8.611097 0.670121
v 3.909509 9.266401 0.929957
v 3.909509 9.266401 0.929957
v 4.218865 9.266401 -0.000001
v 4.219853 9.266401 0.670121
v 3.908521 9.266401 0.000060
v 4.218865 4.126509 -0.000002
v 4.219853 3.471205 0.670121
v 4.219853 4.126509 0.670120
v 4.218865 3.471205 -0.000001
v 3.908521 3.471205 0.000059
v 4.219853 3.471205 0.670121
v 4.218865 3.471205 -0.000001
v 3.909509 3.471205 0.929957
v 3.909509 3.471205 0.929957
v 4.219853 4.126509 0.670120
v 4.219853 3.471205 0.670121
v 3.909508 4.126509 0.929957
v 3.909508 4.126509 0.929957
v 4.218865 4.126509 -0.000002
v 4.219853 4.126509 0.670120
v 3.908520 4.126509 0.000059
v 5.978645 9.056955 1.999930
v 5.978656 8.307747 2.391390
v 5.978656 8.307747 1.999940
v 5.978645 9.056955 2.391389
v 6.672968 9.056953 1.999938
v 5.978645 9.056955 2.391389
v 5.978645 9.056955 1.999930
v 6.672968 9.056953 2.391396
v 6.672968 9.056953 2.391396
v 5.978656 8.307747 2.391390
v 5.978645 9.056955 2.391389
v 6.672968 8.307747 2.391397
v 5.978656 8.307747 2.391390
v 6.672968 8.307747 1.999939
v 5.978656 8.307747 1.999940
v 6.672968 8.307747 2.391397
v 6.672968 8.307747 2.391397
v 6.672968 9.056953 1.999938
v 6.672968 8.307747 1.999939
v 6.672968 9.056953 2.391396
v 4.218865 11.035707 -0.000001
v 4.219854 9.481356 0.670121
v 4.219853 11.035707 0.670121
v 4.218866 9.481356 0.000000
v 3.908521 9.481356 0.000060
v 4.219854 9.481356 0.670121
v 4.218866 9.481356 0.000000
v 3.909509 9.481356 0.670134
v 3.909509 9.481356 0.670134
v 4.219853 11.035707 0.670121
v 4.219854 9.481356 0.670121
v 3.909509 11.035707 0.670134
v 3.909509 11.035707 0.670134
v 4.218865 11.035707 -0.000001
v 4.219853 11.035707 0.670121
v 3.908521 11.035707 0.000060
v 6.989689 1.278336 1.999963
v 3.907638 1.278369 1.847570
v 3.907685 1.278387 1.999969
v 6.989689 1.278336 1.847585
v 2.605104 0.000008 1.847573
v 3.907685 1.278387 1.999969
v 3.907638 1.278369 1.847570
v 2.605103 -0.000027 1.999964
v 2.605103 -0.000027 3.076098
v 3.907615 1.278394 3.076128
v 2.564229 0.099973 1.999964
v 3.763394 1.278454 3.076129
v 2.564229 0.099973 3.076099
v 3.763394 1.278451 1.999970
v 3.052860 -0.010231 2.682102
v 3.909641 0.830729 2.926042
v 3.909641 0.830729 2.682102
v 3.052861 -0.010231 2.926045
v 3.684716 1.059884 2.414476
v 3.052860 -0.010231 2.682102
v 3.909641 0.830729 2.682102
v 2.827936 0.218924 2.414476
v 2.827936 0.218924 2.414476
v 3.052861 -0.010231 2.926045
v 3.052860 -0.010231 2.682102
v 2.827937 0.218924 2.926045
v 2.827937 0.218924 2.926045
v 3.909641 0.830729 2.926042
v 3.052861 -0.010231 2.926045
v 3.684716 1.059884 2.926042
v 3.684716 1.059884 2.926042
v 3.909641 0.830729 2.682102
v 3.909641 0.830729 2.926042
v 3.684716 1.059884 2.414476
v 3.808141 20.914940 2.893081
v 3.907775 24.128765 2.893080
v 3.908154 20.914923 2.893081
v 3.807964 24.029003 2.893086
v 3.908153 20.914923 1.999991
v 3.808141 20.914940 2.893081
v 3.908154 20.914923 2.893081
v 3.808141 20.914940 1.999991
v 3.807964 24.029003 1.999990
v 3.808141 20.914940 2.893081
v 3.808141 20.914940 1.999991
v 3.807964 24.029003 2.893086
v 3.807964 24.029003 1.999990
v 3.498182 24.029003 2.893088
v 3.807964 24.029003 2.893086
v 3.071057 24.029003 2.000058
v 3.907775 24.128765 2.893080
v 3.070967 24.128733 2.000057
v 3.907775 24.128765 1.999989
v 3.498092 24.128756 2.893083
v 3.498182 24.029003 2.893088
v 3.907775 24.128765 2.893080
v 3.807964 24.029003 2.893086
v 3.498092 24.128756 2.893083
v 3.070967 24.128733 2.000057
v 3.498182 24.029003 2.893088
v 3.071057 24.029003 2.000058
v 3.498092 24.128756 2.893083
v 0.000003 33.387424 2.149982
v -1.235952 33.387424 1.849983
v -1.235952 33.387424 2.149982
v 0.000003 33.387424 1.849983
v 1.235959 33.387424 1.849983
v 1.235958 33.387424 2.149982
v -3.757301 30.119568 1.849989
v -1.235952 33.387424 2.149982
v -1.235952 33.387424 1.849983
v -3.757297 30.119566 2.149986
v -4.056500 30.119602 2.149986
v -3.757200 32.937229 2.748782
v -3.757297 30.119566 2.149986
v -4.055608 32.983852 2.758667
v -3.087405 35.754776 3.347581
v -2.898972 35.530743 3.299955
v 0.000003 35.816219 3.073842
v -3.087405 35.754776 3.347581
v -3.087401 35.816048 3.073890
v 0.000003 35.754879 3.347582
v 3.087412 35.754776 3.347581
v 3.087408 35.816048 3.073889
v 0.000003 35.754879 3.347582
v -2.898972 35.530743 3.299955
v -3.087405 35.754776 3.347581
v 0.000003 35.530773 3.299955
v 2.898979 35.530743 3.299955
v 3.087412 35.754776 3.347581
v -3.750692 32.999546 2.490268
v -4.056505 30.119602 1.849989
v -3.757301 30.119568 1.849989
v -4.034585 33.046169 2.500177
v -3.087401 35.816048 3.073890
v -2.898963 35.591984 3.026307
v -2.898963 35.591984 3.026307
v 0.000003 35.816219 3.073842
v -3.087401 35.816048 3.073890
v 0.000003 35.592152 3.026209
v 2.898970 35.591984 3.026306
v 3.087408 35.816048 3.073889
v 3.757298 30.119568 1.849989
v 1.235958 33.387424 2.149982
v 3.757293 30.119568 2.149985
v 1.235959 33.387424 1.849983
v 3.767699 32.937229 2.748781
v 4.056515 30.119602 2.149985
v 3.757293 30.119568 2.149985
v 4.055634 32.983852 2.758666
v 3.087412 35.754776 3.347581
v 2.898979 35.530743 3.299955
v 4.056520 30.119602 1.849989
v 3.746684 32.999542 2.490267
v 3.757298 30.119568 1.849989
v 4.034611 33.046169 2.500177
v 3.087408 35.816048 3.073889
v 2.898970 35.591984 3.026306
v 0.980987 33.820271 1.668758
v 1.157188 33.500198 0.154675
v 1.157188 33.820271 1.668759
v 0.980986 33.500198 0.154675
v 0.980987 34.519440 2.457010
v 0.980987 33.500198 1.913832
v 0.980987 33.820271 1.668758
v 0.980986 33.500198 0.154675
v 1.157188 33.500198 1.913832
v 1.157189 34.519440 2.457012
v 1.157188 33.820271 1.668759
v 1.157188 33.500198 0.154675
v -0.980980 33.820271 1.668759
v -1.157182 34.519440 2.457011
v -1.157182 33.820271 1.668759
v -0.980980 34.519440 2.457011
v -0.980980 33.500198 1.913832
v -0.980980 34.519440 2.457011
v -0.980980 33.820271 1.668759
v -0.980980 33.500198 0.154675
v -1.157182 34.519440 2.457011
v -1.157182 33.500198 1.913832
v -1.157182 33.820271 1.668759
v -1.157182 33.500198 0.154675
v 0.980987 34.519440 2.457010
v 1.157188 33.820271 1.668759
v 1.157189 34.519440 2.457012
v 0.980987 33.820271 1.668758
v -0.980980 33.500198 0.154675
v -1.157182 33.820271 1.668759
v -1.157182 33.500198 0.154675
v -0.980980 33.820271 1.668759
v -2.858952 32.170547 0.000001
v -3.847787 30.896242 1.440378
v -3.847787 30.896244 0.000001
v -2.858951 32.170544 1.440379
v -3.531443 30.650755 0.000001
v -3.847787 30.896242 1.440378
v -3.531443 30.650751 1.440378
v -3.847787 30.896244 0.000001
v -3.531443 30.650751 1.440378
v -2.858951 32.170544 1.440379
v -2.542607 31.925055 1.440379
v -3.847787 30.896242 1.440378
v -2.542607 31.925055 1.440379
v -2.858952 32.170547 0.000001
v -2.542607 31.925058 0.000001
v -2.858951 32.170544 1.440379
v 2.858957 32.170547 0.000000
v 3.847793 30.896242 1.440378
v 2.858957 32.170544 1.440378
v 3.847793 30.896244 0.000000
v 3.531449 30.650755 0.000000
v 3.847793 30.896242 1.440378
v 3.847793 30.896244 0.000000
v 3.531449 30.650751 1.440378
v 3.531449 30.650751 1.440378
v 2.858957 32.170544 1.440378
v 3.847793 30.896242 1.440378
v 2.542613 31.925055 1.440378
v 2.542613 31.925055 1.440378
v 2.858957 32.170547 0.000000
v 2.858957 32.170544 1.440378
v 2.542613 31.925058 0.000000
v -4.183414 28.748142 1.602125
v -4.183413 29.466055 0.937159
v -4.183413 29.466055 1.602125
v -4.183414 28.748142 0.937160
v 4.183407 28.748142 1.602124
v -4.183413 29.466055 1.602125
v 4.183407 29.466055 1.602124
v -4.183414 28.748142 1.602125
v -4.183413 29.466055 1.602125
v 4.183407 29.466055 0.937159
v 4.183407 29.466055 1.602124
v -4.183413 29.466055 0.937159
v 4.183407 28.748142 1.602124
v 4.183407 29.466055 0.937159
v 4.183407 28.748142 0.937159
v 4.183407 29.466055 1.602124
v 4.183407 28.748142 0.937159
v -4.183414 28.748142 1.602125
v 4.183407 28.748142 1.602124
v -4.183414 28.748142 0.937160
v 4.183407 29.466055 0.937159
v -4.183414 28.748142 0.937160
v 4.183407 28.748142 0.937159
v -4.183413 29.466055 0.937159
v -2.135267 3.464515 1.825384
v -2.985438 3.464516 0.691680
v -2.135267 3.464515 0.691683
v -2.985446 3.464515 1.825384
v -2.135267 2.609847 1.825385
v -2.985438 2.609848 0.691680
v -2.985446 2.609848 1.825385
v -2.135267 2.609848 0.691684
v -2.135267 2.609847 1.825385
v -2.135267 3.464515 0.691683
v -2.135267 2.609848 0.691684
v -2.135267 3.464515 1.825384
v -2.985446 3.464515 1.825384
v -2.135267 2.609847 1.825385
v -2.985446 2.609848 1.825385
v -2.135267 3.464515 1.825384
v -2.985438 3.464516 0.691680
v -2.985446 2.609848 1.825385
v -2.985438 2.609848 0.691680
v -2.985446 3.464515 1.825384
v 2.135259 3.464515 1.825384
v 2.985426 3.464515 0.691680
v 2.985439 3.464514 1.825384
v 2.135259 3.464515 0.691683
v 2.135259 2.609847 1.825384
v 2.985426 2.609847 0.691680
v 2.135259 2.609848 0.691683
v 2.985439 2.609847 1.825384
v 2.135259 2.609847 1.825384
v 2.135259 3.464515 0.691683
v 2.135259 3.464515 1.825384
v 2.135259 2.609848 0.691683
v 2.985439 3.464514 1.825384
v 2.135259 2.609847 1.825384
v 2.135259 3.464515 1.825384
v 2.985439 2.609847 1.825384
v 2.985439 2.609847 1.825384
v 2.985426 3.464515 0.691680
v 2.985426 2.609847 0.691680
v 2.985439 3.464514 1.825384
v -4.185896 26.711473 0.664971
v -4.185896 26.995983 0.000005
v -4.185896 26.995983 0.664971
v -4.185896 26.711473 0.000006
v 4.185893 26.711473 0.664971
v -4.185896 26.995983 0.664971
v 4.185893 26.995983 0.664970
v -4.185896 26.711473 0.664971
v -4.185896 26.995983 0.000005
v 4.185893 26.995983 0.664970
v -4.185896 26.995983 0.664971
v 4.185893 26.995983 0.000004
v 4.185893 26.711473 0.664971
v 4.185893 26.995983 0.000004
v 4.185893 26.711473 0.000005
v 4.185893 26.995983 0.664970
v 4.185893 26.711473 0.000005
v -4.185896 26.711473 0.664971
v 4.185893 26.711473 0.664971
v -4.185896 26.711473 0.000006
v -1.896120 33.387794 0.000009
v -2.284582 33.678619 0.613780
v -2.400270 33.765221 0.000009
v -2.148195 33.576492 0.684351
v -2.011808 33.474396 0.613780
v -2.541853 32.525276 0.000009
v -2.793929 32.713974 0.684351
v -2.657542 32.611877 0.613781
v -3.046004 32.902706 0.000009
v -2.930315 32.816105 0.613781
v -2.212119 33.491135 0.684351
v -2.011808 33.474396 0.613780
v -2.075732 33.389004 0.613780
v -2.148195 33.576492 0.684351
v -2.348502 33.593231 0.613780
v -2.284582 33.678619 0.613780
v -1.896120 33.387794 0.000009
v -2.075732 33.389004 0.613780
v -2.011808 33.474396 0.613780
v -1.960044 33.302402 0.000009
v -2.284582 33.678619 0.613780
v -2.464195 33.679832 0.000009
v -2.400270 33.765221 0.000009
v -2.348502 33.593231 0.613780
v -3.046004 32.902706 0.000009
v -2.866392 32.901459 0.613781
v -2.930315 32.816105 0.613781
v -2.982080 32.988098 0.000009
v -2.657542 32.611877 0.613781
v -2.477933 32.610664 0.000009
v -2.541853 32.525276 0.000009
v -2.593617 32.697266 0.613781
v -2.793929 32.713974 0.684351
v -2.593617 32.697266 0.613781
v -2.657542 32.611877 0.613781
v -2.730009 32.799366 0.684351
v -2.930315 32.816105 0.613781
v -2.866392 32.901459 0.613781
v -2.866392 32.901459 0.613781
v -2.477933 32.610664 0.000009
v -2.593617 32.697266 0.613781
v -2.982080 32.988098 0.000009
v -2.075732 33.389004 0.613780
v -2.464195 33.679832 0.000009
v -2.348502 33.593231 0.613780
v -1.960044 33.302402 0.000009
v 1.896117 33.387794 0.000008
v 2.148192 33.576492 0.684351
v 2.011805 33.474396 0.613779
v 2.284575 33.678619 0.613779
v 2.400268 33.765221 0.000009
v 3.045997 32.902706 0.000009
v 2.793926 32.713974 0.684351
v 2.930313 32.816105 0.613780
v 2.541851 32.525276 0.000009
v 2.657535 32.611877 0.613780
v 2.011805 33.474396 0.613779
v 2.212112 33.491135 0.684351
v 2.075725 33.389004 0.613779
v 2.148192 33.576492 0.684351
v 2.348495 33.593231 0.613779
v 2.284575 33.678619 0.613779
v 1.896117 33.387794 0.000008
v 2.075725 33.389004 0.613779
v 1.960037 33.302402 0.000008
v 2.011805 33.474396 0.613779
v 2.284575 33.678619 0.613779
v 2.464188 33.679832 0.000009
v 2.348495 33.593231 0.613779
v 2.400268 33.765221 0.000009
v 3.045997 32.902706 0.000009
v 2.866389 32.901459 0.613780
v 2.982077 32.988098 0.000009
v 2.930313 32.816105 0.613780
v 2.657535 32.611877 0.613780
v 2.477926 32.610664 0.000009
v 2.593615 32.697266 0.613780
v 2.541851 32.525276 0.000009
v 2.593615 32.697266 0.613780
v 2.793926 32.713974 0.684351
v 2.657535 32.611877 0.613780
v 2.730002 32.799366 0.684351
v 2.930313 32.816105 0.613780
v 2.866389 32.901459 0.613780
v 2.866389 32.901459 0.613780
v 2.477926 32.610664 0.000009
v 2.982077 32.988098 0.000009
v 2.593615 32.697266 0.613780
v 2.075725 33.389004 0.613779
v 2.464188 33.679832 0.000009
v 1.960037 33.302402 0.000008
v 2.348495 33.593231 0.613779
v 0.088081 33.820271 1.668759
v -0.088121 34.519440 2.457011
v -0.088121 33.820271 1.668759
v 0.088081 34.519440 2.457011
v 0.088081 33.500198 1.913832
v 0.088081 34.519440 2.457011
v 0.088081 33.820271 1.668759
v 0.088081 33.500198 0.154675
v -0.088121 34.519440 2.457011
v -0.088121 33.500198 1.913832
v -0.088121 33.820271 1.668759
v -0.088121 33.500198 0.154675
v 0.088081 33.500198 0.154675
v -0.088121 33.820271 1.668759
v -0.088121 33.500198 0.154675
v 0.088081 33.820271 1.668759
v -4.056500 30.119602 2.149986
v -3.757910 11.066505 2.157065
v -4.057934 11.066505 2.156860
v -3.757297 30.119566 2.149986
v -3.757297 30.119566 2.149986
v -3.757973 11.066505 1.857065
v -3.757910 11.066505 2.157065
v -3.757301 30.119568 1.849989
v -3.757301 30.119568 1.849989
v -4.057998 11.066505 1.856860
v -3.757973 11.066505 1.857065
v -4.056505 30.119602 1.849989
v -4.056505 30.119602 1.849989
v -4.057934 11.066505 2.156860
v -4.057998 11.066505 1.856860
v -4.056500 30.119602 2.149986
v -6.839427 9.180765 1.850288
v -5.375718 11.066516 2.156951
v -5.375230 11.066534 1.856951
v -6.839950 9.180496 2.150288
v -6.839323 1.428700 1.850389
v -6.840061 1.427980 2.150388
v -7.139950 9.283281 2.149760
v -5.522118 11.366532 1.856975
v -5.522606 11.366514 2.156975
v -7.139427 9.283550 1.849760
v -7.140056 1.127973 2.149659
v -7.139318 1.128694 1.849660
v 0.000067 1.428805 1.850373
v -6.840061 1.427980 2.150388
v -6.839323 1.428700 1.850389
v 0.000048 1.428065 2.150372
v 6.839457 1.428833 1.850388
v 6.840157 1.428075 2.150388
v -0.000067 1.127934 2.149643
v -7.139318 1.128694 1.849660
v -7.140056 1.127973 2.149659
v -0.000048 1.128673 1.849644
v 7.139922 1.127839 2.149659
v 7.139222 1.128597 1.849660
v 6.839386 9.180883 1.850288
v 6.840157 1.428075 2.150388
v 6.839457 1.428833 1.850388
v 6.839927 9.180565 2.150287
v 5.375109 11.066594 1.856951
v 5.375645 11.066552 2.156951
v 7.139992 9.283163 2.149759
v 7.139222 1.128597 1.849660
v 7.139922 1.127839 2.149659
v 7.139452 9.283482 1.849759
v 5.522729 11.366454 2.156975
v 5.522192 11.366496 1.856975
v 4.709983 11.366478 2.156918
v 5.375645 11.066552 2.156951
v 4.709983 11.066644 2.157008
v 5.522729 11.366454 2.156975
v 7.139992 9.283163 2.149759
v 6.839927 9.180565 2.150287
v 7.139922 1.127839 2.149659
v 6.840157 1.428075 2.150388
v -0.000067 1.127934 2.149643
v 0.000048 1.428065 2.150372
v -7.140056 1.127973 2.149659
v -6.840061 1.427980 2.150388
v -7.139950 9.283281 2.149760
v -6.839950 9.180496 2.150288
v -5.522606 11.366514 2.156975
v -5.375718 11.066516 2.156951
v -4.709804 11.366575 2.156918
v -4.709804 11.066578 2.157008
v 4.709983 11.066644 2.157008
v 5.375109 11.066594 1.856951
v 4.709983 11.066576 1.857008
v 5.375645 11.066552 2.156951
v 5.375109 11.066594 1.856951
v 4.709983 11.366410 1.856917
v 4.709983 11.066576 1.857008
v 5.522192 11.366496 1.856975
v 6.839386 9.180883 1.850288
v 7.139452 9.283482 1.849759
v 6.839457 1.428833 1.850388
v 7.139222 1.128597 1.849660
v 0.000067 1.428805 1.850373
v -0.000048 1.128673 1.849644
v -6.839323 1.428700 1.850389
v -7.139318 1.128694 1.849660
v -6.839427 9.180765 1.850288
v -7.139427 9.283550 1.849760
v -5.375230 11.066534 1.856951
v -5.522118 11.366532 1.856975
v -4.709804 11.366476 1.856918
v -4.709804 11.066480 1.857008
v 4.709983 11.366410 1.856917
v 5.522729 11.366454 2.156975
v 4.709983 11.366478 2.156918
v 5.522192 11.366496 1.856975
v 4.058069 11.066628 2.156860
v 3.757293 30.119568 2.149985
v 4.056515 30.119602 2.149985
v 3.757814 11.066628 2.157065
v 3.757814 11.066628 2.157065
v 3.757298 30.119568 1.849989
v 3.757293 30.119568 2.149985
v 3.757841 11.066628 1.857065
v 3.757841 11.066628 1.857065
v 4.056520 30.119602 1.849989
v 3.757298 30.119568 1.849989
v 4.058095 11.066628 1.856860
v 4.058095 11.066628 1.856860
v 4.056515 30.119602 2.149985
v 4.056520 30.119602 1.849989
v 4.058069 11.066628 2.156860
v -3.433618 21.430973 1.711366
v -3.332854 21.187702 2.387103
v -3.332854 21.187698 1.711366
v -3.433618 21.430977 2.387101
v -3.332855 21.674248 1.711366
v -3.332855 21.674253 2.387103
v -3.089582 21.086956 2.387103
v -3.332854 21.187698 1.711366
v -3.332854 21.187702 2.387103
v -3.089583 21.086952 1.711366
v -2.846315 21.187702 2.387103
v -2.846316 21.187698 1.711365
v -2.745551 21.430977 2.387101
v -2.846316 21.187698 1.711365
v -2.846315 21.187702 2.387103
v -2.745552 21.430973 1.711365
v -2.846315 21.674253 2.387103
v -2.846316 21.674248 1.711366
v -3.089582 21.775002 2.387104
v -2.846316 21.674248 1.711366
v -2.846315 21.674253 2.387103
v -3.089584 21.775017 1.711366
v -3.332855 21.674253 2.387103
v -3.332855 21.674248 1.711366
v -3.609311 21.430977 2.334628
v -3.457086 21.063465 2.607721
v -3.457087 21.063465 2.334628
v -3.609310 21.430977 2.607721
v -3.457088 21.798473 2.334628
v -3.457087 21.798473 2.607722
v -3.089582 20.911255 2.607721
v -3.457087 21.063465 2.334628
v -3.457086 21.063465 2.607721
v -3.089582 20.911255 2.334628
v -2.722081 21.063465 2.607721
v -2.722081 21.063465 2.334628
v -2.569857 21.430977 2.607721
v -2.722081 21.063465 2.334628
v -2.722081 21.063465 2.607721
v -2.569857 21.430977 2.334628
v -2.722081 21.798473 2.607722
v -2.722082 21.798473 2.334629
v -3.089582 21.950701 2.607723
v -2.722082 21.798473 2.334629
v -2.722081 21.798473 2.607722
v -3.089583 21.950701 2.334629
v -3.457087 21.798473 2.607722
v -3.457088 21.798473 2.334628
v -3.457088 21.798473 2.334628
v -2.722082 21.798473 2.334629
v -3.089583 21.950701 2.334629
v -3.457087 21.063465 2.334628
v -3.609311 21.430977 2.334628
v -2.722081 21.063465 2.334628
v -2.569857 21.430977 2.334628
v -3.089582 20.911255 2.334628
v -4.075542 23.455605 0.096168
v -4.076530 22.638632 1.807376
v -4.075542 22.638634 0.096168
v -4.076530 23.455603 1.807375
v 4.076411 22.638634 0.096243
v -4.076530 22.638632 1.807376
v 4.075423 22.638632 1.807450
v -4.075542 22.638634 0.096168
v 4.075423 22.638632 1.807450
v -4.076530 23.455603 1.807375
v 4.075423 23.455603 1.807450
v -4.076530 22.638632 1.807376
v 4.075423 23.455603 1.807450
v -4.075542 23.455605 0.096168
v 4.076411 23.455605 0.096242
v -4.076530 23.455603 1.807375
v -3.660663 27.862391 2.265241
v -3.660663 27.266201 1.999991
v -3.660663 27.862392 1.999991
v -3.660663 27.266201 2.265242
v -3.660663 27.862392 1.999991
v -3.369136 27.862392 2.265242
v -3.660663 27.862391 2.265241
v -3.369136 27.862392 1.999990
v -3.660663 27.862391 2.265241
v -3.369136 27.266201 2.265242
v -3.660663 27.266201 2.265242
v -3.369136 27.862392 2.265242
v -3.660663 27.266201 2.265242
v -3.369136 27.266201 1.999991
v -3.660663 27.266201 1.999991
v -3.369136 27.266201 2.265242
v -3.369136 27.266201 1.999991
v -3.369136 27.862392 2.265242
v -3.369136 27.862392 1.999990
v -3.369136 27.266201 2.265242
v -3.576904 24.587027 2.563313
v -3.380310 24.847252 2.446574
v -3.300476 24.788963 2.563128
v -3.607971 24.680931 2.446730
v -3.380310 24.847099 2.294497
v -4.024597 24.587029 2.563312
v -3.607971 24.680809 2.294652
v -3.993530 24.680931 2.446729
v -4.301025 24.788963 2.563128
v -3.993530 24.680809 2.294653
v -4.221191 24.847252 2.446577
v -4.221191 24.847130 2.294499
v -3.487549 24.316032 2.228120
v -3.028075 24.589560 2.370771
v -3.070556 24.620506 2.227838
v -3.471069 24.266165 2.371072
v -3.070556 24.620749 2.513649
v -3.487549 24.316305 2.513932
v -4.113953 24.316032 2.228123
v -4.113953 24.316307 2.513933
v -4.130493 24.266167 2.371075
v -4.530945 24.620506 2.227841
v -4.573425 24.589561 2.370776
v -4.530945 24.620750 2.513653
v -2.908874 25.107933 2.513199
v -3.028075 24.589560 2.370771
v -3.070556 24.620749 2.513649
v -2.856811 25.103630 2.370294
v -3.070556 24.620506 2.227838
v -2.908874 26.321648 2.512224
v -2.908874 25.107658 2.227386
v -2.856811 26.325706 2.369314
v -3.070556 26.808828 2.511772
v -2.908874 26.321371 2.226411
v -3.028075 26.839773 2.368840
v -3.070556 26.808554 2.225960
v -3.288086 25.138176 2.294226
v -3.380310 24.847252 2.446574
v -3.380310 24.847099 2.294497
v -3.288086 25.138298 2.446307
v -3.300476 24.788963 2.563128
v -3.288086 26.291008 2.293308
v -3.190307 25.130577 2.562810
v -3.288086 26.291161 2.445384
v -3.380310 26.582054 2.293039
v -3.190307 26.299095 2.561878
v -3.380310 26.582207 2.445118
v -3.300476 26.640709 2.561560
v -3.487548 27.113274 2.511495
v -3.028075 26.839773 2.368840
v -3.070556 26.808828 2.511772
v -3.471069 27.163170 2.368541
v -3.070556 26.808554 2.225960
v -3.487548 27.112999 2.225681
v -4.130493 27.163170 2.368545
v -4.113952 27.113274 2.511497
v -4.530944 26.808830 2.511780
v -4.113952 27.112999 2.225683
v -4.573425 26.839745 2.368845
v -4.530944 26.808556 2.225965
v -3.607971 26.748375 2.292886
v -3.380310 26.582207 2.445118
v -3.380310 26.582054 2.293039
v -3.607971 26.748528 2.444967
v -3.300476 26.640709 2.561560
v -3.576904 26.842644 2.561376
v -3.993530 26.748528 2.444967
v -3.993530 26.748375 2.292886
v -4.221191 26.582054 2.293043
v -4.024597 26.842644 2.561377
v -4.221191 26.582207 2.445120
v -4.301025 26.640709 2.561565
v -4.692688 26.321648 2.512230
v -4.573425 26.839745 2.368845
v -4.530944 26.808830 2.511780
v -4.744689 26.325706 2.369320
v -4.530944 26.808556 2.225965
v -4.692688 25.107933 2.513205
v -4.692688 26.321373 2.226418
v -4.744689 25.103630 2.370303
v -4.530945 24.620750 2.513653
v -4.692688 25.107658 2.227393
v -4.573425 24.589561 2.370776
v -4.530945 24.620506 2.227841
v -4.313415 26.291008 2.293311
v -4.221191 26.582207 2.445120
v -4.221191 26.582054 2.293043
v -4.313415 26.291161 2.445388
v -4.301025 26.640709 2.561565
v -4.313415 25.138176 2.294229
v -4.411193 26.299095 2.561880
v -4.313415 25.138298 2.446308
v -4.221191 24.847130 2.294499
v -4.411193 25.130577 2.562812
v -4.221191 24.847252 2.446577
v -4.301025 24.788963 2.563128
v -3.993530 24.680809 2.294653
v -3.380310 24.847099 2.294497
v -3.607971 24.680809 2.294652
v -4.221191 24.847130 2.294499
v -3.288086 25.138176 2.294226
v -4.313415 25.138176 2.294229
v -3.288086 26.291008 2.293308
v -4.313415 26.291008 2.293311
v -3.380310 26.582054 2.293039
v -4.221191 26.582054 2.293043
v -3.607971 26.748375 2.292886
v -3.993530 26.748375 2.292886
v -3.178161 24.699120 2.151726
v -4.072144 24.442619 2.151967
v -3.529358 24.442619 2.151964
v -4.423340 24.699120 2.151730
v -4.560974 25.118156 2.151345
v -3.040588 25.118156 2.151337
v -4.560974 26.310753 2.150389
v -3.040588 26.310753 2.150381
v -4.423339 26.729820 2.150002
v -3.178161 26.729820 2.149997
v -4.072143 26.986290 2.149762
v -3.529357 26.986290 2.149762
v -4.667709 26.347641 1.987089
v -4.667709 26.509432 2.150003
v -4.667709 26.347641 2.150003
v -4.667709 26.509432 1.987086
v -4.211895 26.509453 2.150004
v -4.667709 26.509432 1.987086
v -4.211895 26.509453 1.987088
v -4.667709 26.509432 2.150003
v -4.211895 26.509453 1.987088
v -4.667709 26.347641 1.987089
v -4.211895 26.347641 1.987089
v -4.667709 26.509432 1.987086
v -4.211895 26.347641 1.987089
v -4.667709 26.347641 2.150003
v -4.211895 26.347641 2.150003
v -4.667709 26.347641 1.987089
v -4.211895 26.347641 2.150003
v -4.667709 26.509432 2.150003
v -4.211895 26.509453 2.150004
v -4.667709 26.347641 2.150003
v -4.667709 24.919907 1.987088
v -4.667709 25.081697 2.150003
v -4.667709 24.919909 2.150002
v -4.667709 25.081697 1.987087
v -4.211895 25.081718 2.150003
v -4.667709 25.081697 1.987087
v -4.211895 25.081718 1.987087
v -4.667709 25.081697 2.150003
v -4.211895 25.081718 1.987087
v -4.667709 24.919907 1.987088
v -4.211895 24.919907 1.987089
v -4.667709 25.081697 1.987087
v -4.211895 24.919907 1.987089
v -4.667709 24.919909 2.150002
v -4.211895 24.919907 2.150003
v -4.667709 24.919907 1.987088
v -4.211895 24.919907 2.150003
v -4.667709 25.081697 2.150003
v -4.211895 25.081718 2.150003
v -4.667709 24.919909 2.150002
v -4.232574 26.009254 -0.000045
v -4.233562 25.353951 0.670078
v -4.232574 25.353951 -0.000045
v -4.233562 26.009254 0.670078
v -3.922230 25.353951 0.000016
v -4.233562 25.353951 0.670078
v -3.923217 25.353952 0.929913
v -4.232574 25.353951 -0.000045
v -3.923217 25.353952 0.929913
v -4.233562 26.009254 0.670078
v -3.923217 26.009254 0.929913
v -4.233562 25.353951 0.670078
v -3.923217 26.009254 0.929913
v -4.232574 26.009254 -0.000045
v -3.922230 26.009254 0.000015
v -4.233562 26.009254 0.670078
v -4.234191 27.668997 -0.000017
v -4.234192 27.214521 1.298577
v -4.234192 27.214521 -0.000017
v -4.234192 27.668997 1.298582
v -4.199638 27.668997 1.475564
v -4.199638 27.214521 1.475560
v -4.095985 27.668997 1.581755
v -4.095985 27.214521 1.581750
v -3.923213 27.214521 1.617146
v -4.199638 27.214521 1.475560
v -4.095985 27.214521 1.581750
v -4.234192 27.214521 1.298577
v -3.923214 27.214521 -0.000015
v -4.234192 27.214521 -0.000017
v -3.923213 27.668997 1.617151
v -4.234191 27.668997 -0.000017
v -3.923214 27.668997 -0.000017
v -4.095985 27.668997 1.581755
v -4.199638 27.668997 1.475564
v -4.234192 27.668997 1.298582
v -3.923213 27.668997 1.617151
v -4.095985 27.214521 1.581750
v -4.095985 27.668997 1.581755
v -3.923213 27.214521 1.617146
v -4.643436 26.357609 2.015148
v -4.486072 26.499453 2.057314
v -4.486072 26.357609 2.057314
v -4.643436 26.499453 2.015148
v -3.934803 26.499470 -0.000039
v -4.643436 26.499453 2.015148
v -4.103466 26.499470 -0.000046
v -4.486072 26.499453 2.057314
v -4.103466 26.499470 -0.000046
v -4.643436 26.357609 2.015148
v -4.103462 26.357607 -0.000048
v -4.643436 26.499453 2.015148
v -4.103462 26.357607 -0.000048
v -4.486072 26.357609 2.057314
v -3.934803 26.357607 -0.000039
v -4.643436 26.357609 2.015148
v -3.934803 26.357607 -0.000039
v -4.486072 26.499453 2.057314
v -3.934803 26.499470 -0.000039
v -4.486072 26.357609 2.057314
v -4.643436 24.929874 2.015147
v -4.486073 25.071718 2.057314
v -4.486073 24.929874 2.057314
v -4.643436 25.071718 2.015147
v -3.934803 25.071735 -0.000039
v -4.643436 25.071718 2.015147
v -4.103462 25.071735 -0.000048
v -4.486073 25.071718 2.057314
v -4.103462 25.071735 -0.000048
v -4.643436 24.929874 2.015147
v -4.103462 24.929874 -0.000048
v -4.643436 25.071718 2.015147
v -4.103462 24.929874 -0.000048
v -4.486073 24.929874 2.057314
v -3.934803 24.929873 -0.000039
v -4.643436 24.929874 2.015147
v -3.934803 24.929873 -0.000039
v -4.486073 25.071718 2.057314
v -3.934803 25.071735 -0.000039
v -4.486073 24.929874 2.057314
v -1.653154 24.099079 2.675287
v -1.653154 23.068264 1.999990
v -1.653154 24.099079 1.999989
v -1.653154 23.068264 2.675287
v -1.653154 24.099079 1.999989
v -0.951779 24.099079 2.675286
v -1.653154 24.099079 2.675287
v -0.951779 24.099079 1.999989
v -1.653154 24.099079 2.675287
v -0.951779 23.068264 2.675284
v -1.653154 23.068264 2.675287
v -0.951779 24.099079 2.675286
v -1.653154 23.068264 2.675287
v -0.951779 23.068264 1.999990
v -1.653154 23.068264 1.999990
v -0.951779 23.068264 2.675284
v -0.951779 23.068264 1.999990
v -0.951779 24.099079 2.675286
v -0.951779 24.099079 1.999989
v -0.951779 23.068264 2.675284
v 3.332855 21.187702 2.387103
v 3.433619 21.430973 1.711365
v 3.332856 21.187698 1.711365
v 3.433620 21.430977 2.387100
v 3.332856 21.674248 1.711366
v 3.332856 21.674253 2.387103
v 3.332856 21.187698 1.711365
v 3.089583 21.086956 2.387103
v 3.332855 21.187702 2.387103
v 3.089586 21.086952 1.711366
v 2.846317 21.187702 2.387102
v 2.846318 21.187698 1.711365
v 2.846318 21.187698 1.711365
v 2.745552 21.430977 2.387100
v 2.846317 21.187702 2.387102
v 2.745553 21.430973 1.711365
v 2.846317 21.674253 2.387102
v 2.846318 21.674248 1.711365
v 2.846318 21.674248 1.711365
v 3.089583 21.775002 2.387103
v 2.846317 21.674253 2.387102
v 3.089586 21.775017 1.711366
v 3.332856 21.674253 2.387103
v 3.332856 21.674248 1.711366
v 3.457088 21.063465 2.607721
v 3.609312 21.430977 2.334628
v 3.457088 21.063465 2.334628
v 3.609311 21.430977 2.607721
v 3.457089 21.798473 2.334627
v 3.457088 21.798473 2.607721
v 3.457088 21.063465 2.334628
v 3.089584 20.911255 2.607721
v 3.457088 21.063465 2.607721
v 3.089584 20.911255 2.334628
v 2.722083 21.063465 2.607721
v 2.722083 21.063465 2.334627
v 2.722083 21.063465 2.334627
v 2.569858 21.430977 2.607720
v 2.722083 21.063465 2.607721
v 2.569859 21.430977 2.334627
v 2.722082 21.798473 2.607721
v 2.722083 21.798473 2.334628
v 2.722083 21.798473 2.334628
v 3.089584 21.950701 2.607722
v 2.722082 21.798473 2.607721
v 3.089584 21.950701 2.334628
v 3.457088 21.798473 2.607721
v 3.457089 21.798473 2.334627
v 3.457088 21.063465 2.334628
v 2.722083 21.063465 2.334627
v 3.089584 20.911255 2.334628
v 2.722083 21.798473 2.334628
v 2.569859 21.430977 2.334627
v 3.457089 21.798473 2.334627
v 3.609312 21.430977 2.334628
v 3.089584 21.950701 2.334628
v 3.660664 27.862391 2.265240
v 3.660664 27.266201 1.999991
v 3.660664 27.266201 2.265242
v 3.660665 27.862392 1.999992
v 3.660665 27.862392 1.999992
v 3.369137 27.862392 2.265241
v 3.369137 27.862392 1.999991
v 3.660664 27.862391 2.265240
v 3.660664 27.862391 2.265240
v 3.369137 27.266201 2.265242
v 3.369137 27.862392 2.265241
v 3.660664 27.266201 2.265242
v 3.660664 27.266201 2.265242
v 3.369137 27.266201 1.999990
v 3.369137 27.266201 2.265242
v 3.660664 27.266201 1.999991
v 3.369137 27.266201 1.999990
v 3.369137 27.862392 2.265241
v 3.369137 27.266201 2.265242
v 3.369137 27.862392 1.999991
v 3.380311 24.847252 2.446574
v 3.576905 24.587027 2.563313
v 3.300478 24.788963 2.563128
v 3.607972 24.680931 2.446730
v 3.380311 24.847099 2.294497
v 4.024598 24.587029 2.563312
v 3.607972 24.680809 2.294652
v 3.993531 24.680931 2.446729
v 4.301027 24.788963 2.563128
v 3.993531 24.680809 2.294653
v 4.221193 24.847252 2.446577
v 4.221192 24.847130 2.294499
v 3.028077 24.589560 2.370771
v 3.487550 24.316032 2.228120
v 3.070558 24.620506 2.227838
v 3.471071 24.266165 2.371072
v 3.070558 24.620749 2.513649
v 3.487550 24.316305 2.513932
v 4.113954 24.316032 2.228122
v 4.113954 24.316307 2.513933
v 4.130494 24.266167 2.371074
v 4.530946 24.620506 2.227840
v 4.573426 24.589561 2.370776
v 4.530946 24.620750 2.513653
v 3.028077 24.589560 2.370771
v 2.908875 25.107933 2.513199
v 3.070558 24.620749 2.513649
v 2.856812 25.103630 2.370294
v 3.070558 24.620506 2.227838
v 2.908875 26.321648 2.512223
v 2.908875 25.107658 2.227386
v 2.856812 26.325706 2.369313
v 3.070558 26.808828 2.511772
v 2.908875 26.321371 2.226410
v 3.028077 26.839773 2.368839
v 3.070558 26.808554 2.225960
v 3.380311 24.847252 2.446574
v 3.288087 25.138176 2.294226
v 3.380311 24.847099 2.294497
v 3.288087 25.138298 2.446307
v 3.300478 24.788963 2.563128
v 3.288087 26.291008 2.293307
v 3.190308 25.130577 2.562810
v 3.288087 26.291161 2.445383
v 3.380311 26.582054 2.293039
v 3.190309 26.299095 2.561877
v 3.380311 26.582207 2.445117
v 3.300478 26.640709 2.561560
v 3.028077 26.839773 2.368839
v 3.487550 27.113274 2.511495
v 3.070558 26.808828 2.511772
v 3.471071 27.163170 2.368541
v 3.070558 26.808554 2.225960
v 3.487550 27.112999 2.225680
v 4.130494 27.163170 2.368544
v 4.113954 27.113274 2.511497
v 4.530946 26.808830 2.511779
v 4.113954 27.112999 2.225683
v 4.573426 26.839745 2.368844
v 4.530946 26.808556 2.225965
v 3.380311 26.582207 2.445117
v 3.607973 26.748375 2.292886
v 3.380311 26.582054 2.293039
v 3.607973 26.748528 2.444967
v 3.300478 26.640709 2.561560
v 3.576906 26.842644 2.561375
v 3.993532 26.748528 2.444967
v 3.993532 26.748375 2.292886
v 4.221192 26.582054 2.293042
v 4.024598 26.842644 2.561376
v 4.221192 26.582207 2.445119
v 4.301026 26.640709 2.561564
v 4.573426 26.839745 2.368844
v 4.692689 26.321648 2.512229
v 4.530946 26.808830 2.511779
v 4.744691 26.325706 2.369319
v 4.530946 26.808556 2.225965
v 4.692689 25.107933 2.513205
v 4.692689 26.321373 2.226418
v 4.744691 25.103630 2.370303
v 4.530946 24.620750 2.513653
v 4.692689 25.107658 2.227393
v 4.573426 24.589561 2.370776
v 4.530946 24.620506 2.227840
v 4.221192 26.582207 2.445119
v 4.313417 26.291008 2.293311
v 4.221192 26.582054 2.293042
v 4.313417 26.291161 2.445388
v 4.301026 26.640709 2.561564
v 4.313417 25.138176 2.294229
v 4.411195 26.299095 2.561880
v 4.313417 25.138298 2.446308
v 4.221192 24.847130 2.294499
v 4.411195 25.130577 2.562812
v 4.221193 24.847252 2.446577
v 4.301027 24.788963 2.563128
v 3.380311 24.847099 2.294497
v 3.993531 24.680809 2.294653
v 3.607972 24.680809 2.294652
v 4.221192 24.847130 2.294499
v 3.288087 25.138176 2.294226
v 4.313417 25.138176 2.294229
v 3.288087 26.291008 2.293307
v 4.313417 26.291008 2.293311
v 3.380311 26.582054 2.293039
v 4.221192 26.582054 2.293042
v 3.607973 26.748375 2.292886
v 3.993532 26.748375 2.292886
v 4.072145 24.442619 2.151967
v 3.178163 24.699120 2.151726
v 3.529359 24.442619 2.151964
v 4.423341 24.699120 2.151730
v 4.560975 25.118156 2.151345
v 3.040589 25.118156 2.151337
v 4.560976 26.310753 2.150389
v 3.040589 26.310753 2.150380
v 4.423341 26.729820 2.150002
v 3.178163 26.729820 2.149997
v 4.072145 26.986290 2.149762
v 3.529359 26.986290 2.149761
v 4.667711 26.347641 1.987088
v 4.667710 26.509432 2.150002
v 4.667710 26.509432 1.987086
v 4.667711 26.347641 2.150002
v 4.211896 26.509453 2.150003
v 4.667710 26.509432 1.987086
v 4.667710 26.509432 2.150002
v 4.211896 26.509453 1.987087
v 4.211896 26.509453 1.987087
v 4.667711 26.347641 1.987088
v 4.667710 26.509432 1.987086
v 4.211896 26.347641 1.987088
v 4.211896 26.347641 1.987088
v 4.667711 26.347641 2.150002
v 4.667711 26.347641 1.987088
v 4.211896 26.347641 2.150003
v 4.211896 26.347641 2.150003
v 4.667710 26.509432 2.150002
v 4.667711 26.347641 2.150002
v 4.211896 26.509453 2.150003
v 4.667710 24.919907 1.987088
v 4.667710 25.081697 2.150003
v 4.667710 25.081697 1.987086
v 4.667710 24.919909 2.150002
v 4.211896 25.081718 2.150003
v 4.667710 25.081697 1.987086
v 4.667710 25.081697 2.150003
v 4.211896 25.081718 1.987087
v 4.211896 25.081718 1.987087
v 4.667710 24.919907 1.987088
v 4.667710 25.081697 1.987086
v 4.211896 24.919907 1.987088
v 4.211896 24.919907 1.987088
v 4.667710 24.919909 2.150002
v 4.667710 24.919907 1.987088
v 4.211896 24.919907 2.150003
v 4.211896 24.919907 2.150003
v 4.667710 25.081697 2.150003
v 4.667710 24.919909 2.150002
v 4.211896 25.081718 2.150003
v 4.232576 26.009254 -0.000045
v 4.233564 25.353951 0.670077
v 4.233564 26.009254 0.670077
v 4.232576 25.353951 -0.000045
v 3.922231 25.353951 0.000016
v 4.233564 25.353951 0.670077
v 4.232576 25.353951 -0.000045
v 3.923219 25.353952 0.929913
v 3.923219 25.353952 0.929913
v 4.233564 26.009254 0.670077
v 4.233564 25.353951 0.670077
v 3.923219 26.009254 0.929912
v 3.923219 26.009254 0.929912
v 4.232576 26.009254 -0.000045
v 4.233564 26.009254 0.670077
v 3.922231 26.009254 0.000015
v 4.234193 27.214521 1.298577
v 4.234193 27.668997 -0.000017
v 4.234193 27.214521 -0.000017
v 4.234193 27.668997 1.298582
v 4.199640 27.668997 1.475564
v 4.199640 27.214521 1.475560
v 4.095986 27.668997 1.581755
v 4.095986 27.214521 1.581749
v 3.923215 27.214521 -0.000016
v 4.234193 27.214521 1.298577
v 4.234193 27.214521 -0.000017
v 3.923216 27.214521 1.617146
v 4.199640 27.214521 1.475560
v 4.095986 27.214521 1.581749
v 4.199640 27.668997 1.475564
v 4.234193 27.668997 -0.000017
v 4.234193 27.668997 1.298582
v 4.095986 27.668997 1.581755
v 3.923216 27.668997 1.617150
v 3.923215 27.668997 -0.000017
v 3.923216 27.668997 1.617150
v 4.095986 27.214521 1.581749
v 3.923216 27.214521 1.617146
v 4.095986 27.668997 1.581755
v 4.643438 26.357609 2.015147
v 4.486073 26.499453 2.057313
v 4.643437 26.499453 2.015147
v 4.486074 26.357609 2.057313
v 3.934804 26.499470 -0.000039
v 4.643437 26.499453 2.015147
v 4.486073 26.499453 2.057313
v 4.103467 26.499470 -0.000047
v 4.103467 26.499470 -0.000047
v 4.643438 26.357609 2.015147
v 4.643437 26.499453 2.015147
v 4.103464 26.357607 -0.000049
v 4.103464 26.357607 -0.000049
v 4.486074 26.357609 2.057313
v 4.643438 26.357609 2.015147
v 3.934804 26.357607 -0.000039
v 3.934804 26.357607 -0.000039
v 4.486073 26.499453 2.057313
v 4.486074 26.357609 2.057313
v 3.934804 26.499470 -0.000039
v 4.643437 24.929874 2.015147
v 4.486073 25.071718 2.057314
v 4.643437 25.071718 2.015147
v 4.486073 24.929874 2.057314
v 3.934804 25.071735 -0.000039
v 4.643437 25.071718 2.015147
v 4.486073 25.071718 2.057314
v 4.103464 25.071735 -0.000049
v 4.103464 25.071735 -0.000049
v 4.643437 24.929874 2.015147
v 4.643437 25.071718 2.015147
v 4.103464 24.929874 -0.000049
v 4.103464 24.929874 -0.000049
v 4.486073 24.929874 2.057314
v 4.643437 24.929874 2.015147
v 3.934804 24.929873 -0.000039
v 3.934804 24.929873 -0.000039
v 4.486073 25.071718 2.057314
v 4.486073 24.929874 2.057314
v 3.934804 25.071735 -0.000039
v 1.653157 24.099079 2.675288
v 1.653158 23.068264 1.999990
v 1.653157 23.068264 2.675287
v 1.653158 24.099079 1.999989
v 1.653158 24.099079 1.999989
v 0.951783 24.099079 2.675287
v 0.951782 24.099079 1.999990
v 1.653157 24.099079 2.675288
v 1.653157 24.099079 2.675288
v 0.951782 23.068264 2.675285
v 0.951783 24.099079 2.675287
v 1.653157 23.068264 2.675287
v 1.653157 23.068264 2.675287
v 0.951783 23.068264 1.999990
v 0.951782 23.068264 2.675285
v 1.653158 23.068264 1.999990
v 0.951783 23.068264 1.999990
v 0.951783 24.099079 2.675287
v 0.951782 23.068264 2.675285
v 0.951782 24.099079 1.999990
v -3.433618 10.562838 3.764423
v -3.332855 10.319567 4.440161
v -3.332855 10.319563 3.764424
v -3.433619 10.562841 4.440159
v -3.332855 10.806112 3.764424
v -3.332855 10.806118 4.440161
v -3.089582 10.218821 4.440161
v -3.332855 10.319563 3.764424
v -3.332855 10.319567 4.440161
v -3.089584 10.218817 3.764424
v -2.846316 10.319567 4.440161
v -2.846316 10.319563 3.764423
v -2.745551 10.562841 4.440159
v -2.846316 10.319563 3.764423
v -2.846316 10.319567 4.440161
v -2.745552 10.562838 3.764423
v -2.846316 10.806118 4.440161
v -2.846317 10.806112 3.764424
v -3.089582 10.906866 4.440162
v -2.846317 10.806112 3.764424
v -2.846316 10.806118 4.440161
v -3.089585 10.906881 3.764424
v -3.332855 10.806118 4.440161
v -3.332855 10.806112 3.764424
v -3.609311 10.562841 4.387686
v -3.457087 10.195331 4.660779
v -3.457088 10.195330 4.387686
v -3.609310 10.562842 4.660779
v -3.457088 10.930338 4.387686
v -3.457088 10.930339 4.660779
v -3.089583 10.043120 4.660779
v -3.457088 10.195330 4.387686
v -3.457087 10.195331 4.660779
v -3.089583 10.043119 4.387686
v -2.722082 10.195330 4.660779
v -2.722082 10.195330 4.387686
v -2.569857 10.562841 4.660779
v -2.722082 10.195330 4.387686
v -2.722082 10.195330 4.660779
v -2.569858 10.562841 4.387686
v -2.722082 10.930338 4.660780
v -2.722082 10.930338 4.387687
v -3.089583 11.082566 4.660781
v -2.722082 10.930338 4.387687
v -2.722082 10.930338 4.660780
v -3.089583 11.082565 4.387687
v -3.457088 10.930339 4.660779
v -3.457088 10.930338 4.387686
v -3.457088 10.930338 4.387686
v -2.722082 10.930338 4.387687
v -3.089583 11.082565 4.387687
v -3.457088 10.195330 4.387686
v -3.609311 10.562841 4.387686
v -2.722082 10.195330 4.387686
v -2.569858 10.562841 4.387686
v -3.089583 10.043119 4.387686
v -4.234192 2.583796 0.000008
v -4.234192 2.129321 3.351634
v -4.234192 2.129321 0.000009
v -4.234193 2.583797 3.351639
v -4.199638 2.583797 3.528621
v -4.199637 2.129321 3.528617
v -4.095984 2.583797 3.634812
v -4.095984 2.129321 3.634807
v -3.923214 2.129321 3.670203
v -4.199637 2.129321 3.528617
v -4.095984 2.129321 3.634807
v -4.234192 2.129321 3.351634
v -3.923215 2.129321 0.000010
v -4.234192 2.129321 0.000009
v -3.923214 2.583797 3.670208
v -4.234192 2.583796 0.000008
v -3.923215 2.583796 0.000009
v -4.095984 2.583797 3.634812
v -4.199638 2.583797 3.528621
v -4.234193 2.583797 3.351639
v -3.923214 2.583797 3.670208
v -4.095984 2.129321 3.634807
v -4.095984 2.583797 3.634812
v -3.923214 2.129321 3.670203
v -3.583346 18.050468 4.320335
v -3.583346 17.539562 4.053048
v -3.583346 18.050468 4.053048
v -3.583346 17.539560 4.320335
v -3.583346 18.050468 4.053048
v -3.036604 18.050468 4.320333
v -3.583346 18.050468 4.320335
v -3.036604 18.050468 4.053047
v -3.583346 18.050468 4.320335
v -3.036604 17.539560 4.320332
v -3.583346 17.539560 4.320335
v -3.036604 18.050468 4.320333
v -3.583346 17.539560 4.320335
v -3.036604 17.539562 4.053049
v -3.583346 17.539562 4.053048
v -3.036604 17.539560 4.320332
v -3.036604 17.539562 4.053049
v -3.036604 18.050468 4.320333
v -3.036604 18.050468 4.053047
v -3.036604 17.539560 4.320332
v 3.332855 10.319567 4.440162
v 3.433619 10.562838 3.764423
v 3.332855 10.319563 3.764424
v 3.433619 10.562841 4.440159
v 3.332856 10.806112 3.764423
v 3.332856 10.806118 4.440161
v 3.332855 10.319563 3.764424
v 3.089583 10.218821 4.440162
v 3.332855 10.319567 4.440162
v 3.089585 10.218817 3.764424
v 2.846316 10.319567 4.440161
v 2.846317 10.319563 3.764423
v 2.846317 10.319563 3.764423
v 2.745552 10.562841 4.440159
v 2.846316 10.319567 4.440161
v 2.745553 10.562838 3.764423
v 2.846316 10.806118 4.440161
v 2.846318 10.806112 3.764424
v 2.846318 10.806112 3.764424
v 3.089583 10.906866 4.440162
v 2.846316 10.806118 4.440161
v 3.089586 10.906881 3.764423
v 3.332856 10.806118 4.440161
v 3.332856 10.806112 3.764423
v 3.457087 10.195330 4.660780
v 3.609311 10.562841 4.387687
v 3.457088 10.195330 4.387687
v 3.609311 10.562841 4.660780
v 3.457088 10.930338 4.387685
v 3.457088 10.930338 4.660779
v 3.457088 10.195330 4.387687
v 3.089583 10.043119 4.660780
v 3.457087 10.195330 4.660780
v 3.089583 10.043119 4.387687
v 2.722082 10.195331 4.660779
v 2.722082 10.195330 4.387686
v 2.722082 10.195330 4.387686
v 2.569857 10.562842 4.660779
v 2.722082 10.195331 4.660779
v 2.569858 10.562841 4.387686
v 2.722082 10.930339 4.660779
v 2.722082 10.930338 4.387686
v 2.722082 10.930338 4.387686
v 3.089583 11.082565 4.660780
v 2.722082 10.930339 4.660779
v 3.089584 11.082565 4.387686
v 3.457088 10.930338 4.660779
v 3.457088 10.930338 4.387685
v 3.457088 10.195330 4.387687
v 2.722082 10.195330 4.387686
v 3.089583 10.043119 4.387687
v 2.722082 10.930338 4.387686
v 2.569858 10.562841 4.387686
v 3.457088 10.930338 4.387685
v 3.609311 10.562841 4.387687
v 3.089584 11.082565 4.387686
v 4.234193 2.129321 3.351634
v 4.234192 2.583796 0.000008
v 4.234192 2.129321 0.000009
v 4.234192 2.583796 3.351638
v 4.199640 2.583796 3.528621
v 4.199640 2.129321 3.528616
v 4.095987 2.583796 3.634811
v 4.095987 2.129321 3.634806
v 3.923214 2.129321 0.000010
v 4.234193 2.129321 3.351634
v 4.234192 2.129321 0.000009
v 3.923215 2.129321 3.670202
v 4.199640 2.129321 3.528616
v 4.095987 2.129321 3.634806
v 4.199640 2.583796 3.528621
v 4.234192 2.583796 0.000008
v 4.234192 2.583796 3.351638
v 4.095987 2.583796 3.634811
v 3.923215 2.583796 3.670207
v 3.923214 2.583796 0.000009
v 3.923215 2.583796 3.670207
v 4.095987 2.129321 3.634806
v 3.923215 2.129321 3.670202
v 4.095987 2.583796 3.634811
v 3.583347 18.050468 4.320335
v 3.583348 17.539562 4.053048
v 3.583347 17.539560 4.320334
v 3.583348 18.050468 4.053048
v 3.583348 18.050468 4.053048
v 3.036606 18.050468 4.320334
v 3.036606 18.050468 4.053048
v 3.583347 18.050468 4.320335
v 3.583347 18.050468 4.320335
v 3.036605 17.539560 4.320333
v 3.036606 18.050468 4.320334
v 3.583347 17.539560 4.320334
v 3.583347 17.539560 4.320334
v 3.036606 17.539562 4.053049
v 3.036605 17.539560 4.320333
v 3.583348 17.539562 4.053048
v 3.036606 17.539562 4.053049
v 3.036606 18.050468 4.320334
v 3.036605 17.539560 4.320333
v 3.036606 18.050468 4.053048
v -1.653148 13.040580 4.675296
v -1.653148 12.009763 4.000000
v -1.653148 13.040578 3.999998
v -1.653149 12.009763 4.675298
v -1.653148 13.040578 3.999998
v -0.951774 13.040580 4.675294
v -1.653148 13.040580 4.675296
v -0.951773 13.040578 3.999997
v -1.653148 13.040580 4.675296
v -0.951774 12.009763 4.675295
v -1.653149 12.009763 4.675298
v -0.951774 13.040580 4.675294
v -1.653149 12.009763 4.675298
v -0.951773 12.009763 4.000001
v -1.653148 12.009763 4.000000
v -0.951774 12.009763 4.675295
v -0.951773 12.009763 4.000001
v -0.951774 13.040580 4.675294
v -0.951773 13.040578 3.999997
v -0.951774 12.009763 4.675295
v 1.653141 13.040578 4.675296
v 1.653141 12.009763 3.999999
v 1.653141 12.009763 4.675296
v 1.653141 13.040578 3.999998
v 1.653141 13.040578 3.999998
v 0.951766 13.040578 4.675295
v 0.951766 13.040578 3.999998
v 1.653141 13.040578 4.675296
v 1.653141 13.040578 4.675296
v 0.951766 12.009763 4.675294
v 0.951766 13.040578 4.675295
v 1.653141 12.009763 4.675296
v 1.653141 12.009763 4.675296
v 0.951766 12.009763 3.999999
v 0.951766 12.009763 4.675294
v 1.653141 12.009763 3.999999
v 0.951766 12.009763 3.999999
v 0.951766 13.040578 4.675295
v 0.951766 12.009763 4.675294
v 0.951766 13.040578 3.999998
v 4.075423 23.455603 1.807450
v 4.076411 22.638634 0.096243
v 4.075423 22.638632 1.807450
v 4.076411 23.455605 0.096242
v -3.907425 16.686230 3.999991
v -4.083383 16.686226 0.000010
v -3.907424 16.686226 0.000010
v -4.083385 16.686230 3.999988
v -4.083385 16.686230 3.999988
v -4.083385 16.628010 0.000010
v -4.083383 16.686226 0.000010
v -4.083385 16.628017 3.999988
v -4.083385 16.628017 3.999988
v -3.907424 16.628010 0.000010
v -4.083385 16.628010 0.000010
v -3.907425 16.628017 3.999991
v -3.907425 16.628017 3.999991
v -4.083385 16.686230 3.999988
v -3.907425 16.686230 3.999991
v -4.083385 16.628017 3.999988
v -3.907422 17.279854 3.999991
v -4.083382 17.279854 0.000009
v -3.907422 17.279854 0.000009
v -4.083383 17.279854 3.999986
v -4.083383 17.279854 3.999986
v -4.083382 17.221636 0.000009
v -4.083382 17.279854 0.000009
v -4.083383 17.221638 3.999988
v -4.083383 17.221638 3.999988
v -3.907421 17.221636 0.000009
v -4.083382 17.221636 0.000009
v -3.907424 17.221638 3.999991
v -3.907424 17.221638 3.999991
v -4.083383 17.279854 3.999986
v -3.907422 17.279854 3.999991
v -4.083383 17.221638 3.999988
v 3.907427 16.686230 3.999991
v 4.083385 16.686226 0.000010
v 4.083387 16.686230 3.999988
v 3.907426 16.686226 0.000010
v 4.083387 16.686230 3.999988
v 4.083386 16.628010 0.000010
v 4.083388 16.628017 3.999988
v 4.083385 16.686226 0.000010
v 4.083388 16.628017 3.999988
v 3.907426 16.628010 0.000010
v 3.907427 16.628017 3.999991
v 4.083386 16.628010 0.000010
v 3.907427 16.628017 3.999991
v 4.083387 16.686230 3.999988
v 4.083388 16.628017 3.999988
v 3.907427 16.686230 3.999991
v 3.907424 17.279854 3.999990
v 4.083384 17.279854 0.000009
v 4.083385 17.279854 3.999986
v 3.907424 17.279854 0.000009
v 4.083385 17.279854 3.999986
v 4.083384 17.221636 0.000009
v 4.083385 17.221638 3.999988
v 4.083384 17.279854 0.000009
v 4.083385 17.221638 3.999988
v 3.907422 17.221636 0.000009
v 3.907426 17.221638 3.999990
v 4.083384 17.221636 0.000009
v 3.907426 17.221638 3.999990
v 4.083385 17.279854 3.999986
v 4.083385 17.221638 3.999988
v 3.907424 17.279854 3.999990
v -3.583346 16.335413 4.320335
v -3.583346 15.824506 4.053048
v -3.583346 16.335413 4.053047
v -3.583346 15.824505 4.320334
v -3.583346 16.335413 4.053047
v -3.036604 16.335413 4.320333
v -3.583346 16.335413 4.320335
v -3.036604 16.335413 4.053047
v -3.583346 16.335413 4.320335
v -3.036604 15.824505 4.320332
v -3.583346 15.824505 4.320334
v -3.036604 16.335413 4.320333
v -3.583346 15.824505 4.320334
v -3.036604 15.824506 4.053049
v -3.583346 15.824506 4.053048
v -3.036604 15.824505 4.320332
v -3.036604 15.824506 4.053049
v -3.036604 16.335413 4.320333
v -3.036604 16.335413 4.053047
v -3.036604 15.824505 4.320332
v 3.583347 16.335413 4.320336
v 3.583348 15.824506 4.053048
v 3.583347 15.824505 4.320334
v 3.583348 16.335413 4.053048
v 3.583348 16.335413 4.053048
v 3.036606 16.335411 4.320334
v 3.036606 16.335413 4.053048
v 3.583347 16.335413 4.320336
v 3.583347 16.335413 4.320336
v 3.036605 15.824505 4.320333
v 3.036606 16.335411 4.320334
v 3.583347 15.824505 4.320334
v 3.583347 15.824505 4.320334
v 3.036606 15.824506 4.053049
v 3.036605 15.824505 4.320333
v 3.583348 15.824506 4.053048
v 3.036606 15.824506 4.053049
v 3.036606 16.335411 4.320334
v 3.036605 15.824505 4.320333
v 3.036606 16.335413 4.053048
v -0.000003 6.457889 1.847584
v -6.465418 6.457890 1.593694
v -6.656188 6.457890 1.847585
v -0.000003 6.457889 1.593694
v -0.000003 8.286264 1.847589
v -6.465418 8.286264 1.593699
v -0.000003 8.286264 1.593700
v -6.656188 8.286264 1.847587
v -0.000003 8.039107 1.847589
v -6.465418 8.039141 1.593699
v -6.656188 8.039108 1.847589
v -0.000003 8.039107 1.593698
v -0.000003 6.705012 1.593698
v -6.465418 6.457890 1.593694
v -0.000003 6.457889 1.593694
v -6.465418 6.705013 1.593699
v -0.000003 8.286264 1.593700
v -6.465418 8.039141 1.593699
v -0.000003 8.039107 1.593698
v -6.465418 8.286264 1.593699
v -6.357738 8.214170 1.593702
v -6.048783 8.214170 -0.000004
v -6.048779 8.214171 1.593702
v -6.357742 8.214170 -0.000002
v -6.357738 8.035167 1.593701
v -6.357742 8.214170 -0.000002
v -6.357738 8.214170 1.593702
v -6.357742 8.035167 -0.000003
v -6.048779 8.035167 1.593701
v -6.357742 8.035167 -0.000003
v -6.357738 8.035167 1.593701
v -6.048783 8.035167 -0.000004
v -6.357738 6.705013 1.593697
v -6.048783 6.705013 -0.000005
v -6.048779 6.705014 1.593697
v -6.357742 6.705013 -0.000002
v -6.357738 6.533927 1.593697
v -6.357742 6.705013 -0.000002
v -6.357738 6.705013 1.593697
v -6.357742 6.533927 -0.000003
v -6.048779 6.533927 1.593697
v -6.357742 6.533927 -0.000003
v -6.357738 6.533927 1.593697
v -6.048783 6.533927 -0.000004
v -6.319663 8.035167 1.593701
v -6.181578 6.541183 -0.000004
v -6.319663 6.541183 -0.000003
v -6.181578 8.035167 1.593701
v -6.319663 8.199280 1.593699
v -6.319663 6.541183 -0.000003
v -6.319663 6.705013 -0.000001
v -6.319663 8.035167 1.593701
v -6.181578 8.199280 1.593699
v -6.319663 6.705013 -0.000001
v -6.181578 6.705013 -0.000002
v -6.319663 8.199280 1.593699
v -6.229048 6.705013 1.593701
v -6.087449 8.199280 -0.000005
v -6.087444 6.705014 1.593701
v -6.229052 8.199280 -0.000004
v -6.229048 6.541183 1.593699
v -6.229052 8.199280 -0.000004
v -6.229048 6.705013 1.593701
v -6.229052 8.035167 -0.000002
v -6.087444 6.541183 1.593699
v -6.229052 8.035167 -0.000002
v -6.229048 6.541183 1.593699
v -6.087449 8.035167 -0.000003
v -6.465418 6.705013 1.593699
v -0.000003 6.705012 1.847587
v -6.656188 6.705013 1.847587
v -0.000003 6.705012 1.593698
v -6.656188 6.457890 1.847585
v -6.465418 6.705013 1.593699
v -6.656188 6.705013 1.847587
v -6.465418 6.457890 1.593694
v -6.656188 8.039108 1.847589
v -6.465418 8.286264 1.593699
v -6.656188 8.286264 1.847587
v -6.465418 8.039141 1.593699
v -0.000004 2.510012 1.847584
v -6.465418 2.510013 1.593694
v -6.656189 2.510014 1.847585
v -0.000004 2.510012 1.593694
v -0.000003 4.338388 1.847589
v -6.465418 4.338389 1.593699
v -0.000003 4.338388 1.593700
v -6.656188 4.338389 1.847587
v -0.000004 4.091231 1.847589
v -6.465418 4.091266 1.593699
v -6.656188 4.091232 1.847589
v -0.000004 4.091231 1.593698
v -0.000004 2.757136 1.593698
v -6.465418 2.510013 1.593694
v -0.000004 2.510012 1.593694
v -6.465418 2.757137 1.593699
v -0.000003 4.338388 1.593700
v -6.465418 4.091266 1.593699
v -0.000004 4.091231 1.593698
v -6.465418 4.338389 1.593699
v -6.357738 4.266295 1.593702
v -6.048783 4.266295 -0.000004
v -6.048779 4.266296 1.593702
v -6.357743 4.266295 -0.000002
v -6.357738 4.087291 1.593701
v -6.357743 4.266295 -0.000002
v -6.357738 4.266295 1.593702
v -6.357743 4.087291 -0.000003
v -6.048779 4.087291 1.593701
v -6.357743 4.087291 -0.000003
v -6.357738 4.087291 1.593701
v -6.048783 4.087291 -0.000004
v -6.357739 2.757137 1.593696
v -6.048783 2.757137 -0.000005
v -6.048779 2.757137 1.593696
v -6.357743 2.757137 -0.000003
v -6.357739 2.586051 1.593696
v -6.357743 2.757137 -0.000003
v -6.357739 2.757137 1.593696
v -6.357743 2.586051 -0.000003
v -6.048779 2.586051 1.593696
v -6.357743 2.586051 -0.000003
v -6.357739 2.586051 1.593696
v -6.048783 2.586051 -0.000004
v -6.319663 4.087291 1.593701
v -6.181579 2.593306 -0.000004
v -6.319664 2.593306 -0.000003
v -6.181578 4.087291 1.593701
v -6.319663 4.251404 1.593699
v -6.319664 2.593306 -0.000003
v -6.319664 2.757137 -0.000002
v -6.319663 4.087291 1.593701
v -6.181578 4.251404 1.593699
v -6.319664 2.757137 -0.000002
v -6.181579 2.757137 -0.000003
v -6.319663 4.251404 1.593699
v -6.229048 2.757137 1.593701
v -6.087449 4.251404 -0.000005
v -6.087444 2.757137 1.593701
v -6.229053 4.251404 -0.000004
v -6.229048 2.593306 1.593699
v -6.229053 4.251404 -0.000004
v -6.229048 2.757137 1.593701
v -6.229053 4.087291 -0.000002
v -6.087444 2.593307 1.593699
v -6.229053 4.087291 -0.000002
v -6.229048 2.593306 1.593699
v -6.087449 4.087291 -0.000003
v -6.465418 2.757137 1.593699
v -0.000004 2.757136 1.847587
v -6.656189 2.757137 1.847587
v -0.000004 2.757136 1.593698
v -6.656189 2.510014 1.847585
v -6.465418 2.757137 1.593699
v -6.656189 2.757137 1.847587
v -6.465418 2.510013 1.593694
v -6.656188 4.091232 1.847589
v -6.465418 4.338389 1.593699
v -6.656188 4.338389 1.847587
v -6.465418 4.091266 1.593699
v -0.000003 6.457889 1.847584
v 6.465411 6.457889 1.593694
v -0.000003 6.457889 1.593694
v 6.656182 6.457889 1.847584
v -0.000003 8.286264 1.847589
v 6.465411 8.286264 1.593698
v 6.656182 8.286264 1.847587
v -0.000003 8.286264 1.593700
v -0.000003 8.039107 1.847589
v 6.465411 8.039141 1.593698
v -0.000003 8.039107 1.593698
v 6.656182 8.039108 1.847589
v -0.000003 6.705012 1.593698
v 6.465411 6.457889 1.593694
v 6.465411 6.705012 1.593698
v -0.000003 6.457889 1.593694
v -0.000003 8.286264 1.593700
v 6.465411 8.039141 1.593698
v 6.465411 8.286264 1.593698
v -0.000003 8.039107 1.593698
v 6.357732 8.214170 1.593701
v 6.048776 8.214170 -0.000004
v 6.357736 8.214170 -0.000002
v 6.048772 8.214171 1.593701
v 6.357732 8.035167 1.593700
v 6.357736 8.214170 -0.000002
v 6.357736 8.035167 -0.000003
v 6.357732 8.214170 1.593701
v 6.048772 8.035167 1.593700
v 6.357736 8.035167 -0.000003
v 6.048776 8.035167 -0.000004
v 6.357732 8.035167 1.593700
v 6.357732 6.705012 1.593696
v 6.048776 6.705012 -0.000005
v 6.357736 6.705012 -0.000003
v 6.048772 6.705013 1.593696
v 6.357732 6.533926 1.593696
v 6.357736 6.705012 -0.000003
v 6.357736 6.533926 -0.000003
v 6.357732 6.705012 1.593696
v 6.048772 6.533926 1.593696
v 6.357736 6.533926 -0.000003
v 6.048776 6.533926 -0.000005
v 6.357732 6.533926 1.593696
v 6.319656 8.035167 1.593700
v 6.181571 6.541182 -0.000005
v 6.181571 8.035167 1.593700
v 6.319656 6.541182 -0.000003
v 6.319656 8.199280 1.593698
v 6.319656 6.541182 -0.000003
v 6.319656 8.035167 1.593700
v 6.319656 6.705012 -0.000002
v 6.181571 8.199280 1.593698
v 6.319656 6.705012 -0.000002
v 6.319656 8.199280 1.593698
v 6.181571 6.705012 -0.000003
v 6.229041 6.705012 1.593700
v 6.087442 8.199280 -0.000005
v 6.229045 8.199280 -0.000004
v 6.087437 6.705013 1.593700
v 6.229041 6.541182 1.593698
v 6.229045 8.199280 -0.000004
v 6.229045 8.035167 -0.000002
v 6.229041 6.705012 1.593700
v 6.087437 6.541182 1.593698
v 6.229045 8.035167 -0.000002
v 6.087442 8.035167 -0.000003
v 6.229041 6.541182 1.593698
v 6.465411 6.705012 1.593698
v -0.000003 6.705012 1.847587
v -0.000003 6.705012 1.593698
v 6.656182 6.705012 1.847587
v 6.656182 6.457889 1.847584
v 6.465411 6.705012 1.593698
v 6.465411 6.457889 1.593694
v 6.656182 6.705012 1.847587
v 6.656182 8.039108 1.847589
v 6.465411 8.286264 1.593698
v 6.465411 8.039141 1.593698
v 6.656182 8.286264 1.847587
v -0.000004 2.510012 1.847584
v 6.465411 2.510013 1.593694
v -0.000004 2.510012 1.593694
v 6.656181 2.510013 1.847584
v -0.000004 4.338388 1.847589
v 6.465411 4.338388 1.593698
v 6.656182 4.338388 1.847587
v -0.000004 4.338388 1.593700
v -0.000004 4.091231 1.847589
v 6.465411 4.091265 1.593698
v -0.000004 4.091231 1.593698
v 6.656182 4.091231 1.847589
v -0.000004 2.757136 1.593698
v 6.465411 2.510013 1.593694
v 6.465411 2.757136 1.593698
v -0.000004 2.510012 1.593694
v -0.000004 4.338388 1.593700
v 6.465411 4.091265 1.593698
v 6.465411 4.338388 1.593698
v -0.000004 4.091231 1.593698
v 6.357732 4.266294 1.593701
v 6.048776 4.266294 -0.000004
v 6.357735 4.266294 -0.000002
v 6.048772 4.266295 1.593701
v 6.357732 4.087290 1.593700
v 6.357735 4.266294 -0.000002
v 6.357735 4.087290 -0.000003
v 6.357732 4.266294 1.593701
v 6.048772 4.087290 1.593700
v 6.357735 4.087290 -0.000003
v 6.048776 4.087290 -0.000004
v 6.357732 4.087290 1.593700
v 6.357731 2.757136 1.593696
v 6.048776 2.757137 -0.000005
v 6.357735 2.757137 -0.000003
v 6.048772 2.757137 1.593696
v 6.357731 2.586050 1.593696
v 6.357735 2.757137 -0.000003
v 6.357735 2.586050 -0.000004
v 6.357731 2.757136 1.593696
v 6.048772 2.586051 1.593696
v 6.357735 2.586050 -0.000004
v 6.048776 2.586050 -0.000005
v 6.357731 2.586050 1.593696
v 6.319656 4.087290 1.593700
v 6.181571 2.593306 -0.000005
v 6.181571 4.087290 1.593700
v 6.319656 2.593306 -0.000004
v 6.319656 4.251403 1.593698
v 6.319656 2.593306 -0.000004
v 6.319656 4.087290 1.593700
v 6.319656 2.757137 -0.000002
v 6.181571 4.251403 1.593698
v 6.319656 2.757137 -0.000002
v 6.319656 4.251403 1.593698
v 6.181571 2.757137 -0.000003
v 6.229041 2.757136 1.593700
v 6.087441 4.251403 -0.000006
v 6.229045 4.251403 -0.000004
v 6.087437 2.757137 1.593700
v 6.229041 2.593306 1.593698
v 6.229045 4.251403 -0.000004
v 6.229045 4.087290 -0.000002
v 6.229041 2.757136 1.593700
v 6.087437 2.593306 1.593698
v 6.229045 4.087290 -0.000002
v 6.087441 4.087290 -0.000003
v 6.229041 2.593306 1.593698
v 6.465411 2.757136 1.593698
v -0.000004 2.757136 1.847587
v -0.000004 2.757136 1.593698
v 6.656181 2.757136 1.847587
v 6.656181 2.510013 1.847584
v 6.465411 2.757136 1.593698
v 6.465411 2.510013 1.593694
v 6.656181 2.757136 1.847587
v 6.656182 4.091231 1.847589
v 6.465411 4.338388 1.593698
v 6.465411 4.091265 1.593698
v 6.656182 4.338388 1.847587
v -5.036797 10.889980 3.472840
v -5.180805 10.835804 3.229493
v -5.203166 10.935246 3.386506
v -5.036797 10.765667 3.273988
v -5.166547 10.815174 3.059525
v -4.892788 10.835804 3.229493
v -4.870428 10.935246 3.386506
v -4.907048 10.815174 3.059525
v -5.036797 10.740292 3.059525
v -5.162888 10.817284 -0.000014
v -5.036798 10.744518 -0.000014
v -4.910707 10.817284 -0.000014
v -5.180838 10.976086 3.140473
v -5.036797 11.071053 3.127794
v -5.203166 11.025787 3.214128
v -5.036797 11.046227 3.095979
v -5.166804 10.965023 3.059525
v -4.892756 10.976086 3.140473
v -4.870428 11.025787 3.214128
v -5.036797 11.039993 3.059525
v -4.906790 10.965023 3.059525
v -4.910458 10.962906 -0.000014
v -5.036798 11.035767 -0.000014
v -5.163138 10.962910 -0.000014
v -5.036797 11.148262 3.633241
v -5.203166 10.935246 3.386506
v -5.231559 11.148262 3.511400
v -5.036797 10.889980 3.472840
v -4.870428 10.935246 3.386506
v -4.842034 11.148262 3.511400
v -5.231559 11.148262 3.511400
v -5.203166 11.025787 3.214128
v -5.231024 11.148262 3.269304
v -5.203166 10.935246 3.386506
v -5.180838 10.976086 3.140473
v -5.180805 10.835804 3.229493
v -5.166804 10.965023 3.059525
v -5.166547 10.815174 3.059525
v -5.162888 10.817284 -0.000014
v -5.163138 10.962910 -0.000014
v -5.203166 11.025787 3.214128
v -5.036797 11.148262 3.148652
v -5.231024 11.148262 3.269304
v -5.036797 11.071053 3.127794
v -4.870428 11.025787 3.214128
v -4.842570 11.148262 3.269304
v -4.842570 11.148262 3.269304
v -4.870428 10.935246 3.386506
v -4.842034 11.148262 3.511400
v -4.870428 11.025787 3.214128
v -4.892788 10.835804 3.229493
v -4.892756 10.976086 3.140473
v -4.907048 10.815174 3.059525
v -4.906790 10.965023 3.059525
v -4.910707 10.817284 -0.000014
v -4.910458 10.962906 -0.000014
v -5.108488 11.249371 -0.000014
v -5.061592 11.136150 0.980363
v -5.061592 11.136154 -0.000014
v -5.108487 11.249371 0.980363
v -5.061592 11.362587 -0.000014
v -5.061592 11.362587 0.980363
v -4.948375 11.089256 0.980363
v -5.061592 11.136154 -0.000014
v -5.061592 11.136150 0.980363
v -4.948375 11.089256 -0.000014
v -4.835159 11.136150 0.980363
v -4.835159 11.136154 -0.000014
v -4.788263 11.249371 0.980363
v -4.835159 11.136154 -0.000014
v -4.835159 11.136150 0.980363
v -4.788263 11.249371 -0.000014
v -4.835159 11.362587 0.980363
v -4.835159 11.362587 -0.000014
v -4.948375 11.409481 0.980363
v -4.835159 11.362587 -0.000014
v -4.835159 11.362587 0.980363
v -4.948375 11.409481 -0.000014
v -5.061592 11.362587 0.980363
v -5.061592 11.362587 -0.000014
v -5.061592 11.136150 0.980363
v -4.835159 11.136150 0.980363
v -4.948375 11.089256 0.980363
v -5.061592 11.362587 0.980363
v -5.108487 11.249371 0.980363
v -4.835159 11.362587 0.980363
v -4.788263 11.249371 0.980363
v -4.948375 11.409481 0.980363
v -5.121615 11.249371 1.045732
v -5.070874 11.126869 1.106080
v -5.070874 11.126869 1.045732
v -5.121615 11.249371 1.106080
v -5.070874 11.371868 1.045732
v -5.070874 11.371868 1.106080
v -4.948375 11.076130 1.106080
v -5.070874 11.126869 1.045732
v -5.070874 11.126869 1.106080
v -4.948375 11.076130 1.045732
v -4.825876 11.126869 1.106080
v -4.825876 11.126869 1.045732
v -4.775135 11.249371 1.106080
v -4.825876 11.126869 1.045732
v -4.825876 11.126869 1.106080
v -4.775135 11.249371 1.045732
v -4.825876 11.371868 1.106080
v -4.825876 11.371868 1.045732
v -4.948375 11.422607 1.106080
v -4.825876 11.371868 1.045732
v -4.825876 11.371868 1.106080
v -4.948375 11.422607 1.045732
v -5.070874 11.371868 1.106080
v -5.070874 11.371868 1.045732
v -5.070874 11.371868 1.045732
v -4.825876 11.371868 1.045732
v -4.948375 11.422607 1.045732
v -5.070874 11.126869 1.045732
v -5.121615 11.249371 1.045732
v -4.825876 11.126869 1.045732
v -4.775135 11.249371 1.045732
v -4.948375 11.076130 1.045732
v -4.709798 11.704331 -0.000014
v -4.651586 11.029331 1.854524
v -4.651586 11.704331 -0.000014
v -4.709798 11.029331 1.854524
v -4.709798 11.216587 1.854524
v -4.709798 11.704331 -0.000014
v -4.709798 11.891587 -0.000014
v -4.709798 11.029331 1.854524
v -4.651586 11.891587 -0.000014
v -4.709798 11.216587 1.854524
v -4.709798 11.891587 -0.000014
v -4.651586 11.216587 1.854524
v -4.651586 11.704331 -0.000014
v -4.651586 11.216587 1.854524
v -4.651586 11.891587 -0.000014
v -4.651586 11.029331 1.854524
v -4.057943 11.704331 -0.000014
v -4.116155 11.029331 1.854524
v -4.057943 11.029331 1.854523
v -4.116167 11.704331 -0.000014
v -4.116167 11.704331 -0.000014
v -4.116155 11.216587 1.854524
v -4.116155 11.029331 1.854524
v -4.116167 11.891587 -0.000014
v -4.057955 11.891587 -0.000014
v -4.116155 11.216587 1.854524
v -4.116167 11.891587 -0.000014
v -4.057943 11.216587 1.854523
v -4.057943 11.216587 1.854523
v -4.057943 11.704331 -0.000014
v -4.057943 11.029331 1.854523
v -4.057955 11.891587 -0.000014
v 5.180806 10.835804 3.229493
v 5.036798 10.889980 3.472840
v 5.203167 10.935246 3.386506
v 5.036798 10.765667 3.273987
v 5.166548 10.815174 3.059525
v 4.892789 10.835804 3.229493
v 4.870429 10.935246 3.386506
v 4.907049 10.815174 3.059525
v 5.036798 10.740292 3.059525
v 5.162889 10.817284 -0.000015
v 5.036798 10.744518 -0.000015
v 4.910708 10.817284 -0.000015
v 5.036798 11.071053 3.127793
v 5.180839 10.976086 3.140473
v 5.203167 11.025787 3.214127
v 5.036798 11.046227 3.095978
v 5.166805 10.965023 3.059525
v 4.892757 10.976086 3.140473
v 4.870429 11.025787 3.214127
v 5.036798 11.039993 3.059525
v 4.906791 10.965023 3.059525
v 4.910459 10.962906 -0.000015
v 5.036798 11.035767 -0.000015
v 5.163139 10.962910 -0.000015
v 5.203167 10.935246 3.386506
v 5.036798 11.148262 3.633240
v 5.231560 11.148262 3.511399
v 5.036798 10.889980 3.472840
v 4.870429 10.935246 3.386506
v 4.842035 11.148262 3.511399
v 5.203167 11.025787 3.214127
v 5.231560 11.148262 3.511399
v 5.231025 11.148262 3.269303
v 5.203167 10.935246 3.386506
v 5.180839 10.976086 3.140473
v 5.180806 10.835804 3.229493
v 5.166805 10.965023 3.059525
v 5.166548 10.815174 3.059525
v 5.162889 10.817284 -0.000015
v 5.163139 10.962910 -0.000015
v 5.036798 11.148262 3.148652
v 5.203167 11.025787 3.214127
v 5.231025 11.148262 3.269303
v 5.036798 11.071053 3.127793
v 4.870429 11.025787 3.214127
v 4.842571 11.148262 3.269303
v 4.870429 10.935246 3.386506
v 4.842571 11.148262 3.269303
v 4.842035 11.148262 3.511399
v 4.870429 11.025787 3.214127
v 4.892789 10.835804 3.229493
v 4.892757 10.976086 3.140473
v 4.907049 10.815174 3.059525
v 4.906791 10.965023 3.059525
v 4.910708 10.817284 -0.000015
v 4.910459 10.962906 -0.000015
v 5.061593 11.136150 0.980363
v 5.108489 11.249371 -0.000015
v 5.061593 11.136154 -0.000015
v 5.108488 11.249371 0.980363
v 5.061593 11.362587 -0.000015
v 5.061593 11.362587 0.980363
v 5.061593 11.136154 -0.000015
v 4.948376 11.089256 0.980363
v 5.061593 11.136150 0.980363
v 4.948376 11.089256 -0.000015
v 4.835160 11.136150 0.980363
v 4.835160 11.136154 -0.000015
v 4.835160 11.136154 -0.000015
v 4.788264 11.249371 0.980363
v 4.835160 11.136150 0.980363
v 4.788264 11.249371 -0.000015
v 4.835160 11.362587 0.980363
v 4.835160 11.362587 -0.000015
v 4.835160 11.362587 -0.000015
v 4.948376 11.409481 0.980363
v 4.835160 11.362587 0.980363
v 4.948376 11.409481 -0.000015
v 5.061593 11.362587 0.980363
v 5.061593 11.362587 -0.000015
v 5.061593 11.362587 0.980363
v 4.835160 11.362587 0.980363
v 4.948376 11.409481 0.980363
v 4.835160 11.136150 0.980363
v 4.788264 11.249371 0.980363
v 5.061593 11.136150 0.980363
v 5.108488 11.249371 0.980363
v 4.948376 11.089256 0.980363
v 5.070875 11.126869 1.106080
v 5.121616 11.249371 1.045731
v 5.070875 11.126869 1.045731
v 5.121616 11.249371 1.106080
v 5.070875 11.371868 1.045731
v 5.070875 11.371868 1.106080
v 5.070875 11.126869 1.045731
v 4.948376 11.076130 1.106080
v 5.070875 11.126869 1.106080
v 4.948376 11.076130 1.045731
v 4.825877 11.126869 1.106080
v 4.825877 11.126869 1.045731
v 4.825877 11.126869 1.045731
v 4.775136 11.249371 1.106080
v 4.825877 11.126869 1.106080
v 4.775136 11.249371 1.045731
v 4.825877 11.371868 1.106080
v 4.825877 11.371868 1.045731
v 4.825877 11.371868 1.045731
v 4.948376 11.422607 1.106080
v 4.825877 11.371868 1.106080
v 4.948376 11.422607 1.045731
v 5.070875 11.371868 1.106080
v 5.070875 11.371868 1.045731
v 5.070875 11.126869 1.045731
v 4.825877 11.126869 1.045731
v 4.948376 11.076130 1.045731
v 4.825877 11.371868 1.045731
v 4.775136 11.249371 1.045731
v 5.070875 11.371868 1.045731
v 5.121616 11.249371 1.045731
v 4.948376 11.422607 1.045731
v 4.709948 11.704331 -0.000015
v 4.651735 11.029331 1.854523
v 4.709948 11.029331 1.854523
v 4.651735 11.704331 -0.000015
v 4.709948 11.216587 1.854523
v 4.709948 11.704331 -0.000015
v 4.709948 11.029331 1.854523
v 4.709948 11.891587 -0.000015
v 4.651735 11.891587 -0.000015
v 4.709948 11.216587 1.854523
v 4.651735 11.216587 1.854523
v 4.709948 11.891587 -0.000015
v 4.651735 11.704331 -0.000015
v 4.651735 11.216587 1.854523
v 4.651735 11.029331 1.854523
v 4.651735 11.891587 -0.000015
v 4.058091 11.704331 -0.000015
v 4.116303 11.029331 1.854523
v 4.116315 11.704331 -0.000015
v 4.058091 11.029331 1.854523
v 4.116315 11.704331 -0.000015
v 4.116303 11.216587 1.854523
v 4.116315 11.891587 -0.000015
v 4.116303 11.029331 1.854523
v 4.058104 11.891587 -0.000015
v 4.116303 11.216587 1.854523
v 4.058091 11.216587 1.854523
v 4.116315 11.891587 -0.000015
v 4.058091 11.216587 1.854523
v 4.058091 11.704331 -0.000015
v 4.058104 11.891587 -0.000015
v 4.058091 11.029331 1.854523
v -4.075543 16.127403 0.096167
v -4.076530 15.310431 1.807375
v -4.075543 15.310432 0.096167
v -4.076530 16.127401 1.807375
v 4.076410 15.310432 0.096242
v -4.076530 15.310431 1.807375
v 4.075423 15.310431 1.807449
v -4.075543 15.310432 0.096167
v 4.075423 15.310431 1.807449
v -4.076530 16.127401 1.807375
v 4.075423 16.127401 1.807449
v -4.076530 15.310431 1.807375
v 4.075423 16.127401 1.807449
v -4.075543 16.127403 0.096167
v 4.076410 16.127403 0.096242
v -4.076530 16.127401 1.807375
v 4.075423 16.127401 1.807449
v 4.076410 15.310432 0.096242
v 4.075423 15.310431 1.807449
v 4.076410 16.127403 0.096242
v 2.028294 0.870757 3.904583
v 2.028293 0.732672 3.904584
v 2.028293 0.732672 3.904584
v 1.865786 0.732672 3.883801
v 1.865786 0.732672 3.883801
v 1.865786 0.870757 3.883800
v -2.028294 0.964887 3.904047
v -2.028294 0.823283 3.904047
v -2.028294 0.823283 3.904047
v -1.865482 0.823283 3.883423
v -1.865482 0.823283 3.883423
v -1.865482 0.964887 3.883421
v 1.865786 0.870757 3.883800
v 2.028294 0.870757 3.904583
v -1.865482 0.964887 3.883421
v -2.028294 0.964887 3.904047
v -4.058411 19.358860 3.850005
v -4.057388 1.128413 4.149956
v -4.057390 1.128413 3.849956
v -4.058411 19.358860 4.150005
v -3.758406 19.256092 4.150005
v -3.757417 1.428421 3.849956
v -3.757416 1.428420 4.149956
v -3.758406 19.256092 3.850005
v -1.375916 22.814428 3.850009
v -4.058411 19.358860 4.150005
v -4.058411 19.358860 3.850005
v -1.375916 22.814428 4.150010
v -1.229016 22.514429 4.150010
v -3.758406 19.256092 3.850005
v -3.758406 19.256092 4.150005
v -1.229016 22.514429 3.850009
v 0.000001 22.814428 3.850010
v -1.375916 22.814428 4.150010
v -1.375916 22.814428 3.850009
v 0.000001 22.814428 4.150010
v 1.375918 22.814428 4.150010
v 1.375918 22.814428 3.850009
v 0.000001 22.514429 4.150010
v -1.229016 22.514429 3.850009
v -1.229016 22.514429 4.150010
v 0.000001 22.514429 3.850010
v 1.229018 22.514429 3.850009
v 1.229019 22.514429 4.150010
v 0.000000 1.128514 4.149961
v -4.057390 1.128413 3.849956
v -4.057388 1.128413 4.149956
v 0.000000 1.128514 3.849961
v 4.057390 1.128413 3.849955
v 4.057388 1.128412 4.149956
v 0.000000 1.428514 3.849961
v -3.757416 1.428420 4.149956
v -3.757417 1.428421 3.849956
v 0.000000 1.428514 4.149961
v 3.757416 1.428420 4.149956
v 3.757418 1.428420 3.849956
v 4.058413 19.358860 3.850004
v 4.057388 1.128412 4.149956
v 4.058413 19.358860 4.150005
v 4.057390 1.128413 3.849955
v 3.758408 19.256092 4.150005
v 3.757418 1.428420 3.849956
v 3.758408 19.256092 3.850004
v 3.757416 1.428420 4.149956
v 1.375918 22.814428 3.850009
v 4.058413 19.358860 4.150005
v 1.375918 22.814428 4.150010
v 4.058413 19.358860 3.850004
v 1.229019 22.514429 4.150010
v 3.758408 19.256092 3.850004
v 1.229018 22.514429 3.850009
v 3.758408 19.256092 4.150005
v 4.102769 17.660095 -0.000042
v 4.591211 17.660095 0.617783
v 4.736697 17.660095 -0.000042
v 4.419758 17.660095 0.688821
v 4.248255 17.660095 0.617783
v 4.102769 18.744675 -0.000043
v 4.419758 18.744675 0.688820
v 4.248205 18.744675 0.617784
v 4.736697 18.744675 -0.000043
v 4.591211 18.744675 0.617783
v 4.419758 17.767471 0.688820
v 4.248255 17.660095 0.617783
v 4.248255 17.767471 0.617782
v 4.419758 17.660095 0.688821
v 4.591211 17.767471 0.617782
v 4.591211 17.660095 0.617783
v 4.102769 17.660095 -0.000042
v 4.248255 17.767471 0.617782
v 4.248255 17.660095 0.617783
v 4.102769 17.767471 -0.000043
v 4.591211 17.660095 0.617783
v 4.736697 17.767471 -0.000043
v 4.736697 17.660095 -0.000042
v 4.591211 17.767471 0.617782
v 4.736697 18.744675 -0.000043
v 4.591211 18.637314 0.617783
v 4.591211 18.744675 0.617783
v 4.736697 18.637314 -0.000043
v 4.248205 18.744675 0.617784
v 4.102769 18.637314 -0.000043
v 4.102769 18.744675 -0.000043
v 4.248205 18.637314 0.617783
v 4.419758 18.744675 0.688820
v 4.248205 18.637314 0.617783
v 4.248205 18.744675 0.617784
v 4.419758 18.637314 0.688820
v 4.591211 18.744675 0.617783
v 4.591211 18.637314 0.617783
v 4.591211 18.637314 0.617783
v 4.102769 18.637314 -0.000043
v 4.248205 18.637314 0.617783
v 4.736697 18.637314 -0.000043
v 4.248255 17.767471 0.617782
v 4.736697 17.767471 -0.000043
v 4.591211 17.767471 0.617782
v 4.102769 17.767471 -0.000043
v 4.102757 4.698425 -0.000043
v 4.591200 4.698425 0.617782
v 4.736686 4.698425 -0.000043
v 4.419747 4.698425 0.688820
v 4.248244 4.698425 0.617782
v 4.102758 5.783005 -0.000044
v 4.419748 5.783005 0.688819
v 4.248194 5.783005 0.617783
v 4.736687 5.783005 -0.000044
v 4.591201 5.783005 0.617782
v 4.419748 4.805801 0.688819
v 4.248244 4.698425 0.617782
v 4.248244 4.805801 0.617781
v 4.419747 4.698425 0.688820
v 4.591200 4.805801 0.617781
v 4.591200 4.698425 0.617782
v 4.102757 4.698425 -0.000043
v 4.248244 4.805801 0.617781
v 4.248244 4.698425 0.617782
v 4.102757 4.805801 -0.000044
v 4.591200 4.698425 0.617782
v 4.736686 4.805801 -0.000044
v 4.736686 4.698425 -0.000043
v 4.591200 4.805801 0.617781
v 4.736687 5.783005 -0.000044
v 4.591201 5.675644 0.617782
v 4.591201 5.783005 0.617782
v 4.736687 5.675644 -0.000044
v 4.248194 5.783005 0.617783
v 4.102758 5.675644 -0.000044
v 4.102758 5.783005 -0.000044
v 4.248194 5.675644 0.617782
v 4.419748 5.783005 0.688819
v 4.248194 5.675644 0.617782
v 4.248194 5.783005 0.617783
v 4.419748 5.675644 0.688819
v 4.591201 5.783005 0.617782
v 4.591201 5.675644 0.617782
v 4.591201 5.675644 0.617782
v 4.102758 5.675644 -0.000044
v 4.248194 5.675644 0.617782
v 4.736687 5.675644 -0.000044
v 4.248244 4.805801 0.617781
v 4.736686 4.805801 -0.000044
v 4.591200 4.805801 0.617781
v 4.102757 4.805801 -0.000044
v -4.102767 17.660095 -0.000042
v -4.419757 17.660095 0.688821
v -4.248253 17.660095 0.617784
v -4.591209 17.660095 0.617784
v -4.736695 17.660095 -0.000042
v -4.736695 18.744675 -0.000042
v -4.419756 18.744675 0.688821
v -4.591209 18.744675 0.617783
v -4.102767 18.744675 -0.000043
v -4.248202 18.744675 0.617784
v -4.248253 17.660095 0.617784
v -4.419757 17.767471 0.688820
v -4.248253 17.767471 0.617783
v -4.419757 17.660095 0.688821
v -4.591209 17.767471 0.617783
v -4.591209 17.660095 0.617784
v -4.102767 17.660095 -0.000042
v -4.248253 17.767471 0.617783
v -4.102767 17.767471 -0.000043
v -4.248253 17.660095 0.617784
v -4.591209 17.660095 0.617784
v -4.736695 17.767471 -0.000043
v -4.591209 17.767471 0.617783
v -4.736695 17.660095 -0.000042
v -4.736695 18.744675 -0.000042
v -4.591209 18.637314 0.617784
v -4.736695 18.637314 -0.000042
v -4.591209 18.744675 0.617783
v -4.248202 18.744675 0.617784
v -4.102767 18.637314 -0.000043
v -4.248202 18.637314 0.617783
v -4.102767 18.744675 -0.000043
v -4.248202 18.637314 0.617783
v -4.419756 18.744675 0.688821
v -4.248202 18.744675 0.617784
v -4.419756 18.637314 0.688821
v -4.591209 18.744675 0.617783
v -4.591209 18.637314 0.617784
v -4.591209 18.637314 0.617784
v -4.102767 18.637314 -0.000043
v -4.736695 18.637314 -0.000042
v -4.248202 18.637314 0.617783
v -4.248253 17.767471 0.617783
v -4.736695 17.767471 -0.000043
v -4.102767 17.767471 -0.000043
v -4.591209 17.767471 0.617783
v -4.102768 4.698425 -0.000043
v -4.419758 4.698425 0.688820
v -4.248255 4.698425 0.617783
v -4.591211 4.698425 0.617783
v -4.736697 4.698425 -0.000043
v -4.736696 5.783005 -0.000043
v -4.419757 5.783005 0.688820
v -4.591210 5.783005 0.617782
v -4.102767 5.783005 -0.000044
v -4.248203 5.783005 0.617783
v -4.248255 4.698425 0.617783
v -4.419757 4.805801 0.688819
v -4.248254 4.805801 0.617782
v -4.419758 4.698425 0.688820
v -4.591210 4.805801 0.617782
v -4.591211 4.698425 0.617783
v -4.102768 4.698425 -0.000043
v -4.248254 4.805801 0.617782
v -4.102768 4.805801 -0.000044
v -4.248255 4.698425 0.617783
v -4.591211 4.698425 0.617783
v -4.736696 4.805801 -0.000044
v -4.591210 4.805801 0.617782
v -4.736697 4.698425 -0.000043
v -4.736696 5.783005 -0.000043
v -4.591210 5.675644 0.617783
v -4.736696 5.675644 -0.000043
v -4.591210 5.783005 0.617782
v -4.248203 5.783005 0.617783
v -4.102767 5.675644 -0.000044
v -4.248203 5.675644 0.617782
v -4.102767 5.783005 -0.000044
v -4.248203 5.675644 0.617782
v -4.419757 5.783005 0.688820
v -4.248203 5.783005 0.617783
v -4.419757 5.675644 0.688820
v -4.591210 5.783005 0.617782
v -4.591210 5.675644 0.617783
v -4.591210 5.675644 0.617783
v -4.102767 5.675644 -0.000044
v -4.736696 5.675644 -0.000043
v -4.248203 5.675644 0.617782
v -4.248254 4.805801 0.617782
v -4.736696 4.805801 -0.000044
v -4.102768 4.805801 -0.000044
v -4.591210 4.805801 0.617782
v 5.114411 2.113650 -0.000003
v 5.166282 1.920105 0.098228
v 5.114410 2.113650 0.098226
v 5.166283 1.920111 -0.000002
v 5.114434 1.726560 0.098232
v 5.114437 1.726563 0.000002
v 5.114410 2.113650 0.098226
v 4.972770 2.255292 -0.000004
v 5.114411 2.113650 -0.000003
v 4.972767 2.255294 0.098227
v 4.779180 2.307218 -0.000003
v 4.779177 2.307218 0.098227
v 4.585632 2.255291 0.000003
v 4.585635 2.255292 0.098233
v 4.443999 2.113647 -0.000002
v 4.444000 2.113650 0.098229
v 4.444000 2.113650 0.098229
v 4.392133 1.920108 -0.000003
v 4.443999 2.113647 -0.000002
v 4.392133 1.920108 0.098227
v 4.443965 1.726575 -0.000003
v 4.443965 1.726575 0.098226
v 4.443965 1.726575 0.098226
v 4.585649 1.584910 -0.000009
v 4.443965 1.726575 -0.000003
v 4.585652 1.584907 0.098221
v 4.779202 1.533015 -0.000004
v 4.779202 1.533015 0.098226
v 4.972732 1.584907 -0.000009
v 4.972732 1.584907 0.098221
v 5.114437 1.726563 0.000002
v 5.114434 1.726560 0.098232
v 4.925064 2.119226 2.761405
v 5.009205 2.052902 2.421899
v 5.031841 2.026304 2.705053
v 4.912008 2.150095 2.421897
v 4.912008 2.150094 -0.000011
v 5.009205 2.052902 -0.000009
v 4.779181 2.185732 -0.000009
v 4.779181 2.185731 2.421899
v 4.646397 2.150094 0.000006
v 4.779203 2.153237 2.782032
v 4.646398 2.150095 2.421914
v 4.549208 2.052902 -0.000005
v 4.549208 2.052902 2.421903
v 4.526567 2.026304 2.705053
v 4.633344 2.119226 2.761405
v 4.779203 1.952645 3.110592
v 4.951231 1.930191 3.069984
v 4.607177 1.930191 3.069984
v 4.925064 1.679518 2.494745
v 5.009232 1.787312 2.421912
v 4.911988 1.690115 2.421887
v 5.031841 1.772439 2.551097
v 4.951231 1.639879 2.544988
v 5.077163 1.701231 2.655932
v 5.123256 1.785037 2.807486
v 5.070924 1.899370 2.628075
v 5.188692 1.577338 2.929116
v 5.133831 1.577338 2.724371
v 5.147933 1.481778 2.733198
v 4.992090 1.481777 2.577354
v 4.983949 1.577341 2.574487
v 5.204976 1.481778 2.946086
v 5.133831 1.577338 3.126762
v 5.147933 1.481775 3.158972
v 5.077164 1.868840 2.959039
v 4.983949 1.577337 3.276646
v 4.992091 1.481774 3.314817
v 4.951231 1.930191 3.069984
v 5.031841 2.026304 2.705053
v 4.925064 2.119226 2.761405
v 5.044798 1.920098 2.421904
v 5.009205 2.052902 2.421899
v 5.009205 2.052902 -0.000009
v 5.044798 1.920099 -0.000004
v 5.009232 1.787313 0.000004
v 4.779203 1.617425 2.504380
v 4.633344 1.679517 2.494745
v 4.607177 1.639879 2.544988
v 4.779203 1.645507 2.474118
v 4.951231 1.639879 2.544988
v 4.925064 1.679518 2.494745
v 4.646398 1.690115 2.421886
v 4.779197 1.654499 2.421897
v 4.911988 1.690115 2.421887
v 4.779197 1.654500 -0.000011
v 4.646398 1.690116 -0.000022
v 4.549175 1.787315 2.421900
v 4.549175 1.787316 -0.000008
v 4.911988 1.690116 -0.000021
v 5.009232 1.787313 0.000004
v 5.009232 1.787312 2.421912
v 4.633344 1.679517 2.494745
v 4.481244 1.701231 2.655933
v 4.607177 1.639879 2.544988
v 4.526567 1.772439 2.551097
v 4.646398 1.690115 2.421886
v 4.549175 1.787315 2.421900
v 4.513618 1.920098 2.421901
v 4.549175 1.787316 -0.000008
v 4.513618 1.920099 -0.000007
v 4.487483 1.899370 2.628075
v 4.549208 2.052902 2.421903
v 4.549208 2.052902 -0.000005
v 4.526567 2.026304 2.705053
v 4.435149 1.785037 2.807486
v 4.424575 1.577337 2.724371
v 4.481244 1.868840 2.959039
v 4.633344 2.119226 2.761405
v 4.607177 1.930191 3.069984
v 4.369714 1.577338 2.929116
v 4.424575 1.577338 3.126762
v 4.574459 1.577337 3.276646
v 4.566317 1.481774 3.314817
v 4.410473 1.481775 3.158972
v 4.353430 1.481778 2.946086
v 4.410473 1.481777 2.733198
v 4.574458 1.577337 2.574487
v 4.566317 1.481777 2.577354
v 5.077163 1.701231 2.655932
v 4.983949 1.577341 2.574487
v 5.133831 1.577338 2.724371
v 4.951231 1.639879 2.544988
v 4.779203 1.617425 2.504380
v 4.779203 1.577337 2.519625
v 4.607177 1.639879 2.544988
v 4.779203 1.481777 2.520311
v 4.992090 1.481777 2.577354
v 4.566317 1.481777 2.577354
v 4.574458 1.577337 2.574487
v 4.424575 1.577337 2.724371
v 4.481244 1.701231 2.655933
v 4.574459 1.577337 3.276646
v 4.779203 1.481774 3.371859
v 4.566317 1.481774 3.314817
v 4.779203 1.577337 3.331507
v 4.992091 1.481774 3.314817
v 4.607177 1.930191 3.069984
v 4.983949 1.577337 3.276646
v 4.779203 1.952645 3.110592
v 4.951231 1.930191 3.069984
v 5.114410 2.113649 1.998273
v 5.166281 1.920105 2.096505
v 5.114409 2.113649 2.096503
v 5.166282 1.920111 1.998274
v 5.114433 1.726560 2.096508
v 5.114436 1.726563 1.998278
v 5.114409 2.113649 2.096503
v 4.972770 2.255291 1.998272
v 5.114410 2.113649 1.998273
v 4.972767 2.255293 2.096502
v 4.779180 2.307217 1.998273
v 4.779177 2.307217 2.096503
v 4.585632 2.255290 1.998279
v 4.585635 2.255292 2.096509
v 4.443999 2.113646 1.998274
v 4.444000 2.113649 2.096505
v 4.444000 2.113649 2.096505
v 4.392133 1.920108 1.998273
v 4.443999 2.113646 1.998274
v 4.392133 1.920108 2.096503
v 4.443965 1.726575 1.998273
v 4.443965 1.726575 2.096503
v 4.443965 1.726575 2.096503
v 4.585649 1.584909 1.998266
v 4.443965 1.726575 1.998273
v 4.585652 1.584906 2.096497
v 4.779202 1.533015 1.998272
v 4.779202 1.533015 2.096502
v 4.972732 1.584906 1.998268
v 4.972732 1.584906 2.096498
v 5.114436 1.726563 1.998278
v 5.114433 1.726560 2.096508
v 5.418447 2.187275 1.999930
v 5.418454 1.681945 2.436208
v 5.418454 1.681945 1.999940
v 5.418447 2.187275 2.436208
v 5.886757 2.187274 1.999938
v 5.418447 2.187275 2.436208
v 5.418447 2.187275 1.999930
v 5.886757 2.187274 2.436214
v 5.886757 2.187274 2.436214
v 5.418454 1.681945 2.436208
v 5.418447 2.187275 2.436208
v 5.886757 1.681945 2.436215
v 5.418454 1.681945 2.436208
v 5.886757 1.681945 1.999939
v 5.418454 1.681945 1.999940
v 5.886757 1.681945 2.436215
v 5.886757 1.681945 2.436215
v 5.886757 2.187274 1.999938
v 5.886757 1.681945 1.999939
v 5.886757 2.187274 2.436214
v -5.166283 1.920103 0.098229
v -5.114412 2.113647 -0.000003
v -5.114411 2.113647 0.098227
v -5.166284 1.920109 -0.000001
v -5.114435 1.726558 0.098232
v -5.114438 1.726561 0.000002
v -4.972771 2.255290 -0.000004
v -5.114411 2.113647 0.098227
v -5.114412 2.113647 -0.000003
v -4.972768 2.255291 0.098227
v -4.779181 2.307215 -0.000003
v -4.779178 2.307215 0.098227
v -4.585633 2.255288 0.000003
v -4.585636 2.255290 0.098234
v -4.444000 2.113644 -0.000001
v -4.444001 2.113647 0.098229
v -4.392134 1.920106 -0.000002
v -4.444001 2.113647 0.098229
v -4.444000 2.113644 -0.000001
v -4.392134 1.920106 0.098228
v -4.443966 1.726573 -0.000003
v -4.443966 1.726573 0.098227
v -4.585649 1.584908 -0.000009
v -4.443966 1.726573 0.098227
v -4.443966 1.726573 -0.000003
v -4.585653 1.584904 0.098221
v -4.779202 1.533013 -0.000004
v -4.779202 1.533013 0.098226
v -4.972733 1.584904 -0.000008
v -4.972733 1.584904 0.098222
v -5.114438 1.726561 0.000002
v -5.114435 1.726558 0.098232
v -5.009206 2.052900 2.421900
v -4.925065 2.119223 2.761405
v -5.031842 2.026302 2.705054
v -4.912009 2.150093 2.421898
v -4.912009 2.150092 -0.000010
v -5.009206 2.052899 -0.000008
v -4.779182 2.185730 -0.000008
v -4.779182 2.185729 2.421900
v -4.646398 2.150092 0.000007
v -4.779204 2.153235 2.782032
v -4.646399 2.150093 2.421914
v -4.549209 2.052899 -0.000004
v -4.549209 2.052900 2.421904
v -4.526567 2.026302 2.705053
v -4.633345 2.119223 2.761405
v -4.779204 1.952643 3.110592
v -4.951232 1.930189 3.069985
v -4.607178 1.930188 3.069985
v -5.009233 1.787310 2.421913
v -4.925065 1.679515 2.494745
v -4.911989 1.690113 2.421887
v -5.031842 1.772437 2.551097
v -4.951232 1.639877 2.544989
v -5.077164 1.701229 2.655932
v -5.123257 1.785035 2.807486
v -5.070925 1.899368 2.628076
v -5.188693 1.577336 2.929116
v -5.133832 1.577336 2.724371
v -5.147934 1.481776 2.733199
v -4.992091 1.481775 2.577355
v -4.983950 1.577338 2.574487
v -5.204977 1.481776 2.946086
v -5.133832 1.577336 3.126762
v -5.147934 1.481773 3.158973
v -5.077165 1.868837 2.959039
v -4.983950 1.577335 3.276646
v -4.992092 1.481772 3.314817
v -4.951232 1.930189 3.069985
v -5.031842 2.026302 2.705054
v -4.925065 2.119223 2.761405
v -5.044799 1.920096 2.421904
v -5.009206 2.052900 2.421900
v -5.009206 2.052899 -0.000008
v -5.044799 1.920097 -0.000004
v -5.009233 1.787311 0.000004
v -4.633345 1.679515 2.494746
v -4.779204 1.617423 2.504380
v -4.607178 1.639877 2.544989
v -4.779204 1.645505 2.474119
v -4.951232 1.639877 2.544989
v -4.925065 1.679515 2.494745
v -4.646399 1.690113 2.421886
v -4.779198 1.654497 2.421897
v -4.911989 1.690113 2.421887
v -4.779198 1.654497 -0.000010
v -4.646399 1.690114 -0.000022
v -4.549176 1.787313 2.421900
v -4.549176 1.787314 -0.000008
v -4.911989 1.690114 -0.000020
v -5.009233 1.787311 0.000004
v -5.009233 1.787310 2.421913
v -4.481245 1.701228 2.655933
v -4.633345 1.679515 2.494746
v -4.607178 1.639877 2.544989
v -4.526567 1.772436 2.551097
v -4.646399 1.690113 2.421886
v -4.549176 1.787313 2.421900
v -4.513619 1.920096 2.421901
v -4.549176 1.787314 -0.000008
v -4.513618 1.920097 -0.000007
v -4.487484 1.899368 2.628075
v -4.549209 2.052900 2.421904
v -4.549209 2.052899 -0.000004
v -4.526567 2.026302 2.705053
v -4.435150 1.785034 2.807486
v -4.424576 1.577335 2.724371
v -4.481245 1.868837 2.959040
v -4.633345 2.119223 2.761405
v -4.607178 1.930188 3.069985
v -4.369715 1.577336 2.929116
v -4.424576 1.577336 3.126762
v -4.574460 1.577335 3.276646
v -4.566318 1.481772 3.314817
v -4.410474 1.481772 3.158973
v -4.353431 1.481776 2.946086
v -4.410474 1.481775 2.733198
v -4.574459 1.577335 2.574487
v -4.566318 1.481775 2.577355
v -4.983950 1.577338 2.574487
v -5.077164 1.701229 2.655932
v -5.133832 1.577336 2.724371
v -4.951232 1.639877 2.544989
v -4.779204 1.617423 2.504380
v -4.779204 1.577335 2.519625
v -4.607178 1.639877 2.544989
v -4.779204 1.481775 2.520312
v -4.992091 1.481775 2.577355
v -4.566318 1.481775 2.577355
v -4.574459 1.577335 2.574487
v -4.424576 1.577335 2.724371
v -4.481245 1.701228 2.655933
v -4.779204 1.481772 3.371860
v -4.574460 1.577335 3.276646
v -4.566318 1.481772 3.314817
v -4.779204 1.577335 3.331508
v -4.607178 1.930188 3.069985
v -4.992092 1.481772 3.314817
v -4.779204 1.952643 3.110592
v -4.983950 1.577335 3.276646
v -4.951232 1.930189 3.069985
v -5.166282 1.920103 2.096505
v -5.114411 2.113647 1.998273
v -5.114410 2.113647 2.096503
v -5.166283 1.920109 1.998275
v -5.114434 1.726557 2.096508
v -5.114437 1.726560 1.998278
v -4.972771 2.255289 1.998273
v -5.114410 2.113647 2.096503
v -5.114411 2.113647 1.998273
v -4.972768 2.255291 2.096503
v -4.779181 2.307215 1.998273
v -4.779178 2.307215 2.096503
v -4.585633 2.255288 1.998280
v -4.585636 2.255290 2.096509
v -4.444000 2.113644 1.998275
v -4.444001 2.113647 2.096505
v -4.392134 1.920106 1.998274
v -4.444001 2.113647 2.096505
v -4.444000 2.113644 1.998275
v -4.392134 1.920106 2.096504
v -4.443966 1.726573 1.998273
v -4.443966 1.726573 2.096503
v -4.585649 1.584907 1.998267
v -4.443966 1.726573 2.096503
v -4.443966 1.726573 1.998273
v -4.585653 1.584904 2.096497
v -4.779202 1.533013 1.998272
v -4.779202 1.533013 2.096502
v -4.972733 1.584904 1.998268
v -4.972733 1.584904 2.096498
v -5.114437 1.726560 1.998278
v -5.114434 1.726557 2.096508
v -5.418447 2.187273 1.999931
v -5.418455 1.681944 2.436209
v -5.418447 2.187273 2.436208
v -5.418455 1.681944 1.999940
v -5.886758 2.187272 1.999938
v -5.418447 2.187273 2.436208
v -5.886758 2.187272 2.436214
v -5.418447 2.187273 1.999931
v -5.886758 2.187272 2.436214
v -5.418455 1.681944 2.436209
v -5.886758 1.681944 2.436216
v -5.418447 2.187273 2.436208
v -5.418455 1.681944 2.436209
v -5.886758 1.681944 1.999939
v -5.886758 1.681944 2.436216
v -5.418455 1.681944 1.999940
v -5.886758 1.681944 2.436216
v -5.886758 2.187272 1.999938
v -5.886758 2.187272 2.436214
v -5.886758 1.681944 1.999939
v -4.070416 8.889107 2.057835
v -4.071403 8.072131 3.769044
v -4.070416 8.072135 2.057836
v -4.071403 8.889101 3.769042
v 4.071284 8.072134 2.057907
v -4.071403 8.072131 3.769044
v 4.070298 8.072130 3.769114
v -4.070416 8.072135 2.057836
v 4.070298 8.072130 3.769114
v -4.071403 8.889101 3.769042
v 4.070298 8.889100 3.769114
v -4.071403 8.072131 3.769044
v 4.070298 8.889100 3.769114
v -4.070416 8.889107 2.057835
v 4.071285 8.889106 2.057906
v -4.071403 8.889101 3.769042
v 4.070298 8.889100 3.769114
v 4.071284 8.072134 2.057907
v 4.070298 8.072130 3.769114
v 4.071285 8.889106 2.057906
v -0.741319 0.828756 -0.000051
v -0.741319 1.827955 1.426477
v -0.741319 0.828756 1.426476
v -0.741319 1.827955 -0.000051
v 0.616215 0.966620 1.084066
v -0.616263 0.684912 0.986351
v -0.616243 0.966635 1.084070
v 0.616194 0.684897 0.986347
v -0.616263 0.684912 0.986351
v 0.616194 0.684897 0.943762
v -0.616263 0.684912 0.943767
v 0.616194 0.684897 0.986347
v 0.616194 0.684897 0.986347
v 0.616196 0.966620 0.943764
v 0.616194 0.684897 0.943762
v 0.616215 0.966620 1.084066
v -0.616263 0.966635 0.943768
v -0.616263 0.684912 0.986351
v -0.616263 0.684912 0.943767
v -0.616243 0.966635 1.084070
v 0.741316 0.828756 -0.000051
v -0.741319 0.828756 1.426476
v 0.741316 0.828756 1.426477
v -0.741319 0.828756 -0.000051
v 0.741316 0.828756 -0.000051
v 0.741316 1.827955 1.426476
v 0.741316 1.827955 -0.000051
v 0.741316 0.828756 1.426477
v -0.616177 0.966620 0.817820
v 0.616290 0.684912 0.720103
v -0.616165 0.684896 0.720100
v 0.616280 0.966635 0.817821
v -0.616246 0.966620 1.350313
v 0.616218 0.684912 1.252598
v -0.616238 0.684897 1.252596
v 0.616197 0.966635 1.350316
v 0.616361 0.684912 0.187609
v -0.616105 0.966619 0.285325
v 0.616361 0.966635 0.285328
v -0.616094 0.684896 0.187607
v 0.616336 0.684904 0.453856
v -0.616132 0.966619 0.551573
v 0.616325 0.966635 0.551575
v -0.616123 0.684889 0.453855
v 0.616218 0.684912 1.252598
v -0.616238 0.684897 1.210009
v -0.616238 0.684897 1.252596
v 0.616218 0.684912 1.210015
v -0.616238 0.684897 1.252596
v -0.616238 0.966620 1.210012
v -0.616246 0.966620 1.350313
v -0.616238 0.684897 1.210009
v 0.616228 0.966635 1.210016
v 0.616218 0.684912 1.252598
v 0.616197 0.966635 1.350316
v 0.616218 0.684912 1.210015
v 0.616361 0.684912 0.187609
v -0.616094 0.684896 0.145020
v -0.616094 0.684896 0.187607
v 0.616361 0.684912 0.145024
v -0.616094 0.684896 0.187607
v -0.616075 0.966619 0.145022
v -0.616105 0.966619 0.285325
v -0.616094 0.684896 0.145020
v 0.616381 0.966635 0.145025
v 0.616361 0.684912 0.187609
v 0.616361 0.966635 0.285328
v 0.616361 0.684912 0.145024
v 0.616336 0.684904 0.453856
v -0.616123 0.684896 0.411268
v -0.616123 0.684889 0.453855
v 0.616336 0.684912 0.411271
v -0.616123 0.684889 0.453855
v -0.616113 0.966619 0.411270
v -0.616132 0.966619 0.551573
v -0.616123 0.684896 0.411268
v 0.616343 0.966635 0.411273
v 0.616336 0.684904 0.453856
v 0.616325 0.966635 0.551575
v 0.616336 0.684912 0.411271
v 0.616290 0.684912 0.720103
v -0.616165 0.684896 0.677515
v -0.616165 0.684896 0.720100
v 0.616290 0.684912 0.677517
v -0.616165 0.684896 0.720100
v -0.616157 0.966619 0.677517
v -0.616177 0.966620 0.817820
v -0.616165 0.684896 0.677515
v 0.616300 0.966635 0.677520
v 0.616290 0.684912 0.720103
v 0.616280 0.966635 0.817821
v 0.616290 0.684912 0.677517
v -5.375718 11.066516 2.156951
v -4.709804 11.066480 1.857008
v -5.375230 11.066534 1.856951
v -4.709804 11.066578 2.157008
v -5.522118 11.366532 1.856975
v -4.709804 11.366575 2.156918
v -5.522606 11.366514 2.156975
v -4.709804 11.366476 1.856918
v -4.057998 11.066505 1.856860
v -3.757910 11.066505 2.157065
v -3.757973 11.066505 1.857065
v -4.057934 11.066505 2.156860
v -4.709804 11.066480 1.857008
v -4.709804 11.366575 2.156918
v -4.709804 11.366476 1.856918
v -4.709804 11.066578 2.157008
v 3.757841 11.066628 1.857065
v 4.058069 11.066628 2.156860
v 4.058095 11.066628 1.856860
v 3.757814 11.066628 2.157065
v 4.709983 11.366410 1.856917
v 4.709983 11.066644 2.157008
v 4.709983 11.066576 1.857008
v 4.709983 11.366478 2.156918
v -3.908040 1.278510 3.999999
v 0.000001 1.278510 4.000006
v 3.908040 1.278510 3.999999
v -3.609310 21.430977 2.607721
v -3.089582 21.430977 2.759826
v -3.457086 21.063465 2.607721
v -3.457087 21.798473 2.607722
v -3.089582 20.911255 2.607721
v -3.089582 21.950701 2.607723
v -2.722081 21.063465 2.607721
v -2.722081 21.798473 2.607722
v -2.569857 21.430977 2.607721
v -3.070556 24.620506 2.227838
v -3.529358 24.442619 2.151964
v -3.487549 24.316032 2.228120
v -4.113953 24.316032 2.228123
v -3.178161 24.699120 2.151726
v -4.072144 24.442619 2.151967
v -2.908874 25.107658 2.227386
v -4.423340 24.699120 2.151730
v -3.040588 25.118156 2.151337
v -4.530945 24.620506 2.227841
v -2.908874 26.321371 2.226411
v -4.560974 25.118156 2.151345
v -3.040588 26.310753 2.150381
v -4.692688 25.107658 2.227393
v -3.070556 26.808554 2.225960
v -4.560974 26.310753 2.150389
v -3.178161 26.729820 2.149997
v -4.692688 26.321373 2.226418
v -4.423339 26.729820 2.150002
v -4.530944 26.808556 2.225965
v -3.487548 27.112999 2.225681
v -3.529357 26.986290 2.149762
v -4.072143 26.986290 2.149762
v -4.113952 27.112999 2.225683
v 3.609311 21.430977 2.607721
v 3.457088 21.063465 2.607721
v 3.089584 21.430977 2.759826
v 3.457088 21.798473 2.607721
v 3.089584 20.911255 2.607721
v 3.089584 21.950701 2.607722
v 2.722083 21.063465 2.607721
v 2.722082 21.798473 2.607721
v 2.569858 21.430977 2.607720
v 3.529359 24.442619 2.151964
v 3.070558 24.620506 2.227838
v 3.487550 24.316032 2.228120
v 4.113954 24.316032 2.228122
v 3.178163 24.699120 2.151726
v 4.072145 24.442619 2.151967
v 2.908875 25.107658 2.227386
v 4.423341 24.699120 2.151730
v 3.040589 25.118156 2.151337
v 4.530946 24.620506 2.227840
v 2.908875 26.321371 2.226410
v 4.560975 25.118156 2.151345
v 3.040589 26.310753 2.150380
v 4.692689 25.107658 2.227393
v 3.070558 26.808554 2.225960
v 4.560976 26.310753 2.150389
v 3.178163 26.729820 2.149997
v 4.692689 26.321373 2.226418
v 4.423341 26.729820 2.150002
v 4.530946 26.808556 2.225965
v 3.487550 27.112999 2.225680
v 3.529359 26.986290 2.149761
v 4.072145 26.986290 2.149762
v 4.113954 27.112999 2.225683
v -3.609310 10.562842 4.660779
v -3.089583 10.562842 4.812884
v -3.457087 10.195331 4.660779
v -3.457088 10.930339 4.660779
v -3.089583 10.043120 4.660779
v -3.089583 11.082566 4.660781
v -2.722082 10.195330 4.660779
v -2.722082 10.930338 4.660780
v -2.569857 10.562841 4.660779
v 3.609311 10.562841 4.660780
v 3.457087 10.195330 4.660780
v 3.089583 10.562841 4.812884
v 3.457088 10.930338 4.660779
v 3.089583 10.043119 4.660780
v 3.089583 11.082565 4.660780
v 2.722082 10.195331 4.660779
v 2.722082 10.930339 4.660779
v 2.569857 10.562842 4.660779
v -5.182274 11.151619 3.296861
v -5.036797 11.148262 3.148652
v -5.036797 11.151619 3.205858
v -4.891320 11.151619 3.296861
v -5.231024 11.148262 3.269304
v -4.842570 11.148262 3.269304
v -5.231559 11.148262 3.511400
v -5.183800 11.151619 3.483400
v -4.889793 11.151619 3.483400
v -4.842034 11.148262 3.511400
v -5.036797 11.148262 3.633241
v -5.036797 11.151619 3.577409
v -5.121615 11.249371 1.106080
v -4.948375 11.249367 1.154878
v -5.070874 11.126869 1.106080
v -5.070874 11.371868 1.106080
v -4.948375 11.076130 1.106080
v -4.948375 11.422607 1.106080
v -4.825876 11.126869 1.106080
v -4.825876 11.371868 1.106080
v -4.775135 11.249371 1.106080
v 5.036798 11.148262 3.148652
v 5.182275 11.151619 3.296860
v 5.036798 11.151619 3.205857
v 4.891321 11.151619 3.296860
v 5.231025 11.148262 3.269303
v 4.842571 11.148262 3.269303
v 5.231560 11.148262 3.511399
v 5.183801 11.151619 3.483399
v 4.889794 11.151619 3.483399
v 4.842035 11.148262 3.511399
v 5.036798 11.148262 3.633240
v 5.036798 11.151619 3.577409
v 5.121616 11.249371 1.106080
v 5.070875 11.126869 1.106080
v 4.948376 11.249367 1.154877
v 5.070875 11.371868 1.106080
v 4.948376 11.076130 1.106080
v 4.948376 11.422607 1.106080
v 4.825877 11.126869 1.106080
v 4.825877 11.371868 1.106080
v 4.775136 11.249371 1.106080
v -1.229016 22.514429 4.150010
v 0.000001 22.814428 4.150010
v 0.000001 22.514429 4.150010
v 1.229019 22.514429 4.150010
v -1.375916 22.814428 4.150010
v 1.375918 22.814428 4.150010
v -3.758406 19.256092 4.150005
v 3.758408 19.256092 4.150005
v -4.058411 19.358860 4.150005
v 4.058413 19.358860 4.150005
v -3.757416 1.428420 4.149956
v 3.757416 1.428420 4.149956
v -4.057388 1.128413 4.149956
v 4.057388 1.128412 4.149956
v 0.000000 1.428514 4.149961
v 0.000000 1.128514 4.149961
v -3.757417 1.428421 3.849956
v 0.000000 1.128514 3.849961
v 0.000000 1.428514 3.849961
v 3.757418 1.428420 3.849956
v -4.057390 1.128413 3.849956
v 4.057390 1.128413 3.849955
v -3.758406 19.256092 3.850005
v 3.758408 19.256092 3.850004
v -4.058411 19.358860 3.850005
v 4.058413 19.358860 3.850004
v -1.229016 22.514429 3.850009
v 1.229018 22.514429 3.850009
v -1.375916 22.814428 3.850009
v 1.375918 22.814428 3.850009
v 0.000001 22.514429 3.850010
v 0.000001 22.814428 3.850010
v 4.779201 1.920108 0.244026
v 5.114410 2.113650 0.098226
v 5.166282 1.920105 0.098228
v 4.972767 2.255294 0.098227
v 5.114434 1.726560 0.098232
v 4.779177 2.307218 0.098227
v 4.972732 1.584907 0.098221
v 4.585635 2.255292 0.098233
v 4.779202 1.533015 0.098226
v 4.444000 2.113650 0.098229
v 4.585652 1.584907 0.098221
v 4.392133 1.920108 0.098227
v 4.443965 1.726575 0.098226
v 4.779201 1.920107 2.242302
v 5.114409 2.113649 2.096503
v 5.166281 1.920105 2.096505
v 4.972767 2.255293 2.096502
v 5.114433 1.726560 2.096508
v 4.779177 2.307217 2.096503
v 4.972732 1.584906 2.096498
v 4.585635 2.255292 2.096509
v 4.779202 1.533015 2.096502
v 4.444000 2.113649 2.096505
v 4.585652 1.584906 2.096497
v 4.392133 1.920108 2.096503
v 4.443965 1.726575 2.096503
v -4.779202 1.920106 0.244026
v -5.166283 1.920103 0.098229
v -5.114411 2.113647 0.098227
v -4.972768 2.255291 0.098227
v -5.114435 1.726558 0.098232
v -4.779178 2.307215 0.098227
v -4.972733 1.584904 0.098222
v -4.585636 2.255290 0.098234
v -4.779202 1.533013 0.098226
v -4.444001 2.113647 0.098229
v -4.585653 1.584904 0.098221
v -4.392134 1.920106 0.098228
v -4.443966 1.726573 0.098227
v -4.779202 1.920105 2.242302
v -5.166282 1.920103 2.096505
v -5.114410 2.113647 2.096503
v -4.972768 2.255291 2.096503
v -5.114434 1.726557 2.096508
v -4.779178 2.307215 2.096503
v -4.972733 1.584904 2.096498
v -4.585636 2.255290 2.096509
v -4.779202 1.533013 2.096502
v -4.444001 2.113647 2.096505
v -4.585653 1.584904 2.096497
v -4.392134 1.920106 2.096504
v -4.443966 1.726573 2.096503
v -3.529358 24.443045 2.589856
v -3.300476 24.788963 2.563128
v -3.178161 24.699514 2.589617
v -3.576904 24.587027 2.563313
v -3.190307 25.130577 2.562810
v -4.072144 24.443047 2.589855
v -4.024597 24.587029 2.563312
v -3.040527 25.118584 2.589227
v -3.190307 26.299095 2.561878
v -4.423339 24.699516 2.589618
v -4.301025 24.788963 2.563128
v -3.040527 26.311150 2.588272
v -3.300476 26.640709 2.561560
v -4.560974 25.118584 2.589233
v -4.411193 25.130577 2.562812
v -3.178161 26.730215 2.587886
v -3.576904 26.842644 2.561376
v -4.560974 26.311150 2.588279
v -4.411193 26.299095 2.561880
v -3.529357 26.986687 2.587650
v -4.024597 26.842644 2.561377
v -4.423339 26.730217 2.587888
v -4.301025 26.640709 2.561565
v -4.072143 26.986687 2.587652
v -4.692688 25.107933 2.513205
v -4.530945 24.620750 2.513653
v -4.692688 26.321648 2.512230
v -4.530944 26.808830 2.511780
v -4.113953 24.316307 2.513933
v -4.113952 27.113274 2.511497
v -3.487548 27.113274 2.511495
v -3.487549 24.316305 2.513932
v -3.070556 26.808828 2.511772
v -3.070556 24.620749 2.513649
v -2.908874 26.321648 2.512224
v -2.908874 25.107933 2.513199
v 3.529359 24.443045 2.589856
v 3.300478 24.788963 2.563128
v 3.576905 24.587027 2.563313
v 3.178163 24.699514 2.589617
v 3.190308 25.130577 2.562810
v 4.072145 24.443047 2.589855
v 4.024598 24.587029 2.563312
v 3.040528 25.118584 2.589227
v 3.190309 26.299095 2.561877
v 4.423341 24.699516 2.589618
v 4.301027 24.788963 2.563128
v 3.040528 26.311150 2.588271
v 3.300478 26.640709 2.561560
v 4.560976 25.118584 2.589233
v 4.411195 25.130577 2.562812
v 3.178163 26.730215 2.587885
v 3.576906 26.842644 2.561375
v 4.560976 26.311150 2.588278
v 4.411195 26.299095 2.561880
v 3.529359 26.986687 2.587650
v 4.024598 26.842644 2.561376
v 4.423341 26.730217 2.587888
v 4.301026 26.640709 2.561564
v 4.072145 26.986687 2.587652
v 4.692689 25.107933 2.513205
v 4.692689 26.321648 2.512229
v 4.530946 24.620750 2.513653
v 4.530946 26.808830 2.511779
v 4.113954 27.113274 2.511497
v 4.113954 24.316307 2.513933
v 3.487550 27.113274 2.511495
v 3.070558 26.808828 2.511772
v 3.487550 24.316305 2.513932
v 2.908875 26.321648 2.512223
v 3.070558 24.620749 2.513649
v 2.908875 25.107933 2.513199
v 5.204976 1.481778 2.946086
v 5.106434 1.481778 3.134381
v 5.147933 1.481775 3.158972
v 5.157057 1.481778 2.945453
v 4.968131 1.481774 3.272685
v 5.147933 1.481778 2.733198
v 4.992091 1.481774 3.314817
v 5.106434 1.481774 2.756524
v 4.779203 1.481774 3.323307
v 4.992090 1.481777 2.577354
v 4.779203 1.481774 3.371859
v 4.968130 1.481777 2.618220
v 4.590275 1.481774 3.272685
v 4.779203 1.481777 2.520311
v 4.566317 1.481774 3.314817
v 4.779202 1.481777 2.567597
v 4.451970 1.481778 3.134381
v 4.566317 1.481777 2.577354
v 4.410473 1.481775 3.158972
v 4.590275 1.481777 2.618220
v 4.401347 1.481778 2.945453
v 4.410473 1.481777 2.733198
v 4.353430 1.481778 2.946086
v 4.451970 1.481777 2.756525
v -5.204977 1.481776 2.946086
v -5.106435 1.481776 3.134381
v -5.157058 1.481776 2.945453
v -5.147934 1.481773 3.158973
v -5.147934 1.481776 2.733199
v -4.968132 1.481772 3.272685
v -5.106435 1.481772 2.756525
v -4.992092 1.481772 3.314817
v -4.992091 1.481775 2.577355
v -4.779204 1.481772 3.323308
v -4.968131 1.481775 2.618221
v -4.779204 1.481772 3.371860
v -4.779204 1.481775 2.520312
v -4.590276 1.481772 3.272685
v -4.779203 1.481775 2.567597
v -4.566318 1.481772 3.314817
v -4.566318 1.481775 2.577355
v -4.451971 1.481776 3.134381
v -4.590276 1.481775 2.618220
v -4.410474 1.481772 3.158973
v -4.410474 1.481775 2.733198
v -4.401348 1.481776 2.945453
v -4.451971 1.481775 2.756525
v -4.353431 1.481776 2.946086
vn -0.9463 0.3156 0.0706
vn -0.9463 0.3234 0.0010
vn -0.9969 0.0167 -0.0771
vn -1.0000 0.0075 -0.0000
vn 0.9463 0.3234 0.0010
vn 0.9462 0.3156 0.0706
vn 1.0000 0.0075 -0.0000
vn 0.9969 0.0167 -0.0771
vn -0.0000 1.0000 -0.0000
vn -0.7900 0.6131 -0.0000
vn 0.0004 -1.0000 -0.0000
vn -0.0000 -1.0000 -0.0000
vn -1.0000 -0.0001 -0.0002
vn -1.0000 -0.0001 -0.0000
vn -1.0000 0.0001 -0.0012
vn -1.0000 -0.0001 0.0001
vn -1.0000 0.0001 -0.0008
vn -1.0000 -0.0000 -0.0001
vn -1.0000 0.0001 -0.0000
vn -1.0000 -0.0001 -0.0001
vn -1.0000 -0.0000 0.0001
vn -1.0000 -0.0000 -0.0000
vn -0.7899 0.6133 0.0001
vn -0.7899 0.6133 -0.0000
vn -0.7899 0.6132 -0.0000
vn -0.7899 0.6132 0.0001
vn -0.0001 1.0000 -0.0000
vn -0.7005 -0.7137 -0.0000
vn -0.0000 -0.0000 1.0000
vn -0.3241 -0.9460 -0.0000
vn 0.7899 -0.6133 -0.0000
vn 1.0000 -0.0000 -0.0000
vn 0.7618 -0.0000 0.6478
vn -0.0001 -0.0000 1.0000
vn -0.7618 -0.0000 0.6478
vn -0.7618 -0.0002 0.6478
vn 0.9734 -0.0000 0.2292
vn -0.7619 -0.0000 0.6477
vn -0.9734 -0.0000 0.2292
vn 0.9734 -0.0000 0.2291
vn -0.7255 -0.0000 0.6882
vn -0.7774 -0.0000 0.6290
vn -0.9207 -0.0000 0.3904
vn -0.9206 -0.0000 0.3904
vn -0.9996 -0.0000 0.0278
vn -0.9527 -0.0000 -0.3040
vn -0.8108 -0.0000 -0.5854
vn -0.6166 -0.0000 -0.7873
vn 0.7280 -0.0000 -0.6856
vn 0.7922 -0.0000 -0.6103
vn 0.9367 -0.0000 -0.3503
vn 1.0000 -0.0000 0.0085
vn 0.9442 -0.0000 0.3295
vn 0.7985 -0.0000 0.6020
vn 0.7982 -0.0000 0.6024
vn 0.5988 -0.0000 0.8009
vn 0.3898 -0.0000 0.9209
vn 0.2883 -0.0000 0.9575
vn -0.6162 -0.0000 -0.7876
vn -0.4141 -0.0000 -0.9102
vn -0.3147 -0.0000 -0.9492
vn -0.0139 0.9999 0.0021
vn -0.0134 0.9999 0.0056
vn -0.0139 0.9999 0.0029
vn -0.0133 0.9999 0.0065
vn -0.0119 0.9999 0.0097
vn -0.0116 0.9999 0.0108
vn -0.0091 0.9999 0.0137
vn -0.0085 0.9999 0.0150
vn -0.0053 0.9998 0.0165
vn -0.0042 0.9998 0.0175
vn -0.0006 0.9998 0.0180
vn 0.0010 0.9998 0.0188
vn 0.0040 0.9999 0.0158
vn 0.0057 0.9999 0.0157
vn -0.0005 1.0000 0.0005
vn 0.0004 1.0000 -0.0002
vn 0.0013 0.9999 -0.0129
vn 0.0017 0.9999 -0.0133
vn 0.0075 0.9999 -0.0077
vn 0.0074 0.9999 -0.0077
vn -0.0153 -0.9999 0.0024
vn -0.0138 -0.9999 0.0058
vn -0.0147 -0.9999 0.0032
vn -0.0132 -0.9999 0.0065
vn -0.0123 -0.9999 0.0101
vn -0.0114 -0.9999 0.0108
vn -0.0094 -0.9999 0.0142
vn -0.0082 -0.9999 0.0146
vn -0.0054 -0.9998 0.0172
vn -0.0040 -0.9998 0.0171
vn -0.0006 -0.9998 0.0192
vn 0.0010 -0.9998 0.0182
vn 0.0042 -0.9999 0.0163
vn 0.0054 -0.9999 0.0150
vn -0.0006 -1.0000 -0.0004
vn -0.0003 -1.0000 -0.0005
vn 0.0012 -0.9999 -0.0129
vn 0.0016 -0.9999 -0.0133
vn 0.0074 -0.9999 -0.0077
vn -0.9883 -0.0000 0.1523
vn -0.9883 -0.0000 0.1522
vn -0.9274 -0.2457 -0.2822
vn -0.9470 -0.2036 -0.2485
vn -0.7911 -0.2813 -0.5432
vn -0.7997 -0.2302 -0.5545
vn -0.9732 -0.1160 -0.1985
vn -0.8580 -0.1372 -0.4949
vn -0.8895 -0.0387 -0.4552
vn -0.9845 -0.0292 -0.1728
vn -0.9102 0.0601 -0.4097
vn -0.5154 -0.0418 -0.8559
vn -0.9858 0.0606 -0.1568
vn -0.5578 0.0449 -0.8288
vn -0.9093 0.1690 -0.3803
vn -0.9751 0.1594 -0.1544
vn -0.6112 0.1410 -0.7788
vn -0.8624 0.3509 -0.3648
vn -0.6530 0.2953 -0.6974
vn -0.6095 0.4824 -0.6291
vn -0.9229 0.3511 -0.1582
vn -0.7101 0.6221 -0.3297
vn -0.7570 0.6424 -0.1194
vn -0.6247 0.7759 -0.0882
vn -0.6418 0.7281 -0.2406
vn -0.7567 0.6428 -0.1194
vn -0.7097 0.6225 -0.3299
vn -0.6093 0.4826 -0.6291
vn -0.7306 0.5794 -0.3614
vn -0.7907 -0.2814 -0.5437
vn -0.7993 -0.2302 -0.5551
vn -0.7248 -0.2921 -0.6239
vn -0.5839 -0.2196 -0.7816
vn -0.8577 -0.1372 -0.4955
vn -0.5053 -0.1255 -0.8538
vn -0.8894 -0.0388 -0.4555
vn -0.8040 -0.1018 -0.5859
vn -0.5150 -0.0419 -0.8562
vn -0.4824 -0.0825 -0.8721
vn -0.3512 -0.0155 -0.9362
vn -0.6705 -0.0681 -0.7388
vn -0.4408 -0.0000 -0.8976
vn -0.5572 0.0449 -0.8292
vn -0.4012 -0.0004 -0.9160
vn -0.3428 0.0112 -0.9394
vn -0.6108 0.1409 -0.7791
vn -0.4120 0.0448 -0.9101
vn -0.3865 0.0147 -0.9222
vn -0.6526 0.2951 -0.6979
vn -0.5602 0.1802 -0.8085
vn -0.6092 0.4823 -0.6295
vn -0.5560 0.4611 -0.6915
vn -0.7304 0.5794 -0.3616
vn -0.4827 -0.0826 -0.8719
vn -0.8043 -0.1016 -0.5855
vn -0.9556 -0.0000 -0.2945
vn -0.9974 -0.0550 -0.0472
vn -0.9497 -0.1882 -0.2505
vn -0.7252 -0.2921 -0.6235
vn -0.0000 0.9936 -0.1128
vn -0.0000 0.9531 -0.3028
vn -0.0000 0.7916 -0.6111
vn -0.0000 -0.9826 -0.1855
vn -0.0000 -0.9822 -0.1880
vn -0.0000 -0.9817 -0.1905
vn -0.0000 -0.9807 -0.1954
vn -0.0000 -0.0000 -1.0000
vn -0.0000 0.0047 -1.0000
vn -0.0000 0.0140 -0.9999
vn -0.0000 0.2167 -0.9762
vn -0.0000 0.5546 -0.8321
vn -0.0000 0.7911 -0.6116
vn 0.7306 0.5794 -0.3614
vn 0.6418 0.7281 -0.2406
vn 0.6093 0.4826 -0.6291
vn 0.7097 0.6225 -0.3299
vn 0.7566 0.6429 -0.1194
vn 0.6247 0.7758 -0.0882
vn 0.7907 -0.2814 -0.5437
vn 0.7248 -0.2921 -0.6240
vn 0.7993 -0.2302 -0.5551
vn 0.5839 -0.2196 -0.7816
vn 0.8611 -0.1423 -0.4881
vn 0.4964 -0.1262 -0.8589
vn 0.8039 -0.1017 -0.5860
vn 0.4793 -0.0655 -0.8752
vn 0.5071 -0.0384 -0.8610
vn 0.8928 -0.0342 -0.4491
vn 0.3465 -0.0320 -0.9375
vn 0.5644 0.0279 -0.8250
vn 0.4560 -0.0239 -0.8897
vn 0.6839 -0.0444 -0.7282
vn 0.4016 0.0003 -0.9158
vn 0.3310 -0.0039 -0.9436
vn 0.3873 0.0136 -0.9219
vn 0.4012 0.0558 -0.9143
vn 0.6161 0.1590 -0.7714
vn 0.6526 0.2950 -0.6979
vn 0.5602 0.1802 -0.8086
vn 0.6092 0.4823 -0.6295
vn 0.5560 0.4611 -0.6915
vn 0.7304 0.5794 -0.3616
vn 0.4796 -0.0655 -0.8750
vn 0.8042 -0.1016 -0.5856
vn 0.9556 -0.0000 -0.2946
vn 0.9974 -0.0551 -0.0473
vn 0.9496 -0.1882 -0.2505
vn 0.7252 -0.2920 -0.6235
vn 0.0087 -0.1037 0.9946
vn -0.0087 -0.1037 0.9946
vn -0.0000 -1.0000 -0.0071
vn 0.9950 -0.0977 -0.0183
vn 0.9951 -0.0969 -0.0175
vn 0.9960 -0.0883 -0.0137
vn 0.9950 -0.0979 -0.0185
vn 0.9983 -0.0588 -0.0028
vn 0.9992 -0.0389 -0.0058
vn 0.9994 -0.0347 -0.0069
vn 0.9997 -0.0242 -0.0048
vn 0.9999 -0.0152 -0.0030
vn -0.0000 -0.2648 0.9643
vn -0.9960 -0.0883 -0.0137
vn -0.9951 -0.0969 -0.0175
vn -0.9950 -0.0977 -0.0183
vn -0.9950 -0.0979 -0.0185
vn -0.9983 -0.0588 -0.0028
vn -0.9992 -0.0389 -0.0058
vn -0.9994 -0.0347 -0.0069
vn -0.9997 -0.0242 -0.0048
vn -0.9999 -0.0152 -0.0030
vn -0.0000 0.9840 0.1781
vn 0.9274 -0.2457 -0.2822
vn 0.7910 -0.2813 -0.5433
vn 0.9478 -0.2015 -0.2470
vn 0.7997 -0.2302 -0.5545
vn 0.9735 -0.1146 -0.1981
vn 0.8614 -0.1423 -0.4875
vn 0.9843 -0.0327 -0.1737
vn 0.8930 -0.0341 -0.4489
vn 0.9116 0.0562 -0.4071
vn 0.5075 -0.0383 -0.8608
vn 0.5650 0.0280 -0.8246
vn 0.9858 0.0606 -0.1568
vn 0.6167 0.1591 -0.7709
vn 0.9099 0.1725 -0.3772
vn 0.9750 0.1597 -0.1545
vn 0.8624 0.3509 -0.3648
vn 0.6530 0.2953 -0.6974
vn 0.6095 0.4824 -0.6291
vn 0.9229 0.3511 -0.1582
vn 0.7101 0.6221 -0.3298
vn 0.7570 0.6424 -0.1194
vn -0.9993 -0.0000 0.0371
vn -0.9347 -0.0000 -0.3555
vn -0.3907 -0.0000 -0.9205
vn 0.0045 -0.0000 -1.0000
vn -0.3902 -0.0000 -0.9207
vn -0.9189 -0.0000 0.3945
vn 0.9189 -0.0000 0.3945
vn -0.7627 -0.0000 0.6467
vn 0.7627 -0.0000 0.6467
vn -0.9740 -0.0000 0.2265
vn -0.7627 0.0002 0.6467
vn 0.9740 -0.0000 0.2265
vn 0.7627 -0.0001 0.6467
vn -0.0140 0.9999 0.0029
vn -0.0052 0.9998 0.0165
vn 0.0013 -0.9999 -0.0129
vn 0.0017 -0.9999 -0.0133
vn -0.3908 -0.0000 -0.9205
vn 0.7627 -0.0003 0.6467
vn 0.7627 0.0001 0.6467
vn 0.7555 -0.0000 0.6551
vn -1.0000 -0.0000 -0.0015
vn -0.6420 -0.0000 0.7667
vn -0.0000 -1.0000 0.0001
vn -0.7005 -0.7137 -0.0001
vn -0.7005 -0.7137 -0.0002
vn -0.7005 -0.7137 0.0001
vn 0.0001 -1.0000 -0.0000
vn -0.0001 -1.0000 -0.0000
vn -0.0004 -1.0000 -0.0000
vn -0.0000 -1.0000 -0.0001
vn -0.0000 -1.0000 -0.0002
vn 0.7009 0.7132 -0.0000
vn -0.4485 -0.4569 -0.7682
vn 0.7137 -0.7005 -0.0000
vn -0.7137 0.7005 -0.0000
vn 0.0002 -1.0000 -0.0000
vn 1.0000 -0.0001 -0.0000
vn -0.0000 0.0001 1.0000
vn 0.9021 -0.0008 0.4315
vn 0.7900 0.6131 -0.0000
vn 1.0000 -0.0001 -0.0002
vn 1.0000 0.0001 -0.0012
vn 1.0000 -0.0001 0.0001
vn 1.0000 0.0001 -0.0008
vn 1.0000 -0.0000 -0.0001
vn 1.0000 0.0001 -0.0000
vn 1.0000 -0.0001 -0.0001
vn 1.0000 -0.0000 0.0001
vn 1.0000 -0.0001 -0.0003
vn 0.7899 0.6133 -0.0000
vn 0.7899 0.6133 0.0001
vn 0.7899 0.6132 0.0001
vn 0.7899 0.6132 -0.0000
vn 0.0001 1.0000 -0.0000
vn 0.7005 -0.7137 -0.0000
vn 0.3241 -0.9460 -0.0000
vn -0.7899 -0.6133 -0.0000
vn 0.0001 -0.0000 1.0000
vn 0.7618 -0.0001 0.6478
vn 0.7619 -0.0000 0.6477
vn -0.9734 -0.0000 0.2291
vn 0.7255 -0.0000 0.6882
vn 0.7774 -0.0000 0.6290
vn 0.9206 -0.0000 0.3904
vn 0.9996 -0.0000 0.0278
vn 0.9527 -0.0000 -0.3040
vn 0.8108 -0.0000 -0.5854
vn 0.6166 -0.0000 -0.7873
vn -0.7280 -0.0000 -0.6856
vn -0.7922 -0.0000 -0.6103
vn -0.9367 -0.0000 -0.3503
vn -1.0000 -0.0000 0.0085
vn -0.9442 -0.0000 0.3295
vn -0.7985 -0.0000 0.6020
vn -0.7982 -0.0000 0.6024
vn -0.5988 -0.0000 0.8009
vn -0.3898 -0.0000 0.9209
vn -0.2883 -0.0000 0.9575
vn 0.6162 -0.0000 -0.7876
vn 0.4141 -0.0000 -0.9102
vn 0.3147 -0.0000 -0.9492
vn 0.0139 0.9999 0.0021
vn 0.0140 0.9999 0.0029
vn 0.0134 0.9999 0.0056
vn 0.0133 0.9999 0.0065
vn 0.0119 0.9999 0.0097
vn 0.0116 0.9999 0.0108
vn 0.0091 0.9999 0.0137
vn 0.0085 0.9999 0.0150
vn 0.0053 0.9998 0.0165
vn 0.0042 0.9998 0.0175
vn 0.0006 0.9998 0.0180
vn -0.0010 0.9998 0.0188
vn -0.0040 0.9999 0.0158
vn -0.0057 0.9999 0.0157
vn 0.0005 1.0000 0.0005
vn -0.0004 1.0000 -0.0002
vn -0.0013 0.9999 -0.0129
vn -0.0017 0.9999 -0.0133
vn -0.0075 0.9999 -0.0077
vn 0.0153 -0.9999 0.0024
vn 0.0147 -0.9999 0.0032
vn 0.0138 -0.9999 0.0058
vn 0.0132 -0.9999 0.0065
vn 0.0123 -0.9999 0.0101
vn 0.0114 -0.9999 0.0108
vn 0.0094 -0.9999 0.0142
vn 0.0082 -0.9999 0.0146
vn 0.0054 -0.9998 0.0172
vn 0.0040 -0.9998 0.0171
vn 0.0006 -0.9998 0.0192
vn -0.0010 -0.9998 0.0182
vn -0.0042 -0.9999 0.0163
vn -0.0054 -0.9999 0.0150
vn 0.0006 -1.0000 -0.0004
vn 0.0003 -1.0000 -0.0005
vn -0.0013 -0.9999 -0.0129
vn -0.0017 -0.9999 -0.0133
vn -0.0074 -0.9999 -0.0077
vn 0.9883 -0.0000 0.1523
vn 0.9883 -0.0000 0.1522
vn 0.7911 -0.2813 -0.5432
vn 0.9470 -0.2035 -0.2484
vn 0.9732 -0.1160 -0.1985
vn 0.8580 -0.1372 -0.4949
vn 0.8895 -0.0387 -0.4552
vn 0.9845 -0.0292 -0.1728
vn 0.9102 0.0601 -0.4097
vn 0.5154 -0.0418 -0.8559
vn 0.9856 0.0611 -0.1574
vn 0.5578 0.0449 -0.8288
vn 0.9093 0.1690 -0.3803
vn 0.9751 0.1593 -0.1543
vn 0.6112 0.1410 -0.7788
vn 0.9229 0.3512 -0.1581
vn 0.6247 0.7759 -0.0882
vn 0.7567 0.6428 -0.1194
vn 0.7249 -0.2921 -0.6239
vn 0.8577 -0.1372 -0.4955
vn 0.5053 -0.1255 -0.8538
vn 0.8040 -0.1017 -0.5859
vn 0.8894 -0.0388 -0.4555
vn 0.4824 -0.0825 -0.8721
vn 0.5151 -0.0419 -0.8561
vn 0.3512 -0.0155 -0.9362
vn 0.6705 -0.0681 -0.7388
vn 0.4408 -0.0000 -0.8976
vn 0.5572 0.0449 -0.8292
vn 0.4012 -0.0004 -0.9160
vn 0.3428 0.0112 -0.9394
vn 0.6108 0.1409 -0.7791
vn 0.4120 0.0448 -0.9101
vn 0.3865 0.0147 -0.9222
vn 0.5602 0.1802 -0.8085
vn 0.4827 -0.0826 -0.8719
vn 0.8043 -0.1016 -0.5855
vn 0.9556 -0.0000 -0.2945
vn 0.9974 -0.0550 -0.0472
vn 0.9497 -0.1882 -0.2505
vn -0.7305 0.5794 -0.3614
vn -0.7566 0.6429 -0.1194
vn -0.6247 0.7758 -0.0882
vn -0.8611 -0.1423 -0.4881
vn -0.4964 -0.1262 -0.8589
vn -0.8039 -0.1018 -0.5859
vn -0.4793 -0.0655 -0.8752
vn -0.5071 -0.0384 -0.8610
vn -0.8928 -0.0342 -0.4491
vn -0.3465 -0.0320 -0.9375
vn -0.5644 0.0280 -0.8251
vn -0.4560 -0.0239 -0.8897
vn -0.6839 -0.0444 -0.7282
vn -0.4016 0.0003 -0.9158
vn -0.3310 -0.0039 -0.9436
vn -0.3873 0.0136 -0.9219
vn -0.4012 0.0558 -0.9143
vn -0.6161 0.1590 -0.7714
vn -0.6526 0.2950 -0.6979
vn -0.5602 0.1802 -0.8086
vn -0.4796 -0.0655 -0.8750
vn -0.8042 -0.1016 -0.5856
vn -0.9556 -0.0000 -0.2946
vn -0.9974 -0.0551 -0.0473
vn -0.9496 -0.1882 -0.2505
vn -0.9479 -0.2013 -0.2470
vn -0.9735 -0.1146 -0.1981
vn -0.8614 -0.1423 -0.4875
vn -0.9843 -0.0327 -0.1737
vn -0.8930 -0.0341 -0.4488
vn -0.9116 0.0562 -0.4071
vn -0.5075 -0.0383 -0.8608
vn -0.5650 0.0280 -0.8246
vn -0.9857 0.0610 -0.1571
vn -0.6167 0.1591 -0.7709
vn -0.9099 0.1725 -0.3772
vn -0.9751 0.1593 -0.1543
vn 0.9993 -0.0000 0.0371
vn 0.9347 -0.0000 -0.3555
vn 0.3907 -0.0000 -0.9205
vn 0.3902 -0.0000 -0.9207
vn -0.0044 -0.0000 -1.0000
vn -0.7627 -0.0003 0.6467
vn 0.0139 0.9999 0.0029
vn 0.0052 0.9998 0.0165
vn -0.0074 0.9999 -0.0077
vn -0.0075 -0.9999 -0.0077
vn -0.0074 -0.9999 -0.0078
vn -0.0045 -0.0000 -1.0000
vn -0.7627 -0.0000 0.6468
vn -0.7628 -0.0000 0.6467
vn 0.7627 0.0002 0.6467
vn -0.7627 0.0001 0.6467
vn -0.7555 -0.0000 0.6551
vn 1.0000 -0.0000 -0.0015
vn 0.6420 -0.0000 0.7667
vn 0.7005 -0.7137 -0.0001
vn 0.7005 -0.7137 -0.0002
vn 0.7005 -0.7137 0.0001
vn -0.7009 0.7132 -0.0000
vn 0.4485 -0.4569 -0.7682
vn -0.7137 -0.7005 -0.0000
vn 0.7137 0.7005 -0.0000
vn -0.0002 -1.0000 -0.0000
vn -0.9021 -0.0008 0.4315
vn 0.7917 -0.6109 -0.0000
vn 0.9464 -0.3230 -0.0000
vn 0.9464 -0.3229 -0.0000
vn -0.0000 -0.2079 0.9782
vn -0.0001 -0.2079 0.9782
vn 0.0001 -0.2079 0.9782
vn -0.0001 0.9758 0.2185
vn -0.0000 0.9758 0.2186
vn -0.0000 0.9758 0.2187
vn 0.0001 0.9758 0.2185
vn -0.0000 -0.2079 0.9781
vn -0.0000 0.2170 -0.9762
vn 0.0015 0.2169 -0.9762
vn 0.0015 0.2168 -0.9762
vn -0.0009 0.2031 -0.9792
vn -0.0047 0.2040 -0.9790
vn -0.0000 0.2077 -0.9782
vn -0.0000 0.2079 -0.9781
vn -0.9464 -0.3229 -0.0000
vn -0.7917 -0.6109 -0.0000
vn -0.9464 -0.3230 -0.0000
vn -0.0001 0.2170 -0.9762
vn -0.0015 0.2169 -0.9762
vn 0.0043 0.2039 -0.9790
vn 0.0047 0.2040 -0.9790
vn -0.0000 0.9784 -0.2068
vn -0.0000 0.7481 -0.6636
vn -0.6131 -0.7900 -0.0000
vn 0.6131 0.7900 -0.0000
vn 0.6131 -0.7900 -0.0000
vn -0.6131 0.7900 -0.0000
vn 0.5993 0.8005 -0.0000
vn -0.5993 -0.8005 -0.0000
vn -0.5994 -0.8004 -0.0000
vn 0.6099 -0.4565 0.6478
vn 0.6098 -0.4567 0.6478
vn -0.6098 0.4566 0.6478
vn -0.6099 0.4565 0.6478
vn 0.7792 -0.5834 0.2292
vn -0.7792 0.5834 0.2292
vn -0.6098 0.4567 0.6478
vn 0.7792 -0.5833 0.2292
vn 0.6099 -0.4566 0.6477
vn 0.6098 -0.4566 0.6478
vn -0.5993 0.8005 -0.0000
vn -0.5994 0.8005 -0.0000
vn 0.5994 -0.8005 -0.0000
vn 0.5993 -0.8005 -0.0000
vn 0.5993 -0.8006 -0.0000
vn -0.6098 -0.4566 0.6478
vn -0.6099 -0.4565 0.6478
vn 0.6098 0.4566 0.6478
vn 0.6100 0.4563 0.6478
vn -0.7792 -0.5833 0.2292
vn -0.6099 -0.4566 0.6477
vn 0.6099 0.4566 0.6478
vn 0.7792 0.5833 0.2292
vn 0.6099 0.4565 0.6478
vn 0.6098 0.4567 0.6477
vn -0.6097 -0.4567 0.6478
vn -0.6098 -0.4565 0.6478
vn 0.6098 0.4567 0.6478
vn -0.0007 0.0004 1.0000
vn -0.0000 0.0004 1.0000
vn 1.0000 -0.0000 -0.0002
vn 0.9466 -0.3224 0.0001
vn 0.9466 -0.3225 -0.0000
vn 0.0007 -0.0004 -1.0000
vn -0.0000 -0.0004 -1.0000
vn -1.0000 0.0001 0.0002
vn 0.7899 -0.6133 0.0012
vn 0.9460 -0.3241 0.0014
vn 1.0000 -0.0000 0.0024
vn 1.0000 -0.0000 0.0025
vn -0.7899 0.6132 -0.0012
vn -0.9460 0.3242 -0.0014
vn -0.9460 0.3241 -0.0014
vn -1.0000 -0.0000 -0.0024
vn -1.0000 -0.0000 -0.0025
vn -0.0000 1.0000 0.0024
vn -0.0000 1.0000 0.0025
vn -0.0000 -1.0000 -0.0024
vn -0.0000 -1.0000 -0.0025
vn -1.0000 -0.0000 0.0023
vn -0.9460 -0.3242 0.0014
vn -0.7899 -0.6133 0.0013
vn 1.0000 -0.0000 -0.0023
vn 0.9460 0.3241 -0.0014
vn 0.7899 0.6133 -0.0013
vn 0.0001 0.0003 1.0000
vn 0.0013 -0.0007 1.0000
vn -0.0000 0.0002 1.0000
vn 0.0021 -0.0008 1.0000
vn 0.0021 -0.0009 1.0000
vn 0.0012 -0.0012 1.0000
vn -0.0000 -0.0024 1.0000
vn -0.0012 -0.0012 1.0000
vn -0.0021 -0.0008 1.0000
vn -0.0013 -0.0007 1.0000
vn -0.0001 0.0003 1.0000
vn -0.0000 -1.0000 0.0002
vn -0.0001 -1.0000 -0.0001
vn -0.0001 -0.0003 -1.0000
vn -0.0000 -0.0002 -1.0000
vn -0.0013 0.0007 -1.0000
vn -0.0021 0.0008 -1.0000
vn -0.0012 0.0012 -1.0000
vn -0.0000 0.0024 -1.0000
vn 0.0012 0.0012 -1.0000
vn 0.0021 0.0009 -1.0000
vn 0.0021 0.0008 -1.0000
vn 0.0013 0.0007 -1.0000
vn 0.0001 -0.0003 -1.0000
vn -0.0000 1.0000 -0.0002
vn -0.0001 1.0000 0.0001
vn -0.0000 1.0000 -0.0001
vn 0.0007 0.0004 1.0000
vn -0.9466 -0.3224 -0.0000
vn -0.9466 -0.3224 0.0001
vn -0.0007 -0.0004 -1.0000
vn 1.0000 0.0001 0.0001
vn -0.7073 -0.7069 -0.0000
vn -0.7073 0.7069 -0.0000
vn -0.7069 -0.7073 -0.0000
vn -0.7069 -0.7073 -0.0001
vn 0.7069 -0.7073 -0.0000
vn 0.7073 -0.7069 -0.0000
vn 0.7073 0.7069 -0.0000
vn 0.7069 0.7073 -0.0000
vn 0.7069 0.7073 0.0001
vn -0.7069 0.7073 -0.0000
vn -1.0000 -0.0000 -0.0006
vn -0.3582 0.2592 0.8970
vn -0.7547 0.5427 0.3685
vn -0.1371 0.4208 0.8967
vn -0.2881 0.8839 0.3685
vn -0.8117 0.5840 -0.0005
vn 0.1371 0.4209 0.8967
vn -0.3102 0.9507 -0.0008
vn 0.2881 0.8839 0.3685
vn 0.3580 0.2601 0.8968
vn 0.3103 0.9506 -0.0008
vn 0.7539 0.5434 0.3693
vn 0.8118 0.5840 -0.0005
vn 0.6367 -0.4656 -0.6146
vn 0.8074 -0.5900 0.0007
vn 0.2446 -0.7507 -0.6136
vn 0.3103 -0.9506 0.0009
vn 0.6370 -0.4641 0.6155
vn 0.2447 -0.7495 0.6151
vn -0.2446 -0.7506 -0.6138
vn -0.2446 -0.7495 0.6151
vn -0.3104 -0.9506 0.0009
vn -0.6369 -0.4653 -0.6147
vn -0.8074 -0.5900 0.0004
vn -0.6367 -0.4645 0.6154
vn 0.6372 -0.4638 0.6155
vn 0.8078 -0.5894 0.0007
vn 0.7699 -0.1241 0.6260
vn 0.9876 -0.1572 0.0003
vn 0.6370 -0.4653 -0.6146
vn 0.7700 0.1247 0.6257
vn 0.7699 -0.1247 -0.6258
vn 0.9876 0.1572 -0.0003
vn 0.6370 0.4653 0.6146
vn 0.7698 0.1241 -0.6261
vn 0.8078 0.5894 -0.0007
vn 0.6372 0.4638 -0.6155
vn -0.8121 0.5835 -0.0006
vn -0.7551 0.5422 0.3686
vn -0.9883 0.1528 -0.0001
vn -0.9243 0.1463 0.3525
vn -0.3582 0.2592 0.8969
vn -0.9883 -0.1528 0.0002
vn -0.4682 0.0739 0.8805
vn -0.9242 -0.1448 0.3534
vn -0.8121 -0.5835 0.0006
vn -0.4687 -0.0715 0.8805
vn -0.7543 -0.5421 0.3703
vn -0.3580 -0.2584 0.8973
vn 0.6367 0.4657 0.6146
vn 0.8074 0.5900 -0.0007
vn 0.2446 0.7506 0.6138
vn 0.3103 0.9506 -0.0009
vn 0.6370 0.4641 -0.6155
vn 0.2447 0.7494 -0.6152
vn -0.3104 0.9506 -0.0009
vn -0.2446 0.7506 0.6138
vn -0.6370 0.4653 0.6146
vn -0.2446 0.7495 -0.6151
vn -0.8074 0.5900 -0.0004
vn -0.6367 0.4646 -0.6154
vn -0.8117 -0.5840 0.0006
vn -0.7539 -0.5427 0.3703
vn -0.3103 -0.9506 0.0010
vn -0.2881 -0.8832 0.3701
vn -0.1371 -0.4192 0.8975
vn 0.2881 -0.8832 0.3701
vn 0.3103 -0.9506 0.0010
vn 0.8118 -0.5840 0.0006
vn 0.1371 -0.4192 0.8975
vn 0.7547 -0.5420 0.3696
vn 0.3582 -0.2575 0.8974
vn -0.6372 0.4650 0.6146
vn -0.8079 0.5894 -0.0004
vn -0.7699 0.1252 0.6257
vn -0.9876 0.1573 -0.0000
vn -0.6369 0.4643 -0.6154
vn -0.7701 -0.1237 0.6258
vn -0.7700 0.1237 -0.6259
vn -0.9876 -0.1573 -0.0000
vn -0.6370 -0.4642 0.6154
vn -0.7700 -0.1252 -0.6257
vn -0.8078 -0.5894 0.0004
vn -0.6372 -0.4649 -0.6147
vn 0.8121 -0.5835 0.0006
vn 0.7551 -0.5415 0.3696
vn 0.9883 -0.1528 0.0002
vn 0.9243 -0.1457 0.3528
vn 0.3582 -0.2576 0.8974
vn 0.9883 0.1528 -0.0001
vn 0.4682 -0.0723 0.8806
vn 0.9242 0.1454 0.3532
vn 0.8121 0.5835 -0.0005
vn 0.4687 0.0730 0.8803
vn 0.7543 0.5429 0.3692
vn -0.0000 0.0009 1.0000
vn -0.0000 -0.0009 -1.0000
vn -0.9954 -0.0000 0.0963
vn -0.8856 -0.0000 0.4645
vn -0.4795 -0.0000 0.8775
vn -0.4790 -0.0000 0.8778
vn -0.4790 0.0001 0.8778
vn -0.2007 -0.0000 0.9797
vn -0.2588 -0.0000 0.9659
vn -0.9659 -0.0000 -0.2588
vn 0.9659 -0.0000 0.2588
vn 0.3582 0.2592 0.8970
vn 0.1371 0.4208 0.8967
vn 0.7547 0.5427 0.3686
vn 0.8117 0.5840 -0.0006
vn -0.1371 0.4209 0.8967
vn 0.3102 0.9507 -0.0008
vn -0.3580 0.2601 0.8968
vn -0.3103 0.9506 -0.0008
vn -0.7539 0.5434 0.3693
vn -0.8118 0.5840 -0.0004
vn -0.6367 -0.4656 -0.6146
vn -0.2447 -0.7507 -0.6136
vn -0.8074 -0.5900 0.0007
vn -0.3103 -0.9506 0.0009
vn -0.6370 -0.4641 0.6155
vn -0.2447 -0.7495 0.6151
vn 0.2446 -0.7506 -0.6138
vn 0.2446 -0.7495 0.6151
vn 0.3104 -0.9506 0.0009
vn 0.8074 -0.5900 0.0004
vn 0.6367 -0.4646 0.6155
vn -0.6372 -0.4638 0.6155
vn -0.7699 -0.1241 0.6260
vn -0.8078 -0.5894 0.0007
vn -0.9876 -0.1572 0.0003
vn -0.6370 -0.4653 -0.6146
vn -0.7700 0.1247 0.6257
vn -0.7699 -0.1247 -0.6258
vn -0.9876 0.1572 -0.0003
vn -0.6370 0.4654 0.6146
vn -0.7698 0.1241 -0.6261
vn -0.8078 0.5894 -0.0008
vn -0.6372 0.4638 -0.6155
vn 0.8121 0.5835 -0.0006
vn 0.7551 0.5422 0.3685
vn 0.9243 0.1463 0.3525
vn 0.3582 0.2592 0.8969
vn 0.4683 0.0738 0.8805
vn 0.9242 -0.1448 0.3534
vn 0.4687 -0.0716 0.8804
vn 0.7543 -0.5421 0.3703
vn 0.3580 -0.2584 0.8973
vn -0.6367 0.4657 0.6146
vn -0.2447 0.7506 0.6138
vn -0.8074 0.5900 -0.0007
vn -0.3103 0.9506 -0.0009
vn -0.6370 0.4641 -0.6155
vn -0.2447 0.7494 -0.6152
vn 0.3104 0.9506 -0.0009
vn 0.6370 0.4652 0.6146
vn 0.2446 0.7494 -0.6152
vn 0.8074 0.5900 -0.0004
vn 0.6367 0.4646 -0.6154
vn 0.8117 -0.5840 0.0006
vn 0.7539 -0.5427 0.3703
vn -0.8118 -0.5840 0.0006
vn -0.7547 -0.5421 0.3696
vn -0.3582 -0.2575 0.8974
vn 0.6373 0.4649 0.6146
vn 0.7700 0.1253 0.6257
vn 0.8078 0.5894 -0.0004
vn 0.9876 0.1573 -0.0000
vn 0.6369 0.4643 -0.6154
vn 0.7701 -0.1237 0.6258
vn 0.7700 0.1236 -0.6259
vn 0.9876 -0.1573 -0.0000
vn 0.6370 -0.4643 0.6154
vn 0.7699 -0.1253 -0.6257
vn 0.8078 -0.5894 0.0004
vn 0.6372 -0.4650 -0.6147
vn -0.7551 -0.5415 0.3696
vn -0.9243 -0.1457 0.3528
vn -0.3582 -0.2576 0.8974
vn -0.4682 -0.0723 0.8806
vn -0.9242 0.1454 0.3532
vn -0.8121 0.5835 -0.0005
vn -0.4688 0.0731 0.8803
vn -0.7543 0.5429 0.3693
vn 0.9954 -0.0000 0.0963
vn 0.8856 -0.0000 0.4645
vn 0.4795 -0.0000 0.8775
vn 0.4796 0.0001 0.8775
vn 0.2007 -0.0000 0.9797
vn 0.4790 -0.0000 0.8778
vn 0.2588 -0.0000 0.9659
vn 0.9659 -0.0000 -0.2588
vn -0.9659 -0.0000 0.2588
vn 0.7069 -0.7073 -0.0001
vn 0.7069 0.7073 0.0002
vn 0.7073 0.7069 0.0001
vn -0.7069 0.7073 -0.0001
vn 1.0000 -0.0000 0.0006
vn -0.0000 -0.7296 0.6839
vn -0.0000 0.7295 -0.6840
vn -0.0000 0.7295 0.6840
vn -0.0000 -0.7296 -0.6839
vn -0.7995 -0.0000 -0.6007
vn 0.7995 -0.0000 -0.6007
vn -0.8150 -0.4687 0.3407
vn -0.8183 -0.5634 0.1140
vn -0.0000 -0.7008 0.7134
vn -0.0000 -0.9416 0.3367
vn -0.8508 -0.5255 0.0049
vn 0.8073 -0.5785 0.1165
vn 0.8048 -0.4784 0.3513
vn 0.8467 -0.5320 -0.0017
vn -0.0000 -0.9984 0.0571
vn -0.8655 -0.5008 -0.0014
vn -0.0000 -1.0000 -0.0014
vn 0.8656 -0.5008 -0.0014
vn -0.9003 0.0715 -0.4293
vn -0.0000 0.5533 -0.8329
vn -0.8941 0.3165 -0.3170
vn -0.0062 0.9178 -0.3971
vn -0.8702 0.4836 -0.0937
vn 0.8817 0.3425 -0.3245
vn 0.8899 0.1057 -0.4437
vn -0.0055 0.9957 -0.0926
vn 0.8637 0.4915 -0.1117
vn 0.8663 0.4994 -0.0014
vn -0.0000 1.0000 -0.0014
vn -0.8663 0.4995 -0.0014
vn -0.7519 -0.4154 0.5119
vn -0.0000 -0.5443 0.8389
vn -0.0000 -0.7003 0.7138
vn 0.8047 -0.4785 0.3513
vn 0.7494 -0.4064 0.5227
vn -0.9328 -0.0515 -0.3566
vn -0.9002 0.0716 -0.4295
vn -0.8149 -0.4688 0.3407
vn -0.8939 0.3167 -0.3171
vn -0.8702 0.4837 -0.0937
vn -0.8656 -0.5008 -0.0014
vn -0.8663 0.4995 -0.0012
vn -0.0000 0.2734 -0.9619
vn -0.9003 0.0716 -0.4294
vn -0.0000 0.5527 -0.8334
vn 0.8898 0.1059 -0.4438
vn 0.9247 -0.0026 -0.3807
vn 0.8900 0.1058 -0.4436
vn 0.8656 -0.5008 -0.0013
vn 0.8663 0.4995 -0.0014
vn -0.7073 -0.7069 -0.0003
vn -0.0000 -0.9397 -0.3420
vn -0.0000 0.9397 0.3420
vn 0.8150 -0.4687 0.3407
vn 0.8183 -0.5634 0.1140
vn 0.8508 -0.5255 0.0048
vn -0.8073 -0.5785 0.1166
vn -0.8048 -0.4784 0.3513
vn -0.8467 -0.5320 -0.0016
vn -0.8656 -0.5008 -0.0012
vn 0.9004 0.0714 -0.4292
vn 0.8940 0.3165 -0.3171
vn -0.0000 0.5533 -0.8330
vn 0.0062 0.9178 -0.3971
vn 0.8702 0.4836 -0.0937
vn -0.8817 0.3425 -0.3245
vn -0.8899 0.1056 -0.4437
vn 0.0055 0.9957 -0.0926
vn -0.8637 0.4915 -0.1117
vn -0.8664 0.4994 -0.0014
vn 0.8663 0.4995 -0.0010
vn 0.7519 -0.4154 0.5119
vn 0.8149 -0.4688 0.3407
vn -0.7494 -0.4064 0.5227
vn 0.9328 -0.0516 -0.3566
vn 0.7520 -0.4154 0.5118
vn 0.9003 0.0717 -0.4294
vn 0.8939 0.3167 -0.3171
vn 0.8702 0.4837 -0.0938
vn 0.9328 -0.0515 -0.3566
vn -0.8898 0.1060 -0.4438
vn -0.9247 -0.0025 -0.3806
vn -0.9247 -0.0026 -0.3807
vn -0.8899 0.1057 -0.4437
vn -0.8073 -0.5785 0.1165
vn -0.8467 -0.5320 -0.0017
vn -0.8663 0.4995 -0.0013
vn -0.7069 -0.7073 0.0001
vn -0.7073 0.7069 0.0001
vn 0.7899 -0.6132 -0.0000
vn -0.7899 -0.6132 -0.0000
vn 0.7619 -0.0002 0.6477
vn -0.7618 0.0004 0.6478
vn 0.7618 -0.0002 0.6478
vn 0.7618 0.0002 0.6478
vn 0.8661 0.4998 -0.0000
vn 0.8662 -0.4998 -0.0000
vn 0.8658 0.5003 -0.0001
vn 0.5001 0.8660 -0.0000
vn 0.8658 0.5003 -0.0000
vn -0.5002 0.8659 -0.0000
vn -0.5001 0.8659 -0.0000
vn -0.8659 0.5002 -0.0000
vn -0.8658 0.5003 -0.0000
vn -0.8662 0.4996 -0.0001
vn -0.8662 0.4997 -0.0000
vn -0.8662 -0.4997 -0.0000
vn -0.8659 -0.5002 -0.0000
vn -0.5000 -0.8660 -0.0000
vn 0.5000 -0.8660 -0.0000
vn 0.8658 -0.5003 -0.0000
vn 0.8311 0.5495 0.0852
vn 0.8586 0.5126 -0.0037
vn 0.4775 0.8408 0.2551
vn 0.4932 0.8693 0.0320
vn 0.5001 0.8659 -0.0000
vn -0.0000 0.9990 0.0446
vn -0.0000 0.9479 0.3185
vn -0.4900 0.8713 0.0278
vn -0.8578 0.5138 -0.0156
vn -0.8268 0.5573 0.0765
vn -0.4675 0.8470 0.2531
vn -0.0000 0.6980 0.7161
vn 0.4711 0.6404 0.6066
vn -0.4584 0.6460 0.6104
vn 0.4913 -0.8643 -0.1075
vn 0.8672 -0.4883 -0.0982
vn 0.5096 -0.7242 -0.4646
vn 0.8836 -0.3051 -0.3553
vn 0.5040 -0.3543 -0.7877
vn 0.8678 -0.0065 -0.4969
vn 0.9619 0.2560 -0.0960
vn 0.9803 0.1378 -0.1413
vn 0.9668 0.2548 0.0167
vn 0.8751 0.1305 -0.4660
vn 0.8749 0.0851 -0.4768
vn 0.5127 0.0179 -0.8584
vn 0.5263 -0.0542 -0.8486
vn 0.9839 0.1760 0.0304
vn 0.8105 0.3567 0.4647
vn 0.8132 0.2901 0.5046
vn 0.8185 0.4835 0.3104
vn 0.4570 0.4260 0.7809
vn 0.4516 0.3639 0.8147
vn 0.4715 0.6401 0.6066
vn 0.8315 0.5489 0.0853
vn 0.4778 0.8406 0.2551
vn 0.9985 0.0154 -0.0534
vn 0.8589 0.5121 -0.0038
vn -0.5178 -0.3396 -0.7852
vn -0.5171 -0.7217 -0.4602
vn -0.0054 -0.5585 -0.8295
vn -0.0041 -0.8968 -0.4423
vn 0.5037 -0.3543 -0.7879
vn 0.5091 -0.7245 -0.4647
vn -0.4925 -0.8642 -0.1033
vn -0.0019 -0.9961 -0.0879
vn 0.4910 -0.8645 -0.1073
vn -0.8616 -0.4966 -0.1046
vn 0.8670 -0.4885 -0.0981
vn -0.5182 -0.3396 -0.7850
vn -0.8520 -0.0501 -0.5212
vn -0.5176 -0.7214 -0.4601
vn -0.8693 -0.3337 -0.3648
vn -0.4927 -0.8640 -0.1034
vn -0.8619 -0.4962 -0.1047
vn -0.9976 0.0145 -0.0681
vn -0.8662 -0.4996 -0.0000
vn -0.9780 0.1422 -0.1529
vn -0.8581 0.5132 -0.0157
vn -0.8662 0.4997 0.0001
vn -0.8270 0.5570 0.0765
vn -0.9618 0.2549 -0.0997
vn -0.8685 0.0910 -0.4872
vn -0.8140 0.4902 0.3115
vn -0.4678 0.8468 0.2532
vn -0.4589 0.6457 0.6104
vn -0.9753 0.2206 0.0102
vn -0.8141 0.3385 0.4718
vn -0.4534 0.4207 0.7858
vn -0.4516 0.3639 0.8146
vn -0.8123 0.2882 0.5070
vn -0.9846 0.1726 0.0270
vn -0.8749 0.0851 -0.4768
vn -0.5372 -0.0308 -0.8429
vn -0.5127 0.0179 -0.8584
vn 0.8750 0.1303 -0.4663
vn 0.5261 -0.0543 -0.8487
vn 0.8675 -0.0066 -0.4974
vn 0.5036 -0.3540 -0.7881
vn -0.0054 -0.5580 -0.8299
vn -0.0034 -0.1872 -0.9823
vn -0.5177 -0.3393 -0.7854
vn -0.0000 -0.0072 -1.0000
vn 0.5121 0.0179 -0.8587
vn -0.5122 0.0179 -0.8587
vn -0.5369 -0.0309 -0.8431
vn -0.8684 0.0909 -0.4875
vn -0.8516 -0.0502 -0.5217
vn -0.4511 0.3639 0.8149
vn -0.0000 0.3890 0.9212
vn -0.4528 0.4208 0.7860
vn -0.0000 0.4496 0.8932
vn 0.4511 0.3639 0.8149
vn -0.4585 0.6456 0.6107
vn 0.4564 0.4261 0.7811
vn -0.0000 0.6975 0.7166
vn 0.4711 0.6401 0.6069
vn 0.8659 0.5003 -0.0000
vn -0.8662 0.4996 -0.0000
vn -0.8661 0.4998 -0.0000
vn -0.8662 -0.4998 0.0002
vn -0.8662 -0.4998 -0.0000
vn -0.5001 0.8660 -0.0000
vn 0.5002 0.8659 -0.0000
vn 0.8659 0.5002 -0.0002
vn 0.8662 0.4996 -0.0000
vn 0.8662 0.4997 0.0002
vn 0.8662 -0.4997 -0.0000
vn 0.8659 -0.5002 -0.0000
vn 0.8659 -0.5002 -0.0001
vn -0.8658 -0.5003 -0.0000
vn -0.8311 0.5495 0.0852
vn -0.4776 0.8407 0.2551
vn -0.8586 0.5126 -0.0037
vn -0.4932 0.8693 0.0320
vn 0.4900 0.8713 0.0278
vn 0.8659 0.5002 -0.0000
vn 0.8578 0.5137 -0.0156
vn 0.8268 0.5573 0.0765
vn 0.4675 0.8470 0.2531
vn -0.4711 0.6404 0.6066
vn 0.4584 0.6460 0.6104
vn -0.4913 -0.8643 -0.1074
vn -0.5096 -0.7242 -0.4646
vn -0.8672 -0.4882 -0.0982
vn -0.8836 -0.3051 -0.3553
vn -0.5039 -0.3543 -0.7877
vn -0.8678 -0.0065 -0.4969
vn -0.9619 0.2560 -0.0960
vn -0.9803 0.1378 -0.1413
vn -0.9668 0.2548 0.0167
vn -0.8751 0.1305 -0.4660
vn -0.5263 -0.0542 -0.8485
vn -0.9839 0.1760 0.0304
vn -0.8105 0.3567 0.4647
vn -0.8132 0.2901 0.5046
vn -0.8185 0.4835 0.3104
vn -0.4570 0.4260 0.7809
vn -0.4716 0.6401 0.6066
vn -0.8315 0.5489 0.0853
vn -0.4778 0.8406 0.2552
vn -0.9985 0.0154 -0.0534
vn -0.8589 0.5121 -0.0038
vn 0.5178 -0.3396 -0.7852
vn 0.0053 -0.5585 -0.8295
vn 0.5171 -0.7217 -0.4602
vn 0.0041 -0.8968 -0.4423
vn -0.5037 -0.3543 -0.7879
vn -0.5091 -0.7245 -0.4647
vn 0.4924 -0.8642 -0.1033
vn 0.0019 -0.9961 -0.0879
vn -0.4910 -0.8645 -0.1073
vn 0.5001 -0.8660 -0.0000
vn 0.8617 -0.4965 -0.1045
vn -0.8658 -0.5003 -0.0001
vn -0.8670 -0.4885 -0.0981
vn 0.5181 -0.3396 -0.7850
vn 0.5176 -0.7214 -0.4601
vn 0.8520 -0.0501 -0.5211
vn 0.8693 -0.3337 -0.3648
vn 0.4927 -0.8640 -0.1034
vn 0.8618 -0.4963 -0.1047
vn 0.9976 0.0145 -0.0681
vn 0.8662 -0.4997 0.0001
vn 0.9780 0.1422 -0.1529
vn 0.8581 0.5132 -0.0157
vn 0.8662 0.4997 -0.0000
vn 0.8270 0.5570 0.0765
vn 0.9618 0.2549 -0.0997
vn 0.8685 0.0910 -0.4872
vn 0.8140 0.4902 0.3115
vn 0.4678 0.8468 0.2532
vn 0.4589 0.6457 0.6104
vn 0.9753 0.2206 0.0102
vn 0.8141 0.3385 0.4718
vn 0.4534 0.4207 0.7858
vn 0.4516 0.3639 0.8146
vn 0.8123 0.2882 0.5070
vn 0.9846 0.1726 0.0270
vn 0.5372 -0.0308 -0.8429
vn -0.8750 0.1303 -0.4663
vn -0.8675 -0.0066 -0.4974
vn -0.5261 -0.0544 -0.8487
vn -0.5036 -0.3540 -0.7881
vn 0.0054 -0.5580 -0.8299
vn 0.0034 -0.1872 -0.9823
vn 0.5177 -0.3393 -0.7854
vn -0.5121 0.0179 -0.8587
vn 0.5122 0.0179 -0.8587
vn 0.5369 -0.0309 -0.8431
vn 0.8684 0.0909 -0.4875
vn 0.8517 -0.0502 -0.5217
vn 0.4528 0.4208 0.7860
vn 0.4584 0.6457 0.6107
vn -0.4563 0.4261 0.7811
vn -0.4711 0.6401 0.6069
vn -0.8659 0.5003 -0.0000
vn 0.8659 0.5002 -0.0001
vn -0.0000 -0.3277 0.9448
vn 1.0000 -0.0000 0.0002
vn -1.0000 -0.0000 -0.0002
vn -1.0000 0.0001 -0.0001
vn 0.0001 -1.0000 0.0003
vn 0.0001 1.0000 -0.0003
vn -0.1986 -0.1986 0.9597
vn -0.2809 -0.0000 0.9597
vn -0.1986 0.1986 0.9597
vn -0.0000 -0.2809 0.9597
vn -0.0000 0.2809 0.9597
vn 0.1986 -0.1986 0.9597
vn 0.1986 0.1986 0.9597
vn 0.2809 -0.0000 0.9597
vn 0.2446 -0.7503 -0.6142
vn 0.1532 -0.4718 -0.8683
vn 0.6366 -0.4653 -0.6150
vn -0.2445 -0.7503 -0.6142
vn 0.4001 -0.2923 -0.8686
vn -0.1533 -0.4718 -0.8683
vn 0.7696 -0.1247 -0.6263
vn -0.4009 -0.2920 -0.8683
vn 0.4933 -0.0836 -0.8659
vn -0.6368 -0.4649 -0.6151
vn 0.7695 0.1241 -0.6265
vn -0.4936 -0.0845 -0.8656
vn 0.4936 0.0830 -0.8657
vn -0.7695 -0.1252 -0.6262
vn 0.6368 0.4638 -0.6159
vn -0.4933 0.0822 -0.8660
vn 0.4009 0.2904 -0.8689
vn -0.7696 0.1236 -0.6264
vn -0.4001 0.2908 -0.8691
vn -0.6366 0.4642 -0.6158
vn 0.2445 0.7491 -0.6157
vn 0.1533 0.4702 -0.8692
vn -0.1532 0.4702 -0.8692
vn -0.2445 0.7491 -0.6157
vn -0.6366 -0.4653 -0.6150
vn -0.1532 -0.4718 -0.8683
vn 0.2445 -0.7503 -0.6142
vn -0.4001 -0.2923 -0.8686
vn 0.1533 -0.4718 -0.8683
vn -0.7695 -0.1246 -0.6263
vn 0.4009 -0.2920 -0.8683
vn -0.4933 -0.0836 -0.8659
vn 0.6368 -0.4649 -0.6151
vn -0.7695 0.1241 -0.6265
vn 0.4936 -0.0845 -0.8656
vn -0.4936 0.0830 -0.8657
vn 0.7695 -0.1252 -0.6262
vn -0.6369 0.4637 -0.6159
vn 0.4933 0.0822 -0.8660
vn -0.4009 0.2904 -0.8689
vn 0.7696 0.1236 -0.6264
vn 0.4001 0.2908 -0.8691
vn 0.6366 0.4643 -0.6158
vn -0.1533 0.4702 -0.8692
vn 0.1532 0.4702 -0.8692
vn -0.0000 0.9983 -0.0586
vn -0.0000 0.9983 -0.0584
vn -0.0525 0.9982 -0.0290
vn 0.0523 0.9982 -0.0292
vn -0.0522 0.9982 -0.0292
vn 0.0523 0.9982 -0.0294
vn -0.0528 0.9982 0.0294
vn -0.0537 0.9982 0.0283
vn 0.0535 0.9982 0.0285
vn 0.0528 0.9982 0.0296
vn -0.0000 0.9982 0.0595
vn -0.0000 0.9982 0.0600
vn -0.1917 -0.1917 0.9625
vn -0.2711 -0.0000 0.9625
vn -0.1917 0.1917 0.9625
vn -0.0000 -0.2711 0.9625
vn -0.0000 0.2711 0.9625
vn 0.1917 -0.1917 0.9625
vn 0.1917 0.1917 0.9625
vn 0.2711 -0.0000 0.9625
vn 0.0525 0.9982 -0.0290
vn -0.0523 0.9982 -0.0292
vn 0.0522 0.9982 -0.0292
vn -0.0523 0.9982 -0.0294
vn 0.0528 0.9982 0.0294
vn 0.0537 0.9982 0.0283
vn -0.0535 0.9982 0.0285
vn -0.0528 0.9982 0.0296
vn 0.3525 -0.0000 0.9358
vn 0.3053 0.1763 0.9358
vn 0.1763 0.3053 0.9358
vn 0.3052 -0.1763 0.9358
vn -0.0000 0.3525 0.9358
vn 0.1762 -0.3053 0.9358
vn -0.1763 0.3052 0.9358
vn -0.0000 -0.3525 0.9358
vn -0.3053 0.1762 0.9358
vn -0.1763 -0.3053 0.9358
vn -0.3525 -0.0000 0.9358
vn -0.3053 -0.1762 0.9358
vn -0.3053 0.1763 0.9358
vn -0.1763 0.3053 0.9358
vn -0.3052 -0.1763 0.9358
vn -0.1762 -0.3053 0.9358
vn 0.1763 0.3052 0.9358
vn 0.3053 0.1762 0.9358
vn 0.1763 -0.3053 0.9358
vn 0.3053 -0.1762 0.9358
vn 0.1906 -0.1376 0.9720
vn -0.3580 0.2590 0.8971
vn 0.0730 -0.2237 0.9719
vn -0.1370 0.4204 0.8969
vn -0.4677 0.0738 0.8808
vn -0.0730 -0.2237 0.9719
vn 0.1369 0.4204 0.8970
vn 0.2041 -0.0352 0.9783
vn -0.4682 -0.0715 0.8807
vn -0.1900 -0.1377 0.9721
vn 0.3578 0.2599 0.8969
vn 0.2038 0.0365 0.9783
vn -0.3578 -0.2583 0.8974
vn -0.2037 -0.0348 0.9784
vn 0.4682 0.0730 0.8806
vn 0.1901 0.1395 0.9718
vn -0.1369 -0.4188 0.8977
vn -0.2040 0.0368 0.9783
vn 0.4677 -0.0723 0.8809
vn 0.0730 0.2255 0.9715
vn 0.1370 -0.4187 0.8978
vn -0.1906 0.1394 0.9717
vn 0.3579 -0.2573 0.8976
vn -0.0730 0.2255 0.9715
vn -0.7697 -0.1236 0.6263
vn -0.6366 -0.4642 0.6158
vn -0.7696 0.1252 0.6262
vn -0.6368 0.4650 0.6150
vn -0.2445 -0.7491 0.6156
vn -0.2445 0.7502 0.6143
vn 0.2445 0.7502 0.6144
vn 0.2445 -0.7491 0.6157
vn 0.6366 0.4653 0.6150
vn 0.6369 -0.4638 0.6159
vn 0.7696 0.1246 0.6263
vn 0.7695 -0.1241 0.6265
vn 0.1370 0.4204 0.8969
vn 0.3580 0.2590 0.8971
vn -0.1906 -0.1376 0.9720
vn 0.4677 0.0738 0.8808
vn -0.1370 0.4203 0.8970
vn -0.2041 -0.0352 0.9783
vn 0.4682 -0.0715 0.8807
vn 0.1900 -0.1377 0.9721
vn -0.3578 0.2599 0.8969
vn -0.2038 0.0365 0.9783
vn 0.3578 -0.2583 0.8974
vn 0.2037 -0.0348 0.9784
vn -0.4682 0.0730 0.8806
vn -0.1901 0.1395 0.9718
vn 0.1370 -0.4187 0.8977
vn 0.2040 0.0368 0.9783
vn -0.4677 -0.0723 0.8809
vn -0.1370 -0.4187 0.8977
vn 0.1906 0.1394 0.9717
vn -0.3579 -0.2574 0.8976
vn 0.7697 -0.1236 0.6263
vn 0.7695 0.1252 0.6263
vn 0.6366 -0.4642 0.6158
vn 0.6369 0.4649 0.6150
vn 0.2445 0.7502 0.6143
vn -0.2445 0.7502 0.6144
vn -0.6365 0.4654 0.6150
vn -0.2446 -0.7491 0.6156
vn -0.7696 0.1246 0.6263
vn -0.6369 -0.4638 0.6158
vn -0.7695 -0.1241 0.6265
vt 3.253547 0.371773
vt 3.252616 0.367657
vt 3.295624 0.362917
vt 3.294678 0.359029
vt 3.339119 0.353763
vt 3.339119 0.349251
vt -2.294678 0.359029
vt -2.252616 0.367657
vt -2.295624 0.362917
vt -2.253547 0.371773
vt -2.339119 0.349251
vt -2.339119 0.353763
vt 0.519713 0.351507
vt 0.500004 0.351507
vt 0.519713 0.321430
vt 0.500004 0.321430
vt 0.480295 0.321430
vt 0.480295 0.351507
vt 3.287435 0.351507
vt 3.287434 0.321430
vt 3.338411 0.351507
vt 3.338411 0.321430
vt 0.443267 0.349215
vt 0.440864 0.349215
vt 0.443267 0.321430
vt 0.440869 0.321430
vt 3.670667 0.349215
vt 3.626170 0.349320
vt 3.670666 0.321430
vt 3.503305 0.351507
vt 3.626170 0.351507
vt 3.478896 0.351507
vt 3.430092 0.351507
vt 3.478896 0.364938
vt 3.430092 0.364938
vt 3.597234 0.381584
vt 3.503306 0.381584
vt 3.648161 0.381584
vt 3.673160 0.381584
vt 3.777084 0.351507
vt 3.777084 0.367691
vt 3.777084 0.381584
vt 3.777085 0.351507
vt 3.656306 0.351507
vt 3.777085 0.349215
vt 3.656305 0.349215
vt 3.656306 0.364694
vt 3.626170 0.364694
vt 0.519713 0.381584
vt 0.500004 0.381585
vt 0.480295 0.381584
vt 3.452329 0.351507
vt 3.452329 0.381584
vt 0.559135 0.321431
vt 0.559135 0.349215
vt 0.539422 0.321431
vt 0.539422 0.349215
vt 3.728417 0.321431
vt 3.777084 0.321431
vt 3.728417 0.349215
vt 0.460575 0.349215
vt 0.440865 0.349215
vt 0.460576 0.321431
vt 0.440866 0.321431
vt 0.571533 0.351507
vt 0.559138 0.351507
vt 0.559139 0.349320
vt 0.582457 0.349320
vt 0.582456 0.364694
vt 0.571533 0.364695
vt 0.605772 3.656306
vt 0.604259 3.656826
vt 0.582456 3.626170
vt 0.581716 3.627688
vt 0.395741 0.351507
vt 0.395741 0.364694
vt 0.394228 0.351507
vt 0.394228 0.364694
vt -2.627688 0.351507
vt -2.627688 0.364694
vt -2.656826 0.351507
vt -2.656826 0.364694
vt 0.428467 0.351507
vt 0.428467 0.364695
vt 0.418284 0.351507
vt 0.418284 0.364694
vt -2.626170 0.351507
vt -2.626170 0.364695
vt -2.627688 0.364695
vt 0.571533 3.627688
vt 0.571533 3.626170
vt 0.424019 0.362775
vt 0.420871 0.364071
vt 0.426689 0.351506
vt 0.417725 0.362775
vt 0.415055 0.351506
vt 0.582275 0.362775
vt 0.579129 0.364071
vt 0.584945 0.351506
vt 0.573311 0.351506
vt 0.575980 0.362775
vt 0.575981 3.721748
vt 0.579129 3.721748
vt 0.575981 3.723726
vt 0.579129 3.723726
vt 0.582275 3.721748
vt 0.582275 3.723726
vt -2.721748 0.351506
vt -2.721748 0.362775
vt -2.723726 0.351506
vt -2.723726 0.362775
vt 3.721748 0.362775
vt 3.721748 0.351506
vt 3.723726 0.362775
vt 3.723726 0.351506
vt 3.705728 0.351506
vt 3.705728 0.362775
vt 3.703751 0.351506
vt 3.703751 0.362775
vt -2.705728 0.362775
vt -2.705728 0.351506
vt -2.703751 0.362775
vt -2.703751 0.351506
vt 0.575980 3.703751
vt 0.579129 3.703751
vt 0.575980 3.705728
vt 0.579129 3.705728
vt 0.582275 3.703751
vt 0.582275 3.705728
vt 0.424020 0.362775
vt 0.575981 0.362775
vt 3.680701 0.356202
vt 3.680984 0.372428
vt 3.677323 0.356202
vt 3.677040 0.372428
vt 3.680882 0.377987
vt 3.677141 0.377987
vt 3.680765 0.383626
vt 3.677259 0.383626
vt 3.680642 0.389866
vt 3.677382 0.389866
vt 3.680527 0.395421
vt 3.677497 0.395421
vt 3.680413 0.400032
vt 3.677610 0.400032
vt -2.677365 0.353466
vt -2.677040 0.370179
vt -2.680659 0.353466
vt -2.680984 0.370179
vt -2.677141 0.376927
vt -2.680882 0.376927
vt -2.677259 0.383617
vt -2.680765 0.383617
vt -2.677382 0.390694
vt -2.680642 0.390694
vt -2.677497 0.396917
vt -2.680527 0.396917
vt 0.581609 3.677497
vt 0.586873 3.677610
vt 0.581609 3.680527
vt 0.586873 3.680413
vt 0.593435 3.677716
vt 0.593435 3.680308
vt 0.600631 3.677822
vt 0.600631 3.680202
vt 0.411374 3.680413
vt 0.405553 3.680308
vt 0.411374 3.677610
vt 0.405553 3.677716
vt 0.399023 3.680202
vt 0.399023 3.677822
vt 0.600631 0.407814
vt 0.593435 0.405660
vt 0.600977 0.405587
vt 0.594447 0.403436
vt 0.586873 0.402043
vt 0.588626 0.400032
vt 0.581609 0.396917
vt 0.584062 0.395421
vt 0.578188 0.390694
vt 0.581173 0.389866
vt 0.576930 0.383617
vt 0.580258 0.383626
vt 0.577977 0.376927
vt 0.581385 0.377987
vt 0.582210 0.370179
vt 0.585224 0.372428
vt 0.598048 0.353466
vt 0.600712 0.356202
vt 0.599715 0.353458
vt 0.600774 0.354546
vt 0.399023 0.405587
vt 0.405553 0.403436
vt 0.399369 0.407814
vt 0.406565 0.405660
vt 0.411374 0.400032
vt 0.413127 0.402043
vt 0.415938 0.395421
vt 0.418391 0.396917
vt 0.418827 0.389866
vt 0.421812 0.390694
vt 0.419742 0.383626
vt 0.423070 0.383617
vt 0.418615 0.377987
vt 0.422023 0.376927
vt 0.414776 0.372428
vt 0.417790 0.370179
vt 0.401952 0.353466
vt 0.399288 0.356202
vt 0.399226 0.354546
vt 0.400285 0.353458
vt 3.677822 0.405587
vt 3.680202 0.405587
vt 3.677822 0.407814
vt 3.680202 0.407814
vt 3.771664 0.378251
vt 3.749721 0.376870
vt 3.771108 0.375333
vt 3.749721 0.370785
vt 3.728426 0.376277
vt 3.728426 0.368853
vt 3.713351 0.368460
vt 3.713351 0.376190
vt 3.699718 0.368957
vt 3.713351 0.363240
vt 3.699718 0.376404
vt 3.699718 0.363462
vt 3.684698 0.370136
vt 3.684698 0.376952
vt 3.684698 0.364334
vt 3.671778 0.371719
vt 3.672207 0.365609
vt 3.666517 0.366141
vt 3.671679 0.377712
vt 3.662775 0.373471
vt 3.662247 0.379150
vt 0.602705 0.380520
vt 0.602705 0.374475
vt 0.610278 0.379150
vt 0.609808 0.373471
vt 0.606861 0.366141
vt 0.602705 0.369367
vt 0.390710 3.771108
vt 0.386107 3.749721
vt 0.396047 3.770368
vt 0.391806 3.749721
vt 0.382741 3.728426
vt 0.388078 3.728426
vt 0.381546 3.713351
vt 0.396107 3.749721
vt 0.386471 3.713351
vt 0.394950 3.728426
vt 0.394514 3.713351
vt 0.397295 3.728426
vt 0.397295 3.713351
vt 0.385915 3.699718
vt 0.397295 3.699718
vt 0.394461 3.699718
vt 0.387219 3.684698
vt 0.395613 3.684698
vt 0.397295 3.684698
vt 0.389978 3.672207
vt 0.397295 3.673064
vt 0.393139 3.666517
vt 0.397295 3.665072
vt 0.397295 3.659227
vt 3.728426 0.361953
vt 3.728426 0.359898
vt 3.749721 0.363729
vt 3.749721 0.359898
vt 3.768003 0.359898
vt 3.769503 0.367357
vt 3.749721 0.366713
vt 3.770368 0.371654
vt 0.601128 0.380520
vt 0.601128 0.374400
vt 0.602705 0.374400
vt 0.601128 0.368244
vt 0.602705 0.368244
vt 0.389957 0.378251
vt 0.390710 0.375333
vt 0.397295 0.378251
vt 0.397295 0.375333
vt 0.396047 0.371654
vt 0.397295 0.367357
vt 0.398596 3.775650
vt 0.397571 3.775650
vt 0.398872 3.767680
vt 0.397295 3.767680
vt 0.397295 3.749721
vt 0.398872 3.749721
vt 0.398872 3.728426
vt 0.398872 3.713351
vt 0.398872 3.699718
vt 0.398872 3.684698
vt 0.398872 3.673064
vt 0.398872 3.663873
vt 0.397295 3.663873
vt 0.397295 3.657947
vt 0.398872 3.657947
vt 0.601128 0.369367
vt 0.601128 0.374475
vt 0.596972 0.366141
vt 0.594025 0.373471
vt 0.593555 0.379150
vt 0.405457 3.771108
vt 0.400120 3.770368
vt 0.410060 3.749721
vt 0.404361 3.749721
vt 0.413426 3.728426
vt 0.408089 3.728426
vt 0.400060 3.749721
vt 0.401217 3.728426
vt 0.409696 3.713351
vt 0.414621 3.713351
vt 0.401653 3.713351
vt 0.410252 3.699718
vt 0.401706 3.699718
vt 0.400554 3.684698
vt 0.408948 3.684698
vt 0.406190 3.672207
vt 0.403028 3.666517
vt 0.398872 3.665072
vt 0.398872 3.659227
vt -2.728426 0.361953
vt -2.749721 0.363729
vt -2.728426 0.359898
vt -2.749721 0.359898
vt -2.768003 0.359898
vt -2.769503 0.367357
vt -2.749721 0.366713
vt -2.770368 0.371654
vt 0.601128 3.653436
vt 0.602705 3.653436
vt 0.601128 3.655515
vt 0.602705 3.655515
vt 0.398872 0.367357
vt 0.400120 0.371654
vt 0.398872 0.375333
vt 0.405457 0.375333
vt 0.398872 0.378251
vt 0.406210 0.378251
vt 0.397571 0.358295
vt 0.398596 0.358295
vt 0.397571 0.385404
vt 0.398596 0.385404
vt -2.772323 0.381704
vt -2.773134 0.386142
vt -2.775844 0.385404
vt -2.771664 0.378251
vt -2.771108 0.375333
vt -2.775650 0.358295
vt -2.767680 0.358295
vt -2.749721 0.358295
vt -2.728426 0.358295
vt -2.713351 0.358295
vt -2.713351 0.359898
vt -2.699718 0.358295
vt -2.699718 0.359898
vt -2.684698 0.358434
vt -2.684698 0.360057
vt -2.673064 0.360303
vt -2.673064 0.358649
vt -2.665072 0.363775
vt -2.663873 0.362694
vt -2.657947 0.368244
vt -2.659227 0.369367
vt -2.656552 0.374475
vt -2.654534 0.374400
vt -2.655892 0.380520
vt -2.653832 0.380520
vt 0.602429 3.775844
vt 0.601404 3.775844
vt 0.602705 3.773134
vt 0.601128 3.773134
vt 3.775844 0.385404
vt 3.773134 0.386142
vt 3.772323 0.381704
vt 3.775650 0.358295
vt 3.767680 0.358295
vt 3.749721 0.358295
vt 3.728426 0.358295
vt 3.713351 0.359898
vt 3.713351 0.358295
vt 3.699718 0.358295
vt 3.699718 0.359898
vt 3.684698 0.360057
vt 3.684698 0.358434
vt 3.673064 0.360303
vt 3.673064 0.358649
vt 3.665072 0.363775
vt 3.663873 0.362694
vt 3.659227 0.369367
vt 3.657947 0.368244
vt 3.656552 0.374475
vt 3.654534 0.374400
vt 3.655892 0.380520
vt 3.653832 0.380520
vt 0.602705 0.386142
vt 0.601128 0.386142
vt 0.602705 0.381704
vt 0.601128 0.381704
vt -2.749721 0.376870
vt -2.749721 0.370785
vt -2.728426 0.376277
vt -2.728426 0.368853
vt -2.713351 0.376190
vt -2.713351 0.368460
vt -2.699718 0.368957
vt -2.713351 0.363240
vt -2.699718 0.363462
vt -2.699718 0.376404
vt -2.684698 0.364334
vt -2.684698 0.370136
vt -2.684698 0.376952
vt -2.671778 0.371719
vt -2.672207 0.365609
vt -2.666517 0.366141
vt -2.671679 0.377712
vt -2.662775 0.373471
vt -2.662247 0.379150
vt 0.588062 0.353466
vt 0.588062 0.365965
vt 0.583931 0.353466
vt 0.583931 0.365965
vt 0.416069 0.353466
vt 0.416069 0.365965
vt 0.411938 0.353466
vt 0.411938 0.365965
vt -2.676817 0.353466
vt -2.674241 0.353466
vt -2.676817 0.365965
vt -2.674241 0.365965
vt 0.583931 3.674241
vt 0.588062 3.674241
vt 0.583931 3.676817
vt 0.588062 3.676817
vt 3.676817 0.365965
vt 3.674241 0.365965
vt 3.676817 0.353466
vt 3.674241 0.353466
vt 0.588063 0.365965
vt 0.411937 0.365965
vt -2.754851 0.353466
vt -2.752275 0.353466
vt -2.754851 0.365965
vt -2.752275 0.365965
vt 0.583931 3.752275
vt 0.588063 3.752275
vt 0.583931 3.754851
vt 0.588063 3.754851
vt 3.754851 0.365965
vt 3.752275 0.365965
vt 3.754851 0.353466
vt 3.752275 0.353466
vt 0.413017 3.752275
vt 0.413017 3.676817
vt 0.414843 3.752275
vt 0.414843 3.676817
vt 3.752275 0.365158
vt 3.676817 0.365158
vt 3.752275 0.361620
vt 3.676817 0.361620
vt 0.585157 3.752275
vt 0.585157 3.676817
vt 0.586983 3.752275
vt 0.586983 3.676817
vt -2.752275 0.361620
vt -2.676817 0.361620
vt -2.752275 0.365158
vt -2.676817 0.365158
vt 3.677336 0.354546
vt 3.680688 0.354546
vt 3.680672 0.353458
vt 3.677352 0.353458
vt 0.401952 3.680659
vt 0.400285 3.680672
vt 0.401952 3.677365
vt 0.400285 3.677352
vt 0.596118 3.677323
vt 0.596118 3.675397
vt 0.600820 3.677323
vt 0.600820 3.675397
vt 0.596118 3.682623
vt 0.596118 3.680701
vt 0.600820 3.682623
vt 0.600820 3.680701
vt 0.602880 0.353228
vt 0.600820 0.357997
vt 0.594058 0.353228
vt 0.596118 0.357997
vt 3.677323 0.353228
vt 3.677323 0.357997
vt 3.675397 0.353228
vt 3.675397 0.357997
vt 0.405942 0.353228
vt 0.403882 0.357997
vt 0.397120 0.353228
vt 0.399180 0.357997
vt -2.675397 0.353228
vt -2.675397 0.357997
vt -2.677323 0.353228
vt -2.677323 0.357997
vt 3.682623 0.353228
vt 3.682623 0.357997
vt 3.680701 0.353228
vt 3.680701 0.357997
vt -2.680701 0.353228
vt -2.680701 0.357997
vt -2.682623 0.353228
vt -2.682623 0.357997
vt 0.583316 0.353228
vt 0.581938 0.359118
vt 0.576884 0.353228
vt 0.578262 0.359118
vt 0.580100 0.359875
vt 0.416684 0.353228
vt 0.423116 0.353228
vt 0.418062 0.359118
vt 0.421738 0.359118
vt 0.419900 0.359875
vt 0.581938 3.676637
vt 0.580100 3.676637
vt 0.581938 3.674995
vt 0.580100 3.674995
vt 0.578262 3.676637
vt 0.578262 3.674995
vt 3.676637 0.353228
vt 3.676637 0.359118
vt 3.674996 0.353228
vt 3.674995 0.359118
vt -2.676637 0.359118
vt -2.676637 0.353228
vt -2.674995 0.359118
vt -2.674996 0.353228
vt -2.681450 0.353228
vt -2.681450 0.359118
vt -2.683092 0.353228
vt -2.683092 0.359118
vt 3.681450 0.359118
vt 3.681450 0.353228
vt 3.683092 0.359118
vt 3.683092 0.353228
vt 0.581938 3.683092
vt 0.580100 3.683092
vt 0.581938 3.681450
vt 0.580100 3.681450
vt 0.578262 3.683092
vt 0.578262 3.681450
vt 3.751768 0.356202
vt 3.752052 0.372428
vt 3.748391 0.356202
vt 3.748107 0.372428
vt 3.751950 0.377987
vt 3.748209 0.377987
vt 3.751832 0.383626
vt 3.748327 0.383626
vt 3.751709 0.389866
vt 3.748450 0.389866
vt 3.751595 0.395421
vt 3.748564 0.395421
vt 3.751481 0.400032
vt 3.748678 0.400032
vt -2.748432 0.353466
vt -2.748107 0.370179
vt -2.751727 0.353466
vt -2.752052 0.370179
vt -2.748209 0.376927
vt -2.751950 0.376927
vt -2.748327 0.383617
vt -2.751832 0.383617
vt -2.748450 0.390694
vt -2.751709 0.390694
vt -2.748564 0.396917
vt -2.751595 0.396917
vt 0.581609 3.748564
vt 0.586873 3.748678
vt 0.581609 3.751595
vt 0.586873 3.751481
vt 0.593435 3.748784
vt 0.593435 3.751375
vt 0.600632 3.748889
vt 0.600632 3.751270
vt 0.411374 3.751481
vt 0.405553 3.751375
vt 0.411374 3.748678
vt 0.405553 3.748784
vt 0.399023 3.751270
vt 0.399023 3.748889
vt 0.600632 0.407814
vt 0.578189 0.390694
vt 0.399368 0.407814
vt 0.421811 0.390694
vt 3.748889 0.405587
vt 3.751270 0.405587
vt 3.748889 0.407814
vt 3.751270 0.407814
vt 3.748403 0.354546
vt 3.751756 0.354546
vt 3.751739 0.353458
vt 3.748420 0.353458
vt 0.401952 3.751727
vt 0.400285 3.751739
vt 0.401952 3.748432
vt 0.400285 3.748420
vt 0.596118 3.748391
vt 0.596118 3.746465
vt 0.600820 3.748391
vt 0.600820 3.746465
vt 0.596118 3.753690
vt 0.596118 3.751768
vt 0.600820 3.753690
vt 0.600820 3.751768
vt 3.748391 0.353228
vt 3.748391 0.357997
vt 3.746465 0.353228
vt 3.746465 0.357997
vt -2.746465 0.353228
vt -2.746465 0.357997
vt -2.748391 0.353228
vt -2.748391 0.357997
vt 3.753690 0.353228
vt 3.753690 0.357997
vt 3.751768 0.353228
vt 3.751768 0.357997
vt -2.751768 0.353228
vt -2.751768 0.357997
vt -2.753690 0.353228
vt -2.753690 0.357997
vt 0.583317 0.353228
vt 0.416683 0.353228
vt 0.418061 0.359118
vt 0.581938 3.747705
vt 0.580100 3.747705
vt 0.581938 3.746063
vt 0.580100 3.746063
vt 0.578262 3.747705
vt 0.578262 3.746063
vt 3.747705 0.353228
vt 3.747705 0.359118
vt 3.746063 0.353228
vt 3.746063 0.359118
vt -2.747705 0.359118
vt -2.747705 0.353228
vt -2.746063 0.359118
vt -2.746063 0.353228
vt -2.752517 0.353228
vt -2.752517 0.359118
vt -2.754159 0.353228
vt -2.754159 0.359118
vt 3.752517 0.359118
vt 3.752517 0.353228
vt 3.754159 0.359118
vt 3.754159 0.353228
vt 0.581939 3.754159
vt 0.580100 3.754159
vt 0.581938 3.752517
vt 0.580100 3.752517
vt 0.578262 3.754159
vt 0.578262 3.752517
vt -2.658964 0.359870
vt -2.670341 0.359870
vt -2.658964 0.351506
vt -2.670341 0.351507
vt 0.587130 0.365892
vt 0.581877 0.365892
vt 0.587130 0.351507
vt 0.576624 0.359870
vt 0.576624 0.351506
vt -2.670341 0.365892
vt -2.658964 0.365892
vt 0.412870 0.365892
vt 0.412870 0.351507
vt 0.418123 0.365892
vt 0.423376 0.359870
vt 0.423376 0.351507
vt 0.587130 3.670341
vt 0.581877 3.670341
vt 0.587130 3.658964
vt 0.581877 3.658964
vt 3.658964 0.365892
vt 3.658964 0.351507
vt 3.670341 0.365892
vt 3.670341 0.351507
vt 3.665734 0.321430
vt 3.665734 0.331508
vt 3.655783 0.321430
vt 3.655783 0.331508
vt 0.440837 0.335416
vt 0.436141 0.331508
vt 0.440852 0.321431
vt 0.436156 0.321430
vt 0.559163 3.655783
vt 0.563859 3.655783
vt 0.559163 3.665734
vt 0.563859 3.665734
vt 0.559148 0.321431
vt 0.563844 0.321430
vt 0.559163 0.335416
vt 0.563859 0.331508
vt 3.744553 0.321430
vt 3.744553 0.331508
vt 3.734602 0.321430
vt 3.734602 0.331508
vt 0.559163 3.734602
vt 0.563859 3.734602
vt 0.559163 3.744553
vt 0.563859 3.744553
vt -2.658964 0.357393
vt -2.670341 0.357393
vt 0.600979 0.357393
vt 0.590473 0.357393
vt 0.600979 0.351507
vt 0.590473 0.351506
vt 0.600979 3.670341
vt 0.590473 3.670341
vt 0.600979 3.658964
vt 0.590473 3.658964
vt 0.399021 0.357393
vt 0.399021 0.351507
vt 0.409527 0.357393
vt 0.409527 0.351507
vt 3.658964 0.357393
vt 3.670341 0.357393
vt 3.652519 0.321430
vt 3.652519 0.331508
vt 3.628916 0.321430
vt 3.628916 0.331508
vt 0.440837 0.331508
vt 0.559163 3.628916
vt 0.563859 3.628916
vt 0.559163 3.652519
vt 0.563859 3.652519
vt 0.559163 0.331508
vt 0.394228 0.349215
vt 0.440865 0.351507
vt 0.460575 0.351507
vt 0.460575 0.367690
vt 0.440866 0.367691
vt 0.443048 0.351507
vt 0.499996 0.351507
vt 0.443048 0.367691
vt 0.499996 0.367691
vt 0.499996 0.381584
vt 0.556943 0.367691
vt 0.556943 0.351507
vt 0.440869 0.381584
vt 0.559122 0.381584
vt 0.559126 0.367691
vt 0.539425 3.796498
vt 0.538806 3.794979
vt 0.559134 3.777084
vt 0.556952 3.777083
vt 0.500004 3.794979
vt 0.500004 3.796498
vt 0.460584 3.796498
vt 0.461203 3.794979
vt 0.443057 3.777083
vt 0.440874 3.777084
vt 0.499996 0.367690
vt 0.499996 0.349215
vt 0.482924 0.342883
vt 0.539416 0.351507
vt 0.539416 0.367690
vt 0.539416 0.349215
vt 0.499996 0.342882
vt 0.517067 0.342883
vt 0.482924 0.321430
vt 0.539415 0.321431
vt 0.517067 0.321430
vt 0.538806 0.351507
vt 0.538806 0.367690
vt 0.500004 0.367690
vt 0.461203 0.367690
vt 0.461203 0.351507
vt 0.556952 0.351507
vt 0.556952 0.367691
vt 0.453800 0.365434
vt 0.440835 0.365434
vt 0.453800 0.361765
vt 0.440835 0.361765
vt 0.457203 3.793173
vt 0.453800 3.796653
vt 0.444239 3.780402
vt 0.440835 3.783882
vt -2.793173 0.365434
vt -2.796653 0.365434
vt -2.793173 0.357741
vt -2.796653 0.361765
vt 0.555761 3.780402
vt 0.559165 3.783882
vt 0.542797 3.793173
vt 0.546200 3.796653
vt 3.780402 0.357741
vt 3.783882 0.361765
vt 3.780402 0.365434
vt 3.783882 0.365434
vt 0.557626 3.431607
vt 0.559136 3.430092
vt 0.557629 3.478896
vt 0.559142 3.478896
vt 0.442371 0.351507
vt 0.442371 0.364938
vt 0.440858 0.351507
vt 0.440858 0.364938
vt -2.431607 0.364938
vt -2.478896 0.364938
vt -2.431607 0.351507
vt -2.478896 0.351507
vt 0.453525 0.351508
vt 0.447062 0.364938
vt 0.442374 0.351507
vt 0.442374 0.364938
vt 0.552937 0.364938
vt 0.546474 0.351508
vt 0.559136 0.364938
vt 0.559136 0.351507
vt 0.552937 3.430093
vt 0.552938 3.431607
vt -2.430093 0.364938
vt -2.430093 0.351508
vt -2.431607 0.351508
vt -2.338411 0.321430
vt -2.287434 0.321430
vt -2.338411 0.351507
vt -2.287435 0.351507
vt 0.559122 0.321430
vt 0.559128 0.349215
vt 0.556725 0.321430
vt 0.556725 0.349215
vt -2.626170 0.349320
vt -2.670667 0.349215
vt -2.670666 0.321430
vt -2.503305 0.351507
vt -2.430092 0.351507
vt -2.430092 0.364938
vt -2.597234 0.381584
vt -2.503306 0.381584
vt -2.648161 0.381584
vt -2.673160 0.381584
vt -2.777084 0.351507
vt -2.777084 0.367691
vt -2.777084 0.381584
vt -2.656305 0.349215
vt -2.656306 0.351507
vt -2.777085 0.349215
vt -2.777085 0.351507
vt -2.656306 0.364694
vt -2.626170 0.364694
vt -2.452329 0.381584
vt -2.452329 0.351507
vt 0.460586 0.349215
vt 0.440874 0.349215
vt 0.460587 0.321431
vt 0.440874 0.321431
vt -2.777084 0.321431
vt -2.728417 0.349215
vt -2.728417 0.321431
vt 0.559125 0.321431
vt 0.559126 0.349215
vt 0.440870 0.351507
vt 0.428476 0.351507
vt 0.440869 0.349320
vt 0.417551 0.349320
vt 0.417552 0.364694
vt 0.428476 0.364695
vt 0.418293 3.627688
vt 0.395750 3.656826
vt 0.417552 3.626170
vt 0.394236 3.656306
vt 0.605764 0.364694
vt 0.604250 0.364694
vt 0.605764 0.351507
vt 0.604250 0.351507
vt 3.656826 0.364694
vt 3.627688 0.364694
vt 3.656826 0.351507
vt 3.627688 0.351507
vt 0.581707 0.364694
vt 0.571524 0.364695
vt 0.581707 0.351507
vt 0.571524 0.351507
vt 3.627688 0.364695
vt 3.626170 0.364695
vt 0.428476 3.626170
vt 0.428476 3.627688
vt 0.584937 0.351506
vt 0.582267 0.362775
vt 0.573303 0.351506
vt 0.579120 0.364071
vt 0.575973 0.362775
vt 0.424028 0.362775
vt 0.420880 0.364071
vt 0.426697 0.351506
vt 0.415063 0.351506
vt 0.417733 0.362775
vt 0.424027 3.721748
vt 0.424027 3.723726
vt 0.420880 3.721748
vt 0.420880 3.723726
vt 0.417733 3.721748
vt 0.417733 3.723726
vt 0.424028 3.703751
vt 0.424028 3.705728
vt 0.420880 3.703751
vt 0.420880 3.705728
vt 0.417733 3.703751
vt 0.417733 3.705728
vt 0.575972 0.362775
vt 0.424027 0.362775
vt -2.680701 0.356202
vt -2.677323 0.356202
vt -2.680984 0.372428
vt -2.677040 0.372428
vt -2.680882 0.377987
vt -2.677141 0.377987
vt -2.680765 0.383626
vt -2.677259 0.383626
vt -2.680642 0.389866
vt -2.677382 0.389866
vt -2.680527 0.395421
vt -2.677497 0.395421
vt -2.680413 0.400032
vt -2.677611 0.400032
vt 3.677365 0.353466
vt 3.680660 0.353466
vt 3.677040 0.370179
vt 3.680984 0.370179
vt 3.677141 0.376927
vt 3.680882 0.376927
vt 3.677259 0.383617
vt 3.680765 0.383617
vt 3.677382 0.390694
vt 3.680642 0.390694
vt 3.677497 0.396917
vt 3.680527 0.396917
vt 0.418399 3.677497
vt 0.418399 3.680527
vt 0.413136 3.677611
vt 0.413136 3.680413
vt 0.406573 3.677716
vt 0.406573 3.680308
vt 0.399377 3.677822
vt 0.399377 3.680202
vt 0.588617 3.680413
vt 0.588617 3.677611
vt 0.594438 3.680308
vt 0.594438 3.677716
vt 0.600968 3.680202
vt 0.600968 3.677822
vt 0.399377 0.407814
vt 0.399032 0.405587
vt 0.406573 0.405660
vt 0.405562 0.403436
vt 0.413136 0.402043
vt 0.411383 0.400032
vt 0.418399 0.396917
vt 0.415946 0.395421
vt 0.421820 0.390694
vt 0.418835 0.389866
vt 0.423079 0.383617
vt 0.419750 0.383626
vt 0.422032 0.376927
vt 0.418623 0.377987
vt 0.417799 0.370179
vt 0.414785 0.372428
vt 0.401961 0.353466
vt 0.399296 0.356202
vt 0.400294 0.353458
vt 0.399234 0.354546
vt 0.600968 0.405587
vt 0.600623 0.407814
vt 0.594438 0.403436
vt 0.593427 0.405660
vt 0.588617 0.400032
vt 0.586864 0.402043
vt 0.584054 0.395421
vt 0.581601 0.396917
vt 0.581165 0.389866
vt 0.578180 0.390694
vt 0.580250 0.383626
vt 0.576921 0.383617
vt 0.581377 0.377987
vt 0.577968 0.376927
vt 0.585215 0.372428
vt 0.582201 0.370179
vt 0.598039 0.353466
vt 0.600704 0.356202
vt 0.600766 0.354546
vt 0.599706 0.353458
vt -2.680202 0.407814
vt -2.680202 0.405587
vt -2.677822 0.407814
vt -2.677822 0.405587
vt 0.397303 0.380520
vt 0.389730 0.379150
vt 0.397303 0.374475
vt 0.390200 0.373471
vt 0.393147 0.366141
vt 0.397303 0.369367
vt 0.609282 3.771108
vt 0.603945 3.770368
vt 0.613884 3.749721
vt 0.608185 3.749721
vt 0.617250 3.728426
vt 0.611913 3.728426
vt 0.603885 3.749721
vt 0.618446 3.713351
vt 0.605041 3.728426
vt 0.613521 3.713351
vt 0.605477 3.713351
vt 0.602697 3.728426
vt 0.602697 3.713351
vt 0.614077 3.699718
vt 0.602697 3.699718
vt 0.605531 3.699718
vt 0.612772 3.684698
vt 0.604379 3.684698
vt 0.602697 3.684698
vt 0.610014 3.672207
vt 0.602697 3.673064
vt 0.606853 3.666517
vt 0.602697 3.665072
vt 0.602697 3.659227
vt -2.770368 0.371653
vt 0.398880 0.380520
vt 0.398880 0.374400
vt 0.397303 0.374400
vt 0.398880 0.368244
vt 0.397303 0.368244
vt 0.610035 0.378251
vt 0.602697 0.378251
vt 0.609282 0.375333
vt 0.602697 0.375333
vt 0.603945 0.371653
vt 0.602697 0.367357
vt 0.601395 3.775650
vt 0.601119 3.767680
vt 0.602421 3.775650
vt 0.602697 3.767680
vt 0.602697 3.749721
vt 0.601119 3.749721
vt 0.601119 3.728426
vt 0.601120 3.713351
vt 0.601120 3.699718
vt 0.601120 3.684698
vt 0.601120 3.673064
vt 0.601120 3.663873
vt 0.602697 3.663873
vt 0.602697 3.657947
vt 0.601120 3.657947
vt 0.398880 0.369367
vt 0.403037 0.366141
vt 0.398880 0.374475
vt 0.405984 0.373471
vt 0.406453 0.379150
vt 0.594534 3.771108
vt 0.589932 3.749721
vt 0.599871 3.770368
vt 0.595631 3.749721
vt 0.586566 3.728426
vt 0.591903 3.728426
vt 0.599931 3.749721
vt 0.598775 3.728426
vt 0.590296 3.713351
vt 0.585370 3.713351
vt 0.598339 3.713351
vt 0.589739 3.699718
vt 0.598285 3.699718
vt 0.599437 3.684698
vt 0.591044 3.684698
vt 0.593802 3.672207
vt 0.596963 3.666517
vt 0.601120 3.665072
vt 0.601120 3.659227
vt 3.770368 0.371653
vt 0.397303 3.655515
vt 0.397303 3.653436
vt 0.398880 3.655515
vt 0.398880 3.653436
vt 0.599871 0.371653
vt 0.601119 0.367357
vt 0.601119 0.375333
vt 0.594534 0.375333
vt 0.601119 0.378251
vt 0.593781 0.378251
vt 0.601395 0.385404
vt 0.601395 0.358295
vt 0.602421 0.385404
vt 0.602421 0.358295
vt 0.398881 3.773134
vt 0.398605 3.775844
vt 0.397303 3.773134
vt 0.397579 3.775844
vt 0.398881 0.381704
vt 0.398881 0.386142
vt 0.397303 0.381704
vt 0.397303 0.386142
vt 0.416077 0.365965
vt 0.411946 0.365965
vt 0.416077 0.353466
vt 0.411946 0.353466
vt 0.588054 0.365965
vt 0.583923 0.365965
vt 0.588054 0.353466
vt 0.583923 0.353466
vt 0.411946 3.676817
vt 0.411946 3.674241
vt 0.416077 3.676817
vt 0.416077 3.674241
vt 0.411946 3.754851
vt 0.411946 3.752275
vt 0.416077 3.754851
vt 0.416077 3.752275
vt 0.585149 3.676817
vt 0.586975 3.676817
vt 0.585149 3.752275
vt 0.586974 3.752275
vt 0.413025 3.676817
vt 0.414851 3.676817
vt 0.413026 3.752275
vt 0.414851 3.752275
vt -2.677336 0.354546
vt -2.680688 0.354546
vt -2.680672 0.353458
vt -2.677352 0.353458
vt 0.599706 3.677352
vt 0.599706 3.680672
vt 0.598039 3.677365
vt 0.598039 3.680660
vt 0.399188 3.675397
vt 0.403891 3.675397
vt 0.399188 3.677323
vt 0.403891 3.677323
vt 0.399188 3.680701
vt 0.403891 3.680701
vt 0.399188 3.682623
vt 0.403891 3.682623
vt 0.403891 0.357997
vt 0.399188 0.357997
vt 0.405950 0.353228
vt 0.397128 0.353228
vt 0.600812 0.357997
vt 0.596109 0.357997
vt 0.602872 0.353228
vt 0.594050 0.353228
vt 0.416692 0.353228
vt 0.423124 0.353228
vt 0.418070 0.359118
vt 0.421746 0.359118
vt 0.419908 0.359875
vt 0.583308 0.353228
vt 0.581930 0.359118
vt 0.576876 0.353228
vt 0.578254 0.359118
vt 0.580092 0.359875
vt 0.418070 3.676637
vt 0.418070 3.674996
vt 0.419908 3.676637
vt 0.419908 3.674996
vt 0.421746 3.676637
vt 0.421746 3.674996
vt -2.674996 0.359118
vt 3.674996 0.359118
vt 0.418070 3.683092
vt 0.418070 3.681450
vt 0.419908 3.683092
vt 0.419908 3.681450
vt 0.421746 3.683092
vt 0.421746 3.681450
vt -2.751768 0.356202
vt -2.748391 0.356202
vt -2.752052 0.372428
vt -2.748107 0.372428
vt -2.751950 0.377987
vt -2.748209 0.377987
vt -2.751832 0.383626
vt -2.748327 0.383626
vt -2.751709 0.389866
vt -2.748450 0.389866
vt -2.751595 0.395421
vt -2.748564 0.395421
vt -2.751481 0.400032
vt -2.748678 0.400032
vt 3.748432 0.353466
vt 3.751727 0.353466
vt 3.748107 0.370179
vt 3.752052 0.370179
vt 3.748209 0.376927
vt 3.751950 0.376927
vt 3.748327 0.383617
vt 3.751832 0.383617
vt 3.748450 0.390694
vt 3.751709 0.390694
vt 3.748564 0.396917
vt 3.751595 0.396917
vt 0.418399 3.748564
vt 0.418399 3.751595
vt 0.413136 3.748678
vt 0.413136 3.751481
vt 0.406574 3.748784
vt 0.406574 3.751375
vt 0.399377 3.748889
vt 0.399377 3.751270
vt 0.588617 3.751481
vt 0.588617 3.748678
vt 0.594438 3.751375
vt 0.594438 3.748784
vt 0.600968 3.751270
vt 0.600968 3.748889
vt 0.406574 0.405660
vt 0.593426 0.405660
vt -2.751270 0.407814
vt -2.751270 0.405587
vt -2.748889 0.407814
vt -2.748889 0.405587
vt -2.748403 0.354546
vt -2.751756 0.354546
vt -2.751739 0.353458
vt -2.748420 0.353458
vt 0.599706 3.748420
vt 0.599706 3.751739
vt 0.598039 3.748432
vt 0.598039 3.751727
vt 0.399188 3.746465
vt 0.403891 3.746465
vt 0.399188 3.748391
vt 0.403891 3.748391
vt 0.399188 3.751768
vt 0.403891 3.751768
vt 0.399188 3.753690
vt 0.403891 3.753690
vt 0.405951 0.353228
vt 0.594049 0.353228
vt 0.423125 0.353228
vt 0.576875 0.353228
vt 0.418070 3.747705
vt 0.418070 3.746063
vt 0.419908 3.747705
vt 0.419908 3.746063
vt 0.421746 3.747705
vt 0.421746 3.746063
vt 3.752518 0.353228
vt -2.752518 0.353228
vt 0.418070 3.754159
vt 0.418070 3.752517
vt 0.419908 3.754159
vt 0.419908 3.752517
vt 0.421746 3.754159
vt 0.421746 3.752517
vt 3.670341 0.359870
vt 3.658964 0.351506
vt 3.658964 0.359870
vt 0.412878 0.365892
vt 0.412878 0.351507
vt 0.418131 0.365892
vt 0.423385 0.359870
vt 0.423385 0.351506
vt 0.587122 0.365892
vt 0.581869 0.365892
vt 0.587122 0.351507
vt 0.576616 0.359870
vt 0.576616 0.351507
vt 0.418131 3.658964
vt 0.418131 3.670341
vt 0.412878 3.658964
vt 0.412878 3.670341
vt -2.658964 0.351507
vt -2.655783 0.331508
vt -2.665734 0.331508
vt -2.655783 0.321430
vt -2.665734 0.321430
vt 0.563836 0.321430
vt 0.563851 0.331508
vt 0.559139 0.321431
vt 0.559154 0.335416
vt 0.436150 3.665734
vt 0.436150 3.655783
vt 0.440846 3.665734
vt 0.440846 3.655783
vt 0.436150 0.331508
vt 0.436164 0.321430
vt 0.440846 0.335416
vt 0.440861 0.321431
vt -2.733835 0.331508
vt -2.743786 0.331508
vt -2.733835 0.321430
vt -2.743786 0.321430
vt 0.563835 0.321430
vt 0.563850 0.331508
vt 0.436150 3.743786
vt 0.436150 3.733835
vt 0.440846 3.743786
vt 0.440846 3.733835
vt 0.436165 0.321430
vt 0.409536 0.351506
vt 0.409536 0.357393
vt 0.399029 0.351506
vt 0.399029 0.357393
vt 0.409536 3.658964
vt 0.409535 3.670341
vt 0.399029 3.658964
vt 0.399029 3.670341
vt 0.590465 0.351507
vt 0.600971 0.351507
vt 0.590465 0.357393
vt 0.600971 0.357393
vt -2.628916 0.331508
vt -2.652519 0.331508
vt -2.628916 0.321430
vt -2.652519 0.321430
vt 0.559154 0.331508
vt 0.436149 3.652519
vt 0.436149 3.628916
vt 0.440846 3.652519
vt 0.440846 3.628916
vt 0.436149 0.331508
vt 0.440846 0.331508
vt 0.559127 0.351507
vt 0.605763 0.351507
vt 0.605763 0.349215
vt 0.443057 0.367691
vt 0.443057 0.351507
vt 0.559156 0.361765
vt 0.559156 0.365434
vt 0.546191 0.361765
vt 0.546191 0.365434
vt 0.559156 3.783882
vt 0.546191 3.796653
vt 0.555753 3.780402
vt 0.542788 3.793173
vt 3.796653 0.361765
vt 3.796653 0.365434
vt 3.793173 0.357741
vt 3.793173 0.365434
vt 0.453809 3.796653
vt 0.440844 3.783882
vt 0.457212 3.793173
vt 0.444247 3.780402
vt -2.783882 0.365434
vt -2.783882 0.361765
vt -2.780402 0.365434
vt -2.780402 0.357741
vt 0.440866 3.478896
vt 0.440872 3.430092
vt 0.442379 3.478896
vt 0.442382 3.431607
vt 0.559134 0.364938
vt 0.557621 0.364938
vt 0.559134 0.351507
vt 0.557621 0.351507
vt 3.431607 0.351507
vt 3.431607 0.364938
vt 0.557618 0.364938
vt 0.552930 0.364938
vt 0.557618 0.351507
vt 0.546467 0.351508
vt 0.440872 0.351507
vt 0.453534 0.351508
vt 0.440872 0.364938
vt 0.447071 0.364938
vt 0.447070 3.431607
vt 0.447071 3.430093
vt 3.431607 0.351508
vt 3.430093 0.351508
vt 3.430093 0.364938
vt 0.481294 0.353763
vt 0.481294 0.349251
vt 0.499996 0.353763
vt 0.499996 0.349251
vt 0.518699 0.349251
vt 0.518699 0.353763
vt -2.289496 0.349251
vt -2.289496 0.353763
vt -2.339120 0.349251
vt -2.339120 0.353763
vt 0.556859 3.339120
vt 0.556857 3.296333
vt 0.561387 3.339119
vt 0.561373 3.295624
vt 0.546722 3.253547
vt 0.543871 3.256949
vt 0.546722 0.367657
vt 0.546722 0.371773
vt 0.500004 0.367656
vt 0.500004 0.371773
vt 0.453285 0.371773
vt 0.453285 0.367657
vt 0.500004 3.253545
vt 0.500004 3.256948
vt 0.456136 3.256949
vt 0.453285 3.253547
vt 0.443141 3.339120
vt 0.438613 3.339119
vt 0.443241 3.295386
vt 0.438945 3.294678
vt 0.453278 3.252616
vt 0.456129 3.256019
vt 0.499996 3.252614
vt 0.499996 3.256016
vt 0.543863 3.256019
vt 0.546715 3.252616
vt 3.339120 0.353763
vt 3.289496 0.353763
vt 3.339120 0.349251
vt 3.289496 0.349251
vt 0.443149 3.339120
vt 0.438621 3.339119
vt 0.442991 3.296333
vt 0.438634 3.295624
vt 0.556852 3.339120
vt 0.556691 3.295386
vt 0.561379 3.339119
vt 0.561048 3.294678
vt 0.482493 0.346526
vt 0.482493 0.323756
vt 0.485159 0.346526
vt 0.485159 0.323756
vt 3.282923 0.346526
vt 3.287784 0.350212
vt 3.272306 0.358380
vt 3.287784 0.323756
vt -2.282923 0.346526
vt -2.272306 0.358380
vt -2.287784 0.350212
vt -2.287784 0.323756
vt 0.517514 0.346526
vt 0.517514 0.358380
vt 0.514848 0.346526
vt 0.514848 0.358380
vt 0.482493 0.358380
vt 0.485159 0.358380
vt 0.517514 0.323756
vt 0.514848 0.323756
vt 3.327326 0.321430
vt 3.327326 0.343092
vt 3.307975 0.321430
vt 3.307975 0.343092
vt 0.446559 0.343092
vt 0.441772 0.343092
vt 0.446559 0.321430
vt 0.441772 0.321430
vt 0.538478 3.311703
vt 0.543265 3.307975
vt 0.553441 3.331053
vt 0.558228 3.327326
vt 0.538478 0.321430
vt 0.543265 0.321430
vt 0.538478 0.343092
vt 0.543265 0.343092
vt -2.307975 0.343092
vt -2.327326 0.343092
vt -2.307975 0.321430
vt -2.327326 0.321430
vt 0.558221 0.321430
vt 0.558221 0.343092
vt 0.553434 0.321430
vt 0.553434 0.343092
vt 0.441779 3.327326
vt 0.456742 3.307975
vt 0.446566 3.331053
vt 0.461529 3.311703
vt 0.456742 0.343092
vt 0.456742 0.321430
vt 0.461529 0.343092
vt 0.461529 0.321430
vt 3.349044 0.345524
vt 3.349044 0.335524
vt 3.359945 0.345524
vt 3.359945 0.335524
vt 0.436701 3.349044
vt 0.563307 3.349044
vt 0.436701 3.359945
vt 0.563307 3.359945
vt 0.436701 0.345524
vt 0.436701 0.335524
vt 0.563307 0.345524
vt 0.563307 0.335524
vt -2.359945 0.335524
vt -2.349044 0.335524
vt -2.359945 0.345524
vt -2.349044 0.345524
vt 0.563299 0.345524
vt 0.436693 0.345524
vt 0.563299 0.335524
vt 0.436693 0.335524
vt 0.563299 3.359945
vt 0.436693 3.359945
vt 0.563299 3.349044
vt 0.436693 3.349044
vt 0.532315 0.331832
vt 0.545180 0.331832
vt 0.532315 0.348881
vt 0.545180 0.348881
vt 0.454820 0.348881
vt 0.454820 0.331832
vt 0.467685 0.348881
vt 0.467685 0.331832
vt -2.756866 0.331832
vt -2.743887 0.331832
vt -2.756866 0.348881
vt -2.743887 0.348881
vt 0.545180 3.756866
vt 0.532315 3.756866
vt 0.545180 3.743887
vt 0.532315 3.743887
vt 3.756866 0.331832
vt 3.756866 0.348881
vt 3.743887 0.331832
vt 3.743887 0.348881
vt 0.454829 0.348881
vt 0.454829 0.331832
vt 0.467694 0.348881
vt 0.467694 0.331832
vt 0.532306 0.331832
vt 0.545171 0.331832
vt 0.532306 0.348881
vt 0.545171 0.348881
vt 0.467694 3.743887
vt 0.467694 3.756866
vt 0.454829 3.743887
vt 0.454829 3.756866
vt 3.386553 0.331431
vt 3.386553 0.321431
vt 3.390873 0.331431
vt 3.390873 0.321431
vt 0.436663 3.386553
vt 0.563345 3.386553
vt 0.436663 3.390873
vt 0.563345 3.390873
vt 0.563345 0.331431
vt 0.436663 0.331431
vt 0.563345 0.321431
vt 0.436663 0.321431
vt -2.390873 0.321431
vt -2.386553 0.321431
vt -2.390873 0.331431
vt -2.386553 0.331431
vt 0.563337 0.331431
vt 0.436655 0.331431
vt 0.563337 0.321431
vt 0.436655 0.321431
vt 0.536324 0.321431
vt 0.534574 0.330661
vt 0.528696 0.321431
vt 0.532510 0.331722
vt 0.530446 0.330661
vt 0.459782 0.330661
vt 0.457719 0.331722
vt 0.461533 0.321431
vt 0.453904 0.321431
vt 0.455655 0.330661
vt 0.531414 3.289472
vt 0.530446 3.288175
vt 0.533477 3.287921
vt 0.532510 3.286625
vt 0.535541 3.286371
vt 0.534574 3.285074
vt -2.288175 0.330661
vt -2.289472 0.330661
vt -2.289490 0.321431
vt -2.290787 0.321431
vt 3.283759 0.321431
vt 3.285056 0.321431
vt 3.285074 0.330661
vt 3.286371 0.330661
vt 3.298172 0.330661
vt 3.296876 0.330661
vt 3.296857 0.321431
vt 3.295560 0.321431
vt -2.302588 0.321431
vt -2.301291 0.321431
vt -2.301273 0.330661
vt -2.299976 0.330661
vt 0.540218 3.301273
vt 0.539250 3.299976
vt 0.542281 3.299723
vt 0.541314 3.298426
vt 0.544345 3.298172
vt 0.543378 3.296876
vt 0.539250 0.330661
vt 0.537500 0.321431
vt 0.543378 0.330661
vt 0.545128 0.321431
vt 0.464459 0.330661
vt 0.462708 0.321431
vt 0.468586 0.330661
vt 0.470337 0.321431
vt 0.469561 0.330661
vt 0.467497 0.331722
vt 0.471312 0.321431
vt 0.465434 0.330661
vt 0.463683 0.321431
vt 0.544338 0.330661
vt 0.542274 0.331722
vt 0.546088 0.321431
vt 0.538459 0.321431
vt 0.540210 0.330661
vt 0.468594 3.289472
vt 0.466530 3.287921
vt 0.469561 3.288175
vt 0.467497 3.286625
vt 0.464466 3.286371
vt 0.465434 3.285074
vt 3.290787 0.321431
vt 3.289472 0.330661
vt 3.289490 0.321431
vt 3.288175 0.330661
vt -2.286371 0.330661
vt -2.285056 0.321431
vt -2.285074 0.330661
vt -2.283759 0.321431
vt -2.295560 0.321431
vt -2.296876 0.330661
vt -2.296857 0.321431
vt -2.298172 0.330661
vt 3.299976 0.330661
vt 3.301291 0.321431
vt 3.301273 0.330661
vt 3.302588 0.321431
vt 0.459790 3.301273
vt 0.457726 3.299723
vt 0.460757 3.299976
vt 0.458693 3.298426
vt 0.455662 3.298172
vt 0.456630 3.296876
vt 0.454879 0.321431
vt 0.462508 0.321431
vt 0.456630 0.330661
vt 0.460757 0.330661
vt 0.529656 0.321431
vt 0.537284 0.321431
vt 0.531406 0.330661
vt 0.535534 0.330661
vt 0.501337 0.346526
vt 0.501337 0.358380
vt 0.498671 0.346526
vt 0.498671 0.358380
vt 0.501337 0.323756
vt 0.498671 0.323756
vt 0.561409 3.628448
vt 0.556869 3.628448
vt -2.628448 0.353869
vt -2.628448 0.349358
vt 0.443130 3.628448
vt 0.438590 3.628448
vt 3.628448 0.349355
vt 3.628448 0.353866
vt -2.628448 0.349356
vt -2.628448 0.353868
vt -2.657084 0.349256
vt -2.657088 0.353768
vt -2.774802 0.349258
vt -2.774813 0.353769
vt 3.623892 0.353868
vt 3.623892 0.349357
vt 3.655527 0.353760
vt 3.655523 0.349248
vt 3.779368 0.353758
vt 3.779357 0.349247
vt 0.603497 0.349258
vt 0.603508 0.353769
vt 0.500003 0.349257
vt 0.500004 0.353769
vt 0.396510 0.349257
vt 0.396499 0.353769
vt 0.391953 0.353758
vt 0.391964 0.349247
vt 0.499995 0.353758
vt 0.499995 0.349246
vt 0.608037 0.353758
vt 0.608026 0.349247
vt 3.774800 0.349257
vt 3.774811 0.353769
vt 3.657082 0.349256
vt 3.657087 0.353768
vt 3.628447 0.349356
vt 3.628447 0.353868
vt -2.779371 0.353758
vt -2.779359 0.349247
vt -2.655529 0.353760
vt -2.655524 0.349248
vt -2.623893 0.353868
vt -2.623893 0.349357
vt 0.428733 3.628446
vt 0.418660 3.628447
vt 0.428733 3.623893
vt 0.416434 3.623893
vt 0.391962 3.655529
vt 0.396503 3.657087
vt 0.391963 3.779371
vt 0.396499 3.774811
vt 0.500005 3.779369
vt 0.500004 3.774811
vt 0.608047 3.779368
vt 0.603508 3.774813
vt 0.608046 3.655527
vt 0.603506 3.657088
vt 0.583572 3.623892
vt 0.581349 3.628448
vt 0.571273 3.623891
vt 0.571273 3.628447
vt 0.571267 0.349357
vt 0.581332 0.349356
vt 0.571267 0.353869
vt 0.581340 0.353868
vt 0.571267 3.628447
vt 0.571267 3.623894
vt 0.581332 3.628447
vt 0.583557 3.623893
vt 0.603489 3.657082
vt 0.608030 3.655524
vt 0.603490 3.774800
vt 0.608026 3.779359
vt 0.499997 3.774800
vt 0.499995 3.779358
vt 0.396503 3.774802
vt 0.391964 3.779357
vt 0.396502 3.657084
vt 0.391962 3.655523
vt 0.418658 3.628448
vt 0.416435 3.623892
vt 0.428727 3.623893
vt 0.428727 3.628448
vt 0.428733 0.353867
vt 0.416434 0.353868
vt 0.428733 0.349356
vt 0.416443 0.349357
vt 0.438598 3.628446
vt 0.443141 3.628446
vt 3.628446 0.353869
vt 3.628446 0.349358
vt 0.556859 3.628446
vt 0.561403 3.628446
vt -2.628446 0.349355
vt -2.628446 0.353866
vt 3.474754 0.347167
vt 3.474754 0.357329
vt 3.471060 0.347167
vt 3.471059 0.357329
vt 3.467365 0.347167
vt 3.467365 0.357329
vt 0.449563 0.357329
vt 0.449563 0.347167
vt 0.453245 0.357329
vt 0.453245 0.347167
vt 0.456926 0.357329
vt 0.456926 0.347167
vt -2.474754 0.357329
vt -2.474754 0.347167
vt -2.471059 0.357329
vt -2.471060 0.347167
vt -2.467365 0.357329
vt -2.467365 0.347167
vt 0.543074 0.357329
vt 0.543074 0.347167
vt 0.546755 0.357329
vt 0.546755 0.347167
vt 0.550437 0.357329
vt 0.550437 0.347167
vt 3.476640 0.356540
vt 3.476640 0.360647
vt 3.471059 0.356540
vt 3.471059 0.360647
vt 3.465479 0.356540
vt 3.465479 0.360647
vt 0.447684 0.360647
vt 0.447684 0.356540
vt 0.453245 0.360647
vt 0.453245 0.356540
vt 0.458806 0.360647
vt 0.458806 0.356540
vt -2.476640 0.360647
vt -2.476640 0.356540
vt -2.471059 0.360647
vt -2.471059 0.356540
vt -2.465479 0.360647
vt -2.465479 0.356540
vt 0.541194 0.360647
vt 0.541194 0.356540
vt 0.546755 0.360647
vt 0.546755 0.356540
vt 0.552316 0.360647
vt 0.552316 0.356540
vt 0.453245 3.463167
vt 0.458806 3.465479
vt 0.447684 3.465479
vt 0.447684 3.476640
vt 0.445380 3.471059
vt 0.458806 3.476640
vt 0.461109 3.471059
vt 0.453245 3.478952
vt 3.452721 0.322877
vt 3.452721 0.348611
vt 3.440315 0.322877
vt 3.440315 0.348611
vt 0.561665 0.348612
vt 0.438310 0.348611
vt 0.561680 0.322878
vt 0.438325 0.322877
vt 0.438335 3.440315
vt 0.561690 3.440315
vt 0.438335 3.452721
vt 0.561690 3.452721
vt 0.438320 0.322878
vt 0.561675 0.322877
vt 0.438335 0.348612
vt 0.561690 0.348611
vt 3.373396 0.351507
vt 3.382449 0.351507
vt 3.373396 0.355496
vt 3.382449 0.355496
vt 0.555397 0.355496
vt 0.550985 0.355496
vt 0.555397 0.351507
vt 0.550985 0.351507
vt 0.555397 3.382449
vt 0.550985 3.382449
vt 0.555397 3.373396
vt 0.550985 3.373396
vt 0.444603 0.351507
vt 0.449015 0.351507
vt 0.444603 0.355496
vt 0.449015 0.355496
vt -2.373396 0.351507
vt -2.373396 0.355496
vt -2.382449 0.351507
vt -2.382449 0.355496
vt 0.549947 0.359976
vt 0.551155 0.358223
vt 0.554129 0.359979
vt 0.554600 0.358226
vt 0.551155 0.355936
vt 0.560904 0.359979
vt 0.554600 0.355938
vt 0.560434 0.358226
vt 0.565087 0.359976
vt 0.560434 0.355939
vt 0.563879 0.358223
vt 0.563879 0.355936
vt 0.453533 0.354934
vt 0.454175 0.357083
vt 0.447223 0.354938
vt 0.447472 0.357088
vt 0.453533 0.359232
vt 0.447223 0.359236
vt 0.437744 0.354938
vt 0.437744 0.359236
vt 0.437494 0.357088
vt 0.431434 0.354934
vt 0.430791 0.357083
vt 0.431434 0.359232
vt -2.422621 0.359232
vt -2.423095 0.357083
vt -2.415223 0.359225
vt -2.415289 0.357076
vt -2.422625 0.354934
vt -2.396793 0.359210
vt -2.415228 0.354927
vt -2.396731 0.357061
vt -2.389395 0.359204
vt -2.396797 0.354912
vt -2.388925 0.357054
vt -2.389399 0.354905
vt 3.419184 0.355936
vt 3.419182 0.358223
vt 3.414764 0.355932
vt 3.414762 0.358219
vt 3.420067 0.359976
vt 3.397258 0.355918
vt 3.414880 0.359971
vt 3.397256 0.358205
vt 3.392838 0.355914
vt 3.397135 0.359957
vt 3.392836 0.358201
vt 3.391948 0.359952
vt 0.546467 0.359204
vt 0.545825 0.357054
vt 0.552777 0.359199
vt 0.552528 0.357050
vt 0.546467 0.354905
vt 0.552777 0.354901
vt 0.562506 0.357050
vt 0.562256 0.359200
vt 0.568566 0.359204
vt 0.562256 0.354901
vt 0.569209 0.357054
vt 0.568566 0.354906
vt 0.448845 0.355914
vt 0.448845 0.358201
vt 0.445401 0.355912
vt 0.445401 0.358199
vt 0.450054 0.359952
vt 0.445871 0.359950
vt 0.439566 0.358199
vt 0.439566 0.355912
vt 0.436121 0.355914
vt 0.439096 0.359950
vt 0.436121 0.358201
vt 0.434913 0.359952
vt 3.389395 0.359204
vt 3.388925 0.357054
vt 3.396793 0.359211
vt 3.396731 0.357061
vt 3.389399 0.354906
vt 3.415223 0.359225
vt 3.396797 0.354912
vt 3.415289 0.357076
vt 3.422621 0.359232
vt 3.415228 0.354927
vt 3.423095 0.357083
vt 3.422625 0.354934
vt -2.392838 0.355914
vt -2.392836 0.358201
vt -2.397258 0.355918
vt -2.397256 0.358205
vt -2.391948 0.359952
vt -2.414764 0.355932
vt -2.397135 0.359957
vt -2.414762 0.358219
vt -2.419184 0.355936
vt -2.414880 0.359971
vt -2.419182 0.358223
vt -2.420067 0.359976
vt 0.554600 3.421710
vt 0.551155 3.419184
vt 0.560434 3.421710
vt 0.563879 3.419184
vt 0.549759 3.414764
vt 0.565274 3.414764
vt 0.549759 3.397258
vt 0.565274 3.397258
vt 0.551155 3.392838
vt 0.563879 3.392838
vt 0.554599 3.390313
vt 0.560434 3.390313
vt 0.446590 3.425326
vt 0.438377 3.425326
vt 0.451904 3.421431
vt 0.433062 3.421431
vt 0.430980 3.415068
vt 0.453986 3.415068
vt 0.430980 3.396958
vt 0.453986 3.396958
vt 0.433062 3.390594
vt 0.451904 3.390594
vt 0.438377 3.386700
vt 0.446590 3.386700
vt 3.396398 0.353763
vt 3.393941 0.353763
vt 3.396398 0.351313
vt 3.393941 0.351313
vt 0.563738 0.351313
vt 0.570635 0.351313
vt 0.563738 0.353763
vt 0.570635 0.353763
vt 0.436262 3.396398
vt 0.429365 3.396398
vt 0.436262 3.393941
vt 0.429365 3.393941
vt 0.436262 0.353763
vt 0.429365 0.353763
vt 0.436262 0.351313
vt 0.429365 0.351313
vt 0.563738 3.393941
vt 0.570635 3.393941
vt 0.563738 3.396398
vt 0.570635 3.396398
vt 3.418079 0.353763
vt 3.415622 0.353763
vt 3.418079 0.351313
vt 3.415622 0.351313
vt 0.436262 3.418079
vt 0.429365 3.418079
vt 0.436262 3.415622
vt 0.429365 3.415622
vt 0.563738 3.415622
vt 0.570635 3.415622
vt 0.563738 3.418079
vt 0.570635 3.418079
vt 3.411488 0.321430
vt 3.411488 0.331507
vt 3.401536 0.321430
vt 3.401536 0.331507
vt 0.440630 0.335415
vt 0.435934 0.331507
vt 0.440645 0.321431
vt 0.435949 0.321430
vt 0.559370 3.401536
vt 0.564066 3.401536
vt 0.559370 3.411488
vt 0.564066 3.411488
vt 0.559355 0.321431
vt 0.564051 0.321430
vt 0.559370 0.335415
vt 0.564066 0.331507
vt 3.383234 0.321430
vt 3.383234 0.340959
vt 3.376333 0.321430
vt 3.376333 0.340959
vt 3.376333 0.343621
vt 3.383234 0.343621
vt 3.376333 0.345218
vt 3.383234 0.345218
vt 0.438016 0.345218
vt 0.436447 0.343621
vt 0.440630 0.345750
vt 0.435925 0.340959
vt 0.440630 0.321430
vt 0.435925 0.321430
vt 0.559370 0.321430
vt 0.564075 0.321430
vt 0.559370 0.345750
vt 0.561984 0.345218
vt 0.563553 0.343621
vt 0.564075 0.340959
vt 0.561984 3.376333
vt 0.561984 3.383234
vt 0.559370 3.376333
vt 0.559370 3.383234
vt 0.567887 3.396247
vt 0.567887 3.394093
vt 0.570268 3.396247
vt 0.570268 3.394093
vt 0.562097 0.321430
vt 0.570268 0.351735
vt 0.559545 0.321430
vt 0.567887 0.352369
vt 3.396247 0.321430
vt 3.396247 0.351735
vt 3.394092 0.321430
vt 3.394093 0.351735
vt 0.440455 0.321430
vt 0.432113 0.352369
vt 0.437903 0.321430
vt 0.429732 0.351735
vt -2.394092 0.321430
vt -2.394093 0.352369
vt -2.396247 0.321430
vt -2.396247 0.352369
vt 0.567887 3.417927
vt 0.567887 3.415773
vt 0.570268 3.417927
vt 0.570268 3.415773
vt 3.417927 0.321430
vt 3.417927 0.351735
vt 3.415773 0.321430
vt 3.415773 0.351735
vt -2.415773 0.321430
vt -2.415773 0.352369
vt -2.417927 0.321430
vt -2.417927 0.352369
vt 3.430543 0.351507
vt 3.446197 0.351507
vt 3.430543 0.361663
vt 3.446197 0.361663
vt 0.525019 0.361663
vt 0.514406 0.361663
vt 0.525019 0.351507
vt 0.514406 0.351507
vt 0.525019 3.446197
vt 0.514406 3.446197
vt 0.525019 3.430543
vt 0.514406 3.430543
vt 0.474981 0.351507
vt 0.485594 0.351507
vt 0.474981 0.361663
vt 0.485594 0.361663
vt -2.430543 0.351507
vt -2.430543 0.361663
vt -2.446197 0.351507
vt -2.446197 0.361663
vt 0.550429 0.357329
vt 0.546748 0.357329
vt 0.550429 0.347167
vt 0.546748 0.347167
vt 0.543066 0.357329
vt 0.543066 0.347167
vt 0.456934 0.357329
vt 0.453252 0.357329
vt 0.456934 0.347167
vt 0.453252 0.347167
vt 0.449571 0.357329
vt 0.449571 0.347167
vt 0.552309 0.360647
vt 0.546748 0.360647
vt 0.552309 0.356540
vt 0.546748 0.356540
vt 0.541187 0.360647
vt 0.541187 0.356540
vt 0.458813 0.360647
vt 0.453252 0.360647
vt 0.458813 0.356540
vt 0.453252 0.356540
vt 0.447691 0.360647
vt 0.447691 0.356540
vt 0.546748 3.478952
vt 0.541187 3.476640
vt 0.552309 3.476640
vt 0.541187 3.465479
vt 0.538883 3.471059
vt 0.552309 3.465479
vt 0.554612 3.471059
vt 0.546748 3.463167
vt 0.449022 0.351507
vt 0.449022 0.355496
vt 0.444611 0.351507
vt 0.444611 0.355496
vt 0.449022 3.373396
vt 0.449022 3.382449
vt 0.444611 3.373396
vt 0.444611 3.382449
vt 0.550978 0.355496
vt 0.550978 0.351507
vt 0.555389 0.355496
vt 0.555389 0.351507
vt 0.450061 0.359976
vt 0.445878 0.359979
vt 0.448853 0.358223
vt 0.445408 0.358226
vt 0.448853 0.355936
vt 0.439104 0.359979
vt 0.445408 0.355938
vt 0.439574 0.358226
vt 0.434921 0.359976
vt 0.439574 0.355939
vt 0.436129 0.358223
vt 0.436129 0.355936
vt 0.546460 0.354934
vt 0.552770 0.354938
vt 0.545817 0.357083
vt 0.552520 0.357088
vt 0.546460 0.359232
vt 0.552770 0.359236
vt 0.562248 0.354938
vt 0.562248 0.359236
vt 0.562499 0.357088
vt 0.568558 0.354934
vt 0.569201 0.357083
vt 0.568558 0.359232
vt 3.396793 0.359210
vt 3.389399 0.354905
vt 0.453540 0.359204
vt 0.447230 0.359199
vt 0.454183 0.357054
vt 0.447480 0.357050
vt 0.453540 0.354905
vt 0.447230 0.354901
vt 0.437501 0.357050
vt 0.437752 0.359200
vt 0.431442 0.359204
vt 0.437752 0.354901
vt 0.430799 0.357054
vt 0.431442 0.354906
vt 0.551147 0.355914
vt 0.554592 0.355912
vt 0.551147 0.358201
vt 0.554592 0.358199
vt 0.549939 0.359952
vt 0.554122 0.359950
vt 0.560426 0.358199
vt 0.560426 0.355912
vt 0.563871 0.355914
vt 0.560896 0.359950
vt 0.563871 0.358201
vt 0.565079 0.359952
vt -2.396793 0.359211
vt -2.389399 0.354906
vt 0.445408 3.421710
vt 0.439574 3.421710
vt 0.448853 3.419184
vt 0.436129 3.419184
vt 0.450249 3.414764
vt 0.434733 3.414764
vt 0.450249 3.397258
vt 0.434733 3.397258
vt 0.448853 3.392838
vt 0.436129 3.392838
vt 0.445408 3.390313
vt 0.439574 3.390313
vt 0.553402 3.425326
vt 0.548088 3.421431
vt 0.561616 3.425326
vt 0.566930 3.421431
vt 0.569013 3.415068
vt 0.546006 3.415068
vt 0.569013 3.396958
vt 0.546006 3.396958
vt 0.566930 3.390594
vt 0.548088 3.390594
vt 0.561616 3.386700
vt 0.553402 3.386700
vt -2.393941 0.351313
vt -2.393941 0.353763
vt -2.396398 0.351313
vt -2.396398 0.353763
vt 0.429372 0.353763
vt 0.429372 0.351313
vt 0.436270 0.353763
vt 0.436270 0.351313
vt 0.570628 3.393941
vt 0.570628 3.396398
vt 0.563730 3.393941
vt 0.563730 3.396398
vt 0.570628 0.351313
vt 0.570628 0.353763
vt 0.563730 0.351313
vt 0.563730 0.353763
vt 0.429372 3.396398
vt 0.429372 3.393941
vt 0.436270 3.396398
vt 0.436270 3.393941
vt -2.415622 0.351313
vt -2.415622 0.353763
vt -2.418079 0.351313
vt -2.418079 0.353763
vt 0.570628 3.415622
vt 0.570628 3.418079
vt 0.563730 3.415622
vt 0.563730 3.418079
vt 0.429372 3.418079
vt 0.429372 3.415622
vt 0.436270 3.418079
vt 0.436270 3.415622
vt -2.401536 0.331507
vt -2.411488 0.331507
vt -2.401536 0.321430
vt -2.411488 0.321430
vt 0.564043 0.321430
vt 0.564058 0.331507
vt 0.559347 0.321431
vt 0.559362 0.335415
vt 0.435942 3.411488
vt 0.435942 3.401536
vt 0.440638 3.411488
vt 0.440638 3.401536
vt 0.435942 0.331507
vt 0.435957 0.321430
vt 0.440638 0.335415
vt 0.440653 0.321431
vt -2.383234 0.321430
vt -2.376333 0.321430
vt -2.383234 0.340959
vt -2.376333 0.340959
vt -2.376333 0.343621
vt -2.383234 0.343621
vt -2.376333 0.345218
vt -2.383234 0.345218
vt 0.564068 0.321430
vt 0.564068 0.340959
vt 0.559362 0.321430
vt 0.559362 0.345750
vt 0.563545 0.343621
vt 0.561976 0.345218
vt 0.435932 0.340959
vt 0.435932 0.321430
vt 0.436455 0.343621
vt 0.438024 0.345218
vt 0.440638 0.345750
vt 0.440638 0.321430
vt 0.440638 3.383234
vt 0.438024 3.383234
vt 0.440638 3.376333
vt 0.438024 3.376333
vt 0.429740 3.394093
vt 0.432121 3.394093
vt 0.429740 3.396247
vt 0.432121 3.396247
vt 0.432121 0.352369
vt 0.429740 0.351735
vt 0.440463 0.321430
vt 0.437910 0.321430
vt -2.394093 0.351735
vt -2.396247 0.351735
vt 0.570261 0.351735
vt 0.567879 0.352369
vt 0.562090 0.321430
vt 0.559537 0.321430
vt 3.396247 0.352369
vt 3.394093 0.352369
vt 0.429740 3.415773
vt 0.432121 3.415773
vt 0.429740 3.417927
vt 0.432121 3.417927
vt -2.415773 0.351735
vt -2.417927 0.351735
vt 0.570260 0.351735
vt 3.417927 0.352369
vt 3.415773 0.352369
vt 0.485602 0.351507
vt 0.485602 0.361663
vt 0.474988 0.351507
vt 0.474988 0.361663
vt 0.485602 3.430543
vt 0.485602 3.446197
vt 0.474988 3.430543
vt 0.474988 3.446197
vt 0.514398 0.361663
vt 0.514398 0.351507
vt 0.525012 0.361663
vt 0.525012 0.351507
vt 3.639791 0.378042
vt 3.639791 0.388204
vt 3.636096 0.378042
vt 3.636096 0.388204
vt 3.632402 0.378042
vt 3.632402 0.388204
vt 0.449563 0.388204
vt 0.449563 0.378042
vt 0.453244 0.388204
vt 0.453244 0.378042
vt 0.456926 0.388204
vt 0.456926 0.378042
vt -2.639791 0.388204
vt -2.639791 0.378042
vt -2.636096 0.388204
vt -2.636096 0.378042
vt -2.632402 0.388204
vt -2.632402 0.378042
vt 0.543074 0.388204
vt 0.543074 0.378042
vt 0.546756 0.388204
vt 0.546756 0.378042
vt 0.550437 0.388204
vt 0.550437 0.378042
vt 3.641677 0.387415
vt 3.641677 0.391521
vt 3.636096 0.387415
vt 3.636096 0.391521
vt 3.630516 0.387415
vt 3.630516 0.391522
vt 0.447683 0.391521
vt 0.447683 0.387415
vt 0.453244 0.391521
vt 0.453244 0.387415
vt 0.458805 0.391521
vt 0.458805 0.387415
vt -2.641677 0.391521
vt -2.641677 0.387415
vt -2.636096 0.391521
vt -2.636096 0.387415
vt -2.630516 0.391522
vt -2.630516 0.387415
vt 0.541195 0.391522
vt 0.541195 0.387415
vt 0.546756 0.391522
vt 0.546756 0.387415
vt 0.552317 0.391522
vt 0.552317 0.387415
vt 0.453244 3.628204
vt 0.458805 3.630516
vt 0.447683 3.630516
vt 0.447683 3.641677
vt 0.445380 3.636096
vt 0.458805 3.641677
vt 0.461109 3.636096
vt 0.453244 3.643988
vt 3.764163 0.321431
vt 3.764163 0.371834
vt 3.757261 0.321431
vt 3.757261 0.371834
vt 3.757261 0.374496
vt 3.764163 0.374496
vt 3.757261 0.376093
vt 3.764163 0.376092
vt 0.438015 0.376092
vt 0.436447 0.374496
vt 0.440630 0.376625
vt 0.435924 0.371834
vt 0.440630 0.321431
vt 0.435924 0.321431
vt 0.559370 0.321431
vt 0.564076 0.321431
vt 0.559370 0.376625
vt 0.561985 0.376093
vt 0.563553 0.374496
vt 0.564076 0.371834
vt 0.561985 3.757261
vt 0.561985 3.764163
vt 0.559370 3.757261
vt 0.559370 3.764163
vt 3.522394 0.382382
vt 3.530152 0.382382
vt 3.522394 0.386402
vt 3.530152 0.386402
vt 0.554227 0.386402
vt 0.545954 0.386402
vt 0.554227 0.382382
vt 0.545954 0.382382
vt 0.554227 3.530152
vt 0.545954 3.530152
vt 0.554227 3.522394
vt 0.545954 3.522394
vt 0.445773 0.382382
vt 0.454046 0.382382
vt 0.445773 0.386402
vt 0.454046 0.386402
vt -2.522394 0.382382
vt -2.522394 0.386402
vt -2.530152 0.382382
vt -2.530152 0.386402
vt 0.550429 0.388204
vt 0.546747 0.388204
vt 0.550429 0.378042
vt 0.546747 0.378042
vt 0.543066 0.388204
vt 0.543066 0.378042
vt 0.456934 0.388204
vt 0.453253 0.388204
vt 0.456934 0.378042
vt 0.453253 0.378042
vt 0.449571 0.388204
vt 0.449571 0.378042
vt -2.641677 0.391522
vt -2.636096 0.391522
vt -2.630516 0.391521
vt 0.552308 0.391522
vt 0.546747 0.391522
vt 0.552308 0.387415
vt 0.546747 0.387415
vt 0.541186 0.391521
vt 0.541186 0.387415
vt 0.458814 0.391522
vt 0.453253 0.391522
vt 0.458814 0.387415
vt 0.453253 0.387415
vt 0.447692 0.391521
vt 0.447692 0.387415
vt 0.546747 3.643988
vt 0.541186 3.641677
vt 0.552308 3.641677
vt 0.541186 3.630516
vt 0.538883 3.636096
vt 0.552308 3.630516
vt 0.554612 3.636096
vt 0.546747 3.628204
vt -2.764163 0.321431
vt -2.757261 0.321431
vt -2.764163 0.371834
vt -2.757261 0.371834
vt -2.757261 0.374496
vt -2.764163 0.374496
vt -2.757261 0.376093
vt -2.764163 0.376092
vt 0.564067 0.321431
vt 0.564067 0.371834
vt 0.559362 0.321431
vt 0.559362 0.376625
vt 0.563545 0.374496
vt 0.561976 0.376092
vt 0.435933 0.371834
vt 0.435933 0.321431
vt 0.436456 0.374496
vt 0.438024 0.376093
vt 0.440638 0.376625
vt 0.440638 0.321431
vt 0.440638 3.764163
vt 0.438024 3.764163
vt 0.440638 3.757261
vt 0.438024 3.757261
vt 0.454054 0.382382
vt 0.454054 0.386402
vt 0.445781 0.382382
vt 0.445781 0.386402
vt 0.454054 3.522394
vt 0.454054 3.530152
vt 0.445781 3.522394
vt 0.445781 3.530152
vt 0.545946 0.386402
vt 0.545946 0.382382
vt 0.554219 0.386402
vt 0.554219 0.382382
vt 3.598471 0.381584
vt 3.614124 0.381584
vt 3.598471 0.391740
vt 3.614124 0.391740
vt 0.525019 0.391740
vt 0.514406 0.391740
vt 0.525019 0.381584
vt 0.514406 0.381584
vt 0.525019 3.614124
vt 0.514406 3.614124
vt 0.525019 3.598471
vt 0.514406 3.598471
vt 0.474981 0.381584
vt 0.485594 0.381584
vt 0.474981 0.391740
vt 0.485594 0.391740
vt -2.598471 0.381584
vt -2.598471 0.391740
vt -2.614124 0.381584
vt -2.614124 0.391740
vt 0.485602 0.381584
vt 0.485602 0.391740
vt 0.474989 0.381584
vt 0.474989 0.391740
vt 0.485602 3.598471
vt 0.485602 3.614124
vt 0.474989 3.598471
vt 0.474989 3.614124
vt 0.514398 0.391740
vt 0.514398 0.381584
vt 0.525011 0.391740
vt 0.525011 0.381584
vt -2.452721 0.348612
vt -2.452721 0.322878
vt -2.440315 0.348612
vt -2.440315 0.322878
vt 0.559131 0.321431
vt 0.561794 0.321431
vt 0.559131 0.381584
vt 0.561794 0.381584
vt 3.543110 0.321431
vt 3.543994 0.321431
vt 3.543110 0.381584
vt 3.543994 0.381584
vt 0.438206 0.321431
vt 0.440869 0.321431
vt 0.438206 0.381584
vt 0.559131 3.543110
vt 0.561794 3.543110
vt 0.559131 3.543994
vt 0.561794 3.543994
vt 3.534096 0.321431
vt 3.534980 0.321431
vt 3.534096 0.381584
vt 3.534980 0.381584
vt 0.559131 3.534096
vt 0.561794 3.534096
vt 0.559131 3.534980
vt 0.561794 3.534980
vt 0.438214 0.381584
vt 0.438214 0.321431
vt 0.440877 0.381584
vt 0.440877 0.321431
vt -2.543994 0.381584
vt -2.543994 0.321431
vt -2.543110 0.381584
vt -2.543110 0.321431
vt 0.559123 0.381584
vt 0.559123 0.321431
vt 0.561786 0.381584
vt 0.561786 0.321431
vt 0.438214 3.543994
vt 0.438214 3.543110
vt 0.440877 3.543994
vt 0.440877 3.543110
vt -2.534980 0.381584
vt -2.534980 0.321431
vt -2.534096 0.381584
vt -2.534096 0.321431
vt 0.438214 3.534980
vt 0.438214 3.534096
vt 0.440877 3.534980
vt 0.440877 3.534096
vt 3.548438 0.382382
vt 3.556196 0.382382
vt 3.548438 0.386402
vt 3.556196 0.386402
vt 0.554227 3.556196
vt 0.545954 3.556196
vt 0.554227 3.548438
vt 0.545954 3.548438
vt -2.548438 0.382382
vt -2.548438 0.386402
vt -2.556196 0.382382
vt -2.556196 0.386402
vt 0.454054 3.548438
vt 0.454054 3.556196
vt 0.445781 3.548438
vt 0.445781 3.556196
vt 0.399275 0.349215
vt 0.402161 0.345397
vt 0.499996 0.345397
vt 0.500004 0.345397
vt 0.597839 0.345397
vt 0.500004 0.349215
vt 0.600725 0.349215
vt 0.499996 3.698431
vt 0.402161 3.698431
vt 0.499996 3.694679
vt 0.402161 3.694679
vt 0.499996 3.674420
vt 0.402161 3.674420
vt 0.499996 3.670667
vt 0.402161 3.670667
vt 0.591534 0.345397
vt 0.591534 0.321430
vt 0.596209 0.345397
vt 0.596209 0.321430
vt 3.671762 0.345397
vt 3.671762 0.321430
vt 3.674480 0.345397
vt 3.674480 0.321430
vt 0.403791 0.345397
vt 0.403791 0.321430
vt 0.408466 0.345397
vt 0.408466 0.321430
vt 3.694679 0.345397
vt 3.694679 0.321430
vt 3.697277 0.345397
vt 3.697277 0.321430
vt 0.404367 0.321430
vt 0.406456 0.321430
vt 0.404367 0.345397
vt 0.406456 0.345397
vt 3.697167 0.321430
vt 3.671988 0.345397
vt 0.593544 0.321430
vt 0.595633 0.321430
vt 0.593544 0.345397
vt 0.595633 0.345397
vt 0.592119 0.345397
vt 0.592119 0.321430
vt 0.594262 0.345397
vt 0.594262 0.321430
vt 3.671988 0.321430
vt 3.697167 0.345397
vt 0.405738 0.345397
vt 0.405738 0.321430
vt 0.407881 0.345397
vt 0.407881 0.321430
vt 3.694679 0.349215
vt 3.698431 0.349215
vt 3.698431 0.345397
vt 3.670667 0.345397
vt 3.674420 0.349215
vt 3.674420 0.345397
vt 0.499996 3.758382
vt 0.402161 3.758382
vt 0.499996 3.754629
vt 0.402161 3.754629
vt 0.499996 3.734370
vt 0.402161 3.734370
vt 0.499996 3.730617
vt 0.402161 3.730617
vt 3.731712 0.345397
vt 3.731712 0.321430
vt 3.734430 0.345397
vt 3.734430 0.321430
vt 3.754629 0.345397
vt 3.754629 0.321430
vt 3.757227 0.345397
vt 3.757227 0.321430
vt 3.757117 0.321430
vt 3.731938 0.345397
vt 3.731938 0.321430
vt 3.757117 0.345397
vt 3.754629 0.349215
vt 3.758382 0.349215
vt 3.758382 0.345397
vt 3.730617 0.349215
vt 3.730617 0.345397
vt 3.734370 0.349215
vt 3.734370 0.345397
vt 0.597830 0.345397
vt 0.600717 0.349215
vt 0.399283 0.349215
vt 0.402170 0.345397
vt 0.597830 3.694679
vt 0.597830 3.698431
vt 0.597830 3.670667
vt 0.597830 3.674420
vt 0.403799 0.321430
vt 0.408474 0.321430
vt 0.403799 0.345397
vt 0.408474 0.345397
vt -2.674480 0.321430
vt -2.671762 0.321430
vt -2.674480 0.345397
vt -2.671762 0.345397
vt 0.591526 0.321430
vt 0.596201 0.321430
vt 0.591526 0.345397
vt 0.596201 0.345397
vt -2.697277 0.321430
vt -2.694679 0.321430
vt -2.697277 0.345397
vt -2.694679 0.345397
vt 0.593535 0.345397
vt 0.593535 0.321430
vt 0.595625 0.345397
vt 0.595625 0.321430
vt -2.697167 0.321430
vt -2.671988 0.345397
vt 0.404375 0.345397
vt 0.404375 0.321430
vt 0.406465 0.345397
vt 0.406465 0.321430
vt 0.405747 0.321430
vt 0.407889 0.321430
vt 0.405747 0.345397
vt 0.407889 0.345397
vt -2.671988 0.321430
vt -2.697167 0.345397
vt 0.592111 0.321430
vt 0.594253 0.321430
vt 0.592111 0.345397
vt 0.594253 0.345397
vt -2.698431 0.345397
vt -2.698431 0.349215
vt -2.694679 0.349215
vt -2.674420 0.345397
vt -2.670667 0.345397
vt -2.674420 0.349215
vt 0.597830 3.754629
vt 0.597830 3.758382
vt 0.597830 3.730617
vt 0.597830 3.734370
vt -2.734430 0.321430
vt -2.731712 0.321430
vt -2.734430 0.345397
vt -2.731712 0.345397
vt 0.591525 0.345397
vt 0.408475 0.345397
vt -2.757227 0.321430
vt -2.754629 0.321430
vt -2.757227 0.345397
vt -2.754629 0.345397
vt 0.595624 0.321430
vt -2.757117 0.321430
vt -2.731938 0.345397
vt -2.731938 0.321430
vt -2.757117 0.345397
vt -2.758382 0.345397
vt -2.758382 0.349215
vt -2.754629 0.349215
vt -2.734370 0.345397
vt -2.730617 0.345397
vt -2.734370 0.349215
vt -2.730617 0.349215
vt 0.421262 0.372358
vt 0.421600 0.369997
vt 0.423779 0.373657
vt 0.423779 0.370666
vt 0.421816 0.367441
vt 0.425958 0.369997
vt 0.426297 0.372358
vt 0.425743 0.367441
vt 0.423779 0.367441
vt 0.421871 0.321430
vt 0.423779 0.321430
vt 0.425687 0.321430
vt 0.578738 0.369766
vt 0.576221 0.368468
vt 0.578400 0.368658
vt 0.576221 0.367989
vt 0.578188 0.367441
vt 0.574041 0.368658
vt 0.573703 0.369766
vt 0.576221 0.367441
vt 0.574253 0.367441
vt 0.574309 0.321430
vt 0.576221 0.321430
vt 0.578133 0.321430
vt 0.579168 3.627206
vt 0.578738 3.630441
vt 0.576221 3.627206
vt 0.576221 3.631129
vt 0.573703 3.630441
vt 0.573274 3.627206
vt 3.627206 0.370596
vt 3.629066 0.369766
vt 3.627206 0.374237
vt 3.630441 0.372358
vt 3.629821 0.368658
vt 3.631951 0.369997
vt 3.629989 0.367441
vt 3.632264 0.367441
vt 3.632232 0.321430
vt 3.630021 0.321430
vt 0.420840 3.627206
vt 0.423779 3.627206
vt 0.421262 3.629066
vt 0.423779 3.628379
vt 0.426297 3.629066
vt 0.426718 3.627206
vt -2.627206 0.374237
vt -2.630441 0.372358
vt -2.627206 0.370596
vt -2.629066 0.369766
vt -2.631951 0.369997
vt -2.629821 0.368658
vt -2.632264 0.367441
vt -2.629989 0.367441
vt -2.632232 0.321430
vt -2.630021 0.321430
vt 3.627390 0.321430
vt 3.627390 0.336174
vt 3.625671 0.321430
vt 3.625671 0.336174
vt 3.623952 0.321430
vt 3.623952 0.336174
vt 0.423404 0.336174
vt 0.423404 0.321430
vt 0.425117 0.336174
vt 0.425117 0.321430
vt 0.426830 0.336174
vt 0.426830 0.321430
vt -2.627390 0.336174
vt -2.627390 0.321430
vt -2.625671 0.336174
vt -2.625671 0.321430
vt -2.623952 0.336174
vt -2.623952 0.321430
vt 0.573170 0.336174
vt 0.573170 0.321430
vt 0.574883 0.336174
vt 0.574883 0.321430
vt 0.576596 0.336174
vt 0.576596 0.321430
vt 0.574883 3.628103
vt 0.573170 3.627390
vt 0.576596 3.627390
vt 0.576596 3.623952
vt 0.577306 3.625671
vt 0.573170 3.623952
vt 0.572460 3.625671
vt 0.574883 3.623240
vt 3.627531 0.337157
vt 3.627531 0.338064
vt 3.625671 0.337157
vt 3.625671 0.338064
vt 3.623811 0.337157
vt 3.623811 0.338064
vt 0.423264 0.338064
vt 0.423264 0.337157
vt 0.425117 0.338064
vt 0.425117 0.337157
vt 0.426971 0.338064
vt 0.426971 0.337157
vt -2.627531 0.338064
vt -2.627531 0.337157
vt -2.625671 0.338064
vt -2.625671 0.337157
vt -2.623811 0.338064
vt -2.623811 0.337157
vt 0.573029 0.338064
vt 0.573029 0.337157
vt 0.574883 0.338064
vt 0.574883 0.337157
vt 0.576736 0.338064
vt 0.576736 0.337157
vt 0.425117 3.623040
vt 0.426971 3.623811
vt 0.423264 3.623811
vt 0.423264 3.627531
vt 0.422496 3.625671
vt 0.426971 3.627531
vt 0.427739 3.625671
vt 0.425117 3.628302
vt 0.429608 0.321430
vt 0.429608 0.349320
vt 0.428727 0.321430
vt 0.428727 0.349320
vt 3.615919 0.321430
vt 3.618762 0.321430
vt 3.626169 0.349320
vt 3.629012 0.349320
vt 0.571273 0.321430
vt 0.571273 0.349320
vt 0.570392 0.321430
vt 0.570392 0.349320
vt -2.615919 0.321430
vt -2.626169 0.349320
vt -2.618762 0.321430
vt -2.629012 0.349320
vt 0.438591 0.349320
vt 0.437710 0.349320
vt 0.438591 0.321430
vt 0.437710 0.321430
vt 0.562290 0.321430
vt 0.562290 0.349320
vt 0.561409 0.321430
vt 0.561409 0.349320
vt 0.578730 0.372358
vt 0.576213 0.373657
vt 0.578392 0.369997
vt 0.576213 0.370666
vt 0.578176 0.367441
vt 0.574033 0.369997
vt 0.573695 0.372358
vt 0.574249 0.367441
vt 0.576213 0.367441
vt 0.578120 0.321430
vt 0.576213 0.321430
vt 0.574305 0.321430
vt 0.421270 0.369766
vt 0.421608 0.368658
vt 0.423788 0.368468
vt 0.423788 0.367989
vt 0.421820 0.367441
vt 0.425967 0.368658
vt 0.426305 0.369766
vt 0.423788 0.367441
vt 0.425755 0.367441
vt 0.425699 0.321430
vt 0.423787 0.321430
vt 0.421876 0.321430
vt 0.423788 3.627206
vt 0.421270 3.630441
vt 0.423788 3.631129
vt 0.426305 3.630441
vt 0.426735 3.627206
vt -2.632265 0.367441
vt 0.579152 3.627206
vt 0.578730 3.629066
vt 0.576213 3.627206
vt 0.576213 3.628379
vt 0.573695 3.629066
vt 0.573273 3.627206
vt 3.632265 0.367441
vt 0.576588 0.336174
vt 0.574875 0.336174
vt 0.576588 0.321430
vt 0.574875 0.321430
vt 0.573161 0.336174
vt 0.573161 0.321430
vt 0.426839 0.336174
vt 0.425125 0.336174
vt 0.426839 0.321430
vt 0.425125 0.321430
vt 0.423412 0.336174
vt 0.423412 0.321430
vt 0.425125 3.623240
vt 0.426839 3.623952
vt 0.423412 3.623952
vt 0.426839 3.627390
vt 0.427548 3.625671
vt 0.423412 3.627390
vt 0.422703 3.625671
vt 0.425126 3.628103
vt 0.576728 0.338064
vt 0.574875 0.338064
vt 0.576728 0.337157
vt 0.574875 0.337157
vt 0.573021 0.338064
vt 0.573021 0.337157
vt 0.426979 0.338064
vt 0.425125 0.338064
vt 0.426979 0.337157
vt 0.425125 0.337157
vt 0.423272 0.338064
vt 0.423272 0.337157
vt 0.574875 3.628302
vt 0.573021 3.627531
vt 0.576728 3.627531
vt 0.573021 3.623811
vt 0.572253 3.625671
vt 0.576728 3.623811
vt 0.577496 3.625671
vt 0.574875 3.623040
vt 0.571267 0.349320
vt 0.570386 0.349320
vt 0.571267 0.321430
vt 0.570386 0.321430
vt 0.429614 0.349320
vt 0.428733 0.349320
vt 0.429614 0.321430
vt 0.428733 0.321430
vt 0.562284 0.321430
vt 0.562284 0.349320
vt 0.561403 0.321430
vt 0.561403 0.349320
vt 0.438597 0.349320
vt 0.437716 0.349320
vt 0.438597 0.321430
vt 0.437716 0.321430
vt 3.564002 0.322877
vt 3.564002 0.348611
vt 3.551596 0.322877
vt 3.551596 0.348611
vt 0.438335 3.551596
vt 0.561690 3.551596
vt 0.438335 3.564002
vt 0.561690 3.564002
vt -2.564002 0.348612
vt -2.564002 0.322878
vt -2.551596 0.348612
vt -2.551596 0.322878
vt 3.779362 0.379328
vt 3.779362 0.383840
vt 3.502525 0.379329
vt 3.502525 0.383840
vt -2.774806 0.383840
vt -2.774806 0.379328
vt -2.504086 0.383840
vt -2.504086 0.379329
vt 3.450051 0.379329
vt 3.450051 0.383840
vt -2.454607 0.383840
vt -2.454607 0.379329
vt 0.520824 0.379329
vt 0.520824 0.383840
vt 0.500004 0.379329
vt 0.500004 0.383840
vt 0.479184 0.383840
vt 0.479184 0.379329
vt 0.481399 0.383840
vt 0.481399 0.379329
vt 0.499996 0.383840
vt 0.499996 0.379329
vt 0.518594 0.379329
vt 0.518594 0.383840
vt 0.438599 0.383840
vt 0.438599 0.379328
vt 0.499996 0.379328
vt 0.561392 0.379328
vt 0.561392 0.383839
vt 0.556861 0.379328
vt 0.556861 0.383840
vt 0.500004 0.379328
vt 0.443147 0.383839
vt 0.443147 0.379328
vt -2.502525 0.383840
vt -2.779362 0.383839
vt -2.502525 0.379329
vt -2.779362 0.379328
vt 3.504086 0.379329
vt 3.774806 0.379328
vt 3.504086 0.383840
vt 3.774806 0.383839
vt -2.450051 0.383840
vt -2.450051 0.379329
vt 3.454607 0.379329
vt 3.454607 0.383840
vt 0.571671 0.321430
vt 0.569470 0.330721
vt 0.562079 0.321430
vt 0.566876 0.331789
vt 0.564280 0.330721
vt 0.435720 0.330721
vt 0.433124 0.331789
vt 0.437921 0.321430
vt 0.428328 0.321430
vt 0.430530 0.330721
vt 0.435720 3.526691
vt 0.435720 3.528322
vt 0.433124 3.526691
vt 0.433124 3.528322
vt 0.430530 3.526691
vt 0.430530 3.528322
vt 3.528322 0.330721
vt 3.526691 0.330721
vt 3.528322 0.321430
vt 3.526691 0.321430
vt -2.528322 0.321430
vt -2.526691 0.321430
vt -2.528322 0.330721
vt -2.526691 0.330721
vt -2.511852 0.330721
vt -2.513482 0.330721
vt -2.511852 0.321430
vt -2.513482 0.321430
vt 3.511852 0.321430
vt 3.513482 0.321430
vt 3.511852 0.330721
vt 3.513482 0.330721
vt 0.435720 3.511852
vt 0.435720 3.513482
vt 0.433124 3.511852
vt 0.433124 3.513482
vt 0.430530 3.511852
vt 0.430530 3.513482
vt 0.571672 0.321430
vt 0.562078 0.321430
vt 0.566875 0.331789
vt 0.435721 0.330721
vt 0.433125 0.331789
vt 0.428329 0.321430
vt 0.435720 3.723519
vt 0.435720 3.725150
vt 0.433125 3.723519
vt 0.433125 3.725150
vt 0.430530 3.723519
vt 0.430530 3.725150
vt 3.725150 0.330721
vt 3.723519 0.330721
vt 3.725150 0.321430
vt 3.723519 0.321430
vt -2.725150 0.321430
vt -2.723519 0.321430
vt -2.725150 0.330721
vt -2.723519 0.330721
vt -2.708680 0.330721
vt -2.710310 0.330721
vt -2.708680 0.321430
vt -2.710310 0.321430
vt 3.708680 0.321430
vt 3.710310 0.321430
vt 3.708680 0.330721
vt 3.710310 0.330721
vt 0.435721 3.708680
vt 0.435721 3.710310
vt 0.433125 3.708680
vt 0.433125 3.710310
vt 0.430530 3.708680
vt 0.430530 3.710310
vt 0.564279 0.330721
vt 0.435712 0.330721
vt 0.433116 0.331789
vt 0.437913 0.321430
vt 0.430522 0.330721
vt 0.428321 0.321430
vt 0.569478 0.330721
vt 0.566884 0.331789
vt 0.571679 0.321430
vt 0.562087 0.321430
vt 0.564288 0.330721
vt 0.564288 3.526691
vt 0.566884 3.526691
vt 0.564288 3.528322
vt 0.566884 3.528322
vt 0.569478 3.526691
vt 0.569478 3.528322
vt 0.564288 3.511852
vt 0.566884 3.511852
vt 0.564288 3.513482
vt 0.566884 3.513482
vt 0.569478 3.511852
vt 0.569478 3.513482
vt 0.435711 0.330721
vt 0.428320 0.321430
vt 0.571680 0.321430
vt 0.564289 3.723519
vt 0.566884 3.723519
vt 0.564289 3.725150
vt 0.566884 3.725150
vt 0.569478 3.723519
vt 0.569478 3.725150
vt 0.564288 3.708680
vt 0.566884 3.708680
vt 0.564288 3.710310
vt 0.566884 3.710310
vt 0.569478 3.708680
vt 0.569478 3.710310
vt 0.564289 0.330721
vt -2.764400 0.322908
vt -2.767339 0.322908
vt -2.764400 0.321430
vt -2.767339 0.321430
vt -2.770279 0.322908
vt -2.770279 0.321431
vt 0.422613 0.321430
vt 0.424757 0.321430
vt 0.422613 0.322908
vt 0.424757 0.322908
vt 0.427686 0.321430
vt 0.427686 0.322908
vt 0.430615 0.321431
vt 0.430615 0.322908
vt 0.432758 0.321430
vt 0.432758 0.322908
vt 3.764400 0.321430
vt 3.767339 0.321430
vt 3.764400 0.322908
vt 3.767339 0.322908
vt 3.770278 0.321430
vt 3.770278 0.322908
vt 0.567242 0.321430
vt 0.569386 0.321430
vt 0.567242 0.322908
vt 0.569386 0.322908
vt 0.572314 0.321430
vt 0.572314 0.322908
vt 0.575243 0.321430
vt 0.575243 0.322908
vt 0.577387 0.321431
vt 0.577387 0.322908
vt 0.423863 0.362110
vt 0.424205 0.357852
vt 0.425478 0.362958
vt 0.425676 0.357852
vt 0.425676 0.321430
vt 0.424205 0.321430
vt 0.427686 0.357852
vt 0.429695 0.321431
vt 0.427686 0.363268
vt 0.429695 0.357852
vt 0.431166 0.321430
vt 0.431166 0.357852
vt 0.431508 0.362110
vt 0.429893 0.362958
vt 0.427686 0.368209
vt 0.425082 0.367598
vt 0.430289 0.367598
vt -2.770832 0.357852
vt -2.769356 0.357852
vt -2.770993 0.358948
vt -2.769582 0.359795
vt -2.771595 0.359703
vt -2.770663 0.361372
vt -2.769391 0.363651
vt -2.767654 0.360953
vt -2.772545 0.365480
vt -2.772545 0.362401
vt -2.773996 0.362534
vt -2.773996 0.360190
vt -2.772545 0.360147
vt -2.773996 0.365735
vt -2.772545 0.368452
vt -2.773996 0.368937
vt -2.768118 0.365930
vt -2.772545 0.370706
vt -2.773996 0.371280
vt -2.767186 0.367598
vt -2.765727 0.362110
vt -2.764316 0.362958
vt -2.767340 0.357852
vt -2.765323 0.357852
vt -2.765323 0.321430
vt -2.767340 0.321430
vt -2.769356 0.321431
vt 0.569711 0.359703
vt 0.570107 0.358948
vt 0.572314 0.359093
vt 0.572314 0.358637
vt 0.574918 0.359703
vt 0.574522 0.358948
vt 0.570305 0.357852
vt 0.572314 0.357852
vt 0.574324 0.357852
vt 0.570305 0.321430
vt 0.568834 0.357852
vt 0.568834 0.321430
vt 0.574324 0.321430
vt 0.575795 0.321431
vt 0.575795 0.357852
vt 3.771595 0.359703
vt 3.770663 0.361372
vt 3.770993 0.358948
vt 3.769582 0.359795
vt 3.770832 0.357852
vt 3.769356 0.357852
vt 3.767340 0.357852
vt 3.769356 0.321430
vt 3.767340 0.321430
vt 3.767654 0.360953
vt 3.765323 0.357852
vt 3.765323 0.321430
vt 3.765727 0.362110
vt 3.769391 0.363651
vt 3.772545 0.362401
vt 3.768118 0.365930
vt 3.764316 0.362958
vt 3.767186 0.367598
vt 3.772545 0.365480
vt 3.772545 0.368452
vt 3.772545 0.370706
vt 3.773996 0.371280
vt 3.773996 0.368937
vt 3.773996 0.365735
vt 3.773996 0.362534
vt 3.772545 0.360147
vt 3.773996 0.360190
vt 0.577681 3.772545
vt 0.575413 3.772545
vt 0.576823 3.770663
vt 0.574918 3.771595
vt 0.572314 3.771936
vt 0.572314 3.772545
vt 0.569711 3.771595
vt 0.572314 3.773996
vt 0.575536 3.773996
vt 0.569093 3.773996
vt 0.569216 3.772545
vt 0.566948 3.772545
vt 0.567806 3.770663
vt 0.430907 3.773996
vt 0.427686 3.773996
vt 0.430784 3.772545
vt 0.427686 3.772545
vt 0.424464 3.773996
vt 0.430289 3.767186
vt 0.424587 3.772545
vt 0.427686 3.766845
vt 0.425082 3.767186
vt -2.764400 0.352959
vt -2.767339 0.352959
vt -2.764400 0.351481
vt -2.767339 0.351481
vt -2.770279 0.352959
vt -2.770279 0.351482
vt 0.422613 0.351481
vt 0.424757 0.351481
vt 0.422613 0.352959
vt 0.424757 0.352959
vt 0.427686 0.351481
vt 0.427686 0.352959
vt 0.430615 0.351482
vt 0.430615 0.352959
vt 0.432758 0.351481
vt 0.432758 0.352959
vt 3.764400 0.351481
vt 3.767339 0.351481
vt 3.764400 0.352959
vt 3.767339 0.352959
vt 3.770278 0.351481
vt 3.770278 0.352959
vt 0.567242 0.351481
vt 0.569386 0.351481
vt 0.567242 0.352959
vt 0.569386 0.352959
vt 0.572314 0.351481
vt 0.572314 0.352959
vt 0.575243 0.351481
vt 0.575243 0.352959
vt 0.577387 0.351482
vt 0.577387 0.352959
vt 3.770956 0.351507
vt 3.770956 0.358067
vt 3.763283 0.351506
vt 3.763283 0.358067
vt 0.418013 0.351506
vt 0.418013 0.358067
vt 0.410926 0.351507
vt 0.410926 0.358067
vt 0.418013 3.763283
vt 0.418012 3.770956
vt 0.410926 3.763283
vt 0.410926 3.770956
vt 0.581988 0.351507
vt 0.589074 0.351507
vt 0.581988 0.358067
vt 0.589074 0.358067
vt -2.770956 0.351507
vt -2.763283 0.351507
vt -2.770956 0.358067
vt -2.763283 0.358067
vt 3.770279 0.322908
vt 3.770279 0.321431
vt 0.577395 0.321430
vt 0.577395 0.322908
vt 0.575252 0.321430
vt 0.575252 0.322908
vt 0.572323 0.321430
vt 0.572323 0.322908
vt 0.569394 0.321431
vt 0.569394 0.322908
vt 0.567251 0.321430
vt 0.567251 0.322908
vt -2.770278 0.321430
vt -2.770278 0.322908
vt 0.432750 0.321430
vt 0.432750 0.322908
vt 0.430606 0.321430
vt 0.430606 0.322908
vt 0.427677 0.321430
vt 0.427677 0.322908
vt 0.424748 0.321430
vt 0.424748 0.322908
vt 0.422604 0.321431
vt 0.422604 0.322908
vt 0.576146 0.362110
vt 0.574530 0.362958
vt 0.575803 0.357852
vt 0.574333 0.357852
vt 0.574333 0.321430
vt 0.575803 0.321430
vt 0.572323 0.357852
vt 0.570313 0.321431
vt 0.572323 0.363268
vt 0.570313 0.357852
vt 0.568843 0.321430
vt 0.568843 0.357852
vt 0.568500 0.362110
vt 0.570116 0.362958
vt 0.572323 0.368209
vt 0.574926 0.367598
vt 0.569720 0.367598
vt 3.769356 0.321431
vt 0.430280 0.359703
vt 0.427677 0.359093
vt 0.429884 0.358948
vt 0.427677 0.358637
vt 0.425074 0.359703
vt 0.425470 0.358948
vt 0.429687 0.357852
vt 0.427677 0.357852
vt 0.425668 0.357852
vt 0.429687 0.321430
vt 0.431158 0.357852
vt 0.431158 0.321430
vt 0.425668 0.321430
vt 0.424196 0.321431
vt 0.424196 0.357852
vt -2.769356 0.321430
vt 0.422311 3.772545
vt 0.423168 3.770663
vt 0.424579 3.772545
vt 0.425074 3.771595
vt 0.427677 3.771936
vt 0.427677 3.772545
vt 0.430280 3.771595
vt 0.427677 3.773996
vt 0.424456 3.773996
vt 0.430898 3.773996
vt 0.430775 3.772545
vt 0.433043 3.772545
vt 0.432186 3.770663
vt 0.569102 3.773996
vt 0.569225 3.772545
vt 0.572323 3.773996
vt 0.572323 3.772545
vt 0.569720 3.767186
vt 0.575544 3.773996
vt 0.572323 3.766845
vt 0.575421 3.772545
vt 0.574926 3.767186
vt 3.770279 0.352959
vt 3.770279 0.351482
vt 0.577395 0.351481
vt 0.577395 0.352959
vt 0.575252 0.351481
vt 0.575252 0.352959
vt 0.572323 0.351481
vt 0.572323 0.352959
vt 0.569394 0.351482
vt 0.569394 0.352959
vt 0.567251 0.351481
vt 0.567251 0.352959
vt -2.770278 0.351481
vt -2.770278 0.352959
vt 0.432750 0.351481
vt 0.432750 0.352959
vt 0.430606 0.351481
vt 0.430606 0.352959
vt 0.427677 0.351481
vt 0.427677 0.352959
vt 0.424748 0.351481
vt 0.424748 0.352959
vt 0.422604 0.351482
vt 0.422604 0.352959
vt -2.763283 0.351506
vt 0.589082 0.358067
vt 0.581996 0.358067
vt 0.589082 0.351507
vt 0.581996 0.351506
vt 0.589082 3.770956
vt 0.581996 3.770956
vt 0.589082 3.763283
vt 0.581996 3.763283
vt 0.410918 0.358067
vt 0.410918 0.351507
vt 0.418004 0.358067
vt 0.418004 0.351507
vt 3.763283 0.351507
vt 3.673918 0.352377
vt 3.673919 0.378111
vt 3.661513 0.352377
vt 3.661513 0.378111
vt 0.561587 0.378112
vt 0.438388 0.378111
vt 0.561602 0.352378
vt 0.438402 0.352377
vt 0.438413 3.661513
vt 0.561612 3.661513
vt 0.438413 3.673919
vt 0.561612 3.673919
vt 0.438398 0.352378
vt 0.561598 0.352377
vt 0.438413 0.378112
vt 0.561612 0.378111
vt -2.673919 0.378112
vt -2.673919 0.352378
vt -2.661513 0.378112
vt -2.661513 0.352378
vt 3.783912 0.342883
vt 3.768739 0.342883
vt 3.783912 0.321430
vt 3.768739 0.321430
vt 0.509329 3.781818
vt 0.509330 3.786096
vt 0.490680 3.781819
vt 0.490680 3.786097
vt 0.490670 0.335623
vt 0.509320 0.335623
vt 0.490670 0.336264
vt 0.509320 0.336264
vt -2.786097 0.335623
vt -2.781819 0.335623
vt -2.786097 0.336264
vt -2.781819 0.337733
vt 3.786096 0.335623
vt 3.786096 0.336264
vt 3.781818 0.335623
vt 3.781818 0.337733
vt 0.511213 0.342883
vt 0.488778 0.342883
vt 0.511213 0.321430
vt 0.488778 0.321430
vt -2.768739 0.321430
vt -2.768739 0.342883
vt -2.783912 0.321430
vt -2.783912 0.342883
vt 0.509328 3.786097
vt 0.490679 3.786097
vt 0.509328 3.781819
vt 0.490679 3.781818
vt 0.509329 3.786097
vt 0.509329 3.781819
vt 0.490680 3.781818
vt 0.490678 3.781818
vt 0.509327 3.781819
vt 0.490678 3.786097
vt 0.509327 3.786097
vt 0.490671 0.340268
vt 0.490671 0.339627
vt 0.509320 0.340268
vt 0.509320 0.339627
vt 3.781819 0.341737
vt 3.781819 0.339627
vt 3.786097 0.340268
vt 3.786097 0.339627
vt -2.781818 0.341737
vt -2.786097 0.340268
vt -2.781818 0.339627
vt -2.786097 0.339627
vt 0.490673 0.324252
vt 0.490673 0.323611
vt 0.509322 0.324252
vt 0.509322 0.323611
vt 3.781819 0.325721
vt 3.781819 0.323611
vt 3.786097 0.324252
vt 3.786097 0.323611
vt -2.781818 0.325721
vt -2.786097 0.324252
vt -2.781818 0.323611
vt -2.786097 0.323611
vt 0.490673 0.328256
vt 0.490673 0.327615
vt 0.509322 0.328256
vt 0.509322 0.327615
vt 3.781819 0.329725
vt 3.781819 0.327615
vt 3.786097 0.328256
vt 3.786097 0.327615
vt -2.781818 0.329725
vt -2.786097 0.328256
vt -2.781818 0.327615
vt -2.786097 0.327615
vt 0.490672 0.332260
vt 0.490672 0.331619
vt 0.509321 0.332260
vt 0.509321 0.331619
vt 3.781819 0.333729
vt 3.781819 0.331619
vt 3.786097 0.332260
vt 3.786097 0.331619
vt -2.781818 0.333729
vt -2.786097 0.332260
vt -2.781818 0.331619
vt -2.786097 0.331619
vt 0.418658 0.349356
vt 0.428727 0.349357
vt 0.418651 0.353868
vt 0.428727 0.353869
vt 0.583572 0.353868
vt 0.571273 0.353867
vt 0.583565 0.349357
vt 0.571273 0.349356
vt 0.443130 0.349358
vt 0.443131 0.353869
vt 0.438590 0.349355
vt 0.438591 0.353866
vt -2.623893 0.349356
vt -2.623891 0.353867
vt -2.628448 0.349357
vt -2.628447 0.353869
vt 0.561403 0.349355
vt 0.561402 0.353866
vt 0.556859 0.349358
vt 0.556859 0.353869
vt 3.628447 0.349357
vt 3.623894 0.349356
vt 3.623893 0.353867
vt 0.552316 3.476640
vt 0.546755 3.471059
vt 0.554620 3.471059
vt 0.552316 3.465479
vt 0.546755 3.478952
vt 0.546755 3.463167
vt 0.541194 3.476640
vt 0.541194 3.465479
vt 0.538891 3.471059
vt 0.447223 3.427249
vt 0.453533 3.422625
vt 0.437744 3.427249
vt 0.455979 3.415228
vt 0.431434 3.422625
vt 0.455979 3.396797
vt 0.428987 3.415228
vt 0.453533 3.389399
vt 0.428987 3.396797
vt 0.431434 3.389399
vt 0.447223 3.384776
vt 0.437744 3.384776
vt 0.453252 3.471059
vt 0.447691 3.476640
vt 0.445388 3.471059
vt 0.447691 3.465479
vt 0.453252 3.478952
vt 0.453252 3.463167
vt 0.458813 3.476640
vt 0.458813 3.465479
vt 0.461117 3.471059
vt 0.552770 3.427249
vt 0.546460 3.422625
vt 0.562248 3.427249
vt 0.544013 3.415228
vt 0.568558 3.422625
vt 0.544013 3.396797
vt 0.571006 3.415228
vt 0.546460 3.389399
vt 0.571006 3.396797
vt 0.568558 3.389399
vt 0.552770 3.384776
vt 0.562248 3.384776
vt 0.552317 3.641677
vt 0.546756 3.636096
vt 0.554620 3.636096
vt 0.552317 3.630516
vt 0.546756 3.643988
vt 0.546756 3.628204
vt 0.541195 3.641677
vt 0.541195 3.630516
vt 0.538891 3.636096
vt 0.453253 3.636096
vt 0.447692 3.641677
vt 0.445388 3.636096
vt 0.447692 3.630516
vt 0.453253 3.643988
vt 0.453253 3.628204
vt 0.458814 3.641677
vt 0.458814 3.630516
vt 0.461117 3.636096
vt 0.576221 0.369642
vt 0.576221 0.368781
vt 0.578422 0.371010
vt 0.574019 0.371010
vt 0.579160 0.370596
vt 0.573282 0.370596
vt 0.579168 0.374237
vt 0.578445 0.373815
vt 0.573996 0.373815
vt 0.573274 0.374237
vt 0.576221 0.376069
vt 0.576221 0.375229
vt 0.576736 3.627531
vt 0.574883 3.625671
vt 0.577504 3.625671
vt 0.576736 3.623811
vt 0.574883 3.628302
vt 0.574883 3.623040
vt 0.573029 3.627531
vt 0.573029 3.623811
vt 0.572261 3.625671
vt 0.423788 0.369642
vt 0.421586 0.371010
vt 0.423788 0.368781
vt 0.425989 0.371010
vt 0.420848 0.370596
vt 0.426727 0.370596
vt 0.420840 0.374237
vt 0.421563 0.373815
vt 0.426012 0.373815
vt 0.426735 0.374237
vt 0.423788 0.376069
vt 0.423788 0.375229
vt 0.425125 3.625671
vt 0.423272 3.627531
vt 0.422504 3.625671
vt 0.423272 3.623811
vt 0.425125 3.628302
vt 0.425125 3.623040
vt 0.426979 3.627531
vt 0.426979 3.623811
vt 0.427747 3.625671
vt 0.500004 3.454607
vt 0.500004 3.450051
vt 0.518601 3.454607
vt 0.481406 3.454607
vt 0.520824 3.450051
vt 0.479184 3.450051
vt 0.556876 3.504086
vt 0.443132 3.504086
vt 0.561416 3.502525
vt 0.438592 3.502525
vt 0.556861 3.774806
vt 0.443147 3.774806
vt 0.561401 3.779362
vt 0.438608 3.779362
vt 0.500004 3.774805
vt 0.500004 3.779360
vt 0.499996 3.774805
vt 0.499996 3.779360
vt 0.443139 3.774806
vt 0.556853 3.774806
vt 0.438599 3.779362
vt 0.561392 3.779362
vt 0.443124 3.504086
vt 0.556868 3.504086
vt 0.438584 3.502525
vt 0.561408 3.502525
vt 0.481399 3.454607
vt 0.518594 3.454607
vt 0.479176 3.450051
vt 0.520816 3.450051
vt 0.499996 3.454607
vt 0.499996 3.450051
vt 0.421828 3.767339
vt 0.422613 3.764400
vt 0.427686 3.767339
vt 0.424757 3.762250
vt 0.422613 3.770279
vt 0.427686 3.761461
vt 0.424757 3.772430
vt 0.430615 3.762250
vt 0.427686 3.773218
vt 0.432758 3.764400
vt 0.430614 3.772430
vt 0.433543 3.767339
vt 0.432758 3.770278
vt 0.577395 3.764400
vt 0.578180 3.767339
vt 0.572323 3.767339
vt 0.575252 3.762250
vt 0.577396 3.770279
vt 0.572323 3.761461
vt 0.575252 3.772430
vt 0.569394 3.762250
vt 0.572323 3.773218
vt 0.567251 3.764400
vt 0.569394 3.772430
vt 0.566466 3.767339
vt 0.567250 3.770278
vt 0.548096 3.421425
vt 0.549947 3.420067
vt 0.553410 3.425320
vt 0.554129 3.423134
vt 0.548279 3.414880
vt 0.561623 3.425320
vt 0.560904 3.423134
vt 0.546013 3.415062
vt 0.548279 3.397135
vt 0.566938 3.421425
vt 0.565087 3.420067
vt 0.546013 3.396952
vt 0.549946 3.391948
vt 0.569020 3.415062
vt 0.566754 3.414880
vt 0.548096 3.390589
vt 0.554129 3.388881
vt 0.569020 3.396952
vt 0.566754 3.397135
vt 0.553410 3.386694
vt 0.560904 3.388881
vt 0.566938 3.390588
vt 0.565087 3.391948
vt 0.561623 3.386694
vt 0.571013 3.415223
vt 0.568566 3.422621
vt 0.571013 3.396793
vt 0.568566 3.389395
vt 0.562256 3.427245
vt 0.562256 3.384772
vt 0.552777 3.384772
vt 0.552777 3.427245
vt 0.546467 3.389395
vt 0.546467 3.422621
vt 0.544021 3.396793
vt 0.544021 3.415223
vt 0.445878 3.423134
vt 0.450061 3.420067
vt 0.446598 3.425320
vt 0.451912 3.421425
vt 0.451728 3.414880
vt 0.438384 3.425320
vt 0.439104 3.423134
vt 0.453995 3.415062
vt 0.451728 3.397135
vt 0.433070 3.421425
vt 0.434921 3.420067
vt 0.453995 3.396952
vt 0.450061 3.391948
vt 0.430987 3.415062
vt 0.433254 3.414880
vt 0.451912 3.390589
vt 0.445878 3.388881
vt 0.430987 3.396952
vt 0.433254 3.397135
vt 0.446598 3.386694
vt 0.439104 3.388881
vt 0.433070 3.390588
vt 0.434921 3.391948
vt 0.438384 3.386694
vt 0.428994 3.415223
vt 0.428994 3.396793
vt 0.431442 3.422621
vt 0.431442 3.389395
vt 0.437752 3.384772
vt 0.437752 3.427245
vt 0.447230 3.384772
vt 0.453540 3.389395
vt 0.447230 3.427245
vt 0.455987 3.396793
vt 0.453540 3.422621
vt 0.455987 3.415223
vt 0.577894 0.368937
vt 0.577266 0.368567
vt 0.578757 0.365735
vt 0.578032 0.365726
vt 0.575173 0.370647
vt 0.577894 0.362534
vt 0.575536 0.371280
vt 0.577266 0.362884
vt 0.572314 0.371408
vt 0.575536 0.360190
vt 0.572314 0.372138
vt 0.575173 0.360805
vt 0.569456 0.370647
vt 0.572314 0.359332
vt 0.569093 0.371280
vt 0.572314 0.360043
vt 0.567363 0.368567
vt 0.569093 0.360190
vt 0.566735 0.368937
vt 0.569456 0.360805
vt 0.566597 0.365726
vt 0.566735 0.362534
vt 0.565872 0.365735
vt 0.567363 0.362884
vt 0.421959 0.365726
vt 0.422725 0.368567
vt 0.421234 0.365735
vt 0.422097 0.368937
vt 0.422097 0.362534
vt 0.424818 0.370647
vt 0.422725 0.362884
vt 0.424456 0.371280
vt 0.424456 0.360190
vt 0.427677 0.371408
vt 0.424818 0.360805
vt 0.427677 0.372138
vt 0.427677 0.359332
vt 0.430536 0.370647
vt 0.427677 0.360043
vt 0.430898 0.371280
vt 0.430898 0.360190
vt 0.432629 0.368567
vt 0.430536 0.360805
vt 0.433257 0.368937
vt 0.433257 0.362534
vt 0.433395 0.365726
vt 0.432629 0.362884
vt 0.434120 0.365735
s 1
g DidoX_Deckhouse_A1_001_0_DidoX_Deckhouse_A1_001_0_steel_4
usemtl steel_4
f 3/1/1 2/2/1 1/3/1
f 6/4/2 5/3/2 4/2/2
f 9/3/3 8/4/3 7/5/3
f 12/6/4 11/5/4 10/4/4
f 15/7/5 14/8/5 13/9/5
f 18/10/6 17/9/6 16/8/6
f 21/11/7 20/7/7 19/12/7
f 24/9/8 23/12/8 22/7/8
f 27/13/9 26/14/9 25/15/9
f 28/16/9 25/15/9 26/14/9
f 28/16/9 26/14/9 29/17/9
f 30/18/9 29/17/9 26/14/9
f 33/19/10 32/20/10 31/21/10
f 34/22/10 31/21/10 32/20/10
f 37/23/11 36/24/11 35/25/12
f 38/26/12 35/25/12 36/24/11
f 41/27/13 40/28/14 39/29/13
f 40/28/14 42/30/15 39/29/13
f 43/31/16 42/30/15 40/28/14
f 42/30/15 44/32/17 39/29/13
f 44/32/17 45/33/18 39/29/13
f 46/22/19 39/29/13 45/33/18
f 47/21/19 46/22/19 45/33/18
f 44/32/17 48/34/19 45/33/18
f 49/35/19 45/33/18 48/34/19
f 43/31/16 50/36/20 42/30/15
f 51/37/21 42/30/15 50/36/20
f 52/38/13 50/36/20 43/31/16
f 53/39/18 52/38/13 43/31/16
f 43/31/16 54/40/14 53/39/18
f 55/41/16 53/39/18 54/40/14
f 56/42/20 53/39/18 55/41/16
f 59/43/22 58/44/22 57/45/22
f 60/46/22 57/45/22 58/44/22
f 63/44/23 62/28/24 61/46/23
f 63/44/23 64/47/24 62/28/24
f 65/48/24 62/28/24 64/47/24
f 68/49/9 67/50/9 66/13/9
f 69/14/9 66/13/9 67/50/9
f 69/14/9 67/50/9 70/18/9
f 71/51/9 70/18/9 67/50/9
f 74/52/25 73/30/25 72/53/25
f 75/37/26 72/53/25 73/30/25
f 80/54/27 79/55/27 78/56/27
f 81/57/27 78/56/27 79/55/27
f 84/58/22 83/59/22 82/60/22
f 85/45/22 82/60/22 83/59/22
f 88/61/28 87/62/28 86/63/28
f 89/64/28 86/63/28 87/62/28
f 92/65/9 91/66/9 90/67/9
f 93/68/9 92/65/9 90/67/9
f 93/68/9 94/69/9 92/65/9
f 95/70/9 92/65/9 94/69/9
f 98/71/29 97/72/29 96/73/29
f 99/74/29 96/73/29 97/72/29
f 102/75/30 101/76/30 100/77/30
f 103/78/30 100/77/30 101/76/30
f 106/79/31 105/80/31 104/81/31
f 107/82/31 104/81/31 105/80/31
f 110/83/12 109/84/12 108/85/12
f 111/86/12 108/85/12 109/84/12
f 114/87/32 113/88/32 112/79/32
f 115/89/32 112/79/32 113/88/32
f 118/90/29 117/91/29 116/74/29
f 119/73/29 116/74/29 117/91/29
f 122/92/12 121/93/12 120/94/12
f 121/93/12 123/95/12 120/94/12
f 123/95/12 124/96/12 120/94/12
f 127/97/9 126/98/9 125/99/9
f 125/99/9 126/98/9 128/100/9
f 126/98/9 129/101/9 128/100/9
f 132/102/33 131/103/34 130/104/33
f 133/105/34 130/104/33 131/103/34
f 131/103/34 134/106/35 133/105/34
f 135/107/36 133/105/34 134/106/35
f 138/108/37 137/109/33 136/110/37
f 139/111/33 136/110/37 137/109/33
f 142/112/38 141/113/39 140/114/38
f 143/115/39 140/114/38 141/113/39
f 146/116/39 145/117/38 144/118/39
f 147/119/38 144/118/39 145/117/38
f 150/120/33 149/121/40 148/122/33
f 151/123/40 148/122/33 149/121/40
f 154/124/33 153/125/34 152/126/33
f 155/127/34 152/126/33 153/125/34
f 153/125/34 156/128/35 155/127/34
f 157/129/35 155/127/34 156/128/35
f 160/96/12 159/94/12 158/95/12
f 161/130/12 158/95/12 159/94/12
f 164/100/9 163/99/9 162/131/9
f 165/97/9 162/131/9 163/99/9
f 168/132/41 167/133/42 166/134/41
f 169/135/42 166/134/41 167/133/42
f 167/133/42 170/136/43 169/135/42
f 171/137/44 169/135/42 170/136/43
f 170/136/43 172/138/45 171/137/44
f 173/139/45 171/137/44 172/138/45
f 172/138/45 174/140/46 173/139/45
f 175/141/46 173/139/45 174/140/46
f 174/140/46 176/142/47 175/141/46
f 177/143/47 175/141/46 176/142/47
f 176/142/47 178/144/48 177/143/47
f 179/145/48 177/143/47 178/144/48
f 182/146/49 181/147/50 180/148/49
f 183/149/50 180/148/49 181/147/50
f 181/147/50 184/150/51 183/149/50
f 185/151/51 183/149/50 184/150/51
f 184/150/51 186/152/52 185/151/51
f 187/153/52 185/151/51 186/152/52
f 186/152/52 188/154/53 187/153/52
f 189/155/53 187/153/52 188/154/53
f 188/154/53 190/156/54 189/155/53
f 191/157/54 189/155/53 190/156/54
f 194/158/55 193/159/56 192/160/55
f 195/161/56 192/160/55 193/159/56
f 193/159/56 196/162/57 195/161/56
f 197/163/57 195/161/56 196/162/57
f 196/162/57 198/164/58 197/163/57
f 199/165/58 197/163/57 198/164/58
f 202/166/59 201/167/60 200/168/59
f 203/169/60 200/168/59 201/167/60
f 201/167/60 204/170/61 203/169/60
f 205/171/61 203/169/60 204/170/61
f 208/172/62 207/173/63 206/174/64
f 209/175/65 206/174/64 207/173/63
f 207/173/63 210/176/66 209/175/65
f 211/177/67 209/175/65 210/176/66
f 210/176/66 212/178/68 211/177/67
f 213/179/69 211/177/67 212/178/68
f 212/178/68 214/180/70 213/179/69
f 215/181/71 213/179/69 214/180/70
f 214/180/70 216/182/72 215/181/71
f 217/183/73 215/181/71 216/182/72
f 216/182/72 218/184/74 217/183/73
f 219/185/75 217/183/73 218/184/74
f 218/184/74 220/186/76 219/185/75
f 221/187/77 219/185/75 220/186/76
f 220/186/76 222/188/78 221/187/77
f 223/189/79 221/187/77 222/188/78
f 222/188/78 224/190/80 223/189/79
f 225/191/81 223/189/79 224/190/80
f 228/192/82 227/193/83 226/194/84
f 229/195/85 226/194/84 227/193/83
f 227/193/83 230/196/86 229/195/85
f 231/197/87 229/195/85 230/196/86
f 230/196/86 232/198/88 231/197/87
f 233/199/89 231/197/87 232/198/88
f 232/198/88 234/200/90 233/199/89
f 235/201/91 233/199/89 234/200/90
f 234/200/90 236/202/92 235/201/91
f 237/203/93 235/201/91 236/202/92
f 236/202/92 238/204/94 237/203/93
f 239/205/95 237/203/93 238/204/94
f 238/204/94 240/206/96 239/205/95
f 241/207/97 239/205/95 240/206/96
f 241/207/97 240/206/96 242/208/98
f 243/209/99 242/208/98 240/206/96
f 243/209/99 244/210/100 242/208/98
f 245/211/100 242/208/98 244/210/100
f 248/212/101 247/213/101 246/214/101
f 249/215/102 246/214/101 247/213/101
f 252/216/103 251/217/104 250/218/105
f 253/219/106 250/218/105 251/217/104
f 251/217/104 254/220/107 253/219/106
f 255/221/108 253/219/106 254/220/107
f 255/221/108 254/220/107 256/222/109
f 257/223/110 256/222/109 254/220/107
f 256/222/109 257/223/110 258/224/111
f 256/222/109 258/224/111 259/225/112
f 260/226/113 258/224/111 257/223/110
f 261/227/114 259/225/112 258/224/111
f 258/224/111 260/226/113 262/228/115
f 258/224/111 262/228/115 261/227/114
f 263/229/116 262/228/115 260/226/113
f 264/230/117 261/227/114 262/228/115
f 262/228/115 263/229/116 265/231/118
f 262/228/115 265/231/118 264/230/117
f 266/232/119 264/230/117 265/231/118
f 266/232/119 265/231/118 267/233/120
f 268/234/121 265/231/118 263/229/116
f 269/235/122 267/233/120 265/231/118
f 265/231/118 268/234/121 269/235/122
f 270/236/123 269/235/122 268/234/121
f 273/237/124 272/238/125 271/239/126
f 274/240/127 271/239/126 272/238/125
f 274/240/127 272/238/125 275/241/128
f 276/242/129 275/241/128 272/238/125
f 279/243/130 278/244/131 277/245/132
f 280/246/133 277/245/132 278/244/131
f 278/244/131 281/247/134 280/246/133
f 282/248/135 280/246/133 281/247/134
f 281/247/134 283/249/136 282/248/135
f 280/246/133 282/248/135 284/250/137
f 285/251/138 282/248/135 283/249/136
f 286/252/139 284/250/137 282/248/135
f 282/248/135 285/251/138 286/252/139
f 287/253/140 286/252/139 285/251/138
f 286/252/139 287/253/140 288/254/141
f 289/255/142 288/254/141 287/253/140
f 285/251/138 290/256/143 287/253/140
f 289/255/142 287/253/140 291/257/144
f 292/258/145 287/253/140 290/256/143
f 292/258/145 291/257/144 287/253/140
f 290/256/143 293/259/146 292/258/145
f 292/258/145 294/260/147 291/257/144
f 294/260/147 292/258/145 293/259/146
f 295/261/148 291/257/144 294/260/147
f 293/259/146 296/262/149 294/260/147
f 295/261/148 294/260/147 297/263/150
f 297/263/150 294/260/147 296/262/149
f 298/264/151 297/263/150 296/262/149
f 297/263/150 298/264/151 299/265/152
f 300/266/153 299/265/152 298/264/151
f 303/267/154 302/268/141 301/269/155
f 304/270/156 301/269/155 302/268/141
f 304/270/156 305/271/157 301/269/155
f 306/272/158 301/269/155 305/271/157
f 301/269/155 306/272/158 307/273/133
f 308/274/159 307/273/133 306/272/158
f 311/275/160 310/276/161 309/237/160
f 312/277/161 309/237/160 310/276/161
f 310/276/161 313/278/162 312/277/161
f 314/279/162 312/277/161 313/278/162
f 317/280/163 316/281/164 315/282/163
f 318/283/165 315/282/163 316/281/164
f 316/281/164 319/284/166 318/283/165
f 319/284/166 320/285/166 318/283/165
f 323/286/167 322/287/167 321/288/167
f 324/289/167 321/288/167 322/287/167
f 324/289/167 325/290/167 321/288/167
f 326/291/167 321/288/167 325/290/167
f 326/291/167 325/290/167 327/292/167
f 328/254/167 327/292/167 325/290/167
f 328/254/167 329/255/167 327/292/167
f 330/293/167 327/292/167 329/255/167
f 329/255/167 331/257/168 330/293/167
f 332/294/168 330/293/167 331/257/168
f 331/257/168 333/261/169 332/294/168
f 334/295/169 332/294/168 333/261/169
f 334/295/169 333/261/169 335/296/170
f 336/263/170 335/296/170 333/261/169
f 335/296/170 336/263/170 337/297/171
f 338/298/171 337/297/171 336/263/170
f 338/298/171 339/299/172 337/297/171
f 340/300/172 337/297/171 339/299/172
f 343/301/173 342/302/174 341/303/175
f 344/304/176 341/303/175 342/302/174
f 344/304/176 342/302/174 345/305/177
f 346/275/178 345/305/177 342/302/174
f 349/306/179 348/307/180 347/308/181
f 350/309/182 347/308/181 348/307/180
f 347/308/181 350/309/182 351/310/183
f 352/311/184 351/310/183 350/309/182
f 350/309/182 353/312/185 352/311/184
f 354/313/186 352/311/184 353/312/185
f 352/311/184 355/314/187 351/310/183
f 356/315/188 351/310/183 355/314/187
f 355/314/187 352/311/184 357/316/189
f 354/313/186 357/316/189 352/311/184
f 355/314/187 357/316/189 358/317/190
f 357/316/189 354/313/186 359/293/191
f 360/292/192 359/293/191 354/313/186
f 359/293/191 361/294/193 357/316/189
f 362/318/194 357/316/189 361/294/193
f 362/318/194 358/317/190 357/316/189
f 361/294/193 363/295/195 362/318/194
f 362/318/194 364/319/196 358/317/190
f 364/319/196 362/318/194 363/295/195
f 365/320/197 358/317/190 364/319/196
f 365/320/197 364/319/196 366/321/198
f 364/319/196 363/295/195 367/296/199
f 367/296/199 366/321/198 364/319/196
f 367/296/199 368/322/200 366/321/198
f 369/323/201 368/322/200 367/296/199
f 369/323/201 370/324/202 368/322/200
f 373/325/203 372/326/204 371/327/192
f 374/328/205 371/327/192 372/326/204
f 374/328/205 372/326/204 375/329/206
f 376/330/207 375/329/206 372/326/204
f 372/326/204 377/331/182 376/330/207
f 378/332/208 376/330/207 377/331/182
f 381/333/29 380/334/29 379/335/209
f 382/336/210 379/335/209 380/334/29
f 385/337/166 384/338/166 383/339/165
f 384/338/166 386/340/164 383/339/165
f 383/339/165 386/340/164 387/341/163
f 388/342/163 387/341/163 386/340/164
f 391/343/211 390/344/211 389/345/211
f 392/346/211 389/345/211 390/344/211
f 395/347/212 394/348/213 393/349/214
f 393/349/214 396/350/215 395/347/212
f 396/350/215 393/349/214 397/351/216
f 398/352/217 397/351/216 393/349/214
f 399/330/218 397/351/216 398/352/217
f 400/329/219 399/330/218 398/352/217
f 401/353/220 400/329/219 398/352/217
f 400/329/219 401/353/220 402/328/32
f 403/354/32 402/328/32 401/353/220
f 402/328/32 403/354/32 404/327/32
f 405/355/32 404/327/32 403/354/32
f 405/355/32 406/356/32 404/327/32
f 407/357/32 404/327/32 406/356/32
f 406/356/32 408/358/32 407/357/32
f 409/359/32 407/357/32 408/358/32
f 408/358/32 410/360/32 409/359/32
f 411/361/32 409/359/32 410/360/32
f 411/361/32 410/360/32 412/362/32
f 413/363/32 412/362/32 410/360/32
f 412/362/32 413/363/32 414/364/32
f 415/365/32 414/364/32 413/363/32
f 415/365/32 416/366/32 414/364/32
f 417/367/32 414/364/32 416/366/32
f 417/367/32 416/366/32 418/368/32
f 419/369/32 418/368/32 416/366/32
f 418/368/32 419/369/32 420/370/32
f 421/371/32 420/370/32 419/369/32
f 424/372/221 423/373/221 422/374/221
f 425/375/221 422/374/221 423/373/221
f 428/376/222 427/377/223 426/378/224
f 426/378/224 429/216/225 428/376/222
f 429/216/225 430/218/226 428/376/222
f 431/379/227 428/376/222 430/218/226
f 430/218/226 432/272/228 431/379/227
f 432/272/228 433/271/229 431/379/227
f 433/271/229 434/380/230 431/379/227
f 433/271/229 435/270/22 434/380/230
f 436/381/22 434/380/230 435/270/22
f 435/270/22 437/268/22 436/381/22
f 438/382/22 436/381/22 437/268/22
f 437/268/22 439/383/22 438/382/22
f 440/384/22 438/382/22 439/383/22
f 440/384/22 439/383/22 441/385/22
f 442/386/22 441/385/22 439/383/22
f 442/386/22 443/387/22 441/385/22
f 444/388/22 441/385/22 443/387/22
f 443/387/22 445/389/22 444/388/22
f 446/390/22 444/388/22 445/389/22
f 445/389/22 447/391/22 446/390/22
f 448/392/22 446/390/22 447/391/22
f 447/391/22 449/393/22 448/392/22
f 450/394/22 448/392/22 449/393/22
f 449/393/22 451/395/22 450/394/22
f 452/396/22 450/394/22 451/395/22
f 451/395/22 453/397/22 452/396/22
f 454/398/22 452/396/22 453/397/22
f 457/399/231 456/400/231 455/401/231
f 458/402/231 455/401/231 456/400/231
f 461/350/232 460/351/233 459/403/234
f 462/404/235 459/403/234 460/351/233
f 459/403/234 462/404/235 463/405/236
f 464/406/237 463/405/236 462/404/235
f 463/405/236 464/406/237 465/407/238
f 466/408/239 465/407/238 464/406/237
f 466/408/239 467/409/240 465/407/238
f 466/408/239 468/410/241 467/409/240
f 469/411/242 467/409/240 468/410/241
f 470/412/243 465/407/238 467/409/240
f 469/411/242 471/413/244 467/409/240
f 467/409/240 472/414/245 470/412/243
f 472/414/245 467/409/240 471/413/244
f 473/415/246 470/412/243 472/414/245
f 472/414/245 471/413/244 474/416/247
f 472/414/245 474/416/247 473/415/246
f 475/417/248 474/416/247 471/413/244
f 475/417/248 476/418/249 474/416/247
f 477/419/250 473/415/246 474/416/247
f 478/420/251 474/416/247 476/418/249
f 474/416/247 478/420/251 477/419/250
f 479/421/252 477/419/250 478/420/251
f 482/422/9 481/423/9 480/424/9
f 483/425/9 480/424/9 481/423/9
f 486/426/12 485/427/12 484/428/12
f 487/429/12 484/428/12 485/427/12
f 490/430/32 489/431/32 488/432/32
f 491/433/32 488/432/32 489/431/32
f 494/434/29 493/435/29 492/436/29
f 495/437/29 492/436/29 493/435/29
f 498/438/22 497/439/22 496/440/22
f 499/441/22 496/440/22 497/439/22
f 502/422/9 501/442/9 500/424/9
f 503/425/9 500/424/9 501/442/9
f 506/426/12 505/427/12 504/428/12
f 507/443/12 504/428/12 505/427/12
f 510/444/32 509/445/32 508/446/32
f 511/447/32 508/446/32 509/445/32
f 514/448/29 513/449/29 512/450/29
f 515/451/29 512/450/29 513/449/29
f 518/452/22 517/453/22 516/454/22
f 519/455/22 516/454/22 517/453/22
f 522/456/167 521/457/167 520/458/167
f 523/459/167 520/458/167 521/457/167
f 526/460/22 525/461/22 524/462/22
f 527/463/22 524/462/22 525/461/22
f 530/464/29 529/465/29 528/466/29
f 531/467/29 528/466/29 529/465/29
f 534/468/32 533/469/32 532/470/32
f 535/471/32 532/470/32 533/469/32
f 538/134/253 537/472/254 536/132/253
f 539/473/254 536/132/253 537/472/254
f 539/473/254 537/472/254 540/474/255
f 541/475/255 540/474/255 537/472/254
f 544/476/256 543/477/257 542/478/256
f 545/479/257 542/478/256 543/477/257
f 548/480/29 547/481/29 546/482/29
f 549/483/29 546/482/29 547/481/29
f 552/484/29 551/485/29 550/486/29
f 553/487/29 550/486/29 551/485/29
f 556/488/9 555/489/9 554/490/9
f 557/491/9 554/490/9 555/489/9
f 560/492/258 559/493/258 558/494/258
f 561/495/258 558/494/258 559/493/258
f 564/496/12 563/497/12 562/498/12
f 565/499/12 562/498/12 563/497/12
f 568/500/259 567/501/259 566/502/259
f 569/503/259 566/502/259 567/501/259
f 572/488/9 571/489/9 570/490/9
f 573/491/9 570/490/9 571/489/9
f 576/504/258 575/505/258 574/506/258
f 577/507/258 574/506/258 575/505/258
f 580/496/12 579/497/12 578/498/12
f 581/499/12 578/498/12 579/497/12
f 584/508/259 583/509/259 582/510/259
f 585/511/259 582/510/259 583/509/259
f 588/512/9 587/513/9 586/514/9
f 589/515/9 586/514/9 587/513/9
f 590/516/9 589/515/9 587/513/9
f 593/517/12 592/518/12 591/519/12
f 594/520/12 591/519/12 592/518/12
f 595/521/12 591/519/12 594/520/12
f 598/522/260 597/523/29 596/524/260
f 599/525/29 596/524/260 597/523/29
f 597/523/29 600/526/261 599/525/29
f 601/527/261 599/525/29 600/526/261
f 604/528/262 603/529/260 602/530/262
f 605/531/263 602/530/262 603/529/260
f 608/532/261 607/533/264 606/534/261
f 609/535/264 606/534/261 607/533/264
f 612/536/264 611/537/261 610/538/264
f 613/539/261 610/538/264 611/537/261
f 616/540/260 615/541/262 614/542/260
f 617/543/262 614/542/260 615/541/262
f 620/544/260 619/545/29 618/546/260
f 621/547/29 618/546/260 619/545/29
f 619/545/29 622/548/261 621/547/29
f 623/549/265 621/547/29 622/548/261
f 626/514/9 625/512/9 624/515/9
f 627/513/9 624/515/9 625/512/9
f 624/515/9 627/513/9 628/516/9
f 631/517/12 630/518/12 629/519/12
f 632/520/12 629/519/12 630/518/12
f 632/520/12 633/521/12 629/519/12
f 636/550/41 635/551/42 634/552/41
f 637/553/42 634/552/41 635/551/42
f 635/551/42 638/554/43 637/553/42
f 639/555/43 637/553/42 638/554/43
f 638/554/43 640/556/45 639/555/43
f 641/557/45 639/555/43 640/556/45
f 640/556/45 642/558/46 641/557/45
f 643/559/46 641/557/45 642/558/46
f 642/558/46 644/560/47 643/559/46
f 645/561/47 643/559/46 644/560/47
f 644/560/47 646/562/48 645/561/47
f 647/563/48 645/561/47 646/562/48
f 650/564/49 649/565/50 648/566/49
f 651/567/50 648/566/49 649/565/50
f 649/565/50 652/568/51 651/567/50
f 653/569/51 651/567/50 652/568/51
f 652/568/51 654/570/52 653/569/51
f 655/571/52 653/569/51 654/570/52
f 654/570/52 656/572/53 655/571/52
f 657/573/53 655/571/52 656/572/53
f 656/572/53 658/574/54 657/573/53
f 659/575/54 657/573/53 658/574/54
f 662/576/55 661/577/56 660/578/55
f 663/579/56 660/578/55 661/577/56
f 661/577/56 664/580/57 663/579/56
f 665/581/57 663/579/56 664/580/57
f 664/580/57 666/582/58 665/581/57
f 667/583/58 665/581/57 666/582/58
f 670/584/59 669/585/60 668/586/59
f 671/587/60 668/586/59 669/585/60
f 669/585/60 672/588/61 671/587/60
f 673/589/61 671/587/60 672/588/61
f 676/590/62 675/173/63 674/174/266
f 677/175/65 674/174/266 675/173/63
f 675/173/63 678/176/66 677/175/65
f 679/177/67 677/175/65 678/176/66
f 678/176/66 680/178/68 679/177/67
f 681/179/69 679/177/67 680/178/68
f 680/178/68 682/591/267 681/179/69
f 683/181/71 681/179/69 682/591/267
f 682/591/267 684/182/72 683/181/71
f 685/183/73 683/181/71 684/182/72
f 684/182/72 686/184/74 685/183/73
f 687/185/75 685/183/73 686/184/74
f 686/184/74 688/186/76 687/185/75
f 689/187/77 687/185/75 688/186/76
f 688/186/76 690/188/78 689/187/77
f 691/189/79 689/187/77 690/188/78
f 690/188/78 692/190/80 691/189/79
f 693/191/81 691/189/79 692/190/80
f 696/192/82 695/193/83 694/592/84
f 697/195/85 694/592/84 695/193/83
f 695/193/83 698/196/86 697/195/85
f 699/197/87 697/195/85 698/196/86
f 698/196/86 700/198/88 699/197/87
f 701/199/89 699/197/87 700/198/88
f 700/198/88 702/200/90 701/199/89
f 703/593/91 701/199/89 702/200/90
f 702/200/90 704/202/92 703/593/91
f 705/203/93 703/593/91 704/202/92
f 704/202/92 706/204/94 705/203/93
f 707/205/95 705/203/93 706/204/94
f 706/204/94 708/206/96 707/205/95
f 709/207/97 707/205/95 708/206/96
f 709/207/97 708/206/96 710/208/268
f 711/209/269 710/208/268 708/206/96
f 711/209/269 712/210/100 710/208/268
f 713/211/100 710/208/268 712/210/100
f 716/594/101 715/595/101 714/596/101
f 717/597/102 714/596/101 715/595/101
f 720/552/253 719/598/254 718/550/253
f 721/599/254 718/550/253 719/598/254
f 721/599/254 719/598/254 722/600/255
f 723/601/270 722/600/255 719/598/254
f 726/602/256 725/603/257 724/604/256
f 727/605/257 724/604/256 725/603/257
f 730/606/29 729/607/29 728/608/29
f 731/609/29 728/608/29 729/607/29
f 734/610/29 733/611/29 732/612/29
f 735/613/29 732/612/29 733/611/29
f 738/488/9 737/489/9 736/490/9
f 739/491/9 736/490/9 737/489/9
f 742/614/258 741/615/258 740/616/258
f 743/617/258 740/616/258 741/615/258
f 746/496/12 745/497/12 744/498/12
f 747/499/12 744/498/12 745/497/12
f 750/618/259 749/619/259 748/620/259
f 751/621/259 748/620/259 749/619/259
f 754/488/9 753/489/9 752/490/9
f 755/491/9 752/490/9 753/489/9
f 758/622/258 757/623/258 756/624/258
f 759/625/258 756/624/258 757/623/258
f 762/496/12 761/497/12 760/498/12
f 763/499/12 760/498/12 761/497/12
f 766/626/259 765/627/259 764/628/259
f 767/629/259 764/628/259 765/627/259
f 770/630/9 769/513/9 768/514/9
f 771/515/9 768/514/9 769/513/9
f 772/516/9 771/515/9 769/513/9
f 775/631/12 774/518/12 773/632/12
f 776/520/12 773/632/12 774/518/12
f 777/521/12 773/632/12 776/520/12
f 780/633/260 779/634/29 778/635/260
f 781/636/29 778/635/260 779/634/29
f 779/634/29 782/637/261 781/636/29
f 783/638/261 781/636/29 782/637/261
f 786/639/262 785/640/260 784/641/262
f 787/642/260 784/641/262 785/640/260
f 790/643/261 789/644/264 788/645/261
f 791/646/264 788/645/261 789/644/264
f 794/647/264 793/648/261 792/649/264
f 795/650/271 792/649/264 793/648/261
f 798/651/260 797/652/262 796/653/260
f 799/654/262 796/653/260 797/652/262
f 802/655/260 801/656/29 800/657/260
f 803/658/29 800/657/260 801/656/29
f 801/656/29 804/659/261 803/658/29
f 805/660/272 803/658/29 804/659/261
f 808/514/9 807/512/9 806/515/9
f 809/513/9 806/515/9 807/512/9
f 806/515/9 809/513/9 810/516/9
f 813/631/12 812/518/12 811/519/12
f 814/520/12 811/519/12 812/518/12
f 814/520/12 815/521/12 811/519/12
f 818/661/32 817/662/32 816/663/32
f 819/664/32 816/663/32 817/662/32
f 822/665/9 821/666/9 820/667/9
f 821/666/9 823/668/9 820/667/9
f 820/667/9 823/668/9 824/669/9
f 827/670/273 826/662/273 825/671/273
f 828/661/273 825/671/273 826/662/273
f 831/672/12 830/673/12 829/674/12
f 829/674/12 830/673/12 832/675/12
f 832/675/12 830/673/12 833/676/12
f 836/677/29 835/678/29 834/679/29
f 837/680/29 834/679/29 835/678/29
f 840/681/22 839/682/22 838/683/22
f 841/684/22 838/683/22 839/682/22
f 844/685/274 843/686/274 842/687/274
f 845/688/274 842/687/274 843/686/274
f 848/689/12 847/690/12 846/691/12
f 849/692/12 846/691/12 847/690/12
f 852/693/275 851/694/275 850/695/275
f 853/696/275 850/695/275 851/694/275
f 856/697/9 855/698/9 854/699/9
f 857/700/9 854/699/9 855/698/9
f 860/701/274 859/702/274 858/703/274
f 861/704/274 858/703/274 859/702/274
f 864/689/12 863/690/12 862/691/12
f 865/692/12 862/691/12 863/690/12
f 868/705/275 867/706/275 866/707/275
f 869/708/275 866/707/275 867/706/275
f 872/697/9 871/698/9 870/699/9
f 873/700/9 870/699/9 871/698/9
f 876/709/32 875/710/32 874/663/32
f 877/664/32 874/663/32 875/710/32
f 880/711/9 879/712/9 878/713/9
f 881/714/9 878/713/9 879/712/9
f 884/715/29 883/716/29 882/717/29
f 885/718/29 882/717/29 883/716/29
f 888/719/12 887/720/12 886/721/12
f 889/722/12 886/721/12 887/720/12
f 892/723/22 891/682/22 890/724/22
f 893/684/22 890/724/22 891/682/22
f 896/725/274 895/726/274 894/727/274
f 897/728/274 894/727/274 895/726/274
f 900/729/12 899/690/12 898/691/12
f 901/692/12 898/691/12 899/690/12
f 904/730/29 903/731/29 902/732/29
f 905/733/29 902/732/29 903/731/29
f 908/697/9 907/698/9 906/734/9
f 909/700/9 906/734/9 907/698/9
f 912/735/12 911/62/276 910/77/12
f 913/736/276 910/77/12 911/62/276
f 916/62/277 915/61/278 914/736/28
f 917/737/277 914/736/28 915/61/278
f 917/737/277 918/738/28 914/736/28
f 919/739/279 914/736/28 918/738/28
f 922/740/12 921/741/12 920/742/280
f 923/743/12 920/742/280 921/741/12
f 923/743/12 924/744/12 920/742/280
f 923/743/12 921/741/12 925/745/281
f 923/743/12 925/745/281 924/744/12
f 926/746/12 925/745/281 921/741/12
f 927/747/280 920/742/280 924/744/12
f 928/739/11 920/742/280 927/747/280
f 929/748/281 924/744/12 925/745/281
f 925/745/281 930/749/282 929/748/281
f 933/750/29 932/751/29 931/752/29
f 934/753/29 931/752/29 932/751/29
f 932/751/29 936/750/29 935/754/29
f 937/755/29 935/754/29 936/750/29
f 937/755/29 938/756/29 935/754/29
f 939/757/29 935/754/29 938/756/29
f 941/758/29 939/757/29 940/759/29
f 942/756/29 940/759/29 939/757/29
f 945/738/12 944/737/283 943/760/12
f 946/741/283 943/760/12 944/737/283
f 946/741/283 944/737/283 947/761/283
f 948/61/284 947/761/283 944/737/283
f 948/61/284 949/762/12 947/761/283
f 946/741/283 950/763/283 943/760/12
f 946/741/283 947/761/283 950/763/283
f 951/764/12 943/760/12 950/763/283
f 952/765/284 950/763/283 947/761/283
f 953/766/12 947/761/283 949/762/12
f 947/761/283 953/766/12 952/765/284
f 954/767/283 952/765/284 953/766/12
f 949/762/12 956/61/12 955/768/12
f 957/63/12 955/768/12 956/61/12
f 959/765/12 954/767/12 958/769/12
f 960/770/12 958/769/12 954/767/12
f 963/771/9 962/772/9 961/14/9
f 964/773/9 961/14/9 962/772/9
f 964/773/9 965/774/9 961/14/9
f 966/775/9 961/14/9 965/774/9
f 969/776/285 968/777/285 967/771/285
f 970/772/285 967/771/285 968/777/285
f 973/778/28 972/779/28 971/780/28
f 974/781/28 971/780/28 972/779/28
f 977/782/286 976/783/286 975/784/286
f 978/785/286 975/784/286 976/783/286
f 981/786/287 980/787/287 979/788/287
f 982/789/287 979/788/287 980/787/287
f 985/790/29 984/791/29 983/792/29
f 986/793/29 983/792/29 984/791/29
f 989/794/288 988/795/288 987/796/288
f 990/797/288 987/796/288 988/795/288
f 993/798/34 992/799/34 991/800/29
f 994/801/29 991/800/29 992/799/34
f 997/802/289 996/803/289 995/804/289
f 998/805/289 995/804/289 996/803/289
f 1001/806/290 1000/807/290 999/808/290
f 1002/809/290 999/808/290 1000/807/290
f 1005/810/12 1004/811/12 1003/812/12
f 1006/813/12 1003/812/12 1004/811/12
f 1009/814/9 1008/815/9 1007/816/9
f 1010/817/9 1007/816/9 1008/815/9
f 1013/818/29 1012/799/291 1011/819/29
f 1014/798/291 1011/819/29 1012/799/291
f 1017/820/292 1016/806/292 1015/821/292
f 1018/822/292 1015/821/292 1016/806/292
f 1021/823/293 1020/824/293 1019/825/293
f 1022/826/293 1019/825/293 1020/824/293
f 1025/827/12 1024/828/282 1023/829/12
f 1026/830/282 1023/829/12 1024/828/282
f 1029/831/290 1028/832/294 1027/833/294
f 1030/834/295 1029/831/290 1027/833/294
f 1030/834/295 1031/87/296 1029/831/290
f 1032/809/297 1030/834/295 1027/833/294
f 1032/809/297 1027/833/294 1033/835/298
f 1034/823/299 1033/835/298 1027/833/294
f 1034/823/299 1035/825/299 1033/835/298
f 1032/809/297 1033/835/298 1036/807/299
f 1037/836/299 1036/807/299 1033/835/298
f 1031/87/296 1030/834/295 1038/837/300
f 1039/838/301 1038/837/300 1030/834/295
f 1038/837/300 1040/839/294 1031/87/296
f 1040/839/294 1041/840/298 1031/87/296
f 1031/87/296 1041/840/298 1042/841/290
f 1043/842/296 1042/841/290 1041/840/298
f 1041/840/298 1044/843/302 1043/842/296
f 1047/844/32 1046/845/32 1045/846/32
f 1048/847/32 1045/846/32 1046/845/32
f 1051/831/303 1050/845/304 1049/844/304
f 1050/845/304 1051/831/303 1052/848/303
f 1053/849/303 1052/848/303 1051/831/303
f 1056/838/305 1055/834/306 1054/850/306
f 1057/851/306 1054/850/306 1055/834/306
f 1062/852/307 1061/853/307 1060/854/307
f 1063/855/307 1060/854/307 1061/853/307
f 1066/846/32 1065/856/32 1064/857/32
f 1067/858/32 1064/857/32 1065/856/32
f 1070/859/308 1069/860/308 1068/769/308
f 1071/765/308 1068/769/308 1069/860/308
f 1074/861/9 1073/862/9 1072/863/9
f 1073/862/9 1075/864/9 1072/863/9
f 1075/864/9 1073/862/9 1076/865/9
f 1077/866/9 1076/865/9 1073/862/9
f 1080/867/29 1079/868/29 1078/869/29
f 1081/870/29 1078/869/29 1079/868/29
f 1084/871/309 1083/872/309 1082/873/309
f 1085/874/309 1082/873/309 1083/872/309
f 1088/875/310 1087/876/310 1086/877/310
f 1089/878/310 1086/877/310 1087/876/310
f 1092/879/12 1091/880/12 1090/881/12
f 1093/882/12 1090/881/12 1091/880/12
f 1096/883/22 1095/884/22 1094/878/22
f 1097/31/22 1094/878/22 1095/884/22
f 1100/869/29 1099/885/29 1098/867/29
f 1101/886/29 1098/867/29 1099/885/29
f 1104/887/12 1103/888/12 1102/889/12
f 1103/888/12 1105/890/12 1102/889/12
f 1105/890/12 1106/891/12 1102/889/12
f 1109/892/9 1108/893/9 1107/894/9
f 1108/893/9 1110/895/9 1107/894/9
f 1111/896/9 1110/895/9 1108/893/9
f 1114/897/35 1113/898/35 1112/899/311
f 1115/900/311 1112/899/311 1113/898/35
f 1112/899/311 1115/900/311 1116/901/312
f 1117/902/33 1116/901/312 1115/900/311
f 1120/114/35 1119/112/35 1118/115/39
f 1121/113/39 1118/115/39 1119/112/35
f 1124/110/37 1123/108/37 1122/111/313
f 1125/109/313 1122/111/313 1123/108/37
f 1128/122/313 1127/120/313 1126/123/37
f 1129/121/37 1126/123/37 1127/120/313
f 1132/118/314 1131/116/314 1130/119/35
f 1133/117/35 1130/119/35 1131/116/314
f 1136/903/35 1135/904/35 1134/905/311
f 1137/906/311 1134/905/311 1135/904/35
f 1134/905/311 1137/906/311 1138/907/33
f 1139/908/33 1138/907/33 1137/906/311
f 1142/909/12 1141/889/12 1140/888/12
f 1143/887/12 1140/888/12 1141/889/12
f 1146/896/9 1145/895/9 1144/910/9
f 1147/894/9 1144/910/9 1145/895/9
f 1150/911/315 1149/912/315 1148/913/316
f 1151/914/316 1148/913/316 1149/912/315
f 1148/913/316 1151/914/316 1152/915/317
f 1153/916/317 1152/915/317 1151/914/316
f 1152/915/317 1153/916/317 1154/917/318
f 1155/918/318 1154/917/318 1153/916/317
f 1154/917/318 1155/918/318 1156/919/319
f 1157/920/319 1156/919/319 1155/918/318
f 1156/919/319 1157/920/319 1158/921/320
f 1159/922/320 1158/921/320 1157/920/319
f 1158/921/320 1159/922/320 1160/923/321
f 1161/924/321 1160/923/321 1159/922/320
f 1164/925/322 1163/926/322 1162/927/323
f 1165/928/323 1162/927/323 1163/926/322
f 1162/927/323 1165/928/323 1166/929/324
f 1167/930/324 1166/929/324 1165/928/323
f 1166/929/324 1167/930/324 1168/931/325
f 1169/932/325 1168/931/325 1167/930/324
f 1168/931/325 1169/932/325 1170/933/326
f 1171/934/326 1170/933/326 1169/932/325
f 1170/933/326 1171/934/326 1172/935/327
f 1173/936/327 1172/935/327 1171/934/326
f 1176/937/328 1175/938/328 1174/939/329
f 1177/940/329 1174/939/329 1175/938/328
f 1174/939/329 1177/940/329 1178/941/330
f 1179/942/330 1178/941/330 1177/940/329
f 1178/941/330 1179/942/330 1180/943/331
f 1181/944/331 1180/943/331 1179/942/330
f 1184/945/332 1183/946/332 1182/947/333
f 1185/948/333 1182/947/333 1183/946/332
f 1182/947/333 1185/948/333 1186/949/334
f 1187/950/334 1186/949/334 1185/948/333
f 1190/951/335 1189/952/336 1188/953/337
f 1191/954/338 1188/953/337 1189/952/336
f 1188/953/337 1191/954/338 1192/955/339
f 1193/956/340 1192/955/339 1191/954/338
f 1192/955/339 1193/956/340 1194/957/341
f 1195/958/342 1194/957/341 1193/956/340
f 1194/957/341 1195/958/342 1196/959/343
f 1197/960/344 1196/959/343 1195/958/342
f 1196/959/343 1197/960/344 1198/961/345
f 1199/962/346 1198/961/345 1197/960/344
f 1198/961/345 1199/962/346 1200/963/347
f 1201/964/348 1200/963/347 1199/962/346
f 1200/963/347 1201/964/348 1202/965/349
f 1203/966/350 1202/965/349 1201/964/348
f 1202/965/349 1203/966/350 1204/967/351
f 1205/968/352 1204/967/351 1203/966/350
f 1204/967/351 1205/968/352 1206/969/353
f 1207/970/353 1206/969/353 1205/968/352
f 1210/971/354 1209/972/355 1208/973/356
f 1211/974/357 1208/973/356 1209/972/355
f 1208/973/356 1211/974/357 1212/975/358
f 1213/976/359 1212/975/358 1211/974/357
f 1212/975/358 1213/976/359 1214/977/360
f 1215/978/361 1214/977/360 1213/976/359
f 1214/977/360 1215/978/361 1216/979/362
f 1217/980/363 1216/979/362 1215/978/361
f 1216/979/362 1217/980/363 1218/981/364
f 1219/982/365 1218/981/364 1217/980/363
f 1218/981/364 1219/982/365 1220/983/366
f 1221/984/367 1220/983/366 1219/982/365
f 1220/983/366 1221/984/367 1222/985/368
f 1223/986/369 1222/985/368 1221/984/367
f 1223/986/369 1224/987/370 1222/985/368
f 1225/988/371 1222/985/368 1224/987/370
f 1225/988/371 1224/987/370 1226/989/372
f 1227/990/372 1226/989/372 1224/987/370
f 1230/991/373 1229/992/373 1228/993/373
f 1231/994/374 1228/993/373 1229/992/373
f 1234/350/232 1233/351/375 1232/403/376
f 1235/404/235 1232/403/376 1233/351/375
f 1232/403/376 1235/404/235 1236/405/377
f 1237/406/378 1236/405/377 1235/404/235
f 1237/406/378 1238/408/379 1236/405/377
f 1239/407/380 1236/405/377 1238/408/379
f 1238/408/379 1240/409/381 1239/407/380
f 1238/408/379 1241/410/382 1240/409/381
f 1242/412/383 1239/407/380 1240/409/381
f 1243/411/384 1240/409/381 1241/410/382
f 1240/409/381 1244/414/385 1242/412/383
f 1240/409/381 1243/411/384 1244/414/385
f 1245/415/386 1242/412/383 1244/414/385
f 1246/413/387 1244/414/385 1243/411/384
f 1244/414/385 1247/416/247 1245/415/386
f 1244/414/385 1246/413/387 1247/416/247
f 1248/417/248 1247/416/247 1246/413/387
f 1248/417/248 1249/418/249 1247/416/247
f 1250/419/388 1245/415/386 1247/416/247
f 1251/420/251 1247/416/247 1249/418/249
f 1247/416/247 1251/420/251 1250/419/388
f 1252/421/252 1250/419/388 1251/420/251
f 1255/995/389 1254/996/390 1253/997/174
f 1256/998/176 1253/997/174 1254/996/390
f 1256/998/176 1257/999/175 1253/997/174
f 1258/1000/173 1253/997/174 1257/999/175
f 1261/1001/179 1260/1002/391 1259/1003/181
f 1262/1004/182 1259/1003/181 1260/1002/391
f 1259/1003/181 1262/1004/182 1263/1005/392
f 1264/1006/393 1263/1005/392 1262/1004/182
f 1262/1004/182 1265/1007/394 1264/1006/393
f 1263/1005/392 1264/1006/393 1266/1008/395
f 1267/1009/396 1264/1006/393 1265/1007/394
f 1268/1010/397 1266/1008/395 1264/1006/393
f 1264/1006/393 1267/1009/396 1268/1010/397
f 1269/1011/398 1268/1010/397 1267/1009/396
f 1267/1009/396 1270/1012/399 1269/1011/398
f 1271/1013/400 1269/1011/398 1270/1012/399
f 1268/1010/397 1269/1011/398 1272/1014/401
f 1271/1013/400 1273/1015/402 1269/1011/398
f 1274/1016/403 1272/1014/401 1269/1011/398
f 1274/1016/403 1269/1011/398 1273/1015/402
f 1272/1014/401 1274/1016/403 1275/1017/404
f 1274/1016/403 1273/1015/402 1276/1018/405
f 1276/1018/405 1275/1017/404 1274/1016/403
f 1277/1019/406 1276/1018/405 1273/1015/402
f 1275/1017/404 1276/1018/405 1278/1020/198
f 1276/1018/405 1277/1019/406 1279/1021/407
f 1279/1021/407 1278/1020/198 1276/1018/405
f 1279/1021/407 1280/1022/200 1278/1020/198
f 1280/1022/200 1279/1021/407 1281/1023/201
f 1281/1023/201 1282/1024/202 1280/1022/200
f 1285/325/408 1284/326/409 1283/327/399
f 1286/328/410 1283/327/399 1284/326/409
f 1286/328/410 1284/326/409 1287/329/411
f 1288/330/412 1287/329/411 1284/326/409
f 1284/326/409 1289/331/182 1288/330/412
f 1290/1025/208 1288/330/412 1289/331/182
f 1293/1026/160 1292/995/160 1291/1027/161
f 1294/1028/161 1291/1027/161 1292/995/160
f 1291/1027/161 1294/1028/161 1295/1029/162
f 1296/1030/162 1295/1029/162 1294/1028/161
f 1299/1031/163 1298/1032/163 1297/1033/164
f 1300/1034/165 1297/1033/164 1298/1032/163
f 1301/1035/166 1297/1033/164 1300/1034/165
f 1302/1036/166 1301/1035/166 1300/1034/165
f 1305/1037/167 1304/1038/167 1303/1039/167
f 1306/1040/167 1303/1039/167 1304/1038/167
f 1306/1040/167 1304/1038/167 1307/1041/167
f 1308/1042/167 1307/1041/167 1304/1038/167
f 1308/1042/167 1309/1043/167 1307/1041/167
f 1310/1012/167 1307/1041/167 1309/1043/167
f 1310/1012/167 1309/1043/167 1311/1013/167
f 1312/1044/167 1311/1013/167 1309/1043/167
f 1311/1013/167 1312/1044/167 1313/1015/168
f 1314/1045/168 1313/1015/168 1312/1044/167
f 1313/1015/168 1314/1045/168 1315/1019/169
f 1316/1046/169 1315/1019/169 1314/1045/168
f 1316/1046/169 1317/1047/170 1315/1019/169
f 1318/1021/170 1315/1019/169 1317/1047/170
f 1317/1047/170 1319/1048/171 1318/1021/170
f 1320/1049/171 1318/1021/170 1319/1048/171
f 1320/1049/171 1319/1048/171 1321/1050/172
f 1322/1051/172 1321/1050/172 1319/1048/171
f 1325/1052/413 1324/1053/128 1323/1054/125
f 1326/1055/127 1323/1054/125 1324/1053/128
f 1326/1055/127 1327/1056/414 1323/1054/125
f 1328/1026/415 1323/1054/125 1327/1056/414
f 1331/1057/130 1330/1058/131 1329/1059/132
f 1332/1060/133 1329/1059/132 1330/1058/131
f 1330/1058/131 1333/1061/416 1332/1060/133
f 1334/1062/417 1332/1060/133 1333/1061/416
f 1332/1060/133 1334/1062/417 1335/1063/418
f 1336/1064/419 1335/1063/418 1334/1062/417
f 1334/1062/417 1333/1061/416 1337/1065/420
f 1338/1066/421 1337/1065/420 1333/1061/416
f 1337/1065/420 1339/1067/422 1334/1062/417
f 1336/1064/419 1334/1062/417 1339/1067/422
f 1337/1065/420 1340/1068/423 1339/1067/422
f 1339/1067/422 1341/1044/424 1336/1064/419
f 1342/1043/425 1336/1064/419 1341/1044/424
f 1341/1044/424 1339/1067/422 1343/1045/426
f 1344/1069/427 1343/1045/426 1339/1067/422
f 1344/1069/427 1339/1067/422 1340/1068/423
f 1343/1045/426 1344/1069/427 1345/1046/428
f 1344/1069/427 1340/1068/423 1346/1070/429
f 1346/1070/429 1345/1046/428 1344/1069/427
f 1347/1071/430 1346/1070/429 1340/1068/423
f 1347/1071/430 1348/1072/431 1346/1070/429
f 1345/1046/428 1346/1070/429 1349/1047/432
f 1349/1047/432 1346/1070/429 1348/1072/431
f 1350/1073/151 1349/1047/432 1348/1072/431
f 1350/1073/151 1351/1074/152 1349/1047/432
f 1352/1075/153 1351/1074/152 1350/1073/151
f 1355/267/433 1354/268/425 1353/269/434
f 1356/270/435 1353/269/434 1354/268/425
f 1356/270/435 1357/271/436 1353/269/434
f 1358/272/437 1353/269/434 1357/271/436
f 1353/269/434 1358/272/437 1359/273/133
f 1360/1076/159 1359/273/133 1358/272/437
f 1363/1077/209 1362/1078/29 1361/1079/210
f 1364/1080/29 1361/1079/210 1362/1078/29
f 1367/1081/166 1366/1082/166 1365/1083/165
f 1368/1084/164 1367/1081/166 1365/1083/165
f 1365/1083/165 1369/1085/163 1368/1084/164
f 1370/1086/163 1368/1084/164 1369/1085/163
f 1373/1087/211 1372/1088/211 1371/1089/211
f 1374/1090/211 1371/1089/211 1372/1088/211
f 1377/377/223 1376/378/224 1375/376/222
f 1378/216/225 1375/376/222 1376/378/224
f 1378/216/225 1379/218/226 1375/376/222
f 1380/379/227 1375/376/222 1379/218/226
f 1379/218/226 1381/272/228 1380/379/227
f 1381/272/228 1382/271/229 1380/379/227
f 1382/271/229 1383/380/230 1380/379/227
f 1382/271/229 1384/270/22 1383/380/230
f 1385/381/22 1383/380/230 1384/270/22
f 1384/270/22 1386/268/22 1385/381/22
f 1387/382/22 1385/381/22 1386/268/22
f 1387/382/22 1386/268/22 1388/384/22
f 1389/383/22 1388/384/22 1386/268/22
f 1388/384/22 1389/383/22 1390/385/22
f 1391/386/22 1390/385/22 1389/383/22
f 1390/385/22 1391/386/22 1392/388/22
f 1393/387/22 1392/388/22 1391/386/22
f 1393/387/22 1394/389/22 1392/388/22
f 1395/390/22 1392/388/22 1394/389/22
f 1394/389/22 1396/391/22 1395/390/22
f 1397/392/22 1395/390/22 1396/391/22
f 1397/392/22 1396/391/22 1398/394/22
f 1399/393/22 1398/394/22 1396/391/22
f 1399/393/22 1400/395/22 1398/394/22
f 1401/396/22 1398/394/22 1400/395/22
f 1400/395/22 1402/397/22 1401/396/22
f 1403/398/22 1401/396/22 1402/397/22
f 1406/1091/221 1405/1092/221 1404/1093/221
f 1407/1094/221 1404/1093/221 1405/1092/221
f 1410/348/213 1409/349/214 1408/347/212
f 1411/350/215 1408/347/212 1409/349/214
f 1411/350/215 1409/349/214 1412/351/216
f 1413/352/217 1412/351/216 1409/349/214
f 1414/330/218 1412/351/216 1413/352/217
f 1415/329/219 1414/330/218 1413/352/217
f 1416/353/220 1415/329/219 1413/352/217
f 1415/329/219 1416/353/220 1417/328/32
f 1418/354/32 1417/328/32 1416/353/220
f 1417/328/32 1418/354/32 1419/327/32
f 1420/355/32 1419/327/32 1418/354/32
f 1419/327/32 1420/355/32 1421/357/32
f 1422/356/32 1421/357/32 1420/355/32
f 1422/356/32 1423/358/32 1421/357/32
f 1424/359/32 1421/357/32 1423/358/32
f 1424/359/32 1423/358/32 1425/361/32
f 1426/360/32 1425/361/32 1423/358/32
f 1425/361/32 1426/360/32 1427/362/32
f 1428/363/32 1427/362/32 1426/360/32
f 1427/362/32 1428/363/32 1429/364/32
f 1430/365/32 1429/364/32 1428/363/32
f 1429/364/32 1430/365/32 1431/367/32
f 1432/366/32 1431/367/32 1430/365/32
f 1431/367/32 1432/366/32 1433/368/32
f 1434/369/32 1433/368/32 1432/366/32
f 1433/368/32 1434/369/32 1435/370/32
f 1436/371/32 1435/370/32 1434/369/32
f 1439/1095/231 1438/1096/231 1437/1097/231
f 1440/1098/231 1437/1097/231 1438/1096/231
f 1443/216/103 1442/217/438 1441/218/105
f 1444/219/106 1441/218/105 1442/217/438
f 1442/217/438 1445/220/439 1444/219/106
f 1446/221/440 1444/219/106 1445/220/439
f 1445/220/439 1447/223/441 1446/221/440
f 1448/222/442 1446/221/440 1447/223/441
f 1448/222/442 1447/223/441 1449/224/443
f 1448/222/442 1449/224/443 1450/225/444
f 1451/227/445 1450/225/444 1449/224/443
f 1452/226/446 1449/224/443 1447/223/441
f 1451/227/445 1449/224/443 1453/230/447
f 1449/224/443 1452/226/446 1454/228/448
f 1454/228/448 1453/230/447 1449/224/443
f 1455/229/449 1454/228/448 1452/226/446
f 1454/228/448 1456/231/118 1453/230/447
f 1454/228/448 1455/229/449 1456/231/118
f 1457/232/119 1453/230/447 1456/231/118
f 1457/232/119 1456/231/118 1458/233/120
f 1459/234/121 1456/231/118 1455/229/449
f 1460/235/122 1458/233/120 1456/231/118
f 1456/231/118 1459/234/121 1460/235/122
f 1461/236/123 1460/235/122 1459/234/121
f 1464/1099/9 1463/1100/9 1462/1101/9
f 1465/1102/9 1462/1101/9 1463/1100/9
f 1468/1103/12 1467/1104/12 1466/1105/12
f 1469/1106/12 1466/1105/12 1467/1104/12
f 1472/439/22 1471/441/22 1470/438/22
f 1473/440/22 1470/438/22 1471/441/22
f 1476/1107/29 1475/1108/29 1474/1109/29
f 1477/1110/29 1474/1109/29 1475/1108/29
f 1480/431/32 1479/433/32 1478/430/32
f 1481/432/32 1478/430/32 1479/433/32
f 1484/1099/9 1483/1100/9 1482/1101/9
f 1485/1102/9 1482/1101/9 1483/1100/9
f 1488/1103/12 1487/1104/12 1486/1105/12
f 1489/1106/12 1486/1105/12 1487/1104/12
f 1492/453/22 1491/455/22 1490/452/22
f 1493/454/22 1490/452/22 1491/455/22
f 1496/1111/29 1495/1112/29 1494/1113/29
f 1497/1114/29 1494/1113/29 1495/1112/29
f 1500/445/32 1499/447/32 1498/444/32
f 1501/446/32 1498/444/32 1499/447/32
f 1504/1115/167 1503/1116/167 1502/1117/167
f 1505/1118/167 1502/1117/167 1503/1116/167
f 1508/469/32 1507/471/32 1506/468/32
f 1509/470/32 1506/468/32 1507/471/32
f 1512/1119/29 1511/1120/29 1510/1121/29
f 1513/1122/29 1510/1121/29 1511/1120/29
f 1516/461/22 1515/463/22 1514/460/22
f 1517/462/22 1514/460/22 1515/463/22
f 1520/912/450 1519/911/450 1518/1123/451
f 1521/1124/451 1518/1123/451 1519/911/450
f 1521/1124/451 1522/1125/452 1518/1123/451
f 1523/1126/452 1518/1123/451 1522/1125/452
f 1526/1127/453 1525/1128/453 1524/1129/454
f 1527/1130/454 1524/1129/454 1525/1128/453
f 1530/1131/29 1529/1132/29 1528/1133/29
f 1531/1134/29 1528/1133/29 1529/1132/29
f 1534/1135/29 1533/1136/29 1532/1137/29
f 1535/1138/29 1532/1137/29 1533/1136/29
f 1538/1139/9 1537/1140/9 1536/1141/9
f 1539/1142/9 1536/1141/9 1537/1140/9
f 1542/501/259 1541/503/259 1540/500/259
f 1543/502/259 1540/500/259 1541/503/259
f 1546/1143/12 1545/1144/12 1544/1145/12
f 1547/1146/12 1544/1145/12 1545/1144/12
f 1550/493/258 1549/495/258 1548/492/258
f 1551/494/258 1548/492/258 1549/495/258
f 1554/1139/9 1553/1140/9 1552/1141/9
f 1555/1142/9 1552/1141/9 1553/1140/9
f 1558/509/259 1557/511/259 1556/508/259
f 1559/510/259 1556/508/259 1557/511/259
f 1562/1143/12 1561/1144/12 1560/1145/12
f 1563/1146/12 1560/1145/12 1561/1144/12
f 1566/505/258 1565/507/258 1564/504/258
f 1567/506/258 1564/504/258 1565/507/258
f 1570/1147/9 1569/1148/9 1568/1149/9
f 1571/1150/9 1568/1149/9 1569/1148/9
f 1571/1150/9 1572/1151/9 1568/1149/9
f 1575/1152/12 1574/1153/12 1573/1154/12
f 1576/1155/12 1573/1154/12 1574/1153/12
f 1574/1153/12 1577/1156/12 1576/1155/12
f 1580/1157/261 1579/1158/261 1578/1159/29
f 1581/1160/29 1578/1159/29 1579/1158/261
f 1578/1159/29 1581/1160/29 1582/1161/260
f 1583/1162/260 1582/1161/260 1581/1160/29
f 1586/1163/261 1585/532/261 1584/535/264
f 1587/533/264 1584/535/264 1585/532/261
f 1590/530/262 1589/528/262 1588/1164/260
f 1591/529/260 1588/1164/260 1589/528/262
f 1594/542/260 1593/540/260 1592/543/262
f 1595/541/262 1592/543/262 1593/540/260
f 1598/538/264 1597/536/264 1596/539/261
f 1599/537/261 1596/539/261 1597/536/264
f 1602/1165/261 1601/1166/261 1600/1167/29
f 1603/1168/29 1600/1167/29 1601/1166/261
f 1600/1167/29 1603/1168/29 1604/1169/455
f 1605/1170/260 1604/1169/455 1603/1168/29
f 1608/1148/9 1607/1150/9 1606/1147/9
f 1609/1149/9 1606/1147/9 1607/1150/9
f 1609/1149/9 1607/1150/9 1610/1151/9
f 1613/1152/12 1612/1153/12 1611/1154/12
f 1614/1155/12 1611/1154/12 1612/1153/12
f 1615/1156/12 1614/1155/12 1612/1153/12
f 1618/1171/315 1617/1172/315 1616/1173/316
f 1619/1174/316 1616/1173/316 1617/1172/315
f 1616/1173/316 1619/1174/316 1620/1175/317
f 1621/1176/317 1620/1175/317 1619/1174/316
f 1620/1175/317 1621/1176/317 1622/1177/318
f 1623/1178/318 1622/1177/318 1621/1176/317
f 1622/1177/318 1623/1178/318 1624/1179/319
f 1625/1180/319 1624/1179/319 1623/1178/318
f 1624/1179/319 1625/1180/319 1626/1181/320
f 1627/1182/320 1626/1181/320 1625/1180/319
f 1626/1181/320 1627/1182/320 1628/1183/321
f 1629/1184/321 1628/1183/321 1627/1182/320
f 1632/1185/322 1631/1186/322 1630/1187/323
f 1633/1188/323 1630/1187/323 1631/1186/322
f 1630/1187/323 1633/1188/323 1634/1189/324
f 1635/1190/324 1634/1189/324 1633/1188/323
f 1634/1189/324 1635/1190/324 1636/1191/325
f 1637/1192/325 1636/1191/325 1635/1190/324
f 1636/1191/325 1637/1192/325 1638/1193/326
f 1639/1194/326 1638/1193/326 1637/1192/325
f 1638/1193/326 1639/1194/326 1640/1195/327
f 1641/1196/327 1640/1195/327 1639/1194/326
f 1644/1197/328 1643/1198/328 1642/1199/329
f 1645/1200/329 1642/1199/329 1643/1198/328
f 1642/1199/329 1645/1200/329 1646/1201/330
f 1647/1202/330 1646/1201/330 1645/1200/329
f 1646/1201/330 1647/1202/330 1648/1203/331
f 1649/1204/331 1648/1203/331 1647/1202/330
f 1652/1205/332 1651/1206/332 1650/1207/333
f 1653/1208/333 1650/1207/333 1651/1206/332
f 1650/1207/333 1653/1208/333 1654/1209/334
f 1655/1210/334 1654/1209/334 1653/1208/333
f 1658/951/335 1657/952/456 1656/1211/337
f 1659/954/338 1656/1211/337 1657/952/456
f 1656/1211/337 1659/954/338 1660/955/339
f 1661/956/340 1660/955/339 1659/954/338
f 1660/955/339 1661/956/340 1662/957/341
f 1663/958/342 1662/957/341 1661/956/340
f 1662/957/341 1663/958/342 1664/959/457
f 1665/960/344 1664/959/457 1663/958/342
f 1664/959/457 1665/960/344 1666/961/345
f 1667/962/346 1666/961/345 1665/960/344
f 1666/961/345 1667/962/346 1668/963/347
f 1669/964/348 1668/963/347 1667/962/346
f 1668/963/347 1669/964/348 1670/965/349
f 1671/966/350 1670/965/349 1669/964/348
f 1670/965/349 1671/966/350 1672/967/351
f 1673/968/352 1672/967/351 1671/966/350
f 1672/967/351 1673/968/352 1674/969/353
f 1675/970/458 1674/969/353 1673/968/352
f 1678/971/354 1677/972/355 1676/973/356
f 1679/1212/357 1676/973/356 1677/972/355
f 1676/973/356 1679/1212/357 1680/975/358
f 1681/976/359 1680/975/358 1679/1212/357
f 1680/975/358 1681/976/359 1682/977/360
f 1683/978/361 1682/977/360 1681/976/359
f 1682/977/360 1683/978/361 1684/979/362
f 1685/980/363 1684/979/362 1683/978/361
f 1684/979/362 1685/980/363 1686/981/364
f 1687/982/365 1686/981/364 1685/980/363
f 1686/981/364 1687/982/365 1688/983/366
f 1689/984/367 1688/983/366 1687/982/365
f 1688/983/366 1689/984/367 1690/985/368
f 1691/986/369 1690/985/368 1689/984/367
f 1691/986/369 1692/987/370 1690/985/368
f 1693/988/371 1690/985/368 1692/987/370
f 1693/988/371 1692/987/370 1694/989/459
f 1695/990/460 1694/989/459 1692/987/370
f 1698/1213/374 1697/1214/374 1696/1215/374
f 1699/1216/374 1696/1215/374 1697/1214/374
f 1702/1172/450 1701/1171/450 1700/1217/451
f 1703/1218/451 1700/1217/451 1701/1171/450
f 1703/1218/451 1704/1219/452 1700/1217/451
f 1705/1220/452 1700/1217/451 1704/1219/452
f 1708/1221/453 1707/1222/453 1706/1223/461
f 1709/1224/461 1706/1223/461 1707/1222/453
f 1712/1225/29 1711/1226/29 1710/1227/29
f 1713/1228/29 1710/1227/29 1711/1226/29
f 1716/1229/29 1715/1230/29 1714/1231/29
f 1717/1232/29 1714/1231/29 1715/1230/29
f 1720/1139/9 1719/1140/9 1718/1233/9
f 1721/1142/9 1718/1233/9 1719/1140/9
f 1724/619/259 1723/621/259 1722/618/259
f 1725/620/259 1722/618/259 1723/621/259
f 1728/1143/12 1727/1144/12 1726/1145/12
f 1729/1234/12 1726/1145/12 1727/1144/12
f 1732/615/258 1731/617/258 1730/614/258
f 1733/616/258 1730/614/258 1731/617/258
f 1736/1139/9 1735/1140/9 1734/1233/9
f 1737/1142/9 1734/1233/9 1735/1140/9
f 1740/627/259 1739/629/259 1738/626/259
f 1741/628/259 1738/626/259 1739/629/259
f 1744/1143/12 1743/1144/12 1742/1145/12
f 1745/1234/12 1742/1145/12 1743/1144/12
f 1748/623/258 1747/625/258 1746/622/258
f 1749/624/258 1746/622/258 1747/625/258
f 1752/1147/9 1751/1235/9 1750/1149/9
f 1753/1150/9 1750/1149/9 1751/1235/9
f 1753/1150/9 1754/1151/9 1750/1149/9
f 1757/1152/12 1756/1153/12 1755/1236/12
f 1758/1155/12 1755/1236/12 1756/1153/12
f 1756/1153/12 1759/1156/12 1758/1155/12
f 1762/1237/261 1761/1238/261 1760/1239/29
f 1763/1240/29 1760/1239/29 1761/1238/261
f 1760/1239/29 1763/1240/29 1764/1241/260
f 1765/1242/462 1764/1241/260 1763/1240/29
f 1768/645/261 1767/643/261 1766/646/264
f 1769/644/264 1766/646/264 1767/643/261
f 1772/641/262 1771/639/262 1770/642/260
f 1773/640/463 1770/642/260 1771/639/262
f 1776/653/260 1775/651/263 1774/654/262
f 1777/1243/262 1774/654/262 1775/651/263
f 1780/649/264 1779/1244/264 1778/650/261
f 1781/648/261 1778/650/261 1779/1244/264
f 1784/1245/261 1783/1246/464 1782/1247/29
f 1785/1248/29 1782/1247/29 1783/1246/464
f 1782/1247/29 1785/1248/29 1786/1249/465
f 1787/1250/260 1786/1249/465 1785/1248/29
f 1790/1235/9 1789/1150/9 1788/1147/9
f 1791/1149/9 1788/1147/9 1789/1150/9
f 1791/1149/9 1789/1150/9 1792/1151/9
f 1795/1152/12 1794/1153/12 1793/1236/12
f 1796/1155/12 1793/1236/12 1794/1153/12
f 1797/1156/12 1796/1155/12 1794/1153/12
f 1800/684/22 1799/1251/22 1798/1252/22
f 1801/1253/22 1798/1252/22 1799/1251/22
f 1804/1254/9 1803/1255/9 1802/1256/9
f 1802/1256/9 1803/1255/9 1805/1257/9
f 1805/1257/9 1803/1255/9 1806/1258/9
f 1809/1253/466 1808/1251/466 1807/681/466
f 1810/683/466 1807/681/466 1808/1251/466
f 1813/1259/12 1812/1260/12 1811/1261/12
f 1812/1260/12 1814/1262/12 1811/1261/12
f 1811/1261/12 1814/1262/12 1815/1263/12
f 1818/1264/29 1817/1265/29 1816/1266/29
f 1819/1267/29 1816/1266/29 1817/1265/29
f 1822/664/32 1821/1268/32 1820/670/32
f 1823/671/32 1820/670/32 1821/1268/32
f 1826/1269/467 1825/1270/467 1824/1271/467
f 1827/1272/467 1824/1271/467 1825/1270/467
f 1830/1273/12 1829/1274/12 1828/1275/12
f 1831/1276/12 1828/1275/12 1829/1274/12
f 1834/1277/468 1833/1278/468 1832/1279/468
f 1835/1280/468 1832/1279/468 1833/1278/468
f 1838/1281/9 1837/1282/9 1836/1283/9
f 1839/1284/9 1836/1283/9 1837/1282/9
f 1842/1285/467 1841/1286/467 1840/1287/467
f 1843/1288/467 1840/1287/467 1841/1286/467
f 1846/1289/12 1845/1290/12 1844/1275/12
f 1847/1276/12 1844/1275/12 1845/1290/12
f 1850/1291/468 1849/1292/468 1848/1293/468
f 1851/1294/468 1848/1293/468 1849/1292/468
f 1854/1281/9 1853/1295/9 1852/1283/9
f 1855/1284/9 1852/1283/9 1853/1295/9
f 1858/684/22 1857/724/22 1856/1252/22
f 1859/723/22 1856/1252/22 1857/724/22
f 1862/1296/9 1861/1297/9 1860/1298/9
f 1863/1299/9 1860/1298/9 1861/1297/9
f 1866/1300/29 1865/1301/29 1864/1302/29
f 1867/1303/29 1864/1302/29 1865/1301/29
f 1870/1304/12 1869/1305/12 1868/1306/12
f 1871/1307/12 1868/1306/12 1869/1305/12
f 1874/664/32 1873/663/32 1872/710/32
f 1875/709/32 1872/710/32 1873/663/32
f 1878/1308/467 1877/1309/467 1876/1310/467
f 1879/1311/467 1876/1310/467 1877/1309/467
f 1882/1273/12 1881/1274/12 1880/1275/12
f 1883/1312/12 1880/1275/12 1881/1274/12
f 1886/1313/29 1885/1314/29 1884/1315/29
f 1887/1316/29 1884/1315/29 1885/1314/29
f 1890/1317/9 1889/1282/9 1888/1318/9
f 1891/1284/9 1888/1318/9 1889/1282/9
f 1894/1319/276 1893/860/276 1892/1320/12
f 1895/1321/12 1892/1320/12 1893/860/276
f 1898/860/469 1897/1319/308 1896/765/470
f 1899/763/469 1896/765/470 1897/1319/308
f 1899/763/469 1897/1319/308 1900/764/308
f 1901/749/471 1900/764/308 1897/1319/308
f 1904/774/472 1903/1322/472 1902/775/472
f 1905/1323/472 1902/775/472 1903/1322/472
f 1908/1324/308 1907/1325/308 1906/1326/308
f 1909/1327/308 1906/1326/308 1907/1325/308
f 1912/1328/473 1911/1329/473 1910/1330/473
f 1913/1331/473 1910/1330/473 1911/1329/473
f 1916/1332/474 1915/1333/474 1914/1334/474
f 1917/1335/474 1914/1334/474 1915/1333/474
f 1920/1336/29 1919/1337/29 1918/1338/29
f 1921/1339/29 1918/1338/29 1919/1337/29
f 1924/1340/475 1923/1341/475 1922/1342/475
f 1925/1343/475 1922/1342/475 1923/1341/475
f 1928/1344/29 1927/1345/311 1926/1346/29
f 1929/1347/311 1926/1346/29 1927/1345/311
f 1932/1348/476 1931/1349/476 1930/1350/281
f 1933/1351/281 1930/1350/281 1931/1349/476
f 1936/32/14 1935/34/14 1934/1352/14
f 1937/1353/14 1934/1352/14 1935/34/14
f 1940/1354/12 1939/1355/12 1938/1356/12
f 1941/1357/12 1938/1356/12 1939/1355/12
f 1944/1358/9 1943/1359/9 1942/1360/9
f 1945/1361/9 1942/1360/9 1943/1359/9
f 1948/1347/291 1947/1345/291 1946/1362/29
f 1949/1363/29 1946/1362/29 1947/1345/291
f 1952/1364/477 1951/1353/477 1950/1365/477
f 1953/1366/477 1950/1365/477 1951/1353/477
f 1956/1367/12 1955/1368/12 1954/1369/12
f 1957/1370/12 1954/1369/12 1955/1368/12
f 1957/1370/12 1958/1371/12 1954/1369/12
f 1959/1372/12 1954/1369/12 1958/1371/12
f 1962/1373/478 1961/1374/478 1960/1375/479
f 1963/1376/480 1960/1375/479 1961/1374/478
f 1966/1377/481 1965/1378/482 1964/1379/481
f 1967/1380/482 1964/1379/481 1965/1378/482
f 1967/1380/482 1965/1378/482 1968/1381/481
f 1969/1382/483 1968/1381/481 1965/1378/482
f 1972/1383/484 1971/1384/484 1970/1385/485
f 1973/1386/486 1970/1385/485 1971/1384/484
f 1973/1386/486 1974/1387/487 1970/1385/485
f 1975/1388/487 1970/1385/485 1974/1387/487
f 1978/1381/488 1977/1382/488 1976/1389/481
f 1979/1390/481 1976/1389/481 1977/1382/488
f 1979/1390/481 1980/1391/488 1976/1389/481
f 1981/1392/488 1976/1389/481 1980/1391/488
f 1984/1393/489 1983/1394/490 1982/1395/490
f 1985/1396/491 1982/1395/490 1983/1394/490
f 1985/1396/491 1986/1397/492 1982/1395/490
f 1987/1398/493 1982/1395/490 1986/1397/492
f 1990/1397/494 1989/1399/495 1988/1398/494
f 1991/1400/495 1988/1398/494 1989/1399/495
f 1991/1400/495 1989/1399/495 1992/1401/494
f 1993/1402/494 1992/1401/494 1989/1399/495
f 1996/1403/496 1995/1404/497 1994/1405/498
f 1997/1406/497 1994/1405/498 1995/1404/497
f 2000/1407/481 1999/1408/481 1998/1409/483
f 2001/1410/483 1998/1409/483 1999/1408/481
f 2001/1410/483 2002/1392/481 1998/1409/483
f 2003/1391/482 1998/1409/483 2002/1392/481
f 2006/1411/489 2005/1412/489 2004/1413/499
f 2007/1414/500 2004/1413/499 2005/1412/489
f 2007/1414/500 2005/1412/489 2008/1402/501
f 2009/1401/502 2008/1402/501 2005/1412/489
f 2012/1415/503 2011/1416/503 2010/1417/503
f 2013/1418/503 2010/1417/503 2011/1416/503
f 2016/1419/22 2015/1420/22 2014/1421/22
f 2017/1422/22 2015/1420/22 2016/1419/22
f 2020/1423/32 2019/1424/32 2018/1425/32
f 2021/1426/32 2020/1423/32 2018/1425/32
f 2024/1427/504 2023/1428/504 2022/1429/504
f 2025/1430/504 2022/1429/504 2023/1428/504
f 2028/1423/32 2027/1424/32 2026/1425/32
f 2029/1426/32 2028/1423/32 2026/1425/32
f 2032/1419/22 2031/1420/22 2030/1421/22
f 2033/1422/22 2031/1420/22 2032/1419/22
f 2036/1431/504 2035/1415/504 2034/1432/504
f 2037/1417/504 2034/1432/504 2035/1415/504
f 2040/1433/503 2039/1427/503 2038/1434/503
f 2041/1429/503 2038/1434/503 2039/1427/503
f 2044/1435/10 2043/1436/10 2042/1437/10
f 2045/1438/10 2042/1437/10 2043/1436/10
f 2048/1439/505 2047/1440/505 2046/1441/505
f 2049/1442/505 2046/1441/505 2047/1440/505
f 2052/1443/29 2051/1444/29 2050/1445/29
f 2053/1446/29 2050/1445/29 2051/1444/29
f 2056/1447/506 2055/1448/506 2054/1449/506
f 2057/1450/506 2054/1449/506 2055/1448/506
f 2060/1451/293 2059/1452/293 2058/1453/293
f 2061/1454/293 2058/1453/293 2059/1452/293
f 2064/1455/507 2063/1456/507 2062/1457/507
f 2065/1458/507 2062/1457/507 2063/1456/507
f 2068/1459/29 2067/1460/29 2066/1461/29
f 2069/1462/29 2066/1461/29 2067/1460/29
f 2072/1463/508 2071/1464/508 2070/1465/508
f 2073/1466/508 2070/1465/508 2071/1464/508
f 2076/1467/22 2075/1468/22 2074/1469/22
f 2077/1470/22 2074/1469/22 2075/1468/22
f 2080/1471/29 2079/1472/29 2078/1473/29
f 2081/1474/29 2078/1473/29 2079/1472/29
f 2084/1475/9 2083/1476/9 2082/1477/9
f 2085/1478/9 2082/1477/9 2083/1476/9
f 2088/1479/32 2087/1480/32 2086/1481/32
f 2089/1482/32 2086/1481/32 2087/1480/32
f 2092/1483/12 2091/1484/12 2090/1485/12
f 2093/1486/12 2090/1485/12 2091/1484/12
f 2096/1487/167 2095/1488/167 2094/1489/167
f 2097/1490/167 2094/1489/167 2095/1488/167
f 2100/1491/9 2099/1492/9 2098/1493/9
f 2101/1494/9 2098/1493/9 2099/1492/9
f 2104/1495/12 2103/1496/12 2102/1497/12
f 2105/1498/12 2102/1497/12 2103/1496/12
f 2108/1499/32 2107/1500/32 2106/1501/32
f 2109/1502/32 2106/1501/32 2107/1500/32
f 2112/1503/29 2111/1504/29 2110/1505/29
f 2113/1506/29 2110/1505/29 2111/1504/29
f 2116/1507/22 2115/1508/22 2114/1509/22
f 2117/1510/22 2114/1509/22 2115/1508/22
f 2120/1511/9 2119/1512/9 2118/1513/9
f 2121/1514/9 2118/1513/9 2119/1512/9
f 2124/1515/12 2123/1516/12 2122/1517/12
f 2125/1518/12 2122/1517/12 2123/1516/12
f 2128/1510/22 2127/1509/22 2126/1508/22
f 2129/1507/22 2126/1508/22 2127/1509/22
f 2132/1519/29 2131/1520/29 2130/1521/29
f 2133/1522/29 2130/1521/29 2131/1520/29
f 2136/1499/32 2135/1500/32 2134/1501/32
f 2137/1502/32 2134/1501/32 2135/1500/32
f 2140/1523/22 2139/1524/22 2138/1525/22
f 2141/1526/22 2138/1525/22 2139/1524/22
f 2144/1527/29 2143/1528/29 2142/1529/29
f 2145/1530/29 2142/1529/29 2143/1528/29
f 2148/1531/9 2147/1532/9 2146/1533/9
f 2149/1534/9 2146/1533/9 2147/1532/9
f 2152/1535/32 2151/1536/32 2150/1537/32
f 2153/1538/32 2150/1537/32 2151/1536/32
f 2156/1539/12 2155/1540/12 2154/1541/12
f 2157/1542/12 2154/1541/12 2155/1540/12
f 2160/1543/509 2159/1544/509 2158/1545/509
f 2159/1544/509 2161/1546/509 2158/1545/509
f 2161/1546/509 2162/1547/509 2158/1545/509
f 2165/1548/510 2164/1549/510 2163/1550/510
f 2164/1549/510 2166/1551/510 2163/1550/510
f 2167/1552/511 2166/1551/510 2164/1549/510
f 2170/1553/512 2169/1554/513 2168/1555/29
f 2171/1556/29 2168/1555/29 2169/1554/513
f 2168/1555/29 2171/1556/29 2172/1557/514
f 2173/1558/515 2172/1557/514 2171/1556/29
f 2176/1559/512 2175/1560/512 2174/1561/516
f 2177/1562/516 2174/1561/516 2175/1560/512
f 2180/1563/517 2179/1564/517 2178/1565/515
f 2181/1566/514 2178/1565/515 2179/1564/517
f 2184/1567/518 2183/1568/514 2182/1569/517
f 2185/1570/517 2182/1569/517 2183/1568/514
f 2188/1571/519 2187/1572/519 2186/1573/512
f 2189/1574/520 2186/1573/512 2187/1572/519
f 2192/1575/521 2191/1576/521 2190/1577/29
f 2193/1578/29 2190/1577/29 2191/1576/521
f 2190/1577/29 2193/1578/29 2194/1579/514
f 2195/1580/518 2194/1579/514 2193/1578/29
f 2198/1581/509 2197/1582/509 2196/1583/509
f 2199/1584/509 2196/1583/509 2197/1582/509
f 2202/1585/510 2201/1586/510 2200/1587/510
f 2203/1588/510 2200/1587/510 2201/1586/510
f 2206/1589/522 2205/1590/523 2204/1591/522
f 2205/1590/523 2207/1592/523 2204/1591/522
f 2207/1592/523 2208/1593/522 2204/1591/522
f 2211/1594/524 2210/1595/525 2209/1596/525
f 2209/1596/525 2210/1595/525 2212/1597/525
f 2210/1595/525 2213/1598/526 2212/1597/525
f 2216/1599/527 2215/1600/29 2214/1601/528
f 2217/1602/29 2214/1601/528 2215/1600/29
f 2215/1600/29 2218/1603/529 2217/1602/29
f 2219/1604/530 2217/1602/29 2218/1603/529
f 2222/1605/531 2221/1606/532 2220/1607/531
f 2223/1608/528 2220/1607/531 2221/1606/532
f 2226/1609/533 2225/1610/534 2224/1611/535
f 2227/1612/534 2224/1611/535 2225/1610/534
f 2230/1613/534 2229/1614/529 2228/1615/534
f 2231/1616/536 2228/1615/534 2229/1614/529
f 2234/1617/537 2233/1618/531 2232/1619/528
f 2235/1620/531 2232/1619/528 2233/1618/531
f 2238/1621/528 2237/1622/29 2236/1623/538
f 2239/1624/29 2236/1623/538 2237/1622/29
f 2237/1622/29 2240/1625/539 2239/1624/29
f 2241/1626/529 2239/1624/29 2240/1625/539
f 2244/1627/522 2243/1628/522 2242/1629/522
f 2245/1630/522 2242/1629/522 2243/1628/522
f 2248/1631/525 2247/1632/525 2246/1633/525
f 2249/1634/525 2246/1633/525 2247/1632/525
f 2252/1635/504 2251/1636/504 2250/1637/504
f 2253/1638/504 2250/1637/504 2251/1636/504
f 2256/1423/32 2255/1424/32 2254/1425/32
f 2257/1426/32 2256/1423/32 2254/1425/32
f 2260/1419/22 2259/1420/22 2258/1421/22
f 2261/1422/22 2259/1420/22 2260/1419/22
f 2264/1639/503 2263/1635/503 2262/1640/503
f 2265/1637/503 2262/1640/503 2263/1635/503
f 2268/1641/540 2267/1642/540 2266/1379/541
f 2269/1377/541 2266/1379/541 2267/1642/540
f 2272/1643/542 2271/1644/542 2270/1376/543
f 2273/1375/544 2270/1376/543 2271/1644/542
f 2276/1645/545 2275/1646/545 2274/1393/546
f 2277/1394/546 2274/1393/546 2275/1646/545
f 2280/1647/547 2279/1648/547 2278/6/19
f 2281/5/19 2278/6/19 2279/1648/547
f 2284/1649/548 2283/1650/548 2282/1651/549
f 2285/1652/549 2282/1651/549 2283/1650/548
f 2282/1651/549 2285/1652/549 2286/1653/550
f 2287/1654/551 2286/1653/550 2285/1652/549
f 2290/1655/552 2289/1656/552 2288/1657/553
f 2291/1658/554 2288/1657/553 2289/1656/552
f 2288/1657/553 2291/1658/554 2292/1659/555
f 2293/1660/556 2292/1659/555 2291/1658/554
f 2296/1661/557 2295/1662/557 2294/1663/558
f 2297/1664/558 2294/1663/558 2295/1662/557
f 2294/1663/558 2297/1664/558 2298/1665/558
f 2299/1666/558 2298/1665/558 2297/1664/558
f 2302/1667/559 2301/1668/559 2300/1669/560
f 2303/1670/560 2300/1669/560 2301/1668/559
f 2300/1669/560 2303/1670/560 2304/1671/560
f 2305/1672/560 2304/1671/560 2303/1670/560
f 2308/1673/561 2307/1674/561 2306/1675/562
f 2309/1676/562 2306/1675/562 2307/1674/561
f 2306/1675/562 2309/1676/562 2310/1677/563
f 2311/1678/563 2310/1677/563 2309/1676/562
f 2314/1679/564 2313/1680/564 2312/1681/565
f 2315/1682/565 2312/1681/565 2313/1680/564
f 2312/1681/565 2315/1682/565 2316/1683/566
f 2317/1684/566 2316/1683/566 2315/1682/565
f 2320/1685/567 2319/1686/568 2318/1687/569
f 2321/1688/568 2318/1687/569 2319/1686/568
f 2321/1688/568 2319/1686/568 2322/1689/570
f 2323/1690/571 2322/1689/570 2319/1686/568
f 2322/1689/570 2323/1690/571 2324/1691/572
f 2325/1692/572 2324/1691/572 2323/1690/571
f 2324/1691/572 2325/1692/572 2326/1693/573
f 2327/1694/573 2326/1693/573 2325/1692/572
f 2326/1693/573 2327/1694/573 2328/1695/574
f 2329/1696/574 2328/1695/574 2327/1694/573
f 2328/1695/574 2329/1696/574 2330/1697/575
f 2331/1698/575 2330/1697/575 2329/1696/574
f 2330/1697/575 2331/1698/575 2332/1699/576
f 2333/1700/576 2332/1699/576 2331/1698/575
f 2332/1699/576 2333/1700/576 2334/1701/569
f 2335/1702/577 2334/1701/569 2333/1700/576
f 2338/1703/578 2337/1704/281 2336/1705/276
f 2339/1706/579 2336/1705/276 2337/1704/281
f 2342/1707/580 2341/1708/581 2340/1709/582
f 2343/1710/582 2340/1709/582 2341/1708/581
f 2340/1709/582 2343/1710/582 2344/1711/583
f 2345/1712/583 2344/1711/583 2343/1710/582
f 2344/1711/583 2345/1712/583 2346/1713/584
f 2347/1714/584 2346/1713/584 2345/1712/583
f 2346/1713/584 2347/1714/584 2348/1715/585
f 2349/1716/585 2348/1715/585 2347/1714/584
f 2348/1715/585 2349/1716/585 2350/1717/586
f 2351/1718/586 2350/1717/586 2349/1716/585
f 2350/1717/586 2351/1718/586 2352/1719/587
f 2353/1720/588 2352/1719/587 2351/1718/586
f 2352/1719/587 2353/1720/588 2354/1721/589
f 2355/1722/589 2354/1721/589 2353/1720/588
f 2355/1722/589 2356/1723/581 2354/1721/589
f 2357/1724/590 2354/1721/589 2356/1723/581
f 2360/1725/591 2359/1726/592 2358/1727/593
f 2361/1728/592 2358/1727/593 2359/1726/592
f 2364/1408/541 2363/1407/541 2362/1729/594
f 2365/1730/594 2362/1729/594 2363/1407/541
f 2368/1403/595 2367/1405/596 2366/1731/18
f 2369/1732/18 2366/1731/18 2367/1405/596
f 2372/1411/546 2371/1413/546 2370/1733/597
f 2373/1734/597 2370/1733/597 2371/1413/546
f 2376/11/299 2375/12/299 2374/1735/598
f 2377/1736/598 2374/1735/598 2375/12/299
f 2380/1737/599 2379/1738/599 2378/1739/22
f 2381/1740/22 2378/1739/22 2379/1738/599
f 2378/1739/22 2381/1740/22 2382/1741/600
f 2383/1742/600 2382/1741/600 2381/1740/22
f 2386/1743/601 2385/1744/602 2384/1745/12
f 2387/1746/12 2384/1745/12 2385/1744/602
f 2384/1745/12 2387/1746/12 2388/1747/603
f 2389/1748/603 2388/1747/603 2387/1746/12
f 2392/1749/604 2391/1750/604 2390/1751/32
f 2393/1752/32 2390/1751/32 2391/1750/604
f 2390/1751/32 2393/1752/32 2394/1753/605
f 2395/1754/605 2394/1753/605 2393/1752/32
f 2398/1755/606 2397/1756/607 2396/1757/9
f 2399/1758/9 2396/1757/9 2397/1756/607
f 2396/1757/9 2399/1758/9 2400/1759/608
f 2401/1760/608 2400/1759/608 2399/1758/9
f 2404/1761/599 2403/1762/599 2402/1763/22
f 2405/1764/22 2402/1763/22 2403/1762/599
f 2402/1763/22 2405/1764/22 2406/1765/600
f 2407/1766/600 2406/1765/600 2405/1764/22
f 2410/1767/601 2409/1768/601 2408/1769/12
f 2411/1770/12 2408/1769/12 2409/1768/601
f 2408/1769/12 2411/1770/12 2412/1771/603
f 2413/1772/603 2412/1771/603 2411/1770/12
f 2416/1773/604 2415/1774/604 2414/1775/32
f 2417/1776/32 2414/1775/32 2415/1774/604
f 2414/1775/32 2417/1776/32 2418/1777/605
f 2419/1778/605 2418/1777/605 2417/1776/32
f 2422/1779/606 2421/1780/606 2420/1781/9
f 2423/1782/9 2420/1781/9 2421/1780/606
f 2420/1781/9 2423/1782/9 2424/1783/608
f 2425/1784/608 2424/1783/608 2423/1782/9
f 2428/1785/167 2427/1786/167 2426/1787/167
f 2427/1786/167 2429/1788/167 2426/1787/167
f 2426/1787/167 2429/1788/167 2430/1789/167
f 2431/1790/167 2429/1788/167 2427/1786/167
f 2432/1791/167 2431/1790/167 2427/1786/167
f 2433/1792/167 2429/1788/167 2431/1790/167
f 2436/1793/609 2435/1794/609 2434/1795/609
f 2437/1796/609 2434/1795/609 2435/1794/609
f 2440/1797/12 2439/1798/12 2438/1799/12
f 2441/1800/12 2438/1799/12 2439/1798/12
f 2444/1801/29 2443/1802/29 2442/1803/29
f 2445/1804/29 2442/1803/29 2443/1802/29
f 2448/1805/9 2447/1806/9 2446/1807/9
f 2449/1808/9 2446/1807/9 2447/1806/9
f 2452/1809/22 2451/1810/22 2450/1811/22
f 2453/1812/22 2450/1811/22 2451/1810/22
f 2456/1813/9 2455/1814/9 2454/1815/9
f 2457/1816/9 2454/1815/9 2455/1814/9
f 2460/1817/29 2459/1818/29 2458/1819/29
f 2461/1820/29 2458/1819/29 2459/1818/29
f 2464/1821/12 2463/1822/12 2462/1823/12
f 2465/1824/12 2462/1823/12 2463/1822/12
f 2468/1825/32 2467/1826/32 2466/1827/32
f 2469/1828/32 2466/1827/32 2467/1826/32
f 2472/1829/610 2471/1830/611 2470/1831/612
f 2473/1832/613 2470/1831/612 2471/1830/611
f 2471/1830/611 2474/1833/614 2473/1832/613
f 2470/1831/612 2473/1832/613 2475/1834/615
f 2476/1835/616 2473/1832/613 2474/1833/614
f 2477/1836/617 2475/1834/615 2473/1832/613
f 2473/1832/613 2476/1835/616 2477/1836/617
f 2475/1834/615 2477/1836/617 2478/1837/618
f 2479/1838/619 2477/1836/617 2476/1835/616
f 2480/1839/620 2478/1837/618 2477/1836/617
f 2477/1836/617 2479/1838/619 2480/1839/620
f 2481/1840/621 2480/1839/620 2479/1838/619
f 2484/1841/622 2483/1842/623 2482/1843/624
f 2485/1844/625 2482/1843/624 2483/1842/623
f 2483/1842/623 2486/1845/626 2485/1844/625
f 2487/1846/627 2485/1844/625 2486/1845/626
f 2482/1843/624 2485/1844/625 2488/1847/628
f 2487/1846/627 2489/1848/629 2485/1844/625
f 2490/1849/630 2488/1847/628 2485/1844/625
f 2490/1849/630 2485/1844/625 2489/1848/629
f 2488/1847/628 2490/1849/630 2491/1850/631
f 2492/1851/632 2491/1850/631 2490/1849/630
f 2490/1849/630 2489/1848/629 2492/1851/632
f 2493/1852/633 2492/1851/632 2489/1848/629
f 2496/1853/634 2495/1854/635 2494/1855/636
f 2497/1856/637 2494/1855/636 2495/1854/635
f 2495/1854/635 2498/1857/638 2497/1856/637
f 2494/1855/636 2497/1856/637 2499/1858/639
f 2500/1859/640 2497/1856/637 2498/1857/638
f 2501/1860/641 2499/1858/639 2497/1856/637
f 2497/1856/637 2500/1859/640 2501/1860/641
f 2499/1858/639 2501/1860/641 2502/1861/642
f 2503/1862/643 2501/1860/641 2500/1859/640
f 2504/1863/644 2502/1861/642 2501/1860/641
f 2501/1860/641 2503/1862/643 2504/1863/644
f 2505/1864/645 2504/1863/644 2503/1862/643
f 2508/1865/646 2507/1866/647 2506/1867/648
f 2509/1868/649 2506/1867/648 2507/1866/647
f 2507/1866/647 2510/1869/650 2509/1868/649
f 2506/1867/648 2509/1868/649 2511/1870/651
f 2512/1871/652 2509/1868/649 2510/1869/650
f 2513/1872/653 2511/1870/651 2509/1868/649
f 2509/1868/649 2512/1871/652 2513/1872/653
f 2511/1870/651 2513/1872/653 2514/1873/654
f 2515/1874/655 2513/1872/653 2512/1871/652
f 2516/1875/656 2514/1873/654 2513/1872/653
f 2513/1872/653 2515/1874/655 2516/1875/656
f 2517/1876/657 2516/1875/656 2515/1874/655
f 2520/1877/658 2519/1878/659 2518/1879/660
f 2521/1880/661 2518/1879/660 2519/1878/659
f 2519/1878/659 2522/1881/662 2521/1880/661
f 2523/1882/663 2521/1880/661 2522/1881/662
f 2521/1880/661 2524/1883/664 2518/1879/660
f 2521/1880/661 2523/1882/663 2524/1883/664
f 2525/1884/665 2518/1879/660 2524/1883/664
f 2525/1884/665 2524/1883/664 2526/1885/666
f 2527/1886/667 2524/1883/664 2523/1882/663
f 2528/1887/668 2526/1885/666 2524/1883/664
f 2524/1883/664 2527/1886/667 2528/1887/668
f 2529/1888/669 2528/1887/668 2527/1886/667
f 2532/1889/670 2531/1890/671 2530/1891/672
f 2533/1892/673 2530/1891/672 2531/1890/671
f 2531/1890/671 2534/1893/657 2533/1892/673
f 2535/1894/674 2533/1892/673 2534/1893/657
f 2533/1892/673 2536/1895/675 2530/1891/672
f 2533/1892/673 2535/1894/674 2536/1895/675
f 2537/1896/676 2530/1891/672 2536/1895/675
f 2537/1896/676 2536/1895/675 2538/1897/677
f 2539/1898/678 2536/1895/675 2535/1894/674
f 2540/1899/679 2538/1897/677 2536/1895/675
f 2536/1895/675 2539/1898/678 2540/1899/679
f 2541/1900/680 2540/1899/679 2539/1898/678
f 2544/1901/681 2543/1902/682 2542/1903/683
f 2545/1904/684 2542/1903/683 2543/1902/682
f 2543/1902/682 2546/1905/685 2545/1904/684
f 2542/1903/683 2545/1904/684 2547/1906/686
f 2548/1907/687 2545/1904/684 2546/1905/685
f 2549/1908/688 2547/1906/686 2545/1904/684
f 2545/1904/684 2548/1907/687 2549/1908/688
f 2547/1906/686 2549/1908/688 2550/1909/689
f 2551/1910/690 2549/1908/688 2548/1907/687
f 2552/1911/691 2550/1909/689 2549/1908/688
f 2549/1908/688 2551/1910/690 2552/1911/691
f 2553/1912/692 2552/1911/691 2551/1910/690
f 2556/1913/693 2555/1914/694 2554/1915/695
f 2557/1916/696 2554/1915/695 2555/1914/694
f 2555/1914/694 2558/1917/697 2557/1916/696
f 2554/1915/695 2557/1916/696 2559/1918/698
f 2560/1919/699 2557/1916/696 2558/1917/697
f 2561/1920/700 2559/1918/698 2557/1916/696
f 2557/1916/696 2560/1919/699 2561/1920/700
f 2559/1918/698 2561/1920/700 2562/1921/701
f 2563/1922/702 2561/1920/700 2560/1919/699
f 2564/1923/703 2562/1921/701 2561/1920/700
f 2561/1920/700 2563/1922/702 2564/1923/703
f 2565/1924/618 2564/1923/703 2563/1922/702
f 2568/1925/704 2567/1926/704 2566/1927/704
f 2569/1928/704 2566/1927/704 2567/1926/704
f 2567/1926/704 2570/1929/704 2569/1928/704
f 2571/1930/704 2569/1928/704 2570/1929/704
f 2570/1929/704 2572/1931/704 2571/1930/704
f 2573/1932/704 2571/1930/704 2572/1931/704
f 2572/1931/704 2574/1933/704 2573/1932/704
f 2575/1934/704 2573/1932/704 2574/1933/704
f 2574/1933/704 2576/1935/704 2575/1934/704
f 2577/1936/704 2575/1934/704 2576/1935/704
f 2580/1937/705 2579/1938/705 2578/1939/705
f 2581/1940/705 2578/1939/705 2579/1938/705
f 2581/1940/705 2582/1941/705 2578/1939/705
f 2583/1942/705 2578/1939/705 2582/1941/705
f 2582/1941/705 2584/1943/705 2583/1942/705
f 2585/1944/705 2583/1942/705 2584/1943/705
f 2584/1943/705 2586/1945/705 2585/1944/705
f 2587/1946/705 2585/1944/705 2586/1945/705
f 2586/1945/705 2588/1947/705 2587/1946/705
f 2589/1948/705 2587/1946/705 2588/1947/705
f 2592/1949/22 2591/1950/22 2590/1951/22
f 2593/1952/22 2590/1951/22 2591/1950/22
f 2596/1953/9 2595/1954/9 2594/1955/9
f 2597/1956/27 2594/1955/9 2595/1954/9
f 2600/1957/167 2599/1958/167 2598/1959/167
f 2601/1960/167 2598/1959/167 2599/1958/167
f 2604/1961/12 2603/1962/12 2602/1963/12
f 2605/1964/12 2602/1963/12 2603/1962/12
f 2608/1965/29 2607/1966/29 2606/1967/29
f 2609/1968/29 2606/1967/29 2607/1966/29
f 2612/1969/22 2611/1970/22 2610/1971/22
f 2613/1972/22 2610/1971/22 2611/1970/22
f 2616/1953/27 2615/1954/9 2614/1955/9
f 2617/1956/9 2614/1955/9 2615/1954/9
f 2620/1973/167 2619/1974/167 2618/1975/167
f 2621/1976/167 2618/1975/167 2619/1974/167
f 2624/1961/12 2623/1962/12 2622/1963/12
f 2625/1964/12 2622/1963/12 2623/1962/12
f 2628/1977/29 2627/1978/29 2626/1979/29
f 2629/1980/29 2626/1979/29 2627/1978/29
f 2632/1981/274 2631/1982/274 2630/1983/274
f 2633/1984/274 2630/1983/274 2631/1982/274
f 2636/1985/12 2635/1986/12 2634/1987/12
f 2637/1988/12 2634/1987/12 2635/1986/12
f 2640/1989/275 2639/1990/275 2638/1991/275
f 2641/1992/275 2638/1991/275 2639/1990/275
f 2644/1993/9 2643/1994/9 2642/1995/9
f 2645/1996/9 2642/1995/9 2643/1994/9
f 2648/1997/22 2647/1998/706 2646/1999/22
f 2649/2000/706 2646/1999/22 2647/1998/706
f 2649/2000/706 2647/1998/706 2650/2001/707
f 2651/2002/707 2650/2001/707 2647/1998/706
f 2650/2001/707 2651/2002/707 2652/2003/708
f 2653/2004/708 2652/2003/708 2651/2002/707
f 2656/2005/12 2655/2006/12 2654/2007/12
f 2655/2006/12 2657/2008/12 2654/2007/12
f 2654/2007/12 2657/2008/12 2658/2009/12
f 2657/2008/12 2659/2010/12 2658/2009/12
f 2662/2011/9 2661/2012/9 2660/2013/9
f 2661/2012/9 2663/2014/9 2660/2013/9
f 2664/2015/9 2663/2014/9 2661/2012/9
f 2665/2016/9 2664/2015/9 2661/2012/9
f 2668/2017/709 2667/2018/710 2666/2019/711
f 2669/2020/711 2666/2019/711 2667/2018/710
f 2672/2021/712 2671/2022/712 2670/2023/712
f 2673/2024/712 2670/2023/712 2671/2022/712
f 2676/2025/9 2675/2026/9 2674/2027/9
f 2677/2028/9 2674/2027/9 2675/2026/9
f 2680/2029/713 2679/2030/713 2678/2031/713
f 2681/2032/713 2678/2031/713 2679/2030/713
f 2684/2033/12 2683/2034/12 2682/2035/12
f 2685/2036/12 2682/2035/12 2683/2034/12
f 2688/2037/714 2687/2038/714 2686/2039/714
f 2689/2040/714 2686/2039/714 2687/2038/714
f 2692/2041/712 2691/2042/712 2690/2043/712
f 2693/2044/712 2690/2043/712 2691/2042/712
f 2696/2025/9 2695/2026/9 2694/2027/9
f 2697/2028/9 2694/2027/9 2695/2026/9
f 2700/2045/713 2699/2046/713 2698/2047/713
f 2701/2048/713 2698/2047/713 2699/2046/713
f 2704/2033/12 2703/2034/12 2702/2035/12
f 2705/2036/12 2702/2035/12 2703/2034/12
f 2708/2049/714 2707/2050/714 2706/2051/714
f 2709/2052/714 2706/2051/714 2707/2050/714
f 2712/2053/22 2711/2054/22 2710/2055/22
f 2713/2056/22 2710/2055/22 2711/2054/22
f 2716/2057/9 2715/2058/9 2714/2059/9
f 2717/2060/9 2714/2059/9 2715/2058/9
f 2720/2061/29 2719/2062/29 2718/2063/29
f 2721/2064/29 2718/2063/29 2719/2062/29
f 2724/2065/12 2723/2066/12 2722/2067/12
f 2725/2068/12 2722/2067/12 2723/2066/12
f 2728/2069/32 2727/2070/32 2726/2071/32
f 2729/2072/32 2726/2071/32 2727/2070/32
f 2732/1750/604 2731/1752/32 2730/1749/604
f 2733/1751/32 2730/1749/604 2731/1752/32
f 2731/1752/32 2734/1754/605 2733/1751/32
f 2735/1753/605 2733/1751/32 2734/1754/605
f 2738/2073/603 2737/2074/12 2736/2075/603
f 2739/2076/12 2736/2075/603 2737/2074/12
f 2737/2074/12 2740/2077/601 2739/2076/12
f 2741/2078/601 2739/2076/12 2740/2077/601
f 2744/1738/599 2743/1740/22 2742/1737/599
f 2745/1739/22 2742/1737/599 2743/1740/22
f 2743/1740/22 2746/1742/600 2745/1739/22
f 2747/1741/600 2745/1739/22 2746/1742/600
f 2750/2079/608 2749/2080/9 2748/2081/608
f 2751/2082/9 2748/2081/608 2749/2080/9
f 2749/2080/9 2752/2083/606 2751/2082/9
f 2753/2084/606 2751/2082/9 2752/2083/606
f 2756/1774/604 2755/1776/32 2754/1773/604
f 2757/1775/32 2754/1773/604 2755/1776/32
f 2755/1776/32 2758/1778/605 2757/1775/32
f 2759/1777/605 2757/1775/32 2758/1778/605
f 2762/2085/603 2761/2086/12 2760/2087/603
f 2763/2088/12 2760/2087/603 2761/2086/12
f 2761/2086/12 2764/2089/601 2763/2088/12
f 2765/2090/601 2763/2088/12 2764/2089/601
f 2768/1762/599 2767/1764/22 2766/1761/599
f 2769/1763/22 2766/1761/599 2767/1764/22
f 2767/1764/22 2770/1766/600 2769/1763/22
f 2771/1765/600 2769/1763/22 2770/1766/600
f 2774/2091/608 2773/2092/9 2772/2093/608
f 2775/2094/9 2772/2093/608 2773/2092/9
f 2773/2092/9 2776/2095/606 2775/2094/9
f 2777/2096/606 2775/2094/9 2776/2095/606
f 2780/2097/167 2779/2098/167 2778/2099/167
f 2779/2098/167 2781/2100/167 2778/2099/167
f 2782/2101/167 2781/2100/167 2779/2098/167
f 2781/2100/167 2783/2102/167 2778/2099/167
f 2778/2099/167 2783/2102/167 2784/2103/167
f 2785/2104/167 2783/2102/167 2781/2100/167
f 2788/1828/32 2787/1827/32 2786/1826/32
f 2789/1825/32 2786/1826/32 2787/1827/32
f 2792/2105/9 2791/2106/9 2790/2107/9
f 2793/2108/9 2790/2107/9 2791/2106/9
f 2796/2109/29 2795/2110/29 2794/2111/29
f 2797/2112/29 2794/2111/29 2795/2110/29
f 2800/2113/12 2799/2114/12 2798/2115/12
f 2801/2116/12 2798/2115/12 2799/2114/12
f 2804/1812/22 2803/1811/22 2802/1810/22
f 2805/1809/22 2802/1810/22 2803/1811/22
f 2808/2117/715 2807/2118/716 2806/2119/717
f 2809/2120/617 2806/2119/717 2807/2118/716
f 2806/2119/717 2809/2120/617 2810/2121/718
f 2807/2118/716 2811/2122/719 2809/2120/617
f 2812/2123/720 2810/2121/718 2809/2120/617
f 2813/2124/613 2809/2120/617 2811/2122/719
f 2809/2120/617 2813/2124/613 2812/2123/720
f 2811/2122/719 2814/2125/721 2813/2124/613
f 2815/2126/722 2812/2123/720 2813/2124/613
f 2816/2127/723 2813/2124/613 2814/2125/721
f 2813/2124/613 2816/2127/723 2815/2126/722
f 2817/2128/724 2815/2126/722 2816/2127/723
f 2820/2129/725 2819/2130/726 2818/2131/727
f 2821/2132/728 2818/2131/727 2819/2130/726
f 2818/2131/727 2821/2132/728 2822/2133/729
f 2823/2134/730 2822/2133/729 2821/2132/728
f 2819/2130/726 2824/2135/731 2821/2132/728
f 2823/2134/730 2821/2132/728 2825/2136/732
f 2826/2137/733 2821/2132/728 2824/2135/731
f 2826/2137/733 2825/2136/732 2821/2132/728
f 2824/2135/731 2827/2138/638 2826/2137/733
f 2828/2139/734 2826/2137/733 2827/2138/638
f 2826/2137/733 2828/2139/734 2825/2136/732
f 2829/2140/735 2825/2136/732 2828/2139/734
f 2832/1909/736 2831/1906/737 2830/1911/738
f 2833/1908/739 2830/1911/738 2831/1906/737
f 2830/1911/738 2833/1908/739 2834/1912/740
f 2831/1906/737 2835/2141/741 2833/1908/739
f 2836/1910/742 2834/1912/740 2833/1908/739
f 2837/1904/743 2833/1908/739 2835/2141/741
f 2833/1908/739 2837/1904/743 2836/1910/742
f 2835/2141/741 2838/1901/744 2837/1904/743
f 2839/1907/745 2836/1910/742 2837/1904/743
f 2840/1902/746 2837/1904/743 2838/1901/744
f 2837/1904/743 2840/1902/746 2839/1907/745
f 2841/2142/747 2839/1907/745 2840/1902/746
f 2844/1921/748 2843/1918/698 2842/1923/749
f 2845/1920/750 2842/1923/749 2843/1918/698
f 2842/1923/749 2845/1920/750 2846/1924/751
f 2843/1918/698 2847/1915/695 2845/1920/750
f 2848/1922/752 2846/1924/751 2845/1920/750
f 2849/1916/753 2845/1920/750 2847/1915/695
f 2845/1920/750 2849/1916/753 2848/1922/752
f 2847/1915/695 2850/1913/693 2849/1916/753
f 2851/1919/754 2848/1922/752 2849/1916/753
f 2852/1914/755 2849/1916/753 2850/1913/693
f 2849/1916/753 2852/1914/755 2851/1919/754
f 2853/1917/756 2851/1919/754 2852/1914/755
f 2856/2143/757 2855/2144/758 2854/2145/759
f 2857/2146/760 2854/2145/759 2855/2144/758
f 2854/2145/759 2857/2146/760 2858/2147/761
f 2859/2148/762 2858/2147/761 2857/2146/760
f 2857/2146/760 2855/2144/758 2860/2149/763
f 2857/2146/760 2860/2149/763 2859/2148/762
f 2861/2150/660 2860/2149/763 2855/2144/758
f 2861/2150/660 2862/2151/764 2860/2149/763
f 2863/2152/765 2859/2148/762 2860/2149/763
f 2864/2153/766 2860/2149/763 2862/2151/764
f 2860/2149/763 2864/2153/766 2863/2152/765
f 2865/2154/767 2863/2152/765 2864/2153/766
f 2868/2155/768 2867/2156/676 2866/2157/769
f 2869/2158/675 2866/2157/769 2867/2156/676
f 2866/2157/769 2869/2158/675 2870/2159/756
f 2871/2160/678 2870/2159/756 2869/2158/675
f 2869/2158/675 2867/2156/676 2872/2161/673
f 2869/2158/675 2872/2161/673 2871/2160/678
f 2873/2162/672 2872/2161/673 2867/2156/676
f 2873/2162/672 2874/2163/770 2872/2161/673
f 2875/2164/674 2871/2160/678 2872/2161/673
f 2876/2165/771 2872/2161/673 2874/2163/770
f 2872/2161/673 2876/2165/771 2875/2164/674
f 2877/2166/772 2875/2164/674 2876/2165/771
f 2880/1861/773 2879/2167/774 2878/1863/775
f 2881/1860/776 2878/1863/775 2879/2167/774
f 2878/1863/775 2881/1860/776 2882/2168/777
f 2879/2167/774 2883/1855/778 2881/1860/776
f 2884/1862/779 2882/2168/777 2881/1860/776
f 2885/1856/780 2881/1860/776 2883/1855/778
f 2881/1860/776 2885/1856/780 2884/1862/779
f 2883/1855/778 2886/1853/781 2885/1856/780
f 2887/1859/782 2884/1862/779 2885/1856/780
f 2888/1854/783 2885/1856/780 2886/1853/781
f 2885/1856/780 2888/1854/783 2887/1859/782
f 2889/1857/784 2887/1859/782 2888/1854/783
f 2892/1873/654 2891/1870/651 2890/1875/785
f 2893/1872/786 2890/1875/785 2891/1870/651
f 2890/1875/785 2893/1872/786 2894/1876/787
f 2891/1870/651 2895/1867/648 2893/1872/786
f 2896/1874/788 2894/1876/787 2893/1872/786
f 2897/1868/789 2893/1872/786 2895/1867/648
f 2893/1872/786 2897/1868/789 2896/1874/788
f 2895/1867/648 2898/1865/790 2897/1868/789
f 2899/1871/791 2896/1874/788 2897/1868/789
f 2900/1866/792 2897/1868/789 2898/1865/790
f 2897/1868/789 2900/1866/792 2899/1871/791
f 2901/1869/721 2899/1871/791 2900/1866/792
f 2904/2169/704 2903/2170/704 2902/2171/704
f 2905/2172/704 2902/2171/704 2903/2170/704
f 2902/2171/704 2905/2172/704 2906/2173/704
f 2907/2174/704 2906/2173/704 2905/2172/704
f 2906/2173/704 2907/2174/704 2908/2175/704
f 2909/2176/704 2908/2175/704 2907/2174/704
f 2908/2175/704 2909/2176/704 2910/2177/704
f 2911/2178/704 2910/2177/704 2909/2176/704
f 2910/2177/704 2911/2178/704 2912/2179/704
f 2913/2180/704 2912/2179/704 2911/2178/704
f 2916/2181/705 2915/2182/705 2914/2183/705
f 2917/2184/705 2914/2183/705 2915/2182/705
f 2917/2184/705 2915/2182/705 2918/2185/705
f 2919/2186/705 2918/2185/705 2915/2182/705
f 2918/2185/705 2919/2186/705 2920/2187/705
f 2921/2188/705 2920/2187/705 2919/2186/705
f 2920/2187/705 2921/2188/705 2922/2189/705
f 2923/2190/705 2922/2189/705 2921/2188/705
f 2922/2189/705 2923/2190/705 2924/2191/705
f 2925/2192/705 2924/2191/705 2923/2190/705
f 2928/2193/32 2927/2194/32 2926/2195/32
f 2929/2196/32 2926/2195/32 2927/2194/32
f 2932/2197/307 2931/2198/9 2930/2199/9
f 2933/2200/9 2930/2199/9 2931/2198/9
f 2936/2201/167 2935/2202/167 2934/2203/167
f 2937/2204/167 2934/2203/167 2935/2202/167
f 2940/2205/12 2939/2206/12 2938/2207/12
f 2941/2208/12 2938/2207/12 2939/2206/12
f 2944/2209/29 2943/2210/29 2942/2211/29
f 2945/2212/29 2942/2211/29 2943/2210/29
f 2948/2213/32 2947/2214/32 2946/2215/32
f 2949/2216/32 2946/2215/32 2947/2214/32
f 2952/2197/307 2951/2198/9 2950/2199/9
f 2953/2200/9 2950/2199/9 2951/2198/9
f 2956/2217/167 2955/2218/167 2954/2219/167
f 2957/2220/167 2954/2219/167 2955/2218/167
f 2960/2205/12 2959/2206/12 2958/2207/12
f 2961/2208/12 2958/2207/12 2959/2206/12
f 2964/2221/29 2963/2222/29 2962/2223/29
f 2965/2224/29 2962/2223/29 2963/2222/29
f 2968/2225/467 2967/2226/467 2966/2227/467
f 2969/2228/467 2966/2227/467 2967/2226/467
f 2972/2229/12 2971/2230/12 2970/2231/12
f 2973/2232/12 2970/2231/12 2971/2230/12
f 2976/2233/468 2975/2234/468 2974/2235/468
f 2977/2236/468 2974/2235/468 2975/2234/468
f 2980/2237/9 2979/2238/9 2978/2239/9
f 2981/2240/9 2978/2239/9 2979/2238/9
f 2984/2241/32 2983/2242/32 2982/2243/793
f 2985/2244/793 2982/2243/793 2983/2242/32
f 2985/2244/793 2986/2245/794 2982/2243/793
f 2987/2246/794 2982/2243/793 2986/2245/794
f 2986/2245/794 2988/2247/795 2987/2246/794
f 2989/2248/796 2987/2246/794 2988/2247/795
f 2992/2249/12 2991/2250/12 2990/2251/12
f 2991/2250/12 2993/2252/12 2990/2251/12
f 2994/2253/12 2993/2252/12 2991/2250/12
f 2995/2254/12 2993/2252/12 2994/2253/12
f 2998/2255/9 2997/2256/9 2996/2257/9
f 2996/2257/9 2997/2256/9 2999/2258/9
f 2999/2258/9 2997/2256/9 3000/2259/9
f 2997/2256/9 3001/2260/9 3000/2259/9
f 3004/2261/797 3003/2262/798 3002/2263/797
f 3005/2264/798 3002/2263/797 3003/2262/798
f 3008/2265/799 3007/2266/799 3006/2267/799
f 3009/2268/799 3006/2267/799 3007/2266/799
f 3012/2269/9 3011/2270/9 3010/2271/9
f 3013/2272/9 3010/2271/9 3011/2270/9
f 3016/2273/800 3015/2274/800 3014/2037/800
f 3017/2039/800 3014/2037/800 3015/2274/800
f 3020/2275/12 3019/2276/12 3018/2277/12
f 3021/2278/12 3018/2277/12 3019/2276/12
f 3024/2279/801 3023/2280/801 3022/2029/801
f 3025/2031/801 3022/2029/801 3023/2280/801
f 3028/2281/799 3027/2282/799 3026/2283/799
f 3029/2284/799 3026/2283/799 3027/2282/799
f 3032/2269/9 3031/2270/9 3030/2271/9
f 3033/2272/9 3030/2271/9 3031/2270/9
f 3036/2285/800 3035/2286/800 3034/2049/800
f 3037/2051/800 3034/2049/800 3035/2286/800
f 3040/2287/12 3039/2276/12 3038/2277/12
f 3041/2278/12 3038/2277/12 3039/2276/12
f 3044/2288/801 3043/2289/801 3042/2045/801
f 3045/2047/801 3042/2045/801 3043/2289/801
f 3048/2072/32 3047/2071/32 3046/2070/32
f 3049/2069/32 3046/2070/32 3047/2071/32
f 3052/2290/9 3051/2291/9 3050/2292/9
f 3053/2293/9 3050/2292/9 3051/2291/9
f 3056/2294/29 3055/2295/29 3054/2296/29
f 3057/2297/29 3054/2296/29 3055/2295/29
f 3060/2298/12 3059/2299/12 3058/2300/12
f 3061/2301/12 3058/2300/12 3059/2299/12
f 3064/2056/22 3063/2055/22 3062/2054/22
f 3065/2053/22 3062/2054/22 3063/2055/22
f 3068/2302/599 3067/2303/599 3066/2304/22
f 3069/2305/22 3066/2304/22 3067/2303/599
f 3066/2304/22 3069/2305/22 3070/2306/600
f 3071/2307/600 3070/2306/600 3069/2305/22
f 3074/2308/601 3073/2309/601 3072/2310/12
f 3075/2311/12 3072/2310/12 3073/2309/601
f 3072/2310/12 3075/2311/12 3076/2312/802
f 3077/2313/603 3076/2312/802 3075/2311/12
f 3080/2314/604 3079/2315/604 3078/2316/32
f 3081/2317/32 3078/2316/32 3079/2315/604
f 3078/2316/32 3081/2317/32 3082/2318/605
f 3083/2319/605 3082/2318/605 3081/2317/32
f 3086/2320/606 3085/2321/803 3084/2322/9
f 3087/2323/9 3084/2322/9 3085/2321/803
f 3084/2322/9 3087/2323/9 3088/2324/608
f 3089/2325/608 3088/2324/608 3087/2323/9
f 3092/2326/599 3091/2327/599 3090/2328/22
f 3093/2329/22 3090/2328/22 3091/2327/599
f 3090/2328/22 3093/2329/22 3094/2330/600
f 3095/2331/600 3094/2330/600 3093/2329/22
f 3098/2332/601 3097/2333/601 3096/2334/12
f 3099/2335/12 3096/2334/12 3097/2333/601
f 3096/2334/12 3099/2335/12 3100/2336/603
f 3101/2337/603 3100/2336/603 3099/2335/12
f 3104/2338/604 3103/2339/604 3102/2340/32
f 3105/2341/32 3102/2340/32 3103/2339/604
f 3102/2340/32 3105/2341/32 3106/2342/804
f 3107/2343/605 3106/2342/804 3105/2341/32
f 3110/2344/606 3109/2345/606 3108/2346/9
f 3111/2347/9 3108/2346/9 3109/2345/606
f 3108/2346/9 3111/2347/9 3112/2348/608
f 3113/2349/608 3112/2348/608 3111/2347/9
f 3116/2350/167 3115/2351/167 3114/2352/167
f 3115/2351/167 3117/2353/167 3114/2352/167
f 3114/2352/167 3117/2353/167 3118/2354/167
f 3119/2355/167 3117/2353/167 3115/2351/167
f 3120/2356/167 3119/2355/167 3115/2351/167
f 3121/2357/167 3117/2353/167 3119/2355/167
f 3124/2358/22 3123/2359/706 3122/2360/22
f 3125/2361/706 3122/2360/22 3123/2359/706
f 3125/2361/706 3123/2359/706 3126/2362/707
f 3127/2363/707 3126/2362/707 3123/2359/706
f 3126/2362/707 3127/2363/707 3128/2364/708
f 3129/2365/708 3128/2364/708 3127/2363/707
f 3132/2366/12 3131/2367/12 3130/2368/12
f 3131/2367/12 3133/2369/12 3130/2368/12
f 3130/2368/12 3133/2369/12 3134/2370/12
f 3133/2369/12 3135/2371/12 3134/2370/12
f 3138/2372/9 3137/2373/9 3136/2374/9
f 3137/2373/9 3139/2375/9 3136/2374/9
f 3140/2376/9 3139/2375/9 3137/2373/9
f 3141/2377/9 3140/2376/9 3137/2373/9
f 3144/2378/709 3143/2379/709 3142/2380/711
f 3145/2381/711 3142/2380/711 3143/2379/709
f 3148/2382/22 3147/2383/22 3146/2384/22
f 3149/2385/22 3146/2384/22 3147/2383/22
f 3152/2386/9 3151/2387/9 3150/2388/9
f 3153/2389/9 3150/2388/9 3151/2387/9
f 3156/2390/29 3155/2391/29 3154/2392/29
f 3157/2393/29 3154/2392/29 3155/2391/29
f 3160/2394/12 3159/2395/12 3158/2396/12
f 3161/2397/12 3158/2396/12 3159/2395/12
f 3164/2398/32 3163/2399/32 3162/2400/32
f 3165/2401/32 3162/2400/32 3163/2399/32
f 3168/2315/604 3167/2317/32 3166/2314/604
f 3169/2316/32 3166/2314/604 3167/2317/32
f 3167/2317/32 3170/2319/605 3169/2316/32
f 3171/2318/605 3169/2316/32 3170/2319/605
f 3174/2402/603 3173/2403/12 3172/2404/603
f 3175/2405/12 3172/2404/603 3173/2403/12
f 3173/2403/12 3176/2406/601 3175/2405/12
f 3177/2407/601 3175/2405/12 3176/2406/601
f 3180/2303/599 3179/2305/22 3178/2302/599
f 3181/2304/22 3178/2302/599 3179/2305/22
f 3179/2305/22 3182/2307/600 3181/2304/22
f 3183/2306/600 3181/2304/22 3182/2307/600
f 3186/2408/608 3185/2409/9 3184/2410/608
f 3187/2411/9 3184/2410/608 3185/2409/9
f 3185/2409/9 3188/2412/606 3187/2411/9
f 3189/2413/606 3187/2411/9 3188/2412/606
f 3192/2339/604 3191/2341/32 3190/2414/604
f 3193/2415/32 3190/2414/604 3191/2341/32
f 3191/2341/32 3194/2343/605 3193/2415/32
f 3195/2416/605 3193/2415/32 3194/2343/605
f 3198/2417/603 3197/2418/12 3196/2419/603
f 3199/2420/12 3196/2419/603 3197/2418/12
f 3197/2418/12 3200/2421/601 3199/2420/12
f 3201/2422/602 3199/2420/12 3200/2421/601
f 3204/2327/599 3203/2329/22 3202/2326/599
f 3205/2328/22 3202/2326/599 3203/2329/22
f 3203/2329/22 3206/2331/600 3205/2328/22
f 3207/2330/600 3205/2328/22 3206/2331/600
f 3210/2423/805 3209/2424/9 3208/2425/608
f 3211/2426/9 3208/2425/608 3209/2424/9
f 3209/2424/9 3212/2427/606 3211/2426/9
f 3213/2428/606 3211/2426/9 3212/2427/606
f 3216/2429/167 3215/2430/167 3214/2431/167
f 3215/2430/167 3217/2432/167 3214/2431/167
f 3218/2433/167 3217/2432/167 3215/2430/167
f 3217/2432/167 3219/2434/167 3214/2431/167
f 3214/2431/167 3219/2434/167 3220/2435/167
f 3221/2436/167 3219/2434/167 3217/2432/167
f 3224/2437/32 3223/2438/32 3222/2439/793
f 3225/2440/793 3222/2439/793 3223/2438/32
f 3225/2440/793 3226/2441/794 3222/2439/793
f 3227/2442/794 3222/2439/793 3226/2441/794
f 3226/2441/794 3228/2443/795 3227/2442/794
f 3229/2444/795 3227/2442/794 3228/2443/795
f 3232/2445/12 3231/2446/12 3230/2447/12
f 3231/2446/12 3233/2448/12 3230/2447/12
f 3234/2449/12 3233/2448/12 3231/2446/12
f 3235/2450/12 3233/2448/12 3234/2449/12
f 3238/2451/9 3237/2452/9 3236/2453/9
f 3236/2453/9 3237/2452/9 3239/2454/9
f 3239/2454/9 3237/2452/9 3240/2455/9
f 3237/2452/9 3241/2456/9 3240/2455/9
f 3244/2457/797 3243/2458/798 3242/2459/797
f 3245/2460/798 3242/2459/797 3243/2458/798
f 3248/2401/32 3247/2400/32 3246/2399/32
f 3249/2398/32 3246/2399/32 3247/2400/32
f 3252/2461/9 3251/2462/9 3250/2463/9
f 3253/2464/9 3250/2463/9 3251/2462/9
f 3256/2465/29 3255/2466/29 3254/2467/29
f 3257/2468/29 3254/2467/29 3255/2466/29
f 3260/2469/12 3259/2470/12 3258/2471/12
f 3261/2472/12 3258/2471/12 3259/2470/12
f 3264/2385/22 3263/2384/22 3262/2383/22
f 3265/2382/22 3262/2383/22 3263/2384/22
f 3268/2473/22 3267/2474/22 3266/2475/22
f 3269/2476/22 3266/2475/22 3267/2474/22
f 3272/2477/9 3271/2478/9 3270/2479/9
f 3273/2480/9 3270/2479/9 3271/2478/9
f 3276/2481/29 3275/2482/29 3274/2483/29
f 3277/2484/29 3274/2483/29 3275/2482/29
f 3280/2485/12 3279/2486/12 3278/2487/12
f 3281/2488/12 3278/2487/12 3279/2486/12
f 3284/2489/32 3283/2490/32 3282/2491/32
f 3285/2492/32 3282/2491/32 3283/2490/32
f 3288/2492/32 3287/2491/32 3286/2490/32
f 3289/2489/32 3286/2490/32 3287/2491/32
f 3292/2493/9 3291/2494/9 3290/2495/9
f 3293/2496/9 3290/2495/9 3291/2494/9
f 3296/2497/29 3295/2498/29 3294/2499/29
f 3297/2500/29 3294/2499/29 3295/2498/29
f 3300/2501/12 3299/2502/12 3298/2503/12
f 3301/2504/12 3298/2503/12 3299/2502/12
f 3304/2476/22 3303/2475/22 3302/2474/22
f 3305/2473/22 3302/2474/22 3303/2475/22
f 3308/2505/806 3307/2506/806 3306/2507/806
f 3309/2508/806 3306/2507/806 3307/2506/806
f 3312/2509/9 3311/2510/9 3310/2511/9
f 3313/2512/9 3310/2511/9 3311/2510/9
f 3316/2513/22 3315/2514/22 3314/2515/22
f 3317/2516/22 3314/2515/22 3315/2514/22
f 3320/2517/12 3319/2518/12 3318/2519/12
f 3321/747/12 3318/2519/12 3319/2518/12
f 3324/2520/29 3323/2521/29 3322/2522/29
f 3325/2523/29 3322/2522/29 3323/2521/29
f 3328/2509/9 3327/2510/9 3326/2511/9
f 3329/2512/9 3326/2511/9 3327/2510/9
f 3332/2524/22 3331/2525/22 3330/2526/22
f 3333/2527/22 3330/2526/22 3331/2525/22
f 3336/2517/12 3335/2518/12 3334/2519/12
f 3337/747/12 3334/2519/12 3335/2518/12
f 3340/2528/29 3339/2529/29 3338/2530/29
f 3341/2531/29 3338/2530/29 3339/2529/29
f 3344/2532/9 3343/2533/9 3342/2534/9
f 3345/2535/9 3342/2534/9 3343/2533/9
f 3348/2536/32 3347/2537/32 3346/2538/32
f 3349/2539/32 3346/2538/32 3347/2537/32
f 3352/2540/12 3351/2541/12 3350/2542/12
f 3353/2543/12 3350/2542/12 3351/2541/12
f 3356/2544/29 3355/2545/29 3354/2546/29
f 3357/2547/29 3354/2546/29 3355/2545/29
f 3360/2532/9 3359/2533/9 3358/2534/9
f 3361/2535/9 3358/2534/9 3359/2533/9
f 3364/2548/32 3363/2549/32 3362/2550/32
f 3365/2551/32 3362/2550/32 3363/2549/32
f 3368/2540/12 3367/2541/12 3366/2542/12
f 3369/2543/12 3366/2542/12 3367/2541/12
f 3372/2552/29 3371/2553/29 3370/2554/29
f 3373/2555/29 3370/2554/29 3371/2553/29
f 3376/2556/22 3375/2557/22 3374/2558/22
f 3377/2559/22 3374/2558/22 3375/2557/22
f 3380/2386/9 3379/2387/9 3378/2388/9
f 3381/2389/9 3378/2388/9 3379/2387/9
f 3384/2560/29 3383/2561/29 3382/2562/29
f 3385/2563/29 3382/2562/29 3383/2561/29
f 3388/2394/12 3387/2395/12 3386/2396/12
f 3389/2397/12 3386/2396/12 3387/2395/12
f 3392/2564/32 3391/2565/32 3390/2566/32
f 3393/2567/32 3390/2566/32 3391/2565/32
f 3396/2567/32 3395/2566/32 3394/2565/32
f 3397/2564/32 3394/2565/32 3395/2566/32
f 3400/2461/9 3399/2462/9 3398/2463/9
f 3401/2464/9 3398/2463/9 3399/2462/9
f 3404/2568/29 3403/2569/29 3402/2570/29
f 3405/2571/29 3402/2570/29 3403/2569/29
f 3408/2469/12 3407/2470/12 3406/2471/12
f 3409/2472/12 3406/2471/12 3407/2470/12
f 3412/2559/22 3411/2558/22 3410/2557/22
f 3413/2556/22 3410/2557/22 3411/2558/22
f 3416/2572/12 3415/2573/12 3414/761/12
f 3417/2574/12 3414/761/12 3415/2573/12
f 3420/2575/9 3419/2576/9 3418/2577/9
f 3421/2578/9 3418/2577/9 3419/2576/9
f 3424/2572/283 3423/2573/283 3422/761/12
f 3425/2574/12 3422/761/12 3423/2573/283
f 3428/2579/167 3427/2580/167 3426/2581/167
f 3429/2582/167 3426/2581/167 3427/2580/167
f 3432/2583/167 3431/2584/167 3430/2585/167
f 3433/2586/167 3430/2585/167 3431/2584/167
f 3436/2587/9 3435/2588/9 3434/2589/9
f 3437/2590/9 3434/2589/9 3435/2588/9
f 3440/2591/22 3439/2592/22 3438/2593/22
f 3441/2594/22 3438/2593/22 3439/2592/22
f 3444/2595/12 3443/2596/12 3442/2597/12
f 3445/2598/12 3442/2597/12 3443/2596/12
f 3448/2587/9 3447/2588/9 3446/2589/9
f 3449/2590/9 3446/2589/9 3447/2588/9
f 3452/2599/22 3451/2600/22 3450/2601/22
f 3453/2602/22 3450/2601/22 3451/2600/22
f 3456/2595/12 3455/2596/12 3454/2597/12
f 3457/2598/12 3454/2597/12 3455/2596/12
f 3460/2603/807 3459/2604/807 3458/2605/807
f 3461/2606/807 3458/2605/807 3459/2604/807
f 3464/2600/22 3463/2607/22 3462/2608/22
f 3465/2593/22 3462/2608/22 3463/2607/22
f 3468/2609/808 3467/2610/808 3466/2611/808
f 3469/2612/808 3466/2611/808 3467/2610/808
f 3472/2613/809 3471/2614/809 3470/2615/809
f 3473/2616/809 3470/2615/809 3471/2614/809
f 3476/2599/22 3475/2617/22 3474/2618/22
f 3477/2594/22 3474/2618/22 3475/2617/22
f 3480/2619/810 3479/2620/810 3478/2621/810
f 3481/2622/810 3478/2621/810 3479/2620/810
f 3484/2578/9 3483/2577/9 3482/2576/9
f 3485/2575/9 3482/2576/9 3483/2577/9
f 3488/2623/811 3487/2599/811 3486/2624/811
f 3489/2625/811 3486/2624/811 3487/2599/811
f 3492/27/811 3491/2626/811 3490/2627/811
f 3493/2628/811 3490/2627/811 3491/2626/811
f 3496/2572/12 3495/2573/12 3494/761/12
f 3497/2574/12 3494/761/12 3495/2573/12
f 3500/2575/9 3499/2576/9 3498/2577/9
f 3501/2578/9 3498/2577/9 3499/2576/9
f 3504/2572/283 3503/2573/283 3502/761/12
f 3505/2574/12 3502/761/12 3503/2573/283
f 3508/2629/167 3507/2630/167 3506/2631/167
f 3509/2632/167 3506/2631/167 3507/2630/167
f 3512/2633/167 3511/2634/167 3510/2635/167
f 3513/2636/167 3510/2635/167 3511/2634/167
f 3516/2587/9 3515/2588/9 3514/2589/9
f 3517/2590/9 3514/2589/9 3515/2588/9
f 3520/2637/22 3519/2638/22 3518/2639/22
f 3521/2640/22 3518/2639/22 3519/2638/22
f 3524/2595/12 3523/2596/12 3522/2597/12
f 3525/2598/12 3522/2597/12 3523/2596/12
f 3528/2587/9 3527/2588/9 3526/2589/9
f 3529/2590/9 3526/2589/9 3527/2588/9
f 3532/2641/22 3531/2642/22 3530/2643/22
f 3533/2644/22 3530/2643/22 3531/2642/22
f 3536/2595/12 3535/2596/12 3534/2597/12
f 3537/2598/12 3534/2597/12 3535/2596/12
f 3540/2603/807 3539/2604/807 3538/2605/807
f 3541/2606/807 3538/2605/807 3539/2604/807
f 3544/2642/22 3543/2645/22 3542/2646/22
f 3545/2639/22 3542/2646/22 3543/2645/22
f 3548/2609/808 3547/2610/808 3546/2611/808
f 3549/2612/808 3546/2611/808 3547/2610/808
f 3552/2613/809 3551/2614/809 3550/2615/809
f 3553/2616/809 3550/2615/809 3551/2614/809
f 3556/2641/22 3555/2647/22 3554/2648/22
f 3557/2640/22 3554/2648/22 3555/2647/22
f 3560/2619/810 3559/2620/810 3558/2621/810
f 3561/2622/810 3558/2621/810 3559/2620/810
f 3564/2578/9 3563/2577/9 3562/2576/9
f 3565/2575/9 3562/2576/9 3563/2577/9
f 3568/2649/811 3567/2641/811 3566/2650/811
f 3569/2651/811 3566/2650/811 3567/2641/811
f 3572/2652/811 3571/2653/811 3570/2654/811
f 3573/2655/811 3570/2654/811 3571/2653/811
f 3576/2574/12 3575/2656/12 3574/761/12
f 3577/2657/12 3574/761/12 3575/2656/12
f 3580/2658/9 3579/2659/9 3578/2577/9
f 3581/2575/9 3578/2577/9 3579/2659/9
f 3584/2574/12 3583/2656/283 3582/761/12
f 3585/2657/283 3582/761/12 3583/2656/283
f 3588/2660/167 3587/2661/167 3586/2581/167
f 3589/2579/167 3586/2581/167 3587/2661/167
f 3592/2662/167 3591/2663/167 3590/2585/167
f 3593/2583/167 3590/2585/167 3591/2663/167
f 3596/2664/9 3595/2665/9 3594/2666/9
f 3597/2667/9 3594/2666/9 3595/2665/9
f 3600/2668/32 3599/2669/32 3598/2670/32
f 3601/2671/32 3598/2670/32 3599/2669/32
f 3604/2672/12 3603/2673/12 3602/2674/12
f 3605/2675/12 3602/2674/12 3603/2673/12
f 3608/2664/9 3607/2665/9 3606/2666/9
f 3609/2667/9 3606/2666/9 3607/2665/9
f 3612/2676/32 3611/2677/32 3610/2678/32
f 3613/2679/32 3610/2678/32 3611/2677/32
f 3616/2672/12 3615/2673/12 3614/2674/12
f 3617/2675/12 3614/2674/12 3615/2673/12
f 3620/2680/807 3619/2681/807 3618/2682/807
f 3621/2683/807 3618/2682/807 3619/2681/807
f 3624/2670/32 3623/2684/32 3622/2685/32
f 3625/2677/32 3622/2685/32 3623/2684/32
f 3628/2686/808 3627/2687/808 3626/2688/808
f 3629/2689/808 3626/2688/808 3627/2687/808
f 3632/2690/809 3631/2691/809 3630/2692/809
f 3633/2693/809 3630/2692/809 3631/2691/809
f 3636/2668/32 3635/2694/32 3634/2695/32
f 3637/2679/32 3634/2695/32 3635/2694/32
f 3640/2696/810 3639/2697/810 3638/2698/810
f 3641/2699/810 3638/2698/810 3639/2697/810
f 3644/2575/9 3643/2577/9 3642/2659/9
f 3645/2658/9 3642/2659/9 3643/2577/9
f 3648/2700/812 3647/2679/812 3646/2701/812
f 3649/2702/812 3646/2701/812 3647/2679/812
f 3652/2703/812 3651/2704/812 3650/2705/812
f 3653/832/812 3650/2705/812 3651/2704/812
f 3656/2574/12 3655/2656/12 3654/761/12
f 3657/2657/12 3654/761/12 3655/2656/12
f 3660/2658/9 3659/2659/9 3658/2577/9
f 3661/2575/9 3658/2577/9 3659/2659/9
f 3664/2574/12 3663/2656/283 3662/761/12
f 3665/2657/283 3662/761/12 3663/2656/283
f 3668/2706/167 3667/2707/167 3666/2631/167
f 3669/2629/167 3666/2631/167 3667/2707/167
f 3672/2708/167 3671/2709/167 3670/2635/167
f 3673/2633/167 3670/2635/167 3671/2709/167
f 3676/2664/9 3675/2665/9 3674/2666/9
f 3677/2667/9 3674/2666/9 3675/2665/9
f 3680/2710/32 3679/2711/32 3678/2712/32
f 3681/2713/32 3678/2712/32 3679/2711/32
f 3684/2672/12 3683/2673/12 3682/2714/12
f 3685/2675/12 3682/2714/12 3683/2673/12
f 3688/2664/9 3687/2665/9 3686/2666/9
f 3689/2715/9 3686/2666/9 3687/2665/9
f 3692/2716/32 3691/2717/32 3690/2718/32
f 3693/2719/32 3690/2718/32 3691/2717/32
f 3696/2672/12 3695/2673/12 3694/2714/12
f 3697/2675/12 3694/2714/12 3695/2673/12
f 3700/2680/807 3699/2681/807 3698/2682/807
f 3701/2720/807 3698/2682/807 3699/2681/807
f 3704/2712/32 3703/2721/32 3702/2722/32
f 3705/2717/32 3702/2722/32 3703/2721/32
f 3708/2686/808 3707/2687/808 3706/2688/808
f 3709/2689/808 3706/2688/808 3707/2687/808
f 3712/2690/809 3711/2691/809 3710/2692/809
f 3713/2693/809 3710/2692/809 3711/2691/809
f 3716/2710/32 3715/2723/32 3714/2724/32
f 3717/2719/32 3714/2724/32 3715/2723/32
f 3720/2696/810 3719/2697/810 3718/2698/810
f 3721/2699/810 3718/2698/810 3719/2697/810
f 3724/2575/9 3723/2577/9 3722/2659/9
f 3725/2658/9 3722/2659/9 3723/2577/9
f 3728/2725/812 3727/2719/812 3726/2726/812
f 3729/2727/812 3726/2726/812 3727/2719/812
f 3732/2728/812 3731/2729/812 3730/2730/812
f 3733/2731/812 3730/2730/812 3731/2729/812
f 3736/2732/813 3735/2733/814 3734/2734/815
f 3737/2735/816 3734/2734/815 3735/2733/814
f 3735/2733/814 3738/2736/817 3737/2735/816
f 3737/2735/816 3739/2737/818 3734/2734/815
f 3740/2738/819 3734/2734/815 3739/2737/818
f 3739/2737/818 3737/2735/816 3741/2739/820
f 3742/2740/821 3737/2735/816 3738/2736/817
f 3742/2740/821 3741/2739/820 3737/2735/816
f 3738/2736/817 3743/2741/822 3742/2740/821
f 3744/2742/823 3742/2740/821 3743/2741/822
f 3742/2740/821 3744/2742/823 3741/2739/820
f 3745/2743/824 3741/2739/820 3744/2742/823
f 3748/2744/825 3747/2745/826 3746/2746/827
f 3749/2747/828 3746/2746/827 3747/2745/826
f 3746/2746/827 3749/2747/828 3750/2748/829
f 3749/2747/828 3747/2745/826 3751/2749/830
f 3752/2750/831 3751/2749/830 3747/2745/826
f 3749/2747/828 3751/2749/830 3753/2751/832
f 3753/2751/832 3750/2748/829 3749/2747/828
f 3754/2752/833 3753/2751/832 3751/2749/830
f 3754/2752/833 3755/2753/834 3753/2751/832
f 3756/2754/835 3753/2751/832 3755/2753/834
f 3753/2751/832 3756/2754/835 3750/2748/829
f 3757/2755/836 3750/2748/829 3756/2754/835
f 3760/2756/837 3759/2757/813 3758/2758/838
f 3761/2759/839 3758/2758/838 3759/2757/813
f 3761/2759/839 3762/2760/840 3758/2758/838
f 3763/2761/841 3758/2758/838 3762/2760/840
f 3766/2762/842 3765/2763/843 3764/2764/837
f 3767/2765/844 3764/2764/837 3765/2763/843
f 3765/2763/843 3768/2766/845 3767/2765/844
f 3769/2767/814 3767/2765/844 3768/2766/845
f 3768/2766/845 3770/2768/846 3769/2767/814
f 3771/2769/817 3769/2767/814 3770/2768/846
f 3771/2769/817 3770/2768/846 3772/2770/847
f 3773/2771/848 3772/2770/847 3770/2768/846
f 3776/2772/842 3775/2773/849 3774/2774/850
f 3777/2775/851 3774/2774/850 3775/2773/849
f 3777/2775/851 3775/2773/849 3778/2776/852
f 3779/2777/853 3778/2776/852 3775/2773/849
f 3782/2778/841 3781/2779/819 3780/2780/853
f 3783/2781/854 3780/2780/853 3781/2779/819
f 3781/2779/819 3784/2782/818 3783/2781/854
f 3785/2783/830 3783/2781/854 3784/2782/818
f 3784/2782/818 3786/2784/820 3785/2783/830
f 3787/2785/833 3785/2783/830 3786/2784/820
f 3786/2784/820 3788/2786/855 3787/2785/833
f 3789/2787/856 3787/2785/833 3788/2786/855
f 3792/2788/599 3791/2789/857 3790/2790/22
f 3793/2791/22 3790/2790/22 3791/2789/857
f 3790/2790/22 3793/2791/22 3794/2792/600
f 3795/2793/600 3794/2792/600 3793/2791/22
f 3798/2794/601 3797/2795/601 3796/2796/12
f 3799/2797/12 3796/2796/12 3797/2795/601
f 3796/2796/12 3799/2797/12 3800/2798/603
f 3801/2799/603 3800/2798/603 3799/2797/12
f 3804/2800/604 3803/2801/604 3802/2802/32
f 3805/2803/32 3802/2802/32 3803/2801/604
f 3802/2802/32 3805/2803/32 3806/2804/605
f 3807/2805/605 3806/2804/605 3805/2803/32
f 3810/2806/606 3809/2807/606 3808/2808/9
f 3811/2809/9 3808/2808/9 3809/2807/606
f 3808/2808/9 3811/2809/9 3812/2810/805
f 3813/2811/608 3812/2810/805 3811/2809/9
f 3816/2812/29 3815/2813/29 3814/2814/29
f 3815/2813/29 3817/2815/29 3814/2814/29
f 3814/2814/29 3817/2815/29 3818/2816/29
f 3819/2817/29 3817/2815/29 3815/2813/29
f 3820/2818/29 3819/2817/29 3815/2813/29
f 3821/2819/29 3817/2815/29 3819/2817/29
f 3824/2820/599 3823/2821/599 3822/2822/22
f 3825/2823/22 3822/2822/22 3823/2821/599
f 3822/2822/22 3825/2823/22 3826/2824/600
f 3827/2825/600 3826/2824/600 3825/2823/22
f 3830/2826/601 3829/2827/601 3828/2828/12
f 3831/2829/12 3828/2828/12 3829/2827/601
f 3828/2828/12 3831/2829/12 3832/2830/603
f 3833/2831/603 3832/2830/603 3831/2829/12
f 3836/2832/604 3835/2833/604 3834/2834/32
f 3837/2835/32 3834/2834/32 3835/2833/604
f 3834/2834/32 3837/2835/32 3838/2836/605
f 3839/2837/605 3838/2836/605 3837/2835/32
f 3842/2838/606 3841/2839/607 3840/2840/9
f 3843/2841/9 3840/2840/9 3841/2839/607
f 3840/2840/9 3843/2841/9 3844/2842/805
f 3845/2843/608 3844/2842/805 3843/2841/9
f 3848/2844/167 3847/2845/167 3846/2846/167
f 3847/2845/167 3849/2847/167 3846/2846/167
f 3846/2846/167 3849/2847/167 3850/2848/167
f 3851/2849/167 3849/2847/167 3847/2845/167
f 3852/2850/167 3851/2849/167 3847/2845/167
f 3853/2851/167 3849/2847/167 3851/2849/167
f 3856/2852/858 3855/2853/858 3854/2854/858
f 3857/2855/858 3854/2854/858 3855/2853/858
f 3860/2856/22 3859/2857/22 3858/2858/22
f 3861/2859/22 3858/2858/22 3859/2857/22
f 3864/2860/859 3863/2861/859 3862/2862/859
f 3865/2863/859 3862/2862/859 3863/2861/859
f 3868/2864/32 3867/2865/32 3866/2866/32
f 3869/2867/32 3866/2866/32 3867/2865/32
f 3872/2868/858 3871/2869/858 3870/2870/858
f 3873/2871/858 3870/2870/858 3871/2869/858
f 3876/2859/22 3875/2858/22 3874/2857/22
f 3877/2856/22 3874/2857/22 3875/2858/22
f 3880/2872/859 3879/2873/859 3878/2874/859
f 3881/2875/859 3878/2874/859 3879/2873/859
f 3884/2867/32 3883/2866/299 3882/2865/32
f 3885/2864/299 3882/2865/32 3883/2866/299
f 3888/2876/860 3887/2877/815 3886/2878/861
f 3889/2879/816 3886/2878/861 3887/2877/815
f 3886/2878/861 3889/2879/816 3890/2880/862
f 3889/2879/816 3887/2877/815 3891/2881/863
f 3892/2882/864 3891/2881/863 3887/2877/815
f 3891/2881/863 3893/2883/865 3889/2879/816
f 3894/2884/821 3890/2880/862 3889/2879/816
f 3894/2884/821 3889/2879/816 3893/2883/865
f 3890/2880/862 3894/2884/821 3895/2885/824
f 3896/2886/823 3895/2885/824 3894/2884/821
f 3894/2884/821 3893/2883/865 3896/2886/823
f 3897/2887/866 3896/2886/823 3893/2883/865
f 3900/2888/867 3899/2889/868 3898/2890/869
f 3901/2891/870 3898/2890/869 3899/2889/868
f 3899/2889/868 3902/2892/871 3901/2891/870
f 3901/2891/870 3903/2893/872 3898/2890/869
f 3904/2894/873 3898/2890/869 3903/2893/872
f 3901/2891/870 3905/2895/874 3903/2893/872
f 3905/2895/874 3901/2891/870 3902/2892/871
f 3906/2896/875 3903/2893/872 3905/2895/874
f 3906/2896/875 3905/2895/874 3907/2897/876
f 3908/2898/835 3907/2897/876 3905/2895/874
f 3905/2895/874 3902/2892/871 3908/2898/835
f 3909/2899/877 3908/2898/835 3902/2892/871
f 3912/2772/878 3911/2900/838 3910/2901/879
f 3913/2902/839 3910/2901/879 3911/2900/838
f 3913/2902/839 3911/2900/838 3914/2903/864
f 3915/2904/880 3914/2903/864 3911/2900/838
f 3918/2780/881 3917/2778/882 3916/2781/883
f 3919/2779/860 3916/2781/883 3917/2778/882
f 3916/2781/883 3919/2779/860 3920/2783/884
f 3921/2782/861 3920/2783/884 3919/2779/860
f 3920/2783/884 3921/2782/861 3922/2785/885
f 3923/2905/862 3922/2785/885 3921/2782/861
f 3923/2905/862 3924/2786/855 3922/2785/885
f 3925/2787/856 3922/2785/885 3924/2786/855
f 3928/2906/886 3927/2907/883 3926/2908/849
f 3929/2909/851 3926/2908/849 3927/2907/883
f 3929/2909/851 3930/2910/887 3926/2908/849
f 3931/2911/888 3926/2908/849 3930/2910/887
f 3934/2764/880 3933/2762/889 3932/2765/864
f 3935/2763/890 3932/2765/864 3933/2762/889
f 3932/2765/864 3935/2763/890 3936/2767/891
f 3937/2766/872 3936/2767/891 3935/2763/890
f 3936/2767/891 3937/2766/872 3938/2912/892
f 3939/2768/875 3938/2912/892 3937/2766/872
f 3938/2912/892 3939/2768/875 3940/2770/847
f 3941/2771/893 3940/2770/847 3939/2768/875
f 3944/2801/604 3943/2803/32 3942/2800/604
f 3945/2802/32 3942/2800/604 3943/2803/32
f 3943/2803/32 3946/2805/605 3945/2802/32
f 3947/2804/605 3945/2802/32 3946/2805/605
f 3950/2913/603 3949/2914/12 3948/2915/603
f 3951/2916/12 3948/2915/603 3949/2914/12
f 3949/2914/12 3952/2917/601 3951/2916/12
f 3953/2918/894 3951/2916/12 3952/2917/601
f 3956/2789/599 3955/2791/22 3954/2788/599
f 3957/2790/22 3954/2788/599 3955/2791/22
f 3955/2791/22 3958/2793/600 3957/2790/22
f 3959/2792/600 3957/2790/22 3958/2793/600
f 3962/2919/608 3961/2920/9 3960/2921/608
f 3963/2922/9 3960/2921/608 3961/2920/9
f 3961/2920/9 3964/2923/606 3963/2922/9
f 3965/2924/606 3963/2922/9 3964/2923/606
f 3968/2925/29 3967/2926/29 3966/2927/29
f 3967/2926/29 3969/2928/29 3966/2927/29
f 3970/2929/29 3969/2928/29 3967/2926/29
f 3969/2928/29 3971/2930/29 3966/2927/29
f 3966/2927/29 3971/2930/29 3972/2931/29
f 3973/2932/29 3971/2930/29 3969/2928/29
f 3976/2833/604 3975/2835/32 3974/2832/604
f 3977/2834/32 3974/2832/604 3975/2835/32
f 3975/2835/32 3978/2837/605 3977/2834/32
f 3979/2836/605 3977/2834/32 3978/2837/605
f 3982/2933/603 3981/2934/12 3980/2935/603
f 3983/2936/12 3980/2935/603 3981/2934/12
f 3981/2934/12 3984/2937/601 3983/2936/12
f 3985/2938/601 3983/2936/12 3984/2937/601
f 3988/2821/599 3987/2823/22 3986/2820/599
f 3989/2822/22 3986/2820/599 3987/2823/22
f 3987/2823/22 3990/2825/600 3989/2822/22
f 3991/2824/895 3989/2822/22 3990/2825/600
f 3994/2939/608 3993/2940/9 3992/2941/608
f 3995/2942/9 3992/2941/608 3993/2940/9
f 3993/2940/9 3996/2943/606 3995/2942/9
f 3997/2944/606 3995/2942/9 3996/2943/606
f 4000/2945/167 3999/2946/167 3998/2947/167
f 3999/2946/167 4001/2948/167 3998/2947/167
f 4002/2949/167 4001/2948/167 3999/2946/167
f 4001/2948/167 4003/2950/167 3998/2947/167
f 3998/2947/167 4003/2950/167 4004/2951/167
f 4005/2952/167 4003/2950/167 4001/2948/167
f 4008/2953/858 4007/2954/858 4006/2955/858
f 4009/2956/858 4006/2955/858 4007/2954/858
f 4012/2867/32 4011/2866/32 4010/2865/32
f 4013/2864/32 4010/2865/32 4011/2866/32
f 4016/2957/859 4015/2958/859 4014/2959/859
f 4017/2960/859 4014/2959/859 4015/2958/859
f 4020/2859/22 4019/2858/22 4018/2857/22
f 4021/2856/22 4018/2857/22 4019/2858/22
f 4024/2961/858 4023/2962/858 4022/2963/858
f 4025/2964/858 4022/2963/858 4023/2962/858
f 4028/2864/32 4027/2865/32 4026/2866/32
f 4029/2867/32 4026/2866/32 4027/2865/32
f 4032/2965/859 4031/2966/859 4030/2967/859
f 4033/2968/859 4030/2967/859 4031/2966/859
f 4036/2856/19 4035/2857/19 4034/2858/22
f 4037/2859/22 4034/2858/22 4035/2857/19
f 4040/2969/609 4039/2970/609 4038/2971/609
f 4041/2972/609 4038/2971/609 4039/2970/609
f 4044/1797/12 4043/1798/12 4042/1799/12
f 4045/1800/12 4042/1799/12 4043/1798/12
f 4048/2973/29 4047/2974/29 4046/2975/29
f 4049/2976/29 4046/2975/29 4047/2974/29
f 4052/1805/9 4051/1806/9 4050/1807/9
f 4053/1808/9 4050/1807/9 4051/1806/9
f 4056/2977/806 4055/2978/806 4054/2979/806
f 4057/2980/806 4054/2979/806 4055/2978/806
f 4076/2981/14 4075/2982/14 4074/2983/14
f 4077/2984/14 4074/2983/14 4075/2982/14
f 4080/2985/299 4079/2986/299 4078/2987/299
f 4081/2988/299 4078/2987/299 4079/2986/299
f 4084/2983/25 4083/2984/25 4082/2989/25
f 4085/2990/25 4082/2989/25 4083/2984/25
f 4088/2987/896 4087/2988/896 4086/2991/896
f 4089/2992/896 4086/2991/896 4087/2988/896
f 4092/2993/9 4091/2994/9 4090/2995/9
f 4093/2996/9 4090/2995/9 4091/2994/9
f 4093/2996/9 4094/2997/9 4090/2995/9
f 4095/2998/9 4090/2995/9 4094/2997/9
f 4098/2999/12 4097/3000/12 4096/3001/12
f 4099/3002/12 4096/3001/12 4097/3000/12
f 4099/3002/12 4100/3003/12 4096/3001/12
f 4101/3004/12 4096/3001/12 4100/3003/12
f 4104/3005/12 4103/3006/12 4102/3001/12
f 4105/3007/12 4102/3001/12 4103/3006/12
f 4105/3007/12 4106/3008/12 4102/3001/12
f 4107/3009/12 4102/3001/12 4106/3008/12
f 4110/3010/9 4109/3011/9 4108/3012/9
f 4111/2996/9 4108/3012/9 4109/3011/9
f 4111/2996/9 4112/3013/9 4108/3012/9
f 4113/3014/9 4108/3012/9 4112/3013/9
f 4116/3015/290 4115/3016/290 4114/3017/290
f 4117/3018/290 4114/3017/290 4115/3016/290
f 4120/3019/19 4119/3020/19 4118/3021/19
f 4121/3022/19 4118/3021/19 4119/3020/19
f 4124/3023/306 4123/3015/306 4122/3024/306
f 4125/3017/306 4122/3024/306 4123/3015/306
f 4128/3025/897 4127/3019/897 4126/3026/897
f 4129/3021/897 4126/3026/897 4127/3019/897
f 4132/3027/12 4131/3028/12 4130/3029/12
f 4131/3028/12 4133/3030/12 4130/3029/12
f 4133/3030/12 4134/3031/12 4130/3029/12
f 4137/3032/9 4136/3033/9 4135/3034/9
f 4136/3033/9 4138/3035/9 4135/3034/9
f 4139/3036/9 4138/3035/9 4136/3033/9
f 4142/3037/35 4141/3038/35 4140/3039/311
f 4143/3040/29 4140/3039/311 4141/3038/35
f 4140/3039/311 4143/3040/29 4144/3041/33
f 4145/3042/33 4144/3041/33 4143/3040/29
f 4148/3043/35 4147/3044/36 4146/3045/39
f 4149/3046/39 4146/3045/39 4147/3044/36
f 4152/3047/37 4151/3048/37 4150/3049/898
f 4153/3050/313 4150/3049/898 4151/3048/37
f 4156/3051/313 4155/3052/313 4154/3053/37
f 4157/3054/37 4154/3053/37 4155/3052/313
f 4160/3055/314 4159/3056/314 4158/3057/899
f 4161/3058/35 4158/3057/899 4159/3056/314
f 4164/3059/35 4163/3060/35 4162/3061/311
f 4165/3062/311 4162/3061/311 4163/3060/35
f 4162/3061/311 4165/3062/311 4166/3063/900
f 4167/3064/33 4166/3063/900 4165/3062/311
f 4170/3031/12 4169/3029/12 4168/3028/12
f 4171/3065/12 4168/3028/12 4169/3029/12
f 4174/3036/9 4173/3035/9 4172/3032/9
f 4175/3034/9 4172/3032/9 4173/3035/9
f 4178/3027/12 4177/3028/12 4176/3066/12
f 4177/3028/12 4179/3067/12 4176/3066/12
f 4179/3067/12 4180/3031/12 4176/3066/12
f 4183/3068/9 4182/3069/9 4181/3034/9
f 4182/3069/9 4184/3070/9 4181/3034/9
f 4185/3036/9 4184/3070/9 4182/3069/9
f 4188/3071/35 4187/3072/35 4186/3073/311
f 4189/3074/29 4186/3073/311 4187/3072/35
f 4186/3073/311 4189/3074/29 4190/3075/33
f 4191/3076/33 4190/3075/33 4189/3074/29
f 4194/3077/35 4193/3078/35 4192/3079/39
f 4195/3080/39 4192/3079/39 4193/3078/35
f 4198/3081/37 4197/3082/37 4196/3083/898
f 4199/3084/313 4196/3083/898 4197/3082/37
f 4202/3085/313 4201/3086/313 4200/3087/37
f 4203/3088/37 4200/3087/37 4201/3086/313
f 4206/3089/314 4205/3090/314 4204/3091/35
f 4207/3092/35 4204/3091/35 4205/3090/314
f 4210/3093/35 4209/3094/35 4208/3095/311
f 4211/3096/311 4208/3095/311 4209/3094/35
f 4208/3095/311 4211/3096/311 4212/3097/33
f 4213/3098/33 4212/3097/33 4211/3096/311
f 4216/3099/12 4215/3029/12 4214/3028/12
f 4217/3027/12 4214/3028/12 4215/3029/12
f 4220/3036/9 4219/3070/9 4218/3032/9
f 4221/3034/9 4218/3032/9 4219/3070/9
f 4224/3100/12 4223/3101/12 4222/3102/12
f 4223/3101/12 4225/3103/12 4222/3102/12
f 4225/3103/12 4226/3104/12 4222/3102/12
f 4229/3105/9 4228/3106/9 4227/3107/9
f 4227/3107/9 4228/3106/9 4230/3108/9
f 4228/3106/9 4231/3109/9 4230/3108/9
f 4234/3110/900 4233/3111/34 4232/3112/33
f 4235/3113/34 4232/3112/33 4233/3111/34
f 4233/3111/34 4236/3114/35 4235/3113/34
f 4237/3115/35 4235/3113/34 4236/3114/35
f 4240/3048/37 4239/3050/33 4238/3047/37
f 4241/3049/901 4238/3047/37 4239/3050/33
f 4244/3044/38 4243/3046/39 4242/3043/38
f 4245/3045/39 4242/3043/38 4243/3046/39
f 4248/3056/39 4247/3058/38 4246/3055/39
f 4249/3057/38 4246/3055/39 4247/3058/38
f 4252/3052/33 4251/3054/40 4250/3051/33
f 4253/3053/40 4250/3051/33 4251/3054/40
f 4256/3116/33 4255/3117/34 4254/3118/33
f 4257/3119/34 4254/3118/33 4255/3117/34
f 4255/3117/34 4258/3120/35 4257/3119/34
f 4259/3121/35 4257/3119/34 4258/3120/35
f 4262/3104/12 4261/3102/12 4260/3103/12
f 4263/3100/12 4260/3103/12 4261/3102/12
f 4266/3108/9 4265/3107/9 4264/3109/9
f 4267/3105/9 4264/3109/9 4265/3107/9
f 4270/3122/12 4269/3101/12 4268/3102/12
f 4269/3101/12 4271/3103/12 4268/3102/12
f 4271/3103/12 4272/3123/12 4268/3102/12
f 4275/3105/9 4274/3106/9 4273/3124/9
f 4273/3124/9 4274/3106/9 4276/3108/9
f 4274/3106/9 4277/3109/9 4276/3108/9
f 4280/3125/900 4279/3126/34 4278/3127/33
f 4281/3128/34 4278/3127/33 4279/3126/34
f 4279/3126/34 4282/3129/35 4281/3128/34
f 4283/3130/35 4281/3128/34 4282/3129/35
f 4286/3082/37 4285/3084/33 4284/3081/37
f 4287/3083/901 4284/3081/37 4285/3084/33
f 4290/3078/38 4289/3080/39 4288/3077/38
f 4291/3079/39 4288/3077/38 4289/3080/39
f 4294/3090/39 4293/3092/38 4292/3089/39
f 4295/3091/38 4292/3089/39 4293/3092/38
f 4298/3086/33 4297/3088/40 4296/3085/33
f 4299/3087/40 4296/3085/33 4297/3088/40
f 4302/3131/33 4301/3132/34 4300/3133/33
f 4303/3134/34 4300/3133/33 4301/3132/34
f 4301/3132/34 4304/3135/35 4303/3134/34
f 4305/3136/35 4303/3134/34 4304/3135/35
f 4308/3123/12 4307/3102/12 4306/3103/12
f 4309/3100/12 4306/3103/12 4307/3102/12
f 4312/3108/9 4311/3124/9 4310/3137/9
f 4313/3105/9 4310/3137/9 4311/3124/9
f 4316/3138/902 4315/3139/32 4314/3140/902
f 4317/3141/299 4314/3140/902 4315/3139/32
f 4315/3139/32 4318/3142/903 4317/3141/299
f 4319/3143/903 4317/3141/299 4318/3142/903
f 4322/3144/904 4321/3145/905 4320/3146/906
f 4323/3147/905 4320/3146/906 4321/3145/905
f 4321/3145/905 4324/3148/9 4323/3147/905
f 4325/3149/9 4323/3147/905 4324/3148/9
f 4324/3148/9 4326/3150/907 4325/3149/9
f 4327/3151/908 4325/3149/9 4326/3150/907
f 4326/3150/907 4328/3152/909 4327/3151/908
f 4329/3153/910 4327/3151/908 4328/3152/909
f 4332/3154/911 4331/3155/19 4330/3156/912
f 4333/3157/19 4330/3156/912 4331/3155/19
f 4331/3155/19 4334/3158/913 4333/3157/19
f 4335/3159/913 4333/3157/19 4334/3158/913
f 4338/3160/914 4337/3161/915 4336/3162/914
f 4339/3163/915 4336/3162/914 4337/3161/915
f 4337/3161/915 4340/3164/12 4339/3163/915
f 4341/3165/12 4339/3163/915 4340/3164/12
f 4340/3164/12 4342/3166/916 4341/3165/12
f 4343/3167/916 4341/3165/12 4342/3166/916
f 4342/3166/916 4344/3168/917 4343/3167/916
f 4345/3169/917 4343/3167/916 4344/3168/917
f 4348/3170/918 4347/3171/919 4346/3172/920
f 4349/3173/921 4346/3172/920 4347/3171/919
f 4349/3173/921 4347/3171/919 4350/3174/922
f 4351/3175/906 4350/3174/922 4347/3171/919
f 4350/3174/922 4352/3148/9 4349/3173/921
f 4353/3176/923 4349/3173/921 4352/3148/9
f 4352/3148/9 4354/3177/907 4353/3176/923
f 4346/3172/920 4349/3173/921 4355/3178/924
f 4353/3176/923 4355/3178/924 4349/3173/921
f 4356/3179/925 4353/3176/923 4354/3177/907
f 4353/3176/923 4356/3179/925 4355/3178/924
f 4354/3177/907 4357/3180/909 4356/3179/925
f 4358/3181/926 4356/3179/925 4357/3180/909
f 4358/3181/926 4359/3182/927 4356/3179/925
f 4360/3183/928 4356/3179/925 4359/3182/927
f 4360/3183/928 4355/3178/924 4356/3179/925
f 4355/3178/924 4361/3184/929 4346/3172/920
f 4355/3178/924 4360/3183/928 4361/3184/929
f 4362/3185/930 4346/3172/920 4361/3184/929
f 4363/3186/931 4361/3184/929 4360/3183/928
f 4366/3187/932 4365/3188/933 4364/3189/934
f 4367/3190/935 4364/3189/934 4365/3188/933
f 4364/3189/934 4367/3190/935 4368/3191/936
f 4369/3192/937 4368/3191/936 4367/3190/935
f 4369/3192/937 4367/3190/935 4370/3193/938
f 4367/3190/935 4365/3188/933 4371/3194/939
f 4371/3194/939 4370/3193/938 4367/3190/935
f 4370/3193/938 4372/3195/940 4369/3192/937
f 4373/3196/941 4369/3192/937 4372/3195/940
f 4373/3196/941 4372/3195/940 4374/3197/942
f 4374/3197/942 4375/3198/943 4373/3196/941
f 4376/3199/944 4373/3196/941 4375/3198/943
f 4377/3200/945 4374/3197/942 4372/3195/940
f 4372/3195/940 4378/3201/946 4377/3200/945
f 4372/3195/940 4370/3193/938 4378/3201/946
f 4379/3202/947 4377/3200/945 4378/3201/946
f 4380/3203/948 4378/3201/946 4370/3193/938
f 4370/3193/938 4371/3194/939 4380/3203/948
f 4378/3201/946 4381/3204/949 4379/3202/947
f 4378/3201/946 4380/3203/948 4381/3204/949
f 4382/3205/950 4379/3202/947 4381/3204/949
f 4383/3206/951 4381/3204/949 4380/3203/948
f 4380/3203/948 4384/3207/952 4383/3206/951
f 4384/3207/952 4380/3203/948 4371/3194/939
f 4385/3208/953 4383/3206/951 4384/3207/952
f 4371/3194/939 4386/3209/954 4384/3207/952
f 4387/3210/955 4384/3207/952 4386/3209/954
f 4387/3210/955 4386/3209/954 4388/3211/902
f 4386/3209/954 4371/3194/939 4365/3188/933
f 4389/3212/299 4388/3211/902 4386/3209/954
f 4386/3209/954 4365/3188/933 4389/3212/299
f 4390/3213/903 4389/3212/299 4365/3188/933
f 4393/3214/956 4392/3215/957 4391/3216/958
f 4394/3217/959 4391/3216/958 4392/3215/957
f 4391/3216/958 4394/3217/959 4395/3218/960
f 4396/3219/961 4395/3218/960 4394/3217/959
f 4392/3215/957 4397/3220/962 4394/3217/959
f 4394/3217/959 4398/3221/963 4396/3219/961
f 4398/3221/963 4394/3217/959 4397/3220/962
f 4399/3222/964 4396/3219/961 4398/3221/963
f 4398/3221/963 4397/3220/962 4400/3164/12
f 4401/3223/915 4400/3164/12 4397/3220/962
f 4397/3220/962 4402/3224/965 4401/3223/915
f 4403/3225/914 4401/3223/915 4402/3224/965
f 4400/3164/12 4404/3226/916 4398/3221/963
f 4399/3222/964 4398/3221/963 4404/3226/916
f 4404/3226/916 4405/3227/917 4399/3222/964
f 4406/3228/966 4399/3222/964 4405/3227/917
f 4409/3229/967 4408/3230/968 4407/3231/969
f 4410/3232/970 4407/3231/969 4408/3230/968
f 4407/3231/969 4410/3232/970 4411/3233/971
f 4412/3234/972 4411/3233/971 4410/3232/970
f 4412/3234/972 4410/3232/970 4413/3235/973
f 4412/3234/972 4413/3235/973 4414/3236/974
f 4415/3237/19 4414/3236/974 4413/3235/973
f 4410/3232/970 4408/3230/968 4416/3238/975
f 4416/3238/975 4413/3235/973 4410/3232/970
f 4413/3235/973 4417/3239/976 4415/3237/19
f 4413/3235/973 4416/3238/975 4417/3239/976
f 4418/3240/977 4415/3237/19 4417/3239/976
f 4419/3241/978 4417/3239/976 4416/3238/975
f 4420/3242/979 4416/3238/975 4408/3230/968
f 4416/3238/975 4420/3242/979 4419/3241/978
f 4408/3230/968 4421/3243/980 4420/3242/979
f 4422/3244/981 4419/3241/978 4420/3242/979
f 4419/3241/978 4422/3244/981 4423/3245/982
f 4424/3246/983 4423/3245/982 4422/3244/981
f 4420/3242/979 4425/3247/984 4422/3244/981
f 4425/3247/984 4420/3242/979 4421/3243/980
f 4422/3244/981 4426/3248/985 4424/3246/983
f 4426/3248/985 4422/3244/981 4425/3247/984
f 4427/3249/986 4424/3246/983 4426/3248/985
f 4427/3249/986 4426/3248/985 4428/3250/987
f 4429/3251/988 4428/3250/987 4426/3248/985
f 4426/3248/985 4425/3247/984 4429/3251/988
f 4430/3252/989 4429/3251/988 4425/3247/984
f 4425/3247/984 4421/3243/980 4430/3252/989
f 4431/3253/990 4430/3252/989 4421/3243/980
f 4421/3243/980 4432/3254/991 4431/3253/990
f 4433/3255/992 4431/3253/990 4432/3254/991
f 4436/3256/993 4435/3257/994 4434/3258/995
f 4437/3259/996 4434/3258/995 4435/3257/994
f 4437/3259/996 4435/3257/994 4438/3260/997
f 4439/3261/998 4438/3260/997 4435/3257/994
f 4438/3260/997 4439/3261/998 4440/3262/999
f 4439/3261/998 4435/3257/994 4441/3263/1000
f 4442/3264/1001 4441/3263/1000 4435/3257/994
f 4441/3263/1000 4443/3265/1002 4439/3261/998
f 4444/3266/1003 4439/3261/998 4443/3265/1002
f 4444/3266/1003 4440/3262/999 4439/3261/998
f 4444/3266/1003 4445/3267/1004 4440/3262/999
f 4446/3268/1005 4440/3262/999 4445/3267/1004
f 4449/3269/1006 4448/3270/1007 4447/3271/1008
f 4450/3272/1009 4447/3271/1008 4448/3270/1007
f 4448/3270/1007 4451/3273/1010 4450/3272/1009
f 4447/3271/1008 4450/3272/1009 4452/3274/1011
f 4453/3275/1012 4450/3272/1009 4451/3273/1010
f 4454/3276/1013 4452/3274/1011 4450/3272/1009
f 4453/3275/1012 4455/3277/1014 4450/3272/1009
f 4454/3276/1013 4450/3272/1009 4455/3277/1014
f 4458/3278/902 4457/3279/32 4456/3280/902
f 4459/3281/299 4456/3280/902 4457/3279/32
f 4457/3279/32 4460/3282/903 4459/3281/299
f 4461/3283/903 4459/3281/299 4460/3282/903
f 4464/3284/906 4463/3285/905 4462/3286/1015
f 4465/3287/905 4462/3286/1015 4463/3285/905
f 4463/3285/905 4466/3288/9 4465/3287/905
f 4467/3289/9 4465/3287/905 4466/3288/9
f 4466/3288/9 4468/3290/907 4467/3289/9
f 4469/3291/908 4467/3289/9 4468/3290/907
f 4468/3290/907 4470/3292/909 4469/3291/908
f 4471/3293/910 4469/3291/908 4470/3292/909
f 4474/3294/1016 4473/3295/19 4472/3296/912
f 4475/3297/19 4472/3296/912 4473/3295/19
f 4473/3295/19 4476/3298/913 4475/3297/19
f 4477/3299/913 4475/3297/19 4476/3298/913
f 4480/3300/914 4479/3301/915 4478/3302/914
f 4481/3303/915 4478/3302/914 4479/3301/915
f 4479/3301/915 4482/3304/12 4481/3303/915
f 4483/3305/12 4481/3303/915 4482/3304/12
f 4482/3304/12 4484/3306/916 4483/3305/12
f 4485/3307/916 4483/3305/12 4484/3306/916
f 4484/3306/916 4486/3308/917 4485/3307/916
f 4487/3309/917 4485/3307/916 4486/3308/917
f 4490/3310/22 4489/3311/22 4488/3312/22
f 4491/3313/22 4488/3312/22 4489/3311/22
f 4494/3314/9 4493/3315/9 4492/3316/9
f 4495/3317/9 4492/3316/9 4493/3315/9
f 4498/3318/29 4497/3319/29 4496/3320/29
f 4499/3321/29 4496/3320/29 4497/3319/29
f 4502/3322/12 4501/3323/12 4500/3324/12
f 4503/3325/12 4500/3324/12 4501/3323/12
f 4506/3326/32 4505/3327/32 4504/3328/32
f 4507/3329/32 4504/3328/32 4505/3327/32
f 4510/3156/1017 4509/3154/1017 4508/3157/22
f 4511/3155/19 4508/3157/22 4509/3154/1017
f 4508/3157/22 4511/3155/19 4512/3330/1018
f 4513/3331/1019 4512/3330/1018 4511/3155/19
f 4516/3332/910 4515/3333/910 4514/3334/1020
f 4517/3335/1020 4514/3334/1020 4515/3333/910
f 4514/3334/1020 4517/3335/1020 4518/3336/9
f 4519/3337/9 4518/3336/9 4517/3335/1020
f 4518/3336/9 4519/3337/9 4520/3338/1021
f 4521/3339/922 4520/3338/1021 4519/3337/9
f 4520/3338/1021 4521/3339/922 4522/3340/1022
f 4523/3341/906 4522/3340/1022 4521/3339/922
f 4526/3140/1023 4525/3138/1024 4524/3141/299
f 4527/3139/299 4524/3141/299 4525/3138/1024
f 4524/3141/299 4527/3139/299 4528/3342/1025
f 4529/3343/1025 4528/3342/1025 4527/3139/299
f 4532/3344/1026 4531/3345/1027 4530/3346/916
f 4533/3347/916 4530/3346/916 4531/3345/1027
f 4530/3346/916 4533/3347/916 4534/3348/12
f 4535/3349/12 4534/3348/12 4533/3347/916
f 4534/3348/12 4535/3349/12 4536/3350/915
f 4537/3351/915 4536/3350/915 4535/3349/12
f 4536/3350/915 4537/3351/915 4538/3352/1028
f 4539/3353/1028 4538/3352/1028 4537/3351/915
f 4542/3354/1029 4541/3355/1030 4540/3356/1031
f 4543/3357/1032 4540/3356/1031 4541/3355/1030
f 4543/3357/1032 4544/3358/908 4540/3356/1031
f 4545/3359/910 4540/3356/1031 4544/3358/908
f 4544/3358/908 4543/3357/1032 4546/3336/9
f 4547/3360/923 4546/3336/9 4543/3357/1032
f 4546/3336/9 4547/3360/923 4548/3361/1021
f 4541/3355/1030 4549/3362/924 4543/3357/1032
f 4547/3360/923 4543/3357/1032 4549/3362/924
f 4550/3363/1033 4548/3361/1021 4547/3360/923
f 4547/3360/923 4549/3362/924 4550/3363/1033
f 4548/3361/1021 4550/3363/1033 4551/3364/1034
f 4552/3365/1035 4551/3364/1034 4550/3363/1033
f 4552/3365/1035 4550/3363/1033 4553/3366/1036
f 4554/3367/1037 4553/3366/1036 4550/3363/1033
f 4554/3367/1037 4550/3363/1033 4549/3362/924
f 4549/3362/924 4541/3355/1030 4555/3368/929
f 4549/3362/924 4555/3368/929 4554/3367/1037
f 4556/3369/1038 4555/3368/929 4541/3355/1030
f 4557/3370/1039 4554/3367/1037 4555/3368/929
f 4560/3233/1040 4559/3231/1041 4558/3234/1042
f 4561/3232/1043 4558/3234/1042 4559/3231/1041
f 4559/3231/1041 4562/3229/1044 4561/3232/1043
f 4563/3230/1045 4561/3232/1043 4562/3229/1044
f 4563/3230/1045 4564/3242/1046 4561/3232/1043
f 4561/3232/1043 4565/3238/1047 4558/3234/1042
f 4565/3238/1047 4561/3232/1043 4564/3242/1046
f 4564/3242/1046 4563/3230/1045 4566/3247/1048
f 4567/3243/1049 4566/3247/1048 4563/3230/1045
f 4567/3243/1049 4568/3253/990 4566/3247/1048
f 4568/3253/990 4567/3243/1049 4569/3255/992
f 4570/3254/1050 4569/3255/992 4567/3243/1049
f 4571/3252/1051 4566/3247/1048 4568/3253/990
f 4566/3247/1048 4571/3252/1051 4572/3248/1052
f 4566/3247/1048 4572/3248/1052 4564/3242/1046
f 4573/3251/1053 4572/3248/1052 4571/3252/1051
f 4574/3244/1054 4564/3242/1046 4572/3248/1052
f 4564/3242/1046 4574/3244/1054 4565/3238/1047
f 4572/3248/1052 4573/3251/1053 4575/3249/1055
f 4572/3248/1052 4575/3249/1055 4574/3244/1054
f 4576/3250/987 4575/3249/1055 4573/3251/1053
f 4577/3246/1056 4574/3244/1054 4575/3249/1055
f 4574/3244/1054 4577/3246/1056 4578/3241/1057
f 4578/3241/1057 4565/3238/1047 4574/3244/1054
f 4579/3245/1058 4578/3241/1057 4577/3246/1056
f 4565/3238/1047 4578/3241/1057 4580/3235/1059
f 4581/3239/1060 4580/3235/1059 4578/3241/1057
f 4581/3239/1060 4582/3240/1017 4580/3235/1059
f 4580/3235/1059 4558/3234/1042 4565/3238/1047
f 4583/3237/19 4580/3235/1059 4582/3240/1017
f 4580/3235/1059 4583/3237/19 4558/3234/1042
f 4584/3371/1019 4558/3234/1042 4583/3237/19
f 4587/3372/1061 4586/3373/1062 4585/3374/1063
f 4588/3375/1064 4585/3374/1063 4586/3373/1062
f 4586/3373/1062 4589/3376/1065 4588/3375/1064
f 4590/3377/1066 4588/3375/1064 4589/3376/1065
f 4585/3374/1063 4588/3375/1064 4591/3378/1067
f 4588/3375/1064 4590/3377/1066 4592/3379/1068
f 4592/3379/1068 4591/3378/1067 4588/3375/1064
f 4593/3380/1069 4592/3379/1068 4590/3377/1066
f 4592/3379/1068 4594/3348/12 4591/3378/1067
f 4595/3381/1070 4591/3378/1067 4594/3348/12
f 4591/3378/1067 4595/3381/1070 4596/3382/1071
f 4597/3383/1026 4596/3382/1071 4595/3381/1070
f 4594/3348/12 4592/3379/1068 4598/3384/915
f 4593/3380/1069 4598/3384/915 4592/3379/1068
f 4598/3384/915 4593/3380/1069 4599/3385/1072
f 4600/3386/1073 4599/3385/1072 4593/3380/1069
f 4603/3191/1074 4602/3189/1075 4601/3192/1076
f 4604/3190/1077 4601/3192/1076 4602/3189/1075
f 4602/3189/1075 4605/3187/1078 4604/3190/1077
f 4606/3188/1079 4604/3190/1077 4605/3187/1078
f 4606/3188/1079 4607/3209/1080 4604/3190/1077
f 4606/3188/1079 4608/3387/1081 4607/3209/1080
f 4609/3212/299 4607/3209/1080 4608/3387/1081
f 4604/3190/1077 4610/3194/1082 4601/3192/1076
f 4610/3194/1082 4604/3190/1077 4607/3209/1080
f 4607/3209/1080 4609/3212/299 4611/3210/1083
f 4607/3209/1080 4611/3210/1083 4610/3194/1082
f 4612/3211/1084 4611/3210/1083 4609/3212/299
f 4613/3207/1085 4610/3194/1082 4611/3210/1083
f 4614/3193/1086 4601/3192/1076 4610/3194/1082
f 4610/3194/1082 4613/3207/1085 4614/3193/1086
f 4601/3192/1076 4614/3193/1086 4615/3196/1087
f 4616/3203/1088 4614/3193/1086 4613/3207/1085
f 4613/3207/1085 4617/3208/1089 4616/3203/1088
f 4618/3206/1090 4616/3203/1088 4617/3208/1089
f 4614/3193/1086 4616/3203/1088 4619/3195/1091
f 4619/3195/1091 4615/3196/1087 4614/3193/1086
f 4616/3203/1088 4618/3206/1090 4620/3201/1092
f 4620/3201/1092 4619/3195/1091 4616/3203/1088
f 4621/3204/1093 4620/3201/1092 4618/3206/1090
f 4621/3204/1093 4622/3205/1094 4620/3201/1092
f 4623/3202/1095 4620/3201/1092 4622/3205/1094
f 4620/3201/1092 4623/3202/1095 4619/3195/1091
f 4624/3200/1096 4619/3195/1091 4623/3202/1095
f 4619/3195/1091 4624/3200/1096 4615/3196/1087
f 4625/3197/942 4615/3196/1087 4624/3200/1096
f 4615/3196/1087 4625/3197/942 4626/3199/1097
f 4627/3198/943 4626/3199/1097 4625/3197/942
f 4630/3388/1098 4629/3389/1099 4628/3390/1100
f 4631/3391/1101 4628/3390/1100 4629/3389/1099
f 4631/3391/1101 4632/3392/1102 4628/3390/1100
f 4633/3393/1103 4628/3390/1100 4632/3392/1102
f 4632/3392/1102 4634/3394/1104 4633/3393/1103
f 4633/3393/1103 4635/3395/1000 4628/3390/1100
f 4636/3396/1105 4628/3390/1100 4635/3395/1000
f 4635/3395/1000 4633/3393/1103 4637/3397/1106
f 4638/3398/1107 4637/3397/1106 4633/3393/1103
f 4638/3398/1107 4633/3393/1103 4634/3394/1104
f 4638/3398/1107 4634/3394/1104 4639/3399/1108
f 4640/3400/1109 4639/3399/1108 4634/3394/1104
f 4643/3401/1010 4642/3402/1110 4641/3403/1007
f 4644/3404/1009 4641/3403/1007 4642/3402/1110
f 4642/3402/1110 4645/3405/1111 4644/3404/1009
f 4641/3403/1007 4644/3404/1009 4646/3406/1006
f 4647/3407/1013 4644/3404/1009 4645/3405/1111
f 4648/3408/1112 4646/3406/1006 4644/3404/1009
f 4647/3407/1013 4649/3409/1113 4644/3404/1009
f 4648/3408/1112 4644/3404/1009 4649/3409/1113
f 4652/3296/1017 4651/3294/1017 4650/3297/22
f 4653/3295/19 4650/3297/22 4651/3294/1017
f 4650/3297/22 4653/3295/19 4654/3410/1019
f 4655/3411/1019 4654/3410/1019 4653/3295/19
f 4658/3412/910 4657/3413/1114 4656/3414/1020
f 4659/3415/1020 4656/3414/1020 4657/3413/1114
f 4656/3414/1020 4659/3415/1020 4660/3416/9
f 4661/3417/9 4660/3416/9 4659/3415/1020
f 4660/3416/9 4661/3417/9 4662/3418/1021
f 4663/3419/922 4662/3418/1021 4661/3417/9
f 4662/3418/1021 4663/3419/922 4664/3420/1115
f 4665/3421/906 4664/3420/1115 4663/3419/922
f 4668/3280/1023 4667/3278/1084 4666/3281/299
f 4669/3279/299 4666/3281/299 4667/3278/1084
f 4666/3281/299 4669/3279/299 4670/3422/1081
f 4671/3423/1025 4670/3422/1081 4669/3279/299
f 4674/3424/1026 4673/3425/1026 4672/3426/916
f 4675/3427/916 4672/3426/916 4673/3425/1026
f 4672/3426/916 4675/3427/916 4676/3428/12
f 4677/3429/12 4676/3428/12 4675/3427/916
f 4676/3428/12 4677/3429/12 4678/3430/915
f 4679/3431/915 4678/3430/915 4677/3429/12
f 4678/3430/915 4679/3431/915 4680/3432/1072
f 4681/3433/1028 4680/3432/1072 4679/3431/915
f 4684/3329/32 4683/3328/32 4682/3434/32
f 4685/3326/32 4682/3434/32 4683/3328/32
f 4688/3435/9 4687/3436/9 4686/3437/9
f 4689/3438/9 4686/3437/9 4687/3436/9
f 4692/3439/29 4691/3440/29 4690/3441/29
f 4693/3442/29 4690/3441/29 4691/3440/29
f 4696/3443/12 4695/3444/12 4694/3445/12
f 4697/3446/12 4694/3445/12 4695/3444/12
f 4700/3313/22 4699/3447/22 4698/3311/22
f 4701/3310/22 4698/3311/22 4699/3447/22
f 4704/3448/609 4703/3449/609 4702/3450/609
f 4705/3451/609 4702/3450/609 4703/3449/609
f 4708/3452/12 4707/3453/12 4706/3454/12
f 4709/3455/12 4706/3454/12 4707/3453/12
f 4712/3456/29 4711/3457/29 4710/3458/29
f 4713/3459/29 4710/3458/29 4711/3457/29
f 4716/3460/9 4715/3461/9 4714/3462/9
f 4717/3463/9 4714/3462/9 4715/3461/9
f 4720/3464/806 4719/3465/806 4718/3466/806
f 4721/3467/806 4718/3466/806 4719/3465/806
f 4724/3468/22 4723/3469/22 4722/3470/22
f 4725/3471/22 4722/3470/22 4723/3469/22
f 4728/3472/1116 4727/3473/1116 4726/3474/1116
f 4729/3475/1116 4726/3474/1116 4727/3473/1116
f 4732/3476/12 4731/3477/12 4730/3478/12
f 4733/3479/12 4730/3478/12 4731/3477/12
f 4736/3480/32 4735/3481/298 4734/3482/32
f 4737/3483/298 4734/3482/32 4735/3481/298
f 4740/3484/22 4739/3485/22 4738/3486/21
f 4741/3487/21 4738/3486/21 4739/3485/22
f 4744/3488/12 4743/3489/12 4742/3490/12
f 4745/3491/12 4742/3490/12 4743/3489/12
f 4748/3492/32 4747/3493/32 4746/3494/32
f 4749/3495/32 4746/3494/32 4747/3493/32
f 4752/3496/1116 4751/3497/1116 4750/3498/1116
f 4753/3499/1116 4750/3498/1116 4751/3497/1116
f 4756/3500/1116 4755/3475/1116 4754/3501/1116
f 4757/3502/1116 4754/3501/1116 4755/3475/1116
f 4760/3503/1116 4759/3504/1116 4758/3505/1116
f 4761/3506/1116 4758/3505/1116 4759/3504/1116
f 4764/3503/1116 4763/3498/1116 4762/3505/1116
f 4765/3506/1116 4762/3505/1116 4763/3498/1116
f 4768/3507/12 4767/3508/12 4766/3509/12
f 4769/3510/12 4766/3509/12 4767/3508/12
f 4772/3511/18 4771/3512/18 4770/3513/22
f 4773/3514/22 4770/3513/22 4771/3512/18
f 4776/3515/1117 4775/3516/301 4774/3517/1117
f 4777/3518/32 4774/3517/1117 4775/3516/301
f 4780/3519/12 4779/3520/12 4778/3521/12
f 4781/3522/12 4778/3521/12 4779/3520/12
f 4784/3523/1118 4783/3524/1118 4782/3525/1119
f 4785/3526/19 4782/3525/1119 4783/3524/1118
f 4788/3527/301 4787/3528/290 4786/3529/296
f 4789/3530/290 4786/3529/296 4787/3528/290
f 4792/3531/284 4791/3532/284 4790/3533/284
f 4793/3534/284 4790/3533/284 4791/3532/284
f 4796/3535/18 4795/3536/18 4794/3537/22
f 4797/3538/22 4794/3537/22 4795/3536/18
f 4800/3539/301 4799/3540/32 4798/3541/301
f 4801/3542/32 4798/3541/301 4799/3540/32
f 4804/3543/12 4803/3544/12 4802/3545/12
f 4805/3546/12 4802/3545/12 4803/3544/12
f 4808/3547/18 4807/3548/18 4806/3549/22
f 4809/3550/22 4806/3549/22 4807/3548/18
f 4812/3551/301 4811/3552/32 4810/3553/301
f 4813/3554/32 4810/3553/301 4811/3552/32
f 4816/3555/579 4815/3556/578 4814/3557/12
f 4817/3558/1120 4814/3557/12 4815/3556/578
f 4820/3559/592 4819/3560/591 4818/3561/9
f 4821/3562/1121 4818/3561/9 4819/3560/591
f 4824/3563/12 4823/3564/12 4822/3565/12
f 4825/3566/12 4822/3565/12 4823/3564/12
f 4828/3567/32 4827/3568/32 4826/3569/32
f 4829/3570/32 4826/3569/32 4827/3568/32
f 4832/3571/12 4831/3572/12 4830/3573/12
f 4833/3574/12 4830/3573/12 4831/3572/12
f 4836/3575/22 4835/1731/22 4834/3576/22
f 4837/3577/22 4834/3576/22 4835/1731/22
f 4843/3578/1122 4842/3579/29 4841/3580/1123
f 4841/3580/1123 4842/3579/29 4844/3581/1124
f 4845/3582/1125 4842/3579/29 4843/3578/1122
f 4844/3581/1124 4842/3579/29 4846/3583/1126
f 4847/3584/1127 4842/3579/29 4845/3582/1125
f 4846/3583/1126 4842/3579/29 4848/3585/1128
f 4849/3586/1129 4842/3579/29 4847/3584/1127
f 4848/3585/1128 4842/3579/29 4849/3586/1129
f 4852/3587/1130 4851/1937/1131 4850/3588/1132
f 4852/3587/1130 4853/3589/1133 4851/1937/1131
f 4854/1939/1134 4850/3588/1132 4851/1937/1131
f 4855/1938/1135 4851/1937/1131 4853/3589/1133
f 4850/3588/1132 4854/1939/1134 4856/3590/1136
f 4855/1938/1135 4853/3589/1133 4857/1940/1137
f 4858/1942/1138 4856/3590/1136 4854/1939/1134
f 4859/3591/1139 4857/1940/1137 4853/3589/1133
f 4856/3590/1136 4858/1942/1138 4860/3592/1140
f 4857/1940/1137 4859/3591/1139 4861/1941/1141
f 4862/1944/1142 4860/3592/1140 4858/1942/1138
f 4863/3593/1143 4861/1941/1141 4859/3591/1139
f 4860/3592/1140 4862/1944/1142 4864/3594/1144
f 4861/1941/1141 4863/3593/1143 4865/1943/1145
f 4866/1946/1146 4864/3594/1144 4862/1944/1142
f 4867/3595/1147 4865/1943/1145 4863/3593/1143
f 4865/1943/1145 4867/3595/1147 4868/1945/1148
f 4869/3596/1149 4868/1945/1148 4867/3595/1147
f 4864/3594/1144 4866/1946/1146 4870/3597/1150
f 4871/1948/1151 4870/3597/1150 4866/1946/1146
f 4868/1945/1148 4869/3596/1149 4872/1947/1152
f 4871/1948/1151 4872/1947/1152 4870/3597/1150
f 4873/3598/1153 4872/1947/1152 4869/3596/1149
f 4873/3598/1153 4870/3597/1150 4872/1947/1152
f 4876/3599/29 4875/3600/1127 4874/3601/1129
f 4876/3599/29 4874/3601/1129 4877/3602/1128
f 4876/3599/29 4878/3603/1125 4875/3600/1127
f 4876/3599/29 4877/3602/1128 4879/3604/1126
f 4876/3599/29 4880/3605/1122 4878/3603/1125
f 4876/3599/29 4879/3604/1126 4881/3606/1124
f 4876/3599/29 4882/3607/1123 4880/3605/1122
f 4876/3599/29 4881/3606/1124 4882/3607/1123
f 4885/3608/1133 4884/3609/1154 4883/2181/1155
f 4885/3608/1133 4883/2181/1155 4886/3610/1156
f 4887/2182/1157 4883/2181/1155 4884/3609/1154
f 4888/2183/1158 4886/3610/1156 4883/2181/1155
f 4884/3609/1154 4889/3611/1159 4887/2182/1157
f 4888/2183/1158 4890/2184/1160 4886/3610/1156
f 4891/2186/1161 4887/2182/1157 4889/3611/1159
f 4892/3612/1162 4886/3610/1156 4890/2184/1160
f 4889/3611/1159 4893/3613/1163 4891/2186/1161
f 4890/2184/1160 4894/2185/1164 4892/3612/1162
f 4895/2188/1165 4891/2186/1161 4893/3613/1163
f 4896/3614/1166 4892/3612/1162 4894/2185/1164
f 4893/3613/1163 4897/3615/1167 4895/2188/1165
f 4894/2185/1164 4898/2187/1168 4896/3614/1166
f 4899/2190/1169 4895/2188/1165 4897/3615/1167
f 4900/3616/1170 4896/3614/1166 4898/2187/1168
f 4898/2187/1168 4901/2189/1171 4900/3616/1170
f 4902/3617/1172 4900/3616/1170 4901/2189/1171
f 4897/3615/1167 4903/3618/1153 4899/2190/1169
f 4904/2192/1173 4899/2190/1169 4903/3618/1153
f 4901/2189/1171 4905/2191/1174 4902/3617/1172
f 4904/2192/1173 4903/3618/1153 4905/2191/1174
f 4906/3619/1150 4902/3617/1172 4905/2191/1174
f 4906/3619/1150 4905/2191/1174 4903/3618/1153
f 4909/3620/1122 4908/3621/29 4907/3622/1123
f 4907/3622/1123 4908/3621/29 4910/3623/1124
f 4911/3624/1125 4908/3621/29 4909/3620/1122
f 4910/3623/1124 4908/3621/29 4912/3625/1126
f 4913/3626/1127 4908/3621/29 4911/3624/1125
f 4912/3625/1126 4908/3621/29 4914/3627/1128
f 4915/3628/1129 4908/3621/29 4913/3626/1127
f 4914/3627/1128 4908/3621/29 4915/3628/1129
f 4918/3629/29 4917/3630/1127 4916/3631/1129
f 4918/3629/29 4916/3631/1129 4919/3632/1128
f 4918/3629/29 4920/3633/1125 4917/3630/1127
f 4918/3629/29 4919/3632/1128 4921/3634/1126
f 4918/3629/29 4922/3635/1122 4920/3633/1125
f 4918/3629/29 4921/3634/1126 4923/3636/1124
f 4918/3629/29 4924/3637/1123 4922/3635/1122
f 4918/3629/29 4923/3636/1124 4924/3637/1123
f 4927/3638/1175 4926/3639/1176 4925/3640/1177
f 4927/3638/1175 4928/3641/1178 4926/3639/1176
f 4929/3642/1179 4925/3640/1177 4926/3639/1176
f 4930/3643/1180 4926/3639/1176 4928/3641/1178
f 4929/3642/1179 4931/3644/1181 4925/3640/1177
f 4932/3645/1182 4925/3640/1177 4931/3644/1181
f 4928/3641/1178 4933/3646/1183 4930/3643/1180
f 4934/3647/1184 4930/3643/1180 4933/3646/1183
f 4931/3644/1181 4935/3648/1185 4932/3645/1182
f 4934/3647/1184 4933/3646/1183 4935/3648/1185
f 4936/3649/1186 4932/3645/1182 4935/3648/1185
f 4936/3649/1186 4935/3648/1185 4933/3646/1183
f 4939/3650/1187 4938/3651/29 4937/3652/1188
f 4937/3652/1188 4938/3651/29 4940/3653/1189
f 4941/3654/1190 4938/3651/29 4939/3650/1187
f 4940/3653/1189 4938/3651/29 4942/3655/1191
f 4943/3656/1192 4938/3651/29 4941/3654/1190
f 4942/3655/1191 4938/3651/29 4944/3657/1193
f 4945/3658/1194 4938/3651/29 4943/3656/1192
f 4944/3657/1193 4938/3651/29 4945/3658/1194
f 4948/3659/1175 4947/3660/1195 4946/3661/1176
f 4948/3659/1175 4946/3661/1176 4949/3662/1196
f 4950/3663/1197 4946/3661/1176 4947/3660/1195
f 4951/3664/1198 4949/3662/1196 4946/3661/1176
f 4950/3663/1197 4947/3660/1195 4952/3665/1199
f 4953/3666/1200 4952/3665/1199 4947/3660/1195
f 4949/3662/1196 4951/3664/1198 4954/3667/1201
f 4955/3668/1202 4954/3667/1201 4951/3664/1198
f 4952/3665/1199 4953/3666/1200 4956/3669/1185
f 4955/3668/1202 4956/3669/1185 4954/3667/1201
f 4957/3670/1186 4956/3669/1185 4953/3666/1200
f 4957/3670/1186 4954/3667/1201 4956/3669/1185
f 4960/3671/29 4959/3672/1192 4958/3673/1194
f 4960/3671/29 4958/3673/1194 4961/3674/1193
f 4960/3671/29 4962/3675/1190 4959/3672/1192
f 4960/3671/29 4961/3674/1193 4963/3676/1191
f 4960/3671/29 4964/3677/1187 4962/3675/1190
f 4960/3671/29 4963/3676/1191 4965/3678/1189
f 4960/3671/29 4966/3679/1188 4964/3677/1187
f 4960/3671/29 4965/3678/1189 4966/3679/1188
f 4969/3680/29 4968/3681/29 4967/3682/29
f 4969/3680/29 4970/3683/29 4968/3681/29
f 4971/3684/29 4967/3682/29 4968/3681/29
f 4972/3685/29 4968/3681/29 4970/3683/29
f 4967/3682/29 4971/3684/29 4973/3686/29
f 4970/3683/29 4974/3687/29 4972/3685/29
f 4975/3688/29 4973/3686/29 4971/3684/29
f 4976/3689/29 4972/3685/29 4974/3687/29
f 4973/3686/29 4975/3688/29 4977/3690/29
f 4974/3687/29 4978/3691/29 4976/3689/29
f 4979/3692/29 4977/3690/29 4975/3688/29
f 4980/3693/29 4976/3689/29 4978/3691/29
f 4977/3690/29 4979/3692/29 4981/3694/29
f 4978/3691/29 4981/3694/29 4980/3693/29
f 4982/3695/29 4981/3694/29 4979/3692/29
f 4982/3695/29 4980/3693/29 4981/3694/29
f 4985/3696/167 4984/3697/167 4983/3698/167
f 4985/3696/167 4986/3699/167 4984/3697/167
f 4987/3700/167 4983/3698/167 4984/3697/167
f 4988/3701/167 4984/3697/167 4986/3699/167
f 4983/3698/167 4987/3700/167 4989/3702/167
f 4986/3699/167 4990/3703/167 4988/3701/167
f 4991/3704/167 4989/3702/167 4987/3700/167
f 4992/3705/167 4988/3701/167 4990/3703/167
f 4989/3702/167 4991/3704/167 4993/3706/167
f 4990/3703/167 4994/3707/167 4992/3705/167
f 4995/3708/167 4993/3706/167 4991/3704/167
f 4996/3709/167 4992/3705/167 4994/3707/167
f 4993/3706/167 4995/3708/167 4997/3710/167
f 4994/3707/167 4997/3710/167 4996/3709/167
f 4998/3711/167 4997/3710/167 4995/3708/167
f 4998/3711/167 4996/3709/167 4997/3710/167
f 5001/3712/1203 5000/3713/1204 4999/3714/29
f 5000/3713/1204 5002/3715/1205 4999/3714/29
f 5003/3716/1206 5001/3712/1203 4999/3714/29
f 5002/3715/1205 5004/3717/1207 4999/3714/29
f 5005/3718/1208 5003/3716/1206 4999/3714/29
f 5004/3717/1207 5006/3719/1209 4999/3714/29
f 5007/3720/1210 5005/3718/1208 4999/3714/29
f 5006/3719/1209 5008/3721/1211 4999/3714/29
f 5009/3722/1212 5007/3720/1210 4999/3714/29
f 5008/3721/1211 5010/3723/1213 4999/3714/29
f 5011/3724/1214 5009/3722/1212 4999/3714/29
f 5010/3723/1213 5011/3724/1214 4999/3714/29
f 5014/3712/1203 5013/3713/1204 5012/3714/29
f 5013/3713/1204 5015/3715/1205 5012/3714/29
f 5016/3716/1206 5014/3712/1203 5012/3714/29
f 5015/3715/1205 5017/3717/1207 5012/3714/29
f 5018/3718/1208 5016/3716/1206 5012/3714/29
f 5017/3717/1207 5019/3719/1209 5012/3714/29
f 5020/3720/1210 5018/3718/1208 5012/3714/29
f 5019/3719/1209 5021/3721/1211 5012/3714/29
f 5022/3722/1212 5020/3720/1210 5012/3714/29
f 5021/3721/1211 5023/3723/1213 5012/3714/29
f 5024/3724/1214 5022/3722/1212 5012/3714/29
f 5023/3723/1213 5024/3724/1214 5012/3714/29
f 5027/3725/1215 5026/3726/1213 5025/3727/29
f 5028/3728/1216 5027/3725/1215 5025/3727/29
f 5026/3726/1213 5029/3729/1217 5025/3727/29
f 5030/3730/1207 5028/3728/1216 5025/3727/29
f 5029/3729/1217 5031/3731/1218 5025/3727/29
f 5032/3732/1219 5030/3730/1207 5025/3727/29
f 5031/3731/1218 5033/3733/1210 5025/3727/29
f 5034/3734/1220 5032/3732/1219 5025/3727/29
f 5033/3733/1210 5035/3735/1221 5025/3727/29
f 5036/3736/1203 5034/3734/1220 5025/3727/29
f 5035/3735/1221 5037/3737/1222 5025/3727/29
f 5037/3737/1222 5036/3736/1203 5025/3727/29
f 5040/3725/1215 5039/3726/1213 5038/3727/29
f 5041/3728/1216 5040/3725/1215 5038/3727/29
f 5039/3726/1213 5042/3729/1217 5038/3727/29
f 5043/3730/1207 5041/3728/1216 5038/3727/29
f 5042/3729/1217 5044/3731/1218 5038/3727/29
f 5045/3732/1219 5043/3730/1207 5038/3727/29
f 5044/3731/1218 5046/3733/1210 5038/3727/29
f 5047/3734/1220 5045/3732/1219 5038/3727/29
f 5046/3733/1210 5048/3735/1221 5038/3727/29
f 5049/3736/1203 5047/3734/1220 5038/3727/29
f 5048/3735/1221 5050/3737/1222 5038/3727/29
f 5050/3737/1222 5049/3736/1203 5038/3727/29
f 5053/3738/1223 5052/3739/1224 5051/3740/1225
f 5054/3741/1226 5051/3740/1225 5052/3739/1224
f 5052/3739/1224 5053/3738/1223 5055/3742/1227
f 5051/3740/1225 5054/3741/1226 5056/3743/1228
f 5057/3744/1229 5056/3743/1228 5054/3741/1226
f 5058/3745/1230 5055/3742/1227 5053/3738/1223
f 5055/3742/1227 5058/3745/1230 5059/3746/1231
f 5056/3743/1228 5057/3744/1229 5060/3747/1232
f 5061/3748/1233 5060/3747/1232 5057/3744/1229
f 5062/3749/1234 5059/3746/1231 5058/3745/1230
f 5059/3746/1231 5062/3749/1234 5063/3750/1235
f 5060/3747/1232 5061/3748/1233 5064/3751/1236
f 5065/3752/1237 5064/3751/1236 5061/3748/1233
f 5066/3753/1238 5063/3750/1235 5062/3749/1234
f 5063/3750/1235 5066/3753/1238 5067/3754/1239
f 5064/3751/1236 5065/3752/1237 5068/3755/1240
f 5069/3756/1241 5068/3755/1240 5065/3752/1237
f 5070/3757/1242 5067/3754/1239 5066/3753/1238
f 5067/3754/1239 5070/3757/1242 5071/3758/1243
f 5068/3755/1240 5069/3756/1241 5072/3759/1244
f 5073/3760/1245 5072/3759/1244 5069/3756/1241
f 5071/3758/1243 5074/3761/1246 5073/3760/1245
f 5074/3761/1246 5071/3758/1243 5070/3757/1242
f 5072/3759/1244 5073/3760/1245 5074/3761/1246
f 5064/3751/1236 5075/3762/1247 5060/3747/1232
f 5076/3763/1248 5060/3747/1232 5075/3762/1247
f 5075/3762/1247 5064/3751/1236 5077/3764/1249
f 5068/3755/1240 5077/3764/1249 5064/3751/1236
f 5060/3747/1232 5076/3763/1248 5056/3743/1228
f 5077/3764/1249 5068/3755/1240 5078/3765/1250
f 5072/3759/1244 5078/3765/1250 5068/3755/1240
f 5079/3766/1251 5056/3743/1228 5076/3763/1248
f 5078/3765/1250 5072/3759/1244 5080/3767/1252
f 5074/3761/1246 5080/3767/1252 5072/3759/1244
f 5056/3743/1228 5079/3766/1251 5051/3740/1225
f 5080/3767/1252 5074/3761/1246 5081/3768/1253
f 5082/3769/1254 5051/3740/1225 5079/3766/1251
f 5070/3757/1242 5081/3768/1253 5074/3761/1246
f 5051/3740/1225 5082/3769/1254 5053/3738/1223
f 5081/3768/1253 5070/3757/1242 5083/3770/1255
f 5084/3771/1256 5053/3738/1223 5082/3769/1254
f 5066/3753/1238 5083/3770/1255 5070/3757/1242
f 5053/3738/1223 5084/3771/1256 5058/3745/1230
f 5083/3770/1255 5066/3753/1238 5085/3772/1257
f 5086/3773/1258 5058/3745/1230 5084/3771/1256
f 5062/3749/1234 5085/3772/1257 5066/3753/1238
f 5058/3745/1230 5086/3773/1258 5062/3749/1234
f 5085/3772/1257 5062/3749/1234 5086/3773/1258
f 5089/3774/1259 5088/3775/1260 5087/3776/1228
f 5090/3777/1261 5087/3776/1228 5088/3775/1260
f 5088/3775/1260 5091/3778/1262 5090/3777/1261
f 5087/3776/1228 5092/3779/1225 5089/3774/1259
f 5093/3780/1263 5089/3774/1259 5092/3779/1225
f 5094/3781/1264 5090/3777/1261 5091/3778/1262
f 5091/3778/1262 5095/3782/1265 5094/3781/1264
f 5092/3779/1225 5096/3783/1266 5093/3780/1263
f 5097/3784/1267 5093/3780/1263 5096/3783/1266
f 5098/3785/1268 5094/3781/1264 5095/3782/1265
f 5095/3782/1265 5099/3786/1269 5098/3785/1268
f 5096/3783/1266 5100/3787/1270 5097/3784/1267
f 5101/3788/1271 5097/3784/1267 5100/3787/1270
f 5102/3789/1272 5098/3785/1268 5099/3786/1269
f 5099/3786/1269 5103/3790/1273 5102/3789/1272
f 5100/3787/1270 5104/3791/1274 5101/3788/1271
f 5105/3792/1275 5101/3788/1271 5104/3791/1274
f 5106/3793/1246 5102/3789/1272 5103/3790/1273
f 5103/3790/1273 5107/3794/1276 5106/3793/1246
f 5104/3791/1274 5108/3795/1277 5105/3792/1275
f 5109/3796/1278 5105/3792/1275 5108/3795/1277
f 5107/3794/1276 5109/3796/1278 5110/3797/1242
f 5110/3797/1242 5106/3793/1246 5107/3794/1276
f 5108/3795/1277 5110/3797/1242 5109/3796/1278
f 5100/3787/1270 5096/3783/1266 5111/3798/1279
f 5111/3798/1279 5112/3799/1280 5100/3787/1270
f 5104/3791/1274 5100/3787/1270 5112/3799/1280
f 5113/3800/1281 5111/3798/1279 5096/3783/1266
f 5112/3799/1280 5114/3801/1282 5104/3791/1274
f 5108/3795/1277 5104/3791/1274 5114/3801/1282
f 5096/3783/1266 5092/3779/1225 5113/3800/1281
f 5114/3801/1282 5115/3802/1283 5108/3795/1277
f 5110/3797/1242 5108/3795/1277 5115/3802/1283
f 5116/3803/1254 5113/3800/1281 5092/3779/1225
f 5115/3802/1283 5117/3804/1284 5110/3797/1242
f 5106/3793/1246 5110/3797/1242 5117/3804/1284
f 5092/3779/1225 5087/3776/1228 5116/3803/1254
f 5117/3804/1284 5118/3805/1285 5106/3793/1246
f 5119/3806/1286 5116/3803/1254 5087/3776/1228
f 5102/3789/1272 5106/3793/1246 5118/3805/1285
f 5087/3776/1228 5090/3777/1261 5119/3806/1286
f 5118/3805/1285 5120/3807/1287 5102/3789/1272
f 5121/3808/1288 5119/3806/1286 5090/3777/1261
f 5098/3785/1268 5102/3789/1272 5120/3807/1287
f 5090/3777/1261 5094/3781/1264 5121/3808/1288
f 5120/3807/1287 5122/3809/1289 5098/3785/1268
f 5122/3809/1289 5121/3808/1288 5094/3781/1264
f 5094/3781/1264 5098/3785/1268 5122/3809/1289
f 5125/3810/12 5124/3811/12 5123/3812/12
f 5126/3813/12 5123/3812/12 5124/3811/12
f 5124/3811/12 5125/3810/12 5127/3814/12
f 5123/3812/12 5126/3813/12 5128/3815/280
f 5129/3816/12 5127/3814/12 5125/3810/12
f 5130/3817/280 5128/3815/280 5126/3813/12
f 5127/3814/12 5129/3816/12 5131/3818/12
f 5128/3815/280 5130/3817/280 5132/3819/12
f 5133/3820/12 5131/3818/12 5129/3816/12
f 5134/3821/12 5132/3819/12 5130/3817/280
f 5131/3818/12 5133/3820/12 5135/3822/12
f 5132/3819/12 5134/3821/12 5136/3823/12
f 5137/3824/12 5135/3822/12 5133/3820/12
f 5138/3825/12 5136/3823/12 5134/3821/12
f 5135/3822/12 5137/3824/12 5139/3826/12
f 5136/3823/12 5138/3825/12 5140/3827/12
f 5141/3828/12 5139/3826/12 5137/3824/12
f 5142/3829/12 5140/3827/12 5138/3825/12
f 5139/3826/12 5141/3828/12 5143/3830/12
f 5140/3827/12 5142/3829/12 5144/3831/12
f 5145/3832/12 5143/3830/12 5141/3828/12
f 5146/3833/12 5144/3831/12 5142/3829/12
f 5143/3830/12 5145/3832/12 5146/3833/12
f 5144/3831/12 5146/3833/12 5145/3832/12
f 5149/3834/12 5148/3835/12 5147/3836/12
f 5150/3837/12 5147/3836/12 5148/3835/12
f 5147/3836/12 5151/3838/281 5149/3834/12
f 5148/3835/12 5152/3839/12 5150/3837/12
f 5153/3840/281 5149/3834/12 5151/3838/281
f 5154/3841/12 5150/3837/12 5152/3839/12
f 5151/3838/281 5155/3842/12 5153/3840/281
f 5152/3839/12 5156/3843/12 5154/3841/12
f 5157/3844/12 5153/3840/281 5155/3842/12
f 5158/3845/12 5154/3841/12 5156/3843/12
f 5155/3842/12 5159/3846/12 5157/3844/12
f 5156/3843/12 5160/3847/12 5158/3845/12
f 5161/3848/12 5157/3844/12 5159/3846/12
f 5162/3849/12 5158/3845/12 5160/3847/12
f 5159/3846/12 5163/3850/12 5161/3848/12
f 5160/3847/12 5164/3851/281 5162/3849/12
f 5165/3852/12 5161/3848/12 5163/3850/12
f 5166/3853/281 5162/3849/12 5164/3851/281
f 5163/3850/12 5167/3854/12 5165/3852/12
f 5164/3851/281 5168/3855/12 5166/3853/281
f 5169/3856/12 5165/3852/12 5167/3854/12
f 5170/3857/12 5166/3853/281 5168/3855/12
f 5167/3854/12 5170/3857/12 5169/3856/12
f 5168/3855/12 5169/3856/12 5170/3857/12
l 4838 4839
l 1058 1059
l 4072 4073
l 4060 4061
l 4064 4065
l 4068 4069
l 4839 4840
l 76 77
l 4070 4071
l 4058 4059
l 4062 4063
l 4066 4067
