# Blender 5.1.0
# www.blender.org
mtllib DidoX_Deckhouse_A1_001_10_DidoX_Deckhouse_A1_001_10.mtl
o DidoX_Deckhouse_A1_001_10_DidoX_Deckhouse_A1_001_10
v -3.493225 24.333214 2.243403
v -3.550476 24.435661 2.151972
v -3.532837 24.453117 2.171269
v -3.508667 24.309074 2.228127
v -3.478454 24.288658 2.371054
v -3.492126 24.259178 2.371081
v -3.493225 24.333427 2.498619
v -3.508667 24.309349 2.513939
v -3.530639 24.446861 2.566578
v -3.550476 24.436058 2.589861
v -3.598022 24.580070 2.563320
v -3.528076 24.439201 2.613132
v -3.580627 24.598198 2.583827
v -3.629089 24.673973 2.446735
v -3.614929 24.702049 2.454880
v -3.629089 24.673820 2.294657
v -3.614929 24.701897 2.294630
v -3.466430 24.323021 2.228115
v -3.532837 24.453117 2.171269
v -3.508240 24.449608 2.151958
v -3.493225 24.333214 2.243403
v -3.481872 24.298882 2.212837
v -3.508240 24.449608 2.151958
v -3.525940 24.432152 2.132662
v -3.466430 24.323021 2.228115
v -3.463623 24.243645 2.371096
v -3.449951 24.273125 2.371067
v -3.481872 24.299187 2.529248
v -3.466430 24.323265 2.513928
v -3.528076 24.439201 2.613132
v -3.508240 24.450005 2.589845
v -3.555786 24.594017 2.563308
v -3.530639 24.446861 2.566578
v -3.573242 24.575890 2.542801
v -3.586853 24.687920 2.446721
v -3.601013 24.659813 2.438577
v -3.586853 24.687767 2.294645
v -3.601013 24.659691 2.294670
v -3.508667 24.309074 2.228127
v -3.525940 24.432152 2.132662
v -3.550476 24.435661 2.151972
v -3.481872 24.298882 2.212837
v -3.449951 24.273125 2.371067
v -3.493225 24.333214 2.243403
v -3.466430 24.323021 2.228115
v -3.478454 24.288658 2.371054
v -3.466430 24.323265 2.513928
v -3.493225 24.333427 2.498619
v -3.492126 24.259178 2.371081
v -3.481872 24.298882 2.212837
v -3.508667 24.309074 2.228127
v -3.463623 24.243645 2.371096
v -3.508667 24.309349 2.513939
v -3.481872 24.299187 2.529248
v -3.508240 24.450005 2.589845
v -3.493225 24.333427 2.498619
v -3.466430 24.323265 2.513928
v -3.530639 24.446861 2.566578
v -3.550476 24.436058 2.589861
v -3.481872 24.299187 2.529248
v -3.508667 24.309349 2.513939
v -3.528076 24.439201 2.613132
v -3.573242 24.575890 2.542801
v -3.550476 24.436058 2.589861
v -3.530639 24.446861 2.566578
v -3.598022 24.580070 2.563320
v -3.580627 24.598198 2.583827
v -3.508240 24.450005 2.589845
v -3.528076 24.439201 2.613132
v -3.555786 24.594017 2.563308
v -3.601013 24.659813 2.438577
v -3.598022 24.580070 2.563320
v -3.573242 24.575890 2.542801
v -3.629089 24.673973 2.446735
v -3.601013 24.659691 2.294670
v -3.629089 24.673820 2.294657
v -3.614929 24.702049 2.454880
v -3.555786 24.594017 2.563308
v -3.580627 24.598198 2.583827
v -3.586853 24.687920 2.446721
v -3.614929 24.701897 2.294630
v -3.586853 24.687767 2.294645
v -3.085143 24.631187 2.243119
v -3.191283 24.681175 2.151743
v -3.187072 24.705620 2.171031
v -3.083678 24.602562 2.227853
v -3.047240 24.603539 2.370756
v -3.041198 24.571617 2.370785
v -3.085143 24.631401 2.498347
v -3.083678 24.602806 2.513666
v -3.181457 24.701897 2.566335
v -3.191283 24.681572 2.589634
v -3.057433 24.638451 2.227820
v -3.187072 24.705620 2.171031
v -3.165038 24.717064 2.151708
v -3.085143 24.631187 2.243119
v -3.014953 24.607506 2.370754
v -3.047240 24.603539 2.370756
v -3.057433 24.638695 2.513633
v -3.085143 24.631401 2.498347
v -3.165038 24.717461 2.589599
v -3.181457 24.701897 2.566335
v -3.056030 24.609825 2.212554
v -3.165038 24.717064 2.151708
v -3.169250 24.692589 2.132419
v -3.057433 24.638451 2.227820
v -3.008971 24.575554 2.370784
v -3.014953 24.607506 2.370754
v -3.056030 24.610100 2.528952
v -3.057433 24.638695 2.513633
v -3.174865 24.697136 2.612894
v -3.165038 24.717461 2.589599
v -3.083678 24.602562 2.227853
v -3.169250 24.692589 2.132419
v -3.191283 24.681175 2.151743
v -3.056030 24.609825 2.212554
v -3.041198 24.571617 2.370785
v -3.008971 24.575554 2.370784
v -3.083678 24.602806 2.513666
v -3.056030 24.610100 2.528952
v -3.191283 24.681572 2.589634
v -3.174865 24.697136 2.612894
v -3.191283 24.681572 2.589634
v -3.291015 24.782005 2.542610
v -3.313598 24.771019 2.563142
v -3.181457 24.701897 2.566335
v -3.287353 24.806908 2.563108
v -3.165038 24.717461 2.589599
v -3.165038 24.717461 2.589599
v -3.309936 24.795921 2.583642
v -3.287353 24.806908 2.563108
v -3.174865 24.697136 2.612894
v -3.313598 24.771019 2.563142
v -3.191283 24.681572 2.589634
v -3.362365 24.834129 2.438421
v -3.313598 24.771019 2.563142
v -3.291015 24.782005 2.542610
v -3.393432 24.829308 2.446590
v -3.362365 24.833977 2.294506
v -3.393432 24.829155 2.294513
v -3.367187 24.865196 2.446560
v -3.291015 24.782005 2.542610
v -3.287353 24.806908 2.563108
v -3.362365 24.834129 2.438421
v -3.367187 24.865044 2.294477
v -3.362365 24.833977 2.294506
v -3.398254 24.860374 2.454729
v -3.287353 24.806908 2.563108
v -3.309936 24.795921 2.583642
v -3.367187 24.865196 2.446560
v -3.398254 24.860252 2.294483
v -3.367187 24.865044 2.294477
v -3.393432 24.829308 2.446590
v -3.309936 24.795921 2.583642
v -3.313598 24.771019 2.563142
v -3.398254 24.860374 2.454729
v -3.393432 24.829155 2.294513
v -3.398254 24.860252 2.294483
v -2.926879 25.109123 2.242614
v -3.042297 25.096001 2.151359
v -3.051635 25.119072 2.170605
v -2.910644 25.085503 2.227405
v -3.029479 25.117271 2.132070
v -2.890807 25.106194 2.212155
v -2.858642 25.081474 2.370315
v -2.833251 25.101738 2.370295
v -2.910644 25.085777 2.513218
v -2.890807 25.106499 2.528429
v -3.042297 25.096428 2.589249
v -3.036498 25.118279 2.612521
v -3.044616 25.118889 2.565932
v -2.926879 25.109367 2.497967
v -3.178527 25.129601 2.542312
v -3.192077 25.108421 2.562830
v -3.202087 25.131523 2.583305
v -3.265930 25.136528 2.438194
v -3.289856 25.116142 2.446325
v -3.310241 25.140099 2.454414
v -3.265930 25.136375 2.294229
v -3.289856 25.116020 2.294248
v -2.890807 25.106194 2.212155
v -3.038757 25.140343 2.151317
v -3.029479 25.117271 2.132070
v -2.907104 25.129845 2.227364
v -3.051635 25.119072 2.170605
v -2.926879 25.109123 2.242614
v -2.855041 25.125786 2.370272
v -2.880431 25.105522 2.370293
v -2.907104 25.130089 2.513176
v -2.926879 25.109367 2.497967
v -3.038757 25.140739 2.589206
v -3.044616 25.118889 2.565932
v -3.036498 25.118279 2.612521
v -2.890807 25.106499 2.528429
v -3.202087 25.131523 2.583305
v -3.188537 25.152733 2.562786
v -3.178527 25.129601 2.542312
v -3.310241 25.140099 2.454414
v -3.286316 25.160454 2.446284
v -3.265930 25.136528 2.438194
v -3.310241 25.139946 2.294225
v -3.286316 25.160332 2.294205
v -2.880431 25.105522 2.370293
v -2.910644 25.085503 2.227405
v -2.926879 25.109123 2.242614
v -2.858642 25.081474 2.370315
v -2.926879 25.109367 2.497967
v -2.910644 25.085777 2.513218
v -2.833251 25.101738 2.370295
v -2.907104 25.129845 2.227364
v -2.890807 25.106194 2.212155
v -2.855041 25.125786 2.370272
v -2.890807 25.106499 2.528429
v -2.907104 25.130089 2.513176
v -3.286316 25.160332 2.294205
v -3.265930 25.136528 2.438194
v -3.286316 25.160454 2.446284
v -3.265930 25.136375 2.294229
v -3.289856 25.116020 2.294248
v -3.310241 25.140099 2.454414
v -3.289856 25.116142 2.446325
v -3.310241 25.139946 2.294225
v -2.926879 26.319937 2.241644
v -3.038757 26.288597 2.150405
v -3.051635 26.309868 2.169652
v -2.907104 26.299215 2.226433
v -3.029480 26.311607 2.131113
v -2.890808 26.322805 2.211180
v -2.880432 26.323814 2.369315
v -2.855041 26.303520 2.369334
v -2.926879 26.320183 2.496994
v -2.907104 26.299492 2.512244
v -3.044616 26.310814 2.564980
v -3.038757 26.288994 2.588294
v -2.890808 26.323112 2.527452
v -3.178527 26.300041 2.541377
v -3.036499 26.311485 2.611565
v -3.188537 26.276939 2.561897
v -3.265930 26.292931 2.437272
v -3.202087 26.298180 2.582375
v -3.286316 26.269005 2.445405
v -3.310242 26.289391 2.453500
v -3.286316 26.268852 2.293328
v -3.310242 26.289238 2.293309
v -3.051635 26.309868 2.169652
v -2.910644 26.343557 2.226392
v -2.926879 26.319937 2.241644
v -3.042297 26.332909 2.150364
v -2.890808 26.322805 2.211180
v -3.029480 26.311607 2.131113
v -2.833251 26.327599 2.369311
v -2.858642 26.347862 2.369292
v -2.890808 26.323112 2.527452
v -2.910644 26.343803 2.512204
v -3.036499 26.311485 2.611565
v -3.042297 26.333305 2.588252
v -2.926879 26.320183 2.496994
v -3.202087 26.298180 2.582375
v -3.044616 26.310814 2.564980
v -3.192077 26.321281 2.561854
v -3.310242 26.289391 2.453500
v -3.178527 26.300041 2.541377
v -3.289856 26.313316 2.445365
v -3.265930 26.292931 2.437272
v -3.289856 26.313164 2.293288
v -3.265930 26.292778 2.293305
v -2.858642 26.347862 2.369292
v -2.926879 26.319937 2.241644
v -2.910644 26.343557 2.226392
v -2.880432 26.323814 2.369315
v -2.910644 26.343803 2.512204
v -2.926879 26.320183 2.496994
v -2.855041 26.303520 2.369334
v -2.890808 26.322805 2.211180
v -2.907104 26.299215 2.226433
v -2.833251 26.327599 2.369311
v -2.907104 26.299492 2.512244
v -2.890808 26.323112 2.527452
v -3.265930 26.292778 2.293305
v -3.286316 26.269005 2.445405
v -3.265930 26.292931 2.437272
v -3.286316 26.268852 2.293328
v -3.310242 26.289238 2.293309
v -3.289856 26.313316 2.445365
v -3.310242 26.289391 2.453500
v -3.289856 26.313164 2.293288
v -3.085143 26.797903 2.241263
v -3.165038 26.711876 2.150012
v -3.187072 26.723320 2.169312
v -3.057433 26.790609 2.225977
v -3.047240 26.825768 2.368849
v -3.014953 26.821831 2.368855
v -3.085143 26.798149 2.496491
v -3.057433 26.790886 2.511790
v -3.181457 26.727776 2.564611
v -3.165038 26.712273 2.587902
v -3.083678 26.826498 2.225943
v -3.187072 26.723320 2.169312
v -3.191283 26.747765 2.149980
v -3.085143 26.797903 2.241263
v -3.041198 26.857719 2.368821
v -3.047240 26.825768 2.368849
v -3.083678 26.826775 2.511755
v -3.085143 26.798149 2.496491
v -3.191283 26.748161 2.587869
v -3.181457 26.727776 2.564611
v -3.056029 26.819204 2.210657
v -3.191283 26.747765 2.149980
v -3.169250 26.736290 2.130680
v -3.083678 26.826498 2.225943
v -3.008971 26.853752 2.368824
v -3.041198 26.857719 2.368821
v -3.056029 26.819511 2.527056
v -3.083678 26.826775 2.511755
v -3.174865 26.732628 2.611159
v -3.191283 26.748161 2.587869
v -3.057433 26.790609 2.225977
v -3.169250 26.736290 2.130680
v -3.165038 26.711876 2.150012
v -3.056029 26.819204 2.210657
v -3.014953 26.821831 2.368855
v -3.008971 26.853752 2.368824
v -3.057433 26.790886 2.511790
v -3.056029 26.819511 2.527056
v -3.165038 26.712273 2.587902
v -3.174865 26.732628 2.611159
v -3.165038 26.712273 2.587902
v -3.291015 26.647636 2.541033
v -3.287353 26.622765 2.561578
v -3.181457 26.727776 2.564611
v -3.313598 26.658653 2.561543
v -3.191283 26.748161 2.587869
v -3.191283 26.748161 2.587869
v -3.309936 26.633812 2.582089
v -3.313598 26.658653 2.561543
v -3.174865 26.732628 2.611159
v -3.287353 26.622765 2.561578
v -3.165038 26.712273 2.587902
v -3.362365 26.595329 2.436939
v -3.287353 26.622765 2.561578
v -3.291015 26.647636 2.541033
v -3.367187 26.564262 2.445132
v -3.362365 26.595177 2.293027
v -3.367187 26.564110 2.293056
v -3.393432 26.600151 2.445101
v -3.291015 26.647636 2.541033
v -3.313598 26.658653 2.561543
v -3.362365 26.595329 2.436939
v -3.393432 26.599998 2.293022
v -3.362365 26.595177 2.293027
v -3.398254 26.569084 2.453295
v -3.313598 26.658653 2.561543
v -3.309936 26.633812 2.582089
v -3.393432 26.600151 2.445101
v -3.398254 26.568932 2.293052
v -3.393432 26.599998 2.293022
v -3.367187 26.564262 2.445132
v -3.309936 26.633812 2.582089
v -3.287353 26.622765 2.561578
v -3.398254 26.569084 2.453295
v -3.367187 26.564110 2.293056
v -3.398254 26.568932 2.293052
v -3.493225 27.095879 2.240995
v -3.508239 26.979301 2.149767
v -3.532836 26.975853 2.169085
v -3.466430 27.106041 2.225688
v -3.508667 27.119987 2.225674
v -3.532836 26.975853 2.169085
v -3.550476 26.993248 2.149755
v -3.493225 27.095879 2.240995
v -3.492126 27.170128 2.368534
v -3.478454 27.140648 2.368564
v -3.508667 27.120232 2.511487
v -3.493225 27.096123 2.496212
v -3.550476 26.993645 2.587645
v -3.530639 26.982811 2.564379
v -3.481872 27.130150 2.210369
v -3.550476 26.993248 2.149755
v -3.525939 26.996727 2.130437
v -3.508667 27.119987 2.225674
v -3.466430 27.106041 2.225688
v -3.525939 26.996727 2.130437
v -3.508239 26.979301 2.149767
v -3.481872 27.130150 2.210369
v -3.449951 27.156181 2.368548
v -3.463623 27.185661 2.368520
v -3.466430 27.106316 2.511503
v -3.481872 27.130424 2.526777
v -3.508239 26.979729 2.587656
v -3.528076 26.990562 2.610920
v -3.573242 26.853752 2.540842
v -3.530639 26.982811 2.564379
v -3.555786 26.835655 2.561383
v -3.601013 26.769615 2.436775
v -3.586853 26.741570 2.444971
v -3.601013 26.769493 2.292867
v -3.586853 26.741417 2.292893
v -3.478454 27.140648 2.368564
v -3.466430 27.106041 2.225688
v -3.493225 27.095879 2.240995
v -3.449951 27.156181 2.368548
v -3.493225 27.096123 2.496212
v -3.466430 27.106316 2.511503
v -3.463623 27.185661 2.368520
v -3.508667 27.119987 2.225674
v -3.481872 27.130150 2.210369
v -3.492126 27.170128 2.368534
v -3.481872 27.130424 2.526777
v -3.508667 27.120232 2.511487
v -3.530639 26.982811 2.564379
v -3.466430 27.106316 2.511503
v -3.493225 27.096123 2.496212
v -3.508239 26.979729 2.587656
v -3.528076 26.990562 2.610920
v -3.508667 27.120232 2.511487
v -3.481872 27.130424 2.526777
v -3.550476 26.993645 2.587645
v -3.598022 26.849602 2.561369
v -3.530639 26.982811 2.564379
v -3.550476 26.993645 2.587645
v -3.573242 26.853752 2.540842
v -3.580627 26.831505 2.581911
v -3.550476 26.993645 2.587645
v -3.528076 26.990562 2.610920
v -3.598022 26.849602 2.561369
v -3.614929 26.727409 2.453153
v -3.629089 26.755486 2.444957
v -3.614929 26.727257 2.292907
v -3.629089 26.755363 2.292881
v -3.555786 26.835655 2.561383
v -3.528076 26.990562 2.610920
v -3.508239 26.979729 2.587656
v -3.580627 26.831505 2.581911
v -3.629089 26.755486 2.444957
v -3.573242 26.853752 2.540842
v -3.598022 26.849602 2.561369
v -3.601013 26.769615 2.436775
v -3.629089 26.755363 2.292881
v -3.601013 26.769493 2.292867
v -3.586853 26.741570 2.444971
v -3.580627 26.831505 2.581911
v -3.555786 26.835655 2.561383
v -3.614929 26.727409 2.453153
v -3.586853 26.741417 2.292893
v -3.614929 26.727257 2.292907
v -4.108276 27.095879 2.240999
v -4.051025 26.993248 2.149755
v -4.068664 26.975853 2.169085
v -4.092834 27.119987 2.225677
v -4.123046 27.140678 2.368566
v -4.109375 27.170128 2.368539
v -4.108276 27.096123 2.496214
v -4.092834 27.120232 2.511489
v -4.070861 26.982811 2.564381
v -4.051025 26.993645 2.587645
v -4.003479 26.849602 2.561371
v -4.073425 26.990562 2.610924
v -4.020935 26.831505 2.581911
v -3.972473 26.755486 2.444959
v -3.986572 26.727409 2.453154
v -3.972473 26.755363 2.292881
v -3.986572 26.727257 2.292908
v -4.135070 27.106041 2.225691
v -4.068664 26.975853 2.169085
v -4.093261 26.979301 2.149770
v -4.108276 27.095879 2.240999
v -4.119628 27.130150 2.210370
v -4.093261 26.979301 2.149770
v -4.075622 26.996727 2.130439
v -4.135070 27.106041 2.225691
v -4.137878 27.185661 2.368522
v -4.151611 27.156181 2.368550
v -4.119628 27.130424 2.526780
v -4.135070 27.106316 2.511503
v -4.073425 26.990562 2.610924
v -4.093261 26.979729 2.587660
v -4.045715 26.835655 2.561384
v -4.070861 26.982811 2.564381
v -4.028259 26.853752 2.540844
v -4.014648 26.741570 2.444973
v -4.000549 26.769615 2.436775
v -4.014648 26.741417 2.292894
v -4.000549 26.769493 2.292868
v -4.092834 27.119987 2.225677
v -4.075622 26.996727 2.130439
v -4.051025 26.993248 2.149755
v -4.119628 27.130150 2.210370
v -4.151611 27.156181 2.368550
v -4.108276 27.095879 2.240999
v -4.135070 27.106041 2.225691
v -4.123046 27.140678 2.368566
v -4.135070 27.106316 2.511503
v -4.108276 27.096123 2.496214
v -4.109375 27.170128 2.368539
v -4.119628 27.130150 2.210370
v -4.092834 27.119987 2.225677
v -4.137878 27.185661 2.368522
v -4.092834 27.120232 2.511489
v -4.119628 27.130424 2.526780
v -4.093261 26.979729 2.587660
v -4.108276 27.096123 2.496214
v -4.135070 27.106316 2.511503
v -4.070861 26.982811 2.564381
v -4.051025 26.993645 2.587645
v -4.119628 27.130424 2.526780
v -4.092834 27.120232 2.511489
v -4.073425 26.990562 2.610924
v -4.028259 26.853752 2.540844
v -4.051025 26.993645 2.587645
v -4.070861 26.982811 2.564381
v -4.003479 26.849602 2.561371
v -4.020935 26.831505 2.581911
v -4.093261 26.979729 2.587660
v -4.073425 26.990562 2.610924
v -4.045715 26.835655 2.561384
v -4.000549 26.769615 2.436775
v -4.003479 26.849602 2.561371
v -4.028259 26.853752 2.540844
v -3.972473 26.755486 2.444959
v -4.000549 26.769493 2.292868
v -3.972473 26.755363 2.292881
v -3.986572 26.727409 2.453154
v -4.045715 26.835655 2.561384
v -4.020935 26.831505 2.581911
v -4.014648 26.741570 2.444973
v -3.986572 26.727257 2.292908
v -4.014648 26.741417 2.292894
v -4.516357 26.797905 2.241269
v -4.410217 26.747765 2.149983
v -4.414489 26.723320 2.169317
v -4.517822 26.826500 2.225950
v -4.554321 26.825768 2.368856
v -4.560302 26.857719 2.368827
v -4.516357 26.798149 2.496495
v -4.517822 26.826775 2.511762
v -4.420105 26.727776 2.564615
v -4.410217 26.748161 2.587872
v -4.544067 26.790611 2.225982
v -4.414489 26.723320 2.169317
v -4.436462 26.711876 2.150017
v -4.516357 26.797905 2.241269
v -4.586547 26.821831 2.368861
v -4.554321 26.825768 2.368856
v -4.544067 26.790886 2.511795
v -4.516357 26.798149 2.496495
v -4.436462 26.712273 2.587907
v -4.420105 26.727776 2.564615
v -4.545532 26.819206 2.210664
v -4.436462 26.711876 2.150017
v -4.432250 26.736290 2.130688
v -4.544067 26.790611 2.225982
v -4.592529 26.853752 2.368830
v -4.586547 26.821831 2.368861
v -4.545532 26.819511 2.527061
v -4.544067 26.790886 2.511795
v -4.426635 26.732628 2.611163
v -4.436462 26.712273 2.587907
v -4.517822 26.826500 2.225950
v -4.432250 26.736290 2.130688
v -4.410217 26.747765 2.149983
v -4.545532 26.819206 2.210664
v -4.560302 26.857719 2.368827
v -4.592529 26.853752 2.368830
v -4.517822 26.826775 2.511762
v -4.545532 26.819511 2.527061
v -4.410217 26.748161 2.587872
v -4.426635 26.732628 2.611163
v -4.410217 26.748161 2.587872
v -4.310485 26.647636 2.541036
v -4.287902 26.658653 2.561548
v -4.420105 26.727776 2.564615
v -4.314147 26.622765 2.561582
v -4.436462 26.712273 2.587907
v -4.436462 26.712273 2.587907
v -4.291564 26.633812 2.582092
v -4.314147 26.622765 2.561582
v -4.426635 26.732628 2.611163
v -4.287902 26.658653 2.561548
v -4.410217 26.748161 2.587872
v -4.239135 26.595329 2.436941
v -4.287902 26.658653 2.561548
v -4.310485 26.647636 2.541036
v -4.208068 26.600151 2.445103
v -4.239135 26.595177 2.293030
v -4.208068 26.599998 2.293026
v -4.234313 26.564262 2.445137
v -4.310485 26.647636 2.541036
v -4.314147 26.622765 2.561582
v -4.239135 26.595329 2.436941
v -4.234313 26.564110 2.293058
v -4.239135 26.595177 2.293030
v -4.203247 26.569084 2.453297
v -4.314147 26.622765 2.561582
v -4.291564 26.633812 2.582092
v -4.234313 26.564262 2.445137
v -4.203247 26.568932 2.293054
v -4.234313 26.564110 2.293058
v -4.208068 26.600151 2.445103
v -4.291564 26.633812 2.582092
v -4.287902 26.658653 2.561548
v -4.203247 26.569084 2.453297
v -4.208068 26.599998 2.293026
v -4.203247 26.568932 2.293054
v -4.674621 26.319939 2.241649
v -4.559204 26.332909 2.150368
v -4.549926 26.309868 2.169657
v -4.690856 26.343559 2.226398
v -4.572021 26.311607 2.131119
v -4.710693 26.322807 2.211185
v -4.742919 26.347862 2.369299
v -4.768249 26.327599 2.369315
v -4.690856 26.343803 2.512209
v -4.710693 26.323112 2.527457
v -4.559204 26.333305 2.588258
v -4.565063 26.311516 2.611570
v -4.556884 26.310814 2.564984
v -4.674621 26.320183 2.497003
v -4.422973 26.300041 2.541381
v -4.409423 26.321281 2.561860
v -4.399414 26.298180 2.582381
v -4.335571 26.292931 2.437274
v -4.311645 26.313316 2.445369
v -4.291259 26.289391 2.453501
v -4.335632 26.292778 2.293309
v -4.311645 26.313164 2.293290
v -4.710693 26.322807 2.211185
v -4.562744 26.288597 2.150408
v -4.572021 26.311607 2.131119
v -4.694458 26.299217 2.226438
v -4.549926 26.309868 2.169657
v -4.674621 26.319939 2.241649
v -4.746459 26.303520 2.369340
v -4.721069 26.323784 2.369321
v -4.694458 26.299492 2.512250
v -4.674621 26.320183 2.497003
v -4.562744 26.288994 2.588300
v -4.556884 26.310814 2.564984
v -4.565063 26.311516 2.611570
v -4.710693 26.323112 2.527457
v -4.399414 26.298180 2.582381
v -4.412963 26.276939 2.561902
v -4.422973 26.300041 2.541381
v -4.291259 26.289391 2.453501
v -4.315185 26.269005 2.445410
v -4.335571 26.292931 2.437274
v -4.291259 26.289238 2.293313
v -4.315185 26.268852 2.293332
v -4.721069 26.323784 2.369321
v -4.690856 26.343559 2.226398
v -4.674621 26.319939 2.241649
v -4.742919 26.347862 2.369299
v -4.674621 26.320183 2.497003
v -4.690856 26.343803 2.512209
v -4.768249 26.327599 2.369315
v -4.694458 26.299217 2.226438
v -4.710693 26.322807 2.211185
v -4.746459 26.303520 2.369340
v -4.710693 26.323112 2.527457
v -4.694458 26.299492 2.512250
v -4.315185 26.268852 2.293332
v -4.335571 26.292931 2.437274
v -4.315185 26.269005 2.445410
v -4.335632 26.292778 2.293309
v -4.311645 26.313164 2.293290
v -4.291259 26.289391 2.453501
v -4.311645 26.313316 2.445369
v -4.291259 26.289238 2.293313
v -4.674621 25.109123 2.242623
v -4.562744 25.140343 2.151324
v -4.549926 25.119072 2.170611
v -4.694458 25.129845 2.227372
v -4.572021 25.117271 2.132076
v -4.710693 25.106194 2.212165
v -4.721069 25.105522 2.370301
v -4.746459 25.125786 2.370284
v -4.674621 25.109367 2.497972
v -4.694458 25.130089 2.513184
v -4.556884 25.118889 2.565939
v -4.562744 25.140739 2.589211
v -4.710693 25.106499 2.528438
v -4.422973 25.129601 2.542316
v -4.565063 25.118279 2.612526
v -4.412963 25.152733 2.562791
v -4.335571 25.136528 2.438197
v -4.399414 25.131523 2.583311
v -4.315185 25.160454 2.446287
v -4.291259 25.140099 2.454416
v -4.315246 25.160332 2.294208
v -4.291259 25.139946 2.294227
v -4.549926 25.119072 2.170611
v -4.690856 25.085503 2.227412
v -4.674621 25.109123 2.242623
v -4.559204 25.096001 2.151365
v -4.710693 25.106194 2.212165
v -4.572021 25.117271 2.132076
v -4.768249 25.101738 2.370303
v -4.742919 25.081474 2.370324
v -4.710693 25.106499 2.528438
v -4.690856 25.085777 2.513226
v -4.565063 25.118279 2.612526
v -4.559204 25.096428 2.589252
v -4.674621 25.109367 2.497972
v -4.399414 25.131523 2.583311
v -4.556884 25.118889 2.565939
v -4.409423 25.108421 2.562834
v -4.291259 25.140099 2.454416
v -4.422973 25.129601 2.542316
v -4.311645 25.116142 2.446328
v -4.335571 25.136528 2.438197
v -4.311645 25.116020 2.294248
v -4.335632 25.136375 2.294231
v -4.742919 25.081474 2.370324
v -4.674621 25.109123 2.242623
v -4.690856 25.085503 2.227412
v -4.721069 25.105522 2.370301
v -4.690856 25.085777 2.513226
v -4.674621 25.109367 2.497972
v -4.746459 25.125786 2.370284
v -4.710693 25.106194 2.212165
v -4.694458 25.129845 2.227372
v -4.768249 25.101738 2.370303
v -4.694458 25.130089 2.513184
v -4.710693 25.106499 2.528438
v -4.335632 25.136375 2.294231
v -4.315185 25.160454 2.446287
v -4.335571 25.136528 2.438197
v -4.315246 25.160332 2.294208
v -4.291259 25.139946 2.294227
v -4.311645 25.116142 2.446328
v -4.291259 25.140099 2.454416
v -4.311645 25.116020 2.294248
v -4.516357 24.631187 2.243126
v -4.436462 24.717064 2.151713
v -4.414490 24.705620 2.171034
v -4.544067 24.638451 2.227825
v -4.554321 24.603539 2.370764
v -4.586548 24.607506 2.370760
v -4.516357 24.631401 2.498350
v -4.544067 24.638695 2.513638
v -4.420105 24.701897 2.566341
v -4.436462 24.717461 2.589602
v -4.517822 24.602562 2.227860
v -4.414490 24.705620 2.171034
v -4.410217 24.681175 2.151747
v -4.516357 24.631187 2.243126
v -4.560303 24.571617 2.370795
v -4.554321 24.603539 2.370764
v -4.517822 24.602806 2.513668
v -4.516357 24.631401 2.498350
v -4.410217 24.681572 2.589635
v -4.420105 24.701897 2.566341
v -4.545532 24.609825 2.212561
v -4.410217 24.681175 2.151747
v -4.432251 24.692589 2.132427
v -4.517822 24.602562 2.227860
v -4.592529 24.575584 2.370789
v -4.560303 24.571617 2.370795
v -4.545532 24.610130 2.528958
v -4.517822 24.602806 2.513668
v -4.426635 24.697136 2.612898
v -4.410217 24.681572 2.589635
v -4.544067 24.638451 2.227825
v -4.432251 24.692589 2.132427
v -4.436462 24.717064 2.151713
v -4.545532 24.609825 2.212561
v -4.586548 24.607506 2.370760
v -4.592529 24.575584 2.370789
v -4.544067 24.638695 2.513638
v -4.545532 24.610130 2.528958
v -4.436462 24.717461 2.589602
v -4.426635 24.697136 2.612898
v -4.436462 24.717461 2.589602
v -4.310485 24.782005 2.542613
v -4.314147 24.806908 2.563112
v -4.420105 24.701897 2.566341
v -4.287902 24.771019 2.563144
v -4.410217 24.681572 2.589635
v -4.410217 24.681572 2.589635
v -4.291564 24.795921 2.583643
v -4.287902 24.771019 2.563144
v -4.426635 24.697136 2.612898
v -4.314147 24.806908 2.563112
v -4.436462 24.717461 2.589602
v -4.239135 24.834129 2.438421
v -4.314147 24.806908 2.563112
v -4.310485 24.782005 2.542613
v -4.234313 24.865196 2.446560
v -4.239136 24.833977 2.294510
v -4.234314 24.865044 2.294481
v -4.208068 24.829308 2.446592
v -4.310485 24.782005 2.542613
v -4.287902 24.771019 2.563144
v -4.239135 24.834129 2.438421
v -4.208069 24.829155 2.294513
v -4.239136 24.833977 2.294510
v -4.203247 24.860374 2.454729
v -4.287902 24.771019 2.563144
v -4.291564 24.795921 2.583643
v -4.208068 24.829308 2.446592
v -4.203247 24.860252 2.294487
v -4.208069 24.829155 2.294513
v -4.234313 24.865196 2.446560
v -4.291564 24.795921 2.583643
v -4.314147 24.806908 2.563112
v -4.203247 24.860374 2.454729
v -4.234314 24.865044 2.294481
v -4.203247 24.860252 2.294487
v -4.108276 24.333214 2.243405
v -4.093262 24.449608 2.151960
v -4.068665 24.453117 2.171272
v -4.135071 24.323021 2.228115
v -4.092834 24.309074 2.228129
v -4.068665 24.453117 2.171272
v -4.051025 24.435661 2.151975
v -4.108276 24.333214 2.243405
v -4.109375 24.259178 2.371081
v -4.123047 24.288658 2.371054
v -4.092834 24.309349 2.513941
v -4.108276 24.333427 2.498621
v -4.051025 24.436058 2.589863
v -4.070862 24.446861 2.566578
v -4.020935 24.598198 2.583828
v -4.073425 24.439201 2.613135
v -4.003479 24.580070 2.563322
v -3.986572 24.702049 2.454880
v -3.972473 24.673973 2.446735
v -3.986572 24.701897 2.294632
v -3.972473 24.673820 2.294659
v -4.119629 24.298882 2.212840
v -4.051025 24.435661 2.151975
v -4.075623 24.432152 2.132663
v -4.092834 24.309074 2.228129
v -4.135071 24.323021 2.228115
v -4.075623 24.432152 2.132663
v -4.093262 24.449608 2.151960
v -4.119629 24.298882 2.212840
v -4.151611 24.273125 2.371067
v -4.137878 24.243645 2.371096
v -4.135071 24.323265 2.513928
v -4.119629 24.299187 2.529249
v -4.093262 24.450005 2.589849
v -4.073425 24.439201 2.613135
v -4.028259 24.575890 2.542801
v -4.070862 24.446861 2.566578
v -4.045715 24.594017 2.563307
v -4.000549 24.659813 2.438577
v -4.014648 24.687920 2.446724
v -4.000549 24.659691 2.294672
v -4.014648 24.687767 2.294645
v -4.123047 24.288658 2.371054
v -4.135071 24.323021 2.228115
v -4.108276 24.333214 2.243405
v -4.151611 24.273125 2.371067
v -4.108276 24.333427 2.498621
v -4.135071 24.323265 2.513928
v -4.137878 24.243645 2.371096
v -4.092834 24.309074 2.228129
v -4.119629 24.298882 2.212840
v -4.109375 24.259178 2.371081
v -4.119629 24.299187 2.529249
v -4.092834 24.309349 2.513941
v -4.070862 24.446861 2.566578
v -4.135071 24.323265 2.513928
v -4.108276 24.333427 2.498621
v -4.093262 24.450005 2.589849
v -4.073425 24.439201 2.613135
v -4.092834 24.309349 2.513941
v -4.119629 24.299187 2.529249
v -4.051025 24.436058 2.589863
v -4.003479 24.580070 2.563322
v -4.070862 24.446861 2.566578
v -4.051025 24.436058 2.589863
v -4.028259 24.575890 2.542801
v -4.045715 24.594017 2.563307
v -4.073425 24.439201 2.613135
v -4.093262 24.450005 2.589849
v -4.020935 24.598198 2.583828
v -3.972473 24.673973 2.446735
v -4.028259 24.575890 2.542801
v -4.003479 24.580070 2.563322
v -4.000549 24.659813 2.438577
v -3.972473 24.673820 2.294659
v -4.000549 24.659691 2.294672
v -4.014648 24.687920 2.446724
v -4.020935 24.598198 2.583828
v -4.045715 24.594017 2.563307
v -3.986572 24.702049 2.454880
v -4.014648 24.687767 2.294645
v -3.986572 24.701897 2.294632
v 3.550478 24.435661 2.151972
v 3.493227 24.333214 2.243402
v 3.532838 24.453117 2.171269
v 3.508668 24.309074 2.228126
v 3.478456 24.288658 2.371053
v 3.492128 24.259178 2.371080
v 3.493227 24.333427 2.498619
v 3.508668 24.309349 2.513939
v 3.530641 24.446861 2.566578
v 3.550478 24.436058 2.589861
v 3.528078 24.439201 2.613132
v 3.598024 24.580070 2.563320
v 3.580629 24.598198 2.583827
v 3.629091 24.673973 2.446735
v 3.614930 24.702049 2.454880
v 3.629091 24.673820 2.294657
v 3.614930 24.701897 2.294630
v 3.466432 24.323021 2.228115
v 3.532838 24.453117 2.171269
v 3.493227 24.333214 2.243402
v 3.508241 24.449608 2.151958
v 3.508241 24.449608 2.151958
v 3.481874 24.298882 2.212837
v 3.525941 24.432152 2.132662
v 3.466432 24.323021 2.228115
v 3.463624 24.243645 2.371095
v 3.449953 24.273125 2.371067
v 3.481874 24.299187 2.529247
v 3.466432 24.323265 2.513927
v 3.528078 24.439201 2.613132
v 3.508241 24.450005 2.589845
v 3.530641 24.446861 2.566578
v 3.555788 24.594017 2.563308
v 3.573243 24.575890 2.542801
v 3.586854 24.687920 2.446721
v 3.601014 24.659813 2.438577
v 3.586854 24.687767 2.294645
v 3.601014 24.659691 2.294670
v 3.508668 24.309074 2.228126
v 3.525941 24.432152 2.132662
v 3.481874 24.298882 2.212837
v 3.550478 24.435661 2.151972
v 3.493227 24.333214 2.243402
v 3.449953 24.273125 2.371067
v 3.466432 24.323021 2.228115
v 3.478456 24.288658 2.371053
v 3.466432 24.323265 2.513927
v 3.493227 24.333427 2.498619
v 3.481874 24.298882 2.212837
v 3.492128 24.259178 2.371080
v 3.508668 24.309074 2.228126
v 3.463624 24.243645 2.371095
v 3.508668 24.309349 2.513939
v 3.481874 24.299187 2.529247
v 3.508241 24.450005 2.589845
v 3.493227 24.333427 2.498619
v 3.530641 24.446861 2.566578
v 3.466432 24.323265 2.513927
v 3.550478 24.436058 2.589861
v 3.481874 24.299187 2.529247
v 3.528078 24.439201 2.613132
v 3.508668 24.309349 2.513939
v 3.573243 24.575890 2.542801
v 3.550478 24.436058 2.589861
v 3.598024 24.580070 2.563320
v 3.530641 24.446861 2.566578
v 3.580629 24.598198 2.583827
v 3.508241 24.450005 2.589845
v 3.555788 24.594017 2.563308
v 3.528078 24.439201 2.613132
v 3.598024 24.580070 2.563320
v 3.601014 24.659813 2.438577
v 3.573243 24.575890 2.542801
v 3.629091 24.673973 2.446735
v 3.601014 24.659691 2.294670
v 3.629091 24.673820 2.294657
v 3.555788 24.594017 2.563308
v 3.614930 24.702049 2.454880
v 3.580629 24.598198 2.583827
v 3.586854 24.687920 2.446721
v 3.614930 24.701897 2.294630
v 3.586854 24.687767 2.294645
v 3.191285 24.681175 2.151743
v 3.085145 24.631187 2.243119
v 3.187074 24.705620 2.171031
v 3.083680 24.602562 2.227853
v 3.047242 24.603539 2.370756
v 3.041200 24.571617 2.370785
v 3.085145 24.631401 2.498347
v 3.083680 24.602806 2.513666
v 3.181458 24.701897 2.566335
v 3.191285 24.681572 2.589634
v 3.187074 24.705620 2.171031
v 3.057435 24.638451 2.227820
v 3.165040 24.717064 2.151708
v 3.085145 24.631187 2.243119
v 3.014955 24.607506 2.370754
v 3.047242 24.603539 2.370756
v 3.057435 24.638695 2.513633
v 3.085145 24.631401 2.498347
v 3.165040 24.717461 2.589599
v 3.181458 24.701897 2.566335
v 3.165040 24.717064 2.151708
v 3.056031 24.609825 2.212554
v 3.169251 24.692589 2.132419
v 3.057435 24.638451 2.227820
v 3.008973 24.575554 2.370784
v 3.014955 24.607506 2.370754
v 3.056031 24.610100 2.528952
v 3.057435 24.638695 2.513633
v 3.174867 24.697136 2.612894
v 3.165040 24.717461 2.589599
v 3.169251 24.692589 2.132419
v 3.083680 24.602562 2.227853
v 3.191285 24.681175 2.151743
v 3.056031 24.609825 2.212554
v 3.041200 24.571617 2.370785
v 3.008973 24.575554 2.370784
v 3.083680 24.602806 2.513666
v 3.056031 24.610100 2.528952
v 3.191285 24.681572 2.589634
v 3.174867 24.697136 2.612894
v 3.291017 24.782005 2.542610
v 3.191285 24.681572 2.589634
v 3.313600 24.771019 2.563142
v 3.181458 24.701897 2.566335
v 3.287355 24.806908 2.563108
v 3.165040 24.717461 2.589599
v 3.309938 24.795921 2.583642
v 3.165040 24.717461 2.589599
v 3.287355 24.806908 2.563108
v 3.174867 24.697136 2.612894
v 3.313600 24.771019 2.563142
v 3.191285 24.681572 2.589634
v 3.313600 24.771019 2.563142
v 3.362367 24.834129 2.438421
v 3.291017 24.782005 2.542610
v 3.393434 24.829308 2.446590
v 3.362367 24.833977 2.294506
v 3.393434 24.829155 2.294513
v 3.291017 24.782005 2.542610
v 3.367189 24.865196 2.446560
v 3.287355 24.806908 2.563108
v 3.362367 24.834129 2.438421
v 3.367189 24.865044 2.294477
v 3.362367 24.833977 2.294506
v 3.287355 24.806908 2.563108
v 3.398256 24.860374 2.454729
v 3.309938 24.795921 2.583642
v 3.367189 24.865196 2.446560
v 3.398256 24.860252 2.294483
v 3.367189 24.865044 2.294477
v 3.309938 24.795921 2.583642
v 3.393434 24.829308 2.446590
v 3.313600 24.771019 2.563142
v 3.398256 24.860374 2.454729
v 3.393434 24.829155 2.294513
v 3.398256 24.860252 2.294483
v 3.042298 25.096001 2.151359
v 2.926881 25.109123 2.242614
v 3.051636 25.119072 2.170605
v 2.910645 25.085503 2.227405
v 3.029481 25.117271 2.132070
v 2.890809 25.106194 2.212155
v 2.858644 25.081474 2.370315
v 2.833253 25.101738 2.370295
v 2.910645 25.085777 2.513218
v 2.890809 25.106499 2.528429
v 3.042298 25.096428 2.589249
v 3.036500 25.118279 2.612521
v 3.044617 25.118889 2.565932
v 2.926881 25.109367 2.497967
v 3.178529 25.129601 2.542312
v 3.192078 25.108421 2.562830
v 3.202088 25.131523 2.583305
v 3.265931 25.136528 2.438194
v 3.289857 25.116142 2.446325
v 3.310243 25.140099 2.454414
v 3.265931 25.136375 2.294229
v 3.289857 25.116020 2.294248
v 3.038758 25.140343 2.151317
v 2.890809 25.106194 2.212155
v 3.029481 25.117271 2.132070
v 2.907105 25.129845 2.227364
v 3.051636 25.119072 2.170605
v 2.926881 25.109123 2.242614
v 2.855042 25.125786 2.370272
v 2.880433 25.105522 2.370293
v 2.907105 25.130089 2.513176
v 2.926881 25.109367 2.497967
v 3.038758 25.140739 2.589206
v 3.044617 25.118889 2.565932
v 3.036500 25.118279 2.612521
v 2.890809 25.106499 2.528429
v 3.202088 25.131523 2.583305
v 3.188538 25.152733 2.562786
v 3.178529 25.129601 2.542312
v 3.310243 25.140099 2.454414
v 3.286317 25.160454 2.446284
v 3.265931 25.136528 2.438194
v 3.310243 25.139946 2.294225
v 3.286317 25.160332 2.294205
v 2.910645 25.085503 2.227405
v 2.880433 25.105522 2.370293
v 2.926881 25.109123 2.242614
v 2.858644 25.081474 2.370315
v 2.926881 25.109367 2.497967
v 2.910645 25.085777 2.513218
v 2.907105 25.129845 2.227364
v 2.833253 25.101738 2.370295
v 2.890809 25.106194 2.212155
v 2.855042 25.125786 2.370272
v 2.890809 25.106499 2.528429
v 2.907105 25.130089 2.513176
v 3.286317 25.160332 2.294205
v 3.265931 25.136528 2.438194
v 3.265931 25.136375 2.294229
v 3.286317 25.160454 2.446284
v 3.289857 25.116020 2.294248
v 3.310243 25.140099 2.454414
v 3.310243 25.139946 2.294225
v 3.289857 25.116142 2.446325
v 3.038758 26.288597 2.150404
v 2.926881 26.319937 2.241643
v 3.051637 26.309868 2.169651
v 2.907105 26.299215 2.226432
v 3.029481 26.311607 2.131112
v 2.890809 26.322805 2.211179
v 2.880433 26.323814 2.369314
v 2.855042 26.303520 2.369334
v 2.926881 26.320183 2.496993
v 2.907105 26.299492 2.512244
v 3.044618 26.310814 2.564980
v 3.038758 26.288994 2.588293
v 2.890809 26.323112 2.527452
v 3.178529 26.300041 2.541376
v 3.036500 26.311485 2.611565
v 3.188539 26.276939 2.561897
v 3.265932 26.292931 2.437271
v 3.202088 26.298180 2.582375
v 3.286317 26.269005 2.445404
v 3.310243 26.289391 2.453499
v 3.286317 26.268852 2.293328
v 3.310243 26.289238 2.293308
v 2.910645 26.343557 2.226391
v 3.051637 26.309868 2.169651
v 2.926881 26.319937 2.241643
v 3.042298 26.332909 2.150363
v 2.890809 26.322805 2.211179
v 3.029481 26.311607 2.131112
v 2.833253 26.327599 2.369311
v 2.858644 26.347862 2.369292
v 2.890809 26.323112 2.527452
v 2.910645 26.343803 2.512203
v 3.036500 26.311485 2.611565
v 3.042298 26.333305 2.588251
v 2.926881 26.320183 2.496993
v 3.202088 26.298180 2.582375
v 3.044618 26.310814 2.564980
v 3.192079 26.321281 2.561854
v 3.310243 26.289391 2.453499
v 3.178529 26.300041 2.541376
v 3.289857 26.313316 2.445364
v 3.265932 26.292931 2.437271
v 3.289857 26.313164 2.293288
v 3.265932 26.292778 2.293305
v 2.926881 26.319937 2.241643
v 2.858644 26.347862 2.369292
v 2.910645 26.343557 2.226391
v 2.880433 26.323814 2.369314
v 2.910645 26.343803 2.512203
v 2.926881 26.320183 2.496993
v 2.890809 26.322805 2.211179
v 2.855042 26.303520 2.369334
v 2.907105 26.299215 2.226432
v 2.833253 26.327599 2.369311
v 2.907105 26.299492 2.512244
v 2.890809 26.323112 2.527452
v 3.265932 26.292778 2.293305
v 3.286317 26.269005 2.445404
v 3.286317 26.268852 2.293328
v 3.265932 26.292931 2.437271
v 3.310243 26.289238 2.293308
v 3.289857 26.313316 2.445364
v 3.289857 26.313164 2.293288
v 3.310243 26.289391 2.453499
v 3.165040 26.711876 2.150011
v 3.085145 26.797903 2.241262
v 3.187074 26.723320 2.169312
v 3.057435 26.790609 2.225977
v 3.047242 26.825768 2.368849
v 3.014955 26.821831 2.368854
v 3.085145 26.798149 2.496490
v 3.057435 26.790886 2.511789
v 3.181458 26.727776 2.564611
v 3.165040 26.712273 2.587901
v 3.187074 26.723320 2.169312
v 3.083680 26.826498 2.225942
v 3.191285 26.747765 2.149980
v 3.085145 26.797903 2.241262
v 3.041200 26.857719 2.368820
v 3.047242 26.825768 2.368849
v 3.083680 26.826775 2.511755
v 3.085145 26.798149 2.496490
v 3.191285 26.748161 2.587869
v 3.181458 26.727776 2.564611
v 3.191285 26.747765 2.149980
v 3.056031 26.819204 2.210657
v 3.169251 26.736290 2.130679
v 3.083680 26.826498 2.225942
v 3.008973 26.853752 2.368824
v 3.041200 26.857719 2.368820
v 3.056031 26.819511 2.527056
v 3.083680 26.826775 2.511755
v 3.174867 26.732628 2.611159
v 3.191285 26.748161 2.587869
v 3.169251 26.736290 2.130679
v 3.057435 26.790609 2.225977
v 3.165040 26.711876 2.150011
v 3.056031 26.819204 2.210657
v 3.014955 26.821831 2.368854
v 3.008973 26.853752 2.368824
v 3.057435 26.790886 2.511789
v 3.056031 26.819511 2.527056
v 3.165040 26.712273 2.587901
v 3.174867 26.732628 2.611159
v 3.291017 26.647636 2.541032
v 3.165040 26.712273 2.587901
v 3.287355 26.622765 2.561577
v 3.181458 26.727776 2.564611
v 3.313600 26.658653 2.561543
v 3.191285 26.748161 2.587869
v 3.309938 26.633812 2.582089
v 3.191285 26.748161 2.587869
v 3.313600 26.658653 2.561543
v 3.174867 26.732628 2.611159
v 3.287355 26.622765 2.561577
v 3.165040 26.712273 2.587901
v 3.287355 26.622765 2.561577
v 3.362367 26.595329 2.436939
v 3.291017 26.647636 2.541032
v 3.367189 26.564262 2.445132
v 3.362367 26.595177 2.293026
v 3.367189 26.564110 2.293056
v 3.291017 26.647636 2.541032
v 3.393434 26.600151 2.445100
v 3.313600 26.658653 2.561543
v 3.362367 26.595329 2.436939
v 3.393434 26.599998 2.293021
v 3.362367 26.595177 2.293026
v 3.313600 26.658653 2.561543
v 3.398256 26.569084 2.453295
v 3.309938 26.633812 2.582089
v 3.393434 26.600151 2.445100
v 3.398256 26.568932 2.293052
v 3.393434 26.599998 2.293021
v 3.309938 26.633812 2.582089
v 3.367189 26.564262 2.445132
v 3.287355 26.622765 2.561577
v 3.398256 26.569084 2.453295
v 3.367189 26.564110 2.293056
v 3.398256 26.568932 2.293052
v 3.493227 27.095879 2.240994
v 3.508241 26.979301 2.149767
v 3.466432 27.106041 2.225688
v 3.532838 26.975853 2.169084
v 3.532838 26.975853 2.169084
v 3.508668 27.119987 2.225674
v 3.550478 26.993248 2.149755
v 3.493227 27.095879 2.240994
v 3.492128 27.170128 2.368533
v 3.478456 27.140648 2.368564
v 3.508668 27.120232 2.511487
v 3.493227 27.096123 2.496211
v 3.550478 26.993645 2.587644
v 3.530641 26.982811 2.564378
v 3.481874 27.130150 2.210368
v 3.550478 26.993248 2.149755
v 3.508668 27.119987 2.225674
v 3.525941 26.996727 2.130437
v 3.525941 26.996727 2.130437
v 3.466432 27.106041 2.225688
v 3.508241 26.979301 2.149767
v 3.481874 27.130150 2.210368
v 3.449953 27.156181 2.368547
v 3.463624 27.185661 2.368520
v 3.466432 27.106316 2.511502
v 3.481874 27.130424 2.526776
v 3.508241 26.979729 2.587656
v 3.528078 26.990562 2.610919
v 3.573244 26.853752 2.540842
v 3.530641 26.982811 2.564378
v 3.555788 26.835655 2.561383
v 3.601015 26.769615 2.436774
v 3.586854 26.741570 2.444970
v 3.601015 26.769493 2.292867
v 3.586854 26.741417 2.292893
v 3.466432 27.106041 2.225688
v 3.478456 27.140648 2.368564
v 3.493227 27.095879 2.240994
v 3.449953 27.156181 2.368547
v 3.493227 27.096123 2.496211
v 3.466432 27.106316 2.511502
v 3.508668 27.119987 2.225674
v 3.463624 27.185661 2.368520
v 3.481874 27.130150 2.210368
v 3.492128 27.170128 2.368533
v 3.481874 27.130424 2.526776
v 3.508668 27.120232 2.511487
v 3.530641 26.982811 2.564378
v 3.466432 27.106316 2.511502
v 3.508241 26.979729 2.587656
v 3.493227 27.096123 2.496211
v 3.528078 26.990562 2.610919
v 3.508668 27.120232 2.511487
v 3.550478 26.993645 2.587644
v 3.481874 27.130424 2.526776
v 3.598024 26.849602 2.561368
v 3.530641 26.982811 2.564378
v 3.573244 26.853752 2.540842
v 3.550478 26.993645 2.587644
v 3.550478 26.993645 2.587644
v 3.580629 26.831505 2.581910
v 3.528078 26.990562 2.610919
v 3.598024 26.849602 2.561368
v 3.614931 26.727409 2.453153
v 3.629091 26.755486 2.444957
v 3.614931 26.727257 2.292907
v 3.629091 26.755363 2.292880
v 3.555788 26.835655 2.561383
v 3.528078 26.990562 2.610919
v 3.580629 26.831505 2.581910
v 3.508241 26.979729 2.587656
v 3.573244 26.853752 2.540842
v 3.629091 26.755486 2.444957
v 3.598024 26.849602 2.561368
v 3.601015 26.769615 2.436774
v 3.629091 26.755363 2.292880
v 3.601015 26.769493 2.292867
v 3.580629 26.831505 2.581910
v 3.586854 26.741570 2.444970
v 3.555788 26.835655 2.561383
v 3.614931 26.727409 2.453153
v 3.586854 26.741417 2.292893
v 3.614931 26.727257 2.292907
v 4.051026 26.993248 2.149755
v 4.108277 27.095879 2.240999
v 4.068666 26.975853 2.169084
v 4.092835 27.119987 2.225677
v 4.123048 27.140678 2.368565
v 4.109376 27.170128 2.368538
v 4.108277 27.096123 2.496213
v 4.092835 27.120232 2.511488
v 4.070863 26.982811 2.564380
v 4.051026 26.993645 2.587644
v 4.073426 26.990562 2.610923
v 4.003480 26.849602 2.561371
v 4.020936 26.831505 2.581911
v 3.972475 26.755486 2.444958
v 3.986574 26.727409 2.453153
v 3.972475 26.755363 2.292881
v 3.986574 26.727257 2.292907
v 4.135072 27.106041 2.225690
v 4.068666 26.975853 2.169084
v 4.108277 27.095879 2.240999
v 4.093263 26.979301 2.149769
v 4.093263 26.979301 2.149769
v 4.119630 27.130150 2.210370
v 4.075624 26.996727 2.130438
v 4.135072 27.106041 2.225690
v 4.137879 27.185661 2.368521
v 4.151612 27.156181 2.368550
v 4.119630 27.130424 2.526780
v 4.135072 27.106316 2.511503
v 4.073426 26.990562 2.610923
v 4.093263 26.979729 2.587659
v 4.070863 26.982811 2.564380
v 4.045716 26.835655 2.561384
v 4.028260 26.853752 2.540843
v 4.014649 26.741570 2.444973
v 4.000550 26.769615 2.436775
v 4.014649 26.741417 2.292893
v 4.000550 26.769493 2.292867
v 4.092835 27.119987 2.225677
v 4.075624 26.996727 2.130438
v 4.119630 27.130150 2.210370
v 4.051026 26.993248 2.149755
v 4.108277 27.095879 2.240999
v 4.151612 27.156181 2.368550
v 4.135072 27.106041 2.225690
v 4.123048 27.140678 2.368565
v 4.135072 27.106316 2.511503
v 4.108277 27.096123 2.496213
v 4.119630 27.130150 2.210370
v 4.109376 27.170128 2.368538
v 4.092835 27.119987 2.225677
v 4.137879 27.185661 2.368521
v 4.092835 27.120232 2.511488
v 4.119630 27.130424 2.526780
v 4.093263 26.979729 2.587659
v 4.108277 27.096123 2.496213
v 4.070863 26.982811 2.564380
v 4.135072 27.106316 2.511503
v 4.051026 26.993645 2.587644
v 4.119630 27.130424 2.526780
v 4.073426 26.990562 2.610923
v 4.092835 27.120232 2.511488
v 4.028260 26.853752 2.540843
v 4.051026 26.993645 2.587644
v 4.003480 26.849602 2.561371
v 4.070863 26.982811 2.564380
v 4.020936 26.831505 2.581911
v 4.093263 26.979729 2.587659
v 4.045716 26.835655 2.561384
v 4.073426 26.990562 2.610923
v 4.003480 26.849602 2.561371
v 4.000550 26.769615 2.436775
v 4.028260 26.853752 2.540843
v 3.972475 26.755486 2.444958
v 4.000550 26.769493 2.292867
v 3.972475 26.755363 2.292881
v 4.045716 26.835655 2.561384
v 3.986574 26.727409 2.453153
v 4.020936 26.831505 2.581911
v 4.014649 26.741570 2.444973
v 3.986574 26.727257 2.292907
v 4.014649 26.741417 2.292893
v 4.410218 26.747765 2.149983
v 4.516358 26.797905 2.241269
v 4.414491 26.723320 2.169317
v 4.517823 26.826500 2.225950
v 4.554322 26.825768 2.368855
v 4.560304 26.857719 2.368827
v 4.516358 26.798149 2.496495
v 4.517823 26.826775 2.511761
v 4.420106 26.727776 2.564614
v 4.410218 26.748161 2.587872
v 4.414491 26.723320 2.169317
v 4.544068 26.790611 2.225981
v 4.436463 26.711876 2.150017
v 4.516358 26.797905 2.241269
v 4.586549 26.821831 2.368861
v 4.554322 26.825768 2.368855
v 4.544068 26.790886 2.511795
v 4.516358 26.798149 2.496495
v 4.436463 26.712273 2.587907
v 4.420106 26.727776 2.564614
v 4.436463 26.711876 2.150017
v 4.545533 26.819206 2.210664
v 4.432252 26.736290 2.130688
v 4.544068 26.790611 2.225981
v 4.592530 26.853752 2.368829
v 4.586549 26.821831 2.368861
v 4.545533 26.819511 2.527060
v 4.544068 26.790886 2.511795
v 4.426637 26.732628 2.611163
v 4.436463 26.712273 2.587907
v 4.432252 26.736290 2.130688
v 4.517823 26.826500 2.225950
v 4.410218 26.747765 2.149983
v 4.545533 26.819206 2.210664
v 4.560304 26.857719 2.368827
v 4.592530 26.853752 2.368829
v 4.517823 26.826775 2.511761
v 4.545533 26.819511 2.527060
v 4.410218 26.748161 2.587872
v 4.426637 26.732628 2.611163
v 4.310487 26.647636 2.541036
v 4.410218 26.748161 2.587872
v 4.287904 26.658653 2.561547
v 4.420106 26.727776 2.564614
v 4.314149 26.622765 2.561581
v 4.436463 26.712273 2.587907
v 4.291566 26.633812 2.582091
v 4.436463 26.712273 2.587907
v 4.314149 26.622765 2.561581
v 4.426637 26.732628 2.611163
v 4.287904 26.658653 2.561547
v 4.410218 26.748161 2.587872
v 4.287904 26.658653 2.561547
v 4.239137 26.595329 2.436940
v 4.310487 26.647636 2.541036
v 4.208070 26.600151 2.445103
v 4.239137 26.595177 2.293029
v 4.208070 26.599998 2.293025
v 4.310487 26.647636 2.541036
v 4.234315 26.564262 2.445136
v 4.314149 26.622765 2.561581
v 4.239137 26.595329 2.436940
v 4.234315 26.564110 2.293058
v 4.239137 26.595177 2.293029
v 4.314149 26.622765 2.561581
v 4.203248 26.569084 2.453297
v 4.291566 26.633812 2.582091
v 4.234315 26.564262 2.445136
v 4.203248 26.568932 2.293054
v 4.234315 26.564110 2.293058
v 4.291566 26.633812 2.582091
v 4.208070 26.600151 2.445103
v 4.287904 26.658653 2.561547
v 4.203248 26.569084 2.453297
v 4.208070 26.599998 2.293025
v 4.203248 26.568932 2.293054
v 4.559206 26.332909 2.150368
v 4.674623 26.319939 2.241648
v 4.549928 26.309868 2.169657
v 4.690858 26.343559 2.226397
v 4.572023 26.311607 2.131119
v 4.710695 26.322807 2.211184
v 4.742921 26.347862 2.369299
v 4.768251 26.327599 2.369315
v 4.690858 26.343803 2.512209
v 4.710695 26.323112 2.527457
v 4.559206 26.333305 2.588258
v 4.565065 26.311516 2.611569
v 4.556886 26.310814 2.564983
v 4.674623 26.320183 2.497002
v 4.422975 26.300041 2.541381
v 4.409425 26.321281 2.561860
v 4.399415 26.298180 2.582380
v 4.335573 26.292931 2.437274
v 4.311647 26.313316 2.445368
v 4.291261 26.289391 2.453501
v 4.335634 26.292778 2.293309
v 4.311647 26.313164 2.293289
v 4.562746 26.288597 2.150408
v 4.710695 26.322807 2.211184
v 4.572023 26.311607 2.131119
v 4.694459 26.299217 2.226437
v 4.549928 26.309868 2.169657
v 4.674623 26.319939 2.241648
v 4.746461 26.303520 2.369340
v 4.721071 26.323784 2.369321
v 4.694459 26.299492 2.512250
v 4.674623 26.320183 2.497002
v 4.562746 26.288994 2.588300
v 4.556886 26.310814 2.564983
v 4.565065 26.311516 2.611569
v 4.710695 26.323112 2.527457
v 4.399415 26.298180 2.582380
v 4.412965 26.276939 2.561902
v 4.422975 26.300041 2.541381
v 4.291261 26.289391 2.453501
v 4.315187 26.269005 2.445409
v 4.335573 26.292931 2.437274
v 4.291261 26.289238 2.293312
v 4.315187 26.268852 2.293331
v 4.690858 26.343559 2.226397
v 4.721071 26.323784 2.369321
v 4.674623 26.319939 2.241648
v 4.742921 26.347862 2.369299
v 4.674623 26.320183 2.497002
v 4.690858 26.343803 2.512209
v 4.694459 26.299217 2.226437
v 4.768251 26.327599 2.369315
v 4.710695 26.322807 2.211184
v 4.746461 26.303520 2.369340
v 4.710695 26.323112 2.527457
v 4.694459 26.299492 2.512250
v 4.315187 26.268852 2.293331
v 4.335573 26.292931 2.437274
v 4.335634 26.292778 2.293309
v 4.315187 26.269005 2.445409
v 4.311647 26.313164 2.293289
v 4.291261 26.289391 2.453501
v 4.291261 26.289238 2.293312
v 4.311647 26.313316 2.445368
v 4.562746 25.140343 2.151324
v 4.674623 25.109123 2.242623
v 4.549928 25.119072 2.170611
v 4.694459 25.129845 2.227372
v 4.572022 25.117271 2.132076
v 4.710695 25.106194 2.212165
v 4.721071 25.105522 2.370301
v 4.746461 25.125786 2.370284
v 4.674623 25.109367 2.497972
v 4.694459 25.130089 2.513184
v 4.556886 25.118889 2.565939
v 4.562746 25.140739 2.589211
v 4.710695 25.106499 2.528438
v 4.422975 25.129601 2.542316
v 4.565065 25.118279 2.612526
v 4.412965 25.152733 2.562791
v 4.335573 25.136528 2.438197
v 4.399415 25.131523 2.583311
v 4.315187 25.160454 2.446287
v 4.291261 25.140099 2.454416
v 4.315248 25.160332 2.294208
v 4.291261 25.139946 2.294227
v 4.690858 25.085503 2.227412
v 4.549928 25.119072 2.170611
v 4.674623 25.109123 2.242623
v 4.559205 25.096001 2.151365
v 4.710695 25.106194 2.212165
v 4.572022 25.117271 2.132076
v 4.768251 25.101738 2.370303
v 4.742921 25.081474 2.370324
v 4.710695 25.106499 2.528438
v 4.690858 25.085777 2.513226
v 4.565065 25.118279 2.612526
v 4.559206 25.096428 2.589252
v 4.674623 25.109367 2.497972
v 4.399415 25.131523 2.583311
v 4.556886 25.118889 2.565939
v 4.409425 25.108421 2.562834
v 4.291261 25.140099 2.454416
v 4.422975 25.129601 2.542316
v 4.311647 25.116142 2.446328
v 4.335573 25.136528 2.438197
v 4.311647 25.116020 2.294248
v 4.335634 25.136375 2.294231
v 4.674623 25.109123 2.242623
v 4.742921 25.081474 2.370324
v 4.690858 25.085503 2.227412
v 4.721071 25.105522 2.370301
v 4.690858 25.085777 2.513226
v 4.674623 25.109367 2.497972
v 4.710695 25.106194 2.212165
v 4.746461 25.125786 2.370284
v 4.694459 25.129845 2.227372
v 4.768251 25.101738 2.370303
v 4.694459 25.130089 2.513184
v 4.710695 25.106499 2.528438
v 4.335634 25.136375 2.294231
v 4.315187 25.160454 2.446287
v 4.315248 25.160332 2.294208
v 4.335573 25.136528 2.438197
v 4.291261 25.139946 2.294227
v 4.311647 25.116142 2.446328
v 4.311647 25.116020 2.294248
v 4.291261 25.140099 2.454416
v 4.436463 24.717064 2.151713
v 4.516358 24.631187 2.243126
v 4.414491 24.705620 2.171034
v 4.544068 24.638451 2.227825
v 4.554322 24.603539 2.370764
v 4.586549 24.607506 2.370760
v 4.516358 24.631401 2.498350
v 4.544068 24.638695 2.513637
v 4.420106 24.701897 2.566341
v 4.436464 24.717461 2.589602
v 4.414491 24.705620 2.171034
v 4.517823 24.602562 2.227859
v 4.410218 24.681175 2.151747
v 4.516358 24.631187 2.243126
v 4.560304 24.571617 2.370795
v 4.554322 24.603539 2.370764
v 4.517823 24.602806 2.513668
v 4.516358 24.631401 2.498350
v 4.410218 24.681572 2.589635
v 4.420106 24.701897 2.566341
v 4.410218 24.681175 2.151747
v 4.545533 24.609825 2.212560
v 4.432252 24.692589 2.132427
v 4.517823 24.602562 2.227859
v 4.592530 24.575584 2.370788
v 4.560304 24.571617 2.370795
v 4.545533 24.610130 2.528957
v 4.517823 24.602806 2.513668
v 4.426637 24.697136 2.612898
v 4.410218 24.681572 2.589635
v 4.432252 24.692589 2.132427
v 4.544068 24.638451 2.227825
v 4.436463 24.717064 2.151713
v 4.545533 24.609825 2.212560
v 4.586549 24.607506 2.370760
v 4.592530 24.575584 2.370788
v 4.544068 24.638695 2.513637
v 4.545533 24.610130 2.528957
v 4.436464 24.717461 2.589602
v 4.426637 24.697136 2.612898
v 4.310487 24.782005 2.542613
v 4.436464 24.717461 2.589602
v 4.314149 24.806908 2.563112
v 4.420106 24.701897 2.566341
v 4.287904 24.771019 2.563144
v 4.410218 24.681572 2.589635
v 4.291566 24.795921 2.583643
v 4.410218 24.681572 2.589635
v 4.287904 24.771019 2.563144
v 4.426637 24.697136 2.612898
v 4.314149 24.806908 2.563112
v 4.436464 24.717461 2.589602
v 4.314149 24.806908 2.563112
v 4.239137 24.834129 2.438421
v 4.310487 24.782005 2.542613
v 4.234315 24.865196 2.446560
v 4.239137 24.833977 2.294510
v 4.234315 24.865044 2.294481
v 4.310487 24.782005 2.542613
v 4.208070 24.829308 2.446592
v 4.287904 24.771019 2.563144
v 4.239137 24.834129 2.438421
v 4.208070 24.829155 2.294513
v 4.239137 24.833977 2.294510
v 4.287904 24.771019 2.563144
v 4.203249 24.860374 2.454729
v 4.291566 24.795921 2.583643
v 4.208070 24.829308 2.446592
v 4.203248 24.860252 2.294487
v 4.208070 24.829155 2.294513
v 4.291566 24.795921 2.583643
v 4.234315 24.865196 2.446560
v 4.314149 24.806908 2.563112
v 4.203249 24.860374 2.454729
v 4.234315 24.865044 2.294481
v 4.203248 24.860252 2.294487
v 4.108277 24.333214 2.243404
v 4.093263 24.449608 2.151959
v 4.135072 24.323021 2.228115
v 4.068666 24.453117 2.171271
v 4.068666 24.453117 2.171271
v 4.092835 24.309074 2.228128
v 4.051026 24.435661 2.151974
v 4.108277 24.333214 2.243404
v 4.109376 24.259178 2.371080
v 4.123048 24.288658 2.371053
v 4.092835 24.309349 2.513941
v 4.108277 24.333427 2.498621
v 4.051026 24.436058 2.589863
v 4.070863 24.446861 2.566578
v 4.020936 24.598198 2.583828
v 4.073426 24.439201 2.613134
v 4.003480 24.580070 2.563322
v 3.986573 24.702049 2.454880
v 3.972475 24.673973 2.446735
v 3.986573 24.701897 2.294632
v 3.972474 24.673820 2.294659
v 4.119630 24.298882 2.212840
v 4.051026 24.435661 2.151974
v 4.092835 24.309074 2.228128
v 4.075624 24.432152 2.132663
v 4.075624 24.432152 2.132663
v 4.135072 24.323021 2.228115
v 4.093263 24.449608 2.151959
v 4.119630 24.298882 2.212840
v 4.151612 24.273125 2.371067
v 4.137879 24.243645 2.371095
v 4.135072 24.323265 2.513927
v 4.119630 24.299187 2.529249
v 4.093263 24.450005 2.589848
v 4.073426 24.439201 2.613134
v 4.028260 24.575890 2.542801
v 4.070863 24.446861 2.566578
v 4.045716 24.594017 2.563307
v 4.000550 24.659813 2.438577
v 4.014649 24.687920 2.446724
v 4.000550 24.659691 2.294672
v 4.014649 24.687767 2.294645
v 4.135072 24.323021 2.228115
v 4.123048 24.288658 2.371053
v 4.108277 24.333214 2.243404
v 4.151612 24.273125 2.371067
v 4.108277 24.333427 2.498621
v 4.135072 24.323265 2.513927
v 4.092835 24.309074 2.228128
v 4.137879 24.243645 2.371095
v 4.119630 24.298882 2.212840
v 4.109376 24.259178 2.371080
v 4.119630 24.299187 2.529249
v 4.092835 24.309349 2.513941
v 4.070863 24.446861 2.566578
v 4.135072 24.323265 2.513927
v 4.093263 24.450005 2.589848
v 4.108277 24.333427 2.498621
v 4.073426 24.439201 2.613134
v 4.092835 24.309349 2.513941
v 4.051026 24.436058 2.589863
v 4.119630 24.299187 2.529249
v 4.003480 24.580070 2.563322
v 4.070863 24.446861 2.566578
v 4.028260 24.575890 2.542801
v 4.051026 24.436058 2.589863
v 4.045716 24.594017 2.563307
v 4.073426 24.439201 2.613134
v 4.020936 24.598198 2.583828
v 4.093263 24.450005 2.589848
v 4.028260 24.575890 2.542801
v 3.972475 24.673973 2.446735
v 4.003480 24.580070 2.563322
v 4.000550 24.659813 2.438577
v 3.972474 24.673820 2.294659
v 4.000550 24.659691 2.294672
v 4.020936 24.598198 2.583828
v 4.014649 24.687920 2.446724
v 4.045716 24.594017 2.563307
v 3.986573 24.702049 2.454880
v 4.014649 24.687767 2.294645
v 3.986573 24.701897 2.294632
vn -0.1557 0.4709 0.8683
vn -0.9496 -0.3134 0.0003
vn -0.2394 0.7249 0.6459
vn -0.9031 -0.4185 -0.0963
vn -0.3132 0.9497 -0.0009
vn -0.8916 -0.4529 0.0002
vn -0.2395 0.7238 -0.6471
vn -0.9032 -0.4181 0.0970
vn -0.0540 0.1624 -0.9852
vn -0.9312 -0.3340 0.1459
vn -0.9312 -0.3340 0.1458
vn 0.0542 -0.1625 0.9852
vn -0.9621 -0.2405 0.1286
vn -0.1564 0.4718 0.8677
vn -0.9831 -0.1756 0.0521
vn -0.2940 0.8917 0.3441
vn -0.9496 -0.3136 0.0004
vn 0.9496 0.3135 -0.0005
vn -0.1559 0.4709 0.8683
vn 0.9746 0.2020 -0.0964
vn -0.2396 0.7248 0.6459
vn 0.1543 -0.4713 -0.8684
vn 0.9495 0.3136 -0.0002
vn 0.2394 -0.7252 -0.6456
vn 0.3132 -0.9497 0.0009
vn 0.9860 0.1670 -0.0001
vn 0.2393 -0.7238 0.6472
vn 0.9747 0.2019 0.0961
vn 0.0539 -0.1622 0.9853
vn 0.9472 0.2862 0.1448
vn 0.9472 0.2860 0.1449
vn -0.0543 0.1624 -0.9852
vn 0.9159 0.3803 0.1287
vn 0.1553 -0.4723 -0.8676
vn 0.8945 0.4441 0.0514
vn 0.2937 -0.8918 -0.3442
vn 0.9496 0.3135 -0.0004
vn 0.3132 -0.9497 0.0008
vn -0.9496 -0.3134 0.0005
vn 0.1545 -0.4712 -0.8684
vn -0.9032 -0.4183 -0.0961
vn 0.2396 -0.7251 -0.6456
vn 0.9747 0.2019 -0.0964
vn -0.2396 0.7248 0.6460
vn 0.9860 0.1669 -0.0001
vn -0.3134 0.9496 -0.0009
vn 0.9747 0.2018 0.0961
vn -0.2397 0.7238 -0.6470
vn -0.9032 -0.4183 -0.0962
vn 0.2396 -0.7250 -0.6457
vn -0.8916 -0.4528 0.0004
vn 0.3135 -0.9496 0.0008
vn -0.9032 -0.4181 0.0969
vn 0.2395 -0.7238 0.6471
vn -0.2396 0.7238 -0.6470
vn 0.9472 0.2861 0.1449
vn -0.0544 0.1624 -0.9852
vn 0.0542 -0.1623 0.9852
vn -0.9312 -0.3341 0.1459
vn 0.1555 -0.4723 -0.8676
vn -0.9621 -0.2404 0.1286
vn 0.0539 -0.1623 0.9853
vn 0.9472 0.2862 0.1447
vn -0.1566 0.4718 0.8677
vn 0.9159 0.3802 0.1286
vn 0.1556 -0.4723 -0.8676
vn 0.2939 -0.8917 -0.3442
vn -0.9831 -0.1755 0.0521
vn 0.3134 -0.9496 0.0009
vn -0.9497 -0.3132 0.0004
vn -0.1565 0.4718 0.8677
vn 0.9160 0.3801 0.1285
vn -0.2942 0.8917 0.3440
vn 0.8946 0.4440 0.0513
vn -0.3135 0.9496 -0.0009
vn 0.9497 0.3132 -0.0003
vn -0.4002 0.2929 0.8683
vn -0.5902 -0.8072 0.0007
vn -0.6159 0.4514 0.6457
vn -0.4916 -0.8656 -0.0957
vn -0.8077 0.5896 -0.0004
vn -0.4619 -0.8869 0.0008
vn -0.6159 0.4499 -0.6467
vn -0.4916 -0.8654 0.0972
vn -0.1389 0.1005 -0.9852
vn -0.5634 -0.8131 0.1464
vn 0.5900 0.8074 -0.0004
vn -0.4004 0.2926 0.8684
vn 0.6761 0.7303 -0.0977
vn -0.6160 0.4511 0.6458
vn 0.7054 0.7088 -0.0005
vn -0.8078 0.5895 -0.0003
vn 0.6762 0.7304 0.0962
vn -0.6161 0.4497 -0.6467
vn 0.6044 0.7835 0.1445
vn -0.1390 0.1003 -0.9852
vn 0.4001 -0.2934 -0.8682
vn 0.5901 0.8073 -0.0001
vn 0.6154 -0.4517 -0.6459
vn 0.6760 0.7304 -0.0976
vn 0.8068 -0.5908 0.0005
vn 0.7053 0.7089 -0.0005
vn 0.6153 -0.4505 0.6468
vn 0.6761 0.7305 0.0961
vn 0.1389 -0.1006 0.9852
vn 0.6043 0.7835 0.1445
vn -0.5903 -0.8072 0.0010
vn 0.4003 -0.2932 -0.8682
vn -0.4917 -0.8655 -0.0956
vn 0.6155 -0.4514 -0.6460
vn -0.4620 -0.8869 0.0007
vn 0.8069 -0.5907 0.0004
vn -0.4917 -0.8653 0.0972
vn 0.6156 -0.4503 0.6467
vn -0.5634 -0.8131 0.1463
vn 0.1390 -0.1005 0.9852
vn -0.6434 -0.7544 0.1296
vn 0.4005 -0.2943 -0.8677
vn -0.1388 0.1004 -0.9852
vn 0.5245 0.8418 0.1276
vn 0.6044 0.7835 0.1446
vn 0.5245 0.8418 0.1275
vn -0.4006 0.2942 0.8677
vn 0.1390 -0.1006 0.9852
vn -0.6434 -0.7545 0.1295
vn -0.5635 -0.8131 0.1463
vn 0.4007 -0.2943 -0.8677
vn -0.6435 -0.7544 0.1296
vn 0.7579 -0.5542 -0.3441
vn -0.6973 -0.7148 0.0524
vn 0.8073 -0.5902 0.0006
vn -0.5904 -0.8071 0.0009
vn 0.4005 -0.2944 -0.8677
vn 0.4697 0.8814 0.0511
vn 0.7578 -0.5543 -0.3442
vn 0.5906 0.8070 -0.0009
vn 0.8071 -0.5905 0.0005
vn -0.4008 0.2941 0.8677
vn 0.5246 0.8418 0.1276
vn -0.7579 0.5542 0.3443
vn 0.4698 0.8813 0.0511
vn -0.8069 0.5907 -0.0005
vn 0.5909 0.8068 -0.0006
vn -0.6434 -0.7545 0.1294
vn -0.4005 0.2943 0.8677
vn -0.6973 -0.7149 0.0524
vn -0.7577 0.5544 0.3443
vn -0.5902 -0.8072 0.0008
vn -0.8068 0.5909 -0.0006
vn -0.4972 0.0407 0.8667
vn -0.0798 -0.9968 0.0009
vn -0.7630 0.0615 0.6435
vn 0.0344 -0.9949 -0.0948
vn 0.4974 -0.0401 -0.8666
vn 0.7629 -0.0620 -0.6436
vn 0.0693 -0.9976 0.0009
vn 0.9968 -0.0803 -0.0000
vn 0.0346 -0.9947 0.0967
vn 0.7629 -0.0604 0.6437
vn -0.0532 -0.9876 0.1474
vn 0.1724 -0.0128 0.9849
vn -0.1727 0.0130 -0.9849
vn -0.7630 0.0607 -0.6435
vn 0.4972 -0.0409 -0.8667
vn -0.1529 -0.9797 0.1297
vn -0.4975 0.0404 0.8665
vn 0.9365 -0.0748 -0.3426
vn -0.2186 -0.9744 0.0521
vn -0.9364 0.0758 0.3427
vn 0.9968 -0.0802 -0.0001
vn -0.0802 -0.9968 0.0009
vn 0.4973 -0.0404 -0.8666
vn 0.0799 0.9968 -0.0007
vn 0.7630 -0.0621 -0.6435
vn 0.1923 0.9766 -0.0964
vn -0.4972 0.0404 0.8667
vn -0.7630 0.0613 0.6435
vn 0.2285 0.9735 -0.0010
vn -0.9968 0.0804 -0.0001
vn 0.1922 0.9768 0.0948
vn -0.7631 0.0604 -0.6435
vn 0.1051 0.9838 0.1456
vn -0.1727 0.0127 -0.9849
vn 0.1723 -0.0130 0.9850
vn 0.7629 -0.0606 0.6437
vn -0.4976 0.0403 0.8665
vn 0.0050 0.9917 0.1281
vn 0.4972 -0.0412 -0.8667
vn -0.9364 0.0754 0.3427
vn -0.0610 0.9969 0.0503
vn 0.9364 -0.0750 -0.3428
vn -0.9968 0.0796 -0.0000
vn 0.0800 0.9968 -0.0009
vn 0.0343 -0.9949 -0.0948
vn -0.9967 0.0806 -0.0002
vn 0.0694 -0.9976 0.0008
vn -0.7630 0.0606 -0.6436
vn 0.0344 -0.9947 0.0967
vn 0.7628 -0.0621 -0.6436
vn 0.1924 0.9766 -0.0963
vn 0.9968 -0.0804 -0.0000
vn 0.2285 0.9736 -0.0010
vn 0.7627 -0.0606 0.6439
vn 0.1922 0.9768 0.0947
vn -0.0609 0.9969 0.0503
vn 0.9364 -0.0750 -0.3427
vn 0.0798 0.9968 -0.0009
vn -0.2188 -0.9744 0.0520
vn -0.9364 0.0757 0.3427
vn -0.0800 -0.9968 0.0008
vn -0.9968 0.0798 -0.0000
vn -0.4972 -0.0393 0.8667
vn 0.0798 -0.9968 0.0011
vn -0.7630 -0.0610 0.6435
vn 0.1921 -0.9768 -0.0948
vn 0.4973 0.0386 -0.8667
vn 0.7628 0.0603 -0.6438
vn -0.9968 -0.0798 0.0001
vn 0.2286 -0.9735 0.0011
vn -0.7630 -0.0618 -0.6434
vn 0.1923 -0.9766 0.0964
vn -0.1727 -0.0142 -0.9849
vn 0.1050 -0.9835 0.1471
vn 0.7629 0.0619 0.6436
vn 0.4973 0.0391 -0.8667
vn 0.1725 0.0147 0.9849
vn 0.0051 -0.9915 0.1299
vn 0.9364 0.0747 -0.3429
vn -0.4975 -0.0390 0.8666
vn -0.0611 -0.9968 0.0521
vn -0.9364 -0.0745 0.3428
vn 0.0797 -0.9968 0.0010
vn -0.9968 -0.0796 0.0001
vn -0.7629 -0.0613 0.6436
vn 0.0345 0.9947 -0.0968
vn -0.4972 -0.0397 0.8667
vn -0.0800 0.9968 -0.0010
vn 0.7629 0.0600 -0.6438
vn 0.4970 0.0385 -0.8669
vn 0.9968 0.0805 0.0001
vn 0.0693 0.9976 -0.0009
vn 0.7629 0.0616 0.6436
vn 0.0344 0.9949 0.0949
vn 0.1724 0.0145 0.9849
vn -0.0530 0.9879 0.1458
vn -0.7631 -0.0620 -0.6433
vn -0.4975 -0.0392 0.8666
vn -0.1727 -0.0144 -0.9849
vn -0.1530 0.9799 0.1281
vn -0.9364 -0.0748 0.3428
vn 0.4973 0.0390 -0.8667
vn -0.2187 0.9745 0.0502
vn 0.9364 0.0746 -0.3430
vn -0.0797 0.9968 -0.0011
vn 0.9968 0.0795 0.0001
vn 0.0344 0.9947 -0.0968
vn -0.7629 -0.0611 0.6436
vn 0.0694 0.9976 -0.0009
vn -0.9968 -0.0801 0.0001
vn -0.7630 -0.0621 -0.6434
vn 0.1922 -0.9768 -0.0946
vn 0.7628 0.0602 -0.6439
vn 0.2285 -0.9736 0.0011
vn 0.9967 0.0807 -0.0001
vn 0.1924 -0.9766 0.0963
vn 0.7629 0.0618 0.6435
vn 0.9364 0.0748 -0.3429
vn -0.0609 -0.9968 0.0520
vn 0.9968 0.0797 -0.0002
vn 0.0795 -0.9968 0.0010
vn -0.9364 -0.0747 0.3429
vn -0.2187 0.9745 0.0501
vn -0.0794 0.9968 -0.0006
vn -0.3999 -0.2916 0.8689
vn 0.5901 -0.8073 0.0010
vn -0.6161 -0.4497 0.6467
vn 0.6762 -0.7304 -0.0962
vn -0.8074 -0.5900 0.0005
vn 0.7056 -0.7086 0.0006
vn -0.6160 -0.4510 -0.6459
vn 0.6761 -0.7303 0.0977
vn -0.1387 -0.1023 -0.9850
vn 0.6044 -0.7832 0.1461
vn -0.5901 0.8074 -0.0008
vn -0.3999 -0.2918 0.8689
vn -0.4915 0.8654 -0.0972
vn -0.6159 -0.4499 0.6467
vn -0.4615 0.8871 -0.0009
vn -0.8072 -0.5902 0.0006
vn -0.4917 0.8655 0.0959
vn -0.6159 -0.4512 -0.6458
vn -0.5633 0.8134 0.1449
vn -0.1386 -0.1026 -0.9850
vn 0.4004 0.2912 -0.8689
vn -0.5903 0.8072 -0.0006
vn 0.6156 0.4503 -0.6467
vn -0.4916 0.8654 -0.0972
vn 0.8072 0.5903 -0.0006
vn -0.4616 0.8871 -0.0009
vn 0.6155 0.4514 0.6460
vn -0.4917 0.8655 0.0957
vn 0.1392 0.1022 0.9850
vn -0.5634 0.8134 0.1447
vn 0.5899 -0.8075 0.0012
vn 0.4001 0.2913 -0.8689
vn 0.6761 -0.7305 -0.0961
vn 0.6155 0.4505 -0.6467
vn 0.7055 -0.7087 0.0006
vn 0.8070 0.5905 -0.0007
vn 0.6761 -0.7303 0.0976
vn 0.6153 0.4517 0.6460
vn 0.6044 -0.7832 0.1458
vn 0.1392 0.1023 0.9850
vn 0.5243 -0.8416 0.1294
vn 0.4005 0.2929 -0.8682
vn -0.1386 -0.1025 -0.9850
vn -0.6434 0.7547 0.1282
vn -0.6433 0.7548 0.1281
vn -0.4008 -0.2922 0.8683
vn -0.5634 0.8134 0.1448
vn 0.5244 -0.8416 0.1293
vn 0.6044 -0.7832 0.1460
vn 0.4005 0.2930 -0.8682
vn 0.5244 -0.8416 0.1295
vn 0.7575 0.5541 -0.3453
vn 0.4700 -0.8811 0.0527
vn 0.8071 0.5904 -0.0007
vn 0.5902 -0.8073 0.0007
vn 0.4006 0.2928 -0.8682
vn -0.6975 0.7147 0.0510
vn 0.7577 0.5538 -0.3453
vn -0.5904 0.8071 -0.0008
vn 0.8073 0.5901 -0.0004
vn -0.4008 -0.2925 0.8682
vn -0.7575 -0.5540 0.3453
vn -0.6974 0.7148 0.0510
vn -0.8071 -0.5904 0.0006
vn -0.5902 0.8073 -0.0011
vn 0.4700 -0.8811 0.0526
vn -0.7577 -0.5538 0.3453
vn 0.5904 -0.8071 0.0008
vn -0.8073 -0.5902 0.0003
vn -0.1561 -0.4691 0.8693
vn 0.9496 -0.3135 0.0001
vn -0.2397 -0.7237 0.6471
vn 0.9746 -0.2021 -0.0962
vn -0.9496 0.3134 -0.0005
vn -0.1559 -0.4694 0.8691
vn -0.9031 0.4183 -0.0972
vn -0.2395 -0.7237 0.6472
vn -0.8916 0.4528 -0.0002
vn -0.3131 -0.9497 0.0010
vn -0.9031 0.4184 0.0963
vn -0.2392 -0.7251 -0.6458
vn -0.9312 0.3344 0.1452
vn -0.0540 -0.1642 -0.9849
vn 0.1546 0.4698 -0.8691
vn -0.9496 0.3135 -0.0000
vn 0.2396 0.7238 -0.6470
vn -0.9032 0.4182 -0.0969
vn 0.9496 -0.3135 0.0003
vn 0.1543 0.4699 -0.8691
vn 0.2394 0.7238 -0.6471
vn 0.9860 -0.1670 0.0002
vn 0.3132 0.9497 -0.0008
vn 0.9747 -0.2018 0.0965
vn 0.2393 0.7252 0.6457
vn 0.9472 -0.2858 0.1454
vn 0.0540 0.1643 0.9849
vn -0.0542 -0.1643 -0.9849
vn 0.9472 -0.2858 0.1455
vn 0.1552 0.4708 -0.8685
vn 0.9159 -0.3801 0.1293
vn 0.2936 0.8912 -0.3457
vn 0.8949 -0.4432 0.0522
vn 0.9497 -0.3130 0.0002
vn -0.3134 -0.9496 0.0009
vn 0.9860 -0.1669 0.0002
vn -0.2395 -0.7250 -0.6458
vn 0.9747 -0.2017 0.0966
vn 0.2396 0.7238 -0.6471
vn -0.9032 0.4182 -0.0970
vn 0.3134 0.9496 -0.0007
vn -0.8916 0.4528 -0.0003
vn 0.2394 0.7249 0.6459
vn -0.9032 0.4183 0.0962
vn -0.0542 -0.1641 -0.9849
vn 0.2395 0.7249 0.6458
vn -0.9032 0.4182 0.0962
vn 0.0541 0.1640 0.9850
vn -0.9312 0.3343 0.1452
vn -0.9311 0.3345 0.1452
vn -0.0541 -0.1643 -0.9849
vn -0.9622 0.2405 0.1281
vn 0.1554 0.4707 -0.8685
vn 0.0542 0.1642 0.9849
vn -0.9312 0.3344 0.1451
vn -0.1564 -0.4705 0.8684
vn -0.9622 0.2405 0.1280
vn -0.2937 -0.8912 0.3458
vn -0.9830 0.1759 0.0518
vn -0.3130 -0.9498 0.0009
vn -0.9495 0.3137 -0.0003
vn 0.0541 0.1643 0.9849
vn 0.9159 -0.3800 0.1291
vn -0.1566 -0.4704 0.8685
vn -0.9621 0.2406 0.1281
vn 0.1553 0.4705 -0.8686
vn -0.9831 0.1758 0.0518
vn 0.2939 0.8911 -0.3457
vn -0.9496 0.3135 -0.0002
vn 0.3134 0.9496 -0.0009
vn -0.1565 -0.4704 0.8685
vn 0.8950 -0.4431 0.0520
vn -0.2938 -0.8911 0.3459
vn 0.9498 -0.3127 0.0003
vn -0.3132 -0.9497 0.0009
vn 0.1558 -0.4692 0.8692
vn 0.9495 0.3136 -0.0006
vn 0.2394 -0.7238 0.6471
vn 0.9031 0.4183 -0.0972
vn 0.3140 -0.9494 0.0009
vn 0.8916 0.4528 -0.0005
vn 0.2394 -0.7250 -0.6458
vn 0.9032 0.4184 0.0962
vn 0.0540 -0.1642 -0.9849
vn 0.9312 0.3342 0.1452
vn 0.9312 0.3343 0.1451
vn -0.0542 0.1643 0.9849
vn 0.9622 0.2400 0.1287
vn 0.1553 -0.4707 0.8685
vn 0.9829 0.1767 0.0515
vn 0.2944 -0.8910 0.3457
vn 0.9493 0.3145 -0.0002
vn 0.3138 -0.9495 0.0009
vn -0.9495 -0.3138 0.0011
vn 0.1561 -0.4692 0.8692
vn -0.9746 -0.2023 -0.0963
vn 0.2397 -0.7237 0.6471
vn -0.1557 0.4694 -0.8692
vn -0.9494 -0.3139 0.0012
vn -0.2394 0.7239 -0.6470
vn -0.9746 -0.2021 -0.0961
vn -0.3126 0.9499 -0.0010
vn -0.9860 -0.1667 0.0001
vn -0.2392 0.7250 0.6458
vn -0.9746 -0.2019 0.0966
vn -0.0538 0.1642 0.9850
vn -0.9472 -0.2858 0.1454
vn -0.9472 -0.2857 0.1455
vn 0.0543 -0.1642 -0.9849
vn -0.9161 -0.3798 0.1288
vn -0.1550 0.4706 -0.8686
vn -0.8946 -0.4438 0.0522
vn -0.2948 0.8908 -0.3458
vn -0.9494 -0.3139 0.0004
vn -0.3140 0.9494 -0.0009
vn 0.9496 0.3134 -0.0005
vn -0.1559 0.4692 -0.8692
vn 0.9032 0.4182 -0.0970
vn -0.2396 0.7239 -0.6470
vn -0.9746 -0.2021 -0.0962
vn 0.2397 -0.7237 0.6472
vn -0.9860 -0.1667 0.0002
vn 0.3141 -0.9494 0.0009
vn -0.9747 -0.2018 0.0964
vn 0.2395 -0.7250 -0.6458
vn 0.9032 0.4181 -0.0970
vn 0.8917 0.4526 -0.0005
vn -0.3129 0.9498 -0.0010
vn 0.9033 0.4182 0.0960
vn -0.2394 0.7250 0.6458
vn -0.9747 -0.2018 0.0966
vn 0.2395 -0.7251 -0.6457
vn 0.0542 -0.1642 -0.9849
vn 0.9032 0.4182 0.0961
vn -0.0542 0.1642 0.9849
vn 0.0539 -0.1642 -0.9850
vn 0.9312 0.3343 0.1452
vn -0.1554 0.4707 -0.8685
vn 0.9622 0.2399 0.1287
vn -0.0538 0.1641 0.9850
vn 0.1554 -0.4708 0.8685
vn -0.9161 -0.3797 0.1287
vn -0.1554 0.4706 -0.8686
vn -0.2950 0.8908 -0.3456
vn -0.3143 0.9493 -0.0008
vn 0.9493 0.3143 -0.0002
vn 0.1554 -0.4707 0.8685
vn 0.2946 -0.8909 0.3457
vn -0.8947 -0.4436 0.0521
vn 0.3141 -0.9494 0.0010
vn -0.9495 -0.3136 0.0003
vn 0.3994 -0.2925 0.8689
vn 0.5902 0.8072 -0.0008
vn 0.6159 -0.4498 0.6468
vn 0.4917 0.8653 -0.0974
vn 0.8067 -0.5910 0.0005
vn 0.4621 0.8868 -0.0010
vn 0.6160 -0.4511 -0.6458
vn 0.4917 0.8655 0.0957
vn 0.1380 -0.1036 -0.9850
vn 0.5634 0.8134 0.1445
vn -0.5902 -0.8073 0.0003
vn 0.3996 -0.2924 0.8688
vn -0.6757 -0.7309 -0.0958
vn 0.6160 -0.4496 0.6468
vn -0.7055 -0.7087 0.0006
vn -0.6756 -0.7308 0.0972
vn 0.6162 -0.4510 -0.6457
vn -0.6044 -0.7831 0.1463
vn 0.1383 -0.1035 -0.9850
vn -0.4003 0.2915 -0.8688
vn -0.5902 -0.8073 0.0006
vn -0.6160 0.4499 -0.6466
vn -0.6756 -0.7310 -0.0957
vn -0.8070 0.5905 -0.0006
vn -0.7054 -0.7088 0.0006
vn -0.6159 0.4512 0.6458
vn -0.6755 -0.7309 0.0971
vn -0.1390 0.1022 0.9850
vn -0.6044 -0.7831 0.1462
vn 0.5905 0.8071 -0.0007
vn -0.4003 0.2912 -0.8689
vn 0.4918 0.8653 -0.0973
vn -0.6162 0.4497 -0.6466
vn 0.4622 0.8868 -0.0009
vn -0.8072 0.5903 -0.0006
vn 0.4918 0.8654 0.0957
vn -0.6162 0.4510 0.6457
vn 0.5634 0.8135 0.1444
vn -0.1391 0.1021 0.9850
vn 0.6436 0.7546 0.1282
vn -0.4002 0.2927 -0.8684
vn 0.1381 -0.1035 -0.9850
vn -0.5243 -0.8416 0.1295
vn -0.5243 -0.8416 0.1294
vn 0.4006 -0.2922 0.8684
vn -0.6044 -0.7832 0.1462
vn 0.6434 0.7547 0.1281
vn -0.4005 0.2926 -0.8683
vn 0.6435 0.7546 0.1281
vn -0.7577 0.5538 -0.3452
vn 0.6975 0.7148 0.0511
vn -0.8073 0.5901 -0.0006
vn 0.5904 0.8071 -0.0008
vn -0.5243 -0.8416 0.1296
vn -0.4003 0.2929 -0.8683
vn -0.4700 -0.8811 0.0526
vn -0.7575 0.5540 -0.3453
vn -0.5902 -0.8073 0.0008
vn 0.4009 -0.2922 0.8683
vn -0.5244 -0.8416 0.1294
vn 0.7577 -0.5538 0.3452
vn 0.8072 -0.5903 0.0006
vn -0.5903 -0.8072 0.0008
vn 0.4007 -0.2923 0.8683
vn 0.6974 0.7149 0.0511
vn 0.7576 -0.5539 0.3453
vn 0.5902 0.8073 -0.0009
vn 0.8071 -0.5904 0.0005
vn 0.4973 -0.0397 0.8667
vn 0.0800 0.9968 -0.0011
vn 0.7629 -0.0616 0.6436
vn -0.0344 0.9947 -0.0968
vn -0.4973 0.0385 -0.8667
vn -0.7627 0.0605 -0.6439
vn -0.0704 0.9975 -0.0008
vn -0.9968 0.0801 -0.0001
vn -0.0344 0.9949 0.0948
vn -0.7629 0.0621 0.6436
vn 0.0534 0.9879 0.1455
vn -0.1728 0.0150 0.9848
vn 0.1727 -0.0145 -0.9849
vn 0.7628 -0.0625 -0.6436
vn -0.4974 0.0390 -0.8666
vn 0.1531 0.9799 0.1281
vn 0.4975 -0.0394 0.8666
vn -0.9365 0.0745 -0.3428
vn 0.2186 0.9745 0.0503
vn 0.9364 -0.0748 0.3428
vn -0.9969 0.0793 0.0002
vn 0.0805 0.9968 -0.0010
vn -0.4976 0.0388 -0.8665
vn -0.7628 0.0607 -0.6437
vn -0.1931 -0.9766 -0.0953
vn 0.4972 -0.0393 0.8667
vn 0.7629 -0.0614 0.6436
vn -0.2288 -0.9735 0.0011
vn 0.9968 -0.0801 0.0002
vn -0.1930 -0.9764 0.0971
vn 0.7628 -0.0622 -0.6436
vn -0.1047 -0.9835 0.1474
vn 0.1728 -0.0143 -0.9849
vn -0.1728 0.0152 0.9848
vn -0.7627 0.0623 0.6437
vn 0.4975 -0.0390 0.8666
vn -0.0051 -0.9915 0.1299
vn -0.4973 0.0392 -0.8667
vn 0.9364 -0.0745 0.3428
vn 0.0610 -0.9968 0.0521
vn -0.9364 0.0748 -0.3428
vn 0.9968 -0.0796 0.0001
vn -0.0792 -0.9969 0.0009
vn 0.7629 -0.0617 0.6436
vn 0.9968 -0.0802 0.0002
vn -0.0705 0.9975 -0.0007
vn 0.7627 -0.0624 -0.6438
vn -0.0343 0.9949 0.0947
vn -0.7627 0.0608 -0.6438
vn -0.1931 -0.9766 -0.0952
vn -0.2287 -0.9735 0.0009
vn -0.7627 0.0622 0.6437
vn -0.1931 -0.9764 0.0970
vn -0.9364 0.0747 -0.3429
vn -0.0789 -0.9969 0.0012
vn -0.9968 0.0796 -0.0002
vn 0.2187 0.9745 0.0502
vn 0.9364 -0.0747 0.3430
vn 0.0802 0.9968 -0.0009
vn 0.9968 -0.0798 0.0004
vn 0.4970 0.0405 0.8668
vn -0.0799 0.9968 -0.0009
vn 0.7629 0.0617 0.6436
vn -0.1931 0.9764 -0.0971
vn -0.4972 -0.0405 -0.8667
vn -0.7628 -0.0626 -0.6436
vn -0.2285 0.9735 -0.0009
vn 0.7629 0.0610 -0.6436
vn -0.1930 0.9766 0.0952
vn 0.1727 0.0128 -0.9849
vn -0.1048 0.9838 0.1454
vn -0.7628 -0.0610 0.6437
vn -0.4973 -0.0411 -0.8666
vn -0.1728 -0.0131 0.9849
vn -0.0050 0.9917 0.1281
vn -0.9364 -0.0750 -0.3427
vn 0.4976 0.0402 0.8665
vn 0.0610 0.9969 0.0503
vn 0.9364 0.0755 0.3427
vn -0.0809 0.9967 -0.0006
vn 0.9968 0.0802 -0.0000
vn -0.0345 -0.9949 -0.0947
vn 0.4973 0.0408 0.8666
vn 0.0799 -0.9968 0.0006
vn -0.7629 -0.0623 -0.6436
vn -0.4970 -0.0402 -0.8668
vn -0.9968 -0.0798 -0.0000
vn -0.0707 -0.9975 0.0008
vn -0.7627 -0.0608 0.6439
vn -0.0345 -0.9947 0.0968
vn -0.1728 -0.0128 0.9849
vn 0.0534 -0.9876 0.1473
vn 0.7629 0.0612 -0.6436
vn 0.4976 0.0405 0.8664
vn 0.1727 0.0130 -0.9849
vn 0.1529 -0.9797 0.1297
vn 0.9364 0.0757 0.3427
vn -0.4973 -0.0409 -0.8666
vn 0.2187 -0.9744 0.0521
vn -0.9364 -0.0748 -0.3428
vn 0.0806 -0.9967 0.0011
vn -0.9967 -0.0808 0.0004
vn -0.0344 -0.9949 -0.0947
vn 0.7628 0.0619 0.6436
vn 0.9968 0.0799 -0.0001
vn -0.0343 -0.9947 0.0967
vn 0.7629 0.0611 -0.6437
vn -0.1933 0.9763 -0.0969
vn -0.2284 0.9736 -0.0009
vn -0.9968 -0.0801 -0.0000
vn -0.1931 0.9766 0.0951
vn -0.7628 -0.0610 0.6438
vn -0.9365 -0.0751 -0.3427
vn 0.0609 0.9969 0.0503
vn -0.9967 -0.0811 0.0007
vn -0.0806 0.9967 -0.0010
vn 0.9364 0.0758 0.3426
vn 0.2187 -0.9744 0.0520
vn 0.9968 0.0805 -0.0001
vn 0.0803 -0.9968 0.0008
vn 0.4000 0.2933 0.8683
vn -0.5902 0.8073 -0.0008
vn 0.6160 0.4510 0.6459
vn -0.6756 0.7308 -0.0972
vn 0.8072 0.5903 -0.0005
vn -0.7052 0.7090 -0.0006
vn 0.6160 0.4497 -0.6468
vn -0.6756 0.7310 0.0956
vn 0.1388 0.1015 -0.9851
vn -0.6042 0.7835 0.1449
vn 0.3999 0.2935 0.8683
vn 0.4917 -0.8655 -0.0957
vn 0.6159 0.4511 0.6459
vn 0.4621 -0.8868 0.0008
vn 0.8070 0.5905 -0.0005
vn 0.4913 -0.8655 0.0975
vn 0.6160 0.4498 -0.6467
vn 0.5634 -0.8132 0.1460
vn 0.1387 0.1019 -0.9851
vn -0.4000 -0.2932 -0.8683
vn 0.5904 -0.8071 0.0010
vn -0.6161 -0.4510 -0.6458
vn 0.4918 -0.8654 -0.0957
vn -0.8072 -0.5903 0.0006
vn -0.6164 -0.4493 0.6466
vn 0.4914 -0.8655 0.0975
vn -0.1390 -0.1004 0.9852
vn 0.5635 -0.8131 0.1459
vn -0.5899 0.8075 -0.0008
vn -0.3999 -0.2933 -0.8684
vn -0.6755 0.7309 -0.0971
vn -0.6160 -0.4511 -0.6458
vn -0.7051 0.7091 -0.0006
vn -0.8070 -0.5906 0.0005
vn -0.6755 0.7311 0.0956
vn -0.6163 -0.4496 0.6466
vn -0.6043 0.7835 0.1446
vn -0.1389 -0.1006 0.9852
vn -0.5244 0.8418 0.1277
vn -0.4006 -0.2944 -0.8677
vn -0.6044 0.7835 0.1447
vn 0.1387 0.1015 -0.9851
vn 0.6434 -0.7545 0.1297
vn 0.5635 -0.8131 0.1460
vn 0.6433 -0.7546 0.1296
vn 0.4005 0.2941 0.8678
vn 0.5635 -0.8132 0.1459
vn -0.1389 -0.1005 0.9852
vn -0.5245 0.8418 0.1276
vn -0.6044 0.7835 0.1446
vn -0.4007 -0.2945 -0.8676
vn -0.5245 0.8418 0.1277
vn -0.7578 -0.5543 -0.3442
vn -0.4697 0.8814 0.0510
vn -0.5906 0.8070 -0.0008
vn 0.6433 -0.7545 0.1297
vn -0.4007 -0.2944 -0.8677
vn 0.6974 -0.7148 0.0523
vn -0.7579 -0.5541 -0.3442
vn 0.5904 -0.8071 0.0009
vn -0.8072 -0.5903 0.0007
vn 0.4006 0.2944 0.8677
vn 0.7577 0.5545 0.3442
vn 0.6973 -0.7149 0.0523
vn 0.8067 0.5909 -0.0004
vn -0.5246 0.8417 0.1277
vn 0.4007 0.2940 0.8678
vn -0.4698 0.8813 0.0509
vn 0.7578 0.5543 0.3442
vn -0.5907 0.8069 -0.0006
vn 0.8069 0.5907 -0.0004
vn 0.1558 0.4710 0.8683
vn -0.9495 0.3138 0.0003
vn 0.2397 0.7249 0.6457
vn -0.9746 0.2021 -0.0966
vn 0.9495 -0.3137 -0.0000
vn 0.1556 0.4710 0.8683
vn 0.9031 -0.4184 -0.0964
vn 0.2395 0.7249 0.6459
vn 0.8916 -0.4529 0.0006
vn 0.3137 0.9495 -0.0008
vn 0.9032 -0.4182 0.0970
vn 0.2394 0.7239 -0.6471
vn 0.9312 -0.3341 0.1459
vn 0.0540 0.1624 -0.9852
vn -0.0542 -0.1624 0.9852
vn 0.9312 -0.3341 0.1458
vn 0.1552 0.4722 0.8677
vn 0.9622 -0.2398 0.1291
vn 0.2948 0.8915 0.3440
vn 0.9830 -0.1764 0.0517
vn 0.3141 0.9494 -0.0009
vn 0.9493 -0.3143 0.0002
vn -0.1560 -0.4711 -0.8682
vn -0.2395 -0.7250 -0.6457
vn 0.9032 -0.4183 -0.0963
vn -0.9493 0.3142 0.0004
vn -0.1557 -0.4709 -0.8683
vn -0.9746 0.2021 -0.0965
vn -0.2393 -0.7250 -0.6458
vn -0.9861 0.1664 -0.0000
vn -0.3125 -0.9499 0.0010
vn -0.9747 0.2020 0.0961
vn -0.2393 -0.7239 0.6471
vn -0.9472 0.2861 0.1448
vn -0.0540 -0.1625 0.9852
vn 0.0543 0.1623 -0.9852
vn -0.9472 0.2861 0.1449
vn -0.1552 -0.4725 -0.8675
vn -0.9160 0.3800 0.1282
vn -0.2947 -0.8914 -0.3442
vn -0.8942 0.4447 0.0516
vn -0.3140 -0.9494 0.0008
vn -0.9493 0.3144 -0.0003
vn 0.2397 0.7248 0.6459
vn -0.9746 0.2020 -0.0965
vn 0.3139 0.9494 -0.0008
vn -0.9861 0.1663 -0.0000
vn 0.2396 0.7237 -0.6472
vn -0.9747 0.2020 0.0962
vn -0.2396 -0.7250 -0.6457
vn -0.3128 -0.9498 0.0010
vn 0.8916 -0.4528 0.0005
vn -0.2394 -0.7238 0.6471
vn 0.9032 -0.4181 0.0969
vn -0.9746 0.2020 0.0963
vn 0.0542 0.1622 -0.9853
vn -0.2395 -0.7238 0.6471
vn -0.0542 -0.1622 0.9853
vn 0.0542 0.1626 -0.9852
vn 0.9622 -0.2399 0.1292
vn -0.1553 -0.4724 -0.8676
vn -0.0540 -0.1624 0.9852
vn -0.9161 0.3800 0.1281
vn 0.1555 0.4721 0.8677
vn 0.9622 -0.2398 0.1292
vn -0.1553 -0.4722 -0.8677
vn 0.9830 -0.1763 0.0518
vn -0.2949 -0.8914 -0.3442
vn 0.9494 -0.3140 0.0003
vn -0.3143 -0.9493 0.0008
vn -0.9161 0.3800 0.1279
vn 0.1553 0.4720 0.8678
vn -0.8943 0.4446 0.0516
vn 0.2949 0.8914 0.3441
vn -0.9494 0.3141 -0.0003
vn 0.3143 0.9493 -0.0012
vn 0.1557 0.4709 0.8683
vn 0.9495 -0.3136 0.0004
vn 0.9031 -0.4186 -0.0962
vn 0.3133 0.9497 -0.0009
vn 0.8916 -0.4529 0.0004
vn 0.2395 0.7238 -0.6471
vn 0.9032 -0.4181 0.0970
vn 0.0541 0.1625 -0.9852
vn 0.9312 -0.3340 0.1458
vn 0.9621 -0.2405 0.1286
vn -0.0542 -0.1621 0.9853
vn 0.1563 0.4719 0.8677
vn 0.9831 -0.1756 0.0520
vn 0.2941 0.8917 0.3441
vn 0.3133 0.9497 -0.0010
vn 0.2396 0.7248 0.6459
vn 0.1558 0.4708 0.8684
vn -0.9746 0.2019 -0.0964
vn -0.9496 0.3136 -0.0004
vn -0.1543 -0.4713 -0.8684
vn -0.2394 -0.7251 -0.6457
vn -0.9496 0.3136 -0.0002
vn -0.9746 0.2020 -0.0964
vn -0.9860 0.1670 -0.0002
vn -0.9747 0.2019 0.0961
vn -0.9472 0.2862 0.1448
vn -0.9471 0.2862 0.1449
vn -0.9159 0.3802 0.1287
vn 0.0543 0.1624 -0.9852
vn -0.1552 -0.4724 -0.8676
vn -0.8945 0.4441 0.0514
vn -0.2937 -0.8918 -0.3441
vn -0.9496 0.3135 -0.0003
vn -0.3132 -0.9497 0.0008
vn -0.2396 -0.7252 -0.6455
vn -0.1546 -0.4712 -0.8684
vn 0.9032 -0.4184 -0.0961
vn 0.9496 -0.3134 0.0005
vn -0.9747 0.2018 -0.0963
vn -0.9860 0.1669 -0.0001
vn -0.9747 0.2019 0.0962
vn 0.9032 -0.4184 -0.0962
vn 0.8916 -0.4528 0.0004
vn -0.3136 -0.9496 0.0009
vn 0.9032 -0.4181 0.0968
vn -0.2394 -0.7237 0.6472
vn 0.0543 0.1622 -0.9853
vn 0.2397 0.7238 -0.6471
vn -0.9472 0.2862 0.1449
vn 0.9032 -0.4180 0.0969
vn 0.9311 -0.3343 0.1459
vn -0.1556 -0.4723 -0.8676
vn -0.9159 0.3802 0.1286
vn -0.9472 0.2862 0.1447
vn 0.1565 0.4717 0.8677
vn -0.0541 -0.1625 0.9852
vn -0.1555 -0.4722 -0.8677
vn -0.2939 -0.8917 -0.3442
vn 0.9831 -0.1755 0.0520
vn 0.9497 -0.3132 0.0004
vn 0.1564 0.4716 0.8678
vn 0.2942 0.8916 0.3441
vn -0.9160 0.3801 0.1286
vn -0.8946 0.4440 0.0513
vn 0.3135 0.9496 -0.0012
vn -0.9497 0.3132 -0.0004
vn 0.4002 0.2928 0.8684
vn 0.6159 0.4513 0.6458
vn 0.5899 -0.8075 0.0009
vn 0.4916 -0.8656 -0.0957
vn 0.8077 0.5896 -0.0004
vn 0.4619 -0.8869 0.0009
vn 0.6159 0.4499 -0.6467
vn 0.4917 -0.8653 0.0973
vn 0.1389 0.1006 -0.9852
vn 0.5634 -0.8131 0.1464
vn -0.5902 0.8073 -0.0002
vn -0.6761 0.7303 -0.0977
vn 0.4005 0.2927 0.8683
vn 0.6160 0.4511 0.6458
vn -0.7054 0.7088 -0.0006
vn 0.8078 0.5895 -0.0004
vn -0.6762 0.7304 0.0962
vn 0.6160 0.4497 -0.6467
vn 0.1389 0.1003 -0.9852
vn -0.4001 -0.2933 -0.8683
vn -0.6154 -0.4517 -0.6460
vn -0.5900 0.8074 -0.0002
vn -0.6760 0.7304 -0.0976
vn -0.8068 -0.5909 0.0004
vn -0.7053 0.7089 -0.0005
vn -0.6155 -0.4505 0.6467
vn -0.6762 0.7305 0.0961
vn -0.1390 -0.1007 0.9852
vn -0.6043 0.7835 0.1445
vn 0.5903 -0.8072 0.0009
vn 0.4917 -0.8655 -0.0956
vn -0.4004 -0.2933 -0.8681
vn -0.6156 -0.4515 -0.6460
vn 0.4620 -0.8869 0.0008
vn -0.8069 -0.5907 0.0005
vn 0.4917 -0.8653 0.0972
vn -0.6156 -0.4503 0.6467
vn 0.5634 -0.8131 0.1463
vn -0.1390 -0.1005 0.9852
vn 0.6434 -0.7544 0.1296
vn 0.5633 -0.8131 0.1464
vn -0.4005 -0.2943 -0.8677
vn -0.5244 0.8418 0.1276
vn -0.5245 0.8418 0.1275
vn 0.4006 0.2942 0.8677
vn 0.6434 -0.7545 0.1295
vn 0.5635 -0.8131 0.1463
vn -0.4006 -0.2943 -0.8677
vn -0.7579 -0.5542 -0.3441
vn 0.6973 -0.7148 0.0524
vn -0.8073 -0.5902 0.0005
vn -0.4698 0.8813 0.0512
vn -0.4005 -0.2945 -0.8677
vn -0.7578 -0.5543 -0.3441
vn -0.8071 -0.5905 0.0006
vn 0.7578 0.5542 0.3443
vn -0.5246 0.8418 0.1276
vn -0.4698 0.8813 0.0511
vn 0.8069 0.5907 -0.0005
vn -0.5909 0.8068 -0.0008
vn 0.6973 -0.7149 0.0524
vn 0.7577 0.5545 0.3443
vn 0.5902 -0.8072 0.0007
vn 0.8068 0.5909 -0.0006
vn 0.4972 0.0407 0.8667
vn 0.0798 -0.9968 0.0008
vn -0.0344 -0.9949 -0.0948
vn -0.4973 -0.0402 -0.8666
vn -0.7629 -0.0619 -0.6436
vn -0.0693 -0.9976 0.0010
vn -0.9968 -0.0802 -0.0000
vn -0.0345 -0.9947 0.0967
vn -0.7628 -0.0604 0.6438
vn 0.0532 -0.9876 0.1474
vn -0.1724 -0.0128 0.9850
vn 0.7631 0.0607 -0.6435
vn -0.4972 -0.0409 -0.8667
vn 0.4975 0.0404 0.8665
vn -0.9365 -0.0748 -0.3427
vn 0.9364 0.0757 0.3426
vn 0.0801 -0.9968 0.0009
vn -0.4973 -0.0406 -0.8666
vn -0.7628 -0.0622 -0.6436
vn -0.0799 0.9968 -0.0007
vn -0.1924 0.9766 -0.0965
vn 0.4973 0.0404 0.8667
vn 0.7630 0.0613 0.6435
vn -0.2285 0.9735 -0.0011
vn 0.9968 0.0803 -0.0002
vn -0.1921 0.9768 0.0947
vn 0.7630 0.0605 -0.6435
vn -0.1051 0.9838 0.1456
vn 0.1727 0.0127 -0.9849
vn -0.1724 -0.0131 0.9849
vn -0.7629 -0.0606 0.6437
vn 0.4975 0.0402 0.8665
vn -0.4972 -0.0412 -0.8667
vn 0.9364 0.0754 0.3427
vn -0.9365 -0.0750 -0.3425
vn 0.9968 0.0795 -0.0000
vn -0.0801 0.9968 -0.0009
vn 0.7629 0.0614 0.6436
vn 0.9967 0.0806 -0.0001
vn -0.0694 -0.9976 0.0010
vn 0.7630 0.0606 -0.6435
vn -0.0345 -0.9947 0.0966
vn -0.9968 -0.0804 -0.0000
vn -0.1925 0.9766 -0.0964
vn -0.2285 0.9735 -0.0010
vn -0.7629 -0.0607 0.6437
vn -0.1922 0.9768 0.0947
vn -0.0798 0.9968 -0.0010
vn 0.0609 0.9969 0.0502
vn 0.9968 0.0798 -0.0000
vn 0.9364 0.0758 0.3427
vn 0.0800 -0.9968 0.0006
vn 0.2188 -0.9744 0.0519
vn 0.7629 -0.0610 0.6436
vn -0.0798 -0.9968 0.0011
vn -0.1921 -0.9768 -0.0947
vn -0.4972 0.0386 -0.8668
vn -0.7629 0.0602 -0.6437
vn 0.9968 -0.0798 0.0001
vn -0.2286 -0.9735 0.0011
vn 0.7631 -0.0617 -0.6433
vn -0.1923 -0.9766 0.0965
vn 0.1726 -0.0141 -0.9849
vn -0.1050 -0.9835 0.1471
vn -0.7629 0.0619 0.6436
vn -0.1724 0.0147 0.9849
vn -0.9364 0.0748 -0.3429
vn 0.0611 -0.9968 0.0522
vn 0.9364 -0.0746 0.3428
vn -0.0798 -0.9968 0.0007
vn 0.9968 -0.0796 -0.0000
vn 0.7629 -0.0612 0.6436
vn 0.4972 -0.0397 0.8667
vn -0.0345 0.9947 -0.0968
vn 0.0800 0.9968 -0.0010
vn -0.7629 0.0600 -0.6438
vn -0.4974 0.0385 -0.8667
vn -0.9967 0.0806 -0.0000
vn -0.0693 0.9976 -0.0009
vn -0.7629 0.0615 0.6436
vn -0.0344 0.9949 0.0950
vn -0.1724 0.0145 0.9849
vn 0.0530 0.9879 0.1458
vn 0.4974 -0.0392 0.8666
vn 0.1726 -0.0144 -0.9849
vn 0.1530 0.9799 0.1281
vn 0.9364 -0.0747 0.3429
vn -0.4973 0.0390 -0.8667
vn -0.9364 0.0745 -0.3430
vn 0.0797 0.9968 -0.0010
vn -0.9968 0.0794 -0.0001
vn -0.0345 0.9947 -0.0966
vn -0.0694 0.9976 -0.0010
vn 0.9968 -0.0802 0.0001
vn -0.0343 0.9949 0.0951
vn 0.7630 -0.0620 -0.6434
vn -0.2285 -0.9735 0.0011
vn -0.7628 0.0603 -0.6438
vn -0.9967 0.0808 0.0001
vn -0.1924 -0.9766 0.0964
vn -0.7628 0.0618 0.6436
vn -0.0796 -0.9968 0.0010
vn 0.0609 -0.9968 0.0521
vn -0.9968 0.0796 -0.0001
vn -0.9364 0.0748 -0.3430
vn 0.0795 0.9968 -0.0010
vn 0.9968 -0.0798 -0.0000
vn 0.4000 -0.2916 0.8689
vn 0.6161 -0.4497 0.6467
vn -0.5901 -0.8073 0.0010
vn -0.6762 -0.7304 -0.0961
vn 0.8074 -0.5900 0.0006
vn -0.7056 -0.7086 0.0007
vn 0.6161 -0.4510 -0.6458
vn -0.6761 -0.7303 0.0977
vn 0.1389 -0.1025 -0.9850
vn -0.6044 -0.7831 0.1460
vn 0.5902 0.8072 -0.0009
vn 0.4916 0.8654 -0.0972
vn 0.3999 -0.2918 0.8689
vn 0.6159 -0.4500 0.6467
vn 0.4615 0.8871 -0.0010
vn 0.8072 -0.5902 0.0005
vn 0.4916 0.8655 0.0957
vn 0.6159 -0.4512 -0.6458
vn 0.5633 0.8134 0.1449
vn 0.1386 -0.1025 -0.9850
vn -0.4003 0.2911 -0.8689
vn -0.6156 0.4503 -0.6467
vn 0.5901 0.8073 -0.0005
vn 0.4616 0.8871 -0.0010
vn -0.6155 0.4515 0.6460
vn -0.1393 0.1022 0.9850
vn 0.5634 0.8134 0.1447
vn -0.5900 -0.8074 0.0012
vn -0.6761 -0.7305 -0.0961
vn -0.4003 0.2914 -0.8688
vn -0.6155 0.4505 -0.6467
vn -0.6761 -0.7303 0.0976
vn -0.6154 0.4517 0.6460
vn -0.6044 -0.7832 0.1460
vn -0.1391 0.1023 0.9850
vn -0.5244 -0.8416 0.1295
vn -0.6044 -0.7831 0.1461
vn -0.4005 0.2929 -0.8682
vn 0.5634 0.8134 0.1449
vn 0.6434 0.7548 0.1279
vn 0.5634 0.8134 0.1446
vn 0.4007 -0.2922 0.8684
vn -0.1391 0.1022 0.9850
vn -0.5244 -0.8416 0.1293
vn -0.4004 0.2930 -0.8682
vn -0.7575 0.5541 -0.3453
vn -0.4700 -0.8811 0.0527
vn -0.8071 0.5904 -0.0006
vn -0.5902 -0.8073 0.0007
vn 0.6435 0.7547 0.1281
vn -0.4006 0.2928 -0.8682
vn -0.7577 0.5538 -0.3453
vn 0.5905 0.8071 -0.0008
vn 0.4006 -0.2923 0.8684
vn 0.7575 -0.5540 0.3453
vn 0.8071 -0.5904 0.0006
vn 0.7577 -0.5538 0.3453
vn -0.5904 -0.8071 0.0010
vn -0.9746 -0.2022 -0.0962
vn -0.9496 -0.3134 0.0002
vn 0.2398 -0.7237 0.6471
vn 0.1561 -0.4693 0.8692
vn 0.9496 0.3136 -0.0004
vn 0.1557 -0.4692 0.8692
vn 0.2395 -0.7237 0.6472
vn 0.8916 0.4528 -0.0003
vn 0.3131 -0.9497 0.0009
vn 0.9031 0.4185 0.0962
vn 0.2393 -0.7251 -0.6458
vn 0.9496 0.3134 -0.0001
vn -0.2397 0.7237 -0.6471
vn -0.1546 0.4697 -0.8692
vn -0.9496 -0.3136 0.0003
vn -0.1544 0.4699 -0.8691
vn -0.2394 0.7238 -0.6471
vn -0.9860 -0.1670 0.0002
vn -0.3133 0.9497 -0.0007
vn -0.9747 -0.2018 0.0965
vn -0.2393 0.7251 0.6457
vn -0.0539 0.1642 0.9850
vn 0.0542 -0.1643 -0.9849
vn -0.1551 0.4707 -0.8686
vn -0.9472 -0.2856 0.1455
vn -0.9159 -0.3801 0.1292
vn -0.2937 0.8912 -0.3457
vn -0.8949 -0.4432 0.0521
vn -0.9497 -0.3131 0.0003
vn 0.2398 -0.7236 0.6472
vn 0.3135 -0.9496 0.0009
vn -0.9860 -0.1670 0.0003
vn -0.9747 -0.2017 0.0965
vn -0.2396 0.7238 -0.6471
vn -0.3135 0.9496 -0.0008
vn -0.2395 0.7250 0.6458
vn 0.9032 0.4183 0.0962
vn -0.9472 -0.2858 0.1455
vn 0.2395 -0.7251 -0.6456
vn 0.9312 0.3344 0.1451
vn 0.9032 0.4183 0.0961
vn -0.2394 0.7251 0.6457
vn 0.9622 0.2404 0.1281
vn 0.9312 0.3344 0.1452
vn -0.0543 0.1642 0.9849
vn 0.1563 -0.4705 0.8684
vn 0.9621 0.2406 0.1280
vn 0.2937 -0.8911 0.3459
vn 0.9830 0.1760 0.0519
vn 0.3130 -0.9498 0.0009
vn 0.9495 0.3138 -0.0003
vn 0.1566 -0.4705 0.8684
vn -0.0539 0.1643 0.9849
vn -0.9159 -0.3800 0.1291
vn -0.9472 -0.2858 0.1453
vn 0.9622 0.2405 0.1281
vn 0.9830 0.1759 0.0519
vn -0.2939 0.8911 -0.3457
vn 0.9496 0.3134 0.0001
vn -0.8950 -0.4431 0.0520
vn 0.1565 -0.4704 0.8685
vn 0.2939 -0.8911 0.3458
vn -0.9498 -0.3128 0.0003
vn -0.1557 -0.4693 0.8692
vn -0.9496 0.3136 -0.0008
vn -0.9031 0.4183 -0.0971
vn -0.3140 -0.9494 0.0010
vn -0.8916 0.4527 -0.0003
vn -0.2394 -0.7250 -0.6458
vn -0.9032 0.4183 0.0963
vn -0.9312 0.3343 0.1451
vn -0.9622 0.2400 0.1287
vn 0.0541 0.1642 0.9849
vn -0.1552 -0.4708 0.8685
vn -0.9829 0.1767 0.0515
vn -0.2944 -0.8910 0.3457
vn -0.9492 0.3145 -0.0003
vn -0.3138 -0.9495 0.0009
vn -0.1560 -0.4691 0.8692
vn 0.9746 -0.2021 -0.0961
vn 0.9495 -0.3138 0.0011
vn 0.1556 0.4693 -0.8692
vn 0.2394 0.7239 -0.6470
vn 0.9494 -0.3140 0.0012
vn 0.9746 -0.2022 -0.0961
vn 0.3126 0.9499 -0.0010
vn 0.9860 -0.1667 0.0001
vn 0.2392 0.7250 0.6459
vn 0.9746 -0.2019 0.0965
vn 0.0538 0.1642 0.9850
vn 0.9161 -0.3798 0.1288
vn -0.0542 -0.1640 -0.9850
vn 0.1551 0.4706 -0.8686
vn 0.8946 -0.4437 0.0523
vn 0.2948 0.8908 -0.3457
vn 0.9494 -0.3139 0.0003
vn 0.2397 0.7239 -0.6470
vn 0.1560 0.4696 -0.8690
vn -0.9031 0.4183 -0.0970
vn -0.9496 0.3135 -0.0004
vn -0.3141 -0.9494 0.0009
vn 0.9746 -0.2019 0.0966
vn -0.2395 -0.7249 -0.6458
vn -0.8917 0.4526 -0.0004
vn 0.3129 0.9498 -0.0008
vn 0.2393 0.7249 0.6460
vn 0.9472 -0.2857 0.1455
vn 0.0540 0.1641 0.9850
vn 0.2394 0.7249 0.6460
vn -0.9312 0.3343 0.1450
vn -0.9032 0.4183 0.0961
vn 0.1554 0.4706 -0.8686
vn -0.0540 -0.1644 -0.9849
vn 0.9161 -0.3797 0.1287
vn 0.9472 -0.2857 0.1454
vn -0.1554 -0.4706 0.8685
vn 0.1553 0.4706 -0.8686
vn 0.2949 0.8908 -0.3457
vn -0.9829 0.1766 0.0515
vn 0.3143 0.9493 -0.0009
vn -0.9493 0.3143 -0.0002
vn -0.1554 -0.4706 0.8686
vn -0.2947 -0.8909 0.3457
vn 0.8947 -0.4436 0.0522
vn -0.3141 -0.9494 0.0010
vn 0.9496 -0.3136 0.0003
vn -0.3995 -0.2925 0.8688
vn -0.6159 -0.4498 0.6468
vn -0.4917 0.8653 -0.0973
vn -0.8066 -0.5911 0.0005
vn -0.4621 0.8868 -0.0008
vn -0.1381 -0.1036 -0.9850
vn -0.5633 0.8136 0.1444
vn 0.5903 -0.8072 0.0004
vn 0.6757 -0.7309 -0.0958
vn -0.3996 -0.2924 0.8688
vn -0.6160 -0.4497 0.6468
vn -0.8068 -0.5909 0.0005
vn 0.6757 -0.7308 0.0971
vn -0.6161 -0.4509 -0.6458
vn 0.6042 -0.7832 0.1464
vn -0.1382 -0.1034 -0.9850
vn 0.4002 0.2914 -0.8688
vn 0.6160 0.4499 -0.6466
vn 0.5902 -0.8073 0.0006
vn 0.6755 -0.7311 -0.0957
vn 0.8070 0.5905 -0.0006
vn 0.7054 -0.7088 0.0006
vn 0.6160 0.4512 0.6457
vn 0.6756 -0.7309 0.0971
vn 0.1390 0.1024 0.9850
vn 0.6044 -0.7831 0.1462
vn -0.5904 0.8071 -0.0006
vn -0.4918 0.8653 -0.0972
vn 0.4005 0.2913 -0.8688
vn 0.6161 0.4497 -0.6466
vn -0.4622 0.8868 -0.0009
vn -0.4918 0.8654 0.0957
vn 0.6161 0.4509 0.6458
vn -0.5634 0.8135 0.1443
vn 0.1390 0.1021 0.9850
vn -0.5634 0.8135 0.1445
vn 0.4003 0.2926 -0.8684
vn 0.5242 -0.8417 0.1295
vn 0.6044 -0.7832 0.1463
vn 0.6044 -0.7832 0.1462
vn -0.4007 -0.2921 0.8684
vn 0.1390 0.1022 0.9850
vn -0.6434 0.7547 0.1281
vn 0.4004 0.2927 -0.8684
vn -0.6975 0.7148 0.0511
vn 0.8073 0.5902 -0.0006
vn 0.5243 -0.8416 0.1295
vn 0.4003 0.2929 -0.8683
vn 0.7576 0.5540 -0.3452
vn 0.5902 -0.8073 0.0005
vn -0.7577 -0.5537 0.3453
vn 0.5903 -0.8072 0.0008
vn -0.6434 0.7547 0.1280
vn -0.6974 0.7148 0.0511
vn -0.4007 -0.2923 0.8683
vn -0.7576 -0.5539 0.3453
vn -0.4972 -0.0396 0.8667
vn -0.7629 -0.0616 0.6436
vn -0.0799 0.9968 -0.0011
vn 0.4970 0.0384 -0.8669
vn 0.7628 0.0605 -0.6438
vn 0.0704 0.9975 -0.0007
vn 0.9968 0.0801 -0.0000
vn 0.0345 0.9949 0.0947
vn 0.7628 0.0621 0.6436
vn -0.0534 0.9879 0.1455
vn 0.1728 0.0150 0.9848
vn -0.7628 -0.0624 -0.6436
vn 0.4973 0.0389 -0.8667
vn 0.9364 0.0745 -0.3428
vn -0.9364 -0.0747 0.3428
vn 0.9969 0.0793 -0.0001
vn -0.0805 0.9968 -0.0010
vn 0.4973 0.0388 -0.8667
vn 0.7628 0.0608 -0.6438
vn 0.0800 -0.9968 0.0008
vn 0.1931 -0.9765 -0.0953
vn -0.4970 -0.0394 0.8668
vn 0.2288 -0.9735 0.0009
vn -0.9968 -0.0801 0.0002
vn 0.1931 -0.9764 0.0971
vn -0.7627 -0.0621 -0.6437
vn 0.1048 -0.9835 0.1474
vn -0.1728 -0.0143 -0.9849
vn 0.1728 0.0152 0.9848
vn 0.7629 0.0622 0.6436
vn -0.4975 -0.0391 0.8666
vn 0.4973 0.0392 -0.8667
vn 0.9364 0.0747 -0.3428
vn 0.0791 -0.9969 0.0012
vn -0.7628 -0.0615 0.6437
vn -0.9968 -0.0802 0.0002
vn 0.0705 0.9975 -0.0007
vn 0.0344 0.9949 0.0946
vn 0.7627 0.0606 -0.6439
vn 0.9968 0.0804 -0.0001
vn 0.1931 -0.9766 -0.0952
vn 0.2287 -0.9735 0.0009
vn 0.7628 0.0623 0.6436
vn 0.1931 -0.9764 0.0970
vn 0.9968 0.0796 0.0002
vn 0.9364 0.0748 -0.3427
vn 0.0788 -0.9969 0.0011
vn -0.0610 -0.9968 0.0520
vn -0.9968 -0.0797 0.0001
vn -0.2186 0.9745 0.0501
vn -0.4973 0.0405 0.8666
vn -0.7629 0.0617 0.6436
vn 0.0799 0.9968 -0.0009
vn 0.1932 0.9764 -0.0970
vn 0.4970 -0.0405 -0.8668
vn 0.7629 -0.0625 -0.6435
vn -0.9968 0.0797 -0.0001
vn 0.2286 0.9735 -0.0009
vn -0.7629 0.0610 -0.6436
vn 0.1931 0.9766 0.0952
vn -0.1727 0.0128 -0.9849
vn 0.1048 0.9838 0.1454
vn 0.7627 -0.0611 0.6439
vn 0.4973 -0.0411 -0.8666
vn 0.1728 -0.0130 0.9849
vn -0.4976 0.0402 0.8665
vn -0.9364 0.0755 0.3427
vn 0.0809 0.9967 -0.0009
vn -0.7629 0.0620 0.6436
vn -0.4970 0.0408 0.8668
vn 0.0345 -0.9949 -0.0947
vn -0.0799 -0.9968 0.0006
vn 0.7628 -0.0623 -0.6436
vn 0.4972 -0.0401 -0.8667
vn 0.0707 -0.9975 0.0008
vn 0.7628 -0.0607 0.6438
vn 0.0344 -0.9947 0.0968
vn 0.1728 -0.0128 0.9849
vn -0.0534 -0.9876 0.1473
vn -0.7629 0.0612 -0.6436
vn -0.1726 0.0131 -0.9849
vn 0.4973 -0.0409 -0.8666
vn -0.2187 -0.9744 0.0521
vn -0.0806 -0.9967 0.0011
vn 0.9967 -0.0809 0.0006
vn 0.0344 -0.9949 -0.0947
vn 0.0707 -0.9975 0.0007
vn -0.7628 0.0619 0.6436
vn -0.9968 0.0799 -0.0002
vn 0.0342 -0.9947 0.0968
vn -0.7629 0.0611 -0.6437
vn 0.1933 0.9763 -0.0969
vn 0.2284 0.9736 -0.0009
vn 0.7628 -0.0626 -0.6436
vn 0.9968 -0.0801 -0.0000
vn 0.1931 0.9766 0.0951
vn 0.7627 -0.0610 0.6439
vn 0.0806 0.9967 -0.0007
vn 0.9967 -0.0811 0.0003
vn 0.9364 -0.0750 -0.3429
vn -0.0803 -0.9968 0.0011
vn -0.2188 -0.9744 0.0519
vn -0.9968 0.0804 0.0001
vn -0.4000 0.2932 0.8683
vn -0.6160 0.4509 0.6459
vn 0.5903 0.8072 -0.0008
vn 0.6756 0.7308 -0.0972
vn -0.8072 0.5903 -0.0005
vn 0.7052 0.7090 -0.0006
vn -0.6161 0.4496 -0.6467
vn 0.6756 0.7310 0.0956
vn -0.1390 0.1016 -0.9851
vn 0.6044 0.7834 0.1447
vn -0.5903 -0.8072 0.0009
vn -0.4918 -0.8654 -0.0959
vn -0.3998 0.2935 0.8683
vn -0.6159 0.4512 0.6459
vn -0.4621 -0.8868 0.0008
vn -0.8070 0.5905 -0.0005
vn -0.4913 -0.8655 0.0975
vn -0.6159 0.4498 -0.6468
vn -0.5635 -0.8131 0.1460
vn -0.1386 0.1017 -0.9851
vn 0.4001 -0.2932 -0.8683
vn 0.6161 -0.4509 -0.6458
vn -0.5904 -0.8071 0.0011
vn -0.4918 -0.8654 -0.0957
vn 0.6164 -0.4494 0.6466
vn -0.4914 -0.8655 0.0974
vn 0.1391 -0.1005 0.9852
vn -0.5635 -0.8131 0.1459
vn 0.5902 0.8073 -0.0006
vn 0.6756 0.7308 -0.0971
vn 0.3999 -0.2934 -0.8683
vn 0.6160 -0.4512 -0.6457
vn 0.7051 0.7091 -0.0006
vn 0.8070 -0.5905 0.0006
vn 0.6756 0.7311 0.0956
vn 0.6163 -0.4495 0.6466
vn 0.6043 0.7835 0.1446
vn 0.5245 0.8418 0.1277
vn 0.6044 0.7835 0.1447
vn 0.4006 -0.2944 -0.8677
vn -0.1386 0.1016 -0.9851
vn -0.6434 -0.7545 0.1297
vn -0.6432 -0.7546 0.1296
vn -0.5635 -0.8132 0.1459
vn -0.4005 0.2942 0.8678
vn 0.5246 0.8417 0.1276
vn 0.4007 -0.2945 -0.8676
vn 0.5246 0.8417 0.1279
vn 0.4697 0.8814 0.0509
vn 0.5906 0.8070 -0.0007
vn -0.6974 -0.7148 0.0523
vn 0.4008 -0.2944 -0.8676
vn 0.7579 -0.5542 -0.3442
vn -0.5904 -0.8071 0.0008
vn 0.8072 -0.5903 0.0007
vn -0.7577 0.5545 0.3442
vn -0.6433 -0.7546 0.1295
vn -0.6973 -0.7149 0.0523
vn -0.8067 0.5909 -0.0005
vn 0.5247 0.8417 0.1276
vn 0.4697 0.8813 0.0509
vn -0.7578 0.5543 0.3442
vn 0.5907 0.8069 -0.0007
vn -0.8069 0.5907 -0.0004
vn 0.9746 0.2021 -0.0967
vn 0.9495 0.3138 0.0002
vn -0.2396 0.7249 0.6459
vn -0.1558 0.4710 0.8683
vn -0.9496 -0.3136 -0.0000
vn -0.9031 -0.4184 -0.0964
vn -0.1556 0.4710 0.8683
vn -0.2395 0.7249 0.6459
vn -0.8916 -0.4529 0.0005
vn -0.3137 0.9495 -0.0009
vn -0.9032 -0.4182 0.0970
vn -0.2394 0.7239 -0.6471
vn -0.9312 -0.3340 0.1460
vn -0.1551 0.4722 0.8677
vn -0.9312 -0.3341 0.1457
vn -0.9622 -0.2399 0.1291
vn -0.2948 0.8915 0.3440
vn -0.9830 -0.1764 0.0518
vn -0.9493 -0.3143 0.0002
vn -0.9032 -0.4183 -0.0963
vn -0.9497 -0.3133 -0.0000
vn 0.1559 -0.4709 -0.8683
vn 0.9494 0.3139 0.0005
vn 0.9746 0.2021 -0.0965
vn 0.1557 -0.4710 -0.8683
vn 0.9861 0.1664 -0.0000
vn 0.3126 -0.9499 0.0010
vn 0.9747 0.2020 0.0961
vn 0.2393 -0.7239 0.6471
vn 0.9472 0.2861 0.1448
vn 0.0540 -0.1622 0.9853
vn 0.1550 -0.4724 -0.8676
vn 0.9161 0.3800 0.1282
vn 0.2947 -0.8914 -0.3442
vn 0.8942 0.4447 0.0516
vn 0.9493 0.3144 -0.0003
vn -0.3139 0.9494 -0.0008
vn 0.9861 0.1663 -0.0000
vn 0.2395 -0.7249 -0.6458
vn 0.3128 -0.9498 0.0010
vn -0.8916 -0.4528 0.0005
vn 0.2396 -0.7238 0.6471
vn 0.9747 0.2019 0.0962
vn -0.9312 -0.3341 0.1458
vn 0.0543 -0.1623 0.9852
vn 0.1554 -0.4724 -0.8676
vn -0.9622 -0.2397 0.1291
vn -0.9312 -0.3339 0.1460
vn -0.1555 0.4722 0.8677
vn 0.0540 -0.1624 0.9852
vn 0.9161 0.3800 0.1281
vn -0.9622 -0.2398 0.1291
vn 0.2949 -0.8914 -0.3442
vn -0.9494 -0.3140 0.0003
vn 0.3143 -0.9493 0.0008
vn 0.9161 0.3799 0.1280
vn 0.8942 0.4446 0.0515
vn -0.1554 0.4722 0.8677
vn -0.2950 0.8914 0.3440
vn 0.9494 0.3141 -0.0003
vn -0.3143 0.9493 -0.0009
vt 3.425167 0.354083
vt 3.425432 0.353793
vt 3.426988 0.355168
vt 3.427354 0.354938
vt 3.427664 0.357087
vt 3.428112 0.357088
vt 3.426985 0.359006
vt 3.427350 0.359236
vt 3.425262 0.360028
vt 3.425426 0.360378
vt 3.425378 0.360728
vt 3.423239 0.359979
vt 3.422964 0.360287
vt 3.421813 0.358226
vt 3.421387 0.358348
vt 3.421816 0.355939
vt 3.421389 0.355938
vt 0.553090 3.425220
vt 0.553463 3.425167
vt 0.552458 3.427143
vt 0.552863 3.426988
vt -2.425485 0.353502
vt -2.425220 0.353793
vt -2.427509 0.354708
vt -2.427143 0.354938
vt -2.428348 0.357088
vt -2.427900 0.357088
vt -2.427505 0.359466
vt -2.427139 0.359236
vt -2.425378 0.360728
vt -2.425214 0.360378
vt -2.425262 0.360028
vt -2.423028 0.359979
vt -2.423303 0.359670
vt -2.421602 0.358225
vt -2.422028 0.358103
vt -2.421604 0.355938
vt -2.422030 0.355939
vt 0.446270 3.425432
vt 0.446642 3.425485
vt 0.446903 3.427354
vt 0.447309 3.427509
vt 0.552458 0.354938
vt 0.552863 0.355168
vt 0.552208 0.357088
vt 0.552640 0.357087
vt 0.552458 0.359236
vt 0.552863 0.359006
vt 0.446903 0.354938
vt 0.447309 0.354708
vt 0.447153 0.357088
vt 0.447585 0.357088
vt 0.446903 0.359236
vt 0.447309 0.359466
vt 0.447542 3.427139
vt 0.447137 3.426985
vt 0.446910 3.425214
vt 0.446571 3.425262
vt 0.553097 3.427350
vt 0.552691 3.427505
vt 0.553730 3.425426
vt 0.553391 3.425378
vt 0.446270 3.425426
vt 0.445926 3.423303
vt 0.445551 3.423239
vt 0.553090 3.425214
vt 0.554186 3.422964
vt 0.553810 3.423028
vt 0.445926 0.359670
vt 0.445551 0.359979
vt 0.445506 0.358103
vt 0.445081 0.358226
vt 0.445506 0.355939
vt 0.445081 0.355939
vt 0.554186 0.360287
vt 0.553810 0.359979
vt 0.554705 0.358348
vt 0.554280 0.358225
vt 0.554705 0.355938
vt 0.554280 0.355938
vt 3.421333 0.354079
vt 3.421704 0.353789
vt 3.422463 0.355164
vt 3.422898 0.354934
vt 3.422883 0.357083
vt 3.423368 0.357083
vt 3.422460 0.359002
vt 3.422894 0.359232
vt 3.421389 0.360024
vt 3.421698 0.360375
vt 0.547897 0.353789
vt 0.548231 0.354079
vt 0.546269 0.354933
vt 0.546688 0.355164
vt 0.545626 0.357083
vt 0.546115 0.357083
vt 0.546269 0.359232
vt 0.546688 0.359002
vt 0.547897 0.360374
vt 0.548146 0.360024
vt -2.421530 0.353499
vt -2.421159 0.353789
vt -2.422787 0.354704
vt -2.422353 0.354933
vt -2.423308 0.357083
vt -2.422822 0.357083
vt -2.422783 0.359462
vt -2.422349 0.359232
vt -2.421462 0.360724
vt -2.421153 0.360374
vt 0.451706 0.353789
vt 0.452039 0.353499
vt 0.453334 0.354934
vt 0.453752 0.354704
vt 0.453977 0.357083
vt 0.454464 0.357083
vt 0.453334 0.359232
vt 0.453752 0.359462
vt 0.451706 0.360375
vt 0.451954 0.360724
vt 0.449855 3.420340
vt 0.450197 3.420173
vt 0.451706 3.421698
vt 0.451854 3.421389
vt 0.450252 3.419795
vt 0.452103 3.421153
vt 0.549748 3.419795
vt 0.550090 3.419961
vt 0.547897 3.421153
vt 0.548046 3.421462
vt 0.550145 3.420340
vt 0.548294 3.421698
vt 0.450197 0.359667
vt 0.449855 0.359976
vt 0.449117 0.358101
vt 0.448647 0.358223
vt 0.449117 0.355936
vt 0.448647 0.355936
vt -2.419795 0.359976
vt -2.420173 0.359667
vt -2.418910 0.358223
vt -2.419381 0.358101
vt -2.418912 0.355936
vt -2.419384 0.355936
vt 0.550090 0.360284
vt 0.549748 0.359976
vt 0.551426 0.358346
vt 0.550956 0.358223
vt 0.551426 0.355936
vt 0.550956 0.355936
vt 3.420340 0.359976
vt 3.419961 0.360284
vt 3.419455 0.358223
vt 3.418983 0.358346
vt 3.419457 0.355936
vt 3.418984 0.355936
vt 0.453819 0.354073
vt 0.453960 0.353784
vt 0.455707 0.355156
vt 0.455952 0.354927
vt 0.454154 0.353494
vt 0.456253 0.354698
vt 0.456739 0.357076
vt 0.457124 0.357076
vt 0.455952 0.359225
vt 0.456253 0.359454
vt 0.453960 0.360369
vt 0.454048 0.360719
vt 0.453925 0.360018
vt 0.455707 0.358996
vt 0.451899 0.359663
vt 0.451694 0.359971
vt 0.451542 0.360279
vt 0.450576 0.358097
vt 0.450214 0.358219
vt 0.449906 0.358341
vt 0.450576 0.355932
vt 0.450214 0.355932
vt 0.545846 0.353494
vt 0.545986 0.353783
vt 0.543747 0.354698
vt 0.543994 0.354927
vt 0.546181 0.354073
vt 0.544293 0.355156
vt 0.543206 0.357076
vt 0.543590 0.357076
vt 0.543994 0.359225
vt 0.544293 0.358996
vt 0.545986 0.360368
vt 0.546075 0.360018
vt 0.545952 0.360719
vt 0.543747 0.359454
vt 0.548458 0.360279
vt 0.548253 0.359971
vt 0.548101 0.359663
vt 0.550094 0.358341
vt 0.549732 0.358219
vt 0.549424 0.358097
vt 0.550094 0.355932
vt 0.549732 0.355932
vt 3.415205 0.355156
vt 3.415564 0.354927
vt 3.415260 0.357076
vt 3.415625 0.357076
vt 3.415202 0.358996
vt 3.415560 0.359225
vt -2.415250 0.354698
vt -2.414891 0.354927
vt -2.415318 0.357076
vt -2.414952 0.357076
vt -2.415245 0.359454
vt -2.414887 0.359225
vt -2.414426 0.358219
vt -2.414789 0.358097
vt -2.414428 0.355932
vt -2.414792 0.355932
vt 3.415099 0.358219
vt 3.414735 0.358341
vt 3.415101 0.355932
vt 3.414737 0.355932
vt 0.453819 0.354059
vt 0.454014 0.353769
vt 0.455707 0.355141
vt 0.456006 0.354913
vt 0.454154 0.353479
vt 0.456253 0.354683
vt 0.456410 0.357061
vt 0.456794 0.357062
vt 0.455707 0.358981
vt 0.456006 0.359211
vt 0.453925 0.360004
vt 0.454014 0.360354
vt 0.456253 0.359439
vt 0.451899 0.359649
vt 0.454048 0.360704
vt 0.451747 0.359957
vt 0.450576 0.358083
vt 0.451542 0.360265
vt 0.450268 0.358206
vt 0.449906 0.358327
vt 0.450268 0.355919
vt 0.449906 0.355918
vt 0.544293 0.355141
vt 0.544048 0.354912
vt 0.546181 0.354059
vt 0.546040 0.353769
vt 0.543747 0.354683
vt 0.545846 0.353479
vt 0.542876 0.357061
vt 0.543261 0.357061
vt 0.543747 0.359439
vt 0.544048 0.359210
vt 0.545952 0.360704
vt 0.546040 0.360354
vt 0.544293 0.358981
vt 0.548458 0.360265
vt 0.546075 0.360004
vt 0.548306 0.359957
vt 0.550094 0.358327
vt 0.548101 0.359649
vt 0.549786 0.358205
vt 0.549424 0.358083
vt 0.549786 0.355918
vt 0.549424 0.355918
vt 3.396460 0.354912
vt 3.396819 0.355141
vt 3.396395 0.357061
vt 3.396760 0.357061
vt 3.396456 0.359210
vt 3.396815 0.358981
vt -2.397133 0.354913
vt -2.396775 0.354683
vt -2.397068 0.357062
vt -2.396702 0.357061
vt -2.397129 0.359211
vt -2.396770 0.359439
vt -2.397229 0.358083
vt -2.397592 0.358206
vt -2.397231 0.355918
vt -2.397594 0.355919
vt 3.397283 0.358327
vt 3.396919 0.358205
vt 3.397285 0.355918
vt 3.396922 0.355918
vt 0.451770 0.354054
vt 0.452103 0.353763
vt 0.453312 0.355136
vt 0.453731 0.354906
vt 0.453885 0.357054
vt 0.454374 0.357054
vt 0.453312 0.358974
vt 0.453731 0.359204
vt 0.451855 0.359998
vt 0.452103 0.360349
vt 3.390322 0.353763
vt 3.390693 0.354054
vt 3.389126 0.354905
vt 3.389560 0.355136
vt 3.388652 0.357054
vt 3.389138 0.357054
vt 3.389122 0.359203
vt 3.389557 0.358974
vt 3.390316 0.360348
vt 3.390625 0.359998
vt 0.547961 0.353473
vt 0.548294 0.353763
vt 0.546248 0.354675
vt 0.546666 0.354905
vt 0.545535 0.357054
vt 0.546023 0.357054
vt 0.546248 0.359434
vt 0.546666 0.359203
vt 0.548046 0.360698
vt 0.548294 0.360348
vt -2.390867 0.353763
vt -2.390496 0.353473
vt -2.389671 0.354906
vt -2.389237 0.354675
vt -2.389197 0.357054
vt -2.388712 0.357054
vt -2.389667 0.359204
vt -2.389232 0.359434
vt -2.390861 0.360349
vt -2.390552 0.360698
vt 0.450252 3.392220
vt 0.450197 3.391842
vt 0.452103 3.390861
vt 0.451855 3.390625
vt 0.449855 3.391675
vt 0.451706 3.390316
vt 0.550145 3.391675
vt 0.550090 3.392052
vt 0.548294 3.390316
vt 0.548046 3.390552
vt 0.549748 3.392220
vt 0.547897 3.390861
vt -2.391842 0.359644
vt -2.392220 0.359953
vt -2.392637 0.358078
vt -2.393108 0.358202
vt -2.392639 0.355914
vt -2.393111 0.355915
vt 0.550145 0.359952
vt 0.549803 0.359644
vt 0.551353 0.358201
vt 0.550883 0.358078
vt 0.551353 0.355914
vt 0.550883 0.355914
vt 3.392052 0.360261
vt 3.391675 0.359952
vt 3.393035 0.358324
vt 3.392564 0.358201
vt 3.393038 0.355914
vt 3.392566 0.355914
vt 0.450252 0.359953
vt 0.449910 0.360261
vt 0.449044 0.358202
vt 0.448574 0.358324
vt 0.449044 0.355915
vt 0.448574 0.355914
vt 0.553463 3.386858
vt 0.553090 3.386806
vt 0.552863 3.385036
vt 0.552458 3.384881
vt 3.386594 0.353759
vt 3.386858 0.354050
vt 3.384670 0.354901
vt 3.385036 0.355132
vt 3.383908 0.357050
vt 3.384356 0.357050
vt 3.384666 0.359199
vt 3.385032 0.358970
vt 3.386588 0.360345
vt 3.386753 0.359995
vt 0.446642 3.386541
vt 0.446271 3.386594
vt 0.447309 3.384515
vt 0.446903 3.384670
vt -2.386806 0.353760
vt -2.386541 0.353469
vt -2.384881 0.354901
vt -2.384515 0.354671
vt -2.384120 0.357050
vt -2.383672 0.357049
vt -2.384877 0.359200
vt -2.384511 0.359429
vt -2.386799 0.360345
vt -2.386635 0.360695
vt -2.386753 0.359995
vt -2.388712 0.359641
vt -2.388987 0.359950
vt -2.389990 0.358076
vt -2.390416 0.358199
vt -2.389992 0.355912
vt -2.390418 0.355912
vt 0.447137 0.355132
vt 0.447542 0.354901
vt 0.447360 0.357050
vt 0.447792 0.357050
vt 0.447137 0.358970
vt 0.447542 0.359200
vt 0.552691 0.354671
vt 0.553097 0.354901
vt 0.552415 0.357049
vt 0.552847 0.357050
vt 0.552691 0.359429
vt 0.553097 0.359199
vt 0.447137 3.385032
vt 0.447542 3.384877
vt 0.446571 3.386753
vt 0.446910 3.386799
vt 0.552691 3.384511
vt 0.553097 3.384666
vt 0.553391 3.386635
vt 0.553729 3.386588
vt 0.446271 3.386588
vt 0.445551 3.388776
vt 0.445926 3.388712
vt 3.386635 0.360695
vt 3.389050 0.360258
vt 3.388776 0.359950
vt 3.390631 0.358322
vt 3.390205 0.358199
vt 3.390633 0.355912
vt 3.390207 0.355912
vt 0.553090 3.386799
vt 0.553810 3.388987
vt 0.554186 3.389050
vt 0.554449 0.359950
vt 0.554074 0.359641
vt 0.554919 0.358199
vt 0.554494 0.358076
vt 0.554919 0.355912
vt 0.554494 0.355912
vt 0.446190 0.359950
vt 0.445814 0.360258
vt 0.445720 0.358199
vt 0.445295 0.358322
vt 0.445720 0.355912
vt 0.445295 0.355912
vt -2.386858 0.354050
vt -2.386594 0.353759
vt -2.385036 0.355132
vt -2.384670 0.354901
vt -2.384355 0.357050
vt -2.383908 0.357050
vt -2.385032 0.358970
vt -2.384666 0.359199
vt -2.386588 0.360345
vt -2.388776 0.359950
vt -2.389050 0.360258
vt -2.390205 0.358199
vt -2.390631 0.358322
vt -2.390207 0.355912
vt -2.390633 0.355912
vt 0.561943 3.386806
vt 0.561571 3.386858
vt 0.562576 3.384881
vt 0.562170 3.385036
vt 3.386541 0.353469
vt 3.386806 0.353760
vt 3.384515 0.354671
vt 3.384881 0.354901
vt 3.383672 0.357049
vt 3.384120 0.357050
vt 3.384511 0.359429
vt 3.384877 0.359200
vt 3.386799 0.360345
vt 3.388987 0.359950
vt 3.388712 0.359641
vt 3.390416 0.358199
vt 3.389990 0.358076
vt 3.390418 0.355912
vt 3.389992 0.355912
vt 0.438696 3.386594
vt 0.438324 3.386541
vt 0.438064 3.384670
vt 0.437658 3.384515
vt 0.437424 0.354901
vt 0.437830 0.355132
vt 0.437174 0.357050
vt 0.437606 0.357050
vt 0.437424 0.359200
vt 0.437830 0.358970
vt 0.561936 0.354901
vt 0.562342 0.354671
vt 0.562187 0.357050
vt 0.562618 0.357049
vt 0.561936 0.359199
vt 0.562342 0.359429
vt 0.437424 3.384877
vt 0.437830 3.385032
vt 0.438057 3.386799
vt 0.438396 3.386753
vt 0.561936 3.384666
vt 0.562342 3.384511
vt 0.561304 3.386588
vt 0.561643 3.386635
vt 0.438696 3.386588
vt 0.439041 3.388712
vt 0.439416 3.388776
vt 0.561943 3.386799
vt 0.560848 3.389050
vt 0.561223 3.388987
vt 0.560959 0.359641
vt 0.560584 0.359950
vt 0.560540 0.358076
vt 0.560115 0.358199
vt 0.560540 0.355912
vt 0.560115 0.355912
vt 0.439152 0.360258
vt 0.438777 0.359950
vt 0.439672 0.358322
vt 0.439247 0.358199
vt 0.439672 0.355912
vt 0.439247 0.355912
vt -2.390693 0.354054
vt -2.390322 0.353763
vt -2.389560 0.355136
vt -2.389126 0.354905
vt -2.389138 0.357054
vt -2.388652 0.357054
vt -2.389557 0.358974
vt -2.389122 0.359204
vt -2.390625 0.359998
vt -2.390316 0.360348
vt 0.432864 0.353763
vt 0.433196 0.354054
vt 0.431236 0.354906
vt 0.431655 0.355136
vt 0.430593 0.357055
vt 0.431080 0.357054
vt 0.431236 0.359204
vt 0.431655 0.358974
vt 0.432864 0.360349
vt 0.433111 0.359998
vt 3.390496 0.353473
vt 3.390867 0.353763
vt 3.389237 0.354675
vt 3.389671 0.354906
vt 3.388712 0.357054
vt 3.389197 0.357055
vt 3.389232 0.359434
vt 3.389667 0.359204
vt 3.390552 0.360698
vt 3.390861 0.360349
vt 0.566739 0.353763
vt 0.567072 0.353473
vt 0.568367 0.354905
vt 0.568787 0.354675
vt 0.569010 0.357054
vt 0.569498 0.357054
vt 0.568367 0.359204
vt 0.568787 0.359434
vt 0.566739 0.360348
vt 0.566988 0.360698
vt 0.435112 3.391675
vt 0.434770 3.391842
vt 0.433261 3.390316
vt 0.433111 3.390625
vt 0.434715 3.392220
vt 0.432864 3.390861
vt 0.565285 3.392220
vt 0.564944 3.392052
vt 0.567136 3.390861
vt 0.566988 3.390552
vt 0.564888 3.391675
vt 0.566739 3.390316
vt 0.565230 0.359644
vt 0.564888 0.359952
vt 0.564150 0.358078
vt 0.563680 0.358201
vt 0.564150 0.355914
vt 0.563680 0.355914
vt 3.392220 0.359953
vt 3.391842 0.359644
vt 3.393108 0.358202
vt 3.392637 0.358078
vt 3.393111 0.355915
vt 3.392639 0.355914
vt 0.435056 0.360261
vt 0.434715 0.359953
vt 0.436393 0.358324
vt 0.435923 0.358202
vt 0.436393 0.355914
vt 0.435923 0.355915
vt -2.391675 0.359952
vt -2.392052 0.360261
vt -2.392564 0.358201
vt -2.393035 0.358324
vt -2.392566 0.355914
vt -2.393038 0.355914
vt 0.568853 0.354059
vt 0.568994 0.353769
vt 0.570740 0.355141
vt 0.570986 0.354912
vt 0.569187 0.353479
vt 0.571286 0.354683
vt 0.571773 0.357061
vt 0.572157 0.357061
vt 0.570986 0.359210
vt 0.571286 0.359440
vt 0.568994 0.360354
vt 0.569082 0.360704
vt 0.568958 0.360004
vt 0.570740 0.358982
vt 0.566932 0.359649
vt 0.566727 0.359957
vt 0.566576 0.360265
vt 0.565610 0.358083
vt 0.565247 0.358205
vt 0.564939 0.358327
vt 0.565610 0.355918
vt 0.565247 0.355918
vt 0.430813 0.353479
vt 0.430953 0.353769
vt 0.428714 0.354683
vt 0.428960 0.354913
vt 0.431147 0.354059
vt 0.429260 0.355141
vt 0.428173 0.357062
vt 0.428557 0.357061
vt 0.428960 0.359211
vt 0.429260 0.358982
vt 0.430953 0.360355
vt 0.431042 0.360004
vt 0.430918 0.360704
vt 0.428714 0.359440
vt 0.433424 0.360265
vt 0.433219 0.359958
vt 0.433068 0.359649
vt 0.435061 0.358327
vt 0.434699 0.358206
vt 0.434390 0.358083
vt 0.435061 0.355918
vt 0.434699 0.355919
vt -2.396819 0.355141
vt -2.396460 0.354912
vt -2.396760 0.357061
vt -2.396395 0.357061
vt -2.396815 0.358982
vt -2.396456 0.359210
vt 3.396775 0.354683
vt 3.397133 0.354913
vt 3.396702 0.357061
vt 3.397068 0.357062
vt 3.396770 0.359440
vt 3.397129 0.359211
vt 3.397592 0.358206
vt 3.397229 0.358083
vt 3.397594 0.355919
vt 3.397231 0.355918
vt -2.396919 0.358205
vt -2.397283 0.358327
vt -2.396922 0.355918
vt -2.397285 0.355918
vt 0.568853 0.354073
vt 0.569047 0.353783
vt 0.570740 0.355156
vt 0.571040 0.354927
vt 0.569188 0.353494
vt 0.571286 0.354698
vt 0.571443 0.357076
vt 0.571827 0.357076
vt 0.570740 0.358996
vt 0.571040 0.359225
vt 0.568958 0.360018
vt 0.569047 0.360368
vt 0.571286 0.359454
vt 0.566932 0.359663
vt 0.569082 0.360719
vt 0.566781 0.359971
vt 0.565610 0.358097
vt 0.566576 0.360280
vt 0.565301 0.358219
vt 0.564939 0.358341
vt 0.565302 0.355932
vt 0.564939 0.355932
vt 0.429260 0.355156
vt 0.429014 0.354927
vt 0.431147 0.354073
vt 0.431006 0.353784
vt 0.428714 0.354698
vt 0.430812 0.353494
vt 0.427843 0.357076
vt 0.428226 0.357076
vt 0.428714 0.359454
vt 0.429014 0.359226
vt 0.430918 0.360719
vt 0.431006 0.360369
vt 0.429260 0.358996
vt 0.433424 0.360280
vt 0.431042 0.360018
vt 0.433273 0.359972
vt 0.435061 0.358341
vt 0.433068 0.359663
vt 0.434753 0.358220
vt 0.434390 0.358097
vt 0.434753 0.355932
vt 0.434390 0.355932
vt -2.415564 0.354927
vt -2.415205 0.355156
vt -2.415625 0.357076
vt -2.415260 0.357076
vt -2.415560 0.359226
vt -2.415202 0.358996
vt 3.414891 0.354927
vt 3.415250 0.354698
vt 3.414952 0.357076
vt 3.415318 0.357076
vt 3.414887 0.359225
vt 3.415245 0.359454
vt 3.414789 0.358097
vt 3.414426 0.358219
vt 3.414792 0.355932
vt 3.414428 0.355932
vt -2.414735 0.358341
vt -2.415099 0.358220
vt -2.414737 0.355932
vt -2.415101 0.355932
vt 0.566804 0.354079
vt 0.567136 0.353789
vt 0.568345 0.355164
vt 0.568765 0.354934
vt 0.568920 0.357083
vt 0.569407 0.357083
vt 0.568345 0.359002
vt 0.568765 0.359232
vt 0.566889 0.360024
vt 0.567136 0.360374
vt -2.421704 0.353789
vt -2.421333 0.354079
vt -2.422898 0.354934
vt -2.422463 0.355164
vt -2.423368 0.357084
vt -2.422883 0.357083
vt -2.422894 0.359232
vt -2.422460 0.359002
vt -2.421698 0.360375
vt -2.421389 0.360024
vt 0.432927 0.353499
vt 0.433261 0.353789
vt 0.431213 0.354704
vt 0.431633 0.354934
vt 0.430502 0.357083
vt 0.430990 0.357084
vt 0.431213 0.359462
vt 0.431633 0.359232
vt 0.433012 0.360724
vt 0.433261 0.360375
vt 3.421159 0.353789
vt 3.421530 0.353499
vt 3.422353 0.354934
vt 3.422787 0.354704
vt 3.422822 0.357083
vt 3.423307 0.357083
vt 3.422349 0.359232
vt 3.422783 0.359462
vt 3.421153 0.360374
vt 3.421462 0.360724
vt 0.434715 3.419795
vt 0.434770 3.420173
vt 0.432864 3.421153
vt 0.433111 3.421389
vt 0.435112 3.420340
vt 0.433261 3.421698
vt 0.564888 3.420340
vt 0.564944 3.419961
vt 0.566739 3.421698
vt 0.566988 3.421462
vt 0.565285 3.419795
vt 0.567136 3.421153
vt 3.420173 0.359667
vt 3.419795 0.359976
vt 3.419381 0.358101
vt 3.418910 0.358223
vt 3.419384 0.355936
vt 3.418912 0.355936
vt 0.435112 0.359976
vt 0.434770 0.359667
vt 0.436320 0.358223
vt 0.435850 0.358101
vt 0.436320 0.355936
vt 0.435850 0.355936
vt -2.419961 0.360285
vt -2.420340 0.359976
vt -2.418983 0.358346
vt -2.419455 0.358223
vt -2.418984 0.355936
vt -2.419457 0.355936
vt 0.565285 0.359976
vt 0.564944 0.360285
vt 0.564077 0.358223
vt 0.563607 0.358346
vt 0.564077 0.355936
vt 0.563607 0.355936
vt 0.561571 3.425167
vt 0.561943 3.425220
vt 0.562170 3.426988
vt 0.562576 3.427143
vt -2.425432 0.353793
vt -2.425167 0.354083
vt -2.427354 0.354938
vt -2.426988 0.355168
vt -2.428112 0.357088
vt -2.427664 0.357087
vt -2.427350 0.359236
vt -2.426985 0.359006
vt -2.425426 0.360378
vt -2.422964 0.360287
vt -2.423239 0.359979
vt -2.421387 0.358348
vt -2.421813 0.358226
vt -2.421389 0.355938
vt -2.421816 0.355939
vt 0.438324 3.425485
vt 0.438696 3.425432
vt 0.437658 3.427509
vt 0.438064 3.427354
vt 3.425220 0.353793
vt 3.425485 0.353502
vt 3.427143 0.354938
vt 3.427509 0.354708
vt 3.427900 0.357088
vt 3.428348 0.357088
vt 3.427139 0.359236
vt 3.427505 0.359466
vt 3.425214 0.360378
vt 3.423303 0.359670
vt 3.423028 0.359979
vt 3.422028 0.358103
vt 3.421602 0.358225
vt 3.422030 0.355939
vt 3.421604 0.355938
vt 0.562170 0.355168
vt 0.562576 0.354938
vt 0.562394 0.357087
vt 0.562826 0.357088
vt 0.562170 0.359006
vt 0.562576 0.359236
vt 0.437658 0.354708
vt 0.438064 0.354938
vt 0.437382 0.357088
vt 0.437813 0.357088
vt 0.437658 0.359466
vt 0.438064 0.359236
vt 0.437830 3.426985
vt 0.437424 3.427139
vt 0.438396 3.425262
vt 0.438057 3.425214
vt 0.562342 3.427505
vt 0.561936 3.427350
vt 0.561643 3.425378
vt 0.561304 3.425426
vt 0.438696 3.425426
vt 0.439416 3.423239
vt 0.439041 3.423303
vt 0.561943 3.425214
vt 0.561223 3.423028
vt 0.560848 3.422964
vt 0.439416 0.359979
vt 0.439041 0.359670
vt 0.439885 0.358226
vt 0.439460 0.358103
vt 0.439885 0.355939
vt 0.439460 0.355939
vt 0.561223 0.359979
vt 0.560848 0.360287
vt 0.560753 0.358225
vt 0.560328 0.358348
vt 0.560753 0.355938
vt 0.560328 0.355938
vt 0.447145 3.426988
vt 0.446545 3.425167
vt 0.447550 3.427143
vt 0.446917 3.425220
vt 0.552684 3.427509
vt 0.553351 3.425485
vt 0.553089 3.427354
vt 0.553722 3.425432
vt 0.447550 0.354938
vt 0.447799 0.357088
vt 0.447145 0.355168
vt 0.447368 0.357087
vt 0.447550 0.359236
vt 0.447145 0.359006
vt 0.553089 0.354938
vt 0.552839 0.357088
vt 0.552684 0.354708
vt 0.552408 0.357088
vt 0.553089 0.359236
vt 0.552684 0.359466
vt 0.553422 3.425262
vt 0.552855 3.426985
vt 0.553083 3.425214
vt 0.552450 3.427139
vt 0.446617 3.425378
vt 0.447316 3.427505
vt 0.446278 3.425426
vt 0.446911 3.427350
vt 0.554441 3.423239
vt 0.553722 3.425426
vt 0.554066 3.423303
vt 0.446198 3.423028
vt 0.446917 3.425214
vt 0.445822 3.422964
vt 0.554066 0.359670
vt 0.554487 0.358103
vt 0.554441 0.359979
vt 0.554911 0.358226
vt 0.554487 0.355939
vt 0.554911 0.355939
vt 0.445822 0.360287
vt 0.445303 0.358348
vt 0.446198 0.359979
vt 0.445728 0.358225
vt 0.445303 0.355938
vt 0.445728 0.355938
vt -2.423368 0.357083
vt 0.452111 0.353789
vt 0.453739 0.354933
vt 0.451777 0.354079
vt 0.453320 0.355164
vt 0.454382 0.357083
vt 0.453893 0.357083
vt 0.453739 0.359232
vt 0.453320 0.359002
vt 0.452111 0.360374
vt 0.451862 0.360024
vt 3.422353 0.354933
vt 3.423308 0.357083
vt 0.548287 0.353789
vt 0.546658 0.354934
vt 0.547953 0.353499
vt 0.546240 0.354704
vt 0.546015 0.357083
vt 0.545528 0.357083
vt 0.546658 0.359232
vt 0.546240 0.359462
vt 0.548287 0.360375
vt 0.548038 0.360724
vt 0.550137 3.420340
vt 0.548287 3.421698
vt 0.549796 3.420173
vt 0.548138 3.421389
vt 0.549740 3.419795
vt 0.547889 3.421153
vt 0.450260 3.419795
vt 0.452111 3.421153
vt 0.449918 3.419961
vt 0.451962 3.421462
vt 0.449863 3.420340
vt 0.451713 3.421698
vt 0.549796 0.359667
vt 0.550875 0.358101
vt 0.550137 0.359976
vt 0.551345 0.358223
vt 0.550875 0.355936
vt 0.551345 0.355936
vt 0.449918 0.360284
vt 0.448582 0.358346
vt 0.450260 0.359976
vt 0.449052 0.358223
vt 0.448582 0.355936
vt 0.449052 0.355936
vt -2.419961 0.360284
vt 0.546173 0.354073
vt 0.544286 0.355156
vt 0.546032 0.353784
vt 0.544040 0.354927
vt 0.545838 0.353494
vt 0.543740 0.354698
vt 0.543253 0.357076
vt 0.542869 0.357076
vt 0.544040 0.359225
vt 0.543740 0.359454
vt 0.546032 0.360369
vt 0.545944 0.360719
vt 0.546067 0.360018
vt 0.544286 0.358996
vt 0.548094 0.359663
vt 0.548299 0.359971
vt 0.548450 0.360279
vt 0.549416 0.358097
vt 0.549778 0.358219
vt 0.550087 0.358341
vt 0.549416 0.355932
vt 0.549778 0.355932
vt 0.454162 0.353494
vt 0.456260 0.354698
vt 0.454021 0.353783
vt 0.456014 0.354927
vt 0.453827 0.354073
vt 0.455714 0.355156
vt 0.456801 0.357076
vt 0.456417 0.357076
vt 0.456014 0.359225
vt 0.455714 0.358996
vt 0.454021 0.360368
vt 0.453933 0.360018
vt 0.454056 0.360719
vt 0.456260 0.359454
vt 0.451550 0.360279
vt 0.451755 0.359971
vt 0.451906 0.359663
vt 0.449913 0.358341
vt 0.450275 0.358219
vt 0.450584 0.358097
vt 0.449913 0.355932
vt 0.450275 0.355932
vt -2.415560 0.359225
vt -2.415099 0.358219
vt 0.546173 0.354059
vt 0.544286 0.355141
vt 0.545979 0.353769
vt 0.543986 0.354913
vt 0.545838 0.353479
vt 0.543740 0.354683
vt 0.543583 0.357061
vt 0.543199 0.357062
vt 0.544286 0.358981
vt 0.543986 0.359211
vt 0.546067 0.360004
vt 0.545979 0.360354
vt 0.543740 0.359439
vt 0.548094 0.359649
vt 0.545944 0.360704
vt 0.548245 0.359957
vt 0.549416 0.358083
vt 0.548450 0.360265
vt 0.549725 0.358206
vt 0.550087 0.358327
vt 0.549725 0.355919
vt 0.550087 0.355918
vt 0.455714 0.355141
vt 0.453827 0.354059
vt 0.455960 0.354912
vt 0.453968 0.353769
vt 0.456260 0.354683
vt 0.454162 0.353479
vt 0.457131 0.357061
vt 0.456747 0.357061
vt 0.456260 0.359439
vt 0.455960 0.359210
vt 0.454056 0.360704
vt 0.453968 0.360354
vt 0.455714 0.358981
vt 0.451550 0.360265
vt 0.453933 0.360004
vt 0.451701 0.359957
vt 0.449913 0.358327
vt 0.451906 0.359649
vt 0.450222 0.358205
vt 0.450584 0.358083
vt 0.450222 0.355918
vt 0.450584 0.355918
vt -2.396815 0.358981
vt 3.396770 0.359439
vt 0.548223 0.354054
vt 0.546680 0.355136
vt 0.547889 0.353763
vt 0.546261 0.354906
vt 0.546107 0.357054
vt 0.545618 0.357054
vt 0.546680 0.358974
vt 0.546261 0.359204
vt 0.548138 0.359998
vt 0.547889 0.360349
vt -2.389122 0.359203
vt 0.452047 0.353473
vt 0.453760 0.354675
vt 0.451713 0.353763
vt 0.453342 0.354905
vt 0.454472 0.357054
vt 0.453984 0.357054
vt 0.453760 0.359434
vt 0.453342 0.359203
vt 0.451962 0.360698
vt 0.451713 0.360348
vt 3.389197 0.357054
vt 0.549740 3.392220
vt 0.547889 3.390861
vt 0.549796 3.391842
vt 0.548138 3.390625
vt 0.550137 3.391675
vt 0.548287 3.390316
vt 0.449863 3.391675
vt 0.451713 3.390316
vt 0.449918 3.392052
vt 0.451962 3.390552
vt 0.450260 3.392220
vt 0.452111 3.390861
vt 0.449863 0.359952
vt 0.448655 0.358201
vt 0.450204 0.359644
vt 0.449125 0.358078
vt 0.448655 0.355914
vt 0.449125 0.355914
vt 0.549740 0.359953
vt 0.550948 0.358202
vt 0.550082 0.360261
vt 0.551418 0.358324
vt 0.550948 0.355915
vt 0.551418 0.355914
vt 0.447550 3.384881
vt 0.446917 3.386806
vt 0.447144 3.385036
vt 0.446545 3.386858
vt -2.384356 0.357050
vt 0.553089 3.384670
vt 0.553722 3.386594
vt 0.552684 3.384515
vt 0.553351 3.386541
vt 0.552856 0.355132
vt 0.552632 0.357050
vt 0.552450 0.354901
vt 0.552201 0.357050
vt 0.552856 0.358970
vt 0.552450 0.359200
vt 0.447316 0.354671
vt 0.447592 0.357049
vt 0.446911 0.354901
vt 0.447161 0.357050
vt 0.447316 0.359429
vt 0.446911 0.359199
vt 0.553083 3.386799
vt 0.552450 3.384877
vt 0.553422 3.386753
vt 0.552856 3.385032
vt 0.446278 3.386588
vt 0.446911 3.384666
vt 0.446617 3.386635
vt 0.447316 3.384511
vt 0.554066 3.388712
vt 0.554441 3.388776
vt 0.553722 3.386588
vt 0.445822 3.389050
vt 0.446198 3.388987
vt 0.446917 3.386799
vt 0.445559 0.359950
vt 0.445089 0.358199
vt 0.445934 0.359641
vt 0.445513 0.358076
vt 0.445089 0.355912
vt 0.445513 0.355912
vt 0.553802 0.359950
vt 0.554272 0.358199
vt 0.554178 0.360258
vt 0.554697 0.358322
vt 0.554272 0.355912
vt 0.554697 0.355912
vt 3.384355 0.357050
vt 0.437838 3.385036
vt 0.438437 3.386858
vt 0.437432 3.384881
vt 0.438065 3.386806
vt 0.562334 3.384515
vt 0.561668 3.386541
vt 0.561929 3.384670
vt 0.561296 3.386594
vt 0.562568 0.354901
vt 0.562818 0.357050
vt 0.562163 0.355132
vt 0.562386 0.357050
vt 0.562568 0.359200
vt 0.562163 0.358970
vt 0.438071 0.354901
vt 0.437821 0.357050
vt 0.437666 0.354671
vt 0.437390 0.357049
vt 0.438071 0.359199
vt 0.437666 0.359429
vt 0.561596 3.386753
vt 0.562163 3.385032
vt 0.561935 3.386799
vt 0.562568 3.384877
vt 0.438365 3.386635
vt 0.437666 3.384511
vt 0.438704 3.386588
vt 0.438071 3.384666
vt 0.560577 3.388776
vt 0.561296 3.386588
vt 0.560952 3.388712
vt 0.438784 3.388987
vt 0.438065 3.386799
vt 0.439159 3.389050
vt 0.439048 0.359641
vt 0.439468 0.358076
vt 0.439423 0.359950
vt 0.439892 0.358199
vt 0.439468 0.355912
vt 0.439892 0.355912
vt 0.560841 0.360258
vt 0.560321 0.358322
vt 0.561216 0.359950
vt 0.560746 0.358199
vt 0.560321 0.355912
vt 0.560746 0.355912
vt 3.389122 0.359204
vt 0.567129 0.353763
vt 0.568757 0.354906
vt 0.566796 0.354054
vt 0.568338 0.355136
vt 0.569400 0.357055
vt 0.568912 0.357054
vt 0.568757 0.359204
vt 0.568338 0.358974
vt 0.567129 0.360349
vt 0.566881 0.359998
vt -2.389197 0.357055
vt 0.433269 0.353763
vt 0.431640 0.354905
vt 0.432935 0.353473
vt 0.431221 0.354675
vt 0.430997 0.357054
vt 0.430510 0.357054
vt 0.431640 0.359204
vt 0.431221 0.359434
vt 0.433269 0.360348
vt 0.433020 0.360698
vt 0.564881 3.391675
vt 0.566731 3.390316
vt 0.565222 3.391842
vt 0.566881 3.390625
vt 0.565278 3.392220
vt 0.567129 3.390861
vt 0.434722 3.392220
vt 0.432871 3.390861
vt 0.435064 3.392052
vt 0.433020 3.390552
vt 0.435119 3.391675
vt 0.433269 3.390316
vt 0.434778 0.359644
vt 0.435857 0.358078
vt 0.435119 0.359952
vt 0.436327 0.358201
vt 0.435857 0.355914
vt 0.436327 0.355914
vt 0.564936 0.360261
vt 0.563600 0.358324
vt 0.565278 0.359953
vt 0.564070 0.358202
vt 0.563600 0.355914
vt 0.564070 0.355915
vt 0.431154 0.354059
vt 0.429268 0.355141
vt 0.431014 0.353769
vt 0.429022 0.354912
vt 0.430820 0.353479
vt 0.428722 0.354683
vt 0.428234 0.357061
vt 0.427851 0.357061
vt 0.429022 0.359210
vt 0.428722 0.359440
vt 0.431014 0.360354
vt 0.430925 0.360704
vt 0.431049 0.360004
vt 0.429268 0.358982
vt 0.433076 0.359649
vt 0.433281 0.359957
vt 0.433432 0.360265
vt 0.434398 0.358083
vt 0.434760 0.358205
vt 0.435069 0.358327
vt 0.434397 0.355918
vt 0.434760 0.355918
vt 0.569180 0.353479
vt 0.571278 0.354683
vt 0.569039 0.353769
vt 0.571033 0.354913
vt 0.568846 0.354059
vt 0.570732 0.355141
vt 0.571819 0.357062
vt 0.571435 0.357061
vt 0.571033 0.359211
vt 0.570732 0.358982
vt 0.569039 0.360355
vt 0.568951 0.360004
vt 0.569075 0.360704
vt 0.571278 0.359440
vt 0.566568 0.360265
vt 0.566773 0.359958
vt 0.566924 0.359649
vt 0.564931 0.358327
vt 0.565293 0.358206
vt 0.565602 0.358083
vt 0.564931 0.355918
vt 0.565293 0.355919
vt 3.396815 0.358982
vt -2.396770 0.359440
vt 0.431155 0.354073
vt 0.429268 0.355156
vt 0.430961 0.353783
vt 0.428967 0.354927
vt 0.430820 0.353494
vt 0.428722 0.354698
vt 0.428565 0.357076
vt 0.428181 0.357076
vt 0.429268 0.358996
vt 0.428967 0.359225
vt 0.431049 0.360018
vt 0.430961 0.360368
vt 0.428722 0.359454
vt 0.433076 0.359663
vt 0.430925 0.360719
vt 0.433227 0.359971
vt 0.434398 0.358097
vt 0.433432 0.360280
vt 0.434707 0.358219
vt 0.435069 0.358341
vt 0.434706 0.355932
vt 0.435069 0.355932
vt 0.570732 0.355156
vt 0.568846 0.354073
vt 0.570978 0.354927
vt 0.568986 0.353784
vt 0.571278 0.354698
vt 0.569180 0.353494
vt 0.572149 0.357076
vt 0.571766 0.357076
vt 0.571278 0.359454
vt 0.570978 0.359226
vt 0.569075 0.360719
vt 0.568986 0.360369
vt 0.570732 0.358996
vt 0.566568 0.360280
vt 0.568951 0.360018
vt 0.566719 0.359972
vt 0.564931 0.358341
vt 0.566924 0.359663
vt 0.565240 0.358220
vt 0.565602 0.358097
vt 0.565240 0.355932
vt 0.565603 0.355932
vt 3.415560 0.359226
vt 3.415099 0.358220
vt 0.433204 0.354079
vt 0.431662 0.355164
vt 0.432871 0.353789
vt 0.431243 0.354934
vt 0.431088 0.357083
vt 0.430600 0.357083
vt 0.431662 0.359002
vt 0.431243 0.359232
vt 0.433119 0.360024
vt 0.432871 0.360374
vt 3.423368 0.357084
vt 0.567065 0.353499
vt 0.568779 0.354704
vt 0.566731 0.353789
vt 0.568360 0.354934
vt 0.569490 0.357083
vt 0.569003 0.357084
vt 0.568779 0.359462
vt 0.568360 0.359232
vt 0.566980 0.360724
vt 0.566731 0.360375
vt -2.422353 0.354934
vt -2.423307 0.357083
vt 0.565278 3.419795
vt 0.567129 3.421153
vt 0.565222 3.420173
vt 0.566881 3.421389
vt 0.564881 3.420340
vt 0.566731 3.421698
vt 0.435119 3.420340
vt 0.433269 3.421698
vt 0.435064 3.419961
vt 0.433020 3.421462
vt 0.434722 3.419795
vt 0.432871 3.421153
vt 0.564881 0.359976
vt 0.563672 0.358223
vt 0.565222 0.359667
vt 0.564143 0.358101
vt 0.563672 0.355936
vt 0.564143 0.355936
vt 3.419961 0.360285
vt 0.434722 0.359976
vt 0.435930 0.358223
vt 0.435064 0.360285
vt 0.436400 0.358346
vt 0.435930 0.355936
vt 0.436400 0.355936
vt 0.437432 3.427143
vt 0.438065 3.425220
vt 0.437838 3.426988
vt 0.438437 3.425167
vt 0.561929 3.427354
vt 0.561296 3.425432
vt 0.562334 3.427509
vt 0.561668 3.425485
vt 0.437838 0.355168
vt 0.437614 0.357087
vt 0.437432 0.354938
vt 0.437182 0.357088
vt 0.437838 0.359006
vt 0.437432 0.359236
vt 0.562334 0.354708
vt 0.562610 0.357088
vt 0.561929 0.354938
vt 0.562179 0.357088
vt 0.562334 0.359466
vt 0.561929 0.359236
vt 0.561935 3.425214
vt 0.562568 3.427139
vt 0.561596 3.425262
vt 0.562162 3.426985
vt 0.438704 3.425426
vt 0.438071 3.427350
vt 0.438365 3.425378
vt 0.437666 3.427505
vt 0.560952 3.423303
vt 0.560577 3.423239
vt 0.561296 3.425426
vt 0.439159 3.422964
vt 0.438784 3.423028
vt 0.438065 3.425214
vt 0.560577 0.359979
vt 0.560107 0.358226
vt 0.560952 0.359670
vt 0.560532 0.358103
vt 0.560107 0.355939
vt 0.560532 0.355939
vt 0.438784 0.359979
vt 0.439254 0.358225
vt 0.439159 0.360287
vt 0.439679 0.358348
vt 0.439254 0.355938
vt 0.439679 0.355938
s 1
g DidoX_Deckhouse_A1_001_10_DidoX_Deckhouse_A1_001_10_steel_5
usemtl steel_5
f 3/1/1 2/2/2 1/3/3
f 4/4/4 1/3/3 2/2/2
f 1/3/3 4/4/4 5/5/5
f 6/6/6 5/5/5 4/4/4
f 5/5/5 6/6/6 7/7/7
f 8/8/8 7/7/7 6/6/6
f 7/7/7 8/8/8 9/9/9
f 10/10/10 9/9/9 8/8/8
f 10/10/11 12/11/12 11/12/13
f 13/13/14 11/12/13 12/11/12
f 11/12/13 13/13/14 14/14/15
f 15/15/16 14/14/15 13/13/14
f 14/14/15 15/15/16 16/16/17
f 17/17/5 16/16/17 15/15/16
f 20/18/18 19/19/19 18/20/20
f 21/21/21 18/20/20 19/19/19
f 24/22/22 23/23/23 22/24/24
f 25/25/20 22/24/24 23/23/23
f 22/24/24 25/25/20 26/26/25
f 27/27/26 26/26/25 25/25/20
f 26/26/25 27/27/26 28/28/27
f 29/29/28 28/28/27 27/27/26
f 28/28/27 29/29/28 30/30/29
f 31/31/30 30/30/29 29/29/28
f 31/31/31 33/32/32 32/33/33
f 34/34/34 32/33/33 33/32/32
f 32/33/33 34/34/34 35/35/35
f 36/36/36 35/35/35 34/34/34
f 35/35/35 36/36/36 37/37/37
f 38/38/38 37/37/37 36/36/36
f 41/39/39 40/40/40 39/41/41
f 42/42/42 39/41/41 40/40/40
f 45/43/43 44/44/44 43/45/45
f 46/46/46 43/45/45 44/44/44
f 43/45/45 46/46/46 47/47/47
f 48/48/48 47/47/47 46/46/46
f 51/49/49 50/50/50 49/51/51
f 52/52/52 49/51/51 50/50/50
f 49/51/51 52/52/52 53/53/53
f 54/54/54 53/53/53 52/52/52
f 57/55/28 56/56/55 55/57/56
f 58/58/57 55/57/56 56/56/55
f 61/59/53 60/60/54 59/61/11
f 62/62/58 59/61/11 60/60/54
f 65/58/9 64/63/59 63/64/60
f 66/65/61 63/64/60 64/63/59
f 69/62/62 68/66/63 67/67/64
f 70/68/65 67/67/64 68/66/63
f 73/69/66 72/70/13 71/71/67
f 74/72/68 71/71/67 72/70/13
f 71/71/67 74/72/68 75/73/69
f 76/74/70 75/73/69 74/72/68
f 79/75/71 78/76/72 77/77/73
f 80/78/74 77/77/73 78/76/72
f 77/77/73 80/78/74 81/79/75
f 82/80/76 81/79/75 80/78/74
f 85/81/77 84/82/78 83/83/79
f 86/84/80 83/83/79 84/82/78
f 83/83/79 86/84/80 87/85/81
f 88/86/82 87/85/81 86/84/80
f 87/85/81 88/86/82 89/87/83
f 90/88/84 89/87/83 88/86/82
f 89/87/83 90/88/84 91/89/85
f 92/90/86 91/89/85 90/88/84
f 95/91/87 94/92/88 93/93/89
f 96/94/90 93/93/89 94/92/88
f 93/93/89 96/94/90 97/95/91
f 98/96/92 97/95/91 96/94/90
f 97/95/91 98/96/92 99/97/93
f 100/98/94 99/97/93 98/96/92
f 99/97/93 100/98/94 101/99/95
f 102/100/96 101/99/95 100/98/94
f 105/101/97 104/102/98 103/103/99
f 106/104/100 103/103/99 104/102/98
f 103/103/99 106/104/100 107/105/101
f 108/106/102 107/105/101 106/104/100
f 107/105/101 108/106/102 109/107/103
f 110/108/104 109/107/103 108/106/102
f 109/107/103 110/108/104 111/109/105
f 112/110/106 111/109/105 110/108/104
f 115/111/107 114/112/108 113/113/109
f 116/114/110 113/113/109 114/112/108
f 113/113/109 116/114/110 117/115/111
f 118/116/112 117/115/111 116/114/110
f 117/115/111 118/116/112 119/117/113
f 120/118/114 119/117/113 118/116/112
f 119/117/113 120/118/114 121/119/115
f 122/120/116 121/119/115 120/118/114
f 125/121/117 124/122/118 123/123/86
f 126/124/119 123/123/86 124/122/118
f 124/122/118 127/125/120 126/124/119
f 128/126/121 126/124/119 127/125/120
f 131/127/122 130/128/123 129/129/106
f 132/130/124 129/129/106 130/128/123
f 130/128/123 133/131/125 132/130/124
f 134/132/126 132/130/124 133/131/125
f 137/133/127 136/134/128 135/135/129
f 138/136/130 135/135/129 136/134/128
f 135/135/129 138/136/130 139/137/131
f 140/138/132 139/137/131 138/136/130
f 143/139/120 142/140/133 141/141/134
f 144/142/135 141/141/134 142/140/133
f 141/141/134 144/142/135 145/143/136
f 146/144/137 145/143/136 144/142/135
f 149/145/138 148/146/139 147/147/140
f 150/148/141 147/147/140 148/146/139
f 147/147/140 150/148/141 151/149/142
f 152/150/143 151/149/142 150/148/141
f 155/151/144 154/152/145 153/153/146
f 156/154/147 153/153/146 154/152/145
f 153/153/146 156/154/147 157/155/148
f 158/156/149 157/155/148 156/154/147
f 161/157/150 160/158/151 159/159/152
f 162/160/153 159/159/152 160/158/151
f 160/158/151 163/161/154 162/160/153
f 164/162/155 162/160/153 163/161/154
f 162/160/153 164/162/155 165/163/156
f 166/164/157 165/163/156 164/162/155
f 165/163/156 166/164/157 167/165/158
f 168/166/159 167/165/158 166/164/157
f 167/165/158 168/166/159 169/167/160
f 170/168/161 169/167/160 168/166/159
f 169/167/160 171/169/162 167/165/158
f 172/170/163 167/165/158 171/169/162
f 171/169/162 169/167/160 173/171/164
f 169/167/160 170/168/161 174/172/165
f 174/172/165 173/171/164 169/167/160
f 175/173/166 174/172/165 170/168/161
f 173/171/164 174/172/165 176/174/167
f 174/172/165 175/173/166 177/175/168
f 177/175/168 176/174/167 174/172/165
f 178/176/169 177/175/168 175/173/166
f 176/174/167 177/175/168 179/177/170
f 180/178/171 179/177/170 177/175/168
f 183/179/172 182/180/173 181/181/174
f 184/182/175 181/181/174 182/180/173
f 182/180/173 185/183/176 184/182/175
f 186/184/177 184/182/175 185/183/176
f 184/182/175 186/184/177 187/185/178
f 188/186/179 187/185/178 186/184/177
f 187/185/178 188/186/179 189/187/180
f 190/188/181 189/187/180 188/186/179
f 189/187/180 190/188/181 191/189/182
f 192/190/183 191/189/182 190/188/181
f 191/189/182 193/191/184 189/187/180
f 194/192/185 189/187/180 193/191/184
f 193/191/184 191/189/182 195/193/186
f 191/189/182 192/190/183 196/194/187
f 196/194/187 195/193/186 191/189/182
f 197/195/188 196/194/187 192/190/183
f 195/193/186 196/194/187 198/196/189
f 196/194/187 197/195/188 199/197/190
f 199/197/190 198/196/189 196/194/187
f 200/198/191 199/197/190 197/195/188
f 198/196/189 199/197/190 201/199/192
f 202/200/193 201/199/192 199/197/190
f 205/201/152 204/202/194 203/203/195
f 206/204/196 203/203/195 204/202/194
f 203/203/195 206/204/196 207/205/197
f 208/206/198 207/205/197 206/204/196
f 211/207/199 210/208/200 209/209/201
f 212/210/202 209/209/201 210/208/200
f 209/209/201 212/210/202 213/211/203
f 214/212/204 213/211/203 212/210/202
f 217/213/205 216/214/206 215/215/207
f 218/216/201 215/215/207 216/214/206
f 221/217/208 220/218/209 219/219/210
f 222/220/211 219/219/210 220/218/209
f 225/221/212 224/222/213 223/223/214
f 226/224/215 223/223/214 224/222/213
f 224/222/213 227/225/216 226/224/215
f 228/226/217 226/224/215 227/225/216
f 223/223/214 226/224/215 229/227/218
f 230/228/219 229/227/218 226/224/215
f 229/227/218 230/228/219 231/229/220
f 232/230/221 231/229/220 230/228/219
f 231/229/220 232/230/221 233/231/222
f 234/232/223 233/231/222 232/230/221
f 232/230/221 235/233/224 234/232/223
f 233/231/222 234/232/223 236/234/225
f 237/235/226 234/232/223 235/233/224
f 238/236/227 236/234/225 234/232/223
f 234/232/223 237/235/226 238/236/227
f 236/234/225 238/236/227 239/237/228
f 240/238/229 238/236/227 237/235/226
f 241/239/230 239/237/228 238/236/227
f 238/236/227 240/238/229 241/239/230
f 242/240/231 241/239/230 240/238/229
f 241/239/230 242/240/231 243/241/232
f 244/242/233 243/241/232 242/240/231
f 247/243/234 246/244/235 245/245/236
f 248/246/237 245/245/236 246/244/235
f 246/244/235 249/247/238 248/246/237
f 250/248/239 248/246/237 249/247/238
f 249/247/238 246/244/235 251/249/240
f 252/250/241 251/249/240 246/244/235
f 251/249/240 252/250/241 253/251/242
f 254/252/243 253/251/242 252/250/241
f 253/251/242 254/252/243 255/253/244
f 256/254/245 255/253/244 254/252/243
f 254/252/243 257/255/246 256/254/245
f 255/253/244 256/254/245 258/256/247
f 259/257/248 256/254/245 257/255/246
f 260/258/249 258/256/247 256/254/245
f 256/254/245 259/257/248 260/258/249
f 258/256/247 260/258/249 261/259/250
f 262/260/251 260/258/249 259/257/248
f 263/261/252 261/259/250 260/258/249
f 260/258/249 262/260/251 263/261/252
f 264/262/253 263/261/252 262/260/251
f 263/261/252 264/262/253 265/263/254
f 266/264/255 265/263/254 264/262/253
f 269/265/256 268/266/257 267/267/258
f 270/268/259 267/267/258 268/266/257
f 267/267/258 270/268/259 271/269/243
f 272/270/260 271/269/243 270/268/259
f 275/271/261 274/272/262 273/273/263
f 276/274/264 273/273/263 274/272/262
f 273/273/263 276/274/264 277/275/265
f 278/276/266 277/275/265 276/274/264
f 281/277/267 280/278/268 279/279/269
f 282/280/270 279/279/269 280/278/268
f 285/281/271 284/282/272 283/283/218
f 286/284/273 283/283/218 284/282/272
f 289/285/274 288/286/275 287/287/276
f 290/288/277 287/287/276 288/286/275
f 287/287/276 290/288/277 291/289/278
f 292/290/279 291/289/278 290/288/277
f 291/289/278 292/290/279 293/291/280
f 294/292/281 293/291/280 292/290/279
f 293/291/280 294/292/281 295/293/282
f 296/294/283 295/293/282 294/292/281
f 299/295/284 298/296/285 297/297/286
f 300/298/287 297/297/286 298/296/285
f 297/297/286 300/298/287 301/299/288
f 302/300/289 301/299/288 300/298/287
f 301/299/288 302/300/289 303/301/290
f 304/302/291 303/301/290 302/300/289
f 303/301/290 304/302/291 305/303/292
f 306/304/293 305/303/292 304/302/291
f 309/305/294 308/306/295 307/307/296
f 310/308/297 307/307/296 308/306/295
f 307/307/296 310/308/297 311/309/298
f 312/310/299 311/309/298 310/308/297
f 311/309/298 312/310/299 313/311/300
f 314/312/301 313/311/300 312/310/299
f 313/311/300 314/312/301 315/313/302
f 316/314/303 315/313/302 314/312/301
f 319/315/304 318/316/305 317/317/306
f 320/318/307 317/317/306 318/316/305
f 317/317/306 320/318/307 321/319/308
f 322/320/309 321/319/308 320/318/307
f 321/319/308 322/320/309 323/321/310
f 324/322/311 323/321/310 322/320/309
f 323/321/310 324/322/311 325/323/312
f 326/324/313 325/323/312 324/322/311
f 329/325/314 328/326/315 327/327/283
f 330/328/316 327/327/283 328/326/315
f 328/326/315 331/329/317 330/328/316
f 332/330/292 330/328/316 331/329/317
f 335/331/318 334/332/319 333/333/320
f 336/334/302 333/333/320 334/332/319
f 334/332/319 337/335/321 336/334/302
f 338/336/322 336/334/302 337/335/321
f 341/337/323 340/338/324 339/339/325
f 342/340/326 339/339/325 340/338/324
f 339/339/325 342/340/326 343/341/327
f 344/342/328 343/341/327 342/340/326
f 347/343/317 346/344/329 345/345/330
f 348/346/331 345/345/330 346/344/329
f 345/345/330 348/346/331 349/347/332
f 350/348/333 349/347/332 348/346/331
f 353/349/334 352/350/318 351/351/335
f 354/352/336 351/351/335 352/350/318
f 351/351/335 354/352/336 355/353/337
f 356/354/338 355/353/337 354/352/336
f 359/355/321 358/356/319 357/357/339
f 360/358/340 357/357/339 358/356/319
f 357/357/339 360/358/340 361/359/341
f 362/360/342 361/359/341 360/358/340
f 365/361/343 364/362/344 363/363/345
f 366/364/346 363/363/345 364/362/344
f 369/365/347 368/366/348 367/367/349
f 370/368/350 367/367/349 368/366/348
f 367/367/349 370/368/350 371/369/351
f 372/370/352 371/369/351 370/368/350
f 371/369/351 372/370/352 373/371/353
f 374/372/354 373/371/353 372/370/352
f 373/371/353 374/372/354 375/373/355
f 376/374/356 375/373/355 374/372/354
f 379/375/357 378/376/358 377/377/359
f 380/378/360 377/377/359 378/376/358
f 383/379/361 382/380/362 381/381/346
f 384/382/363 381/381/346 382/380/362
f 381/381/346 384/382/363 385/383/364
f 386/384/365 385/383/364 384/382/363
f 385/383/364 386/384/365 387/385/366
f 388/386/367 387/385/366 386/384/365
f 387/385/366 388/386/367 389/387/368
f 390/388/369 389/387/368 388/386/367
f 392/389/370 389/387/371 391/390/372
f 393/391/373 391/390/372 389/387/371
f 391/390/372 393/391/373 394/392/374
f 395/393/375 394/392/374 393/391/373
f 394/392/374 395/393/375 396/394/365
f 397/395/376 396/394/365 395/393/375
f 400/396/345 399/397/346 398/398/377
f 401/399/378 398/398/377 399/397/346
f 398/398/377 401/399/378 402/400/379
f 403/401/380 402/400/379 401/399/378
f 406/402/381 405/403/382 404/404/383
f 407/405/384 404/404/383 405/403/382
f 404/404/383 407/405/384 408/406/385
f 409/407/386 408/406/385 407/405/384
f 412/408/379 411/409/366 410/410/387
f 413/411/371 410/410/387 411/409/366
f 416/412/388 415/413/389 414/414/390
f 417/415/391 414/414/390 415/413/389
f 420/416/392 419/410/393 418/417/394
f 421/418/395 418/417/394 419/410/393
f 424/419/396 423/373/397 422/420/398
f 425/421/399 422/420/398 423/373/397
f 422/420/398 425/421/399 426/422/400
f 427/423/401 426/422/400 425/421/399
f 426/422/400 427/423/401 428/424/402
f 429/425/403 428/424/402 427/423/401
f 432/426/368 431/414/404 430/427/405
f 433/428/406 430/427/405 431/414/404
f 436/429/407 435/430/408 434/431/409
f 437/432/410 434/431/409 435/430/408
f 434/431/409 437/432/410 438/433/411
f 439/434/412 438/433/411 437/432/410
f 442/435/405 441/436/413 440/437/414
f 443/438/415 440/437/414 441/436/413
f 440/437/414 443/438/415 444/439/416
f 445/440/417 444/439/416 443/438/415
f 448/441/418 447/442/419 446/443/420
f 449/444/421 446/443/420 447/442/419
f 446/443/420 449/444/421 450/445/422
f 451/446/423 450/445/422 449/444/421
f 450/445/422 451/446/423 452/447/424
f 453/448/425 452/447/424 451/446/423
f 452/447/424 453/448/425 454/389/426
f 455/449/427 454/389/426 453/448/425
f 455/449/428 457/388/429 456/450/430
f 458/451/431 456/450/430 457/388/429
f 456/450/430 458/451/431 459/452/432
f 460/453/433 459/452/432 458/451/431
f 459/452/432 460/453/433 461/454/434
f 462/455/435 461/454/434 460/453/433
f 465/456/436 464/457/437 463/458/438
f 466/459/439 463/458/438 464/457/437
f 469/460/440 468/461/441 467/462/442
f 470/463/443 467/462/442 468/461/441
f 467/462/442 470/463/443 471/464/444
f 472/465/445 471/464/444 470/463/443
f 471/464/444 472/465/445 473/466/446
f 474/467/447 473/466/446 472/465/445
f 473/466/446 474/467/447 475/419/448
f 476/468/449 475/419/448 474/467/447
f 476/468/450 478/374/451 477/469/452
f 479/470/453 477/469/452 478/374/451
f 477/469/452 479/470/453 480/471/454
f 481/472/455 480/471/454 479/470/453
f 480/471/454 481/472/455 482/473/456
f 483/474/457 482/473/456 481/472/455
f 486/475/458 485/476/459 484/477/460
f 487/478/461 484/477/460 485/476/459
f 490/479/462 489/480/463 488/481/464
f 491/482/465 488/481/464 489/480/463
f 488/481/464 491/482/465 492/483/466
f 493/484/467 492/483/466 491/482/465
f 496/485/468 495/486/7 494/487/469
f 497/488/470 494/487/469 495/486/7
f 494/487/469 497/488/470 498/489/471
f 499/490/472 498/489/471 497/488/470
f 502/491/473 501/492/474 500/493/450
f 503/494/475 500/493/450 501/492/474
f 506/495/476 505/496/472 504/497/428
f 507/498/477 504/497/428 505/496/472
f 510/494/478 509/499/479 508/500/480
f 511/501/481 508/500/480 509/499/479
f 514/498/482 513/502/449 512/503/483
f 515/504/484 512/503/483 513/502/449
f 518/505/485 517/506/481 516/507/486
f 519/508/432 516/507/486 517/506/481
f 516/507/486 519/508/432 520/509/487
f 521/510/488 520/509/487 519/508/432
f 524/511/489 523/512/484 522/513/490
f 525/514/491 522/513/490 523/512/484
f 522/513/490 525/514/491 526/515/492
f 527/516/493 526/515/492 525/514/491
f 530/517/494 529/518/495 528/519/496
f 531/520/497 528/519/496 529/518/495
f 528/519/496 531/520/497 532/521/498
f 533/522/499 532/521/498 531/520/497
f 532/521/498 533/522/499 534/523/500
f 535/524/501 534/523/500 533/522/499
f 534/523/500 535/524/501 536/525/502
f 537/526/503 536/525/502 535/524/501
f 540/527/504 539/528/505 538/529/506
f 541/530/507 538/529/506 539/528/505
f 538/529/506 541/530/507 542/531/508
f 543/532/101 542/531/508 541/530/507
f 542/531/508 543/532/101 544/533/509
f 545/534/510 544/533/509 543/532/101
f 544/533/509 545/534/510 546/535/511
f 547/536/512 546/535/511 545/534/510
f 550/537/513 549/538/514 548/539/515
f 551/540/516 548/539/515 549/538/514
f 548/539/515 551/540/516 552/541/517
f 553/542/518 552/541/517 551/540/516
f 552/541/517 553/542/518 554/543/519
f 555/544/520 554/543/519 553/542/518
f 554/543/519 555/544/520 556/545/521
f 557/546/522 556/545/521 555/544/520
f 560/547/523 559/548/524 558/549/525
f 561/550/526 558/549/525 559/548/524
f 558/549/525 561/550/526 562/551/527
f 563/552/528 562/551/527 561/550/526
f 562/551/527 563/552/528 564/553/529
f 565/554/530 564/553/529 563/552/528
f 564/553/529 565/554/530 566/555/531
f 567/556/532 566/555/531 565/554/530
f 570/557/533 569/558/534 568/559/503
f 571/560/535 568/559/503 569/558/534
f 569/558/534 572/561/536 571/560/535
f 573/562/511 571/560/535 572/561/536
f 576/563/537 575/564/538 574/565/539
f 577/566/521 574/565/539 575/564/538
f 575/564/538 578/567/540 577/566/521
f 579/568/531 577/566/521 578/567/540
f 582/569/541 581/570/542 580/571/543
f 583/572/544 580/571/543 581/570/542
f 580/571/543 583/572/544 584/573/545
f 585/574/546 584/573/545 583/572/544
f 588/575/547 587/576/548 586/577/549
f 589/578/550 586/577/549 587/576/548
f 586/577/549 589/578/550 590/579/551
f 591/580/528 590/579/551 589/578/550
f 594/581/552 593/582/553 592/583/554
f 595/584/549 592/583/554 593/582/553
f 592/583/554 595/584/549 596/585/555
f 597/586/556 596/585/555 595/584/549
f 600/587/540 599/588/557 598/589/558
f 601/590/559 598/589/558 599/588/557
f 598/589/558 601/590/559 602/591/560
f 603/592/561 602/591/560 601/590/559
f 606/593/562 605/594/563 604/595/564
f 607/596/565 604/595/564 605/594/563
f 605/594/563 608/597/566 607/596/565
f 609/598/567 607/596/565 608/597/566
f 607/596/565 609/598/567 610/599/568
f 611/600/569 610/599/568 609/598/567
f 610/599/568 611/600/569 612/601/570
f 613/602/571 612/601/570 611/600/569
f 612/601/570 613/602/571 614/603/572
f 615/604/573 614/603/572 613/602/571
f 614/603/572 616/605/574 612/601/570
f 617/606/575 612/601/570 616/605/574
f 616/605/574 614/603/572 618/607/576
f 614/603/572 615/604/573 619/608/577
f 619/608/577 618/607/576 614/603/572
f 620/609/578 619/608/577 615/604/573
f 618/607/576 619/608/577 621/610/579
f 619/608/577 620/609/578 622/611/580
f 622/611/580 621/610/579 619/608/577
f 623/612/581 622/611/580 620/609/578
f 621/610/579 622/611/580 624/613/582
f 625/614/583 624/613/582 622/611/580
f 628/615/584 627/616/210 626/617/585
f 629/618/586 626/617/585 627/616/210
f 627/616/210 630/619/587 629/618/586
f 631/620/588 629/618/586 630/619/587
f 629/618/586 631/620/588 632/621/589
f 633/622/590 632/621/589 631/620/588
f 632/621/589 633/622/590 634/623/591
f 635/624/592 634/623/591 633/622/590
f 634/623/591 635/624/592 636/625/593
f 637/626/594 636/625/593 635/624/592
f 636/625/593 638/627/595 634/623/591
f 639/628/596 634/623/591 638/627/595
f 638/627/595 636/625/593 640/629/597
f 636/625/593 637/626/594 641/630/598
f 641/630/598 640/629/597 636/625/593
f 642/631/599 641/630/598 637/626/594
f 640/629/597 641/630/598 643/632/600
f 641/630/598 642/631/599 644/633/601
f 644/633/601 643/632/600 641/630/598
f 645/634/602 644/633/601 642/631/599
f 643/632/600 644/633/601 646/635/603
f 647/636/604 646/635/603 644/633/601
f 650/637/605 649/638/565 648/639/606
f 651/640/607 648/639/606 649/638/565
f 648/639/606 651/640/607 652/641/608
f 653/642/609 652/641/608 651/640/607
f 656/643/610 655/644/611 654/645/179
f 657/646/612 654/645/179 655/644/611
f 654/645/179 657/646/612 658/647/613
f 659/648/614 658/647/613 657/646/612
f 662/649/601 661/650/615 660/651/616
f 663/652/617 660/651/616 661/650/615
f 666/653/618 665/654/619 664/655/620
f 667/656/621 664/655/620 665/654/619
f 670/657/622 669/658/623 668/659/624
f 671/660/625 668/659/624 669/658/623
f 669/658/623 672/661/626 671/660/625
f 673/662/627 671/660/625 672/661/626
f 668/659/624 671/660/625 674/663/269
f 675/664/628 674/663/269 671/660/625
f 674/663/269 675/664/628 676/665/629
f 677/666/630 676/665/629 675/664/628
f 676/665/629 677/666/630 678/667/631
f 679/668/632 678/667/631 677/666/630
f 677/666/630 680/669/633 679/668/632
f 678/667/631 679/668/632 681/670/634
f 682/671/635 679/668/632 680/669/633
f 683/672/636 681/670/634 679/668/632
f 679/668/632 682/671/635 683/672/636
f 681/670/634 683/672/636 684/673/637
f 685/674/638 683/672/636 682/671/635
f 686/675/639 684/673/637 683/672/636
f 683/672/636 685/674/638 686/675/639
f 687/676/640 686/675/639 685/674/638
f 686/675/639 687/676/640 688/677/641
f 689/678/642 688/677/641 687/676/640
f 692/679/224 691/680/643 690/681/644
f 693/682/645 690/681/644 691/680/643
f 691/680/643 694/683/646 693/682/645
f 695/684/647 693/682/645 694/683/646
f 694/683/646 691/680/643 696/685/648
f 697/686/649 696/685/648 691/680/643
f 696/685/648 697/686/649 698/687/650
f 699/688/651 698/687/650 697/686/649
f 698/687/650 699/688/651 700/689/652
f 701/690/653 700/689/652 699/688/651
f 699/688/651 702/691/654 701/690/653
f 700/689/652 701/690/653 703/692/655
f 704/693/656 701/690/653 702/691/654
f 705/694/657 703/692/655 701/690/653
f 701/690/653 704/693/656 705/694/657
f 703/692/655 705/694/657 706/695/658
f 707/696/659 705/694/657 704/693/656
f 708/697/660 706/695/658 705/694/657
f 705/694/657 707/696/659 708/697/660
f 709/698/661 708/697/660 707/696/659
f 708/697/660 709/698/661 710/699/662
f 711/700/663 710/699/662 709/698/661
f 714/701/664 713/702/665 712/703/649
f 715/704/666 712/703/649 713/702/665
f 712/703/649 715/704/666 716/705/667
f 717/706/668 716/705/667 715/704/666
f 720/707/669 719/708/627 718/709/670
f 721/710/671 718/709/670 719/708/627
f 718/709/670 721/710/671 722/711/672
f 723/712/673 722/711/672 721/710/671
f 726/713/674 725/714/675 724/715/676
f 727/716/677 724/715/676 725/714/675
f 730/717/678 729/718/679 728/719/680
f 731/720/681 728/719/680 729/718/679
f 734/721/682 733/722/683 732/723/684
f 735/724/685 732/723/684 733/722/683
f 732/723/684 735/724/685 736/725/686
f 737/726/687 736/725/686 735/724/685
f 736/725/686 737/726/687 738/727/688
f 739/728/689 738/727/688 737/726/687
f 738/727/688 739/728/689 740/729/690
f 741/730/691 740/729/690 739/728/689
f 744/731/341 743/732/692 742/733/693
f 745/734/694 742/733/693 743/732/692
f 742/733/693 745/734/694 746/735/695
f 747/736/696 746/735/695 745/734/694
f 746/735/695 747/736/696 748/737/697
f 749/738/698 748/737/697 747/736/696
f 748/737/697 749/738/698 750/739/699
f 751/740/700 750/739/699 749/738/698
f 754/741/701 753/742/702 752/743/703
f 755/744/704 752/743/703 753/742/702
f 752/743/703 755/744/704 756/745/705
f 757/746/695 756/745/705 755/744/704
f 756/745/705 757/746/695 758/747/706
f 759/748/707 758/747/706 757/746/695
f 758/747/706 759/748/707 760/749/708
f 761/750/709 760/749/708 759/748/707
f 764/751/710 763/752/711 762/753/712
f 765/754/713 762/753/712 763/752/711
f 762/753/712 765/754/713 766/755/714
f 767/756/715 766/755/714 765/754/713
f 766/755/714 767/756/715 768/757/716
f 769/758/717 768/757/716 767/756/715
f 768/757/716 769/758/717 770/759/718
f 771/760/719 770/759/718 769/758/717
f 774/761/720 773/762/721 772/763/722
f 775/764/723 772/763/722 773/762/721
f 773/762/721 776/765/724 775/764/723
f 777/766/725 775/764/723 776/765/724
f 780/767/726 779/768/727 778/769/728
f 781/770/729 778/769/728 779/768/727
f 779/768/727 782/771/730 781/770/729
f 783/772/731 781/770/729 782/771/730
f 786/773/732 785/774/733 784/775/734
f 787/776/735 784/775/734 785/774/733
f 784/775/734 787/776/735 788/777/337
f 789/778/736 788/777/337 787/776/735
f 792/779/737 791/780/738 790/781/739
f 793/782/740 790/781/739 791/780/738
f 790/781/739 793/782/740 794/783/741
f 795/784/742 794/783/741 793/782/740
f 798/785/743 797/786/726 796/787/744
f 799/788/745 796/787/744 797/786/726
f 796/787/744 799/788/745 800/789/746
f 801/790/328 800/789/746 799/788/745
f 804/791/747 803/792/748 802/793/749
f 805/794/750 802/793/749 803/792/748
f 802/793/749 805/794/750 806/795/751
f 807/796/752 806/795/751 805/794/750
f 810/797/753 809/798/754 808/799/755
f 811/800/756 808/799/755 809/798/754
f 814/801/757 813/802/758 812/803/759
f 815/804/760 812/803/759 813/802/758
f 812/803/759 815/804/760 816/805/761
f 817/806/762 816/805/761 815/804/760
f 816/805/761 817/806/762 818/807/763
f 819/808/764 818/807/763 817/806/762
f 818/807/763 819/808/764 820/809/765
f 821/32/766 820/809/765 819/808/764
f 823/30/767 820/809/768 822/810/769
f 824/811/770 822/810/769 820/809/768
f 822/810/769 824/811/770 825/812/771
f 826/813/772 825/812/771 824/811/770
f 825/812/771 826/813/772 827/814/773
f 828/815/774 827/814/773 826/813/772
f 831/816/775 830/817/361 829/818/776
f 832/819/777 829/818/776 830/817/361
f 835/820/778 834/821/779 833/822/780
f 836/823/781 833/822/780 834/821/779
f 833/822/780 836/823/781 837/824/782
f 838/825/783 837/824/782 836/823/781
f 837/824/782 838/825/783 839/826/784
f 840/827/785 839/826/784 838/825/783
f 839/826/784 840/827/785 841/828/786
f 842/11/787 841/828/786 840/827/785
f 844/9/788 841/828/789 843/829/790
f 845/830/791 843/829/790 841/828/789
f 843/829/790 845/830/791 846/831/792
f 847/832/793 846/831/792 845/830/791
f 846/831/792 847/832/793 848/833/794
f 849/834/795 848/833/794 847/832/793
f 852/835/796 851/836/797 850/837/798
f 853/838/799 850/837/798 851/836/797
f 850/837/798 853/838/799 854/839/800
f 855/840/801 854/839/800 853/838/799
f 858/841/802 857/842/777 856/843/803
f 859/844/804 856/843/803 857/842/777
f 856/843/803 859/844/804 860/845/805
f 861/846/806 860/845/805 859/844/804
f 864/847/381 863/848/807 862/849/808
f 865/850/786 862/849/808 863/848/807
f 868/851/809 867/852/806 866/853/810
f 869/854/765 866/853/810 867/852/806
f 872/855/765 871/849/811 870/856/812
f 873/857/813 870/856/812 871/849/811
f 876/858/786 875/853/814 874/859/815
f 877/860/816 874/859/815 875/853/814
f 880/861/817 879/862/818 878/863/819
f 881/864/820 878/863/819 879/862/818
f 878/863/819 881/864/820 882/865/821
f 883/866/822 882/865/821 881/864/820
f 886/867/823 885/868/824 884/869/825
f 887/870/826 884/869/825 885/868/824
f 884/869/825 887/870/826 888/871/827
f 889/872/828 888/871/827 887/870/826
f 892/802/829 891/804/385 890/801/830
f 893/803/831 890/801/830 891/804/385
f 891/804/385 894/806/832 893/803/831
f 895/805/833 893/803/831 894/806/832
f 894/806/832 896/808/834 895/805/833
f 897/807/835 895/805/833 896/808/834
f 896/808/834 898/32/836 897/807/835
f 899/809/765 897/807/835 898/32/836
f 899/809/837 901/811/838 900/30/839
f 902/810/840 900/30/839 901/811/838
f 901/811/838 903/813/841 902/810/840
f 904/812/842 902/810/840 903/813/841
f 903/813/841 905/815/361 904/812/842
f 906/814/843 904/812/842 905/815/361
f 909/873/844 908/874/845 907/875/846
f 910/876/847 907/875/846 908/874/845
f 913/821/848 912/823/849 911/820/850
f 914/822/851 911/820/850 912/823/849
f 912/823/849 915/825/417 914/822/851
f 916/824/852 914/822/851 915/825/417
f 915/825/417 917/827/785 916/824/852
f 918/826/853 916/824/852 917/827/785
f 917/827/785 919/11/787 918/826/853
f 920/828/854 918/826/853 919/11/787
f 920/828/855 922/830/856 921/9/857
f 923/829/858 921/9/857 922/830/856
f 922/830/856 924/832/859 923/829/858
f 925/831/860 923/829/858 924/832/859
f 924/832/859 926/834/861 925/831/860
f 927/833/862 925/831/860 926/834/861
f 930/877/863 929/878/864 928/879/865
f 931/880/866 928/879/865 929/878/864
f 934/881/867 933/882/868 932/883/796
f 935/884/412 932/883/796 933/882/868
f 933/882/868 936/885/869 935/884/412
f 937/886/800 935/884/412 936/885/869
f 940/887/870 939/888/871 938/889/802
f 941/890/872 938/889/802 939/888/871
f 939/888/871 942/891/873 941/890/872
f 943/892/874 941/890/872 942/891/873
f 946/893/875 945/894/876 944/895/877
f 947/896/869 944/895/877 945/894/876
f 950/897/810 949/898/809 948/899/837
f 951/900/878 948/899/837 949/898/809
f 954/901/838 953/902/879 952/903/880
f 955/893/836 952/903/880 953/902/879
f 958/904/881 957/905/882 956/906/883
f 959/897/884 956/906/883 957/905/882
f 962/907/885 961/908/886 960/909/838
f 963/910/887 960/909/838 961/908/886
f 961/908/886 964/911/377 963/910/887
f 965/912/888 963/910/887 964/911/377
f 968/913/889 967/914/890 966/915/891
f 969/916/892 966/915/891 967/914/890
f 967/914/890 970/917/893 969/916/892
f 971/918/894 969/916/892 970/917/893
f 974/732/895 973/734/896 972/731/897
f 975/733/898 972/731/897 973/734/896
f 973/734/896 976/736/899 975/733/898
f 977/919/900 975/733/898 976/736/899
f 976/736/899 978/738/901 977/919/900
f 979/737/902 977/919/900 978/738/901
f 978/738/901 980/740/903 979/737/902
f 981/739/904 979/737/902 980/740/903
f 984/920/905 983/921/906 982/922/907
f 985/923/908 982/922/907 983/921/906
f 983/921/906 986/924/909 985/923/908
f 987/925/910 985/923/908 986/924/909
f 986/924/909 988/926/911 987/925/910
f 989/927/912 987/925/910 988/926/911
f 988/926/911 990/928/718 989/927/912
f 991/929/913 989/927/912 990/928/718
f 994/752/914 993/754/915 992/751/916
f 995/930/917 992/751/916 993/754/915
f 993/754/915 996/931/918 995/930/917
f 997/755/919 995/930/917 996/931/918
f 996/931/918 998/758/920 997/755/919
f 999/757/921 997/755/919 998/758/920
f 998/758/920 1000/760/922 999/757/921
f 1001/759/923 999/757/921 1000/760/922
f 1004/932/924 1003/933/925 1002/934/926
f 1005/935/927 1002/934/926 1003/933/925
f 1003/933/925 1006/936/928 1005/935/927
f 1007/937/929 1005/935/927 1006/936/928
f 1006/936/928 1008/938/930 1007/937/929
f 1009/939/931 1007/937/929 1008/938/930
f 1008/938/930 1010/940/932 1009/939/931
f 1011/941/933 1009/939/931 1010/940/932
f 1014/942/934 1013/943/935 1012/944/936
f 1015/945/913 1012/944/936 1013/943/935
f 1012/944/936 1015/945/913 1016/946/937
f 1017/947/718 1016/946/937 1015/945/913
f 1020/948/938 1019/949/923 1018/950/939
f 1021/951/708 1018/950/939 1019/949/923
f 1018/950/939 1021/951/708 1022/952/940
f 1023/953/941 1022/952/940 1021/951/708
f 1026/954/942 1025/955/943 1024/956/934
f 1027/957/944 1024/956/934 1025/955/943
f 1025/955/943 1028/958/945 1027/957/944
f 1029/959/341 1027/957/944 1028/958/945
f 1032/774/730 1031/776/946 1030/773/947
f 1033/775/948 1030/773/947 1031/776/946
f 1031/776/946 1034/778/736 1033/775/948
f 1035/777/949 1033/775/948 1034/778/736
f 1038/960/748 1037/961/950 1036/962/951
f 1039/963/952 1036/962/951 1037/961/950
f 1037/961/950 1040/964/953 1039/963/952
f 1041/965/954 1039/963/952 1040/964/953
f 1044/786/940 1043/788/955 1042/966/743
f 1045/787/956 1042/966/743 1043/788/955
f 1043/788/955 1046/790/957 1045/787/956
f 1047/789/958 1045/787/956 1046/790/957
f 1050/967/959 1049/968/242 1048/969/960
f 1051/970/961 1048/969/960 1049/968/242
f 1048/969/960 1051/970/961 1052/971/962
f 1053/972/963 1052/971/962 1051/970/961
f 1051/970/961 1054/973/964 1053/972/963
f 1055/974/965 1053/972/963 1054/973/964
f 1054/973/964 1056/975/966 1055/974/965
f 1057/976/967 1055/974/965 1056/975/966
f 1056/975/966 1058/977/968 1057/976/967
f 1059/978/969 1057/976/967 1058/977/968
f 1058/977/968 1056/975/966 1060/979/656
f 1061/980/970 1060/979/656 1056/975/966
f 1060/979/656 1062/981/971 1058/977/968
f 1058/977/968 1063/982/657 1059/978/969
f 1063/982/657 1058/977/968 1062/981/971
f 1064/983/972 1059/978/969 1063/982/657
f 1062/981/971 1065/984/973 1063/982/657
f 1063/982/657 1066/985/679 1064/983/972
f 1066/985/679 1063/982/657 1065/984/973
f 1067/986/974 1064/983/972 1066/985/679
f 1065/984/973 1068/987/965 1066/985/679
f 1069/988/975 1066/985/679 1068/987/965
f 1072/989/976 1071/990/977 1070/991/978
f 1073/992/979 1070/991/978 1071/990/977
f 1070/991/978 1073/992/979 1074/993/980
f 1075/994/981 1074/993/980 1073/992/979
f 1073/992/979 1076/995/982 1075/994/981
f 1077/996/983 1075/994/981 1076/995/982
f 1076/995/982 1078/997/984 1077/996/983
f 1079/998/985 1077/996/983 1078/997/984
f 1078/997/984 1080/999/986 1079/998/985
f 1081/1000/987 1079/998/985 1080/999/986
f 1080/999/986 1078/997/984 1082/1001/988
f 1083/1002/989 1082/1001/988 1078/997/984
f 1082/1001/988 1084/1003/990 1080/999/986
f 1080/999/986 1085/1004/636 1081/1000/987
f 1085/1004/636 1080/999/986 1084/1003/990
f 1086/1005/991 1081/1000/987 1085/1004/636
f 1084/1003/990 1087/1006/992 1085/1004/636
f 1085/1004/636 1088/1007/639 1086/1005/991
f 1088/1007/639 1085/1004/636 1087/1006/992
f 1089/1008/993 1086/1005/991 1088/1007/639
f 1087/1006/992 1090/1009/994 1088/1007/639
f 1091/1010/995 1088/1007/639 1090/1009/994
f 1094/702/996 1093/704/997 1092/701/961
f 1095/703/998 1092/701/961 1093/704/997
f 1093/704/997 1096/706/999 1095/703/998
f 1097/1011/1000 1095/703/998 1096/706/999
f 1100/708/977 1099/710/1001 1098/707/1002
f 1101/709/1003 1098/707/1002 1099/710/1001
f 1099/710/1001 1102/712/1004 1101/709/1003
f 1103/711/1005 1101/709/1003 1102/712/1004
f 1106/715/1001 1105/713/637 1104/716/1006
f 1107/714/1007 1104/716/1006 1105/713/637
f 1110/719/1008 1109/717/1009 1108/720/1010
f 1111/1012/1011 1108/720/1010 1109/717/1009
f 1114/1013/587 1113/1014/1012 1112/1015/1013
f 1115/1016/1014 1112/1015/1013 1113/1014/1012
f 1112/1015/1013 1115/1016/1014 1116/1017/1015
f 1117/1018/1016 1116/1017/1015 1115/1016/1014
f 1113/1014/1012 1118/1019/1017 1115/1016/1014
f 1119/1020/1018 1115/1016/1014 1118/1019/1017
f 1118/1019/1017 1120/1021/1019 1119/1020/1018
f 1121/1022/1020 1119/1020/1018 1120/1021/1019
f 1120/1021/1019 1122/1023/1021 1121/1022/1020
f 1123/1024/1022 1121/1022/1020 1122/1023/1021
f 1121/1022/1020 1123/1024/1022 1124/1025/1023
f 1122/1023/1021 1125/1026/599 1123/1024/1022
f 1126/1027/1024 1124/1025/1023 1123/1024/1022
f 1127/1028/598 1123/1024/1022 1125/1026/599
f 1123/1024/1022 1127/1028/598 1126/1027/1024
f 1125/1026/599 1128/1029/1025 1127/1028/598
f 1129/1030/597 1126/1027/1024 1127/1028/598
f 1130/1031/1026 1127/1028/598 1128/1029/1025
f 1127/1028/598 1130/1031/1026 1129/1030/597
f 1131/1032/1027 1129/1030/597 1130/1031/1026
f 1130/1031/1026 1132/1033/1028 1131/1032/1027
f 1133/1034/1029 1131/1032/1027 1132/1033/1028
f 1136/1035/1030 1135/1036/1031 1134/1037/1032
f 1137/1038/1033 1134/1037/1032 1135/1036/1031
f 1134/1037/1032 1137/1038/1033 1138/1039/1034
f 1139/1040/1035 1138/1039/1034 1137/1038/1033
f 1138/1039/1034 1140/1041/1036 1134/1037/1032
f 1141/1042/1037 1134/1037/1032 1140/1041/1036
f 1140/1041/1036 1142/1043/1038 1141/1042/1037
f 1143/1044/1039 1141/1042/1037 1142/1043/1038
f 1142/1043/1038 1144/1045/1040 1143/1044/1039
f 1145/1046/1041 1143/1044/1039 1144/1045/1040
f 1143/1044/1039 1145/1046/1041 1146/1047/174
f 1144/1045/1040 1147/1048/1042 1145/1046/1041
f 1148/1049/1043 1146/1047/174 1145/1046/1041
f 1149/1050/1044 1145/1046/1041 1147/1048/1042
f 1145/1046/1041 1149/1050/1044 1148/1049/1043
f 1147/1048/1042 1150/1051/1045 1149/1050/1044
f 1151/1052/1046 1148/1049/1043 1149/1050/1044
f 1152/1053/618 1149/1050/1044 1150/1051/1045
f 1149/1050/1044 1152/1053/618 1151/1052/1046
f 1153/1054/1047 1151/1052/1046 1152/1053/618
f 1152/1053/618 1154/1055/1048 1153/1054/1047
f 1155/1056/1049 1153/1054/1047 1154/1055/1048
f 1158/638/1050 1157/640/1051 1156/637/1030
f 1159/639/1052 1156/637/1030 1157/640/1051
f 1157/640/1051 1160/642/1053 1159/639/1052
f 1161/1057/1054 1159/639/1052 1160/642/1053
f 1164/644/1014 1163/646/1055 1162/643/1056
f 1165/645/1057 1162/643/1056 1163/646/1055
f 1163/646/1055 1166/648/1058 1165/645/1057
f 1167/1058/1059 1165/645/1057 1166/648/1058
f 1170/651/1060 1169/649/1061 1168/652/1062
f 1171/650/1063 1168/652/1062 1169/649/1061
f 1174/655/1064 1173/653/618 1172/656/1065
f 1175/654/1045 1172/656/1065 1173/653/618
f 1178/1059/1066 1177/1060/1067 1176/1061/1068
f 1179/1062/1069 1176/1061/1068 1177/1060/1067
f 1177/1060/1067 1180/1063/1070 1179/1062/1069
f 1181/1064/1071 1179/1062/1069 1180/1063/1070
f 1180/1063/1070 1182/1065/1072 1181/1064/1071
f 1183/1066/1073 1181/1064/1071 1182/1065/1072
f 1182/1065/1072 1184/1067/1074 1183/1066/1073
f 1185/1068/1075 1183/1066/1073 1184/1067/1074
f 1188/518/1076 1187/520/1077 1186/517/1078
f 1189/519/1079 1186/517/1078 1187/520/1077
f 1187/520/1077 1190/522/1080 1189/519/1079
f 1191/521/1081 1189/519/1079 1190/522/1080
f 1190/522/1080 1192/1069/1082 1191/521/1081
f 1193/523/1083 1191/521/1081 1192/1069/1082
f 1192/1069/1082 1194/526/1084 1193/523/1083
f 1195/525/1085 1193/523/1083 1194/526/1084
f 1198/1070/1086 1197/1071/1087 1196/1072/1088
f 1199/1073/1077 1196/1072/1088 1197/1071/1087
f 1197/1071/1087 1200/1074/528 1199/1073/1077
f 1201/1075/1089 1199/1073/1077 1200/1074/528
f 1200/1074/528 1202/1076/1090 1201/1075/1089
f 1203/1077/501 1201/1075/1089 1202/1076/1090
f 1202/1076/1090 1204/1078/1091 1203/1077/501
f 1205/1079/1092 1203/1077/501 1204/1078/1091
f 1208/538/1093 1207/540/1094 1206/537/1095
f 1209/539/1096 1206/537/1095 1207/540/1094
f 1207/540/1094 1210/1080/508 1209/539/1096
f 1211/541/517 1209/539/1096 1210/1080/508
f 1210/1080/508 1212/544/1097 1211/541/517
f 1213/543/1098 1211/541/517 1212/544/1097
f 1212/544/1097 1214/546/1099 1213/543/1098
f 1215/545/1100 1213/543/1098 1214/546/1099
f 1218/1081/1101 1217/1082/1102 1216/1083/1103
f 1219/1084/1085 1216/1083/1103 1217/1082/1102
f 1216/1083/1103 1219/1084/1085 1220/1085/540
f 1221/1086/1104 1220/1085/540 1219/1084/1085
f 1224/1087/1105 1223/1088/1106 1222/1089/1107
f 1225/1090/1108 1222/1089/1107 1223/1088/1106
f 1222/1089/1107 1225/1090/1108 1226/1091/1109
f 1227/1092/1099 1226/1091/1109 1225/1090/1108
f 1230/576/1110 1229/578/1111 1228/575/553
f 1231/577/1112 1228/575/553 1229/578/1111
f 1229/578/1111 1232/580/1113 1231/577/1112
f 1233/579/1114 1231/577/1112 1232/580/1113
f 1236/1093/1115 1235/1094/544 1234/1095/1116
f 1237/1096/1117 1234/1095/1116 1235/1094/544
f 1235/1094/544 1238/1097/1118 1237/1096/1117
f 1239/1098/545 1237/1096/1117 1238/1097/1118
f 1242/588/1119 1241/590/1120 1240/587/540
f 1243/589/558 1240/587/540 1241/590/1120
f 1241/590/1120 1244/592/1121 1243/589/558
f 1245/591/560 1243/589/558 1244/592/1121
f 1248/1099/553 1247/1100/549 1246/1101/552
f 1249/1102/1122 1246/1101/552 1247/1100/549
f 1247/1100/549 1250/1103/1123 1249/1102/1122
f 1251/1104/131 1249/1102/1122 1250/1103/1123
f 1254/1105/1124 1253/1106/1125 1252/1107/1126
f 1255/1108/1127 1252/1107/1126 1253/1106/1125
f 1258/442/1128 1257/444/421 1256/441/1129
f 1259/443/1130 1256/441/1129 1257/444/421
f 1257/444/421 1260/446/1131 1259/443/1130
f 1261/1109/1132 1259/443/1130 1260/446/1131
f 1260/446/1131 1262/448/1133 1261/1109/1132
f 1263/447/1134 1261/1109/1132 1262/448/1133
f 1262/448/1133 1264/449/479 1263/447/1134
f 1265/389/426 1263/447/1134 1264/449/479
f 1268/1110/460 1267/1111/1135 1266/1112/1136
f 1269/1113/1137 1266/1112/1136 1267/1111/1135
f 1272/461/1138 1271/463/462 1270/460/1139
f 1273/462/1140 1270/460/1139 1271/463/462
f 1271/463/462 1274/465/1141 1273/462/1140
f 1275/464/1142 1273/462/1140 1274/465/1141
f 1274/465/1141 1276/467/1143 1275/464/1142
f 1277/466/1144 1275/464/1142 1276/467/1143
f 1276/467/1143 1278/468/449 1277/466/1144
f 1279/419/1145 1277/466/1144 1278/468/449
f 1281/374/1146 1280/470/1147 1278/468/1148
f 1282/469/1149 1278/468/1148 1280/470/1147
f 1280/470/1147 1283/472/1150 1282/469/1149
f 1284/471/1151 1282/469/1149 1283/472/1150
f 1283/472/1150 1285/474/5 1284/471/1151
f 1286/473/1152 1284/471/1151 1285/474/5
f 1289/1114/1153 1288/1115/1154 1287/1116/462
f 1290/1117/1155 1287/1116/462 1288/1115/1154
f 1288/1115/1154 1291/1118/467 1290/1117/1155
f 1292/1119/1156 1290/1117/1155 1291/1118/467
f 1295/1120/1157 1294/1121/1158 1293/1122/460
f 1296/1123/1131 1293/1122/460 1294/1121/1158
f 1294/1121/1158 1297/1124/1159 1296/1123/1131
f 1298/1125/1160 1296/1123/1131 1297/1124/1159
f 1301/1126/1161 1300/1127/1156 1299/1128/451
f 1302/1129/1162 1299/1128/451 1300/1127/1156
f 1305/1130/1163 1304/1131/1164 1303/1132/477
f 1306/1133/1165 1303/1132/477 1304/1131/1164
f 1309/1134/480 1308/1128/478 1307/1135/1166
f 1310/1136/1167 1307/1135/1166 1308/1128/478
f 1313/388/1168 1312/451/1169 1311/449/1163
f 1314/450/1170 1311/449/1163 1312/451/1169
f 1312/451/1169 1315/453/1171 1314/450/1170
f 1316/452/1172 1314/450/1170 1315/453/1171
f 1315/453/1171 1317/455/1173 1316/452/1172
f 1318/454/1174 1316/452/1172 1317/455/1173
f 1321/1137/1175 1320/1132/1176 1319/1138/1177
f 1322/1139/1178 1319/1138/1177 1320/1132/1176
f 1325/1140/1179 1324/1141/1180 1323/1142/480
f 1326/1143/1181 1323/1142/480 1324/1141/1180
f 1324/1141/1180 1327/1144/1182 1326/1143/1181
f 1328/1145/46 1326/1143/1181 1327/1144/1182
f 1331/1146/1177 1330/1147/1183 1329/1148/1184
f 1332/1149/1185 1329/1148/1184 1330/1147/1183
f 1330/1147/1183 1333/1150/1186 1332/1149/1185
f 1334/1151/38 1332/1149/1185 1333/1150/1186
f 1337/366/1187 1336/368/809 1335/365/1188
f 1338/367/1189 1335/365/1188 1336/368/809
f 1336/368/809 1339/1152/1190 1338/367/1189
f 1340/369/1191 1338/367/1189 1339/1152/1190
f 1339/1152/1190 1341/372/1192 1340/369/1191
f 1342/371/1193 1340/369/1191 1341/372/1192
f 1341/372/1192 1343/374/356 1342/371/1193
f 1344/373/391 1342/371/1193 1343/374/356
f 1344/373/1194 1346/421/1195 1345/419/1196
f 1347/420/1197 1345/419/1196 1346/421/1195
f 1346/421/1195 1348/423/1198 1347/420/1197
f 1349/422/1199 1347/420/1197 1348/423/1198
f 1348/423/1198 1350/425/1200 1349/422/1199
f 1351/424/1201 1349/422/1199 1350/425/1200
f 1354/1153/345 1353/1154/1202 1352/1155/1203
f 1355/1156/1204 1352/1155/1203 1353/1154/1202
f 1358/380/1205 1357/382/1206 1356/379/1207
f 1359/381/1208 1356/379/1207 1357/382/1206
f 1357/382/1206 1360/384/1209 1359/381/1208
f 1361/383/1210 1359/381/1208 1360/384/1209
f 1360/384/1209 1362/386/1211 1361/383/1210
f 1363/385/1212 1361/383/1210 1362/386/1211
f 1362/386/1211 1364/388/1213 1363/385/1212
f 1365/387/368 1363/385/1212 1364/388/1213
f 1365/387/371 1367/391/1214 1366/389/1215
f 1368/390/1216 1366/389/1215 1367/391/1214
f 1367/391/1214 1369/393/1217 1368/390/1216
f 1370/392/1218 1368/390/1216 1369/393/1217
f 1369/393/1217 1371/395/1219 1370/392/1218
f 1372/394/798 1370/392/1218 1371/395/1219
f 1375/1157/1220 1374/1158/1221 1373/1159/1222
f 1376/1160/1223 1373/1159/1222 1374/1158/1221
f 1379/1161/1203 1378/1162/1210 1377/1163/345
f 1380/1164/1224 1377/1163/345 1378/1162/1210
f 1378/1162/1210 1381/1165/1225 1380/1164/1224
f 1382/1166/1226 1380/1164/1224 1381/1165/1225
f 1385/1167/382 1384/1168/1227 1383/1169/1220
f 1386/1170/1228 1383/1169/1220 1384/1168/1227
f 1384/1168/1227 1387/1171/389 1386/1170/1228
f 1388/1172/1229 1386/1170/1228 1387/1171/389
f 1391/1173/387 1390/1174/1226 1389/1175/1230
f 1392/1176/1225 1389/1175/1230 1390/1174/1226
f 1395/1177/1231 1394/1178/1232 1393/1179/1233
f 1396/1180/1234 1393/1179/1233 1394/1178/1232
f 1399/1181/1195 1398/1182/392 1397/1183/1235
f 1400/1173/1236 1397/1183/1235 1398/1182/392
f 1403/1184/1237 1402/1185/1238 1401/1186/1239
f 1404/1177/369 1401/1186/1239 1402/1185/1238
f 1407/1187/1240 1406/1188/1241 1405/1189/1195
f 1408/1190/1242 1405/1189/1195 1406/1188/1241
f 1406/1188/1241 1409/1191/1243 1408/1190/1242
f 1410/1192/1244 1408/1190/1242 1409/1191/1243
f 1413/1193/1245 1412/1194/1246 1411/1195/1237
f 1414/1196/1247 1411/1195/1237 1412/1194/1246
f 1412/1194/1246 1415/1197/1248 1414/1196/1247
f 1416/1198/1249 1414/1196/1247 1415/1197/1248
f 1419/296/1250 1418/298/1251 1417/295/683
f 1420/297/1252 1417/295/683 1418/298/1251
f 1418/298/1251 1421/300/1253 1420/297/1252
f 1422/299/1254 1420/297/1252 1421/300/1253
f 1421/300/1253 1423/302/713 1422/299/1254
f 1424/1199/301 1422/299/1254 1423/302/713
f 1423/302/713 1425/304/1255 1424/1199/301
f 1426/303/1256 1424/1199/301 1425/304/1255
f 1429/1200/1257 1428/1201/1258 1427/1202/1259
f 1430/1203/1260 1427/1202/1259 1428/1201/1258
f 1428/1201/1258 1431/1204/308 1430/1203/1260
f 1432/1205/1261 1430/1203/1260 1431/1204/308
f 1431/1204/308 1433/1206/1262 1432/1205/1261
f 1434/1207/1263 1432/1205/1261 1433/1206/1262
f 1433/1206/1262 1435/1208/1264 1434/1207/1263
f 1436/1209/1265 1434/1207/1263 1435/1208/1264
f 1439/316/1266 1438/318/1267 1437/315/1268
f 1440/317/1269 1437/315/1268 1438/318/1267
f 1438/318/1267 1441/320/1270 1440/317/1269
f 1442/1210/1271 1440/317/1269 1441/320/1270
f 1441/320/1270 1443/322/1272 1442/1210/1271
f 1444/321/1273 1442/1210/1271 1443/322/1272
f 1443/322/1272 1445/324/1274 1444/321/1273
f 1446/323/1275 1444/321/1273 1445/324/1274
f 1449/1211/1276 1448/1212/1277 1447/1213/1278
f 1450/1214/1279 1447/1213/1278 1448/1212/1277
f 1448/1212/1277 1451/1215/1280 1450/1214/1279
f 1452/1216/298 1450/1214/1279 1451/1215/1280
f 1451/1215/1280 1453/1217/1281 1452/1216/298
f 1454/1218/1282 1452/1216/298 1453/1217/1281
f 1453/1217/1281 1455/1219/1283 1454/1218/1282
f 1456/1220/1284 1454/1218/1282 1455/1219/1283
f 1459/1221/317 1458/1222/1285 1457/1223/1286
f 1460/1224/1265 1457/1223/1286 1458/1222/1285
f 1457/1223/1286 1460/1224/1265 1461/1225/1287
f 1462/1226/1288 1461/1225/1287 1460/1224/1265
f 1465/1227/314 1464/1228/1289 1463/1229/1290
f 1466/1230/1291 1463/1229/1290 1464/1228/1289
f 1463/1229/1290 1466/1230/1291 1467/1231/1292
f 1468/1232/1283 1467/1231/1292 1466/1230/1291
f 1471/1233/1293 1470/1234/331 1469/1235/317
f 1472/1236/1294 1469/1235/317 1470/1234/331
f 1470/1234/331 1473/1237/1295 1472/1236/1294
f 1474/1238/332 1472/1236/1294 1473/1237/1295
f 1477/338/1296 1476/340/339 1475/337/1297
f 1478/339/1298 1475/337/1297 1476/340/339
f 1476/340/339 1479/342/1299 1478/339/1298
f 1480/341/298 1478/339/1298 1479/342/1299
f 1483/1239/1290 1482/1240/1300 1481/1241/321
f 1484/1242/339 1481/1241/321 1482/1240/1300
f 1482/1240/1300 1485/1243/705 1484/1242/339
f 1486/1244/1301 1484/1242/339 1485/1243/705
f 1489/350/1302 1488/352/1303 1487/349/1304
f 1490/351/1305 1487/349/1304 1488/352/1303
f 1488/352/1303 1491/354/683 1490/351/1305
f 1492/353/337 1490/351/1305 1491/354/683
f 1495/1245/1306 1494/1246/1307 1493/1247/1308
f 1496/1248/256 1493/1247/1308 1494/1246/1307
f 1493/1247/1308 1496/1248/256 1497/1249/1309
f 1498/1250/1310 1497/1249/1309 1496/1248/256
f 1496/1248/256 1499/1251/1311 1498/1250/1310
f 1500/1252/1312 1498/1250/1310 1499/1251/1311
f 1499/1251/1311 1501/1253/1313 1500/1252/1312
f 1502/1254/1314 1500/1252/1312 1501/1253/1313
f 1501/1253/1313 1503/1255/1315 1502/1254/1314
f 1504/1256/1316 1502/1254/1314 1503/1255/1315
f 1503/1255/1315 1501/1253/1313 1505/1257/248
f 1506/1258/1317 1505/1257/248 1501/1253/1313
f 1505/1257/248 1507/1259/1318 1503/1255/1315
f 1503/1255/1315 1508/1260/249 1504/1256/1316
f 1508/1260/249 1503/1255/1315 1507/1259/1318
f 1509/1261/247 1504/1256/1316 1508/1260/249
f 1507/1259/1318 1510/1262/1319 1508/1260/249
f 1508/1260/249 1511/1263/252 1509/1261/247
f 1511/1263/252 1508/1260/249 1510/1262/1319
f 1512/1264/1320 1509/1261/247 1511/1263/252
f 1510/1262/1319 1513/1265/1321 1511/1263/252
f 1514/1266/1322 1511/1263/252 1513/1265/1321
f 1517/1267/1323 1516/1268/1324 1515/1269/1325
f 1518/1270/1326 1515/1269/1325 1516/1268/1324
f 1515/1269/1325 1518/1270/1326 1519/1271/1327
f 1520/1272/234 1519/1271/1327 1518/1270/1326
f 1518/1270/1326 1521/1273/1328 1520/1272/234
f 1522/1274/1329 1520/1272/234 1521/1273/1328
f 1521/1273/1328 1523/1275/1330 1522/1274/1329
f 1524/1276/1331 1522/1274/1329 1523/1275/1330
f 1523/1275/1330 1525/1277/1332 1524/1276/1331
f 1526/1278/1333 1524/1276/1331 1525/1277/1332
f 1525/1277/1332 1523/1275/1330 1527/1279/1334
f 1528/1280/1335 1527/1279/1334 1523/1275/1330
f 1527/1279/1334 1529/1281/1336 1525/1277/1332
f 1525/1277/1332 1530/1282/227 1526/1278/1333
f 1530/1282/227 1525/1277/1332 1529/1281/1336
f 1531/1283/1337 1526/1278/1333 1530/1282/227
f 1529/1281/1336 1532/1284/231 1530/1282/227
f 1530/1282/227 1533/1285/230 1531/1283/1337
f 1533/1285/230 1530/1282/227 1532/1284/231
f 1534/1286/1338 1531/1283/1337 1533/1285/230
f 1532/1284/231 1535/1287/233 1533/1285/230
f 1536/1288/1339 1533/1285/230 1535/1287/233
f 1539/266/1340 1538/268/1341 1537/265/256
f 1540/267/1342 1537/265/256 1538/268/1341
f 1538/268/1341 1541/1289/1317 1540/267/1342
f 1542/269/1343 1540/267/1342 1541/1289/1317
f 1545/272/1344 1544/274/1345 1543/271/1346
f 1546/273/1347 1543/271/1346 1544/274/1345
f 1544/274/1345 1547/1290/1348 1546/273/1347
f 1548/275/1349 1546/273/1347 1547/1290/1348
f 1551/279/1350 1550/277/1351 1549/280/1352
f 1552/278/1353 1549/280/1352 1550/277/1351
f 1555/283/1354 1554/281/271 1553/284/995
f 1556/282/1355 1553/284/995 1554/281/271
f 1559/1291/1356 1558/1292/1357 1557/1293/1358
f 1560/1294/1359 1557/1293/1358 1558/1292/1357
f 1557/1293/1358 1560/1294/1359 1561/1295/1360
f 1562/1296/1361 1561/1295/1360 1560/1294/1359
f 1558/1292/1357 1563/1297/1362 1560/1294/1359
f 1564/1298/1363 1560/1294/1359 1563/1297/1362
f 1563/1297/1362 1565/1299/1364 1564/1298/1363
f 1566/1300/1365 1564/1298/1363 1565/1299/1364
f 1565/1299/1364 1567/1301/1366 1566/1300/1365
f 1568/1302/1367 1566/1300/1365 1567/1301/1366
f 1566/1300/1365 1568/1302/1367 1569/1303/1368
f 1567/1301/1366 1570/1304/1369 1568/1302/1367
f 1571/1305/1370 1569/1303/1368 1568/1302/1367
f 1572/1306/187 1568/1302/1367 1570/1304/1369
f 1568/1302/1367 1572/1306/187 1571/1305/1370
f 1570/1304/1369 1573/1307/206 1572/1306/187
f 1574/1308/1371 1571/1305/1370 1572/1306/187
f 1575/1309/190 1572/1306/187 1573/1307/206
f 1572/1306/187 1575/1309/190 1574/1308/1371
f 1576/1310/1372 1574/1308/1371 1575/1309/190
f 1575/1309/190 1577/1311/1373 1576/1310/1372
f 1578/1312/569 1576/1310/1372 1577/1311/1373
f 1581/1313/1374 1580/1314/1375 1579/1315/1376
f 1582/1316/1377 1579/1315/1376 1580/1314/1375
f 1579/1315/1376 1582/1316/1377 1583/1317/1378
f 1584/1318/1379 1583/1317/1378 1582/1316/1377
f 1583/1317/1378 1585/1319/1065 1579/1315/1376
f 1586/1320/1380 1579/1315/1376 1585/1319/1065
f 1585/1319/1065 1587/1321/1381 1586/1320/1380
f 1588/1322/1382 1586/1320/1380 1587/1321/1381
f 1587/1321/1381 1589/1323/1383 1588/1322/1382
f 1590/1324/1384 1588/1322/1382 1589/1323/1383
f 1588/1322/1382 1590/1324/1384 1591/1325/1385
f 1589/1323/1383 1592/1326/166 1590/1324/1384
f 1593/1327/1386 1591/1325/1385 1590/1324/1384
f 1594/1328/165 1590/1324/1384 1592/1326/166
f 1590/1324/1384 1594/1328/165 1593/1327/1386
f 1592/1326/166 1595/1329/209 1594/1328/165
f 1596/1330/1387 1593/1327/1386 1594/1328/165
f 1597/1331/1388 1594/1328/165 1595/1329/209
f 1594/1328/165 1597/1331/1388 1596/1330/1387
f 1598/1332/167 1596/1330/1387 1597/1331/1388
f 1597/1331/1388 1599/1333/1389 1598/1332/167
f 1600/1334/1390 1598/1332/167 1599/1333/1389
f 1603/202/1391 1602/204/1392 1601/201/1393
f 1604/203/1394 1601/201/1393 1602/204/1392
f 1602/204/1392 1605/1335/1395 1604/203/1394
f 1606/205/1396 1604/203/1394 1605/1335/1395
f 1609/208/1397 1608/210/1398 1607/207/1399
f 1610/209/1400 1607/207/1399 1608/210/1398
f 1608/210/1398 1611/212/1401 1610/209/1400
f 1612/211/1402 1610/209/1400 1611/212/1401
f 1615/215/1403 1614/213/205 1613/216/1404
f 1616/214/1405 1613/216/1404 1614/213/205
f 1619/219/1406 1618/1336/1407 1617/220/1408
f 1620/218/209 1617/220/1408 1618/1336/1407
f 1623/1337/1409 1622/1338/1410 1621/1339/1411
f 1624/1340/1412 1621/1339/1411 1622/1338/1410
f 1622/1338/1410 1625/1341/1413 1624/1340/1412
f 1626/1342/1414 1624/1340/1412 1625/1341/1413
f 1625/1341/1413 1627/1343/1415 1626/1342/1414
f 1628/1344/1416 1626/1342/1414 1627/1343/1415
f 1627/1343/1415 1629/1345/1417 1628/1344/1416
f 1630/1346/1418 1628/1344/1416 1629/1345/1417
f 1633/82/1419 1632/84/1420 1631/81/1421
f 1634/83/1422 1631/81/1421 1632/84/1420
f 1632/84/1420 1635/1347/1423 1634/83/1422
f 1636/85/1424 1634/83/1422 1635/1347/1423
f 1635/1347/1423 1637/88/1425 1636/85/1424
f 1638/87/1426 1636/85/1424 1637/88/1425
f 1637/88/1425 1639/90/1427 1638/87/1426
f 1640/89/1428 1638/87/1426 1639/90/1427
f 1643/1348/1429 1642/1349/1430 1641/1350/1431
f 1644/1351/1432 1641/1350/1431 1642/1349/1430
f 1642/1349/1430 1645/1352/555 1644/1351/1432
f 1646/1353/1423 1644/1351/1432 1645/1352/555
f 1645/1352/555 1647/1354/1433 1646/1353/1423
f 1648/1355/1434 1646/1353/1423 1647/1354/1433
f 1647/1354/1433 1649/1356/1435 1648/1355/1434
f 1650/1357/1436 1648/1355/1434 1649/1356/1435
f 1653/102/1437 1652/1358/1438 1651/101/1439
f 1654/103/1440 1651/101/1439 1652/1358/1438
f 1652/1358/1438 1655/106/1441 1654/103/1440
f 1656/1359/1442 1654/103/1440 1655/106/1441
f 1655/106/1441 1657/108/1443 1656/1359/1442
f 1658/107/1444 1656/1359/1442 1657/108/1443
f 1657/108/1443 1659/110/1445 1658/107/1444
f 1660/109/105 1658/107/1444 1659/110/1445
f 1663/1360/1446 1662/1361/1447 1661/1362/1448
f 1664/1363/1449 1661/1362/1448 1662/1361/1447
f 1661/1362/1448 1664/1363/1449 1665/1364/1450
f 1666/1365/1427 1665/1364/1450 1664/1363/1449
f 1669/1366/1451 1668/1367/1452 1667/1368/1453
f 1670/1369/105 1667/1368/1453 1668/1367/1452
f 1667/1368/1453 1670/1369/105 1671/1370/1454
f 1672/1371/121 1671/1370/1454 1670/1369/105
f 1675/140/1455 1674/142/135 1673/139/1456
f 1676/141/1457 1673/139/1456 1674/142/135
f 1674/142/135 1677/144/561 1676/141/1457
f 1678/143/1458 1676/141/1457 1677/144/561
f 1681/1372/117 1680/1373/1459 1679/1374/1460
f 1682/1375/1461 1679/1374/1460 1680/1373/1459
f 1680/1373/1459 1683/1376/1462 1682/1375/1461
f 1684/1377/1463 1682/1375/1461 1683/1376/1462
f 1687/1378/123 1686/154/1464 1685/151/1465
f 1688/153/1466 1685/151/1465 1686/154/1464
f 1686/154/1464 1689/156/1467 1688/153/1466
f 1690/155/551 1688/153/1466 1689/156/1467
f 1693/1379/1468 1692/1380/1469 1691/1381/138
f 1694/1382/1470 1691/1381/138 1692/1380/1469
f 1692/1380/1469 1695/1383/1471 1694/1382/1470
f 1696/1384/1472 1694/1382/1470 1695/1383/1471
f 1699/1385/1473 1698/1386/1474 1697/1387/1475
f 1700/1388/1476 1697/1387/1475 1698/1386/1474
f 1703/2/1477 1702/4/1478 1701/1/1479
f 1704/3/1480 1701/1/1479 1702/4/1478
f 1702/4/1478 1705/6/1481 1704/3/1480
f 1706/5/1482 1704/3/1480 1705/6/1481
f 1705/6/1481 1707/8/1483 1706/5/1482
f 1708/7/1484 1706/5/1482 1707/8/1483
f 1707/8/1483 1709/10/1485 1708/7/1484
f 1710/9/9 1708/7/1484 1709/10/1485
f 1712/11/12 1711/13/1486 1709/10/1487
f 1713/12/1488 1709/10/1487 1711/13/1486
f 1711/13/1486 1714/15/1489 1713/12/1488
f 1715/14/1490 1713/12/1488 1714/15/1489
f 1714/15/1489 1716/17/457 1715/14/1490
f 1717/16/1491 1715/14/1490 1716/17/457
f 1720/1389/1492 1719/1390/1493 1718/1391/50
f 1721/1392/1494 1718/1391/50 1719/1390/1493
f 1724/23/1495 1723/25/1496 1722/22/1497
f 1725/24/1134 1722/22/1497 1723/25/1496
f 1723/25/1496 1726/27/1498 1725/24/1134
f 1727/26/1499 1725/24/1134 1726/27/1498
f 1726/27/1498 1728/29/1500 1727/26/1499
f 1729/28/1501 1727/26/1499 1728/29/1500
f 1728/29/1500 1730/31/1502 1729/28/1501
f 1731/30/1503 1729/28/1501 1730/31/1502
f 1733/32/32 1732/34/1504 1730/31/31
f 1734/33/1505 1730/31/31 1732/34/1504
f 1732/34/1504 1735/36/1506 1734/33/1505
f 1736/35/1507 1734/33/1505 1735/36/1506
f 1735/36/1506 1737/38/422 1736/35/1507
f 1738/37/1508 1736/35/1507 1737/38/422
f 1741/1393/21 1740/1394/1509 1739/1395/1473
f 1742/1396/1510 1739/1395/1473 1740/1394/1509
f 1740/1394/1509 1743/1397/48 1742/1396/1510
f 1744/1398/1500 1742/1396/1510 1743/1397/48
f 1747/1399/1511 1746/1400/1512 1745/1401/1492
f 1748/1402/1513 1745/1401/1492 1746/1400/1512
f 1746/1400/1512 1749/1403/1514 1748/1402/1513
f 1750/1404/53 1748/1402/1513 1749/1403/1514
f 1753/1405/31 1752/1406/1515 1751/1407/32
f 1754/1408/48 1751/1407/32 1752/1406/1515
f 1757/1409/1516 1756/1410/53 1755/1411/1517
f 1758/1412/1514 1755/1411/1517 1756/1410/53
f 1761/1413/1518 1760/1407/9 1759/1414/1519
f 1762/1415/1520 1759/1414/1519 1760/1407/9
f 1765/1416/1521 1764/1411/1522 1763/1417/1523
f 1766/1418/1502 1763/1417/1523 1764/1411/1522
f 1769/1419/1524 1768/1420/1490 1767/1421/1518
f 1770/1422/1525 1767/1421/1518 1768/1420/1490
f 1768/1420/1490 1771/1423/1526 1770/1422/1525
f 1772/1424/1527 1770/1422/1525 1771/1423/1526
f 1775/1425/1528 1774/1426/1529 1773/1427/1530
f 1776/1428/1531 1773/1427/1530 1774/1426/1529
f 1774/1426/1529 1777/1429/1532 1776/1428/1531
f 1778/1430/1533 1776/1428/1531 1777/1429/1532
