# Blender 5.1.0
# www.blender.org
mtllib Dr_Hull_Stern_destroyer_A_001_7.mtl
o Dr_Hull_Stern_destroyer_A_001_7
v 0.856225 -25.415693 2.772475
v 0.918618 -25.292166 2.695285
v 0.856228 -25.287424 2.781605
v 0.918618 -25.292166 2.695285
v 0.856225 -25.415693 2.772475
v 0.918612 -25.419546 2.702288
v 0.918615 -25.403337 2.997169
v 0.856224 -25.280588 2.905895
v 0.918617 -25.275953 2.990166
v 0.856224 -25.280588 2.905895
v 0.918615 -25.403337 2.997169
v 0.856229 -25.407316 2.924939
v 0.209728 -25.415693 2.772475
v 0.147335 -25.292166 2.695285
v 0.147341 -25.419546 2.702289
v 0.147335 -25.292166 2.695285
v 0.209728 -25.415693 2.772475
v 0.209725 -25.287424 2.781605
v 0.147339 -25.403337 2.997170
v 0.209729 -25.280588 2.905895
v 0.209724 -25.407316 2.924939
v 0.209729 -25.280588 2.905895
v 0.147339 -25.403337 2.997170
v 0.147337 -25.275953 2.990168
v 0.400752 -25.507349 2.891037
v 0.532977 -25.513433 2.780192
v 0.400755 -25.511709 2.811554
v 0.532977 -25.505617 2.922400
v 0.664831 -25.511709 2.811554
v 0.664833 -25.507349 2.891036
v 0.727483 -25.407312 2.924941
v 0.856225 -25.415693 2.772475
v 0.727483 -25.415693 2.772475
v 0.856229 -25.407316 2.924939
v 0.918612 -25.419546 2.702288
v 0.918615 -25.403337 2.997169
v 1.095787 -25.419546 2.702288
v 1.095790 -25.403337 2.997169
v 0.856228 -25.287424 2.781605
v 0.727483 -25.415693 2.772475
v 0.856225 -25.415693 2.772475
v 0.727485 -25.287424 2.781605
v 0.532977 -25.419008 2.712312
v 0.532977 -25.290121 2.732560
v 0.338469 -25.287424 2.781605
v 0.338470 -25.415693 2.772475
v 0.209725 -25.287424 2.781605
v 0.209728 -25.415693 2.772475
v 0.918612 -25.419546 2.702288
v 1.040983 -25.292166 2.695285
v 0.918618 -25.292166 2.695285
v 1.095787 -25.419546 2.702288
v 1.095787 -25.419546 2.702288
v 1.040984 -25.275953 2.990168
v 1.040983 -25.292166 2.695285
v 1.095790 -25.403337 2.997169
v 1.095790 -25.403337 2.997169
v 0.918617 -25.275953 2.990166
v 1.040984 -25.275953 2.990168
v 0.918615 -25.403337 2.997169
v 0.856229 -25.407316 2.924939
v 0.727487 -25.280588 2.905895
v 0.856224 -25.280588 2.905895
v 0.727483 -25.407312 2.924941
v 0.532977 -25.277891 2.954940
v 0.532977 -25.404016 2.985101
v 0.338470 -25.407312 2.924941
v 0.338467 -25.280588 2.905895
v 0.209724 -25.407316 2.924939
v 0.209729 -25.280588 2.905895
v 0.664833 -25.507349 2.891036
v 0.532977 -25.404016 2.985101
v 0.727483 -25.407312 2.924941
v 0.532977 -25.505617 2.922400
v 0.400752 -25.507349 2.891037
v 0.338470 -25.407312 2.924941
v 0.664831 -25.511709 2.811554
v 0.727483 -25.407312 2.924941
v 0.727483 -25.415693 2.772475
v 0.664833 -25.507349 2.891036
v 0.727483 -25.415693 2.772475
v 0.532977 -25.513433 2.780192
v 0.664831 -25.511709 2.811554
v 0.532977 -25.419008 2.712312
v 0.338470 -25.415693 2.772475
v 0.400755 -25.511709 2.811554
v 0.918617 -25.275953 2.990166
v 1.040983 -25.292166 2.695285
v 1.040984 -25.275953 2.990168
v 0.918618 -25.292166 2.695285
v 0.856224 -25.280588 2.905895
v 0.856228 -25.287424 2.781605
v 0.727487 -25.280588 2.905895
v 0.727485 -25.287424 2.781605
v 0.532977 -25.277891 2.954940
v 0.532977 -25.290121 2.732560
v 0.338469 -25.287424 2.781605
v 0.338467 -25.280588 2.905895
v 0.209725 -25.287424 2.781605
v 0.209729 -25.280588 2.905895
v 0.147335 -25.292166 2.695285
v 0.147337 -25.275953 2.990168
v 0.024970 -25.292166 2.695285
v 0.024969 -25.275953 2.990168
v 0.051441 -24.680761 2.854320
v 0.148525 -24.577291 2.756066
v 0.148525 -24.570009 2.848233
v 0.051441 -24.688044 2.762152
v 0.026328 -24.923807 2.867682
v 0.026328 -24.931086 2.775516
v 0.057564 -25.127283 2.878866
v 0.057564 -25.134546 2.786699
v 0.026327 -25.302221 2.888484
v 0.026327 -25.309492 2.796316
v 1.018894 -24.685022 2.761988
v 0.922519 -24.567598 2.848100
v 0.922519 -24.574873 2.755934
v 1.018894 -24.677748 2.854154
v 1.041455 -24.927935 2.775341
v 1.041455 -24.920656 2.867507
v 1.009998 -25.131582 2.786535
v 1.009997 -25.124315 2.878702
v 1.041456 -25.306337 2.796142
v 1.041458 -25.299070 2.888307
v 0.233119 -25.134008 2.786669
v 0.026327 -25.309492 2.796316
v 0.263707 -25.308764 2.796276
v 0.057564 -25.134546 2.786699
v 0.263705 -24.930349 2.775474
v 0.026328 -24.931086 2.775516
v 0.241821 -24.687441 2.762122
v 0.051441 -24.688044 2.762152
v 0.148525 -24.577291 2.756066
v 0.233119 -25.126734 2.878836
v 0.263707 -25.308764 2.796276
v 0.263704 -25.301489 2.888442
v 0.233119 -25.134008 2.786669
v 0.263705 -24.923075 2.867640
v 0.263705 -24.930349 2.775474
v 0.241821 -24.680166 2.854287
v 0.241821 -24.687441 2.762122
v 0.148525 -24.570009 2.848233
v 0.148525 -24.577291 2.756066
v 0.026327 -25.302221 2.888484
v 0.233119 -25.126734 2.878836
v 0.263704 -25.301489 2.888442
v 0.057564 -25.127283 2.878866
v 0.026328 -24.923807 2.867682
v 0.263705 -24.923075 2.867640
v 0.051441 -24.680761 2.854320
v 0.241821 -24.680166 2.854287
v 0.148525 -24.570009 2.848233
v 0.834434 -25.132135 2.786566
v 0.804089 -25.299795 2.888350
v 0.804089 -25.307074 2.796183
v 0.834434 -25.124865 2.878731
v 0.804088 -24.928667 2.775382
v 0.804088 -24.921389 2.867547
v 0.828537 -24.685614 2.762020
v 0.828539 -24.678339 2.854187
v 0.922519 -24.574873 2.755934
v 0.922519 -24.567598 2.848100
v 1.041456 -25.306337 2.796142
v 0.834434 -25.132135 2.786566
v 0.804089 -25.307074 2.796183
v 1.009998 -25.131582 2.786535
v 1.041455 -24.927935 2.775341
v 0.804088 -24.928667 2.775382
v 1.018894 -24.685022 2.761988
v 0.828537 -24.685614 2.762020
v 0.922519 -24.574873 2.755934
v 0.834434 -25.124865 2.878731
v 1.041458 -25.299070 2.888307
v 0.804089 -25.299795 2.888350
v 1.009997 -25.124315 2.878702
v 0.804088 -24.921389 2.867547
v 1.041455 -24.920656 2.867507
v 0.828539 -24.678339 2.854187
v 1.018894 -24.677748 2.854154
v 0.922519 -24.567598 2.848100
v 0.209728 -25.415693 2.772475
v 0.338470 -25.407312 2.924941
v 0.338470 -25.415693 2.772475
v 0.209724 -25.407316 2.924939
v 0.147341 -25.419546 2.702289
v 0.147339 -25.403337 2.997170
v -0.029834 -25.419546 2.702288
v -0.029836 -25.403337 2.997170
v 0.147341 -25.419546 2.702289
v 0.024970 -25.292166 2.695285
v -0.029834 -25.419546 2.702288
v 0.147335 -25.292166 2.695285
v -0.029834 -25.419546 2.702288
v 0.024969 -25.275953 2.990168
v -0.029836 -25.403337 2.997170
v 0.024970 -25.292166 2.695285
v -0.029836 -25.403337 2.997170
v 0.147337 -25.275953 2.990168
v 0.147339 -25.403337 2.997170
v 0.024969 -25.275953 2.990168
v 0.400755 -25.511709 2.811554
v 0.338470 -25.407312 2.924941
v 0.400752 -25.507349 2.891037
v 0.338470 -25.415693 2.772475
v 0.469446 -23.979502 2.720418
v 0.456872 -25.380938 2.883685
v 0.456880 -25.387709 2.797829
v 0.469436 -23.972738 2.806210
v 0.603030 -23.972334 2.806103
v 0.615715 -25.387331 2.797533
v 0.615682 -25.380548 2.883387
v 0.603064 -23.979132 2.720184
v 0.557159 -23.735159 2.796297
v 0.514629 -23.742582 2.701013
v 0.557186 -23.742464 2.700932
v 0.514610 -23.735296 2.796319
v 0.469446 -23.979502 2.720418
v 0.456880 -25.387709 2.797829
v 0.513986 -23.979380 2.720341
v 0.615715 -25.387331 2.797533
v 0.558525 -23.979250 2.720262
v 0.603064 -23.979132 2.720184
v 0.469436 -23.972738 2.806210
v 0.513967 -23.972589 2.806173
v 0.456872 -25.380938 2.883685
v 0.558498 -23.972464 2.806139
v 0.615682 -25.380548 2.883387
v 0.603030 -23.972334 2.806103
v 0.514966 -23.818949 2.684134
v 0.558525 -23.979250 2.720262
v 0.557523 -23.818811 2.684019
v 0.513986 -23.979380 2.720341
v 0.557497 -23.809034 2.824575
v 0.513967 -23.972589 2.806173
v 0.514947 -23.809164 2.824606
v 0.558498 -23.972464 2.806139
v 0.469446 -23.979502 2.720418
v 0.513967 -23.972589 2.806173
v 0.469436 -23.972738 2.806210
v 0.513986 -23.979380 2.720341
v 0.514966 -23.818949 2.684134
v 0.513967 -23.972589 2.806173
v 0.513986 -23.979380 2.720341
v 0.514947 -23.809164 2.824606
v 0.514610 -23.735296 2.796319
v 0.514629 -23.742582 2.701013
v 0.603030 -23.972334 2.806103
v 0.558525 -23.979250 2.720262
v 0.603064 -23.979132 2.720184
v 0.558498 -23.972464 2.806139
v 0.558498 -23.972464 2.806139
v 0.557523 -23.818811 2.684019
v 0.558525 -23.979250 2.720262
v 0.557497 -23.809034 2.824575
v 0.557186 -23.742464 2.700932
v 0.557159 -23.735159 2.796297
v 0.557523 -23.818811 2.684019
v 0.514629 -23.742582 2.701013
v 0.514966 -23.818949 2.684134
v 0.557186 -23.742464 2.700932
v 0.514947 -23.809164 2.824606
v 0.557159 -23.735159 2.796297
v 0.557497 -23.809034 2.824575
v 0.514610 -23.735296 2.796319
v 0.576014 -23.979559 2.941983
v 0.632380 -23.947054 2.943671
v 0.605355 -23.961966 2.918505
v 0.587208 -23.974154 2.979815
v 0.495019 -23.979559 2.941983
v 0.483826 -23.974154 2.979815
v 0.465678 -23.961966 2.918505
v 0.438654 -23.947054 2.943671
v 0.564820 -23.941725 2.936567
v 0.605355 -23.961966 2.918505
v 0.578331 -23.933622 2.925757
v 0.576014 -23.979559 2.941983
v 0.506213 -23.941725 2.936567
v 0.495019 -23.979559 2.941983
v 0.492702 -23.933622 2.925757
v 0.465678 -23.961966 2.918505
v 0.576014 -23.936308 2.974401
v 0.578331 -23.933622 2.925757
v 0.605356 -23.918715 2.950922
v 0.564820 -23.941725 2.936567
v 0.495019 -23.936308 2.974401
v 0.506213 -23.941725 2.936567
v 0.465678 -23.918715 2.950922
v 0.492702 -23.933622 2.925757
v 0.587208 -23.974154 2.979815
v 0.605356 -23.918715 2.950922
v 0.632380 -23.947054 2.943671
v 0.576014 -23.936308 2.974401
v 0.483826 -23.974154 2.979815
v 0.495019 -23.936308 2.974401
v 0.438654 -23.947054 2.943671
v 0.465678 -23.918715 2.950922
v 0.465678 -23.840628 2.756647
v 0.438654 -23.947054 2.943671
v 0.465678 -23.961966 2.918505
v 0.438654 -23.812300 2.763899
v 0.492702 -23.825727 2.781811
v 0.465678 -23.961966 2.918505
v 0.492702 -23.933622 2.925757
v 0.465678 -23.840628 2.756647
v 0.465678 -23.797388 2.789064
v 0.492702 -23.933622 2.925757
v 0.465678 -23.918715 2.950922
v 0.492702 -23.825727 2.781811
v 0.438654 -23.812300 2.763899
v 0.465678 -23.918715 2.950922
v 0.438654 -23.947054 2.943671
v 0.465678 -23.797388 2.789064
v 0.495019 -23.823050 2.733168
v 0.438654 -23.812300 2.763899
v 0.465678 -23.840628 2.756647
v 0.483826 -23.785204 2.727753
v 0.576014 -23.823050 2.733168
v 0.587208 -23.785204 2.727753
v 0.605356 -23.840628 2.756647
v 0.632380 -23.812300 2.763899
v 0.506213 -23.817621 2.771001
v 0.465678 -23.840628 2.756647
v 0.492702 -23.825727 2.781811
v 0.495019 -23.823050 2.733168
v 0.564821 -23.817621 2.771001
v 0.576014 -23.823050 2.733168
v 0.578331 -23.825727 2.781811
v 0.605356 -23.840628 2.756647
v 0.495019 -23.779787 2.765585
v 0.492702 -23.825727 2.781811
v 0.465678 -23.797388 2.789064
v 0.506213 -23.817621 2.771001
v 0.576014 -23.779787 2.765585
v 0.564821 -23.817621 2.771001
v 0.605356 -23.797388 2.789064
v 0.578331 -23.825727 2.781811
v 0.483826 -23.785204 2.727753
v 0.465678 -23.797388 2.789064
v 0.438654 -23.812300 2.763899
v 0.495019 -23.779787 2.765585
v 0.587208 -23.785204 2.727753
v 0.576014 -23.779787 2.765585
v 0.632380 -23.812300 2.763899
v 0.605356 -23.797388 2.789064
v 0.605355 -23.961966 2.918505
v 0.632380 -23.812300 2.763899
v 0.605356 -23.840628 2.756647
v 0.632380 -23.947054 2.943671
v 0.578331 -23.933622 2.925757
v 0.605356 -23.840628 2.756647
v 0.578331 -23.825727 2.781811
v 0.605355 -23.961966 2.918505
v 0.605356 -23.918715 2.950922
v 0.578331 -23.825727 2.781811
v 0.605356 -23.797388 2.789064
v 0.578331 -23.933622 2.925757
v 0.632380 -23.947054 2.943671
v 0.605356 -23.797388 2.789064
v 0.632380 -23.812300 2.763899
v 0.605356 -23.918715 2.950922
v -1.036311 -24.210573 3.169994
v -0.913310 -24.113832 3.462933
v -1.048079 -24.080832 3.392716
v -0.913310 -24.276949 3.190868
v -0.778542 -24.080832 3.392716
v -0.913310 -24.223742 2.804823
v -0.790310 -24.210573 3.169994
v -1.036311 -24.210573 3.169994
v -1.036005 -24.080328 3.127771
v -0.913310 -24.223742 2.804823
v -1.048079 -24.080832 3.392716
v -1.047237 -24.015730 3.252298
v -1.058788 -23.887583 3.323174
v -1.060314 -23.887583 3.509707
v -0.790616 -24.080328 3.127771
v -0.790310 -24.210573 3.169994
v -0.913310 -24.223742 2.804823
v -0.779384 -24.015730 3.252298
v -0.778542 -24.080832 3.392716
v -0.766307 -23.887583 3.509707
v -0.767834 -23.887583 3.323174
v -0.913310 -24.113832 3.462933
v -1.060314 -23.887583 3.509707
v -1.048079 -24.080832 3.392716
v -0.913310 -23.887583 3.603711
v -0.778542 -24.080832 3.392716
v -0.766307 -23.887583 3.509707
v -0.913310 -23.887583 3.232164
v -1.047237 -24.015730 3.252298
v -1.058788 -23.887583 3.323174
v -0.913310 -23.984098 3.179596
v -0.767834 -23.887583 3.323174
v -0.779384 -24.015730 3.252298
v -0.913310 -23.984098 3.179596
v -1.036005 -24.080328 3.127771
v -1.047237 -24.015730 3.252298
v -0.913310 -24.012754 3.106903
v -0.913310 -24.223742 2.804823
v -0.790616 -24.080328 3.127771
v -0.779384 -24.015730 3.252298
v 0.913312 -24.113832 3.462933
v 1.036312 -24.210573 3.169994
v 1.048081 -24.080832 3.392716
v 0.913312 -24.276949 3.190868
v 0.913312 -24.223742 2.804823
v 0.778544 -24.080832 3.392716
v 0.790311 -24.210573 3.169994
v 1.036312 -24.210573 3.169994
v 0.913312 -24.223742 2.804823
v 1.036007 -24.080328 3.127771
v 1.048081 -24.080832 3.392716
v 1.047239 -24.015730 3.252298
v 1.058790 -23.887583 3.323174
v 1.060316 -23.887583 3.509707
v 0.790618 -24.080328 3.127771
v 0.913312 -24.223742 2.804823
v 0.790311 -24.210573 3.169994
v 0.779386 -24.015730 3.252298
v 0.778544 -24.080832 3.392716
v 0.766309 -23.887583 3.509707
v 0.767835 -23.887583 3.323174
v 1.060316 -23.887583 3.509707
v 0.913312 -24.113832 3.462933
v 1.048081 -24.080832 3.392716
v 0.913312 -23.887583 3.603711
v 0.778544 -24.080832 3.392716
v 0.766309 -23.887583 3.509707
v 1.047239 -24.015730 3.252298
v 0.913312 -23.887583 3.232164
v 1.058790 -23.887583 3.323174
v 0.913312 -23.984098 3.179596
v 0.767835 -23.887583 3.323174
v 0.779386 -24.015730 3.252298
v 1.036007 -24.080328 3.127771
v 0.913312 -23.984098 3.179596
v 1.047239 -24.015730 3.252298
v 0.913312 -24.012754 3.106903
v 0.913312 -24.223742 2.804823
v 0.790618 -24.080328 3.127771
v 0.779386 -24.015730 3.252298
v 2.398664 -22.089426 2.764554
v 2.829204 -21.192118 2.763360
v 2.723472 -22.126192 2.764256
v 2.504398 -21.155352 2.763657
v 2.398584 -22.089495 2.685539
v 2.723472 -22.126192 2.764256
v 2.723392 -22.126261 2.685241
v 2.398664 -22.089426 2.764554
v 2.723392 -22.126261 2.685241
v 2.829204 -21.192118 2.763360
v 2.829125 -21.192183 2.684345
v 2.723472 -22.126192 2.764256
v 2.829125 -21.192183 2.684345
v 2.504398 -21.155352 2.763657
v 2.504318 -21.155416 2.684642
v 2.829204 -21.192118 2.763360
v 2.504318 -21.155416 2.684642
v 2.398664 -22.089426 2.764554
v 2.398584 -22.089495 2.685539
v 2.504398 -21.155352 2.763657
v 2.675270 -21.913984 2.994060
v 2.641081 -21.975477 2.703349
v 2.641374 -21.975237 2.994147
v 2.674976 -21.914228 2.703263
v 2.655924 -21.846701 2.994024
v 2.655630 -21.846949 2.703227
v 2.573802 -21.994829 2.703434
v 2.641374 -21.975237 2.994147
v 2.641081 -21.975477 2.703349
v 2.574096 -21.994581 2.994231
v 2.512550 -21.960928 2.703467
v 2.512843 -21.960684 2.994264
v 2.493205 -21.893656 2.703429
v 2.512843 -21.960684 2.994264
v 2.512550 -21.960928 2.703467
v 2.493499 -21.893408 2.994226
v 2.527099 -21.832396 2.703344
v 2.527392 -21.832155 2.994141
v 2.594380 -21.813055 2.703258
v 2.527392 -21.832155 2.994141
v 2.527099 -21.832396 2.703344
v 2.594673 -21.812807 2.994057
v 2.655630 -21.846949 2.703227
v 2.655924 -21.846701 2.994024
v 2.705222 -21.917322 3.050976
v 2.660124 -21.998770 2.994148
v 2.660182 -21.998720 3.051089
v 2.705166 -21.917368 2.994034
v 2.679516 -21.827909 3.050926
v 2.679459 -21.827959 2.993985
v 2.570711 -22.024481 2.994260
v 2.660182 -21.998720 3.051089
v 2.660124 -21.998770 2.994148
v 2.570769 -22.024435 3.051202
v 2.489311 -21.979433 2.994304
v 2.489368 -21.979387 3.051245
v 2.463602 -21.890024 2.994254
v 2.489368 -21.979387 3.051245
v 2.489311 -21.979433 2.994304
v 2.463659 -21.889978 3.051196
v 2.508646 -21.808622 2.994139
v 2.508703 -21.808573 3.051082
v 2.598056 -21.782915 2.994028
v 2.508703 -21.808573 3.051082
v 2.508646 -21.808622 2.994139
v 2.598114 -21.782866 3.050970
v 2.679459 -21.827959 2.993985
v 2.679516 -21.827909 3.050926
v 2.715197 -21.320715 2.702720
v 2.734837 -21.387743 2.993555
v 2.715491 -21.320467 2.993517
v 2.734544 -21.387987 2.702758
v 2.700941 -21.448996 2.993641
v 2.700648 -21.449244 2.702843
v 2.715491 -21.320467 2.993517
v 2.653946 -21.286814 2.702753
v 2.715197 -21.320715 2.702720
v 2.654239 -21.286570 2.993551
v 2.586665 -21.306166 2.702837
v 2.586959 -21.305918 2.993635
v 2.586959 -21.305918 2.993635
v 2.552772 -21.367418 2.702924
v 2.586665 -21.306166 2.702837
v 2.553066 -21.367170 2.993721
v 2.572117 -21.434694 2.702960
v 2.572410 -21.434446 2.993758
v 2.572410 -21.434446 2.993758
v 2.633371 -21.468588 2.702927
v 2.572117 -21.434694 2.702960
v 2.633664 -21.468344 2.993724
v 2.700648 -21.449244 2.702843
v 2.700941 -21.448996 2.993641
v 2.739026 -21.301718 2.993478
v 2.764791 -21.391077 3.050470
v 2.739083 -21.301672 3.050420
v 2.764733 -21.391127 2.993529
v 2.719748 -21.472483 3.050584
v 2.719690 -21.472532 2.993642
v 2.739083 -21.301672 3.050420
v 2.657623 -21.256670 2.993523
v 2.739026 -21.301718 2.993478
v 2.657681 -21.256624 3.050465
v 2.568213 -21.282381 2.993634
v 2.568271 -21.282331 3.050575
v 2.568271 -21.282331 3.050575
v 2.523170 -21.363783 2.993748
v 2.568213 -21.282381 2.993634
v 2.523227 -21.363733 3.050690
v 2.548877 -21.453196 2.993798
v 2.548935 -21.453146 3.050740
v 2.548935 -21.453146 3.050740
v 2.630279 -21.498240 2.993754
v 2.548877 -21.453196 2.993798
v 2.630337 -21.498190 3.050695
v 2.719690 -21.472532 2.993642
v 2.719748 -21.472483 3.050584
v -2.398664 -22.089426 2.764554
v -2.829203 -21.192118 2.763360
v -2.504397 -21.155352 2.763657
v -2.723471 -22.126192 2.764256
v -2.398583 -22.089495 2.685539
v -2.723471 -22.126192 2.764256
v -2.398664 -22.089426 2.764554
v -2.723392 -22.126261 2.685241
v -2.723392 -22.126261 2.685241
v -2.829203 -21.192118 2.763360
v -2.723471 -22.126192 2.764256
v -2.829123 -21.192183 2.684345
v -2.829123 -21.192183 2.684345
v -2.504397 -21.155352 2.763657
v -2.829203 -21.192118 2.763360
v -2.504317 -21.155416 2.684642
v -2.504317 -21.155416 2.684642
v -2.398664 -22.089426 2.764554
v -2.504397 -21.155352 2.763657
v -2.398583 -22.089495 2.685539
v -2.641080 -21.975477 2.703349
v -2.675268 -21.913984 2.994060
v -2.641373 -21.975237 2.994147
v -2.674975 -21.914228 2.703263
v -2.655922 -21.846701 2.994024
v -2.655629 -21.846949 2.703227
v -2.641373 -21.975237 2.994147
v -2.573801 -21.994829 2.703434
v -2.641080 -21.975477 2.703349
v -2.574095 -21.994581 2.994231
v -2.512549 -21.960928 2.703467
v -2.512842 -21.960684 2.994264
v -2.512842 -21.960684 2.994264
v -2.493204 -21.893656 2.703429
v -2.512549 -21.960928 2.703467
v -2.493497 -21.893408 2.994226
v -2.527098 -21.832396 2.703344
v -2.527391 -21.832155 2.994141
v -2.527391 -21.832155 2.994141
v -2.594378 -21.813055 2.703258
v -2.527098 -21.832396 2.703344
v -2.594672 -21.812807 2.994057
v -2.655629 -21.846949 2.703227
v -2.655922 -21.846701 2.994024
v -2.660123 -21.998770 2.994148
v -2.705222 -21.917322 3.050976
v -2.660180 -21.998720 3.051089
v -2.705164 -21.917368 2.994034
v -2.679515 -21.827909 3.050926
v -2.679457 -21.827959 2.993985
v -2.660180 -21.998720 3.051089
v -2.570710 -22.024481 2.994260
v -2.660123 -21.998770 2.994148
v -2.570768 -22.024435 3.051202
v -2.489310 -21.979433 2.994304
v -2.489367 -21.979387 3.051245
v -2.489367 -21.979387 3.051245
v -2.463601 -21.890024 2.994254
v -2.489310 -21.979433 2.994304
v -2.463658 -21.889978 3.051196
v -2.508645 -21.808622 2.994139
v -2.508702 -21.808573 3.051082
v -2.508702 -21.808573 3.051082
v -2.598055 -21.782915 2.994028
v -2.508645 -21.808622 2.994139
v -2.598112 -21.782866 3.050970
v -2.679457 -21.827959 2.993985
v -2.679515 -21.827909 3.050926
v -2.734836 -21.387743 2.993555
v -2.715195 -21.320715 2.702720
v -2.715489 -21.320467 2.993517
v -2.734543 -21.387987 2.702758
v -2.700940 -21.448996 2.993641
v -2.700647 -21.449244 2.702843
v -2.653944 -21.286814 2.702753
v -2.715489 -21.320467 2.993517
v -2.715195 -21.320715 2.702720
v -2.654238 -21.286570 2.993551
v -2.586664 -21.306166 2.702837
v -2.586958 -21.305918 2.993635
v -2.552771 -21.367418 2.702924
v -2.586958 -21.305918 2.993635
v -2.586664 -21.306166 2.702837
v -2.553065 -21.367170 2.993721
v -2.572116 -21.434694 2.702960
v -2.572409 -21.434446 2.993758
v -2.633369 -21.468588 2.702927
v -2.572409 -21.434446 2.993758
v -2.572116 -21.434694 2.702960
v -2.633663 -21.468344 2.993724
v -2.700647 -21.449244 2.702843
v -2.700940 -21.448996 2.993641
v -2.764789 -21.391077 3.050470
v -2.739025 -21.301718 2.993478
v -2.739082 -21.301672 3.050420
v -2.764732 -21.391127 2.993529
v -2.719747 -21.472483 3.050584
v -2.719689 -21.472532 2.993642
v -2.657622 -21.256670 2.993523
v -2.739082 -21.301672 3.050420
v -2.739025 -21.301718 2.993478
v -2.657680 -21.256624 3.050465
v -2.568212 -21.282381 2.993634
v -2.568270 -21.282331 3.050575
v -2.523168 -21.363783 2.993748
v -2.568270 -21.282331 3.050575
v -2.568212 -21.282381 2.993634
v -2.523226 -21.363733 3.050690
v -2.548877 -21.453196 2.993798
v -2.548935 -21.453146 3.050740
v -2.630278 -21.498240 2.993754
v -2.548935 -21.453146 3.050740
v -2.548877 -21.453196 2.993798
v -2.630336 -21.498190 3.050695
v -2.719689 -21.472532 2.993642
v -2.719747 -21.472483 3.050584
v 2.781412 -21.583597 1.264684
v 3.053351 -22.170332 1.316145
v 2.755057 -21.597315 1.316145
v 3.081511 -22.160078 1.264684
v 2.755057 -21.597315 1.213223
v 3.194019 -22.804842 1.316145
v 3.053351 -22.170332 1.213223
v 3.223873 -22.802233 1.264684
v 3.165670 -23.454142 1.316145
v 3.194019 -22.804842 1.213223
v 3.195183 -23.459345 1.264684
v 2.970237 -24.073980 1.316145
v 3.165670 -23.454142 1.213223
v 2.997396 -24.086649 1.264684
v 2.621035 -24.622118 1.316145
v 2.970237 -24.073980 1.213223
v 2.643992 -24.641378 1.264684
v 2.621035 -24.622118 1.213223
v 2.755057 -21.597315 1.316145
v 2.997031 -22.190828 1.316145
v 2.702350 -21.624750 1.316145
v 3.053351 -22.170332 1.316145
v 3.134313 -22.810068 1.316145
v 3.194019 -22.804842 1.316145
v 3.106646 -23.443735 1.316145
v 3.165670 -23.454142 1.316145
v 2.915917 -24.048655 1.316145
v 2.970237 -24.073980 1.316145
v 2.575124 -24.583590 1.316145
v 2.621035 -24.622118 1.316145
v 2.104605 -25.014742 1.316145
v 2.144750 -25.058550 1.316145
v 2.675996 -21.638475 1.264684
v 2.997031 -22.190828 1.213223
v 2.702350 -21.624750 1.213223
v 2.968870 -22.201078 1.264684
v 2.702350 -21.624750 1.316145
v 3.134313 -22.810068 1.213223
v 2.997031 -22.190828 1.316145
v 3.104459 -22.812681 1.264684
v 3.106646 -23.443735 1.213223
v 3.134313 -22.810068 1.316145
v 3.077134 -23.438532 1.264684
v 2.915917 -24.048655 1.213223
v 3.106646 -23.443735 1.316145
v 2.888757 -24.035986 1.264684
v 2.575124 -24.583590 1.213223
v 2.915917 -24.048655 1.316145
v 2.552167 -24.564325 1.264684
v 2.575124 -24.583590 1.316145
v 2.702350 -21.624750 1.213223
v 3.053351 -22.170332 1.213223
v 2.755057 -21.597315 1.213223
v 2.997031 -22.190828 1.213223
v 3.194019 -22.804842 1.213223
v 3.134313 -22.810068 1.213223
v 3.165670 -23.454142 1.213223
v 3.106646 -23.443735 1.213223
v 2.970237 -24.073980 1.213223
v 2.915917 -24.048655 1.213223
v 2.621035 -24.622118 1.213223
v 2.575124 -24.583590 1.213223
v 2.144750 -25.058550 1.213223
v 2.104605 -25.014742 1.213223
v 2.643992 -24.641378 1.264684
v 2.144750 -25.058550 1.316145
v 2.621035 -24.622118 1.316145
v 2.164822 -25.080458 1.264684
v 2.621035 -24.622118 1.213223
v 2.144750 -25.058550 1.213223
v 2.084532 -24.992838 1.264684
v 2.575124 -24.583590 1.316145
v 2.104605 -25.014742 1.316145
v 2.552167 -24.564325 1.264684
v 2.104605 -25.014742 1.213223
v 2.575124 -24.583590 1.213223
v 3.018322 -22.211699 1.285436
v 2.479974 -22.350405 0.829199
v 2.999927 -22.161161 1.285443
v 2.498369 -22.400946 0.829199
v 3.050454 -22.199999 1.243925
v 2.498369 -22.400946 0.829199
v 3.018322 -22.211699 1.285436
v 2.530520 -22.389242 0.787703
v 3.032059 -22.149462 1.243931
v 2.530520 -22.389242 0.787703
v 3.050454 -22.199999 1.243925
v 2.512126 -22.338705 0.787703
v 2.999927 -22.161161 1.285443
v 2.512126 -22.338705 0.787703
v 3.032059 -22.149462 1.243931
v 2.479974 -22.350405 0.829199
v 3.149467 -22.835733 1.285432
v 2.593573 -22.830381 0.829199
v 3.144779 -22.782156 1.285432
v 2.598260 -22.883959 0.829199
v 3.183552 -22.832750 1.243936
v 2.598260 -22.883959 0.829199
v 3.149467 -22.835733 1.285432
v 2.632345 -22.880976 0.787703
v 3.178864 -22.779173 1.243936
v 2.632345 -22.880976 0.787703
v 3.183552 -22.832750 1.243936
v 2.627658 -22.827398 0.787703
v 3.144779 -22.782156 1.285432
v 2.627658 -22.827398 0.787703
v 3.178864 -22.779173 1.243936
v 2.593573 -22.830381 0.829199
v 3.114641 -23.472452 1.285432
v 2.579074 -23.323404 0.829199
v 3.123980 -23.419485 1.285432
v 2.569734 -23.376368 0.829199
v 3.148336 -23.478392 1.243936
v 2.569734 -23.376368 0.829199
v 3.114641 -23.472452 1.285432
v 2.603430 -23.382311 0.787703
v 3.157676 -23.425428 1.243936
v 2.603430 -23.382311 0.787703
v 3.148336 -23.478392 1.243936
v 2.612769 -23.329344 0.787703
v 3.123980 -23.419485 1.285432
v 2.612769 -23.329344 0.787703
v 3.157676 -23.425428 1.243936
v 2.579074 -23.323404 0.829199
v 2.916207 -24.078459 1.285432
v 2.437465 -23.795874 0.829199
v 2.938937 -24.029715 1.285432
v 2.414736 -23.844622 0.829199
v 2.947217 -24.092916 1.243936
v 2.414736 -23.844622 0.829199
v 2.916207 -24.078459 1.285432
v 2.445745 -23.859079 0.787703
v 2.969946 -24.044176 1.243936
v 2.445745 -23.859079 0.787703
v 2.947217 -24.092916 1.243936
v 2.468475 -23.810335 0.787703
v 2.938937 -24.029715 1.285432
v 2.468475 -23.810335 0.787703
v 2.969946 -24.044176 1.243936
v 2.437465 -23.795874 0.829199
v 2.567689 -24.612459 1.285432
v 2.178397 -24.215597 0.829199
v 2.602260 -24.571257 1.285432
v 2.143826 -24.256796 0.829199
v 2.593899 -24.634451 1.243937
v 2.143826 -24.256796 0.829199
v 2.567689 -24.612459 1.285432
v 2.170037 -24.278788 0.787703
v 2.628470 -24.593252 1.243937
v 2.170037 -24.278788 0.787703
v 2.593899 -24.634451 1.243937
v 2.204608 -24.237589 0.787703
v 2.602260 -24.571257 1.285432
v 2.204608 -24.237589 0.787703
v 2.628470 -24.593252 1.243937
v 2.178397 -24.215597 0.829199
v -3.053349 -22.170332 1.316145
v -2.781410 -21.583597 1.264684
v -2.755057 -21.597315 1.316145
v -3.081510 -22.160078 1.264684
v -2.755057 -21.597315 1.213223
v -3.194018 -22.804842 1.316145
v -3.053349 -22.170332 1.213223
v -3.223871 -22.802233 1.264684
v -3.165669 -23.454142 1.316145
v -3.194018 -22.804842 1.213223
v -3.195181 -23.459345 1.264684
v -2.970236 -24.073980 1.316145
v -3.165669 -23.454142 1.213223
v -2.997395 -24.086649 1.264684
v -2.621035 -24.622118 1.316145
v -2.970236 -24.073980 1.213223
v -2.643991 -24.641378 1.264684
v -2.621035 -24.622118 1.213223
v -2.997029 -22.190828 1.316145
v -2.755057 -21.597315 1.316145
v -2.702348 -21.624750 1.316145
v -3.053349 -22.170332 1.316145
v -3.134311 -22.810068 1.316145
v -3.194018 -22.804842 1.316145
v -3.106645 -23.443735 1.316145
v -3.165669 -23.454142 1.316145
v -2.915916 -24.048655 1.316145
v -2.970236 -24.073980 1.316145
v -2.575122 -24.583590 1.316145
v -2.621035 -24.622118 1.316145
v -2.104603 -25.014742 1.316145
v -2.144748 -25.058550 1.316145
v -2.997029 -22.190828 1.213223
v -2.675995 -21.638475 1.264684
v -2.702348 -21.624750 1.213223
v -2.968869 -22.201078 1.264684
v -2.702348 -21.624750 1.316145
v -3.134311 -22.810068 1.213223
v -2.997029 -22.190828 1.316145
v -3.104458 -22.812681 1.264684
v -3.106645 -23.443735 1.213223
v -3.134311 -22.810068 1.316145
v -3.077133 -23.438532 1.264684
v -2.915916 -24.048655 1.213223
v -3.106645 -23.443735 1.316145
v -2.888756 -24.035986 1.264684
v -2.575122 -24.583590 1.213223
v -2.915916 -24.048655 1.316145
v -2.552166 -24.564325 1.264684
v -2.575122 -24.583590 1.316145
v -3.053349 -22.170332 1.213223
v -2.702348 -21.624750 1.213223
v -2.755057 -21.597315 1.213223
v -2.997029 -22.190828 1.213223
v -3.194018 -22.804842 1.213223
v -3.134311 -22.810068 1.213223
v -3.165669 -23.454142 1.213223
v -3.106645 -23.443735 1.213223
v -2.970236 -24.073980 1.213223
v -2.915916 -24.048655 1.213223
v -2.621035 -24.622118 1.213223
v -2.575122 -24.583590 1.213223
v -2.144748 -25.058550 1.213223
v -2.104603 -25.014742 1.213223
v -2.144748 -25.058550 1.316145
v -2.643991 -24.641378 1.264684
v -2.621035 -24.622118 1.316145
v -2.164821 -25.080458 1.264684
v -2.621035 -24.622118 1.213223
v -2.144748 -25.058550 1.213223
v -2.575122 -24.583590 1.316145
v -2.084531 -24.992838 1.264684
v -2.104603 -25.014742 1.316145
v -2.552166 -24.564325 1.264684
v -2.104603 -25.014742 1.213223
v -2.575122 -24.583590 1.213223
v -3.018321 -22.211699 1.285436
v -2.479973 -22.350405 0.829199
v -2.498367 -22.400946 0.829199
v -2.999926 -22.161161 1.285443
v -3.050452 -22.199999 1.243925
v -2.498367 -22.400946 0.829199
v -2.530519 -22.389242 0.787703
v -3.018321 -22.211699 1.285436
v -3.032058 -22.149462 1.243931
v -2.530519 -22.389242 0.787703
v -2.512125 -22.338705 0.787703
v -3.050452 -22.199999 1.243925
v -2.999926 -22.161161 1.285443
v -2.512125 -22.338705 0.787703
v -2.479973 -22.350405 0.829199
v -3.032058 -22.149462 1.243931
v -3.149466 -22.835733 1.285432
v -2.593571 -22.830381 0.829199
v -2.598259 -22.883959 0.829199
v -3.144778 -22.782156 1.285432
v -3.183551 -22.832750 1.243936
v -2.598259 -22.883959 0.829199
v -2.632344 -22.880976 0.787703
v -3.149466 -22.835733 1.285432
v -3.178863 -22.779173 1.243936
v -2.632344 -22.880976 0.787703
v -2.627656 -22.827398 0.787703
v -3.183551 -22.832750 1.243936
v -3.144778 -22.782156 1.285432
v -2.627656 -22.827398 0.787703
v -2.593571 -22.830381 0.829199
v -3.178863 -22.779173 1.243936
v -3.114639 -23.472452 1.285432
v -2.579072 -23.323404 0.829199
v -2.569733 -23.376368 0.829199
v -3.123979 -23.419485 1.285432
v -3.148335 -23.478392 1.243936
v -2.569733 -23.376368 0.829199
v -2.603429 -23.382311 0.787703
v -3.114639 -23.472452 1.285432
v -3.157675 -23.425428 1.243936
v -2.603429 -23.382311 0.787703
v -2.612767 -23.329344 0.787703
v -3.148335 -23.478392 1.243936
v -3.123979 -23.419485 1.285432
v -2.612767 -23.329344 0.787703
v -2.579072 -23.323404 0.829199
v -3.157675 -23.425428 1.243936
v -2.916206 -24.078459 1.285432
v -2.437464 -23.795874 0.829199
v -2.414735 -23.844622 0.829199
v -2.938936 -24.029715 1.285432
v -2.947215 -24.092916 1.243936
v -2.414735 -23.844622 0.829199
v -2.445744 -23.859079 0.787703
v -2.916206 -24.078459 1.285432
v -2.969945 -24.044176 1.243936
v -2.445744 -23.859079 0.787703
v -2.468473 -23.810335 0.787703
v -2.947215 -24.092916 1.243936
v -2.938936 -24.029715 1.285432
v -2.468473 -23.810335 0.787703
v -2.437464 -23.795874 0.829199
v -2.969945 -24.044176 1.243936
v -2.567688 -24.612459 1.285432
v -2.178396 -24.215597 0.829199
v -2.143825 -24.256796 0.829199
v -2.602258 -24.571257 1.285432
v -2.593898 -24.634451 1.243937
v -2.143825 -24.256796 0.829199
v -2.170036 -24.278791 0.787703
v -2.567688 -24.612459 1.285432
v -2.628469 -24.593252 1.243937
v -2.170036 -24.278791 0.787703
v -2.204607 -24.237589 0.787703
v -2.593898 -24.634451 1.243937
v -2.602258 -24.571257 1.285432
v -2.204607 -24.237589 0.787703
v -2.178396 -24.215597 0.829199
v -2.628469 -24.593252 1.243937
v 0.239601 -24.042059 2.936237
v 0.193854 -24.182848 2.808338
v 0.193855 -24.182848 2.936237
v 0.239600 -24.042059 2.808338
v 0.193856 -23.901262 2.936237
v 0.193855 -23.901266 2.808338
v 0.074092 -24.269865 2.808338
v 0.193855 -24.182848 2.936237
v 0.193854 -24.182848 2.808338
v 0.074092 -24.269865 2.936240
v -0.073942 -24.269857 2.808338
v -0.073942 -24.269857 2.936240
v -0.193704 -24.182848 2.808341
v -0.193704 -24.182848 2.936240
v -0.239449 -24.042059 2.808340
v -0.193704 -24.182848 2.936240
v -0.193704 -24.182848 2.808341
v -0.239449 -24.042059 2.936239
v -0.193704 -23.901266 2.808338
v -0.193704 -23.901262 2.936239
v -0.073941 -23.814257 2.808338
v -0.193704 -23.901262 2.936239
v -0.193704 -23.901266 2.808338
v -0.073941 -23.814257 2.936240
v 0.074093 -23.814257 2.808338
v 0.074094 -23.814257 2.936240
v 0.193855 -23.901266 2.808338
v 0.193856 -23.901262 2.936237
v 0.163696 -24.160933 3.210996
v 0.202322 -24.042059 3.147933
v 0.163696 -24.160933 3.147933
v 0.202322 -24.042059 3.210996
v 0.163697 -23.923178 3.147934
v 0.163697 -23.923178 3.210996
v 0.163696 -24.160933 3.147933
v 0.062573 -24.234407 3.210999
v 0.163696 -24.160933 3.210996
v 0.062573 -24.234407 3.147936
v -0.062422 -24.234407 3.210998
v -0.062422 -24.234407 3.147936
v -0.163545 -24.160933 3.210999
v -0.163545 -24.160933 3.147936
v -0.163545 -24.160933 3.147936
v -0.202170 -24.042059 3.210998
v -0.163545 -24.160933 3.210999
v -0.202171 -24.042059 3.147936
v -0.163544 -23.923178 3.210998
v -0.163544 -23.923178 3.147936
v -0.163544 -23.923178 3.147936
v -0.062421 -23.849710 3.210998
v -0.163544 -23.923178 3.210998
v -0.062421 -23.849710 3.147936
v 0.062574 -23.849710 3.210998
v 0.062574 -23.849710 3.147937
v 0.163697 -23.923178 3.210996
v 0.163697 -23.923178 3.147934
v 3.125472 -23.608053 1.291006
v 2.546870 -23.506029 1.705744
v 2.580565 -23.511972 1.747239
v 3.091777 -23.602114 1.249510
v 3.146844 -23.289824 1.249513
v 2.635633 -23.199682 1.747242
v 2.601938 -23.193743 1.705746
v 3.180540 -23.295767 1.291009
v -3.125471 -23.608053 1.291006
v -2.546869 -23.506029 1.705744
v -3.091775 -23.602114 1.249510
v -2.580564 -23.511972 1.747239
v -3.146843 -23.289824 1.249513
v -2.635632 -23.199682 1.747242
v -3.180539 -23.295767 1.291009
v -2.601937 -23.193743 1.705746
v 2.546870 -23.506029 1.705744
v 3.146844 -23.289824 1.249513
v 2.601938 -23.193743 1.705746
v 3.091777 -23.602114 1.249510
v 3.125472 -23.608053 1.291006
v 2.635633 -23.199682 1.747242
v 3.180540 -23.295767 1.291009
v 2.580565 -23.511972 1.747239
v -2.601937 -23.193743 1.705746
v -3.091775 -23.602114 1.249510
v -2.546869 -23.506029 1.705744
v -3.146843 -23.289824 1.249513
v -2.580564 -23.511972 1.747239
v -3.180539 -23.295767 1.291009
v -2.635632 -23.199682 1.747242
v -3.125471 -23.608053 1.291006
v -0.267618 -25.819849 3.175581
v -0.799067 -25.975275 3.239962
v -0.799067 -25.819849 3.175581
v -0.267618 -25.975275 3.239962
v -0.799067 -26.130716 3.175581
v -0.267618 -26.130716 3.175581
v -0.799067 -25.819849 3.175581
v -0.267618 -25.755468 3.020151
v -0.267618 -25.819849 3.175581
v -0.799067 -25.755468 3.020152
v -0.267618 -25.819849 2.864722
v -0.799067 -25.819849 2.864722
v -0.799067 -25.819849 2.864722
v -0.267618 -25.975275 2.800341
v -0.267618 -25.819849 2.864722
v -0.799067 -25.975275 2.800341
v -0.267618 -26.130716 2.864723
v -0.799067 -26.130716 2.864722
v -0.799067 -26.130716 2.864722
v -0.267618 -26.195097 3.020151
v -0.267618 -26.130716 2.864723
v -0.799067 -26.195097 3.020151
v -0.267618 -26.130716 3.175581
v -0.799067 -26.130716 3.175581
v -0.851514 -25.787146 2.832018
v -0.851514 -26.163408 2.832017
v -0.851514 -25.975275 2.754090
v -0.851514 -25.787146 3.208286
v -0.851514 -25.709215 3.020152
v -0.851514 -26.163420 3.208286
v -0.851514 -26.241343 3.020152
v -0.851514 -25.975275 3.286213
v -0.215171 -26.241331 3.020152
v -0.215171 -25.975264 2.754090
v -0.215171 -26.163408 2.832017
v -0.215171 -25.975264 3.286214
v -0.215171 -26.163408 3.208286
v -0.215171 -25.709208 3.020152
v -0.215171 -25.787134 2.832018
v -0.215171 -25.787134 3.208286
v -0.851514 -26.163420 3.208286
v -0.799067 -25.975275 3.286213
v -0.799067 -26.163420 3.208286
v -0.851514 -25.975275 3.286213
v -0.799067 -25.787146 3.208286
v -0.851514 -25.787146 3.208286
v -0.799067 -26.163420 3.208286
v -0.851514 -26.241343 3.020152
v -0.851514 -26.163420 3.208286
v -0.799067 -26.241343 3.020152
v -0.851514 -26.163408 2.832017
v -0.799067 -26.163408 2.832017
v -0.799067 -26.163408 2.832017
v -0.851514 -25.975275 2.754090
v -0.851514 -26.163408 2.832017
v -0.799067 -25.975275 2.754090
v -0.851514 -25.787146 2.832018
v -0.799067 -25.787146 2.832018
v -0.799067 -25.787146 2.832018
v -0.851514 -25.709215 3.020152
v -0.851514 -25.787146 2.832018
v -0.799067 -25.709215 3.020152
v -0.851514 -25.787146 3.208286
v -0.799067 -25.787146 3.208286
v -0.267618 -25.787134 3.208286
v -0.215171 -25.709208 3.020152
v -0.215171 -25.787134 3.208286
v -0.267618 -25.709208 3.020152
v -0.215171 -25.787134 2.832018
v -0.267618 -25.787134 2.832018
v -0.267618 -25.787134 2.832018
v -0.215171 -25.975264 2.754090
v -0.215171 -25.787134 2.832018
v -0.267618 -25.975264 2.754090
v -0.215171 -26.163408 2.832017
v -0.267618 -26.163408 2.832017
v -0.267618 -26.163408 2.832017
v -0.215171 -26.241331 3.020152
v -0.215171 -26.163408 2.832017
v -0.267618 -26.241331 3.020152
v -0.215171 -26.163408 3.208286
v -0.267618 -26.163408 3.208286
v -0.267618 -26.163408 3.208286
v -0.215171 -25.975264 3.286214
v -0.215171 -26.163408 3.208286
v -0.267618 -25.975264 3.286214
v -0.215171 -25.787134 3.208286
v -0.267618 -25.787134 3.208286
v -0.799067 -26.163408 2.832017
v -0.799067 -25.787146 2.832018
v -0.799067 -25.975275 2.754090
v -0.799067 -26.163420 3.208286
v -0.799067 -26.241343 3.020152
v -0.799067 -25.787146 3.208286
v -0.799067 -25.709215 3.020152
v -0.799067 -25.975275 3.286213
v -0.267618 -25.975264 2.754090
v -0.267618 -26.241331 3.020152
v -0.267618 -26.163408 2.832017
v -0.267618 -25.709208 3.020152
v -0.267618 -25.787134 2.832018
v -0.267618 -25.975264 3.286214
v -0.267618 -26.163408 3.208286
v -0.267618 -25.787134 3.208286
v 0.799069 -25.975275 3.239962
v 0.267620 -25.819849 3.175581
v 0.799069 -25.819849 3.175581
v 0.267620 -25.975275 3.239962
v 0.799069 -26.130716 3.175581
v 0.267620 -26.130716 3.175581
v 0.267620 -25.755468 3.020151
v 0.799069 -25.819849 3.175581
v 0.267620 -25.819849 3.175581
v 0.799069 -25.755468 3.020152
v 0.267620 -25.819849 2.864722
v 0.799069 -25.819849 2.864722
v 0.267620 -25.975275 2.800341
v 0.799069 -25.819849 2.864722
v 0.267620 -25.819849 2.864722
v 0.799069 -25.975275 2.800341
v 0.267620 -26.130716 2.864723
v 0.799069 -26.130716 2.864722
v 0.267620 -26.195097 3.020151
v 0.799069 -26.130716 2.864722
v 0.267620 -26.130716 2.864723
v 0.799069 -26.195097 3.020151
v 0.267620 -26.130716 3.175581
v 0.799069 -26.130716 3.175581
v 0.851515 -25.787146 2.832018
v 0.851516 -25.787146 3.208286
v 0.851515 -25.709215 3.020152
v 0.851515 -26.163408 2.832017
v 0.851515 -25.975275 2.754090
v 0.851516 -26.163420 3.208286
v 0.851516 -25.975275 3.286213
v 0.851515 -26.241343 3.020152
v 0.215173 -26.241331 3.020152
v 0.215173 -25.975264 3.286214
v 0.215173 -26.163408 3.208286
v 0.215173 -25.975264 2.754090
v 0.215173 -26.163408 2.832017
v 0.215172 -25.709208 3.020152
v 0.215173 -25.787134 3.208286
v 0.215173 -25.787134 2.832018
v 0.799069 -25.975275 3.286213
v 0.851516 -26.163420 3.208286
v 0.799069 -26.163420 3.208286
v 0.851516 -25.975275 3.286213
v 0.799069 -25.787146 3.208286
v 0.851516 -25.787146 3.208286
v 0.851515 -26.241343 3.020152
v 0.799069 -26.163420 3.208286
v 0.851516 -26.163420 3.208286
v 0.799069 -26.241343 3.020152
v 0.851515 -26.163408 2.832017
v 0.799069 -26.163408 2.832017
v 0.851515 -25.975275 2.754090
v 0.799069 -26.163408 2.832017
v 0.851515 -26.163408 2.832017
v 0.799069 -25.975275 2.754090
v 0.851515 -25.787146 2.832018
v 0.799069 -25.787146 2.832018
v 0.851515 -25.709215 3.020152
v 0.799069 -25.787146 2.832018
v 0.851515 -25.787146 2.832018
v 0.799069 -25.709215 3.020152
v 0.851516 -25.787146 3.208286
v 0.799069 -25.787146 3.208286
v 0.215172 -25.709208 3.020152
v 0.267620 -25.787134 3.208286
v 0.215173 -25.787134 3.208286
v 0.267620 -25.709208 3.020152
v 0.215173 -25.787134 2.832018
v 0.267620 -25.787134 2.832018
v 0.215173 -25.975264 2.754090
v 0.267620 -25.787134 2.832018
v 0.215173 -25.787134 2.832018
v 0.267620 -25.975264 2.754090
v 0.215173 -26.163408 2.832017
v 0.267620 -26.163408 2.832017
v 0.215173 -26.241331 3.020152
v 0.267620 -26.163408 2.832017
v 0.215173 -26.163408 2.832017
v 0.267620 -26.241331 3.020152
v 0.215173 -26.163408 3.208286
v 0.267620 -26.163408 3.208286
v 0.215173 -25.975264 3.286214
v 0.267620 -26.163408 3.208286
v 0.215173 -26.163408 3.208286
v 0.267620 -25.975264 3.286214
v 0.215173 -25.787134 3.208286
v 0.267620 -25.787134 3.208286
v 0.799069 -26.163408 2.832017
v 0.799069 -26.163420 3.208286
v 0.799069 -26.241343 3.020152
v 0.799069 -25.787146 2.832018
v 0.799069 -25.975275 2.754090
v 0.799069 -25.787146 3.208286
v 0.799069 -25.975275 3.286213
v 0.799069 -25.709215 3.020152
v 0.267620 -25.975264 2.754090
v 0.267620 -25.709208 3.020152
v 0.267620 -25.787134 2.832018
v 0.267620 -26.241331 3.020152
v 0.267620 -26.163408 2.832017
v 0.267620 -25.975264 3.286214
v 0.267620 -25.787134 3.208286
v 0.267620 -26.163408 3.208286
v -1.598240 -22.152132 2.741646
v -2.552093 -14.752710 2.741644
v -2.490562 -14.745296 2.741644
v -1.659771 -22.159544 2.741646
v -1.043613 -26.755468 2.741646
v -1.105127 -26.763025 2.741646
v -1.018434 -26.960360 2.700578
v -1.079948 -26.967916 2.700579
v -0.997089 -27.134054 2.583637
v -1.058603 -27.141611 2.583639
v -2.552093 -14.752710 2.741644
v -1.659771 -22.159544 2.645634
v -2.552093 -14.752710 2.645633
v -1.659771 -22.159544 2.741646
v -1.105127 -26.763025 2.741646
v -1.105127 -26.763025 2.645634
v -1.079948 -26.967916 2.700579
v -1.084429 -26.931448 2.611875
v -1.058603 -27.141611 2.583639
v -1.066884 -27.074228 2.515748
v -1.044341 -27.257669 2.408629
v -1.055160 -27.169630 2.371887
v -1.039333 -27.298422 2.202194
v -1.051044 -27.203127 2.202194
v -1.051048 -27.203127 2.020038
v -1.039338 -27.298422 2.020038
v -2.490562 -14.745296 2.645633
v -1.598240 -22.152132 2.741646
v -2.490562 -14.745296 2.741644
v -1.598240 -22.152132 2.645634
v -1.043613 -26.755468 2.645634
v -1.043613 -26.755468 2.741646
v -1.022916 -26.923891 2.611874
v -1.018434 -26.960360 2.700578
v -1.005370 -27.066671 2.515746
v -0.997089 -27.134054 2.583637
v -0.993647 -27.162073 2.371886
v -0.982827 -27.250113 2.408628
v -0.989530 -27.195566 2.202192
v -0.977820 -27.290861 2.202192
v -0.977824 -27.290861 2.020036
v -0.989535 -27.195566 2.020036
v -2.141844 -22.152132 2.741646
v -3.095697 -14.752710 2.741644
v -3.034166 -14.745296 2.741644
v -2.203375 -22.159544 2.741646
v -1.579287 -26.821280 2.741646
v -1.640801 -26.828836 2.741646
v -1.554109 -27.026171 2.700584
v -1.615622 -27.033731 2.700584
v -1.532763 -27.199873 2.583649
v -1.594277 -27.207430 2.583649
v -2.141844 -22.152132 2.645634
v -3.034166 -14.745296 2.741644
v -3.034166 -14.745296 2.645633
v -2.141844 -22.152132 2.741646
v -1.579287 -26.821280 2.645634
v -1.579287 -26.821280 2.741646
v -1.558590 -26.989706 2.611881
v -1.554109 -27.026171 2.700584
v -1.541044 -27.132486 2.515758
v -1.532763 -27.199873 2.583649
v -1.529320 -27.227892 2.371900
v -1.518501 -27.315935 2.408642
v -1.525203 -27.261396 2.202208
v -1.513492 -27.356691 2.202208
v -1.513492 -27.356691 2.020052
v -1.525203 -27.261396 2.020052
v -2.203375 -22.159544 2.741646
v -3.095697 -14.752710 2.645633
v -3.095697 -14.752710 2.741644
v -2.203375 -22.159544 2.645634
v -1.640801 -26.828836 2.741646
v -1.640801 -26.828836 2.645634
v -1.615622 -27.033731 2.700584
v -1.620104 -26.997263 2.611881
v -1.594277 -27.207430 2.583649
v -1.602557 -27.140047 2.515758
v -1.580014 -27.323492 2.408642
v -1.590833 -27.235453 2.371900
v -1.575006 -27.364248 2.202208
v -1.586716 -27.268953 2.202208
v -1.586716 -27.268953 2.020052
v -1.575006 -27.364248 2.020052
v -1.105127 -26.763025 2.645634
v -1.598240 -22.152132 2.645634
v -1.659771 -22.159544 2.645634
v -1.043613 -26.755468 2.645634
v -1.084429 -26.931448 2.611875
v -1.022916 -26.923891 2.611874
v -1.066884 -27.074228 2.515748
v -1.005370 -27.066671 2.515746
v -1.640801 -26.828836 2.645634
v -2.141844 -22.152132 2.645634
v -2.203375 -22.159544 2.645634
v -1.579287 -26.821280 2.645634
v -1.620104 -26.997263 2.611881
v -1.558590 -26.989706 2.611881
v -1.602557 -27.140047 2.515758
v -1.541044 -27.132486 2.515758
v -1.051048 -27.203127 2.020038
v -0.977824 -27.290861 2.020036
v -0.989535 -27.195566 2.020036
v -1.039338 -27.298422 2.020038
v -1.586716 -27.268953 2.020052
v -1.513492 -27.356691 2.020052
v -1.525203 -27.261396 2.020052
v -1.575006 -27.364248 2.020052
v -0.982827 -27.250113 2.408628
v -1.058603 -27.141611 2.583639
v -0.997089 -27.134054 2.583637
v -1.044341 -27.257669 2.408629
v -0.977820 -27.290861 2.202192
v -1.039333 -27.298422 2.202194
v -1.039338 -27.298422 2.020038
v -0.977824 -27.290861 2.020036
v -1.055160 -27.169630 2.371887
v -1.005370 -27.066671 2.515746
v -1.066884 -27.074228 2.515748
v -0.993647 -27.162073 2.371886
v -1.051044 -27.203127 2.202194
v -0.989530 -27.195566 2.202192
v -0.989535 -27.195566 2.020036
v -1.051048 -27.203127 2.020038
v -1.518501 -27.315935 2.408642
v -1.594277 -27.207430 2.583649
v -1.532763 -27.199873 2.583649
v -1.580014 -27.323492 2.408642
v -1.513492 -27.356691 2.202208
v -1.575006 -27.364248 2.202208
v -1.575006 -27.364248 2.020052
v -1.513492 -27.356691 2.020052
v -1.590833 -27.235453 2.371900
v -1.541044 -27.132486 2.515758
v -1.602557 -27.140047 2.515758
v -1.529320 -27.227892 2.371900
v -1.586716 -27.268953 2.202208
v -1.525203 -27.261396 2.202208
v -1.525203 -27.261396 2.020052
v -1.586716 -27.268953 2.020052
v -1.544060 -27.331484 2.217216
v -1.023016 -27.235891 2.217202
v -1.019282 -27.265657 2.217202
v -1.547793 -27.301718 2.217216
v -1.544060 -27.331484 2.187216
v -1.019282 -27.265657 2.217202
v -1.019283 -27.265657 2.187201
v -1.544060 -27.331484 2.217216
v -1.547794 -27.301718 2.187216
v -1.019283 -27.265657 2.187201
v -1.023017 -27.235891 2.187201
v -1.544060 -27.331484 2.187216
v -1.547793 -27.301718 2.217216
v -1.023017 -27.235891 2.187201
v -1.023016 -27.235891 2.217202
v -1.547794 -27.301718 2.187216
v -1.547390 -27.289911 2.405270
v -1.026270 -27.195654 2.405258
v -1.022612 -27.225428 2.405258
v -1.551048 -27.260138 2.405270
v -1.547390 -27.289911 2.375270
v -1.022612 -27.225428 2.405258
v -1.022612 -27.225428 2.375257
v -1.547390 -27.289911 2.405270
v -1.551049 -27.260138 2.375270
v -1.022612 -27.225428 2.375257
v -1.026271 -27.195654 2.375257
v -1.547390 -27.289911 2.375270
v -1.551048 -27.260138 2.405270
v -1.026271 -27.195654 2.375257
v -1.026270 -27.195654 2.405258
v -1.551049 -27.260138 2.375270
v -1.560383 -27.184179 2.564703
v -1.039263 -27.089926 2.564693
v -1.035605 -27.119699 2.564693
v -1.564042 -27.154406 2.564703
v -1.560384 -27.184179 2.534703
v -1.035605 -27.119699 2.564693
v -1.035605 -27.119699 2.534693
v -1.560383 -27.184179 2.564703
v -1.564042 -27.154406 2.534703
v -1.035605 -27.119699 2.534693
v -1.039264 -27.089926 2.534693
v -1.560384 -27.184179 2.534703
v -1.564042 -27.154406 2.564703
v -1.039264 -27.089926 2.534693
v -1.039263 -27.089926 2.564693
v -1.564042 -27.154406 2.534703
v -1.579829 -27.025938 2.671232
v -1.058709 -26.931684 2.671227
v -1.055050 -26.961462 2.671227
v -1.583487 -26.996164 2.671232
v -1.579829 -27.025938 2.641232
v -1.055050 -26.961462 2.671227
v -1.055050 -26.961462 2.641226
v -1.579829 -27.025938 2.671232
v -1.583488 -26.996164 2.641232
v -1.055050 -26.961462 2.641226
v -1.058709 -26.931684 2.641226
v -1.579829 -27.025938 2.641232
v -1.583487 -26.996164 2.671232
v -1.058709 -26.931684 2.641226
v -1.058709 -26.931684 2.671227
v -1.583488 -26.996164 2.641232
v -1.602767 -26.839273 2.708645
v -1.081646 -26.745028 2.708640
v -1.077988 -26.774801 2.708640
v -1.606426 -26.809496 2.708635
v -1.602767 -26.839285 2.678645
v -1.077988 -26.774801 2.708640
v -1.077988 -26.774801 2.678640
v -1.602767 -26.839273 2.708645
v -1.606426 -26.809507 2.678635
v -1.077988 -26.774801 2.678640
v -1.081646 -26.745028 2.678640
v -1.602767 -26.839285 2.678645
v -1.606426 -26.809496 2.708635
v -1.081646 -26.745028 2.678640
v -1.081646 -26.745028 2.708640
v -1.606426 -26.809507 2.678635
v -1.047509 -27.178968 2.320601
v -1.111626 -26.252172 2.135388
v -0.998466 -27.173079 2.319906
v -1.160670 -26.258059 2.136082
v -0.998466 -27.173079 2.319906
v -1.110342 -26.265326 2.068960
v -0.997181 -27.186232 2.253479
v -1.111626 -26.252172 2.135388
v -0.997181 -27.186232 2.253479
v -1.159385 -26.271212 2.069655
v -1.046225 -27.192118 2.254173
v -1.110342 -26.265326 2.068960
v -1.046225 -27.192118 2.254173
v -1.160670 -26.258059 2.136082
v -1.047509 -27.178968 2.320601
v -1.159385 -26.271212 2.069655
v -1.583182 -27.244791 2.320615
v -1.647325 -26.318003 2.135380
v -1.534139 -27.238901 2.319921
v -1.696369 -26.323889 2.136074
v -1.534139 -27.238901 2.319921
v -1.646041 -26.331156 2.068953
v -1.532854 -27.252054 2.253494
v -1.647325 -26.318003 2.135380
v -1.532854 -27.252054 2.253494
v -1.695084 -26.337042 2.069647
v -1.581898 -27.257944 2.254188
v -1.646041 -26.331156 2.068953
v -1.581898 -27.257944 2.254188
v -1.696369 -26.323889 2.136074
v -1.583182 -27.244791 2.320615
v -1.695084 -26.337042 2.069647
v 2.552094 -14.752710 2.741644
v 1.598241 -22.152132 2.741646
v 2.490563 -14.745296 2.741644
v 1.659772 -22.159544 2.741646
v 1.043614 -26.755468 2.741646
v 1.105127 -26.763025 2.741646
v 1.018435 -26.960360 2.700578
v 1.079949 -26.967916 2.700579
v 0.997090 -27.134054 2.583637
v 1.058604 -27.141611 2.583639
v 1.659772 -22.159544 2.645634
v 2.552094 -14.752710 2.741644
v 2.552094 -14.752710 2.645633
v 1.659772 -22.159544 2.741646
v 1.105127 -26.763025 2.741646
v 1.105127 -26.763025 2.645634
v 1.079949 -26.967916 2.700579
v 1.084430 -26.931448 2.611875
v 1.058604 -27.141611 2.583639
v 1.066884 -27.074228 2.515748
v 1.044342 -27.257669 2.408629
v 1.055161 -27.169630 2.371887
v 1.039334 -27.298422 2.202194
v 1.051045 -27.203127 2.202194
v 1.051049 -27.203127 2.020038
v 1.039339 -27.298422 2.020038
v 1.598241 -22.152132 2.741646
v 2.490563 -14.745296 2.645633
v 2.490563 -14.745296 2.741644
v 1.598241 -22.152132 2.645634
v 1.043614 -26.755468 2.645634
v 1.043614 -26.755468 2.741646
v 1.022917 -26.923891 2.611874
v 1.018435 -26.960360 2.700578
v 1.005371 -27.066671 2.515746
v 0.997090 -27.134054 2.583637
v 0.993647 -27.162073 2.371886
v 0.982828 -27.250113 2.408628
v 0.989531 -27.195566 2.202192
v 0.977821 -27.290861 2.202192
v 0.977825 -27.290861 2.020036
v 0.989536 -27.195566 2.020036
v 3.095698 -14.752710 2.741644
v 2.141845 -22.152132 2.741646
v 3.034167 -14.745296 2.741644
v 2.203376 -22.159544 2.741646
v 1.579288 -26.821280 2.741646
v 1.640802 -26.828836 2.741646
v 1.554109 -27.026171 2.700584
v 1.615623 -27.033731 2.700584
v 1.532764 -27.199873 2.583649
v 1.594278 -27.207430 2.583649
v 3.034167 -14.745296 2.741644
v 2.141845 -22.152132 2.645634
v 3.034167 -14.745296 2.645633
v 2.141845 -22.152132 2.741646
v 1.579288 -26.821280 2.645634
v 1.579288 -26.821280 2.741646
v 1.558591 -26.989706 2.611881
v 1.554109 -27.026171 2.700584
v 1.541045 -27.132486 2.515758
v 1.532764 -27.199873 2.583649
v 1.529321 -27.227892 2.371900
v 1.518502 -27.315935 2.408642
v 1.525204 -27.261396 2.202208
v 1.513493 -27.356691 2.202208
v 1.513493 -27.356691 2.020052
v 1.525204 -27.261396 2.020052
v 3.095698 -14.752710 2.645633
v 2.203376 -22.159544 2.741646
v 3.095698 -14.752710 2.741644
v 2.203376 -22.159544 2.645634
v 1.640802 -26.828836 2.741646
v 1.640802 -26.828836 2.645634
v 1.615623 -27.033731 2.700584
v 1.620105 -26.997263 2.611881
v 1.594278 -27.207430 2.583649
v 1.602558 -27.140047 2.515758
v 1.580015 -27.323492 2.408642
v 1.590834 -27.235453 2.371900
v 1.575007 -27.364248 2.202208
v 1.586717 -27.268953 2.202208
v 1.586717 -27.268953 2.020052
v 1.575007 -27.364248 2.020052
v 1.598241 -22.152132 2.645634
v 1.105127 -26.763025 2.645634
v 1.659772 -22.159544 2.645634
v 1.043614 -26.755468 2.645634
v 1.084430 -26.931448 2.611875
v 1.022917 -26.923891 2.611874
v 1.066884 -27.074228 2.515748
v 1.005371 -27.066671 2.515746
v 2.141845 -22.152132 2.645634
v 1.640802 -26.828836 2.645634
v 2.203376 -22.159544 2.645634
v 1.579288 -26.821280 2.645634
v 1.620105 -26.997263 2.611881
v 1.558591 -26.989706 2.611881
v 1.602558 -27.140047 2.515758
v 1.541045 -27.132486 2.515758
v 1.051049 -27.203127 2.020038
v 0.977825 -27.290861 2.020036
v 1.039339 -27.298422 2.020038
v 0.989536 -27.195566 2.020036
v 1.586717 -27.268953 2.020052
v 1.513493 -27.356691 2.020052
v 1.575007 -27.364248 2.020052
v 1.525204 -27.261396 2.020052
v 1.058604 -27.141611 2.583639
v 0.982828 -27.250113 2.408628
v 0.997090 -27.134054 2.583637
v 1.044342 -27.257669 2.408629
v 0.977821 -27.290861 2.202192
v 1.039334 -27.298422 2.202194
v 1.039339 -27.298422 2.020038
v 0.977825 -27.290861 2.020036
v 1.005371 -27.066671 2.515746
v 1.055161 -27.169630 2.371887
v 1.066884 -27.074228 2.515748
v 0.993647 -27.162073 2.371886
v 1.051045 -27.203127 2.202194
v 0.989531 -27.195566 2.202192
v 0.989536 -27.195566 2.020036
v 1.051049 -27.203127 2.020038
v 1.594278 -27.207430 2.583649
v 1.518502 -27.315935 2.408642
v 1.532764 -27.199873 2.583649
v 1.580015 -27.323492 2.408642
v 1.513493 -27.356691 2.202208
v 1.575007 -27.364248 2.202208
v 1.575007 -27.364248 2.020052
v 1.513493 -27.356691 2.020052
v 1.541045 -27.132486 2.515758
v 1.590834 -27.235453 2.371900
v 1.602558 -27.140047 2.515758
v 1.529321 -27.227892 2.371900
v 1.586717 -27.268953 2.202208
v 1.525204 -27.261396 2.202208
v 1.525204 -27.261396 2.020052
v 1.586717 -27.268953 2.020052
v 1.544060 -27.331484 2.217216
v 1.023017 -27.235891 2.217202
v 1.547794 -27.301718 2.217216
v 1.019283 -27.265657 2.217202
v 1.544061 -27.331484 2.187216
v 1.019283 -27.265657 2.217202
v 1.544060 -27.331484 2.217216
v 1.019284 -27.265657 2.187201
v 1.547795 -27.301718 2.187216
v 1.019284 -27.265657 2.187201
v 1.544061 -27.331484 2.187216
v 1.023018 -27.235891 2.187201
v 1.547794 -27.301718 2.217216
v 1.023018 -27.235891 2.187201
v 1.547795 -27.301718 2.187216
v 1.023017 -27.235891 2.217202
v 1.547391 -27.289911 2.405270
v 1.026271 -27.195654 2.405258
v 1.551049 -27.260138 2.405270
v 1.022612 -27.225428 2.405258
v 1.547391 -27.289911 2.375270
v 1.022612 -27.225428 2.405258
v 1.547391 -27.289911 2.405270
v 1.022613 -27.225428 2.375257
v 1.551050 -27.260138 2.375270
v 1.022613 -27.225428 2.375257
v 1.547391 -27.289911 2.375270
v 1.026272 -27.195654 2.375257
v 1.551049 -27.260138 2.405270
v 1.026272 -27.195654 2.375257
v 1.551050 -27.260138 2.375270
v 1.026271 -27.195654 2.405258
v 1.560384 -27.184179 2.564703
v 1.039264 -27.089926 2.564693
v 1.564043 -27.154406 2.564703
v 1.035605 -27.119699 2.564693
v 1.560385 -27.184179 2.534703
v 1.035605 -27.119699 2.564693
v 1.560384 -27.184179 2.564703
v 1.035606 -27.119699 2.534693
v 1.564043 -27.154406 2.534703
v 1.035606 -27.119699 2.534693
v 1.560385 -27.184179 2.534703
v 1.039265 -27.089926 2.534693
v 1.564043 -27.154406 2.564703
v 1.039265 -27.089926 2.534693
v 1.564043 -27.154406 2.534703
v 1.039264 -27.089926 2.564693
v 1.579830 -27.025938 2.671232
v 1.058709 -26.931684 2.671227
v 1.583488 -26.996164 2.671232
v 1.055051 -26.961462 2.671227
v 1.579830 -27.025938 2.641232
v 1.055051 -26.961462 2.671227
v 1.579830 -27.025938 2.671232
v 1.055051 -26.961462 2.641226
v 1.583489 -26.996164 2.641232
v 1.055051 -26.961462 2.641226
v 1.579830 -27.025938 2.641232
v 1.058710 -26.931684 2.641226
v 1.583488 -26.996164 2.671232
v 1.058710 -26.931684 2.641226
v 1.583489 -26.996164 2.641232
v 1.058709 -26.931684 2.671227
v 1.602768 -26.839273 2.708645
v 1.081647 -26.745028 2.708640
v 1.606426 -26.809496 2.708635
v 1.077989 -26.774801 2.708640
v 1.602768 -26.839285 2.678645
v 1.077989 -26.774801 2.708640
v 1.602768 -26.839273 2.708645
v 1.077989 -26.774801 2.678640
v 1.606426 -26.809507 2.678635
v 1.077989 -26.774801 2.678640
v 1.602768 -26.839285 2.678645
v 1.081647 -26.745028 2.678640
v 1.606426 -26.809496 2.708635
v 1.081647 -26.745028 2.678640
v 1.606426 -26.809507 2.678635
v 1.081647 -26.745028 2.708640
v 1.047510 -27.178968 2.320601
v 1.111627 -26.252172 2.135388
v 1.160671 -26.258059 2.136082
v 0.998467 -27.173079 2.319906
v 0.998467 -27.173079 2.319906
v 1.110343 -26.265326 2.068960
v 1.111627 -26.252172 2.135388
v 0.997182 -27.186232 2.253479
v 0.997182 -27.186232 2.253479
v 1.159386 -26.271212 2.069655
v 1.110343 -26.265326 2.068960
v 1.046226 -27.192118 2.254173
v 1.046226 -27.192118 2.254173
v 1.160671 -26.258059 2.136082
v 1.159386 -26.271212 2.069655
v 1.047510 -27.178968 2.320601
v 1.583183 -27.244791 2.320615
v 1.647326 -26.318003 2.135380
v 1.696370 -26.323889 2.136074
v 1.534139 -27.238901 2.319921
v 1.534139 -27.238901 2.319921
v 1.646042 -26.331156 2.068953
v 1.647326 -26.318003 2.135380
v 1.532855 -27.252054 2.253494
v 1.532855 -27.252054 2.253494
v 1.695085 -26.337042 2.069647
v 1.646042 -26.331156 2.068953
v 1.581899 -27.257944 2.254188
v 1.581899 -27.257944 2.254188
v 1.696370 -26.323889 2.136074
v 1.695085 -26.337042 2.069647
v 1.583183 -27.244791 2.320615
v 2.433998 -14.732252 2.809149
v 3.148906 -14.716143 2.693637
v 3.142077 -14.794199 2.809149
v 2.440827 -14.654194 2.693637
v 2.427818 -14.802889 2.809149
v 2.440827 -14.654194 2.693637
v 2.433998 -14.732252 2.809149
v 2.427818 -14.802889 2.693637
v 3.135897 -14.864840 2.693637
v 3.142077 -14.794199 2.809149
v 3.148906 -14.716143 2.693637
v 3.135897 -14.864840 2.809149
v 3.135897 -14.864840 2.809149
v 2.433998 -14.732252 2.809149
v 3.142077 -14.794199 2.809149
v 2.427818 -14.802889 2.809149
v 3.135897 -14.864840 2.809149
v 2.427818 -14.802889 2.693637
v 2.427818 -14.802889 2.809149
v 3.135897 -14.864840 2.693637
v -2.433996 -14.732252 2.809149
v -3.148905 -14.716143 2.693637
v -2.440826 -14.654194 2.693637
v -3.142076 -14.794199 2.809149
v -2.427816 -14.802889 2.809149
v -2.440826 -14.654194 2.693637
v -2.427816 -14.802889 2.693637
v -2.433996 -14.732252 2.809149
v -3.135896 -14.864840 2.693637
v -3.142076 -14.794199 2.809149
v -3.135896 -14.864840 2.809149
v -3.148905 -14.716143 2.693637
v -3.135896 -14.864840 2.809149
v -2.433996 -14.732252 2.809149
v -2.427816 -14.802889 2.809149
v -3.142076 -14.794199 2.809149
v -3.135896 -14.864840 2.809149
v -2.427816 -14.802889 2.693637
v -3.135896 -14.864840 2.693637
v -2.427816 -14.802889 2.809149
v 2.660124 -21.998770 2.994148
v 2.705166 -21.917368 2.994034
v 2.584384 -21.903692 2.994144
v 2.570711 -22.024481 2.994260
v 2.679459 -21.827959 2.993985
v 2.489311 -21.979433 2.994304
v 2.598056 -21.782915 2.994028
v 2.463602 -21.890024 2.994254
v 2.508646 -21.808622 2.994139
v 2.739026 -21.301718 2.993478
v 2.643951 -21.377455 2.993638
v 2.764733 -21.391127 2.993529
v 2.657623 -21.256670 2.993523
v 2.719690 -21.472532 2.993642
v 2.568213 -21.282381 2.993634
v 2.630279 -21.498240 2.993754
v 2.523170 -21.363783 2.993748
v 2.548877 -21.453196 2.993798
v -2.660123 -21.998770 2.994148
v -2.584383 -21.903692 2.994144
v -2.705164 -21.917368 2.994034
v -2.570710 -22.024481 2.994260
v -2.679457 -21.827959 2.993985
v -2.489310 -21.979433 2.994304
v -2.598055 -21.782915 2.994028
v -2.463601 -21.890024 2.994254
v -2.508645 -21.808622 2.994139
v -2.739025 -21.301718 2.993478
v -2.764732 -21.391127 2.993529
v -2.643950 -21.377455 2.993638
v -2.657622 -21.256670 2.993523
v -2.719689 -21.472532 2.993642
v -2.568212 -21.282381 2.993634
v -2.630278 -21.498240 2.993754
v -2.523168 -21.363783 2.993748
v -2.548877 -21.453196 2.993798
v 2.705222 -21.917322 3.050976
v 2.584479 -21.903620 3.087850
v 2.679516 -21.827909 3.050926
v 2.660182 -21.998720 3.051089
v 2.598114 -21.782866 3.050970
v 2.570769 -22.024435 3.051202
v 2.508703 -21.808573 3.051082
v 2.489368 -21.979387 3.051245
v 2.463659 -21.889978 3.051196
v 2.764791 -21.391077 3.050470
v 2.719748 -21.472483 3.050584
v 2.644047 -21.377371 3.087343
v 2.739083 -21.301672 3.050420
v 2.630337 -21.498190 3.050695
v 2.657681 -21.256624 3.050465
v 2.548935 -21.453146 3.050740
v 2.568271 -21.282331 3.050575
v 2.523227 -21.363733 3.050690
v -2.705222 -21.917322 3.050976
v -2.679515 -21.827909 3.050926
v -2.584478 -21.903620 3.087850
v -2.660180 -21.998720 3.051089
v -2.598112 -21.782866 3.050970
v -2.570768 -22.024435 3.051202
v -2.508702 -21.808573 3.051082
v -2.489367 -21.979387 3.051245
v -2.463658 -21.889978 3.051196
v -2.764789 -21.391077 3.050470
v -2.644046 -21.377371 3.087343
v -2.719747 -21.472483 3.050584
v -2.739082 -21.301672 3.050420
v -2.630336 -21.498190 3.050695
v -2.657680 -21.256624 3.050465
v -2.548935 -21.453146 3.050740
v -2.568270 -21.282331 3.050575
v -2.523226 -21.363733 3.050690
v 0.202322 -24.042059 3.210996
v 0.000076 -24.042059 3.306173
v 0.163697 -23.923178 3.210996
v 0.163696 -24.160933 3.210996
v 0.062574 -23.849710 3.210998
v 0.062573 -24.234407 3.210999
v -0.062421 -23.849710 3.210998
v -0.062422 -24.234407 3.210998
v -0.163544 -23.923178 3.210998
v -0.163545 -24.160933 3.210999
v -0.202170 -24.042059 3.210998
v 0.239601 -24.042059 2.936237
v 0.113487 -24.124456 2.984169
v 0.140259 -24.042059 2.984166
v 0.193855 -24.182848 2.936237
v 0.193856 -23.901262 2.936237
v 0.043394 -24.175379 2.984169
v 0.113487 -23.959654 2.984169
v 0.074092 -24.269865 2.936240
v 0.074094 -23.814257 2.936240
v -0.043244 -24.175379 2.984169
v 0.043395 -23.908731 2.984169
v -0.073942 -24.269857 2.936240
v -0.073941 -23.814257 2.936240
v -0.113336 -24.124456 2.984169
v -0.043243 -23.908731 2.984169
v -0.193704 -24.182848 2.936240
v -0.193704 -23.901262 2.936239
v -0.140108 -24.042059 2.984169
v -0.113335 -23.959654 2.984169
v -0.239449 -24.042059 2.936239
v 0.163696 -24.160933 3.147933
v 0.129850 -24.042059 3.076786
v 0.105065 -24.118334 3.076788
v 0.202322 -24.042059 3.147933
v 0.062573 -24.234407 3.147936
v 0.105065 -23.965780 3.076788
v 0.040178 -24.165487 3.076788
v 0.163697 -23.923178 3.147934
v -0.062422 -24.234407 3.147936
v 0.040178 -23.918634 3.076788
v -0.040027 -24.165480 3.076788
v 0.062574 -23.849710 3.147937
v -0.163545 -24.160933 3.147936
v -0.040027 -23.918634 3.076790
v -0.104914 -24.118334 3.076788
v -0.062421 -23.849710 3.147936
v -0.202171 -24.042059 3.147936
v -0.104913 -23.965780 3.076790
v -0.129698 -24.042059 3.076788
v -0.163544 -23.923178 3.147936
vn -0.8087 0.0418 -0.5868
vn -0.7479 -0.0364 -0.6628
vn -0.8041 0.0326 0.5936
vn -0.7559 0.0973 0.6475
vn 0.7479 -0.0364 -0.6628
vn 0.8087 0.0418 -0.5868
vn 0.7559 0.0973 0.6475
vn 0.8041 0.0326 0.5936
vn -0.0000 -0.9985 0.0548
vn -0.0000 -0.9985 0.0549
vn -0.0001 -0.9985 0.0548
vn 0.0001 -0.9985 0.0549
vn 0.0004 -0.9985 0.0549
vn -0.0000 0.0710 -0.9975
vn 0.1503 0.0702 -0.9862
vn 0.1372 0.0853 -0.9869
vn -0.0000 0.1248 -0.9922
vn -0.0000 0.1552 -0.9879
vn -0.1372 0.0852 -0.9869
vn -0.1503 0.0702 -0.9862
vn -0.0000 -0.0549 -0.9985
vn 0.9188 0.3941 -0.0217
vn -0.0000 0.0549 0.9985
vn -0.0000 0.1486 0.9889
vn 0.1219 0.1475 0.9815
vn 0.1331 0.1623 0.9777
vn -0.0000 0.2026 0.9793
vn -0.0000 0.2326 0.9726
vn -0.1331 0.1623 0.9777
vn -0.1219 0.1475 0.9815
vn 0.6489 -0.5752 0.4980
vn 0.0001 -0.4991 0.8665
vn 0.6171 -0.5865 0.5246
vn 0.0003 -0.5252 0.8510
vn -0.6184 -0.5852 0.5246
vn -0.6497 -0.5736 0.4989
vn 0.6503 -0.6228 -0.4351
vn 0.6090 -0.6058 -0.5120
vn 0.6090 -0.6057 -0.5120
vn 0.0001 -0.5562 -0.8311
vn 0.6503 -0.6229 -0.4350
vn -0.0000 -0.5837 -0.8120
vn -0.6509 -0.6214 -0.4361
vn -0.6102 -0.6043 -0.5124
vn -0.0000 0.9985 -0.0549
vn 0.0001 0.9985 -0.0549
vn -0.7524 0.6567 -0.0519
vn -0.9150 0.4021 -0.0318
vn -0.9184 0.3944 -0.0312
vn -0.9997 -0.0227 0.0018
vn -0.9996 -0.0265 0.0021
vn -1.0000 0.0097 -0.0008
vn -0.9999 0.0146 -0.0012
vn -0.9845 0.1750 -0.0138
vn 0.7530 0.6560 -0.0518
vn 0.9206 0.3892 -0.0307
vn 0.9173 0.3971 -0.0313
vn 0.9995 -0.0320 0.0025
vn 0.9996 -0.0283 0.0022
vn 0.9999 0.0149 -0.0012
vn 1.0000 0.0099 -0.0008
vn 0.9842 0.1764 -0.0139
vn 0.9851 0.1717 -0.0135
vn 1.0000 0.0096 -0.0008
vn 0.9999 0.0145 -0.0011
vn 0.9996 -0.0277 0.0022
vn 0.9995 -0.0313 0.0025
vn 0.9210 0.3884 -0.0307
vn 0.9243 0.3806 -0.0300
vn 0.7635 0.6438 -0.0508
vn 0.7635 0.6439 -0.0509
vn -0.9853 0.1702 -0.0134
vn -0.9999 0.0142 -0.0011
vn -1.0000 0.0094 -0.0007
vn -0.9997 -0.0257 0.0020
vn -0.9998 -0.0219 0.0017
vn -0.9220 0.3859 -0.0304
vn -0.9188 0.3935 -0.0310
vn -0.7628 0.6446 -0.0509
vn -0.0001 -0.9985 0.0549
vn -0.9188 0.3941 -0.0217
vn -1.0000 0.0089 -0.0008
vn 1.0000 0.0090 -0.0003
vn -0.0029 0.9971 -0.0764
vn -0.0030 0.9971 -0.0763
vn -0.0031 0.9971 -0.0763
vn -0.0032 0.9971 -0.0762
vn -0.0016 -0.0549 -0.9985
vn -0.0017 -0.0549 -0.9985
vn 0.0017 0.0549 0.9985
vn 0.0006 0.0549 0.9985
vn 0.0007 0.0549 0.9985
vn 0.0018 0.0548 0.9985
vn 0.0017 0.0548 0.9985
vn 0.0006 0.0548 0.9985
vn -0.0019 -0.2204 -0.9754
vn -0.0018 -0.2203 -0.9754
vn -0.0011 -0.2201 -0.9755
vn 0.0011 -0.1121 0.9937
vn -0.0034 0.9969 -0.0786
vn -0.0032 0.9969 -0.0787
vn -0.0030 0.9969 -0.0788
vn -0.0029 0.9969 -0.0789
vn -1.0000 0.0060 -0.0007
vn -1.0000 0.0060 -0.0006
vn -1.0000 0.0061 -0.0006
vn -1.0000 -0.0045 0.0002
vn -1.0000 -0.0045 0.0001
vn -0.0027 0.9969 -0.0789
vn -0.0028 0.9969 -0.0788
vn -0.0029 0.9969 -0.0788
vn 1.0000 0.0062 -0.0002
vn 1.0000 0.0061 -0.0002
vn 1.0000 0.0060 -0.0002
vn 1.0000 0.0045 -0.0001
vn -0.0033 0.2158 -0.9764
vn -0.0030 0.2160 -0.9764
vn -0.0031 0.2160 -0.9764
vn -0.0025 0.2163 -0.9763
vn -0.0004 0.3575 0.9339
vn -0.0003 0.3574 0.9339
vn -0.0005 0.3575 0.9339
vn -0.0007 0.3576 0.9339
vn 0.6269 -0.7435 -0.2326
vn 0.6269 -0.7435 -0.2327
vn 0.2597 -0.9638 0.0609
vn 0.2596 -0.9638 0.0609
vn -0.2596 -0.9638 0.0609
vn -0.2597 -0.9638 0.0609
vn -0.6270 -0.7435 -0.2328
vn -0.6270 -0.7434 -0.2327
vn -0.6269 -0.4319 -0.6484
vn -0.6270 -0.4319 -0.6484
vn -0.2597 -0.2117 -0.9422
vn 0.2597 -0.2117 -0.9422
vn 0.6270 -0.4319 -0.6483
vn -0.6269 0.7436 0.2327
vn -0.6270 0.7435 0.2327
vn -0.2597 0.9638 -0.0612
vn -0.2598 0.9637 -0.0612
vn 0.2596 0.9638 -0.0612
vn 0.2597 0.9638 -0.0612
vn 0.6269 0.7435 0.2327
vn 0.6269 0.4319 0.6484
vn 0.2597 0.2116 0.9422
vn 0.2598 0.2116 0.9422
vn -0.2597 0.2116 0.9422
vn -0.6270 0.4319 0.6484
vn -0.6269 0.4319 0.6484
vn -0.6270 -0.7434 -0.2328
vn -0.6269 -0.4321 -0.6483
vn 0.6270 -0.4320 -0.6483
vn 0.6269 -0.7435 -0.2329
vn 0.6268 -0.7436 -0.2327
vn 0.6270 0.7435 0.2327
vn 0.6270 0.7434 0.2328
vn 0.6270 0.4320 0.6483
vn -0.6269 0.4320 0.6484
vn -0.6269 0.4320 0.6483
vn -0.6271 0.7434 0.2328
vn -0.6271 0.7434 0.2327
vn -0.6268 -0.4321 -0.6484
vn -0.6269 -0.4320 -0.6484
vn -0.2597 -0.2116 -0.9422
vn 0.2598 -0.2116 -0.9422
vn 0.6269 -0.4319 -0.6484
vn 0.6269 -0.4320 -0.6484
vn 0.6269 -0.7434 -0.2330
vn 0.6269 -0.7436 -0.2326
vn 0.2596 -0.9638 0.0613
vn 0.2596 -0.9638 0.0615
vn -0.2598 -0.9637 0.0614
vn -0.2596 -0.9638 0.0614
vn -0.6269 -0.7435 -0.2327
vn -0.6267 -0.7437 -0.2327
vn 0.6269 0.4320 0.6484
vn 0.2597 0.2117 0.9422
vn -0.2597 0.2117 0.9422
vn -0.6269 0.4319 0.6485
vn -0.6269 0.7435 0.2327
vn -0.2597 0.9638 -0.0611
vn 0.2597 0.9638 -0.0611
vn 0.6269 -0.4320 -0.6483
vn 0.6270 -0.7435 -0.2328
vn -0.6268 -0.7436 -0.2327
vn -0.6270 -0.4320 -0.6483
vn -0.6270 0.4320 0.6483
vn -0.6270 0.4319 0.6483
vn -0.6269 0.7435 0.2328
vn -0.6270 0.7435 0.2328
vn 0.6270 0.7434 0.2327
vn 0.6270 0.4319 0.6483
vn 0.8144 0.4537 -0.3618
vn 0.0004 0.7015 -0.7126
vn 0.8300 0.5571 -0.0257
vn 0.0047 0.9790 -0.2038
vn -0.8189 0.4381 -0.3707
vn -0.0000 0.2320 0.9727
vn -0.8290 0.5590 -0.0138
vn 0.0001 0.2320 0.9727
vn 0.8545 -0.3811 0.3529
vn 0.8301 0.5571 -0.0257
vn 0.8144 0.4537 -0.3619
vn 0.9052 -0.2326 0.3556
vn 0.9283 -0.1221 0.3511
vn 0.7632 0.3633 -0.5344
vn -0.0001 0.2319 0.9727
vn -0.8291 0.5590 -0.0138
vn -0.8500 -0.3826 0.3621
vn -0.9048 -0.2467 0.3472
vn -0.7590 0.3752 -0.5321
vn -0.9343 -0.1096 0.3391
vn 0.0004 0.7015 -0.7127
vn -0.0031 0.5326 -0.8464
vn -0.8189 0.4381 -0.3708
vn 0.0102 -0.4706 0.8823
vn 0.0036 -0.7525 0.6586
vn -0.9047 -0.2468 0.3472
vn 0.0036 -0.7526 0.6585
vn -0.0000 -0.8843 0.4669
vn -0.0000 0.2319 0.9727
vn -0.8500 -0.3825 0.3621
vn -0.8144 0.4537 -0.3619
vn -0.8300 0.5571 -0.0257
vn -0.0004 0.7015 -0.7126
vn -0.0047 0.9790 -0.2039
vn 0.8189 0.4381 -0.3707
vn 0.8290 0.5590 -0.0138
vn -0.8545 -0.3811 0.3529
vn -0.8301 0.5571 -0.0257
vn -0.8144 0.4537 -0.3618
vn -0.9052 -0.2326 0.3556
vn -0.9283 -0.1221 0.3511
vn -0.7632 0.3633 -0.5344
vn 0.8291 0.5590 -0.0138
vn 0.8500 -0.3825 0.3621
vn 0.9048 -0.2468 0.3471
vn 0.8189 0.4381 -0.3708
vn 0.7590 0.3752 -0.5321
vn 0.9343 -0.1096 0.3391
vn -0.0004 0.7015 -0.7127
vn 0.0031 0.5326 -0.8464
vn -0.0102 -0.4706 0.8823
vn -0.9052 -0.2325 0.3556
vn -0.0036 -0.7525 0.6586
vn 0.9047 -0.2467 0.3472
vn -0.0036 -0.7526 0.6585
vn 0.0010 0.0008 1.0000
vn -0.1125 -0.9937 0.0010
vn 0.9937 -0.1125 -0.0009
vn 0.1125 0.9937 -0.0009
vn -0.9937 0.1125 0.0009
vn 0.6231 -0.7821 -0.0000
vn 0.6231 -0.7822 -0.0000
vn 0.7822 0.6231 -0.0013
vn 0.6230 -0.7822 -0.0000
vn -0.1125 -0.9936 0.0009
vn -0.7821 -0.6231 0.0013
vn -0.7822 -0.6230 0.0013
vn -0.7822 -0.6231 0.0013
vn -0.6231 0.7821 -0.0000
vn -0.6232 0.7821 -0.0000
vn -0.6230 0.7822 -0.0000
vn -0.6231 0.7822 -0.0001
vn 0.1125 0.9936 -0.0009
vn 0.1124 0.9937 -0.0010
vn 0.7821 0.6231 -0.0013
vn 0.6231 -0.7821 0.0001
vn 0.7822 0.6230 -0.0013
vn 0.6231 -0.7822 0.0001
vn -0.1125 -0.9937 0.0009
vn -0.7822 -0.6231 0.0014
vn -0.6230 0.7822 -0.0001
vn 0.1125 0.9937 -0.0010
vn 0.9937 -0.1124 -0.0009
vn 0.1125 0.9936 -0.0010
vn -0.6231 0.7822 -0.0000
vn -0.6232 0.7821 -0.0001
vn -0.7822 -0.6231 0.0015
vn 0.7821 0.6231 -0.0011
vn -0.6231 0.7821 -0.0001
vn -0.7821 -0.6231 0.0014
vn -0.0010 0.0008 1.0000
vn 0.1125 -0.9937 0.0010
vn -0.9937 -0.1125 -0.0009
vn -0.1125 0.9937 -0.0009
vn 0.9937 0.1125 0.0009
vn -0.6231 -0.7821 -0.0000
vn -0.6231 -0.7822 -0.0000
vn -0.7822 0.6231 -0.0013
vn 0.1125 -0.9936 0.0009
vn -0.6230 -0.7822 -0.0000
vn 0.7821 -0.6231 0.0013
vn 0.7822 -0.6231 0.0013
vn 0.7822 -0.6230 0.0013
vn 0.6231 0.7821 -0.0000
vn 0.6232 0.7821 -0.0001
vn 0.6230 0.7822 -0.0000
vn -0.1125 0.9936 -0.0009
vn 0.6231 0.7822 -0.0001
vn -0.1124 0.9937 -0.0010
vn -0.7821 0.6231 -0.0013
vn -0.6231 -0.7821 0.0001
vn -0.7822 0.6230 -0.0013
vn -0.6230 -0.7822 0.0001
vn 0.1125 -0.9937 0.0009
vn 0.9937 0.1124 0.0009
vn 0.6231 0.7821 -0.0002
vn -0.1125 0.9937 -0.0010
vn 0.6230 0.7822 -0.0001
vn -0.7822 0.6231 -0.0014
vn -0.9937 -0.1124 -0.0009
vn -0.1125 0.9936 -0.0010
vn 0.6231 0.7822 -0.0000
vn 0.7821 -0.6231 0.0014
vn 0.6230 0.7822 0.0001
vn 0.6232 0.7821 -0.0000
vn 0.6231 0.7821 0.0002
vn 0.7822 -0.6231 0.0014
vn -0.6231 -0.7822 0.0001
vn 0.4435 0.2309 0.8660
vn 0.4965 0.1807 0.8490
vn 0.8870 0.4618 -0.0000
vn 0.9397 0.3420 -0.0000
vn 0.4435 0.2309 -0.8660
vn 0.5263 0.0461 0.8490
vn 0.4965 0.1807 -0.8490
vn 0.9962 0.0872 -0.0000
vn 0.5203 -0.0917 0.8490
vn 0.5263 0.0460 -0.8490
vn 0.9848 -0.1736 -0.0000
vn 0.4788 -0.2232 0.8490
vn 0.5203 -0.0918 -0.8490
vn 0.9063 -0.4226 -0.0000
vn 0.4047 -0.3396 0.8491
vn 0.4788 -0.2233 -0.8490
vn 0.7661 -0.6428 -0.0000
vn 0.4047 -0.3396 -0.8490
vn -0.4435 -0.2309 0.8660
vn -0.4378 -0.1593 0.8848
vn 0.4435 0.2308 0.8660
vn 0.4964 0.1807 0.8490
vn -0.4641 -0.0406 0.8848
vn -0.4588 0.0809 0.8848
vn -0.4222 0.1969 0.8848
vn -0.3569 0.2995 0.8848
vn 0.4048 -0.3396 0.8490
vn -0.3377 0.3687 0.8660
vn 0.3378 -0.3686 0.8660
vn -0.4435 -0.2309 -0.8660
vn -0.4378 -0.1594 -0.8848
vn -0.8870 -0.4617 -0.0000
vn -0.9397 -0.3420 -0.0000
vn -0.4435 -0.2308 0.8660
vn -0.4641 -0.0406 -0.8848
vn -0.9962 -0.0872 -0.0000
vn -0.4588 0.0809 -0.8848
vn -0.9848 0.1736 -0.0000
vn -0.4223 0.1969 -0.8848
vn -0.9063 0.4226 -0.0000
vn -0.3569 0.2995 -0.8848
vn -0.7661 0.6428 -0.0000
vn -0.3569 0.2994 0.8848
vn 0.4435 0.2308 -0.8660
vn 0.3378 -0.3686 -0.8660
vn -0.3378 0.3686 -0.8660
vn 0.4047 -0.3396 0.8490
vn 0.7660 -0.6428 -0.0000
vn 0.6756 -0.7373 -0.0000
vn 0.4047 -0.3396 -0.8491
vn -0.3378 0.3687 0.8660
vn -0.6756 0.7373 -0.0000
vn -0.7660 0.6428 -0.0000
vn -0.3378 0.3687 -0.8660
vn -0.5978 -0.2177 0.7715
vn -0.5978 -0.2176 0.7716
vn 0.3421 -0.9397 -0.0001
vn 0.3421 -0.9397 -0.0000
vn 0.5978 0.2177 -0.7716
vn 0.5978 0.2176 -0.7715
vn -0.3421 0.9397 0.0001
vn -0.3420 0.9397 -0.0000
vn -0.6338 -0.0554 0.7715
vn -0.6337 -0.0554 0.7716
vn 0.0871 -0.9962 -0.0000
vn 0.0872 -0.9962 -0.0000
vn 0.6338 0.0554 -0.7715
vn 0.6337 0.0554 -0.7716
vn -0.0871 0.9962 -0.0000
vn -0.0872 0.9962 -0.0000
vn -0.6265 0.1105 0.7715
vn -0.6265 0.1105 0.7716
vn -0.1737 -0.9848 -0.0000
vn -0.1736 -0.9848 -0.0000
vn 0.6265 -0.1105 -0.7716
vn 0.6265 -0.1105 -0.7715
vn 0.1737 0.9848 -0.0000
vn 0.1736 0.9848 -0.0000
vn -0.5766 0.2689 0.7715
vn -0.5766 0.2688 0.7716
vn -0.4226 -0.9063 -0.0000
vn 0.5766 -0.2689 -0.7715
vn 0.5766 -0.2689 -0.7716
vn 0.4227 0.9063 -0.0000
vn -0.4873 0.4089 0.7716
vn -0.4873 0.4089 0.7715
vn -0.6428 -0.7661 -0.0000
vn 0.4873 -0.4089 -0.7716
vn 0.4873 -0.4089 -0.7715
vn 0.6428 0.7660 -0.0000
vn 0.6428 0.7661 -0.0000
vn -0.4435 0.2308 0.8660
vn -0.8870 0.4617 -0.0000
vn -0.4965 0.1807 0.8490
vn -0.9397 0.3420 -0.0000
vn -0.4435 0.2308 -0.8660
vn -0.5263 0.0460 0.8490
vn -0.4965 0.1807 -0.8490
vn -0.9962 0.0872 -0.0000
vn -0.5203 -0.0918 0.8490
vn -0.5263 0.0461 -0.8490
vn -0.9848 -0.1736 -0.0000
vn -0.4788 -0.2233 0.8490
vn -0.5203 -0.0917 -0.8490
vn -0.9063 -0.4226 -0.0000
vn -0.4047 -0.3396 0.8490
vn -0.4788 -0.2233 -0.8490
vn -0.7661 -0.6428 -0.0000
vn -0.4047 -0.3396 -0.8490
vn 0.4435 -0.2309 0.8660
vn 0.4378 -0.1594 0.8848
vn 0.4641 -0.0406 0.8848
vn 0.4588 0.0809 0.8848
vn 0.4223 0.1969 0.8848
vn 0.3569 0.2995 0.8848
vn 0.3378 0.3686 0.8660
vn -0.3378 -0.3686 0.8660
vn 0.4434 -0.2310 -0.8660
vn 0.8870 -0.4618 -0.0000
vn 0.4378 -0.1593 -0.8848
vn 0.9397 -0.3420 -0.0000
vn 0.4641 -0.0406 -0.8848
vn 0.9962 -0.0872 -0.0000
vn 0.4588 0.0809 -0.8848
vn 0.9848 0.1736 -0.0000
vn 0.4222 0.1969 -0.8848
vn 0.9063 0.4226 -0.0000
vn 0.3569 0.2994 -0.8848
vn 0.7661 0.6428 -0.0000
vn 0.4435 -0.2309 -0.8660
vn -0.4964 0.1807 -0.8490
vn -0.4788 -0.2232 -0.8490
vn -0.4048 -0.3396 -0.8490
vn 0.3569 0.2995 -0.8848
vn -0.3378 -0.3686 -0.8660
vn 0.3378 0.3686 -0.8660
vn -0.7660 -0.6428 -0.0000
vn -0.6756 -0.7373 -0.0000
vn 0.3378 0.3687 0.8660
vn 0.6756 0.7373 -0.0000
vn 0.7660 0.6428 -0.0000
vn 0.3378 0.3687 -0.8660
vn 0.5978 -0.2176 0.7716
vn 0.5978 -0.2177 0.7715
vn -0.3421 -0.9397 -0.0000
vn -0.3421 -0.9397 -0.0001
vn -0.5978 0.2176 -0.7715
vn -0.5978 0.2177 -0.7716
vn 0.3420 0.9397 -0.0000
vn 0.3421 0.9397 0.0001
vn 0.6337 -0.0555 0.7716
vn 0.6338 -0.0555 0.7715
vn -0.0872 -0.9962 -0.0000
vn -0.0871 -0.9962 -0.0000
vn -0.6337 0.0555 -0.7716
vn -0.6338 0.0555 -0.7715
vn 0.0872 0.9962 -0.0000
vn 0.0871 0.9962 -0.0000
vn 0.6265 0.1105 0.7716
vn 0.6265 0.1105 0.7715
vn 0.1736 -0.9848 -0.0000
vn 0.1737 -0.9848 -0.0000
vn -0.6265 -0.1105 -0.7715
vn -0.6265 -0.1105 -0.7716
vn -0.1736 0.9848 -0.0000
vn -0.1737 0.9848 -0.0000
vn 0.5766 0.2688 0.7716
vn 0.5766 0.2689 0.7715
vn 0.4226 -0.9063 -0.0000
vn -0.5766 -0.2689 -0.7716
vn -0.5766 -0.2689 -0.7715
vn -0.4227 0.9063 -0.0000
vn 0.4873 0.4089 0.7715
vn 0.4873 0.4089 0.7716
vn 0.6428 -0.7660 -0.0000
vn 0.6428 -0.7661 -0.0000
vn -0.4874 -0.4089 -0.7715
vn -0.4873 -0.4089 -0.7716
vn -0.6428 0.7661 -0.0000
vn -0.6428 0.7660 -0.0000
vn 0.8091 -0.5877 -0.0000
vn 1.0000 -0.0000 -0.0000
vn 0.8090 0.5878 -0.0000
vn 0.8090 -0.5878 -0.0000
vn 0.3090 -0.9511 -0.0000
vn -0.3090 -0.9511 -0.0000
vn -0.3090 -0.9510 -0.0000
vn -0.8090 -0.5878 -0.0000
vn -0.8090 -0.5879 -0.0000
vn -0.8091 -0.5877 -0.0000
vn -1.0000 -0.0000 -0.0000
vn -0.8090 0.5878 -0.0000
vn -0.3090 0.9511 -0.0000
vn 0.3090 0.9511 -0.0000
vn 0.8090 -0.5877 -0.0000
vn 0.8091 0.5877 -0.0000
vn -0.8090 0.5878 0.0001
vn -0.6265 0.1105 -0.7715
vn 0.6265 -0.1105 0.7715
vn 0.6265 0.1105 -0.7715
vn -0.6265 -0.1105 0.7715
vn -0.0000 0.7071 0.7071
vn -0.0000 -0.0000 1.0000
vn -0.0000 -0.7071 0.7072
vn -0.0000 1.0000 -0.0000
vn -0.0000 0.7071 -0.7071
vn -0.0000 -0.0000 -1.0000
vn -0.0000 -0.7071 -0.7072
vn -0.0000 -0.7071 -0.7071
vn -0.0000 -1.0000 -0.0000
vn -0.0000 -0.7071 0.7071
vn -0.0001 -0.7071 0.7071
vn 0.0119 -0.0972 0.9952
vn 0.0120 -0.0974 0.9952
vn 0.0467 -0.3799 0.9239
vn 0.0467 -0.3798 0.9239
vn 0.0862 -0.7018 0.7071
vn -0.9928 -0.1196 -0.0000
vn -0.9927 -0.1207 -0.0000
vn -0.9927 -0.1209 -0.0000
vn -0.9925 -0.1220 -0.0000
vn 0.9928 0.1196 -0.0000
vn 0.9927 0.1209 -0.0000
vn 0.9927 0.1207 -0.0000
vn 0.9925 0.1220 -0.0000
vn -0.0120 0.0974 -0.9952
vn -0.0119 0.0972 -0.9952
vn -0.0467 0.3799 -0.9239
vn -0.0862 0.7018 -0.7071
vn -0.0863 0.7018 -0.7071
vn -0.0467 0.3798 -0.9239
vn 0.0863 -0.7019 0.7071
vn 0.0862 -0.7019 0.7071
vn 0.1127 -0.9170 0.3826
vn 0.1127 -0.9170 0.3827
vn 0.1214 -0.9878 0.0980
vn 0.1220 -0.9925 -0.0000
vn -0.0862 0.7019 -0.7071
vn -0.0863 0.7019 -0.7071
vn -0.1127 0.9170 -0.3827
vn -0.1215 0.9877 -0.0980
vn -0.1220 0.9925 -0.0000
vn 0.1213 -0.9878 0.0980
vn -0.1214 0.9878 -0.0980
vn -0.1213 0.9878 -0.0980
vn 0.1245 -0.9922 -0.0000
vn -0.1245 0.9922 -0.0000
vn 0.1219 -0.9925 -0.0000
vn -0.1219 0.9925 -0.0000
vn -0.0000 0.0003 1.0000
vn -0.0001 0.0003 1.0000
vn 0.1219 -0.9925 0.0004
vn -0.0000 -0.0003 -1.0000
vn -0.1220 0.9925 -0.0004
vn -0.0096 0.1953 0.9807
vn 0.9926 0.1210 -0.0048
vn 0.0096 -0.1953 -0.9807
vn -0.9926 -0.1210 0.0048
vn -0.0119 -0.0972 0.9952
vn -0.0120 -0.0974 0.9952
vn -0.0467 -0.3799 0.9239
vn -0.0467 -0.3798 0.9239
vn -0.0862 -0.7018 0.7071
vn -0.0863 -0.7018 0.7071
vn 0.9928 -0.1196 -0.0000
vn 0.9927 -0.1207 -0.0000
vn 0.9927 -0.1209 -0.0000
vn 0.9925 -0.1220 -0.0000
vn -0.9928 0.1196 -0.0000
vn -0.9927 0.1209 -0.0000
vn -0.9927 0.1207 -0.0000
vn -0.9925 0.1220 -0.0000
vn 0.0120 0.0974 -0.9952
vn 0.0119 0.0972 -0.9952
vn 0.0467 0.3799 -0.9239
vn 0.0863 0.7018 -0.7071
vn 0.0862 0.7018 -0.7071
vn 0.0467 0.3798 -0.9239
vn -0.0862 -0.7019 0.7071
vn -0.1127 -0.9170 0.3826
vn -0.0863 -0.7019 0.7071
vn -0.1127 -0.9170 0.3827
vn -0.1214 -0.9878 0.0980
vn -0.1220 -0.9925 -0.0000
vn 0.0863 0.7019 -0.7071
vn 0.1127 0.9170 -0.3827
vn 0.0862 0.7019 -0.7071
vn 0.1215 0.9877 -0.0980
vn 0.1220 0.9925 -0.0000
vn -0.1213 -0.9878 0.0980
vn 0.1214 0.9878 -0.0980
vn 0.1213 0.9878 -0.0980
vn -0.1245 -0.9922 -0.0000
vn 0.1245 0.9922 -0.0000
vn -0.1219 -0.9925 -0.0000
vn 0.0001 0.0003 1.0000
vn -0.1219 -0.9925 0.0004
vn 0.1220 0.9925 -0.0004
vn 0.1219 0.9925 -0.0000
vn 0.0096 0.1953 0.9807
vn -0.9926 0.1210 -0.0048
vn -0.0096 -0.1953 -0.9807
vn 0.9926 -0.1210 0.0048
vn 0.0721 0.8244 0.5614
vn -0.0721 0.8244 0.5614
vn -0.0010 -0.0008 -1.0000
vn -0.0010 -0.0009 -1.0000
vn 0.0010 -0.0008 -1.0000
vn 0.0010 -0.0009 -1.0000
vn 0.2274 0.1812 0.9568
vn 0.2886 -0.0318 0.9569
vn 0.1814 -0.2256 0.9572
vn 0.0335 0.2885 0.9569
vn -0.0316 -0.2868 0.9575
vn -0.1794 0.2272 0.9572
vn -0.2255 -0.1796 0.9576
vn -0.2867 0.0334 0.9574
vn 0.0010 0.0009 1.0000
vn 0.1813 -0.2256 0.9572
vn -0.2274 0.1812 0.9568
vn -0.2886 -0.0318 0.9569
vn -0.1814 -0.2256 0.9572
vn -0.0335 0.2885 0.9569
vn 0.0316 -0.2868 0.9575
vn 0.1794 0.2272 0.9572
vn 0.2255 -0.1796 0.9576
vn 0.2867 0.0334 0.9574
vn -0.1813 -0.2256 0.9572
vn -0.0010 0.0009 1.0000
vn 0.3445 0.2503 0.9048
vn 0.4258 -0.0000 0.9048
vn 0.3445 -0.2503 0.9048
vn 0.1316 0.4050 0.9048
vn 0.1316 -0.4050 0.9048
vn -0.1316 0.4050 0.9048
vn -0.1316 -0.4050 0.9048
vn -0.3445 0.2503 0.9048
vn -0.3445 -0.2503 0.9048
vn -0.4258 -0.0000 0.9048
vn 0.7782 -0.0000 0.6280
vn 0.6296 -0.4574 0.6280
vn 0.4345 -0.0000 0.9007
vn 0.3516 -0.2554 0.9006
vn 0.3516 0.2554 0.9006
vn 0.2405 -0.7401 0.6280
vn 0.6296 0.4574 0.6280
vn 0.1343 -0.4133 0.9007
vn 0.1343 0.4133 0.9006
vn -0.2405 -0.7401 0.6280
vn 0.2404 0.7401 0.6280
vn -0.1343 -0.4133 0.9007
vn -0.1343 0.4133 0.9006
vn -0.6296 -0.4574 0.6280
vn -0.2405 0.7401 0.6280
vn -0.3515 -0.2554 0.9007
vn -0.3515 0.2554 0.9007
vn -0.7782 -0.0000 0.6280
vn -0.6296 0.4574 0.6280
vn -0.4345 -0.0000 0.9007
vn 0.7530 -0.5471 -0.3655
vn 0.9308 -0.0000 -0.3655
vn 0.5668 -0.4118 -0.7136
vn 0.7006 -0.0000 -0.7136
vn 0.2165 -0.6663 -0.7136
vn 0.7530 0.5471 -0.3655
vn 0.2876 -0.8852 -0.3655
vn 0.5667 0.4118 -0.7136
vn -0.2165 -0.6663 -0.7136
vn 0.2876 0.8853 -0.3655
vn -0.2877 -0.8852 -0.3655
vn 0.2165 0.6663 -0.7136
vn -0.5668 -0.4118 -0.7136
vn -0.2876 0.8853 -0.3655
vn -0.7531 -0.5471 -0.3655
vn -0.2165 0.6663 -0.7136
vn -0.7006 -0.0000 -0.7136
vn -0.7530 0.5471 -0.3655
vn -0.9308 -0.0000 -0.3655
vn -0.5667 0.4118 -0.7136
vt -10.390860 0.197808
vt -10.390773 0.196184
vt -10.388526 0.197636
vt -10.388456 0.196316
vt -10.391068 0.201731
vt -10.390984 0.200146
vt -10.388751 0.201863
vt -10.388679 0.200504
vt 11.388456 0.196316
vt 11.390773 0.196184
vt 11.388526 0.197636
vt 11.390860 0.197808
vt 11.388679 0.200504
vt 11.390984 0.200146
vt 11.388751 0.201863
vt 11.391068 0.201731
vt 0.507669 0.198371
vt 0.510189 0.197781
vt 0.507669 0.199866
vt 0.510189 0.200456
vt 0.512702 0.198371
vt 0.512702 0.199866
vt 0.513896 0.197636
vt 0.516349 0.197636
vt 0.513896 0.200504
vt 0.516349 0.200504
vt 0.517538 0.196316
vt 0.517538 0.201863
vt 0.520914 0.196316
vt 0.520914 0.201863
vt 0.516349 -10.388526
vt 0.513896 -10.388526
vt 0.516349 -10.390860
vt 0.513896 -10.390860
vt 0.510189 -10.388466
vt 0.510189 -10.390810
vt 0.506482 -10.390860
vt 0.506482 -10.388526
vt 0.504029 -10.390860
vt 0.504029 -10.388526
vt 0.517538 -10.390773
vt 0.519870 -10.390773
vt 0.517538 -10.388456
vt 0.520914 -10.388456
vt 0.480130 -10.391068
vt 0.482462 -10.391068
vt 0.479086 -10.388751
vt 0.482462 -10.388751
vt 0.483651 -10.390984
vt 0.486104 -10.390984
vt 0.483651 -10.388679
vt 0.486104 -10.388679
vt 0.489811 -10.391033
vt 0.489811 -10.388739
vt 0.493518 -10.388679
vt 0.493518 -10.390984
vt 0.495971 -10.388679
vt 0.495971 -10.390984
vt 0.487298 -10.386859
vt 0.489811 -10.386890
vt 0.492331 -10.386859
vt 11.388679 0.200504
vt 11.386780 0.198371
vt 11.386859 0.199866
vt 0.512702 -10.386780
vt 0.510189 -10.386748
vt 0.507669 -10.386780
vt 0.480130 0.201731
vt 0.480130 0.196184
vt 0.482462 0.201731
vt 0.482462 0.196184
vt 0.483651 0.200146
vt 0.483651 0.197808
vt 0.486104 0.200146
vt 0.486104 0.197808
vt 0.489811 0.201069
vt 0.489811 0.196885
vt 0.493518 0.197808
vt 0.493518 0.200146
vt 0.495971 0.197808
vt 0.495971 0.200146
vt 0.497160 0.196184
vt 0.497160 0.201731
vt 0.499492 0.196184
vt 0.499492 0.201731
vt -10.403908 0.199061
vt -10.403776 0.197327
vt -10.401894 0.199176
vt -10.401761 0.197442
vt -10.397473 0.199427
vt -10.397341 0.197693
vt -10.393772 0.199637
vt -10.393640 0.197904
vt -10.390591 0.199818
vt -10.390458 0.198084
vt 11.403820 0.197325
vt 11.403952 0.199059
vt 11.401816 0.197439
vt 11.401949 0.199173
vt 11.397398 0.197690
vt 11.397531 0.199424
vt 11.393694 0.197900
vt 11.393826 0.199634
vt 11.390515 0.198081
vt 11.390648 0.199815
vt 0.505057 -10.390471
vt 0.500534 -10.390458
vt 0.504475 -10.393650
vt 0.501129 -10.393640
vt 0.505057 -10.397354
vt 0.500534 -10.397341
vt 0.504640 -10.401772
vt 0.501012 -10.401761
vt 0.502862 -10.403776
vt 11.390603 0.199818
vt 11.390471 0.198084
vt 11.393782 0.199637
vt 11.393650 0.197903
vt 11.397487 0.199426
vt 11.397354 0.197692
vt 11.401905 0.199175
vt 11.401772 0.197441
vt 11.403908 0.199061
vt 11.403776 0.197327
vt 0.494943 -10.390603
vt 0.495525 -10.393782
vt 0.499466 -10.390591
vt 0.498871 -10.393772
vt 0.499466 -10.397473
vt 0.494943 -10.397487
vt 0.498988 -10.401894
vt 0.495360 -10.401905
vt 0.497138 -10.403908
vt -10.390502 0.198082
vt -10.390635 0.199816
vt -10.393683 0.197901
vt -10.393816 0.199635
vt -10.397385 0.197691
vt -10.397517 0.199425
vt -10.401806 0.197439
vt -10.401937 0.199173
vt -10.403820 0.197325
vt -10.403952 0.199059
vt 0.515355 -10.390502
vt 0.515934 -10.393683
vt 0.519879 -10.390515
vt 0.519279 -10.393694
vt 0.519879 -10.397398
vt 0.515355 -10.397385
vt 0.519449 -10.401816
vt 0.515821 -10.401806
vt 0.517612 -10.403820
vt 0.484645 -10.390635
vt 0.480121 -10.390648
vt 0.484066 -10.393816
vt 0.480721 -10.393826
vt 0.484645 -10.397517
vt 0.480121 -10.397531
vt 0.484179 -10.401937
vt 0.480551 -10.401949
vt 0.482388 -10.403952
vt 0.506482 0.197636
vt 0.506482 0.200504
vt 0.504029 0.197636
vt 0.504029 0.200504
vt 0.502840 0.196316
vt 0.502840 0.201863
vt 0.499463 0.196316
vt 0.499463 0.201863
vt 0.499463 -10.388456
vt 0.500508 -10.390773
vt 0.502840 -10.388456
vt 0.502840 -10.390773
vt -10.391068 0.201731
vt 0.497160 -10.388751
vt 0.497160 -10.391068
vt 0.500537 -10.388751
vt 0.499492 -10.391068
vt -10.386859 0.199866
vt -10.388679 0.200504
vt -10.386780 0.198371
vt -10.389035 0.198113
vt -10.389158 0.199728
vt -10.414649 0.196657
vt -10.414772 0.198271
vt 11.389166 0.199722
vt 11.389042 0.198107
vt 11.414780 0.198269
vt 11.414656 0.196652
vt 0.489350 0.196290
vt 0.490161 0.196292
vt 0.489350 0.198084
vt 0.490161 0.198085
vt 0.509827 -10.414651
vt 0.508739 -10.389035
vt 0.508978 -10.414649
vt 0.511766 -10.389042
vt 0.510676 -10.414654
vt 0.511525 -10.414656
vt 0.491261 -10.389158
vt 0.490173 -10.414775
vt 0.491022 -10.414772
vt 0.489325 -10.414777
vt 0.488235 -10.389166
vt 0.488476 -10.414780
vt 0.510657 -10.417572
vt 0.509846 -10.417569
vt 0.490155 -10.417747
vt 0.489344 -10.417749
vt 0.491022 0.198271
vt 0.490173 0.198270
vt 0.491022 0.196657
vt 0.490173 0.196655
vt -10.414651 0.196655
vt -10.414775 0.198270
vt -10.417569 0.195974
vt -10.417747 0.198617
vt -10.419090 0.198085
vt -10.418958 0.196292
vt 0.488475 0.196652
vt 0.489324 0.196654
vt 0.488476 0.198269
vt 0.489325 0.198269
vt 11.414654 0.196654
vt 11.417572 0.195972
vt 11.414777 0.198269
vt 11.417749 0.198616
vt 11.418961 0.196290
vt 11.419093 0.198084
vt 0.509839 -10.418958
vt 0.510650 -10.418961
vt 0.489350 -10.419093
vt 0.490161 -10.419090
vt 0.511568 0.200383
vt 0.512083 0.200857
vt 0.511009 0.200825
vt 0.511222 0.201537
vt 0.509466 0.200825
vt 0.509252 0.201537
vt 0.508906 0.200383
vt 0.508391 0.200857
vt 0.511053 -10.415483
vt 0.511568 -10.414968
vt 0.510796 -10.415336
vt 0.511009 -10.414648
vt 0.509679 -10.415336
vt 0.509466 -10.414648
vt 0.509421 -10.415483
vt 0.508906 -10.414968
vt 0.488432 0.200993
vt 0.488947 0.200520
vt 0.488991 0.201435
vt 0.489204 0.200723
vt 0.490534 0.201435
vt 0.490321 0.200723
vt 0.491094 0.200993
vt 0.490579 0.200520
vt 0.487917 -10.415239
vt 0.488432 -10.415754
vt 0.488778 -10.414746
vt 0.488991 -10.415435
vt 0.490748 -10.414746
vt 0.490534 -10.415435
vt 0.491609 -10.415239
vt 0.491094 -10.415754
vt -10.414968 0.200383
vt -10.415239 0.200857
vt -10.417175 0.197338
vt -10.417690 0.197475
vt 11.415483 0.200520
vt 11.414968 0.200383
vt 11.417446 0.197812
vt 11.417175 0.197338
vt 11.415754 0.200993
vt 11.417961 0.197948
vt -10.415754 0.200993
vt -10.417961 0.197948
vt 0.508906 -10.417175
vt 0.508391 -10.417690
vt 0.509466 -10.417495
vt 0.509252 -10.418183
vt 0.511009 -10.417495
vt 0.511222 -10.418183
vt 0.511568 -10.417175
vt 0.512083 -10.417690
vt 0.509421 0.197812
vt 0.508906 0.197338
vt 0.509679 0.197608
vt 0.509466 0.196896
vt 0.510796 0.197608
vt 0.511009 0.196896
vt 0.511053 0.197812
vt 0.511568 0.197338
vt 0.491094 -10.417961
vt 0.490579 -10.417446
vt 0.490534 -10.418282
vt 0.490321 -10.417593
vt 0.488991 -10.418282
vt 0.489204 -10.417593
vt 0.488432 -10.417961
vt 0.488947 -10.417446
vt 0.491609 0.197475
vt 0.491094 0.197948
vt 0.490748 0.196795
vt 0.490534 0.197506
vt 0.488778 0.196795
vt 0.488991 0.197506
vt 0.487917 0.197475
vt 0.488432 0.197948
vt 11.417690 0.197475
vt 11.415239 0.200857
vt -10.417446 0.197812
vt -10.415483 0.200520
vt 0.519941 0.209304
vt 0.517373 0.210625
vt 0.519717 0.205114
vt 0.517373 0.205507
vt 0.514804 0.209304
vt 0.517373 0.198245
vt 0.515029 0.205114
vt 11.410207 0.198245
vt 11.412815 0.204320
vt 11.410446 0.205114
vt 11.412806 0.209304
vt 11.413990 0.206663
vt 11.416321 0.207996
vt 11.416321 0.211505
vt -10.410207 0.198245
vt -10.410446 0.205114
vt -10.412815 0.204320
vt -10.413990 0.206663
vt -10.412806 0.209304
vt -10.416321 0.211505
vt -10.416321 0.207996
vt 0.480059 -10.412806
vt 0.479826 -10.416321
vt 0.482627 -10.412206
vt 0.482627 -10.416321
vt 0.485196 -10.412806
vt 0.485429 -10.416321
vt 0.520145 -10.416321
vt 0.519925 -10.413990
vt 0.517373 -10.416321
vt 0.517373 -10.414565
vt 0.514600 -10.416321
vt 0.514820 -10.413990
vt 0.480075 0.206663
vt 0.480289 0.204320
vt 0.482627 0.205295
vt 0.482627 0.203927
vt 0.482627 0.198245
vt 0.484966 0.204320
vt 0.485180 0.206663
vt 0.479995 0.209304
vt 0.480219 0.205114
vt 0.482563 0.210625
vt 0.482563 0.205507
vt 0.482563 0.198245
vt 0.485131 0.209304
vt 0.484907 0.205114
vt 0.520005 -10.412806
vt 0.517437 -10.412206
vt 0.520238 -10.416321
vt 0.517437 -10.416321
vt 0.514869 -10.412806
vt 0.514636 -10.416321
vt 0.479791 -10.416321
vt 0.482563 -10.416321
vt 0.480011 -10.413990
vt 0.482563 -10.414565
vt 0.485335 -10.416321
vt 0.485115 -10.413990
vt 0.519989 0.206663
vt 0.517437 0.205295
vt 0.519775 0.204320
vt 0.517437 0.203927
vt 0.517437 0.198245
vt 0.515099 0.204320
vt 0.514885 0.206663
vt 0.448067 -10.448359
vt 0.446052 -10.465348
vt 0.454257 -10.449027
vt 0.452242 -10.466017
vt 0.551931 0.195995
vt 0.551933 0.197481
vt 0.545742 0.196000
vt 0.545743 0.197487
vt 11.465347 0.195978
vt 11.465348 0.197464
vt 11.448358 0.195995
vt 11.448359 0.197481
vt 0.452243 0.195984
vt 0.452242 0.197470
vt 0.446054 0.195978
vt 0.446052 0.197464
vt -10.449026 0.196000
vt -10.449027 0.197487
vt -10.466016 0.195984
vt -10.466017 0.197470
vt 11.451104 0.201806
vt 11.451099 0.196336
vt 11.452218 0.201805
vt 11.452213 0.196334
vt 11.453442 0.201804
vt 11.453438 0.196333
vt 0.550363 0.196336
vt 0.550368 0.201806
vt 0.549081 0.196337
vt 0.549086 0.201808
vt 0.547913 0.196338
vt 0.547919 0.201808
vt -10.451365 0.196338
vt -10.451368 0.201808
vt -10.452588 0.196337
vt -10.452593 0.201808
vt -10.453702 0.196335
vt -10.453707 0.201806
vt 0.451809 0.196335
vt 0.451804 0.201806
vt 0.450527 0.196334
vt 0.450522 0.201804
vt 0.449360 0.196333
vt 0.449354 0.201804
vt 11.450677 0.202877
vt 11.450676 0.201806
vt 11.452157 0.202875
vt 11.452157 0.201804
vt 11.453784 0.202874
vt 11.453783 0.201803
vt 0.550726 0.201806
vt 0.550727 0.202877
vt 0.549022 0.201808
vt 0.549023 0.202880
vt 0.547471 0.201809
vt 0.547472 0.202880
vt -10.451028 0.201809
vt -10.451029 0.202880
vt -10.452654 0.201808
vt -10.452655 0.202879
vt -10.454135 0.201806
vt -10.454136 0.202877
vt 0.452161 0.201806
vt 0.452160 0.202877
vt 0.450457 0.201804
vt 0.450456 0.202875
vt 0.448906 0.201803
vt 0.448905 0.202874
vt 11.463014 0.201794
vt 11.461790 0.201795
vt 11.463009 0.196324
vt 11.461785 0.196324
vt 11.460676 0.201797
vt 11.460671 0.196326
vt 0.448225 0.196324
vt 0.449392 0.196324
vt 0.448219 0.201794
vt 0.449386 0.201795
vt 0.450674 0.196326
vt 0.450669 0.201797
vt -10.463274 0.196326
vt -10.462159 0.196328
vt -10.463278 0.201797
vt -10.462164 0.201798
vt -10.460936 0.196328
vt -10.460940 0.201799
vt 0.549049 0.196328
vt 0.550216 0.196328
vt 0.549054 0.201799
vt 0.550221 0.201798
vt 0.551498 0.196326
vt 0.551504 0.201797
vt 11.463355 0.202865
vt 11.461729 0.202866
vt 11.463354 0.201794
vt 11.461728 0.201795
vt 11.460249 0.202868
vt 11.460248 0.201797
vt 0.447771 0.201794
vt 0.449322 0.201794
vt 0.447770 0.202865
vt 0.449321 0.202866
vt 0.451026 0.201797
vt 0.451025 0.202868
vt -10.463706 0.201797
vt -10.462226 0.201799
vt -10.463707 0.202868
vt -10.462227 0.202870
vt -10.460600 0.201800
vt -10.460600 0.202871
vt 0.548606 0.201800
vt 0.550157 0.201799
vt 0.548607 0.202871
vt 0.550158 0.202870
vt 0.551861 0.201797
vt 0.551862 0.202868
vt 0.547694 -10.466017
vt 0.553883 -10.465348
vt 0.545679 -10.449027
vt 0.551868 -10.448359
vt 0.454321 0.197487
vt 0.448132 0.197481
vt 0.454323 0.196000
vt 0.448133 0.195995
vt -10.448359 0.197481
vt -10.465348 0.197464
vt -10.448358 0.195995
vt -10.465347 0.195978
vt 0.553883 0.197464
vt 0.547694 0.197470
vt 0.553882 0.195978
vt 0.547692 0.195984
vt 11.466017 0.197470
vt 11.449027 0.197487
vt 11.466016 0.195984
vt 11.449026 0.196000
vt -10.451104 0.201806
vt -10.452218 0.201805
vt -10.451099 0.196336
vt -10.452213 0.196334
vt -10.453442 0.201804
vt -10.453438 0.196333
vt 0.449702 0.196336
vt 0.450984 0.196337
vt 0.449696 0.201806
vt 0.450978 0.201808
vt 0.452151 0.196338
vt 0.452146 0.201808
vt 11.451365 0.196338
vt 11.452588 0.196337
vt 11.451368 0.201808
vt 11.452593 0.201808
vt 11.453702 0.196335
vt 11.453707 0.201806
vt 0.548126 0.196335
vt 0.549408 0.196334
vt 0.548132 0.201806
vt 0.549414 0.201804
vt 0.550576 0.196333
vt 0.550581 0.201804
vt -10.450677 0.202877
vt -10.452158 0.202875
vt -10.450676 0.201806
vt -10.452157 0.201804
vt -10.453784 0.202874
vt -10.453783 0.201803
vt 0.449339 0.201806
vt 0.451043 0.201808
vt 0.449338 0.202877
vt 0.451042 0.202880
vt 0.452594 0.201809
vt 0.452593 0.202880
vt 11.451028 0.201809
vt 11.452654 0.201808
vt 11.451029 0.202880
vt 11.452655 0.202879
vt 11.454135 0.201806
vt 11.454136 0.202877
vt 0.547774 0.201806
vt 0.549478 0.201804
vt 0.547776 0.202877
vt 0.549479 0.202875
vt 0.551030 0.201803
vt 0.551031 0.202874
vt -10.463014 0.201794
vt -10.463009 0.196324
vt -10.461790 0.201795
vt -10.461785 0.196324
vt -10.460676 0.201797
vt -10.460671 0.196326
vt 0.551711 0.196324
vt 0.551716 0.201794
vt 0.550543 0.196324
vt 0.550549 0.201795
vt 0.549261 0.196326
vt 0.549267 0.201797
vt 11.463274 0.196326
vt 11.463278 0.201797
vt 11.462159 0.196328
vt 11.462164 0.201798
vt 11.460936 0.196328
vt 11.460940 0.201799
vt 0.451016 0.196328
vt 0.451010 0.201799
vt 0.449849 0.196328
vt 0.449843 0.201798
vt 0.448567 0.196326
vt 0.448561 0.201797
vt -10.463355 0.202865
vt -10.463355 0.201794
vt -10.461729 0.202866
vt -10.461728 0.201795
vt -10.460249 0.202868
vt -10.460248 0.201797
vt 0.552165 0.201794
vt 0.552166 0.202865
vt 0.550614 0.201794
vt 0.550615 0.202866
vt 0.548910 0.201797
vt 0.548911 0.202868
vt 11.463706 0.201797
vt 11.463707 0.202868
vt 11.462226 0.201799
vt 11.462227 0.202870
vt 11.460600 0.201800
vt 11.460600 0.202871
vt 0.451459 0.201800
vt 0.451458 0.202871
vt 0.449908 0.201799
vt 0.449906 0.202870
vt 0.448204 0.201797
vt 0.448203 0.202868
vt 11.457978 0.170239
vt 11.447556 0.170239
vt 11.458227 0.169271
vt 11.447742 0.169271
vt 11.457978 0.168302
vt 11.436014 0.170239
vt 11.447556 0.168302
vt 11.436062 0.169271
vt 11.424205 0.170239
vt 11.436014 0.168302
vt 11.424109 0.169271
vt 11.412930 0.170239
vt 11.424205 0.168302
vt 11.412700 0.169271
vt 11.402961 0.170239
vt 11.412930 0.168302
vt 11.402610 0.169271
vt 11.402961 0.168302
vt 0.448470 -10.457479
vt 0.442854 -10.447183
vt 0.447465 -10.457978
vt 0.441781 -10.447556
vt 0.440238 -10.435920
vt 0.439100 -10.436014
vt 0.440765 -10.424394
vt 0.439640 -10.424205
vt 0.444400 -10.413391
vt 0.443365 -10.412930
vt 0.450894 -10.403661
vt 0.450019 -10.402961
vt 0.459861 -10.395819
vt 0.459096 -10.395022
vt -10.457479 0.168302
vt -10.447183 0.168302
vt -10.457230 0.169271
vt -10.446997 0.169271
vt -10.457479 0.170239
vt -10.435920 0.168302
vt -10.447183 0.170239
vt -10.435872 0.169271
vt -10.424394 0.168302
vt -10.435920 0.170239
vt -10.424488 0.169271
vt -10.413391 0.168302
vt -10.424394 0.170239
vt -10.413622 0.169271
vt -10.403661 0.168302
vt -10.413391 0.170239
vt -10.404012 0.169271
vt -10.403661 0.170239
vt 0.552535 -10.457978
vt 0.558219 -10.447556
vt 0.551530 -10.457479
vt 0.557146 -10.447183
vt 0.560900 -10.436014
vt 0.559762 -10.435920
vt 0.560360 -10.424205
vt 0.559235 -10.424394
vt 0.556635 -10.412930
vt 0.555600 -10.413391
vt 0.549981 -10.402961
vt 0.549106 -10.403661
vt 0.540904 -10.395022
vt 0.540139 -10.395819
vt 0.549981 0.170239
vt 0.540904 0.170239
vt 0.550418 0.169271
vt 0.541287 0.169271
vt 0.549981 0.168302
vt 0.540904 0.168302
vt 0.459861 0.170239
vt 0.450894 0.170239
vt 0.460243 0.169271
vt 0.451332 0.169271
vt 0.459861 0.168302
vt 0.450894 0.168302
vt 0.442799 -10.447722
vt 0.452707 -10.444281
vt 0.442448 -10.446803
vt 0.452357 -10.443361
vt 0.557552 0.169661
vt 0.547643 0.161078
vt 0.558164 0.168880
vt 0.548256 0.160297
vt 0.558164 -10.447016
vt 0.548256 -10.443574
vt 0.557814 -10.447935
vt 0.547905 -10.444493
vt 0.442186 0.168880
vt 0.452095 0.160297
vt 0.442799 0.169661
vt 0.452707 0.161078
vt 0.440038 -10.436427
vt 0.450543 -10.435550
vt 0.439949 -10.435452
vt 0.450453 -10.434575
vt 0.560051 0.169661
vt 0.549547 0.161078
vt 0.560700 0.168880
vt 0.550196 0.160297
vt 0.560700 -10.435507
vt 0.550196 -10.434629
vt 0.560611 -10.436481
vt 0.550107 -10.435604
vt 0.439389 0.168880
vt 0.449893 0.160297
vt 0.440038 0.169661
vt 0.450543 0.161078
vt 0.440435 -10.424835
vt 0.450819 -10.426582
vt 0.440613 -10.423871
vt 0.450997 -10.425619
vt 0.559387 0.169661
vt 0.549003 0.161078
vt 0.560029 0.168880
vt 0.549645 0.160297
vt 0.560029 -10.423763
vt 0.549645 -10.425511
vt 0.560207 -10.424726
vt 0.549823 -10.426475
vt 0.439793 0.168880
vt 0.450177 0.160297
vt 0.440435 0.169661
vt 0.450819 0.161078
vt 0.443961 -10.413735
vt 0.453518 -10.417989
vt 0.444394 -10.412849
vt 0.453951 -10.417102
vt 0.555606 0.169661
vt 0.546049 0.161078
vt 0.556197 0.168880
vt 0.546640 0.160297
vt 0.556197 -10.412586
vt 0.546640 -10.416840
vt 0.556630 -10.413472
vt 0.547073 -10.417726
vt 0.443370 0.168880
vt 0.452927 0.160297
vt 0.443961 0.169661
vt 0.453518 0.161078
vt 0.450377 -10.403886
vt 0.458455 -10.410355
vt 0.451036 -10.403136
vt 0.459113 -10.409605
vt 0.548964 0.169661
vt 0.540887 0.161078
vt 0.549464 0.168880
vt 0.541386 0.160297
vt 0.549464 -10.402736
vt 0.541386 -10.409205
vt 0.550122 -10.403485
vt 0.542045 -10.409955
vt 0.449878 0.168880
vt 0.457955 0.160297
vt 0.450377 0.169661
vt 0.458455 0.161078
vt -10.457978 0.170239
vt -10.458227 0.169271
vt -10.447556 0.170239
vt -10.447742 0.169271
vt -10.457978 0.168302
vt -10.436014 0.170239
vt -10.447556 0.168302
vt -10.436062 0.169271
vt -10.424205 0.170239
vt -10.436014 0.168302
vt -10.424109 0.169271
vt -10.412930 0.170239
vt -10.424205 0.168302
vt -10.412700 0.169271
vt -10.402961 0.170239
vt -10.412930 0.168302
vt -10.402610 0.169271
vt -10.402961 0.168302
vt 0.551466 -10.457479
vt 0.552470 -10.457978
vt 0.557082 -10.447183
vt 0.558155 -10.447556
vt 0.559698 -10.435920
vt 0.560836 -10.436014
vt 0.559171 -10.424394
vt 0.560295 -10.424205
vt 0.555536 -10.413391
vt 0.556571 -10.412930
vt 0.549042 -10.403661
vt 0.549916 -10.402961
vt 0.540075 -10.395819
vt 0.540840 -10.395022
vt 11.457479 0.168302
vt 11.457230 0.169271
vt 11.447183 0.168302
vt 11.446997 0.169271
vt 11.457479 0.170239
vt 11.435920 0.168302
vt 11.447183 0.170239
vt 11.435872 0.169271
vt 11.424394 0.168302
vt 11.435920 0.170239
vt 11.424488 0.169271
vt 11.413391 0.168302
vt 11.424394 0.170239
vt 11.413622 0.169271
vt 11.403661 0.168302
vt 11.413391 0.170239
vt 11.404012 0.169271
vt 11.403661 0.170239
vt 0.447530 -10.457978
vt 0.448534 -10.457479
vt 0.441845 -10.447556
vt 0.442918 -10.447183
vt 0.439164 -10.436014
vt 0.440302 -10.435920
vt 0.439705 -10.424205
vt 0.440829 -10.424394
vt 0.443429 -10.412930
vt 0.444464 -10.413391
vt 0.450084 -10.402961
vt 0.450958 -10.403661
vt 0.459160 -10.395022
vt 0.459925 -10.395819
vt 0.450084 0.170239
vt 0.449646 0.169271
vt 0.459160 0.170239
vt 0.458777 0.169271
vt 0.450084 0.168302
vt 0.459160 0.168302
vt 0.540075 0.170239
vt 0.539692 0.169271
vt 0.549042 0.170239
vt 0.548604 0.169271
vt 0.540075 0.168302
vt 0.549042 0.168302
vt 0.547579 -10.443361
vt 0.547228 -10.444281
vt 0.557487 -10.446803
vt 0.557137 -10.447722
vt 0.451809 0.160297
vt 0.452421 0.161078
vt 0.441900 0.168880
vt 0.442513 0.169661
vt 0.452159 -10.444493
vt 0.451809 -10.443574
vt 0.442251 -10.447935
vt 0.441900 -10.447016
vt 0.547228 0.161078
vt 0.547841 0.160297
vt 0.557137 0.169661
vt 0.557749 0.168880
vt 0.549482 -10.434575
vt 0.549393 -10.435550
vt 0.559987 -10.435452
vt 0.559897 -10.436427
vt 0.449868 0.160297
vt 0.450518 0.161078
vt 0.439364 0.168880
vt 0.440013 0.169661
vt 0.449957 -10.435604
vt 0.449868 -10.434629
vt 0.439453 -10.436481
vt 0.439364 -10.435507
vt 0.549393 0.161078
vt 0.550043 0.160297
vt 0.559897 0.169661
vt 0.560547 0.168880
vt 0.548939 -10.425619
vt 0.549117 -10.426582
vt 0.559323 -10.423872
vt 0.559501 -10.424835
vt 0.450419 0.160297
vt 0.451061 0.161078
vt 0.440035 0.168880
vt 0.440677 0.169661
vt 0.450241 -10.426475
vt 0.450419 -10.425511
vt 0.439857 -10.424726
vt 0.440035 -10.423763
vt 0.549117 0.161078
vt 0.549759 0.160297
vt 0.559501 0.169661
vt 0.560143 0.168880
vt 0.545985 -10.417102
vt 0.546418 -10.417989
vt 0.555541 -10.412849
vt 0.555975 -10.413735
vt 0.453424 0.160297
vt 0.454015 0.161078
vt 0.443868 0.168880
vt 0.444459 0.169661
vt 0.452991 -10.417726
vt 0.453424 -10.416840
vt 0.443434 -10.413472
vt 0.443868 -10.412586
vt 0.546418 0.161078
vt 0.547009 0.160297
vt 0.555975 0.169661
vt 0.556566 0.168880
vt 0.540822 -10.409605
vt 0.541481 -10.410355
vt 0.548900 -10.403136
vt 0.549559 -10.403886
vt 0.458678 0.160297
vt 0.459178 0.161078
vt 0.450601 0.168880
vt 0.451100 0.169661
vt 0.458019 -10.409954
vt 0.458678 -10.409205
vt 0.449942 -10.403485
vt 0.450601 -10.402736
vt 0.541481 0.161078
vt 0.541981 0.160297
vt 0.549559 0.169661
vt 0.550058 0.168880
vt 11.410951 0.200717
vt 11.410951 0.198311
vt 11.413511 0.200717
vt 11.413511 0.198311
vt 11.416072 0.200717
vt 11.416072 0.198311
vt 0.503726 0.198311
vt 0.503726 0.200717
vt 0.501444 0.198311
vt 0.501444 0.200717
vt 0.498623 0.198311
vt 0.498623 0.200717
vt 0.496341 0.198311
vt 0.496341 0.200717
vt -10.410951 0.198311
vt -10.410951 0.200717
vt -10.413511 0.198311
vt -10.413511 0.200717
vt -10.416072 0.198311
vt -10.416072 0.200717
vt 0.503659 0.198311
vt 0.503659 0.200717
vt 0.501377 0.198311
vt 0.501377 0.200717
vt 0.498556 0.198311
vt 0.498556 0.200717
vt 0.496274 0.198311
vt 0.496274 0.200717
vt 11.411348 0.204699
vt 11.413511 0.204699
vt 11.411348 0.205886
vt 11.413511 0.205886
vt 11.415673 0.204699
vt 11.415673 0.205886
vt 0.503152 0.205886
vt 0.501225 0.205886
vt 0.503152 0.204699
vt 0.501225 0.204699
vt 0.498843 0.205886
vt 0.498843 0.204699
vt 0.496915 0.205886
vt 0.496915 0.204699
vt -10.411348 0.205886
vt -10.413511 0.205886
vt -10.411348 0.204699
vt -10.413511 0.204699
vt -10.415673 0.205886
vt -10.415673 0.204699
vt 0.503085 0.205886
vt 0.501157 0.205886
vt 0.503085 0.204699
vt 0.501157 0.204699
vt 0.498775 0.205886
vt 0.498775 0.204699
vt 0.496848 0.205886
vt 0.496848 0.204699
vt 0.549209 0.178349
vt 0.548567 0.177568
vt 0.559594 0.169766
vt 0.558951 0.168985
vt 0.450383 0.177568
vt 0.449741 0.178349
vt 0.439999 0.168985
vt 0.439357 0.169766
vt 0.441113 0.168985
vt 0.451497 0.177568
vt 0.440471 0.169766
vt 0.450855 0.178349
vt 0.560579 0.169766
vt 0.550195 0.178349
vt 0.559937 0.168985
vt 0.549552 0.177568
vt 0.549617 -10.428941
vt 0.560001 -10.427194
vt 0.548567 -10.423261
vt 0.558951 -10.421514
vt 0.439357 -10.427085
vt 0.449741 -10.428833
vt 0.440406 -10.421405
vt 0.450791 -10.423153
vt 0.451497 -10.423261
vt 0.441113 -10.421514
vt 0.450448 -10.428941
vt 0.440063 -10.427194
vt 0.550195 -10.428833
vt 0.560579 -10.427085
vt 0.549145 -10.423153
vt 0.559529 -10.421405
vt 0.515196 -10.381175
vt 0.515196 -10.378348
vt 0.505068 -10.381175
vt 0.505068 -10.378348
vt 0.515196 -10.375521
vt 0.505068 -10.375521
vt 0.505068 0.205219
vt 0.505068 0.202295
vt 0.515196 0.205219
vt 0.515196 0.202295
vt 0.505068 0.199371
vt 0.515196 0.199371
vt 0.494932 -10.381175
vt 0.494932 -10.378348
vt 0.484804 -10.381175
vt 0.484804 -10.378348
vt 0.494932 -10.375521
vt 0.484804 -10.375521
vt 0.494932 0.199371
vt 0.494932 0.202295
vt 0.484804 0.199371
vt 0.484804 0.202295
vt 0.494932 0.205219
vt 0.484804 0.205219
vt -10.378348 0.197290
vt -10.374927 0.198756
vt -10.381770 0.198756
vt -10.381770 0.205835
vt -10.383187 0.202295
vt -10.374926 0.205835
vt -10.373508 0.202295
vt -10.378348 0.207301
vt 11.374927 0.198756
vt 11.378348 0.197290
vt 11.373508 0.202295
vt 11.378348 0.207301
vt 11.374927 0.205835
vt 11.383187 0.202295
vt 11.381770 0.198756
vt 11.381770 0.205835
vt 0.515196 -10.374926
vt 0.516195 -10.374926
vt 0.516195 -10.378348
vt 0.515196 -10.381770
vt 0.516195 -10.381770
vt 0.483805 0.205835
vt 0.483805 0.202295
vt 0.484804 0.205835
vt 0.483805 0.198756
vt 0.484804 0.198756
vt 0.483805 -10.374927
vt 0.483805 -10.378348
vt 0.484804 -10.374927
vt 0.483805 -10.381770
vt 0.484804 -10.381770
vt 0.516195 0.198756
vt 0.516195 0.202295
vt 0.515196 0.198756
vt 0.516195 0.205835
vt 0.515196 0.205835
vt 0.504068 0.205835
vt 0.504068 0.202295
vt 0.505068 0.205835
vt 0.504068 0.198756
vt 0.505068 0.198756
vt 0.495932 -10.381770
vt 0.495932 -10.378348
vt 0.494932 -10.381770
vt 0.495932 -10.374927
vt 0.494932 -10.374927
vt 0.495932 0.198756
vt 0.495932 0.202295
vt 0.494932 0.198756
vt 0.495932 0.205835
vt 0.494932 0.205835
vt 0.504068 -10.374927
vt 0.504068 -10.378348
vt 0.505068 -10.374927
vt 0.504068 -10.381770
vt 0.505068 -10.381770
vt 11.374927 0.198756
vt 11.374926 0.205835
vt 11.378348 0.207301
vt -10.374927 0.198756
vt -10.378348 0.207301
vt -10.374927 0.205835
vt 0.484740 -10.381175
vt 0.494868 -10.381175
vt 0.484740 -10.378348
vt 0.494868 -10.378348
vt 0.484740 -10.375521
vt 0.494868 -10.375521
vt 0.494868 0.205219
vt 0.484740 0.205219
vt 0.494868 0.202295
vt 0.484740 0.202295
vt 0.494868 0.199371
vt 0.484740 0.199371
vt 0.505132 -10.381175
vt 0.515260 -10.381175
vt 0.505132 -10.378348
vt 0.515260 -10.378348
vt 0.505132 -10.375521
vt 0.515260 -10.375521
vt 0.505132 0.199371
vt 0.515260 0.199371
vt 0.505132 0.202295
vt 0.515260 0.202295
vt 0.505132 0.205219
vt 0.515260 0.205219
vt 0.484740 -10.374926
vt 0.483741 -10.374926
vt 0.483741 -10.378348
vt 0.484740 -10.381770
vt 0.483741 -10.381770
vt 0.516259 0.205835
vt 0.515260 0.205835
vt 0.516259 0.202295
vt 0.516259 0.198756
vt 0.515260 0.198756
vt 0.516259 -10.374927
vt 0.515260 -10.374927
vt 0.516259 -10.378348
vt 0.516259 -10.381770
vt 0.515260 -10.381770
vt 0.483741 0.198756
vt 0.484740 0.198756
vt 0.483741 0.202295
vt 0.483741 0.205835
vt 0.484740 0.205835
vt 0.495867 0.205835
vt 0.494868 0.205835
vt 0.495867 0.202295
vt 0.495867 0.198756
vt 0.494868 0.198756
vt 0.504133 -10.381770
vt 0.505132 -10.381770
vt 0.504133 -10.378348
vt 0.504133 -10.374927
vt 0.505132 -10.374927
vt 0.504133 0.198756
vt 0.505132 0.198756
vt 0.504133 0.202295
vt 0.504133 0.205835
vt 0.505132 0.205835
vt 0.495868 -10.374927
vt 0.494868 -10.374927
vt 0.495867 -10.378348
vt 0.495867 -10.381770
vt 0.494868 -10.381770
vt 0.547430 -10.582608
vt 0.548602 -10.582474
vt 0.530425 -10.447886
vt 0.531598 -10.447752
vt 0.519856 -10.364158
vt 0.521028 -10.364019
vt 0.519376 -10.360431
vt 0.520548 -10.360293
vt 0.518969 -10.357271
vt 0.520142 -10.357134
vt -10.582474 0.195250
vt -10.447752 0.195250
vt -10.582474 0.197056
vt -10.447752 0.197056
vt -10.364019 0.197056
vt -10.364019 0.195250
vt -10.360293 0.196283
vt -10.360956 0.194615
vt -10.357134 0.194083
vt -10.358359 0.192806
vt -10.355022 0.190791
vt -10.356625 0.190100
vt -10.354281 0.186908
vt -10.356015 0.186908
vt -10.356015 0.183481
vt -10.354281 0.183481
vt 11.582608 0.197056
vt 11.447886 0.197056
vt 11.582608 0.195250
vt 11.447886 0.195250
vt 11.364158 0.195250
vt 11.364158 0.197056
vt 11.361094 0.194615
vt 11.360431 0.196283
vt 11.358497 0.192806
vt 11.357271 0.194083
vt 11.356762 0.190100
vt 11.355161 0.190791
vt 11.356153 0.186908
vt 11.354419 0.186908
vt 11.354419 0.183481
vt 11.356153 0.183481
vt 0.557789 -10.582608
vt 0.558961 -10.582474
vt 0.540784 -10.447886
vt 0.541957 -10.447752
vt 0.530064 -10.362960
vt 0.531236 -10.362823
vt 0.529584 -10.359234
vt 0.530757 -10.359097
vt 0.529178 -10.356074
vt 0.530350 -10.355937
vt 11.362960 0.195250
vt 11.362960 0.197056
vt 11.359897 0.194615
vt 11.359234 0.196284
vt 11.357300 0.192806
vt 11.356074 0.194084
vt 11.355564 0.190100
vt 11.353963 0.190791
vt 11.354955 0.186908
vt 11.353222 0.186908
vt 11.353222 0.183481
vt 11.354955 0.183481
vt -10.362823 0.197056
vt -10.362823 0.195250
vt -10.359097 0.196284
vt -10.359759 0.194615
vt -10.355937 0.194084
vt -10.357162 0.192806
vt -10.353826 0.190791
vt -10.355427 0.190100
vt -10.353085 0.186908
vt -10.354817 0.186908
vt -10.354817 0.183481
vt -10.353085 0.183481
vt 0.468402 -10.447752
vt 0.469575 -10.447886
vt 0.478972 -10.364019
vt 0.480144 -10.364158
vt 0.479366 -10.360956
vt 0.480538 -10.361094
vt 0.479701 -10.358359
vt 0.480873 -10.358497
vt 0.458043 -10.447752
vt 0.459216 -10.447886
vt 0.468764 -10.362823
vt 0.469936 -10.362960
vt 0.469158 -10.359759
vt 0.470330 -10.359897
vt 0.469492 -10.357162
vt 0.470665 -10.357300
vt 0.481175 -10.356153
vt 0.481398 -10.354419
vt 0.480002 -10.356015
vt 0.480226 -10.354281
vt 0.470966 -10.354955
vt 0.471190 -10.353222
vt 0.469794 -10.354817
vt 0.470017 -10.353085
vt 0.481031 0.194083
vt 0.479858 0.194083
vt 0.481302 0.190791
vt 0.480130 0.190791
vt 0.481398 0.186908
vt 0.480226 0.186908
vt 0.480226 0.183481
vt 0.481398 0.183481
vt 0.520299 0.192806
vt 0.519127 0.192806
vt 0.520076 0.190100
vt 0.518904 0.190100
vt 0.519998 0.186908
vt 0.518825 0.186908
vt 0.518825 0.183481
vt 0.519998 0.183481
vt 0.470822 0.194084
vt 0.469650 0.194084
vt 0.471094 0.190791
vt 0.469922 0.190791
vt 0.471190 0.186908
vt 0.470017 0.186908
vt 0.470017 0.183481
vt 0.471190 0.183481
vt 0.530508 0.192806
vt 0.529335 0.192806
vt 0.530284 0.190100
vt 0.529112 0.190100
vt 0.530206 0.186908
vt 0.529034 0.186908
vt 0.529034 0.183481
vt 0.530206 0.183481
vt 0.519392 -10.354877
vt 0.519463 -10.355419
vt 0.529393 -10.353681
vt 0.529464 -10.354221
vt 0.480608 0.186625
vt 0.480608 0.187190
vt 0.470607 0.186626
vt 0.470607 0.187190
vt 0.480537 -10.355419
vt 0.480608 -10.354877
vt 0.470536 -10.354221
vt 0.470607 -10.353681
vt 0.519463 0.187190
vt 0.519463 0.186625
vt 0.529464 0.187190
vt 0.529464 0.186626
vt 0.519456 -10.355609
vt 0.519525 -10.356151
vt 0.529456 -10.354437
vt 0.529526 -10.354978
vt 0.480544 0.190163
vt 0.480544 0.190728
vt 0.470544 0.190164
vt 0.470544 0.190728
vt 0.480474 -10.356151
vt 0.480544 -10.355609
vt 0.470474 -10.354978
vt 0.470544 -10.354437
vt 0.519525 0.190728
vt 0.519526 0.190163
vt 0.529526 0.190728
vt 0.529526 0.190164
vt 0.519703 -10.357533
vt 0.519773 -10.358074
vt 0.529704 -10.356359
vt 0.529774 -10.356901
vt 0.480297 0.193163
vt 0.480297 0.193727
vt 0.470296 0.193163
vt 0.470296 0.193727
vt 0.480227 -10.358074
vt 0.480297 -10.357533
vt 0.470226 -10.356901
vt 0.470296 -10.356359
vt 0.519773 0.193727
vt 0.519773 0.193163
vt 0.529774 0.193727
vt 0.529774 0.193163
vt 0.520074 -10.360411
vt 0.520144 -10.360952
vt 0.530075 -10.359238
vt 0.530144 -10.359779
vt 0.479926 0.195167
vt 0.479926 0.195731
vt 0.469925 0.195167
vt 0.469925 0.195731
vt 0.479856 -10.360952
vt 0.479926 -10.360411
vt 0.469856 -10.359779
vt 0.469925 -10.359238
vt 0.520144 0.195731
vt 0.520144 0.195167
vt 0.530144 0.195731
vt 0.530144 0.195167
vt 0.520511 -10.363806
vt 0.520581 -10.364347
vt 0.530512 -10.362633
vt 0.530581 -10.363174
vt 0.479489 0.195871
vt 0.479489 0.196435
vt 0.469488 0.195871
vt 0.469488 0.196435
vt 0.479419 -10.364347
vt 0.479489 -10.363806
vt 0.469419 -10.363174
vt 0.469488 -10.362633
vt 0.520581 0.196435
vt 0.520581 0.195871
vt 0.530581 0.196435
vt 0.530581 0.195871
vt 0.518996 -10.356562
vt 0.521152 -10.373312
vt 0.519930 -10.356455
vt 0.522087 -10.373204
vt 11.356322 0.187872
vt 11.373073 0.184401
vt 11.356562 0.189122
vt 11.373312 0.185651
vt 0.480094 -10.356215
vt 0.477938 -10.372966
vt 0.481029 -10.356322
vt 0.478872 -10.373073
vt -10.356455 0.189135
vt -10.373204 0.185664
vt -10.356215 0.187885
vt -10.372966 0.184414
vt 0.529204 -10.355364
vt 0.531361 -10.372114
vt 0.530138 -10.355257
vt 0.532295 -10.372007
vt 11.355125 0.187873
vt 11.371875 0.184401
vt 11.355364 0.189122
vt 11.372114 0.185651
vt 0.469886 -10.355018
vt 0.467729 -10.371768
vt 0.470821 -10.355125
vt 0.468664 -10.371875
vt -10.355257 0.189135
vt -10.372007 0.185664
vt -10.355018 0.187886
vt -10.371768 0.184414
vt 0.452505 -10.582608
vt 0.469510 -10.447886
vt 0.451333 -10.582474
vt 0.468338 -10.447752
vt 0.480080 -10.364158
vt 0.478908 -10.364019
vt 0.480560 -10.360431
vt 0.479388 -10.360293
vt 0.480967 -10.357271
vt 0.479794 -10.357134
vt 11.582474 0.195250
vt 11.582474 0.197056
vt 11.447752 0.195250
vt 11.447752 0.197056
vt 11.364019 0.197056
vt 11.364019 0.195250
vt 11.360293 0.196283
vt 11.360956 0.194615
vt 11.357134 0.194083
vt 11.358359 0.192806
vt 11.355022 0.190791
vt 11.356625 0.190100
vt 11.354281 0.186908
vt 11.356015 0.186908
vt 11.356015 0.183481
vt 11.354281 0.183481
vt -10.582608 0.197056
vt -10.582608 0.195250
vt -10.447886 0.197056
vt -10.447886 0.195250
vt -10.364158 0.195250
vt -10.364158 0.197056
vt -10.361094 0.194615
vt -10.360431 0.196283
vt -10.358497 0.192806
vt -10.357271 0.194083
vt -10.356762 0.190100
vt -10.355161 0.190791
vt -10.356153 0.186908
vt -10.354419 0.186908
vt -10.354419 0.183481
vt -10.356153 0.183481
vt 0.442146 -10.582608
vt 0.459151 -10.447886
vt 0.440973 -10.582474
vt 0.457979 -10.447752
vt 0.469872 -10.362960
vt 0.468700 -10.362823
vt 0.470352 -10.359234
vt 0.469179 -10.359097
vt 0.470758 -10.356074
vt 0.469586 -10.355937
vt -10.362960 0.195250
vt -10.362960 0.197056
vt -10.359897 0.194615
vt -10.359234 0.196284
vt -10.357300 0.192806
vt -10.356074 0.194084
vt -10.355564 0.190100
vt -10.353963 0.190791
vt -10.354955 0.186908
vt -10.353222 0.186908
vt -10.353222 0.183481
vt -10.354955 0.183481
vt 11.362823 0.197056
vt 11.362823 0.195250
vt 11.359097 0.196284
vt 11.359759 0.194615
vt 11.355937 0.194084
vt 11.357162 0.192806
vt 11.353826 0.190791
vt 11.355427 0.190100
vt 11.353085 0.186908
vt 11.354817 0.186908
vt 11.354817 0.183481
vt 11.353085 0.183481
vt 0.531662 -10.447752
vt 0.521092 -10.364019
vt 0.530490 -10.447886
vt 0.519920 -10.364158
vt 0.520698 -10.360956
vt 0.519525 -10.361094
vt 0.520363 -10.358359
vt 0.519191 -10.358497
vt 0.542022 -10.447752
vt 0.531300 -10.362823
vt 0.540849 -10.447886
vt 0.530128 -10.362960
vt 0.530906 -10.359759
vt 0.529734 -10.359897
vt 0.530572 -10.357162
vt 0.529399 -10.357300
vt 0.519838 -10.354281
vt 0.518666 -10.354419
vt 0.520062 -10.356015
vt 0.518889 -10.356153
vt 0.530047 -10.353085
vt 0.528874 -10.353222
vt 0.530270 -10.354817
vt 0.529097 -10.354955
vt 0.519033 0.194083
vt 0.518762 0.190791
vt 0.520205 0.194083
vt 0.519934 0.190791
vt 0.518666 0.186908
vt 0.519838 0.186908
vt 0.519838 0.183481
vt 0.518666 0.183481
vt 0.479637 0.192806
vt 0.479860 0.190100
vt 0.480809 0.192806
vt 0.481032 0.190100
vt 0.479939 0.186908
vt 0.481111 0.186908
vt 0.481111 0.183481
vt 0.479938 0.183481
vt 0.529242 0.194084
vt 0.528970 0.190791
vt 0.530414 0.194084
vt 0.530142 0.190791
vt 0.528874 0.186908
vt 0.530047 0.186908
vt 0.530047 0.183481
vt 0.528874 0.183481
vt 0.469428 0.192806
vt 0.469652 0.190100
vt 0.470601 0.192806
vt 0.470824 0.190100
vt 0.469730 0.186908
vt 0.470903 0.186908
vt 0.470903 0.183481
vt 0.469730 0.183481
vt 0.470472 -10.354221
vt 0.480473 -10.355419
vt 0.470543 -10.353681
vt 0.480544 -10.354877
vt 0.529457 0.187190
vt 0.519456 0.187190
vt 0.529457 0.186626
vt 0.519456 0.186625
vt 0.529457 -10.353681
vt 0.519456 -10.354877
vt 0.529528 -10.354221
vt 0.519527 -10.355419
vt 0.470472 0.186626
vt 0.480473 0.186625
vt 0.470472 0.187190
vt 0.480473 0.187190
vt 0.470410 -10.354978
vt 0.480411 -10.356151
vt 0.470480 -10.354437
vt 0.480480 -10.355609
vt 0.529520 0.190728
vt 0.519520 0.190728
vt 0.529520 0.190164
vt 0.519520 0.190163
vt 0.529520 -10.354437
vt 0.519520 -10.355609
vt 0.529590 -10.354978
vt 0.519589 -10.356151
vt 0.470410 0.190164
vt 0.480411 0.190163
vt 0.470410 0.190728
vt 0.480411 0.190728
vt 0.470162 -10.356901
vt 0.480163 -10.358074
vt 0.470232 -10.356359
vt 0.480233 -10.357533
vt 0.529768 0.193727
vt 0.519767 0.193727
vt 0.529768 0.193163
vt 0.519767 0.193163
vt 0.529768 -10.356359
vt 0.519767 -10.357533
vt 0.529838 -10.356901
vt 0.519837 -10.358074
vt 0.470162 0.193163
vt 0.480163 0.193163
vt 0.470162 0.193727
vt 0.480163 0.193727
vt 0.469792 -10.359779
vt 0.479792 -10.360952
vt 0.469862 -10.359238
vt 0.479862 -10.360411
vt 0.530138 0.195731
vt 0.520138 0.195731
vt 0.530138 0.195167
vt 0.520138 0.195167
vt 0.530138 -10.359238
vt 0.520138 -10.360411
vt 0.530208 -10.359779
vt 0.520208 -10.360952
vt 0.469792 0.195167
vt 0.479792 0.195167
vt 0.469792 0.195731
vt 0.479792 0.195731
vt 0.469355 -10.363174
vt 0.479355 -10.364347
vt 0.469424 -10.362633
vt 0.479425 -10.363806
vt 0.530576 0.196435
vt 0.520575 0.196435
vt 0.530576 0.195871
vt 0.520575 0.195871
vt 0.530576 -10.362633
vt 0.520575 -10.363806
vt 0.530645 -10.363174
vt 0.520645 -10.364347
vt 0.469355 0.195871
vt 0.479355 0.195871
vt 0.469355 0.196435
vt 0.479355 0.196435
vt 0.477849 -10.373204
vt 0.478784 -10.373312
vt 0.480006 -10.356455
vt 0.480940 -10.356562
vt -10.373312 0.185651
vt -10.373073 0.184401
vt -10.356562 0.189122
vt -10.356322 0.187872
vt 0.521192 -10.373073
vt 0.522126 -10.372966
vt 0.519035 -10.356322
vt 0.519970 -10.356215
vt 11.372966 0.184414
vt 11.373204 0.185664
vt 11.356215 0.187885
vt 11.356455 0.189135
vt 0.467641 -10.372007
vt 0.468575 -10.372114
vt 0.469798 -10.355257
vt 0.470732 -10.355364
vt -10.372114 0.185651
vt -10.371875 0.184401
vt -10.355364 0.189122
vt -10.355125 0.187873
vt 0.531400 -10.371875
vt 0.532335 -10.371768
vt 0.529243 -10.355125
vt 0.530178 -10.355018
vt 11.371768 0.184414
vt 11.372007 0.185664
vt 11.355018 0.187886
vt 11.355257 0.189135
vt 0.440089 0.198326
vt 0.439959 0.196153
vt 0.453583 0.198326
vt 0.453453 0.196153
vt -10.582846 0.198326
vt -10.584265 0.196153
vt -10.581560 0.198326
vt -10.581560 0.196153
vt 11.583138 0.196153
vt 11.581718 0.198326
vt 11.580434 0.196153
vt 11.580434 0.198326
vt 0.440089 -10.581718
vt 0.453583 -10.582846
vt 0.440207 -10.580434
vt 0.453701 -10.581560
vt 0.546299 0.198326
vt 0.546299 0.196153
vt 0.559793 0.198326
vt 0.559793 0.196153
vt 0.546482 0.196153
vt 0.559975 0.196153
vt 0.546352 0.198326
vt 0.559845 0.198326
vt 11.581560 0.196153
vt 11.584265 0.196153
vt 11.581560 0.198326
vt 11.582846 0.198326
vt -10.580434 0.198326
vt -10.581718 0.198326
vt -10.580434 0.196153
vt -10.583138 0.196153
vt 0.546234 -10.581560
vt 0.546352 -10.582846
vt 0.559728 -10.580434
vt 0.559845 -10.581718
vt 0.440272 0.196153
vt 0.453766 0.196153
vt 0.440272 0.198326
vt 0.453766 0.198326
vt 0.549282 -10.452405
vt 0.551584 -10.452157
vt 0.550726 -10.450676
vt 0.549022 -10.450209
vt 0.551094 -10.453783
vt 0.547471 -10.451028
vt 0.549543 -10.454602
vt 0.546981 -10.452654
vt 0.547839 -10.454135
vt 0.552719 -10.461728
vt 0.550418 -10.461977
vt 0.552229 -10.463354
vt 0.550678 -10.464174
vt 0.551861 -10.460248
vt 0.548974 -10.463706
vt 0.550157 -10.459780
vt 0.548116 -10.462226
vt 0.548606 -10.460600
vt 0.448480 -10.452157
vt 0.450782 -10.452405
vt 0.449339 -10.450676
vt 0.451043 -10.450209
vt 0.448970 -10.453783
vt 0.452594 -10.451028
vt 0.450522 -10.454602
vt 0.453084 -10.452654
vt 0.452226 -10.454135
vt 0.449647 -10.461977
vt 0.447345 -10.461728
vt 0.447835 -10.463355
vt 0.449386 -10.464174
vt 0.448204 -10.460248
vt 0.451090 -10.463706
vt 0.449908 -10.459780
vt 0.451949 -10.462226
vt 0.451459 -10.460600
vt 0.448905 -10.453784
vt 0.450716 -10.452407
vt 0.448415 -10.452157
vt 0.449273 -10.450677
vt 0.450456 -10.454603
vt 0.450977 -10.450210
vt 0.452160 -10.454136
vt 0.452528 -10.451029
vt 0.453018 -10.452655
vt 0.449581 -10.461979
vt 0.448138 -10.460249
vt 0.447280 -10.461729
vt 0.447770 -10.463355
vt 0.449842 -10.459781
vt 0.449321 -10.464175
vt 0.451393 -10.460600
vt 0.451025 -10.463707
vt 0.451883 -10.462227
vt 0.549220 -10.452407
vt 0.551031 -10.453784
vt 0.551521 -10.452158
vt 0.550662 -10.450677
vt 0.549479 -10.454603
vt 0.548958 -10.450210
vt 0.547776 -10.454136
vt 0.547407 -10.451029
vt 0.546917 -10.452655
vt 0.551797 -10.460249
vt 0.550355 -10.461979
vt 0.552656 -10.461729
vt 0.552166 -10.463355
vt 0.550094 -10.459781
vt 0.550615 -10.464175
vt 0.548542 -10.460600
vt 0.548911 -10.463707
vt 0.548052 -10.462227
vt 0.496848 -10.415673
vt 0.499966 -10.413511
vt 0.496112 -10.413511
vt 0.496848 -10.411348
vt 0.498775 -10.417009
vt 0.498775 -10.410012
vt 0.501157 -10.417009
vt 0.501157 -10.410012
vt 0.503085 -10.415673
vt 0.503085 -10.411348
vt 0.503821 -10.413511
vt 0.497295 -10.413511
vt 0.497805 -10.412012
vt 0.495402 -10.413511
vt 0.496274 -10.410951
vt 0.496274 -10.416072
vt 0.499141 -10.411086
vt 0.497805 -10.415009
vt 0.498556 -10.409368
vt 0.498556 -10.417654
vt 0.500792 -10.411086
vt 0.499141 -10.415936
vt 0.501377 -10.409368
vt 0.501377 -10.417654
vt 0.502128 -10.412012
vt 0.500792 -10.415936
vt 0.503659 -10.410951
vt 0.503659 -10.416072
vt 0.502638 -10.413511
vt 0.502128 -10.415009
vt 0.504531 -10.413511
vt 0.502034 -10.412124
vt 0.502507 -10.413511
vt 0.503152 -10.411348
vt 0.503888 -10.413511
vt 0.501225 -10.410012
vt 0.502034 -10.414899
vt 0.500798 -10.411266
vt 0.503152 -10.415673
vt 0.498843 -10.410012
vt 0.500798 -10.415756
vt 0.499269 -10.411266
vt 0.501225 -10.417009
vt 0.496915 -10.411348
vt 0.499269 -10.415756
vt 0.498033 -10.412124
vt 0.498843 -10.417009
vt 0.496179 -10.413511
vt 0.498033 -10.414899
vt 0.497561 -10.413511
vt 0.496915 -10.415673
s 1
g Dr_Hull_Stern_destroyer_A_001_7_details_2
usemtl details_2
f 3/1/1 2/2/1 1/3/1
f 6/4/2 5/3/2 4/2/2
f 9/5/3 8/6/3 7/7/3
f 12/8/4 11/7/4 10/6/4
f 15/9/5 14/10/5 13/11/5
f 18/12/6 17/11/6 16/10/6
f 21/13/7 20/14/7 19/15/7
f 24/16/8 23/15/8 22/14/8
f 27/17/9 26/18/10 25/19/9
f 28/20/10 25/19/9 26/18/10
f 26/18/10 29/21/11 28/20/10
f 30/22/11 28/20/10 29/21/11
f 33/23/10 32/24/12 31/25/10
f 34/26/12 31/25/10 32/24/12
f 32/24/12 35/27/13 34/26/12
f 36/28/13 34/26/12 35/27/13
f 35/27/13 37/29/10 36/28/13
f 38/30/10 36/28/13 37/29/10
f 41/31/14 40/32/15 39/33/14
f 42/34/16 39/33/14 40/32/15
f 40/32/15 43/35/17 42/34/16
f 44/36/18 42/34/16 43/35/17
f 44/36/18 43/35/17 45/37/19
f 46/38/20 45/37/19 43/35/17
f 45/37/19 46/38/20 47/39/14
f 48/40/14 47/39/14 46/38/20
f 51/41/21 50/42/21 49/43/21
f 52/44/21 49/43/21 50/42/21
f 55/10/22 54/16/22 53/9/22
f 56/15/22 53/9/22 54/16/22
f 59/45/23 58/46/23 57/47/23
f 60/48/23 57/47/23 58/46/23
f 63/49/24 62/50/25 61/51/24
f 64/52/26 61/51/24 62/50/25
f 62/50/25 65/53/27 64/52/26
f 66/54/28 64/52/26 65/53/27
f 66/54/28 65/53/27 67/55/29
f 68/56/30 67/55/29 65/53/27
f 67/55/29 68/56/30 69/57/24
f 70/58/24 69/57/24 68/56/30
f 73/52/31 72/54/32 71/59/33
f 74/60/34 71/59/33 72/54/32
f 74/60/34 72/54/32 75/61/35
f 76/55/36 75/61/35 72/54/32
f 79/11/37 78/62/31 77/63/38
f 80/64/33 77/63/38 78/62/31
f 83/65/39 82/66/40 81/32/41
f 84/35/42 81/32/41 82/66/40
f 84/35/42 82/66/40 85/38/43
f 86/67/44 85/38/43 82/66/40
f 89/68/45 88/69/45 87/70/45
f 90/71/45 87/70/45 88/69/45
f 87/70/45 90/71/45 91/72/45
f 92/73/45 91/72/45 90/71/45
f 91/72/45 92/73/45 93/74/45
f 94/75/45 93/74/45 92/73/45
f 93/74/45 94/75/45 95/76/45
f 96/77/45 95/76/45 94/75/45
f 96/77/45 97/78/45 95/76/45
f 98/79/45 95/76/45 97/78/45
f 97/78/45 99/80/45 98/79/45
f 100/81/46 98/79/45 99/80/45
f 99/80/45 101/82/45 100/81/46
f 102/83/45 100/81/46 101/82/45
f 101/82/45 103/84/45 102/83/45
f 104/85/45 102/83/45 103/84/45
f 107/86/47 106/87/47 105/88/48
f 108/89/49 105/88/48 106/87/47
f 105/88/48 108/89/49 109/90/50
f 110/91/51 109/90/50 108/89/49
f 109/90/50 110/91/51 111/92/52
f 112/93/53 111/92/52 110/91/51
f 111/92/52 112/93/53 113/94/54
f 114/95/54 113/94/54 112/93/53
f 117/96/55 116/97/55 115/98/56
f 118/99/57 115/98/56 116/97/55
f 115/98/56 118/99/57 119/100/58
f 120/101/59 119/100/58 118/99/57
f 119/100/58 120/101/59 121/102/60
f 122/103/61 121/102/60 120/101/59
f 121/102/60 122/103/61 123/104/62
f 124/105/62 123/104/62 122/103/61
f 127/106/21 126/107/21 125/108/21
f 128/109/21 125/108/21 126/107/21
f 125/108/21 128/109/21 129/110/21
f 130/111/21 129/110/21 128/109/21
f 129/110/21 130/111/21 131/112/21
f 132/113/21 131/112/21 130/111/21
f 133/114/21 131/112/21 132/113/21
f 136/115/63 135/116/63 134/117/64
f 137/118/65 134/117/64 135/116/63
f 134/117/64 137/118/65 138/119/66
f 139/120/67 138/119/66 137/118/65
f 138/119/66 139/120/67 140/121/68
f 141/122/69 140/121/68 139/120/67
f 140/121/68 141/122/69 142/123/70
f 143/124/71 142/123/70 141/122/69
f 146/125/23 145/126/23 144/127/23
f 147/128/23 144/127/23 145/126/23
f 147/128/23 145/126/23 148/129/23
f 149/130/23 148/129/23 145/126/23
f 148/129/23 149/130/23 150/131/23
f 151/132/23 150/131/23 149/130/23
f 151/132/23 152/133/23 150/131/23
f 155/134/72 154/135/72 153/136/73
f 156/137/74 153/136/73 154/135/72
f 153/136/73 156/137/74 157/138/75
f 158/139/76 157/138/75 156/137/74
f 157/138/75 158/139/76 159/140/77
f 160/141/78 159/140/77 158/139/76
f 159/140/77 160/141/78 161/142/79
f 162/143/79 161/142/79 160/141/78
f 165/144/21 164/145/21 163/146/21
f 166/147/21 163/146/21 164/145/21
f 166/147/21 164/145/21 167/148/21
f 168/149/21 167/148/21 164/145/21
f 167/148/21 168/149/21 169/150/21
f 170/151/21 169/150/21 168/149/21
f 170/151/21 171/152/21 169/150/21
f 174/153/23 173/154/23 172/155/23
f 175/156/23 172/155/23 173/154/23
f 172/155/23 175/156/23 176/157/23
f 177/158/23 176/157/23 175/156/23
f 176/157/23 177/158/23 178/159/23
f 179/160/23 178/159/23 177/158/23
f 180/161/23 178/159/23 179/160/23
f 183/162/10 182/163/10 181/164/80
f 184/165/80 181/164/80 182/163/10
f 181/164/80 184/165/80 185/166/10
f 186/167/10 185/166/10 184/165/80
f 185/166/10 186/167/10 187/168/10
f 188/169/10 187/168/10 186/167/10
f 191/170/21 190/171/21 189/172/21
f 192/173/21 189/172/21 190/171/21
f 195/7/81 194/174/81 193/4/81
f 196/2/81 193/4/81 194/174/81
f 199/175/23 198/176/23 197/177/23
f 200/178/23 197/177/23 198/176/23
f 203/179/35 202/180/36 201/181/44
f 204/3/43 201/181/44 202/180/36
f 207/182/82 206/183/82 205/184/82
f 208/185/82 205/184/82 206/183/82
f 211/186/83 210/187/83 209/188/83
f 212/189/83 209/188/83 210/187/83
f 215/190/84 214/191/85 213/192/86
f 216/193/87 213/192/86 214/191/85
f 219/194/88 218/195/89 217/196/88
f 218/195/89 219/194/88 220/197/89
f 221/198/88 220/197/89 219/194/88
f 220/197/89 221/198/88 222/199/88
f 225/200/90 224/201/91 223/202/92
f 224/201/91 225/200/90 226/203/93
f 227/204/94 226/203/93 225/200/90
f 226/203/93 227/204/94 228/205/95
f 231/206/96 230/198/96 229/207/97
f 232/194/98 229/207/97 230/198/96
f 235/208/99 234/201/99 233/209/99
f 236/203/99 233/209/99 234/201/99
f 239/210/100 238/211/101 237/212/102
f 240/213/103 237/212/102 238/211/101
f 243/214/104 242/215/105 241/216/105
f 244/217/106 241/216/105 242/215/105
f 244/217/106 245/218/107 241/216/105
f 246/219/108 241/216/105 245/218/107
f 249/220/109 248/221/110 247/222/111
f 250/223/102 247/222/111 248/221/110
f 253/224/112 252/225/113 251/226/112
f 254/227/114 251/226/112 252/225/113
f 252/225/113 255/228/115 254/227/114
f 256/229/115 254/227/114 255/228/115
f 259/207/116 258/230/117 257/206/118
f 260/231/119 257/206/118 258/230/117
f 263/209/120 262/232/121 261/208/122
f 264/233/123 261/208/122 262/232/121
f 267/234/124 266/235/125 265/236/126
f 268/237/127 265/236/126 266/235/125
f 265/236/126 268/237/127 269/238/128
f 270/239/129 269/238/128 268/237/127
f 269/238/128 270/239/129 271/240/130
f 272/241/131 271/240/130 270/239/129
f 275/242/132 274/243/133 273/244/134
f 276/245/134 273/244/134 274/243/133
f 273/244/134 276/245/134 277/246/135
f 278/247/135 277/246/135 276/245/134
f 277/246/135 278/247/135 279/248/136
f 280/249/136 279/248/136 278/247/135
f 283/250/137 282/251/138 281/252/139
f 284/253/140 281/252/139 282/251/138
f 281/252/139 284/253/140 285/254/141
f 286/255/142 285/254/141 284/253/140
f 285/254/141 286/255/142 287/256/143
f 288/257/143 287/256/143 286/255/142
f 291/258/144 290/259/144 289/260/145
f 292/261/146 289/260/145 290/259/144
f 289/260/145 292/261/146 293/262/147
f 294/263/147 293/262/147 292/261/146
f 293/262/147 294/263/147 295/264/148
f 296/265/149 295/264/148 294/263/147
f 299/266/150 298/267/150 297/268/151
f 300/269/151 297/268/151 298/267/150
f 303/270/152 302/271/136 301/272/153
f 304/273/154 301/272/153 302/271/136
f 307/274/155 306/270/156 305/275/157
f 308/272/157 305/275/157 306/270/156
f 311/267/158 310/276/159 309/269/160
f 312/277/161 309/269/160 310/276/159
f 315/278/162 314/279/163 313/280/134
f 316/281/164 313/280/134 314/279/163
f 313/280/134 316/281/164 317/282/165
f 318/283/135 317/282/165 316/281/164
f 317/282/165 318/283/135 319/284/166
f 320/285/167 319/284/166 318/283/135
f 323/286/168 322/287/169 321/288/170
f 324/289/171 321/288/170 322/287/169
f 321/288/170 324/289/171 325/290/172
f 326/291/173 325/290/172 324/289/171
f 325/290/172 326/291/173 327/292/174
f 328/293/175 327/292/174 326/291/173
f 331/294/176 330/295/144 329/296/177
f 332/297/177 329/296/177 330/295/144
f 329/296/177 332/297/177 333/298/178
f 334/299/178 333/298/178 332/297/177
f 333/298/178 334/299/178 335/300/149
f 336/301/179 335/300/149 334/299/178
f 339/302/180 338/303/180 337/304/181
f 340/305/181 337/304/181 338/303/180
f 337/304/181 340/305/181 341/306/182
f 342/307/182 341/306/182 340/305/181
f 341/306/182 342/307/182 343/308/143
f 344/309/143 343/308/143 342/307/182
f 347/273/167 346/310/183 345/271/125
f 348/311/184 345/271/125 346/310/183
f 351/312/174 350/268/185 349/313/186
f 352/266/163 349/313/186 350/268/185
f 355/277/187 354/312/188 353/276/189
f 356/313/190 353/276/189 354/312/188
f 359/310/156 358/275/191 357/311/192
f 360/274/192 357/311/192 358/275/191
f 363/314/193 362/315/194 361/316/195
f 364/317/196 361/316/195 362/315/194
f 362/315/194 365/318/197 364/317/196
f 366/319/198 361/316/195 364/317/196
f 367/320/199 364/317/196 365/318/197
f 366/319/198 364/317/196 367/320/199
f 370/321/200 369/322/201 368/323/202
f 368/323/202 369/322/201 371/324/203
f 372/325/204 371/324/203 369/322/201
f 372/325/204 373/326/205 371/324/203
f 374/327/206 371/324/203 373/326/205
f 377/328/207 376/329/208 375/330/209
f 375/330/209 376/329/208 378/331/210
f 379/332/197 378/331/210 376/329/208
f 379/332/197 380/333/211 378/331/210
f 381/334/212 378/331/210 380/333/211
f 384/335/193 383/336/206 382/337/213
f 385/338/214 382/337/213 383/336/206
f 382/337/213 385/338/214 386/339/215
f 387/340/211 386/339/215 385/338/214
f 390/341/205 389/342/204 388/343/216
f 391/344/217 388/343/216 389/342/204
f 388/343/216 391/344/217 392/345/212
f 393/346/218 392/345/212 391/344/217
f 396/347/204 395/348/201 394/349/219
f 397/350/220 394/349/219 395/348/201
f 397/350/220 395/348/201 398/351/221
f 399/352/222 397/350/220 398/351/221
f 397/350/220 399/352/222 394/349/219
f 400/353/210 394/349/219 399/352/222
f 403/354/223 402/355/224 401/356/225
f 404/357/226 401/356/225 402/355/224
f 402/355/224 405/358/198 404/357/226
f 401/356/225 404/357/226 406/359/227
f 404/357/226 405/358/198 407/360/228
f 407/360/228 406/359/227 404/357/226
f 410/330/229 409/328/207 408/329/230
f 408/329/230 411/332/231 410/330/229
f 412/331/232 410/330/229 411/332/231
f 412/331/232 411/332/231 413/334/233
f 414/333/234 413/334/233 411/332/231
f 417/323/235 416/321/200 415/322/236
f 415/322/236 418/325/237 417/323/235
f 419/324/238 417/323/235 418/325/237
f 419/324/238 418/325/237 420/327/239
f 421/326/240 420/327/239 418/325/237
f 424/361/231 423/362/241 422/363/234
f 425/364/242 422/363/234 423/362/241
f 423/362/241 426/365/238 425/364/242
f 427/366/239 425/364/242 426/365/238
f 430/367/233 429/368/243 428/369/244
f 431/370/245 428/369/244 429/368/243
f 429/368/243 432/371/240 431/370/245
f 433/372/246 431/370/245 432/371/240
f 436/373/244 435/374/247 434/375/229
f 437/376/220 434/375/229 435/374/247
f 434/375/229 437/376/220 438/377/221
f 437/376/220 439/378/236 438/377/221
f 437/376/220 435/374/247 439/378/236
f 440/379/237 439/378/236 435/374/247
f 443/380/248 442/381/248 441/382/248
f 444/383/248 441/382/248 442/381/248
f 447/384/249 446/385/249 445/386/249
f 448/387/249 445/386/249 446/385/249
f 451/388/250 450/389/250 449/390/250
f 452/391/250 449/390/250 450/389/250
f 455/392/251 454/393/251 453/394/251
f 456/395/251 453/394/251 454/393/251
f 459/396/252 458/397/252 457/398/252
f 460/399/252 457/398/252 458/397/252
f 463/400/253 462/401/254 461/402/250
f 464/403/250 461/402/250 462/401/254
f 461/402/250 464/403/250 465/404/255
f 466/405/255 465/404/255 464/403/250
f 469/406/254 468/407/256 467/408/257
f 470/409/249 467/408/257 468/407/256
f 467/408/257 470/409/249 471/410/258
f 472/411/258 471/410/258 470/409/249
f 475/412/259 474/413/260 473/414/252
f 476/415/252 473/414/252 474/413/260
f 473/414/252 476/415/252 477/416/261
f 478/417/262 477/416/261 476/415/252
f 481/418/263 480/419/264 479/420/265
f 482/421/266 479/420/265 480/419/264
f 479/420/265 482/421/266 483/422/255
f 484/423/267 483/422/255 482/421/266
f 487/424/253 486/425/268 485/426/250
f 488/427/250 485/426/250 486/425/268
f 485/426/250 488/427/250 489/428/269
f 490/429/255 489/428/269 488/427/250
f 493/430/270 492/431/254 491/432/271
f 494/433/271 491/432/271 492/431/254
f 491/432/271 494/433/271 495/434/272
f 496/435/258 495/434/272 494/433/271
f 499/436/260 498/437/260 497/438/252
f 500/439/252 497/438/252 498/437/260
f 497/438/252 500/439/252 501/440/261
f 502/441/261 501/440/261 500/439/252
f 505/442/263 504/443/273 503/444/274
f 506/445/274 503/444/274 504/443/273
f 503/444/274 506/445/274 507/446/255
f 508/447/255 507/446/255 506/445/274
f 511/448/269 510/449/250 509/450/269
f 512/451/275 509/450/269 510/449/250
f 510/449/250 513/452/253 512/451/275
f 514/453/268 512/451/275 513/452/253
f 517/454/255 516/455/274 515/456/267
f 518/457/276 515/456/267 516/455/274
f 516/455/274 519/458/277 518/457/276
f 520/459/264 518/457/276 519/458/277
f 523/460/261 522/461/252 521/462/278
f 524/463/252 521/462/278 522/461/252
f 522/461/252 525/464/258 524/463/252
f 526/465/279 524/463/252 525/464/258
f 529/466/258 528/467/249 527/468/260
f 530/469/249 527/468/260 528/467/249
f 528/467/249 531/470/254 530/469/249
f 532/471/254 530/469/249 531/470/254
f 535/472/255 534/473/250 533/474/255
f 536/475/250 533/474/255 534/473/250
f 534/473/250 537/476/268 536/475/250
f 538/477/253 536/475/250 537/476/268
f 541/478/280 540/479/251 539/480/267
f 542/481/251 539/480/267 540/479/251
f 540/479/251 543/482/263 542/481/251
f 544/483/273 542/481/251 543/482/263
f 547/484/262 546/485/252 545/486/281
f 548/487/252 545/486/281 546/485/252
f 546/485/252 549/488/272 548/487/252
f 550/489/260 548/487/252 549/488/272
f 553/490/282 552/491/249 551/492/258
f 554/493/249 551/492/258 552/491/249
f 552/491/249 555/494/270 554/493/249
f 556/495/253 554/493/249 555/494/270
f 559/496/283 558/497/283 557/498/283
f 560/499/283 557/498/283 558/497/283
f 563/500/284 562/501/284 561/502/284
f 564/503/284 561/502/284 562/501/284
f 567/504/285 566/505/285 565/506/285
f 568/507/285 565/506/285 566/505/285
f 571/508/286 570/509/286 569/510/286
f 572/511/286 569/510/286 570/509/286
f 575/512/287 574/513/287 573/514/287
f 576/515/287 573/514/287 574/513/287
f 579/516/288 578/517/285 577/518/289
f 580/519/285 577/518/289 578/517/285
f 578/517/285 581/520/290 580/519/285
f 582/521/290 580/519/285 581/520/290
f 585/522/289 584/523/291 583/524/292
f 586/525/284 583/524/292 584/523/291
f 584/523/291 587/526/293 586/525/284
f 588/527/294 586/525/284 587/526/293
f 591/528/295 590/529/287 589/530/295
f 592/531/287 589/530/295 590/529/287
f 590/529/287 593/532/296 592/531/287
f 594/533/297 592/531/287 593/532/296
f 597/534/298 596/535/299 595/536/300
f 598/537/301 595/536/300 596/535/299
f 596/535/299 599/538/290 598/537/301
f 600/539/302 598/537/301 599/538/290
f 603/540/288 602/541/285 601/542/303
f 604/543/285 601/542/303 602/541/285
f 602/541/285 605/544/304 604/543/285
f 606/545/290 604/543/285 605/544/304
f 609/546/305 608/547/306 607/548/289
f 610/549/306 607/548/289 608/547/306
f 608/547/306 611/550/294 610/549/306
f 612/551/293 610/549/306 611/550/294
f 615/552/294 614/553/287 613/554/294
f 616/555/307 613/554/294 614/553/287
f 614/553/287 617/556/296 616/555/307
f 618/557/308 616/555/307 617/556/296
f 621/558/298 620/559/309 619/560/310
f 622/561/309 619/560/310 620/559/309
f 620/559/309 623/562/290 622/561/309
f 624/563/311 622/561/309 623/562/290
f 627/564/304 626/565/304 625/566/285
f 628/567/312 625/566/285 626/565/304
f 625/566/285 628/567/312 629/568/288
f 630/569/303 629/568/288 628/567/312
f 633/570/302 632/571/290 631/572/309
f 634/573/313 631/572/309 632/571/290
f 631/572/309 634/573/313 635/574/314
f 636/575/300 635/574/314 634/573/313
f 639/576/296 638/577/297 637/578/287
f 640/579/287 637/578/287 638/577/297
f 637/578/287 640/579/287 641/580/315
f 642/581/294 641/580/315 640/579/287
f 645/582/293 644/583/294 643/584/284
f 646/585/284 643/584/284 644/583/294
f 643/584/284 646/585/284 647/586/289
f 648/587/289 647/586/289 646/585/284
f 651/588/290 650/589/304 649/590/285
f 652/591/285 649/590/285 650/589/304
f 649/590/285 652/591/285 653/592/288
f 654/593/303 653/592/288 652/591/285
f 657/594/302 656/595/302 655/596/286
f 658/597/286 655/596/286 656/595/302
f 655/596/286 658/597/286 659/598/316
f 660/599/298 659/598/316 658/597/286
f 663/600/317 662/601/318 661/602/287
f 664/603/287 661/602/287 662/601/318
f 661/602/287 664/603/287 665/604/319
f 666/605/294 665/604/319 664/603/287
f 669/606/315 668/607/293 667/608/284
f 670/609/284 667/608/284 668/607/293
f 667/608/284 670/609/284 671/610/320
f 672/611/288 671/610/320 670/609/284
f 675/612/321 674/613/322 673/614/323
f 676/615/324 673/614/323 674/613/322
f 673/614/323 676/615/324 677/616/325
f 674/613/322 678/617/326 676/615/324
f 679/618/327 677/616/325 676/615/324
f 680/619/328 676/615/324 678/617/326
f 676/615/324 680/619/328 679/618/327
f 678/617/326 681/620/329 680/619/328
f 682/621/330 679/618/327 680/619/328
f 683/622/331 680/619/328 681/620/329
f 680/619/328 683/622/331 682/621/330
f 681/620/329 684/623/332 683/622/331
f 685/624/333 682/621/330 683/622/331
f 686/625/334 683/622/331 684/623/332
f 683/622/331 686/625/334 685/624/333
f 684/623/332 687/626/335 686/625/334
f 688/627/336 685/624/333 686/625/334
f 689/628/337 686/625/334 687/626/335
f 686/625/334 689/628/337 688/627/336
f 690/629/338 688/627/336 689/628/337
f 693/630/339 692/631/340 691/632/341
f 694/633/342 691/632/341 692/631/340
f 692/631/340 695/634/343 694/633/342
f 696/635/326 694/633/342 695/634/343
f 695/634/343 697/636/344 696/635/326
f 698/637/329 696/635/326 697/636/344
f 697/636/344 699/638/345 698/637/329
f 700/639/332 698/637/329 699/638/345
f 699/638/345 701/640/346 700/639/332
f 702/641/347 700/639/332 701/640/346
f 701/640/346 703/642/348 702/641/347
f 704/643/349 702/641/347 703/642/348
f 707/644/350 706/645/351 705/646/352
f 708/647/353 705/646/352 706/645/351
f 705/646/352 708/647/353 709/648/354
f 706/645/351 710/649/355 708/647/353
f 711/650/340 709/648/354 708/647/353
f 712/651/356 708/647/353 710/649/355
f 708/647/353 712/651/356 711/650/340
f 710/649/355 713/652/357 712/651/356
f 714/653/343 711/650/340 712/651/356
f 715/654/358 712/651/356 713/652/357
f 712/651/356 715/654/358 714/653/343
f 713/652/357 716/655/359 715/654/358
f 717/656/344 714/653/343 715/654/358
f 718/657/360 715/654/358 716/655/359
f 715/654/358 718/657/360 717/656/344
f 716/655/359 719/658/361 718/657/360
f 720/659/345 717/656/344 718/657/360
f 721/660/362 718/657/360 719/658/361
f 718/657/360 721/660/362 720/659/345
f 722/661/363 720/659/345 721/660/362
f 725/662/364 724/663/327 723/664/350
f 726/665/351 723/664/350 724/663/327
f 724/663/327 727/666/330 726/665/351
f 728/667/355 726/665/351 727/666/330
f 727/666/330 729/668/333 728/667/355
f 730/669/357 728/667/355 729/668/333
f 729/668/333 731/670/336 730/669/357
f 732/671/359 730/669/357 731/670/336
f 731/670/336 733/672/338 732/671/359
f 734/673/361 732/671/359 733/672/338
f 733/672/338 735/674/365 734/673/361
f 736/675/366 734/673/361 735/674/365
f 739/676/367 738/677/349 737/678/368
f 740/679/369 737/678/368 738/677/349
f 737/678/368 740/679/369 741/680/370
f 742/681/365 741/680/370 740/679/369
f 745/682/371 744/683/346 743/684/372
f 746/685/373 743/684/372 744/683/346
f 743/684/372 746/685/373 747/686/374
f 748/687/361 747/686/374 746/685/373
f 751/688/375 750/689/376 749/690/375
f 752/691/376 749/690/375 750/689/376
f 755/692/377 754/693/378 753/694/377
f 756/695/378 753/694/377 754/693/378
f 759/696/379 758/697/380 757/698/379
f 760/699/380 757/698/379 758/697/380
f 763/700/381 762/701/382 761/702/381
f 764/703/382 761/702/381 762/701/382
f 767/704/383 766/705/384 765/706/383
f 768/707/384 765/706/383 766/705/384
f 771/708/385 770/709/386 769/710/385
f 772/711/386 769/710/385 770/709/386
f 775/712/387 774/713/388 773/714/387
f 776/715/388 773/714/387 774/713/388
f 779/716/389 778/717/390 777/718/389
f 780/719/390 777/718/389 778/717/390
f 783/720/391 782/721/392 781/722/391
f 784/723/392 781/722/391 782/721/392
f 787/724/393 786/725/394 785/726/393
f 788/727/394 785/726/393 786/725/394
f 791/728/395 790/729/396 789/730/395
f 792/731/396 789/730/395 790/729/396
f 795/732/397 794/733/398 793/734/397
f 796/735/398 793/734/397 794/733/398
f 799/736/399 798/737/400 797/738/399
f 800/739/400 797/738/399 798/737/400
f 803/740/401 802/741/401 801/742/401
f 804/743/401 801/742/401 802/741/401
f 807/744/402 806/745/403 805/746/402
f 808/747/403 805/746/402 806/745/403
f 811/748/404 810/749/404 809/750/404
f 812/751/404 809/750/404 810/749/404
f 815/752/405 814/753/406 813/754/405
f 816/755/406 813/754/405 814/753/406
f 819/756/407 818/757/407 817/758/407
f 820/759/407 817/758/407 818/757/407
f 823/760/408 822/761/409 821/762/408
f 824/763/409 821/762/408 822/761/409
f 827/764/410 826/765/411 825/766/410
f 828/767/411 825/766/410 826/765/411
f 831/768/412 830/769/413 829/770/414
f 832/771/415 829/770/414 830/769/413
f 830/769/413 833/772/416 832/771/415
f 829/770/414 832/771/415 834/773/417
f 835/774/418 832/771/415 833/772/416
f 836/775/419 834/773/417 832/771/415
f 832/771/415 835/774/418 836/775/419
f 834/773/417 836/775/419 837/776/420
f 838/777/421 836/775/419 835/774/418
f 839/778/422 837/776/420 836/775/419
f 836/775/419 838/777/421 839/778/422
f 837/776/420 839/778/422 840/779/423
f 841/780/424 839/778/422 838/777/421
f 842/781/425 840/779/423 839/778/422
f 839/778/422 841/780/424 842/781/425
f 840/779/423 842/781/425 843/782/426
f 844/783/427 842/781/425 841/780/424
f 845/784/428 843/782/426 842/781/425
f 842/781/425 844/783/427 845/784/428
f 846/785/429 845/784/428 844/783/427
f 849/786/430 848/787/412 847/788/431
f 850/789/414 847/788/431 848/787/412
f 847/788/431 850/789/414 851/790/432
f 852/791/417 851/790/432 850/789/414
f 851/790/432 852/791/417 853/792/433
f 854/793/420 853/792/433 852/791/417
f 853/792/433 854/793/420 855/794/434
f 856/795/423 855/794/434 854/793/420
f 855/794/434 856/795/423 857/796/435
f 858/797/426 857/796/435 856/795/423
f 857/796/435 858/797/426 859/798/436
f 860/799/437 859/798/436 858/797/426
f 863/800/438 862/801/439 861/802/440
f 864/803/441 861/802/440 862/801/439
f 862/801/439 865/804/430 864/803/441
f 861/802/440 864/803/441 866/805/442
f 867/806/431 864/803/441 865/804/430
f 868/807/443 866/805/442 864/803/441
f 864/803/441 867/806/431 868/807/443
f 866/805/442 868/807/443 869/808/444
f 870/809/432 868/807/443 867/806/431
f 871/810/445 869/808/444 868/807/443
f 868/807/443 870/809/432 871/810/445
f 869/808/444 871/810/445 872/811/446
f 873/812/433 871/810/445 870/809/432
f 874/813/447 872/811/446 871/810/445
f 871/810/445 873/812/433 874/813/447
f 872/811/446 874/813/447 875/814/448
f 876/815/434 874/813/447 873/812/433
f 877/816/449 875/814/448 874/813/447
f 874/813/447 876/815/434 877/816/449
f 878/817/435 877/816/449 876/815/434
f 881/818/416 880/819/450 879/820/451
f 882/821/440 879/820/451 880/819/450
f 879/820/451 882/821/440 883/822/421
f 884/823/442 883/822/421 882/821/440
f 883/822/421 884/823/442 885/824/424
f 886/825/444 885/824/424 884/823/442
f 885/824/424 886/825/444 887/826/452
f 888/827/446 887/826/452 886/825/444
f 887/826/452 888/827/446 889/828/453
f 890/829/454 889/828/453 888/827/446
f 889/828/453 890/829/454 891/830/455
f 892/831/456 891/830/455 890/829/454
f 895/832/426 894/833/457 893/834/437
f 896/835/458 893/834/437 894/833/457
f 894/833/457 897/836/429 896/835/458
f 898/837/455 896/835/458 897/836/429
f 901/838/459 900/839/460 899/840/435
f 902/841/461 899/840/435 900/839/460
f 900/839/460 903/842/462 902/841/461
f 904/843/454 902/841/461 903/842/462
f 907/844/463 906/845/463 905/846/464
f 908/847/464 905/846/464 906/845/463
f 911/848/465 910/849/465 909/850/466
f 912/851/466 909/850/466 910/849/465
f 915/852/467 914/853/467 913/854/468
f 916/855/468 913/854/468 914/853/467
f 919/856/469 918/857/469 917/858/470
f 920/859/470 917/858/470 918/857/469
f 923/860/471 922/861/471 921/862/472
f 924/863/472 921/862/472 922/861/471
f 927/864/473 926/865/473 925/866/474
f 928/867/474 925/866/474 926/865/473
f 931/868/475 930/869/475 929/870/476
f 932/871/476 929/870/476 930/869/475
f 935/872/477 934/873/477 933/874/478
f 936/875/478 933/874/478 934/873/477
f 939/876/479 938/877/479 937/878/480
f 940/879/480 937/878/480 938/877/479
f 943/880/481 942/881/481 941/882/482
f 944/883/482 941/882/482 942/881/481
f 947/884/483 946/885/483 945/886/484
f 948/887/484 945/886/484 946/885/483
f 951/888/485 950/889/485 949/890/486
f 952/891/486 949/890/486 950/889/485
f 955/892/487 954/893/487 953/894/488
f 956/895/488 953/894/488 954/893/487
f 959/896/489 958/897/489 957/898/489
f 960/899/489 957/898/489 958/897/489
f 963/900/490 962/901/490 961/902/491
f 964/903/491 961/902/491 962/901/490
f 967/904/492 966/905/492 965/906/492
f 968/907/492 965/906/492 966/905/492
f 971/908/493 970/909/493 969/910/494
f 972/911/494 969/910/494 970/909/493
f 975/912/495 974/913/495 973/914/496
f 976/915/496 973/914/496 974/913/495
f 979/916/497 978/917/497 977/918/498
f 980/919/498 977/918/498 978/917/497
f 983/920/499 982/921/499 981/922/500
f 984/923/500 981/922/500 982/921/499
f 987/924/501 986/925/501 985/926/502
f 988/927/502 985/926/502 986/925/501
f 985/926/502 988/927/502 989/928/503
f 990/929/503 989/928/503 988/927/502
f 993/930/504 992/931/504 991/932/505
f 994/933/505 991/932/505 992/931/504
f 991/932/505 994/933/505 995/934/506
f 996/935/507 995/934/506 994/933/505
f 995/934/506 996/935/507 997/936/508
f 998/937/509 997/936/508 996/935/507
f 1001/938/510 1000/939/508 999/940/511
f 1002/941/511 999/940/511 1000/939/508
f 999/940/511 1002/941/511 1003/942/512
f 1004/943/512 1003/942/512 1002/941/511
f 1007/944/512 1006/945/512 1005/946/513
f 1008/947/513 1005/946/513 1006/945/512
f 1005/946/513 1008/947/513 1009/948/514
f 1010/949/514 1009/948/514 1008/947/513
f 1009/948/514 1010/949/514 1011/950/503
f 1012/951/503 1011/950/503 1010/949/514
f 1015/952/504 1014/953/502 1013/954/515
f 1016/955/502 1013/954/515 1014/953/502
f 1014/953/502 1017/956/516 1016/955/502
f 1018/957/516 1016/955/502 1017/956/516
f 1021/958/504 1020/959/505 1019/960/504
f 1022/961/505 1019/960/504 1020/959/505
f 1020/959/505 1023/962/506 1022/961/505
f 1024/963/506 1022/961/505 1023/962/506
f 1023/962/506 1025/964/508 1024/963/506
f 1026/965/508 1024/963/506 1025/964/508
f 1029/966/510 1028/967/511 1027/968/510
f 1030/969/511 1027/968/510 1028/967/511
f 1028/967/511 1031/970/512 1030/969/511
f 1032/971/517 1030/969/511 1031/970/512
f 1035/972/512 1034/973/513 1033/974/512
f 1036/975/513 1033/974/512 1034/973/513
f 1034/973/513 1037/976/514 1036/975/513
f 1038/977/514 1036/975/513 1037/976/514
f 1037/976/514 1039/978/503 1038/977/514
f 1040/979/503 1038/977/514 1039/978/503
f 1043/980/393 1042/981/393 1041/982/394
f 1044/983/394 1041/982/394 1042/981/393
f 1047/984/398 1046/985/398 1045/986/398
f 1048/987/398 1045/986/398 1046/985/398
f 1051/988/481 1050/989/482 1049/990/481
f 1052/991/482 1049/990/481 1050/989/482
f 1055/992/485 1054/993/485 1053/994/485
f 1056/995/485 1053/994/485 1054/993/485
f 1059/996/518 1058/997/518 1057/998/518
f 1060/999/518 1057/998/518 1058/997/518
f 1063/1000/519 1062/1001/519 1061/1002/519
f 1064/1003/519 1061/1002/519 1062/1001/519
f 1067/1004/520 1066/1005/520 1065/1006/520
f 1068/1007/520 1065/1006/520 1066/1005/520
f 1071/1008/521 1070/1009/521 1069/1010/521
f 1072/1011/521 1069/1010/521 1070/1009/521
f 1075/1012/522 1074/1013/523 1073/1014/522
f 1076/1015/523 1073/1014/522 1074/1013/523
f 1074/1013/523 1077/1016/524 1076/1015/523
f 1078/1017/524 1076/1015/523 1077/1016/524
f 1081/1018/522 1080/1019/525 1079/1020/522
f 1082/1021/525 1079/1020/522 1080/1019/525
f 1080/1019/525 1083/1022/526 1082/1021/525
f 1084/1023/526 1082/1021/525 1083/1022/526
f 1087/1024/526 1086/1025/527 1085/1026/526
f 1088/1027/527 1085/1026/526 1086/1025/527
f 1086/1025/527 1089/1028/528 1088/1027/527
f 1090/1029/529 1088/1027/527 1089/1028/528
f 1093/1030/529 1092/1031/530 1091/1032/529
f 1094/1033/530 1091/1032/529 1092/1031/530
f 1092/1031/530 1095/1034/531 1094/1033/530
f 1096/1035/531 1094/1033/530 1095/1034/531
f 1099/1036/511 1098/1037/511 1097/1038/511
f 1098/1037/511 1100/1039/511 1097/1038/511
f 1100/1039/511 1101/1040/511 1097/1038/511
f 1102/1041/511 1100/1039/511 1098/1037/511
f 1103/1042/511 1102/1041/511 1098/1037/511
f 1104/1043/511 1100/1039/511 1102/1041/511
f 1107/1044/502 1106/1045/502 1105/1046/502
f 1106/1045/502 1108/1047/502 1105/1046/502
f 1108/1047/502 1109/1048/502 1105/1046/502
f 1110/1049/502 1108/1047/502 1106/1045/502
f 1111/1050/502 1110/1049/502 1106/1045/502
f 1112/1051/502 1108/1047/502 1110/1049/502
f 1115/1052/532 1114/1013/523 1113/1053/531
f 1116/1054/523 1113/1053/531 1114/1013/523
f 1114/1013/523 1117/1055/522 1116/1054/523
f 1118/1056/522 1116/1054/523 1117/1055/522
f 1121/1057/531 1120/1058/530 1119/1059/531
f 1122/1033/530 1119/1059/531 1120/1058/530
f 1120/1058/530 1123/1060/529 1122/1033/530
f 1124/1061/529 1122/1033/530 1123/1060/529
f 1127/1062/529 1126/1063/527 1125/1064/529
f 1128/1027/527 1125/1064/529 1126/1063/527
f 1126/1063/527 1129/1065/526 1128/1027/527
f 1130/1066/526 1128/1027/527 1129/1065/526
f 1133/1067/526 1132/1068/525 1131/1069/526
f 1134/1021/525 1131/1069/526 1132/1068/525
f 1132/1068/525 1135/1070/522 1134/1021/525
f 1136/1071/522 1134/1021/525 1135/1070/522
f 1139/1072/522 1138/1073/525 1137/1074/522
f 1140/1019/525 1137/1074/522 1138/1073/525
f 1138/1073/525 1141/1075/526 1140/1019/525
f 1142/1076/526 1140/1019/525 1141/1075/526
f 1145/1077/526 1144/1078/527 1143/1079/526
f 1146/1025/527 1143/1079/526 1144/1078/527
f 1144/1078/527 1147/1080/529 1146/1025/527
f 1148/1081/529 1146/1025/527 1147/1080/529
f 1151/1082/529 1150/1083/530 1149/1084/529
f 1152/1031/530 1149/1084/529 1150/1083/530
f 1150/1083/530 1153/1085/531 1152/1031/530
f 1154/1086/531 1152/1031/530 1153/1085/531
f 1157/1087/532 1156/1088/523 1155/1089/531
f 1158/1015/523 1155/1089/531 1156/1088/523
f 1156/1088/523 1159/1090/522 1158/1015/523
f 1160/1091/522 1158/1015/523 1159/1090/522
f 1163/1045/502 1162/1050/502 1161/1092/502
f 1162/1050/502 1164/1093/502 1161/1092/502
f 1164/1093/502 1165/1046/502 1161/1092/502
f 1166/1051/502 1164/1093/502 1162/1050/502
f 1167/1049/502 1166/1051/502 1162/1050/502
f 1168/1094/502 1164/1093/502 1166/1051/502
f 1171/1095/511 1170/1042/511 1169/1036/511
f 1170/1042/511 1172/1040/511 1169/1036/511
f 1172/1040/511 1173/1038/511 1169/1036/511
f 1174/1096/511 1172/1040/511 1170/1042/511
f 1175/1097/511 1174/1096/511 1170/1042/511
f 1176/1039/511 1172/1040/511 1174/1096/511
f 1179/1098/522 1178/1099/522 1177/1100/523
f 1180/1101/523 1177/1100/523 1178/1099/522
f 1177/1100/523 1180/1101/523 1181/1102/524
f 1182/1103/524 1181/1102/524 1180/1101/523
f 1185/1104/522 1184/1105/522 1183/1106/525
f 1186/1107/525 1183/1106/525 1184/1105/522
f 1183/1106/525 1186/1107/525 1187/1108/526
f 1188/1109/526 1187/1108/526 1186/1107/525
f 1191/1110/526 1190/1111/526 1189/1112/527
f 1192/1113/527 1189/1112/527 1190/1111/526
f 1189/1112/527 1192/1113/527 1193/1114/528
f 1194/1115/529 1193/1114/528 1192/1113/527
f 1197/1116/529 1196/1117/529 1195/1118/530
f 1198/1119/530 1195/1118/530 1196/1117/529
f 1195/1118/530 1198/1119/530 1199/1120/531
f 1200/1121/531 1199/1120/531 1198/1119/530
f 1203/1049/502 1202/1051/502 1201/1050/502
f 1202/1051/502 1204/1092/502 1201/1050/502
f 1204/1092/502 1205/1045/502 1201/1050/502
f 1206/1093/502 1204/1092/502 1202/1051/502
f 1207/1094/502 1206/1093/502 1202/1051/502
f 1208/1046/502 1204/1092/502 1206/1093/502
f 1211/1097/511 1210/1096/511 1209/1042/511
f 1210/1096/511 1212/1036/511 1209/1042/511
f 1212/1036/511 1213/1095/511 1209/1042/511
f 1214/1040/511 1212/1036/511 1210/1096/511
f 1215/1039/511 1214/1040/511 1210/1096/511
f 1216/1038/511 1212/1036/511 1214/1040/511
f 1219/1122/531 1218/1123/531 1217/1100/523
f 1220/1124/523 1217/1100/523 1218/1123/531
f 1217/1100/523 1220/1124/523 1221/1125/522
f 1222/1126/522 1221/1125/522 1220/1124/523
f 1225/1127/531 1224/1128/532 1223/1129/530
f 1226/1119/530 1223/1129/530 1224/1128/532
f 1223/1129/530 1226/1119/530 1227/1130/529
f 1228/1131/529 1227/1130/529 1226/1119/530
f 1231/1132/529 1230/1133/529 1229/1134/527
f 1232/1113/527 1229/1134/527 1230/1133/529
f 1229/1134/527 1232/1113/527 1233/1135/526
f 1234/1136/526 1233/1135/526 1232/1113/527
f 1237/1137/526 1236/1138/526 1235/1139/525
f 1238/1107/525 1235/1139/525 1236/1138/526
f 1235/1139/525 1238/1107/525 1239/1140/522
f 1240/1141/522 1239/1140/522 1238/1107/525
f 1243/1142/522 1242/1143/522 1241/1144/525
f 1244/1106/525 1241/1144/525 1242/1143/522
f 1241/1144/525 1244/1106/525 1245/1145/526
f 1246/1146/526 1245/1145/526 1244/1106/525
f 1249/1147/526 1248/1148/526 1247/1149/527
f 1250/1112/527 1247/1149/527 1248/1148/526
f 1247/1149/527 1250/1112/527 1251/1150/529
f 1252/1151/529 1251/1150/529 1250/1112/527
f 1255/1152/529 1254/1153/529 1253/1154/530
f 1256/1118/530 1253/1154/530 1254/1153/529
f 1253/1154/530 1256/1118/530 1257/1155/531
f 1258/1156/531 1257/1155/531 1256/1118/530
f 1261/1157/531 1260/1158/531 1259/1159/523
f 1262/1101/523 1259/1159/523 1260/1158/531
f 1259/1159/523 1262/1101/523 1263/1160/522
f 1264/1161/522 1263/1160/522 1262/1101/523
f 1267/1042/511 1266/1041/511 1265/1037/511
f 1266/1041/511 1268/1038/511 1265/1037/511
f 1268/1038/511 1269/1036/511 1265/1037/511
f 1270/1039/511 1268/1038/511 1266/1041/511
f 1271/1043/511 1270/1039/511 1266/1041/511
f 1272/1040/511 1268/1038/511 1270/1039/511
f 1275/1050/502 1274/1049/502 1273/1045/502
f 1274/1049/502 1276/1046/502 1273/1045/502
f 1276/1046/502 1277/1044/502 1273/1045/502
f 1278/1047/502 1276/1046/502 1274/1049/502
f 1279/1051/502 1278/1047/502 1274/1049/502
f 1280/1048/502 1276/1046/502 1278/1047/502
f 1283/1162/523 1282/1163/523 1281/1164/523
f 1284/1165/523 1281/1164/523 1282/1163/523
f 1281/1164/523 1284/1165/523 1285/1166/533
f 1286/1167/534 1285/1166/533 1284/1165/523
f 1285/1166/533 1286/1167/534 1287/1168/535
f 1288/1169/536 1287/1168/535 1286/1167/534
f 1287/1168/535 1288/1169/536 1289/1170/537
f 1290/1171/537 1289/1170/537 1288/1169/536
f 1293/1172/538 1292/1173/538 1291/1174/538
f 1294/1175/538 1291/1174/538 1292/1173/538
f 1294/1175/538 1292/1173/538 1295/1176/539
f 1296/1177/540 1295/1176/539 1292/1173/538
f 1295/1176/539 1296/1177/540 1297/1178/541
f 1298/1179/541 1297/1178/541 1296/1177/540
f 1297/1178/541 1298/1179/541 1299/1180/541
f 1300/1181/541 1299/1180/541 1298/1179/541
f 1299/1180/541 1300/1181/541 1301/1182/541
f 1302/1183/541 1301/1182/541 1300/1181/541
f 1301/1182/541 1302/1183/541 1303/1184/541
f 1304/1185/541 1303/1184/541 1302/1183/541
f 1304/1185/541 1305/1186/541 1303/1184/541
f 1306/1187/541 1303/1184/541 1305/1186/541
f 1309/1188/542 1308/1189/542 1307/1190/542
f 1310/1191/542 1307/1190/542 1308/1189/542
f 1310/1191/542 1308/1189/542 1311/1192/543
f 1312/1193/544 1311/1192/543 1308/1189/542
f 1311/1192/543 1312/1193/544 1313/1194/545
f 1314/1195/545 1313/1194/545 1312/1193/544
f 1313/1194/545 1314/1195/545 1315/1196/545
f 1316/1197/545 1315/1196/545 1314/1195/545
f 1315/1196/545 1316/1197/545 1317/1198/545
f 1318/1199/545 1317/1198/545 1316/1197/545
f 1317/1198/545 1318/1199/545 1319/1200/545
f 1320/1201/545 1319/1200/545 1318/1199/545
f 1320/1201/545 1321/1202/545 1319/1200/545
f 1322/1203/545 1319/1200/545 1321/1202/545
f 1325/1204/523 1324/1205/523 1323/1206/523
f 1326/1207/523 1323/1206/523 1324/1205/523
f 1323/1206/523 1326/1207/523 1327/1208/533
f 1328/1209/534 1327/1208/533 1326/1207/523
f 1327/1208/533 1328/1209/534 1329/1210/536
f 1330/1211/536 1329/1210/536 1328/1209/534
f 1329/1210/536 1330/1211/536 1331/1212/537
f 1332/1213/537 1331/1212/537 1330/1211/536
f 1335/1190/542 1334/1188/542 1333/1191/542
f 1336/1189/542 1333/1191/542 1334/1188/542
f 1333/1191/542 1336/1189/542 1337/1214/543
f 1338/1215/544 1337/1214/543 1336/1189/542
f 1337/1214/543 1338/1215/544 1339/1216/545
f 1340/1217/545 1339/1216/545 1338/1215/544
f 1339/1216/545 1340/1217/545 1341/1218/545
f 1342/1219/545 1341/1218/545 1340/1217/545
f 1341/1218/545 1342/1219/545 1343/1220/545
f 1344/1221/545 1343/1220/545 1342/1219/545
f 1343/1220/545 1344/1221/545 1345/1222/545
f 1346/1223/545 1345/1222/545 1344/1221/545
f 1346/1223/545 1347/1224/545 1345/1222/545
f 1348/1225/545 1345/1222/545 1347/1224/545
f 1351/1174/538 1350/1172/538 1349/1175/538
f 1352/1173/538 1349/1175/538 1350/1172/538
f 1349/1175/538 1352/1173/538 1353/1226/539
f 1354/1227/540 1353/1226/539 1352/1173/538
f 1353/1226/539 1354/1227/540 1355/1228/541
f 1356/1229/541 1355/1228/541 1354/1227/540
f 1355/1228/541 1356/1229/541 1357/1230/541
f 1358/1231/541 1357/1230/541 1356/1229/541
f 1357/1230/541 1358/1231/541 1359/1232/541
f 1360/1233/541 1359/1232/541 1358/1231/541
f 1359/1232/541 1360/1233/541 1361/1234/541
f 1362/1235/541 1361/1234/541 1360/1233/541
f 1362/1235/541 1363/1236/541 1361/1234/541
f 1364/1237/541 1361/1234/541 1363/1236/541
f 1367/1238/527 1366/1239/527 1365/1240/546
f 1368/1241/547 1365/1240/546 1366/1239/527
f 1365/1240/546 1368/1241/547 1369/1242/548
f 1370/1243/548 1369/1242/548 1368/1241/547
f 1369/1242/548 1370/1243/548 1371/1244/549
f 1372/1245/550 1371/1244/549 1370/1243/548
f 1375/1246/527 1374/1247/527 1373/1248/546
f 1376/1249/547 1373/1248/546 1374/1247/527
f 1373/1248/546 1376/1249/547 1377/1250/551
f 1378/1251/551 1377/1250/551 1376/1249/547
f 1377/1250/551 1378/1251/551 1379/1252/550
f 1380/1253/550 1379/1252/550 1378/1251/551
f 1383/1254/527 1382/1255/527 1381/1256/527
f 1384/1257/527 1381/1256/527 1382/1255/527
f 1387/1258/527 1386/1259/527 1385/1260/527
f 1388/1261/527 1385/1260/527 1386/1259/527
f 1391/1262/552 1390/1263/553 1389/1264/554
f 1392/1265/555 1389/1264/554 1390/1263/553
f 1389/1264/554 1392/1265/555 1393/1266/556
f 1394/1267/556 1393/1266/556 1392/1265/555
f 1394/1267/556 1395/1268/557 1393/1266/556
f 1396/1269/557 1393/1266/556 1395/1268/557
f 1399/1270/558 1398/1271/559 1397/1272/560
f 1400/1273/560 1397/1272/560 1398/1271/559
f 1397/1272/560 1400/1273/560 1401/1274/561
f 1402/1275/561 1401/1274/561 1400/1273/560
f 1402/1275/561 1403/1276/562 1401/1274/561
f 1404/1277/562 1401/1274/561 1403/1276/562
f 1407/1278/553 1406/1279/552 1405/1280/555
f 1408/1281/555 1405/1280/555 1406/1279/552
f 1405/1280/555 1408/1281/555 1409/1282/563
f 1410/1283/563 1409/1282/563 1408/1281/555
f 1410/1283/563 1411/1284/557 1409/1282/563
f 1412/1285/557 1409/1282/563 1411/1284/557
f 1415/1286/558 1414/1287/559 1413/1288/560
f 1416/1289/560 1413/1288/560 1414/1287/559
f 1413/1288/560 1416/1289/560 1417/1290/564
f 1418/1291/565 1417/1290/564 1416/1289/560
f 1418/1291/565 1419/1292/562 1417/1290/564
f 1420/1293/562 1417/1290/564 1419/1292/562
f 1423/1294/523 1422/1295/523 1421/1296/523
f 1424/1297/523 1421/1296/523 1422/1295/523
f 1427/1298/566 1426/1299/566 1425/1300/566
f 1428/1301/566 1425/1300/566 1426/1299/566
f 1431/1302/527 1430/1303/527 1429/1304/527
f 1432/1305/527 1429/1304/527 1430/1303/527
f 1435/1306/567 1434/1307/567 1433/1308/567
f 1436/1309/567 1433/1308/567 1434/1307/567
f 1439/1310/523 1438/1311/523 1437/1312/523
f 1440/1313/523 1437/1312/523 1438/1311/523
f 1443/1314/557 1442/1315/557 1441/1316/557
f 1444/1317/557 1441/1316/557 1442/1315/557
f 1447/1318/527 1446/1319/527 1445/1320/527
f 1448/1321/527 1445/1320/527 1446/1319/527
f 1451/1322/562 1450/1323/562 1449/1324/562
f 1452/1325/562 1449/1324/562 1450/1323/562
f 1455/1326/523 1454/1327/523 1453/1328/523
f 1456/1329/523 1453/1328/523 1454/1327/523
f 1459/1330/557 1458/1331/557 1457/1332/557
f 1460/1333/557 1457/1332/557 1458/1331/557
f 1463/1334/527 1462/1335/527 1461/1336/527
f 1464/1337/527 1461/1336/527 1462/1335/527
f 1467/1338/562 1466/1339/562 1465/1340/562
f 1468/1341/562 1465/1340/562 1466/1339/562
f 1471/1342/523 1470/1343/523 1469/1344/523
f 1472/1345/523 1469/1344/523 1470/1343/523
f 1475/1346/568 1474/1347/568 1473/1348/568
f 1476/1349/568 1473/1348/568 1474/1347/568
f 1479/1350/527 1478/1351/527 1477/1352/527
f 1480/1353/527 1477/1352/527 1478/1351/527
f 1483/1354/569 1482/1355/569 1481/1356/562
f 1484/1357/562 1481/1356/562 1482/1355/569
f 1487/1358/523 1486/1359/523 1485/1360/570
f 1488/1361/571 1485/1360/570 1486/1359/523
f 1491/1362/557 1490/1363/557 1489/1364/572
f 1492/1365/572 1489/1364/572 1490/1363/557
f 1495/1366/527 1494/1367/527 1493/1368/573
f 1496/1369/573 1493/1368/573 1494/1367/527
f 1499/1370/569 1498/1371/569 1497/1372/574
f 1500/1373/574 1497/1372/574 1498/1371/569
f 1503/1374/575 1502/1375/575 1501/1376/575
f 1504/1377/575 1501/1376/575 1502/1375/575
f 1507/1378/576 1506/1379/576 1505/1380/576
f 1508/1381/576 1505/1380/576 1506/1379/576
f 1511/1382/577 1510/1383/577 1509/1384/577
f 1512/1385/577 1509/1384/577 1510/1383/577
f 1515/1386/578 1514/1387/578 1513/1388/578
f 1516/1389/578 1513/1388/578 1514/1387/578
f 1519/1390/575 1518/1391/575 1517/1392/575
f 1520/1393/575 1517/1392/575 1518/1391/575
f 1523/1394/576 1522/1395/576 1521/1396/576
f 1524/1397/576 1521/1396/576 1522/1395/576
f 1527/1398/577 1526/1399/577 1525/1400/577
f 1528/1401/577 1525/1400/577 1526/1399/577
f 1531/1402/578 1530/1403/578 1529/1404/578
f 1532/1405/578 1529/1404/578 1530/1403/578
f 1535/1406/523 1534/1407/523 1533/1408/523
f 1536/1409/523 1533/1408/523 1534/1407/523
f 1534/1407/523 1537/1410/579 1536/1409/523
f 1538/1411/580 1536/1409/523 1537/1410/579
f 1537/1410/579 1539/1412/581 1538/1411/580
f 1540/1413/582 1538/1411/580 1539/1412/581
f 1539/1412/581 1541/1414/583 1540/1413/582
f 1542/1415/584 1540/1413/582 1541/1414/583
f 1545/1416/585 1544/1417/585 1543/1418/585
f 1546/1419/585 1543/1418/585 1544/1417/585
f 1546/1419/585 1547/1420/586 1543/1418/585
f 1548/1421/587 1543/1418/585 1547/1420/586
f 1547/1420/586 1549/1422/588 1548/1421/587
f 1550/1423/588 1548/1421/587 1549/1422/588
f 1549/1422/588 1551/1424/588 1550/1423/588
f 1552/1425/588 1550/1423/588 1551/1424/588
f 1551/1424/588 1553/1426/588 1552/1425/588
f 1554/1427/588 1552/1425/588 1553/1426/588
f 1553/1426/588 1555/1428/588 1554/1427/588
f 1556/1429/588 1554/1427/588 1555/1428/588
f 1556/1429/588 1555/1428/588 1557/1430/588
f 1558/1431/588 1557/1430/588 1555/1428/588
f 1561/1432/589 1560/1433/589 1559/1434/589
f 1562/1435/589 1559/1434/589 1560/1433/589
f 1562/1435/589 1563/1436/590 1559/1434/589
f 1564/1437/591 1559/1434/589 1563/1436/590
f 1563/1436/590 1565/1438/592 1564/1437/591
f 1566/1439/592 1564/1437/591 1565/1438/592
f 1565/1438/592 1567/1440/592 1566/1439/592
f 1568/1441/592 1566/1439/592 1567/1440/592
f 1567/1440/592 1569/1442/592 1568/1441/592
f 1570/1443/592 1568/1441/592 1569/1442/592
f 1569/1442/592 1571/1444/592 1570/1443/592
f 1572/1445/592 1570/1443/592 1571/1444/592
f 1572/1445/592 1571/1444/592 1573/1446/592
f 1574/1447/592 1573/1446/592 1571/1444/592
f 1577/1448/523 1576/1449/523 1575/1450/523
f 1578/1451/523 1575/1450/523 1576/1449/523
f 1576/1449/523 1579/1452/579 1578/1451/523
f 1580/1453/580 1578/1451/523 1579/1452/579
f 1579/1452/579 1581/1454/582 1580/1453/580
f 1582/1455/582 1580/1453/580 1581/1454/582
f 1581/1454/582 1583/1456/583 1582/1455/582
f 1584/1457/583 1582/1455/582 1583/1456/583
f 1587/1433/589 1586/1435/589 1585/1432/589
f 1588/1434/589 1585/1432/589 1586/1435/589
f 1586/1435/589 1589/1458/590 1588/1434/589
f 1590/1459/591 1588/1434/589 1589/1458/590
f 1589/1458/590 1591/1460/592 1590/1459/591
f 1592/1461/592 1590/1459/591 1591/1460/592
f 1591/1460/592 1593/1462/592 1592/1461/592
f 1594/1463/592 1592/1461/592 1593/1462/592
f 1593/1462/592 1595/1464/592 1594/1463/592
f 1596/1465/592 1594/1463/592 1595/1464/592
f 1595/1464/592 1597/1466/592 1596/1465/592
f 1598/1467/592 1596/1465/592 1597/1466/592
f 1598/1467/592 1597/1466/592 1599/1468/592
f 1600/1469/592 1599/1468/592 1597/1466/592
f 1603/1417/585 1602/1419/585 1601/1416/585
f 1604/1418/585 1601/1416/585 1602/1419/585
f 1602/1419/585 1605/1470/586 1604/1418/585
f 1606/1471/587 1604/1418/585 1605/1470/586
f 1605/1470/586 1607/1472/588 1606/1471/587
f 1608/1473/588 1606/1471/587 1607/1472/588
f 1607/1472/588 1609/1474/588 1608/1473/588
f 1610/1475/588 1608/1473/588 1609/1474/588
f 1609/1474/588 1611/1476/588 1610/1475/588
f 1612/1477/588 1610/1475/588 1611/1476/588
f 1611/1476/588 1613/1478/588 1612/1477/588
f 1614/1479/588 1612/1477/588 1613/1478/588
f 1614/1479/588 1613/1478/588 1615/1480/588
f 1616/1481/588 1615/1480/588 1613/1478/588
f 1619/1482/527 1618/1483/593 1617/1484/527
f 1620/1485/594 1617/1484/527 1618/1483/593
f 1618/1483/593 1621/1486/595 1620/1485/594
f 1622/1487/595 1620/1485/594 1621/1486/595
f 1621/1486/595 1623/1488/596 1622/1487/595
f 1624/1489/597 1622/1487/595 1623/1488/596
f 1627/1490/527 1626/1491/593 1625/1492/527
f 1628/1493/594 1625/1492/527 1626/1491/593
f 1626/1491/593 1629/1494/598 1628/1493/594
f 1630/1495/598 1628/1493/594 1629/1494/598
f 1629/1494/598 1631/1496/596 1630/1495/598
f 1632/1497/596 1630/1495/598 1631/1496/596
f 1635/1498/527 1634/1499/527 1633/1500/527
f 1636/1501/527 1633/1500/527 1634/1499/527
f 1639/1502/527 1638/1503/527 1637/1504/527
f 1640/1505/527 1637/1504/527 1638/1503/527
f 1643/1506/599 1642/1507/600 1641/1508/601
f 1644/1509/602 1641/1508/601 1642/1507/600
f 1642/1507/600 1645/1510/603 1644/1509/602
f 1646/1511/603 1644/1509/602 1645/1510/603
f 1646/1511/603 1645/1510/603 1647/1512/604
f 1648/1513/604 1647/1512/604 1645/1510/603
f 1651/1514/605 1650/1515/606 1649/1516/607
f 1652/1517/606 1649/1516/607 1650/1515/606
f 1650/1515/606 1653/1518/608 1652/1517/606
f 1654/1519/608 1652/1517/606 1653/1518/608
f 1654/1519/608 1653/1518/608 1655/1520/609
f 1656/1521/609 1655/1520/609 1653/1518/608
f 1659/1522/601 1658/1523/602 1657/1524/599
f 1660/1525/602 1657/1524/599 1658/1523/602
f 1658/1523/602 1661/1526/610 1660/1525/602
f 1662/1527/610 1660/1525/602 1661/1526/610
f 1662/1527/610 1661/1526/610 1663/1528/604
f 1664/1529/604 1663/1528/604 1661/1526/610
f 1667/1530/605 1666/1531/606 1665/1532/605
f 1668/1533/606 1665/1532/605 1666/1531/606
f 1666/1531/606 1669/1534/611 1668/1533/606
f 1670/1535/612 1668/1533/606 1669/1534/611
f 1670/1535/612 1669/1534/611 1671/1536/609
f 1672/1537/609 1671/1536/609 1669/1534/611
f 1675/1538/523 1674/1539/523 1673/1540/523
f 1676/1541/523 1673/1540/523 1674/1539/523
f 1679/1542/613 1678/1543/613 1677/1544/613
f 1680/1545/613 1677/1544/613 1678/1543/613
f 1683/1546/527 1682/1547/527 1681/1548/527
f 1684/1549/527 1681/1548/527 1682/1547/527
f 1687/1550/614 1686/1551/614 1685/1552/614
f 1688/1553/614 1685/1552/614 1686/1551/614
f 1691/1554/523 1690/1555/523 1689/1556/523
f 1692/1557/523 1689/1556/523 1690/1555/523
f 1695/1558/604 1694/1559/604 1693/1560/604
f 1696/1561/604 1693/1560/604 1694/1559/604
f 1699/1562/527 1698/1563/527 1697/1564/527
f 1700/1565/527 1697/1564/527 1698/1563/527
f 1703/1566/609 1702/1567/609 1701/1568/609
f 1704/1569/609 1701/1568/609 1702/1567/609
f 1707/1570/523 1706/1571/523 1705/1572/523
f 1708/1573/523 1705/1572/523 1706/1571/523
f 1711/1574/604 1710/1575/604 1709/1576/604
f 1712/1577/604 1709/1576/604 1710/1575/604
f 1715/1578/527 1714/1579/527 1713/1580/527
f 1716/1581/527 1713/1580/527 1714/1579/527
f 1719/1582/609 1718/1583/609 1717/1584/609
f 1720/1585/609 1717/1584/609 1718/1583/609
f 1723/1586/523 1722/1587/523 1721/1588/523
f 1724/1589/523 1721/1588/523 1722/1587/523
f 1727/1590/615 1726/1591/615 1725/1592/615
f 1728/1593/615 1725/1592/615 1726/1591/615
f 1731/1594/527 1730/1595/527 1729/1596/527
f 1732/1597/527 1729/1596/527 1730/1595/527
f 1735/1598/609 1734/1599/609 1733/1600/609
f 1736/1601/609 1733/1600/609 1734/1599/609
f 1739/1602/616 1738/1603/523 1737/1604/570
f 1740/1605/523 1737/1604/570 1738/1603/523
f 1743/1606/617 1742/1607/604 1741/1608/617
f 1744/1609/604 1741/1608/617 1742/1607/604
f 1747/1610/573 1746/1611/527 1745/1612/573
f 1748/1613/527 1745/1612/573 1746/1611/527
f 1751/1614/618 1750/1615/619 1749/1616/618
f 1752/1617/619 1749/1616/618 1750/1615/619
f 1755/1618/620 1754/1619/620 1753/1620/620
f 1756/1621/620 1753/1620/620 1754/1619/620
f 1759/1622/621 1758/1623/621 1757/1624/621
f 1760/1625/621 1757/1624/621 1758/1623/621
f 1763/1626/622 1762/1627/622 1761/1628/622
f 1764/1629/622 1761/1628/622 1762/1627/622
f 1767/1630/623 1766/1631/623 1765/1632/623
f 1768/1633/623 1765/1632/623 1766/1631/623
f 1771/1634/620 1770/1635/620 1769/1636/620
f 1772/1637/620 1769/1636/620 1770/1635/620
f 1775/1638/621 1774/1639/621 1773/1640/621
f 1776/1641/621 1773/1640/621 1774/1639/621
f 1779/1642/622 1778/1643/622 1777/1644/622
f 1780/1645/622 1777/1644/622 1778/1643/622
f 1783/1646/623 1782/1647/623 1781/1648/623
f 1784/1649/623 1781/1648/623 1782/1647/623
f 1787/1650/624 1786/1651/624 1785/1652/624
f 1788/1653/624 1785/1652/624 1786/1651/624
f 1791/1654/419 1790/1655/419 1789/1656/419
f 1792/1657/419 1789/1656/419 1790/1655/419
f 1795/1658/443 1794/1659/443 1793/1660/443
f 1796/1661/443 1793/1660/443 1794/1659/443
f 1799/1662/523 1798/1663/523 1797/1664/523
f 1800/1665/523 1797/1664/523 1798/1663/523
f 1803/1666/473 1802/1667/473 1801/1668/473
f 1804/1669/473 1801/1668/473 1802/1667/473
f 1807/1670/625 1806/1671/625 1805/1672/625
f 1808/1673/625 1805/1672/625 1806/1671/625
f 1811/1674/328 1810/1675/328 1809/1676/328
f 1812/1677/328 1809/1676/328 1810/1675/328
f 1815/1678/356 1814/1679/356 1813/1680/356
f 1816/1681/356 1813/1680/356 1814/1679/356
f 1819/1682/523 1818/1683/523 1817/1684/523
f 1820/1685/523 1817/1684/523 1818/1683/523
f 1823/1686/386 1822/1687/386 1821/1688/386
f 1824/1689/386 1821/1688/386 1822/1687/386
f 1827/1690/626 1826/1691/626 1825/1692/626
f 1827/1690/626 1825/1692/626 1828/1693/626
f 1827/1690/626 1829/1694/626 1826/1691/626
f 1827/1690/626 1828/1693/626 1830/1695/626
f 1831/1696/626 1829/1694/626 1827/1690/626
f 1827/1690/626 1830/1695/626 1832/1697/627
f 1827/1690/626 1833/1698/626 1831/1696/626
f 1827/1690/626 1832/1697/627 1833/1698/626
f 1836/1699/626 1835/1700/626 1834/1701/626
f 1834/1701/626 1835/1700/626 1837/1702/626
f 1838/1703/626 1835/1700/626 1836/1699/626
f 1837/1702/626 1835/1700/626 1839/1704/626
f 1838/1703/626 1840/1705/626 1835/1700/626
f 1839/1704/626 1835/1700/626 1841/1706/626
f 1842/1707/626 1835/1700/626 1840/1705/626
f 1841/1706/626 1835/1700/626 1842/1707/626
f 1845/1708/628 1844/1709/628 1843/1710/628
f 1843/1710/628 1844/1709/628 1846/1711/628
f 1847/1712/628 1844/1709/628 1845/1708/628
f 1846/1711/628 1844/1709/628 1848/1713/628
f 1847/1712/628 1849/1714/628 1844/1709/628
f 1848/1713/628 1844/1709/628 1850/1715/629
f 1851/1716/628 1844/1709/628 1849/1714/628
f 1850/1715/629 1844/1709/628 1851/1716/628
f 1854/1717/628 1853/1718/628 1852/1719/628
f 1854/1717/628 1852/1719/628 1855/1720/628
f 1854/1717/628 1856/1721/628 1853/1718/628
f 1854/1717/628 1855/1720/628 1857/1722/628
f 1858/1723/628 1856/1721/628 1854/1717/628
f 1854/1717/628 1857/1722/628 1859/1724/628
f 1854/1717/628 1860/1725/628 1858/1723/628
f 1854/1717/628 1859/1724/628 1860/1725/628
f 1863/1726/630 1862/1727/248 1861/1728/631
f 1861/1728/631 1862/1727/248 1864/1729/632
f 1865/1730/633 1862/1727/248 1863/1726/630
f 1864/1729/632 1862/1727/248 1866/1731/634
f 1867/1732/635 1862/1727/248 1865/1730/633
f 1866/1731/634 1862/1727/248 1868/1733/636
f 1869/1734/637 1862/1727/248 1867/1732/635
f 1868/1733/636 1862/1727/248 1869/1734/637
f 1872/1735/638 1871/1736/639 1870/1737/631
f 1872/1735/638 1870/1737/631 1873/1738/630
f 1872/1735/638 1874/1739/634 1871/1736/639
f 1872/1735/638 1873/1738/630 1875/1740/633
f 1872/1735/638 1876/1741/636 1874/1739/634
f 1872/1735/638 1875/1740/633 1877/1742/635
f 1872/1735/638 1878/1743/637 1876/1741/636
f 1872/1735/638 1877/1742/635 1878/1743/637
f 1881/1744/283 1880/1745/640 1879/1746/641
f 1881/1744/283 1879/1746/641 1882/1747/642
f 1881/1744/283 1883/1748/643 1880/1745/640
f 1881/1744/283 1882/1747/642 1884/1749/644
f 1881/1744/283 1885/1750/645 1883/1748/643
f 1881/1744/283 1884/1749/644 1886/1751/646
f 1881/1744/283 1887/1752/647 1885/1750/645
f 1881/1744/283 1886/1751/646 1887/1752/647
f 1890/1753/648 1889/1754/649 1888/1755/641
f 1888/1755/641 1889/1754/649 1891/1756/640
f 1892/1757/644 1889/1754/649 1890/1753/648
f 1891/1756/640 1889/1754/649 1893/1758/643
f 1894/1759/646 1889/1754/649 1892/1757/644
f 1893/1758/643 1889/1754/649 1895/1760/645
f 1896/1761/647 1889/1754/649 1894/1759/646
f 1895/1760/645 1889/1754/649 1896/1761/647
f 1899/1762/650 1898/1763/523 1897/1764/651
f 1897/1764/651 1898/1763/523 1900/1765/652
f 1901/1766/653 1898/1763/523 1899/1762/650
f 1900/1765/652 1898/1763/523 1902/1767/654
f 1903/1768/655 1898/1763/523 1901/1766/653
f 1902/1767/654 1898/1763/523 1904/1769/656
f 1905/1770/657 1898/1763/523 1903/1768/655
f 1904/1769/656 1898/1763/523 1906/1771/658
f 1907/1772/659 1898/1763/523 1905/1770/657
f 1906/1771/658 1898/1763/523 1907/1772/659
f 1910/1773/660 1909/1774/661 1908/1775/662
f 1911/1776/663 1908/1775/662 1909/1774/661
f 1908/1775/662 1912/1777/664 1910/1773/660
f 1909/1774/661 1913/1778/665 1911/1776/663
f 1914/1779/666 1910/1773/660 1912/1777/664
f 1915/1780/667 1911/1776/663 1913/1778/665
f 1912/1777/664 1916/1781/668 1914/1779/666
f 1913/1778/665 1917/1782/669 1915/1780/667
f 1918/1783/670 1914/1779/666 1916/1781/668
f 1919/1784/671 1915/1780/667 1917/1782/669
f 1916/1781/668 1920/1785/672 1918/1783/670
f 1917/1782/669 1921/1786/673 1919/1784/671
f 1922/1787/674 1918/1783/670 1920/1785/672
f 1923/1788/675 1919/1784/671 1921/1786/673
f 1920/1785/672 1924/1789/676 1922/1787/674
f 1921/1786/673 1925/1790/677 1923/1788/675
f 1926/1791/678 1922/1787/674 1924/1789/676
f 1927/1792/679 1923/1788/675 1925/1790/677
f 1924/1789/676 1927/1792/679 1926/1791/678
f 1925/1790/677 1926/1791/678 1927/1792/679
f 1930/1793/680 1929/1794/681 1928/1795/682
f 1931/1796/683 1928/1795/682 1929/1794/681
f 1928/1795/682 1932/1797/684 1930/1793/680
f 1929/1794/681 1933/1798/685 1931/1796/683
f 1934/1799/686 1930/1793/680 1932/1797/684
f 1935/1800/687 1931/1796/683 1933/1798/685
f 1932/1797/684 1936/1801/688 1934/1799/686
f 1933/1798/685 1937/1802/689 1935/1800/687
f 1938/1803/690 1934/1799/686 1936/1801/688
f 1939/1804/691 1935/1800/687 1937/1802/689
f 1936/1801/688 1940/1805/692 1938/1803/690
f 1937/1802/689 1941/1806/693 1939/1804/691
f 1942/1807/694 1938/1803/690 1940/1805/692
f 1943/1808/695 1939/1804/691 1941/1806/693
f 1940/1805/692 1944/1809/696 1942/1807/694
f 1941/1806/693 1945/1810/697 1943/1808/695
f 1946/1811/698 1942/1807/694 1944/1809/696
f 1947/1812/699 1943/1808/695 1945/1810/697
f 1944/1809/696 1947/1812/699 1946/1811/698
f 1945/1810/697 1946/1811/698 1947/1812/699
