# Blender 5.0.1
# www.blender.org
mtllib Deruyter_Barbette_A_mod.mtl
o Deruyter_Barbette_A_mod
v 2.877436 2.672675 -1.270527
v 2.929446 2.792005 -2.883914
v 3.032529 2.792005 -2.844453
v 2.929446 2.792005 -2.883914
v 2.877436 2.672675 -1.270527
v 2.780009 2.672675 -1.270527
v 2.780009 2.672675 -1.270527
v 2.779995 2.672675 -2.986824
v 2.929446 2.792005 -2.883914
v 2.877437 2.672675 -2.949578
v 2.877436 2.672675 -1.270527
v 3.032529 2.792005 -2.844453
v -2.877437 2.672675 -1.270528
v -2.929446 2.792005 -2.883914
v -2.780011 2.672675 -1.270528
v -2.929446 2.792005 -2.883914
v -2.877437 2.672675 -1.270528
v -3.032529 2.792005 -2.844454
v -2.779996 2.672675 -2.986824
v -2.780011 2.672675 -1.270528
v -2.929446 2.792005 -2.883914
v -2.877438 2.672675 -2.949579
v -3.032529 2.792005 -2.844454
v -2.877437 2.672675 -1.270528
v -2.993711 2.008457 -7.431250
v -3.408203 2.008457 -7.670557
v -2.993711 1.224616 -7.431248
v -3.039294 1.224616 -7.352298
v -3.453786 2.008457 -7.591604
v -3.039294 2.008457 -7.352298
v -3.373523 2.008457 -6.506018
v -3.373523 1.224617 -6.506018
v -3.835829 2.008457 -6.629893
v -3.349927 1.224618 -6.594080
v -3.349927 2.008457 -6.594080
v -3.812233 2.008458 -6.717952
v 2.993713 2.008457 -7.431250
v 2.993713 1.224616 -7.431247
v 3.408205 2.008457 -7.670557
v 3.039296 1.224617 -7.352297
v 3.039296 2.008457 -7.352297
v 3.453789 2.008457 -7.591604
v 3.373525 2.008458 -6.506018
v 3.835831 2.008458 -6.629892
v 3.373525 1.224618 -6.506018
v 3.349929 1.224618 -6.594079
v 3.812235 2.008458 -6.717951
v 3.349929 2.008458 -6.594079
v -3.470463 2.008456 -5.605745
v -3.470463 1.224617 -5.605745
v -3.949078 2.008456 -5.605745
v -3.470463 1.224617 -5.696912
v -3.470463 2.008456 -5.696912
v -3.949078 2.008456 -5.696912
v -2.993712 2.008457 -3.881104
v -2.993711 1.224616 -3.881106
v -3.408204 2.008457 -3.641797
v -3.039295 1.224616 -3.960057
v -3.039295 2.008457 -3.960057
v -3.453788 2.008457 -3.720750
v -3.373523 2.008457 -4.806336
v -3.835829 2.008458 -4.682462
v -3.373523 1.224617 -4.806336
v -3.349927 1.224618 -4.718274
v -3.812234 2.008458 -4.594402
v -3.349927 2.008458 -4.718274
v 3.470464 2.008456 -5.605744
v 3.949079 2.008457 -5.605744
v 3.470464 1.224617 -5.605744
v 3.470464 1.224618 -5.696911
v 3.949079 2.008457 -5.696911
v 3.470464 2.008457 -5.696911
v 2.993712 2.008457 -3.881104
v 3.408204 2.008458 -3.641797
v 2.993712 1.224616 -3.881106
v 3.039295 1.224617 -3.960056
v 3.453787 2.008457 -3.720749
v 3.039295 2.008457 -3.960056
v 3.373524 2.008458 -4.806335
v 3.373524 1.224618 -4.806335
v 3.835830 2.008458 -4.682460
v 3.349928 1.224618 -4.718274
v 3.349928 2.008458 -4.718274
v 3.812235 2.008458 -4.594401
v 2.808405 2.008457 -8.452744
v 3.436918 2.672675 -7.633650
v 2.808406 2.672675 -8.452744
v 3.436919 2.008457 -7.633650
v 3.832019 2.672675 -6.679792
v 3.832019 2.008457 -6.679790
v 3.966781 2.672676 -5.656177
v 3.966780 2.008457 -5.656177
v 3.832018 2.008457 -4.632563
v 3.832018 2.672676 -4.632561
v 3.436917 2.008457 -3.678703
v 3.436917 2.672675 -3.678704
v 2.877437 2.672675 -2.949578
v 2.877437 2.008457 -2.949758
v 2.808406 0.000001 -7.730637
v 3.052938 2.008457 -7.411958
v 2.808406 2.008457 -7.730637
v 3.052938 0.000001 -7.411955
v 3.403743 2.008457 -6.565036
v 3.403743 0.000001 -6.565036
v 3.523396 2.008457 -5.656177
v 3.523396 0.000002 -5.656176
v 3.403743 0.000002 -4.747316
v 3.403743 2.008457 -4.747317
v 3.052937 0.000002 -3.900398
v 3.052937 2.008457 -3.900395
v 2.765769 2.008461 -3.526120
v 2.765744 0.000004 -3.526120
v 2.808406 0.000001 -7.730637
v 2.808405 2.008457 -8.452744
v 2.808405 0.000001 -8.452744
v 2.808406 2.008457 -7.730637
v 2.808405 2.008457 -8.452744
v 1.989310 0.000002 -9.081257
v 2.808405 0.000001 -8.452744
v 1.989310 2.008456 -9.081257
v 2.808406 2.672675 -8.452744
v 1.035453 0.000001 -9.476357
v 1.989310 2.672675 -9.081257
v 1.035453 2.008456 -9.476357
v 1.035453 2.672675 -9.476359
v 0.000002 0.000001 -9.611118
v 0.000002 2.008456 -9.611118
v 0.000001 2.672675 -9.611120
v -1.035450 2.672675 -9.476359
v -1.035450 2.008456 -9.476357
v -1.035450 0.000001 -9.476357
v -1.989307 2.672675 -9.081257
v -1.989307 2.008456 -9.081257
v -2.808403 2.672675 -8.452744
v -1.989307 0.000002 -9.081257
v -2.808403 2.008456 -8.452744
v -2.808403 0.000001 -8.452744
v 2.737085 2.174151 -8.381423
v 1.938879 2.672675 -8.993909
v 2.737085 2.672675 -8.381423
v 1.938879 2.174151 -8.993909
v 1.009348 2.672675 -9.378933
v 1.009348 2.174150 -9.378933
v 0.000001 2.672675 -9.510256
v 0.000001 2.174150 -9.510256
v -1.009345 2.174150 -9.378933
v -1.009345 2.672675 -9.378933
v -1.938876 2.174150 -8.993909
v -1.938876 2.672675 -8.993909
v -2.737082 2.174151 -8.381423
v -2.737082 2.672675 -8.381424
v 2.737085 2.672675 -8.381423
v 3.349569 2.174151 -7.583215
v 2.737085 2.174151 -8.381423
v 3.349569 2.672675 -7.583215
v 3.734593 2.174151 -6.653689
v 3.734593 2.672675 -6.653689
v 3.865918 2.174152 -5.656177
v 3.865918 2.672676 -5.656177
v 3.734592 2.672676 -4.658665
v 3.734593 2.174152 -4.658664
v 3.349567 2.672675 -3.729138
v 3.349567 2.174151 -3.729138
v 2.779995 2.672675 -2.986824
v 2.779995 2.174151 -2.986824
v 2.895285 2.792005 -8.472959
v 3.349569 2.672675 -7.583215
v 2.737085 2.672675 -8.381423
v 3.543324 2.792005 -7.628418
v 3.734593 2.672675 -6.653689
v 3.950699 2.792005 -6.644924
v 3.865918 2.672676 -5.656177
v 4.080870 2.792005 -5.656179
v 3.950698 2.792005 -4.667429
v 3.734592 2.672676 -4.658665
v 3.543322 2.792005 -3.683935
v 3.349567 2.672675 -3.729138
v 2.929446 2.792005 -2.883914
v 2.779995 2.672675 -2.986824
v 2.737085 2.672675 -8.381423
v 2.050743 2.792005 -9.120994
v 2.895285 2.792005 -8.472959
v 1.938879 2.672675 -8.993909
v 1.067253 2.792005 -9.528372
v 1.009348 2.672675 -9.378933
v 0.000001 2.792005 -9.667321
v 0.000001 2.672675 -9.510256
v -1.009345 2.672675 -9.378933
v -1.067251 2.792005 -9.528372
v -1.938876 2.672675 -8.993909
v -2.050740 2.792005 -9.120994
v -2.737082 2.672675 -8.381424
v -2.895282 2.792005 -8.472960
v 2.104102 2.792005 -9.213415
v 1.035453 2.672675 -9.476359
v 1.989310 2.672675 -9.081257
v 1.094874 2.792005 -9.631453
v 0.000001 2.672675 -9.611120
v 0.000002 2.792005 -9.774038
v -1.094871 2.792005 -9.631453
v -1.035450 2.672675 -9.476359
v -2.104100 2.792005 -9.213415
v -1.989307 2.672675 -9.081257
v 1.989310 2.672675 -9.081257
v 2.970746 2.792005 -8.548420
v 2.104102 2.792005 -9.213415
v 2.808406 2.672675 -8.452744
v 3.635744 2.792005 -7.681775
v 3.436918 2.672675 -7.633650
v 4.053780 2.792005 -6.672546
v 3.832019 2.672675 -6.679792
v 4.187588 2.792005 -5.656179
v 3.966781 2.672676 -5.656177
v 3.832018 2.672676 -4.632561
v 4.053779 2.792005 -4.639807
v 3.436917 2.672675 -3.678704
v 3.635743 2.792005 -3.630579
v 2.877437 2.672675 -2.949578
v 3.032529 2.792005 -2.844453
v 3.543322 2.792005 -3.683935
v 3.032529 2.792005 -2.844453
v 2.929446 2.792005 -2.883914
v 3.635743 2.792005 -3.630579
v 3.950698 2.792005 -4.667429
v 4.053779 2.792005 -4.639807
v 4.080870 2.792005 -5.656179
v 4.187588 2.792005 -5.656179
v 4.053780 2.792005 -6.672546
v 3.950699 2.792005 -6.644924
v 3.635744 2.792005 -7.681775
v 3.543324 2.792005 -7.628418
v 2.970746 2.792005 -8.548420
v 2.895285 2.792005 -8.472959
v 2.104102 2.792005 -9.213415
v 2.050743 2.792005 -9.120994
v 1.094874 2.792005 -9.631453
v 1.067253 2.792005 -9.528372
v 0.000002 2.792005 -9.774038
v 0.000001 2.792005 -9.667321
v -1.067251 2.792005 -9.528372
v -1.094871 2.792005 -9.631453
v -2.050740 2.792005 -9.120994
v -2.104100 2.792005 -9.213415
v -2.895282 2.792005 -8.472960
v -2.970743 2.792005 -8.548421
v -3.543321 2.792005 -7.628418
v -3.635742 2.792005 -7.681775
v -3.950697 2.792005 -6.644925
v -4.053778 2.792005 -6.672547
v -4.080869 2.792005 -5.656179
v -4.187587 2.792005 -5.656179
v -4.053779 2.792005 -4.639808
v -3.950698 2.792005 -4.667430
v -3.635743 2.792005 -3.630579
v -3.543323 2.792005 -3.683937
v -3.032529 2.792005 -2.844454
v -2.929446 2.792005 -2.883914
v 2.765744 0.000004 -3.526120
v 2.765794 2.008463 -0.221230
v 2.765769 2.008461 -3.526120
v 2.765744 0.000007 -0.221230
v -0.000001 0.000006 -0.400989
v 0.720654 0.350865 -0.400991
v 0.720646 0.000006 -0.400989
v -0.000001 0.350865 -0.400991
v -0.720657 0.350865 -0.400991
v -0.720648 0.000006 -0.400989
v 0.720655 0.484634 -0.221230
v 2.765744 0.000007 -0.221230
v 0.720646 0.000006 -0.221230
v 2.765794 2.008463 -0.221230
v -0.000001 0.484634 -0.221230
v -0.000001 2.008460 -0.221226
v -2.765796 2.008462 -0.221231
v -0.720657 0.484633 -0.221231
v -2.765745 0.000006 -0.221231
v -0.720648 0.000006 -0.221231
v 0.720646 0.000006 -0.221230
v 0.720654 0.350865 -0.400991
v 0.720655 0.484634 -0.221230
v 0.720646 0.000006 -0.400989
v -0.000001 0.350865 -0.400991
v 0.720655 0.484634 -0.221230
v 0.720654 0.350865 -0.400991
v -0.000001 0.484634 -0.221230
v -0.720657 0.484633 -0.221231
v -0.720657 0.350865 -0.400991
v 2.780009 2.174151 -1.270527
v 2.779995 2.672675 -2.986824
v 2.780009 2.672675 -1.270527
v 2.779995 2.174151 -2.986824
v 2.780009 2.174151 -1.270527
v 2.877436 2.672675 -1.270527
v 2.877436 2.174150 -1.270527
v 2.780009 2.672675 -1.270527
v -3.436916 2.672675 -7.633650
v -2.808403 2.008456 -8.452744
v -2.808403 2.672675 -8.452744
v -3.436917 2.008457 -7.633650
v -3.832017 2.672675 -6.679793
v -3.832017 2.008457 -6.679790
v -3.966780 2.672675 -5.656177
v -3.966779 2.008457 -5.656177
v -3.832017 2.008457 -4.632564
v -3.832018 2.672675 -4.632562
v -3.436918 2.008457 -3.678704
v -3.436918 2.672675 -3.678704
v -2.877438 2.672675 -2.949579
v -2.877438 2.008457 -2.949759
v -3.052936 2.008457 -7.411958
v -2.808404 0.000001 -7.730638
v -2.808404 2.008457 -7.730638
v -3.052936 0.000001 -7.411956
v -3.403742 2.008457 -6.565037
v -3.403742 0.000001 -6.565037
v -3.523396 2.008457 -5.656177
v -3.523396 0.000001 -5.656177
v -3.403742 0.000001 -4.747317
v -3.403742 2.008457 -4.747317
v -3.052937 0.000001 -3.900398
v -3.052937 2.008457 -3.900396
v -2.765770 2.008460 -3.526121
v -2.765744 0.000004 -3.526121
v -2.808404 0.000001 -7.730638
v -2.808403 2.008456 -8.452744
v -2.808404 2.008457 -7.730638
v -2.808403 0.000001 -8.452744
v -3.349567 2.174151 -7.583216
v -2.737082 2.672675 -8.381424
v -2.737082 2.174151 -8.381423
v -3.349566 2.672675 -7.583216
v -3.734591 2.174151 -6.653689
v -3.734591 2.672675 -6.653689
v -3.865917 2.174151 -5.656177
v -3.865917 2.672675 -5.656177
v -3.734592 2.672675 -4.658666
v -3.734592 2.174151 -4.658665
v -3.349568 2.672675 -3.729139
v -3.349568 2.174151 -3.729139
v -2.779996 2.672675 -2.986824
v -2.779996 2.174151 -2.986824
v -3.349566 2.672675 -7.583216
v -2.895282 2.792005 -8.472960
v -2.737082 2.672675 -8.381424
v -3.543321 2.792005 -7.628418
v -3.734591 2.672675 -6.653689
v -3.950697 2.792005 -6.644925
v -3.865917 2.672675 -5.656177
v -4.080869 2.792005 -5.656179
v -3.950698 2.792005 -4.667430
v -3.734592 2.672675 -4.658666
v -3.543323 2.792005 -3.683937
v -3.349568 2.672675 -3.729139
v -2.929446 2.792005 -2.883914
v -2.779996 2.672675 -2.986824
v -2.970743 2.792005 -8.548421
v -1.989307 2.672675 -9.081257
v -2.104100 2.792005 -9.213415
v -2.808403 2.672675 -8.452744
v -3.635742 2.792005 -7.681775
v -3.436916 2.672675 -7.633650
v -4.053778 2.792005 -6.672547
v -3.832017 2.672675 -6.679793
v -4.187587 2.792005 -5.656179
v -3.966780 2.672675 -5.656177
v -3.832018 2.672675 -4.632562
v -4.053779 2.792005 -4.639808
v -3.436918 2.672675 -3.678704
v -3.635743 2.792005 -3.630579
v -2.877438 2.672675 -2.949579
v -3.032529 2.792005 -2.844454
v -2.765744 0.000004 -3.526121
v -2.765796 2.008462 -0.221231
v -2.765745 0.000006 -0.221231
v -2.765770 2.008460 -3.526121
v -0.720648 0.000006 -0.221231
v -0.720657 0.350865 -0.400991
v -0.720648 0.000006 -0.400989
v -0.720657 0.484633 -0.221231
v -2.877438 2.672675 -2.949579
v -2.877437 2.672675 -1.270528
v -2.877438 2.174150 -1.270528
v -2.877438 2.008457 -2.949759
v -2.877438 2.008457 -1.270528
v -2.877438 2.174150 -0.000003
v -2.877438 2.008457 -0.000003
v -2.779996 2.672675 -2.986824
v -2.780011 2.174150 -1.270528
v -2.780011 2.672675 -1.270528
v -2.779996 2.174151 -2.986824
v -2.877437 2.672675 -1.270528
v -2.780011 2.174150 -1.270528
v -2.877438 2.174150 -1.270528
v -2.780011 2.672675 -1.270528
v 2.877436 2.174150 -1.270527
v 2.877436 2.008457 -0.000002
v 2.877436 2.174150 -0.000002
v 2.877436 2.008457 -1.270527
v 2.877437 2.008457 -2.949758
v 2.877437 2.672675 -2.949578
v 2.877436 2.672675 -1.270527
v -0.000001 2.008457 -0.000003
v 2.877436 2.174150 -0.000002
v 2.877436 2.008457 -0.000002
v -0.000001 2.174151 -0.000003
v -2.877438 2.174150 -0.000003
v -2.877438 2.008457 -0.000003
v 4.288860 0.000738 -3.565948
v 3.904624 0.753003 -3.565946
v 4.112547 0.675501 -3.565990
v 3.696743 0.675501 -3.565966
v 3.520386 0.000738 -3.565944
v 3.904618 0.753003 -4.880668
v 4.288853 0.000729 -4.880670
v 4.112545 0.675501 -4.880709
v 3.520428 0.000738 -4.880728
v 3.696739 0.675501 -4.880687
v 3.904641 0.753003 -3.696118
v 4.112547 0.675501 -3.565990
v 3.904624 0.753003 -3.565946
v 4.112520 0.675501 -3.696099
v 4.112520 0.675501 -3.696099
v 4.288860 0.000738 -3.565948
v 4.112547 0.675501 -3.565990
v 4.288873 0.000729 -3.696123
v 3.520398 0.000738 -3.696120
v 3.696743 0.675501 -3.565966
v 3.520386 0.000738 -3.565944
v 3.696755 0.675501 -3.696142
v 3.696755 0.675501 -3.696142
v 3.904624 0.753003 -3.565946
v 3.696743 0.675501 -3.565966
v 3.904641 0.753003 -3.696118
v 3.696723 0.675501 -4.750514
v 3.520428 0.000738 -4.880728
v 3.696739 0.675501 -4.880687
v 3.520412 0.000738 -4.750555
v 4.288887 0.000729 -4.750557
v 4.112545 0.675501 -4.880709
v 4.288853 0.000729 -4.880670
v 4.112533 0.675501 -4.750535
v 4.112533 0.675501 -4.750535
v 3.904618 0.753003 -4.880668
v 4.112545 0.675501 -4.880709
v 3.904650 0.753003 -4.750556
v 3.904650 0.753003 -4.750556
v 3.696739 0.675501 -4.880687
v 3.904618 0.753003 -4.880668
v 3.696723 0.675501 -4.750514
v 4.288887 0.000729 -4.750557
v 3.696723 0.675501 -4.750514
v 4.112533 0.675501 -4.750535
v 3.520412 0.000738 -4.750555
v 3.520398 0.000738 -3.696120
v 4.112520 0.675501 -3.696099
v 3.696755 0.675501 -3.696142
v 4.288873 0.000729 -3.696123
v -4.312536 0.000738 -3.565953
v -3.720419 0.675501 -3.565972
v -3.544061 0.000738 -3.565950
v -3.928300 0.753002 -3.565952
v -4.136224 0.675500 -3.565996
v -3.928293 0.753002 -4.880673
v -3.544102 0.000738 -4.880734
v -3.720413 0.675500 -4.880693
v -4.312527 0.000729 -4.880677
v -4.136220 0.675500 -4.880715
v -3.928316 0.753002 -3.696124
v -4.136224 0.675500 -3.565996
v -4.136196 0.675500 -3.696105
v -3.928300 0.753002 -3.565952
v -4.136196 0.675500 -3.696105
v -4.312536 0.000738 -3.565953
v -4.312549 0.000729 -3.696129
v -4.136224 0.675500 -3.565996
v -3.544074 0.000738 -3.696126
v -3.720419 0.675501 -3.565972
v -3.720431 0.675501 -3.696147
v -3.544061 0.000738 -3.565950
v -3.720431 0.675501 -3.696147
v -3.928300 0.753002 -3.565952
v -3.928316 0.753002 -3.696124
v -3.720419 0.675501 -3.565972
v -3.720398 0.675500 -4.750519
v -3.544102 0.000738 -4.880734
v -3.544087 0.000738 -4.750560
v -3.720413 0.675500 -4.880693
v -4.312562 0.000729 -4.750563
v -4.136220 0.675500 -4.880715
v -4.136208 0.675500 -4.750540
v -4.312527 0.000729 -4.880677
v -4.136208 0.675500 -4.750540
v -3.928293 0.753002 -4.880673
v -3.928325 0.753002 -4.750562
v -4.136220 0.675500 -4.880715
v -3.928325 0.753002 -4.750562
v -3.720413 0.675500 -4.880693
v -3.720398 0.675500 -4.750519
v -3.928293 0.753002 -4.880673
v -4.312562 0.000729 -4.750563
v -3.720398 0.675500 -4.750519
v -3.544087 0.000738 -4.750560
v -4.136208 0.675500 -4.750540
v -3.544074 0.000738 -3.696126
v -4.136196 0.675500 -3.696105
v -4.312549 0.000729 -3.696129
v -3.720431 0.675501 -3.696147
v 2.544623 2.309252 -7.913530
v 2.262251 2.174152 -8.195896
v 2.262253 2.309252 -8.195896
v 2.544621 2.174152 -7.913527
v 2.673966 2.395654 -8.042873
v 2.262253 2.309252 -8.195896
v 2.391598 2.395654 -8.325241
v 2.544623 2.309252 -7.913530
v 2.803311 2.174152 -8.172216
v 2.520942 2.395654 -8.454585
v 2.520942 2.174152 -8.454585
v 2.803310 2.395654 -8.172216
v 2.520942 2.174152 -8.454585
v 2.262253 2.309252 -8.195896
v 2.262251 2.174152 -8.195896
v 2.391598 2.395654 -8.325241
v 2.520942 2.395654 -8.454585
v 2.673966 2.395654 -8.042873
v 2.544621 2.174152 -7.913527
v 2.544623 2.309252 -7.913530
v 2.803310 2.395654 -8.172216
v 2.803311 2.174152 -8.172216
v 2.803310 2.395654 -8.172216
v 2.391598 2.395654 -8.325241
v 2.520942 2.395654 -8.454585
v 2.673966 2.395654 -8.042873
v 0.199666 2.309252 -9.060056
v -0.199663 2.174151 -9.060051
v -0.199663 2.309252 -9.060056
v 0.199666 2.174151 -9.060056
v 0.199666 2.395654 -9.242976
v -0.199663 2.309252 -9.060056
v -0.199663 2.395654 -9.242976
v 0.199666 2.309252 -9.060056
v 0.199666 2.174151 -9.425896
v -0.199663 2.395654 -9.425896
v -0.199663 2.174151 -9.425896
v 0.199666 2.395654 -9.425896
v -0.199663 2.174151 -9.425896
v -0.199663 2.309252 -9.060056
v -0.199663 2.174151 -9.060051
v -0.199663 2.395654 -9.242976
v -0.199663 2.395654 -9.425896
v 0.199666 2.395654 -9.242976
v 0.199666 2.174151 -9.060056
v 0.199666 2.309252 -9.060056
v 0.199666 2.395654 -9.425896
v 0.199666 2.174151 -9.425896
v 0.199666 2.395654 -9.425896
v -0.199663 2.395654 -9.242976
v -0.199663 2.395654 -9.425896
v 0.199666 2.395654 -9.242976
v -2.269187 2.309252 -8.212639
v -2.551552 2.174151 -7.930269
v -2.551554 2.309252 -7.930271
v -2.269186 2.174151 -8.212639
v -2.398531 2.395654 -8.341982
v -2.551554 2.309252 -7.930271
v -2.680899 2.395654 -8.059614
v -2.269187 2.309252 -8.212639
v -2.527875 2.174151 -8.471326
v -2.810242 2.395654 -8.188957
v -2.810243 2.174151 -8.188957
v -2.527874 2.395654 -8.471326
v -2.810243 2.174151 -8.188957
v -2.551554 2.309252 -7.930271
v -2.551552 2.174151 -7.930269
v -2.680899 2.395654 -8.059614
v -2.810242 2.395654 -8.188957
v -2.398531 2.395654 -8.341982
v -2.269186 2.174151 -8.212639
v -2.269187 2.309252 -8.212639
v -2.527874 2.395654 -8.471326
v -2.527875 2.174151 -8.471326
v -2.527874 2.395654 -8.471326
v -2.680899 2.395654 -8.059614
v -2.810242 2.395654 -8.188957
v -2.398531 2.395654 -8.341982
v -2.993711 1.224616 -7.431248
v -3.453786 2.008457 -7.591604
v -3.039294 1.224616 -7.352298
v -3.408203 2.008457 -7.670557
v -3.373523 1.224617 -6.506018
v -3.812233 2.008458 -6.717952
v -3.835829 2.008457 -6.629893
v -3.349927 1.224618 -6.594080
v 2.993713 1.224616 -7.431247
v 3.453789 2.008457 -7.591604
v 3.408205 2.008457 -7.670557
v 3.039296 1.224617 -7.352297
v 3.373525 1.224618 -6.506018
v 3.812235 2.008458 -6.717951
v 3.349929 1.224618 -6.594079
v 3.835831 2.008458 -6.629892
v 3.392040 2.309252 -5.855842
v 3.392036 2.174152 -5.456513
v 3.392038 2.174152 -5.855842
v 3.392038 2.309252 -5.456513
v 3.574959 2.395655 -5.855842
v 3.392038 2.309252 -5.456513
v 3.392040 2.309252 -5.855842
v 3.574959 2.395655 -5.456513
v 3.757879 2.174152 -5.855842
v 3.757879 2.395655 -5.456513
v 3.757879 2.395655 -5.855842
v 3.757879 2.174152 -5.456513
v 3.392038 2.309252 -5.456513
v 3.757879 2.174152 -5.456513
v 3.392036 2.174152 -5.456513
v 3.574959 2.395655 -5.456513
v 3.757879 2.395655 -5.456513
v 3.392038 2.174152 -5.855842
v 3.574959 2.395655 -5.855842
v 3.392040 2.309252 -5.855842
v 3.757879 2.395655 -5.855842
v 3.757879 2.174152 -5.855842
v 3.757879 2.395655 -5.855842
v 3.574959 2.395655 -5.456513
v 3.574959 2.395655 -5.855842
v 3.757879 2.395655 -5.456513
v -3.415715 2.309252 -5.456511
v -3.415710 2.174152 -5.855840
v -3.415713 2.174152 -5.456511
v -3.415713 2.309252 -5.855840
v -3.598634 2.395654 -5.456511
v -3.415713 2.309252 -5.855840
v -3.415715 2.309252 -5.456511
v -3.598634 2.395654 -5.855840
v -3.781554 2.174152 -5.456511
v -3.781554 2.395654 -5.855840
v -3.781554 2.395654 -5.456511
v -3.781554 2.174152 -5.855840
v -3.415713 2.309252 -5.855840
v -3.781554 2.174152 -5.855840
v -3.415710 2.174152 -5.855840
v -3.598634 2.395654 -5.855840
v -3.781554 2.395654 -5.855840
v -3.415713 2.174152 -5.456511
v -3.598634 2.395654 -5.456511
v -3.415715 2.309252 -5.456511
v -3.781554 2.395654 -5.456511
v -3.781554 2.174152 -5.456511
v -3.781554 2.395654 -5.456511
v -3.598634 2.395654 -5.855840
v -3.598634 2.395654 -5.456511
v -3.781554 2.395654 -5.855840
v -3.470463 1.224617 -5.605745
v -3.949078 2.008456 -5.696912
v -3.949078 2.008456 -5.605745
v -3.470463 1.224617 -5.696912
v -2.993711 1.224616 -3.881106
v -3.453788 2.008457 -3.720750
v -3.408204 2.008457 -3.641797
v -3.039295 1.224616 -3.960057
v -3.373523 1.224617 -4.806336
v -3.812234 2.008458 -4.594402
v -3.349927 1.224618 -4.718274
v -3.835829 2.008458 -4.682462
v 3.470464 1.224617 -5.605744
v 3.949079 2.008457 -5.696911
v 3.470464 1.224618 -5.696911
v 3.949079 2.008457 -5.605744
v 2.993712 1.224616 -3.881106
v 3.453787 2.008457 -3.720749
v 3.039295 1.224617 -3.960056
v 3.408204 2.008458 -3.641797
v 3.373524 1.224618 -4.806335
v 3.812235 2.008458 -4.594401
v 3.835830 2.008458 -4.682460
v 3.349928 1.224618 -4.718274
v -2.692252 2.008456 -0.000001
v -2.493575 0.000006 -0.000000
v -2.692249 0.000000 -0.000000
v -2.493575 1.809781 -0.000000
v 0.000003 2.008456 -0.000000
v 0.000003 1.809781 -0.000000
v 2.493582 1.809781 0.000000
v 2.692259 2.008456 0.000000
v 2.493581 0.000006 0.000000
v 2.692256 0.000000 0.000000
v -2.493575 1.809781 -0.000000
v -2.493575 0.000010 -0.221231
v -2.493575 0.000006 -0.000000
v -2.493577 1.809778 -0.221231
v -2.493575 1.809781 -0.000000
v 0.000003 1.809781 -0.221231
v -2.493577 1.809778 -0.221231
v 0.000003 1.809781 -0.000000
v 2.493582 1.809781 0.000000
v 2.493583 1.809779 -0.221230
v -2.692249 0.000004 -0.221231
v -2.692252 2.008456 -0.000001
v -2.692249 0.000000 -0.000000
v -2.692248 2.008454 -0.221231
v 2.493582 1.809781 0.000000
v 2.493581 0.000010 -0.221230
v 2.493583 1.809779 -0.221230
v 2.493581 0.000006 0.000000
v 2.692256 0.000004 -0.221230
v 2.692259 2.008456 0.000000
v 2.692255 2.008454 -0.221230
v 2.692256 0.000000 0.000000
v 0.000002 1.809781 -0.078220
v -0.289478 1.446560 -0.078223
v -0.289478 1.809781 -0.078220
v 0.000002 1.446560 -0.078223
v 0.289483 1.446560 -0.078223
v 0.289483 1.809781 -0.078220
v -0.289478 1.446560 -0.078223
v 0.000002 1.446560 -0.143013
v -0.289478 1.446557 -0.143013
v 0.000002 1.446560 -0.078223
v 0.289483 1.446560 -0.078223
v 0.289483 1.446557 -0.143013
v -0.289478 1.446557 -0.143013
v -0.289478 1.809781 -0.078220
v -0.289478 1.446560 -0.078223
v -0.289478 1.809778 -0.143010
v 0.289483 1.809778 -0.143010
v 0.289483 1.446560 -0.078223
v 0.289483 1.809781 -0.078220
v 0.289483 1.446557 -0.143013
v -2.544521 0.070023 -0.038343
v -0.095768 1.633705 -0.038345
v -0.030863 1.521286 -0.038345
v -2.609430 0.182437 -0.038343
v -0.030863 1.521286 -0.038345
v -2.544518 0.070025 -0.182889
v -2.544521 0.070023 -0.038343
v -0.030863 1.521286 -0.182891
v -2.609427 0.182439 -0.182889
v -0.095768 1.633705 -0.038345
v -2.609430 0.182437 -0.038343
v -0.095767 1.633702 -0.182891
v -0.030863 1.521286 -0.182891
v -0.095768 1.633705 -0.038345
v -0.095767 1.633702 -0.182891
v -0.030863 1.521286 -0.038345
v 2.544528 0.070023 -0.038342
v 0.095774 1.633705 -0.038345
v 2.609437 0.182438 -0.038342
v 0.030869 1.521286 -0.038345
v 0.030869 1.521286 -0.038345
v 2.544524 0.070025 -0.182888
v 0.030870 1.521286 -0.182891
v 2.544528 0.070023 -0.038342
v 2.609434 0.182439 -0.182888
v 0.095774 1.633705 -0.038345
v 0.095774 1.633702 -0.182891
v 2.609437 0.182438 -0.038342
v 0.030870 1.521286 -0.182891
v 0.095774 1.633705 -0.038345
v 0.030869 1.521286 -0.038345
v 0.095774 1.633702 -0.182891
v 2.823585 2.162056 -1.014489
v 3.007497 0.703907 -1.014489
v 2.823585 0.703907 -1.014489
v 3.007499 2.162052 -1.014489
v 3.007499 2.162052 -1.014489
v 3.007499 0.703907 -1.065729
v 3.007497 0.703907 -1.014489
v 3.007499 2.162052 -1.065729
v 3.007499 2.162052 -1.065729
v 2.823585 0.703907 -1.065729
v 3.007499 0.703907 -1.065729
v 2.823585 2.162056 -1.065729
v 2.823581 2.162056 -0.492092
v 3.007495 0.703907 -0.492092
v 2.823583 0.703907 -0.492092
v 3.007495 2.162052 -0.492092
v 3.007495 2.162052 -0.492092
v 3.007495 0.703907 -0.543332
v 3.007495 0.703907 -0.492092
v 3.007495 2.162052 -0.543332
v 3.007495 2.162052 -0.543332
v 2.823581 0.703907 -0.543332
v 3.007495 0.703907 -0.543332
v 2.823583 2.162057 -0.543332
v 2.823585 0.703907 -1.065729
v 3.007497 0.703907 -1.014489
v 3.007499 0.703907 -1.065729
v 2.823585 0.703907 -1.014489
v 2.823581 0.703907 -0.543332
v 3.007495 0.703907 -0.492092
v 3.007495 0.703907 -0.543332
v 2.823583 0.703907 -0.492092
v -2.823587 2.162056 -1.014490
v -3.007499 0.703907 -1.014490
v -3.007501 2.162052 -1.014490
v -2.823587 0.703907 -1.014490
v -3.007501 2.162052 -1.014490
v -3.007501 0.703907 -1.065730
v -3.007501 2.162052 -1.065730
v -3.007499 0.703907 -1.014490
v -3.007501 2.162052 -1.065730
v -2.823587 0.703907 -1.065730
v -2.823587 2.162056 -1.065730
v -3.007501 0.703907 -1.065730
v -2.823583 2.162056 -0.492091
v -3.007497 0.703907 -0.492093
v -3.007497 2.162052 -0.492091
v -2.823585 0.703907 -0.492093
v -3.007497 2.162052 -0.492091
v -3.007497 0.703907 -0.543333
v -3.007497 2.162052 -0.543331
v -3.007497 0.703907 -0.492093
v -3.007497 2.162052 -0.543331
v -2.823583 0.703907 -0.543333
v -2.823585 2.162056 -0.543331
v -3.007497 0.703907 -0.543333
v -2.823587 0.703907 -1.065730
v -3.007499 0.703907 -1.014490
v -2.823587 0.703907 -1.014490
v -3.007501 0.703907 -1.065730
v -2.823583 0.703907 -0.543333
v -3.007497 0.703907 -0.492093
v -2.823585 0.703907 -0.492093
v -3.007497 0.703907 -0.543333
v -2.995361 1.726946 -2.669969
v -3.179031 1.350622 -2.669969
v -3.133114 1.585823 -2.669969
v -2.765760 0.000005 -2.669968
v -2.765760 1.773985 -2.669969
v -3.179031 0.000005 -2.669968
v -2.995361 1.726946 -2.669969
v -3.133114 1.585819 -3.273941
v -2.995361 1.726940 -3.273941
v -3.133114 1.585823 -2.669969
v -3.179031 1.350618 -3.273941
v -3.179031 1.350622 -2.669969
v -3.179031 0.000005 -2.669968
v -3.179031 0.000006 -3.273941
v -2.765760 1.773985 -2.669969
v -2.995361 1.726940 -3.273941
v -2.765760 1.773981 -3.273941
v -2.995361 1.726946 -2.669969
v -3.133114 1.585819 -3.273941
v -2.765760 1.773981 -3.273941
v -2.995361 1.726940 -3.273941
v -3.179031 1.350618 -3.273941
v -3.179031 0.000006 -3.273941
v -2.765760 0.000006 -3.273941
v 2.765759 0.000006 -2.669971
v 3.179030 1.350622 -2.669971
v 3.179030 0.000006 -2.669971
v 2.995360 1.726946 -2.669971
v 2.765759 1.773986 -2.669971
v 3.133113 1.585824 -2.669971
v 3.133113 1.585819 -3.273942
v 2.995360 1.726946 -2.669971
v 2.995360 1.726940 -3.273942
v 3.133113 1.585824 -2.669971
v 3.179030 1.350618 -3.273942
v 3.179030 1.350622 -2.669971
v 3.179030 0.000006 -2.669971
v 3.179030 0.000006 -3.273942
v 2.765759 1.773986 -2.669971
v 2.995360 1.726940 -3.273942
v 2.995360 1.726946 -2.669971
v 2.765759 1.773981 -3.273943
v 2.765759 1.773981 -3.273943
v 3.133113 1.585819 -3.273942
v 2.995360 1.726940 -3.273942
v 3.179030 1.350618 -3.273942
v 3.179030 0.000006 -3.273942
v 2.765759 0.000006 -3.273942
v 0.515378 2.558752 0.841209
v -0.515437 0.000006 0.841208
v 0.515378 0.000006 0.841208
v -0.515437 2.558752 0.841206
v 0.515378 0.000006 0.841208
v 0.515378 2.558751 0.218159
v 0.515378 2.558752 0.841209
v 0.515378 0.000006 0.218161
v 0.515378 2.558752 0.841209
v -0.515437 2.558751 0.218159
v -0.515437 2.558752 0.841206
v 0.515378 2.558751 0.218159
v -0.515437 2.558752 0.841206
v -0.515437 0.000006 0.218161
v -0.515437 0.000006 0.841208
v -0.515437 2.558751 0.218159
v -0.515437 0.000006 0.218161
v 0.515378 2.558751 0.218159
v 0.515378 0.000006 0.218161
v -0.515437 2.558751 0.218159
v -1.165433 3.806133 0.054680
v -0.661395 3.722669 0.283994
v -0.661395 3.806133 0.054680
v -1.165433 3.722669 0.283993
v -0.661395 3.496212 0.553876
v -1.165433 3.496212 0.553876
v -1.165433 3.496212 0.553876
v -0.661395 3.191104 0.730029
v -0.661395 3.496212 0.553876
v -1.165433 3.191104 0.730029
v -0.661395 2.844150 0.791208
v -1.165433 2.844150 0.791208
v -1.165433 2.174157 0.791208
v -0.661395 2.174157 0.791208
v -1.165433 3.722669 0.283993
v -1.165433 3.806133 0.054680
v -1.165433 2.928145 0.119245
v -1.165433 3.496212 0.553876
v -1.165433 3.191104 0.730029
v -1.165433 2.844150 0.791208
v -1.165433 2.844150 0.268161
v -1.165433 2.174157 0.268161
v -1.165433 2.174157 0.791208
v -0.661395 3.806133 0.054680
v -0.661395 3.722669 0.283994
v -0.661396 2.928145 0.119245
v -0.661395 3.496212 0.553876
v -0.661395 3.191104 0.730029
v -0.661395 2.844150 0.268161
v -0.661395 2.844150 0.791208
v -0.661395 2.174157 0.791208
v -0.661395 2.174157 0.268161
v -1.165433 2.844150 0.268161
v -0.661396 2.928145 0.119245
v -0.661395 2.844150 0.268161
v -1.165433 2.928145 0.119245
v -1.165433 2.844150 0.268161
v -0.661395 2.174157 0.268161
v -1.165433 2.174157 0.268161
v -0.661395 2.844150 0.268161
v -0.611395 2.885325 0.841208
v -1.215433 2.785325 0.841208
v -0.611395 2.785325 0.841208
v -1.215433 2.885325 0.841208
v -0.611395 2.885325 0.841208
v -1.215433 2.885325 0.218161
v -1.215433 2.885325 0.841208
v -0.611395 2.885325 0.218161
v -0.611395 2.885325 0.218161
v -0.611395 2.785325 0.841208
v -0.611395 2.785325 0.218161
v -0.611395 2.885325 0.841208
v -1.215433 2.885325 0.218161
v -0.611395 2.785325 0.218161
v -1.215433 2.785325 0.218161
v -0.611395 2.885325 0.218161
v -1.215433 2.785325 0.218161
v -0.611395 2.785325 0.841208
v -1.215433 2.785325 0.841208
v -0.611395 2.785325 0.218161
v -1.215433 2.885325 0.841208
v -1.215433 2.785325 0.218161
v -1.215433 2.785325 0.841208
v -1.215433 2.885325 0.218161
v -0.611395 2.274157 0.841208
v -1.215433 2.174157 0.841208
v -0.611395 2.174157 0.841208
v -1.215433 2.274157 0.841208
v -0.611395 2.274157 0.841208
v -1.215433 2.274157 0.218161
v -1.215433 2.274157 0.841208
v -0.611395 2.274157 0.218161
v -0.611395 2.274157 0.218161
v -0.611395 2.174157 0.841208
v -0.611395 2.174157 0.218161
v -0.611395 2.274157 0.841208
v -1.215433 2.274157 0.218161
v -0.611395 2.174157 0.218161
v -1.215433 2.174157 0.218161
v -0.611395 2.274157 0.218161
v -1.215433 2.274157 0.841208
v -1.215433 2.174157 0.218161
v -1.215433 2.174157 0.841208
v -1.215433 2.274157 0.218161
v 0.661393 3.722669 0.283994
v 1.165430 3.806133 0.054681
v 0.661393 3.806133 0.054680
v 1.165430 3.722669 0.283994
v 0.661392 3.496212 0.553877
v 1.165430 3.496212 0.553877
v 0.661393 3.191104 0.730029
v 1.165430 3.496212 0.553877
v 0.661392 3.496212 0.553877
v 1.165430 3.191104 0.730030
v 0.661393 2.844150 0.791209
v 1.165430 2.844150 0.791209
v 1.165430 2.174157 0.791209
v 0.661393 2.174157 0.791209
v 1.165430 3.722669 0.283994
v 1.165430 2.928145 0.119246
v 1.165430 3.806133 0.054681
v 1.165430 3.496212 0.553877
v 1.165430 3.191104 0.730030
v 1.165430 2.844150 0.791209
v 1.165430 2.844150 0.268162
v 1.165430 2.174157 0.268162
v 1.165430 2.174157 0.791209
v 0.661393 3.806133 0.054680
v 0.661393 2.928145 0.119246
v 0.661393 3.722669 0.283994
v 0.661392 3.496212 0.553877
v 0.661393 3.191104 0.730029
v 0.661393 2.844150 0.268162
v 0.661393 2.844150 0.791209
v 0.661393 2.174157 0.791209
v 0.661393 2.174157 0.268162
v 1.165430 2.844150 0.268162
v 0.661393 2.928145 0.119246
v 1.165430 2.928145 0.119246
v 0.661393 2.844150 0.268162
v 1.165430 2.844150 0.268162
v 0.661393 2.174157 0.268162
v 0.661393 2.844150 0.268162
v 1.165430 2.174157 0.268162
v 0.611393 2.885325 0.841209
v 1.215430 2.785325 0.841209
v 1.215430 2.885325 0.841209
v 0.611393 2.785325 0.841209
v 0.611393 2.885325 0.841209
v 1.215430 2.885325 0.218162
v 0.611393 2.885325 0.218162
v 1.215430 2.885325 0.841209
v 0.611393 2.885325 0.218162
v 0.611393 2.785325 0.841209
v 0.611393 2.885325 0.841209
v 0.611393 2.785325 0.218162
v 1.215430 2.885325 0.218162
v 0.611393 2.785325 0.218162
v 0.611393 2.885325 0.218162
v 1.215430 2.785325 0.218162
v 1.215430 2.785325 0.218162
v 0.611393 2.785325 0.841209
v 0.611393 2.785325 0.218162
v 1.215430 2.785325 0.841209
v 1.215430 2.885325 0.841209
v 1.215430 2.785325 0.218162
v 1.215430 2.885325 0.218162
v 1.215430 2.785325 0.841209
v 0.611393 2.274157 0.841209
v 1.215430 2.174157 0.841209
v 1.215430 2.274157 0.841209
v 0.611393 2.174157 0.841209
v 0.611393 2.274157 0.841209
v 1.215430 2.274157 0.218162
v 0.611393 2.274157 0.218162
v 1.215430 2.274157 0.841209
v 0.611393 2.274157 0.218162
v 0.611393 2.174157 0.841209
v 0.611393 2.274157 0.841209
v 0.611393 2.174157 0.218162
v 1.215430 2.274157 0.218162
v 0.611393 2.174157 0.218162
v 0.611393 2.274157 0.218162
v 1.215430 2.174157 0.218162
v 1.215430 2.274157 0.841209
v 1.215430 2.174157 0.218162
v 1.215430 2.274157 0.218162
v 1.215430 2.174157 0.841209
v 0.301841 2.825995 0.492217
v -0.301900 2.174150 0.492217
v 0.301841 2.174150 0.492217
v -0.301900 2.825995 0.492214
v 0.301841 2.174150 0.492217
v 0.301841 2.825994 0.115757
v 0.301841 2.825995 0.492217
v 0.301841 2.174150 0.115760
v 0.301841 2.825995 0.492217
v -0.301900 2.825994 0.115757
v -0.301900 2.825995 0.492214
v 0.301841 2.825994 0.115757
v -0.301900 2.825995 0.492214
v -0.301900 2.174150 0.115759
v -0.301900 2.174150 0.492217
v -0.301900 2.825994 0.115757
v -0.301900 2.174150 0.115759
v 0.301841 2.825994 0.115757
v 0.301841 2.174150 0.115760
v -0.301900 2.825994 0.115757
v 3.544765 2.281382 -3.878632
v 3.882072 2.347193 -4.614568
v 3.570880 2.310385 -3.863283
v 3.854544 2.318022 -4.626501
v 3.574084 2.252378 -3.871020
v 4.018587 2.397997 -5.651499
v 3.885450 2.289206 -4.622722
v 3.990095 2.368467 -5.656111
v 3.882073 2.448799 -6.688423
v 4.022082 2.340053 -5.660549
v 3.854544 2.418911 -6.685715
v 3.481827 2.496140 -7.654702
v 3.885450 2.390900 -6.698371
v 3.457128 2.465918 -7.645164
v 2.845109 2.536795 -8.484492
v 3.484857 2.438282 -7.665491
v 2.824922 2.506284 -8.469072
v 2.847585 2.478972 -8.496003
v 3.570880 2.310385 -3.863283
v 3.940506 2.347548 -4.598852
v 3.626312 2.310385 -3.840324
v 3.882072 2.347193 -4.614568
v 4.079067 2.399113 -5.651326
v 4.018587 2.397997 -5.651499
v 3.940507 2.450677 -6.703786
v 3.882073 2.448799 -6.688423
v 3.534256 2.498729 -7.684568
v 3.481827 2.496140 -7.654702
v 2.887957 2.539994 -8.526843
v 2.845109 2.536795 -8.484492
v 2.045615 2.571662 -9.173196
v 2.015285 2.567991 -9.121238
v 1.064544 2.591572 -9.579568
v 1.048874 2.587604 -9.521536
v 0.349625 2.592062 -9.612544
v 0.354849 2.596097 -9.671936
v 3.655631 2.281382 -3.832712
v 3.943884 2.289561 -4.607007
v 3.629517 2.252378 -3.848059
v 3.971412 2.318733 -4.595073
v 3.626312 2.310385 -3.840324
v 4.082563 2.341169 -5.660373
v 3.940506 2.347548 -4.598852
v 4.111055 2.370699 -5.655764
v 3.943884 2.392777 -6.713735
v 4.079067 2.399113 -5.651326
v 3.971413 2.422666 -6.716443
v 3.537285 2.440871 -7.695356
v 3.940507 2.450677 -6.703786
v 3.561985 2.471093 -7.704895
v 2.890433 2.482172 -8.538354
v 3.534256 2.498729 -7.684568
v 2.910619 2.512683 -8.553774
v 2.887957 2.539994 -8.526843
v 3.629517 2.252378 -3.848059
v 3.885450 2.289206 -4.622722
v 3.574084 2.252378 -3.871020
v 3.943884 2.289561 -4.607007
v 4.022082 2.340053 -5.660549
v 4.082563 2.341169 -5.660373
v 3.885450 2.390900 -6.698371
v 3.943884 2.392777 -6.713735
v 3.484857 2.438282 -7.665491
v 3.537285 2.440871 -7.695356
v 2.847585 2.478972 -8.496003
v 2.890433 2.482172 -8.538354
v 2.017037 2.510196 -9.133303
v 2.047367 2.513866 -9.185261
v 1.049779 2.529825 -9.533953
v 1.065449 2.533793 -9.591985
v 0.355150 2.538322 -9.684431
v 0.349927 2.534288 -9.625039
v 2.824922 2.506284 -8.469072
v 2.015285 2.567991 -9.121238
v 2.845109 2.536795 -8.484492
v 2.000997 2.537258 -9.101289
v 2.847585 2.478972 -8.496003
v 2.017037 2.510196 -9.133303
v 1.048874 2.587604 -9.521536
v 1.041492 2.556731 -9.498728
v 1.049779 2.529825 -9.533953
v 0.347165 2.561158 -9.589094
v 0.349625 2.592062 -9.612544
v 0.349927 2.534288 -9.625039
v 2.910619 2.512683 -8.553774
v 2.047367 2.513866 -9.185261
v 2.890433 2.482172 -8.538354
v 2.061656 2.544599 -9.205207
v 2.887957 2.539994 -8.526843
v 2.045615 2.571662 -9.173196
v 1.065449 2.533793 -9.591985
v 1.072831 2.564667 -9.614792
v 1.064544 2.591572 -9.579568
v 0.357611 2.569227 -9.707878
v 0.355150 2.538322 -9.684431
v 0.354849 2.596097 -9.671936
v 3.544765 2.281382 -3.878632
v 3.629517 2.252378 -3.848059
v 3.574084 2.252378 -3.871020
v 3.655631 2.281382 -3.832712
v 3.626312 2.310385 -3.840324
v 3.570880 2.310385 -3.863283
v 0.347165 2.561158 -9.589094
v 0.349927 2.534288 -9.625039
v 0.349625 2.592062 -9.612544
v 0.355150 2.538322 -9.684431
v 0.354849 2.596097 -9.671936
v 0.357611 2.569227 -9.707878
v -3.882072 2.347193 -4.614567
v -3.544766 2.281381 -3.878631
v -3.570880 2.310385 -3.863285
v -3.854544 2.318022 -4.626502
v -3.574084 2.252378 -3.871019
v -4.018586 2.397996 -5.651499
v -3.885449 2.289206 -4.622723
v -3.990094 2.368466 -5.656111
v -3.882072 2.448799 -6.688423
v -4.022081 2.340053 -5.660550
v -3.854543 2.418911 -6.685716
v -3.481825 2.496140 -7.654703
v -3.885449 2.390900 -6.698372
v -3.457126 2.465918 -7.645164
v -2.845107 2.536795 -8.484492
v -3.484855 2.438282 -7.665491
v -2.824920 2.506284 -8.469072
v -2.847583 2.478972 -8.496003
v -3.940506 2.347548 -4.598851
v -3.570880 2.310385 -3.863285
v -3.626313 2.310385 -3.840323
v -3.882072 2.347193 -4.614567
v -4.079066 2.399112 -5.651324
v -4.018586 2.397996 -5.651499
v -3.940506 2.450676 -6.703787
v -3.882072 2.448799 -6.688423
v -3.534254 2.498728 -7.684568
v -3.481825 2.496140 -7.654703
v -2.887956 2.539994 -8.526843
v -2.845107 2.536795 -8.484492
v -2.045614 2.571662 -9.173196
v -2.015284 2.567991 -9.121238
v -1.064542 2.591572 -9.579568
v -1.048873 2.587604 -9.521536
v -0.349624 2.592062 -9.612544
v -0.354847 2.596097 -9.671936
v -3.943884 2.289561 -4.607008
v -3.655631 2.281381 -3.832711
v -3.629517 2.252378 -3.848060
v -3.971412 2.318732 -4.595072
v -3.626313 2.310385 -3.840323
v -4.082562 2.341169 -5.660374
v -3.940506 2.347548 -4.598851
v -4.111054 2.370699 -5.655760
v -3.943883 2.392777 -6.713736
v -4.079066 2.399112 -5.651324
v -3.971412 2.422666 -6.716443
v -3.537284 2.440870 -7.695357
v -3.940506 2.450676 -6.703787
v -3.561983 2.471093 -7.704895
v -2.890432 2.482172 -8.538354
v -3.534254 2.498728 -7.684568
v -2.910618 2.512683 -8.553774
v -2.887956 2.539994 -8.526843
v -3.885449 2.289206 -4.622723
v -3.629517 2.252378 -3.848060
v -3.574084 2.252378 -3.871019
v -3.943884 2.289561 -4.607008
v -4.022081 2.340053 -5.660550
v -4.082562 2.341169 -5.660374
v -3.885449 2.390900 -6.698372
v -3.943883 2.392777 -6.713736
v -3.484855 2.438282 -7.665491
v -3.537284 2.440870 -7.695357
v -2.847583 2.478972 -8.496003
v -2.890432 2.482172 -8.538354
v -2.017036 2.510196 -9.133303
v -2.047366 2.513866 -9.185261
v -1.049778 2.529825 -9.533953
v -1.065447 2.533793 -9.591985
v -0.355148 2.538322 -9.684431
v -0.349925 2.534288 -9.625039
v -2.015284 2.567991 -9.121238
v -2.824920 2.506284 -8.469072
v -2.845107 2.536795 -8.484492
v -2.000996 2.537258 -9.101289
v -2.847583 2.478972 -8.496003
v -2.017036 2.510196 -9.133303
v -1.048873 2.587604 -9.521536
v -1.041490 2.556731 -9.498728
v -1.049778 2.529825 -9.533953
v -0.347163 2.561158 -9.589094
v -0.349624 2.592062 -9.612544
v -0.349925 2.534288 -9.625039
v -2.047366 2.513866 -9.185261
v -2.910618 2.512683 -8.553774
v -2.890432 2.482172 -8.538354
v -2.061654 2.544599 -9.205207
v -2.887956 2.539994 -8.526843
v -2.045614 2.571662 -9.173196
v -1.065447 2.533793 -9.591985
v -1.072829 2.564667 -9.614792
v -1.064542 2.591572 -9.579568
v -0.357609 2.569227 -9.707878
v -0.355148 2.538322 -9.684431
v -0.354847 2.596097 -9.671936
v -3.629517 2.252378 -3.848060
v -3.544766 2.281381 -3.878631
v -3.574084 2.252378 -3.871019
v -3.655631 2.281381 -3.832711
v -3.626313 2.310385 -3.840323
v -3.570880 2.310385 -3.863285
v -0.347163 2.561158 -9.589094
v -0.349624 2.592062 -9.612544
v -0.349925 2.534288 -9.625039
v -0.355148 2.538322 -9.684431
v -0.354847 2.596097 -9.671936
v -0.357609 2.569227 -9.707878
v -1.165433 3.806133 0.054680
v -0.699888 3.767745 0.057502
v -1.126941 3.767745 0.057502
v -0.661395 3.806133 0.054680
v -1.165433 2.928145 0.119245
v -0.699888 2.966534 0.116423
v -1.126941 2.966534 0.116423
v -0.661396 2.928145 0.119245
v 1.165430 3.806133 0.054681
v 0.699885 3.767745 0.057503
v 0.661393 3.806133 0.054680
v 1.126938 3.767745 0.057503
v 0.699885 2.966534 0.116423
v 1.165430 2.928145 0.119246
v 0.661393 2.928145 0.119246
v 1.126938 2.966534 0.116424
v 2.808406 2.008457 -7.730637
v 3.436919 2.008457 -7.633650
v 2.808405 2.008457 -8.452744
v 3.052938 2.008457 -7.411958
v 3.403743 2.008457 -6.565036
v 3.832019 2.008457 -6.679790
v 3.523396 2.008457 -5.656177
v 3.966780 2.008457 -5.656177
v 3.832018 2.008457 -4.632563
v 3.403743 2.008457 -4.747317
v 3.436917 2.008457 -3.678703
v 3.052937 2.008457 -3.900395
v 2.765769 2.008461 -3.526120
v 2.877437 2.008457 -2.949758
v 2.765794 2.008463 -0.221230
v 2.877437 2.008457 -2.949758
v 2.765769 2.008461 -3.526120
v 2.877436 2.008457 -1.270527
v 2.765794 2.008463 -0.221230
v 2.877436 2.008457 -0.000002
v -0.000001 2.008457 -0.000003
v -0.000001 2.008460 -0.221226
v -2.765796 2.008462 -0.221231
v -2.877438 2.008457 -0.000003
v -2.877438 2.008457 -1.270528
v -2.877438 2.008457 -2.949759
v -2.765770 2.008460 -3.526121
v -2.877438 2.008457 -1.270528
v -3.436917 2.008457 -7.633650
v -2.808404 2.008457 -7.730638
v -2.808403 2.008456 -8.452744
v -3.052936 2.008457 -7.411958
v -3.403742 2.008457 -6.565037
v -3.832017 2.008457 -6.679790
v -3.523396 2.008457 -5.656177
v -3.966779 2.008457 -5.656177
v -3.832017 2.008457 -4.632564
v -3.403742 2.008457 -4.747317
v -3.436918 2.008457 -3.678704
v -3.052937 2.008457 -3.900396
v -2.765770 2.008460 -3.526121
v -2.877438 2.008457 -2.949759
v 0.000000 2.174152 -5.656177
v 3.349567 2.174151 -3.729138
v 2.779995 2.174151 -2.986824
v 3.734593 2.174152 -4.658664
v 3.865918 2.174152 -5.656177
v 3.734593 2.174151 -6.653689
v 3.349569 2.174151 -7.583215
v 2.737085 2.174151 -8.381423
v 1.938879 2.174151 -8.993909
v 1.009348 2.174150 -9.378933
v 0.000001 2.174150 -9.510256
v -1.009345 2.174150 -9.378933
v -1.938876 2.174150 -8.993909
v -2.737082 2.174151 -8.381423
v -3.349567 2.174151 -7.583216
v -3.734591 2.174151 -6.653689
v -3.865917 2.174151 -5.656177
v -3.734592 2.174151 -4.658665
v -3.349568 2.174151 -3.729139
v -2.779996 2.174151 -2.986824
v 2.877436 2.174150 -1.270527
v 2.877436 2.174150 -0.000002
v 2.780009 2.174151 -1.270527
v -0.000001 2.174151 -1.270527
v 2.779995 2.174151 -2.986824
v 0.000000 2.174152 -5.656177
v -2.779996 2.174151 -2.986824
v -0.000001 2.174151 -0.000003
v -2.780011 2.174150 -1.270528
v -2.877438 2.174150 -0.000003
v -2.877438 2.174150 -1.270528
v -0.103473 2.516494 -9.718851
v 0.000002 2.564286 -9.664975
v -0.103473 2.612078 -9.718851
v 0.103477 2.612078 -9.718842
v 0.000002 2.564286 -9.664975
v 0.103477 2.516494 -9.718842
v 3.647094 0.720193 -4.663663
v 3.904628 0.816205 -3.783012
v 3.647072 0.720193 -3.783004
v 3.904654 0.816205 -4.663669
v 4.162186 0.720193 -3.783018
v 4.162210 0.720193 -4.663676
v 3.647072 0.720193 -3.783004
v 3.540421 0.488399 -4.663679
v 3.647094 0.720193 -4.663663
v 3.540400 0.488399 -3.783019
v 3.647094 0.256605 -4.663663
v 3.647079 0.256605 -3.782999
v 3.647079 0.256605 -3.782999
v 3.904651 0.160593 -4.663671
v 3.647094 0.256605 -4.663663
v 3.904636 0.160594 -3.783006
v 4.162207 0.256605 -4.663678
v 4.162192 0.256605 -3.783013
v 4.162192 0.256605 -3.783013
v 4.268880 0.488399 -4.663662
v 4.162207 0.256605 -4.663678
v 4.268859 0.488399 -3.783001
v 4.162210 0.720193 -4.663676
v 4.162186 0.720193 -3.783018
v 4.216393 0.768964 -3.696135
v 3.592882 0.768964 -3.696105
v 3.904639 0.885181 -3.696119
v 4.216393 0.207826 -3.696135
v 4.345522 0.488399 -3.696132
v 3.592880 0.207826 -3.696106
v 3.463753 0.488399 -3.696108
v 3.904638 0.091617 -3.696120
v 3.463762 0.488399 -4.750546
v 3.904647 0.885181 -4.750558
v 3.592891 0.768964 -4.750543
v 3.904644 0.091617 -4.750560
v 3.592891 0.207826 -4.750543
v 4.345484 0.488399 -4.750508
v 4.216359 0.768964 -4.750509
v 4.216359 0.207826 -4.750509
v 4.216393 0.768964 -3.696135
v 3.904628 0.885181 -3.783012
v 4.216383 0.768964 -3.783027
v 3.904639 0.885181 -3.696119
v 3.592875 0.768964 -3.782994
v 3.592882 0.768964 -3.696105
v 4.216383 0.768964 -3.783027
v 4.345522 0.488399 -3.696132
v 4.216393 0.768964 -3.696135
v 4.345510 0.488399 -3.783025
v 4.216393 0.207826 -3.696135
v 4.216390 0.207826 -3.783022
v 4.216390 0.207826 -3.783022
v 3.904638 0.091617 -3.696120
v 4.216393 0.207826 -3.696135
v 3.904634 0.091617 -3.783007
v 3.592880 0.207826 -3.696106
v 3.592882 0.207826 -3.782990
v 3.592882 0.207826 -3.782990
v 3.463753 0.488399 -3.696108
v 3.592880 0.207826 -3.696106
v 3.463747 0.488399 -3.782998
v 3.592882 0.768964 -3.696105
v 3.592875 0.768964 -3.782994
v 3.592894 0.768964 -4.663656
v 3.463762 0.488399 -4.750546
v 3.592891 0.768964 -4.750543
v 3.463765 0.488399 -4.663660
v 3.592891 0.207826 -4.750543
v 3.592894 0.207826 -4.663656
v 3.592894 0.207826 -4.663656
v 3.904644 0.091617 -4.750560
v 3.592891 0.207826 -4.750543
v 3.904646 0.091617 -4.663675
v 4.216359 0.207826 -4.750509
v 4.216359 0.207826 -4.663624
v 4.216359 0.207826 -4.663624
v 4.345484 0.488399 -4.750508
v 4.216359 0.207826 -4.750509
v 4.345529 0.488399 -4.663687
v 4.216359 0.768964 -4.750509
v 4.216359 0.768964 -4.663624
v 4.216359 0.768964 -4.663624
v 3.904647 0.885181 -4.750558
v 4.216359 0.768964 -4.750509
v 3.904651 0.885181 -4.663671
v 3.592891 0.768964 -4.750543
v 3.592894 0.768964 -4.663656
v 3.592875 0.768964 -3.782994
v 4.216383 0.768964 -3.783027
v 3.904628 0.885181 -3.783012
v 3.592882 0.207826 -3.782990
v 3.463747 0.488399 -3.782998
v 4.216390 0.207826 -3.783022
v 4.345510 0.488399 -3.783025
v 3.904634 0.091617 -3.783007
v 3.904651 0.885181 -4.663671
v 3.463765 0.488399 -4.663660
v 3.592894 0.768964 -4.663656
v 4.345529 0.488399 -4.663687
v 4.216359 0.768964 -4.663624
v 3.904646 0.091617 -4.663675
v 3.592894 0.207826 -4.663656
v 4.216359 0.207826 -4.663624
v -3.928304 0.816205 -3.783018
v -3.670769 0.720193 -4.663669
v -3.670747 0.720193 -3.783010
v -3.928328 0.816205 -4.663675
v -4.185862 0.720193 -3.783023
v -4.185884 0.720193 -4.663682
v -3.564097 0.488399 -4.663684
v -3.670747 0.720193 -3.783010
v -3.670769 0.720193 -4.663669
v -3.564075 0.488399 -3.783025
v -3.670769 0.256605 -4.663669
v -3.670755 0.256605 -3.783005
v -3.928325 0.160593 -4.663677
v -3.670755 0.256605 -3.783005
v -3.670769 0.256605 -4.663669
v -3.928312 0.160593 -3.783012
v -4.185882 0.256605 -4.663683
v -4.185868 0.256605 -3.783019
v -4.292555 0.488399 -4.663668
v -4.185868 0.256605 -3.783019
v -4.185882 0.256605 -4.663683
v -4.292535 0.488399 -3.783007
v -4.185884 0.720193 -4.663682
v -4.185862 0.720193 -3.783023
v -4.240070 0.768963 -3.696141
v -4.240070 0.207826 -3.696141
v -4.369198 0.488399 -3.696137
v -3.616557 0.768963 -3.696111
v -3.928315 0.885181 -3.696125
v -3.616556 0.207826 -3.696112
v -3.928313 0.091617 -3.696126
v -3.487428 0.488399 -3.696115
v -3.487437 0.488399 -4.750553
v -3.928319 0.091617 -4.750566
v -3.616565 0.207826 -4.750550
v -3.928322 0.885181 -4.750564
v -3.616565 0.768963 -4.750550
v -4.369159 0.488399 -4.750514
v -4.240033 0.207826 -4.750515
v -4.240033 0.768963 -4.750515
v -3.928304 0.885181 -3.783018
v -4.240070 0.768963 -3.696141
v -4.240059 0.768963 -3.783033
v -3.928315 0.885181 -3.696125
v -3.616551 0.768963 -3.783000
v -3.616557 0.768963 -3.696111
v -4.369198 0.488399 -3.696137
v -4.240059 0.768963 -3.783033
v -4.240070 0.768963 -3.696141
v -4.369186 0.488399 -3.783031
v -4.240070 0.207826 -3.696141
v -4.240067 0.207826 -3.783028
v -3.928313 0.091617 -3.696126
v -4.240067 0.207826 -3.783028
v -4.240070 0.207826 -3.696141
v -3.928310 0.091617 -3.783013
v -3.616556 0.207826 -3.696112
v -3.616557 0.207826 -3.782996
v -3.487428 0.488399 -3.696115
v -3.616557 0.207826 -3.782996
v -3.616556 0.207826 -3.696112
v -3.487422 0.488399 -3.783004
v -3.616557 0.768963 -3.696111
v -3.616551 0.768963 -3.783000
v -3.487437 0.488399 -4.750553
v -3.616569 0.768963 -4.663661
v -3.616565 0.768963 -4.750550
v -3.487441 0.488399 -4.663665
v -3.616565 0.207826 -4.750550
v -3.616569 0.207826 -4.663661
v -3.928319 0.091617 -4.750566
v -3.616569 0.207826 -4.663661
v -3.616565 0.207826 -4.750550
v -3.928320 0.091617 -4.663681
v -4.240033 0.207826 -4.750515
v -4.240033 0.207826 -4.663630
v -4.369159 0.488399 -4.750514
v -4.240033 0.207826 -4.663630
v -4.240033 0.207826 -4.750515
v -4.369204 0.488399 -4.663693
v -4.240033 0.768963 -4.750515
v -4.240033 0.768963 -4.663630
v -3.928322 0.885181 -4.750564
v -4.240033 0.768963 -4.663630
v -4.240033 0.768963 -4.750515
v -3.928325 0.885181 -4.663677
v -3.616565 0.768963 -4.750550
v -3.616569 0.768963 -4.663661
v -3.616551 0.768963 -3.783000
v -3.616557 0.207826 -3.782996
v -3.487422 0.488399 -3.783004
v -4.240059 0.768963 -3.783033
v -3.928304 0.885181 -3.783018
v -4.240067 0.207826 -3.783028
v -3.928310 0.091617 -3.783013
v -4.369186 0.488399 -3.783031
v -3.928325 0.885181 -4.663677
v -4.369204 0.488399 -4.663693
v -4.240033 0.768963 -4.663630
v -3.487441 0.488399 -4.663665
v -3.616569 0.768963 -4.663661
v -3.928320 0.091617 -4.663681
v -4.240033 0.207826 -4.663630
v -3.616569 0.207826 -4.663661
v 0.000001 2.468699 -9.718842
v 0.000002 2.564286 -9.664975
v -0.103473 2.516494 -9.718851
v 0.103477 2.516494 -9.718842
v 0.000001 2.659872 -9.718842
v 0.000002 2.564286 -9.664975
v 0.103477 2.612078 -9.718842
v -0.103473 2.612078 -9.718851
v 2.843845 1.821819 -1.014482
v 2.987234 1.821820 -0.543330
v 2.843845 1.821820 -0.543330
v 2.987234 1.821819 -1.014482
v 2.987234 1.821819 -1.014482
v 2.987232 1.785440 -0.543330
v 2.987234 1.821820 -0.543330
v 2.987232 1.785439 -1.014482
v 2.987232 1.785439 -1.014482
v 2.843845 1.785440 -0.543330
v 2.987232 1.785440 -0.543330
v 2.843843 1.785439 -1.014482
v 2.843845 1.591466 -1.014482
v 2.987234 1.591455 -0.543330
v 2.843845 1.591455 -0.543330
v 2.987234 1.591466 -1.014482
v 2.987234 1.591466 -1.014482
v 2.987232 1.555086 -0.543330
v 2.987234 1.591455 -0.543330
v 2.987232 1.555086 -1.014482
v 2.987232 1.555086 -1.014482
v 2.843845 1.555086 -0.543330
v 2.987232 1.555086 -0.543330
v 2.843843 1.555086 -1.014482
v 2.843845 1.361113 -1.014482
v 2.987234 1.361107 -0.543330
v 2.843845 1.361107 -0.543330
v 2.987232 1.361113 -1.014482
v 2.987232 1.361113 -1.014482
v 2.987232 1.324733 -0.543330
v 2.987234 1.361107 -0.543330
v 2.987232 1.324733 -1.014482
v 2.987232 1.324733 -1.014482
v 2.843844 1.324733 -0.543330
v 2.987232 1.324733 -0.543330
v 2.843843 1.324733 -1.014482
v 2.843845 1.130759 -1.014482
v 2.987234 1.130753 -0.543330
v 2.843845 1.130753 -0.543330
v 2.987234 1.130759 -1.014482
v 2.987234 1.130759 -1.014482
v 2.987232 1.094379 -0.543330
v 2.987234 1.130753 -0.543330
v 2.987232 1.094379 -1.014482
v 2.987232 1.094379 -1.014482
v 2.843844 1.094379 -0.543330
v 2.987232 1.094379 -0.543330
v 2.843843 1.094379 -1.014482
v 2.843845 0.900405 -1.014482
v 2.987234 0.900400 -0.543330
v 2.843845 0.900400 -0.543330
v 2.987234 0.900400 -1.014482
v 2.987234 0.900400 -1.014482
v 2.987234 0.864026 -0.543330
v 2.987234 0.900400 -0.543330
v 2.987232 0.864026 -1.014482
v 2.987232 0.864026 -1.014482
v 2.843844 0.864026 -0.543330
v 2.987234 0.864026 -0.543330
v 2.843843 0.864026 -1.014482
v 2.843845 2.052172 -1.014482
v 2.987234 2.052173 -0.543330
v 2.843845 2.052173 -0.543330
v 2.987234 2.052172 -1.014482
v 2.987234 2.052172 -1.014482
v 2.987232 2.015793 -0.543330
v 2.987234 2.052173 -0.543330
v 2.987232 2.015793 -1.014482
v 2.987232 2.015793 -1.014482
v 2.843845 2.015793 -0.543330
v 2.987232 2.015793 -0.543330
v 2.843843 2.015793 -1.014482
v -2.843848 1.821819 -1.014483
v -2.987236 1.821819 -0.543331
v -2.987236 1.821819 -1.014483
v -2.843847 1.821819 -0.543331
v -2.987236 1.821819 -1.014483
v -2.987234 1.785440 -0.543331
v -2.987235 1.785439 -1.014483
v -2.987236 1.821819 -0.543331
v -2.987235 1.785439 -1.014483
v -2.843847 1.785440 -0.543331
v -2.843846 1.785439 -1.014483
v -2.987234 1.785440 -0.543331
v -2.843848 1.591466 -1.014483
v -2.987236 1.591455 -0.543331
v -2.987236 1.591466 -1.014483
v -2.843847 1.591455 -0.543331
v -2.987236 1.591466 -1.014483
v -2.987234 1.555086 -0.543331
v -2.987235 1.555086 -1.014483
v -2.987236 1.591455 -0.543331
v -2.987235 1.555086 -1.014483
v -2.843847 1.555086 -0.543331
v -2.843846 1.555086 -1.014483
v -2.987234 1.555086 -0.543331
v -2.843848 1.361112 -1.014483
v -2.987236 1.361107 -0.543331
v -2.987235 1.361112 -1.014483
v -2.843847 1.361107 -0.543331
v -2.987235 1.361112 -1.014483
v -2.987234 1.324733 -0.543331
v -2.987235 1.324733 -1.014483
v -2.987236 1.361107 -0.543331
v -2.987235 1.324733 -1.014483
v -2.843845 1.324733 -0.543331
v -2.843846 1.324733 -1.014483
v -2.987234 1.324733 -0.543331
v -2.843848 1.130759 -1.014483
v -2.987236 1.130753 -0.543331
v -2.987236 1.130759 -1.014483
v -2.843847 1.130753 -0.543331
v -2.987236 1.130759 -1.014483
v -2.987234 1.094379 -0.543331
v -2.987235 1.094379 -1.014483
v -2.987236 1.130753 -0.543331
v -2.987235 1.094379 -1.014483
v -2.843845 1.094379 -0.543331
v -2.843846 1.094379 -1.014483
v -2.987234 1.094379 -0.543331
v -2.843848 0.900405 -1.014483
v -2.987236 0.900400 -0.543331
v -2.987236 0.900400 -1.014483
v -2.843847 0.900400 -0.543331
v -2.987236 0.900400 -1.014483
v -2.987236 0.864025 -0.543331
v -2.987235 0.864025 -1.014483
v -2.987236 0.900400 -0.543331
v -2.987235 0.864025 -1.014483
v -2.843845 0.864025 -0.543331
v -2.843846 0.864025 -1.014483
v -2.987236 0.864025 -0.543331
v -2.843848 2.052172 -1.014483
v -2.987236 2.052173 -0.543331
v -2.987236 2.052172 -1.014483
v -2.843847 2.052173 -0.543331
v -2.987236 2.052172 -1.014483
v -2.987234 2.015793 -0.543331
v -2.987235 2.015792 -1.014483
v -2.987236 2.052173 -0.543331
v -2.987235 2.015792 -1.014483
v -2.843847 2.015793 -0.543331
v -2.843846 2.015792 -1.014483
v -2.987234 2.015793 -0.543331
v -0.699888 3.478631 0.528815
v -1.126941 2.966534 0.740952
v -1.126941 3.478631 0.528815
v -0.699888 2.966534 0.740952
v -1.126941 3.767745 0.057502
v -0.699888 3.478631 0.528815
v -1.126941 3.478631 0.528815
v -0.699888 3.767745 0.057502
v -0.699888 3.767745 0.057502
v -0.699888 2.966534 0.740952
v -0.699888 3.478631 0.528815
v -0.699888 2.966534 0.116423
v -0.699888 2.966534 0.116423
v -1.126941 2.966534 0.740952
v -0.699888 2.966534 0.740952
v -1.126941 2.966534 0.116423
v -1.126941 2.966534 0.116423
v -1.126941 3.478631 0.528815
v -1.126941 2.966534 0.740952
v -1.126941 3.767745 0.057502
v 0.699885 3.478631 0.528816
v 1.126938 2.966534 0.740952
v 0.699885 2.966534 0.740952
v 1.126938 3.478631 0.528816
v 1.126938 3.767745 0.057503
v 0.699885 3.478631 0.528816
v 0.699885 3.767745 0.057503
v 1.126938 3.478631 0.528816
v 0.699885 3.767745 0.057503
v 0.699885 2.966534 0.740952
v 0.699885 2.966534 0.116423
v 0.699885 3.478631 0.528816
v 0.699885 2.966534 0.116423
v 1.126938 2.966534 0.740952
v 1.126938 2.966534 0.116424
v 0.699885 2.966534 0.740952
v 1.126938 2.966534 0.116424
v 1.126938 3.478631 0.528816
v 1.126938 3.767745 0.057503
v 1.126938 2.966534 0.740952
v -0.089161 2.535459 -9.579021
v -0.103473 2.612078 -9.718851
v -0.089161 2.593113 -9.579021
v -0.103473 2.516494 -9.718851
v 0.000001 2.659872 -9.718842
v -0.089161 2.593113 -9.579021
v -0.103473 2.612078 -9.718851
v 0.000001 2.621940 -9.579016
v 0.103477 2.612078 -9.718842
v 0.089163 2.593113 -9.579016
v 0.089163 2.593113 -9.579016
v 0.103477 2.516494 -9.718842
v 0.089163 2.535459 -9.579016
v 0.103477 2.612078 -9.718842
v 0.000001 2.468699 -9.718842
v 0.089163 2.535459 -9.579016
v 0.103477 2.516494 -9.718842
v 0.000001 2.506631 -9.579016
v -0.103473 2.516494 -9.718851
v -0.089161 2.535459 -9.579021
vn -0.0279 0.9970 0.0728
vn -0.0000 0.9973 0.0738
vn -0.6240 0.7815 -0.0000
vn 0.6098 -0.7926 -0.0000
vn 0.0279 0.9970 0.0728
vn 0.6240 0.7815 -0.0000
vn -0.6098 -0.7926 -0.0000
vn 0.5000 -0.0000 -0.8660
vn -0.5000 -0.0000 0.8660
vn -0.2588 -0.0000 0.9659
vn 0.2588 -0.0000 -0.9659
vn -0.5000 -0.0000 -0.8660
vn 0.5000 -0.0000 0.8660
vn 0.2588 -0.0000 0.9659
vn -0.2588 -0.0000 -0.9659
vn -0.0000 -0.0000 1.0000
vn -0.0000 -0.0000 -1.0000
vn 0.7071 -0.0000 -0.7071
vn 0.8660 -0.0000 -0.5000
vn 0.6754 -0.0000 -0.7374
vn 0.9659 -0.0000 -0.2588
vn 1.0000 -0.0000 -0.0000
vn 0.9659 -0.0000 0.2588
vn 0.8660 -0.0000 0.5000
vn 0.7933 -0.0001 0.6088
vn 0.7933 -0.0002 0.6089
vn 0.7934 -0.0000 -0.6088
vn 0.7934 -0.0000 0.6087
vn 0.7934 -0.0000 0.6088
vn 0.6088 -0.0000 -0.7934
vn 0.6754 -0.0000 -0.7375
vn 0.2581 -0.0000 -0.9661
vn -0.2581 -0.0000 -0.9661
vn -0.7071 -0.0000 -0.7071
vn -0.6754 -0.0000 -0.7375
vn -0.6088 -0.0000 -0.7934
vn -0.7071 -0.0000 0.7071
vn -0.2581 -0.0000 0.9661
vn 0.2581 -0.0000 0.9661
vn 0.7071 -0.0000 0.7071
vn -0.8660 -0.0000 0.5000
vn -0.9659 -0.0000 0.2588
vn -1.0000 -0.0000 -0.0000
vn -0.9659 -0.0000 -0.2588
vn -0.8660 -0.0000 -0.5000
vn -0.7934 -0.0000 -0.6087
vn -0.3715 0.8246 0.4266
vn -0.4560 0.8456 0.2776
vn -0.3846 0.8275 0.4091
vn -0.4630 0.8487 0.2557
vn -0.4829 0.8641 0.1421
vn -0.4836 0.8671 0.1194
vn -0.4854 0.8743 -0.0000
vn -0.4836 0.8671 -0.1194
vn -0.4829 0.8641 -0.1421
vn -0.4630 0.8487 -0.2557
vn -0.4560 0.8456 -0.2776
vn -0.4363 0.8352 -0.3348
vn -0.4220 0.8280 0.3691
vn -0.2976 0.8126 0.5011
vn -0.4084 0.8270 0.3864
vn -0.2849 0.8111 0.5108
vn -0.1585 0.8006 0.5779
vn -0.1501 0.8001 0.5807
vn -0.0000 0.7962 0.6050
vn -0.0000 0.7963 0.6050
vn 0.1501 0.8001 0.5807
vn 0.1585 0.8006 0.5779
vn 0.2849 0.8111 0.5108
vn 0.2975 0.8126 0.5011
vn 0.4084 0.8270 0.3864
vn 0.4220 0.8280 0.3691
vn 0.3006 -0.8217 -0.4842
vn 0.1468 -0.8104 -0.5673
vn 0.3131 -0.8227 -0.4745
vn 0.1547 -0.8108 -0.5645
vn -0.0000 -0.8067 -0.5909
vn -0.1547 -0.8108 -0.5645
vn -0.1468 -0.8104 -0.5673
vn -0.3131 -0.8227 -0.4745
vn -0.3006 -0.8217 -0.4842
vn 0.2692 -0.8197 -0.5057
vn 0.3921 -0.8379 -0.3797
vn 0.2565 -0.8179 -0.5150
vn 0.3808 -0.8356 -0.3961
vn 0.4529 -0.8557 -0.2504
vn 0.4462 -0.8528 -0.2714
vn 0.4736 -0.8729 -0.1171
vn 0.4728 -0.8702 -0.1389
vn 0.4754 -0.8797 -0.0000
vn 0.4728 -0.8702 0.1389
vn 0.4736 -0.8729 0.1171
vn 0.4462 -0.8528 0.2714
vn 0.4529 -0.8557 0.2504
vn 0.4267 -0.8430 0.3274
vn -0.0000 1.0000 -0.0000
vn -0.0000 -0.8022 0.5970
vn -0.6754 -0.0000 -0.7374
vn -0.7933 -0.0001 0.6088
vn -0.7933 -0.0002 0.6089
vn -0.7934 -0.0000 -0.6088
vn -0.7934 -0.0000 0.6087
vn -0.7934 -0.0000 0.6088
vn 0.7934 -0.0000 -0.6087
vn 0.3715 0.8246 0.4266
vn 0.3846 0.8275 0.4091
vn 0.4560 0.8456 0.2776
vn 0.4630 0.8487 0.2557
vn 0.4829 0.8641 0.1421
vn 0.4836 0.8671 0.1194
vn 0.4854 0.8743 -0.0000
vn 0.4836 0.8671 -0.1194
vn 0.4829 0.8641 -0.1421
vn 0.4630 0.8487 -0.2557
vn 0.4560 0.8456 -0.2776
vn 0.4363 0.8352 -0.3348
vn -0.2692 -0.8197 -0.5057
vn -0.2565 -0.8179 -0.5150
vn -0.3921 -0.8379 -0.3797
vn -0.3808 -0.8356 -0.3961
vn -0.4529 -0.8557 -0.2504
vn -0.4462 -0.8528 -0.2714
vn -0.4736 -0.8729 -0.1171
vn -0.4728 -0.8702 -0.1389
vn -0.4754 -0.8797 -0.0000
vn -0.4728 -0.8702 0.1389
vn -0.4736 -0.8729 0.1171
vn -0.4462 -0.8528 0.2714
vn -0.4529 -0.8557 0.2504
vn -0.4267 -0.8430 0.3274
vn 0.0003 0.0001 1.0000
vn -0.0002 -0.0001 -1.0000
vn 0.0001 -0.0000 -1.0000
vn 0.3493 0.9370 -0.0000
vn 0.3493 0.9370 -0.0001
vn 0.9675 0.2528 -0.0002
vn 0.9675 0.2529 -0.0000
vn 0.9675 0.2529 0.0001
vn -0.9675 0.2529 -0.0001
vn -0.3493 0.9370 -0.0000
vn -0.9675 0.2528 -0.0001
vn 0.9675 0.2528 -0.0003
vn -0.3493 0.9370 0.0001
vn 0.0001 -0.0000 1.0000
vn -0.0000 -0.0001 1.0000
vn 0.0001 -0.0001 -1.0000
vn -0.0003 0.0001 1.0000
vn -0.0001 -0.0000 -1.0000
vn 0.0002 -0.0001 -1.0000
vn -0.3493 0.9370 -0.0001
vn -0.9675 0.2529 0.0001
vn -0.9675 0.2529 -0.0000
vn -0.9675 0.2528 -0.0002
vn 0.9675 0.2529 -0.0001
vn 0.9675 0.2528 -0.0001
vn -0.9675 0.2528 -0.0003
vn 0.3493 0.9370 0.0001
vn -0.0001 -0.0000 1.0000
vn -0.0001 -0.0001 -1.0000
vn -0.3020 0.9042 0.3020
vn -0.0000 0.9042 0.4271
vn 0.3020 0.9042 0.3020
vn -0.7391 -0.5211 -0.4267
vn -0.8244 -0.5211 -0.2209
vn 0.7391 -0.5211 -0.4267
vn 0.7391 -0.5211 -0.4268
vn 0.8244 -0.5211 -0.2209
vn -0.4271 0.9042 -0.0000
vn 0.4271 0.9042 -0.0000
vn -0.8535 -0.5211 -0.0000
vn -0.7391 -0.5211 0.4267
vn -0.8244 -0.5211 0.2209
vn 0.8535 -0.5211 -0.0000
vn 0.7391 -0.5211 0.4267
vn 0.8244 -0.5211 0.2209
vn -0.0000 -1.0000 -0.0000
vn 0.5000 -0.8660 -0.0000
vn -0.5000 0.8660 -0.0000
vn 0.8660 0.5000 -0.0000
vn -0.5000 -0.8660 -0.0000
vn 0.5000 0.8660 -0.0000
vn -0.8660 0.5000 -0.0000
vn -0.4793 0.8777 -0.0000
vn -0.8856 0.4645 -0.0000
vn -0.9954 0.0963 -0.0000
vn -0.2007 0.9797 -0.0000
vn -0.4792 0.8777 -0.0000
vn 0.4793 0.8777 -0.0000
vn 0.8856 0.4645 -0.0000
vn 0.9954 0.0963 -0.0000
vn 0.4792 0.8777 -0.0000
vn 0.2007 0.9797 -0.0000
vn -0.0000 -0.9397 -0.3420
vn -0.0000 -0.8660 -0.5000
vn -0.0000 -0.3421 -0.9397
vn -0.0000 -0.3420 -0.9397
vn -0.0000 -0.0872 -0.9962
vn -0.0000 0.8710 0.4913
vn -0.2477 0.9679 -0.0428
vn -0.2169 0.9761 -0.0138
vn -0.9237 0.0448 -0.3804
vn -0.9657 -0.0142 -0.2592
vn -0.2055 -0.9679 -0.1447
vn -0.2394 0.9699 0.0439
vn -0.1700 -0.9813 -0.0904
vn -0.9992 -0.0410 -0.0015
vn -0.2462 0.9630 0.1094
vn -0.1625 -0.9857 -0.0452
vn -0.9643 -0.0678 0.2558
vn -0.2338 0.9559 0.1779
vn -0.1446 -0.9895 -0.0068
vn -0.8638 -0.0928 0.4952
vn -0.1772 0.9462 0.2707
vn -0.1196 -0.9926 0.0233
vn -0.6957 -0.1507 0.7023
vn -0.0827 -0.9941 0.0705
vn 0.4470 0.8651 0.2275
vn 0.4958 0.8507 0.1745
vn -0.4769 0.8651 -0.1552
vn -0.4671 0.8804 -0.0821
vn 0.5132 0.8572 0.0420
vn -0.4835 0.8743 0.0428
vn 0.4957 0.8637 -0.0906
vn -0.4671 0.8682 0.1677
vn 0.4446 0.8698 -0.2141
vn -0.4188 0.8625 0.2841
vn 0.3631 0.8750 -0.3203
vn -0.3421 0.8576 0.3841
vn 0.2568 0.8789 -0.4019
vn -0.2419 0.8539 0.4608
vn 0.1326 0.8813 -0.4535
vn -0.1249 0.8517 0.5090
vn -0.0655 0.8367 0.5437
vn 0.0640 0.8923 -0.4469
vn 0.2477 -0.9679 0.0428
vn 0.2951 -0.9550 0.0280
vn 0.9222 0.0447 0.3842
vn 0.9657 0.0111 0.2595
vn 0.2054 0.9679 0.1449
vn 0.3175 -0.9469 -0.0508
vn 0.2481 0.9616 0.1176
vn 0.9993 0.0363 0.0022
vn 0.3187 -0.9381 -0.1360
vn 0.2460 0.9679 0.0512
vn 0.9650 0.0614 -0.2549
vn 0.2961 -0.9292 -0.2213
vn 0.2276 0.9737 -0.0096
vn 0.8651 0.0849 -0.4944
vn 0.2250 -0.9214 -0.3167
vn 0.1960 0.9787 -0.0617
vn 0.7005 0.0765 -0.7095
vn 0.1345 0.9836 -0.1204
vn -0.4469 -0.8651 -0.2275
vn -0.4332 -0.8871 -0.1595
vn 0.4769 -0.8651 0.1551
vn 0.5246 -0.8456 0.0992
vn -0.4484 -0.8927 -0.0437
vn 0.5431 -0.8387 -0.0410
vn -0.4331 -0.8984 0.0721
vn 0.5246 -0.8318 -0.1813
vn -0.3884 -0.9038 0.1800
vn 0.4705 -0.8254 -0.3121
vn -0.3171 -0.9084 0.2727
vn 0.3844 -0.8198 -0.4245
vn -0.2242 -0.9119 0.3438
vn 0.2719 -0.8155 -0.5108
vn -0.1157 -0.9142 0.3884
vn 0.1405 -0.8127 -0.5655
vn 0.0681 -0.8238 -0.5627
vn -0.0612 -0.9029 0.4255
vn -0.2152 0.9460 0.2426
vn -0.1470 0.9436 0.2967
vn -0.7133 -0.0776 0.6966
vn -0.4979 -0.1307 0.8573
vn -0.1271 -0.9917 0.0195
vn -0.0607 -0.9964 0.0590
vn -0.0776 0.9400 0.3321
vn -0.2569 -0.1412 0.9561
vn -0.0301 -0.9973 0.0666
vn -0.1286 -0.1442 0.9812
vn -0.0426 0.9271 0.3723
vn -0.0225 -0.9944 0.1036
vn 0.2607 -0.9210 -0.2895
vn 0.1805 -0.9144 -0.3624
vn 0.7107 0.1342 -0.6905
vn 0.4994 0.1208 -0.8579
vn 0.1777 0.9815 -0.0717
vn 0.1064 0.9854 -0.1327
vn 0.0947 -0.9098 -0.4041
vn 0.2578 0.1306 -0.9573
vn 0.0541 0.9871 -0.1508
vn 0.1288 0.1325 -0.9828
vn 0.0454 -0.9182 -0.3935
vn 0.0255 0.9915 -0.1273
vn -0.3788 -0.1429 0.9144
vn -0.3788 -0.1428 0.9144
vn -0.3787 -0.1429 0.9144
vn -0.9961 0.0135 -0.0867
vn 0.2477 0.9679 -0.0428
vn 0.9237 0.0447 -0.3804
vn 0.2169 0.9761 -0.0137
vn 0.9657 -0.0142 -0.2592
vn 0.2054 -0.9679 -0.1449
vn 0.2394 0.9699 0.0440
vn 0.1699 -0.9813 -0.0905
vn 0.9992 -0.0410 -0.0015
vn 0.2462 0.9630 0.1094
vn 0.1625 -0.9857 -0.0453
vn 0.9643 -0.0678 0.2558
vn 0.2337 0.9559 0.1779
vn 0.1446 -0.9895 -0.0068
vn 0.8638 -0.0928 0.4952
vn 0.1772 0.9462 0.2707
vn 0.1196 -0.9925 0.0232
vn 0.6957 -0.1507 0.7023
vn 0.0827 -0.9941 0.0705
vn -0.4469 0.8651 0.2275
vn 0.4769 0.8651 -0.1552
vn -0.4958 0.8507 0.1746
vn 0.4671 0.8804 -0.0820
vn -0.5132 0.8572 0.0420
vn 0.4835 0.8743 0.0429
vn -0.4958 0.8637 -0.0905
vn 0.4671 0.8682 0.1677
vn -0.4446 0.8698 -0.2141
vn 0.4188 0.8625 0.2841
vn -0.3632 0.8750 -0.3203
vn 0.3420 0.8576 0.3841
vn -0.2569 0.8789 -0.4019
vn 0.2419 0.8539 0.4608
vn -0.1327 0.8813 -0.4535
vn 0.1248 0.8517 0.5090
vn 0.0655 0.8367 0.5437
vn -0.0640 0.8923 -0.4469
vn -0.2477 -0.9679 0.0428
vn -0.9222 0.0448 0.3842
vn -0.2952 -0.9550 0.0280
vn -0.9657 0.0111 0.2595
vn -0.2054 0.9679 0.1448
vn -0.3175 -0.9469 -0.0509
vn -0.2481 0.9616 0.1176
vn -0.9993 0.0363 0.0023
vn -0.3186 -0.9381 -0.1360
vn -0.2460 0.9679 0.0513
vn -0.9650 0.0614 -0.2549
vn -0.2961 -0.9292 -0.2213
vn -0.2276 0.9737 -0.0096
vn -0.8651 0.0849 -0.4944
vn -0.2251 -0.9214 -0.3167
vn -0.1960 0.9787 -0.0616
vn -0.7005 0.0765 -0.7095
vn -0.1345 0.9836 -0.1205
vn 0.4470 -0.8651 -0.2275
vn -0.4769 -0.8651 0.1551
vn 0.4331 -0.8871 -0.1596
vn -0.5246 -0.8455 0.0991
vn 0.4484 -0.8927 -0.0438
vn -0.5431 -0.8387 -0.0411
vn 0.4331 -0.8984 0.0720
vn -0.5246 -0.8318 -0.1814
vn 0.3884 -0.9038 0.1799
vn -0.4705 -0.8254 -0.3121
vn 0.3172 -0.9084 0.2726
vn -0.3843 -0.8198 -0.4245
vn 0.2243 -0.9119 0.3437
vn -0.2718 -0.8155 -0.5109
vn 0.1157 -0.9142 0.3884
vn -0.1404 -0.8127 -0.5655
vn -0.0681 -0.8238 -0.5627
vn 0.0612 -0.9029 0.4255
vn 0.2152 0.9460 0.2426
vn 0.7133 -0.0777 0.6966
vn 0.1470 0.9436 0.2967
vn 0.4979 -0.1307 0.8573
vn 0.1272 -0.9917 0.0195
vn 0.0607 -0.9964 0.0590
vn 0.0775 0.9400 0.3321
vn 0.2569 -0.1411 0.9561
vn 0.0302 -0.9973 0.0666
vn 0.1286 -0.1442 0.9812
vn 0.0426 0.9271 0.3724
vn 0.0225 -0.9944 0.1037
vn -0.2607 -0.9210 -0.2896
vn -0.7107 0.1342 -0.6905
vn -0.1804 -0.9144 -0.3624
vn -0.4994 0.1208 -0.8579
vn -0.1777 0.9815 -0.0717
vn -0.1065 0.9854 -0.1327
vn -0.0946 -0.9098 -0.4041
vn -0.2578 0.1306 -0.9573
vn -0.0541 0.9871 -0.1508
vn -0.1288 0.1325 -0.9828
vn -0.0454 -0.9182 -0.3935
vn -0.0255 0.9915 -0.1273
vn 0.3787 -0.1428 0.9144
vn 0.3787 -0.1429 0.9144
vn 0.3788 -0.1428 0.9144
vn 0.9961 0.0135 -0.0867
vn -0.0000 0.0733 0.9973
vn -0.0001 -1.0000 -0.0000
vn 0.0001 -1.0000 -0.0000
vn 0.3073 -0.4136 -0.8570
vn -0.5325 -0.0000 -0.8465
vn 0.3073 0.4136 -0.8570
vn -0.3072 0.4136 -0.8570
vn 0.5325 -0.0000 -0.8464
vn -0.3072 -0.4136 -0.8570
vn -0.6813 0.7320 -0.0000
vn 0.6813 0.7320 -0.0000
vn -0.6793 0.7339 -0.0000
vn -0.6793 -0.7339 -0.0000
vn -0.6793 -0.7339 -0.0001
vn -0.6813 -0.7320 -0.0000
vn 0.6813 -0.7320 -0.0000
vn 0.6793 -0.7339 -0.0000
vn 0.6793 0.7338 -0.0000
vn 0.6793 0.7339 -0.0000
vn 0.0002 0.0001 -1.0000
vn 0.6813 0.7320 -0.0001
vn -0.6813 0.7320 0.0001
vn 0.6793 0.7339 -0.0001
vn 1.0000 -0.0000 -0.0001
vn -0.6812 -0.7321 -0.0000
vn -0.6793 -0.7339 0.0001
vn -1.0000 -0.0000 0.0001
vn -0.6793 0.7339 0.0001
vn 0.6813 -0.7320 0.0001
vn 1.0000 -0.0000 -0.0005
vn 1.0000 -0.0001 -0.0005
vn 0.6792 0.7339 -0.0001
vn 0.6812 0.7321 -0.0000
vn 0.0001 1.0000 -0.0000
vn -0.0004 0.0004 1.0000
vn -0.0003 -0.0004 1.0000
vn -0.0000 0.0001 1.0000
vn 0.0001 0.0001 1.0000
vn -0.0003 0.0004 1.0000
vn -0.0004 0.0002 -1.0000
vn -0.0002 0.0001 -1.0000
vn -0.6813 0.7320 -0.0001
vn 0.6813 0.7320 0.0001
vn -0.6793 0.7339 -0.0001
vn -1.0000 -0.0000 -0.0001
vn 1.0000 -0.0000 0.0001
vn 0.6793 0.7339 0.0001
vn 0.6793 -0.7339 0.0001
vn 0.6812 -0.7321 -0.0000
vn -0.6813 -0.7320 -0.0001
vn -1.0000 -0.0000 -0.0005
vn -1.0000 -0.0001 -0.0005
vn -0.6792 0.7339 -0.0001
vn -0.6812 0.7321 -0.0000
vn -0.6812 0.7321 0.0001
vn -0.0001 1.0000 -0.0000
vn 0.0003 -0.0004 1.0000
vn 0.0004 0.0004 1.0000
vn 0.0003 0.0004 1.0000
vn 0.5276 0.1598 -0.8343
vn -0.0000 -0.4664 -0.8846
vn -0.0000 0.4910 -0.8712
vn -0.5276 0.1599 -0.8343
vn -0.5276 -0.1598 -0.8343
vn 0.0001 0.4664 -0.8846
vn -0.0000 -0.4909 -0.8712
vn 0.5276 -0.1598 -0.8343
vn 1.0000 -0.0001 -0.0000
vn -1.0000 -0.0001 -0.0000
vn -0.0000 0.0788 0.9969
vn -0.0000 0.3827 0.9239
vn -0.0000 0.9722 0.2342
vn -0.0000 0.8524 0.5229
vn -0.8596 0.4890 0.1482
vn -0.8596 0.4890 0.1485
vn -0.8596 -0.4890 0.1482
vn -0.8596 -0.4890 0.1485
vn -0.8046 0.5690 0.1698
vn -0.7671 0.6045 0.2147
vn 0.0194 0.9714 0.2366
vn 0.0271 0.9718 0.2344
vn 0.7683 0.6033 0.2140
vn 0.7303 0.6612 0.1718
vn 0.8596 -0.4890 0.1482
vn 0.8596 -0.4890 0.1485
vn 0.8596 0.4890 0.1482
vn 0.8596 0.4890 0.1485
vn 0.8046 -0.5690 0.1698
vn 0.7671 -0.6045 0.2147
vn -0.0195 -0.9714 0.2366
vn -0.0271 -0.9718 0.2344
vn -0.7683 -0.6033 0.2140
vn -0.7303 -0.6612 0.1718
vt 0.545549 3.508963
vt 0.544000 3.509559
vt 0.543219 3.485194
vt 0.541756 3.485194
vt -2.509559 0.355724
vt -2.511113 0.352508
vt -2.485194 0.352508
vt 3.508963 0.355724
vt 3.485194 0.352508
vt 3.510551 0.352508
vt 0.458250 3.485194
vt 0.456006 3.509559
vt 0.456787 3.485194
vt 0.454457 3.508963
vt 3.509559 0.355724
vt 3.511113 0.352508
vt -2.508963 0.355724
vt -2.510551 0.352508
vt 0.544959 0.323021
vt 0.551185 0.334851
vt 0.544959 0.334851
vt 0.454356 0.334851
vt 0.448131 0.334851
vt 0.454356 0.323021
vt 0.442393 0.334851
vt 0.449336 0.323021
vt 0.449336 0.334851
vt 0.557253 0.334851
vt 0.550309 0.334851
vt 0.550309 0.323021
vt 0.448809 0.334851
vt 0.455034 0.323021
vt 0.455034 0.334851
vt 0.551876 0.334851
vt 0.545650 0.334851
vt 0.545650 0.323021
vt 0.550670 0.323021
vt 0.557614 0.334851
vt 0.550670 0.334851
vt 0.449684 0.334851
vt 0.442741 0.334851
vt 0.449684 0.323021
vt 0.440692 0.334851
vt 0.447880 0.323021
vt 0.447880 0.334851
vt 0.559308 0.334851
vt 0.552120 0.334851
vt 0.552120 0.323021
vt 0.448815 0.334851
vt 0.455041 0.323021
vt 0.455041 0.334851
vt 0.551869 0.334851
vt 0.545644 0.334851
vt 0.545644 0.323021
vt 0.550664 0.323021
vt 0.557607 0.334851
vt 0.550664 0.334851
vt 0.449690 0.334851
vt 0.442747 0.334851
vt 0.449690 0.323021
vt 0.552126 0.323021
vt 0.559314 0.334851
vt 0.552126 0.334851
vt 0.447874 0.334851
vt 0.440686 0.334851
vt 0.447874 0.323021
vt 0.544966 0.323021
vt 0.551191 0.334851
vt 0.544966 0.334851
vt 0.454350 0.334851
vt 0.448124 0.334851
vt 0.454350 0.323021
vt 0.442387 0.334851
vt 0.449330 0.323021
vt 0.449330 0.334851
vt 0.557259 0.334851
vt 0.550316 0.334851
vt 0.550316 0.323021
vt 3.593658 0.352508
vt 3.581289 0.352508
vt 3.593658 0.334851
vt 3.581289 0.334851
vt 3.566884 0.352508
vt 3.566884 0.334851
vt 3.551425 0.352508
vt 3.551425 0.334851
vt 3.535967 0.334851
vt 3.535967 0.352508
vt 3.521562 0.334851
vt 3.521562 0.352508
vt 3.510554 0.334851
vt 3.582753 0.334851
vt 3.577940 0.334851
vt 3.582753 0.304539
vt 3.577940 0.304539
vt 3.565150 0.334851
vt 3.565150 0.304539
vt 3.551425 0.304539
vt 3.537700 0.304539
vt 3.537700 0.334851
vt 3.524910 0.304539
vt 3.524910 0.334851
vt 3.519258 0.334851
vt 3.519258 0.304539
vt 3.593658 0.304539
vt 0.457817 0.304539
vt 0.470119 0.304539
vt 0.457817 0.334851
vt 0.470119 0.334851
vt 0.457817 0.352508
vt 0.484445 0.304539
vt 0.470119 0.352508
vt 0.484445 0.334851
vt 0.484445 0.352508
vt 0.499997 0.304539
vt 0.499997 0.334851
vt 0.499997 0.352508
vt 0.515548 0.352508
vt 0.515548 0.334851
vt 0.515548 0.304539
vt 0.529874 0.352508
vt 0.529874 0.334851
vt 0.542176 0.352508
vt 0.529874 0.304539
vt 0.542176 0.334851
vt 0.542176 0.304539
vt 0.541111 0.352508
vt 0.529123 0.352508
vt 0.541111 0.337352
vt 0.529123 0.337352
vt 0.515163 0.352508
vt 0.515163 0.337352
vt 0.500003 0.352508
vt 0.500003 0.337352
vt 0.484844 0.337352
vt 0.484844 0.352508
vt 0.470883 0.337352
vt 0.470883 0.352508
vt 0.458895 0.337352
vt 0.458895 0.352508
vt -2.592581 0.337352
vt -2.580527 0.337352
vt -2.592581 0.352508
vt -2.580527 0.352508
vt -2.566489 0.337352
vt -2.566489 0.352508
vt -2.551425 0.337352
vt -2.551425 0.352508
vt -2.536361 0.352508
vt -2.536361 0.337352
vt -2.522324 0.352508
vt -2.522324 0.337352
vt -2.511113 0.337352
vt 0.541111 3.592581
vt 0.550310 3.580527
vt 0.543487 3.593964
vt 0.553220 3.581209
vt 0.556093 3.566489
vt 0.559339 3.566357
vt 0.558065 3.551425
vt 0.561294 3.551425
vt 0.559339 3.536493
vt 0.556093 3.536361
vt 0.553220 3.521641
vt 0.550310 3.522324
vt 0.541756 3.511113
vt 0.543487 0.355724
vt 0.530803 0.355724
vt 0.516032 0.355724
vt 0.500003 0.355724
vt 0.483974 0.355724
vt 0.469203 0.355724
vt 0.456519 0.355724
vt 0.468395 0.355724
vt 0.483553 0.355724
vt 0.499997 0.355724
vt 0.516441 0.355724
vt 0.531598 0.355724
vt 0.468395 3.605146
vt 0.455379 3.595103
vt 0.470119 3.603150
vt 0.457817 3.593658
vt 0.445392 3.582015
vt 0.448378 3.581289
vt 0.439113 3.566774
vt 0.442444 3.566884
vt 0.437103 3.551425
vt 0.440420 3.551425
vt 0.442444 3.535967
vt 0.439113 3.536076
vt 0.448378 3.521562
vt 0.445392 3.520835
vt 0.456781 3.510551
vt 0.454451 3.508963
vt 0.554608 3.520835
vt 0.560887 3.536076
vt 0.562897 3.551425
vt 0.560887 3.566774
vt 0.554608 3.582015
vt 0.544621 3.595103
vt 0.531605 3.605146
vt 0.530803 3.603750
vt 0.516447 3.611459
vt 0.516032 3.609902
vt 0.500003 3.613612
vt 0.500003 3.612000
vt 0.483974 3.609902
vt 0.483559 3.611459
vt 0.469203 3.603750
vt 0.468402 3.605146
vt 0.456519 3.593964
vt 0.455386 3.595103
vt 0.446786 3.581209
vt 0.445398 3.582015
vt 0.440668 3.566357
vt 0.439119 3.566774
vt 0.438712 3.551425
vt 0.437110 3.551425
vt 0.439119 3.536076
vt 0.440668 3.536494
vt 0.445398 3.520835
vt 0.446786 3.521641
vt 3.469348 0.334851
vt 3.469348 0.304539
vt 0.510826 0.304539
vt 0.510827 0.309834
vt 0.500003 0.304539
vt 0.500003 0.309834
vt 0.489179 0.309834
vt 0.489180 0.304539
vt 0.541542 0.304539
vt 0.510827 0.311853
vt 0.541543 0.334851
vt 0.500003 0.311853
vt 0.500003 0.334851
vt 0.458464 0.334851
vt 0.489179 0.311853
vt 0.458464 0.304539
vt -2.469348 0.311853
vt -2.472063 0.309834
vt -2.469348 0.304539
vt -2.472063 0.304539
vt 0.489173 3.472063
vt 0.489173 3.469348
vt 0.499997 3.472063
vt 0.499997 3.469348
vt 0.510821 3.469348
vt 0.510821 3.472063
vt -2.485194 0.337352
vt 0.543219 0.337352
vt 0.543219 0.352508
vt 0.541756 0.337352
vt 0.541756 0.352508
vt -2.593658 0.352508
vt -2.593658 0.334851
vt -2.581289 0.352508
vt -2.581289 0.334851
vt -2.566884 0.352508
vt -2.566884 0.334851
vt -2.551425 0.352508
vt -2.551425 0.334851
vt -2.535967 0.334851
vt -2.535967 0.352508
vt -2.521562 0.334851
vt -2.521562 0.352508
vt -2.510554 0.334851
vt -2.582753 0.334851
vt -2.582753 0.304539
vt -2.577940 0.334851
vt -2.577940 0.304539
vt -2.565150 0.334851
vt -2.565150 0.304539
vt -2.551425 0.304539
vt -2.537700 0.304539
vt -2.537700 0.334851
vt -2.524910 0.304539
vt -2.524910 0.334851
vt -2.519258 0.334851
vt -2.519258 0.304539
vt -2.593658 0.304539
vt 3.592581 0.337352
vt 3.592581 0.352508
vt 3.580527 0.337352
vt 3.580527 0.352508
vt 3.566489 0.337352
vt 3.566489 0.352508
vt 3.551425 0.337352
vt 3.551425 0.352508
vt 3.536361 0.352508
vt 3.536361 0.337352
vt 3.522324 0.352508
vt 3.522324 0.337352
vt 3.511113 0.337352
vt 0.458895 3.592581
vt 0.449696 3.580527
vt 0.443913 3.566489
vt 0.441941 3.551425
vt 0.443913 3.536361
vt 0.449696 3.522324
vt 0.458250 3.511113
vt 0.531598 3.605146
vt 0.529874 3.603150
vt 0.544614 3.595103
vt 0.542176 3.593658
vt 0.554602 3.582015
vt 0.551616 3.581289
vt 0.560881 3.566774
vt 0.557550 3.566884
vt 0.562890 3.551425
vt 0.559574 3.551425
vt 0.557550 3.535967
vt 0.560881 3.536076
vt 0.551616 3.521562
vt 0.554602 3.520835
vt 0.543213 3.510551
vt 0.545543 3.508963
vt -2.469348 0.334851
vt 3.472063 0.304539
vt 3.472063 0.309834
vt 3.469348 0.311853
vt -2.485194 0.337352
vt -2.485194 0.334851
vt -2.466007 0.337352
vt -2.466007 0.334851
vt 3.485194 0.337352
vt 0.456787 0.337352
vt 0.458250 0.337352
vt 0.456787 0.352508
vt 0.458250 0.352508
vt 3.466007 0.337352
vt 3.466007 0.334851
vt 3.485194 0.337352
vt 3.485194 0.334851
vt 0.543219 0.334851
vt 0.543219 0.337352
vt 0.500003 0.334851
vt 0.500003 0.337352
vt 0.456787 0.337352
vt 0.456787 0.334851
vt 0.566868 0.315854
vt 0.564310 0.317154
vt 0.569037 0.304539
vt 0.561752 0.315854
vt 0.559583 0.304539
vt 0.444458 0.315854
vt 0.442289 0.304539
vt 0.447016 0.317154
vt 0.451743 0.304539
vt 0.449574 0.315854
vt 0.564310 3.574182
vt 0.566868 3.575984
vt 0.563189 3.575793
vt 0.565746 3.577593
vt 3.575984 0.315854
vt 3.577510 0.304539
vt 3.577593 0.315854
vt 3.579121 0.304539
vt -2.570854 0.304539
vt -2.572382 0.315854
vt -2.572464 0.304539
vt -2.573992 0.315854
vt 0.561752 3.572382
vt 0.560631 3.573992
vt -2.588646 0.315854
vt -2.587119 0.304539
vt -2.587035 0.315854
vt -2.585509 0.304539
vt 3.593774 0.304539
vt 3.592248 0.315854
vt 3.592165 0.304539
vt 3.590637 0.315854
vt 0.555542 3.592248
vt 0.552984 3.590446
vt 0.556663 3.590637
vt 0.554105 3.588837
vt 0.550426 3.588646
vt 0.551548 3.587035
vt 0.556663 0.315854
vt 0.551548 0.315854
vt 0.558833 0.304539
vt 0.549378 0.304539
vt 0.439369 0.315854
vt 0.434254 0.315854
vt 0.441539 0.304539
vt 0.432084 0.304539
vt 0.440068 0.304539
vt 0.437899 0.315854
vt 0.430614 0.304539
vt 0.435341 0.317154
vt 0.432783 0.315854
vt 0.550776 0.315854
vt 0.548606 0.304539
vt 0.553333 0.317154
vt 0.558060 0.304539
vt 0.555891 0.315854
vt 0.433904 3.577593
vt 0.432783 3.575984
vt 0.436462 3.575793
vt 0.435341 3.574182
vt -2.579121 0.304539
vt -2.577511 0.304539
vt -2.577593 0.315854
vt -2.575984 0.315854
vt 3.573992 0.315854
vt 3.572382 0.315854
vt 3.572464 0.304539
vt 3.570854 0.304539
vt 0.439020 3.573992
vt 0.437899 3.572382
vt 3.585509 0.304539
vt 3.587119 0.304539
vt 3.587035 0.315854
vt 3.588646 0.315854
vt -2.590637 0.315854
vt -2.592248 0.315854
vt -2.592165 0.304539
vt -2.593774 0.304539
vt 0.445545 3.588837
vt 0.446667 3.590446
vt 0.442988 3.590637
vt 0.444109 3.592248
vt 0.448103 3.587035
vt 0.449224 3.588646
vt 0.450273 0.304539
vt 0.448103 0.315854
vt 0.440818 0.304539
vt 0.442988 0.315854
vt 0.568265 0.304539
vt 0.566096 0.315854
vt 0.558811 0.304539
vt 0.560980 0.315854
vt 0.533980 0.342713
vt 0.533980 0.337352
vt 0.538221 0.342713
vt 0.538221 0.337352
vt 0.535923 3.591733
vt 0.533980 3.589779
vt 0.540164 3.587468
vt 0.538221 3.585515
vt 0.462135 0.337352
vt 0.462135 0.345042
vt 0.457894 0.337352
vt 0.457894 0.345042
vt 0.466020 0.337352
vt 0.466020 0.342713
vt 0.464077 0.345042
vt 0.540164 0.345042
vt 0.542106 0.345042
vt 0.542106 0.337352
vt 0.537865 3.593686
vt 0.542106 3.589422
vt 0.497004 0.342713
vt 0.497004 0.337352
vt 0.503002 0.342713
vt 0.503002 0.337352
vt 0.497004 3.605592
vt 0.497004 3.602830
vt 0.503002 3.605592
vt 0.503002 3.602830
vt 0.502996 0.337352
vt 0.502996 0.345042
vt 0.496998 0.337352
vt 0.496998 0.345042
vt -2.602830 0.337352
vt -2.602830 0.342713
vt -2.608355 0.337352
vt -2.605592 0.345042
vt -2.608355 0.345042
vt 3.602830 0.342713
vt 3.602830 0.337352
vt 3.605592 0.345042
vt 3.608355 0.345042
vt 3.608355 0.337352
vt 0.497004 3.608355
vt 0.503002 3.608355
vt 0.461681 0.342713
vt 0.461681 0.337352
vt 0.465922 0.342713
vt 0.465922 0.337352
vt 0.459739 3.587721
vt 0.461681 3.585768
vt 0.463980 3.591985
vt 0.465922 3.590032
vt 0.542204 0.337352
vt 0.542204 0.345042
vt 0.537963 0.337352
vt 0.537963 0.345042
vt 0.457796 0.337352
vt 0.459739 0.345042
vt 0.457796 0.345042
vt 0.534078 0.342713
vt 0.534078 0.337352
vt 0.536020 0.345042
vt 0.457796 3.589675
vt 0.462037 3.593939
vt -2.577039 0.323021
vt -2.580653 0.334851
vt -2.578232 0.323021
vt -2.581846 0.334851
vt -2.566130 0.334851
vt -2.567460 0.334851
vt -2.564259 0.323021
vt -2.565589 0.323021
vt 3.581846 0.334851
vt 3.580653 0.334851
vt 3.578232 0.323021
vt 3.577039 0.323021
vt 3.565589 0.323021
vt 3.567460 0.334851
vt 3.564259 0.323021
vt 3.566130 0.334851
vt -2.554440 0.337352
vt -2.548410 0.337352
vt -2.554440 0.342713
vt -2.548410 0.342713
vt 0.550948 3.554440
vt 0.550948 3.548410
vt 0.553695 3.554440
vt 0.553695 3.548410
vt 3.554440 0.345042
vt 3.548410 0.345042
vt 3.554440 0.337352
vt 3.548410 0.337352
vt 0.550948 0.337352
vt 0.556443 0.337352
vt 0.550948 0.342713
vt 0.553695 0.345042
vt 0.556443 0.345042
vt 0.449052 0.342713
vt 0.446305 0.345042
vt 0.449052 0.337352
vt 0.443557 0.345042
vt 0.443557 0.337352
vt 0.556443 3.554440
vt 0.556443 3.548410
vt 3.548410 0.342713
vt 3.554440 0.342713
vt 0.448702 3.548410
vt 0.448702 3.554440
vt 0.445955 3.548410
vt 0.445955 3.554440
vt -2.548410 0.345042
vt -2.554440 0.345042
vt 0.551297 0.337352
vt 0.556792 0.337352
vt 0.551298 0.342713
vt 0.554045 0.345042
vt 0.556792 0.345042
vt 0.448702 0.342713
vt 0.445955 0.345042
vt 0.448702 0.337352
vt 0.443208 0.345042
vt 0.443208 0.337352
vt 0.443208 3.548410
vt 0.443208 3.554440
vt -2.550664 0.334851
vt -2.552040 0.334851
vt -2.550664 0.323021
vt -2.552040 0.323021
vt -2.521005 0.334851
vt -2.522197 0.334851
vt -2.524619 0.323021
vt -2.525811 0.323021
vt -2.537261 0.323021
vt -2.535391 0.334851
vt -2.538591 0.323021
vt -2.536721 0.334851
vt 3.552040 0.323021
vt 3.552040 0.334851
vt 3.550664 0.323021
vt 3.550664 0.334851
vt 3.525811 0.323021
vt 3.522197 0.334851
vt 3.524619 0.323021
vt 3.521005 0.334851
vt 3.536721 0.334851
vt 3.535391 0.334851
vt 3.538591 0.323021
vt 3.537261 0.323021
vt 0.459568 0.304539
vt 0.462552 0.304539
vt 0.459568 0.334851
vt 0.462552 0.331852
vt 0.500003 0.334851
vt 0.500003 0.331852
vt 0.537454 0.331852
vt 0.540438 0.334851
vt 0.537454 0.304539
vt 0.540438 0.304539
vt 3.466007 0.304539
vt 3.469348 0.304539
vt 3.466007 0.331852
vt 3.469348 0.331852
vt 0.537448 3.469348
vt 0.499997 3.469348
vt 0.537448 3.466007
vt 0.499997 3.466007
vt 0.462546 3.466007
vt 0.462546 3.469348
vt -2.466007 0.304539
vt -2.469348 0.304539
vt -2.469348 0.334851
vt -2.469348 0.331852
vt -2.469348 0.304539
vt -2.466007 0.331852
vt -2.466007 0.304539
vt 3.469348 0.334851
vt 3.469348 0.304539
vt 3.466007 0.304539
vt 0.495655 0.331852
vt 0.495655 0.326371
vt 0.500003 0.326371
vt 0.504351 0.326371
vt 0.504351 0.331852
vt 0.504345 3.468167
vt 0.499997 3.468167
vt 0.504345 3.467188
vt 0.499997 3.467188
vt 0.495649 3.467188
vt 0.495649 3.468167
vt -2.467188 0.326371
vt -2.467188 0.331852
vt -2.468167 0.326370
vt -2.468167 0.331852
vt 3.467188 0.331852
vt 3.467188 0.326371
vt 3.468167 0.331852
vt 3.468167 0.326370
vt 0.499540 0.327498
vt 0.498565 0.329195
vt 0.461787 0.305595
vt 0.460812 0.307292
vt 0.538213 3.466586
vt 0.538213 3.468769
vt 0.500461 3.466586
vt 0.500461 3.468769
vt 0.460812 3.466586
vt 0.498565 3.466586
vt 0.460812 3.468769
vt 0.498565 3.468769
vt 3.468769 0.329195
vt 3.466586 0.329195
vt 3.468769 0.327498
vt 3.466586 0.327498
vt 0.539194 0.307292
vt 0.501441 0.329195
vt 0.538219 0.305595
vt 0.500467 0.327498
vt 0.499533 3.468769
vt 0.461781 3.468769
vt 0.499533 3.466586
vt 0.461781 3.466586
vt 0.501441 3.468769
vt 0.501441 3.466586
vt 0.539194 3.468769
vt 0.539194 3.466586
vt -2.466586 0.327498
vt -2.466586 0.329195
vt -2.468769 0.327498
vt -2.468769 0.329195
vt 0.540577 0.304539
vt 0.543219 0.304538
vt 0.540577 0.334851
vt 0.543219 0.334851
vt 3.481813 0.304538
vt 3.482692 0.304539
vt 3.481813 0.334851
vt 3.482692 0.334851
vt 0.456781 0.304539
vt 0.459423 0.304539
vt 0.456781 0.334851
vt 0.459423 0.334851
vt 0.540577 0.304538
vt 0.543219 0.304538
vt 0.540577 0.334851
vt 0.543219 0.334851
vt 3.472848 0.304538
vt 3.473727 0.304538
vt 3.472848 0.334851
vt 3.473727 0.334851
vt 0.456781 0.304538
vt 0.459423 0.304539
vt 0.456781 0.334851
vt 0.456781 3.482692
vt 0.456781 3.481813
vt 0.459423 3.482692
vt 0.459423 3.481813
vt 0.456781 3.473727
vt 0.456781 3.472848
vt 0.459423 3.473727
vt 0.459423 3.472848
vt 0.456787 0.334851
vt 0.456787 0.304538
vt 0.459429 0.334851
vt 0.459429 0.304538
vt -2.482692 0.334851
vt -2.482692 0.304538
vt -2.481813 0.334851
vt -2.481813 0.304538
vt 0.540571 0.334851
vt 0.540571 0.304538
vt 0.543213 0.334851
vt 0.543213 0.304538
vt 0.456787 0.334851
vt 0.456787 0.304538
vt 0.459429 0.334851
vt -2.473727 0.334851
vt -2.473727 0.304538
vt -2.472848 0.334851
vt -2.472848 0.304538
vt 0.540570 0.334851
vt 0.540570 0.304538
vt 0.543213 0.334851
vt 0.543213 0.304538
vt 0.540571 3.481813
vt 0.543213 3.481813
vt 0.540571 3.482692
vt 0.543213 3.482692
vt 0.540571 3.472848
vt 0.543213 3.472848
vt 0.540570 3.473727
vt 0.543213 3.473727
vt 0.452947 0.328472
vt 0.452257 0.324923
vt 0.455016 0.330602
vt 0.458464 0.304539
vt 0.458464 0.331312
vt 0.452257 0.304539
vt -2.515449 0.330602
vt -2.515449 0.328472
vt -2.506328 0.330602
vt -2.506328 0.328472
vt -2.515449 0.324923
vt -2.506328 0.324923
vt -2.506328 0.304539
vt -2.515449 0.304539
vt 0.458464 3.515449
vt 0.455016 3.515449
vt 0.458464 3.506328
vt 0.455016 3.506328
vt 0.544984 0.330602
vt 0.541536 0.331312
vt 0.547053 0.328472
vt 0.547743 0.324923
vt 0.547743 0.304539
vt 0.541536 0.304539
vt 0.547749 0.304539
vt 0.547749 0.324923
vt 0.541542 0.304539
vt 0.544990 0.330602
vt 0.541542 0.331312
vt 0.547059 0.328472
vt 3.515449 0.330602
vt 3.506328 0.330602
vt 3.515449 0.328472
vt 3.506328 0.328472
vt 3.515449 0.324923
vt 3.506328 0.324923
vt 3.506328 0.304539
vt 3.515449 0.304539
vt 0.544990 3.506328
vt 0.544990 3.515449
vt 0.541542 3.506328
vt 0.541542 3.515449
vt 0.455010 0.330602
vt 0.452941 0.328472
vt 0.458458 0.331312
vt 0.452251 0.324923
vt 0.452251 0.304539
vt 0.458458 0.304539
vt 0.492256 0.304539
vt 0.507738 0.304539
vt 0.492256 0.343156
vt 0.507738 0.343156
vt 3.485194 0.343156
vt 3.475785 0.343156
vt 3.485194 0.304539
vt 3.475785 0.304539
vt 0.492262 3.485194
vt 0.492262 3.475785
vt 0.507744 3.485194
vt 0.507744 3.475785
vt -2.485194 0.304539
vt -2.475785 0.304539
vt -2.485194 0.343156
vt -2.475785 0.343156
vt 0.507744 0.304539
vt 0.507744 0.343156
vt 0.492262 0.304539
vt 0.492262 0.343156
vt 0.490070 3.473316
vt 0.490070 3.476779
vt 0.482499 3.473316
vt 0.482499 3.476779
vt 0.490070 3.480855
vt 0.482499 3.480855
vt 0.509930 0.357305
vt 0.509930 0.352700
vt 0.517501 0.357305
vt 0.517501 0.352700
vt 0.509930 0.347463
vt 0.517501 0.347463
vt 0.517501 0.337352
vt 0.509930 0.337352
vt -2.474291 0.348731
vt -2.473316 0.361982
vt -2.476779 0.360722
vt -2.480855 0.357305
vt -2.483515 0.352700
vt -2.484439 0.347463
vt -2.476540 0.347463
vt -2.476540 0.337352
vt -2.484439 0.337352
vt 3.474291 0.348731
vt 3.476779 0.360722
vt 3.473316 0.361982
vt 3.480855 0.357305
vt 3.483515 0.352700
vt 3.476540 0.347463
vt 3.484439 0.347463
vt 3.484439 0.337352
vt 3.476540 0.337352
vt 0.509930 3.476540
vt 0.509930 3.474291
vt 0.517501 3.476540
vt 0.517501 3.474291
vt 0.482499 0.337352
vt 0.490070 0.337352
vt 0.482499 0.347463
vt 0.490070 0.347463
vt 0.509179 0.346576
vt 0.518252 0.346576
vt 0.509179 0.348085
vt 0.518252 0.348085
vt 0.481748 3.485194
vt 0.481748 3.475785
vt 0.490820 3.485194
vt 0.490820 3.475785
vt 3.475785 0.346576
vt 3.485194 0.346576
vt 3.475785 0.348085
vt 3.485194 0.348085
vt 0.481748 0.346576
vt 0.490820 0.346576
vt 0.481748 0.348085
vt 0.490820 0.348085
vt 0.518252 3.485194
vt 0.509179 3.485194
vt 0.518252 3.475785
vt 0.509179 3.475785
vt -2.485194 0.346576
vt -2.475785 0.346576
vt -2.485194 0.348085
vt -2.475785 0.348085
vt 0.509179 0.337352
vt 0.518252 0.337352
vt 0.509179 0.338861
vt 0.518252 0.338861
vt 3.475785 0.337352
vt 3.485194 0.337352
vt 3.475785 0.338861
vt 3.485194 0.338861
vt 0.481748 0.337352
vt 0.490820 0.337352
vt 0.481748 0.338861
vt 0.490820 0.338861
vt -2.485194 0.337352
vt -2.475785 0.337352
vt -2.485194 0.338861
vt -2.475785 0.338861
vt 0.509937 3.473316
vt 0.517507 3.473316
vt 0.509937 3.476779
vt 0.517507 3.476779
vt 0.509937 3.480855
vt 0.517507 3.480855
vt 0.490063 0.357305
vt 0.482493 0.357305
vt 0.490063 0.352700
vt 0.482493 0.352700
vt 0.490063 0.347463
vt 0.482493 0.347463
vt 0.482493 0.337352
vt 0.490063 0.337352
vt 0.482493 3.474291
vt 0.490063 3.474291
vt 0.482493 3.476540
vt 0.490063 3.476540
vt 0.509937 0.347463
vt 0.509937 0.337352
vt 0.517507 0.347463
vt 0.517507 0.337352
vt 0.481742 0.348085
vt 0.481742 0.346576
vt 0.490814 0.348085
vt 0.490814 0.346576
vt 0.509186 3.475785
vt 0.518258 3.475785
vt 0.509186 3.485194
vt 0.518258 3.485194
vt -2.485194 0.348085
vt -2.485194 0.346576
vt 0.509186 0.348085
vt 0.509186 0.346576
vt 0.518258 0.348085
vt 0.518258 0.346576
vt 0.490814 3.475785
vt 0.490814 3.485194
vt 0.481742 3.475785
vt 0.481742 3.485194
vt 0.481742 0.338861
vt 0.481742 0.337352
vt 0.490814 0.338861
vt 0.490814 0.337352
vt -2.485194 0.338861
vt -2.485194 0.337352
vt 0.509186 0.338861
vt 0.509186 0.337352
vt 0.518258 0.338861
vt 0.518258 0.337352
vt 0.495464 0.337352
vt 0.504531 0.337352
vt 0.495464 0.347189
vt 0.504531 0.347189
vt 3.473361 0.347189
vt 3.467676 0.347189
vt 3.473361 0.337352
vt 3.467676 0.337352
vt 0.495469 3.473361
vt 0.495469 3.467676
vt 0.504536 3.473361
vt 0.504536 3.467676
vt -2.473361 0.337352
vt -2.467676 0.337352
vt -2.473361 0.347189
vt -2.467676 0.347189
vt 0.504536 0.337352
vt 0.504536 0.347189
vt 0.495469 0.337352
vt 0.495469 0.347189
vt -2.524349 0.342744
vt -2.535695 0.343736
vt -2.524581 0.341962
vt -2.535875 0.342950
vt -2.524466 0.341180
vt -2.551355 0.345105
vt -2.535818 0.342173
vt -2.551424 0.344309
vt -2.567014 0.346474
vt -2.551491 0.343543
vt -2.566973 0.345669
vt -2.581606 0.347750
vt -2.567164 0.344914
vt -2.581462 0.346935
vt -2.594138 0.348846
vt -2.581769 0.346191
vt -2.593905 0.348023
vt -2.594311 0.347287
vt 0.554467 3.524003
vt 0.559186 3.535458
vt 0.553634 3.524349
vt 0.558308 3.535695
vt 0.561267 3.551352
vt 0.560358 3.551355
vt 0.559186 3.567246
vt 0.558308 3.567014
vt 0.553084 3.582057
vt 0.552297 3.581606
vt 0.543377 3.594777
vt 0.542734 3.594138
vt 0.530726 3.604538
vt 0.530271 3.603754
vt 0.515992 3.610675
vt 0.515756 3.609799
vt 0.505254 3.611173
vt 0.505333 3.612070
vt 3.524119 0.341180
vt 3.535581 0.342183
vt 3.523888 0.341962
vt 3.535401 0.342969
vt 3.524003 0.342744
vt 3.551489 0.343573
vt 3.535458 0.343745
vt 3.551419 0.344369
vt 3.567396 0.344964
vt 3.551352 0.345135
vt 3.567437 0.345770
vt 3.582220 0.346260
vt 3.567246 0.346525
vt 3.582364 0.347075
vt 3.594951 0.347374
vt 3.582057 0.347820
vt 3.595184 0.348196
vt 3.594777 0.348932
vt 0.446318 3.524466
vt 0.441641 3.535818
vt 0.445485 3.524119
vt 0.440764 3.535581
vt 0.439589 3.551491
vt 0.438681 3.551489
vt 0.441641 3.567164
vt 0.440764 3.567396
vt 0.447658 3.581769
vt 0.446870 3.582220
vt 0.457229 3.594311
vt 0.456585 3.594951
vt 0.469703 3.603936
vt 0.469247 3.604721
vt 0.484230 3.609986
vt 0.483995 3.610863
vt 0.494663 3.612259
vt 0.494741 3.611362
vt 0.542734 0.348846
vt 0.530271 0.349686
vt 0.542431 0.348023
vt 0.530056 0.348858
vt 0.542771 0.347287
vt 0.530297 0.348129
vt 0.515756 0.350215
vt 0.515645 0.349383
vt 0.515770 0.348658
vt 0.505217 0.349502
vt 0.505254 0.350335
vt 0.505259 0.348778
vt 0.456585 0.347374
vt 0.469247 0.348228
vt 0.456282 0.348196
vt 0.469033 0.349056
vt 0.456623 0.348932
vt 0.469274 0.349785
vt 0.483995 0.348765
vt 0.483884 0.349597
vt 0.484008 0.350322
vt 0.494626 0.349720
vt 0.494663 0.348887
vt 0.494667 0.350444
vt 0.553682 0.341180
vt 0.554515 0.341180
vt 0.553242 0.341962
vt 0.554907 0.341962
vt 0.554467 0.342744
vt 0.553634 0.342744
vt -2.611173 0.350335
vt -2.611362 0.348778
vt -2.610819 0.349502
vt -2.612259 0.348887
vt -2.612070 0.350444
vt -2.612613 0.349720
vt 3.524349 0.342744
vt 3.524581 0.341962
vt 3.535695 0.343736
vt 3.535875 0.342950
vt 3.524466 0.341180
vt 3.551355 0.345105
vt 3.535818 0.342173
vt 3.551424 0.344309
vt 3.567014 0.346474
vt 3.551491 0.343543
vt 3.566973 0.345669
vt 3.581606 0.347750
vt 3.567164 0.344914
vt 3.581462 0.346935
vt 3.594138 0.348846
vt 3.581769 0.346191
vt 3.593905 0.348023
vt 3.594311 0.347287
vt 0.445539 3.524003
vt 0.446372 3.524349
vt 0.440821 3.535458
vt 0.441698 3.535695
vt 0.438740 3.551352
vt 0.439648 3.551355
vt 0.440821 3.567246
vt 0.441698 3.567014
vt 0.446922 3.582057
vt 0.447710 3.581606
vt 0.456629 3.594777
vt 0.457272 3.594138
vt 0.469280 3.604538
vt 0.469736 3.603754
vt 0.484015 3.610675
vt 0.484250 3.609799
vt 0.494752 3.611173
vt 0.494674 3.612070
vt -2.524120 0.341180
vt -2.523888 0.341962
vt -2.535581 0.342183
vt -2.535401 0.342969
vt -2.524003 0.342744
vt -2.551489 0.343573
vt -2.535458 0.343745
vt -2.551419 0.344369
vt -2.567396 0.344964
vt -2.551352 0.345135
vt -2.567437 0.345770
vt -2.582220 0.346260
vt -2.567246 0.346525
vt -2.582364 0.347075
vt -2.594951 0.347374
vt -2.582057 0.347820
vt -2.595184 0.348196
vt -2.594777 0.348932
vt 0.553676 3.524466
vt 0.554509 3.524120
vt 0.558353 3.535818
vt 0.559230 3.535581
vt 0.560405 3.551491
vt 0.561313 3.551489
vt 0.558352 3.567164
vt 0.559230 3.567396
vt 0.552336 3.581769
vt 0.553123 3.582220
vt 0.542765 3.594311
vt 0.543408 3.594951
vt 0.530291 3.603936
vt 0.530746 3.604721
vt 0.515763 3.609986
vt 0.515999 3.610863
vt 0.505331 3.612259
vt 0.505252 3.611362
vt 0.457272 0.348846
vt 0.457576 0.348023
vt 0.469736 0.349686
vt 0.469950 0.348858
vt 0.457235 0.347287
vt 0.469709 0.348129
vt 0.484250 0.350215
vt 0.484361 0.349383
vt 0.484237 0.348658
vt 0.494789 0.349502
vt 0.494752 0.350335
vt 0.494748 0.348778
vt 0.543408 0.347374
vt 0.543711 0.348196
vt 0.530746 0.348228
vt 0.530961 0.349056
vt 0.543371 0.348932
vt 0.530720 0.349785
vt 0.515999 0.348765
vt 0.516110 0.349597
vt 0.515985 0.350322
vt 0.505368 0.349720
vt 0.505331 0.348887
vt 0.505326 0.350444
vt 0.446324 0.341180
vt 0.446764 0.341962
vt 0.445491 0.341180
vt 0.445099 0.341962
vt 0.445539 0.342744
vt 0.446372 0.342744
vt 3.611362 0.348778
vt 3.611173 0.350335
vt 3.610819 0.349502
vt 3.612259 0.348887
vt 3.612070 0.350444
vt 3.612613 0.349720
vt 0.483078 0.361403
vt 0.489491 0.361403
vt 0.482499 0.361982
vt 0.490070 0.361982
vt 0.482499 0.348731
vt 0.489491 0.349310
vt 0.483078 0.349310
vt 0.490070 0.348731
vt 0.509937 0.361982
vt 0.510515 0.361403
vt 0.517507 0.361982
vt 0.516929 0.361403
vt 0.510515 0.349310
vt 0.517507 0.348731
vt 0.509937 0.348731
vt 0.516929 0.349310
vt 0.457817 3.582753
vt 0.454145 3.577940
vt 0.448876 3.565150
vt 0.447079 3.551425
vt 0.448876 3.537700
vt 0.454145 3.524910
vt 0.458458 3.519258
vt 0.456781 3.510554
vt 0.458457 3.469348
vt 0.456781 3.485194
vt 0.456781 3.466007
vt 0.499997 3.466007
vt 0.499997 3.469348
vt 0.541536 3.469348
vt 0.543213 3.466007
vt 0.543213 3.485194
vt 0.541536 3.519258
vt 0.543213 3.510554
vt 0.542176 3.582753
vt 0.545849 3.577940
vt 0.551118 3.565150
vt 0.552915 3.551425
vt 0.551118 3.537700
vt 0.545849 3.524910
vt 0.500003 3.551425
vt 0.529123 3.601831
vt 0.515163 3.607645
vt 0.500003 3.609628
vt 0.484844 3.607645
vt 0.470883 3.601831
vt 0.543219 3.466007
vt 0.500003 3.485194
vt 0.500003 3.466007
vt 0.456787 3.466007
vt 3.615782 0.350875
vt 3.611965 0.349587
vt 3.615782 0.348298
vt -2.615782 0.348298
vt -2.611965 0.349587
vt -2.615782 0.350875
vt 0.559271 3.574636
vt 0.562440 3.576868
vt 0.551685 3.585531
vt 0.554854 3.587762
vt 0.565609 3.579098
vt 0.558022 3.589993
vt -2.585531 0.316604
vt -2.584607 0.312717
vt -2.574636 0.316604
vt -2.573713 0.312717
vt -2.585531 0.308829
vt -2.574636 0.308829
vt 0.448315 3.585531
vt 0.445146 3.587762
vt 0.440728 3.574636
vt 0.437560 3.576868
vt 0.441978 3.589993
vt 0.434391 3.579098
vt 3.589993 0.308829
vt 3.590917 0.312717
vt 3.579098 0.308829
vt 3.580022 0.312717
vt 3.589993 0.316604
vt 3.579098 0.316604
vt 0.563189 0.319370
vt 0.559353 0.317421
vt 0.567024 0.317421
vt 0.567024 0.308012
vt 0.568613 0.312717
vt 0.559353 0.308012
vt 0.557765 0.312717
vt 0.563189 0.306063
vt 0.449730 0.317421
vt 0.445895 0.319370
vt 0.451319 0.312717
vt 0.445895 0.306063
vt 0.449730 0.308012
vt 0.440471 0.312717
vt 0.442059 0.317421
vt 0.442059 0.308012
vt 0.566275 3.579568
vt 0.567024 3.578493
vt 0.558605 3.574167
vt 0.559353 3.573092
vt 3.578493 0.317421
vt 3.579612 0.312717
vt 3.579568 0.317421
vt 3.580687 0.312717
vt 3.578493 0.308012
vt 3.579568 0.308012
vt 0.432976 3.578493
vt 0.436811 3.575793
vt 0.433724 3.579568
vt 0.440647 3.573092
vt 0.441395 3.574167
vt -2.573092 0.308012
vt -2.571974 0.312717
vt -2.574167 0.308012
vt -2.573048 0.312717
vt -2.573092 0.317421
vt -2.574167 0.317421
vt -2.586136 0.317421
vt -2.585018 0.312717
vt -2.585061 0.317421
vt -2.583943 0.312717
vt -2.586136 0.308012
vt -2.585061 0.308012
vt 0.449730 3.586136
vt 0.445895 3.588837
vt 0.448982 3.585061
vt 0.445146 3.587762
vt 0.442059 3.591536
vt 0.441311 3.590461
vt 3.591536 0.308012
vt 3.592655 0.312717
vt 3.590461 0.308012
vt 3.591581 0.312717
vt 3.591536 0.317421
vt 3.590461 0.317421
vt 0.557941 3.591536
vt 0.554105 3.588837
vt 0.558689 3.590461
vt 0.554854 3.587762
vt 0.550270 3.586136
vt 0.551018 3.585061
vt 0.437560 0.319370
vt 0.433725 0.317421
vt 0.441395 0.317421
vt 0.441395 0.308012
vt 0.442984 0.312717
vt 0.433724 0.308012
vt 0.432136 0.312717
vt 0.437560 0.306063
vt 0.551018 0.317421
vt 0.549430 0.312717
vt 0.554854 0.319370
vt 0.560278 0.312717
vt 0.558689 0.317421
vt 0.554854 0.306063
vt 0.551018 0.308012
vt 0.558689 0.308012
vt 0.440379 3.574636
vt 0.447966 3.585531
vt 0.437211 3.576868
vt 0.444797 3.587762
vt 0.434042 3.579098
vt 0.441628 3.589993
vt 3.585531 0.316604
vt 3.574636 0.316604
vt 3.584607 0.312717
vt 3.573713 0.312717
vt 3.585531 0.308829
vt 3.574636 0.308829
vt 0.552034 3.585531
vt 0.559621 3.574636
vt 0.555203 3.587762
vt 0.562789 3.576868
vt 0.558372 3.589993
vt 0.565958 3.579098
vt -2.589993 0.308829
vt -2.579098 0.308829
vt -2.590917 0.312717
vt -2.580022 0.312717
vt -2.589993 0.316604
vt -2.579098 0.316604
vt 0.431038 0.312717
vt 0.432627 0.308012
vt 0.432627 0.317421
vt 0.440297 0.317421
vt 0.436462 0.319370
vt 0.440297 0.308012
vt 0.436462 0.306063
vt 0.441886 0.312717
vt 0.550619 0.308012
vt 0.554454 0.306063
vt 0.549030 0.312717
vt 0.554455 0.319370
vt 0.550619 0.317421
vt 0.559878 0.312717
vt 0.558290 0.308012
vt 0.558290 0.317421
vt 0.433375 3.579568
vt 0.432627 3.578493
vt 0.436462 3.575793
vt 0.441046 3.574167
vt 0.440297 3.573092
vt -2.578493 0.317421
vt -2.579568 0.317421
vt -2.579612 0.312717
vt -2.580687 0.312717
vt -2.578493 0.308012
vt -2.579568 0.308012
vt 0.567373 3.578493
vt 0.566625 3.579568
vt 0.563538 3.575793
vt 0.562789 3.576868
vt 0.559703 3.573092
vt 0.558954 3.574167
vt 3.573092 0.308012
vt 3.574167 0.308012
vt 3.571974 0.312717
vt 3.573048 0.312717
vt 3.573092 0.317421
vt 3.574167 0.317421
vt 3.586136 0.317421
vt 3.585061 0.317421
vt 3.585018 0.312717
vt 3.583943 0.312717
vt 3.586136 0.308012
vt 3.585061 0.308012
vt 0.550619 3.586136
vt 0.551368 3.585061
vt 0.554454 3.588837
vt 0.555203 3.587762
vt 0.558290 3.591536
vt 0.559038 3.590461
vt -2.591536 0.308012
vt -2.590461 0.308012
vt -2.592655 0.312717
vt -2.591581 0.312717
vt -2.591536 0.317421
vt -2.590461 0.317421
vt 0.441710 3.591536
vt 0.440962 3.590461
vt 0.445545 3.588837
vt 0.444797 3.587762
vt 0.449381 3.586136
vt 0.448632 3.585061
vt 0.557365 0.312717
vt 0.558954 0.308012
vt 0.558954 0.317421
vt 0.566625 0.317421
vt 0.562789 0.319370
vt 0.566625 0.308012
vt 0.562789 0.306063
vt 0.568213 0.312717
vt 0.440962 0.317421
vt 0.439373 0.312717
vt 0.444797 0.319370
vt 0.450221 0.312717
vt 0.448632 0.317421
vt 0.444797 0.306063
vt 0.440962 0.308012
vt 0.448632 0.308012
vt 0.497783 3.615782
vt 0.500003 3.611965
vt 0.500003 3.615782
vt 0.502223 3.615782
vt 0.497777 3.615782
vt 0.499997 3.611965
vt 0.499997 3.615782
vt 0.502217 3.615782
vt 0.540868 3.473727
vt 0.542928 3.473727
vt 0.540868 3.481813
vt 0.542928 3.481813
vt 3.473727 0.327778
vt 3.473727 0.327022
vt 3.481813 0.327778
vt 3.481813 0.327022
vt 0.457072 3.473727
vt 0.459132 3.473727
vt 0.457072 3.481813
vt 0.459132 3.481813
vt 3.473727 0.322989
vt 3.473727 0.322233
vt 3.481813 0.322989
vt 3.481813 0.322233
vt 0.542928 3.481813
vt 3.473727 0.318201
vt 3.473727 0.317444
vt 3.481813 0.318201
vt 3.481813 0.317444
vt 0.459132 3.473727
vt 3.473727 0.313412
vt 3.473727 0.312656
vt 3.481813 0.313412
vt 3.481813 0.312656
vt 3.473727 0.308623
vt 3.473727 0.307867
vt 3.481813 0.308623
vt 3.481813 0.307867
vt 0.457072 3.473727
vt 3.473727 0.332567
vt 3.473727 0.331810
vt 3.481813 0.332567
vt 3.481813 0.331810
vt 0.457078 3.481813
vt 0.457078 3.473727
vt 0.459138 3.481813
vt 0.459138 3.473727
vt -2.481813 0.327022
vt -2.473727 0.327022
vt -2.481813 0.327778
vt -2.473727 0.327778
vt 0.540862 3.481813
vt 0.540862 3.473727
vt 0.542922 3.481813
vt 0.542922 3.473727
vt -2.481813 0.322233
vt -2.473727 0.322233
vt -2.481813 0.322989
vt -2.473727 0.322989
vt 0.457078 3.481813
vt -2.481813 0.317444
vt -2.473727 0.317444
vt -2.481813 0.318201
vt -2.473727 0.318201
vt 0.540862 3.473727
vt -2.481813 0.312656
vt -2.473727 0.312656
vt -2.481813 0.313412
vt -2.473727 0.313412
vt -2.481813 0.307867
vt -2.473727 0.307867
vt -2.481813 0.308623
vt -2.473727 0.308623
vt -2.481813 0.331810
vt -2.473727 0.331810
vt -2.481813 0.332567
vt -2.473727 0.332567
vt 0.483078 0.357039
vt 0.489491 0.357039
vt 0.516922 3.480477
vt 0.510509 3.480477
vt 0.516922 3.473359
vt 0.510509 3.473359
vt -2.480477 0.357039
vt -2.483680 0.349310
vt -2.473359 0.361403
vt -2.474249 0.349310
vt 0.489491 3.483680
vt 0.483078 3.483680
vt 0.489491 3.474249
vt 0.483078 3.474249
vt 3.483680 0.349310
vt 3.480477 0.357039
vt 3.474249 0.349310
vt 3.473359 0.361403
vt 0.510515 0.357039
vt 0.516929 0.357039
vt 0.489485 3.473359
vt 0.489485 3.480477
vt 0.483071 3.473359
vt 0.483071 3.480477
vt 0.516929 3.474249
vt 0.516929 3.483680
vt 0.510515 3.474249
vt 0.510515 3.483680
vt -2.610667 0.350363
vt -2.615782 0.350875
vt -2.610667 0.348810
vt -2.615782 0.348298
vt 0.498664 3.610667
vt 0.500003 3.610667
vt 0.502223 3.615782
vt 0.501342 3.610667
vt 3.610667 0.348810
vt 3.615782 0.348298
vt 3.610667 0.350363
vt 3.615782 0.350875
vt 0.497777 3.615782
vt 0.498658 3.610667
vt 0.499997 3.610667
vt 0.501336 3.610667
s 1
g Deruyter_Barbette_A_mod_steel_4
usemtl steel_4
f 3/1/1 2/2/1 1/3/1
f 6/4/2 5/3/2 4/2/2
f 9/5/3 8/6/3 7/7/3
f 12/8/4 11/9/4 10/10/4
f 15/11/2 14/12/2 13/13/2
f 18/14/5 17/13/5 16/12/5
f 21/15/6 20/9/6 19/16/6
f 24/7/7 23/17/7 22/18/7
f 27/19/8 26/20/8 25/21/8
f 30/22/9 29/23/9 28/24/9
f 33/25/10 32/26/10 31/27/10
f 36/28/11 35/29/11 34/30/11
f 39/31/12 38/32/12 37/33/12
f 42/34/13 41/35/13 40/36/13
f 45/37/14 44/38/14 43/39/14
f 48/40/15 47/41/15 46/42/15
f 51/43/16 50/44/16 49/45/16
f 54/46/17 53/47/17 52/48/17
f 57/49/13 56/50/13 55/51/13
f 60/52/12 59/53/12 58/54/12
f 63/55/15 62/56/15 61/57/15
f 66/58/14 65/59/14 64/60/14
f 69/61/16 68/62/16 67/63/16
f 72/64/17 71/65/17 70/66/17
f 75/67/9 74/68/9 73/69/9
f 78/70/8 77/71/8 76/72/8
f 81/73/11 80/74/11 79/75/11
f 84/76/10 83/77/10 82/78/10
f 87/79/18 86/80/19 85/81/20
f 88/82/19 85/81/20 86/80/19
f 86/80/19 89/83/21 88/82/19
f 90/84/21 88/82/19 89/83/21
f 89/83/21 91/85/22 90/84/21
f 92/86/22 90/84/21 91/85/22
f 92/86/22 91/85/22 93/87/23
f 94/88/23 93/87/23 91/85/22
f 93/87/23 94/88/23 95/89/24
f 96/90/24 95/89/24 94/88/23
f 96/90/24 97/10/25 95/89/24
f 98/91/26 95/89/24 97/10/25
f 101/92/27 100/93/19 99/94/27
f 102/95/19 99/94/27 100/93/19
f 100/93/19 103/96/21 102/95/19
f 104/97/21 102/95/19 103/96/21
f 103/96/21 105/86/22 104/97/21
f 106/98/22 104/97/21 105/86/22
f 106/98/22 105/86/22 107/99/23
f 108/100/23 107/99/23 105/86/22
f 107/99/23 108/100/23 109/101/24
f 110/102/24 109/101/24 108/100/23
f 110/102/24 111/103/28 109/101/24
f 112/104/29 109/101/24 111/103/28
f 115/105/22 114/81/22 113/94/22
f 116/92/22 113/94/22 114/81/22
f 119/106/30 118/107/8 117/108/31
f 120/109/8 117/108/31 118/107/8
f 117/108/31 120/109/8 121/110/18
f 118/107/8 122/111/32 120/109/8
f 123/112/8 121/110/18 120/109/8
f 124/113/32 120/109/8 122/111/32
f 120/109/8 124/113/32 123/112/8
f 125/114/32 123/112/8 124/113/32
f 122/111/32 126/115/17 124/113/32
f 124/113/32 127/116/17 125/114/32
f 127/116/17 124/113/32 126/115/17
f 128/117/17 125/114/32 127/116/17
f 128/117/17 127/116/17 129/118/33
f 127/116/17 126/115/17 130/119/33
f 130/119/33 129/118/33 127/116/17
f 131/120/33 130/119/33 126/115/17
f 129/118/33 130/119/33 132/121/12
f 130/119/33 131/120/33 133/122/12
f 133/122/12 132/121/12 130/119/33
f 132/121/12 133/122/12 134/123/34
f 135/124/12 133/122/12 131/120/33
f 136/125/35 134/123/34 133/122/12
f 133/122/12 135/124/12 136/125/35
f 137/126/36 136/125/35 135/124/12
f 140/127/37 139/128/9 138/129/37
f 141/130/9 138/129/37 139/128/9
f 139/128/9 142/131/38 141/130/9
f 143/132/38 141/130/9 142/131/38
f 142/131/38 144/133/16 143/132/38
f 145/134/16 143/132/38 144/133/16
f 145/134/16 144/133/16 146/135/39
f 147/136/39 146/135/39 144/133/16
f 146/135/39 147/136/39 148/137/13
f 149/138/13 148/137/13 147/136/39
f 148/137/13 149/138/13 150/139/40
f 151/140/40 150/139/40 149/138/13
f 154/141/37 153/142/41 152/143/37
f 155/144/41 152/143/37 153/142/41
f 153/142/41 156/145/42 155/144/41
f 157/146/42 155/144/41 156/145/42
f 156/145/42 158/147/43 157/146/42
f 159/148/43 157/146/42 158/147/43
f 159/148/43 158/147/43 160/149/44
f 161/150/44 160/149/44 158/147/43
f 160/149/44 161/150/44 162/151/45
f 163/152/45 162/151/45 161/150/44
f 162/151/45 163/152/45 164/6/46
f 165/153/46 164/6/46 163/152/45
f 168/154/47 167/155/48 166/156/49
f 169/157/50 166/156/49 167/155/48
f 167/155/48 170/158/51 169/157/50
f 171/159/52 169/157/50 170/158/51
f 170/158/51 172/160/53 171/159/52
f 173/161/53 171/159/52 172/160/53
f 173/161/53 172/160/53 174/162/54
f 175/163/55 174/162/54 172/160/53
f 174/162/54 175/163/55 176/164/56
f 177/165/57 176/164/56 175/163/55
f 176/164/56 177/165/57 178/2/58
f 179/166/58 178/2/58 177/165/57
f 182/167/59 181/168/60 180/127/61
f 183/128/62 180/127/61 181/168/60
f 181/168/60 184/169/63 183/128/62
f 185/131/64 183/128/62 184/169/63
f 184/169/63 186/170/65 185/131/64
f 187/133/66 185/131/64 186/170/65
f 187/133/66 186/170/65 188/136/67
f 189/171/68 188/136/67 186/170/65
f 188/136/67 189/171/68 190/138/69
f 191/172/70 190/138/69 189/171/68
f 190/138/69 191/172/70 192/140/71
f 193/173/72 192/140/71 191/172/70
f 196/112/73 195/114/74 194/174/75
f 197/175/76 194/174/75 195/114/74
f 195/114/74 198/117/77 197/175/76
f 199/176/77 197/175/76 198/117/77
f 199/176/77 198/117/77 200/177/78
f 201/118/79 200/177/78 198/117/77
f 200/177/78 201/118/79 202/178/80
f 203/121/81 202/178/80 201/118/79
f 206/179/82 205/180/83 204/181/84
f 207/182/85 204/181/84 205/180/83
f 205/180/83 208/183/86 207/182/85
f 209/184/87 207/182/85 208/183/86
f 208/183/86 210/185/88 209/184/87
f 211/186/89 209/184/87 210/185/88
f 210/185/88 212/187/90 211/186/89
f 213/188/90 211/186/89 212/187/90
f 213/188/90 212/187/90 214/189/91
f 215/190/92 214/189/91 212/187/90
f 214/189/91 215/190/92 216/191/93
f 217/192/94 216/191/93 215/190/92
f 216/191/93 217/192/94 218/193/95
f 219/194/95 218/193/95 217/192/94
f 222/2/96 221/1/96 220/164/96
f 223/195/96 220/164/96 221/1/96
f 220/164/96 223/195/96 224/162/96
f 225/196/96 224/162/96 223/195/96
f 224/162/96 225/196/96 226/161/96
f 227/197/96 226/161/96 225/196/96
f 227/197/96 228/198/96 226/161/96
f 229/159/96 226/161/96 228/198/96
f 228/198/96 230/199/96 229/159/96
f 231/157/96 229/159/96 230/199/96
f 230/199/96 232/200/96 231/157/96
f 233/156/96 231/157/96 232/200/96
f 232/200/96 234/201/96 233/156/96
f 235/202/96 233/156/96 234/201/96
f 234/201/96 236/203/96 235/202/96
f 237/204/96 235/202/96 236/203/96
f 236/203/96 238/205/96 237/204/96
f 239/206/96 237/204/96 238/205/96
f 239/206/96 238/205/96 240/207/96
f 241/208/96 240/207/96 238/205/96
f 240/207/96 241/208/96 242/209/96
f 243/210/96 242/209/96 241/208/96
f 242/209/96 243/210/96 244/211/96
f 245/212/96 244/211/96 243/210/96
f 244/211/96 245/212/96 246/213/96
f 247/214/96 246/213/96 245/212/96
f 246/213/96 247/214/96 248/215/96
f 249/216/96 248/215/96 247/214/96
f 248/215/96 249/216/96 250/217/96
f 251/218/96 250/217/96 249/216/96
f 251/218/96 252/219/96 250/217/96
f 253/220/96 250/217/96 252/219/96
f 252/219/96 254/221/96 253/220/96
f 255/222/96 253/220/96 254/221/96
f 254/221/96 256/14/96 255/222/96
f 257/12/96 255/222/96 256/14/96
f 260/103/22 259/223/22 258/104/22
f 261/224/22 258/104/22 259/223/22
f 264/225/16 263/226/16 262/227/16
f 265/228/16 262/227/16 263/226/16
f 265/228/16 266/229/16 262/227/16
f 267/230/16 262/227/16 266/229/16
f 270/225/16 269/231/16 268/232/16
f 271/233/16 268/232/16 269/231/16
f 268/232/16 271/233/16 272/234/16
f 273/235/16 272/234/16 271/233/16
f 273/235/16 274/236/16 272/234/16
f 275/237/16 272/234/16 274/236/16
f 274/236/16 276/238/16 275/237/16
f 277/230/16 275/237/16 276/238/16
f 280/239/43 279/240/43 278/241/43
f 281/242/43 278/241/43 279/240/43
f 284/243/97 283/244/97 282/245/97
f 285/246/97 282/245/97 283/244/97
f 285/246/97 286/247/97 282/245/97
f 287/248/97 282/245/97 286/247/97
f 290/7/43 289/6/43 288/249/43
f 291/153/43 288/249/43 289/6/43
f 294/250/16 293/251/16 292/252/16
f 295/253/16 292/252/16 293/251/16
f 298/254/34 297/255/98 296/256/45
f 299/257/45 296/256/45 297/255/98
f 296/256/45 299/257/45 300/258/44
f 301/259/44 300/258/44 299/257/45
f 300/258/44 301/259/44 302/260/43
f 303/261/43 302/260/43 301/259/44
f 303/261/43 304/262/42 302/260/43
f 305/263/42 302/260/43 304/262/42
f 304/262/42 306/264/41 305/263/42
f 307/265/41 305/263/42 306/264/41
f 307/265/41 306/264/41 308/18/99
f 309/266/100 308/18/99 306/264/41
f 312/267/101 311/268/101 310/269/45
f 313/270/45 310/269/45 311/268/101
f 310/269/45 313/270/45 314/271/44
f 315/272/44 314/271/44 313/270/45
f 314/271/44 315/272/44 316/261/43
f 317/273/43 316/261/43 315/272/44
f 317/273/43 318/274/42 316/261/43
f 319/275/42 316/261/43 318/274/42
f 318/274/42 320/276/41 319/275/42
f 321/277/41 319/275/42 320/276/41
f 321/277/41 320/276/41 322/278/102
f 323/279/103 322/278/102 320/276/41
f 326/267/43 325/255/43 324/268/43
f 327/280/43 324/268/43 325/255/43
f 330/281/40 329/282/40 328/283/24
f 331/284/24 328/283/24 329/282/40
f 328/283/24 331/284/24 332/285/23
f 333/286/23 332/285/23 331/284/24
f 332/285/23 333/286/23 334/287/22
f 335/288/22 334/287/22 333/286/23
f 335/288/22 336/289/21 334/287/22
f 337/290/21 334/287/22 336/289/21
f 336/289/21 338/291/19 337/290/21
f 339/292/19 337/290/21 338/291/19
f 338/291/19 340/16/104 339/292/19
f 341/293/104 339/292/19 340/16/104
f 344/294/105 343/211/106 342/295/107
f 345/213/108 342/295/107 343/211/106
f 342/295/107 345/213/108 346/296/109
f 347/215/110 346/296/109 345/213/108
f 346/296/109 347/215/110 348/297/111
f 349/217/111 348/297/111 347/215/110
f 349/217/111 350/220/112 348/297/111
f 351/298/113 348/297/111 350/220/112
f 350/220/112 352/222/114 351/298/113
f 353/299/115 351/298/113 352/222/114
f 352/222/114 354/12/116 353/299/115
f 355/300/116 353/299/115 354/12/116
f 358/301/117 357/302/118 356/303/119
f 359/304/120 356/303/119 357/302/118
f 356/303/119 359/304/120 360/305/121
f 361/306/122 360/305/121 359/304/120
f 360/305/121 361/306/122 362/307/123
f 363/308/124 362/307/123 361/306/122
f 362/307/123 363/308/124 364/309/125
f 365/310/125 364/309/125 363/308/124
f 365/310/125 366/311/126 364/309/125
f 367/312/127 364/309/125 366/311/126
f 366/311/126 368/313/128 367/312/127
f 369/314/129 367/312/127 368/313/128
f 368/313/128 370/315/130 369/314/129
f 371/316/130 369/314/129 370/315/130
f 374/241/43 373/317/43 372/279/43
f 375/278/43 372/279/43 373/317/43
f 378/318/22 377/319/22 376/224/22
f 379/320/22 376/224/22 377/319/22
f 382/321/43 381/7/43 380/18/43
f 380/18/43 383/266/43 382/321/43
f 384/322/43 382/321/43 383/266/43
f 382/321/43 384/322/43 385/323/43
f 386/324/43 385/323/43 384/322/43
f 389/9/22 388/325/22 387/16/22
f 390/293/22 387/16/22 388/325/22
f 393/326/16 392/327/16 391/328/16
f 394/329/16 391/328/16 392/327/16
f 397/330/22 396/331/22 395/332/22
f 398/333/22 395/332/22 396/331/22
f 398/333/22 399/91/22 395/332/22
f 400/10/22 395/332/22 399/91/22
f 401/9/22 395/332/22 400/10/22
f 404/334/16 403/335/16 402/336/16
f 405/337/16 402/336/16 403/335/16
f 405/337/16 406/338/16 402/336/16
f 407/339/16 402/336/16 406/338/16
f 410/340/131 409/341/16 408/342/16
f 409/341/16 411/343/16 408/342/16
f 411/343/16 412/344/16 408/342/16
f 415/345/132 414/346/17 413/347/17
f 414/346/17 416/348/133 413/347/17
f 416/348/133 417/349/133 413/347/17
f 420/350/134 419/351/134 418/352/134
f 421/353/135 418/352/134 419/351/134
f 424/354/136 423/355/137 422/356/136
f 425/357/138 422/356/136 423/355/137
f 428/358/139 427/359/139 426/360/139
f 429/361/139 426/360/139 427/359/139
f 432/362/140 431/350/140 430/363/140
f 433/352/140 430/363/140 431/350/140
f 436/364/141 435/365/141 434/366/141
f 437/367/141 434/366/141 435/365/141
f 440/368/136 439/369/142 438/370/136
f 441/371/138 438/370/136 439/369/142
f 444/372/134 443/373/134 442/374/134
f 445/375/135 442/374/134 443/373/134
f 448/373/143 447/376/140 446/375/140
f 449/377/140 446/375/140 447/376/140
f 452/378/144 451/379/16 450/380/16
f 453/381/145 450/380/16 451/379/16
f 456/382/146 455/383/17 454/384/17
f 457/385/17 454/384/17 455/383/17
f 460/386/16 459/387/16 458/388/16
f 459/387/16 461/389/16 458/388/16
f 461/389/16 462/390/147 458/388/16
f 465/391/148 464/392/148 463/393/17
f 464/392/148 466/394/17 463/393/17
f 466/394/17 467/395/149 463/393/17
f 470/396/150 469/397/140 468/398/140
f 471/399/140 468/398/140 469/397/140
f 474/400/151 473/401/152 472/402/153
f 475/403/153 472/402/153 473/401/152
f 478/404/154 477/405/154 476/406/154
f 479/407/154 476/406/154 477/405/154
f 482/398/134 481/399/134 480/408/134
f 483/409/134 480/408/134 481/399/134
f 486/410/155 485/411/155 484/412/155
f 487/413/155 484/412/155 485/411/155
f 490/414/151 489/415/152 488/416/153
f 491/417/156 488/416/153 489/415/152
f 494/418/150 493/419/140 492/420/140
f 495/421/140 492/420/140 493/419/140
f 498/422/134 497/423/134 496/418/134
f 499/419/157 496/418/134 497/423/134
f 502/424/145 501/425/16 500/426/16
f 503/427/158 500/426/16 501/425/16
f 506/428/17 505/429/17 504/430/17
f 507/431/159 504/430/17 505/429/17
f 510/432/37 509/433/37 508/434/37
f 511/435/37 508/434/37 509/433/37
f 514/436/160 513/437/160 512/438/160
f 515/439/160 512/438/160 513/437/160
f 518/440/18 517/441/18 516/442/18
f 519/443/18 516/442/18 517/441/18
f 522/444/34 521/445/34 520/440/34
f 521/445/34 523/446/34 520/440/34
f 520/440/34 523/446/34 524/441/34
f 527/434/40 526/435/40 525/447/40
f 525/447/40 526/435/40 528/448/40
f 528/448/40 526/435/40 529/449/40
f 532/450/96 531/436/96 530/451/96
f 533/438/96 530/451/96 531/436/96
f 536/452/16 535/453/16 534/454/16
f 537/455/16 534/454/16 535/453/16
f 540/456/161 539/457/161 538/458/161
f 541/459/161 538/458/161 539/457/161
f 544/460/17 543/461/17 542/462/17
f 545/463/17 542/462/17 543/461/17
f 548/464/43 547/465/43 546/466/43
f 547/465/43 549/467/43 546/466/43
f 546/466/43 549/467/43 550/468/43
f 553/469/22 552/470/22 551/471/22
f 551/471/22 552/470/22 554/472/22
f 554/472/22 552/470/22 555/473/22
f 558/474/96 557/456/96 556/475/96
f 559/458/96 556/475/96 557/456/96
f 562/476/40 561/477/40 560/478/40
f 563/479/40 560/478/40 561/477/40
f 566/480/162 565/481/162 564/482/162
f 567/483/162 564/482/162 565/481/162
f 570/484/34 569/485/34 568/486/34
f 571/487/34 568/486/34 569/485/34
f 574/477/37 573/476/37 572/488/37
f 573/476/37 575/489/37 572/488/37
f 572/488/37 575/489/37 576/490/37
f 579/491/18 578/492/18 577/493/18
f 577/493/18 578/492/18 580/487/18
f 580/487/18 578/492/18 581/486/18
f 584/494/96 583/480/96 582/495/96
f 585/482/96 582/495/96 583/480/96
f 588/496/163 587/497/163 586/498/163
f 589/499/163 586/498/163 587/497/163
f 592/500/164 591/501/164 590/502/164
f 593/503/164 590/502/164 591/501/164
f 596/504/165 595/505/165 594/506/165
f 597/507/166 594/506/165 595/505/165
f 600/508/167 599/509/167 598/510/167
f 601/511/167 598/510/167 599/509/167
f 604/512/43 603/513/43 602/514/43
f 605/515/43 602/514/43 603/513/43
f 608/516/168 607/517/168 606/518/168
f 609/519/168 606/518/168 607/517/168
f 612/520/22 611/521/22 610/522/22
f 613/523/22 610/522/22 611/521/22
f 616/524/16 615/525/16 614/526/16
f 614/526/16 615/525/16 617/527/16
f 617/527/16 615/525/16 618/528/16
f 621/529/17 620/530/17 619/531/17
f 620/530/17 622/532/17 619/531/17
f 619/531/17 622/532/17 623/533/17
f 626/518/96 625/519/96 624/534/96
f 627/535/96 624/534/96 625/519/96
f 630/523/22 629/522/22 628/536/22
f 631/537/22 628/536/22 629/522/22
f 634/538/169 633/539/169 632/540/169
f 635/541/169 632/540/169 633/539/169
f 638/542/43 637/543/43 636/513/43
f 639/512/43 636/513/43 637/543/43
f 642/544/17 641/545/17 640/546/17
f 640/546/17 641/545/17 643/547/17
f 643/547/17 641/545/17 644/548/17
f 647/549/16 646/550/16 645/551/16
f 646/550/16 648/552/16 645/551/16
f 645/551/16 648/552/16 649/553/16
f 652/540/96 651/541/96 650/554/96
f 653/555/96 650/554/96 651/541/96
f 656/556/170 655/557/170 654/558/170
f 657/559/170 654/558/170 655/557/170
f 660/560/171 659/561/171 658/562/171
f 661/563/171 658/562/171 659/561/171
f 664/564/172 663/565/172 662/566/172
f 665/567/172 662/566/172 663/565/172
f 668/568/173 667/569/173 666/570/173
f 669/571/173 666/570/173 667/569/173
f 672/572/174 671/573/174 670/574/174
f 673/575/174 670/574/174 671/573/174
f 676/576/175 675/577/175 674/578/175
f 677/579/175 674/578/175 675/577/175
f 680/580/16 679/581/16 678/582/16
f 681/583/16 678/582/16 679/581/16
f 678/582/16 681/583/16 682/584/16
f 683/585/16 682/584/16 681/583/16
f 683/585/16 684/586/16 682/584/16
f 685/587/16 682/584/16 684/586/16
f 684/586/16 686/588/16 685/587/16
f 687/589/16 685/587/16 686/588/16
f 690/590/22 689/591/22 688/592/22
f 691/593/22 688/592/22 689/591/22
f 694/594/176 693/595/176 692/596/176
f 695/597/176 692/596/176 693/595/176
f 695/597/176 693/595/176 696/598/176
f 697/599/176 696/598/176 693/595/176
f 700/600/43 699/324/43 698/601/43
f 701/602/43 698/601/43 699/324/43
f 704/603/43 703/604/43 702/605/43
f 705/606/43 702/605/43 703/604/43
f 708/607/22 707/331/22 706/608/22
f 709/609/22 706/608/22 707/331/22
f 712/610/16 711/611/16 710/585/16
f 713/612/16 710/585/16 711/611/16
f 713/612/16 714/613/16 710/585/16
f 715/614/16 710/585/16 714/613/16
f 718/615/176 717/616/176 716/617/176
f 719/618/176 716/617/176 717/616/176
f 719/618/176 717/616/176 720/619/176
f 721/620/176 720/619/176 717/616/176
f 724/621/43 723/622/43 722/623/43
f 725/624/43 722/623/43 723/622/43
f 728/625/22 727/626/22 726/627/22
f 729/628/22 726/627/22 727/626/22
f 732/629/16 731/630/16 730/631/16
f 733/632/16 730/631/16 731/630/16
f 736/633/177 735/634/177 734/635/177
f 737/636/177 734/635/177 735/634/177
f 740/637/178 739/638/178 738/639/178
f 741/640/178 738/639/178 739/638/178
f 744/641/179 743/642/179 742/643/179
f 745/644/179 742/643/179 743/642/179
f 748/645/16 747/646/16 746/647/16
f 749/648/16 746/647/16 747/646/16
f 752/649/180 751/650/180 750/651/180
f 753/652/180 750/651/180 751/650/180
f 756/653/181 755/654/181 754/655/181
f 757/656/181 754/655/181 755/654/181
f 760/657/182 759/658/182 758/659/182
f 761/660/182 758/659/182 759/658/182
f 764/661/16 763/662/16 762/663/16
f 765/664/16 762/663/16 763/662/16
f 768/665/22 767/666/22 766/667/22
f 769/668/22 766/667/22 767/666/22
f 772/669/17 771/670/17 770/671/17
f 773/672/17 770/671/17 771/670/17
f 776/673/16 775/674/16 774/675/16
f 777/676/16 774/675/16 775/674/16
f 780/677/22 779/678/22 778/679/22
f 781/680/22 778/679/22 779/678/22
f 784/681/17 783/682/17 782/683/17
f 785/672/17 782/683/17 783/682/17
f 788/684/176 787/685/176 786/686/176
f 789/687/176 786/686/176 787/685/176
f 792/688/176 791/689/176 790/690/176
f 793/691/176 790/690/176 791/689/176
f 796/692/16 795/693/16 794/694/16
f 797/695/16 794/694/16 795/693/16
f 800/696/43 799/697/43 798/698/43
f 801/699/43 798/698/43 799/697/43
f 804/700/17 803/701/17 802/702/17
f 805/703/17 802/702/17 803/701/17
f 808/704/16 807/705/16 806/706/16
f 809/695/16 806/706/16 807/705/16
f 812/707/43 811/708/43 810/709/43
f 813/710/43 810/709/43 811/708/43
f 816/711/17 815/712/17 814/713/17
f 817/714/17 814/713/17 815/712/17
f 820/715/176 819/716/176 818/717/176
f 821/718/176 818/717/176 819/716/176
f 824/719/176 823/720/176 822/721/176
f 825/722/176 822/721/176 823/720/176
f 828/723/16 827/724/16 826/725/16
f 827/724/16 829/726/16 826/725/16
f 826/725/16 829/726/16 830/727/16
f 831/728/16 829/726/16 827/724/16
f 834/729/183 833/730/184 832/731/183
f 835/732/184 832/731/183 833/730/184
f 833/730/184 836/733/185 835/732/184
f 837/734/185 835/732/184 836/733/185
f 837/734/185 836/733/185 838/735/43
f 839/736/43 838/735/43 836/733/185
f 842/737/186 841/738/187 840/739/186
f 843/740/187 840/739/186 841/738/187
f 846/741/17 845/742/17 844/743/17
f 844/743/17 845/742/17 847/744/17
f 847/744/17 845/742/17 848/745/17
f 848/745/17 845/742/17 849/746/17
f 852/747/16 851/748/16 850/749/16
f 851/748/16 853/750/16 850/749/16
f 850/749/16 853/750/16 854/751/16
f 855/752/16 853/750/16 851/748/16
f 858/753/188 857/754/188 856/755/189
f 859/756/189 856/755/189 857/754/188
f 856/755/189 859/756/189 860/757/190
f 861/758/190 860/757/190 859/756/189
f 861/758/190 862/759/22 860/757/190
f 863/760/22 860/757/190 862/759/22
f 866/761/191 865/762/191 864/763/192
f 867/764/192 864/763/192 865/762/191
f 870/765/17 869/766/17 868/767/17
f 869/766/17 871/768/17 868/767/17
f 871/768/17 872/769/17 868/767/17
f 868/767/17 872/769/17 873/770/17
f 876/771/17 875/772/17 874/773/17
f 877/774/17 874/773/17 875/772/17
f 880/775/43 879/776/43 878/777/43
f 881/778/43 878/777/43 879/776/43
f 884/779/176 883/780/176 882/781/176
f 885/782/176 882/781/176 883/780/176
f 888/783/22 887/784/22 886/785/22
f 889/786/22 886/785/22 887/784/22
f 892/787/16 891/788/16 890/789/16
f 893/790/16 890/789/16 891/788/16
f 896/791/193 895/792/194 894/793/193
f 897/794/194 894/793/193 895/792/194
f 895/792/194 898/795/194 897/794/194
f 899/796/194 897/794/194 898/795/194
f 902/797/195 901/798/196 900/799/195
f 903/800/196 900/799/195 901/798/196
f 901/798/196 904/801/197 903/800/196
f 905/802/197 903/800/196 904/801/197
f 905/802/197 904/801/197 906/803/17
f 907/804/17 906/803/17 904/801/197
f 910/805/22 909/806/22 908/807/22
f 910/805/22 908/807/22 911/808/22
f 910/805/22 911/808/22 912/809/22
f 912/809/22 913/810/22 910/805/22
f 914/811/22 910/805/22 913/810/22
f 914/811/22 913/810/22 915/812/22
f 916/813/22 915/812/22 913/810/22
f 919/814/43 918/815/43 917/816/43
f 919/814/43 920/817/43 918/815/43
f 919/814/43 921/818/43 920/817/43
f 919/814/43 922/819/43 921/818/43
f 923/820/43 921/818/43 922/819/43
f 923/820/43 922/819/43 924/821/43
f 925/822/43 924/821/43 922/819/43
f 928/823/198 927/824/198 926/825/198
f 929/826/198 926/825/198 927/824/198
f 932/827/16 931/828/16 930/829/16
f 933/830/16 930/829/16 931/828/16
f 936/831/17 935/832/17 934/833/17
f 937/834/17 934/833/17 935/832/17
f 940/835/176 939/836/176 938/837/176
f 941/838/176 938/837/176 939/836/176
f 944/839/43 943/840/43 942/841/43
f 945/842/43 942/841/43 943/840/43
f 948/843/16 947/844/16 946/845/16
f 949/846/16 946/845/16 947/844/16
f 952/847/96 951/848/96 950/849/96
f 953/850/96 950/849/96 951/848/96
f 956/851/22 955/852/22 954/853/22
f 957/854/22 954/853/22 955/852/22
f 960/855/17 959/856/17 958/857/17
f 961/858/17 958/857/17 959/856/17
f 964/835/176 963/836/176 962/837/176
f 965/838/176 962/837/176 963/836/176
f 968/859/43 967/860/43 966/861/43
f 969/862/43 966/861/43 967/860/43
f 972/863/16 971/864/16 970/865/16
f 973/866/16 970/865/16 971/864/16
f 976/867/22 975/868/22 974/869/22
f 977/870/22 974/869/22 975/868/22
f 980/871/193 979/872/193 978/873/194
f 981/874/194 978/873/194 979/872/193
f 978/873/194 981/874/194 982/875/194
f 983/876/194 982/875/194 981/874/194
f 986/877/195 985/878/195 984/879/196
f 987/880/196 984/879/196 985/878/195
f 984/879/196 987/880/196 988/881/197
f 989/882/197 988/881/197 987/880/196
f 989/882/197 990/883/17 988/881/197
f 991/884/17 988/881/197 990/883/17
f 994/816/43 993/814/43 992/815/43
f 992/815/43 993/814/43 995/817/43
f 995/817/43 993/814/43 996/818/43
f 996/818/43 993/814/43 997/820/43
f 998/819/43 997/820/43 993/814/43
f 998/819/43 999/822/43 997/820/43
f 1000/821/43 997/820/43 999/822/43
f 1003/807/22 1002/805/22 1001/806/22
f 1004/808/22 1002/805/22 1003/807/22
f 1005/809/22 1002/805/22 1004/808/22
f 1002/805/22 1005/809/22 1006/811/22
f 1007/810/22 1006/811/22 1005/809/22
f 1007/810/22 1008/813/22 1006/811/22
f 1009/812/22 1006/811/22 1008/813/22
f 1012/885/198 1011/886/198 1010/887/198
f 1013/888/198 1010/887/198 1011/886/198
f 1016/889/16 1015/890/16 1014/891/16
f 1017/892/16 1014/891/16 1015/890/16
f 1020/893/17 1019/894/17 1018/895/17
f 1021/896/17 1018/895/17 1019/894/17
f 1024/897/176 1023/898/176 1022/899/176
f 1025/900/176 1022/899/176 1023/898/176
f 1028/901/22 1027/902/22 1026/854/22
f 1029/852/22 1026/854/22 1027/902/22
f 1032/903/16 1031/904/16 1030/905/16
f 1033/906/16 1030/905/16 1031/904/16
f 1036/907/96 1035/908/96 1034/909/96
f 1037/910/96 1034/909/96 1035/908/96
f 1040/841/43 1039/839/43 1038/842/43
f 1041/840/43 1038/842/43 1039/839/43
f 1044/911/17 1043/912/17 1042/913/17
f 1045/914/17 1042/913/17 1043/912/17
f 1048/897/176 1047/898/176 1046/899/176
f 1049/900/176 1046/899/176 1047/898/176
f 1052/915/22 1051/916/22 1050/870/22
f 1053/868/22 1050/870/22 1051/916/22
f 1056/917/16 1055/918/16 1054/919/16
f 1057/920/16 1054/919/16 1055/918/16
f 1060/861/43 1059/859/43 1058/862/43
f 1061/860/43 1058/862/43 1059/859/43
f 1064/921/17 1063/922/17 1062/923/17
f 1065/924/17 1062/923/17 1063/922/17
f 1068/925/43 1067/926/43 1066/927/43
f 1069/928/43 1066/927/43 1067/926/43
f 1072/929/176 1071/930/176 1070/931/176
f 1073/932/176 1070/931/176 1071/930/176
f 1076/933/22 1075/934/22 1074/935/22
f 1077/936/22 1074/935/22 1075/934/22
f 1080/937/16 1079/938/16 1078/939/16
f 1081/940/16 1078/939/16 1079/938/16
f 1084/941/199 1083/942/200 1082/943/201
f 1085/944/202 1082/943/201 1083/942/200
f 1082/943/201 1085/944/202 1086/945/203
f 1083/942/200 1087/946/204 1085/944/202
f 1088/947/205 1086/945/203 1085/944/202
f 1089/948/206 1085/944/202 1087/946/204
f 1085/944/202 1089/948/206 1088/947/205
f 1087/946/204 1090/949/207 1089/948/206
f 1091/950/208 1088/947/205 1089/948/206
f 1092/951/209 1089/948/206 1090/949/207
f 1089/948/206 1092/951/209 1091/950/208
f 1090/949/207 1093/952/210 1092/951/209
f 1094/953/211 1091/950/208 1092/951/209
f 1095/954/212 1092/951/209 1093/952/210
f 1092/951/209 1095/954/212 1094/953/211
f 1093/952/210 1096/955/213 1095/954/212
f 1097/956/214 1094/953/211 1095/954/212
f 1098/957/215 1095/954/212 1096/955/213
f 1095/954/212 1098/957/215 1097/956/214
f 1099/958/216 1097/956/214 1098/957/215
f 1102/959/217 1101/960/218 1100/961/219
f 1103/962/220 1100/961/219 1101/960/218
f 1101/960/218 1104/963/221 1103/962/220
f 1105/964/222 1103/962/220 1104/963/221
f 1104/963/221 1106/965/223 1105/964/222
f 1107/966/224 1105/964/222 1106/965/223
f 1106/965/223 1108/967/225 1107/966/224
f 1109/968/226 1107/966/224 1108/967/225
f 1108/967/225 1110/969/227 1109/968/226
f 1111/970/228 1109/968/226 1110/969/227
f 1110/969/227 1112/971/229 1111/970/228
f 1113/972/230 1111/970/228 1112/971/229
f 1112/971/229 1114/973/231 1113/972/230
f 1115/974/232 1113/972/230 1114/973/231
f 1115/974/232 1114/973/231 1116/975/233
f 1117/976/234 1116/975/233 1114/973/231
f 1120/977/235 1119/978/236 1118/979/237
f 1121/980/238 1118/979/237 1119/978/236
f 1118/979/237 1121/980/238 1122/981/239
f 1119/978/236 1123/982/240 1121/980/238
f 1124/983/241 1122/981/239 1121/980/238
f 1125/984/242 1121/980/238 1123/982/240
f 1121/980/238 1125/984/242 1124/983/241
f 1123/982/240 1126/985/243 1125/984/242
f 1127/986/244 1124/983/241 1125/984/242
f 1128/987/245 1125/984/242 1126/985/243
f 1125/984/242 1128/987/245 1127/986/244
f 1126/985/243 1129/988/246 1128/987/245
f 1130/989/247 1127/986/244 1128/987/245
f 1131/990/248 1128/987/245 1129/988/246
f 1128/987/245 1131/990/248 1130/989/247
f 1129/988/246 1132/991/249 1131/990/248
f 1133/992/250 1130/989/247 1131/990/248
f 1134/993/251 1131/990/248 1132/991/249
f 1131/990/248 1134/993/251 1133/992/250
f 1135/994/252 1133/992/250 1134/993/251
f 1138/995/253 1137/996/254 1136/997/255
f 1139/998/256 1136/997/255 1137/996/254
f 1137/996/254 1140/999/257 1139/998/256
f 1141/1000/258 1139/998/256 1140/999/257
f 1140/999/257 1142/1001/259 1141/1000/258
f 1143/1002/260 1141/1000/258 1142/1001/259
f 1142/1001/259 1144/1003/261 1143/1002/260
f 1145/1004/262 1143/1002/260 1144/1003/261
f 1144/1003/261 1146/1005/263 1145/1004/262
f 1147/1006/264 1145/1004/262 1146/1005/263
f 1146/1005/263 1148/1007/265 1147/1006/264
f 1149/1008/266 1147/1006/264 1148/1007/265
f 1148/1007/265 1150/1009/267 1149/1008/266
f 1151/1010/268 1149/1008/266 1150/1009/267
f 1151/1010/268 1150/1009/267 1152/1011/269
f 1153/1012/270 1152/1011/269 1150/1009/267
f 1156/1013/271 1155/1014/272 1154/1015/273
f 1157/1016/274 1154/1015/273 1155/1014/272
f 1154/1015/273 1157/1016/274 1158/1017/275
f 1159/1018/276 1158/1017/275 1157/1016/274
f 1155/1014/272 1160/1019/277 1157/1016/274
f 1157/1016/274 1161/1020/278 1159/1018/276
f 1161/1020/278 1157/1016/274 1160/1019/277
f 1162/1021/279 1159/1018/276 1161/1020/278
f 1161/1020/278 1160/1019/277 1163/1022/280
f 1161/1020/278 1163/1022/280 1162/1021/279
f 1164/1023/281 1163/1022/280 1160/1019/277
f 1165/1024/282 1162/1021/279 1163/1022/280
f 1168/1025/283 1167/1026/284 1166/1027/285
f 1169/1028/286 1166/1027/285 1167/1026/284
f 1166/1027/285 1169/1028/286 1170/1029/287
f 1171/1030/288 1170/1029/287 1169/1028/286
f 1167/1026/284 1172/1031/289 1169/1028/286
f 1169/1028/286 1173/1032/290 1171/1030/288
f 1173/1032/290 1169/1028/286 1172/1031/289
f 1174/1033/291 1171/1030/288 1173/1032/290
f 1173/1032/290 1172/1031/289 1175/1034/292
f 1173/1032/290 1175/1034/292 1174/1033/291
f 1176/1035/293 1175/1034/292 1172/1031/289
f 1177/1036/294 1174/1033/291 1175/1034/292
f 1180/1037/295 1179/1038/296 1178/1039/297
f 1179/1038/296 1181/1040/296 1178/1039/297
f 1181/1040/296 1182/1041/297 1178/1039/297
f 1178/1039/297 1182/1041/297 1183/1042/297
f 1186/1043/298 1185/1044/298 1184/1045/298
f 1185/1044/298 1186/1043/298 1187/1046/298
f 1188/1047/298 1187/1046/298 1186/1043/298
f 1188/1047/298 1189/1048/298 1187/1046/298
f 1192/1049/299 1191/1050/300 1190/1051/301
f 1193/1052/302 1190/1051/301 1191/1050/300
f 1191/1050/300 1194/1053/303 1193/1052/302
f 1190/1051/301 1193/1052/302 1195/1054/304
f 1196/1055/305 1193/1052/302 1194/1053/303
f 1197/1056/306 1195/1054/304 1193/1052/302
f 1193/1052/302 1196/1055/305 1197/1056/306
f 1195/1054/304 1197/1056/306 1198/1057/307
f 1199/1058/308 1197/1056/306 1196/1055/305
f 1200/1059/309 1198/1057/307 1197/1056/306
f 1197/1056/306 1199/1058/308 1200/1059/309
f 1198/1057/307 1200/1059/309 1201/1060/310
f 1202/1061/311 1200/1059/309 1199/1058/308
f 1203/1062/312 1201/1060/310 1200/1059/309
f 1200/1059/309 1202/1061/311 1203/1062/312
f 1201/1060/310 1203/1062/312 1204/1063/313
f 1205/1064/314 1203/1062/312 1202/1061/311
f 1206/1065/315 1204/1063/313 1203/1062/312
f 1203/1062/312 1205/1064/314 1206/1065/315
f 1207/1066/316 1206/1065/315 1205/1064/314
f 1210/1067/317 1209/1068/318 1208/1069/319
f 1211/1070/320 1208/1069/319 1209/1068/318
f 1208/1069/319 1211/1070/320 1212/1071/321
f 1213/1072/322 1212/1071/321 1211/1070/320
f 1212/1071/321 1213/1072/322 1214/1073/323
f 1215/1074/324 1214/1073/323 1213/1072/322
f 1214/1073/323 1215/1074/324 1216/1075/325
f 1217/1076/326 1216/1075/325 1215/1074/324
f 1216/1075/325 1217/1076/326 1218/1077/327
f 1219/1078/328 1218/1077/327 1217/1076/326
f 1218/1077/327 1219/1078/328 1220/1079/329
f 1221/1080/330 1220/1079/329 1219/1078/328
f 1220/1079/329 1221/1080/330 1222/1081/331
f 1223/1082/332 1222/1081/331 1221/1080/330
f 1223/1082/332 1224/1083/333 1222/1081/331
f 1225/1084/334 1222/1081/331 1224/1083/333
f 1228/1085/335 1227/1086/336 1226/1087/337
f 1229/1088/338 1226/1087/337 1227/1086/336
f 1227/1086/336 1230/1089/339 1229/1088/338
f 1226/1087/337 1229/1088/338 1231/1090/340
f 1232/1091/341 1229/1088/338 1230/1089/339
f 1233/1092/342 1231/1090/340 1229/1088/338
f 1229/1088/338 1232/1091/341 1233/1092/342
f 1231/1090/340 1233/1092/342 1234/1093/343
f 1235/1094/344 1233/1092/342 1232/1091/341
f 1236/1095/345 1234/1093/343 1233/1092/342
f 1233/1092/342 1235/1094/344 1236/1095/345
f 1234/1093/343 1236/1095/345 1237/1096/346
f 1238/1097/347 1236/1095/345 1235/1094/344
f 1239/1098/348 1237/1096/346 1236/1095/345
f 1236/1095/345 1238/1097/347 1239/1098/348
f 1237/1096/346 1239/1098/348 1240/1099/349
f 1241/1100/350 1239/1098/348 1238/1097/347
f 1242/1101/351 1240/1099/349 1239/1098/348
f 1239/1098/348 1241/1100/350 1242/1101/351
f 1243/1102/352 1242/1101/351 1241/1100/350
f 1246/1103/353 1245/1104/354 1244/1105/355
f 1247/1106/356 1244/1105/355 1245/1104/354
f 1244/1105/355 1247/1106/356 1248/1107/357
f 1249/1108/358 1248/1107/357 1247/1106/356
f 1248/1107/357 1249/1108/358 1250/1109/359
f 1251/1110/360 1250/1109/359 1249/1108/358
f 1250/1109/359 1251/1110/360 1252/1111/361
f 1253/1112/362 1252/1111/361 1251/1110/360
f 1252/1111/361 1253/1112/362 1254/1113/363
f 1255/1114/364 1254/1113/363 1253/1112/362
f 1254/1113/363 1255/1114/364 1256/1115/365
f 1257/1116/366 1256/1115/365 1255/1114/364
f 1256/1115/365 1257/1116/366 1258/1117/367
f 1259/1118/368 1258/1117/367 1257/1116/366
f 1259/1118/368 1260/1119/369 1258/1117/367
f 1261/1120/370 1258/1117/367 1260/1119/369
f 1264/1121/371 1263/1122/372 1262/1123/373
f 1265/1124/374 1262/1123/373 1263/1122/372
f 1263/1122/372 1266/1125/375 1265/1124/374
f 1267/1126/376 1265/1124/374 1266/1125/375
f 1262/1123/373 1265/1124/374 1268/1127/377
f 1265/1124/374 1267/1126/376 1269/1128/378
f 1269/1128/378 1268/1127/377 1265/1124/374
f 1270/1129/379 1269/1128/378 1267/1126/376
f 1269/1128/378 1271/1130/380 1268/1127/377
f 1269/1128/378 1270/1129/379 1271/1130/380
f 1272/1131/381 1268/1127/377 1271/1130/380
f 1273/1132/382 1271/1130/380 1270/1129/379
f 1276/1133/383 1275/1134/384 1274/1135/385
f 1277/1136/386 1274/1135/385 1275/1134/384
f 1275/1134/384 1278/1137/387 1277/1136/386
f 1279/1138/388 1277/1136/386 1278/1137/387
f 1274/1135/385 1277/1136/386 1280/1139/389
f 1277/1136/386 1279/1138/388 1281/1140/390
f 1281/1140/390 1280/1139/389 1277/1136/386
f 1282/1141/391 1281/1140/390 1279/1138/388
f 1281/1140/390 1283/1142/392 1280/1139/389
f 1281/1140/390 1282/1141/391 1283/1142/392
f 1284/1143/393 1280/1139/389 1283/1142/392
f 1285/1144/394 1283/1142/392 1282/1141/391
f 1288/1145/395 1287/1146/395 1286/1147/396
f 1286/1147/396 1287/1146/395 1289/1148/396
f 1289/1148/396 1287/1146/395 1290/1149/396
f 1290/1149/396 1287/1146/395 1291/1150/397
f 1294/1151/398 1293/1152/398 1292/1153/398
f 1294/1151/398 1295/1154/398 1293/1152/398
f 1296/1155/398 1293/1152/398 1295/1154/398
f 1297/1156/398 1296/1155/398 1295/1154/398
f 1300/1157/399 1299/1158/399 1298/1159/399
f 1301/1160/399 1298/1159/399 1299/1158/399
f 1298/1159/399 1302/1161/399 1300/1157/399
f 1299/1158/399 1303/1162/399 1301/1160/399
f 1304/1163/399 1300/1157/399 1302/1161/399
f 1305/1164/399 1301/1160/399 1303/1162/399
f 1302/1161/399 1305/1164/399 1304/1163/399
f 1303/1162/399 1304/1163/399 1305/1164/399
f 1308/1165/399 1307/1166/399 1306/1167/399
f 1309/1168/399 1306/1167/399 1307/1166/399
f 1307/1166/399 1308/1165/399 1310/1169/399
f 1306/1167/399 1309/1168/399 1311/1170/399
f 1312/1171/399 1310/1169/399 1308/1165/399
f 1313/1172/399 1311/1170/399 1309/1168/399
f 1310/1169/399 1312/1171/399 1313/1172/399
f 1311/1170/399 1313/1172/399 1312/1171/399
g Deruyter_Barbette_A_mod_steel_3
usemtl steel_3
f 1316/182/176 1315/184/176 1314/1173/176
f 1317/1174/176 1314/1173/176 1315/184/176
f 1317/1174/176 1315/184/176 1318/1175/176
f 1319/186/176 1318/1175/176 1315/184/176
f 1318/1175/176 1319/186/176 1320/1176/176
f 1321/188/176 1320/1176/176 1319/186/176
f 1321/188/176 1322/189/176 1320/1176/176
f 1323/1177/176 1320/1176/176 1322/189/176
f 1322/189/176 1324/191/176 1323/1177/176
f 1325/1178/176 1323/1177/176 1324/191/176
f 1325/1178/176 1324/191/176 1326/1179/176
f 1327/1180/176 1326/1179/176 1324/191/176
f 1330/1179/176 1329/1180/176 1328/1181/176
f 1331/1182/400 1328/1181/176 1329/1180/176
f 1333/1183/176 1332/1181/176 1331/1182/400
f 1333/1183/176 1334/1184/176 1332/1181/176
f 1335/1185/176 1332/1181/176 1334/1184/176
f 1335/1185/176 1334/1184/176 1336/1186/176
f 1337/1187/176 1336/1186/176 1334/1184/176
f 1338/1188/176 1336/1186/176 1337/1187/176
f 1340/1189/176 1336/1186/176 1339/1190/176
f 1341/1188/401 1339/1190/176 1336/1186/176
f 1344/304/176 1343/1191/176 1342/306/176
f 1345/1192/176 1342/306/176 1343/1191/176
f 1345/1192/176 1346/1193/176 1342/306/176
f 1347/308/176 1342/306/176 1346/1193/176
f 1346/1193/176 1348/1194/176 1347/308/176
f 1349/310/176 1347/308/176 1348/1194/176
f 1349/310/176 1348/1194/176 1350/311/176
f 1351/1195/176 1350/311/176 1348/1194/176
f 1350/311/176 1351/1195/176 1352/313/176
f 1353/1196/176 1352/313/176 1351/1195/176
f 1353/1196/176 1354/1189/176 1352/313/176
f 1355/1190/176 1352/313/176 1354/1189/176
g Deruyter_Barbette_A_mod_steel_deck_1
usemtl steel_deck_1
f 1358/166/96 1357/165/96 1356/1197/96
f 1357/165/96 1359/163/96 1356/1197/96
f 1359/163/96 1360/160/96 1356/1197/96
f 1360/160/96 1361/158/96 1356/1197/96
f 1361/158/96 1362/155/96 1356/1197/96
f 1362/155/96 1363/154/96 1356/1197/96
f 1363/154/96 1364/1198/96 1356/1197/96
f 1364/1198/96 1365/1199/96 1356/1197/96
f 1365/1199/96 1366/1200/96 1356/1197/96
f 1366/1200/96 1367/1201/96 1356/1197/96
f 1367/1201/96 1368/1202/96 1356/1197/96
f 1368/1202/96 1369/294/96 1356/1197/96
f 1369/294/96 1370/295/96 1356/1197/96
f 1370/295/96 1371/296/96 1356/1197/96
f 1371/296/96 1372/297/96 1356/1197/96
f 1372/297/96 1373/298/96 1356/1197/96
f 1373/298/96 1374/299/96 1356/1197/96
f 1374/299/96 1375/300/96 1356/1197/96
f 1378/4/96 1377/1203/96 1376/3/96
f 1378/4/96 1379/1204/96 1377/1203/96
f 1378/4/96 1380/166/96 1379/1204/96
f 1381/1197/96 1379/1204/96 1380/166/96
f 1381/1197/96 1382/300/96 1379/1204/96
f 1383/1205/96 1377/1203/96 1379/1204/96
f 1384/11/96 1379/1204/96 1382/300/96
f 1379/1204/96 1384/11/96 1383/1205/96
f 1385/1206/96 1383/1205/96 1384/11/96
f 1386/13/96 1385/1206/96 1384/11/96
g Deruyter_Barbette_A_mod_details_2
usemtl details_2
f 1389/1207/402 1388/1208/403 1387/1209/404
f 1392/1210/405 1391/1211/406 1390/1212/407
f 1395/1213/408 1394/1214/96 1393/1215/408
f 1396/1216/96 1393/1215/408 1394/1214/96
f 1394/1214/96 1397/1217/409 1396/1216/96
f 1398/1218/409 1396/1216/96 1397/1217/409
f 1401/1219/410 1400/1220/43 1399/1221/410
f 1402/1222/43 1399/1221/410 1400/1220/43
f 1400/1220/43 1403/1223/411 1402/1222/43
f 1404/1224/412 1402/1222/43 1403/1223/411
f 1407/1225/413 1406/1226/176 1405/1227/413
f 1408/1228/176 1405/1227/413 1406/1226/176
f 1406/1226/176 1409/1229/414 1408/1228/176
f 1410/1230/414 1408/1228/176 1409/1229/414
f 1413/1231/415 1412/1232/22 1411/1233/415
f 1414/1234/22 1411/1233/415 1412/1232/22
f 1412/1232/22 1415/1235/416 1414/1234/22
f 1416/1236/417 1414/1234/22 1415/1235/416
f 1419/1237/16 1418/1238/16 1417/1239/16
f 1418/1238/16 1420/1240/16 1417/1239/16
f 1420/1240/16 1421/1241/16 1417/1239/16
f 1422/1242/16 1420/1240/16 1418/1238/16
f 1423/1243/16 1422/1242/16 1418/1238/16
f 1424/1244/16 1420/1240/16 1422/1242/16
f 1427/1245/148 1426/1246/17 1425/1247/17
f 1426/1246/17 1428/1248/17 1425/1247/17
f 1428/1248/17 1429/1249/148 1425/1247/17
f 1430/1250/133 1428/1248/17 1426/1246/17
f 1431/1251/418 1430/1250/133 1426/1246/17
f 1432/1252/149 1428/1248/17 1430/1250/133
f 1435/1253/419 1434/1214/96 1433/1254/419
f 1436/352/96 1433/1254/419 1434/1214/96
f 1434/1214/96 1437/1255/420 1436/352/96
f 1438/1256/408 1436/352/96 1437/1255/420
f 1441/1257/421 1440/1258/422 1439/1259/421
f 1442/1260/422 1439/1259/421 1440/1258/422
f 1440/1258/422 1443/1261/415 1442/1260/422
f 1444/1262/415 1442/1260/422 1443/1261/415
f 1447/1263/414 1446/1264/176 1445/1265/414
f 1448/1228/176 1445/1265/414 1446/1264/176
f 1446/1264/176 1449/1266/413 1448/1228/176
f 1450/1267/423 1448/1228/176 1449/1266/413
f 1453/1268/424 1452/1269/425 1451/1270/411
f 1454/1271/425 1451/1270/411 1452/1269/425
f 1452/1269/425 1455/1272/410 1454/1271/425
f 1456/1273/426 1454/1271/425 1455/1272/410
f 1459/1274/410 1458/1275/43 1457/1276/410
f 1460/1277/43 1457/1276/410 1458/1275/43
f 1458/1275/43 1461/1278/411 1460/1277/43
f 1462/1279/411 1460/1277/43 1461/1278/411
f 1465/1280/423 1464/1281/176 1463/1282/423
f 1466/1283/176 1463/1282/423 1464/1281/176
f 1464/1281/176 1467/1284/414 1466/1283/176
f 1468/1285/427 1466/1283/176 1467/1284/414
f 1471/1286/415 1470/1287/428 1469/1288/415
f 1472/1289/429 1469/1288/415 1470/1287/428
f 1470/1287/428 1473/1290/430 1472/1289/429
f 1474/1291/417 1472/1289/429 1473/1290/430
f 1477/1292/431 1476/1293/96 1475/1294/431
f 1478/1295/432 1475/1294/431 1476/1293/96
f 1476/1293/96 1479/1296/408 1478/1295/432
f 1480/1297/408 1478/1295/432 1479/1296/408
f 1483/1298/148 1482/1299/17 1481/1300/17
f 1482/1299/17 1484/1301/17 1481/1300/17
f 1484/1301/17 1485/1302/17 1481/1300/17
f 1486/1303/17 1484/1301/17 1482/1299/17
f 1487/1304/17 1486/1303/17 1482/1299/17
f 1488/1305/148 1484/1301/17 1486/1303/17
f 1491/1306/144 1490/1307/16 1489/1308/145
f 1490/1307/16 1492/1309/433 1489/1308/145
f 1492/1309/433 1493/1310/434 1489/1308/145
f 1494/1311/435 1492/1309/433 1490/1307/16
f 1495/1312/436 1494/1311/435 1490/1307/16
f 1496/1313/437 1492/1309/433 1494/1311/435
f 1499/1314/409 1498/1315/409 1497/1316/96
f 1500/1317/96 1497/1316/96 1498/1315/409
f 1497/1316/96 1500/1317/96 1501/1318/408
f 1502/1319/408 1501/1318/408 1500/1317/96
f 1505/1320/417 1504/1321/416 1503/1322/22
f 1506/1323/22 1503/1322/22 1504/1321/416
f 1503/1322/22 1506/1323/22 1507/1324/415
f 1508/1325/415 1507/1324/415 1506/1323/22
f 1511/1326/414 1510/1327/414 1509/1328/176
f 1512/1329/176 1509/1328/176 1510/1327/414
f 1509/1328/176 1512/1329/176 1513/1330/413
f 1514/1331/413 1513/1330/413 1512/1329/176
f 1517/1332/411 1516/1333/411 1515/1334/43
f 1518/1335/43 1515/1334/43 1516/1333/411
f 1515/1334/43 1518/1335/43 1519/1336/410
f 1520/1337/410 1519/1336/410 1518/1335/43
f 1523/1338/16 1522/1339/16 1521/1340/16
f 1522/1339/16 1524/1341/16 1521/1340/16
f 1524/1341/16 1525/1342/16 1521/1340/16
f 1526/1343/16 1524/1341/16 1522/1339/16
f 1527/1344/16 1526/1343/16 1522/1339/16
f 1528/1345/16 1524/1341/16 1526/1343/16
f 1531/1346/133 1530/1347/148 1529/1348/17
f 1530/1347/148 1532/1349/438 1529/1348/17
f 1532/1349/438 1533/1350/133 1529/1348/17
f 1534/1351/148 1532/1349/438 1530/1347/148
f 1535/1352/132 1534/1351/148 1530/1347/148
f 1536/1353/439 1532/1349/438 1534/1351/148
f 1539/1354/440 1538/1355/408 1537/1316/96
f 1540/1356/96 1537/1316/96 1538/1355/408
f 1537/1316/96 1540/1356/96 1541/1357/441
f 1542/1358/409 1541/1357/441 1540/1356/96
f 1545/1359/442 1544/1360/442 1543/1361/443
f 1546/1362/443 1543/1361/443 1544/1360/442
f 1543/1361/443 1546/1362/443 1547/1363/412
f 1548/1364/411 1547/1363/412 1546/1362/443
f 1551/1365/413 1550/1366/413 1549/1367/176
f 1552/1368/176 1549/1367/176 1550/1366/413
f 1549/1367/176 1552/1368/176 1553/1369/414
f 1554/1370/414 1553/1369/414 1552/1368/176
f 1557/1371/415 1556/1372/415 1555/1373/444
f 1558/1374/444 1555/1373/444 1556/1372/415
f 1555/1373/444 1558/1374/444 1559/1375/445
f 1560/1376/445 1559/1375/445 1558/1374/444
f 1563/1377/417 1562/1378/417 1561/1379/22
f 1564/1380/22 1561/1379/22 1562/1378/417
f 1561/1379/22 1564/1380/22 1565/1381/446
f 1566/1382/415 1565/1381/446 1564/1380/22
f 1569/1383/447 1568/1384/447 1567/1385/176
f 1570/1386/176 1567/1385/176 1568/1384/447
f 1567/1385/176 1570/1386/176 1571/1387/448
f 1572/1388/448 1571/1387/448 1570/1386/176
f 1575/1389/411 1574/1390/412 1573/1391/449
f 1576/1392/450 1573/1391/449 1574/1390/412
f 1573/1391/449 1576/1392/450 1577/1393/451
f 1578/1394/410 1577/1393/451 1576/1392/450
f 1581/1395/452 1580/1396/453 1579/1397/96
f 1582/1398/454 1579/1397/96 1580/1396/453
f 1579/1397/96 1582/1398/454 1583/1399/409
f 1584/1400/409 1583/1399/409 1582/1398/454
f 1587/1401/17 1586/1402/17 1585/1403/17
f 1586/1402/17 1588/1404/17 1585/1403/17
f 1588/1404/17 1589/1405/133 1585/1403/17
f 1590/1406/17 1588/1404/17 1586/1402/17
f 1591/1407/133 1590/1406/17 1586/1402/17
f 1592/1408/17 1588/1404/17 1590/1406/17
f 1595/1409/455 1594/1410/144 1593/1411/145
f 1594/1410/144 1596/1412/16 1593/1411/145
f 1596/1412/16 1597/1413/158 1593/1411/145
f 1598/1414/456 1596/1412/16 1594/1410/144
f 1599/1415/457 1598/1414/456 1594/1410/144
f 1600/1416/158 1596/1412/16 1598/1414/456
f 1603/1417/458 1602/1418/459 1601/1419/460
f 1601/1419/460 1602/1418/459 1604/1420/461
f 1607/1421/462 1606/1422/463 1605/1423/464
f 1605/1423/464 1606/1422/463 1608/1424/465
f 1611/1425/96 1610/1426/96 1609/1427/96
f 1612/1428/96 1609/1427/96 1610/1426/96
f 1615/1429/466 1614/1430/466 1613/1431/466
f 1616/1432/466 1613/1431/466 1614/1430/466
f 1619/1433/176 1618/1434/176 1617/1435/176
f 1620/1436/176 1617/1435/176 1618/1434/176
f 1623/1425/96 1622/1426/96 1621/1427/96
f 1624/1428/96 1621/1427/96 1622/1426/96
f 1627/1437/466 1626/1438/466 1625/1439/466
f 1628/1440/466 1625/1439/466 1626/1438/466
f 1631/1433/176 1630/1434/176 1629/1435/176
f 1632/1436/176 1629/1435/176 1630/1434/176
f 1635/1425/96 1634/1426/96 1633/1427/96
f 1636/1441/96 1633/1427/96 1634/1426/96
f 1639/1442/466 1638/1443/466 1637/1444/22
f 1640/1445/22 1637/1444/22 1638/1443/466
f 1643/1433/176 1642/1446/176 1641/1435/176
f 1644/1436/176 1641/1435/176 1642/1446/176
f 1647/1425/96 1646/1426/96 1645/1427/96
f 1648/1428/96 1645/1427/96 1646/1426/96
f 1651/1447/466 1650/1448/466 1649/1449/466
f 1652/1450/466 1649/1449/466 1650/1448/466
f 1655/1433/176 1654/1446/176 1653/1435/176
f 1656/1436/176 1653/1435/176 1654/1446/176
f 1659/1425/96 1658/1426/96 1657/1427/96
f 1660/1428/96 1657/1427/96 1658/1426/96
f 1663/1451/22 1662/1452/22 1661/1453/22
f 1664/1454/466 1661/1453/22 1662/1452/22
f 1667/1455/176 1666/1446/176 1665/1435/176
f 1668/1436/176 1665/1435/176 1666/1446/176
f 1671/1425/96 1670/1426/96 1669/1427/96
f 1672/1428/96 1669/1427/96 1670/1426/96
f 1675/1456/466 1674/1457/466 1673/1458/466
f 1676/1459/466 1673/1458/466 1674/1457/466
f 1679/1433/176 1678/1434/176 1677/1435/176
f 1680/1436/176 1677/1435/176 1678/1434/176
f 1683/1460/96 1682/1461/96 1681/1462/96
f 1684/1463/96 1681/1462/96 1682/1461/96
f 1687/1464/467 1686/1465/467 1685/1466/467
f 1688/1467/467 1685/1466/467 1686/1465/467
f 1691/1468/176 1690/1469/176 1689/1470/176
f 1692/1471/176 1689/1470/176 1690/1469/176
f 1695/1460/96 1694/1461/96 1693/1462/96
f 1696/1463/96 1693/1462/96 1694/1461/96
f 1699/1472/467 1698/1473/467 1697/1474/467
f 1700/1475/467 1697/1474/467 1698/1473/467
f 1703/1468/176 1702/1469/176 1701/1470/176
f 1704/1471/176 1701/1470/176 1702/1469/176
f 1707/1476/96 1706/1461/96 1705/1462/96
f 1708/1463/96 1705/1462/96 1706/1461/96
f 1711/1477/43 1710/1478/467 1709/1479/43
f 1712/1480/467 1709/1479/43 1710/1478/467
f 1715/1468/176 1714/1481/176 1713/1470/176
f 1716/1471/176 1713/1470/176 1714/1481/176
f 1719/1460/96 1718/1461/96 1717/1462/96
f 1720/1463/96 1717/1462/96 1718/1461/96
f 1723/1482/467 1722/1483/467 1721/1484/467
f 1724/1485/467 1721/1484/467 1722/1483/467
f 1727/1468/176 1726/1481/176 1725/1470/176
f 1728/1471/176 1725/1470/176 1726/1481/176
f 1731/1460/96 1730/1461/96 1729/1462/96
f 1732/1463/96 1729/1462/96 1730/1461/96
f 1735/1486/467 1734/1487/43 1733/1488/43
f 1736/1489/43 1733/1488/43 1734/1487/43
f 1739/1468/176 1738/1481/176 1737/1470/176
f 1740/1471/176 1737/1470/176 1738/1481/176
f 1743/1460/96 1742/1461/96 1741/1462/96
f 1744/1463/96 1741/1462/96 1742/1461/96
f 1747/1490/467 1746/1491/467 1745/1492/467
f 1748/1493/467 1745/1492/467 1746/1491/467
f 1751/1468/176 1750/1469/176 1749/1470/176
f 1752/1471/176 1749/1470/176 1750/1469/176
f 1755/1494/468 1754/1163/469 1753/1495/468
f 1756/1162/469 1753/1495/468 1754/1163/469
f 1759/1496/470 1758/1497/470 1757/1498/471
f 1760/1499/471 1757/1498/471 1758/1497/470
f 1763/1500/22 1762/1501/22 1761/1502/22
f 1764/1503/22 1761/1502/22 1762/1501/22
f 1767/1504/176 1766/1505/176 1765/1506/176
f 1768/1507/176 1765/1506/176 1766/1505/176
f 1771/1508/43 1770/1509/43 1769/1510/43
f 1772/1511/43 1769/1510/43 1770/1509/43
f 1775/1169/469 1774/1172/469 1773/1512/468
f 1776/1513/468 1773/1512/468 1774/1172/469
f 1779/1514/471 1778/1515/470 1777/1516/471
f 1780/1517/470 1777/1516/471 1778/1515/470
f 1783/1510/43 1782/1508/43 1781/1511/43
f 1784/1509/43 1781/1511/43 1782/1508/43
f 1787/1518/176 1786/1519/176 1785/1520/176
f 1788/1521/176 1785/1520/176 1786/1519/176
f 1791/1502/22 1790/1500/22 1789/1503/22
f 1792/1501/22 1789/1503/22 1790/1500/22
g Deruyter_Barbette_A_mod_details_3
usemtl details_3
f 1795/1522/472 1794/1523/473 1793/1524/474
f 1796/1525/475 1793/1524/474 1794/1523/473
f 1799/1417/476 1798/1526/477 1797/1419/478
f 1800/1527/479 1797/1419/478 1798/1526/477
f 1797/1419/478 1800/1527/479 1801/1528/480
f 1802/1529/481 1801/1528/480 1800/1527/479
f 1805/1530/482 1804/1531/483 1803/1532/484
f 1806/1533/485 1803/1532/484 1804/1531/483
f 1809/1534/486 1808/1535/487 1807/1423/488
f 1810/1536/489 1807/1423/488 1808/1535/487
f 1807/1423/488 1810/1536/489 1811/1424/490
f 1812/1537/491 1811/1424/490 1810/1536/489
