# Blender 5.1.0
# www.blender.org
mtllib Bsh_Hull_Rostrum_Dredn_C_001_5.mtl
o Bsh_Hull_Rostrum_Dredn_C_001_5
v -1.820914 94.656288 5.913783
v -1.966933 94.555840 6.309531
v -0.871887 93.461334 6.800812
v -2.631319 91.480453 5.910702
v -2.790722 91.381432 6.308749
v -1.685801 90.287712 6.814433
v -2.454680 90.769012 8.576707
v -2.588207 90.570419 7.688904
v -2.653873 90.768440 8.576707
v -1.756956 93.420166 8.600680
v -1.890293 93.221947 7.712876
v -1.955851 93.420158 8.600680
v -2.508168 93.247070 4.359786
v -2.344262 93.299118 4.712066
v -2.571369 93.209930 4.651508
v -2.344262 93.299118 4.712066
v -2.508168 93.247070 4.359786
v -2.317293 93.345955 4.413731
v -2.248758 93.637085 4.465642
v -2.282556 94.058746 4.822145
v -2.275728 93.590248 4.763979
v -2.282556 94.058746 4.822145
v -2.248758 93.637085 4.465642
v -2.280559 94.112282 4.519250
v -2.280559 94.112282 4.519250
v -2.068859 94.469040 4.920679
v -2.282556 94.058746 4.822145
v -2.068859 94.469040 4.920679
v -2.280559 94.112282 4.519250
v -2.041890 94.515884 4.622343
v -1.973364 94.806999 4.674250
v -2.161011 94.953186 4.962347
v -2.000333 94.760147 4.972586
v -2.161011 94.953186 4.962347
v -1.973364 94.806999 4.674250
v -2.097809 94.990311 4.670624
v -1.435457 94.812836 4.791540
v -1.721157 94.685349 5.023551
v -1.498659 94.775696 5.083261
v -1.721157 94.685349 5.023551
v -1.435457 94.812836 4.791540
v -1.630903 94.715248 4.736770
v -1.699429 94.424133 4.684862
v -1.783054 93.924904 4.913327
v -1.789684 94.394241 4.971642
v -1.783054 93.924904 4.913327
v -1.699429 94.424133 4.684862
v -1.667831 93.948105 4.631104
v -1.667831 93.948105 4.631104
v -1.996552 93.515442 4.814942
v -1.783054 93.924904 4.913327
v -1.996552 93.515442 4.814942
v -1.667831 93.948105 4.631104
v -1.906298 93.545341 4.528160
v -1.974830 93.254196 4.476248
v -1.909018 93.032455 4.772420
v -2.065086 93.224304 4.763029
v -1.909018 93.032455 4.772420
v -1.974830 93.254196 4.476248
v -1.845816 93.069595 4.480698
v -1.772193 94.017616 4.379062
v -1.906298 93.545341 4.528160
v -1.667831 93.948105 4.631104
v -1.906298 93.545341 4.528160
v -1.772193 94.017616 4.379062
v -1.913214 93.736671 4.312742
v -2.091747 93.784515 4.280151
v -2.280559 94.112282 4.519250
v -2.248758 93.637085 4.465642
v -2.280559 94.112282 4.519250
v -2.091747 93.784515 4.280151
v -2.091618 94.103203 4.320750
v -1.772455 94.334633 4.419364
v -1.667831 93.948105 4.631104
v -1.699429 94.424133 4.684862
v -1.667831 93.948105 4.631104
v -1.772455 94.334633 4.419364
v -1.772193 94.017616 4.379062
v -2.091618 94.103203 4.320750
v -2.041890 94.515884 4.622343
v -2.280559 94.112282 4.519250
v -2.041890 94.515884 4.622343
v -2.091618 94.103203 4.320750
v -1.950989 94.382469 4.386775
v -3.250000 90.164787 4.359785
v -3.086092 90.216820 4.712064
v -3.313200 90.127640 4.651506
v -3.086092 90.216820 4.712064
v -3.250000 90.164787 4.359785
v -3.059124 90.263664 4.413729
v -2.990589 90.554794 4.465642
v -3.024385 90.976456 4.822143
v -3.017558 90.507957 4.763978
v -3.024385 90.976456 4.822143
v -2.990589 90.554794 4.465642
v -3.022389 91.029991 4.519249
v -3.022389 91.029991 4.519249
v -2.810689 91.386749 4.920678
v -3.024385 90.976456 4.822143
v -2.810689 91.386749 4.920678
v -3.022389 91.029991 4.519249
v -2.783721 91.433594 4.622341
v -2.715195 91.724701 4.674249
v -2.902842 91.870895 4.962346
v -2.742164 91.677864 4.972585
v -2.902842 91.870895 4.962346
v -2.715195 91.724701 4.674249
v -2.839639 91.908020 4.670623
v -2.177288 91.730545 4.791536
v -2.462989 91.603050 5.023549
v -2.240490 91.693413 5.083259
v -2.462989 91.603050 5.023549
v -2.177288 91.730545 4.791536
v -2.372735 91.632950 4.736767
v -2.441261 91.341835 4.684859
v -2.524884 90.842613 4.913327
v -2.531516 91.311951 4.971641
v -2.524884 90.842613 4.913327
v -2.441261 91.341835 4.684859
v -2.409662 90.865814 4.631101
v -2.409662 90.865814 4.631101
v -2.738382 90.433151 4.814942
v -2.524884 90.842613 4.913327
v -2.738382 90.433151 4.814942
v -2.409662 90.865814 4.631101
v -2.648129 90.463051 4.528160
v -2.716661 90.171906 4.476247
v -2.650848 89.950172 4.772418
v -2.806916 90.142014 4.763028
v -2.650848 89.950172 4.772418
v -2.716661 90.171906 4.476247
v -2.587646 89.987297 4.480696
v -2.514024 90.935318 4.379062
v -2.648129 90.463051 4.528160
v -2.409662 90.865814 4.631101
v -2.648129 90.463051 4.528160
v -2.514024 90.935318 4.379062
v -2.655046 90.654373 4.312741
v -2.833579 90.702225 4.280150
v -3.022389 91.029991 4.519249
v -2.990589 90.554794 4.465642
v -3.022389 91.029991 4.519249
v -2.833579 90.702225 4.280150
v -2.833449 91.020905 4.320750
v -2.514287 91.252350 4.419363
v -2.409662 90.865814 4.631101
v -2.441261 91.341835 4.684859
v -2.409662 90.865814 4.631101
v -2.514287 91.252350 4.419363
v -2.514024 90.935318 4.379062
v -2.833449 91.020905 4.320750
v -2.783721 91.433594 4.622341
v -3.022389 91.029991 4.519249
v -2.783721 91.433594 4.622341
v -2.833449 91.020905 4.320750
v -2.692818 91.300179 4.386774
v 1.820912 94.656288 5.913777
v 0.871881 93.461334 6.800805
v 1.966927 94.555840 6.309525
v 2.631314 91.480453 5.910697
v 1.685794 90.287712 6.814427
v 2.790717 91.381432 6.308744
v 2.454670 90.769012 8.576702
v 2.653865 90.768440 8.576702
v 2.588199 90.570419 7.688900
v 1.756946 93.420166 8.600676
v 1.955841 93.420158 8.600676
v 1.890288 93.221947 7.712872
v 2.508168 93.247070 4.359786
v 2.344259 93.299118 4.712065
v 2.317291 93.345955 4.413731
v 2.344259 93.299118 4.712065
v 2.508168 93.247070 4.359786
v 2.571369 93.209930 4.651508
v 2.248755 93.637085 4.465642
v 2.282553 94.058746 4.822144
v 2.280556 94.112282 4.519250
v 2.282553 94.058746 4.822144
v 2.248755 93.637085 4.465642
v 2.275726 93.590248 4.763978
v 2.280556 94.112282 4.519250
v 2.068857 94.469040 4.920678
v 2.041888 94.515884 4.622342
v 2.068857 94.469040 4.920678
v 2.280556 94.112282 4.519250
v 2.282553 94.058746 4.822144
v 1.973362 94.806999 4.674249
v 2.161009 94.953186 4.962346
v 2.097806 94.990311 4.670624
v 2.161009 94.953186 4.962346
v 1.973362 94.806999 4.674249
v 2.000331 94.760147 4.972585
v 1.435454 94.812836 4.791534
v 1.721155 94.685349 5.023545
v 1.630901 94.715248 4.736764
v 1.721155 94.685349 5.023545
v 1.435454 94.812836 4.791534
v 1.498657 94.775696 5.083255
v 1.699427 94.424133 4.684856
v 1.783051 93.924904 4.913326
v 1.667829 93.948105 4.631099
v 1.783051 93.924904 4.913326
v 1.699427 94.424133 4.684856
v 1.789682 94.394241 4.971641
v 1.667829 93.948105 4.631099
v 1.996550 93.515442 4.814941
v 1.906296 93.545341 4.528159
v 1.996550 93.515442 4.814941
v 1.667829 93.948105 4.631099
v 1.783051 93.924904 4.913326
v 1.974827 93.254196 4.476247
v 1.909015 93.032455 4.772419
v 1.845813 93.069595 4.480697
v 1.909015 93.032455 4.772419
v 1.974827 93.254196 4.476247
v 2.065084 93.224304 4.763029
v 1.772190 94.017616 4.379061
v 1.906296 93.545341 4.528159
v 1.913214 93.736671 4.312742
v 1.906296 93.545341 4.528159
v 1.772190 94.017616 4.379061
v 1.667829 93.948105 4.631099
v 2.091747 93.784515 4.280150
v 2.280556 94.112282 4.519250
v 2.091618 94.103203 4.320749
v 2.280556 94.112282 4.519250
v 2.091747 93.784515 4.280150
v 2.248755 93.637085 4.465642
v 1.772452 94.334633 4.419364
v 1.667829 93.948105 4.631099
v 1.772190 94.017616 4.379061
v 1.667829 93.948105 4.631099
v 1.772452 94.334633 4.419364
v 1.699427 94.424133 4.684856
v 2.091618 94.103203 4.320749
v 2.041888 94.515884 4.622342
v 1.950986 94.382469 4.386774
v 2.041888 94.515884 4.622342
v 2.091618 94.103203 4.320749
v 2.280556 94.112282 4.519250
v 3.249999 90.164787 4.359786
v 3.086092 90.216820 4.712065
v 3.059123 90.263664 4.413730
v 3.086092 90.216820 4.712065
v 3.249999 90.164787 4.359786
v 3.313200 90.127640 4.651507
v 2.990588 90.554794 4.465642
v 3.024385 90.976456 4.822144
v 3.022388 91.029991 4.519249
v 3.024385 90.976456 4.822144
v 2.990588 90.554794 4.465642
v 3.017558 90.507957 4.763979
v 3.022388 91.029991 4.519249
v 2.810689 91.386749 4.920678
v 2.783720 91.433594 4.622341
v 2.810689 91.386749 4.920678
v 3.022388 91.029991 4.519249
v 3.024385 90.976456 4.822144
v 2.715194 91.724701 4.674249
v 2.902842 91.870895 4.962346
v 2.839639 91.908020 4.670624
v 2.902842 91.870895 4.962346
v 2.715194 91.724701 4.674249
v 2.742163 91.677864 4.972585
v 2.177285 91.730545 4.791536
v 2.462986 91.603050 5.023549
v 2.372732 91.632950 4.736767
v 2.462986 91.603050 5.023549
v 2.177285 91.730545 4.791536
v 2.240487 91.693413 5.083258
v 2.441258 91.341835 4.684859
v 2.524882 90.842613 4.913327
v 2.409659 90.865814 4.631102
v 2.524882 90.842613 4.913327
v 2.441258 91.341835 4.684859
v 2.531513 91.311951 4.971641
v 2.409659 90.865814 4.631102
v 2.738382 90.433151 4.814942
v 2.648129 90.463051 4.528160
v 2.738382 90.433151 4.814942
v 2.409659 90.865814 4.631102
v 2.524882 90.842613 4.913327
v 2.716660 90.171906 4.476247
v 2.650848 89.950172 4.772419
v 2.587645 89.987297 4.480696
v 2.650848 89.950172 4.772419
v 2.716660 90.171906 4.476247
v 2.806916 90.142014 4.763028
v 2.514021 90.935318 4.379062
v 2.648129 90.463051 4.528160
v 2.655045 90.654373 4.312741
v 2.648129 90.463051 4.528160
v 2.514021 90.935318 4.379062
v 2.409659 90.865814 4.631102
v 2.833578 90.702225 4.280151
v 3.022388 91.029991 4.519249
v 2.833449 91.020905 4.320750
v 3.022388 91.029991 4.519249
v 2.833578 90.702225 4.280151
v 2.990588 90.554794 4.465642
v 2.514284 91.252350 4.419364
v 2.409659 90.865814 4.631102
v 2.514021 90.935318 4.379062
v 2.409659 90.865814 4.631102
v 2.514284 91.252350 4.419364
v 2.441258 91.341835 4.684859
v 2.833449 91.020905 4.320750
v 2.783720 91.433594 4.622341
v 2.692818 91.300179 4.386774
v 2.783720 91.433594 4.622341
v 2.833449 91.020905 4.320750
v 3.022388 91.029991 4.519249
v -9.581412 62.253052 5.099112
v -9.634141 62.380348 5.534363
v -9.581414 62.253052 5.534363
v -9.634140 62.380348 5.099112
v -9.581414 62.507645 5.534363
v -9.581412 62.507645 5.099112
v -9.581414 62.253052 5.534363
v -9.454118 62.200325 5.099112
v -9.581412 62.253052 5.099112
v -9.454120 62.200325 5.534363
v -9.326822 62.253052 5.099112
v -9.326824 62.253052 5.534364
v -9.326824 62.253052 5.534364
v -9.274096 62.380348 5.099112
v -9.326822 62.253052 5.099112
v -9.274097 62.380348 5.534364
v -9.326822 62.507645 5.099112
v -9.326824 62.507645 5.534364
v -9.326824 62.507645 5.534364
v -9.454118 62.560371 5.099112
v -9.326822 62.507645 5.099112
v -9.454120 62.560371 5.534363
v -9.581412 62.507645 5.099112
v -9.581414 62.507645 5.534363
v -9.634141 62.380348 5.534363
v -9.581414 62.507645 5.534363
v -9.581414 62.253052 5.534363
v -9.454120 62.200325 5.534363
v -9.454120 62.560371 5.534363
v -9.326824 62.253052 5.534364
v -9.326824 62.507645 5.534364
v -9.274097 62.380348 5.534364
v -2.210040 93.244522 6.474151
v -2.213140 93.126244 5.909175
v -2.324109 93.326721 6.395375
v -2.091601 93.029587 5.952303
v -2.023411 93.248474 5.421433
v -1.888374 93.160820 5.428886
v -1.888374 93.160820 5.428886
v -1.828272 93.646950 5.118169
v -2.023411 93.248474 5.421433
v -1.678867 93.588318 5.103556
v -1.702058 94.169403 5.115283
v -1.542901 94.148727 5.100628
v -1.687929 94.614792 5.415345
v -1.527352 94.626709 5.422838
v -1.527352 94.626709 5.422838
v -1.781902 94.808807 5.914192
v -1.687929 94.614792 5.415345
v -1.628890 94.834930 5.957422
v -1.961263 94.686127 6.398059
v -1.821663 94.703300 6.476737
v -2.158896 94.288300 6.700534
v -2.033665 94.276451 6.801283
v -2.302565 93.770370 6.697908
v -2.033665 94.276451 6.801283
v -2.187086 93.720566 6.798693
v -2.158896 94.288300 6.700534
v -2.324109 93.326721 6.395375
v -2.187086 93.720566 6.798693
v -2.210040 93.244522 6.474151
v -2.302565 93.770370 6.697908
v -3.014873 90.069138 6.483165
v -3.022732 89.948212 5.912775
v -3.128397 90.150734 6.403026
v -2.901439 89.851921 5.957430
v -2.837178 90.071465 5.423796
v -2.702031 89.984116 5.432743
v -2.702031 89.984116 5.432743
v -2.638063 90.468903 5.121792
v -2.837178 90.071465 5.423796
v -2.488410 90.410545 5.108709
v -2.503517 90.989288 5.121533
v -2.344209 90.968826 5.108387
v -2.485304 91.433006 5.420838
v -2.324819 91.445053 5.429546
v -2.324819 91.445053 5.429546
v -2.592416 91.633202 5.910440
v -2.485304 91.433006 5.420838
v -2.439770 91.659836 5.954754
v -2.786127 91.512009 6.396921
v -2.647284 91.529716 6.476811
v -2.986757 91.114960 6.698447
v -2.862424 91.103683 6.800367
v -3.115559 90.593170 6.700516
v -2.862424 91.103683 6.800367
v -3.000899 90.543915 6.802497
v -2.986757 91.114960 6.698447
v -3.128397 90.150734 6.403026
v -3.000899 90.543915 6.802497
v -3.014873 90.069138 6.483165
v -3.115559 90.593170 6.700516
v -2.266316 93.443436 6.306604
v -2.173915 93.278900 5.909021
v -0.871887 93.461334 6.800812
v -2.017739 93.378754 5.509960
v -1.858318 93.705101 5.261559
v -1.858318 93.705101 5.261559
v -1.756345 94.133209 5.258766
v -0.871887 93.461334 6.800812
v -1.745745 94.497559 5.503771
v -1.820914 94.656288 5.913783
v -1.966933 94.555840 6.309531
v -2.128849 94.230148 6.557145
v -0.871887 93.461334 6.800812
v -2.248276 93.806580 6.554429
v -2.266316 93.443436 6.306604
v -3.070055 90.267014 6.314234
v -2.983702 90.101044 5.912188
v -1.685801 90.287712 6.814433
v -2.832586 90.202026 5.511974
v -2.669539 90.527420 5.264724
v -2.669539 90.527420 5.264724
v -2.558984 90.953590 5.264623
v -1.685801 90.287712 6.814433
v -2.543696 91.316498 5.509609
v -2.631319 91.480453 5.910702
v -2.790722 91.381432 6.308749
v -2.955282 91.056450 6.555510
v -1.685801 90.287712 6.814433
v -3.060043 90.629066 6.557430
v -3.070055 90.267014 6.314234
v -3.854984 88.824661 8.391562
v -3.747102 87.346428 8.391562
v -4.217317 87.472427 8.391559
v -3.384770 88.698669 8.391566
v -4.217317 87.472427 8.391559
v -3.747102 87.346428 8.300921
v -4.217317 87.472427 8.300920
v -3.747102 87.346428 8.391562
v -3.854984 88.824661 8.391562
v -4.217317 87.472427 8.300920
v -3.854984 88.824661 8.300921
v -4.217317 87.472427 8.391559
v -3.384770 88.698669 8.391566
v -3.854984 88.824661 8.300921
v -3.384770 88.698669 8.300926
v -3.854984 88.824661 8.391562
v -3.747102 87.346428 8.391562
v -3.384770 88.698669 8.300926
v -3.747102 87.346428 8.300921
v -3.384770 88.698669 8.391566
v -4.021072 87.636536 8.300921
v -4.034685 87.739891 8.733986
v -4.021074 87.636536 8.733986
v -4.034683 87.739891 8.300921
v -3.971217 87.822601 8.733986
v -3.971214 87.822601 8.300921
v -4.021074 87.636536 8.733986
v -3.938365 87.573059 8.300921
v -4.021072 87.636536 8.300921
v -3.938366 87.573059 8.733988
v -3.835000 87.586678 8.300921
v -3.835002 87.586678 8.733988
v -3.835002 87.586678 8.733988
v -3.771538 87.669388 8.300921
v -3.835000 87.586678 8.300921
v -3.771540 87.669388 8.733986
v -3.785143 87.772751 8.300921
v -3.785145 87.772751 8.733986
v -3.785145 87.772751 8.733986
v -3.867854 87.836212 8.300921
v -3.785143 87.772751 8.300921
v -3.867857 87.836212 8.733986
v -3.971214 87.822601 8.300921
v -3.971217 87.822601 8.733986
v -4.059881 87.614128 8.733986
v -4.077963 87.751488 8.818786
v -4.059882 87.614128 8.818786
v -4.077963 87.751488 8.733986
v -3.993623 87.861404 8.818786
v -3.993623 87.861404 8.733986
v -4.059882 87.614128 8.818786
v -3.949963 87.529785 8.733988
v -4.059881 87.614128 8.733986
v -3.949963 87.529785 8.818788
v -3.812601 87.547867 8.733988
v -3.812601 87.547867 8.818788
v -3.812601 87.547867 8.818788
v -3.728258 87.657791 8.733986
v -3.812601 87.547867 8.733988
v -3.728259 87.657791 8.818786
v -3.746342 87.795151 8.733986
v -3.746342 87.795151 8.818786
v -3.746342 87.795151 8.818786
v -3.856259 87.879486 8.733986
v -3.746342 87.795151 8.733986
v -3.856260 87.879486 8.818786
v -3.993623 87.861404 8.733986
v -3.993623 87.861404 8.818786
v -3.812585 88.414612 8.300924
v -3.826195 88.517982 8.733988
v -3.812587 88.414612 8.733988
v -3.826192 88.517982 8.300924
v -3.762727 88.600693 8.733988
v -3.762724 88.600693 8.300924
v -3.812587 88.414612 8.733988
v -3.729874 88.351151 8.300924
v -3.812585 88.414612 8.300924
v -3.729876 88.351151 8.733988
v -3.626512 88.364769 8.300924
v -3.626514 88.364769 8.733988
v -3.626514 88.364769 8.733988
v -3.563047 88.447479 8.300924
v -3.626512 88.364769 8.300924
v -3.563049 88.447479 8.733988
v -3.576653 88.550842 8.300924
v -3.576656 88.550842 8.733988
v -3.576656 88.550842 8.733988
v -3.659365 88.614304 8.300924
v -3.576653 88.550842 8.300924
v -3.659368 88.614304 8.733988
v -3.762724 88.600693 8.300924
v -3.762727 88.600693 8.733988
v -3.851392 88.392220 8.733988
v -3.869473 88.529587 8.818788
v -3.851392 88.392220 8.818788
v -3.869473 88.529587 8.733988
v -3.785132 88.639496 8.818788
v -3.785132 88.639496 8.733988
v -3.851392 88.392220 8.818788
v -3.741475 88.307869 8.733988
v -3.851392 88.392220 8.733988
v -3.741475 88.307869 8.818788
v -3.604112 88.325958 8.733988
v -3.604112 88.325958 8.818788
v -3.604112 88.325958 8.818788
v -3.519769 88.435883 8.733988
v -3.604112 88.325958 8.733988
v -3.519769 88.435883 8.818788
v -3.537853 88.573235 8.733988
v -3.537853 88.573235 8.818788
v -3.537853 88.573235 8.818788
v -3.647769 88.657578 8.733988
v -3.537853 88.573235 8.733988
v -3.647769 88.657578 8.818788
v -3.785132 88.639496 8.733988
v -3.785132 88.639496 8.818788
v -2.028693 91.175903 8.357636
v -1.537487 92.766312 7.712883
v -1.684134 91.175911 8.357638
v -2.175321 92.766312 7.712878
v -1.890293 93.221947 7.712876
v -2.588207 90.570419 7.688904
v -2.235208 90.115158 7.688910
v -2.872811 90.115166 7.688906
v -2.384467 88.524712 8.326432
v -2.725084 88.524719 8.326441
v -2.317514 90.651947 8.576707
v -2.588207 90.570419 7.688904
v -2.454680 90.769012 8.576707
v -2.235208 90.115158 7.688910
v -2.183278 90.088470 8.576710
v -2.243965 89.281021 8.576708
v -2.384467 88.524712 8.326432
v -2.872811 90.115166 7.688906
v -2.653873 90.768440 8.576707
v -2.588207 90.570419 7.688904
v -2.790505 90.651962 8.576707
v -2.924753 90.088470 8.576708
v -2.864043 89.280899 8.576708
v -2.725084 88.524719 8.326441
v -2.166421 91.931946 8.600678
v -2.175321 92.766312 7.712878
v -2.028693 91.175903 8.357636
v -2.226876 92.739624 8.600680
v -2.093623 93.303116 8.600680
v -1.955851 93.420158 8.600680
v -1.890293 93.221947 7.712876
v -1.684134 91.175911 8.357638
v -1.537487 92.766312 7.712883
v -1.546386 91.931946 8.600683
v -1.485937 92.739616 8.600681
v -1.619177 93.303108 8.600681
v -1.890293 93.221947 7.712876
v -1.756956 93.420166 8.600680
v -1.586728 93.416718 6.681554
v -2.193341 94.242027 4.602876
v -1.519414 93.705414 6.733863
v -2.260527 93.953110 4.550570
v -1.394835 93.364410 6.721470
v -2.001281 94.189636 4.642814
v -2.068449 93.900757 4.590516
v -1.327180 93.652946 6.773835
v -2.068449 93.900757 4.590516
v -2.193341 94.242027 4.602876
v -2.260527 93.953110 4.550570
v -2.001281 94.189636 4.642814
v -1.394835 93.364410 6.721470
v -2.260527 93.953110 4.550570
v -1.586728 93.416718 6.681554
v -2.068449 93.900757 4.590516
v -2.001281 94.189636 4.642814
v -1.519414 93.705414 6.733863
v -2.193341 94.242027 4.602876
v -1.327180 93.652946 6.773835
v -1.940281 92.668289 4.409142
v -2.508168 93.247070 4.359786
v -2.602633 92.845764 4.288231
v -1.845816 93.069595 4.480698
v -2.317293 93.345955 4.413731
v -1.974830 93.254196 4.476248
v -2.248758 93.637085 4.465642
v -1.906298 93.545341 4.528160
v -1.913214 93.736671 4.312742
v -2.091618 94.103203 4.320750
v -2.091747 93.784515 4.280151
v -1.772193 94.017616 4.379062
v -1.950989 94.382469 4.386775
v -1.772455 94.334633 4.419364
v -1.699429 94.424133 4.684862
v -1.973364 94.806999 4.674250
v -2.041890 94.515884 4.622343
v -1.630903 94.715248 4.736770
v -2.097809 94.990311 4.670624
v -1.435457 94.812836 4.791540
v -2.003503 95.390930 4.742060
v -1.341149 95.213455 4.862976
v -1.940281 92.668289 4.409142
v -2.636345 92.933914 4.602290
v -1.973995 92.756439 4.723202
v -2.602633 92.845764 4.288231
v -2.602633 92.845764 4.288231
v -2.571369 93.209930 4.651508
v -2.636345 92.933914 4.602290
v -2.508168 93.247070 4.359786
v -2.317293 93.345955 4.413731
v -2.275728 93.590248 4.763979
v -2.344262 93.299118 4.712066
v -2.248758 93.637085 4.465642
v -2.041890 94.515884 4.622343
v -2.000333 94.760147 4.972586
v -2.068859 94.469040 4.920679
v -1.973364 94.806999 4.674250
v -2.097809 94.990311 4.670624
v -2.095877 95.229874 5.011685
v -2.161011 94.953186 4.962347
v -2.003503 95.390930 4.742060
v -2.003503 95.390930 4.742060
v -1.433524 95.052399 5.132599
v -2.095877 95.229874 5.011685
v -1.341149 95.213455 4.862976
v -1.341149 95.213455 4.862976
v -1.498659 94.775696 5.083261
v -1.433524 95.052399 5.132599
v -1.435457 94.812836 4.791540
v -1.630903 94.715248 4.736770
v -1.789684 94.394241 4.971642
v -1.721157 94.685349 5.023551
v -1.699429 94.424133 4.684862
v -1.906298 93.545341 4.528160
v -2.065086 93.224304 4.763029
v -1.996552 93.515442 4.814942
v -1.974830 93.254196 4.476248
v -1.845816 93.069595 4.480698
v -1.973995 92.756439 4.723202
v -1.909018 93.032455 4.772420
v -1.940281 92.668289 4.409142
v -1.913214 93.736671 4.312742
v -2.248758 93.637085 4.465642
v -1.906298 93.545341 4.528160
v -2.091747 93.784515 4.280151
v -1.950989 94.382469 4.386775
v -1.699429 94.424133 4.684862
v -2.041890 94.515884 4.622343
v -1.772455 94.334633 4.419364
v -2.571369 93.209930 4.651508
v -1.973995 92.756439 4.723202
v -2.636345 92.933914 4.602290
v -1.909018 93.032455 4.772420
v -2.344262 93.299118 4.712066
v -2.065086 93.224304 4.763029
v -2.275728 93.590248 4.763979
v -1.996552 93.515442 4.814942
v -2.282556 94.058746 4.822145
v -1.783054 93.924904 4.913327
v -2.068859 94.469040 4.920679
v -1.789684 94.394241 4.971642
v -2.000333 94.760147 4.972586
v -1.721157 94.685349 5.023551
v -2.161011 94.953186 4.962347
v -1.498659 94.775696 5.083261
v -2.095877 95.229874 5.011685
v -1.433524 95.052399 5.132599
v -2.489309 92.701569 6.067440
v -2.698782 92.944992 6.317322
v -2.492582 92.888809 6.360204
v -2.695510 92.757751 6.024557
v -2.081798 94.638245 6.677801
v -2.182048 94.944466 6.421529
v -1.975848 94.888275 6.464414
v -2.287996 94.694427 6.634910
v -2.470701 92.901779 5.004466
v -2.194325 92.825974 4.634118
v -2.400525 92.882156 4.591233
v -2.264501 92.845596 5.047351
v -2.377527 93.298584 5.076497
v -2.400525 92.882156 4.591233
v -2.274541 93.418701 4.688636
v -2.470701 92.901779 5.004466
v -2.462296 93.308365 5.555223
v -2.588282 92.771835 5.457820
v -2.594465 93.188065 6.102666
v -2.695510 92.757751 6.024557
v -2.698782 92.944992 6.317322
v -2.171329 93.242401 5.119388
v -2.274541 93.418701 4.688636
v -2.068341 93.362503 4.731523
v -2.377527 93.298584 5.076497
v -2.194325 92.825974 4.634118
v -2.171329 93.242401 5.119388
v -2.068341 93.362503 4.731523
v -2.264501 92.845596 5.047351
v -2.382082 92.715652 5.500709
v -2.256096 93.252182 5.598107
v -2.489309 92.701569 6.067440
v -2.388266 93.131882 6.145554
v -2.492582 92.888809 6.360204
v -2.058389 94.657715 5.323242
v -1.781540 94.583923 4.953256
v -1.987739 94.640106 4.910367
v -1.852189 94.601532 5.366125
v -1.861761 95.176620 5.007772
v -2.058389 94.657715 5.323242
v -1.987739 94.640106 4.910367
v -1.965211 95.054543 5.395279
v -2.049517 95.066299 5.874357
v -2.175493 94.529778 5.776956
v -2.182048 94.944466 6.421529
v -2.283077 94.514206 6.343417
v -2.287996 94.694427 6.634910
v -1.759010 94.998352 5.438161
v -1.861761 95.176620 5.007772
v -1.655562 95.120438 5.050661
v -1.965211 95.054543 5.395279
v -1.852189 94.601532 5.366125
v -1.655562 95.120438 5.050661
v -1.781540 94.583923 4.953256
v -1.759010 94.998352 5.438161
v -1.969295 94.473595 5.819846
v -1.843318 95.010109 5.917245
v -2.076879 94.458023 6.386305
v -1.975848 94.888275 6.464414
v -2.081798 94.638245 6.677801
v -2.492582 92.888809 6.360204
v -2.594465 93.188065 6.102666
v -2.388266 93.131882 6.145554
v -2.698782 92.944992 6.317322
v -2.287996 94.694427 6.634910
v -2.076879 94.458023 6.386305
v -2.283077 94.514206 6.343417
v -2.081798 94.638245 6.677801
v -2.588282 92.771835 5.457820
v -2.264501 92.845596 5.047351
v -2.470701 92.901779 5.004466
v -2.382082 92.715652 5.500709
v -1.843318 95.010109 5.917245
v -1.965211 95.054543 5.395279
v -1.759010 94.998352 5.438161
v -2.049517 95.066299 5.874357
v -2.256096 93.252182 5.598107
v -2.377527 93.298584 5.076497
v -2.171329 93.242401 5.119388
v -2.462296 93.308365 5.555223
v -2.175493 94.529778 5.776956
v -1.852189 94.601532 5.366125
v -2.058389 94.657715 5.323242
v -1.969295 94.473595 5.819846
v -2.695510 92.757751 6.024557
v -2.382082 92.715652 5.500709
v -2.588282 92.771835 5.457820
v -2.489309 92.701569 6.067440
v -1.975848 94.888275 6.464414
v -2.049517 95.066299 5.874357
v -1.843318 95.010109 5.917245
v -2.182048 94.944466 6.421529
v -2.388266 93.131882 6.145554
v -2.462296 93.308365 5.555223
v -2.256096 93.252182 5.598107
v -2.594465 93.188065 6.102666
v -2.283077 94.514206 6.343417
v -1.969295 94.473595 5.819846
v -2.175493 94.529778 5.776956
v -2.076879 94.458023 6.386305
v -2.328558 90.334160 6.681506
v -2.935172 91.159744 4.602875
v -2.261244 90.622849 6.733815
v -3.002357 90.870819 4.550570
v -2.136667 90.281845 6.721421
v -2.743111 91.107346 4.642814
v -2.810280 90.818466 4.590516
v -2.069012 90.570389 6.773788
v -2.810280 90.818466 4.590516
v -2.935172 91.159744 4.602875
v -3.002357 90.870819 4.550570
v -2.743111 91.107346 4.642814
v -2.136667 90.281845 6.721421
v -3.002357 90.870819 4.550570
v -2.328558 90.334160 6.681506
v -2.810280 90.818466 4.590516
v -2.743111 91.107346 4.642814
v -2.261244 90.622849 6.733815
v -2.935172 91.159744 4.602875
v -2.069012 90.570389 6.773788
v -2.682111 89.585991 4.409140
v -3.250000 90.164787 4.359785
v -3.344464 89.763474 4.288229
v -2.587646 89.987297 4.480696
v -3.059124 90.263664 4.413729
v -2.716661 90.171906 4.476247
v -2.990589 90.554794 4.465642
v -2.648129 90.463051 4.528160
v -2.655046 90.654373 4.312741
v -2.833449 91.020905 4.320750
v -2.833579 90.702225 4.280150
v -2.514024 90.935318 4.379062
v -2.692818 91.300179 4.386774
v -2.514287 91.252350 4.419363
v -2.441261 91.341835 4.684859
v -2.715195 91.724701 4.674249
v -2.783721 91.433594 4.622341
v -2.372735 91.632950 4.736767
v -2.839639 91.908020 4.670623
v -2.177288 91.730545 4.791536
v -2.745333 92.308640 4.742059
v -2.082981 92.131165 4.862972
v -2.682111 89.585991 4.409140
v -3.378177 89.851616 4.602288
v -2.715824 89.674149 4.723200
v -3.344464 89.763474 4.288229
v -3.344464 89.763474 4.288229
v -3.313200 90.127640 4.651506
v -3.378177 89.851616 4.602288
v -3.250000 90.164787 4.359785
v -3.059124 90.263664 4.413729
v -3.017558 90.507957 4.763978
v -3.086092 90.216820 4.712064
v -2.990589 90.554794 4.465642
v -2.783721 91.433594 4.622341
v -2.742164 91.677864 4.972585
v -2.810689 91.386749 4.920678
v -2.715195 91.724701 4.674249
v -2.839639 91.908020 4.670623
v -2.837708 92.147583 5.011684
v -2.902842 91.870895 4.962346
v -2.745333 92.308640 4.742059
v -2.745333 92.308640 4.742059
v -2.175356 91.970108 5.132599
v -2.837708 92.147583 5.011684
v -2.082981 92.131165 4.862972
v -2.082981 92.131165 4.862972
v -2.240490 91.693413 5.083259
v -2.175356 91.970108 5.132599
v -2.177288 91.730545 4.791536
v -2.372735 91.632950 4.736767
v -2.531516 91.311951 4.971641
v -2.462989 91.603050 5.023549
v -2.441261 91.341835 4.684859
v -2.648129 90.463051 4.528160
v -2.806916 90.142014 4.763028
v -2.738382 90.433151 4.814942
v -2.716661 90.171906 4.476247
v -2.587646 89.987297 4.480696
v -2.715824 89.674149 4.723200
v -2.650848 89.950172 4.772418
v -2.682111 89.585991 4.409140
v -2.655046 90.654373 4.312741
v -2.990589 90.554794 4.465642
v -2.648129 90.463051 4.528160
v -2.833579 90.702225 4.280150
v -2.692818 91.300179 4.386774
v -2.441261 91.341835 4.684859
v -2.783721 91.433594 4.622341
v -2.514287 91.252350 4.419363
v -3.313200 90.127640 4.651506
v -2.715824 89.674149 4.723200
v -3.378177 89.851616 4.602288
v -2.650848 89.950172 4.772418
v -3.086092 90.216820 4.712064
v -2.806916 90.142014 4.763028
v -3.017558 90.507957 4.763978
v -2.738382 90.433151 4.814942
v -3.024385 90.976456 4.822143
v -2.524884 90.842613 4.913327
v -2.810689 91.386749 4.920678
v -2.531516 91.311951 4.971641
v -2.742164 91.677864 4.972585
v -2.462989 91.603050 5.023549
v -2.902842 91.870895 4.962346
v -2.240490 91.693413 5.083259
v -2.837708 92.147583 5.011684
v -2.175356 91.970108 5.132599
v -3.231139 89.619278 6.067439
v -3.440614 89.862701 6.317323
v -3.234412 89.806511 6.360203
v -3.437340 89.675461 6.024554
v -2.823627 91.555954 6.677798
v -2.923877 91.862167 6.421526
v -2.717676 91.805984 6.464411
v -3.029826 91.612137 6.634909
v -3.212532 89.819489 5.004464
v -2.936156 89.743675 4.634115
v -3.142355 89.799866 4.591231
v -3.006331 89.763306 5.047350
v -3.119357 90.216293 5.076496
v -3.142355 89.799866 4.591231
v -3.016371 90.336403 4.688635
v -3.212532 89.819489 5.004464
v -3.204128 90.226074 5.555223
v -3.330112 89.689545 5.457819
v -3.336298 90.105774 6.102665
v -3.437340 89.675461 6.024554
v -3.440614 89.862701 6.317323
v -2.913159 90.160110 5.119389
v -3.016371 90.336403 4.688635
v -2.810171 90.280212 4.731523
v -3.119357 90.216293 5.076496
v -2.936156 89.743675 4.634115
v -2.913159 90.160110 5.119389
v -2.810171 90.280212 4.731523
v -3.006331 89.763306 5.047350
v -3.123913 89.633354 5.500707
v -2.997928 90.169891 5.598105
v -3.231139 89.619278 6.067439
v -3.130098 90.049591 6.145552
v -3.234412 89.806511 6.360203
v -2.800222 91.575424 5.323242
v -2.523371 91.501633 4.953256
v -2.729569 91.557816 4.910366
v -2.594022 91.519241 5.366126
v -2.603592 92.094330 5.007772
v -2.800222 91.575424 5.323242
v -2.729569 91.557816 4.910366
v -2.707043 91.972244 5.395279
v -2.791348 91.984001 5.874357
v -2.917327 91.447487 5.776954
v -2.923877 91.862167 6.421526
v -3.024906 91.431915 6.343417
v -3.029826 91.612137 6.634909
v -2.500842 91.916061 5.438161
v -2.603592 92.094330 5.007772
v -2.397393 92.038147 5.050658
v -2.707043 91.972244 5.395279
v -2.594022 91.519241 5.366126
v -2.397393 92.038147 5.050658
v -2.523371 91.501633 4.953256
v -2.500842 91.916061 5.438161
v -2.711127 91.391296 5.819844
v -2.585148 91.927811 5.917245
v -2.818707 91.375732 6.386302
v -2.717676 91.805984 6.464411
v -2.823627 91.555954 6.677798
v -3.234412 89.806511 6.360203
v -3.336298 90.105774 6.102665
v -3.130098 90.049591 6.145552
v -3.440614 89.862701 6.317323
v -3.029826 91.612137 6.634909
v -2.818707 91.375732 6.386302
v -3.024906 91.431915 6.343417
v -2.823627 91.555954 6.677798
v -3.330112 89.689545 5.457819
v -3.006331 89.763306 5.047350
v -3.212532 89.819489 5.004464
v -3.123913 89.633354 5.500707
v -2.585148 91.927811 5.917245
v -2.707043 91.972244 5.395279
v -2.500842 91.916061 5.438161
v -2.791348 91.984001 5.874357
v -2.997928 90.169891 5.598105
v -3.119357 90.216293 5.076496
v -2.913159 90.160110 5.119389
v -3.204128 90.226074 5.555223
v -2.917327 91.447487 5.776954
v -2.594022 91.519241 5.366126
v -2.800222 91.575424 5.323242
v -2.711127 91.391296 5.819844
v -3.437340 89.675461 6.024554
v -3.123913 89.633354 5.500707
v -3.330112 89.689545 5.457819
v -3.231139 89.619278 6.067439
v -2.717676 91.805984 6.464411
v -2.791348 91.984001 5.874357
v -2.585148 91.927811 5.917245
v -2.923877 91.862167 6.421526
v -3.130098 90.049591 6.145552
v -3.204128 90.226074 5.555223
v -2.997928 90.169891 5.598105
v -3.336298 90.105774 6.102665
v -3.024906 91.431915 6.343417
v -2.711127 91.391296 5.819844
v -2.917327 91.447487 5.776954
v -2.818707 91.375732 6.386302
v -2.214297 76.464531 8.928886
v -2.060356 76.585587 9.349872
v -2.229026 76.626907 9.248962
v -2.060356 76.381462 8.958885
v -1.891686 76.626907 9.248963
v -2.060356 76.381462 8.209330
v -1.906415 76.464531 8.928886
v -2.214297 76.464531 8.928886
v -2.213914 76.627533 8.868207
v -2.060356 76.381462 8.209330
v -2.229026 76.626907 9.248962
v -2.227972 76.708389 9.047163
v -2.258282 76.868759 9.137285
v -2.260359 76.868759 9.428695
v -1.906798 76.627533 8.868207
v -1.906415 76.464531 8.928886
v -2.060356 76.381462 8.209330
v -1.892740 76.708389 9.047164
v -1.891686 76.626907 9.248963
v -1.860353 76.868759 9.428697
v -1.862429 76.868759 9.137285
v -2.060356 76.585587 9.349872
v -2.260359 76.868759 9.428695
v -2.229026 76.626907 9.248962
v -2.060357 76.868759 9.575553
v -1.891686 76.626907 9.248963
v -1.860353 76.868759 9.428697
v -2.060356 76.868759 8.995103
v -2.227972 76.708389 9.047163
v -2.258282 76.868759 9.137285
v -2.060356 76.747978 8.942683
v -1.862429 76.868759 9.137285
v -1.892740 76.708389 9.047164
v -2.060356 76.747978 8.942683
v -2.213914 76.627533 8.868207
v -2.227972 76.708389 9.047163
v -2.060356 76.712112 8.838215
v -2.060356 76.381462 8.209330
v -1.906798 76.627533 8.868207
v -1.892740 76.708389 9.047164
v -2.059235 97.032272 8.650287
v -1.173126 98.339859 8.650288
v -1.613454 96.895874 8.650289
v -1.618905 98.476242 8.650288
v -1.618905 98.476242 8.650288
v -1.172825 98.340836 8.418162
v -1.173126 98.339859 8.650288
v -1.618607 98.477234 8.418162
v -1.618607 98.477234 8.418162
v -1.618905 98.476242 8.650288
v -1.720289 98.143768 8.251144
v -1.956810 97.368149 8.251143
v -2.059235 97.032272 8.650287
v -2.058933 97.033249 8.418163
v -1.613454 96.895874 8.650289
v -2.058933 97.033249 8.418163
v -2.059235 97.032272 8.650287
v -1.613155 96.896851 8.418164
v -1.613155 96.896851 8.418164
v -1.613454 96.895874 8.650289
v -1.511033 97.231750 8.251145
v -1.173126 98.339859 8.650288
v -1.274510 98.007385 8.251144
v -1.172825 98.340836 8.418162
v -1.911319 97.201645 8.756456
v -1.940914 97.105316 8.650287
v -1.892583 97.263306 8.650287
v -1.940941 97.104828 8.756456
v -1.919051 97.175659 8.949152
v -1.898091 97.244415 8.883431
v -1.825614 97.396347 9.011158
v -1.825597 97.396637 8.944415
v -1.742394 97.576950 8.961607
v -1.742409 97.576675 9.020842
v -1.641952 97.119232 8.756458
v -1.743085 97.270493 8.650289
v -1.623209 97.180878 8.650289
v -1.761825 97.208847 8.756456
v -1.892583 97.263306 8.650287
v -1.911319 97.201645 8.756456
v -1.898091 97.244415 8.883431
v -1.752922 97.237579 8.850419
v -1.628715 97.161987 8.883128
v -1.671568 97.022415 8.756458
v -1.623209 97.180878 8.650289
v -1.671543 97.022903 8.650289
v -1.641952 97.119232 8.756458
v -1.628715 97.161987 8.883128
v -1.649679 97.093246 8.948846
v -1.603497 97.328690 8.944165
v -1.603512 97.328384 9.010905
v -1.571554 97.524399 9.020649
v -1.571537 97.524658 8.961413
v -1.940941 97.104828 8.756456
v -1.821038 97.015701 8.650287
v -1.940914 97.105316 8.650287
v -1.821065 97.015228 8.756456
v -1.671543 97.022903 8.650289
v -1.671568 97.022415 8.756458
v -1.649679 97.093246 8.948846
v -1.794845 97.100067 8.981859
v -1.919051 97.175659 8.949152
v -1.742394 97.576950 8.961607
v -1.656988 97.550400 9.050361
v -1.742409 97.576675 9.020842
v -1.656959 97.550949 8.931892
v -1.571554 97.524399 9.020649
v -1.571537 97.524658 8.961413
v -1.752922 97.237579 8.850419
v -1.825597 97.396637 8.944415
v -1.898091 97.244415 8.883431
v -1.714537 97.362839 8.905791
v -1.628715 97.161987 8.883128
v -1.603497 97.328690 8.944165
v -1.571537 97.524658 8.961413
v -1.656959 97.550949 8.931892
v -1.742394 97.576950 8.961607
v -1.794845 97.100067 8.981859
v -1.603512 97.328384 9.010905
v -1.649679 97.093246 8.948846
v -1.714573 97.362183 9.049532
v -1.919051 97.175659 8.949152
v -1.825614 97.396347 9.011158
v -1.742409 97.576675 9.020842
v -1.656988 97.550400 9.050361
v -1.571554 97.524399 9.020649
v -1.560376 98.349075 8.650288
v -1.590022 98.251801 8.756457
v -1.608710 98.191116 8.650288
v -1.560403 98.348602 8.756457
v -1.582390 98.276016 8.954236
v -1.603318 98.207855 8.887885
v -1.628588 98.040314 9.014132
v -1.628569 98.040604 8.947392
v -1.660541 97.844482 8.962844
v -1.660554 97.844223 9.022079
v -1.488832 98.101501 8.650288
v -1.320652 98.169388 8.756457
v -1.339337 98.108688 8.650288
v -1.470145 98.162186 8.756457
v -1.608710 98.191116 8.650288
v -1.590022 98.251801 8.756457
v -1.603318 98.207855 8.887885
v -1.479094 98.132568 8.854555
v -1.333944 98.125427 8.887577
v -1.339337 98.108688 8.650288
v -1.291030 98.266190 8.756457
v -1.291003 98.266663 8.650288
v -1.320652 98.169388 8.756457
v -1.333944 98.125427 8.887577
v -1.313017 98.193588 8.953930
v -1.406471 97.972656 8.947140
v -1.406490 97.972366 9.013880
v -1.489696 97.791946 9.021884
v -1.489685 97.792206 8.962649
v -1.410879 98.356293 8.650288
v -1.560403 98.348602 8.756457
v -1.560376 98.349075 8.650288
v -1.410905 98.355789 8.756457
v -1.291003 98.266663 8.650288
v -1.291030 98.266190 8.756457
v -1.313017 98.193588 8.953930
v -1.437240 98.268875 8.987259
v -1.582390 98.276016 8.954236
v -1.575134 97.817947 9.051599
v -1.660541 97.844482 8.962844
v -1.660554 97.844223 9.022079
v -1.575102 97.818481 8.933129
v -1.489696 97.791946 9.021884
v -1.489685 97.792206 8.962649
v -1.628569 98.040604 8.947392
v -1.479094 98.132568 8.854555
v -1.603318 98.207855 8.887885
v -1.517512 98.006821 8.908765
v -1.333944 98.125427 8.887577
v -1.406471 97.972656 8.947140
v -1.489685 97.792206 8.962649
v -1.575102 97.818481 8.933129
v -1.660541 97.844482 8.962844
v -1.406490 97.972366 9.013880
v -1.437240 98.268875 8.987259
v -1.313017 98.193588 8.953930
v -1.517547 98.006149 9.052506
v -1.582390 98.276016 8.954236
v -1.628588 98.040314 9.014132
v -1.660554 97.844223 9.022079
v -1.575134 97.817947 9.051599
v -1.489696 97.791946 9.021884
v -1.511033 97.231750 8.251145
v -2.058933 97.033249 8.418163
v -1.613155 96.896851 8.418164
v -1.956810 97.368149 8.251143
v -1.274510 98.007385 8.251144
v -1.618607 98.477234 8.418162
v -1.720289 98.143768 8.251144
v -1.172825 98.340836 8.418162
v -1.274510 98.007385 8.251144
v -1.956810 97.368149 8.251143
v -1.511033 97.231750 8.251145
v -1.720289 98.143768 8.251144
v -6.032675 68.973190 7.071376
v -6.169862 69.508598 7.071376
v -6.032674 69.508598 7.071376
v -6.169862 68.973190 7.071376
v -6.169862 68.973190 7.071376
v -6.169860 69.508598 7.021269
v -6.169862 69.508598 7.071376
v -6.169861 68.973190 7.021269
v -6.169861 68.973190 7.021269
v -6.032673 69.508598 7.021271
v -6.169860 69.508598 7.021269
v -6.032674 68.973190 7.021271
v -6.032675 68.973190 6.754084
v -6.169862 69.508598 6.754083
v -6.032675 69.508598 6.754084
v -6.169863 68.973190 6.754083
v -6.169863 68.973190 6.754083
v -6.169860 69.508598 6.703978
v -6.169862 69.508598 6.754083
v -6.169862 68.973190 6.703979
v -6.169862 68.973190 6.703979
v -6.032674 69.508598 6.703978
v -6.169860 69.508598 6.703978
v -6.032674 68.973190 6.703980
v -6.032675 68.973190 6.436793
v -6.169862 69.508598 6.436792
v -6.032674 69.508598 6.436792
v -6.169862 68.973190 6.436792
v -6.169862 68.973190 6.436792
v -6.169860 69.508598 6.386685
v -6.169862 69.508598 6.436792
v -6.169861 68.973190 6.386687
v -6.169861 68.973190 6.386687
v -6.032673 69.508598 6.386688
v -6.169860 69.508598 6.386685
v -6.032674 68.973190 6.386688
v -6.032675 68.973190 6.119501
v -6.169862 69.508598 6.119501
v -6.032674 69.508598 6.119501
v -6.169863 68.973190 6.119501
v -6.169863 68.973190 6.119501
v -6.169860 69.508598 6.069395
v -6.169862 69.508598 6.119501
v -6.169861 68.973190 6.069395
v -6.169861 68.973190 6.069395
v -6.032673 69.508598 6.069395
v -6.169860 69.508598 6.069395
v -6.032674 68.973190 6.069395
v -6.032675 68.973190 5.802209
v -6.169863 69.508598 5.802208
v -6.032674 69.508598 5.802208
v -6.169863 68.973190 5.802208
v -6.169863 68.973190 5.802208
v -6.169860 69.508598 5.752102
v -6.169863 69.508598 5.802208
v -6.169861 68.973190 5.752102
v -6.169861 68.973190 5.752102
v -6.032673 69.508598 5.752102
v -6.169860 69.508598 5.752102
v -6.032674 68.973190 5.752104
v -6.032675 68.973190 5.484918
v -6.169863 69.508598 5.484917
v -6.032674 69.508598 5.484917
v -6.169863 68.973190 5.484918
v -6.169863 68.973190 5.484918
v -6.169860 69.508598 5.434810
v -6.169863 69.508598 5.484917
v -6.169861 68.973190 5.434812
v -6.169861 68.973190 5.434812
v -6.032673 69.508598 5.434811
v -6.169860 69.508598 5.434810
v -6.032674 68.973190 5.434812
v -6.032675 68.973190 7.705958
v -6.169862 69.508598 7.705958
v -6.032674 69.508598 7.705958
v -6.169863 68.973190 7.705958
v -6.169863 68.973190 7.705958
v -6.169860 69.508598 7.655853
v -6.169862 69.508598 7.705958
v -6.169862 68.973190 7.655854
v -6.169862 68.973190 7.655854
v -6.032673 69.508598 7.655854
v -6.169860 69.508598 7.655853
v -6.032674 68.973190 7.655856
v -6.032675 68.973190 7.388669
v -6.169861 69.508598 7.388668
v -6.032674 69.508598 7.388667
v -6.169862 68.973190 7.388668
v -6.169862 68.973190 7.388668
v -6.169860 69.508598 7.338561
v -6.169861 69.508598 7.388668
v -6.169861 68.973190 7.338562
v -6.169861 68.973190 7.338562
v -6.032672 69.508598 7.338563
v -6.169860 69.508598 7.338561
v -6.032674 68.973190 7.338563
v 9.634130 62.380341 5.534376
v 9.581402 62.253052 5.099130
v 9.581404 62.253052 5.534377
v 9.634129 62.380341 5.099130
v 9.581405 62.507645 5.534376
v 9.581403 62.507645 5.099130
v 9.454107 62.200317 5.099130
v 9.581404 62.253052 5.534377
v 9.581402 62.253052 5.099130
v 9.454109 62.200317 5.534377
v 9.326812 62.253052 5.099130
v 9.326814 62.253052 5.534377
v 9.274085 62.380341 5.099130
v 9.326814 62.253052 5.534377
v 9.326812 62.253052 5.099130
v 9.274087 62.380341 5.534377
v 9.326813 62.507645 5.099130
v 9.326815 62.507645 5.534377
v 9.454107 62.560364 5.099130
v 9.326815 62.507645 5.534377
v 9.326813 62.507645 5.099130
v 9.454109 62.560364 5.534377
v 9.581403 62.507645 5.099130
v 9.581405 62.507645 5.534376
v 9.634130 62.380341 5.534376
v 9.581404 62.253052 5.534377
v 9.581405 62.507645 5.534376
v 9.454109 62.200317 5.534377
v 9.454109 62.560364 5.534377
v 9.326814 62.253052 5.534377
v 9.326815 62.507645 5.534377
v 9.274087 62.380341 5.534377
v 2.213137 93.126244 5.909170
v 2.210034 93.244522 6.474145
v 2.324103 93.326721 6.395370
v 2.091599 93.029587 5.952297
v 2.023408 93.248474 5.421428
v 1.888372 93.160820 5.428881
v 1.828269 93.646950 5.118169
v 1.888372 93.160820 5.428881
v 2.023408 93.248474 5.421428
v 1.678864 93.588318 5.103550
v 1.702056 94.169403 5.115278
v 1.542899 94.148727 5.100622
v 1.687927 94.614792 5.415339
v 1.527350 94.626709 5.422832
v 1.781900 94.808807 5.914187
v 1.527350 94.626709 5.422832
v 1.687927 94.614792 5.415339
v 1.628888 94.834930 5.957417
v 1.961257 94.686127 6.398054
v 1.821657 94.703300 6.476732
v 2.158890 94.288300 6.700529
v 2.033659 94.276451 6.801278
v 2.302559 93.770370 6.697903
v 2.033659 94.276451 6.801278
v 2.158890 94.288300 6.700529
v 2.187080 93.720566 6.798687
v 2.324103 93.326721 6.395370
v 2.187080 93.720566 6.798687
v 2.302559 93.770370 6.697903
v 2.210034 93.244522 6.474145
v 3.022727 89.948212 5.912770
v 3.014868 90.069138 6.483160
v 3.128392 90.150734 6.403022
v 2.901434 89.851921 5.957426
v 2.837173 90.071465 5.423791
v 2.702026 89.984116 5.432738
v 2.638063 90.468903 5.121787
v 2.702026 89.984116 5.432738
v 2.837173 90.071465 5.423791
v 2.488407 90.410545 5.108709
v 2.503514 90.989288 5.121528
v 2.344207 90.968826 5.108387
v 2.485301 91.433006 5.420833
v 2.324816 91.445053 5.429541
v 2.592410 91.633202 5.910435
v 2.324816 91.445053 5.429541
v 2.485301 91.433006 5.420833
v 2.439767 91.659836 5.954749
v 2.786122 91.512009 6.396917
v 2.647280 91.529716 6.476807
v 2.986752 91.114960 6.698442
v 2.862419 91.103683 6.800363
v 3.115554 90.593170 6.700512
v 2.862419 91.103683 6.800363
v 2.986752 91.114960 6.698442
v 3.000894 90.543915 6.802493
v 3.128392 90.150734 6.403022
v 3.000894 90.543915 6.802493
v 3.115554 90.593170 6.700512
v 3.014868 90.069138 6.483160
v 2.266310 93.443436 6.306599
v 0.871881 93.461334 6.800805
v 2.173912 93.278900 5.909016
v 2.017737 93.378754 5.509955
v 1.858315 93.705101 5.261554
v 1.858315 93.705101 5.261554
v 0.871881 93.461334 6.800805
v 1.756343 94.133209 5.258760
v 1.745742 94.497559 5.503765
v 1.820912 94.656288 5.913777
v 1.966927 94.555840 6.309525
v 0.871881 93.461334 6.800805
v 2.128843 94.230148 6.557139
v 2.248271 93.806580 6.554423
v 2.266310 93.443436 6.306599
v 3.070050 90.267014 6.314229
v 1.685794 90.287712 6.814427
v 2.983697 90.101044 5.912183
v 2.832580 90.202026 5.511970
v 2.669533 90.527420 5.264719
v 2.669533 90.527420 5.264719
v 1.685794 90.287712 6.814427
v 2.558981 90.953590 5.264618
v 2.543694 91.316498 5.509604
v 2.631314 91.480453 5.910697
v 2.790717 91.381432 6.308744
v 1.685794 90.287712 6.814427
v 2.955277 91.056450 6.555506
v 3.060038 90.629066 6.557425
v 3.070050 90.267014 6.314229
v 3.854975 88.824661 8.391567
v 3.747094 87.346428 8.391567
v 3.384762 88.698669 8.391562
v 4.217309 87.472427 8.391564
v 4.217309 87.472427 8.391564
v 3.747094 87.346428 8.300928
v 3.747094 87.346428 8.391567
v 4.217309 87.472427 8.300926
v 3.854975 88.824661 8.391567
v 4.217309 87.472427 8.300926
v 4.217309 87.472427 8.391564
v 3.854975 88.824661 8.300927
v 3.384762 88.698669 8.391562
v 3.854975 88.824661 8.300927
v 3.854975 88.824661 8.391567
v 3.384762 88.698669 8.300922
v 3.747094 87.346428 8.391567
v 3.384762 88.698669 8.300922
v 3.384762 88.698669 8.391562
v 3.747094 87.346428 8.300928
v 4.034672 87.739891 8.733991
v 4.021064 87.636536 8.300927
v 4.021061 87.636536 8.733991
v 4.034675 87.739891 8.300927
v 3.971204 87.822601 8.733991
v 3.971206 87.822601 8.300927
v 3.938356 87.573059 8.300927
v 4.021061 87.636536 8.733991
v 4.021064 87.636536 8.300927
v 3.938353 87.573059 8.733994
v 3.834991 87.586678 8.300927
v 3.834989 87.586678 8.733994
v 3.771529 87.669388 8.300927
v 3.834989 87.586678 8.733994
v 3.834991 87.586678 8.300927
v 3.771527 87.669388 8.733991
v 3.785134 87.772751 8.300927
v 3.785132 87.772751 8.733991
v 3.867846 87.836212 8.300927
v 3.785132 87.772751 8.733991
v 3.785134 87.772751 8.300927
v 3.867844 87.836212 8.733991
v 3.971206 87.822601 8.300927
v 3.971204 87.822601 8.733991
v 4.077950 87.751488 8.818790
v 4.059868 87.614128 8.733991
v 4.059868 87.614128 8.818790
v 4.077950 87.751488 8.733991
v 3.993610 87.861404 8.818790
v 3.993610 87.861404 8.733991
v 3.949950 87.529785 8.733994
v 4.059868 87.614128 8.818790
v 4.059868 87.614128 8.733991
v 3.949950 87.529785 8.818793
v 3.812587 87.547867 8.733994
v 3.812588 87.547867 8.818793
v 3.728245 87.657791 8.733991
v 3.812588 87.547867 8.818793
v 3.812587 87.547867 8.733994
v 3.728245 87.657791 8.818790
v 3.746329 87.795151 8.733991
v 3.746329 87.795151 8.818790
v 3.856246 87.879486 8.733991
v 3.746329 87.795151 8.818790
v 3.746329 87.795151 8.733991
v 3.856246 87.879486 8.818790
v 3.993610 87.861404 8.733991
v 3.993610 87.861404 8.818790
v 3.826182 88.517982 8.733994
v 3.812576 88.414612 8.300930
v 3.812574 88.414612 8.733994
v 3.826184 88.517982 8.300930
v 3.762714 88.600693 8.733994
v 3.762716 88.600693 8.300930
v 3.729866 88.351151 8.300930
v 3.812574 88.414612 8.733994
v 3.812576 88.414612 8.300930
v 3.729863 88.351151 8.733994
v 3.626504 88.364769 8.300930
v 3.626501 88.364769 8.733994
v 3.563039 88.447479 8.300930
v 3.626501 88.364769 8.733994
v 3.626504 88.364769 8.300930
v 3.563036 88.447479 8.733994
v 3.576645 88.550842 8.300930
v 3.576643 88.550842 8.733994
v 3.659357 88.614304 8.300930
v 3.576643 88.550842 8.733994
v 3.576645 88.550842 8.300930
v 3.659355 88.614304 8.733994
v 3.762716 88.600693 8.300930
v 3.762714 88.600693 8.733994
v 3.869460 88.529587 8.818793
v 3.851379 88.392220 8.733994
v 3.851379 88.392220 8.818793
v 3.869460 88.529587 8.733994
v 3.785120 88.639496 8.818793
v 3.785120 88.639496 8.733994
v 3.741462 88.307869 8.733994
v 3.851379 88.392220 8.818793
v 3.851379 88.392220 8.733994
v 3.741462 88.307869 8.818793
v 3.604099 88.325958 8.733994
v 3.604099 88.325958 8.818793
v 3.519756 88.435883 8.733994
v 3.604099 88.325958 8.818793
v 3.604099 88.325958 8.733994
v 3.519756 88.435883 8.818793
v 3.537839 88.573235 8.733994
v 3.537840 88.573235 8.818793
v 3.647756 88.657578 8.733994
v 3.537840 88.573235 8.818793
v 3.537839 88.573235 8.733994
v 3.647756 88.657578 8.818793
v 3.785120 88.639496 8.733994
v 3.785120 88.639496 8.818793
v 1.537480 92.766312 7.712876
v 2.028683 91.175903 8.357633
v 1.684124 91.175911 8.357632
v 2.175315 92.766312 7.712873
v 1.890288 93.221947 7.712872
v 2.588199 90.570419 7.688900
v 2.872803 90.115166 7.688901
v 2.235202 90.115158 7.688906
v 2.384456 88.524712 8.326428
v 2.725076 88.524719 8.326437
v 2.588199 90.570419 7.688900
v 2.317504 90.651947 8.576702
v 2.454670 90.769012 8.576702
v 2.235202 90.115158 7.688906
v 2.183267 90.088470 8.576706
v 2.243955 89.281021 8.576704
v 2.384456 88.524712 8.326428
v 2.653865 90.768440 8.576702
v 2.872803 90.115166 7.688901
v 2.588199 90.570419 7.688900
v 2.790498 90.651962 8.576702
v 2.924745 90.088470 8.576703
v 2.864035 89.280899 8.576703
v 2.725076 88.524719 8.326437
v 2.166411 91.931946 8.600675
v 2.028683 91.175903 8.357633
v 2.175315 92.766312 7.712873
v 2.226866 92.739624 8.600676
v 2.093613 93.303116 8.600676
v 1.955841 93.420158 8.600676
v 1.890288 93.221947 7.712872
v 1.684124 91.175911 8.357632
v 1.546376 91.931946 8.600676
v 1.537480 92.766312 7.712876
v 1.485927 92.739616 8.600675
v 1.619168 93.303108 8.600675
v 1.890288 93.221947 7.712872
v 1.756946 93.420166 8.600676
v 1.586722 93.416718 6.681549
v 2.193338 94.242027 4.602875
v 2.260524 93.953110 4.550570
v 1.519408 93.705414 6.733857
v 1.394829 93.364410 6.721465
v 2.001278 94.189636 4.642814
v 1.327174 93.652946 6.773829
v 2.068447 93.900757 4.590515
v 2.068447 93.900757 4.590515
v 2.193338 94.242027 4.602875
v 2.001278 94.189636 4.642814
v 2.260524 93.953110 4.550570
v 1.394829 93.364410 6.721465
v 2.260524 93.953110 4.550570
v 2.068447 93.900757 4.590515
v 1.586722 93.416718 6.681549
v 2.001278 94.189636 4.642814
v 1.519408 93.705414 6.733857
v 1.327174 93.652946 6.773829
v 2.193338 94.242027 4.602875
v 2.508168 93.247070 4.359786
v 1.940278 92.668289 4.409141
v 2.602633 92.845764 4.288231
v 1.845813 93.069595 4.480697
v 2.317291 93.345955 4.413731
v 1.974827 93.254196 4.476247
v 2.248755 93.637085 4.465642
v 1.906296 93.545341 4.528159
v 2.091618 94.103203 4.320749
v 1.913214 93.736671 4.312742
v 2.091747 93.784515 4.280150
v 1.772190 94.017616 4.379061
v 1.950986 94.382469 4.386774
v 1.772452 94.334633 4.419364
v 1.973362 94.806999 4.674249
v 1.699427 94.424133 4.684856
v 2.041888 94.515884 4.622342
v 1.630901 94.715248 4.736764
v 2.097806 94.990311 4.670624
v 1.435454 94.812836 4.791534
v 2.003501 95.390930 4.742059
v 1.341147 95.213455 4.862969
v 1.940278 92.668289 4.409141
v 2.636345 92.933914 4.602290
v 2.602633 92.845764 4.288231
v 1.973992 92.756439 4.723202
v 2.602633 92.845764 4.288231
v 2.571369 93.209930 4.651508
v 2.508168 93.247070 4.359786
v 2.636345 92.933914 4.602290
v 2.317291 93.345955 4.413731
v 2.275726 93.590248 4.763978
v 2.248755 93.637085 4.465642
v 2.344259 93.299118 4.712065
v 2.041888 94.515884 4.622342
v 2.000331 94.760147 4.972585
v 1.973362 94.806999 4.674249
v 2.068857 94.469040 4.920678
v 2.097806 94.990311 4.670624
v 2.095875 95.229874 5.011684
v 2.003501 95.390930 4.742059
v 2.161009 94.953186 4.962346
v 2.003501 95.390930 4.742059
v 1.433522 95.052399 5.132594
v 1.341147 95.213455 4.862969
v 2.095875 95.229874 5.011684
v 1.341147 95.213455 4.862969
v 1.498657 94.775696 5.083255
v 1.435454 94.812836 4.791534
v 1.433522 95.052399 5.132594
v 1.630901 94.715248 4.736764
v 1.789682 94.394241 4.971641
v 1.699427 94.424133 4.684856
v 1.721155 94.685349 5.023545
v 1.906296 93.545341 4.528159
v 2.065084 93.224304 4.763029
v 1.974827 93.254196 4.476247
v 1.996550 93.515442 4.814941
v 1.845813 93.069595 4.480697
v 1.973992 92.756439 4.723202
v 1.940278 92.668289 4.409141
v 1.909015 93.032455 4.772419
v 1.913214 93.736671 4.312742
v 2.248755 93.637085 4.465642
v 2.091747 93.784515 4.280150
v 1.906296 93.545341 4.528159
v 1.950986 94.382469 4.386774
v 1.699427 94.424133 4.684856
v 1.772452 94.334633 4.419364
v 2.041888 94.515884 4.622342
v 1.973992 92.756439 4.723202
v 2.571369 93.209930 4.651508
v 2.636345 92.933914 4.602290
v 1.909015 93.032455 4.772419
v 2.344259 93.299118 4.712065
v 2.065084 93.224304 4.763029
v 2.275726 93.590248 4.763978
v 1.996550 93.515442 4.814941
v 2.282553 94.058746 4.822144
v 1.783051 93.924904 4.913326
v 2.068857 94.469040 4.920678
v 1.789682 94.394241 4.971641
v 2.000331 94.760147 4.972585
v 1.721155 94.685349 5.023545
v 2.161009 94.953186 4.962346
v 1.498657 94.775696 5.083255
v 2.095875 95.229874 5.011684
v 1.433522 95.052399 5.132594
v 2.489305 92.701569 6.067435
v 2.698778 92.944992 6.317317
v 2.695505 92.757751 6.024552
v 2.492575 92.888809 6.360199
v 2.081792 94.638245 6.677795
v 2.182042 94.944466 6.421524
v 2.287990 94.694427 6.634905
v 1.975842 94.888275 6.464408
v 2.470699 92.901779 5.004466
v 2.194323 92.825974 4.634117
v 2.264499 92.845596 5.047351
v 2.400522 92.882156 4.591233
v 2.400522 92.882156 4.591233
v 2.377525 93.298584 5.076497
v 2.274539 93.418701 4.688635
v 2.470699 92.901779 5.004466
v 2.462293 93.308365 5.555218
v 2.588277 92.771835 5.457815
v 2.594460 93.188065 6.102661
v 2.695505 92.757751 6.024552
v 2.698778 92.944992 6.317317
v 2.171326 93.242401 5.119387
v 2.274539 93.418701 4.688635
v 2.377525 93.298584 5.076497
v 2.068339 93.362503 4.731522
v 2.171326 93.242401 5.119387
v 2.194323 92.825974 4.634117
v 2.068339 93.362503 4.731522
v 2.264499 92.845596 5.047351
v 2.382079 92.715652 5.500704
v 2.256093 93.252182 5.598102
v 2.489305 92.701569 6.067435
v 2.388260 93.131882 6.145548
v 2.492575 92.888809 6.360199
v 2.058387 94.657715 5.323236
v 1.781537 94.583923 4.953256
v 1.852187 94.601532 5.366119
v 1.987737 94.640106 4.910366
v 2.058387 94.657715 5.323236
v 1.861759 95.176620 5.007771
v 1.987737 94.640106 4.910366
v 1.965209 95.054543 5.395274
v 2.049515 95.066299 5.874352
v 2.175491 94.529778 5.776951
v 2.182042 94.944466 6.421524
v 2.283071 94.514206 6.343412
v 2.287990 94.694427 6.634905
v 1.759008 94.998352 5.438156
v 1.861759 95.176620 5.007771
v 1.965209 95.054543 5.395274
v 1.655560 95.120438 5.050654
v 1.655560 95.120438 5.050654
v 1.852187 94.601532 5.366119
v 1.781537 94.583923 4.953256
v 1.759008 94.998352 5.438156
v 1.969293 94.473595 5.819840
v 1.843316 95.010109 5.917239
v 2.076873 94.458023 6.386300
v 1.975842 94.888275 6.464408
v 2.081792 94.638245 6.677795
v 2.492575 92.888809 6.360199
v 2.594460 93.188065 6.102661
v 2.698778 92.944992 6.317317
v 2.388260 93.131882 6.145548
v 2.287990 94.694427 6.634905
v 2.076873 94.458023 6.386300
v 2.081792 94.638245 6.677795
v 2.283071 94.514206 6.343412
v 2.588277 92.771835 5.457815
v 2.264499 92.845596 5.047351
v 2.382079 92.715652 5.500704
v 2.470699 92.901779 5.004466
v 1.843316 95.010109 5.917239
v 1.965209 95.054543 5.395274
v 2.049515 95.066299 5.874352
v 1.759008 94.998352 5.438156
v 2.256093 93.252182 5.598102
v 2.377525 93.298584 5.076497
v 2.462293 93.308365 5.555218
v 2.171326 93.242401 5.119387
v 2.175491 94.529778 5.776951
v 1.852187 94.601532 5.366119
v 1.969293 94.473595 5.819840
v 2.058387 94.657715 5.323236
v 2.695505 92.757751 6.024552
v 2.382079 92.715652 5.500704
v 2.489305 92.701569 6.067435
v 2.588277 92.771835 5.457815
v 1.975842 94.888275 6.464408
v 2.049515 95.066299 5.874352
v 2.182042 94.944466 6.421524
v 1.843316 95.010109 5.917239
v 2.388260 93.131882 6.145548
v 2.462293 93.308365 5.555218
v 2.594460 93.188065 6.102661
v 2.256093 93.252182 5.598102
v 2.283071 94.514206 6.343412
v 1.969293 94.473595 5.819840
v 2.076873 94.458023 6.386300
v 2.175491 94.529778 5.776951
v 2.328552 90.334160 6.681500
v 2.935172 91.159744 4.602875
v 3.002356 90.870819 4.550570
v 2.261237 90.622849 6.733810
v 2.136661 90.281845 6.721416
v 2.743110 91.107346 4.642814
v 2.069005 90.570389 6.773783
v 2.810279 90.818466 4.590516
v 2.810279 90.818466 4.590516
v 2.935172 91.159744 4.602875
v 2.743110 91.107346 4.642814
v 3.002356 90.870819 4.550570
v 2.136661 90.281845 6.721416
v 3.002356 90.870819 4.550570
v 2.810279 90.818466 4.590516
v 2.328552 90.334160 6.681500
v 2.743110 91.107346 4.642814
v 2.261237 90.622849 6.733810
v 2.069005 90.570389 6.773783
v 2.935172 91.159744 4.602875
v 3.249999 90.164787 4.359786
v 2.682111 89.585991 4.409140
v 3.344464 89.763474 4.288229
v 2.587645 89.987297 4.480696
v 3.059123 90.263664 4.413730
v 2.716660 90.171906 4.476247
v 2.990588 90.554794 4.465642
v 2.648129 90.463051 4.528160
v 2.833449 91.020905 4.320750
v 2.655045 90.654373 4.312741
v 2.833578 90.702225 4.280151
v 2.514021 90.935318 4.379062
v 2.692818 91.300179 4.386774
v 2.514284 91.252350 4.419364
v 2.715194 91.724701 4.674249
v 2.441258 91.341835 4.684859
v 2.783720 91.433594 4.622341
v 2.372732 91.632950 4.736767
v 2.839639 91.908020 4.670624
v 2.177285 91.730545 4.791536
v 2.745333 92.308640 4.742059
v 2.082978 92.131165 4.862972
v 2.682111 89.585991 4.409140
v 3.378176 89.851616 4.602288
v 3.344464 89.763474 4.288229
v 2.715824 89.674149 4.723200
v 3.344464 89.763474 4.288229
v 3.313200 90.127640 4.651507
v 3.249999 90.164787 4.359786
v 3.378176 89.851616 4.602288
v 3.059123 90.263664 4.413730
v 3.017558 90.507957 4.763979
v 2.990588 90.554794 4.465642
v 3.086092 90.216820 4.712065
v 2.783720 91.433594 4.622341
v 2.742163 91.677864 4.972585
v 2.715194 91.724701 4.674249
v 2.810689 91.386749 4.920678
v 2.839639 91.908020 4.670624
v 2.837708 92.147583 5.011684
v 2.745333 92.308640 4.742059
v 2.902842 91.870895 4.962346
v 2.745333 92.308640 4.742059
v 2.175353 91.970108 5.132593
v 2.082978 92.131165 4.862972
v 2.837708 92.147583 5.011684
v 2.082978 92.131165 4.862972
v 2.240487 91.693413 5.083258
v 2.177285 91.730545 4.791536
v 2.175353 91.970108 5.132593
v 2.372732 91.632950 4.736767
v 2.531513 91.311951 4.971641
v 2.441258 91.341835 4.684859
v 2.462986 91.603050 5.023549
v 2.648129 90.463051 4.528160
v 2.806916 90.142014 4.763028
v 2.716660 90.171906 4.476247
v 2.738382 90.433151 4.814942
v 2.587645 89.987297 4.480696
v 2.715824 89.674149 4.723200
v 2.682111 89.585991 4.409140
v 2.650848 89.950172 4.772419
v 2.655045 90.654373 4.312741
v 2.990588 90.554794 4.465642
v 2.833578 90.702225 4.280151
v 2.648129 90.463051 4.528160
v 2.692818 91.300179 4.386774
v 2.441258 91.341835 4.684859
v 2.514284 91.252350 4.419364
v 2.783720 91.433594 4.622341
v 2.715824 89.674149 4.723200
v 3.313200 90.127640 4.651507
v 3.378176 89.851616 4.602288
v 2.650848 89.950172 4.772419
v 3.086092 90.216820 4.712065
v 2.806916 90.142014 4.763028
v 3.017558 90.507957 4.763979
v 2.738382 90.433151 4.814942
v 3.024385 90.976456 4.822144
v 2.524882 90.842613 4.913327
v 2.810689 91.386749 4.920678
v 2.531513 91.311951 4.971641
v 2.742163 91.677864 4.972585
v 2.462986 91.603050 5.023549
v 2.902842 91.870895 4.962346
v 2.240487 91.693413 5.083258
v 2.837708 92.147583 5.011684
v 2.175353 91.970108 5.132593
v 3.231134 89.619278 6.067435
v 3.440608 89.862701 6.317318
v 3.437335 89.675461 6.024551
v 3.234407 89.806511 6.360199
v 2.823622 91.555954 6.677794
v 2.923872 91.862167 6.421522
v 3.029821 91.612137 6.634905
v 2.717672 91.805984 6.464406
v 3.212531 89.819489 5.004465
v 2.936155 89.743675 4.634116
v 3.006331 89.763306 5.047350
v 3.142355 89.799866 4.591231
v 3.142355 89.799866 4.591231
v 3.119356 90.216293 5.076496
v 3.016371 90.336403 4.688636
v 3.212531 89.819489 5.004465
v 3.204123 90.226074 5.555218
v 3.330107 89.689545 5.457815
v 3.336293 90.105774 6.102661
v 3.437335 89.675461 6.024551
v 3.440608 89.862701 6.317318
v 2.913158 90.160110 5.119389
v 3.016371 90.336403 4.688636
v 3.119356 90.216293 5.076496
v 2.810171 90.280212 4.731523
v 2.913158 90.160110 5.119389
v 2.936155 89.743675 4.634116
v 2.810171 90.280212 4.731523
v 3.006331 89.763306 5.047350
v 3.123908 89.633354 5.500702
v 2.997922 90.169891 5.598101
v 3.231134 89.619278 6.067435
v 3.130093 90.049591 6.145548
v 3.234407 89.806511 6.360199
v 2.800217 91.575424 5.323237
v 2.523368 91.501633 4.953256
v 2.594017 91.519241 5.366121
v 2.729569 91.557816 4.910366
v 2.800217 91.575424 5.323237
v 2.603591 92.094330 5.007772
v 2.729569 91.557816 4.910366
v 2.707038 91.972244 5.395275
v 2.791342 91.984001 5.874352
v 2.917322 91.447487 5.776949
v 2.923872 91.862167 6.421522
v 3.024902 91.431915 6.343412
v 3.029821 91.612137 6.634905
v 2.500839 91.916061 5.438157
v 2.603591 92.094330 5.007772
v 2.707038 91.972244 5.395275
v 2.397391 92.038147 5.050658
v 2.397391 92.038147 5.050658
v 2.594017 91.519241 5.366121
v 2.523368 91.501633 4.953256
v 2.500839 91.916061 5.438157
v 2.711122 91.391296 5.819839
v 2.585143 91.927811 5.917240
v 2.818702 91.375732 6.386298
v 2.717672 91.805984 6.464406
v 2.823622 91.555954 6.677794
v 3.234407 89.806511 6.360199
v 3.336293 90.105774 6.102661
v 3.440608 89.862701 6.317318
v 3.130093 90.049591 6.145548
v 3.029821 91.612137 6.634905
v 2.818702 91.375732 6.386298
v 2.823622 91.555954 6.677794
v 3.024902 91.431915 6.343412
v 3.330107 89.689545 5.457815
v 3.006331 89.763306 5.047350
v 3.123908 89.633354 5.500702
v 3.212531 89.819489 5.004465
v 2.585143 91.927811 5.917240
v 2.707038 91.972244 5.395275
v 2.791342 91.984001 5.874352
v 2.500839 91.916061 5.438157
v 2.997922 90.169891 5.598101
v 3.119356 90.216293 5.076496
v 3.204123 90.226074 5.555218
v 2.913158 90.160110 5.119389
v 2.917322 91.447487 5.776949
v 2.594017 91.519241 5.366121
v 2.711122 91.391296 5.819839
v 2.800217 91.575424 5.323237
v 3.437335 89.675461 6.024551
v 3.123908 89.633354 5.500702
v 3.231134 89.619278 6.067435
v 3.330107 89.689545 5.457815
v 2.717672 91.805984 6.464406
v 2.791342 91.984001 5.874352
v 2.923872 91.862167 6.421522
v 2.585143 91.927811 5.917240
v 3.130093 90.049591 6.145548
v 3.204123 90.226074 5.555218
v 3.336293 90.105774 6.102661
v 2.997922 90.169891 5.598101
v 3.024902 91.431915 6.343412
v 2.711122 91.391296 5.819839
v 2.818702 91.375732 6.386298
v 2.917322 91.447487 5.776949
v 2.060345 76.585587 9.349868
v 2.214287 76.464531 8.928883
v 2.229015 76.626907 9.248960
v 2.060345 76.381462 8.958881
v 2.060345 76.381462 8.209326
v 1.891676 76.626907 9.248960
v 1.906404 76.464531 8.928883
v 2.214287 76.464531 8.928883
v 2.060345 76.381462 8.209326
v 2.213903 76.627533 8.868204
v 2.229015 76.626907 9.248960
v 2.227962 76.708389 9.047161
v 2.258272 76.868759 9.137282
v 2.260349 76.868759 9.428693
v 1.906787 76.627533 8.868204
v 2.060345 76.381462 8.209326
v 1.906404 76.464531 8.928883
v 1.892730 76.708389 9.047161
v 1.891676 76.626907 9.248960
v 1.860343 76.868759 9.428694
v 1.862419 76.868759 9.137282
v 2.260349 76.868759 9.428693
v 2.060345 76.585587 9.349868
v 2.229015 76.626907 9.248960
v 2.060345 76.868759 9.575550
v 1.891676 76.626907 9.248960
v 1.860343 76.868759 9.428694
v 2.227962 76.708389 9.047161
v 2.060346 76.868759 8.995100
v 2.258272 76.868759 9.137282
v 2.060345 76.747978 8.942680
v 1.862419 76.868759 9.137282
v 1.892730 76.708389 9.047161
v 2.213903 76.627533 8.868204
v 2.060345 76.747978 8.942680
v 2.227962 76.708389 9.047161
v 2.060345 76.712112 8.838213
v 2.060345 76.381462 8.209326
v 1.906787 76.627533 8.868204
v 1.892730 76.708389 9.047161
v 2.059226 97.032272 8.650283
v 1.173117 98.339859 8.650280
v 1.618896 98.476242 8.650280
v 1.613445 96.895874 8.650281
v 1.618896 98.476242 8.650280
v 1.172816 98.340836 8.418155
v 1.618598 98.477234 8.418155
v 1.173117 98.339859 8.650280
v 1.618598 98.477234 8.418155
v 1.720280 98.143768 8.251137
v 1.618896 98.476242 8.650280
v 1.956801 97.368149 8.251140
v 2.059226 97.032272 8.650283
v 2.058924 97.033249 8.418159
v 1.613445 96.895874 8.650281
v 2.058924 97.033249 8.418159
v 1.613146 96.896851 8.418157
v 2.059226 97.032272 8.650283
v 1.613146 96.896851 8.418157
v 1.511024 97.231750 8.251138
v 1.613445 96.895874 8.650281
v 1.173117 98.339859 8.650280
v 1.274502 98.007385 8.251137
v 1.172816 98.340836 8.418155
v 1.940905 97.105316 8.650283
v 1.911310 97.201645 8.756452
v 1.892574 97.263306 8.650283
v 1.940932 97.104828 8.756452
v 1.919042 97.175659 8.949147
v 1.898082 97.244415 8.883427
v 1.825605 97.396347 9.011154
v 1.825588 97.396637 8.944411
v 1.742384 97.576950 8.961599
v 1.742400 97.576675 9.020834
v 1.743076 97.270493 8.650281
v 1.641943 97.119232 8.756451
v 1.623200 97.180878 8.650281
v 1.761816 97.208847 8.756452
v 1.892574 97.263306 8.650283
v 1.911310 97.201645 8.756452
v 1.898082 97.244415 8.883427
v 1.752913 97.237579 8.850414
v 1.628706 97.161987 8.883121
v 1.623200 97.180878 8.650281
v 1.671559 97.022415 8.756451
v 1.671533 97.022903 8.650281
v 1.641943 97.119232 8.756451
v 1.628706 97.161987 8.883121
v 1.649670 97.093246 8.948838
v 1.603488 97.328690 8.944158
v 1.603503 97.328384 9.010898
v 1.571545 97.524399 9.020641
v 1.571528 97.524658 8.961405
v 1.821029 97.015701 8.650283
v 1.940932 97.104828 8.756452
v 1.940905 97.105316 8.650283
v 1.821056 97.015228 8.756452
v 1.671533 97.022903 8.650281
v 1.671559 97.022415 8.756451
v 1.649670 97.093246 8.948838
v 1.794836 97.100067 8.981854
v 1.919042 97.175659 8.949147
v 1.656979 97.550400 9.050353
v 1.742384 97.576950 8.961599
v 1.742400 97.576675 9.020834
v 1.656950 97.550949 8.931885
v 1.571545 97.524399 9.020641
v 1.571528 97.524658 8.961405
v 1.825588 97.396637 8.944411
v 1.752913 97.237579 8.850414
v 1.898082 97.244415 8.883427
v 1.714528 97.362839 8.905784
v 1.628706 97.161987 8.883121
v 1.603488 97.328690 8.944158
v 1.571528 97.524658 8.961405
v 1.656950 97.550949 8.931885
v 1.742384 97.576950 8.961599
v 1.603503 97.328384 9.010898
v 1.794836 97.100067 8.981854
v 1.649670 97.093246 8.948838
v 1.714564 97.362183 9.049524
v 1.919042 97.175659 8.949147
v 1.825605 97.396347 9.011154
v 1.742400 97.576675 9.020834
v 1.656979 97.550400 9.050353
v 1.571545 97.524399 9.020641
v 1.590013 98.251801 8.756449
v 1.560367 98.349075 8.650280
v 1.608701 98.191116 8.650280
v 1.560394 98.348602 8.756449
v 1.582381 98.276016 8.954228
v 1.603309 98.207855 8.887877
v 1.628579 98.040314 9.014125
v 1.628560 98.040604 8.947384
v 1.660532 97.844482 8.962835
v 1.660545 97.844223 9.022072
v 1.320643 98.169388 8.756449
v 1.488823 98.101501 8.650280
v 1.339328 98.108688 8.650280
v 1.470136 98.162186 8.756449
v 1.608701 98.191116 8.650280
v 1.590013 98.251801 8.756449
v 1.603309 98.207855 8.887877
v 1.479085 98.132568 8.854548
v 1.333935 98.125427 8.887569
v 1.291021 98.266190 8.756449
v 1.339328 98.108688 8.650280
v 1.290994 98.266663 8.650280
v 1.320643 98.169388 8.756449
v 1.333935 98.125427 8.887569
v 1.313009 98.193588 8.953922
v 1.406462 97.972656 8.947131
v 1.406482 97.972366 9.013872
v 1.489687 97.791946 9.021876
v 1.489676 97.792206 8.962642
v 1.560394 98.348602 8.756449
v 1.410870 98.356293 8.650280
v 1.560367 98.349075 8.650280
v 1.410896 98.355789 8.756449
v 1.290994 98.266663 8.650280
v 1.291021 98.266190 8.756449
v 1.313009 98.193588 8.953922
v 1.437231 98.268875 8.987251
v 1.582381 98.276016 8.954228
v 1.660532 97.844482 8.962835
v 1.575125 97.817947 9.051591
v 1.660545 97.844223 9.022072
v 1.575094 97.818481 8.933122
v 1.489687 97.791946 9.021876
v 1.489676 97.792206 8.962642
v 1.479085 98.132568 8.854548
v 1.628560 98.040604 8.947384
v 1.603309 98.207855 8.887877
v 1.517503 98.006821 8.908757
v 1.333935 98.125427 8.887569
v 1.406462 97.972656 8.947131
v 1.489676 97.792206 8.962642
v 1.575094 97.818481 8.933122
v 1.660532 97.844482 8.962835
v 1.437231 98.268875 8.987251
v 1.406482 97.972366 9.013872
v 1.313009 98.193588 8.953922
v 1.517539 98.006149 9.052499
v 1.582381 98.276016 8.954228
v 1.628579 98.040314 9.014125
v 1.660545 97.844223 9.022072
v 1.575125 97.817947 9.051591
v 1.489687 97.791946 9.021876
v 1.511024 97.231750 8.251138
v 2.058924 97.033249 8.418159
v 1.956801 97.368149 8.251140
v 1.613146 96.896851 8.418157
v 1.274502 98.007385 8.251137
v 1.618598 98.477234 8.418155
v 1.172816 98.340836 8.418155
v 1.720280 98.143768 8.251137
v 1.274502 98.007385 8.251137
v 1.956801 97.368149 8.251140
v 1.720280 98.143768 8.251137
v 1.511024 97.231750 8.251138
v 6.032666 68.973190 7.071385
v 6.169854 69.508598 7.071386
v 6.169854 68.973190 7.071386
v 6.032666 69.508598 7.071385
v 6.169854 68.973190 7.071386
v 6.169852 69.508598 7.021280
v 6.169852 68.973190 7.021280
v 6.169854 69.508598 7.071386
v 6.169852 68.973190 7.021280
v 6.032665 69.508598 7.021280
v 6.032665 68.973190 7.021280
v 6.169852 69.508598 7.021280
v 6.032665 68.973190 6.754093
v 6.169853 69.508598 6.754094
v 6.169854 68.973190 6.754094
v 6.032666 69.508598 6.754093
v 6.169854 68.973190 6.754094
v 6.169852 69.508598 6.703988
v 6.169852 68.973190 6.703990
v 6.169853 69.508598 6.754094
v 6.169852 68.973190 6.703990
v 6.032665 69.508598 6.703987
v 6.032665 68.973190 6.703989
v 6.169852 69.508598 6.703988
v 6.032665 68.973190 6.436802
v 6.169853 69.508598 6.436803
v 6.169852 68.973190 6.436803
v 6.032665 69.508598 6.436800
v 6.169852 68.973190 6.436803
v 6.169852 69.508598 6.386696
v 6.169852 68.973190 6.386697
v 6.169853 69.508598 6.436803
v 6.169852 68.973190 6.386697
v 6.032664 69.508598 6.386697
v 6.032664 68.973190 6.386697
v 6.169852 69.508598 6.386696
v 6.032665 68.973190 6.119511
v 6.169853 69.508598 6.119511
v 6.169854 68.973190 6.119511
v 6.032665 69.508598 6.119511
v 6.169854 68.973190 6.119511
v 6.169852 69.508598 6.069405
v 6.169852 68.973190 6.069405
v 6.169853 69.508598 6.119511
v 6.169852 68.973190 6.069405
v 6.032664 69.508598 6.069405
v 6.032664 68.973190 6.069405
v 6.169852 69.508598 6.069405
v 6.032665 68.973190 5.802220
v 6.169854 69.508598 5.802218
v 6.169854 68.973190 5.802218
v 6.032665 69.508598 5.802218
v 6.169854 68.973190 5.802218
v 6.169852 69.508598 5.752112
v 6.169852 68.973190 5.752113
v 6.169854 69.508598 5.802218
v 6.169852 68.973190 5.752113
v 6.032664 69.508598 5.752112
v 6.032664 68.973190 5.752114
v 6.169852 69.508598 5.752112
v 6.032665 68.973190 5.484927
v 6.169854 69.508598 5.484927
v 6.169854 68.973190 5.484927
v 6.032665 69.508598 5.484927
v 6.169854 68.973190 5.484927
v 6.169852 69.508598 5.434820
v 6.169852 68.973190 5.434822
v 6.169854 69.508598 5.484927
v 6.169852 68.973190 5.434822
v 6.032664 69.508598 5.434821
v 6.032664 68.973190 5.434822
v 6.169852 69.508598 5.434820
v 6.032666 68.973190 7.705969
v 6.169854 69.508598 7.705969
v 6.169854 68.973190 7.705969
v 6.032666 69.508598 7.705969
v 6.169854 68.973190 7.705969
v 6.169852 69.508598 7.655864
v 6.169853 68.973190 7.655865
v 6.169854 69.508598 7.705969
v 6.169853 68.973190 7.655865
v 6.032665 69.508598 7.655863
v 6.032665 68.973190 7.655865
v 6.169852 69.508598 7.655864
v 6.032666 68.973190 7.388678
v 6.169853 69.508598 7.388679
v 6.169853 68.973190 7.388679
v 6.032665 69.508598 7.388677
v 6.169853 68.973190 7.388679
v 6.169852 69.508598 7.338572
v 6.169852 68.973190 7.338573
v 6.169853 69.508598 7.388679
v 6.169852 68.973190 7.338573
v 6.032664 69.508598 7.338573
v 6.032665 68.973190 7.338573
v 6.169852 69.508598 7.338572
v -0.000013 90.563812 8.760098
v 0.294985 90.467972 8.566217
v 0.294985 90.467972 8.760098
v -0.000013 90.563812 8.566217
v -0.295012 90.467972 8.760099
v -0.295012 90.467972 8.566217
v 0.477298 90.217010 8.566217
v 0.294985 90.467972 8.760098
v 0.294985 90.467972 8.566217
v 0.477304 90.217010 8.760102
v 0.477298 89.906837 8.566217
v 0.477299 89.906837 8.760101
v 0.294985 89.655899 8.566222
v 0.294985 89.655899 8.760102
v -0.000013 89.560059 8.566222
v 0.294985 89.655899 8.760102
v 0.294985 89.655899 8.566222
v -0.000013 89.560059 8.760102
v -0.295011 89.655899 8.566222
v -0.295012 89.655899 8.760102
v -0.477328 89.906845 8.566222
v -0.295012 89.655899 8.760102
v -0.295011 89.655899 8.566222
v -0.477328 89.906845 8.760102
v -0.477328 90.217026 8.566220
v -0.477328 90.217026 8.760103
v -0.295012 90.467972 8.566217
v -0.295012 90.467972 8.760099
v 0.399396 90.611694 9.176601
v -0.000027 90.741486 9.081005
v 0.399396 90.611694 9.081005
v -0.000027 90.741486 9.176602
v -0.399459 90.611694 9.081005
v -0.399459 90.611694 9.176602
v 0.399396 90.611694 9.081005
v 0.646271 90.271927 9.176604
v 0.399396 90.611694 9.176601
v 0.646272 90.271927 9.081008
v 0.646271 89.851936 9.176604
v 0.646272 89.851936 9.081008
v 0.399396 89.512161 9.176604
v 0.399396 89.512161 9.081009
v 0.399396 89.512161 9.081009
v -0.000027 89.382385 9.176604
v 0.399396 89.512161 9.176604
v -0.000027 89.382385 9.081009
v -0.399458 89.512161 9.176604
v -0.399458 89.512161 9.081009
v -0.399458 89.512161 9.081009
v -0.646308 89.851944 9.176606
v -0.399458 89.512161 9.176604
v -0.646308 89.851944 9.081010
v -0.646303 90.271942 9.176606
v -0.646302 90.271942 9.081010
v -0.399459 90.611694 9.176602
v -0.399459 90.611694 9.081005
v 0.239986 90.392273 8.973157
v -0.000014 90.470245 8.832752
v 0.239987 90.392273 8.832755
v -0.000014 90.470261 8.973154
v -0.240016 90.392273 8.832755
v -0.240027 90.392273 8.973157
v 0.239987 90.392273 8.832755
v 0.388327 90.188110 8.973156
v 0.239986 90.392273 8.973157
v 0.388314 90.188103 8.832755
v 0.388319 89.935745 8.973157
v 0.388314 89.935745 8.832756
v 0.239986 89.731598 8.973157
v 0.239987 89.731598 8.832755
v 0.239987 89.731598 8.832755
v -0.000014 89.653618 8.973158
v 0.239986 89.731598 8.973157
v -0.000013 89.653625 8.832756
v -0.240027 89.731598 8.973159
v -0.240016 89.731598 8.832756
v -0.240016 89.731598 8.832756
v -0.388363 89.935745 8.973159
v -0.240027 89.731598 8.973159
v -0.388349 89.935760 8.832757
v -0.388363 90.188110 8.973158
v -0.388349 90.188103 8.832758
v -0.240027 90.392273 8.973157
v -0.240016 90.392273 8.832755
v -10.354588 54.954018 5.205553
v -10.758850 56.646904 5.205547
v -10.190084 56.589699 5.205553
v -10.923360 55.011215 5.205547
v -10.354585 54.954018 5.099113
v -10.923360 55.011215 5.205547
v -10.354588 54.954018 5.205553
v -10.923360 55.011215 5.099113
v -10.923360 55.011215 5.099113
v -10.758850 56.646904 5.205547
v -10.923360 55.011215 5.205547
v -10.758850 56.646904 5.099113
v -10.758850 56.646904 5.099113
v -10.190084 56.589699 5.205553
v -10.758850 56.646904 5.205547
v -10.190081 56.589699 5.099113
v -10.190081 56.589699 5.099113
v -10.354588 54.954018 5.205553
v -10.190084 56.589699 5.205553
v -10.354585 54.954018 5.099113
v -10.726912 55.238487 5.099112
v -10.762211 55.355713 5.607652
v -10.726912 55.238487 5.607652
v -10.762211 55.355713 5.099112
v -10.704276 55.463562 5.607652
v -10.704276 55.463562 5.099113
v -10.726912 55.238487 5.607652
v -10.619065 55.180557 5.099112
v -10.726912 55.238487 5.099112
v -10.619065 55.180557 5.607652
v -10.501838 55.215851 5.099112
v -10.501838 55.215851 5.607655
v -10.501838 55.215851 5.607655
v -10.443909 55.323700 5.099113
v -10.501838 55.215851 5.099112
v -10.443910 55.323700 5.607659
v -10.479203 55.440926 5.099113
v -10.479204 55.440926 5.607655
v -10.479204 55.440926 5.607655
v -10.587053 55.498856 5.099112
v -10.479203 55.440926 5.099113
v -10.587053 55.498856 5.607651
v -10.704276 55.463562 5.099113
v -10.704276 55.463562 5.607652
v -10.767656 55.205185 5.607652
v -10.814561 55.360977 5.707230
v -10.767656 55.205185 5.707230
v -10.814561 55.360977 5.607652
v -10.737574 55.504303 5.707230
v -10.737574 55.504303 5.607651
v -10.767656 55.205185 5.707230
v -10.624329 55.128204 5.607651
v -10.767656 55.205185 5.607652
v -10.624329 55.128204 5.707230
v -10.468546 55.175110 5.607659
v -10.468546 55.175110 5.707238
v -10.468546 55.175110 5.707238
v -10.391557 55.318436 5.607658
v -10.468546 55.175110 5.607659
v -10.391558 55.318436 5.707237
v -10.438464 55.474220 5.607658
v -10.438463 55.474220 5.707238
v -10.438463 55.474220 5.707238
v -10.581786 55.551208 5.607651
v -10.438464 55.474220 5.607658
v -10.581786 55.551208 5.707230
v -10.737574 55.504303 5.607651
v -10.737574 55.504303 5.707230
v -10.632255 56.179672 5.099112
v -10.667551 56.296898 5.607651
v -10.632255 56.179672 5.607652
v -10.667550 56.296898 5.099112
v -10.609617 56.404747 5.607652
v -10.609615 56.404747 5.099112
v -10.632255 56.179672 5.607652
v -10.524405 56.121742 5.099112
v -10.632255 56.179672 5.099112
v -10.524405 56.121742 5.607654
v -10.407181 56.157036 5.099112
v -10.407182 56.157036 5.607658
v -10.407182 56.157036 5.607658
v -10.349248 56.264885 5.099113
v -10.407181 56.157036 5.099112
v -10.349251 56.264885 5.607659
v -10.384543 56.382103 5.099113
v -10.384546 56.382103 5.607658
v -10.384546 56.382103 5.607658
v -10.492393 56.440041 5.099112
v -10.384543 56.382103 5.099113
v -10.492394 56.440041 5.607654
v -10.609615 56.404747 5.099112
v -10.609617 56.404747 5.607652
v -10.672998 56.146378 5.607652
v -10.719903 56.302162 5.707230
v -10.672998 56.146378 5.707230
v -10.719903 56.302162 5.607651
v -10.642915 56.445488 5.707230
v -10.642915 56.445488 5.607651
v -10.672998 56.146378 5.707230
v -10.529673 56.069382 5.607654
v -10.672998 56.146378 5.607652
v -10.529673 56.069382 5.707232
v -10.373887 56.116295 5.607658
v -10.373887 56.116295 5.707237
v -10.373887 56.116295 5.707237
v -10.296899 56.259621 5.607658
v -10.373887 56.116295 5.607658
v -10.296897 56.259621 5.707238
v -10.343805 56.415405 5.607658
v -10.343805 56.415405 5.707237
v -10.343805 56.415405 5.707237
v -10.487126 56.492393 5.607653
v -10.343805 56.415405 5.607658
v -10.487126 56.492393 5.707232
v -10.642915 56.445488 5.607651
v -10.642915 56.445488 5.707230
v 10.354550 54.954010 5.205569
v 10.758813 56.646896 5.205575
v 10.923324 55.011215 5.205575
v 10.190038 56.589691 5.205569
v 10.354548 54.954010 5.099135
v 10.923324 55.011215 5.205575
v 10.923324 55.011215 5.099135
v 10.354550 54.954010 5.205569
v 10.923324 55.011215 5.099135
v 10.758813 56.646896 5.205575
v 10.758813 56.646896 5.099135
v 10.923324 55.011215 5.205575
v 10.758813 56.646896 5.099135
v 10.190038 56.589691 5.205569
v 10.190036 56.589691 5.099135
v 10.758813 56.646896 5.205575
v 10.190036 56.589691 5.099135
v 10.354550 54.954010 5.205569
v 10.354548 54.954010 5.099135
v 10.190038 56.589691 5.205569
v 10.762175 55.355713 5.607679
v 10.726874 55.238487 5.099134
v 10.726874 55.238487 5.607679
v 10.762175 55.355713 5.099134
v 10.704240 55.463554 5.607679
v 10.704240 55.463554 5.099135
v 10.619029 55.180550 5.099134
v 10.726874 55.238487 5.607679
v 10.726874 55.238487 5.099134
v 10.619029 55.180550 5.607679
v 10.501801 55.215851 5.099134
v 10.501801 55.215851 5.607681
v 10.443872 55.323692 5.099135
v 10.501801 55.215851 5.607681
v 10.501801 55.215851 5.099134
v 10.443873 55.323692 5.607677
v 10.479166 55.440918 5.099135
v 10.479167 55.440918 5.607681
v 10.587017 55.498856 5.099134
v 10.479167 55.440918 5.607681
v 10.479166 55.440918 5.099135
v 10.587017 55.498856 5.607678
v 10.704240 55.463554 5.099135
v 10.704240 55.463554 5.607679
v 10.814525 55.360977 5.707257
v 10.767620 55.205185 5.607679
v 10.767620 55.205185 5.707257
v 10.814525 55.360977 5.607679
v 10.737537 55.504295 5.707257
v 10.737537 55.504295 5.607678
v 10.624292 55.128197 5.607678
v 10.767620 55.205185 5.707257
v 10.767620 55.205185 5.607679
v 10.624292 55.128197 5.707257
v 10.468510 55.175102 5.607677
v 10.468510 55.175102 5.707255
v 10.391520 55.318428 5.607677
v 10.468510 55.175102 5.707255
v 10.468510 55.175102 5.607677
v 10.391521 55.318428 5.707254
v 10.438428 55.474220 5.607677
v 10.438427 55.474220 5.707255
v 10.581750 55.551208 5.607678
v 10.438427 55.474220 5.707255
v 10.438428 55.474220 5.607677
v 10.581750 55.551208 5.707257
v 10.737537 55.504295 5.607678
v 10.737537 55.504295 5.707257
v 10.667514 56.296898 5.607678
v 10.632218 56.179672 5.099134
v 10.632218 56.179672 5.607679
v 10.667513 56.296898 5.099134
v 10.609581 56.404739 5.607679
v 10.609579 56.404739 5.099134
v 10.524369 56.121735 5.099134
v 10.632218 56.179672 5.607679
v 10.632218 56.179672 5.099134
v 10.524369 56.121735 5.607681
v 10.407143 56.157028 5.099134
v 10.407145 56.157028 5.607677
v 10.349211 56.264877 5.099135
v 10.407145 56.157028 5.607677
v 10.407143 56.157028 5.099134
v 10.349214 56.264877 5.607677
v 10.384506 56.382103 5.099135
v 10.384509 56.382103 5.607677
v 10.492355 56.440041 5.099134
v 10.384509 56.382103 5.607677
v 10.384506 56.382103 5.099135
v 10.492356 56.440041 5.607681
v 10.609579 56.404739 5.099134
v 10.609581 56.404739 5.607679
v 10.719867 56.302162 5.707257
v 10.672961 56.146378 5.607679
v 10.672961 56.146378 5.707257
v 10.719867 56.302162 5.607678
v 10.642878 56.445480 5.707257
v 10.642878 56.445480 5.607678
v 10.529635 56.069382 5.607681
v 10.672961 56.146378 5.707257
v 10.672961 56.146378 5.607679
v 10.529635 56.069382 5.707259
v 10.373850 56.116287 5.607677
v 10.373850 56.116287 5.707254
v 10.296861 56.259621 5.607677
v 10.373850 56.116287 5.707254
v 10.373850 56.116287 5.607677
v 10.296860 56.259621 5.707255
v 10.343768 56.415405 5.607677
v 10.343768 56.415405 5.707254
v 10.487089 56.492393 5.607681
v 10.343768 56.415405 5.707254
v 10.343768 56.415405 5.607677
v 10.487089 56.492393 5.707260
v 10.642878 56.445480 5.607678
v 10.642878 56.445480 5.707257
v -7.587593 74.909271 5.303389
v -6.625901 76.162323 5.303389
v -7.150632 74.746826 5.303389
v -7.062860 76.324768 5.303389
v -7.062860 76.324768 5.303389
v -6.625543 76.163284 5.071263
v -6.625901 76.162323 5.303389
v -7.062505 76.325729 5.071263
v -7.062505 76.325729 5.071263
v -7.062860 76.324768 5.303389
v -7.183678 75.998856 4.904245
v -7.465534 75.238525 4.904245
v -7.587593 74.909271 5.303389
v -7.587232 74.910248 5.071265
v -7.150632 74.746826 5.303389
v -7.587232 74.910248 5.071265
v -7.587593 74.909271 5.303389
v -7.150276 74.747780 5.071265
v -7.150276 74.747780 5.071265
v -7.150632 74.746826 5.303389
v -7.028578 75.076073 4.904246
v -6.625901 76.162323 5.303389
v -6.746719 75.836403 4.904244
v -6.625543 76.163284 5.071263
v -7.429944 75.069641 5.409557
v -7.465168 74.975220 5.303388
v -7.407603 75.130081 5.303388
v -7.465224 74.974731 5.409557
v -7.439195 75.044144 5.602253
v -7.414216 75.111549 5.536532
v -7.332904 75.258934 5.664259
v -7.332869 75.259232 5.597517
v -7.239176 75.434311 5.614707
v -7.239207 75.434052 5.673942
v -7.165905 74.971481 5.409557
v -7.257941 75.128448 5.303388
v -7.143560 75.031906 5.303388
v -7.280285 75.067993 5.409557
v -7.407603 75.130081 5.303388
v -7.429944 75.069641 5.409557
v -7.414216 75.111549 5.536532
v -7.269702 75.096169 5.503520
v -7.150169 75.013382 5.536228
v -7.201181 74.876579 5.409557
v -7.143560 75.031906 5.303388
v -7.201127 74.877068 5.303388
v -7.165905 74.971481 5.409557
v -7.150169 75.013382 5.536228
v -7.175152 74.945999 5.601946
v -7.115164 75.178314 5.597266
v -7.115196 75.178009 5.664005
v -7.071732 75.371780 5.673750
v -7.071700 75.372047 5.614514
v -7.465224 74.974731 5.409557
v -7.350788 74.878693 5.303388
v -7.465168 74.975220 5.303388
v -7.350842 74.878212 5.409557
v -7.201127 74.877068 5.303388
v -7.201181 74.876579 5.409557
v -7.175152 74.945999 5.601946
v -7.319664 74.961357 5.634960
v -7.439195 75.044144 5.602253
v -7.239176 75.434311 5.614707
v -7.155485 75.402786 5.703462
v -7.239207 75.434052 5.673942
v -7.155423 75.403328 5.584994
v -7.071732 75.371780 5.673750
v -7.071700 75.372047 5.614514
v -7.269702 75.096169 5.503520
v -7.332869 75.259232 5.597517
v -7.414216 75.111549 5.536532
v -7.223996 75.218948 5.558891
v -7.150169 75.013382 5.536228
v -7.115164 75.178314 5.597266
v -7.071700 75.372047 5.614514
v -7.155423 75.403328 5.584994
v -7.239176 75.434311 5.614707
v -7.319664 74.961357 5.634960
v -7.115196 75.178009 5.664005
v -7.175152 74.945999 5.601946
v -7.224070 75.218292 5.702631
v -7.439195 75.044144 5.602253
v -7.332904 75.258934 5.664259
v -7.239207 75.434052 5.673942
v -7.155485 75.402786 5.703462
v -7.071732 75.371780 5.673750
v -7.011934 76.194374 5.303387
v -7.047266 76.098999 5.409557
v -7.069500 76.039528 5.303387
v -7.011989 76.193893 5.409557
v -7.038218 76.122734 5.607337
v -7.063131 76.055923 5.540985
v -7.098238 75.890167 5.667233
v -7.098203 75.890457 5.600492
v -7.141686 75.696564 5.615945
v -7.141716 75.696297 5.675180
v -6.955117 75.943008 5.303387
v -6.783226 76.000847 5.409557
v -6.805458 75.941360 5.303388
v -6.932884 76.002472 5.409557
v -7.069500 76.039528 5.303387
v -7.047266 76.098999 5.409557
v -7.063131 76.055923 5.540985
v -6.943563 75.973450 5.507655
v -6.799087 75.957764 5.540678
v -6.805458 75.941360 5.303388
v -6.747946 76.095741 5.409557
v -6.747891 76.096222 5.303388
v -6.783226 76.000847 5.409557
v -6.799087 75.957764 5.540678
v -6.774177 76.024559 5.607030
v -6.880499 75.809525 5.600239
v -6.880536 75.809227 5.666980
v -6.974238 75.634033 5.674985
v -6.974211 75.634308 5.615751
v -6.862272 76.192741 5.303388
v -7.011989 76.193893 5.409557
v -7.011934 76.194374 5.303387
v -6.862326 76.192253 5.409557
v -6.747891 76.096222 5.303388
v -6.747946 76.095741 5.409557
v -6.774177 76.024559 5.607030
v -6.893742 76.107048 5.640359
v -7.038218 76.122734 5.607337
v -7.057994 75.665024 5.704700
v -7.141686 75.696564 5.615945
v -7.141716 75.696297 5.675180
v -7.057930 75.665558 5.586230
v -6.974238 75.634033 5.674985
v -6.974211 75.634308 5.615751
v -7.098203 75.890457 5.600492
v -6.943563 75.973450 5.507655
v -7.063131 76.055923 5.540985
v -6.989332 75.850174 5.561865
v -6.799087 75.957764 5.540678
v -6.880499 75.809525 5.600239
v -6.974211 75.634308 5.615751
v -7.057930 75.665558 5.586230
v -7.141686 75.696564 5.615945
v -6.880536 75.809227 5.666980
v -6.893742 76.107048 5.640359
v -6.774177 76.024559 5.607030
v -6.989407 75.849518 5.705606
v -7.038218 76.122734 5.607337
v -7.098238 75.890167 5.667233
v -7.141716 75.696297 5.675180
v -7.057994 75.665024 5.704700
v -6.974238 75.634033 5.674985
v -7.028578 75.076073 4.904246
v -7.587232 74.910248 5.071265
v -7.150276 74.747780 5.071265
v -7.465534 75.238525 4.904245
v -6.746719 75.836403 4.904244
v -7.062505 76.325729 5.071263
v -7.183678 75.998856 4.904245
v -6.625543 76.163284 5.071263
v -6.746719 75.836403 4.904244
v -7.465534 75.238525 4.904245
v -7.028578 75.076073 4.904246
v -7.183678 75.998856 4.904245
v 7.587527 74.909286 5.303403
v 6.625836 76.162331 5.303402
v 7.062795 76.324768 5.303402
v 7.150567 74.746834 5.303403
v 7.062795 76.324768 5.303402
v 6.625477 76.163284 5.071277
v 7.062439 76.325729 5.071277
v 6.625836 76.162331 5.303402
v 7.062439 76.325729 5.071277
v 7.183613 75.998856 4.904259
v 7.062795 76.324768 5.303402
v 7.465469 75.238533 4.904260
v 7.587527 74.909286 5.303403
v 7.587167 74.910248 5.071279
v 7.150567 74.746834 5.303403
v 7.587167 74.910248 5.071279
v 7.150210 74.747787 5.071279
v 7.587527 74.909286 5.303403
v 7.150210 74.747787 5.071279
v 7.028513 75.076073 4.904260
v 7.150567 74.746834 5.303403
v 6.625836 76.162331 5.303402
v 6.746654 75.836411 4.904259
v 6.625477 76.163284 5.071277
v 7.465103 74.975220 5.303403
v 7.429879 75.069641 5.409573
v 7.407538 75.130081 5.303403
v 7.465159 74.974747 5.409573
v 7.439130 75.044144 5.602268
v 7.414150 75.111549 5.536548
v 7.332839 75.258942 5.664275
v 7.332804 75.259232 5.597532
v 7.239111 75.434326 5.614723
v 7.239142 75.434059 5.673957
v 7.257875 75.128448 5.303403
v 7.165841 74.971481 5.409573
v 7.143495 75.031914 5.303403
v 7.280220 75.068008 5.409573
v 7.407538 75.130081 5.303403
v 7.429879 75.069641 5.409573
v 7.414150 75.111549 5.536548
v 7.269638 75.096169 5.503535
v 7.150105 75.013382 5.536242
v 7.143495 75.031914 5.303403
v 7.201117 74.876579 5.409573
v 7.201061 74.877068 5.303403
v 7.165841 74.971481 5.409573
v 7.150105 75.013382 5.536242
v 7.175086 74.945999 5.601960
v 7.115099 75.178314 5.597280
v 7.115131 75.178009 5.664020
v 7.071668 75.371796 5.673765
v 7.071636 75.372055 5.614529
v 7.350723 74.878693 5.303403
v 7.465159 74.974747 5.409573
v 7.465103 74.975220 5.303403
v 7.350778 74.878220 5.409573
v 7.201061 74.877068 5.303403
v 7.201117 74.876579 5.409573
v 7.175086 74.945999 5.601960
v 7.319598 74.961365 5.634975
v 7.439130 75.044144 5.602268
v 7.155421 75.402786 5.703476
v 7.239111 75.434326 5.614723
v 7.239142 75.434059 5.673957
v 7.155359 75.403328 5.585009
v 7.071668 75.371796 5.673765
v 7.071636 75.372055 5.614529
v 7.332804 75.259232 5.597532
v 7.269638 75.096169 5.503535
v 7.414150 75.111549 5.536548
v 7.223931 75.218948 5.558906
v 7.150105 75.013382 5.536242
v 7.115099 75.178314 5.597280
v 7.071636 75.372055 5.614529
v 7.155359 75.403328 5.585009
v 7.239111 75.434326 5.614723
v 7.115131 75.178009 5.664020
v 7.319598 74.961365 5.634975
v 7.175086 74.945999 5.601960
v 7.224005 75.218300 5.702646
v 7.439130 75.044144 5.602268
v 7.332839 75.258942 5.664275
v 7.239142 75.434059 5.673957
v 7.155421 75.402786 5.703476
v 7.071668 75.371796 5.673765
v 7.047200 76.099014 5.409572
v 7.011868 76.194374 5.303402
v 7.069434 76.039528 5.303402
v 7.011923 76.193909 5.409572
v 7.038153 76.122742 5.607351
v 7.063065 76.055923 5.541000
v 7.098172 75.890175 5.667247
v 7.098136 75.890457 5.600506
v 7.141620 75.696564 5.615959
v 7.141649 75.696297 5.675195
v 6.783159 76.000847 5.409572
v 6.955050 75.943008 5.303402
v 6.805392 75.941376 5.303402
v 6.932817 76.002480 5.409572
v 7.069434 76.039528 5.303402
v 7.047200 76.099014 5.409572
v 7.063065 76.055923 5.541000
v 6.943497 75.973450 5.507669
v 6.799021 75.957764 5.540692
v 6.747880 76.095741 5.409572
v 6.805392 75.941376 5.303402
v 6.747825 76.096222 5.303402
v 6.783159 76.000847 5.409572
v 6.799021 75.957764 5.540692
v 6.774111 76.024567 5.607045
v 6.880432 75.809525 5.600254
v 6.880469 75.809235 5.666995
v 6.974172 75.634033 5.675000
v 6.974145 75.634308 5.615765
v 7.011923 76.193909 5.409572
v 6.862206 76.192749 5.303402
v 7.011868 76.194374 5.303402
v 6.862260 76.192261 5.409572
v 6.747825 76.096222 5.303402
v 6.747880 76.095741 5.409572
v 6.774111 76.024567 5.607045
v 6.893676 76.107048 5.640373
v 7.038153 76.122742 5.607351
v 7.141620 75.696564 5.615959
v 7.057927 75.665039 5.704714
v 7.141649 75.696297 5.675195
v 7.057864 75.665565 5.586245
v 6.974172 75.634033 5.675000
v 6.974145 75.634308 5.615765
v 6.943497 75.973450 5.507669
v 7.098136 75.890457 5.600506
v 7.063065 76.055923 5.541000
v 6.989266 75.850189 5.561880
v 6.799021 75.957764 5.540692
v 6.880432 75.809525 5.600254
v 6.974145 75.634308 5.615765
v 7.057864 75.665565 5.586245
v 7.141620 75.696564 5.615959
v 6.893676 76.107048 5.640373
v 6.880469 75.809235 5.666995
v 6.774111 76.024567 5.607045
v 6.989340 75.849518 5.705621
v 7.038153 76.122742 5.607351
v 7.098172 75.890175 5.667247
v 7.141649 75.696297 5.675195
v 7.057927 75.665039 5.704714
v 6.974172 75.634033 5.675000
v 7.028513 75.076073 4.904260
v 7.587167 74.910248 5.071279
v 7.465469 75.238533 4.904260
v 7.150210 74.747787 5.071279
v 6.746654 75.836411 4.904259
v 7.062439 76.325729 5.071277
v 6.625477 76.163284 5.071277
v 7.183613 75.998856 4.904259
v 6.746654 75.836411 4.904259
v 7.465469 75.238533 4.904260
v 7.183613 75.998856 4.904259
v 7.028513 75.076073 4.904260
v -11.571726 39.092239 8.129352
v -12.147079 40.734879 8.129348
v -11.575446 40.736176 8.129353
v -12.143366 39.090950 8.129347
v -11.571724 39.092239 8.022914
v -12.143366 39.090950 8.129347
v -11.571726 39.092239 8.129352
v -12.143366 39.090950 8.022913
v -12.143366 39.090950 8.022913
v -12.147079 40.734879 8.129348
v -12.143366 39.090950 8.129347
v -12.147079 40.734879 8.022913
v -12.147079 40.734879 8.022913
v -11.575446 40.736176 8.129353
v -12.147079 40.734879 8.129348
v -11.575443 40.736176 8.022914
v -11.575443 40.736176 8.022914
v -11.571726 39.092239 8.129352
v -11.575446 40.736176 8.129353
v -11.571724 39.092239 8.022914
v -11.971203 39.337128 8.022911
v -12.018311 39.450127 8.531451
v -11.971203 39.337128 8.531451
v -12.018311 39.450127 8.022911
v -11.971715 39.563332 8.531451
v -11.971715 39.563332 8.022911
v -11.971203 39.337128 8.531451
v -11.857994 39.290527 8.022911
v -11.971203 39.337128 8.022911
v -11.857994 39.290527 8.531451
v -11.744994 39.337639 8.022911
v -11.744994 39.337639 8.531454
v -11.744994 39.337639 8.531454
v -11.698404 39.450844 8.022913
v -11.744994 39.337639 8.022911
v -11.698406 39.450844 8.531459
v -11.745506 39.563843 8.022913
v -11.745508 39.563843 8.531454
v -11.745508 39.563843 8.531454
v -11.858719 39.610435 8.022911
v -11.745506 39.563843 8.022913
v -11.858719 39.610435 8.531451
v -11.971715 39.563332 8.022911
v -11.971715 39.563332 8.531451
v -12.008327 39.299835 8.531451
v -12.070924 39.450005 8.631029
v -12.008327 39.299828 8.631029
v -12.070924 39.450005 8.531451
v -12.009006 39.600449 8.631029
v -12.009006 39.600449 8.531451
v -12.008327 39.299828 8.631029
v -11.857874 39.237915 8.531451
v -12.008327 39.299835 8.531451
v -11.857874 39.237915 8.631029
v -11.707709 39.300514 8.531459
v -11.707709 39.300514 8.631038
v -11.707709 39.300514 8.631038
v -11.645787 39.450958 8.531459
v -11.707709 39.300514 8.531459
v -11.645789 39.450958 8.631037
v -11.708389 39.601135 8.531459
v -11.708387 39.601135 8.631038
v -11.708387 39.601135 8.631038
v -11.858835 39.663055 8.531451
v -11.708389 39.601135 8.531459
v -11.858835 39.663055 8.631029
v -12.009006 39.600449 8.531451
v -12.009006 39.600449 8.631029
v -11.973343 40.283051 8.022913
v -12.020448 40.396057 8.531451
v -11.973343 40.283051 8.531452
v -12.020447 40.396057 8.022913
v -11.973851 40.509262 8.531452
v -11.973850 40.509262 8.022913
v -11.973343 40.283051 8.531452
v -11.860132 40.236465 8.022911
v -11.973343 40.283051 8.022913
v -11.860132 40.236458 8.531452
v -11.747132 40.283569 8.022911
v -11.747135 40.283569 8.531458
v -11.747135 40.283569 8.531458
v -11.700540 40.396774 8.022911
v -11.747132 40.283569 8.022911
v -11.700542 40.396774 8.531459
v -11.747644 40.509773 8.022913
v -11.747646 40.509773 8.531459
v -11.747646 40.509773 8.531459
v -11.860853 40.556366 8.022913
v -11.747644 40.509773 8.022913
v -11.860856 40.556366 8.531454
v -11.973850 40.509262 8.022913
v -11.973851 40.509262 8.531452
v -12.010466 40.245766 8.531451
v -12.073063 40.395935 8.631030
v -12.010466 40.245766 8.631029
v -12.073063 40.395935 8.531451
v -12.011144 40.546387 8.631030
v -12.011144 40.546387 8.531451
v -12.010466 40.245766 8.631029
v -11.860015 40.183846 8.531452
v -12.010466 40.245766 8.531451
v -11.860015 40.183846 8.631031
v -11.709846 40.246445 8.531458
v -11.709846 40.246445 8.631037
v -11.709846 40.246445 8.631037
v -11.647926 40.396896 8.531458
v -11.709846 40.246445 8.531458
v -11.647925 40.396896 8.631037
v -11.710526 40.547066 8.531459
v -11.710526 40.547066 8.631038
v -11.710526 40.547066 8.631038
v -11.860973 40.608986 8.531452
v -11.710526 40.547066 8.531459
v -11.860973 40.608986 8.631033
v -12.011144 40.546387 8.531451
v -12.011144 40.546387 8.631030
v 11.571684 39.092247 8.129351
v 12.147037 40.734886 8.129345
v 12.143323 39.090950 8.129346
v 11.575403 40.736176 8.129351
v 11.571681 39.092247 8.022911
v 12.143323 39.090950 8.129346
v 12.143323 39.090950 8.022911
v 11.571684 39.092247 8.129351
v 12.143323 39.090950 8.022911
v 12.147037 40.734886 8.129345
v 12.147037 40.734886 8.022910
v 12.143323 39.090950 8.129346
v 12.147037 40.734886 8.022910
v 11.575403 40.736176 8.129351
v 11.575401 40.736176 8.022911
v 12.147037 40.734886 8.129345
v 11.575401 40.736176 8.022911
v 11.571684 39.092247 8.129351
v 11.571681 39.092247 8.022911
v 11.575403 40.736176 8.129351
v 12.018269 39.450127 8.531449
v 11.971160 39.337128 8.022910
v 11.971160 39.337128 8.531449
v 12.018269 39.450127 8.022910
v 11.971672 39.563332 8.531449
v 11.971672 39.563332 8.022910
v 11.857952 39.290535 8.022910
v 11.971160 39.337128 8.531449
v 11.971160 39.337128 8.022910
v 11.857952 39.290535 8.531449
v 11.744951 39.337639 8.022910
v 11.744951 39.337639 8.531451
v 11.698361 39.450851 8.022910
v 11.744951 39.337639 8.531451
v 11.744951 39.337639 8.022910
v 11.698362 39.450851 8.531456
v 11.745464 39.563843 8.022910
v 11.745465 39.563843 8.531451
v 11.858676 39.610435 8.022910
v 11.745465 39.563843 8.531451
v 11.745464 39.563843 8.022910
v 11.858676 39.610435 8.531449
v 11.971672 39.563332 8.022910
v 11.971672 39.563332 8.531449
v 12.070882 39.450005 8.631028
v 12.008285 39.299835 8.531449
v 12.008285 39.299835 8.631028
v 12.070882 39.450005 8.531449
v 12.008963 39.600456 8.631028
v 12.008963 39.600456 8.531449
v 11.857831 39.237915 8.531449
v 12.008285 39.299835 8.631028
v 12.008285 39.299835 8.531449
v 11.857831 39.237915 8.631028
v 11.707666 39.300514 8.531456
v 11.707666 39.300514 8.631035
v 11.645745 39.450966 8.531456
v 11.707666 39.300514 8.631035
v 11.707666 39.300514 8.531456
v 11.645746 39.450966 8.631035
v 11.708346 39.601135 8.531456
v 11.708345 39.601135 8.631035
v 11.858793 39.663055 8.531449
v 11.708345 39.601135 8.631035
v 11.708346 39.601135 8.531456
v 11.858793 39.663055 8.631028
v 12.008963 39.600456 8.531449
v 12.008963 39.600456 8.631028
v 12.020406 40.396057 8.531449
v 11.973300 40.283058 8.022909
v 11.973300 40.283058 8.531449
v 12.020405 40.396057 8.022909
v 11.973809 40.509262 8.531449
v 11.973808 40.509262 8.022909
v 11.860089 40.236465 8.022910
v 11.973300 40.283058 8.531449
v 11.973300 40.283058 8.022909
v 11.860089 40.236465 8.531451
v 11.747090 40.283569 8.022910
v 11.747091 40.283569 8.531456
v 11.700498 40.396774 8.022910
v 11.747091 40.283569 8.531456
v 11.747090 40.283569 8.022910
v 11.700500 40.396774 8.531456
v 11.747601 40.509773 8.022910
v 11.747603 40.509773 8.531456
v 11.860811 40.556374 8.022910
v 11.747603 40.509773 8.531456
v 11.747601 40.509773 8.022910
v 11.860813 40.556374 8.531451
v 11.973808 40.509262 8.022909
v 11.973809 40.509262 8.531449
v 12.073021 40.395935 8.631028
v 12.010423 40.245766 8.531449
v 12.010423 40.245766 8.631028
v 12.073021 40.395935 8.531449
v 12.011102 40.546387 8.631028
v 12.011102 40.546387 8.531449
v 11.859972 40.183846 8.531451
v 12.010423 40.245766 8.631028
v 12.010423 40.245766 8.531449
v 11.859972 40.183846 8.631029
v 11.709803 40.246445 8.531456
v 11.709803 40.246445 8.631035
v 11.647883 40.396896 8.531456
v 11.709803 40.246445 8.631035
v 11.709803 40.246445 8.531456
v 11.647882 40.396896 8.631035
v 11.710484 40.547066 8.531456
v 11.710484 40.547066 8.631035
v 11.860930 40.608986 8.531450
v 11.710484 40.547066 8.631035
v 11.710484 40.547066 8.531456
v 11.860930 40.608986 8.631029
v 12.011102 40.546387 8.531449
v 12.011102 40.546387 8.631028
v -0.890878 86.610809 8.567443
v -1.271295 87.297058 8.151800
v -1.019702 87.341415 8.151800
v -1.142469 86.566444 8.567443
v -0.382026 79.781326 8.646839
v -0.637453 79.821732 8.641028
v -0.530333 79.325775 8.647091
v -0.747560 79.483650 8.640759
v -0.933307 79.033012 8.647092
v -1.016267 79.288406 8.640759
v -1.431391 79.033005 8.647091
v -1.348431 79.288406 8.640759
v -1.834487 79.325867 8.647086
v -1.617011 79.483566 8.640758
v -1.981303 79.780624 8.646972
v -1.725891 79.820770 8.640878
v -1.982472 91.192566 8.630671
v -1.727020 91.192146 8.627342
v -1.982470 93.638824 8.025653
v -1.727018 93.638016 8.022418
v -0.879039 86.543671 8.313586
v -1.019702 87.341415 8.151800
v -0.998440 87.220840 7.927577
v -0.890878 86.610809 8.567443
v -0.377224 79.777298 8.391429
v -0.382026 79.781326 8.646839
v -0.524948 79.321869 8.391696
v -0.530333 79.325775 8.647091
v -1.130632 86.499306 8.313586
v -0.998440 87.220840 7.927577
v -1.250033 87.176483 7.927577
v -0.879039 86.543671 8.313586
v -0.632651 79.817703 8.385619
v -0.377224 79.777298 8.391429
v -0.742176 79.479736 8.385365
v -0.524948 79.321869 8.391696
v -1.014211 79.282074 8.385365
v -0.931251 79.026672 8.391696
v -1.350486 79.282082 8.385365
v -1.433446 79.026672 8.391694
v -1.622399 79.479652 8.385365
v -1.839876 79.321960 8.391692
v -1.731537 79.818420 8.385479
v -1.986949 79.778275 8.391573
v -1.730355 91.159622 8.372237
v -1.985807 91.160042 8.375567
v -1.730352 93.576691 7.774437
v -1.985804 93.577484 7.777675
v -1.142469 86.566444 8.567443
v -1.250033 87.176483 7.927577
v -1.271295 87.297058 8.151800
v -1.130632 86.499306 8.313586
v -0.637453 79.821732 8.641028
v -0.632651 79.817703 8.385619
v -0.747560 79.483650 8.640759
v -0.742176 79.479736 8.385365
v -0.931251 79.026672 8.391696
v -0.530333 79.325775 8.647091
v -0.524948 79.321869 8.391696
v -0.933307 79.033012 8.647092
v -1.433446 79.026672 8.391694
v -1.431391 79.033005 8.647091
v -1.839876 79.321960 8.391692
v -1.834487 79.325867 8.647086
v -1.016267 79.288406 8.640759
v -0.742176 79.479736 8.385365
v -0.747560 79.483650 8.640759
v -1.014211 79.282074 8.385365
v -1.348431 79.288406 8.640759
v -1.350486 79.282082 8.385365
v -1.617011 79.483566 8.640758
v -1.622399 79.479652 8.385365
v -1.986949 79.778275 8.391573
v -1.834487 79.325867 8.647086
v -1.839876 79.321960 8.391692
v -1.981303 79.780624 8.646972
v -1.985807 91.160042 8.375567
v -1.982472 91.192566 8.630671
v -1.985804 93.577484 7.777675
v -1.982470 93.638824 8.025653
v -1.725891 79.820770 8.640878
v -1.622399 79.479652 8.385365
v -1.617011 79.483566 8.640758
v -1.731537 79.818420 8.385479
v -1.727020 91.192146 8.627342
v -1.730355 91.159622 8.372237
v -1.727018 93.638016 8.022418
v -1.730352 93.576691 7.774437
v -2.673419 82.512947 8.494713
v -2.417948 81.681808 8.087945
v -2.673420 81.681808 8.087944
v -2.417948 82.512947 8.494713
v -2.673418 88.532440 8.629133
v -2.417946 88.532440 8.629136
v -2.673414 90.978973 8.024045
v -2.417941 90.978973 8.024045
v -2.673419 82.570305 8.239028
v -2.673420 81.681808 8.087944
v -2.673420 81.791779 7.857349
v -2.673419 82.512947 8.494713
v -2.673418 88.500862 8.373772
v -2.673418 88.532440 8.629133
v -2.673414 90.917641 7.776044
v -2.673414 90.978973 8.024045
v -2.417948 82.570305 8.239028
v -2.673420 81.791779 7.857349
v -2.417948 81.791779 7.857349
v -2.673419 82.570305 8.239028
v -2.417946 88.500862 8.373772
v -2.673418 88.500862 8.373772
v -2.417940 90.917641 7.776044
v -2.673414 90.917641 7.776044
v -2.417948 82.512947 8.494713
v -2.417948 81.791779 7.857349
v -2.417948 81.681808 8.087945
v -2.417948 82.570305 8.239028
v -2.417946 88.532440 8.629136
v -2.417946 88.500862 8.373772
v -2.417941 90.978973 8.024045
v -2.417940 90.917641 7.776044
v -1.745738 79.799515 8.673215
v -1.638139 80.130676 8.422980
v -1.638140 80.130676 8.673217
v -1.745737 79.799515 8.422977
v -1.638140 79.468369 8.673216
v -1.638139 79.468369 8.422979
v -1.356444 80.335335 8.422980
v -1.638140 80.130676 8.673217
v -1.638139 80.130676 8.422980
v -1.356445 80.335327 8.673220
v -1.008251 80.335335 8.422981
v -1.008251 80.335335 8.673220
v -0.726557 80.130676 8.422981
v -0.726557 80.130676 8.673219
v -0.618959 79.799515 8.422981
v -0.726557 80.130676 8.673219
v -0.726557 80.130676 8.422981
v -0.618960 79.799515 8.673219
v -0.726558 79.468369 8.422981
v -0.726558 79.468369 8.673219
v -1.008252 79.263710 8.422980
v -0.726558 79.468369 8.673219
v -0.726558 79.468369 8.422981
v -1.008252 79.263710 8.673219
v -1.356445 79.263710 8.422980
v -1.356446 79.263710 8.673219
v -1.638139 79.468369 8.422979
v -1.638140 79.468369 8.673216
v -1.567203 80.079132 9.210788
v -1.658055 79.799515 9.087403
v -1.567203 80.079132 9.087404
v -1.658055 79.799515 9.210788
v -1.567203 79.519905 9.087403
v -1.567203 79.519905 9.210787
v -1.567203 80.079132 9.087404
v -1.329350 80.251938 9.210791
v -1.567203 80.079132 9.210788
v -1.329350 80.251938 9.087406
v -1.035348 80.251938 9.210791
v -1.035348 80.251938 9.087409
v -0.797495 80.079132 9.210789
v -0.797495 80.079132 9.087408
v -0.797495 80.079132 9.087408
v -0.706644 79.799515 9.210789
v -0.797495 80.079132 9.210789
v -0.706643 79.799515 9.087408
v -0.797496 79.519905 9.210789
v -0.797495 79.519905 9.087408
v -0.797495 79.519905 9.087408
v -1.035349 79.347099 9.210789
v -0.797496 79.519905 9.210789
v -1.035348 79.347099 9.087405
v -1.329351 79.347099 9.210789
v -1.329351 79.347099 9.087405
v -1.567203 79.519905 9.210787
v -1.567203 79.519905 9.087403
v 1.271276 87.297058 8.151793
v 0.890857 86.610809 8.567436
v 1.019683 87.341415 8.151793
v 1.142449 86.566444 8.567436
v 0.382006 79.781326 8.646833
v 0.637433 79.821732 8.641024
v 0.530313 79.325775 8.647086
v 0.747540 79.483650 8.640756
v 0.933287 79.033012 8.647085
v 1.016248 79.288406 8.640756
v 1.431371 79.033005 8.647085
v 1.348411 79.288406 8.640755
v 1.834467 79.325867 8.647083
v 1.616991 79.483566 8.640753
v 1.981283 79.780624 8.646970
v 1.725872 79.820770 8.640873
v 1.982452 91.192566 8.630666
v 1.727000 91.192146 8.627335
v 1.982450 93.638824 8.025649
v 1.726997 93.638016 8.022410
v 1.019683 87.341415 8.151793
v 0.879019 86.543671 8.313580
v 0.998422 87.220840 7.927570
v 0.890857 86.610809 8.567436
v 0.377205 79.777298 8.391423
v 0.382006 79.781326 8.646833
v 0.524929 79.321869 8.391690
v 0.530313 79.325775 8.647086
v 0.998422 87.220840 7.927570
v 1.130611 86.499306 8.313580
v 1.250015 87.176483 7.927570
v 0.879019 86.543671 8.313580
v 0.632632 79.817703 8.385614
v 0.377205 79.777298 8.391423
v 0.742156 79.479736 8.385362
v 0.524929 79.321869 8.391690
v 1.014191 79.282074 8.385360
v 0.931231 79.026672 8.391690
v 1.350465 79.282082 8.385360
v 1.433426 79.026672 8.391688
v 1.622379 79.479652 8.385360
v 1.839856 79.321960 8.391689
v 1.731518 79.818420 8.385473
v 1.986929 79.778275 8.391571
v 1.730335 91.159622 8.372230
v 1.985787 91.160042 8.375564
v 1.730334 93.576691 7.774430
v 1.985786 93.577484 7.777671
v 1.250015 87.176483 7.927570
v 1.142449 86.566444 8.567436
v 1.271276 87.297058 8.151793
v 1.130611 86.499306 8.313580
v 0.637433 79.821732 8.641024
v 0.632632 79.817703 8.385614
v 0.747540 79.483650 8.640756
v 0.742156 79.479736 8.385362
v 0.530313 79.325775 8.647086
v 0.931231 79.026672 8.391690
v 0.524929 79.321869 8.391690
v 0.933287 79.033012 8.647085
v 1.433426 79.026672 8.391688
v 1.431371 79.033005 8.647085
v 1.839856 79.321960 8.391689
v 1.834467 79.325867 8.647083
v 0.742156 79.479736 8.385362
v 1.016248 79.288406 8.640756
v 0.747540 79.483650 8.640756
v 1.014191 79.282074 8.385360
v 1.348411 79.288406 8.640755
v 1.350465 79.282082 8.385360
v 1.616991 79.483566 8.640753
v 1.622379 79.479652 8.385360
v 1.834467 79.325867 8.647083
v 1.986929 79.778275 8.391571
v 1.839856 79.321960 8.391689
v 1.981283 79.780624 8.646970
v 1.985787 91.160042 8.375564
v 1.982452 91.192566 8.630666
v 1.985786 93.577484 7.777671
v 1.982450 93.638824 8.025649
v 1.622379 79.479652 8.385360
v 1.725872 79.820770 8.640873
v 1.616991 79.483566 8.640753
v 1.731518 79.818420 8.385473
v 1.727000 91.192146 8.627335
v 1.730335 91.159622 8.372230
v 1.726997 93.638016 8.022410
v 1.730334 93.576691 7.774430
v 2.417928 81.681808 8.087940
v 2.673405 82.512947 8.494711
v 2.673404 81.681808 8.087940
v 2.417928 82.512947 8.494711
v 2.673400 88.532440 8.629129
v 2.417925 88.532440 8.629132
v 2.673396 90.978973 8.024041
v 2.417921 90.978973 8.024041
v 2.673404 81.681808 8.087940
v 2.673405 82.570305 8.239026
v 2.673404 81.791779 7.857345
v 2.673405 82.512947 8.494711
v 2.673400 88.500862 8.373768
v 2.673400 88.532440 8.629129
v 2.673396 90.917641 7.776040
v 2.673396 90.978973 8.024041
v 2.673404 81.791779 7.857345
v 2.417928 82.570305 8.239026
v 2.417928 81.791779 7.857345
v 2.673405 82.570305 8.239026
v 2.417925 88.500862 8.373768
v 2.673400 88.500862 8.373768
v 2.417922 90.917641 7.776040
v 2.673396 90.917641 7.776040
v 2.417928 81.791779 7.857345
v 2.417928 82.512947 8.494711
v 2.417928 81.681808 8.087940
v 2.417928 82.570305 8.239026
v 2.417925 88.532440 8.629132
v 2.417925 88.500862 8.373768
v 2.417921 90.978973 8.024041
v 2.417922 90.917641 7.776040
v 1.638118 80.130676 8.422975
v 1.745718 79.799515 8.673213
v 1.638120 80.130676 8.673212
v 1.745717 79.799515 8.422976
v 1.638121 79.468369 8.673211
v 1.638119 79.468369 8.422975
v 1.638120 80.130676 8.673212
v 1.356424 80.335335 8.422974
v 1.638118 80.130676 8.422975
v 1.356425 80.335327 8.673213
v 1.008231 80.335335 8.422975
v 1.008231 80.335335 8.673212
v 0.726537 80.130676 8.422976
v 0.726537 80.130676 8.673213
v 0.726537 80.130676 8.673213
v 0.618940 79.799515 8.422976
v 0.726537 80.130676 8.422976
v 0.618940 79.799515 8.673214
v 0.726538 79.468369 8.422977
v 0.726538 79.468369 8.673214
v 0.726538 79.468369 8.673214
v 1.008232 79.263710 8.422976
v 0.726538 79.468369 8.422977
v 1.008232 79.263710 8.673214
v 1.356425 79.263710 8.422976
v 1.356426 79.263710 8.673214
v 1.638119 79.468369 8.422975
v 1.638121 79.468369 8.673211
v 1.658036 79.799515 9.087399
v 1.567183 80.079132 9.210782
v 1.567183 80.079132 9.087399
v 1.658036 79.799515 9.210782
v 1.567184 79.519905 9.087399
v 1.567184 79.519905 9.210782
v 1.329330 80.251938 9.210784
v 1.567183 80.079132 9.087399
v 1.567183 80.079132 9.210782
v 1.329330 80.251938 9.087400
v 1.035327 80.251938 9.210784
v 1.035328 80.251938 9.087402
v 0.797474 80.079132 9.210784
v 0.797475 80.079132 9.087402
v 0.706622 79.799515 9.210784
v 0.797475 80.079132 9.087402
v 0.797474 80.079132 9.210784
v 0.706623 79.799515 9.087403
v 0.797474 79.519905 9.210785
v 0.797475 79.519905 9.087403
v 1.035328 79.347099 9.210785
v 0.797475 79.519905 9.087403
v 0.797474 79.519905 9.210785
v 1.035328 79.347099 9.087401
v 1.329331 79.347099 9.210784
v 1.329331 79.347099 9.087400
v 1.567184 79.519905 9.210782
v 1.567184 79.519905 9.087399
v -4.077963 87.751488 8.818786
v -3.993623 87.861404 8.818786
v -3.903112 87.704636 8.873534
v -4.059882 87.614128 8.818786
v -3.856260 87.879486 8.818786
v -3.949963 87.529785 8.818788
v -3.746342 87.795151 8.818786
v -3.812601 87.547867 8.818788
v -3.728259 87.657791 8.818786
v -3.869473 88.529587 8.818788
v -3.785132 88.639496 8.818788
v -3.694622 88.482727 8.873536
v -3.851392 88.392220 8.818788
v -3.647769 88.657578 8.818788
v -3.741475 88.307869 8.818788
v -3.537853 88.573235 8.818788
v -3.604112 88.325958 8.818788
v -3.519769 88.435883 8.818788
v 4.077950 87.751488 8.818790
v 3.903099 87.704636 8.873539
v 3.993610 87.861404 8.818790
v 4.059868 87.614128 8.818790
v 3.856246 87.879486 8.818790
v 3.949950 87.529785 8.818793
v 3.746329 87.795151 8.818790
v 3.812588 87.547867 8.818793
v 3.728245 87.657791 8.818790
v 3.869460 88.529587 8.818793
v 3.694609 88.482727 8.873542
v 3.785120 88.639496 8.818793
v 3.851379 88.392220 8.818793
v 3.647756 88.657578 8.818793
v 3.741462 88.307869 8.818793
v 3.537840 88.573235 8.818793
v 3.604099 88.325958 8.818793
v 3.519756 88.435883 8.818793
v -0.000027 90.741486 9.176602
v -0.000014 90.061935 9.320877
v -0.399459 90.611694 9.176602
v 0.399396 90.611694 9.176601
v -0.646303 90.271942 9.176606
v 0.646271 90.271927 9.176604
v -0.646308 89.851944 9.176606
v 0.646271 89.851936 9.176604
v -0.399458 89.512161 9.176604
v 0.399396 89.512161 9.176604
v -0.000027 89.382385 9.176604
v -10.814561 55.360977 5.707230
v -10.737574 55.504303 5.707230
v -10.603059 55.339706 5.771521
v -10.767656 55.205185 5.707230
v -10.581786 55.551208 5.707230
v -10.624329 55.128204 5.707230
v -10.438463 55.474220 5.707238
v -10.468546 55.175110 5.707238
v -10.391558 55.318436 5.707237
v -10.719903 56.302162 5.707230
v -10.642915 56.445488 5.707230
v -10.508400 56.280891 5.771523
v -10.672998 56.146378 5.707230
v -10.487126 56.492393 5.707232
v -10.529673 56.069382 5.707232
v -10.343805 56.415405 5.707237
v -10.373887 56.116295 5.707237
v -10.296897 56.259621 5.707238
v 10.814525 55.360977 5.707257
v 10.603023 55.339699 5.771548
v 10.737537 55.504295 5.707257
v 10.767620 55.205185 5.707257
v 10.581750 55.551208 5.707257
v 10.624292 55.128197 5.707257
v 10.438427 55.474220 5.707255
v 10.468510 55.175102 5.707255
v 10.391521 55.318428 5.707254
v 10.719867 56.302162 5.707257
v 10.508363 56.280884 5.771550
v 10.642878 56.445480 5.707257
v 10.672961 56.146378 5.707257
v 10.487089 56.492393 5.707260
v 10.529635 56.069382 5.707259
v 10.343768 56.415405 5.707254
v 10.373850 56.116287 5.707254
v 10.296860 56.259621 5.707255
v -12.070924 39.450005 8.631029
v -12.009006 39.600449 8.631029
v -11.858357 39.450478 8.695321
v -12.008327 39.299828 8.631029
v -11.858835 39.663055 8.631029
v -11.857874 39.237915 8.631029
v -11.708387 39.601135 8.631038
v -11.707709 39.300514 8.631038
v -11.645789 39.450958 8.631037
v -12.073063 40.395935 8.631030
v -12.011144 40.546387 8.631030
v -11.860495 40.396416 8.695324
v -12.010466 40.245766 8.631029
v -11.860973 40.608986 8.631033
v -11.860015 40.183846 8.631031
v -11.710526 40.547066 8.631038
v -11.709846 40.246445 8.631037
v -11.647925 40.396896 8.631037
v 12.070882 39.450005 8.631028
v 11.858315 39.450485 8.695318
v 12.008963 39.600456 8.631028
v 12.008285 39.299835 8.631028
v 11.858793 39.663055 8.631028
v 11.857831 39.237915 8.631028
v 11.708345 39.601135 8.631035
v 11.707666 39.300514 8.631035
v 11.645746 39.450966 8.631035
v 12.073021 40.395935 8.631028
v 11.860453 40.396416 8.695321
v 12.011102 40.546387 8.631028
v 12.010423 40.245766 8.631028
v 11.860930 40.608986 8.631029
v 11.859972 40.183846 8.631029
v 11.710484 40.547066 8.631035
v 11.709803 40.246445 8.631035
v 11.647882 40.396896 8.631035
v -1.658055 79.799515 9.210788
v -1.182350 79.799515 9.396997
v -1.567203 79.519905 9.210787
v -1.567203 80.079132 9.210788
v -1.329351 79.347099 9.210789
v -1.329350 80.251938 9.210791
v -1.035349 79.347099 9.210789
v -1.035348 80.251938 9.210791
v -0.797496 79.519905 9.210789
v -0.797495 80.079132 9.210789
v -0.706644 79.799515 9.210789
v 1.658036 79.799515 9.210782
v 1.567184 79.519905 9.210782
v 1.182329 79.799515 9.396994
v 1.567183 80.079132 9.210782
v 1.329331 79.347099 9.210784
v 1.329330 80.251938 9.210784
v 1.035328 79.347099 9.210785
v 1.035327 80.251938 9.210784
v 0.797474 79.519905 9.210785
v 0.797474 80.079132 9.210784
v 0.706622 79.799515 9.210784
v -2.173915 93.278900 5.909021
v -2.324109 93.326721 6.395375
v -2.213140 93.126244 5.909175
v -2.266316 93.443436 6.306604
v -2.017739 93.378754 5.509960
v -2.302565 93.770370 6.697908
v -2.023411 93.248474 5.421433
v -2.248276 93.806580 6.554429
v -1.858318 93.705101 5.261559
v -2.158896 94.288300 6.700534
v -1.828272 93.646950 5.118169
v -2.128849 94.230148 6.557145
v -1.756345 94.133209 5.258766
v -1.961263 94.686127 6.398059
v -1.702058 94.169403 5.115283
v -1.966933 94.555840 6.309531
v -1.745745 94.497559 5.503771
v -1.781902 94.808807 5.914192
v -1.687929 94.614792 5.415345
v -1.820914 94.656288 5.913783
v -2.983702 90.101044 5.912188
v -3.128397 90.150734 6.403026
v -3.022732 89.948212 5.912775
v -3.070055 90.267014 6.314234
v -2.832586 90.202026 5.511974
v -3.115559 90.593170 6.700516
v -2.837178 90.071465 5.423796
v -3.060043 90.629066 6.557430
v -2.669539 90.527420 5.264724
v -2.986757 91.114960 6.698447
v -2.638063 90.468903 5.121792
v -2.955282 91.056450 6.555510
v -2.558984 90.953590 5.264623
v -2.786127 91.512009 6.396921
v -2.503517 90.989288 5.121533
v -2.790722 91.381432 6.308749
v -2.543696 91.316498 5.509609
v -2.592416 91.633202 5.910440
v -2.485304 91.433006 5.420838
v -2.631319 91.480453 5.910702
v -4.077963 87.751488 8.733986
v -4.021074 87.636536 8.733986
v -4.034685 87.739891 8.733986
v -4.059881 87.614128 8.733986
v -3.993623 87.861404 8.733986
v -3.938366 87.573059 8.733988
v -3.971217 87.822601 8.733986
v -3.949963 87.529785 8.733988
v -3.856259 87.879486 8.733986
v -3.835002 87.586678 8.733988
v -3.867857 87.836212 8.733986
v -3.812601 87.547867 8.733988
v -3.746342 87.795151 8.733986
v -3.771540 87.669388 8.733986
v -3.785145 87.772751 8.733986
v -3.728258 87.657791 8.733986
v -3.869473 88.529587 8.733988
v -3.812587 88.414612 8.733988
v -3.826195 88.517982 8.733988
v -3.851392 88.392220 8.733988
v -3.785132 88.639496 8.733988
v -3.729876 88.351151 8.733988
v -3.762727 88.600693 8.733988
v -3.741475 88.307869 8.733988
v -3.647769 88.657578 8.733988
v -3.626514 88.364769 8.733988
v -3.659368 88.614304 8.733988
v -3.604112 88.325958 8.733988
v -3.537853 88.573235 8.733988
v -3.563049 88.447479 8.733988
v -3.576656 88.550842 8.733988
v -3.519769 88.435883 8.733988
v 2.173912 93.278900 5.909016
v 2.324103 93.326721 6.395370
v 2.266310 93.443436 6.306599
v 2.213137 93.126244 5.909170
v 2.302559 93.770370 6.697903
v 2.017737 93.378754 5.509955
v 2.248271 93.806580 6.554423
v 2.023408 93.248474 5.421428
v 2.158890 94.288300 6.700529
v 1.858315 93.705101 5.261554
v 2.128843 94.230148 6.557139
v 1.828269 93.646950 5.118169
v 1.961257 94.686127 6.398054
v 1.756343 94.133209 5.258760
v 1.966927 94.555840 6.309525
v 1.702056 94.169403 5.115278
v 1.781900 94.808807 5.914187
v 1.745742 94.497559 5.503765
v 1.820912 94.656288 5.913777
v 1.687927 94.614792 5.415339
v 2.983697 90.101044 5.912183
v 3.128392 90.150734 6.403022
v 3.070050 90.267014 6.314229
v 3.022727 89.948212 5.912770
v 3.115554 90.593170 6.700512
v 2.832580 90.202026 5.511970
v 3.060038 90.629066 6.557425
v 2.837173 90.071465 5.423791
v 2.986752 91.114960 6.698442
v 2.669533 90.527420 5.264719
v 2.955277 91.056450 6.555506
v 2.638063 90.468903 5.121787
v 2.786122 91.512009 6.396917
v 2.558981 90.953590 5.264618
v 2.790717 91.381432 6.308744
v 2.503514 90.989288 5.121528
v 2.592410 91.633202 5.910435
v 2.543694 91.316498 5.509604
v 2.631314 91.480453 5.910697
v 2.485301 91.433006 5.420833
v 4.077950 87.751488 8.733991
v 4.021061 87.636536 8.733991
v 4.059868 87.614128 8.733991
v 4.034672 87.739891 8.733991
v 3.938353 87.573059 8.733994
v 3.993610 87.861404 8.733991
v 3.949950 87.529785 8.733994
v 3.971204 87.822601 8.733991
v 3.834989 87.586678 8.733994
v 3.856246 87.879486 8.733991
v 3.812587 87.547867 8.733994
v 3.867844 87.836212 8.733991
v 3.771527 87.669388 8.733991
v 3.746329 87.795151 8.733991
v 3.728245 87.657791 8.733991
v 3.785132 87.772751 8.733991
v 3.869460 88.529587 8.733994
v 3.812574 88.414612 8.733994
v 3.851379 88.392220 8.733994
v 3.826182 88.517982 8.733994
v 3.729863 88.351151 8.733994
v 3.785120 88.639496 8.733994
v 3.741462 88.307869 8.733994
v 3.762714 88.600693 8.733994
v 3.626501 88.364769 8.733994
v 3.647756 88.657578 8.733994
v 3.604099 88.325958 8.733994
v 3.659355 88.614304 8.733994
v 3.563036 88.447479 8.733994
v 3.537839 88.573235 8.733994
v 3.519756 88.435883 8.733994
v 3.576643 88.550842 8.733994
v -0.000013 90.563812 8.760098
v 0.239987 90.392273 8.832755
v -0.000014 90.470245 8.832752
v 0.294985 90.467972 8.760098
v -0.295012 90.467972 8.760099
v 0.388314 90.188103 8.832755
v -0.240016 90.392273 8.832755
v 0.477304 90.217010 8.760102
v -0.477328 90.217026 8.760103
v 0.388314 89.935745 8.832756
v -0.388349 90.188103 8.832758
v 0.477299 89.906837 8.760101
v -0.477328 89.906845 8.760102
v 0.239987 89.731598 8.832755
v -0.388349 89.935760 8.832757
v 0.294985 89.655899 8.760102
v -0.295012 89.655899 8.760102
v -0.000013 89.653625 8.832756
v -0.240016 89.731598 8.832756
v -0.000013 89.560059 8.760102
v 0.399396 90.611694 9.081005
v -0.000014 90.470261 8.973154
v 0.239986 90.392273 8.973157
v -0.000027 90.741486 9.081005
v 0.646272 90.271927 9.081008
v -0.240027 90.392273 8.973157
v 0.388327 90.188110 8.973156
v -0.399459 90.611694 9.081005
v 0.646272 89.851936 9.081008
v -0.388363 90.188110 8.973158
v 0.388319 89.935745 8.973157
v -0.646302 90.271942 9.081010
v 0.399396 89.512161 9.081009
v -0.388363 89.935745 8.973159
v 0.239986 89.731598 8.973157
v -0.646308 89.851944 9.081010
v -0.000027 89.382385 9.081009
v -0.240027 89.731598 8.973159
v -0.000014 89.653618 8.973158
v -0.399458 89.512161 9.081009
v -10.726912 55.238487 5.607652
v -10.814561 55.360977 5.607652
v -10.767656 55.205185 5.607652
v -10.762211 55.355713 5.607652
v -10.619065 55.180557 5.607652
v -10.737574 55.504303 5.607651
v -10.624329 55.128204 5.607651
v -10.704276 55.463562 5.607652
v -10.501838 55.215851 5.607655
v -10.581786 55.551208 5.607651
v -10.468546 55.175110 5.607659
v -10.587053 55.498856 5.607651
v -10.443910 55.323700 5.607659
v -10.438464 55.474220 5.607658
v -10.391557 55.318436 5.607658
v -10.479204 55.440926 5.607655
v -10.632255 56.179672 5.607652
v -10.719903 56.302162 5.607651
v -10.672998 56.146378 5.607652
v -10.667551 56.296898 5.607651
v -10.524405 56.121742 5.607654
v -10.642915 56.445488 5.607651
v -10.529673 56.069382 5.607654
v -10.609617 56.404747 5.607652
v -10.407182 56.157036 5.607658
v -10.487126 56.492393 5.607653
v -10.373887 56.116295 5.607658
v -10.492394 56.440041 5.607654
v -10.349251 56.264885 5.607659
v -10.343805 56.415405 5.607658
v -10.296899 56.259621 5.607658
v -10.384546 56.382103 5.607658
v 10.814525 55.360977 5.607679
v 10.726874 55.238487 5.607679
v 10.767620 55.205185 5.607679
v 10.762175 55.355713 5.607679
v 10.619029 55.180550 5.607679
v 10.737537 55.504295 5.607678
v 10.624292 55.128197 5.607678
v 10.704240 55.463554 5.607679
v 10.501801 55.215851 5.607681
v 10.581750 55.551208 5.607678
v 10.468510 55.175102 5.607677
v 10.587017 55.498856 5.607678
v 10.443873 55.323692 5.607677
v 10.438428 55.474220 5.607677
v 10.391520 55.318428 5.607677
v 10.479167 55.440918 5.607681
v 10.719867 56.302162 5.607678
v 10.632218 56.179672 5.607679
v 10.672961 56.146378 5.607679
v 10.667514 56.296898 5.607678
v 10.524369 56.121735 5.607681
v 10.642878 56.445480 5.607678
v 10.529635 56.069382 5.607681
v 10.609581 56.404739 5.607679
v 10.407145 56.157028 5.607677
v 10.487089 56.492393 5.607681
v 10.373850 56.116287 5.607677
v 10.492356 56.440041 5.607681
v 10.349214 56.264877 5.607677
v 10.343768 56.415405 5.607677
v 10.296861 56.259621 5.607677
v 10.384509 56.382103 5.607677
v -11.971203 39.337128 8.531451
v -12.070924 39.450005 8.531451
v -12.008327 39.299835 8.531451
v -12.018311 39.450127 8.531451
v -11.857994 39.290527 8.531451
v -12.009006 39.600449 8.531451
v -11.857874 39.237915 8.531451
v -11.971715 39.563332 8.531451
v -11.744994 39.337639 8.531454
v -11.858835 39.663055 8.531451
v -11.707709 39.300514 8.531459
v -11.858719 39.610435 8.531451
v -11.698406 39.450844 8.531459
v -11.708389 39.601135 8.531459
v -11.645787 39.450958 8.531459
v -11.745508 39.563843 8.531454
v -11.973343 40.283051 8.531452
v -12.073063 40.395935 8.531451
v -12.010466 40.245766 8.531451
v -12.020448 40.396057 8.531451
v -11.860132 40.236458 8.531452
v -12.011144 40.546387 8.531451
v -11.860015 40.183846 8.531452
v -11.973851 40.509262 8.531452
v -11.747135 40.283569 8.531458
v -11.860973 40.608986 8.531452
v -11.709846 40.246445 8.531458
v -11.860856 40.556366 8.531454
v -11.700542 40.396774 8.531459
v -11.710526 40.547066 8.531459
v -11.647926 40.396896 8.531458
v -11.747646 40.509773 8.531459
v 11.971160 39.337128 8.531449
v 12.070882 39.450005 8.531449
v 12.018269 39.450127 8.531449
v 12.008285 39.299835 8.531449
v 12.008963 39.600456 8.531449
v 11.857952 39.290535 8.531449
v 11.971672 39.563332 8.531449
v 11.857831 39.237915 8.531449
v 11.858793 39.663055 8.531449
v 11.744951 39.337639 8.531451
v 11.858676 39.610435 8.531449
v 11.707666 39.300514 8.531456
v 11.708346 39.601135 8.531456
v 11.698362 39.450851 8.531456
v 11.745465 39.563843 8.531451
v 11.645745 39.450966 8.531456
v 11.973300 40.283058 8.531449
v 12.073021 40.395935 8.531449
v 12.020406 40.396057 8.531449
v 12.010423 40.245766 8.531449
v 12.011102 40.546387 8.531449
v 11.860089 40.236465 8.531451
v 11.973809 40.509262 8.531449
v 11.859972 40.183846 8.531451
v 11.860930 40.608986 8.531450
v 11.747091 40.283569 8.531456
v 11.860813 40.556374 8.531451
v 11.709803 40.246445 8.531456
v 11.710484 40.547066 8.531456
v 11.700500 40.396774 8.531456
v 11.747603 40.509773 8.531456
v 11.647883 40.396896 8.531456
v -1.745738 79.799515 8.673215
v -1.449104 79.993332 8.766994
v -1.512076 79.799515 8.766991
v -1.638140 80.130676 8.673217
v -1.638140 79.468369 8.673216
v -1.284240 80.113113 8.766994
v -1.449104 79.605713 8.766993
v -1.356445 80.335327 8.673220
v -1.356446 79.263710 8.673219
v -1.080457 80.113113 8.766994
v -1.284240 79.485931 8.766993
v -1.008251 80.335335 8.673220
v -1.008252 79.263710 8.673219
v -0.915593 79.993332 8.766993
v -1.080457 79.485931 8.766993
v -0.726557 80.130676 8.673219
v -0.726558 79.468369 8.673219
v -0.852621 79.799515 8.766993
v -0.915594 79.605713 8.766993
v -0.618960 79.799515 8.673219
v -1.487591 79.799515 8.948201
v -1.567203 80.079132 9.087404
v -1.658055 79.799515 9.087403
v -1.429295 79.978935 8.948204
v -1.429295 79.620102 8.948204
v -1.329350 80.251938 9.087406
v -1.567203 79.519905 9.087403
v -1.276673 80.089821 8.948205
v -1.276674 79.509216 8.948204
v -1.035348 80.251938 9.087409
v -1.329351 79.347099 9.087405
v -1.088023 80.089821 8.948204
v -1.088023 79.509216 8.948204
v -0.797495 80.079132 9.087408
v -1.035348 79.347099 9.087405
v -0.935402 79.978935 8.948204
v -0.935403 79.620102 8.948204
v -0.706643 79.799515 9.087408
v -0.797495 79.519905 9.087408
v -0.877106 79.799515 8.948204
v 1.745718 79.799515 8.673213
v 1.449084 79.993332 8.766989
v 1.638120 80.130676 8.673212
v 1.512056 79.799515 8.766986
v 1.284220 80.113113 8.766988
v 1.638121 79.468369 8.673211
v 1.356425 80.335327 8.673213
v 1.449084 79.605713 8.766989
v 1.080437 80.113113 8.766988
v 1.356426 79.263710 8.673214
v 1.008231 80.335335 8.673212
v 1.284221 79.485931 8.766989
v 0.915574 79.993332 8.766988
v 1.008232 79.263710 8.673214
v 0.726537 80.130676 8.673213
v 1.080437 79.485931 8.766989
v 0.852602 79.799515 8.766988
v 0.726538 79.468369 8.673214
v 0.618940 79.799515 8.673214
v 0.915574 79.605713 8.766989
v 1.487571 79.799515 8.948197
v 1.567183 80.079132 9.087399
v 1.429275 79.978935 8.948199
v 1.658036 79.799515 9.087399
v 1.329330 80.251938 9.087400
v 1.429275 79.620102 8.948199
v 1.276654 80.089821 8.948199
v 1.567184 79.519905 9.087399
v 1.035328 80.251938 9.087402
v 1.276654 79.509216 8.948199
v 1.088003 80.089821 8.948199
v 1.329331 79.347099 9.087400
v 0.797475 80.079132 9.087402
v 1.088004 79.509216 8.948199
v 0.935383 79.978935 8.948199
v 1.035328 79.347099 9.087401
v 0.706623 79.799515 9.087403
v 0.935383 79.620102 8.948199
v 0.877087 79.799515 8.948199
v 0.797475 79.519905 9.087403
v -11.571722 19.003126 8.129354
v -12.147074 20.645765 8.129351
v -11.575440 20.647058 8.129355
v -12.143361 19.001833 8.129350
v -11.571719 19.003126 8.022917
v -12.143361 19.001833 8.129350
v -11.571722 19.003126 8.129354
v -12.143361 19.001833 8.022915
v -12.143361 19.001833 8.022915
v -12.147074 20.645765 8.129351
v -12.143361 19.001833 8.129350
v -12.147074 20.645765 8.022915
v -12.147074 20.645765 8.022915
v -11.575440 20.647058 8.129355
v -12.147074 20.645765 8.129351
v -11.575438 20.647058 8.022917
v -11.575438 20.647058 8.022917
v -11.571722 19.003126 8.129354
v -11.575440 20.647058 8.129355
v -11.571719 19.003126 8.022917
v -11.971198 19.248011 8.022914
v -12.018307 19.361010 8.531454
v -11.971198 19.248011 8.531454
v -12.018307 19.361010 8.022914
v -11.971711 19.474218 8.531454
v -11.971711 19.474218 8.022914
v -11.971198 19.248011 8.531454
v -11.857990 19.201414 8.022914
v -11.971198 19.248011 8.022914
v -11.857990 19.201414 8.531454
v -11.744989 19.248522 8.022914
v -11.744989 19.248522 8.531456
v -11.744989 19.248522 8.531456
v -11.698400 19.361731 8.022915
v -11.744989 19.248522 8.022914
v -11.698401 19.361731 8.531462
v -11.745502 19.474730 8.022915
v -11.745503 19.474730 8.531456
v -11.745503 19.474730 8.531456
v -11.858714 19.521322 8.022914
v -11.745502 19.474730 8.022915
v -11.858714 19.521322 8.531454
v -11.971711 19.474218 8.022914
v -11.971711 19.474218 8.531454
v -12.008322 19.210718 8.531454
v -12.070920 19.360888 8.631032
v -12.008322 19.210718 8.631032
v -12.070920 19.360888 8.531454
v -12.009001 19.511335 8.631032
v -12.009001 19.511335 8.531454
v -12.008322 19.210718 8.631032
v -11.857869 19.148802 8.531454
v -12.008322 19.210718 8.531454
v -11.857869 19.148802 8.631032
v -11.707705 19.211397 8.531462
v -11.707705 19.211397 8.631041
v -11.707705 19.211397 8.631041
v -11.645783 19.361845 8.531462
v -11.707705 19.211397 8.531462
v -11.645784 19.361845 8.631039
v -11.708385 19.512022 8.531462
v -11.708384 19.512022 8.631041
v -11.708384 19.512022 8.631041
v -11.858831 19.573938 8.531454
v -11.708385 19.512022 8.531462
v -11.858831 19.573938 8.631032
v -12.009001 19.511335 8.531454
v -12.009001 19.511335 8.631032
v -11.973338 20.193941 8.022915
v -12.020443 20.306944 8.531454
v -11.973338 20.193941 8.531455
v -12.020441 20.306944 8.022915
v -11.973845 20.420149 8.531455
v -11.973845 20.420149 8.022915
v -11.973338 20.193941 8.531455
v -11.860127 20.147348 8.022915
v -11.973338 20.193941 8.022915
v -11.860127 20.147348 8.531456
v -11.747128 20.194452 8.022915
v -11.747130 20.194452 8.531462
v -11.747130 20.194452 8.531462
v -11.700534 20.307661 8.022915
v -11.747128 20.194452 8.022915
v -11.700537 20.307661 8.531463
v -11.747639 20.420656 8.022915
v -11.747641 20.420656 8.531462
v -11.747641 20.420656 8.531462
v -11.860847 20.467253 8.022915
v -11.747639 20.420656 8.022915
v -11.860850 20.467253 8.531456
v -11.973845 20.420149 8.022915
v -11.973845 20.420149 8.531455
v -12.010461 20.156652 8.531455
v -12.073057 20.306822 8.631033
v -12.010461 20.156652 8.631033
v -12.073057 20.306822 8.531454
v -12.011138 20.457270 8.631033
v -12.011138 20.457270 8.531454
v -12.010461 20.156652 8.631033
v -11.860010 20.094732 8.531456
v -12.010461 20.156652 8.531455
v -11.860010 20.094732 8.631035
v -11.709841 20.157331 8.531462
v -11.709841 20.157331 8.631041
v -11.709841 20.157331 8.631041
v -11.647921 20.307783 8.531462
v -11.709841 20.157331 8.531462
v -11.647920 20.307783 8.631041
v -11.710521 20.457952 8.531462
v -11.710521 20.457952 8.631041
v -11.710521 20.457952 8.631041
v -11.860968 20.519873 8.531455
v -11.710521 20.457952 8.531462
v -11.860968 20.519873 8.631035
v -12.011138 20.457270 8.531454
v -12.011138 20.457270 8.631033
v 11.571689 19.003128 8.129354
v 12.147042 20.645765 8.129347
v 12.143328 19.001833 8.129348
v 11.575409 20.647058 8.129354
v 11.571686 19.003128 8.022914
v 12.143328 19.001833 8.129348
v 12.143328 19.001833 8.022914
v 11.571689 19.003128 8.129354
v 12.143328 19.001833 8.022914
v 12.147042 20.645765 8.129347
v 12.147042 20.645765 8.022913
v 12.143328 19.001833 8.129348
v 12.147042 20.645765 8.022913
v 11.575409 20.647058 8.129354
v 11.575406 20.647058 8.022914
v 12.147042 20.645765 8.129347
v 11.575406 20.647058 8.022914
v 11.571689 19.003128 8.129354
v 11.571686 19.003128 8.022914
v 11.575409 20.647058 8.129354
v 12.018272 19.361010 8.531451
v 11.971165 19.248014 8.022913
v 11.971165 19.248014 8.531451
v 12.018272 19.361010 8.022913
v 11.971676 19.474218 8.531451
v 11.971676 19.474218 8.022913
v 11.857957 19.201416 8.022913
v 11.971165 19.248014 8.531451
v 11.971165 19.248014 8.022913
v 11.857957 19.201416 8.531451
v 11.744956 19.248522 8.022913
v 11.744956 19.248520 8.531454
v 11.698365 19.361731 8.022913
v 11.744956 19.248520 8.531454
v 11.744956 19.248522 8.022913
v 11.698367 19.361731 8.531459
v 11.745469 19.474730 8.022913
v 11.745470 19.474730 8.531454
v 11.858681 19.521322 8.022913
v 11.745470 19.474730 8.531454
v 11.745469 19.474730 8.022913
v 11.858681 19.521322 8.531451
v 11.971676 19.474218 8.022913
v 11.971676 19.474218 8.531451
v 12.070887 19.360888 8.631030
v 12.008288 19.210718 8.531451
v 12.008288 19.210718 8.631030
v 12.070887 19.360891 8.531451
v 12.008967 19.511335 8.631030
v 12.008967 19.511339 8.531451
v 11.857836 19.148802 8.531451
v 12.008288 19.210718 8.631030
v 12.008288 19.210718 8.531451
v 11.857836 19.148802 8.631030
v 11.707671 19.211399 8.531459
v 11.707671 19.211399 8.631038
v 11.645749 19.361849 8.531459
v 11.707671 19.211399 8.631038
v 11.707671 19.211399 8.531459
v 11.645751 19.361849 8.631038
v 11.708351 19.512018 8.531459
v 11.708349 19.512018 8.631038
v 11.858798 19.573938 8.531451
v 11.708349 19.512018 8.631038
v 11.708351 19.512018 8.531459
v 11.858798 19.573938 8.631030
v 12.008967 19.511339 8.531451
v 12.008967 19.511335 8.631030
v 12.020411 20.306944 8.531451
v 11.973305 20.193941 8.022911
v 11.973305 20.193941 8.531451
v 12.020411 20.306944 8.022911
v 11.973815 20.420149 8.531451
v 11.973813 20.420149 8.022911
v 11.860094 20.147348 8.022913
v 11.973305 20.193941 8.531451
v 11.973305 20.193941 8.022911
v 11.860094 20.147348 8.531454
v 11.747095 20.194452 8.022913
v 11.747096 20.194448 8.531459
v 11.700503 20.307661 8.022913
v 11.747096 20.194448 8.531459
v 11.747095 20.194452 8.022913
v 11.700505 20.307661 8.531459
v 11.747606 20.420656 8.022913
v 11.747608 20.420656 8.531459
v 11.860817 20.467253 8.022913
v 11.747608 20.420656 8.531459
v 11.747606 20.420656 8.022913
v 11.860819 20.467253 8.531454
v 11.973813 20.420149 8.022911
v 11.973815 20.420149 8.531451
v 12.073026 20.306822 8.631030
v 12.010427 20.156652 8.531451
v 12.010427 20.156652 8.631030
v 12.073026 20.306822 8.531451
v 12.011107 20.457270 8.631030
v 12.011107 20.457270 8.531451
v 11.859977 20.094728 8.531454
v 12.010427 20.156652 8.631030
v 12.010427 20.156652 8.531451
v 11.859977 20.094728 8.631032
v 11.709807 20.157331 8.531459
v 11.709807 20.157331 8.631038
v 11.647889 20.307779 8.531459
v 11.709807 20.157331 8.631038
v 11.709807 20.157331 8.531459
v 11.647888 20.307779 8.631038
v 11.710489 20.457952 8.531459
v 11.710489 20.457952 8.631038
v 11.860936 20.519873 8.531453
v 11.710489 20.457952 8.631038
v 11.710489 20.457952 8.531459
v 11.860936 20.519873 8.631032
v 12.011107 20.457270 8.531451
v 12.011107 20.457270 8.631030
v -12.070920 19.360888 8.631032
v -12.009001 19.511335 8.631032
v -11.858353 19.361364 8.695324
v -12.008322 19.210718 8.631032
v -11.858831 19.573938 8.631032
v -11.857869 19.148802 8.631032
v -11.708384 19.512022 8.631041
v -11.707705 19.211397 8.631041
v -11.645784 19.361845 8.631039
v -12.073057 20.306822 8.631033
v -12.011138 20.457270 8.631033
v -11.860489 20.307302 8.695326
v -12.010461 20.156652 8.631033
v -11.860968 20.519873 8.631035
v -11.860010 20.094732 8.631035
v -11.710521 20.457952 8.631041
v -11.709841 20.157331 8.631041
v -11.647920 20.307783 8.631041
v 12.070887 19.360888 8.631030
v 11.858319 19.361368 8.695321
v 12.008967 19.511335 8.631030
v 12.008288 19.210718 8.631030
v 11.858798 19.573938 8.631030
v 11.857836 19.148802 8.631030
v 11.708349 19.512018 8.631038
v 11.707671 19.211399 8.631038
v 11.645751 19.361849 8.631038
v 12.073026 20.306822 8.631030
v 11.860457 20.307299 8.695324
v 12.011107 20.457270 8.631030
v 12.010427 20.156652 8.631030
v 11.860936 20.519873 8.631032
v 11.859977 20.094728 8.631032
v 11.710489 20.457952 8.631038
v 11.709807 20.157331 8.631038
v 11.647888 20.307779 8.631038
v -11.971198 19.248011 8.531454
v -12.070920 19.360888 8.531454
v -12.008322 19.210718 8.531454
v -12.018307 19.361010 8.531454
v -11.857990 19.201414 8.531454
v -12.009001 19.511335 8.531454
v -11.857869 19.148802 8.531454
v -11.971711 19.474218 8.531454
v -11.744989 19.248522 8.531456
v -11.858831 19.573938 8.531454
v -11.707705 19.211397 8.531462
v -11.858714 19.521322 8.531454
v -11.698401 19.361731 8.531462
v -11.708385 19.512022 8.531462
v -11.645783 19.361845 8.531462
v -11.745503 19.474730 8.531456
v -11.973338 20.193941 8.531455
v -12.073057 20.306822 8.531454
v -12.010461 20.156652 8.531455
v -12.020443 20.306944 8.531454
v -11.860127 20.147348 8.531456
v -12.011138 20.457270 8.531454
v -11.860010 20.094732 8.531456
v -11.973845 20.420149 8.531455
v -11.747130 20.194452 8.531462
v -11.860968 20.519873 8.531455
v -11.709841 20.157331 8.531462
v -11.860850 20.467253 8.531456
v -11.700537 20.307661 8.531463
v -11.710521 20.457952 8.531462
v -11.647921 20.307783 8.531462
v -11.747641 20.420656 8.531462
v 11.971165 19.248014 8.531451
v 12.070887 19.360891 8.531451
v 12.018272 19.361010 8.531451
v 12.008288 19.210718 8.531451
v 12.008967 19.511339 8.531451
v 11.857957 19.201416 8.531451
v 11.971676 19.474218 8.531451
v 11.857836 19.148802 8.531451
v 11.858798 19.573938 8.531451
v 11.744956 19.248520 8.531454
v 11.858681 19.521322 8.531451
v 11.707671 19.211399 8.531459
v 11.708351 19.512018 8.531459
v 11.698367 19.361731 8.531459
v 11.745470 19.474730 8.531454
v 11.645749 19.361849 8.531459
v 11.973305 20.193941 8.531451
v 12.073026 20.306822 8.531451
v 12.020411 20.306944 8.531451
v 12.010427 20.156652 8.531451
v 12.011107 20.457270 8.531451
v 11.860094 20.147348 8.531454
v 11.973815 20.420149 8.531451
v 11.859977 20.094728 8.531454
v 11.860936 20.519873 8.531453
v 11.747096 20.194448 8.531459
v 11.860819 20.467253 8.531454
v 11.709807 20.157331 8.531459
v 11.710489 20.457952 8.531459
v 11.700505 20.307661 8.531459
v 11.747608 20.420656 8.531459
v 11.647889 20.307779 8.531459
v 11.571750 26.985960 8.129349
v 12.147102 25.343317 8.129344
v 11.575469 25.342028 8.129349
v 12.143389 26.987253 8.129344
v 11.571748 26.985960 8.022911
v 12.143389 26.987253 8.129344
v 11.571750 26.985960 8.129349
v 12.143389 26.987253 8.022909
v 12.143389 26.987253 8.022909
v 12.147102 25.343317 8.129344
v 12.143389 26.987253 8.129344
v 12.147102 25.343317 8.022908
v 12.147102 25.343317 8.022908
v 11.575469 25.342028 8.129349
v 12.147102 25.343317 8.129344
v 11.575467 25.342028 8.022909
v 11.575467 25.342028 8.022909
v 11.571750 26.985960 8.129349
v 11.575469 25.342028 8.129349
v 11.571748 26.985960 8.022911
v 11.971226 26.741072 8.022908
v 12.018334 26.628073 8.531448
v 11.971226 26.741072 8.531448
v 12.018334 26.628073 8.022908
v 11.971739 26.514868 8.531448
v 11.971739 26.514868 8.022908
v 11.971226 26.741072 8.531448
v 11.858018 26.787668 8.022908
v 11.971226 26.741072 8.022908
v 11.858018 26.787668 8.531448
v 11.745018 26.740561 8.022908
v 11.745018 26.740561 8.531451
v 11.745018 26.740561 8.531451
v 11.698428 26.627352 8.022909
v 11.745018 26.740561 8.022908
v 11.698429 26.627352 8.531456
v 11.745530 26.514353 8.022909
v 11.745531 26.514353 8.531451
v 11.745531 26.514353 8.531451
v 11.858742 26.467764 8.022908
v 11.745530 26.514353 8.022909
v 11.858742 26.467764 8.531448
v 11.971739 26.514868 8.022908
v 11.971739 26.514868 8.531448
v 12.008350 26.778368 8.531448
v 12.070948 26.628195 8.631026
v 12.008350 26.778368 8.631026
v 12.070948 26.628195 8.531448
v 12.009028 26.477747 8.631026
v 12.009028 26.477747 8.531448
v 12.008350 26.778368 8.631026
v 11.857897 26.840284 8.531448
v 12.008350 26.778368 8.531448
v 11.857897 26.840284 8.631026
v 11.707732 26.777685 8.531456
v 11.707732 26.777685 8.631035
v 11.707732 26.777685 8.631035
v 11.645811 26.627237 8.531456
v 11.707732 26.777685 8.531456
v 11.645812 26.627237 8.631033
v 11.708412 26.477064 8.531456
v 11.708411 26.477064 8.631035
v 11.708411 26.477064 8.631035
v 11.858859 26.415148 8.531448
v 11.708412 26.477064 8.531456
v 11.858859 26.415148 8.631026
v 12.009028 26.477747 8.531448
v 12.009028 26.477747 8.631026
v 11.973366 25.795145 8.022908
v 12.020472 25.682142 8.531447
v 11.973366 25.795145 8.531448
v 12.020471 25.682142 8.022908
v 11.973875 25.568933 8.531448
v 11.973874 25.568933 8.022908
v 11.973366 25.795145 8.531448
v 11.860155 25.841738 8.022908
v 11.973366 25.795145 8.022908
v 11.860155 25.841738 8.531449
v 11.747156 25.794630 8.022908
v 11.747159 25.794630 8.531454
v 11.747159 25.794630 8.531454
v 11.700563 25.681425 8.022908
v 11.747156 25.794630 8.022908
v 11.700565 25.681425 8.531456
v 11.747667 25.568430 8.022908
v 11.747670 25.568430 8.531454
v 11.747670 25.568430 8.531454
v 11.860877 25.521833 8.022908
v 11.747667 25.568430 8.022908
v 11.860880 25.521833 8.531449
v 11.973874 25.568933 8.022908
v 11.973875 25.568933 8.531448
v 12.010489 25.832434 8.531448
v 12.073087 25.682264 8.631026
v 12.010489 25.832434 8.631026
v 12.073087 25.682264 8.531447
v 12.011168 25.531813 8.631026
v 12.011168 25.531813 8.531447
v 12.010489 25.832434 8.631026
v 11.860039 25.894354 8.531449
v 12.010489 25.832434 8.531448
v 11.860039 25.894354 8.631028
v 11.709868 25.831755 8.531454
v 11.709868 25.831755 8.631033
v 11.709868 25.831755 8.631033
v 11.647950 25.681303 8.531454
v 11.709868 25.831755 8.531454
v 11.647948 25.681303 8.631033
v 11.710550 25.531134 8.531454
v 11.710550 25.531134 8.631033
v 11.710550 25.531134 8.631033
v 11.860996 25.469213 8.531448
v 11.710550 25.531134 8.531454
v 11.860996 25.469213 8.631028
v 12.011168 25.531813 8.531447
v 12.011168 25.531813 8.631026
v -11.571660 26.985968 8.129352
v -12.147013 25.343328 8.129345
v -12.143300 26.987261 8.129346
v -11.575379 25.342035 8.129352
v -11.571658 26.985968 8.022912
v -12.143300 26.987261 8.129346
v -12.143300 26.987261 8.022912
v -11.571660 26.985968 8.129352
v -12.143300 26.987261 8.022912
v -12.147013 25.343328 8.129345
v -12.147013 25.343328 8.022911
v -12.143300 26.987261 8.129346
v -12.147013 25.343328 8.022911
v -11.575379 25.342035 8.129352
v -11.575377 25.342035 8.022912
v -12.147013 25.343328 8.129345
v -11.575377 25.342035 8.022912
v -11.571660 26.985968 8.129352
v -11.571658 26.985968 8.022912
v -11.575379 25.342035 8.129352
v -12.018245 26.628088 8.531449
v -11.971137 26.741083 8.022911
v -11.971137 26.741083 8.531449
v -12.018245 26.628088 8.022911
v -11.971648 26.514879 8.531449
v -11.971648 26.514879 8.022911
v -11.857928 26.787680 8.022911
v -11.971137 26.741083 8.531449
v -11.971137 26.741083 8.022911
v -11.857928 26.787680 8.531449
v -11.744928 26.740576 8.022911
v -11.744928 26.740576 8.531452
v -11.698338 26.627363 8.022911
v -11.744928 26.740576 8.531452
v -11.744928 26.740576 8.022911
v -11.698339 26.627363 8.531457
v -11.745440 26.514364 8.022911
v -11.745442 26.514364 8.531452
v -11.858652 26.467772 8.022911
v -11.745442 26.514364 8.531452
v -11.745440 26.514364 8.022911
v -11.858652 26.467772 8.531449
v -11.971648 26.514879 8.022911
v -11.971648 26.514879 8.531449
v -12.070858 26.628206 8.631028
v -12.008261 26.778376 8.531449
v -12.008261 26.778376 8.631028
v -12.070858 26.628206 8.531449
v -12.008940 26.477758 8.631028
v -12.008940 26.477758 8.531449
v -11.857808 26.840292 8.531449
v -12.008261 26.778376 8.631028
v -12.008261 26.778376 8.531449
v -11.857808 26.840292 8.631028
v -11.707643 26.777697 8.531457
v -11.707643 26.777697 8.631036
v -11.645721 26.627245 8.531457
v -11.707643 26.777697 8.631036
v -11.707643 26.777697 8.531457
v -11.645722 26.627245 8.631036
v -11.708323 26.477076 8.531457
v -11.708322 26.477076 8.631036
v -11.858769 26.415155 8.531449
v -11.708322 26.477076 8.631036
v -11.708323 26.477076 8.531457
v -11.858769 26.415155 8.631028
v -12.008940 26.477758 8.531449
v -12.008940 26.477758 8.631028
v -12.020382 25.682150 8.531449
v -11.973276 25.795153 8.022909
v -11.973276 25.795153 8.531449
v -12.020381 25.682150 8.022909
v -11.973785 25.568945 8.531449
v -11.973784 25.568945 8.022909
v -11.860066 25.841745 8.022911
v -11.973276 25.795153 8.531449
v -11.973276 25.795153 8.022909
v -11.860066 25.841745 8.531452
v -11.747066 25.794641 8.022911
v -11.747068 25.794645 8.531457
v -11.700474 25.681433 8.022911
v -11.747068 25.794645 8.531457
v -11.747066 25.794641 8.022911
v -11.700477 25.681433 8.531457
v -11.747577 25.568438 8.022911
v -11.747580 25.568438 8.531457
v -11.860787 25.521841 8.022911
v -11.747580 25.568438 8.531457
v -11.747577 25.568438 8.022911
v -11.860790 25.521841 8.531452
v -11.973784 25.568945 8.022909
v -11.973785 25.568945 8.531449
v -12.072997 25.682272 8.631028
v -12.010399 25.832445 8.531449
v -12.010399 25.832445 8.631028
v -12.072997 25.682272 8.531449
v -12.011078 25.531824 8.631028
v -12.011078 25.531824 8.531449
v -11.859949 25.894365 8.531452
v -12.010399 25.832445 8.631028
v -12.010399 25.832445 8.531449
v -11.859949 25.894365 8.631030
v -11.709779 25.831762 8.531457
v -11.709779 25.831762 8.631036
v -11.647861 25.681314 8.531457
v -11.709779 25.831762 8.631036
v -11.709779 25.831762 8.531457
v -11.647859 25.681314 8.631036
v -11.710461 25.531141 8.531457
v -11.710461 25.531141 8.631036
v -11.860908 25.469221 8.531451
v -11.710461 25.531141 8.631036
v -11.710461 25.531141 8.531457
v -11.860908 25.469221 8.631030
v -12.011078 25.531824 8.531449
v -12.011078 25.531824 8.631028
v 12.070948 26.628195 8.631026
v 12.009028 26.477747 8.631026
v 11.858380 26.627718 8.695318
v 12.008350 26.778368 8.631026
v 11.858859 26.415148 8.631026
v 11.857897 26.840284 8.631026
v 11.708411 26.477064 8.631035
v 11.707732 26.777685 8.631035
v 11.645812 26.627237 8.631033
v 12.073087 25.682264 8.631026
v 12.011168 25.531813 8.631026
v 11.860518 25.681784 8.695319
v 12.010489 25.832434 8.631026
v 11.860996 25.469213 8.631028
v 11.860039 25.894354 8.631028
v 11.710550 25.531134 8.631033
v 11.709868 25.831755 8.631033
v 11.647948 25.681303 8.631033
v -12.070858 26.628206 8.631028
v -11.858292 26.627729 8.695319
v -12.008940 26.477758 8.631028
v -12.008261 26.778376 8.631028
v -11.858769 26.415155 8.631028
v -11.857808 26.840292 8.631028
v -11.708322 26.477076 8.631036
v -11.707643 26.777697 8.631036
v -11.645722 26.627245 8.631036
v -12.072997 25.682272 8.631028
v -11.860429 25.681795 8.695322
v -12.011078 25.531824 8.631028
v -12.010399 25.832445 8.631028
v -11.860908 25.469221 8.631030
v -11.859949 25.894365 8.631030
v -11.710461 25.531141 8.631036
v -11.709779 25.831762 8.631036
v -11.647859 25.681314 8.631036
v 11.971226 26.741072 8.531448
v 12.070948 26.628195 8.531448
v 12.008350 26.778368 8.531448
v 12.018334 26.628073 8.531448
v 11.858018 26.787668 8.531448
v 12.009028 26.477747 8.531448
v 11.857897 26.840284 8.531448
v 11.971739 26.514868 8.531448
v 11.745018 26.740561 8.531451
v 11.858859 26.415148 8.531448
v 11.707732 26.777685 8.531456
v 11.858742 26.467764 8.531448
v 11.698429 26.627352 8.531456
v 11.708412 26.477064 8.531456
v 11.645811 26.627237 8.531456
v 11.745531 26.514353 8.531451
v 11.973366 25.795145 8.531448
v 12.073087 25.682264 8.531447
v 12.010489 25.832434 8.531448
v 12.020472 25.682142 8.531447
v 11.860155 25.841738 8.531449
v 12.011168 25.531813 8.531447
v 11.860039 25.894354 8.531449
v 11.973875 25.568933 8.531448
v 11.747159 25.794630 8.531454
v 11.860996 25.469213 8.531448
v 11.709868 25.831755 8.531454
v 11.860880 25.521833 8.531449
v 11.700565 25.681425 8.531456
v 11.710550 25.531134 8.531454
v 11.647950 25.681303 8.531454
v 11.747670 25.568430 8.531454
v -12.070858 26.628206 8.531449
v -11.971137 26.741083 8.531449
v -12.008261 26.778376 8.531449
v -12.018245 26.628088 8.531449
v -11.857928 26.787680 8.531449
v -12.008940 26.477758 8.531449
v -11.857808 26.840292 8.531449
v -11.971648 26.514879 8.531449
v -11.744928 26.740576 8.531452
v -11.858769 26.415155 8.531449
v -11.707643 26.777697 8.531457
v -11.858652 26.467772 8.531449
v -11.698339 26.627363 8.531457
v -11.708323 26.477076 8.531457
v -11.645721 26.627245 8.531457
v -11.745442 26.514364 8.531452
v -12.072997 25.682272 8.531449
v -11.973276 25.795153 8.531449
v -12.010399 25.832445 8.531449
v -12.020382 25.682150 8.531449
v -11.860066 25.841745 8.531452
v -12.011078 25.531824 8.531449
v -11.859949 25.894365 8.531452
v -11.973785 25.568945 8.531449
v -11.747068 25.794645 8.531457
v -11.860908 25.469221 8.531451
v -11.709779 25.831762 8.531457
v -11.860790 25.521841 8.531452
v -11.700477 25.681433 8.531457
v -11.710461 25.531141 8.531457
v -11.647861 25.681314 8.531457
v -11.747580 25.568438 8.531457
vn -0.7768 0.3199 -0.5424
vn -0.4257 -0.6891 -0.5864
vn -0.7356 -0.6679 -0.1127
vn -0.7733 0.3173 -0.5489
vn -0.4120 -0.6909 -0.5940
vn -0.7276 -0.6739 -0.1283
vn 0.3720 -0.8828 0.2867
vn 0.0898 -0.9283 0.3608
vn -0.3448 -0.9037 0.2540
vn 0.3702 -0.8834 0.2872
vn 0.0894 -0.9283 0.3609
vn -0.3449 -0.9037 0.2535
vn -0.3738 0.9268 0.0370
vn -0.4787 0.8729 0.0938
vn -0.9959 -0.0033 -0.0905
vn -0.9977 -0.0647 -0.0180
vn -0.8916 0.4468 0.0731
vn -0.8610 0.5086 0.0020
vn -0.7533 -0.6359 -0.1680
vn -0.8003 -0.5481 -0.2431
vn 0.3839 -0.9227 -0.0343
vn 0.4364 -0.8987 0.0437
vn 0.9543 -0.0235 0.2979
vn 0.9251 0.0186 0.3792
vn 0.8172 -0.4964 0.2928
vn 0.8193 -0.5367 0.2019
vn 0.7341 0.6117 0.2948
vn 0.7924 0.5596 0.2429
vn 0.8173 -0.3712 -0.4408
vn 0.8694 -0.3553 -0.3435
vn -0.7710 0.0202 -0.6365
vn -0.7195 0.0880 -0.6889
vn 0.9509 0.0963 -0.2940
vn 0.9275 0.0479 -0.3708
vn -0.6093 0.5144 -0.6035
vn -0.6947 0.4771 -0.5383
vn -0.4787 0.8730 0.0938
vn -0.7533 -0.6359 -0.1679
vn 0.3840 -0.9227 -0.0343
vn 0.4365 -0.8986 0.0437
vn -0.7195 0.0881 -0.6889
vn -0.6092 0.5144 -0.6035
vn 0.4257 -0.6891 -0.5864
vn 0.7768 0.3199 -0.5424
vn 0.7357 -0.6679 -0.1127
vn 0.4120 -0.6909 -0.5940
vn 0.7733 0.3173 -0.5490
vn 0.7275 -0.6740 -0.1283
vn -0.0898 -0.9283 0.3608
vn -0.3720 -0.8828 0.2867
vn 0.3447 -0.9037 0.2540
vn -0.0894 -0.9283 0.3609
vn -0.3702 -0.8834 0.2872
vn 0.3449 -0.9037 0.2536
vn 0.4787 0.8729 0.0938
vn 0.3738 0.9268 0.0370
vn 0.9977 -0.0647 -0.0180
vn 0.9959 -0.0033 -0.0905
vn 0.8610 0.5086 0.0020
vn 0.8916 0.4468 0.0731
vn 0.8003 -0.5481 -0.2431
vn 0.7533 -0.6359 -0.1680
vn -0.4364 -0.8987 0.0437
vn -0.3839 -0.9227 -0.0343
vn -0.9251 0.0186 0.3792
vn -0.9543 -0.0235 0.2979
vn -0.8193 -0.5367 0.2019
vn -0.8172 -0.4965 0.2928
vn -0.7923 0.5596 0.2429
vn -0.7342 0.6116 0.2948
vn -0.8693 -0.3553 -0.3435
vn -0.8173 -0.3712 -0.4408
vn 0.7195 0.0880 -0.6888
vn 0.7710 0.0202 -0.6365
vn -0.9275 0.0479 -0.3708
vn -0.9509 0.0963 -0.2940
vn 0.6947 0.4771 -0.5383
vn 0.6093 0.5144 -0.6035
vn 0.4787 0.8730 0.0938
vn 0.3739 0.9267 0.0370
vn 0.7533 -0.6359 -0.1679
vn -0.4365 -0.8987 0.0437
vn -0.3840 -0.9227 -0.0343
vn -0.8172 -0.4964 0.2928
vn -0.7924 0.5596 0.2429
vn -0.7341 0.6117 0.2948
vn -0.8694 -0.3553 -0.3435
vn 0.7195 0.0881 -0.6889
vn 0.6092 0.5144 -0.6035
vn -0.7072 -0.7071 -0.0000
vn -1.0000 -0.0000 -0.0000
vn -0.7071 -0.7071 -0.0000
vn -0.7071 0.7071 -0.0000
vn -0.0000 -1.0000 -0.0000
vn 0.7071 -0.7071 -0.0000
vn 0.7070 -0.7072 -0.0000
vn 0.7072 -0.7071 -0.0001
vn 1.0000 -0.0000 -0.0000
vn 0.7071 0.7071 -0.0000
vn 0.7072 0.7071 -0.0000
vn 0.7070 0.7072 -0.0001
vn -0.0000 1.0000 -0.0000
vn -0.0000 -0.0000 1.0000
vn -0.7017 -0.5881 0.4023
vn -0.5926 -0.7971 -0.1160
vn -0.7016 -0.5894 0.4006
vn -0.5915 -0.7973 -0.1203
vn -0.3975 -0.6662 -0.6310
vn -0.3972 -0.6656 -0.6318
vn -0.3974 -0.6661 -0.6311
vn -0.1901 -0.2474 -0.9501
vn -0.3971 -0.6656 -0.6318
vn -0.1909 -0.2503 -0.9491
vn -0.0485 0.3023 -0.9520
vn -0.0490 0.2982 -0.9533
vn -0.0284 0.7773 -0.6285
vn -0.0287 0.7784 -0.6271
vn -0.0285 0.7773 -0.6285
vn -0.1371 0.9845 -0.1091
vn -0.0288 0.7785 -0.6270
vn -0.1387 0.9848 -0.1046
vn -0.3318 0.8532 0.4024
vn -0.3322 0.8527 0.4031
vn -0.5391 0.4348 0.7213
vn -0.5379 0.4380 0.7203
vn -0.6802 -0.1114 0.7245
vn -0.5379 0.4379 0.7204
vn -0.6810 -0.1153 0.7231
vn -0.5392 0.4348 0.7213
vn -0.7016 -0.5893 0.4006
vn -0.6803 -0.1115 0.7245
vn -0.6810 -0.1154 0.7231
vn -0.7040 -0.5866 0.4003
vn -0.5919 -0.7980 -0.1135
vn -0.7040 -0.5868 0.4000
vn -0.5923 -0.7979 -0.1118
vn -0.3909 -0.6694 -0.6317
vn -0.3913 -0.6701 -0.6308
vn -0.3909 -0.6694 -0.6318
vn -0.1801 -0.2485 -0.9518
vn -0.3913 -0.6700 -0.6308
vn -0.1799 -0.2478 -0.9520
vn -0.0398 0.3015 -0.9526
vn -0.0397 0.3028 -0.9522
vn -0.0235 0.7721 -0.6351
vn -0.0236 0.7727 -0.6344
vn -0.0233 0.7721 -0.6351
vn -0.1367 0.9833 -0.1203
vn -0.0235 0.7727 -0.6344
vn -0.1363 0.9832 -0.1215
vn -0.3366 0.8546 0.3954
vn -0.3357 0.8557 0.3938
vn -0.5475 0.4333 0.7159
vn -0.5478 0.4327 0.7161
vn -0.6881 -0.1202 0.7156
vn -0.5478 0.4326 0.7161
vn -0.6877 -0.1181 0.7163
vn -0.7041 -0.5867 0.4000
vn -0.6881 -0.1203 0.7156
vn -0.7041 -0.5865 0.4003
vn -0.6877 -0.1183 0.7163
vn -0.7768 0.3200 -0.5424
vn -0.0999 0.9933 -0.0574
vn 0.1957 0.7903 -0.5807
vn -0.4670 0.8064 0.3629
vn -0.7392 0.4052 0.5379
vn -0.8727 -0.0301 0.4874
vn -0.7393 0.4051 0.5379
vn -0.8746 -0.4059 0.2650
vn -0.7357 -0.6679 -0.1127
vn -0.0280 -0.3433 -0.9388
vn -0.4256 -0.6891 -0.5865
vn 0.2320 0.2550 -0.9387
vn 0.1957 0.7902 -0.5808
vn -0.7733 0.3174 -0.5490
vn -0.1063 0.9929 -0.0526
vn 0.1982 0.7893 -0.5811
vn -0.4700 0.8055 0.3609
vn -0.7372 0.4160 0.5324
vn -0.7733 0.3174 -0.5489
vn -0.8739 -0.0150 0.4859
vn -0.7373 0.4159 0.5324
vn -0.8775 -0.4041 0.2583
vn -0.7276 -0.6739 -0.1282
vn -0.7733 0.3173 -0.5490
vn -0.0210 -0.3500 -0.9365
vn -0.4120 -0.6909 -0.5941
vn 0.2369 0.2460 -0.9399
vn 0.1982 0.7893 -0.5812
vn -0.2588 -0.9659 -0.0000
vn -0.9659 0.2588 -0.0000
vn 0.2588 0.9659 -0.0000
vn 0.9659 -0.2588 -0.0000
vn -0.8660 -0.5000 -0.0000
vn -0.5001 0.8660 -0.0000
vn -0.5000 0.8660 -0.0000
vn -0.8661 -0.4999 -0.0000
vn -0.2589 -0.9659 -0.0000
vn 0.5001 -0.8660 -0.0000
vn 0.5000 -0.8660 -0.0000
vn 0.5002 -0.8659 -0.0000
vn 0.9659 -0.2589 -0.0000
vn 0.8661 0.4999 -0.0000
vn 0.8660 0.5000 -0.0000
vn -0.4999 0.8661 -0.0000
vn -0.8661 -0.5000 -0.0000
vn -0.8660 -0.5001 -0.0000
vn 0.4999 -0.8661 -0.0000
vn -0.8660 -0.5001 -0.0002
vn -0.2587 -0.9659 -0.0000
vn 0.8660 0.5000 0.0002
vn -0.0000 0.3757 0.9267
vn -0.0000 0.2369 0.9715
vn -0.0000 0.2275 0.9738
vn -0.0000 0.2252 0.9743
vn -0.0000 0.2345 0.9721
vn -0.0000 0.3721 0.9282
vn -0.8041 -0.5593 0.2015
vn -0.9549 -0.2475 0.1642
vn -0.9955 -0.0759 0.0560
vn -0.9869 0.1223 0.1052
vn -0.9822 0.1416 0.1234
vn 0.3721 -0.8828 0.2868
vn 0.9653 -0.2269 0.1293
vn 0.7697 -0.5754 0.2765
vn 0.9955 -0.0759 0.0560
vn 0.9871 0.1213 0.1042
vn 0.9826 0.1402 0.1220
vn 0.9827 0.1399 0.1216
vn 0.9652 -0.2275 0.1293
vn 0.9872 0.1211 0.1039
vn 0.9956 -0.0752 0.0556
vn 0.7693 -0.5756 0.2772
vn 0.3703 -0.8834 0.2872
vn -0.9872 0.1211 0.1039
vn -0.9548 -0.2479 0.1638
vn -0.9827 0.1399 0.1217
vn -0.9956 -0.0752 0.0555
vn -0.8040 -0.5595 0.2013
vn -0.3451 -0.9037 0.2536
vn -0.9297 0.1564 0.3334
vn -0.9298 0.1562 0.3334
vn -0.9297 0.1563 0.3334
vn -0.9299 0.1559 0.3332
vn 0.9299 -0.1559 -0.3332
vn 0.9299 -0.1560 -0.3332
vn 0.9295 -0.1574 -0.3336
vn 0.2335 0.1204 -0.9649
vn -0.2261 -0.9592 -0.1699
vn 0.2264 0.9591 0.1700
vn 0.2264 0.9591 0.1699
vn 0.2101 0.1235 -0.9698
vn -0.2908 -0.9289 0.2295
vn -0.9512 0.2549 -0.1737
vn -0.9513 0.2549 -0.1736
vn -0.9701 0.2374 -0.0504
vn 0.1245 0.8325 0.5399
vn 0.9512 -0.2549 0.1737
vn 0.9513 -0.2549 0.1736
vn 0.9273 -0.2654 0.2641
vn 0.9273 -0.2654 0.2642
vn 0.9273 -0.2653 0.2642
vn 0.9513 -0.2549 0.1737
vn -0.0794 -0.7466 -0.6605
vn -0.0794 -0.7466 -0.6606
vn -0.0795 -0.7465 -0.6606
vn 0.3033 0.8746 -0.3783
vn 0.3034 0.8746 -0.3783
vn 0.3035 0.8746 -0.3783
vn -0.2101 -0.1235 0.9698
vn -0.3231 -0.7989 0.5073
vn -0.3232 -0.7989 0.5073
vn 0.0168 0.6449 0.7641
vn -0.2631 -0.9648 0.0011
vn -0.2632 -0.9648 0.0011
vn 0.1824 0.9245 0.3347
vn 0.1823 0.9245 0.3347
vn -0.2622 -0.9650 -0.0037
vn -0.2621 -0.9650 -0.0037
vn -0.9513 0.2549 -0.1737
vn 0.1810 0.9231 0.3392
vn 0.9512 -0.2549 0.1736
vn 0.0220 0.6564 0.7541
vn -0.3228 -0.8075 0.4938
vn -0.3227 -0.8075 0.4938
vn -0.1879 -0.9302 -0.3153
vn -0.1878 -0.9302 -0.3153
vn 0.2587 0.9657 0.0218
vn 0.2578 0.9659 0.0259
vn -0.1890 -0.9313 -0.3114
vn -0.2484 -0.9660 -0.0710
vn 0.2033 0.9441 0.2595
vn 0.2034 0.9441 0.2595
vn 0.2040 0.9447 0.2568
vn -0.2479 -0.9660 -0.0736
vn -0.2480 -0.9660 -0.0736
vn -0.9298 0.1559 0.3333
vn 0.9298 -0.1560 -0.3332
vn 0.9295 -0.1574 -0.3337
vn -0.2261 -0.9591 -0.1701
vn -0.2260 -0.9592 -0.1701
vn 0.2264 0.9591 0.1701
vn 0.2101 0.1235 -0.9699
vn -0.9701 0.2373 -0.0504
vn 0.9272 -0.2654 0.2642
vn -0.0795 -0.7466 -0.6606
vn 0.3034 0.8746 -0.3782
vn 0.3033 0.8746 -0.3782
vn 0.0168 0.6449 0.7640
vn 0.1810 0.9232 0.3392
vn -0.1879 -0.9302 -0.3154
vn 0.2586 0.9657 0.0218
vn 0.2578 0.9658 0.0259
vn -0.2485 -0.9660 -0.0710
vn 0.2033 0.9441 0.2594
vn 0.8074 0.5022 -0.3097
vn -0.0023 0.7572 -0.6532
vn 0.8399 0.5386 -0.0671
vn 0.0044 0.9708 -0.2398
vn -0.8166 0.4811 -0.3189
vn -0.0000 0.2382 0.9712
vn -0.8391 0.5411 -0.0560
vn 0.8656 -0.4123 0.2841
vn 0.8073 0.5022 -0.3097
vn 0.9174 -0.1868 0.3513
vn 0.9426 -0.0327 0.3322
vn 0.7464 0.4483 -0.4918
vn -0.8624 -0.4136 0.2919
vn -0.9175 -0.2080 0.3391
vn -0.7387 0.4668 -0.4862
vn -0.9488 0.0008 0.3160
vn 0.8073 0.5023 -0.3097
vn -0.0023 0.7571 -0.6533
vn -0.0041 0.6292 -0.7773
vn 0.0016 -0.3968 0.9179
vn 0.0006 -0.7550 0.6557
vn -0.9175 -0.2081 0.3391
vn 0.9175 -0.1867 0.3513
vn 0.8656 -0.4124 0.2841
vn 0.0006 -0.7551 0.6556
vn -0.0000 -0.9188 0.3948
vn -0.8624 -0.4137 0.2919
vn 0.2926 0.9562 0.0044
vn 0.2926 0.9562 0.0045
vn -0.9565 0.2917 -0.0000
vn -0.2926 -0.9562 -0.0044
vn 0.9565 -0.2917 -0.0000
vn -0.4639 0.7992 0.3823
vn -0.9510 -0.3093 -0.0017
vn -0.7249 0.6875 0.0435
vn -0.9280 -0.3531 0.1192
vn -0.8351 -0.1845 0.5183
vn -0.7502 0.6071 -0.2620
vn -0.7553 0.2341 0.6121
vn -0.7104 0.4659 -0.5275
vn -0.7168 0.3862 -0.5805
vn -0.7242 0.3008 0.6205
vn 0.8319 0.4034 0.3811
vn 0.2500 0.8175 0.5188
vn 0.9850 0.1669 0.0435
vn 0.2940 0.9475 0.1257
vn -0.4640 0.7992 0.3822
vn -0.7250 0.6874 0.0435
vn -0.7502 0.6071 -0.2619
vn 0.2193 0.7014 -0.6782
vn 0.9631 0.0913 -0.2533
vn 0.6148 -0.7887 -0.0034
vn 0.8319 0.4033 0.3811
vn 0.5725 -0.8117 0.1158
vn 0.9850 0.1669 0.0436
vn 0.5934 -0.6126 0.5221
vn 0.8503 -0.0272 -0.5255
vn 0.7569 -0.2408 0.6075
vn 0.7698 -0.1563 0.6188
vn 0.8090 -0.0807 -0.5823
vn -0.9510 -0.3093 -0.0016
vn -0.2927 -0.9562 -0.0044
vn -0.9280 -0.3530 0.1191
vn -0.2887 -0.9410 0.1764
vn 0.6148 -0.7887 -0.0035
vn 0.5726 -0.8116 0.1158
vn -0.1927 -0.6359 0.7473
vn -0.8351 -0.1844 0.5182
vn 0.2927 0.9562 0.0045
vn 0.2925 0.9562 0.0045
vn 0.2927 0.9562 0.0043
vn -0.7104 0.4660 -0.5275
vn 0.2193 0.7013 -0.6783
vn 0.0786 0.2570 -0.9632
vn 0.8504 -0.0272 -0.5254
vn 0.8090 -0.0807 -0.5822
vn 0.0374 0.1261 -0.9913
vn -0.7169 0.3861 -0.5805
vn 0.5935 -0.6126 0.5220
vn 0.7570 -0.2408 0.6074
vn -0.1926 -0.6359 0.7474
vn -0.0308 -0.1130 0.9931
vn -0.8351 -0.1845 0.5182
vn -0.7243 0.3008 0.6204
vn -0.0002 -0.0043 1.0000
vn -0.8341 -0.4026 0.3770
vn -0.9852 -0.1659 0.0429
vn -0.6130 0.7901 0.0034
vn -0.5726 0.8108 0.1214
vn -0.5887 0.6187 0.5201
vn -0.9618 -0.0810 -0.2617
vn -0.7586 0.2235 0.6121
vn -0.8481 0.0157 -0.5296
vn -0.8087 0.0860 -0.5820
vn -0.7702 0.1506 0.6198
vn 0.4659 -0.8010 0.3759
vn 0.7217 -0.6909 0.0433
vn -0.2512 -0.8206 0.5133
vn -0.2863 -0.9501 0.1241
vn -0.8342 -0.4026 0.3770
vn -0.2101 -0.7028 -0.6796
vn 0.7485 -0.6127 -0.2535
vn 0.9500 0.3122 0.0017
vn 0.9289 0.3509 0.1180
vn 0.4658 -0.8010 0.3760
vn 0.7217 -0.6909 0.0432
vn 0.7485 -0.6128 -0.2535
vn 0.8337 0.1744 0.5240
vn 0.7214 -0.4488 -0.5274
vn 0.7605 -0.2290 0.6076
vn 0.7239 -0.3064 0.6181
vn 0.7171 -0.3809 -0.5836
vn -0.6132 0.7899 0.0033
vn -0.5727 0.8107 0.1214
vn 0.2924 0.9563 0.0045
vn 0.2869 0.9408 0.1805
vn 0.9500 0.3121 0.0016
vn 0.8337 0.1743 0.5240
vn 0.1951 0.6317 0.7503
vn -0.5888 0.6187 0.5201
vn -0.2927 -0.9562 -0.0043
vn -0.2926 -0.9562 -0.0043
vn -0.2927 -0.9562 -0.0042
vn -0.9617 -0.0810 -0.2617
vn -0.2100 -0.7029 -0.6796
vn -0.8481 0.0158 -0.5296
vn -0.0762 -0.2488 -0.9655
vn 0.7485 -0.6128 -0.2534
vn 0.7171 -0.3809 -0.5837
vn -0.0369 -0.1171 -0.9924
vn -0.8087 0.0860 -0.5819
vn 0.8337 0.1743 0.5239
vn 0.7605 -0.2291 0.6075
vn 0.0351 0.1025 0.9941
vn -0.7586 0.2235 0.6120
vn -0.7702 0.1507 0.6197
vn -0.0003 -0.0047 1.0000
vn 0.7239 -0.3065 0.6180
vn -0.1260 -0.4117 -0.9026
vn 0.1264 0.4132 -0.9018
vn -0.0000 -0.0000 -1.0000
vn -1.0000 -0.0000 -0.0001
vn 0.7071 -0.7071 -0.0001
vn -0.7070 0.7072 -0.0000
vn -0.0001 1.0000 -0.0000
vn 0.7070 0.7072 -0.0000
vn 0.7017 -0.5881 0.4023
vn 0.7016 -0.5894 0.4006
vn 0.5926 -0.7971 -0.1160
vn 0.5915 -0.7973 -0.1203
vn 0.3975 -0.6661 -0.6310
vn 0.3972 -0.6657 -0.6317
vn 0.3974 -0.6661 -0.6311
vn 0.3971 -0.6656 -0.6319
vn 0.1901 -0.2474 -0.9501
vn 0.1909 -0.2503 -0.9492
vn 0.0485 0.3023 -0.9520
vn 0.0490 0.2982 -0.9533
vn 0.0284 0.7773 -0.6285
vn 0.0287 0.7784 -0.6271
vn 0.0285 0.7773 -0.6285
vn 0.0287 0.7785 -0.6270
vn 0.1371 0.9845 -0.1091
vn 0.1386 0.9848 -0.1046
vn 0.3318 0.8532 0.4024
vn 0.3322 0.8527 0.4031
vn 0.5391 0.4348 0.7213
vn 0.5379 0.4380 0.7203
vn 0.5392 0.4348 0.7213
vn 0.5379 0.4379 0.7204
vn 0.6810 -0.1153 0.7231
vn 0.6803 -0.1114 0.7245
vn 0.6802 -0.1115 0.7245
vn 0.7016 -0.5893 0.4006
vn 0.7041 -0.5865 0.4003
vn 0.7041 -0.5868 0.4000
vn 0.5918 -0.7980 -0.1135
vn 0.5923 -0.7979 -0.1118
vn 0.3909 -0.6694 -0.6317
vn 0.3913 -0.6701 -0.6308
vn 0.3909 -0.6694 -0.6318
vn 0.3913 -0.6700 -0.6308
vn 0.1801 -0.2485 -0.9518
vn 0.1799 -0.2478 -0.9520
vn 0.0398 0.3015 -0.9526
vn 0.0397 0.3028 -0.9522
vn 0.0234 0.7720 -0.6351
vn 0.0236 0.7727 -0.6344
vn 0.0233 0.7721 -0.6351
vn 0.0235 0.7727 -0.6344
vn 0.1366 0.9833 -0.1203
vn 0.1362 0.9832 -0.1215
vn 0.3366 0.8546 0.3954
vn 0.3357 0.8557 0.3938
vn 0.5475 0.4333 0.7159
vn 0.5478 0.4327 0.7161
vn 0.5478 0.4326 0.7161
vn 0.6877 -0.1182 0.7163
vn 0.6881 -0.1202 0.7156
vn 0.6878 -0.1182 0.7162
vn 0.6882 -0.1203 0.7155
vn 0.7041 -0.5865 0.4004
vn 0.7040 -0.5868 0.4001
vn 0.0999 0.9933 -0.0574
vn 0.7768 0.3200 -0.5424
vn -0.1957 0.7903 -0.5807
vn 0.4670 0.8064 0.3629
vn 0.7393 0.4051 0.5379
vn 0.8727 -0.0301 0.4874
vn 0.7405 0.4054 0.5361
vn 0.8746 -0.4059 0.2650
vn 0.7356 -0.6679 -0.1127
vn 0.0280 -0.3433 -0.9388
vn 0.4257 -0.6891 -0.5865
vn -0.2320 0.2550 -0.9387
vn -0.1957 0.7902 -0.5808
vn 0.1063 0.9929 -0.0526
vn 0.7733 0.3174 -0.5489
vn -0.1982 0.7893 -0.5811
vn 0.4700 0.8055 0.3609
vn 0.7373 0.4160 0.5323
vn 0.8739 -0.0150 0.4859
vn 0.7733 0.3173 -0.5489
vn 0.7364 0.4157 0.5338
vn 0.8775 -0.4041 0.2583
vn 0.7276 -0.6739 -0.1282
vn 0.0210 -0.3500 -0.9365
vn 0.4120 -0.6909 -0.5941
vn -0.2369 0.2460 -0.9399
vn -0.1982 0.7893 -0.5812
vn 0.2588 -0.9659 -0.0000
vn 0.9659 0.2588 -0.0000
vn -0.2588 0.9659 -0.0000
vn -0.9659 -0.2588 -0.0000
vn 0.8660 -0.5000 -0.0000
vn 0.5000 0.8660 -0.0000
vn 0.8661 -0.4999 -0.0000
vn 0.2589 -0.9659 -0.0000
vn -0.5000 -0.8660 -0.0000
vn -0.5001 -0.8660 -0.0000
vn -0.9659 -0.2589 -0.0000
vn -0.8661 0.4999 -0.0000
vn -0.8660 0.5000 -0.0000
vn -0.8659 0.5001 -0.0000
vn -0.2587 0.9660 -0.0000
vn 0.4999 0.8661 -0.0000
vn 0.8661 -0.5000 -0.0000
vn 0.8660 -0.5001 -0.0000
vn -0.4999 -0.8661 -0.0000
vn 0.5001 0.8660 -0.0001
vn 0.2587 -0.9659 -0.0000
vn -0.5002 -0.8659 -0.0000
vn 0.5000 0.8660 -0.0001
vn -0.2589 0.9659 -0.0000
vn -0.0001 0.3721 0.9282
vn 0.3448 -0.9037 0.2540
vn 0.8041 -0.5593 0.2015
vn 0.9549 -0.2475 0.1642
vn 0.9869 0.1223 0.1052
vn 0.9822 0.1416 0.1234
vn -0.9653 -0.2269 0.1293
vn -0.3721 -0.8828 0.2868
vn -0.7697 -0.5754 0.2765
vn -0.9871 0.1213 0.1042
vn -0.9826 0.1402 0.1220
vn -0.9652 -0.2275 0.1292
vn -0.9827 0.1399 0.1216
vn -0.9956 -0.0752 0.0556
vn -0.7693 -0.5756 0.2772
vn -0.3703 -0.8834 0.2873
vn 0.9548 -0.2479 0.1638
vn 0.9827 0.1399 0.1217
vn 0.8040 -0.5595 0.2013
vn 0.3450 -0.9037 0.2536
vn 0.9299 0.1559 0.3333
vn 0.9298 0.1559 0.3333
vn 0.9297 0.1564 0.3334
vn -0.9295 -0.1574 -0.3336
vn -0.9295 -0.1574 -0.3337
vn -0.9295 -0.1573 -0.3336
vn -0.9299 -0.1559 -0.3332
vn -0.2335 0.1204 -0.9649
vn 0.2261 -0.9592 -0.1699
vn -0.2264 0.9591 0.1699
vn -0.2266 0.9591 0.1698
vn -0.2263 0.9591 0.1700
vn -0.2101 0.1235 -0.9698
vn 0.2908 -0.9289 0.2295
vn 0.9513 0.2549 -0.1736
vn 0.9512 0.2549 -0.1737
vn 0.9701 0.2374 -0.0504
vn -0.1245 0.8325 0.5399
vn -0.9513 -0.2549 0.1736
vn -0.9513 -0.2549 0.1737
vn -0.9273 -0.2654 0.2642
vn -0.9273 -0.2654 0.2641
vn -0.9512 -0.2549 0.1737
vn 0.0795 -0.7465 -0.6606
vn 0.0794 -0.7466 -0.6606
vn 0.0794 -0.7466 -0.6605
vn -0.3035 0.8745 -0.3783
vn -0.3034 0.8746 -0.3783
vn -0.3033 0.8746 -0.3783
vn 0.2101 -0.1235 0.9698
vn 0.2101 -0.1235 0.9699
vn 0.3232 -0.7989 0.5073
vn 0.3231 -0.7989 0.5073
vn -0.0168 0.6449 0.7641
vn -0.0168 0.6449 0.7640
vn 0.2631 -0.9648 0.0011
vn 0.9512 0.2549 -0.1736
vn -0.1823 0.9245 0.3347
vn -0.1824 0.9245 0.3347
vn -0.9512 -0.2549 0.1736
vn 0.2622 -0.9650 -0.0037
vn -0.1810 0.9231 0.3392
vn -0.0220 0.6564 0.7541
vn 0.3227 -0.8075 0.4938
vn 0.3228 -0.8075 0.4938
vn 0.1879 -0.9302 -0.3153
vn -0.2587 0.9657 0.0218
vn -0.2578 0.9659 0.0259
vn 0.1890 -0.9313 -0.3114
vn 0.2484 -0.9660 -0.0710
vn -0.2034 0.9441 0.2595
vn -0.2033 0.9441 0.2595
vn -0.2040 0.9447 0.2568
vn 0.2479 -0.9660 -0.0736
vn 0.2480 -0.9660 -0.0736
vn 0.2261 -0.9591 -0.1701
vn -0.2264 0.9591 0.1701
vn -0.2101 0.1235 -0.9699
vn -0.9272 -0.2654 0.2642
vn -0.3033 0.8746 -0.3782
vn -0.3034 0.8746 -0.3782
vn 0.2621 -0.9650 -0.0037
vn -0.1810 0.9232 0.3392
vn 0.1879 -0.9302 -0.3154
vn -0.2586 0.9657 0.0218
vn -0.2578 0.9658 0.0259
vn 0.1891 -0.9313 -0.3114
vn 0.2485 -0.9660 -0.0710
vn -0.8074 0.5022 -0.3097
vn -0.8399 0.5386 -0.0671
vn 0.0023 0.7572 -0.6532
vn -0.0044 0.9708 -0.2398
vn 0.8166 0.4811 -0.3189
vn 0.8391 0.5412 -0.0560
vn -0.8656 -0.4123 0.2841
vn -0.8073 0.5022 -0.3098
vn -0.9174 -0.1867 0.3513
vn -0.9426 -0.0327 0.3322
vn -0.7464 0.4483 -0.4918
vn 0.8391 0.5411 -0.0560
vn 0.8624 -0.4136 0.2919
vn 0.9175 -0.2081 0.3391
vn 0.8166 0.4811 -0.3188
vn 0.7387 0.4668 -0.4862
vn 0.9488 0.0008 0.3160
vn 0.0023 0.7571 -0.6533
vn -0.7464 0.4482 -0.4918
vn 0.0041 0.6292 -0.7773
vn -0.0016 -0.3968 0.9179
vn -0.9174 -0.1868 0.3513
vn -0.0006 -0.7550 0.6557
vn -0.0006 -0.7551 0.6556
vn -0.8656 -0.4124 0.2841
vn 0.9175 -0.2080 0.3391
vn -0.2926 0.9562 0.0045
vn -0.2926 0.9562 0.0044
vn 0.9565 0.2917 -0.0000
vn 0.2926 -0.9562 -0.0044
vn -0.9565 -0.2917 -0.0000
vn 0.4640 0.7991 0.3823
vn 0.7249 0.6875 0.0435
vn 0.9510 -0.3093 -0.0017
vn 0.9280 -0.3530 0.1192
vn 0.8351 -0.1845 0.5183
vn 0.7502 0.6071 -0.2620
vn 0.7553 0.2340 0.6121
vn 0.7104 0.4659 -0.5275
vn 0.7169 0.3861 -0.5805
vn 0.7242 0.3008 0.6205
vn -0.8319 0.4034 0.3811
vn -0.9850 0.1668 0.0435
vn -0.2500 0.8175 0.5188
vn -0.2940 0.9475 0.1257
vn 0.4640 0.7992 0.3822
vn 0.7249 0.6875 0.0434
vn -0.2193 0.7014 -0.6782
vn -0.9631 0.0911 -0.2533
vn -0.6148 -0.7887 -0.0034
vn -0.5725 -0.8117 0.1159
vn -0.8319 0.4033 0.3811
vn -0.9850 0.1669 0.0435
vn -0.9631 0.0912 -0.2534
vn -0.5935 -0.6126 0.5220
vn -0.8504 -0.0272 -0.5255
vn -0.7570 -0.2408 0.6075
vn -0.7698 -0.1563 0.6188
vn -0.8090 -0.0807 -0.5823
vn 0.9510 -0.3092 -0.0016
vn 0.9280 -0.3530 0.1191
vn 0.2927 -0.9562 -0.0044
vn 0.2887 -0.9410 0.1764
vn -0.5935 -0.6126 0.5221
vn 0.1926 -0.6359 0.7473
vn 0.8351 -0.1844 0.5183
vn -0.2927 0.9562 0.0045
vn -0.2925 0.9562 0.0045
vn -0.2926 0.9562 0.0043
vn 0.7502 0.6071 -0.2619
vn -0.2193 0.7013 -0.6783
vn 0.7104 0.4660 -0.5274
vn -0.0786 0.2570 -0.9632
vn -0.9631 0.0912 -0.2533
vn -0.8504 -0.0272 -0.5254
vn -0.8090 -0.0807 -0.5822
vn -0.0374 0.1261 -0.9913
vn 0.1926 -0.6359 0.7474
vn -0.7570 -0.2408 0.6074
vn 0.0308 -0.1130 0.9931
vn 0.8351 -0.1844 0.5182
vn 0.7553 0.2341 0.6121
vn 0.7243 0.3008 0.6204
vn 0.0002 -0.0043 1.0000
vn -0.7699 -0.1563 0.6188
vn 0.8341 -0.4026 0.3770
vn 0.6130 0.7900 0.0034
vn 0.9852 -0.1659 0.0429
vn 0.5726 0.8108 0.1215
vn 0.5887 0.6188 0.5201
vn 0.9618 -0.0810 -0.2617
vn 0.7586 0.2234 0.6121
vn 0.8481 0.0157 -0.5296
vn 0.8087 0.0859 -0.5819
vn 0.7702 0.1507 0.6198
vn -0.4660 -0.8009 0.3759
vn 0.2512 -0.8206 0.5133
vn -0.7217 -0.6909 0.0432
vn 0.2863 -0.9501 0.1241
vn 0.8342 -0.4026 0.3770
vn 0.9618 -0.0811 -0.2616
vn 0.2100 -0.7029 -0.6796
vn -0.7485 -0.6128 -0.2535
vn -0.9500 0.3122 0.0017
vn -0.4658 -0.8010 0.3760
vn -0.9289 0.3509 0.1180
vn -0.7217 -0.6909 0.0433
vn -0.7485 -0.6128 -0.2534
vn -0.8337 0.1743 0.5240
vn -0.7214 -0.4488 -0.5274
vn -0.7605 -0.2290 0.6076
vn -0.7239 -0.3064 0.6181
vn -0.7171 -0.3809 -0.5836
vn 0.6132 0.7899 0.0033
vn -0.2924 0.9563 0.0045
vn -0.2870 0.9408 0.1805
vn -0.9500 0.3121 0.0017
vn -0.1951 0.6317 0.7503
vn 0.5889 0.6186 0.5201
vn 0.2927 -0.9562 -0.0043
vn 0.2927 -0.9562 -0.0042
vn 0.9617 -0.0810 -0.2617
vn 0.8481 0.0158 -0.5296
vn 0.2101 -0.7028 -0.6796
vn 0.0762 -0.2488 -0.9655
vn -0.7171 -0.3809 -0.5837
vn 0.0369 -0.1171 -0.9924
vn 0.8087 0.0860 -0.5819
vn -0.8337 0.1742 0.5239
vn -0.7605 -0.2291 0.6075
vn -0.0351 0.1025 0.9941
vn 0.5888 0.6187 0.5201
vn 0.7586 0.2234 0.6120
vn 0.7702 0.1507 0.6197
vn 0.0003 -0.0047 1.0000
vn -0.7239 -0.3065 0.6180
vn 0.1260 -0.4117 -0.9026
vn -0.1264 0.4132 -0.9018
vn 1.0000 -0.0000 -0.0001
vn 0.5877 0.8090 -0.0000
vn -0.5878 0.8090 -0.0000
vn -0.5877 0.8090 -0.0000
vn 0.5878 0.8090 -0.0000
vn 0.5879 0.8090 -0.0000
vn 0.9511 0.3090 -0.0000
vn 0.9511 -0.3090 -0.0000
vn 0.5878 -0.8090 -0.0000
vn 0.5879 -0.8089 -0.0000
vn 0.5877 -0.8090 -0.0000
vn 0.5877 -0.8091 -0.0000
vn -0.5877 -0.8091 -0.0000
vn -0.5877 -0.8090 -0.0000
vn -0.5878 -0.8090 -0.0000
vn -0.9511 -0.3090 -0.0000
vn -0.9511 0.3090 -0.0000
vn 0.9510 0.3090 -0.0000
vn 0.9510 -0.3090 -0.0000
vn 0.5163 0.7106 0.4780
vn -0.0000 0.8784 0.4779
vn 0.4614 0.6351 -0.6195
vn -0.0000 0.7850 -0.6195
vn -0.5163 0.7106 0.4779
vn -0.4615 0.6350 -0.6195
vn 0.7465 0.2425 -0.6196
vn 0.8354 0.2713 0.4780
vn 0.7465 -0.2426 -0.6195
vn 0.8354 -0.2715 0.4780
vn 0.4614 -0.6351 -0.6195
vn 0.5163 -0.7106 0.4780
vn -0.0000 -0.7850 -0.6195
vn -0.0000 -0.8784 0.4779
vn -0.4614 -0.6351 -0.6195
vn -0.5163 -0.7106 0.4779
vn -0.7465 -0.2426 -0.6195
vn -0.5163 -0.7106 0.4780
vn -0.8355 -0.2714 0.4779
vn -0.7466 0.2426 -0.6195
vn -0.8354 0.2715 0.4779
vn -0.4614 0.6351 -0.6195
vn -0.5163 0.7106 0.4780
vn -0.1001 -0.9950 -0.0000
vn -0.9950 0.1001 -0.0000
vn 0.1001 0.9950 -0.0000
vn 0.9950 -0.1001 -0.0000
vn -0.7743 -0.6328 -0.0000
vn -0.6328 0.7743 -0.0000
vn -0.7743 -0.6329 -0.0000
vn 0.6328 -0.7744 -0.0000
vn 0.6327 -0.7744 -0.0001
vn 0.6329 -0.7743 -0.0000
vn 0.9950 -0.1000 -0.0000
vn 0.7743 0.6328 -0.0000
vn 0.7743 0.6329 -0.0000
vn 0.1000 0.9950 -0.0000
vn -0.6327 0.7744 -0.0000
vn -0.7744 -0.6328 -0.0000
vn -0.1000 -0.9950 -0.0000
vn 0.6328 -0.7743 -0.0000
vn 0.6328 -0.7743 -0.0001
vn 0.7743 0.6328 -0.0002
vn -0.7744 -0.6327 -0.0000
vn 0.7744 0.6327 -0.0000
vn 0.1001 -0.9950 -0.0000
vn 0.9950 0.1001 -0.0000
vn -0.1001 0.9950 -0.0000
vn -0.9950 -0.1001 -0.0000
vn 0.7744 -0.6328 -0.0000
vn 0.7744 -0.6328 0.0001
vn 0.6328 0.7743 -0.0000
vn 0.7743 -0.6329 -0.0000
vn 0.7743 -0.6328 -0.0000
vn -0.6328 -0.7744 -0.0000
vn -0.6328 -0.7743 -0.0000
vn -0.7743 0.6328 -0.0000
vn -0.1000 0.9950 -0.0000
vn 0.6328 0.7743 -0.0001
vn 0.1000 -0.9950 -0.0000
vn -0.6327 -0.7744 -0.0000
vn -0.9950 -0.1000 -0.0000
vn -0.7744 0.6327 0.0001
vn 0.6328 0.7743 0.0001
vn 0.3485 0.9373 0.0044
vn -0.9376 0.3476 -0.0000
vn -0.3485 -0.9373 -0.0045
vn -0.3485 -0.9373 -0.0044
vn 0.9376 -0.3476 -0.0000
vn 0.9377 -0.3476 -0.0000
vn -0.4160 0.8251 0.3822
vn -0.9676 -0.2526 -0.0017
vn -0.6831 0.7290 0.0435
vn -0.9472 -0.2977 0.1192
vn -0.8445 -0.1349 0.5183
vn -0.7131 0.6503 -0.2619
vn -0.7402 0.2782 0.6121
vn -0.6816 0.5071 -0.5275
vn -0.6928 0.4277 -0.5806
vn -0.7052 0.3430 0.6205
vn 0.8543 0.3535 0.3810
vn 0.2977 0.8013 0.5189
vn 0.9931 0.1085 0.0435
vn 0.3494 0.9285 0.1257
vn 0.2603 0.6872 -0.6783
vn 0.9668 0.0342 -0.2533
vn 0.5671 -0.8236 -0.0035
vn 0.5236 -0.8440 0.1158
vn 0.9931 0.1085 0.0436
vn 0.9668 0.0343 -0.2533
vn 0.5563 -0.6465 0.5221
vn 0.8473 -0.0774 -0.5255
vn 0.7414 -0.2851 0.6075
vn 0.7593 -0.2015 0.6188
vn 0.8028 -0.1283 -0.5823
vn -0.9676 -0.2527 -0.0016
vn -0.3486 -0.9372 -0.0044
vn -0.9472 -0.2977 0.1191
vn -0.3438 -0.9223 0.1764
vn 0.5672 -0.8235 -0.0035
vn 0.5236 -0.8441 0.1158
vn 0.5564 -0.6464 0.5221
vn -0.2298 -0.6234 0.7473
vn -0.8445 -0.1348 0.5182
vn 0.3487 0.9372 0.0043
vn 0.3484 0.9373 0.0044
vn 0.3484 0.9373 0.0045
vn 0.3486 0.9372 0.0044
vn 0.3487 0.9372 0.0044
vn -0.6817 0.5071 -0.5275
vn 0.2602 0.6872 -0.6783
vn 0.0936 0.2519 -0.9632
vn 0.9668 0.0343 -0.2534
vn 0.8473 -0.0773 -0.5254
vn 0.8029 -0.1283 -0.5822
vn 0.0448 0.1237 -0.9913
vn -0.6929 0.4277 -0.5805
vn 0.5564 -0.6465 0.5220
vn 0.7415 -0.2850 0.6074
vn -0.2297 -0.6234 0.7474
vn -0.0374 -0.1110 0.9931
vn -0.8446 -0.1348 0.5182
vn -0.7053 0.3430 0.6204
vn -0.0005 -0.0043 1.0000
vn -0.8564 -0.3527 0.3770
vn -0.9933 -0.1076 0.0429
vn -0.5654 0.8248 0.0035
vn -0.5238 0.8432 0.1215
vn -0.5512 0.6524 0.5201
vn -0.9649 -0.0242 -0.2617
vn -0.7441 0.2678 0.6121
vn -0.8457 0.0658 -0.5296
vn -0.8022 0.1335 -0.5820
vn -0.7599 0.1958 0.6198
vn 0.4179 -0.8271 0.3759
vn 0.6797 -0.7322 0.0433
vn -0.2992 -0.8044 0.5132
vn -0.3418 -0.9315 0.1241
vn -0.8564 -0.3528 0.3769
vn -0.9648 -0.0242 -0.2617
vn -0.2512 -0.6893 -0.6796
vn 0.7110 -0.6559 -0.2534
vn 0.9668 0.2556 0.0017
vn 0.9480 0.2955 0.1181
vn 0.4178 -0.8271 0.3760
vn 0.7111 -0.6559 -0.2535
vn 0.8425 0.1248 0.5240
vn 0.6936 -0.4906 -0.5274
vn 0.7456 -0.2736 0.6076
vn 0.7046 -0.3486 0.6181
vn 0.6934 -0.4225 -0.5837
vn -0.5653 0.8249 0.0034
vn -0.5238 0.8431 0.1214
vn 0.3482 0.9374 0.0045
vn 0.3419 0.9222 0.1805
vn 0.9480 0.2954 0.1180
vn 0.8426 0.1247 0.5239
vn 0.2321 0.6190 0.7503
vn -0.5513 0.6524 0.5201
vn -0.3484 -0.9373 -0.0044
vn -0.3484 -0.9373 -0.0045
vn -0.9648 -0.0242 -0.2618
vn -0.2511 -0.6893 -0.6796
vn -0.0908 -0.2439 -0.9655
vn -0.0438 -0.1147 -0.9924
vn -0.8022 0.1335 -0.5819
vn 0.8426 0.1248 0.5239
vn 0.2320 0.6190 0.7503
vn 0.7457 -0.2736 0.6075
vn 0.0411 0.1002 0.9941
vn -0.7441 0.2678 0.6120
vn -0.7600 0.1958 0.6198
vn -0.0006 -0.0047 1.0000
vn 0.7046 -0.3487 0.6180
vn -0.1501 -0.4036 -0.9026
vn -0.1500 -0.4036 -0.9026
vn 0.1506 0.4050 -0.9018
vn -0.3485 0.9373 0.0044
vn -0.3484 0.9373 0.0044
vn 0.9376 0.3476 -0.0000
vn 0.9377 0.3476 -0.0000
vn 0.3485 -0.9373 -0.0044
vn -0.9376 -0.3476 -0.0000
vn 0.4160 0.8251 0.3822
vn 0.6831 0.7290 0.0435
vn 0.9676 -0.2527 -0.0017
vn 0.9472 -0.2977 0.1192
vn 0.8445 -0.1349 0.5183
vn 0.7131 0.6503 -0.2619
vn 0.7402 0.2782 0.6122
vn 0.6817 0.5070 -0.5275
vn 0.6928 0.4277 -0.5805
vn 0.7052 0.3430 0.6205
vn -0.8544 0.3535 0.3810
vn -0.9932 0.1084 0.0435
vn -0.2978 0.8013 0.5188
vn -0.3494 0.9285 0.1257
vn 0.6832 0.7290 0.0434
vn 0.7132 0.6502 -0.2619
vn -0.2603 0.6872 -0.6782
vn -0.9668 0.0342 -0.2533
vn -0.5671 -0.8236 -0.0034
vn -0.5235 -0.8441 0.1159
vn -0.8543 0.3536 0.3811
vn -0.9931 0.1085 0.0435
vn -0.9668 0.0343 -0.2534
vn -0.5563 -0.6465 0.5221
vn -0.8473 -0.0773 -0.5255
vn -0.7415 -0.2850 0.6075
vn -0.7593 -0.2014 0.6188
vn -0.8029 -0.1283 -0.5822
vn 0.9676 -0.2527 -0.0016
vn 0.9472 -0.2977 0.1191
vn 0.3487 -0.9372 -0.0044
vn 0.3438 -0.9223 0.1764
vn -0.5672 -0.8236 -0.0034
vn -0.5236 -0.8440 0.1159
vn -0.5564 -0.6464 0.5221
vn 0.2297 -0.6235 0.7473
vn 0.8445 -0.1350 0.5183
vn -0.3485 0.9373 0.0045
vn -0.3484 0.9374 0.0043
vn 0.6817 0.5071 -0.5275
vn -0.0936 0.2519 -0.9632
vn -0.8473 -0.0773 -0.5254
vn -0.0448 0.1237 -0.9913
vn 0.6928 0.4278 -0.5805
vn -0.5563 -0.6465 0.5220
vn 0.2298 -0.6234 0.7474
vn -0.7415 -0.2850 0.6074
vn 0.0374 -0.1110 0.9931
vn 0.8446 -0.1349 0.5182
vn 0.7402 0.2782 0.6121
vn 0.7053 0.3430 0.6204
vn 0.0005 -0.0043 1.0000
vn -0.7593 -0.2015 0.6188
vn 0.8564 -0.3527 0.3770
vn 0.5654 0.8248 0.0034
vn 0.9933 -0.1075 0.0429
vn 0.5238 0.8432 0.1214
vn 0.5512 0.6524 0.5201
vn 0.9648 -0.0242 -0.2617
vn 0.7441 0.2678 0.6121
vn 0.8457 0.0657 -0.5296
vn 0.8022 0.1335 -0.5819
vn 0.7600 0.1958 0.6198
vn -0.4180 -0.8271 0.3758
vn 0.2992 -0.8044 0.5132
vn -0.6797 -0.7322 0.0432
vn 0.3418 -0.9315 0.1241
vn 0.2512 -0.6893 -0.6796
vn -0.7110 -0.6559 -0.2534
vn -0.9668 0.2557 0.0017
vn -0.4179 -0.8271 0.3758
vn -0.9480 0.2955 0.1180
vn -0.6796 -0.7323 0.0433
vn -0.7110 -0.6559 -0.2535
vn -0.8425 0.1248 0.5240
vn -0.6937 -0.4906 -0.5274
vn -0.7457 -0.2735 0.6076
vn -0.7046 -0.3486 0.6181
vn -0.6934 -0.4225 -0.5837
vn 0.5655 0.8247 0.0033
vn -0.3482 0.9374 0.0044
vn 0.5239 0.8431 0.1215
vn -0.3419 0.9222 0.1805
vn -0.9668 0.2556 0.0017
vn -0.8426 0.1247 0.5240
vn -0.2321 0.6190 0.7503
vn 0.5512 0.6524 0.5202
vn 0.3482 -0.9374 -0.0044
vn 0.3484 -0.9373 -0.0044
vn 0.3484 -0.9373 -0.0045
vn 0.9648 -0.0241 -0.2617
vn 0.2511 -0.6893 -0.6796
vn 0.0908 -0.2439 -0.9655
vn -0.6934 -0.4225 -0.5836
vn 0.0438 -0.1147 -0.9924
vn -0.8426 0.1248 0.5239
vn -0.7457 -0.2735 0.6075
vn -0.2320 0.6190 0.7503
vn -0.0411 0.1002 0.9941
vn 0.5513 0.6524 0.5201
vn 0.7441 0.2678 0.6120
vn 0.7600 0.1959 0.6197
vn 0.0006 -0.0047 1.0000
vn -0.7046 -0.3486 0.6180
vn 0.1500 -0.4036 -0.9026
vn 0.1501 -0.4036 -0.9026
vn -0.1506 0.4050 -0.9018
vn 0.0023 -1.0000 -0.0000
vn 0.0022 -1.0000 -0.0000
vn -1.0000 -0.0023 -0.0000
vn -0.0023 1.0000 -0.0000
vn 1.0000 0.0023 -0.0000
vn -0.7055 -0.7087 -0.0000
vn -1.0000 -0.0022 -0.0000
vn -0.7087 0.7055 -0.0000
vn 0.7087 -0.7055 -0.0000
vn 0.7088 -0.7054 -0.0000
vn 0.7055 0.7087 -0.0000
vn -0.7087 0.7056 -0.0000
vn -0.7055 -0.7087 -0.0001
vn 0.7087 -0.7055 0.0001
vn 1.0000 0.0022 -0.0000
vn 0.7056 0.7087 -0.0000
vn -0.7056 -0.7087 -0.0000
vn -0.7087 0.7055 0.0001
vn -0.7055 -0.7088 -0.0000
vn -0.0022 1.0000 -0.0000
vn 0.7087 -0.7056 -0.0000
vn -0.0023 -1.0000 -0.0000
vn 1.0000 -0.0023 -0.0000
vn 0.0022 1.0000 -0.0000
vn 0.0023 1.0000 -0.0000
vn -1.0000 0.0023 -0.0000
vn 0.7055 -0.7087 -0.0000
vn 0.7055 -0.7087 0.0001
vn 0.7087 0.7055 -0.0000
vn 0.7054 -0.7088 -0.0000
vn -0.7087 -0.7056 -0.0000
vn -0.7087 -0.7055 -0.0000
vn -0.7088 -0.7054 -0.0000
vn -0.7055 0.7087 -0.0000
vn -0.7055 0.7087 -0.0001
vn 0.7087 0.7056 -0.0000
vn 1.0000 -0.0022 -0.0000
vn 0.7087 0.7055 -0.0002
vn 0.6390 0.4624 0.6147
vn -0.7586 0.2159 0.6147
vn 0.6278 0.2783 0.7270
vn -0.6719 0.1089 0.7326
vn 0.7265 -0.0828 0.6821
vn -0.6681 0.0843 0.7393
vn 0.6071 -0.4414 0.6608
vn -0.5198 0.3771 0.7666
vn 0.2319 -0.7139 0.6608
vn -0.1985 0.6107 0.7666
vn -0.2320 -0.7138 0.6608
vn 0.1984 0.6107 0.7666
vn -0.6079 -0.4405 0.6606
vn 0.5196 0.3768 0.7668
vn -0.7150 -0.1117 0.6902
vn 0.6780 0.1067 0.7273
vn -0.6718 0.0900 0.7352
vn 0.6902 0.0879 0.7183
vn -0.6978 0.1719 0.6953
vn 0.7163 0.1675 0.6774
vn 0.7540 -0.2199 -0.6189
vn 0.6389 0.4624 0.6148
vn 0.7998 -0.0687 -0.5963
vn 0.6277 0.2782 0.7270
vn 0.7543 -0.0951 -0.6496
vn 0.7265 -0.0828 0.6822
vn 0.6305 -0.4584 -0.6264
vn -0.6334 -0.4645 -0.6189
vn 0.7541 -0.2198 -0.6188
vn -0.7223 -0.2555 -0.6427
vn 0.7999 -0.0688 -0.5962
vn -0.6376 0.0732 -0.7668
vn -0.4854 0.3523 -0.8002
vn 0.6306 -0.4584 -0.6263
vn -0.1853 0.5704 -0.8002
vn 0.2409 -0.7414 -0.6263
vn 0.1854 0.5704 -0.8002
vn -0.2408 -0.7414 -0.6263
vn 0.4852 0.3519 -0.8004
vn -0.6313 -0.4575 -0.6262
vn 0.6423 0.1008 -0.7598
vn -0.7446 -0.1180 -0.6570
vn 0.7260 -0.0836 -0.6826
vn -0.7443 -0.0813 -0.6628
vn 0.6979 -0.1720 -0.6953
vn -0.7163 -0.1676 -0.6774
vn -0.7585 0.2160 0.6148
vn -0.6718 0.1088 0.7327
vn -0.7222 -0.2554 -0.6428
vn -0.6376 0.0732 -0.7669
vn -0.5197 0.3771 0.7666
vn -0.4854 0.3522 -0.8002
vn 0.6071 -0.4413 0.6608
vn 0.2409 -0.7414 -0.6264
vn 0.2320 -0.7138 0.6609
vn -0.2409 -0.7414 -0.6264
vn -0.2319 -0.7138 0.6608
vn -0.1985 0.6106 0.7666
vn -0.1854 0.5704 -0.8002
vn 0.1853 0.5704 -0.8002
vn 0.5196 0.3767 0.7669
vn 0.4852 0.3519 -0.8005
vn -0.6078 -0.4406 0.6606
vn -0.7446 -0.1179 -0.6570
vn -0.7149 -0.1117 0.6902
vn -0.7443 -0.0812 -0.6629
vn -0.6717 0.0901 0.7353
vn -0.6978 0.1718 0.6954
vn 0.5196 0.3768 0.7669
vn 0.4852 0.3520 -0.8004
vn 0.6779 0.1067 0.7273
vn 0.6422 0.1008 -0.7599
vn 0.6901 0.0879 0.7183
vn 0.7259 -0.0837 -0.6826
vn 0.7162 0.1675 0.6775
vn 0.6978 -0.1720 -0.6953
vn -0.7094 -0.3098 0.6331
vn 0.7094 -0.3098 0.6331
vn -0.6618 -0.1773 0.7284
vn 0.6618 -0.1772 0.7284
vn -0.6786 0.0807 0.7301
vn 0.6786 0.0806 0.7301
vn -0.7071 0.1697 0.6864
vn 0.7071 0.1697 0.6864
vn -0.7046 0.3124 -0.6371
vn -0.7094 -0.3099 0.6331
vn -0.7588 0.1543 -0.6328
vn -0.7381 -0.0739 -0.6707
vn -0.6785 0.0807 0.7301
vn -0.7071 -0.1698 -0.6864
vn -0.7071 0.1697 0.6865
vn 0.7047 0.3124 -0.6371
vn -0.7047 0.3124 -0.6371
vn 0.7588 0.1544 -0.6327
vn -0.7588 0.1544 -0.6327
vn 0.7381 -0.0740 -0.6706
vn -0.7381 -0.0740 -0.6706
vn 0.7072 -0.1698 -0.6864
vn 0.7046 0.3124 -0.6371
vn 0.6618 -0.1773 0.7284
vn 0.7588 0.1544 -0.6328
vn 0.6785 0.0806 0.7301
vn 0.7381 -0.0740 -0.6707
vn 0.7071 0.1697 0.6865
vn 0.7071 -0.1698 -0.6864
vn -0.8090 0.5878 -0.0000
vn -0.8090 -0.5878 -0.0000
vn -0.8090 0.5879 -0.0000
vn -0.3090 0.9511 -0.0000
vn 0.3090 0.9511 -0.0000
vn 0.8090 0.5878 -0.0000
vn 0.8090 0.5879 -0.0000
vn 0.8091 0.5877 -0.0000
vn 0.8090 -0.5878 -0.0000
vn 0.8090 -0.5879 -0.0000
vn 0.8090 -0.5878 -0.0001
vn 0.3090 -0.9511 -0.0000
vn -0.3090 -0.9511 -0.0000
vn -0.8090 -0.5879 -0.0000
vn -0.8091 0.5877 -0.0000
vn -0.8091 -0.5877 -0.0000
vn 0.8091 -0.5877 -0.0000
vn -0.6390 0.4624 0.6147
vn -0.6278 0.2782 0.7270
vn 0.7586 0.2159 0.6147
vn 0.6719 0.1088 0.7326
vn -0.7265 -0.0828 0.6821
vn 0.6681 0.0843 0.7392
vn -0.6071 -0.4414 0.6608
vn 0.5198 0.3771 0.7665
vn -0.2320 -0.7139 0.6608
vn 0.6079 -0.4406 0.6606
vn -0.5196 0.3768 0.7668
vn 0.7150 -0.1117 0.6902
vn -0.6780 0.1067 0.7273
vn 0.6718 0.0900 0.7353
vn -0.6902 0.0879 0.7183
vn 0.6978 0.1719 0.6953
vn -0.7163 0.1675 0.6774
vn -0.7540 -0.2199 -0.6189
vn -0.7998 -0.0687 -0.5963
vn -0.6389 0.4624 0.6148
vn -0.6277 0.2782 0.7270
vn -0.7543 -0.0951 -0.6496
vn -0.7265 -0.0828 0.6822
vn -0.6305 -0.4583 -0.6264
vn -0.6070 -0.4414 0.6608
vn 0.6334 -0.4645 -0.6189
vn 0.7223 -0.2554 -0.6427
vn -0.7541 -0.2200 -0.6188
vn 0.6376 0.0733 -0.7668
vn 0.4854 0.3522 -0.8002
vn -0.6306 -0.4584 -0.6263
vn -0.4852 0.3520 -0.8004
vn 0.6314 -0.4575 -0.6262
vn -0.6423 0.1008 -0.7598
vn 0.7446 -0.1180 -0.6570
vn -0.7260 -0.0837 -0.6826
vn 0.7443 -0.0813 -0.6628
vn -0.6978 -0.1720 -0.6953
vn 0.7163 -0.1676 -0.6773
vn 0.7585 0.2160 0.6148
vn 0.6718 0.1089 0.7327
vn 0.7222 -0.2554 -0.6428
vn 0.6681 0.0843 0.7393
vn 0.6376 0.0732 -0.7669
vn 0.5197 0.3771 0.7666
vn -0.6306 -0.4583 -0.6264
vn -0.2408 -0.7414 -0.6264
vn 0.2319 -0.7138 0.6608
vn 0.6313 -0.4575 -0.6262
vn 0.6079 -0.4405 0.6606
vn 0.1985 0.6106 0.7666
vn 0.4853 0.3523 -0.8002
vn -0.5195 0.3768 0.7669
vn -0.4852 0.3519 -0.8005
vn 0.6313 -0.4576 -0.6262
vn 0.7446 -0.1179 -0.6570
vn 0.7149 -0.1117 0.6902
vn 0.7443 -0.0813 -0.6629
vn 0.6717 0.0900 0.7353
vn 0.7163 -0.1673 -0.6775
vn 0.6978 0.1720 0.6954
vn -0.5196 0.3768 0.7669
vn -0.6779 0.1067 0.7273
vn -0.4852 0.3519 -0.8004
vn -0.6422 0.1008 -0.7599
vn -0.6901 0.0880 0.7183
vn -0.7259 -0.0837 -0.6827
vn 0.7094 -0.3098 0.6330
vn -0.7094 -0.3098 0.6330
vn -0.6618 -0.1772 0.7284
vn 0.6786 0.0807 0.7301
vn -0.6786 0.0808 0.7301
vn 0.7588 0.1542 -0.6328
vn -0.7381 -0.0741 -0.6706
vn 0.7381 -0.0739 -0.6706
vn -0.1447 0.2507 0.9572
vn -0.2796 0.0749 0.9572
vn -0.2507 -0.1447 0.9572
vn 0.0749 0.2796 0.9572
vn -0.0749 -0.2796 0.9572
vn 0.2507 0.1448 0.9572
vn 0.1447 -0.2507 0.9572
vn 0.2796 -0.0749 0.9572
vn -0.2797 0.0749 0.9572
vn 0.2507 0.1447 0.9572
vn 0.1448 -0.2507 0.9572
vn 0.1447 0.2507 0.9572
vn 0.2796 0.0749 0.9572
vn 0.2507 -0.1447 0.9572
vn -0.0749 0.2796 0.9572
vn 0.0749 -0.2796 0.9572
vn -0.2507 0.1448 0.9572
vn -0.1447 -0.2507 0.9572
vn -0.2796 -0.0749 0.9572
vn 0.2797 0.0749 0.9572
vn -0.2507 0.1447 0.9572
vn -0.1448 -0.2507 0.9572
vn -0.1221 0.1680 0.9782
vn -0.0000 0.2077 0.9782
vn 0.1221 0.1680 0.9782
vn -0.1975 0.0642 0.9782
vn 0.1975 0.0642 0.9782
vn -0.1975 -0.0642 0.9782
vn 0.1975 -0.0642 0.9782
vn -0.1221 -0.1680 0.9782
vn 0.1221 -0.1680 0.9782
vn -0.0000 -0.2077 0.9782
vn -0.1832 0.2242 0.9572
vn -0.2880 0.0290 0.9572
vn -0.2242 -0.1832 0.9572
vn 0.0289 0.2880 0.9572
vn -0.0290 -0.2880 0.9572
vn 0.2241 0.1832 0.9572
vn 0.1832 -0.2241 0.9572
vn 0.2880 -0.0290 0.9572
vn -0.2881 0.0290 0.9572
vn 0.0290 0.2880 0.9572
vn 0.1832 -0.2242 0.9572
vn 0.1832 0.2242 0.9572
vn 0.2880 0.0290 0.9572
vn 0.2242 -0.1832 0.9572
vn -0.0290 0.2880 0.9572
vn 0.0290 -0.2880 0.9572
vn -0.2242 0.1832 0.9572
vn -0.1832 -0.2242 0.9572
vn -0.2881 -0.0290 0.9572
vn 0.2881 0.0290 0.9572
vn -0.2052 0.2042 0.9572
vn -0.2895 -0.0006 0.9572
vn -0.2042 -0.2052 0.9572
vn -0.0007 0.2895 0.9572
vn 0.0006 -0.2895 0.9572
vn 0.2042 0.2052 0.9572
vn 0.2051 -0.2042 0.9572
vn 0.2895 0.0006 0.9572
vn -0.2895 -0.0007 0.9572
vn -0.2043 -0.2052 0.9572
vn 0.2895 0.0007 0.9572
vn 0.2052 0.2042 0.9572
vn 0.2895 -0.0007 0.9572
vn 0.2042 -0.2052 0.9572
vn 0.0007 0.2895 0.9572
vn -0.0006 -0.2895 0.9572
vn -0.2042 0.2052 0.9572
vn -0.2051 -0.2042 0.9572
vn -0.2895 0.0007 0.9572
vn -0.2949 -0.2143 0.9312
vn -0.3645 -0.0000 0.9312
vn -0.2949 0.2143 0.9312
vn -0.1126 -0.3467 0.9312
vn -0.1126 0.3467 0.9312
vn 0.1126 -0.3467 0.9312
vn 0.1126 0.3467 0.9312
vn 0.2949 -0.2143 0.9312
vn 0.2949 0.2143 0.9312
vn 0.3645 -0.0000 0.9312
vn 0.1127 -0.3467 0.9312
vn -0.1127 -0.3467 0.9312
vn -0.9224 0.2374 -0.3045
vn -0.9257 0.2339 -0.2974
vn -0.9227 0.2357 -0.3050
vn -0.9259 0.2326 -0.2975
vn -0.9259 0.2386 -0.2928
vn -0.9249 0.2501 -0.2865
vn -0.9258 0.2390 -0.2928
vn -0.9243 0.2507 -0.2878
vn -0.9306 0.2274 -0.2869
vn -0.9230 0.2495 -0.2930
vn -0.9301 0.2276 -0.2884
vn -0.9223 0.2499 -0.2947
vn -0.9292 0.2238 -0.2941
vn -0.9279 0.2364 -0.2884
vn -0.9286 0.2247 -0.2955
vn -0.9278 0.2367 -0.2883
vn -0.9277 0.2426 -0.2838
vn -0.9311 0.2384 -0.2759
vn -0.9280 0.2412 -0.2841
vn -0.9308 0.2401 -0.2756
vn -0.9265 0.2349 -0.2940
vn -0.9246 0.2342 -0.3005
vn -0.9264 0.2357 -0.2937
vn -0.9247 0.2342 -0.3003
vn -0.9260 0.2335 -0.2967
vn -0.9255 0.2282 -0.3023
vn -0.9260 0.2331 -0.2969
vn -0.9258 0.2277 -0.3016
vn -0.9237 0.2373 -0.3006
vn -0.9254 0.2323 -0.2995
vn -0.9239 0.2373 -0.3003
vn -0.9256 0.2320 -0.2990
vn -0.9238 0.2395 -0.2986
vn -0.9220 0.2386 -0.3048
vn -0.9241 0.2392 -0.2982
vn -0.9220 0.2380 -0.3054
vn -0.9248 0.2371 -0.2976
vn -0.9231 0.2352 -0.3041
vn -0.9249 0.2368 -0.2974
vn -0.9231 0.2346 -0.3046
vn 0.9260 0.2326 -0.2975
vn 0.9257 0.2339 -0.2974
vn 0.9227 0.2357 -0.3050
vn 0.9224 0.2374 -0.3045
vn 0.9249 0.2501 -0.2865
vn 0.9259 0.2386 -0.2928
vn 0.9243 0.2507 -0.2878
vn 0.9258 0.2389 -0.2928
vn 0.9230 0.2495 -0.2930
vn 0.9306 0.2274 -0.2870
vn 0.9223 0.2499 -0.2947
vn 0.9301 0.2276 -0.2884
vn 0.9279 0.2364 -0.2884
vn 0.9292 0.2238 -0.2941
vn 0.9278 0.2367 -0.2883
vn 0.9286 0.2247 -0.2955
vn 0.9311 0.2384 -0.2759
vn 0.9277 0.2426 -0.2838
vn 0.9308 0.2401 -0.2756
vn 0.9280 0.2412 -0.2841
vn 0.9247 0.2342 -0.3003
vn 0.9246 0.2342 -0.3004
vn 0.9264 0.2357 -0.2937
vn 0.9265 0.2349 -0.2940
vn 0.9255 0.2282 -0.3023
vn 0.9260 0.2335 -0.2967
vn 0.9258 0.2277 -0.3016
vn 0.9260 0.2331 -0.2969
vn 0.9254 0.2323 -0.2995
vn 0.9238 0.2373 -0.3006
vn 0.9256 0.2320 -0.2990
vn 0.9239 0.2373 -0.3003
vn 0.9220 0.2386 -0.3048
vn 0.9238 0.2395 -0.2986
vn 0.9220 0.2380 -0.3054
vn 0.9241 0.2392 -0.2982
vn 0.9231 0.2352 -0.3041
vn 0.9248 0.2371 -0.2976
vn 0.9231 0.2347 -0.3046
vn 0.9249 0.2368 -0.2974
vn -0.0000 0.6133 0.7898
vn 0.3605 0.4962 0.7898
vn -0.3605 0.4962 0.7898
vn 0.8354 0.2714 0.4780
vn 0.5833 0.1895 0.7898
vn -0.5833 0.1895 0.7898
vn 0.8354 -0.2714 0.4780
vn -0.8354 0.2714 0.4779
vn 0.5833 -0.1895 0.7898
vn -0.5833 -0.1895 0.7898
vn -0.8354 -0.2715 0.4779
vn 0.3605 -0.4962 0.7899
vn -0.3605 -0.4962 0.7898
vn -0.0000 -0.8784 0.4780
vn -0.0000 -0.6133 0.7898
vn 0.4615 0.6351 -0.6195
vn 0.2172 0.2989 -0.9292
vn -0.0000 0.3695 -0.9292
vn 0.3514 0.1142 -0.9292
vn 0.7466 0.2425 -0.6195
vn -0.2172 0.2989 -0.9292
vn 0.3514 -0.1142 -0.9292
vn 0.7466 -0.2426 -0.6195
vn -0.3514 0.1142 -0.9292
vn 0.2172 -0.2989 -0.9292
vn -0.7466 -0.2426 -0.6195
vn -0.3514 -0.1142 -0.9292
vn -0.0000 -0.3695 -0.9292
vn -0.2172 -0.2989 -0.9292
vn 0.0001 -0.0000 -1.0000
vn 0.0001 -0.0001 -1.0000
vn 0.0001 0.0001 -1.0000
vn -0.0001 -0.0000 -1.0000
vn -0.7446 -0.0000 0.6675
vn -0.6024 0.4377 0.6675
vn -0.3725 -0.0000 0.9280
vn -0.3013 0.2189 0.9280
vn -0.3013 -0.2189 0.9280
vn -0.2301 0.7082 0.6675
vn -0.6024 -0.4377 0.6675
vn -0.1151 0.3542 0.9280
vn -0.1151 -0.3542 0.9281
vn 0.2301 0.7082 0.6675
vn -0.2301 -0.7082 0.6675
vn 0.1151 0.3542 0.9281
vn 0.1151 -0.3542 0.9280
vn 0.6024 0.4377 0.6675
vn 0.2301 -0.7082 0.6675
vn 0.3013 0.2189 0.9281
vn 0.3013 -0.2189 0.9281
vn 0.7446 -0.0000 0.6675
vn 0.6024 -0.4377 0.6675
vn 0.3725 -0.0000 0.9281
vn -0.6325 -0.0000 -0.7746
vn -0.5117 0.3718 -0.7746
vn -0.9145 -0.0000 -0.4046
vn -0.7398 0.5375 -0.4046
vn -0.7399 -0.5375 -0.4046
vn -0.1955 0.6016 -0.7746
vn -0.5117 -0.3718 -0.7746
vn -0.2826 0.8697 -0.4046
vn -0.2826 -0.8697 -0.4046
vn 0.1955 0.6016 -0.7745
vn -0.1954 -0.6016 -0.7746
vn 0.2826 0.8697 -0.4046
vn 0.2825 -0.8697 -0.4046
vn 0.5117 0.3718 -0.7745
vn 0.1955 -0.6016 -0.7746
vn 0.7398 0.5375 -0.4046
vn 0.7398 -0.5375 -0.4046
vn 0.6325 -0.0000 -0.7746
vn 0.5117 -0.3718 -0.7745
vn 0.9145 -0.0000 -0.4046
vn 0.3013 0.2189 0.9280
vn 0.3013 -0.2189 0.9280
vn 0.1151 0.3542 0.9280
vn -0.1151 -0.3542 0.9280
vn -0.3013 0.2189 0.9281
vn -0.3725 -0.0000 0.9281
vn 0.7399 0.5375 -0.4046
vn 0.5117 0.3718 -0.7746
vn 0.1955 0.6016 -0.7746
vn 0.5117 -0.3718 -0.7746
vn -0.1955 0.6016 -0.7745
vn 0.2826 -0.8697 -0.4046
vn 0.1954 -0.6016 -0.7746
vn -0.5117 0.3718 -0.7745
vn -0.7399 0.5375 -0.4046
vn -0.1955 -0.6016 -0.7745
vn -0.5117 -0.3718 -0.7745
vn -0.7056 -0.7086 -0.0000
vn -0.7088 0.7055 -0.0000
vn 0.7088 -0.7055 -0.0000
vn 0.7056 0.7086 -0.0000
vn -0.7086 0.7056 -0.0000
vn -0.7086 0.7056 -0.0002
vn -0.7088 0.7054 -0.0000
vn -0.7054 -0.7088 -0.0000
vn 0.7086 -0.7056 -0.0000
vn 0.7054 0.7088 -0.0000
vn 0.7088 -0.7054 0.0001
vn 0.7055 0.7088 -0.0000
vn -0.0022 -1.0000 -0.0000
vn -0.7088 -0.7055 -0.0000
vn -0.7056 0.7086 -0.0000
vn -0.7055 0.7088 -0.0000
vn 0.7086 0.7056 -0.0000
vn 0.7056 -0.7086 -0.0000
vn 0.7088 0.7054 -0.0000
vn -0.7086 -0.7056 -0.0000
vn -0.7088 -0.7055 -0.0001
vn -0.7056 0.7086 0.0001
vn 0.7087 0.7056 0.0001
vn 0.7054 -0.7088 0.0002
vn -0.7054 0.7088 -0.0000
vn 0.7055 -0.7088 -0.0000
vn -0.7056 0.7086 -0.0002
vn 0.7086 0.7056 0.0001
vn 0.2042 0.2051 0.9572
vn -0.2895 0.0006 0.9572
vn 0.2043 -0.2052 0.9572
vn -0.0001 0.0001 -1.0000
vn 0.7055 0.7087 0.0001
vn 0.7088 0.7055 -0.0000
vn 0.7055 -0.7087 -0.0001
vn -1.0000 0.0022 -0.0000
vn -0.7055 0.7087 0.0001
vn 0.2052 -0.2042 0.9572
vn 0.0007 -0.2895 0.9572
vn -0.0006 0.2895 0.9572
vn -0.2051 0.2042 0.9572
vn -0.2052 -0.2042 0.9572
vn -0.0007 -0.2895 0.9572
vn 0.0006 0.2895 0.9572
vn 0.2051 0.2042 0.9572
vn -0.2043 0.2052 0.9572
vt 0.486919 0.318200
vt 0.470429 0.310784
vt 0.472628 0.304811
vt 0.474662 0.318406
vt 0.458023 0.310773
vt 0.460423 0.304764
vt 0.460084 0.345006
vt 0.461073 0.331605
vt 0.463083 0.345006
vt 0.470595 0.345368
vt 0.471583 0.331967
vt 0.473591 0.345368
vt 0.538674 0.285757
vt 0.535254 0.286671
vt 0.537722 0.281354
vt 0.534848 0.282168
vt -17.102154 0.287455
vt -17.109253 0.288333
vt -17.102863 0.282952
vt -17.110064 0.283761
vt -17.115471 0.289820
vt -17.116180 0.285317
vt -17.119883 0.290604
vt -17.122807 0.290449
vt -17.120592 0.286101
vt -17.123369 0.286046
vt 0.477480 0.292274
vt 0.474130 0.291373
vt 0.478432 0.287871
vt 0.475489 0.287044
vt 18.114338 0.290590
vt 18.107225 0.289709
vt 18.114790 0.286261
vt 18.107576 0.285449
vt 18.101021 0.288224
vt 18.101473 0.283895
vt 18.096609 0.287441
vt 18.093702 0.287582
vt 18.097061 0.283112
vt 18.094265 0.283179
vt 18.108629 0.281645
vt 18.104372 0.280644
vt -17.105097 0.280152
vt -17.109926 0.280765
vt 18.113434 0.282253
vt -17.114159 0.281761
vt 0.549845 0.285757
vt 0.546425 0.286671
vt 0.548894 0.281354
vt 0.546019 0.282168
vt -17.055447 0.287455
vt -17.062546 0.288333
vt -17.056156 0.282952
vt -17.063358 0.283761
vt -17.068764 0.289820
vt -17.069473 0.285317
vt -17.073175 0.290604
vt -17.076099 0.290449
vt -17.073885 0.286101
vt -17.076662 0.286046
vt 0.466309 0.292274
vt 0.462958 0.291373
vt 0.467261 0.287871
vt 0.464317 0.287044
vt 18.067631 0.290590
vt 18.060518 0.289709
vt 18.068083 0.286261
vt 18.060869 0.285449
vt 18.054314 0.288224
vt 18.054766 0.283895
vt 18.049902 0.287441
vt 18.046995 0.287582
vt 18.050354 0.283112
vt 18.047558 0.283179
vt 18.061922 0.281645
vt 18.057665 0.280644
vt -17.058392 0.280152
vt -17.063219 0.280765
vt 18.066727 0.282253
vt -17.067451 0.281761
vt 0.529670 0.310784
vt 0.513179 0.318200
vt 0.527471 0.304811
vt 0.542075 0.310772
vt 0.525436 0.318405
vt 0.539675 0.304764
vt 0.539025 0.331605
vt 0.540014 0.345006
vt 0.537015 0.345006
vt 0.528516 0.331967
vt 0.529503 0.345368
vt 0.526507 0.345368
vt 0.465054 0.282168
vt 0.464648 0.286671
vt 0.462180 0.281354
vt 0.461228 0.285757
vt 18.110064 0.283761
vt 18.109253 0.288333
vt 18.102863 0.282952
vt 18.102154 0.287455
vt 18.116180 0.285317
vt 18.115471 0.289820
vt 18.123369 0.286046
vt 18.122807 0.290449
vt 18.120592 0.286101
vt 18.119883 0.290604
vt 0.524609 0.287044
vt 0.525969 0.291373
vt 0.521666 0.287871
vt 0.522618 0.292274
vt -17.107576 0.285449
vt -17.107225 0.289709
vt -17.114790 0.286261
vt -17.114338 0.290590
vt -17.101473 0.283895
vt -17.101021 0.288224
vt -17.094265 0.283179
vt -17.093702 0.287582
vt -17.097061 0.283112
vt -17.096609 0.287441
vt -17.104372 0.280644
vt -17.108629 0.281645
vt 18.109926 0.280765
vt 18.105097 0.280152
vt -17.113434 0.282253
vt 18.114159 0.281761
vt 0.453883 0.282168
vt 0.453477 0.286671
vt 0.451008 0.281354
vt 0.450057 0.285757
vt 18.063358 0.283761
vt 18.062546 0.288333
vt 18.056156 0.282952
vt 18.055447 0.287455
vt 18.069473 0.285317
vt 18.068764 0.289820
vt 18.076662 0.286046
vt 18.076099 0.290449
vt 18.073885 0.286101
vt 18.073175 0.290604
vt 0.535781 0.287044
vt 0.537140 0.291373
vt 0.532837 0.287871
vt 0.533789 0.292274
vt -17.060869 0.285449
vt -17.060518 0.289709
vt -17.068083 0.286261
vt -17.067631 0.290590
vt -17.054766 0.283895
vt -17.054314 0.288224
vt -17.047558 0.283179
vt -17.046995 0.287582
vt -17.050354 0.283112
vt -17.049902 0.287441
vt -17.057665 0.280644
vt -17.061922 0.281645
vt 18.063219 0.280765
vt 18.058392 0.280152
vt -17.066727 0.282253
vt 18.067451 0.281761
vt -16.627291 0.299084
vt -16.629219 0.299084
vt -16.627291 0.292514
vt -16.629219 0.292514
vt -16.631149 0.299084
vt -16.631149 0.292514
vt 0.355759 0.292514
vt 0.357676 0.292514
vt 0.355759 0.299084
vt 0.357676 0.299084
vt 0.359593 0.292514
vt 0.359593 0.299084
vt 17.627291 0.292514
vt 17.629219 0.292514
vt 17.627291 0.299084
vt 17.629219 0.299084
vt 17.631149 0.292514
vt 17.631149 0.299084
vt 0.640407 0.292514
vt 0.642324 0.292514
vt 0.640407 0.299084
vt 0.642324 0.299084
vt 0.644241 0.292514
vt 0.644241 0.299084
vt 0.644241 -16.627291
vt 0.644241 -16.631149
vt 0.645035 -16.629219
vt 0.642324 -16.626492
vt 0.642324 -16.631948
vt 0.640407 -16.627291
vt 0.640407 -16.631149
vt 0.639613 -16.629219
vt 0.465050 0.312080
vt 0.466721 0.304741
vt 0.466768 0.313269
vt 0.468551 0.305392
vt 0.469578 0.297379
vt 0.471612 0.297491
vt 0.469578 -17.096975
vt 0.472517 -17.103012
vt 0.471612 -17.095646
vt 0.474767 -17.102125
vt 0.474417 -17.110929
vt 0.476814 -17.110617
vt 0.474630 -17.117680
vt 0.477048 -17.117859
vt 0.525370 0.297287
vt 0.526785 0.304817
vt 0.522952 0.297400
vt 0.524481 0.305469
vt 0.529486 0.312121
vt 0.527384 0.313308
vt 0.532462 0.316686
vt 0.530576 0.318207
vt 0.532887 -17.104128
vt 0.530576 -17.112553
vt 0.534626 -17.104883
vt 0.532462 -17.112732
vt -17.096914 0.313269
vt -17.104128 0.318168
vt -17.098160 0.312080
vt -17.104883 0.316647
vt 0.452938 0.312196
vt 0.454529 0.304796
vt 0.454647 0.313405
vt 0.456355 0.305470
vt 0.457323 0.297415
vt 0.459358 0.297550
vt 0.457323 -17.048832
vt 0.460322 -17.054855
vt 0.459358 -17.047508
vt 0.462575 -17.053970
vt 0.462348 -17.062740
vt 0.464747 -17.062431
vt 0.462622 -17.069464
vt 0.465039 -17.069647
vt 0.537378 0.297370
vt 0.538991 0.304760
vt 0.534961 0.297501
vt 0.536692 0.305429
vt 0.541908 0.312103
vt 0.539817 0.313309
vt 0.544929 0.316655
vt 0.543057 0.318193
vt 0.545142 -17.055992
vt 0.543057 -17.064474
vt 0.546869 -17.056738
vt 0.544929 -17.064646
vt -17.048798 0.313405
vt -17.055992 0.318225
vt -17.050034 0.312196
vt -17.056738 0.316686
vt 0.513081 0.318200
vt 0.532688 0.304739
vt 0.534080 0.310740
vt 0.530337 0.298715
vt 0.527936 0.294966
vt -17.100201 0.318200
vt -17.110382 0.294924
vt -17.103893 0.294966
vt -17.115902 0.298622
vt -17.118307 0.304811
vt 0.486919 -17.100201
vt 0.467990 -17.111851
vt 0.470429 -17.116785
vt 0.466192 -17.105433
vt 0.465920 -17.099930
vt 0.525338 0.318406
vt 0.544883 0.304787
vt 0.546184 0.310855
vt 0.542608 0.298746
vt 0.540152 0.295013
vt -17.052109 0.318406
vt -17.062201 0.295012
vt -17.055742 0.295013
vt -17.067699 0.298710
vt -17.070183 0.304764
vt 0.474662 -17.052109
vt 0.455545 -17.063759
vt 0.458023 -17.068684
vt 0.453967 -17.057281
vt 0.453816 -17.051796
vt 0.563461 -17.009449
vt 0.556380 -17.007540
vt 0.558004 -17.029940
vt 0.550923 -17.028030
vt 0.436539 0.340843
vt 0.443620 0.340843
vt 0.436539 0.342212
vt 0.443620 0.342212
vt -17.029940 0.340843
vt -17.009449 0.340843
vt -17.029940 0.342212
vt -17.009449 0.342212
vt 0.550923 0.340843
vt 0.558004 0.340843
vt 0.550923 0.342212
vt 0.558004 0.342212
vt 18.007540 0.340843
vt 18.028030 0.340843
vt 18.007540 0.342212
vt 18.028030 0.342212
vt -17.011934 0.347380
vt -17.013502 0.347380
vt -17.011934 0.340843
vt -17.013502 0.340843
vt -17.014755 0.347380
vt -17.014755 0.340843
vt 0.439494 0.340843
vt 0.440740 0.340843
vt 0.439494 0.347380
vt 0.440740 0.347380
vt 0.442297 0.340843
vt 0.442297 0.347380
vt 18.011179 0.340843
vt 18.012432 0.340843
vt 18.011179 0.347380
vt 18.012432 0.347380
vt 18.014000 0.340843
vt 18.014000 0.347380
vt 0.556953 0.340843
vt 0.558198 0.340843
vt 0.556953 0.347380
vt 0.558198 0.347380
vt 0.559755 0.340843
vt 0.559755 0.347380
vt -17.011595 0.348660
vt -17.013678 0.348660
vt -17.011595 0.347380
vt -17.013678 0.347380
vt -17.015343 0.348660
vt -17.015343 0.347380
vt 0.438910 0.347380
vt 0.440565 0.347380
vt 0.438910 0.348660
vt 0.440565 0.348660
vt 0.442634 0.347380
vt 0.442634 0.348660
vt 18.010592 0.347380
vt 18.012257 0.347380
vt 18.010592 0.348660
vt 18.012257 0.348660
vt 18.014339 0.347380
vt 18.014339 0.348660
vt 0.556368 0.347380
vt 0.558024 0.347380
vt 0.556368 0.348660
vt 0.558024 0.348660
vt 0.560092 0.347380
vt 0.560092 0.348660
vt -17.023726 0.347380
vt -17.025291 0.347380
vt -17.023726 0.340843
vt -17.025291 0.340843
vt -17.026545 0.347380
vt -17.026545 0.340843
vt 0.442634 0.340843
vt 0.443880 0.340843
vt 0.442634 0.347380
vt 0.443880 0.347380
vt 0.445436 0.340843
vt 0.445436 0.347380
vt 18.022970 0.340843
vt 18.024223 0.340843
vt 18.022970 0.347380
vt 18.024223 0.347380
vt 18.025789 0.340843
vt 18.025789 0.347380
vt 0.553813 0.340843
vt 0.555058 0.340843
vt 0.553813 0.347380
vt 0.555058 0.347380
vt 0.556615 0.340843
vt 0.556615 0.347380
vt -17.023386 0.348660
vt -17.025467 0.348660
vt -17.023386 0.347380
vt -17.025467 0.347380
vt -17.027134 0.348660
vt -17.027134 0.347380
vt 0.442050 0.347380
vt 0.443705 0.347380
vt 0.442050 0.348660
vt 0.443705 0.348660
vt 0.445774 0.347380
vt 0.445774 0.348660
vt 18.022383 0.347380
vt 18.024048 0.347380
vt 18.022383 0.348660
vt 18.024048 0.348660
vt 18.026129 0.347380
vt 18.026129 0.348660
vt 0.553229 0.347380
vt 0.554884 0.347380
vt 0.553229 0.348660
vt 0.554884 0.348660
vt 0.556952 0.347380
vt 0.556952 0.348660
vt 0.525313 -17.065569
vt 0.523104 -17.089668
vt 0.530502 -17.065569
vt 0.532710 -17.089668
vt 0.528417 -17.096573
vt 0.543213 -17.049494
vt 0.533612 -17.049494
vt 0.538927 -17.056393
vt 0.535859 -17.025394
vt 0.540989 -17.025394
vt -17.059402 0.345006
vt -17.056393 0.331605
vt -17.057629 0.345006
vt -17.049494 0.331605
vt -17.049089 0.345006
vt -17.036854 0.345006
vt -17.025394 0.341228
vt 18.056393 0.331605
vt 18.059395 0.345006
vt 18.049494 0.331605
vt 18.057629 0.345006
vt 18.049089 0.345006
vt 18.036852 0.345006
vt 18.025394 0.341229
vt 18.065569 0.341699
vt 18.089668 0.331967
vt 18.077024 0.345368
vt 18.089264 0.345368
vt 18.097803 0.345368
vt 18.099577 0.345368
vt 18.096573 0.331967
vt -17.077024 0.345368
vt -17.089668 0.331967
vt -17.065569 0.341699
vt -17.089264 0.345368
vt -17.097803 0.345368
vt -17.096573 0.331967
vt -17.099577 0.345368
vt -17.103899 0.317189
vt -17.112030 0.285023
vt -17.099524 0.316400
vt -17.107653 0.284234
vt 18.106859 0.284837
vt 18.111237 0.285626
vt 18.098732 0.317002
vt 18.103104 0.317793
vt 0.466007 -17.107653
vt 0.467019 -17.112030
vt 0.468900 -17.106859
vt 0.469911 -17.111237
vt 0.476154 0.316400
vt 0.466007 0.284234
vt 0.479044 0.317002
vt 0.468900 0.284837
vt 0.532981 0.285023
vt 0.522832 0.317189
vt 0.530089 0.285626
vt 0.519937 0.317793
vt 0.460855 -17.090872
vt 0.462278 -17.096954
vt 0.470830 -17.088182
vt 0.472252 -17.094265
vt 0.465152 -17.098452
vt 0.470310 -17.097061
vt 0.466184 -17.102863
vt 0.471342 -17.101473
vt 0.468549 -17.105097
vt 0.468551 -17.109926
vt 0.471238 -17.104372
vt 0.473361 -17.108629
vt 0.470669 -17.114159
vt 0.473357 -17.113434
vt 0.469300 -17.116180
vt 0.470332 -17.120592
vt 0.474457 -17.114790
vt 0.475489 -17.119202
vt 0.468458 -17.123369
vt 0.478432 -17.120680
vt 0.469878 -17.129440
vt 0.479852 -17.126751
vt 0.470322 0.286839
vt 0.460348 0.285014
vt 0.470830 0.282099
vt 0.460855 0.280274
vt -17.092209 0.285014
vt -17.096392 0.285757
vt -17.090872 0.280274
vt -17.096954 0.281354
vt -17.097742 0.286671
vt -17.098452 0.282168
vt -17.126999 0.291194
vt -17.129440 0.287124
vt 0.531513 0.291194
vt 0.521539 0.293019
vt 0.530122 0.287124
vt 0.520148 0.288949
vt 18.124310 0.293019
vt 18.120117 0.292274
vt 18.126751 0.288949
vt 18.120680 0.287871
vt 18.118748 0.291373
vt 18.119202 0.287044
vt 18.089520 0.286839
vt 18.088182 0.282099
vt 0.471342 0.283895
vt 0.466184 0.282952
vt 0.471238 0.280644
vt 0.468549 0.280152
vt 0.530700 0.285317
vt 0.525543 0.286261
vt 0.529331 0.281761
vt 0.526643 0.282253
vt 0.539652 -17.092209
vt 0.529678 -17.089520
vt 0.538674 -17.096392
vt 0.528699 -17.093702
vt 0.535254 -17.097742
vt 0.531050 -17.096609
vt 0.534222 -17.102154
vt 0.530017 -17.101021
vt 0.534324 -17.109253
vt 0.526802 -17.107225
vt 0.531106 -17.115471
vt 0.526902 -17.114338
vt 0.530074 -17.119883
vt 0.525870 -17.118748
vt 0.532494 -17.122807
vt 0.522520 -17.120117
vt 0.531513 -17.126999
vt 0.521539 -17.124310
vt 0.462513 0.311549
vt 0.459407 0.310902
vt 0.462562 0.307130
vt 0.459457 0.306483
vt 0.529706 -17.121822
vt 0.532811 -17.122675
vt 0.531301 -17.118034
vt 0.534406 -17.118885
vt 0.463899 0.284847
vt 0.467004 0.285495
vt 0.462842 0.291085
vt 0.465947 0.291732
vt -17.099554 0.286318
vt -17.091423 0.284847
vt -17.097734 0.292172
vt -17.091721 0.291085
vt -17.097883 0.299398
vt -17.089752 0.297928
vt -17.096060 0.307662
vt -17.089539 0.306483
vt -17.092377 0.310902
vt 0.531099 0.286965
vt 0.534204 0.286318
vt 0.532650 0.292820
vt 0.535755 0.292172
vt 18.098703 0.286965
vt 18.096882 0.292820
vt 18.090572 0.285495
vt 18.090870 0.291732
vt 18.088902 0.298576
vt 18.097031 0.300046
vt 18.088688 0.307130
vt 18.095207 0.308309
vt 18.091524 0.311549
vt 0.470115 0.289665
vt 0.473221 0.290312
vt 0.469051 0.295897
vt 0.472157 0.296544
vt -17.118063 0.289665
vt -17.118330 0.295897
vt -17.126192 0.291135
vt -17.124342 0.296984
vt -17.124521 0.304216
vt -17.116390 0.302745
vt -17.122675 0.312475
vt -17.116156 0.311296
vt -17.118885 0.315696
vt 0.524882 0.291782
vt 0.527988 0.291135
vt 0.526440 0.297631
vt 0.529545 0.296984
vt 18.117210 0.290312
vt 18.125341 0.291782
vt 18.117477 0.296544
vt 18.123491 0.297631
vt 18.115540 0.303393
vt 18.123669 0.304863
vt 18.115303 0.311943
vt 18.121822 0.313122
vt 18.118034 0.316343
vt 0.535916 -17.095207
vt 0.539022 -17.096060
vt 0.537487 -17.091524
vt 0.540593 -17.092377
vt 0.465668 0.311296
vt 0.468773 0.311943
vt 0.465594 0.315696
vt 0.468699 0.316343
vt 0.461071 0.297928
vt 0.464177 0.298576
vt 0.527710 0.304863
vt 0.530815 0.304216
vt 0.533926 0.300046
vt 0.537031 0.299398
vt 0.467288 0.302745
vt 0.470393 0.303393
vt 0.529706 0.313122
vt 0.532811 0.312475
vt 0.535916 0.308309
vt 0.539022 0.307662
vt -17.057188 0.317189
vt -17.065323 0.285023
vt -17.052813 0.316399
vt -17.060946 0.284234
vt 18.060152 0.284837
vt 18.064529 0.285626
vt 18.052021 0.317002
vt 18.056393 0.317792
vt 0.454836 -17.060946
vt 0.455848 -17.065323
vt 0.457728 -17.060152
vt 0.458740 -17.064529
vt 0.464983 0.316399
vt 0.454836 0.284234
vt 0.467872 0.317002
vt 0.457728 0.284837
vt 0.544152 0.285023
vt 0.534004 0.317189
vt 0.541260 0.285626
vt 0.531109 0.317792
vt 0.449684 -17.044165
vt 0.451106 -17.050247
vt 0.459658 -17.041475
vt 0.461081 -17.047558
vt 0.453981 -17.051744
vt 0.459138 -17.050354
vt 0.455013 -17.056156
vt 0.460170 -17.054766
vt 0.457377 -17.058392
vt 0.457379 -17.063219
vt 0.460066 -17.057665
vt 0.462190 -17.061922
vt 0.459497 -17.067451
vt 0.462186 -17.066727
vt 0.458128 -17.069473
vt 0.459160 -17.073885
vt 0.463285 -17.068083
vt 0.464317 -17.072495
vt 0.457286 -17.076662
vt 0.467261 -17.073973
vt 0.458706 -17.082733
vt 0.468681 -17.080044
vt 0.459151 0.286839
vt 0.449176 0.285014
vt 0.459658 0.282099
vt 0.449684 0.280274
vt -17.045502 0.285014
vt -17.049685 0.285757
vt -17.044165 0.280274
vt -17.050247 0.281354
vt -17.051035 0.286671
vt -17.051744 0.282168
vt -17.080292 0.291194
vt -17.082733 0.287124
vt 0.542685 0.291194
vt 0.532710 0.293019
vt 0.541294 0.287124
vt 0.531319 0.288949
vt 18.077602 0.293019
vt 18.073410 0.292274
vt 18.080044 0.288949
vt 18.073973 0.287871
vt 18.072041 0.291373
vt 18.072495 0.287044
vt 18.042812 0.286839
vt 18.041475 0.282099
vt 0.460170 0.283895
vt 0.455013 0.282952
vt 0.460066 0.280644
vt 0.457377 0.280152
vt 0.541872 0.285317
vt 0.536715 0.286261
vt 0.540503 0.281761
vt 0.537814 0.282253
vt 0.550824 -17.045502
vt 0.540849 -17.042812
vt 0.549845 -17.049685
vt 0.539871 -17.046995
vt 0.546425 -17.051035
vt 0.542221 -17.049902
vt 0.545393 -17.055447
vt 0.541189 -17.054314
vt 0.545496 -17.062546
vt 0.537974 -17.060518
vt 0.542278 -17.068764
vt 0.538074 -17.067631
vt 0.541246 -17.073175
vt 0.537042 -17.072041
vt 0.543666 -17.076099
vt 0.533691 -17.073410
vt 0.542685 -17.080292
vt 0.532710 -17.077602
vt 0.451341 0.311549
vt 0.448236 0.310902
vt 0.451390 0.307130
vt 0.448285 0.306483
vt 0.540877 -17.075117
vt 0.543982 -17.075968
vt 0.542473 -17.071327
vt 0.545578 -17.072178
vt 0.452727 0.284847
vt 0.455833 0.285495
vt 0.451671 0.291085
vt 0.454776 0.291732
vt -17.052847 0.286318
vt -17.044716 0.284847
vt -17.051027 0.292172
vt -17.045013 0.291085
vt -17.051176 0.299398
vt -17.043045 0.297928
vt -17.049353 0.307662
vt -17.042831 0.306483
vt -17.045670 0.310902
vt 0.542270 0.286965
vt 0.545375 0.286318
vt 0.543821 0.292820
vt 0.546926 0.292172
vt 18.051996 0.286965
vt 18.050175 0.292820
vt 18.043865 0.285495
vt 18.044163 0.291732
vt 18.042194 0.298576
vt 18.050323 0.300046
vt 18.041981 0.307130
vt 18.048500 0.308309
vt 18.044817 0.311549
vt 0.458944 0.289665
vt 0.462049 0.290312
vt 0.457880 0.295897
vt 0.460985 0.296544
vt -17.071356 0.289665
vt -17.071623 0.295897
vt -17.079485 0.291135
vt -17.077635 0.296984
vt -17.077814 0.304216
vt -17.069683 0.302745
vt -17.075968 0.312475
vt -17.069448 0.311296
vt -17.072178 0.315696
vt 0.536054 0.291782
vt 0.539159 0.291135
vt 0.537612 0.297631
vt 0.540717 0.296984
vt 18.070505 0.290312
vt 18.078634 0.291782
vt 18.070770 0.296544
vt 18.076784 0.297631
vt 18.068832 0.303393
vt 18.076962 0.304863
vt 18.068596 0.311943
vt 18.075117 0.313122
vt 18.071327 0.316343
vt 0.547088 -17.048500
vt 0.550193 -17.049353
vt 0.548659 -17.044817
vt 0.551764 -17.045670
vt 0.454496 0.311296
vt 0.457601 0.311943
vt 0.454422 0.315696
vt 0.457527 0.316343
vt 0.449900 0.297928
vt 0.453005 0.298576
vt 0.538881 0.304863
vt 0.541987 0.304216
vt 0.545098 0.300046
vt 0.548203 0.299398
vt 0.456116 0.302745
vt 0.459221 0.303393
vt 0.540877 0.313122
vt 0.543982 0.312475
vt 0.547088 0.308309
vt 0.550193 0.307662
vt 0.533519 0.355154
vt 0.530979 0.356677
vt 0.533297 0.350322
vt 0.530979 0.350775
vt 0.528439 0.355154
vt 0.530979 0.339461
vt 0.528661 0.350322
vt 17.841383 0.339461
vt 17.845112 0.349406
vt 17.842642 0.350322
vt 17.845102 0.355154
vt 17.846336 0.352108
vt 17.848768 0.353468
vt 17.848768 0.357867
vt -16.841383 0.339461
vt -16.842642 0.350322
vt -16.845112 0.349406
vt -16.846336 0.352108
vt -16.845102 0.355154
vt -16.848768 0.357867
vt -16.848768 0.353468
vt 0.466481 -16.845102
vt 0.466009 -16.848768
vt 0.469021 -16.844477
vt 0.469021 -16.848768
vt 0.471561 -16.845102
vt 0.472033 -16.848768
vt 0.533960 -16.848768
vt 0.533503 -16.846336
vt 0.530979 -16.848768
vt 0.530979 -16.846937
vt 0.527998 -16.848768
vt 0.528455 -16.846336
vt 0.466497 0.352108
vt 0.466708 0.349406
vt 0.469021 0.350531
vt 0.469021 0.348954
vt 0.469021 0.339461
vt 0.471333 0.349406
vt 0.471545 0.352108
vt 0.524248 -17.152245
vt 0.517617 -17.174126
vt 0.530961 -17.154312
vt 0.524330 -17.176193
vt 0.517617 0.346117
vt 0.517613 0.342613
vt 0.524330 0.346117
vt 0.524326 0.342613
vt -17.171154 0.340092
vt -17.176193 0.346117
vt -17.176208 0.342613
vt -17.159401 0.340092
vt -17.154312 0.346117
vt -17.154327 0.342613
vt 0.469039 0.346117
vt 0.469043 0.342613
vt 0.475752 0.346117
vt 0.475756 0.342613
vt 18.157335 0.340092
vt 18.152245 0.346117
vt 18.152260 0.342613
vt 18.174126 0.346117
vt 18.169088 0.340092
vt 18.174141 0.342613
vt -17.157812 0.346117
vt -17.155418 0.346117
vt -17.156879 0.347719
vt -17.155411 0.347719
vt -17.156485 0.350628
vt -17.157526 0.349636
vt -17.159828 0.351564
vt -17.159834 0.350557
vt -17.162565 0.350816
vt -17.162561 0.351710
vt 0.524395 0.346117
vt 0.526200 0.346117
vt 0.524677 0.347719
vt 0.526482 0.347719
vt 0.528452 0.346117
vt 0.528734 0.347719
vt 0.528535 0.349636
vt 0.526348 0.349138
vt 0.524478 0.349631
vt 18.154171 0.346117
vt 18.156563 0.346117
vt 18.154163 0.347719
vt 18.155630 0.347719
vt 18.156277 0.349631
vt 18.155235 0.350623
vt 18.158804 0.350553
vt 18.158798 0.351560
vt 18.161770 0.351707
vt 18.161774 0.350813
vt 0.470821 0.346117
vt 0.472626 0.346117
vt 0.470820 0.347719
vt 0.472625 0.347719
vt 0.474877 0.346117
vt 0.474877 0.347719
vt 0.475206 0.350623
vt 0.473020 0.351122
vt 0.471150 0.350628
vt 0.526190 0.351710
vt 0.524904 0.352156
vt 0.526190 0.350816
vt 0.524903 0.350368
vt 0.523617 0.351707
vt 0.523617 0.350813
vt 0.471465 -17.157526
vt 0.472557 -17.159834
vt 0.473652 -17.157423
vt 0.474230 -17.159321
vt 0.475522 -17.156277
vt 0.475902 -17.158804
vt 0.476383 -17.161774
vt 0.475097 -17.162172
vt 0.473810 -17.162565
vt 0.524794 -17.155235
vt 0.524098 -17.158798
vt 0.526980 -17.155338
vt 0.525771 -17.159311
vt 0.528850 -17.156485
vt 0.527443 -17.159828
vt 0.526190 -17.162561
vt 0.524904 -17.162163
vt 0.523617 -17.161770
vt -17.171873 0.346117
vt -17.172792 0.347719
vt -17.174267 0.346117
vt -17.174259 0.347719
vt -17.173159 0.350705
vt -17.172127 0.349703
vt -17.169586 0.351609
vt -17.169592 0.350602
vt -17.166620 0.350835
vt -17.166616 0.351729
vt 0.479880 0.346117
vt 0.480161 0.347719
vt 0.477629 0.346117
vt 0.477910 0.347719
vt 0.475823 0.346117
vt 0.476105 0.347719
vt 0.475905 0.349703
vt 0.477775 0.349200
vt 0.479961 0.349699
vt 18.173018 0.346117
vt 18.173010 0.347719
vt 18.170624 0.346117
vt 18.171543 0.347719
vt 18.170877 0.349699
vt 18.171909 0.350700
vt 18.168562 0.350598
vt 18.168558 0.351605
vt 18.165823 0.351726
vt 18.165827 0.350832
vt 0.523449 0.346117
vt 0.523449 0.347719
vt 0.521197 0.346117
vt 0.521198 0.347719
vt 0.519392 0.346117
vt 0.519393 0.347719
vt 0.519724 0.350700
vt 0.521594 0.351203
vt 0.523780 0.350705
vt 0.475043 0.351729
vt 0.475043 0.350835
vt 0.476329 0.352174
vt 0.476329 0.350386
vt 0.477616 0.351726
vt 0.477616 0.350832
vt 0.475905 -17.172127
vt 0.477775 -17.170984
vt 0.475524 -17.169592
vt 0.477197 -17.169079
vt 0.479961 -17.170877
vt 0.478869 -17.168562
vt 0.477616 -17.165827
vt 0.476329 -17.166225
vt 0.475043 -17.166620
vt 0.519724 -17.171909
vt 0.521594 -17.173050
vt 0.521131 -17.168558
vt 0.522804 -17.169069
vt 0.523780 -17.173159
vt 0.524476 -17.169586
vt 0.524957 -17.166616
vt 0.523671 -17.166218
vt 0.522384 -17.165823
vt 0.475756 -17.152260
vt 0.469043 -17.154327
vt 0.477294 -17.157335
vt 0.470581 -17.159401
vt 0.474143 -17.171154
vt 0.475674 -17.176208
vt 0.480856 -17.169088
vt 0.482387 -17.174141
vt 0.590800 -16.737236
vt 0.592866 -16.737236
vt 0.590800 -16.729124
vt 0.592866 -16.729124
vt -16.737236 0.322284
vt -16.737236 0.321528
vt -16.729124 0.322284
vt -16.729124 0.321528
vt 0.407134 -16.737236
vt 0.409200 -16.737236
vt 0.407134 -16.729124
vt 0.409200 -16.729124
vt -16.737236 0.317495
vt -16.737236 0.316738
vt -16.729124 0.317495
vt -16.729124 0.316738
vt 0.409200 -16.737236
vt -16.737236 0.312705
vt -16.737236 0.311949
vt -16.729124 0.312705
vt -16.729124 0.311949
vt -16.737236 0.307916
vt -16.737236 0.307160
vt -16.729124 0.307916
vt -16.729124 0.307160
vt -16.737236 0.303127
vt -16.737236 0.302370
vt -16.729124 0.303127
vt -16.729124 0.302370
vt -16.737236 0.298337
vt -16.737236 0.297581
vt -16.729124 0.298337
vt -16.729124 0.297581
vt -16.737236 0.331863
vt -16.737236 0.331106
vt -16.729124 0.331863
vt -16.729124 0.331106
vt 0.592866 -16.737236
vt -16.737236 0.327073
vt -16.737236 0.326317
vt -16.729124 0.327073
vt -16.729124 0.326317
vt 17.627291 0.299084
vt 17.627291 0.292514
vt 17.629219 0.299084
vt 17.629219 0.292514
vt 17.631149 0.299084
vt 17.631149 0.292514
vt 0.644337 0.292514
vt 0.644337 0.299084
vt 0.642420 0.292514
vt 0.642420 0.299084
vt 0.640503 0.292514
vt 0.640503 0.299084
vt -16.627291 0.292514
vt -16.627291 0.299084
vt -16.629219 0.292514
vt -16.629219 0.299084
vt -16.631149 0.292514
vt -16.631149 0.299084
vt 0.359497 0.292514
vt 0.359497 0.299084
vt 0.357580 0.292514
vt 0.357580 0.299084
vt 0.355663 0.292514
vt 0.355663 0.299084
vt 0.355663 -16.631149
vt 0.355663 -16.627291
vt 0.354869 -16.629219
vt 0.357580 -16.626492
vt 0.357580 -16.631948
vt 0.359497 -16.627291
vt 0.359497 -16.631149
vt 0.360291 -16.629219
vt 0.535048 0.312080
vt 0.533331 0.313269
vt 0.533377 0.304741
vt 0.531547 0.305392
vt 0.530520 0.297379
vt 0.528487 0.297491
vt 0.530520 -17.096975
vt 0.528487 -17.095646
vt 0.527582 -17.103012
vt 0.525332 -17.102125
vt 0.525681 -17.110929
vt 0.523284 -17.110617
vt 0.525468 -17.117680
vt 0.523050 -17.117859
vt 0.474532 0.297287
vt 0.476950 0.297400
vt 0.473117 0.304817
vt 0.475421 0.305469
vt 0.470416 0.312121
vt 0.472518 0.313308
vt 0.467439 0.316686
vt 0.469325 0.318207
vt 0.467439 -17.112732
vt 0.469325 -17.112553
vt 0.465276 -17.104883
vt 0.467015 -17.104128
vt 18.104883 0.316647
vt 18.104128 0.318168
vt 18.098160 0.312080
vt 18.096914 0.313269
vt 0.547160 0.312196
vt 0.545451 0.313405
vt 0.545569 0.304795
vt 0.543742 0.305469
vt 0.542775 0.297415
vt 0.540740 0.297550
vt 0.542775 -17.048832
vt 0.540740 -17.047508
vt 0.539776 -17.054855
vt 0.537523 -17.053970
vt 0.537750 -17.062740
vt 0.535351 -17.062431
vt 0.537476 -17.069464
vt 0.535059 -17.069647
vt 0.462524 0.297370
vt 0.464941 0.297501
vt 0.460911 0.304760
vt 0.463210 0.305429
vt 0.457994 0.312103
vt 0.460085 0.313309
vt 0.454973 0.316655
vt 0.456845 0.318193
vt 0.454973 -17.064646
vt 0.456845 -17.064474
vt 0.453033 -17.056738
vt 0.454760 -17.055992
vt 18.056738 0.316686
vt 18.055992 0.318225
vt 18.050034 0.312196
vt 18.048798 0.313405
vt 0.467213 0.304739
vt 0.486821 0.318200
vt 0.465822 0.310740
vt 0.469565 0.298715
vt 0.471966 0.294966
vt 18.110382 0.294923
vt 18.100201 0.318200
vt 18.103893 0.294966
vt 18.115902 0.298622
vt 18.118307 0.304811
vt 0.532108 -17.111851
vt 0.513179 -17.100201
vt 0.529670 -17.116785
vt 0.533906 -17.105433
vt 0.534178 -17.099930
vt 0.455019 0.304787
vt 0.474564 0.318405
vt 0.453718 0.310855
vt 0.457294 0.298746
vt 0.459750 0.295013
vt 18.062201 0.295012
vt 18.052109 0.318405
vt 18.055742 0.295013
vt 18.067699 0.298710
vt 18.070183 0.304764
vt 0.544553 -17.063759
vt 0.525436 -17.052109
vt 0.542075 -17.068684
vt 0.546131 -17.057281
vt 0.546282 -17.051796
vt 0.448979 -17.028030
vt 0.443523 -17.007540
vt 0.441898 -17.029940
vt 0.436441 -17.009449
vt 0.556477 0.342212
vt 0.556477 0.340843
vt 0.563559 0.342212
vt 0.563559 0.340843
vt 18.009449 0.342212
vt 18.009449 0.340843
vt 18.029940 0.342212
vt 18.029940 0.340843
vt 0.441898 0.342212
vt 0.441898 0.340843
vt 0.448979 0.342212
vt 0.448979 0.340843
vt -17.028030 0.342212
vt -17.028030 0.340843
vt -17.007540 0.342212
vt -17.007540 0.340843
vt 18.011934 0.347380
vt 18.011934 0.340843
vt 18.013502 0.347380
vt 18.013502 0.340843
vt 18.014755 0.347380
vt 18.014755 0.340843
vt 0.560603 0.340843
vt 0.560603 0.347380
vt 0.559358 0.340843
vt 0.559358 0.347380
vt 0.557801 0.340843
vt 0.557801 0.347380
vt -17.011179 0.340843
vt -17.011179 0.347380
vt -17.012432 0.340843
vt -17.012432 0.347380
vt -17.014000 0.340843
vt -17.014000 0.347380
vt 0.442950 0.340843
vt 0.442950 0.347380
vt 0.441704 0.340843
vt 0.441704 0.347380
vt 0.440148 0.340843
vt 0.440148 0.347380
vt 18.011595 0.348660
vt 18.011595 0.347380
vt 18.013678 0.348660
vt 18.013678 0.347380
vt 18.015343 0.348660
vt 18.015343 0.347380
vt 0.561188 0.347380
vt 0.561188 0.348660
vt 0.559532 0.347380
vt 0.559532 0.348660
vt 0.557464 0.347380
vt 0.557464 0.348660
vt -17.010592 0.347380
vt -17.010592 0.348660
vt -17.012257 0.347380
vt -17.012257 0.348660
vt -17.014339 0.347380
vt -17.014339 0.348660
vt 0.443534 0.347380
vt 0.443534 0.348660
vt 0.441879 0.347380
vt 0.441879 0.348660
vt 0.439810 0.347380
vt 0.439810 0.348660
vt 18.023726 0.347380
vt 18.023726 0.340843
vt 18.025291 0.347380
vt 18.025291 0.340843
vt 18.026545 0.347380
vt 18.026545 0.340843
vt 0.557464 0.340843
vt 0.557464 0.347380
vt 0.556218 0.340843
vt 0.556218 0.347380
vt 0.554661 0.340843
vt 0.554661 0.347380
vt -17.022970 0.340843
vt -17.022970 0.347380
vt -17.024223 0.340843
vt -17.024223 0.347380
vt -17.025789 0.340843
vt -17.025789 0.347380
vt 0.446089 0.340843
vt 0.446089 0.347380
vt 0.444844 0.340843
vt 0.444844 0.347380
vt 0.443287 0.340843
vt 0.443287 0.347380
vt 18.023386 0.348660
vt 18.023386 0.347380
vt 18.025467 0.348660
vt 18.025467 0.347380
vt 18.027134 0.348660
vt 18.027134 0.347380
vt 0.558048 0.347380
vt 0.558048 0.348660
vt 0.556393 0.347380
vt 0.556393 0.348660
vt 0.554324 0.347380
vt 0.554324 0.348660
vt -17.022383 0.347380
vt -17.022383 0.348660
vt -17.024048 0.347380
vt -17.024048 0.348660
vt -17.026129 0.347380
vt -17.026129 0.348660
vt 0.446674 0.347380
vt 0.446674 0.348660
vt 0.445019 0.347380
vt 0.445018 0.348660
vt 0.442950 0.347380
vt 0.442950 0.348660
vt 0.474589 -17.065569
vt 0.469400 -17.065569
vt 0.476798 -17.089668
vt 0.467192 -17.089668
vt 0.471484 -17.096573
vt 0.466290 -17.049494
vt 0.456689 -17.049494
vt 0.460975 -17.056393
vt 0.464043 -17.025394
vt 0.458913 -17.025394
vt 18.059402 0.345006
vt 18.057629 0.345006
vt 18.056393 0.331605
vt 18.049494 0.331605
vt 18.036854 0.345006
vt 18.025394 0.341228
vt -17.056393 0.331605
vt -17.049494 0.331605
vt -17.059395 0.345006
vt -17.057629 0.345006
vt -17.049089 0.345006
vt -17.036852 0.345006
vt -17.025394 0.341229
vt -17.089668 0.331967
vt -17.065569 0.341699
vt -17.077024 0.345368
vt -17.089264 0.345368
vt -17.097803 0.345368
vt -17.099577 0.345368
vt -17.096573 0.331967
vt 18.089668 0.331967
vt 18.077024 0.345368
vt 18.065569 0.341699
vt 18.089264 0.345368
vt 18.097803 0.345368
vt 18.096573 0.331967
vt 18.099577 0.345368
vt 18.107653 0.284234
vt 18.112030 0.285023
vt 18.099524 0.316400
vt 18.103899 0.317189
vt -17.103104 0.317793
vt -17.111237 0.285626
vt -17.098732 0.317002
vt -17.106859 0.284837
vt 0.530187 -17.111237
vt 0.533079 -17.112030
vt 0.531199 -17.106859
vt 0.534091 -17.107653
vt 0.531199 0.284837
vt 0.534091 0.284234
vt 0.521054 0.317002
vt 0.523944 0.316400
vt 0.479965 0.317793
vt 0.477070 0.317189
vt 0.469813 0.285626
vt 0.466921 0.285023
vt 0.539243 -17.090872
vt 0.529268 -17.088182
vt 0.537820 -17.096954
vt 0.527846 -17.094265
vt 0.534946 -17.098452
vt 0.529789 -17.097061
vt 0.533914 -17.102863
vt 0.528757 -17.101473
vt 0.531549 -17.105097
vt 0.528861 -17.104372
vt 0.531547 -17.109926
vt 0.526737 -17.108629
vt 0.529430 -17.114159
vt 0.526741 -17.113434
vt 0.530799 -17.116180
vt 0.525641 -17.114790
vt 0.529767 -17.120592
vt 0.524609 -17.119202
vt 0.531641 -17.123369
vt 0.521666 -17.120680
vt 0.530221 -17.129440
vt 0.520246 -17.126751
vt 0.539243 0.280274
vt 0.539751 0.285014
vt 0.529268 0.282099
vt 0.529776 0.286839
vt 18.096954 0.281354
vt 18.096392 0.285757
vt 18.090872 0.280274
vt 18.092209 0.285014
vt 18.098452 0.282168
vt 18.097742 0.286671
vt 18.129440 0.287124
vt 18.126999 0.291194
vt 0.479754 0.288949
vt 0.478363 0.293019
vt 0.469779 0.287124
vt 0.468388 0.291194
vt -17.120680 0.287871
vt -17.120117 0.292274
vt -17.126751 0.288949
vt -17.124310 0.293019
vt -17.119202 0.287044
vt -17.118748 0.291373
vt -17.088182 0.282099
vt -17.089520 0.286839
vt 0.531549 0.280152
vt 0.533914 0.282952
vt 0.528861 0.280644
vt 0.528757 0.283895
vt 0.473259 0.282253
vt 0.474359 0.286261
vt 0.470570 0.281761
vt 0.469201 0.285317
vt 0.460249 -17.092209
vt 0.461228 -17.096392
vt 0.470224 -17.089520
vt 0.471202 -17.093702
vt 0.464648 -17.097742
vt 0.468852 -17.096609
vt 0.465680 -17.102154
vt 0.469884 -17.101021
vt 0.465577 -17.109253
vt 0.473099 -17.107225
vt 0.468795 -17.115471
vt 0.472999 -17.114338
vt 0.469827 -17.119883
vt 0.474031 -17.118748
vt 0.467408 -17.122807
vt 0.477382 -17.120117
vt 0.468388 -17.126999
vt 0.478363 -17.124310
vt 0.540641 0.306483
vt 0.540691 0.310902
vt 0.537536 0.307130
vt 0.537585 0.311549
vt 0.465495 -17.118885
vt 0.467091 -17.122675
vt 0.468601 -17.118034
vt 0.470196 -17.121822
vt 0.534151 0.291732
vt 0.533094 0.285495
vt 0.537256 0.291085
vt 0.536199 0.284847
vt 18.099554 0.286318
vt 18.097734 0.292172
vt 18.091423 0.284847
vt 18.091721 0.291085
vt 18.097883 0.299398
vt 18.089752 0.297928
vt 18.096060 0.307662
vt 18.089539 0.306483
vt 18.092377 0.310902
vt 0.464147 0.292172
vt 0.465698 0.286318
vt 0.467252 0.292820
vt 0.468803 0.286965
vt -17.098703 0.286965
vt -17.090572 0.285495
vt -17.096882 0.292820
vt -17.090870 0.291732
vt -17.088902 0.298575
vt -17.097031 0.300046
vt -17.088688 0.307130
vt -17.095207 0.308309
vt -17.091524 0.311549
vt 0.527942 0.296544
vt 0.526878 0.290312
vt 0.531047 0.295897
vt 0.529983 0.289665
vt 18.118063 0.289665
vt 18.126192 0.291135
vt 18.118330 0.295897
vt 18.124342 0.296984
vt 18.124521 0.304215
vt 18.116390 0.302745
vt 18.122675 0.312475
vt 18.116156 0.311296
vt 18.118885 0.315696
vt 0.470356 0.296984
vt 0.471914 0.291135
vt 0.473461 0.297631
vt 0.475019 0.291782
vt -17.117210 0.290312
vt -17.117477 0.296544
vt -17.125341 0.291782
vt -17.123491 0.297631
vt -17.115540 0.303393
vt -17.123669 0.304863
vt -17.115303 0.311943
vt -17.121822 0.313122
vt -17.118034 0.316343
vt 0.459309 -17.092377
vt 0.460880 -17.096060
vt 0.462415 -17.091524
vt 0.463985 -17.095207
vt 0.531399 0.316343
vt 0.531325 0.311943
vt 0.534505 0.315696
vt 0.534431 0.311296
vt 0.535922 0.298575
vt 0.539027 0.297928
vt 0.469087 0.304215
vt 0.472192 0.304863
vt 0.462870 0.299398
vt 0.465976 0.300046
vt 0.529705 0.303393
vt 0.532811 0.302745
vt 0.467091 0.312475
vt 0.470196 0.313122
vt 0.460880 0.307662
vt 0.463985 0.308309
vt 18.060946 0.284234
vt 18.065323 0.285023
vt 18.052813 0.316399
vt 18.057188 0.317189
vt -17.056393 0.317792
vt -17.064529 0.285626
vt -17.052021 0.317002
vt -17.060152 0.284837
vt 0.541358 -17.064529
vt 0.544251 -17.065323
vt 0.542370 -17.060152
vt 0.545262 -17.060946
vt 0.542370 0.284837
vt 0.545262 0.284234
vt 0.532226 0.317002
vt 0.535115 0.316399
vt 0.468793 0.317792
vt 0.465898 0.317189
vt 0.458642 0.285626
vt 0.455749 0.285023
vt 0.550414 -17.044165
vt 0.540440 -17.041475
vt 0.548992 -17.050247
vt 0.539017 -17.047558
vt 0.546117 -17.051744
vt 0.540960 -17.050354
vt 0.545085 -17.056156
vt 0.539928 -17.054766
vt 0.542721 -17.058392
vt 0.540032 -17.057665
vt 0.542719 -17.063219
vt 0.537908 -17.061922
vt 0.540601 -17.067451
vt 0.537912 -17.066727
vt 0.541970 -17.069473
vt 0.536813 -17.068083
vt 0.540938 -17.073885
vt 0.535781 -17.072495
vt 0.542812 -17.076662
vt 0.532837 -17.073973
vt 0.541392 -17.082733
vt 0.531417 -17.080044
vt 0.550414 0.280274
vt 0.550922 0.285014
vt 0.540440 0.282099
vt 0.540947 0.286839
vt 18.050247 0.281354
vt 18.049685 0.285757
vt 18.044165 0.280274
vt 18.045502 0.285014
vt 18.051744 0.282168
vt 18.051035 0.286671
vt 18.082733 0.287124
vt 18.080292 0.291194
vt 0.468583 0.288949
vt 0.467192 0.293019
vt 0.458608 0.287124
vt 0.457217 0.291194
vt -17.073973 0.287871
vt -17.073410 0.292274
vt -17.080044 0.288949
vt -17.077602 0.293019
vt -17.072495 0.287044
vt -17.072041 0.291373
vt -17.041475 0.282099
vt -17.042812 0.286839
vt 0.542721 0.280152
vt 0.545085 0.282952
vt 0.540032 0.280644
vt 0.539928 0.283895
vt 0.462088 0.282253
vt 0.463187 0.286261
vt 0.459399 0.281761
vt 0.458030 0.285317
vt 0.449078 -17.045502
vt 0.450057 -17.049685
vt 0.459053 -17.042812
vt 0.460031 -17.046995
vt 0.453477 -17.051035
vt 0.457681 -17.049902
vt 0.454509 -17.055447
vt 0.458713 -17.054314
vt 0.454406 -17.062546
vt 0.461928 -17.060518
vt 0.457624 -17.068764
vt 0.461828 -17.067631
vt 0.458656 -17.073175
vt 0.462860 -17.072041
vt 0.456236 -17.076099
vt 0.466211 -17.073410
vt 0.457217 -17.080292
vt 0.467192 -17.077602
vt 0.551813 0.306483
vt 0.551862 0.310902
vt 0.548708 0.307130
vt 0.548757 0.311549
vt 0.454324 -17.072178
vt 0.455920 -17.075968
vt 0.457429 -17.071327
vt 0.459025 -17.075117
vt 0.545322 0.291732
vt 0.544265 0.285495
vt 0.548427 0.291085
vt 0.547371 0.284847
vt 18.052847 0.286318
vt 18.051027 0.292172
vt 18.044716 0.284847
vt 18.045013 0.291085
vt 18.051176 0.299398
vt 18.043045 0.297928
vt 18.049353 0.307662
vt 18.042831 0.306483
vt 18.045670 0.310902
vt 0.452976 0.292172
vt 0.454527 0.286318
vt 0.456081 0.292820
vt 0.457632 0.286965
vt -17.051996 0.286965
vt -17.043865 0.285495
vt -17.050175 0.292820
vt -17.044163 0.291732
vt -17.042194 0.298575
vt -17.050323 0.300046
vt -17.041981 0.307130
vt -17.048500 0.308309
vt -17.044817 0.311549
vt 0.539113 0.296544
vt 0.538049 0.290312
vt 0.542218 0.295897
vt 0.541154 0.289665
vt 18.071356 0.289665
vt 18.079485 0.291135
vt 18.071623 0.295897
vt 18.077635 0.296984
vt 18.077814 0.304216
vt 18.069683 0.302745
vt 18.075968 0.312475
vt 18.069448 0.311296
vt 18.072178 0.315696
vt 0.459185 0.296984
vt 0.460743 0.291135
vt 0.462290 0.297631
vt 0.463848 0.291782
vt -17.070505 0.290312
vt -17.070770 0.296544
vt -17.078634 0.291782
vt -17.076784 0.297631
vt -17.068832 0.303393
vt -17.076962 0.304863
vt -17.068596 0.311943
vt -17.075117 0.313122
vt -17.071327 0.316343
vt 0.448138 -17.045670
vt 0.449709 -17.049353
vt 0.451243 -17.044817
vt 0.452814 -17.048500
vt 0.542571 0.316343
vt 0.542497 0.311943
vt 0.545676 0.315696
vt 0.545602 0.311296
vt 0.547093 0.298575
vt 0.550198 0.297928
vt 0.457915 0.304216
vt 0.461021 0.304863
vt 0.451699 0.299398
vt 0.454804 0.300046
vt 0.540877 0.303393
vt 0.543982 0.302745
vt 0.455920 0.312475
vt 0.459025 0.313122
vt 0.449709 0.307662
vt 0.452814 0.308309
vt 0.466384 0.355154
vt 0.466606 0.350322
vt 0.468924 0.356677
vt 0.468924 0.350775
vt 0.468924 0.339461
vt 0.471464 0.355154
vt 0.471243 0.350322
vt -16.845112 0.349406
vt -16.841383 0.339461
vt -16.842642 0.350322
vt -16.845102 0.355154
vt -16.846336 0.352108
vt -16.848768 0.353468
vt -16.848768 0.357867
vt 17.842642 0.350322
vt 17.841383 0.339461
vt 17.845112 0.349406
vt 17.846336 0.352108
vt 17.845102 0.355154
vt 17.848768 0.353468
vt 0.533616 -16.845102
vt 0.531076 -16.844477
vt 0.534088 -16.848768
vt 0.531076 -16.848768
vt 0.528536 -16.845102
vt 0.528064 -16.848768
vt 0.465944 -16.848768
vt 0.468924 -16.848768
vt 0.466400 -16.846336
vt 0.468924 -16.846937
vt 0.471905 -16.848768
vt 0.471448 -16.846336
vt 0.533600 0.352108
vt 0.531076 0.350530
vt 0.533388 0.349406
vt 0.531076 0.348954
vt 0.531076 0.339461
vt 0.528763 0.349406
vt 0.528552 0.352108
vt 0.475571 -17.176193
vt 0.482284 -17.174126
vt 0.468940 -17.154312
vt 0.475653 -17.152245
vt 0.475576 0.342613
vt 0.482289 0.342613
vt 0.475571 0.346117
vt 0.482284 0.346117
vt 18.176193 0.346117
vt 18.171154 0.340092
vt 18.176208 0.342613
vt 18.159401 0.340092
vt 18.154312 0.346117
vt 18.154327 0.342613
vt 0.524342 0.342613
vt 0.531055 0.342613
vt 0.524347 0.346117
vt 0.531060 0.346117
vt -17.152245 0.346117
vt -17.157335 0.340092
vt -17.152260 0.342613
vt -17.174126 0.346117
vt -17.169088 0.340092
vt -17.174141 0.342613
vt 18.157812 0.346117
vt 18.156879 0.347719
vt 18.155418 0.346117
vt 18.155411 0.347719
vt 18.156485 0.350628
vt 18.157526 0.349636
vt 18.159828 0.351564
vt 18.159834 0.350557
vt 18.162565 0.350816
vt 18.162561 0.351710
vt 0.475506 0.346117
vt 0.475224 0.347719
vt 0.473701 0.346117
vt 0.473419 0.347719
vt 0.471450 0.346117
vt 0.471168 0.347719
vt 0.471367 0.349636
vt 0.473553 0.349138
vt 0.475424 0.349631
vt -17.154171 0.346117
vt -17.154163 0.347719
vt -17.156563 0.346117
vt -17.155630 0.347719
vt -17.156277 0.349631
vt -17.155235 0.350623
vt -17.158804 0.350553
vt -17.158798 0.351560
vt -17.161770 0.351707
vt -17.161774 0.350813
vt 0.529278 0.346117
vt 0.529278 0.347719
vt 0.527473 0.346117
vt 0.527473 0.347719
vt 0.525221 0.346117
vt 0.525222 0.347719
vt 0.524892 0.350623
vt 0.527078 0.351122
vt 0.528949 0.350628
vt 0.473711 0.351710
vt 0.473712 0.350816
vt 0.474998 0.352156
vt 0.474998 0.350367
vt 0.476284 0.351707
vt 0.476285 0.350813
vt 0.528633 -17.157526
vt 0.526447 -17.157423
vt 0.527541 -17.159834
vt 0.525869 -17.159321
vt 0.524576 -17.156277
vt 0.524197 -17.158804
vt 0.523715 -17.161774
vt 0.525002 -17.162172
vt 0.526288 -17.162565
vt 0.475108 -17.155235
vt 0.472922 -17.155338
vt 0.475803 -17.158798
vt 0.474131 -17.159311
vt 0.471051 -17.156485
vt 0.472458 -17.159828
vt 0.473711 -17.162561
vt 0.474998 -17.162163
vt 0.476284 -17.161770
vt 18.171873 0.346117
vt 18.174267 0.346117
vt 18.172792 0.347719
vt 18.174259 0.347719
vt 18.173159 0.350705
vt 18.172127 0.349703
vt 18.169586 0.351609
vt 18.169592 0.350601
vt 18.166620 0.350835
vt 18.166616 0.351729
vt 0.520219 0.346117
vt 0.522470 0.346117
vt 0.519937 0.347719
vt 0.522189 0.347719
vt 0.524275 0.346117
vt 0.523994 0.347719
vt 0.524194 0.349703
vt 0.522323 0.349200
vt 0.520137 0.349699
vt -17.173018 0.346117
vt -17.170624 0.346117
vt -17.173010 0.347719
vt -17.171543 0.347719
vt -17.170877 0.349699
vt -17.171909 0.350700
vt -17.168562 0.350598
vt -17.168558 0.351605
vt -17.165823 0.351726
vt -17.165827 0.350832
vt 0.476453 0.346117
vt 0.478704 0.346117
vt 0.476452 0.347719
vt 0.478704 0.347719
vt 0.480509 0.346117
vt 0.480509 0.347719
vt 0.480178 0.350700
vt 0.478307 0.351203
vt 0.476121 0.350705
vt 0.525056 0.351729
vt 0.523770 0.352174
vt 0.525056 0.350835
vt 0.523769 0.350386
vt 0.522483 0.351726
vt 0.522483 0.350832
vt 0.524194 -17.172127
vt 0.524574 -17.169592
vt 0.522323 -17.170984
vt 0.522902 -17.169079
vt 0.520137 -17.170877
vt 0.521230 -17.168562
vt 0.522483 -17.165827
vt 0.523769 -17.166225
vt 0.525056 -17.166620
vt 0.480178 -17.171909
vt 0.478770 -17.168558
vt 0.478307 -17.173050
vt 0.477098 -17.169069
vt 0.476121 -17.173159
vt 0.475425 -17.169586
vt 0.474944 -17.166616
vt 0.476230 -17.166218
vt 0.477517 -17.165823
vt 0.529517 -17.159401
vt 0.531055 -17.154327
vt 0.522804 -17.157335
vt 0.524342 -17.152260
vt 0.517711 -17.174141
vt 0.524424 -17.176208
vt 0.519242 -17.169088
vt 0.525956 -17.171154
vt 0.407038 -16.729124
vt 0.407038 -16.737236
vt 0.409104 -16.729124
vt 0.409104 -16.737236
vt 17.729124 0.321528
vt 17.737236 0.321528
vt 17.729124 0.322284
vt 17.737236 0.322284
vt 0.590896 -16.729124
vt 0.590896 -16.737236
vt 0.592962 -16.729124
vt 0.592962 -16.737236
vt 17.729124 0.316739
vt 17.737236 0.316739
vt 17.729124 0.317495
vt 17.737236 0.317495
vt 0.407038 -16.729124
vt 17.729124 0.311949
vt 17.737236 0.311949
vt 17.729124 0.312705
vt 17.737236 0.312705
vt 17.729124 0.307160
vt 17.737236 0.307160
vt 17.729124 0.307916
vt 17.737236 0.307916
vt 0.407038 -16.737236
vt 17.729124 0.302370
vt 17.737236 0.302370
vt 17.729124 0.303127
vt 17.737236 0.303127
vt 17.729124 0.297581
vt 17.737236 0.297581
vt 17.729124 0.298337
vt 17.737236 0.298337
vt 17.729124 0.331107
vt 17.737236 0.331107
vt 17.729124 0.331863
vt 17.737236 0.331863
vt 0.592962 -16.729124
vt 17.729124 0.326317
vt 17.737236 0.326317
vt 17.729124 0.327074
vt 17.737236 0.327074
vt 0.495509 0.347774
vt 0.495509 0.344848
vt 0.499951 0.347774
vt 0.499951 0.344848
vt 0.504394 0.347774
vt 0.504394 0.344848
vt 18.054840 0.344848
vt 18.054840 0.347774
vt 18.051039 0.344848
vt 18.051039 0.347774
vt 18.046337 0.344848
vt 18.046337 0.347774
vt 18.042536 0.344848
vt 18.042536 0.347775
vt 0.504491 0.344848
vt 0.504491 0.347775
vt 0.500049 0.344848
vt 0.500049 0.347775
vt 0.495606 0.344848
vt 0.495606 0.347775
vt -17.042536 0.344848
vt -17.042536 0.347775
vt -17.046337 0.344848
vt -17.046337 0.347775
vt -17.051039 0.344848
vt -17.051039 0.347775
vt -17.054840 0.344848
vt -17.054840 0.347774
vt 0.493936 0.352618
vt 0.499951 0.352618
vt 0.493936 0.354061
vt 0.499951 0.354061
vt 0.505967 0.352618
vt 0.505967 0.354061
vt 18.057018 0.354061
vt 18.051870 0.354061
vt 18.057018 0.352618
vt 18.051870 0.352618
vt 18.045506 0.354061
vt 18.045506 0.352618
vt 18.040358 0.354061
vt 18.040358 0.352618
vt 0.506064 0.354061
vt 0.500049 0.354061
vt 0.506064 0.352618
vt 0.500049 0.352618
vt 0.494033 0.354061
vt 0.494033 0.352618
vt -17.040358 0.354061
vt -17.045506 0.354061
vt -17.040358 0.352618
vt -17.045506 0.352618
vt -17.051870 0.354061
vt -17.051870 0.352618
vt -17.057018 0.354061
vt -17.057018 0.352618
vt 0.496337 0.348871
vt 0.499951 0.348871
vt 0.496337 0.350990
vt 0.499951 0.350990
vt 0.503565 0.348871
vt 0.503566 0.350990
vt 18.053694 0.350990
vt 18.050600 0.350990
vt 18.053694 0.348871
vt 18.050600 0.348871
vt 18.046776 0.350990
vt 18.046776 0.348871
vt 18.043682 0.350990
vt 18.043682 0.348871
vt 0.503663 0.350990
vt 0.500049 0.350990
vt 0.503663 0.348871
vt 0.500049 0.348871
vt 0.496434 0.350990
vt 0.496435 0.348871
vt -17.043682 0.350990
vt -17.046776 0.350990
vt -17.043682 0.348871
vt -17.046776 0.348871
vt -17.050600 0.350990
vt -17.050600 0.348871
vt -17.053694 0.350990
vt -17.053694 0.348871
vt 0.653408 -16.541471
vt 0.661973 -16.542339
vt 0.655885 -16.516685
vt 0.664450 -16.517553
vt 0.344115 0.294120
vt 0.335550 0.294120
vt 0.344115 0.292514
vt 0.335550 0.292514
vt -16.517553 0.294120
vt -16.542339 0.294120
vt -16.517553 0.292514
vt -16.542339 0.292514
vt 0.661973 0.294120
vt 0.653408 0.294120
vt 0.661973 0.292514
vt 0.653408 0.292514
vt 17.541471 0.294120
vt 17.516685 0.294120
vt 17.541471 0.292514
vt 17.516685 0.292514
vt -16.520996 0.300190
vt -16.522774 0.300190
vt -16.520996 0.292514
vt -16.522774 0.292514
vt -16.524406 0.300190
vt -16.524406 0.292514
vt 0.338508 0.292514
vt 0.340132 0.292514
vt 0.338508 0.300190
vt 0.340132 0.300190
vt 0.341897 0.292514
vt 0.341897 0.300190
vt 17.520653 0.292514
vt 17.522287 0.292514
vt 17.520653 0.300190
vt 17.522287 0.300190
vt 17.524065 0.292514
vt 17.524065 0.300190
vt 0.657762 0.292514
vt 0.659386 0.292514
vt 0.657762 0.300190
vt 0.659386 0.300190
vt 0.661151 0.292514
vt 0.661151 0.300190
vt -16.520493 0.301693
vt -16.522852 0.301693
vt -16.520493 0.300190
vt -16.522852 0.300190
vt -16.525024 0.301693
vt -16.525024 0.300190
vt 0.337894 0.300190
vt 0.340053 0.300190
vt 0.337894 0.301693
vt 0.340053 0.301693
vt 0.342399 0.300190
vt 0.342399 0.301693
vt 17.520037 0.300190
vt 17.522207 0.300190
vt 17.520037 0.301693
vt 17.522207 0.301693
vt 17.524569 0.300190
vt 17.524569 0.301693
vt 0.657148 0.300190
vt 0.659307 0.300190
vt 0.657148 0.301693
vt 0.659307 0.301693
vt 0.661653 0.300190
vt 0.661653 0.301693
vt -16.535259 0.300190
vt -16.537035 0.300190
vt -16.535259 0.292514
vt -16.537035 0.292514
vt -16.538670 0.300190
vt -16.538670 0.292514
vt 0.339933 0.292514
vt 0.341558 0.292514
vt 0.339933 0.300190
vt 0.341558 0.300190
vt 0.343323 0.292514
vt 0.343323 0.300190
vt 17.534916 0.292514
vt 17.536551 0.292514
vt 17.534916 0.300190
vt 17.536551 0.300190
vt 17.538326 0.292514
vt 17.538326 0.300190
vt 0.656336 0.292514
vt 0.657960 0.292514
vt 0.656336 0.300190
vt 0.657960 0.300190
vt 0.659726 0.292514
vt 0.659726 0.300190
vt -16.534754 0.301693
vt -16.537115 0.301693
vt -16.534754 0.300190
vt -16.537115 0.300190
vt -16.539288 0.301693
vt -16.539288 0.300190
vt 0.339320 0.300190
vt 0.341478 0.300190
vt 0.339320 0.301693
vt 0.341478 0.301693
vt 0.343824 0.300190
vt 0.343824 0.301693
vt 17.534298 0.300190
vt 17.536470 0.300190
vt 17.534298 0.301693
vt 17.536470 0.301693
vt 17.538832 0.300190
vt 17.538832 0.301693
vt 0.655723 0.300190
vt 0.657881 0.300190
vt 0.655723 0.301693
vt 0.657881 0.301693
vt 0.660227 0.300190
vt 0.660227 0.301693
vt 0.335455 -16.517553
vt 0.337933 -16.542339
vt 0.344020 -16.516685
vt 0.346498 -16.541471
vt 0.664545 0.292514
vt 0.664545 0.294121
vt 0.655980 0.292514
vt 0.655980 0.294121
vt 17.542339 0.292514
vt 17.542339 0.294121
vt 17.517553 0.292514
vt 17.517553 0.294121
vt 0.346498 0.292514
vt 0.346498 0.294121
vt 0.337933 0.292514
vt 0.337933 0.294121
vt -16.516685 0.292514
vt -16.516685 0.294121
vt -16.541471 0.292514
vt -16.541471 0.294121
vt 17.520996 0.300190
vt 17.520996 0.292514
vt 17.522774 0.300190
vt 17.522774 0.292514
vt 17.524406 0.300190
vt 17.524406 0.292514
vt 0.661586 0.292514
vt 0.661586 0.300190
vt 0.659962 0.292514
vt 0.659962 0.300190
vt 0.658197 0.292514
vt 0.658197 0.300190
vt -16.520653 0.292514
vt -16.520653 0.300190
vt -16.522287 0.292514
vt -16.522287 0.300190
vt -16.524065 0.292514
vt -16.524065 0.300190
vt 0.342144 0.292514
vt 0.342144 0.300190
vt 0.340520 0.292514
vt 0.340520 0.300190
vt 0.338754 0.292514
vt 0.338754 0.300190
vt 17.520493 0.301693
vt 17.520493 0.300190
vt 17.522852 0.301693
vt 17.522852 0.300190
vt 17.525024 0.301693
vt 17.525024 0.300190
vt 0.662200 0.300190
vt 0.662200 0.301693
vt 0.660042 0.300190
vt 0.660042 0.301693
vt 0.657696 0.300190
vt 0.657696 0.301693
vt -16.520037 0.300190
vt -16.520037 0.301693
vt -16.522207 0.300190
vt -16.522207 0.301693
vt -16.524569 0.300190
vt -16.524569 0.301693
vt 0.342757 0.300190
vt 0.342757 0.301693
vt 0.340599 0.300190
vt 0.340599 0.301693
vt 0.338253 0.300190
vt 0.338253 0.301693
vt 17.535259 0.300190
vt 17.535259 0.292514
vt 17.537035 0.300190
vt 17.537035 0.292514
vt 17.538670 0.300190
vt 17.538670 0.292514
vt 0.660161 0.292514
vt 0.660161 0.300190
vt 0.658537 0.292514
vt 0.658537 0.300190
vt 0.656772 0.292514
vt 0.656772 0.300190
vt -16.534916 0.292514
vt -16.534916 0.300190
vt -16.536551 0.292514
vt -16.536551 0.300190
vt -16.538326 0.292514
vt -16.538326 0.300190
vt 0.343569 0.292514
vt 0.343569 0.300190
vt 0.341945 0.292514
vt 0.341945 0.300190
vt 0.340180 0.292514
vt 0.340180 0.300190
vt 17.534754 0.301693
vt 17.534754 0.300190
vt 17.537115 0.301693
vt 17.537115 0.300190
vt 17.539288 0.301693
vt 17.539288 0.300190
vt 0.660775 0.300190
vt 0.660775 0.301693
vt 0.658616 0.300190
vt 0.658616 0.301693
vt 0.656270 0.300190
vt 0.656270 0.301693
vt -16.534298 0.300190
vt -16.534298 0.301693
vt -16.536470 0.300190
vt -16.536470 0.301693
vt -16.538832 0.300190
vt -16.538832 0.301693
vt 0.344183 0.300190
vt 0.344183 0.301693
vt 0.342024 0.300190
vt 0.342025 0.301693
vt 0.339678 0.300190
vt 0.339678 0.301693
vt 0.607635 -16.816612
vt 0.599733 -16.838062
vt 0.614215 -16.819075
vt 0.606313 -16.840525
vt 0.599733 0.295597
vt 0.599728 0.292093
vt 0.606313 0.295597
vt 0.606308 0.292093
vt -16.835585 0.289572
vt -16.840525 0.295597
vt -16.840538 0.292093
vt -16.824064 0.289572
vt -16.819075 0.295597
vt -16.819090 0.292093
vt 0.385785 0.295597
vt 0.385790 0.292093
vt 0.392365 0.295597
vt 0.392370 0.292093
vt 17.821602 0.289572
vt 17.816612 0.295597
vt 17.816628 0.292093
vt 17.838062 0.295597
vt 17.833124 0.289572
vt 17.838078 0.292093
vt -16.822420 0.295597
vt -16.820074 0.295597
vt -16.821505 0.297200
vt -16.820066 0.297200
vt -16.821119 0.300108
vt -16.822140 0.299116
vt -16.824373 0.301044
vt -16.824377 0.300037
vt -16.827030 0.300296
vt -16.827026 0.301190
vt 0.607529 0.295597
vt 0.609251 0.295597
vt 0.607865 0.297200
vt 0.609587 0.297200
vt 0.611505 0.295597
vt 0.611841 0.297200
vt 0.611604 0.299116
vt 0.609428 0.298618
vt 0.607628 0.299112
vt 17.818586 0.295597
vt 17.820932 0.295597
vt 17.818579 0.297200
vt 17.820017 0.297200
vt 17.820652 0.299112
vt 17.819632 0.300104
vt 17.823151 0.300033
vt 17.823147 0.301040
vt 17.826084 0.301188
vt 17.826088 0.300293
vt 0.387628 0.295597
vt 0.389351 0.295597
vt 0.387627 0.297200
vt 0.389350 0.297200
vt 0.391605 0.295597
vt 0.391604 0.297200
vt 0.391996 0.300104
vt 0.389820 0.300602
vt 0.388019 0.300108
vt 0.608969 0.301190
vt 0.607708 0.301636
vt 0.608968 0.300296
vt 0.607707 0.299848
vt 0.606447 0.301188
vt 0.606446 0.300293
vt 0.388396 -16.822140
vt 0.389621 -16.824377
vt 0.390572 -16.821907
vt 0.391260 -16.823767
vt 0.392372 -16.820652
vt 0.392899 -16.823151
vt 0.393554 -16.826088
vt 0.392293 -16.826561
vt 0.391032 -16.827030
vt 0.608004 -16.819632
vt 0.607101 -16.823147
vt 0.610180 -16.819864
vt 0.608741 -16.823757
vt 0.611981 -16.821119
vt 0.610380 -16.824373
vt 0.608969 -16.827026
vt 0.607708 -16.826553
vt 0.606447 -16.826084
vt -16.836203 0.295597
vt -16.837103 0.297200
vt -16.838549 0.295597
vt -16.838541 0.297200
vt -16.837463 0.300185
vt -16.836451 0.299184
vt -16.833939 0.301089
vt -16.833942 0.300082
vt -16.831005 0.300315
vt -16.831001 0.301209
vt 0.397563 0.295597
vt 0.397898 0.297200
vt 0.395309 0.295597
vt 0.395644 0.297200
vt 0.393587 0.295597
vt 0.393922 0.297200
vt 0.393683 0.299184
vt 0.395483 0.298680
vt 0.397659 0.299179
vt 17.837061 0.295597
vt 17.837053 0.297200
vt 17.834715 0.295597
vt 17.835615 0.297200
vt 17.834963 0.299179
vt 17.835976 0.300180
vt 17.832716 0.300078
vt 17.832712 0.301085
vt 17.830057 0.301206
vt 17.830061 0.300312
vt 0.605546 0.295597
vt 0.605547 0.297200
vt 0.603292 0.295597
vt 0.603293 0.297200
vt 0.601570 0.295597
vt 0.601571 0.297200
vt 0.601966 0.300180
vt 0.603766 0.300684
vt 0.605942 0.300185
vt 0.392499 0.301209
vt 0.392500 0.300315
vt 0.393760 0.301655
vt 0.393761 0.299866
vt 0.395021 0.301206
vt 0.395022 0.300312
vt 0.393683 -16.836451
vt 0.395483 -16.835201
vt 0.393155 -16.833942
vt 0.394794 -16.833332
vt 0.397659 -16.834963
vt 0.396433 -16.832716
vt 0.395022 -16.830061
vt 0.393761 -16.830536
vt 0.392500 -16.831005
vt 0.601966 -16.835976
vt 0.603766 -16.837225
vt 0.603567 -16.832712
vt 0.605207 -16.833323
vt 0.605942 -16.837463
vt 0.606846 -16.833939
vt 0.607501 -16.831001
vt 0.606240 -16.830526
vt 0.604979 -16.830057
vt 0.392370 -16.816628
vt 0.385790 -16.819090
vt 0.394203 -16.821602
vt 0.387623 -16.824064
vt 0.391867 -16.835585
vt 0.393692 -16.840538
vt 0.398448 -16.833124
vt 0.400272 -16.838078
vt 0.393591 -16.840525
vt 0.400171 -16.838062
vt 0.385689 -16.819075
vt 0.392269 -16.816612
vt 0.393596 0.292094
vt 0.400177 0.292094
vt 0.393591 0.295597
vt 0.400171 0.295597
vt 17.840525 0.295597
vt 17.835585 0.289572
vt 17.840538 0.292094
vt 17.824064 0.289573
vt 17.819075 0.295597
vt 17.819090 0.292094
vt 0.607725 0.292094
vt 0.614306 0.292094
vt 0.607731 0.295597
vt 0.614311 0.295597
vt -16.816612 0.295597
vt -16.821602 0.289572
vt -16.816628 0.292094
vt -16.838062 0.295597
vt -16.833124 0.289572
vt -16.838078 0.292094
vt 17.822420 0.295597
vt 17.821505 0.297200
vt 17.820074 0.295597
vt 17.820066 0.297200
vt 17.821119 0.300109
vt 17.822140 0.299117
vt 17.824373 0.301045
vt 17.824377 0.300037
vt 17.827030 0.300297
vt 17.827026 0.301191
vt 0.392376 0.295597
vt 0.392039 0.297200
vt 0.390653 0.295597
vt 0.390317 0.297200
vt 0.388399 0.295597
vt 0.388063 0.297200
vt 0.388300 0.299117
vt 0.390476 0.298618
vt 0.392276 0.299112
vt -16.818586 0.295597
vt -16.818579 0.297200
vt -16.820932 0.295597
vt -16.820017 0.297200
vt -16.820652 0.299112
vt -16.819632 0.300104
vt -16.823151 0.300033
vt -16.823147 0.301041
vt -16.826084 0.301188
vt -16.826088 0.300294
vt 0.612467 0.295597
vt 0.612468 0.297200
vt 0.610745 0.295597
vt 0.610746 0.297200
vt 0.608491 0.295597
vt 0.608492 0.297200
vt 0.608100 0.300104
vt 0.610276 0.300602
vt 0.612076 0.300109
vt 0.390935 0.301191
vt 0.390936 0.300297
vt 0.392196 0.301636
vt 0.392197 0.299848
vt 0.393457 0.301188
vt 0.393458 0.300294
vt 0.611700 -16.822140
vt 0.609524 -16.821907
vt 0.610475 -16.824377
vt 0.608836 -16.823767
vt 0.607724 -16.820652
vt 0.607197 -16.823151
vt 0.606542 -16.826088
vt 0.607803 -16.826561
vt 0.609064 -16.827030
vt 0.391900 -16.819632
vt 0.389724 -16.819864
vt 0.392803 -16.823147
vt 0.391163 -16.823757
vt 0.387924 -16.821119
vt 0.389524 -16.824373
vt 0.390935 -16.827026
vt 0.392196 -16.826553
vt 0.393457 -16.826084
vt 17.836203 0.295597
vt 17.838549 0.295597
vt 17.837103 0.297200
vt 17.838541 0.297200
vt 17.837463 0.300185
vt 17.836451 0.299184
vt 17.833939 0.301089
vt 17.833942 0.300082
vt 17.831005 0.300315
vt 17.831001 0.301209
vt 0.602533 0.295597
vt 0.604786 0.295597
vt 0.602198 0.297200
vt 0.604452 0.297200
vt 0.606509 0.295597
vt 0.606174 0.297200
vt 0.606413 0.299184
vt 0.604612 0.298681
vt 0.602437 0.299179
vt -16.837061 0.295597
vt -16.834715 0.295597
vt -16.837053 0.297200
vt -16.835615 0.297200
vt -16.834963 0.299179
vt -16.835976 0.300181
vt -16.832716 0.300078
vt -16.832712 0.301086
vt -16.830057 0.301206
vt -16.830061 0.300312
vt 0.394358 0.295597
vt 0.396612 0.295597
vt 0.394357 0.297200
vt 0.396611 0.297200
vt 0.398334 0.295597
vt 0.398333 0.297200
vt 0.397938 0.300181
vt 0.396138 0.300684
vt 0.393962 0.300185
vt 0.607596 0.301209
vt 0.606336 0.301655
vt 0.607596 0.300315
vt 0.606335 0.299867
vt 0.605074 0.301206
vt 0.605074 0.300312
vt 0.606413 -16.836451
vt 0.606941 -16.833942
vt 0.604612 -16.835201
vt 0.605302 -16.833332
vt 0.602437 -16.834963
vt 0.603663 -16.832716
vt 0.605074 -16.830061
vt 0.606335 -16.830536
vt 0.607596 -16.831005
vt 0.397938 -16.835976
vt 0.396337 -16.832712
vt 0.396138 -16.837225
vt 0.394697 -16.833323
vt 0.393962 -16.837463
vt 0.393058 -16.833939
vt 0.392404 -16.831001
vt 0.393664 -16.830526
vt 0.394926 -16.830057
vt 0.612473 -16.824064
vt 0.614306 -16.819090
vt 0.605893 -16.821602
vt 0.607725 -16.816628
vt 0.599823 -16.838078
vt 0.606404 -16.840538
vt 0.601648 -16.833124
vt 0.608228 -16.835585
vt 0.674271 -16.301239
vt 0.682879 -16.301218
vt 0.674215 -16.276327
vt 0.682824 -16.276308
vt 0.325785 0.338254
vt 0.317176 0.338254
vt 0.325785 0.336647
vt 0.317176 0.336647
vt -16.276308 0.338254
vt -16.301218 0.338254
vt -16.276308 0.336647
vt -16.301218 0.336647
vt 0.682879 0.338254
vt 0.674271 0.338254
vt 0.682879 0.336647
vt 0.674271 0.336647
vt 17.301239 0.338254
vt 17.276327 0.338254
vt 17.301239 0.336647
vt 17.276327 0.336647
vt -16.280039 0.344323
vt -16.281750 0.344323
vt -16.280039 0.336647
vt -16.281750 0.336647
vt -16.283466 0.344323
vt -16.283466 0.336647
vt 0.319769 0.336647
vt 0.321474 0.336647
vt 0.319769 0.344323
vt 0.321474 0.344323
vt 0.323176 0.336647
vt 0.323176 0.344323
vt 17.280046 0.336647
vt 17.281761 0.336647
vt 17.280046 0.344323
vt 17.281761 0.344323
vt 17.283474 0.336647
vt 17.283474 0.344323
vt 0.676832 0.336647
vt 0.678537 0.336647
vt 0.676832 0.344323
vt 0.678537 0.344323
vt 0.680239 0.336647
vt 0.680239 0.344323
vt -16.279472 0.345826
vt -16.281748 0.345826
vt -16.279472 0.344323
vt -16.281748 0.344323
vt -16.284029 0.345826
vt -16.284029 0.344323
vt 0.319210 0.344323
vt 0.321476 0.344323
vt 0.319210 0.345826
vt 0.321476 0.345826
vt 0.323737 0.344323
vt 0.323737 0.345826
vt 17.279484 0.344323
vt 17.281763 0.344323
vt 17.279484 0.345826
vt 17.281763 0.345826
vt 17.284039 0.344323
vt 17.284039 0.345826
vt 0.676273 0.344323
vt 0.678539 0.344323
vt 0.676273 0.345826
vt 0.678539 0.345826
vt 0.680800 0.344323
vt 0.680800 0.345826
vt -16.294373 0.344323
vt -16.296085 0.344323
vt -16.294373 0.336647
vt -16.296085 0.336647
vt -16.297800 0.344323
vt -16.297800 0.336647
vt 0.319737 0.336647
vt 0.321442 0.336647
vt 0.319737 0.344323
vt 0.321442 0.344323
vt 0.323143 0.336647
vt 0.323143 0.344323
vt 17.294380 0.336647
vt 17.296095 0.336647
vt 17.294380 0.344323
vt 17.296095 0.344323
vt 17.297808 0.336647
vt 17.297808 0.344323
vt 0.676864 0.336647
vt 0.678569 0.336647
vt 0.676864 0.344323
vt 0.678569 0.344323
vt 0.680271 0.336647
vt 0.680271 0.344323
vt -16.293806 0.345826
vt -16.296083 0.345826
vt -16.293806 0.344323
vt -16.296083 0.344323
vt -16.298363 0.345826
vt -16.298363 0.344323
vt 0.319178 0.344323
vt 0.321444 0.344323
vt 0.319178 0.345826
vt 0.321444 0.345826
vt 0.323705 0.344323
vt 0.323705 0.345826
vt 17.293818 0.344323
vt 17.296097 0.344323
vt 17.293818 0.345826
vt 17.296097 0.345826
vt 17.298372 0.344323
vt 17.298372 0.345826
vt 0.676305 0.344323
vt 0.678571 0.344323
vt 0.676305 0.345826
vt 0.678571 0.345826
vt 0.680832 0.344323
vt 0.680832 0.345826
vt 0.317084 -16.276308
vt 0.317028 -16.301218
vt 0.325692 -16.276327
vt 0.325636 -16.301239
vt 0.682916 0.336647
vt 0.682916 0.338254
vt 0.674308 0.336647
vt 0.674308 0.338254
vt 17.301218 0.336647
vt 17.301218 0.338254
vt 17.276308 0.336647
vt 17.276308 0.338254
vt 0.325636 0.336647
vt 0.325636 0.338254
vt 0.317028 0.336647
vt 0.317028 0.338254
vt -16.276327 0.336647
vt -16.276327 0.338254
vt -16.301239 0.336647
vt -16.301239 0.338254
vt 17.280039 0.344323
vt 17.280039 0.336647
vt 17.281750 0.344323
vt 17.281750 0.336647
vt 17.283466 0.344323
vt 17.283466 0.336647
vt 0.680324 0.336647
vt 0.680324 0.344323
vt 0.678619 0.336647
vt 0.678619 0.344323
vt 0.676917 0.336647
vt 0.676917 0.344323
vt -16.280046 0.336647
vt -16.280046 0.344323
vt -16.281761 0.336647
vt -16.281761 0.344323
vt -16.283474 0.336647
vt -16.283474 0.344323
vt 0.323075 0.336647
vt 0.323075 0.344323
vt 0.321370 0.336647
vt 0.321370 0.344323
vt 0.319669 0.336647
vt 0.319669 0.344323
vt 17.279472 0.345826
vt 17.279472 0.344323
vt 17.281748 0.345826
vt 17.281748 0.344323
vt 17.284029 0.345826
vt 17.284029 0.344323
vt 0.680883 0.344323
vt 0.680883 0.345826
vt 0.678617 0.344323
vt 0.678617 0.345826
vt 0.676356 0.344323
vt 0.676356 0.345826
vt -16.279484 0.344323
vt -16.279484 0.345826
vt -16.281763 0.344323
vt -16.281763 0.345826
vt -16.284039 0.344323
vt -16.284039 0.345826
vt 0.323634 0.344323
vt 0.323634 0.345826
vt 0.321368 0.344323
vt 0.321368 0.345826
vt 0.319107 0.344323
vt 0.319107 0.345826
vt 17.294373 0.344323
vt 17.294373 0.336647
vt 17.296083 0.344323
vt 17.296083 0.336647
vt 17.297800 0.344323
vt 17.297800 0.336647
vt 0.680356 0.336647
vt 0.680356 0.344323
vt 0.678651 0.336647
vt 0.678651 0.344323
vt 0.676950 0.336647
vt 0.676950 0.344323
vt -16.294380 0.336647
vt -16.294380 0.344323
vt -16.296095 0.336647
vt -16.296095 0.344323
vt -16.297808 0.336647
vt -16.297808 0.344323
vt 0.323043 0.336647
vt 0.323043 0.344323
vt 0.321338 0.336647
vt 0.321338 0.344323
vt 0.319636 0.336647
vt 0.319636 0.344323
vt 17.293806 0.345826
vt 17.293806 0.344323
vt 17.296083 0.345826
vt 17.298363 0.345826
vt 17.298363 0.344323
vt 0.680915 0.344323
vt 0.680915 0.345826
vt 0.678649 0.344323
vt 0.678649 0.345826
vt 0.676388 0.344323
vt 0.676388 0.345826
vt -16.293818 0.344323
vt -16.293818 0.345826
vt -16.296097 0.344323
vt -16.296097 0.345826
vt -16.298372 0.344323
vt -16.298372 0.345826
vt 0.323602 0.344323
vt 0.323602 0.345826
vt 0.321336 0.344323
vt 0.321336 0.345826
vt 0.319075 0.344323
vt 0.319075 0.345826
vt 0.515307 -17.007463
vt 0.519096 -17.006790
vt 0.513367 -16.996391
vt 0.517156 -16.995720
vt 0.505704 -16.892902
vt 0.509551 -16.893515
vt 0.507938 -16.886000
vt 0.511209 -16.888391
vt 0.514006 -16.881563
vt 0.515256 -16.885433
vt 0.521507 -16.881563
vt 0.520258 -16.885433
vt 0.527578 -16.886002
vt 0.524302 -16.888390
vt 0.529788 -16.892891
vt 0.525942 -16.893499
vt 0.529806 -17.065821
vt 0.525959 -17.065815
vt 0.529805 -17.102890
vt 0.525958 -17.102879
vt 18.005636 0.335208
vt 18.007463 0.338592
vt 17.995375 0.341035
vt 17.996391 0.344866
vt 17.892841 0.342210
vt 17.892902 0.346065
vt 17.885941 0.342214
vt 17.886000 0.346069
vt 0.481224 -17.004963
vt 0.485013 -17.005636
vt 0.483022 -16.994701
vt 0.486811 -16.995375
vt 0.490521 -16.893454
vt 0.494368 -16.892841
vt 0.488872 -16.888332
vt 0.492143 -16.885941
vt 0.484775 -16.885338
vt 0.486025 -16.881468
vt 0.479711 -16.885338
vt 0.478462 -16.881468
vt 0.475616 -16.888330
vt 0.472341 -16.885942
vt 0.473973 -16.893465
vt 0.470127 -16.892857
vt 0.473991 -17.065321
vt 0.470144 -17.065329
vt 0.473991 -17.101948
vt 0.470144 -17.101961
vt -17.006790 0.338592
vt -17.004963 0.335208
vt -16.995720 0.344866
vt -16.994701 0.341035
vt -16.893515 0.345977
vt -16.893454 0.342122
vt -16.888391 0.345973
vt -16.888332 0.342118
vt 0.492143 0.342214
vt 0.492062 0.346069
vt 0.486025 0.342214
vt 0.485994 0.346069
vt 0.478462 0.342214
vt 0.478493 0.346069
vt 0.472341 0.342214
vt 0.472422 0.346069
vt 0.511209 0.345973
vt 0.511128 0.342118
vt 0.515256 0.345973
vt 0.515225 0.342118
vt 0.520258 0.345973
vt 0.520289 0.342118
vt 0.524302 0.345973
vt 0.524384 0.342118
vt -16.885942 0.342214
vt -16.886002 0.346069
vt -16.892857 0.342212
vt -16.892891 0.346067
vt -17.065329 0.341970
vt -17.065821 0.345821
vt -17.101961 0.332945
vt -17.102890 0.336688
vt 17.888390 0.345973
vt 17.888330 0.342118
vt 17.893499 0.345975
vt 17.893465 0.342120
vt 18.065815 0.345771
vt 18.065321 0.341920
vt 18.102879 0.336639
vt 18.101948 0.332896
vt 0.540211 -16.921701
vt 0.536364 -16.921701
vt 0.540211 -16.934296
vt 0.536364 -16.934296
vt 0.540211 -17.025511
vt 0.536364 -17.025511
vt 0.540211 -17.062584
vt 0.536363 -17.062584
vt -16.923368 0.334148
vt -16.921701 0.337629
vt -16.935165 0.339909
vt -16.934296 0.343769
vt -17.025032 0.341943
vt -17.025511 0.345798
vt -17.061655 0.332921
vt -17.062584 0.336664
vt 0.463636 -16.923368
vt 0.459789 -16.923368
vt 0.463636 -16.935165
vt 0.459789 -16.935165
vt 0.463636 -17.025032
vt 0.459789 -17.025032
vt 0.463637 -17.061655
vt 0.459789 -17.061655
vt 17.921701 0.337629
vt 17.923368 0.334148
vt 17.934296 0.343769
vt 17.935165 0.339909
vt 18.025511 0.345798
vt 18.025032 0.341943
vt 18.062584 0.336664
vt 18.061655 0.332921
vt -16.898197 0.346463
vt -16.898197 0.342686
vt -16.893179 0.346463
vt -16.893179 0.342686
vt -16.888161 0.346463
vt -16.888161 0.342686
vt 0.524621 0.342686
vt 0.524621 0.346463
vt 0.520378 0.342686
vt 0.520379 0.346463
vt 0.515135 0.342686
vt 0.515135 0.346463
vt 0.510893 0.342686
vt 0.510893 0.346463
vt 17.898197 0.342686
vt 17.898197 0.346463
vt 17.893179 0.342686
vt 17.893179 0.346463
vt 17.888161 0.342686
vt 17.888161 0.346463
vt 0.489107 0.342686
vt 0.489107 0.346463
vt 0.484865 0.342686
vt 0.484865 0.346463
vt 0.479621 0.342686
vt 0.479621 0.346463
vt 0.475379 0.342686
vt 0.475379 0.346463
vt -16.897415 0.352715
vt -16.893179 0.352715
vt -16.897415 0.354577
vt -16.893179 0.354577
vt -16.888941 0.352715
vt -16.888941 0.354577
vt 0.523552 0.354577
vt 0.519970 0.354577
vt 0.523552 0.352715
vt 0.519970 0.352715
vt 0.515543 0.354577
vt 0.515543 0.352715
vt 0.511961 0.354577
vt 0.511961 0.352715
vt 17.897415 0.354577
vt 17.893179 0.354577
vt 17.897415 0.352715
vt 17.893179 0.352715
vt 17.888941 0.354577
vt 17.888941 0.352715
vt 0.488039 0.354577
vt 0.484457 0.354577
vt 0.488039 0.352715
vt 0.484457 0.352715
vt 0.480029 0.354577
vt 0.480029 0.352715
vt 0.476448 0.354577
vt 0.476448 0.352715
vt 0.484595 -17.007463
vt 0.486535 -16.996391
vt 0.480807 -17.006790
vt 0.482747 -16.995720
vt 0.494199 -16.892902
vt 0.490352 -16.893515
vt 0.491965 -16.886000
vt 0.488694 -16.888391
vt 0.485897 -16.881563
vt 0.484648 -16.885433
vt 0.478396 -16.881563
vt 0.479645 -16.885433
vt 0.472326 -16.886002
vt 0.475601 -16.888390
vt 0.470115 -16.892891
vt 0.473961 -16.893499
vt 0.470097 -17.065821
vt 0.473944 -17.065815
vt 0.470097 -17.102890
vt 0.473944 -17.102879
vt -17.005636 0.335208
vt -16.995375 0.341034
vt -17.007463 0.338592
vt -16.996391 0.344866
vt -16.892841 0.342209
vt -16.892902 0.346065
vt -16.885941 0.342214
vt -16.886000 0.346069
vt 0.518873 -17.004963
vt 0.517075 -16.994701
vt 0.515084 -17.005636
vt 0.513286 -16.995375
vt 0.509576 -16.893454
vt 0.505729 -16.892841
vt 0.511225 -16.888332
vt 0.507954 -16.885941
vt 0.515321 -16.885338
vt 0.514072 -16.881468
vt 0.520386 -16.885338
vt 0.521635 -16.881468
vt 0.524480 -16.888330
vt 0.527755 -16.885942
vt 0.526124 -16.893465
vt 0.529970 -16.892857
vt 0.526107 -17.065321
vt 0.529954 -17.065329
vt 0.526107 -17.101948
vt 0.529954 -17.101961
vt 18.006790 0.338592
vt 17.995720 0.344866
vt 18.004963 0.335208
vt 17.994701 0.341034
vt 17.893515 0.345977
vt 17.893454 0.342122
vt 17.888391 0.345973
vt 17.888332 0.342118
vt 0.507954 0.342214
vt 0.514072 0.342214
vt 0.508035 0.346069
vt 0.514103 0.346069
vt 0.521635 0.342214
vt 0.521604 0.346069
vt 0.527755 0.342214
vt 0.527674 0.346069
vt 0.488694 0.345973
vt 0.484648 0.345973
vt 0.488775 0.342118
vt 0.484678 0.342118
vt 0.479645 0.345973
vt 0.479614 0.342118
vt 0.475601 0.345973
vt 0.475520 0.342118
vt 17.885942 0.342214
vt 17.892857 0.342212
vt 17.886002 0.346069
vt 17.892891 0.346067
vt 18.065329 0.341970
vt 18.065821 0.345821
vt 18.101961 0.332945
vt 18.102890 0.336688
vt -16.888390 0.345973
vt -16.893499 0.345975
vt -16.888330 0.342118
vt -16.893465 0.342120
vt -17.065815 0.345770
vt -17.065321 0.341920
vt -17.102879 0.336639
vt -17.101948 0.332896
vt 0.459692 -16.921701
vt 0.459692 -16.934296
vt 0.463539 -16.921701
vt 0.463539 -16.934296
vt 0.459692 -17.025511
vt 0.463539 -17.025511
vt 0.459692 -17.062584
vt 0.463539 -17.062584
vt 17.923368 0.334148
vt 17.935165 0.339909
vt 17.921701 0.337629
vt 17.934296 0.343769
vt 18.025032 0.341943
vt 18.025511 0.345798
vt 18.061655 0.332921
vt 18.062584 0.336664
vt 0.536461 -16.923368
vt 0.536461 -16.935165
vt 0.540308 -16.923368
vt 0.540308 -16.935165
vt 0.536461 -17.025032
vt 0.540308 -17.025032
vt 0.536461 -17.061655
vt 0.540308 -17.061655
vt -16.921701 0.337629
vt -16.934296 0.343769
vt -16.923368 0.334148
vt -16.935165 0.339909
vt -17.025511 0.345798
vt -17.025032 0.341943
vt -17.062584 0.336664
vt -17.061655 0.332921
vt 17.898197 0.346463
vt 17.893179 0.346463
vt 17.898197 0.342686
vt 17.893179 0.342686
vt 17.888161 0.346463
vt 17.888161 0.342686
vt 0.475283 0.342686
vt 0.479525 0.342686
vt 0.475283 0.346463
vt 0.479525 0.346463
vt 0.484768 0.342686
vt 0.484768 0.346463
vt 0.489010 0.342686
vt 0.489010 0.346463
vt -16.898197 0.342686
vt -16.898197 0.346463
vt -16.888161 0.342686
vt -16.888161 0.346463
vt 0.510990 0.342686
vt 0.515232 0.342686
vt 0.510990 0.346463
vt 0.515232 0.346463
vt 0.520475 0.342686
vt 0.520475 0.346463
vt 0.524717 0.342686
vt 0.524717 0.346463
vt 17.897415 0.352715
vt 17.897415 0.354577
vt 17.893179 0.352715
vt 17.893179 0.354577
vt 17.888941 0.352715
vt 17.888941 0.354577
vt 0.476351 0.354577
vt 0.476351 0.352715
vt 0.479933 0.354577
vt 0.479933 0.352715
vt 0.484360 0.354577
vt 0.484360 0.352715
vt 0.487942 0.354577
vt 0.487942 0.352715
vt -16.897415 0.354577
vt -16.893179 0.354577
vt -16.888941 0.354577
vt 0.512058 0.354577
vt 0.512058 0.352715
vt 0.515640 0.354577
vt 0.515640 0.352715
vt 0.520067 0.354577
vt 0.520067 0.352715
vt 0.523649 0.354577
vt 0.523649 0.352715
vt 0.558729 -17.012966
vt 0.560092 -17.015343
vt 0.561362 -17.013678
vt 0.561090 -17.011595
vt 0.558024 -17.015617
vt 0.559435 -17.010317
vt 0.556368 -17.014339
vt 0.557366 -17.010592
vt 0.556096 -17.012257
vt 0.555589 -17.024757
vt 0.556952 -17.027134
vt 0.558223 -17.025467
vt 0.557950 -17.023386
vt 0.554884 -17.027407
vt 0.556295 -17.022108
vt 0.553229 -17.026129
vt 0.554226 -17.022383
vt 0.552956 -17.024048
vt 0.439810 -17.015343
vt 0.441173 -17.012966
vt 0.438540 -17.013678
vt 0.438812 -17.011595
vt 0.441879 -17.015617
vt 0.440468 -17.010317
vt 0.443534 -17.014339
vt 0.442536 -17.010592
vt 0.443806 -17.012257
vt 0.442950 -17.027134
vt 0.444313 -17.024757
vt 0.441680 -17.025467
vt 0.441952 -17.023386
vt 0.445018 -17.027407
vt 0.443607 -17.022108
vt 0.446674 -17.026129
vt 0.445676 -17.022383
vt 0.446946 -17.024048
vt 0.505967 -17.057018
vt 0.499951 -17.048689
vt 0.499951 -17.058985
vt 0.493936 -17.057018
vt 0.509684 -17.051870
vt 0.490219 -17.051870
vt 0.509684 -17.045506
vt 0.490219 -17.045506
vt 0.505967 -17.040358
vt 0.493936 -17.040358
vt 0.499951 -17.038391
vt 0.659627 -16.522530
vt 0.661653 -16.525024
vt 0.662812 -16.522852
vt 0.662106 -16.520493
vt 0.659307 -16.525736
vt 0.659947 -16.519325
vt 0.657148 -16.524569
vt 0.657601 -16.520037
vt 0.656442 -16.522207
vt 0.658201 -16.536793
vt 0.660227 -16.539288
vt 0.661386 -16.537115
vt 0.660680 -16.534754
vt 0.657881 -16.539997
vt 0.658522 -16.533588
vt 0.655723 -16.538832
vt 0.656176 -16.534298
vt 0.655016 -16.536470
vt 0.338253 -16.525024
vt 0.340279 -16.522530
vt 0.337094 -16.522852
vt 0.337800 -16.520493
vt 0.340599 -16.525736
vt 0.339958 -16.519325
vt 0.342757 -16.524569
vt 0.342304 -16.520037
vt 0.343464 -16.522207
vt 0.339678 -16.539288
vt 0.341704 -16.536793
vt 0.338519 -16.537115
vt 0.339225 -16.534754
vt 0.342025 -16.539997
vt 0.341384 -16.533588
vt 0.344183 -16.538832
vt 0.343730 -16.534298
vt 0.344889 -16.536470
vt 0.678532 -16.281755
vt 0.680800 -16.284029
vt 0.681733 -16.281748
vt 0.680790 -16.279472
vt 0.678539 -16.284977
vt 0.678524 -16.278534
vt 0.676273 -16.284039
vt 0.676263 -16.279484
vt 0.675330 -16.281763
vt 0.678564 -16.296089
vt 0.680832 -16.298363
vt 0.681765 -16.296083
vt 0.680822 -16.293806
vt 0.678571 -16.299311
vt 0.678556 -16.292870
vt 0.676305 -16.298372
vt 0.676295 -16.293818
vt 0.675363 -16.296097
vt 0.319107 -16.284029
vt 0.321376 -16.281755
vt 0.318174 -16.281748
vt 0.319117 -16.279472
vt 0.321368 -16.284977
vt 0.321383 -16.278534
vt 0.323634 -16.284039
vt 0.323644 -16.279484
vt 0.324577 -16.281763
vt 0.319075 -16.298363
vt 0.321343 -16.296089
vt 0.318142 -16.296083
vt 0.319085 -16.293806
vt 0.321336 -16.299311
vt 0.321351 -16.292870
vt 0.323602 -16.298372
vt 0.323612 -16.293818
vt 0.324544 -16.296097
vt 0.523552 -16.888941
vt 0.517757 -16.893179
vt 0.524921 -16.893179
vt 0.523552 -16.897415
vt 0.519971 -16.886322
vt 0.519970 -16.900034
vt 0.515543 -16.886322
vt 0.515543 -16.900034
vt 0.511961 -16.888941
vt 0.511961 -16.897415
vt 0.510593 -16.893179
vt 0.482146 -16.893179
vt 0.476351 -16.888941
vt 0.474983 -16.893179
vt 0.476351 -16.897415
vt 0.479933 -16.886322
vt 0.479933 -16.900034
vt 0.484360 -16.886322
vt 0.484360 -16.900034
vt 0.487942 -16.888941
vt 0.487942 -16.897415
vt 0.489310 -16.893179
vt -17.095123 0.304741
vt -17.097435 0.304739
vt -17.099930 0.310740
vt -17.098949 0.298715
vt -17.096975 0.297379
vt -17.105433 0.314481
vt -17.112732 0.316686
vt -17.103012 0.292801
vt -17.111851 0.314522
vt -17.118759 0.312121
vt -17.110929 0.292758
vt -17.116785 0.310784
vt -17.120619 0.304817
vt -17.117680 0.297287
vt -17.046965 0.304796
vt -17.049280 0.304787
vt -17.051796 0.310855
vt -17.050812 0.298746
vt -17.048832 0.297415
vt -17.057281 0.314526
vt -17.064646 0.316655
vt -17.054855 0.292856
vt -17.063759 0.314497
vt -17.070662 0.312103
vt -17.062740 0.292852
vt -17.068684 0.310773
vt -17.072498 0.304760
vt -17.069464 0.297370
vt 0.439289 -17.013502
vt 0.439494 -17.011934
vt 0.438638 -17.013678
vt 0.438910 -17.011595
vt 0.439908 -17.015343
vt 0.440740 -17.010973
vt 0.440245 -17.014755
vt 0.440565 -17.010317
vt 0.441976 -17.015617
vt 0.442297 -17.011179
vt 0.441802 -17.014961
vt 0.442634 -17.010592
vt 0.443632 -17.014339
vt 0.443252 -17.012432
vt 0.443047 -17.014000
vt 0.443904 -17.012257
vt 0.442429 -17.025291
vt 0.442634 -17.023726
vt 0.441777 -17.025467
vt 0.442050 -17.023386
vt 0.443048 -17.027134
vt 0.443880 -17.022764
vt 0.443385 -17.026545
vt 0.443705 -17.022108
vt 0.445116 -17.027407
vt 0.445436 -17.022970
vt 0.444942 -17.026752
vt 0.445774 -17.022383
vt 0.446771 -17.026129
vt 0.446392 -17.024223
vt 0.446187 -17.025789
vt 0.447044 -17.024048
vt 18.099930 0.310740
vt 18.097435 0.304739
vt 18.095123 0.304741
vt 18.098949 0.298715
vt 18.105433 0.314481
vt 18.096975 0.297379
vt 18.112732 0.316686
vt 18.111851 0.314522
vt 18.103012 0.292801
vt 18.118759 0.312121
vt 18.116785 0.310784
vt 18.110929 0.292758
vt 18.120619 0.304817
vt 18.117680 0.297287
vt 18.051796 0.310855
vt 18.049280 0.304787
vt 18.046965 0.304795
vt 18.050812 0.298746
vt 18.057281 0.314526
vt 18.048832 0.297415
vt 18.064646 0.316655
vt 18.063759 0.314497
vt 18.054855 0.292856
vt 18.070662 0.312103
vt 18.068684 0.310772
vt 18.062740 0.292852
vt 18.072498 0.304760
vt 18.069464 0.297370
vt 0.561188 -17.011595
vt 0.560603 -17.011934
vt 0.561460 -17.013678
vt 0.560808 -17.013502
vt 0.559358 -17.010973
vt 0.560190 -17.015343
vt 0.559532 -17.010317
vt 0.559852 -17.014755
vt 0.557801 -17.011179
vt 0.558121 -17.015617
vt 0.557464 -17.010592
vt 0.558296 -17.014961
vt 0.556845 -17.012432
vt 0.556466 -17.014339
vt 0.556194 -17.012257
vt 0.557050 -17.014000
vt 0.558048 -17.023386
vt 0.557464 -17.023726
vt 0.558320 -17.025467
vt 0.557668 -17.025291
vt 0.556218 -17.022764
vt 0.557050 -17.027134
vt 0.556393 -17.022108
vt 0.556713 -17.026545
vt 0.554661 -17.022970
vt 0.554981 -17.027407
vt 0.554324 -17.022383
vt 0.555156 -17.026752
vt 0.553706 -17.024223
vt 0.553326 -17.026129
vt 0.553054 -17.024048
vt 0.553911 -17.025789
vt 0.499951 -17.054874
vt 0.496337 -17.053694
vt 0.499951 -17.056293
vt 0.495509 -17.054840
vt 0.504394 -17.054840
vt 0.494103 -17.050600
vt 0.503565 -17.053694
vt 0.492763 -17.051039
vt 0.507139 -17.051039
vt 0.494103 -17.046776
vt 0.505799 -17.050600
vt 0.492763 -17.046337
vt 0.507139 -17.046337
vt 0.496337 -17.043682
vt 0.505799 -17.046776
vt 0.495509 -17.042536
vt 0.504394 -17.042536
vt 0.499951 -17.042501
vt 0.503565 -17.043682
vt 0.499951 -17.041082
vt 0.503663 -17.053694
vt 0.500049 -17.054876
vt 0.506064 -17.057018
vt 0.500049 -17.058985
vt 0.509781 -17.051870
vt 0.496434 -17.053694
vt 0.505897 -17.050600
vt 0.494033 -17.057018
vt 0.509781 -17.045506
vt 0.494201 -17.050600
vt 0.505897 -17.046776
vt 0.490316 -17.051870
vt 0.506064 -17.040358
vt 0.494201 -17.046776
vt 0.503663 -17.043682
vt 0.490316 -17.045506
vt 0.500049 -17.038391
vt 0.496434 -17.043682
vt 0.500049 -17.042501
vt 0.494033 -17.040358
vt 0.337894 -16.520493
vt 0.337188 -16.522852
vt 0.338508 -16.520996
vt 0.337976 -16.522774
vt 0.340132 -16.520119
vt 0.338347 -16.525024
vt 0.340053 -16.519325
vt 0.338849 -16.524406
vt 0.341897 -16.520653
vt 0.340693 -16.525736
vt 0.342399 -16.520037
vt 0.340614 -16.524942
vt 0.342770 -16.522287
vt 0.342852 -16.524569
vt 0.343558 -16.522207
vt 0.342238 -16.524065
vt 0.339320 -16.534754
vt 0.338614 -16.537115
vt 0.339933 -16.535259
vt 0.339402 -16.537035
vt 0.341558 -16.534382
vt 0.339773 -16.539288
vt 0.341478 -16.533588
vt 0.340274 -16.538670
vt 0.343323 -16.534916
vt 0.342119 -16.539997
vt 0.343824 -16.534298
vt 0.342040 -16.539204
vt 0.344195 -16.536551
vt 0.344277 -16.538832
vt 0.344984 -16.536470
vt 0.343664 -16.538326
vt 0.662200 -16.520493
vt 0.661586 -16.520996
vt 0.662906 -16.522852
vt 0.662118 -16.522774
vt 0.659962 -16.520119
vt 0.661747 -16.525024
vt 0.660042 -16.519325
vt 0.661246 -16.524406
vt 0.658197 -16.520653
vt 0.659401 -16.525736
vt 0.657696 -16.520037
vt 0.659480 -16.524942
vt 0.657325 -16.522287
vt 0.657243 -16.524569
vt 0.656536 -16.522207
vt 0.657856 -16.524065
vt 0.660775 -16.534754
vt 0.660161 -16.535259
vt 0.661481 -16.537115
vt 0.660693 -16.537035
vt 0.658537 -16.534380
vt 0.660322 -16.539288
vt 0.658616 -16.533588
vt 0.659820 -16.538670
vt 0.656772 -16.534916
vt 0.657976 -16.539997
vt 0.656270 -16.534298
vt 0.658055 -16.539204
vt 0.655899 -16.536551
vt 0.655817 -16.538832
vt 0.655111 -16.536470
vt 0.656431 -16.538326
vt 0.319210 -16.279472
vt 0.318267 -16.281748
vt 0.319769 -16.280039
vt 0.319060 -16.281750
vt 0.321474 -16.279331
vt 0.319200 -16.284029
vt 0.321476 -16.278534
vt 0.319761 -16.283466
vt 0.323176 -16.280046
vt 0.321461 -16.284977
vt 0.323737 -16.279484
vt 0.321463 -16.284180
vt 0.323877 -16.281761
vt 0.323727 -16.284039
vt 0.324670 -16.281763
vt 0.323168 -16.283474
vt 0.319178 -16.293806
vt 0.318235 -16.296083
vt 0.319737 -16.294373
vt 0.319028 -16.296085
vt 0.321442 -16.293667
vt 0.319168 -16.298363
vt 0.321444 -16.292870
vt 0.319729 -16.297800
vt 0.323143 -16.294380
vt 0.321429 -16.299311
vt 0.323705 -16.293818
vt 0.321431 -16.298513
vt 0.323845 -16.296095
vt 0.323695 -16.298372
vt 0.324637 -16.296097
vt 0.323136 -16.297808
vt 0.681033 -16.281750
vt 0.681826 -16.281748
vt 0.680324 -16.280039
vt 0.680883 -16.279472
vt 0.680893 -16.284029
vt 0.678619 -16.279331
vt 0.680331 -16.283466
vt 0.678617 -16.278534
vt 0.678632 -16.284977
vt 0.676917 -16.280046
vt 0.678630 -16.284180
vt 0.676356 -16.279484
vt 0.676366 -16.284039
vt 0.676216 -16.281761
vt 0.676925 -16.283474
vt 0.675423 -16.281763
vt 0.681065 -16.296083
vt 0.681858 -16.296083
vt 0.680356 -16.294373
vt 0.680915 -16.293806
vt 0.680925 -16.298363
vt 0.678651 -16.293667
vt 0.680364 -16.297800
vt 0.678649 -16.292870
vt 0.678664 -16.299311
vt 0.676950 -16.294380
vt 0.678662 -16.298513
vt 0.676388 -16.293818
vt 0.676398 -16.298372
vt 0.676248 -16.296095
vt 0.676957 -16.297808
vt 0.675456 -16.296097
vt 0.522722 -16.893179
vt 0.521774 -16.896114
vt 0.526241 -16.893179
vt 0.524621 -16.898197
vt 0.524621 -16.888161
vt 0.519291 -16.897930
vt 0.521774 -16.890242
vt 0.520379 -16.901299
vt 0.520379 -16.885059
vt 0.516222 -16.897930
vt 0.519291 -16.888426
vt 0.515135 -16.901299
vt 0.515135 -16.885059
vt 0.513740 -16.896114
vt 0.516222 -16.888426
vt 0.510893 -16.898197
vt 0.510893 -16.888161
vt 0.512791 -16.893179
vt 0.513740 -16.890242
vt 0.509273 -16.893179
vt 0.475079 -16.893179
vt 0.476448 -16.897415
vt 0.477647 -16.893179
vt 0.478524 -16.895897
vt 0.478524 -16.890459
vt 0.480030 -16.900034
vt 0.476448 -16.888941
vt 0.480823 -16.897577
vt 0.480823 -16.888779
vt 0.484457 -16.900034
vt 0.480029 -16.886322
vt 0.483664 -16.897577
vt 0.483664 -16.888779
vt 0.488039 -16.897415
vt 0.484457 -16.886322
vt 0.485962 -16.895897
vt 0.485962 -16.890459
vt 0.489407 -16.893179
vt 0.488039 -16.888941
vt 0.486840 -16.893179
vt 0.475283 -16.898197
vt 0.478129 -16.896114
vt 0.473662 -16.893179
vt 0.477181 -16.893179
vt 0.480612 -16.897930
vt 0.475283 -16.888161
vt 0.479525 -16.901299
vt 0.478129 -16.890242
vt 0.483681 -16.897930
vt 0.479525 -16.885059
vt 0.484768 -16.901299
vt 0.480612 -16.888426
vt 0.486164 -16.896114
vt 0.484768 -16.885059
vt 0.489010 -16.898197
vt 0.483681 -16.888426
vt 0.487112 -16.893179
vt 0.489010 -16.888161
vt 0.490631 -16.893179
vt 0.486164 -16.890242
vt 0.521572 -16.895897
vt 0.523649 -16.897415
vt 0.522450 -16.893179
vt 0.525017 -16.893179
vt 0.520067 -16.900034
vt 0.521572 -16.890459
vt 0.519274 -16.897577
vt 0.523649 -16.888941
vt 0.515640 -16.900034
vt 0.519274 -16.888779
vt 0.516433 -16.897577
vt 0.520067 -16.886322
vt 0.512058 -16.897415
vt 0.516433 -16.888779
vt 0.514135 -16.895897
vt 0.515640 -16.886322
vt 0.510690 -16.893179
vt 0.514135 -16.890459
vt 0.513257 -16.893179
vt 0.512058 -16.888941
vt 0.674263 -19.294615
vt 0.682871 -19.294596
vt 0.674207 -19.269705
vt 0.682815 -19.269684
vt 0.325793 0.338254
vt 0.317185 0.338254
vt 0.325794 0.336647
vt 0.317185 0.336647
vt -19.269684 0.338254
vt -19.294596 0.338254
vt -19.269684 0.336647
vt -19.294596 0.336647
vt 0.682871 0.338254
vt 0.674263 0.338254
vt 0.682871 0.336647
vt 0.674262 0.336647
vt 20.294615 0.338254
vt 20.269705 0.338254
vt 20.294615 0.336647
vt 20.269705 0.336647
vt -19.273415 0.344323
vt -19.275127 0.344323
vt -19.273415 0.336647
vt -19.275127 0.336647
vt -19.276842 0.344323
vt -19.276842 0.336647
vt 0.319778 0.336647
vt 0.321482 0.336647
vt 0.319778 0.344323
vt 0.321482 0.344323
vt 0.323184 0.336647
vt 0.323184 0.344323
vt 20.273422 0.336647
vt 20.275139 0.336647
vt 20.273422 0.344323
vt 20.275139 0.344323
vt 20.276852 0.336647
vt 20.276852 0.344323
vt 0.676823 0.336647
vt 0.678528 0.336647
vt 0.676824 0.344323
vt 0.678528 0.344323
vt 0.680230 0.336647
vt 0.680230 0.344323
vt -19.272850 0.345826
vt -19.275126 0.345826
vt -19.272850 0.344323
vt -19.275126 0.344323
vt -19.277405 0.345826
vt -19.277405 0.344323
vt 0.319219 0.344323
vt 0.321484 0.344323
vt 0.319219 0.345826
vt 0.321484 0.345826
vt 0.323746 0.344323
vt 0.323746 0.345826
vt 20.272860 0.344323
vt 20.275141 0.344323
vt 20.272860 0.345826
vt 20.275141 0.345826
vt 20.277416 0.344323
vt 20.277416 0.345826
vt 0.676265 0.344323
vt 0.678530 0.344323
vt 0.676265 0.345826
vt 0.678530 0.345826
vt 0.680792 0.344323
vt 0.680792 0.345826
vt -19.287748 0.344323
vt -19.289461 0.344323
vt -19.287748 0.336647
vt -19.289461 0.336647
vt -19.291178 0.344323
vt -19.291178 0.336647
vt 0.319745 0.336647
vt 0.321450 0.336647
vt 0.319745 0.344323
vt 0.321450 0.344323
vt 0.323152 0.336647
vt 0.323152 0.344323
vt 20.287756 0.336647
vt 20.289473 0.336647
vt 20.287756 0.344323
vt 20.289473 0.344323
vt 20.291185 0.336647
vt 20.291185 0.344323
vt 0.676856 0.336647
vt 0.678560 0.336647
vt 0.676856 0.344323
vt 0.678561 0.344323
vt 0.680262 0.336647
vt 0.680262 0.344323
vt -19.287184 0.345826
vt -19.289459 0.345826
vt -19.287184 0.344323
vt -19.289459 0.344323
vt -19.291740 0.345826
vt -19.291740 0.344323
vt 0.319186 0.344323
vt 0.321452 0.344323
vt 0.319186 0.345826
vt 0.321452 0.345826
vt 0.323714 0.344323
vt 0.323714 0.345826
vt 20.287195 0.344323
vt 20.289474 0.344323
vt 20.287195 0.345826
vt 20.289474 0.345826
vt 20.291750 0.344323
vt 20.291750 0.345826
vt 0.676297 0.344323
vt 0.678562 0.344323
vt 0.676297 0.345826
vt 0.678562 0.345826
vt 0.680824 0.344323
vt 0.680824 0.345826
vt 0.317075 -19.269684
vt 0.317019 -19.294596
vt 0.325684 -19.269705
vt 0.325627 -19.294615
vt 0.682925 0.336647
vt 0.682925 0.338254
vt 0.674316 0.336647
vt 0.674316 0.338254
vt 20.294596 0.336647
vt 20.294596 0.338254
vt 20.269684 0.336647
vt 20.269684 0.338254
vt 0.325628 0.336647
vt 0.325627 0.338254
vt 0.317019 0.336647
vt 0.317019 0.338254
vt -19.269705 0.336647
vt -19.269705 0.338254
vt -19.294615 0.336647
vt -19.294615 0.338254
vt 20.273415 0.344323
vt 20.273415 0.336647
vt 20.275127 0.344323
vt 20.275127 0.336647
vt 20.276842 0.344323
vt 20.276842 0.336647
vt 0.680332 0.336647
vt 0.680332 0.344323
vt 0.678627 0.336647
vt 0.678627 0.344323
vt 0.676926 0.336647
vt 0.676926 0.344323
vt -19.273422 0.336647
vt -19.273422 0.344323
vt -19.275139 0.336647
vt -19.275139 0.344323
vt -19.276850 0.336647
vt -19.276850 0.344323
vt 0.323067 0.336647
vt 0.323066 0.344323
vt 0.321362 0.336647
vt 0.321362 0.344323
vt 0.319660 0.336647
vt 0.319660 0.344323
vt 20.272850 0.345826
vt 20.272850 0.344323
vt 20.275126 0.345826
vt 20.275126 0.344323
vt 20.277405 0.345826
vt 20.277405 0.344323
vt 0.680891 0.344323
vt 0.680891 0.345826
vt 0.678626 0.344323
vt 0.678626 0.345826
vt 0.676364 0.344323
vt 0.676364 0.345826
vt -19.272860 0.344323
vt -19.272860 0.345826
vt -19.275141 0.344323
vt -19.275141 0.345826
vt -19.277416 0.344323
vt -19.277416 0.345826
vt 0.323625 0.344323
vt 0.323626 0.345826
vt 0.321360 0.344323
vt 0.321360 0.345826
vt 0.319098 0.344323
vt 0.319098 0.345826
vt 20.287748 0.344323
vt 20.287748 0.336647
vt 20.289461 0.344323
vt 20.289461 0.336647
vt 20.291178 0.344323
vt 20.291178 0.336647
vt 0.680365 0.336647
vt 0.680365 0.344323
vt 0.678660 0.336647
vt 0.678660 0.344323
vt 0.676958 0.336647
vt 0.676958 0.344323
vt -19.287756 0.336647
vt -19.287756 0.344323
vt -19.289473 0.336647
vt -19.289473 0.344323
vt -19.291185 0.336647
vt -19.291185 0.344323
vt 0.323034 0.336647
vt 0.323034 0.344323
vt 0.321329 0.336647
vt 0.321329 0.344323
vt 0.319628 0.336647
vt 0.319628 0.344323
vt 20.287184 0.345826
vt 20.287184 0.344323
vt 20.289459 0.345826
vt 20.289459 0.344323
vt 20.291739 0.345826
vt 20.291739 0.344323
vt 0.680924 0.344323
vt 0.680924 0.345826
vt 0.678658 0.344323
vt 0.678658 0.345826
vt 0.676396 0.344323
vt 0.676396 0.345826
vt -19.287195 0.344323
vt -19.287195 0.345826
vt -19.289474 0.344323
vt -19.289474 0.345826
vt -19.291750 0.344323
vt -19.291750 0.345826
vt 0.323593 0.344323
vt 0.323593 0.345826
vt 0.321328 0.344323
vt 0.321328 0.345826
vt 0.319066 0.344323
vt 0.319066 0.345826
vt 0.678523 -19.275133
vt 0.680792 -19.277405
vt 0.681724 -19.275126
vt 0.680781 -19.272850
vt 0.678530 -19.278355
vt 0.678516 -19.271912
vt 0.676265 -19.277416
vt 0.676254 -19.272860
vt 0.675322 -19.275141
vt 0.678555 -19.289467
vt 0.680824 -19.291740
vt 0.681756 -19.289459
vt 0.680814 -19.287184
vt 0.678562 -19.292688
vt 0.678548 -19.286245
vt 0.676297 -19.291750
vt 0.676286 -19.287195
vt 0.675354 -19.289474
vt 0.319098 -19.277405
vt 0.321367 -19.275133
vt 0.318166 -19.275126
vt 0.319109 -19.272850
vt 0.321360 -19.278355
vt 0.321374 -19.271912
vt 0.323626 -19.277416
vt 0.323636 -19.272860
vt 0.324568 -19.275141
vt 0.319066 -19.291739
vt 0.321335 -19.289467
vt 0.318134 -19.289459
vt 0.319076 -19.287184
vt 0.321328 -19.292688
vt 0.321342 -19.286245
vt 0.323593 -19.291750
vt 0.323604 -19.287195
vt 0.324536 -19.289474
vt 0.319219 -19.272850
vt 0.318276 -19.275126
vt 0.319778 -19.273415
vt 0.319068 -19.275127
vt 0.321482 -19.272709
vt 0.319208 -19.277405
vt 0.321484 -19.271912
vt 0.319770 -19.276842
vt 0.323184 -19.273422
vt 0.321470 -19.278355
vt 0.323746 -19.272860
vt 0.321472 -19.277557
vt 0.323886 -19.275139
vt 0.323735 -19.277416
vt 0.324678 -19.275141
vt 0.323176 -19.276852
vt 0.319186 -19.287184
vt 0.318244 -19.289459
vt 0.319745 -19.287748
vt 0.319036 -19.289461
vt 0.321450 -19.287043
vt 0.319176 -19.291740
vt 0.321452 -19.286245
vt 0.319738 -19.291178
vt 0.323152 -19.287756
vt 0.321438 -19.292688
vt 0.323714 -19.287195
vt 0.321439 -19.291891
vt 0.323854 -19.289473
vt 0.323703 -19.291750
vt 0.324646 -19.289474
vt 0.323144 -19.291185
vt 0.681042 -19.275127
vt 0.681834 -19.275126
vt 0.680332 -19.273415
vt 0.680891 -19.272850
vt 0.680902 -19.277405
vt 0.678627 -19.272709
vt 0.680340 -19.276842
vt 0.678626 -19.271912
vt 0.678640 -19.278355
vt 0.676926 -19.273422
vt 0.678638 -19.277557
vt 0.676364 -19.272860
vt 0.676375 -19.277416
vt 0.676224 -19.275139
vt 0.676934 -19.276850
vt 0.675432 -19.275141
vt 0.681074 -19.289461
vt 0.681866 -19.289459
vt 0.680365 -19.287748
vt 0.680924 -19.287184
vt 0.680934 -19.291739
vt 0.678660 -19.287043
vt 0.680372 -19.291178
vt 0.678658 -19.286245
vt 0.678672 -19.292688
vt 0.676958 -19.287756
vt 0.678671 -19.291891
vt 0.676396 -19.287195
vt 0.676407 -19.291750
vt 0.676256 -19.289473
vt 0.676966 -19.291185
vt 0.675464 -19.289474
vt 0.325635 -16.034153
vt 0.317027 -16.034172
vt 0.325691 -16.059063
vt 0.317083 -16.059082
vt 0.325691 0.338254
vt 0.317083 0.338254
vt 0.325691 0.336647
vt 0.317083 0.336647
vt 17.059082 0.338254
vt 17.034172 0.338254
vt 17.059082 0.336647
vt 17.034172 0.336647
vt 0.682973 0.338254
vt 0.674365 0.338254
vt 0.682973 0.336647
vt 0.674365 0.336647
vt -16.034153 0.338254
vt -16.059063 0.338254
vt -16.034153 0.336647
vt -16.059063 0.336647
vt 17.055353 0.344323
vt 17.053640 0.344323
vt 17.055353 0.336647
vt 17.053640 0.336647
vt 17.051924 0.344323
vt 17.051924 0.336647
vt 0.319675 0.336647
vt 0.321380 0.336647
vt 0.319675 0.344323
vt 0.321380 0.344323
vt 0.323082 0.336647
vt 0.323082 0.344323
vt -16.055346 0.336647
vt -16.053629 0.336647
vt -16.055346 0.344323
vt -16.053629 0.344323
vt -16.051916 0.336647
vt -16.051916 0.344323
vt 0.676926 0.336647
vt 0.678631 0.336647
vt 0.676926 0.344323
vt 0.678631 0.344323
vt 17.055918 0.345826
vt 17.053642 0.345826
vt 17.055918 0.344323
vt 17.053642 0.344323
vt 17.051363 0.345826
vt 17.051363 0.344323
vt 0.319116 0.344323
vt 0.321382 0.344323
vt 0.319116 0.345826
vt 0.321382 0.345826
vt 0.323643 0.344323
vt 0.323643 0.345826
vt -16.055908 0.344323
vt -16.053627 0.344323
vt -16.055908 0.345826
vt -16.053627 0.345826
vt -16.051352 0.344323
vt -16.051352 0.345826
vt 0.676367 0.344323
vt 0.678632 0.344323
vt 0.676367 0.345826
vt 0.678632 0.345826
vt 0.680894 0.344323
vt 0.680894 0.345826
vt 17.041019 0.344323
vt 17.039307 0.344323
vt 17.041019 0.336647
vt 17.039307 0.336647
vt 17.037590 0.344323
vt 17.037590 0.336647
vt 0.319643 0.336647
vt 0.321348 0.336647
vt 0.319643 0.344323
vt 0.321348 0.344323
vt 0.323050 0.336647
vt 0.323050 0.344323
vt -16.041010 0.336647
vt -16.039295 0.336647
vt -16.041010 0.344323
vt -16.039295 0.344323
vt -16.037582 0.336647
vt -16.037582 0.344323
vt 0.676958 0.336647
vt 0.678663 0.336647
vt 0.676958 0.344323
vt 0.678663 0.344323
vt 0.680364 0.336647
vt 0.680364 0.344323
vt 17.041584 0.345826
vt 17.039309 0.345826
vt 17.041584 0.344323
vt 17.039309 0.344323
vt 17.037027 0.345826
vt 17.037027 0.344323
vt 0.319084 0.344323
vt 0.321350 0.344323
vt 0.319084 0.345826
vt 0.321350 0.345826
vt 0.323611 0.344323
vt 0.323611 0.345826
vt -16.041573 0.344323
vt -16.039293 0.344323
vt -16.041573 0.345826
vt -16.039293 0.345826
vt -16.037018 0.344323
vt -16.037018 0.345826
vt 0.676399 0.344323
vt 0.678665 0.344323
vt 0.676399 0.345826
vt 0.678665 0.345826
vt 0.680926 0.344323
vt 0.680926 0.345826
vt 0.682823 -16.059084
vt 0.682879 -16.034172
vt 0.674214 -16.059063
vt 0.674270 -16.034153
vt 0.682823 0.336647
vt 0.682823 0.338254
vt 0.674214 0.336647
vt 0.674214 0.338254
vt -16.034172 0.336647
vt -16.034172 0.338254
vt -16.059084 0.336647
vt -16.059084 0.338254
vt 0.325730 0.336647
vt 0.325730 0.338254
vt 0.317121 0.336647
vt 0.317121 0.338254
vt 17.059063 0.336647
vt 17.059063 0.338254
vt 17.034153 0.336647
vt 17.034153 0.338254
vt -16.055353 0.344323
vt -16.055353 0.336647
vt -16.053640 0.344323
vt -16.053640 0.336647
vt -16.051926 0.344323
vt -16.051926 0.336647
vt 0.680230 0.336647
vt 0.678525 0.336647
vt 0.678525 0.344323
vt 0.676824 0.336647
vt 17.055346 0.336647
vt 17.055346 0.344323
vt 17.053629 0.336647
vt 17.053629 0.344323
vt 17.051918 0.336647
vt 17.051918 0.344323
vt 0.323169 0.336647
vt 0.323169 0.344323
vt 0.321464 0.336647
vt 0.321464 0.344323
vt 0.319762 0.336647
vt 0.319762 0.344323
vt -16.055918 0.345826
vt -16.055918 0.344323
vt -16.053642 0.345826
vt -16.053642 0.344323
vt -16.051363 0.345826
vt -16.051363 0.344323
vt 0.680789 0.344323
vt 0.680789 0.345826
vt 0.678523 0.344323
vt 0.678523 0.345826
vt 0.676262 0.344323
vt 0.676262 0.345826
vt 17.055908 0.344323
vt 17.055908 0.345826
vt 17.053627 0.344323
vt 17.053627 0.345826
vt 17.051352 0.344323
vt 17.051352 0.345826
vt 0.323728 0.344323
vt 0.323728 0.345826
vt 0.321462 0.344323
vt 0.321462 0.345826
vt 0.319201 0.344323
vt 0.319201 0.345826
vt -16.041019 0.344323
vt -16.041019 0.336647
vt -16.039307 0.344323
vt -16.039307 0.336647
vt -16.037590 0.344323
vt -16.037590 0.336647
vt 0.680262 0.336647
vt 0.680262 0.344323
vt 0.678558 0.336647
vt 0.678558 0.344323
vt 0.676856 0.336647
vt 0.676856 0.344323
vt 17.041012 0.336647
vt 17.041012 0.344323
vt 17.039295 0.336647
vt 17.039295 0.344323
vt 17.037582 0.336647
vt 17.037582 0.344323
vt 0.323137 0.336647
vt 0.323136 0.344323
vt 0.321432 0.336647
vt 0.321432 0.344323
vt 0.319730 0.336647
vt 0.319730 0.344323
vt -16.041584 0.345826
vt -16.041584 0.344323
vt -16.039309 0.345826
vt -16.039309 0.344323
vt -16.037029 0.345826
vt -16.037029 0.344323
vt 0.680821 0.344323
vt 0.680821 0.345826
vt 0.678556 0.344323
vt 0.678556 0.345826
vt 0.676294 0.344323
vt 0.676294 0.345826
vt 17.041573 0.344323
vt 17.041573 0.345826
vt 17.039293 0.344323
vt 17.039293 0.345826
vt 17.037018 0.344323
vt 17.037018 0.345826
vt 0.323695 0.344323
vt 0.323695 0.345826
vt 0.321430 0.344323
vt 0.321430 0.345826
vt 0.319168 0.344323
vt 0.319168 0.345826
vt 0.321375 -16.053635
vt 0.319106 -16.051363
vt 0.318174 -16.053642
vt 0.319116 -16.055918
vt 0.321368 -16.050413
vt 0.321382 -16.056856
vt 0.323633 -16.051352
vt 0.323643 -16.055908
vt 0.324576 -16.053627
vt 0.321343 -16.039301
vt 0.319074 -16.037027
vt 0.318142 -16.039309
vt 0.319084 -16.041584
vt 0.321335 -16.036079
vt 0.321350 -16.042522
vt 0.323601 -16.037018
vt 0.323611 -16.041573
vt 0.324544 -16.039293
vt 0.680799 -16.051363
vt 0.678531 -16.053635
vt 0.681732 -16.053642
vt 0.680789 -16.055918
vt 0.678538 -16.050413
vt 0.678523 -16.056856
vt 0.676272 -16.051352
vt 0.676262 -16.055908
vt 0.675330 -16.053627
vt 0.680832 -16.037029
vt 0.678563 -16.039301
vt 0.681764 -16.039309
vt 0.680821 -16.041584
vt 0.678570 -16.036079
vt 0.678556 -16.042522
vt 0.676305 -16.037018
vt 0.676294 -16.041573
vt 0.675362 -16.039293
vt 0.680884 -16.055918
vt 0.681826 -16.053642
vt 0.680325 -16.055353
vt 0.681034 -16.053640
vt 0.678620 -16.056059
vt 0.680894 -16.051363
vt 0.678618 -16.056856
vt 0.680332 -16.051924
vt 0.676918 -16.055346
vt 0.678632 -16.050413
vt 0.676357 -16.055908
vt 0.678631 -16.051210
vt 0.676216 -16.053629
vt 0.676367 -16.051352
vt 0.675424 -16.053627
vt 0.676926 -16.051916
vt 0.680916 -16.041584
vt 0.681858 -16.039309
vt 0.680357 -16.041019
vt 0.681066 -16.039307
vt 0.678652 -16.041725
vt 0.680926 -16.037027
vt 0.678650 -16.042522
vt 0.680364 -16.037590
vt 0.676950 -16.041010
vt 0.678665 -16.036079
vt 0.676389 -16.041573
vt 0.678663 -16.036877
vt 0.676249 -16.039295
vt 0.676399 -16.037018
vt 0.675456 -16.039293
vt 0.676958 -16.037582
vt 0.319211 -16.055918
vt 0.319770 -16.055353
vt 0.318268 -16.053642
vt 0.319061 -16.053640
vt 0.321475 -16.056059
vt 0.319201 -16.051363
vt 0.321477 -16.056856
vt 0.319762 -16.051926
vt 0.323176 -16.055346
vt 0.321462 -16.050413
vt 0.323738 -16.055908
vt 0.321464 -16.051210
vt 0.323878 -16.053629
vt 0.323728 -16.051352
vt 0.324670 -16.053627
vt 0.323169 -16.051918
vt 0.319179 -16.041584
vt 0.319738 -16.041019
vt 0.318236 -16.039309
vt 0.319028 -16.039307
vt 0.321442 -16.041725
vt 0.319168 -16.037029
vt 0.321444 -16.042522
vt 0.319730 -16.037590
vt 0.323144 -16.041012
vt 0.321430 -16.036079
vt 0.323706 -16.041573
vt 0.321432 -16.036877
vt 0.323846 -16.039295
vt 0.323695 -16.037018
vt 0.324638 -16.039293
vt 0.323136 -16.037582
s 1
g Bsh_Hull_Rostrum_Dredn_C_001_5_details_2
usemtl details_2
f 3/1/1 2/2/2 1/3/3
f 6/4/4 5/5/5 4/6/6
f 9/7/7 8/8/8 7/9/9
f 12/10/10 11/11/11 10/12/12
f 15/13/13 14/14/13 13/15/13
f 18/16/14 17/15/14 16/14/14
f 21/17/15 20/18/15 19/19/15
f 24/20/16 23/19/16 22/18/16
f 27/18/17 26/21/17 25/20/17
f 30/22/18 29/20/18 28/21/18
f 33/23/19 32/24/19 31/25/19
f 36/26/20 35/25/20 34/24/20
f 39/27/21 38/28/21 37/29/21
f 42/30/22 41/29/22 40/28/22
f 45/31/23 44/32/23 43/33/23
f 48/34/24 47/33/24 46/32/24
f 51/32/25 50/35/25 49/34/25
f 54/36/26 53/34/26 52/35/26
f 57/37/27 56/38/27 55/39/27
f 60/40/28 59/39/28 58/38/28
f 63/34/29 62/36/29 61/41/29
f 66/42/30 65/41/30 64/36/30
f 69/19/31 68/20/31 67/43/31
f 72/44/32 71/43/32 70/20/32
f 75/33/33 74/34/33 73/45/33
f 78/41/34 77/45/34 76/34/34
f 81/20/35 80/22/35 79/44/35
f 84/46/36 83/44/36 82/22/36
f 87/47/13 86/48/13 85/49/13
f 90/50/37 89/49/37 88/48/37
f 93/51/15 92/52/15 91/53/15
f 96/54/16 95/53/16 94/52/16
f 99/52/17 98/55/17 97/54/17
f 102/56/18 101/54/18 100/55/18
f 105/57/38 104/58/38 103/59/38
f 108/60/20 107/59/20 106/58/20
f 111/61/39 110/62/39 109/63/39
f 114/64/40 113/63/40 112/62/40
f 117/65/23 116/66/23 115/67/23
f 120/68/24 119/67/24 118/66/24
f 123/66/25 122/69/25 121/68/25
f 126/70/26 125/68/26 124/69/26
f 129/71/27 128/72/27 127/73/27
f 132/74/28 131/73/28 130/72/28
f 135/68/29 134/70/29 133/75/29
f 138/76/30 137/75/30 136/70/30
f 141/53/31 140/54/31 139/77/31
f 144/78/41 143/77/41 142/54/41
f 147/67/33 146/68/33 145/79/33
f 150/75/34 149/79/34 148/68/34
f 153/54/42 152/56/42 151/78/42
f 156/80/36 155/78/36 154/56/36
f 159/81/43 158/82/44 157/83/45
f 162/84/46 161/85/47 160/86/48
f 165/87/49 164/88/50 163/89/51
f 168/90/52 167/91/53 166/92/54
f 171/93/55 170/94/55 169/95/55
f 174/96/56 173/95/56 172/94/56
f 177/97/57 176/98/57 175/99/57
f 180/100/58 179/99/58 178/98/58
f 183/101/59 182/102/59 181/97/59
f 186/98/60 185/97/60 184/102/60
f 189/103/61 188/104/61 187/105/61
f 192/106/62 191/105/62 190/104/62
f 195/107/63 194/108/63 193/109/63
f 198/110/64 197/109/64 196/108/64
f 201/111/65 200/112/65 199/113/65
f 204/114/66 203/113/66 202/112/66
f 207/115/67 206/116/67 205/111/67
f 210/112/68 209/111/68 208/116/68
f 213/117/69 212/118/69 211/119/69
f 216/120/70 215/119/70 214/118/70
f 219/121/71 218/115/71 217/122/71
f 222/111/72 221/122/72 220/115/72
f 225/123/73 224/97/73 223/124/73
f 228/99/74 227/124/74 226/97/74
f 231/122/75 230/111/75 229/125/75
f 234/113/76 233/125/76 232/111/76
f 237/126/77 236/101/77 235/123/77
f 240/97/78 239/123/78 238/101/78
f 243/127/79 242/128/79 241/129/79
f 246/130/80 245/129/80 244/128/80
f 249/131/57 248/132/57 247/133/57
f 252/134/58 251/133/58 250/132/58
f 255/135/59 254/136/59 253/131/59
f 258/132/60 257/131/60 256/136/60
f 261/137/61 260/138/61 259/139/61
f 264/140/81 263/139/81 262/138/81
f 267/141/82 266/142/82 265/143/82
f 270/144/83 269/143/83 268/142/83
f 273/145/65 272/146/65 271/147/65
f 276/148/66 275/147/66 274/146/66
f 279/149/67 278/150/67 277/145/67
f 282/146/84 281/145/84 280/150/84
f 285/151/85 284/152/85 283/153/85
f 288/154/86 287/153/86 286/152/86
f 291/155/87 290/149/87 289/156/87
f 294/145/72 293/156/72 292/149/72
f 297/157/88 296/131/88 295/158/88
f 300/133/74 299/158/74 298/131/74
f 303/156/75 302/145/75 301/159/75
f 306/147/76 305/159/76 304/145/76
f 309/160/77 308/135/77 307/157/77
f 312/131/89 311/157/89 310/135/89
f 315/161/90 314/162/91 313/163/92
f 316/164/91 313/163/92 314/162/91
f 314/162/91 317/165/93 316/164/91
f 318/166/93 316/164/91 317/165/93
f 321/167/92 320/168/94 319/169/92
f 322/170/94 319/169/92 320/168/94
f 320/168/94 323/171/95 322/170/94
f 324/172/96 322/170/94 323/171/95
f 327/173/97 326/174/98 325/175/95
f 328/176/98 325/175/95 326/174/98
f 326/174/98 329/177/99 328/176/98
f 330/178/100 328/176/98 329/177/99
f 333/179/101 332/180/102 331/181/99
f 334/182/102 331/181/99 332/180/102
f 332/180/102 335/183/93 334/182/102
f 336/184/93 334/182/102 335/183/93
f 339/185/103 338/186/103 337/187/103
f 339/185/103 340/188/103 338/186/103
f 341/189/103 338/186/103 340/188/103
f 340/188/103 342/190/103 341/189/103
f 343/191/103 341/189/103 342/190/103
f 344/192/103 343/191/103 342/190/103
f 347/193/104 346/194/105 345/195/106
f 348/196/107 345/195/106 346/194/105
f 346/194/105 349/197/108 348/196/107
f 350/198/109 348/196/107 349/197/108
f 353/199/110 352/200/111 351/201/112
f 354/202/113 351/201/112 352/200/111
f 352/200/111 355/203/114 354/202/113
f 356/204/115 354/202/113 355/203/114
f 355/203/114 357/205/116 356/204/115
f 358/206/117 356/204/115 357/205/116
f 361/207/118 360/208/119 359/209/120
f 362/210/121 359/209/120 360/208/119
f 360/208/119 363/211/122 362/210/121
f 364/212/123 362/210/121 363/211/122
f 363/211/122 365/213/124 364/212/123
f 366/214/125 364/212/123 365/213/124
f 369/215/126 368/216/127 367/217/128
f 370/218/129 367/217/128 368/216/127
f 373/219/130 372/220/131 371/221/104
f 374/222/132 371/221/104 372/220/131
f 377/223/133 376/224/134 375/225/135
f 378/226/136 375/225/135 376/224/134
f 376/224/134 379/227/137 378/226/136
f 380/228/138 378/226/136 379/227/137
f 383/229/139 382/230/140 381/231/141
f 384/232/142 381/231/141 382/230/140
f 382/230/140 385/233/143 384/232/142
f 386/234/144 384/232/142 385/233/143
f 385/233/143 387/235/145 386/234/144
f 388/236/146 386/234/144 387/235/145
f 391/237/147 390/238/148 389/239/149
f 392/240/150 389/239/149 390/238/148
f 390/238/148 393/241/151 392/240/150
f 394/242/152 392/240/150 393/241/151
f 393/241/151 395/243/153 394/242/152
f 396/244/154 394/242/152 395/243/153
f 399/245/155 398/246/156 397/247/157
f 400/248/153 397/247/157 398/246/156
f 403/249/158 402/250/159 401/251/160
f 404/252/161 401/251/160 402/250/159
f 407/253/162 406/254/163 405/255/164
f 407/253/162 408/256/165 406/254/163
f 407/253/162 409/257/166 408/256/165
f 412/258/162 411/259/167 410/260/168
f 412/258/162 413/261/169 411/259/167
f 412/258/162 414/262/170 413/261/169
f 417/263/1 416/264/171 415/265/172
f 417/263/1 418/266/173 416/264/171
f 417/263/1 419/267/174 418/266/173
f 422/268/175 421/269/176 420/270/177
f 422/268/175 423/271/178 421/269/176
f 422/268/175 424/272/179 423/271/178
f 427/273/180 426/274/181 425/275/182
f 427/273/180 428/276/183 426/274/181
f 427/273/180 429/277/184 428/276/183
f 432/278/185 431/279/186 430/280/187
f 432/278/185 433/281/188 431/279/186
f 432/278/185 434/282/189 433/281/188
f 437/283/103 436/284/103 435/285/103
f 438/286/103 435/285/103 436/284/103
f 441/287/190 440/288/190 439/289/190
f 442/290/190 439/289/190 440/288/190
f 445/291/191 444/292/191 443/293/191
f 446/294/191 443/293/191 444/292/191
f 449/295/192 448/296/192 447/297/192
f 450/298/192 447/297/192 448/296/192
f 453/299/193 452/300/193 451/301/193
f 454/302/193 451/301/193 452/300/193
f 457/303/194 456/304/191 455/305/194
f 458/306/191 455/305/194 456/304/191
f 456/304/191 459/307/195 458/306/191
f 460/308/196 458/306/191 459/307/195
f 463/309/194 462/310/190 461/311/197
f 464/312/198 461/311/197 462/310/190
f 462/310/190 465/313/199 464/312/198
f 466/314/200 464/312/198 465/313/199
f 469/315/201 468/316/193 467/317/200
f 470/318/202 467/317/200 468/316/193
f 468/316/193 471/319/203 470/318/202
f 472/320/204 470/318/202 471/319/203
f 475/321/203 474/322/192 473/323/204
f 476/324/192 473/323/204 474/322/192
f 474/322/192 477/325/195 476/324/192
f 478/326/205 476/324/192 477/325/195
f 481/327/206 480/328/191 479/329/206
f 482/330/191 479/329/206 480/328/191
f 480/328/191 483/331/196 482/330/191
f 484/332/196 482/330/191 483/331/196
f 487/333/207 486/334/190 485/335/207
f 488/336/190 485/335/207 486/334/190
f 486/334/190 489/337/208 488/336/190
f 490/338/208 488/336/190 489/337/208
f 493/339/200 492/340/193 491/341/200
f 494/342/193 491/341/200 492/340/193
f 492/340/193 495/343/204 494/342/193
f 496/344/204 494/342/193 495/343/204
f 499/345/204 498/346/192 497/347/204
f 500/348/192 497/347/204 498/346/192
f 498/346/192 501/349/196 500/348/192
f 502/350/196 500/348/192 501/349/196
f 505/351/194 504/352/191 503/353/194
f 506/354/191 503/353/194 504/352/191
f 504/352/191 507/355/195 506/354/191
f 508/356/196 506/354/191 507/355/195
f 511/357/209 510/358/210 509/359/194
f 512/360/190 509/359/194 510/358/210
f 510/358/210 513/361/200 512/360/190
f 514/362/200 512/360/190 513/361/200
f 517/363/201 516/364/193 515/365/200
f 518/366/202 515/365/200 516/364/193
f 516/364/193 519/367/204 518/366/202
f 520/368/211 518/366/202 519/367/204
f 523/369/203 522/370/192 521/371/204
f 524/372/192 521/371/204 522/370/192
f 522/370/192 525/373/196 524/372/192
f 526/374/205 524/372/192 525/373/196
f 529/375/197 528/376/191 527/377/197
f 530/378/191 527/377/197 528/376/191
f 528/376/191 531/379/196 530/378/191
f 532/380/196 530/378/191 531/379/196
f 535/381/194 534/382/190 533/383/194
f 536/384/190 533/383/194 534/382/190
f 534/382/190 537/385/200 536/384/190
f 538/386/199 536/384/190 537/385/200
f 541/387/200 540/388/193 539/389/200
f 542/390/193 539/389/200 540/388/193
f 540/388/193 543/391/204 542/390/193
f 544/392/204 542/390/193 543/391/204
f 547/393/204 546/394/192 545/395/204
f 548/396/192 545/395/204 546/394/192
f 546/394/192 549/397/205 548/396/192
f 550/398/205 548/396/192 549/397/205
f 553/399/212 552/400/213 551/401/212
f 554/402/214 551/401/212 552/400/213
f 555/403/103 554/402/214 552/400/213
f 558/404/215 557/405/216 556/406/103
f 557/405/216 558/404/215 559/407/217
f 560/408/217 559/407/217 558/404/215
f 563/409/9 562/410/8 561/411/218
f 564/412/219 561/411/218 562/410/8
f 561/411/218 564/412/219 565/413/220
f 565/413/220 564/412/219 566/414/221
f 566/414/221 564/412/219 567/415/222
f 570/416/8 569/417/223 568/418/224
f 571/419/225 568/418/224 569/417/223
f 572/420/226 568/418/224 571/419/225
f 573/421/227 568/418/224 572/420/226
f 574/422/228 568/418/224 573/421/227
f 577/423/229 576/424/230 575/425/231
f 575/425/231 576/424/230 578/426/232
f 578/426/232 576/424/230 579/427/233
f 579/427/233 576/424/230 580/428/234
f 581/429/11 580/428/234 576/424/230
f 584/430/235 583/431/236 582/432/237
f 585/433/238 583/431/236 584/430/235
f 586/434/239 583/431/236 585/433/238
f 583/431/236 586/434/239 587/435/11
f 588/436/240 587/435/11 586/434/239
f 591/437/241 590/438/242 589/439/243
f 592/440/244 589/439/243 590/438/242
f 595/441/245 594/442/246 593/443/245
f 596/444/247 593/443/245 594/442/246
f 599/445/248 598/446/248 597/447/248
f 600/448/248 597/447/248 598/446/248
f 603/449/249 602/450/249 601/451/249
f 604/452/249 601/451/249 602/450/249
f 607/453/250 606/454/251 605/455/250
f 608/456/251 605/455/250 606/454/251
f 611/457/252 610/458/252 609/459/252
f 612/460/252 609/459/252 610/458/252
f 610/458/252 613/461/252 612/460/252
f 614/462/252 612/460/252 613/461/252
f 613/461/252 615/463/252 614/462/252
f 616/464/252 614/462/252 615/463/252
f 619/465/252 618/466/252 617/467/252
f 620/468/252 617/467/252 618/466/252
f 618/466/252 621/469/252 620/468/252
f 622/470/252 620/468/252 621/469/252
f 625/471/252 624/472/252 623/473/252
f 626/474/252 623/473/252 624/472/252
f 624/472/252 627/475/252 626/474/252
f 628/476/252 626/474/252 627/475/252
f 627/475/252 629/477/252 628/476/252
f 630/478/252 628/476/252 629/477/252
f 633/479/253 632/480/253 631/481/253
f 634/482/253 631/481/253 632/480/253
f 637/483/254 636/484/255 635/485/255
f 638/486/255 635/485/255 636/484/255
f 641/487/256 640/17/256 639/488/256
f 642/19/256 639/488/256 640/17/256
f 645/21/256 644/23/256 643/22/256
f 646/25/256 643/22/256 644/23/256
f 649/24/254 648/489/254 647/26/254
f 650/490/255 647/26/254 648/489/254
f 653/491/257 652/492/257 651/493/257
f 654/494/257 651/493/257 652/492/257
f 657/495/258 656/496/259 655/497/259
f 658/498/259 655/497/259 656/496/259
f 661/499/260 660/31/261 659/500/261
f 662/33/261 659/500/261 660/31/261
f 665/35/261 664/37/261 663/36/261
f 666/39/262 663/36/261 664/37/261
f 669/38/259 668/501/259 667/40/259
f 670/502/263 667/40/259 668/501/259
f 673/503/264 672/504/265 671/505/265
f 674/506/266 671/505/265 672/504/265
f 677/507/267 676/508/268 675/509/268
f 678/510/269 675/509/268 676/508/268
f 681/511/270 680/512/270 679/513/270
f 682/514/270 679/513/270 680/512/270
f 679/513/270 682/514/270 683/515/270
f 684/516/270 683/515/270 682/514/270
f 683/515/270 684/516/270 685/517/270
f 686/518/270 685/517/270 684/516/270
f 685/517/270 686/518/270 687/519/270
f 688/520/270 687/519/270 686/518/270
f 687/519/270 688/520/270 689/521/270
f 690/522/270 689/521/270 688/520/270
f 689/521/270 690/522/270 691/523/270
f 692/524/270 691/523/270 690/522/270
f 691/523/270 692/524/270 693/525/270
f 694/526/270 693/525/270 692/524/270
f 693/525/270 694/526/270 695/527/270
f 696/528/270 695/527/270 694/526/270
f 699/529/271 698/530/272 697/531/272
f 700/532/272 697/531/272 698/530/272
f 703/533/273 702/534/273 701/535/273
f 704/536/273 701/535/273 702/534/273
f 707/537/274 706/538/274 705/539/274
f 708/540/275 705/539/274 706/538/274
f 711/541/255 710/542/255 709/543/255
f 712/544/255 709/543/255 710/542/255
f 709/543/255 712/544/255 713/545/254
f 714/546/254 713/545/254 712/544/255
f 713/545/254 714/546/254 715/547/255
f 716/548/255 715/547/255 714/546/254
f 717/549/255 715/547/255 716/548/255
f 720/550/276 719/551/277 718/552/277
f 721/553/277 718/552/277 719/551/277
f 724/554/259 723/555/259 722/556/259
f 725/557/263 722/556/259 723/555/259
f 725/557/263 723/555/259 726/558/259
f 727/559/259 726/558/259 723/555/259
f 726/558/259 727/559/259 728/560/258
f 729/561/258 728/560/258 727/559/259
f 729/561/258 730/562/258 728/560/258
f 733/563/278 732/564/278 731/565/278
f 734/566/279 731/565/278 732/564/278
f 737/567/255 736/568/255 735/569/255
f 738/570/255 735/569/255 736/568/255
f 738/570/255 736/568/255 739/571/255
f 740/572/280 739/571/255 736/568/255
f 739/571/255 740/572/280 741/573/255
f 742/574/280 741/573/255 740/572/280
f 742/574/280 743/575/255 741/573/255
f 746/576/281 745/577/281 744/578/281
f 747/579/281 744/578/281 745/577/281
f 750/580/258 749/581/282 748/582/259
f 751/583/282 748/582/259 749/581/282
f 748/582/259 751/583/282 752/584/263
f 753/585/258 752/584/263 751/583/282
f 752/584/263 753/585/258 754/586/258
f 755/587/282 754/586/258 753/585/258
f 756/588/282 754/586/258 755/587/282
f 759/589/283 758/590/283 757/591/283
f 760/592/283 757/591/283 758/590/283
f 763/593/284 762/594/285 761/595/285
f 764/596/285 761/595/285 762/594/285
f 767/539/286 766/540/286 765/597/287
f 768/598/287 765/597/287 766/540/286
f 771/578/288 770/579/288 769/599/288
f 772/600/288 769/599/288 770/579/288
f 775/552/289 774/553/289 773/601/289
f 776/602/289 773/601/289 774/553/289
f 779/565/290 778/566/290 777/603/290
f 780/604/290 777/603/290 778/566/290
f 783/597/291 782/598/291 781/532/291
f 784/531/291 781/532/291 782/598/291
f 787/599/292 786/600/292 785/605/293
f 788/606/293 785/605/293 786/600/292
f 791/601/294 790/602/294 789/607/294
f 792/608/294 789/607/294 790/602/294
f 795/603/295 794/604/295 793/593/295
f 796/594/296 793/593/295 794/604/295
f 799/609/241 798/610/297 797/611/243
f 800/612/297 797/611/243 798/610/297
f 803/613/245 802/614/298 801/615/245
f 804/616/299 801/615/245 802/614/298
f 807/617/248 806/618/248 805/619/248
f 808/620/248 805/619/248 806/618/248
f 811/621/300 810/622/301 809/623/300
f 812/624/301 809/623/300 810/622/301
f 815/625/302 814/626/302 813/627/302
f 816/628/302 813/627/302 814/626/302
f 819/629/252 818/630/252 817/631/252
f 820/632/252 817/631/252 818/630/252
f 818/630/252 821/633/252 820/632/252
f 822/634/252 820/632/252 821/633/252
f 821/633/252 823/635/252 822/634/252
f 824/636/252 822/634/252 823/635/252
f 827/637/252 826/638/252 825/639/252
f 828/640/252 825/639/252 826/638/252
f 826/638/252 829/641/252 828/640/252
f 830/642/303 828/640/252 829/641/252
f 833/643/252 832/644/252 831/645/252
f 834/646/252 831/645/252 832/644/252
f 832/644/252 835/647/252 834/646/252
f 836/648/252 834/646/252 835/647/252
f 835/647/252 837/649/252 836/648/252
f 838/650/252 836/648/252 837/649/252
f 841/651/253 840/652/253 839/653/253
f 842/654/253 839/653/253 840/652/253
f 845/655/255 844/656/255 843/657/255
f 846/658/255 843/657/255 844/656/255
f 849/659/256 848/51/256 847/660/256
f 850/53/256 847/660/256 848/51/256
f 853/55/304 852/57/304 851/56/304
f 854/59/256 851/56/304 852/57/304
f 857/58/254 856/661/254 855/60/254
f 858/662/255 855/60/254 856/661/254
f 861/663/257 860/664/257 859/665/257
f 862/666/257 859/665/257 860/664/257
f 865/667/259 864/668/259 863/669/259
f 866/670/259 863/669/259 864/668/259
f 869/671/305 868/65/261 867/672/261
f 870/67/260 867/672/261 868/65/261
f 873/69/305 872/71/261 871/70/261
f 874/73/261 871/70/261 872/71/261
f 877/72/258 876/673/258 875/74/258
f 878/674/263 875/74/258 876/673/258
f 881/675/264 880/676/306 879/677/306
f 882/678/266 879/677/306 880/676/306
f 885/679/268 884/680/307 883/681/307
f 886/682/308 883/681/307 884/680/307
f 889/683/270 888/684/270 887/685/270
f 890/686/270 887/685/270 888/684/270
f 887/685/270 890/686/270 891/687/270
f 892/688/270 891/687/270 890/686/270
f 891/687/270 892/688/270 893/689/270
f 894/690/270 893/689/270 892/688/270
f 893/689/270 894/690/270 895/691/270
f 896/692/270 895/691/270 894/690/270
f 895/691/270 896/692/270 897/693/270
f 898/694/270 897/693/270 896/692/270
f 897/693/270 898/694/270 899/695/270
f 900/696/270 899/695/270 898/694/270
f 899/695/270 900/696/270 901/697/270
f 902/698/270 901/697/270 900/696/270
f 901/697/270 902/698/270 903/699/270
f 904/700/270 903/699/270 902/698/270
f 907/701/272 906/702/272 905/703/272
f 908/704/272 905/703/272 906/702/272
f 911/705/309 910/706/309 909/707/309
f 912/708/309 909/707/309 910/706/309
f 915/709/274 914/710/274 913/711/274
f 916/712/274 913/711/274 914/710/274
f 919/713/255 918/714/255 917/715/255
f 920/716/280 917/715/255 918/714/255
f 917/715/255 920/716/280 921/717/254
f 922/718/280 921/717/254 920/716/280
f 921/717/254 922/718/280 923/719/255
f 924/720/255 923/719/255 922/718/280
f 925/721/255 923/719/255 924/720/255
f 928/722/276 927/723/277 926/724/277
f 929/725/277 926/724/277 927/723/277
f 932/726/259 931/727/263 930/728/258
f 933/729/258 930/728/258 931/727/263
f 933/729/258 931/727/263 934/730/259
f 935/731/259 934/730/259 931/727/263
f 934/730/259 935/731/259 936/732/259
f 937/733/259 936/732/259 935/731/259
f 937/733/259 938/734/259 936/732/259
f 941/735/279 940/736/278 939/737/278
f 942/738/278 939/737/278 940/736/278
f 945/739/254 944/740/254 943/741/254
f 946/742/255 943/741/254 944/740/254
f 946/742/255 944/740/254 947/743/254
f 948/744/254 947/743/254 944/740/254
f 947/743/254 948/744/254 949/745/255
f 950/746/255 949/745/255 948/744/254
f 950/746/255 951/747/255 949/745/255
f 954/748/310 953/749/310 952/750/310
f 955/751/310 952/750/310 953/749/310
f 958/752/263 957/753/282 956/754/259
f 959/755/259 956/754/259 957/753/282
f 956/754/259 959/755/259 960/756/259
f 961/757/259 960/756/259 959/755/259
f 960/756/259 961/757/259 962/758/282
f 963/759/282 962/758/282 961/757/259
f 964/760/259 962/758/282 963/759/282
f 967/761/283 966/762/283 965/763/283
f 968/764/283 965/763/283 966/762/283
f 971/765/285 970/766/285 969/767/285
f 972/768/285 969/767/285 970/766/285
f 975/711/286 974/712/286 973/769/311
f 976/770/311 973/769/311 974/712/286
f 979/750/312 978/751/312 977/771/312
f 980/772/312 977/771/312 978/751/312
f 983/724/313 982/725/313 981/773/289
f 984/774/289 981/773/289 982/725/313
f 987/737/290 986/738/290 985/775/290
f 988/776/290 985/775/290 986/738/290
f 991/769/314 990/770/314 989/704/314
f 992/703/314 989/704/314 990/770/314
f 995/771/315 994/772/292 993/777/292
f 996/778/292 993/777/292 994/772/292
f 999/773/294 998/774/294 997/779/294
f 1000/780/294 997/779/294 998/774/294
f 1003/775/295 1002/776/295 1001/765/295
f 1004/766/296 1001/765/295 1002/776/295
f 1007/781/316 1006/782/317 1005/783/318
f 1008/784/319 1005/783/318 1006/782/317
f 1006/782/317 1009/785/320 1008/784/319
f 1010/786/321 1005/783/318 1008/784/319
f 1011/787/322 1008/784/319 1009/785/320
f 1010/786/321 1008/784/319 1011/787/322
f 1014/788/321 1013/789/323 1012/790/318
f 1012/790/318 1013/789/323 1015/791/324
f 1016/792/325 1015/791/324 1013/789/323
f 1016/792/325 1017/793/326 1015/791/324
f 1018/794/327 1015/791/324 1017/793/326
f 1021/795/321 1020/796/322 1019/797/328
f 1019/797/328 1020/796/322 1022/798/329
f 1023/799/320 1022/798/329 1020/796/322
f 1023/799/320 1024/800/330 1022/798/329
f 1025/801/331 1022/798/329 1024/800/330
f 1028/802/332 1027/803/327 1026/804/333
f 1029/805/334 1026/804/333 1027/803/327
f 1026/804/333 1029/805/334 1030/806/320
f 1031/807/330 1030/806/320 1029/805/334
f 1034/808/326 1033/809/325 1032/810/335
f 1035/811/336 1032/810/335 1033/809/325
f 1032/810/335 1035/811/336 1036/812/331
f 1037/813/337 1036/812/331 1035/811/336
f 1040/814/338 1039/815/339 1038/816/340
f 1041/817/341 1038/816/340 1039/815/339
f 1041/817/341 1039/815/339 1042/818/321
f 1043/819/342 1041/817/341 1042/818/321
f 1041/817/341 1043/819/342 1038/816/340
f 1044/820/329 1038/816/340 1043/819/342
f 1047/821/103 1046/822/103 1045/823/103
f 1048/824/103 1045/823/103 1046/822/103
f 1051/825/343 1050/826/343 1049/827/343
f 1052/828/344 1049/827/343 1050/826/343
f 1055/829/345 1054/830/345 1053/831/345
f 1055/829/345 1056/832/345 1054/830/345
f 1057/833/345 1054/830/345 1056/832/345
f 1058/834/345 1057/833/345 1056/832/345
f 1061/835/346 1060/836/346 1059/837/346
f 1062/838/346 1059/837/346 1060/836/346
f 1065/839/347 1064/840/347 1063/841/347
f 1064/840/347 1065/839/347 1066/842/347
f 1067/843/347 1066/842/347 1065/839/347
f 1068/844/347 1066/842/347 1067/843/347
f 1071/845/348 1070/846/349 1069/847/350
f 1072/848/351 1069/847/350 1070/846/349
f 1072/848/351 1073/849/352 1069/847/350
f 1074/850/353 1069/847/350 1073/849/352
f 1073/849/352 1075/851/354 1074/850/353
f 1076/852/355 1074/850/353 1075/851/354
f 1076/852/355 1075/851/354 1077/853/356
f 1078/854/357 1077/853/356 1075/851/354
f 1081/855/358 1080/856/359 1079/857/360
f 1082/858/361 1079/857/360 1080/856/359
f 1080/856/359 1083/859/362 1082/858/361
f 1084/860/363 1082/858/361 1083/859/362
f 1084/860/363 1085/861/364 1082/858/361
f 1086/862/365 1082/858/361 1085/861/364
f 1082/858/361 1086/862/365 1079/857/360
f 1087/863/366 1079/857/360 1086/862/365
f 1090/864/367 1089/865/368 1088/866/369
f 1091/867/370 1088/866/369 1089/865/368
f 1091/867/370 1092/868/366 1088/866/369
f 1093/869/371 1088/866/369 1092/868/366
f 1092/868/366 1094/870/372 1093/869/371
f 1095/871/373 1093/869/371 1094/870/372
f 1095/871/373 1094/870/372 1096/872/374
f 1097/873/375 1096/872/374 1094/870/372
f 1100/874/376 1099/875/377 1098/876/378
f 1101/877/379 1098/876/378 1099/875/377
f 1099/875/377 1102/878/380 1101/877/379
f 1103/879/381 1101/877/379 1102/878/380
f 1103/879/381 1104/880/371 1101/877/379
f 1105/881/382 1101/877/379 1104/880/371
f 1101/877/379 1105/881/382 1098/876/378
f 1106/882/383 1098/876/378 1105/881/382
f 1109/883/384 1108/884/385 1107/885/344
f 1110/886/385 1107/885/344 1108/884/385
f 1108/884/385 1111/887/343 1110/886/385
f 1112/888/386 1110/886/385 1111/887/343
f 1115/889/353 1114/890/387 1113/891/388
f 1116/892/389 1113/891/388 1114/890/387
f 1113/891/388 1116/892/389 1117/893/366
f 1118/894/390 1117/893/366 1116/892/389
f 1118/894/390 1116/892/389 1119/895/391
f 1120/896/392 1119/895/391 1116/892/389
f 1116/892/389 1114/890/387 1120/896/392
f 1121/897/393 1120/896/392 1114/890/387
f 1124/898/394 1123/899/395 1122/900/396
f 1125/901/397 1122/900/396 1123/899/395
f 1122/900/396 1125/901/397 1126/902/398
f 1127/903/354 1126/902/398 1125/901/397
f 1127/903/354 1125/901/397 1128/904/399
f 1129/905/400 1128/904/399 1125/901/397
f 1125/901/397 1123/899/395 1129/905/400
f 1130/906/374 1129/905/400 1123/899/395
f 1133/907/401 1132/908/402 1131/909/403
f 1134/910/404 1131/909/403 1132/908/402
f 1134/910/404 1132/908/402 1135/911/405
f 1136/912/406 1135/911/405 1132/908/402
f 1135/911/405 1136/912/406 1137/913/407
f 1138/914/408 1137/913/407 1136/912/406
f 1138/914/408 1139/915/409 1137/913/407
f 1140/916/410 1137/913/407 1139/915/409
f 1143/917/411 1142/918/412 1141/919/413
f 1144/920/414 1141/919/413 1142/918/412
f 1141/919/413 1144/920/414 1145/921/415
f 1146/922/402 1145/921/415 1144/920/414
f 1146/922/402 1144/920/414 1147/923/406
f 1148/924/416 1147/923/406 1144/920/414
f 1144/920/414 1142/918/412 1148/924/416
f 1149/925/417 1148/924/416 1142/918/412
f 1152/926/418 1151/927/419 1150/928/420
f 1153/929/421 1150/928/420 1151/927/419
f 1153/929/421 1151/927/419 1154/930/422
f 1155/931/423 1154/930/422 1151/927/419
f 1154/930/422 1155/931/423 1156/932/424
f 1157/933/425 1156/932/424 1155/931/423
f 1157/933/425 1158/934/426 1156/932/424
f 1159/935/427 1156/932/424 1158/934/426
f 1162/936/428 1161/937/429 1160/938/430
f 1163/939/431 1160/938/430 1161/937/429
f 1160/938/430 1163/939/431 1164/940/432
f 1165/941/419 1164/940/432 1163/939/431
f 1165/941/419 1163/939/431 1166/942/433
f 1167/943/434 1166/942/433 1163/939/431
f 1163/939/431 1161/937/429 1167/943/434
f 1168/944/435 1167/943/434 1161/937/429
f 1171/945/436 1170/946/437 1169/947/346
f 1172/948/346 1169/947/346 1170/946/437
f 1169/947/346 1172/948/346 1173/949/436
f 1174/950/438 1173/949/436 1172/948/346
f 1177/951/439 1176/952/440 1175/953/441
f 1178/954/442 1175/953/441 1176/952/440
f 1176/952/440 1179/955/443 1178/954/442
f 1180/956/424 1178/954/442 1179/955/443
f 1180/956/424 1181/957/444 1178/954/442
f 1182/958/445 1178/954/442 1181/957/444
f 1178/954/442 1182/958/445 1175/953/441
f 1183/959/446 1175/953/441 1182/958/445
f 1186/960/447 1185/961/434 1184/962/448
f 1187/963/449 1184/962/448 1185/961/434
f 1185/961/434 1188/964/435 1187/963/449
f 1189/965/450 1187/963/449 1188/964/435
f 1189/965/450 1190/966/451 1187/963/449
f 1191/967/452 1187/963/449 1190/966/451
f 1187/963/449 1191/967/452 1184/962/448
f 1192/968/453 1184/962/448 1191/967/452
f 1195/969/454 1194/970/454 1193/971/454
f 1196/972/454 1193/971/454 1194/970/454
f 1199/973/455 1198/974/455 1197/975/455
f 1200/976/455 1197/975/455 1198/974/455
f 1203/971/456 1202/972/456 1201/975/456
f 1204/973/456 1201/975/456 1202/972/456
f 1207/977/103 1206/978/103 1205/979/103
f 1208/980/103 1205/979/103 1206/978/103
f 1211/981/91 1210/982/91 1209/983/91
f 1212/984/91 1209/983/91 1210/982/91
f 1215/985/456 1214/986/456 1213/987/456
f 1216/988/456 1213/987/456 1214/986/456
f 1219/977/103 1218/978/103 1217/979/103
f 1220/980/103 1217/979/103 1218/978/103
f 1223/989/91 1222/990/91 1221/991/457
f 1224/992/457 1221/991/457 1222/990/91
f 1227/985/456 1226/993/456 1225/987/456
f 1228/988/456 1225/987/456 1226/993/456
f 1231/977/103 1230/978/103 1229/979/103
f 1232/980/103 1229/979/103 1230/978/103
f 1235/994/457 1234/995/457 1233/996/91
f 1236/997/91 1233/996/91 1234/995/457
f 1239/985/456 1238/986/456 1237/987/456
f 1240/988/456 1237/987/456 1238/986/456
f 1243/977/103 1242/978/103 1241/979/103
f 1244/980/103 1241/979/103 1242/978/103
f 1247/998/91 1246/999/91 1245/1000/457
f 1248/1001/457 1245/1000/457 1246/999/91
f 1251/985/456 1250/986/456 1249/987/456
f 1252/988/456 1249/987/456 1250/986/456
f 1255/977/103 1254/978/103 1253/979/103
f 1256/980/103 1253/979/103 1254/978/103
f 1259/1002/91 1258/1003/91 1257/1004/457
f 1260/1005/457 1257/1004/457 1258/1003/91
f 1263/985/456 1262/986/456 1261/987/456
f 1264/988/456 1261/987/456 1262/986/456
f 1267/977/103 1266/978/103 1265/979/103
f 1268/980/103 1265/979/103 1266/978/103
f 1271/1006/91 1270/1007/91 1269/1008/457
f 1272/1009/457 1269/1008/457 1270/1007/91
f 1275/985/456 1274/986/456 1273/987/456
f 1276/988/456 1273/987/456 1274/986/456
f 1279/977/103 1278/978/103 1277/979/103
f 1280/980/103 1277/979/103 1278/978/103
f 1283/1010/91 1282/1011/91 1281/1012/457
f 1284/1013/457 1281/1012/457 1282/1011/91
f 1287/985/456 1286/986/456 1285/987/456
f 1288/988/456 1285/987/456 1286/986/456
f 1291/977/103 1290/1014/103 1289/979/103
f 1292/980/103 1289/979/103 1290/1014/103
f 1295/1015/457 1294/1016/457 1293/1017/91
f 1296/1018/91 1293/1017/91 1294/1016/457
f 1299/985/456 1298/986/456 1297/987/456
f 1300/988/456 1297/987/456 1298/986/456
f 1303/1019/95 1302/1020/95 1301/1021/98
f 1304/1022/98 1301/1021/98 1302/1020/95
f 1301/1021/98 1304/1022/98 1305/1023/99
f 1306/1024/100 1305/1023/99 1304/1022/98
f 1309/1025/95 1308/1026/458 1307/1027/94
f 1310/1028/94 1307/1027/94 1308/1026/458
f 1307/1027/94 1310/1028/94 1311/1029/92
f 1312/1030/92 1311/1029/92 1310/1028/94
f 1315/1031/92 1314/1032/92 1313/1033/91
f 1316/1034/91 1313/1033/91 1314/1032/92
f 1313/1033/91 1316/1034/91 1317/1035/93
f 1318/1036/93 1317/1035/93 1316/1034/91
f 1321/1037/459 1320/1038/93 1319/1039/102
f 1322/1040/460 1319/1039/102 1320/1038/93
f 1319/1039/102 1322/1040/460 1323/1041/99
f 1324/1042/461 1323/1041/99 1322/1040/460
f 1327/1043/103 1326/1044/103 1325/1045/103
f 1326/1044/103 1327/1043/103 1328/1046/103
f 1329/1047/103 1328/1046/103 1327/1043/103
f 1328/1046/103 1329/1047/103 1330/1048/103
f 1331/1049/103 1330/1048/103 1329/1047/103
f 1331/1049/103 1332/1050/103 1330/1048/103
f 1335/1051/462 1334/1052/463 1333/1053/464
f 1336/1054/465 1333/1053/464 1334/1052/463
f 1333/1053/464 1336/1054/465 1337/1055/466
f 1338/1056/467 1337/1055/466 1336/1054/465
f 1341/1057/468 1340/1058/469 1339/1059/470
f 1342/1060/471 1339/1059/470 1340/1058/469
f 1339/1059/470 1342/1060/471 1343/1061/472
f 1344/1062/473 1343/1061/472 1342/1060/471
f 1343/1061/472 1344/1062/473 1345/1063/474
f 1346/1064/475 1345/1063/474 1344/1062/473
f 1349/1065/476 1348/1066/477 1347/1067/478
f 1350/1068/479 1347/1067/478 1348/1066/477
f 1347/1067/478 1350/1068/479 1351/1069/480
f 1352/1070/481 1351/1069/480 1350/1068/479
f 1351/1069/480 1352/1070/481 1353/1071/482
f 1354/1072/483 1353/1071/482 1352/1070/481
f 1357/1073/484 1356/1074/485 1355/1075/486
f 1358/1076/487 1355/1075/486 1356/1074/485
f 1361/1077/486 1360/1078/488 1359/1079/462
f 1362/1080/489 1359/1079/462 1360/1078/488
f 1365/1081/490 1364/1082/491 1363/1083/492
f 1366/1084/493 1363/1083/492 1364/1082/491
f 1363/1083/492 1366/1084/493 1367/1085/494
f 1368/1086/495 1367/1085/494 1366/1084/493
f 1371/1087/496 1370/1088/497 1369/1089/498
f 1372/1090/499 1369/1089/498 1370/1088/497
f 1369/1089/498 1372/1090/499 1373/1091/500
f 1374/1092/501 1373/1091/500 1372/1090/499
f 1373/1091/500 1374/1092/501 1375/1093/502
f 1376/1094/503 1375/1093/502 1374/1092/501
f 1379/1095/504 1378/1096/505 1377/1097/506
f 1380/1098/507 1377/1097/506 1378/1096/505
f 1377/1097/506 1380/1098/507 1381/1099/508
f 1382/1100/509 1381/1099/508 1380/1098/507
f 1381/1099/508 1382/1100/509 1383/1101/510
f 1384/1102/511 1383/1101/510 1382/1100/509
f 1387/1103/510 1386/1104/512 1385/1105/513
f 1388/1106/514 1385/1105/513 1386/1104/512
f 1391/1107/515 1390/1108/516 1389/1109/517
f 1392/1110/518 1389/1109/517 1390/1108/516
f 1395/1111/519 1394/1112/520 1393/1113/521
f 1396/1114/522 1394/1112/520 1395/1111/519
f 1397/1115/523 1394/1112/520 1396/1114/522
f 1400/1116/524 1399/1117/44 1398/1118/525
f 1401/1119/526 1399/1117/44 1400/1116/524
f 1402/1120/527 1399/1117/44 1401/1119/526
f 1405/1121/528 1404/1122/520 1403/1123/529
f 1406/1124/530 1404/1122/520 1405/1121/528
f 1407/1125/531 1404/1122/520 1406/1124/530
f 1410/1126/532 1409/1127/533 1408/1128/534
f 1411/1129/535 1409/1127/533 1410/1126/532
f 1412/1130/536 1409/1127/533 1411/1129/535
f 1415/1131/537 1414/1132/538 1413/1133/539
f 1416/1134/540 1414/1132/538 1415/1131/537
f 1417/1135/541 1414/1132/538 1416/1134/540
f 1420/1136/542 1419/1137/533 1418/1138/543
f 1421/1139/544 1419/1137/533 1420/1136/542
f 1422/1140/545 1419/1137/533 1421/1139/544
f 1425/1141/103 1424/1142/103 1423/1143/103
f 1426/1144/103 1423/1143/103 1424/1142/103
f 1429/1145/546 1428/1146/546 1427/1147/546
f 1430/1148/546 1427/1147/546 1428/1146/546
f 1433/1149/547 1432/1150/547 1431/1151/547
f 1434/1152/547 1431/1151/547 1432/1150/547
f 1437/1153/548 1436/1154/548 1435/1155/548
f 1438/1156/548 1435/1155/548 1436/1154/548
f 1441/1157/549 1440/1158/549 1439/1159/549
f 1442/1160/549 1439/1159/549 1440/1158/549
f 1445/1161/550 1444/1162/550 1443/1163/547
f 1446/1164/547 1443/1163/547 1444/1162/550
f 1443/1163/547 1446/1164/547 1447/1165/551
f 1448/1166/551 1447/1165/551 1446/1164/547
f 1451/1167/550 1450/1168/552 1449/1169/546
f 1452/1170/553 1449/1169/546 1450/1168/552
f 1449/1169/546 1452/1170/553 1453/1171/554
f 1454/1172/554 1453/1171/554 1452/1170/553
f 1457/1173/555 1456/1174/554 1455/1175/549
f 1458/1176/556 1455/1175/549 1456/1174/554
f 1455/1175/549 1458/1176/556 1459/1177/557
f 1460/1178/557 1459/1177/557 1458/1176/556
f 1463/1179/558 1462/1180/559 1461/1181/560
f 1464/1182/548 1461/1181/560 1462/1180/559
f 1461/1181/560 1464/1182/548 1465/1183/551
f 1466/1184/561 1465/1183/551 1464/1182/548
f 1469/1185/562 1468/1186/562 1467/1187/547
f 1470/1188/547 1467/1187/547 1468/1186/562
f 1467/1187/547 1470/1188/547 1471/1189/551
f 1472/1190/551 1471/1189/551 1470/1188/547
f 1475/1191/563 1474/1192/563 1473/1193/546
f 1476/1194/546 1473/1193/546 1474/1192/563
f 1473/1193/546 1476/1194/546 1477/1195/564
f 1478/1196/564 1477/1195/564 1476/1194/546
f 1481/1197/554 1480/1198/554 1479/1199/549
f 1482/1200/549 1479/1199/549 1480/1198/554
f 1479/1199/549 1482/1200/549 1483/1201/558
f 1484/1202/558 1483/1201/558 1482/1200/549
f 1487/1203/558 1486/1204/558 1485/1205/548
f 1488/1206/548 1485/1205/548 1486/1204/558
f 1485/1205/548 1488/1206/548 1489/1207/551
f 1490/1208/551 1489/1207/551 1488/1206/548
f 1493/1209/550 1492/1210/550 1491/1211/547
f 1494/1212/547 1491/1211/547 1492/1210/550
f 1491/1211/547 1494/1212/547 1495/1213/565
f 1496/1214/551 1495/1213/565 1494/1212/547
f 1499/1215/563 1498/1216/550 1497/1217/566
f 1500/1218/546 1497/1217/566 1498/1216/550
f 1497/1217/566 1500/1218/546 1501/1219/554
f 1502/1220/554 1501/1219/554 1500/1218/546
f 1505/1221/567 1504/1222/554 1503/1223/549
f 1506/1224/556 1503/1223/549 1504/1222/554
f 1503/1223/549 1506/1224/556 1507/1225/558
f 1508/1226/558 1507/1225/558 1506/1224/556
f 1511/1227/557 1510/1228/558 1509/1229/548
f 1512/1230/548 1509/1229/548 1510/1228/558
f 1509/1229/548 1512/1230/548 1513/1231/551
f 1514/1232/561 1513/1231/551 1512/1230/548
f 1517/1233/552 1516/1234/552 1515/1235/547
f 1518/1236/547 1515/1235/547 1516/1234/552
f 1515/1235/547 1518/1236/547 1519/1237/568
f 1520/1238/551 1519/1237/568 1518/1236/547
f 1523/1239/562 1522/1240/550 1521/1241/546
f 1524/1242/546 1521/1241/546 1522/1240/550
f 1521/1241/546 1524/1242/546 1525/1243/554
f 1526/1244/555 1525/1243/554 1524/1242/546
f 1529/1245/554 1528/1246/554 1527/1247/549
f 1530/1248/549 1527/1247/549 1528/1246/554
f 1527/1247/549 1530/1248/549 1531/1249/558
f 1532/1250/558 1531/1249/558 1530/1248/549
f 1535/1251/558 1534/1252/558 1533/1253/548
f 1536/1254/569 1533/1253/548 1534/1252/558
f 1533/1253/548 1536/1254/569 1537/1255/561
f 1538/1256/561 1537/1255/561 1536/1254/569
f 1541/1257/212 1540/1258/212 1539/1259/213
f 1542/1260/214 1539/1259/213 1540/1258/212
f 1542/1260/214 1543/1261/103 1539/1259/213
f 1546/1262/216 1545/1263/215 1544/1264/103
f 1546/1262/216 1547/1265/217 1545/1263/215
f 1548/1266/570 1545/1263/215 1547/1265/217
f 1551/1267/571 1550/1268/572 1549/1269/49
f 1552/1270/573 1549/1269/49 1550/1268/572
f 1552/1270/573 1550/1268/572 1553/420/226
f 1552/1270/573 1553/420/226 1554/1271/574
f 1552/1270/573 1554/1271/574 1555/1272/575
f 1558/1273/49 1557/1274/576 1556/1275/577
f 1559/1276/578 1556/1275/577 1557/1274/576
f 1557/1274/576 1560/1277/220 1559/1276/578
f 1557/1274/576 1561/1278/579 1560/1277/220
f 1557/1274/576 1562/1279/580 1561/1278/579
f 1565/1280/581 1564/1281/582 1563/1282/235
f 1565/1280/581 1563/1282/235 1566/1283/583
f 1565/1280/581 1566/1283/583 1567/1284/584
f 1567/1284/584 1568/1285/585 1565/1280/581
f 1569/1286/52 1565/1280/581 1568/1285/585
f 1572/1287/586 1571/1288/231 1570/1289/587
f 1572/1287/586 1573/1290/232 1571/1288/231
f 1572/1287/586 1574/1291/588 1573/1290/232
f 1572/1287/586 1575/1292/52 1574/1291/588
f 1576/1293/589 1574/1291/588 1575/1292/52
f 1579/1294/590 1578/1295/591 1577/1296/590
f 1580/1297/592 1577/1296/590 1578/1295/591
f 1583/1298/593 1582/1299/594 1581/1300/595
f 1584/1301/596 1581/1300/595 1582/1299/594
f 1587/1302/597 1586/1303/597 1585/1304/597
f 1588/1305/597 1585/1304/597 1586/1303/597
f 1591/1306/598 1590/1307/598 1589/1308/598
f 1592/1309/598 1589/1308/598 1590/1307/598
f 1595/1310/599 1594/1311/599 1593/1312/600
f 1596/1313/601 1593/1312/600 1594/1311/599
f 1599/1314/602 1598/1315/602 1597/1316/602
f 1600/1317/602 1597/1316/602 1598/1315/602
f 1597/1316/602 1600/1317/602 1601/1318/602
f 1602/1319/602 1601/1318/602 1600/1317/602
f 1601/1318/602 1602/1319/602 1603/1320/602
f 1604/1321/602 1603/1320/602 1602/1319/602
f 1607/1322/602 1606/1323/602 1605/1324/602
f 1608/1325/602 1605/1324/602 1606/1323/602
f 1605/1324/602 1608/1325/602 1609/1326/602
f 1610/1327/602 1609/1326/602 1608/1325/602
f 1613/1328/602 1612/1329/602 1611/1330/602
f 1614/1331/602 1611/1330/602 1612/1329/602
f 1611/1330/602 1614/1331/602 1615/1332/602
f 1616/1333/602 1615/1332/602 1614/1331/602
f 1615/1332/602 1616/1333/602 1617/1334/602
f 1618/1335/602 1617/1334/602 1616/1333/602
f 1621/1336/603 1620/1337/603 1619/1338/603
f 1622/1339/603 1619/1338/603 1620/1337/603
f 1625/1340/604 1624/1341/604 1623/1342/604
f 1626/1343/605 1623/1342/604 1624/1341/604
f 1629/99/606 1628/100/606 1627/1344/606
f 1630/1345/606 1627/1344/606 1628/100/606
f 1633/105/606 1632/106/606 1631/101/606
f 1634/102/606 1631/101/606 1632/106/606
f 1637/1346/604 1636/1347/605 1635/103/605
f 1638/104/605 1635/103/605 1636/1347/605
f 1641/1348/607 1640/1349/607 1639/1350/607
f 1642/1351/607 1639/1350/607 1640/1349/607
f 1645/1352/608 1644/1353/608 1643/1354/608
f 1646/1355/609 1643/1354/608 1644/1353/608
f 1649/113/610 1648/114/610 1647/1356/610
f 1650/1357/611 1647/1356/610 1648/114/610
f 1653/119/610 1652/120/610 1651/115/610
f 1654/116/610 1651/115/610 1652/120/610
f 1657/1358/612 1656/1359/608 1655/117/608
f 1658/118/608 1655/117/608 1656/1359/608
f 1661/1360/613 1660/1361/614 1659/1362/614
f 1662/1363/615 1659/1362/614 1660/1361/614
f 1665/1364/616 1664/1365/617 1663/1366/617
f 1666/1367/618 1663/1366/617 1664/1365/617
f 1669/1368/619 1668/1369/619 1667/1370/619
f 1670/1371/619 1667/1370/619 1668/1369/619
f 1668/1369/619 1671/1372/619 1670/1371/619
f 1672/1373/619 1670/1371/619 1671/1372/619
f 1671/1372/619 1673/1374/619 1672/1373/619
f 1674/1375/619 1672/1373/619 1673/1374/619
f 1673/1374/619 1675/1376/619 1674/1375/619
f 1676/1377/619 1674/1375/619 1675/1376/619
f 1675/1376/619 1677/1378/619 1676/1377/619
f 1678/1379/619 1676/1377/619 1677/1378/619
f 1677/1378/619 1679/1380/620 1678/1379/619
f 1680/1381/619 1678/1379/619 1679/1380/620
f 1679/1380/620 1681/1382/619 1680/1381/619
f 1682/1383/619 1680/1381/619 1681/1382/619
f 1681/1382/619 1683/1384/619 1682/1383/619
f 1684/1385/619 1682/1383/619 1683/1384/619
f 1687/1386/621 1686/1387/621 1685/1388/621
f 1688/1389/622 1685/1388/621 1686/1387/621
f 1691/1390/623 1690/1391/623 1689/1392/623
f 1692/1393/624 1689/1392/623 1690/1391/623
f 1695/1394/625 1694/1395/625 1693/1396/625
f 1696/1397/625 1693/1396/625 1694/1395/625
f 1699/1398/604 1698/1399/604 1697/1400/604
f 1700/1401/604 1697/1400/604 1698/1399/604
f 1698/1399/604 1701/1402/604 1700/1401/604
f 1702/1403/626 1700/1401/604 1701/1402/604
f 1701/1402/604 1703/1404/604 1702/1403/626
f 1704/1405/604 1702/1403/626 1703/1404/604
f 1703/1404/604 1705/1406/626 1704/1405/604
f 1708/1407/627 1707/1408/627 1706/1409/627
f 1709/1410/628 1706/1409/627 1707/1408/627
f 1712/1411/608 1711/1412/608 1710/1413/608
f 1713/1414/609 1710/1413/608 1711/1412/608
f 1713/1414/609 1714/1415/608 1710/1413/608
f 1715/1416/629 1710/1413/608 1714/1415/608
f 1714/1415/608 1716/1417/629 1715/1416/629
f 1717/1418/629 1715/1416/629 1716/1417/629
f 1718/1419/612 1717/1418/629 1716/1417/629
f 1721/1420/630 1720/1421/630 1719/1422/630
f 1722/1423/630 1719/1422/630 1720/1421/630
f 1725/1424/605 1724/1425/604 1723/1426/604
f 1726/1427/604 1723/1426/604 1724/1425/604
f 1726/1427/604 1727/1428/604 1723/1426/604
f 1728/1429/604 1723/1426/604 1727/1428/604
f 1727/1428/604 1729/1430/604 1728/1429/604
f 1730/1431/604 1728/1429/604 1729/1430/604
f 1731/1432/604 1730/1431/604 1729/1430/604
f 1734/1433/631 1733/1434/631 1732/1435/631
f 1735/1436/631 1732/1435/631 1733/1434/631
f 1738/1437/609 1737/1438/608 1736/1439/608
f 1739/1440/608 1736/1439/608 1737/1438/608
f 1737/1438/608 1740/1441/609 1739/1440/608
f 1741/1442/612 1739/1440/608 1740/1441/609
f 1740/1441/609 1742/1443/608 1741/1442/612
f 1743/1444/608 1741/1442/612 1742/1443/608
f 1742/1443/608 1744/1445/608 1743/1444/608
f 1747/1446/632 1746/1447/632 1745/1448/632
f 1748/1449/632 1745/1448/632 1746/1447/632
f 1751/1450/633 1750/1451/633 1749/1452/633
f 1752/1453/634 1749/1452/633 1750/1451/633
f 1755/1454/635 1754/1394/635 1753/1455/635
f 1756/1396/635 1753/1455/635 1754/1394/635
f 1759/1456/636 1758/1433/636 1757/1457/636
f 1760/1435/636 1757/1457/636 1758/1433/636
f 1763/1458/637 1762/1407/637 1761/1459/637
f 1764/1409/637 1761/1459/637 1762/1407/637
f 1767/1460/638 1766/1420/638 1765/1461/638
f 1768/1422/638 1765/1461/638 1766/1420/638
f 1771/1388/639 1770/1454/639 1769/1386/639
f 1772/1455/639 1769/1386/639 1770/1454/639
f 1775/1462/640 1774/1456/641 1773/1463/640
f 1776/1457/641 1773/1463/640 1774/1456/641
f 1779/1464/642 1778/1458/642 1777/1465/642
f 1780/1459/642 1777/1465/642 1778/1458/642
f 1783/1451/643 1782/1460/643 1781/1453/643
f 1784/1461/644 1781/1453/643 1782/1460/643
f 1787/1466/591 1786/1467/591 1785/1468/590
f 1788/1469/592 1785/1468/590 1786/1467/591
f 1791/1470/594 1790/1471/595 1789/1472/595
f 1792/1473/596 1789/1472/595 1790/1471/595
f 1795/1474/597 1794/1475/597 1793/1476/597
f 1796/1477/597 1793/1476/597 1794/1475/597
f 1799/1478/645 1798/1479/645 1797/1480/645
f 1800/1481/645 1797/1480/645 1798/1479/645
f 1803/1482/646 1802/1483/646 1801/1484/646
f 1804/1485/646 1801/1484/646 1802/1483/646
f 1807/1486/602 1806/1487/602 1805/1488/602
f 1808/1489/602 1805/1488/602 1806/1487/602
f 1805/1488/602 1808/1489/602 1809/1490/602
f 1810/1491/602 1809/1490/602 1808/1489/602
f 1809/1490/602 1810/1491/602 1811/1492/602
f 1812/1493/602 1811/1492/602 1810/1491/602
f 1815/1494/602 1814/1495/602 1813/1496/602
f 1816/1497/602 1813/1496/602 1814/1495/602
f 1813/1496/602 1816/1497/602 1817/1498/602
f 1818/1499/647 1817/1498/602 1816/1497/602
f 1821/1500/602 1820/1501/602 1819/1502/602
f 1822/1503/602 1819/1502/602 1820/1501/602
f 1819/1502/602 1822/1503/602 1823/1504/602
f 1824/1505/602 1823/1504/602 1822/1503/602
f 1823/1504/602 1824/1505/602 1825/1506/602
f 1826/1507/602 1825/1506/602 1824/1505/602
f 1829/1508/603 1828/1509/603 1827/1510/603
f 1830/1511/603 1827/1510/603 1828/1509/603
f 1833/1512/604 1832/1513/604 1831/1514/604
f 1834/1515/604 1831/1514/604 1832/1513/604
f 1837/133/606 1836/134/606 1835/1516/606
f 1838/1517/606 1835/1516/606 1836/134/606
f 1841/139/606 1840/140/606 1839/135/606
f 1842/136/606 1839/135/606 1840/140/606
f 1845/1518/604 1844/1519/605 1843/137/605
f 1846/138/605 1843/137/605 1844/1519/605
f 1849/1520/607 1848/1521/607 1847/1522/607
f 1850/1523/607 1847/1522/607 1848/1521/607
f 1853/1524/608 1852/1525/608 1851/1526/608
f 1854/1527/609 1851/1526/608 1852/1525/608
f 1857/147/611 1856/148/610 1855/1528/610
f 1858/1529/648 1855/1528/610 1856/148/610
f 1861/153/610 1860/154/610 1859/149/610
f 1862/150/648 1859/149/610 1860/154/610
f 1865/1530/609 1864/1531/609 1863/151/609
f 1866/152/609 1863/151/609 1864/1531/609
f 1869/1532/613 1868/1533/614 1867/1534/614
f 1870/1535/615 1867/1534/614 1868/1533/614
f 1873/1536/649 1872/1537/650 1871/1538/650
f 1874/1539/617 1871/1538/650 1872/1537/650
f 1877/1540/619 1876/1541/619 1875/1542/619
f 1878/1543/619 1875/1542/619 1876/1541/619
f 1876/1541/619 1879/1544/619 1878/1543/619
f 1880/1545/619 1878/1543/619 1879/1544/619
f 1879/1544/619 1881/1546/619 1880/1545/619
f 1882/1547/619 1880/1545/619 1881/1546/619
f 1881/1546/619 1883/1548/619 1882/1547/619
f 1884/1549/619 1882/1547/619 1883/1548/619
f 1883/1548/619 1885/1550/619 1884/1549/619
f 1886/1551/619 1884/1549/619 1885/1550/619
f 1885/1550/619 1887/1552/619 1886/1551/619
f 1888/1553/619 1886/1551/619 1887/1552/619
f 1887/1552/619 1889/1554/619 1888/1553/619
f 1890/1555/619 1888/1553/619 1889/1554/619
f 1889/1554/619 1891/1556/619 1890/1555/619
f 1892/1557/619 1890/1555/619 1891/1556/619
f 1895/1558/621 1894/1559/621 1893/1560/621
f 1896/1561/621 1893/1560/621 1894/1559/621
f 1899/1562/624 1898/1563/624 1897/1564/624
f 1900/1565/624 1897/1564/624 1898/1563/624
f 1903/1566/625 1902/1567/625 1901/1568/625
f 1904/1569/625 1901/1568/625 1902/1567/625
f 1907/1570/604 1906/1571/604 1905/1572/604
f 1908/1573/604 1905/1572/604 1906/1571/604
f 1906/1571/604 1909/1574/604 1908/1573/604
f 1910/1575/604 1908/1573/604 1909/1574/604
f 1909/1574/604 1911/1576/604 1910/1575/604
f 1912/1577/604 1910/1575/604 1911/1576/604
f 1911/1576/604 1913/1578/604 1912/1577/604
f 1916/1579/627 1915/1580/627 1914/1581/627
f 1917/1582/628 1914/1581/627 1915/1580/627
f 1920/1583/612 1919/1584/612 1918/1585/612
f 1921/1586/612 1918/1585/612 1919/1584/612
f 1921/1586/612 1922/1587/608 1918/1585/612
f 1923/1588/608 1918/1585/612 1922/1587/608
f 1922/1587/608 1924/1589/608 1923/1588/608
f 1925/1590/608 1923/1588/608 1924/1589/608
f 1926/1591/608 1925/1590/608 1924/1589/608
f 1929/1592/630 1928/1593/630 1927/1594/630
f 1930/1595/651 1927/1594/630 1928/1593/630
f 1933/1596/604 1932/1597/604 1931/1598/604
f 1934/1599/604 1931/1598/604 1932/1597/604
f 1934/1599/604 1935/1600/604 1931/1598/604
f 1936/1601/605 1931/1598/604 1935/1600/604
f 1935/1600/604 1937/1602/604 1936/1601/605
f 1938/1603/604 1936/1601/605 1937/1602/604
f 1939/1604/626 1938/1603/604 1937/1602/604
f 1942/1605/652 1941/1606/652 1940/1607/652
f 1943/1608/652 1940/1607/652 1941/1606/652
f 1946/1609/608 1945/1610/608 1944/1611/608
f 1947/1612/608 1944/1611/608 1945/1610/608
f 1945/1610/608 1948/1613/608 1947/1612/608
f 1949/1614/608 1947/1612/608 1948/1613/608
f 1948/1613/608 1950/1615/612 1949/1614/608
f 1951/1616/629 1949/1614/608 1950/1615/612
f 1950/1615/612 1952/1617/629 1951/1616/629
f 1955/1618/632 1954/1619/632 1953/1620/632
f 1956/1621/632 1953/1620/632 1954/1619/632
f 1959/1622/633 1958/1623/633 1957/1624/633
f 1960/1625/633 1957/1624/633 1958/1623/633
f 1963/1626/653 1962/1566/653 1961/1627/653
f 1964/1568/635 1961/1627/653 1962/1566/653
f 1967/1628/654 1966/1605/654 1965/1629/654
f 1968/1607/654 1965/1629/654 1966/1605/654
f 1971/1630/655 1970/1579/655 1969/1631/655
f 1972/1581/655 1969/1631/655 1970/1579/655
f 1975/1632/638 1974/1592/638 1973/1633/638
f 1976/1594/656 1973/1633/638 1974/1592/638
f 1979/1560/657 1978/1626/657 1977/1558/657
f 1980/1627/657 1977/1558/657 1978/1626/657
f 1983/1634/641 1982/1628/641 1981/1635/641
f 1984/1629/641 1981/1635/641 1982/1628/641
f 1987/1636/642 1986/1630/642 1985/1637/642
f 1988/1631/642 1985/1637/642 1986/1630/642
f 1991/1623/643 1990/1632/643 1989/1625/643
f 1992/1633/643 1989/1625/643 1990/1632/643
f 1995/1638/658 1994/1639/659 1993/1640/660
f 1996/1641/661 1993/1640/660 1994/1639/659
f 1994/1639/659 1997/1642/321 1996/1641/661
f 1993/1640/660 1996/1641/661 1998/1643/662
f 1996/1641/661 1997/1642/321 1999/1644/663
f 1999/1644/663 1998/1643/662 1996/1641/661
f 2002/1645/664 2001/1646/321 2000/1647/659
f 2000/1647/659 2003/1648/665 2002/1645/664
f 2004/1649/666 2002/1645/664 2003/1648/665
f 2004/1649/666 2003/1648/665 2005/1650/667
f 2006/1651/668 2005/1650/667 2003/1648/665
f 2009/1652/669 2008/1653/321 2007/1654/670
f 2007/1654/670 2010/1655/671 2009/1652/669
f 2011/1656/672 2009/1652/669 2010/1655/671
f 2011/1656/672 2010/1655/671 2012/794/673
f 2013/1657/674 2012/794/673 2010/1655/671
f 2016/1658/658 2015/1659/675 2014/1660/676
f 2017/1661/677 2014/1660/676 2015/1659/675
f 2015/1659/675 2018/1662/662 2017/1661/677
f 2019/1663/673 2017/1661/677 2018/1662/662
f 2022/1664/667 2021/1665/678 2020/1666/679
f 2023/1667/680 2020/1666/679 2021/1665/678
f 2021/1665/678 2024/1668/674 2023/1667/680
f 2025/1669/671 2023/1667/680 2024/1668/674
f 2028/1670/666 2027/1671/681 2026/1672/682
f 2029/1673/341 2026/1672/682 2027/1671/681
f 2026/1672/682 2029/1673/341 2030/1674/321
f 2029/1673/341 2031/1675/670 2030/1674/321
f 2029/1673/341 2027/1671/681 2031/1675/670
f 2032/1676/683 2031/1675/670 2027/1671/681
f 2035/1677/103 2034/1678/103 2033/1679/103
f 2036/1680/103 2033/1679/103 2034/1678/103
f 2039/1681/684 2038/1682/685 2037/1683/685
f 2040/1684/685 2037/1683/685 2038/1682/685
f 2043/1685/686 2042/1686/686 2041/1687/686
f 2042/1686/686 2043/1685/686 2044/1688/686
f 2045/1689/686 2044/1688/686 2043/1685/686
f 2045/1689/686 2046/1690/686 2044/1688/686
f 2049/1691/687 2048/1692/687 2047/1693/687
f 2050/1694/687 2047/1693/687 2048/1692/687
f 2053/1695/688 2052/1696/688 2051/1697/688
f 2053/1695/688 2054/1698/688 2052/1696/688
f 2055/1699/688 2052/1696/688 2054/1698/688
f 2054/1698/688 2056/1700/688 2055/1699/688
f 2059/1701/689 2058/1702/690 2057/1703/691
f 2060/1704/692 2057/1703/691 2058/1702/690
f 2060/1704/692 2058/1702/690 2061/1705/693
f 2062/1706/694 2061/1705/693 2058/1702/690
f 2061/1705/693 2062/1706/694 2063/1707/695
f 2064/1708/696 2063/1707/695 2062/1706/694
f 2064/1708/696 2065/1709/697 2063/1707/695
f 2066/1710/698 2063/1707/695 2065/1709/697
f 2069/1711/699 2068/1712/700 2067/1713/701
f 2070/1714/702 2067/1713/701 2068/1712/700
f 2067/1713/701 2070/1714/702 2071/1715/703
f 2072/1716/704 2071/1715/703 2070/1714/702
f 2072/1716/704 2070/1714/702 2073/1717/694
f 2074/1718/705 2073/1717/694 2070/1714/702
f 2070/1714/702 2068/1712/700 2074/1718/705
f 2075/1719/706 2074/1718/705 2068/1712/700
f 2078/1720/707 2077/1721/708 2076/1722/709
f 2079/1723/710 2076/1722/709 2077/1721/708
f 2079/1723/710 2077/1721/708 2080/1724/711
f 2081/1725/712 2080/1724/711 2077/1721/708
f 2080/1724/711 2081/1725/712 2082/1726/713
f 2083/1727/714 2082/1726/713 2081/1725/712
f 2083/1727/714 2084/1728/715 2082/1726/713
f 2085/1729/716 2082/1726/713 2084/1728/715
f 2088/1730/717 2087/1731/718 2086/1732/719
f 2089/1733/720 2086/1732/719 2087/1731/718
f 2086/1732/719 2089/1733/720 2090/1734/707
f 2091/1735/708 2090/1734/707 2089/1733/720
f 2091/1735/708 2089/1733/720 2092/1736/721
f 2093/1737/722 2092/1736/721 2089/1733/720
f 2089/1733/720 2087/1731/718 2093/1737/722
f 2094/1738/723 2093/1737/722 2087/1731/718
f 2097/1739/724 2096/1740/684 2095/1741/725
f 2098/1742/725 2095/1741/725 2096/1740/684
f 2095/1741/725 2098/1742/725 2099/1743/685
f 2100/1744/726 2099/1743/685 2098/1742/725
f 2103/1745/727 2102/1746/728 2101/1747/729
f 2104/1748/730 2101/1747/729 2102/1746/728
f 2102/1746/728 2105/1749/731 2104/1748/730
f 2106/1750/732 2104/1748/730 2105/1749/731
f 2106/1750/732 2107/1751/733 2104/1748/730
f 2108/1752/734 2104/1748/730 2107/1751/733
f 2104/1748/730 2108/1752/734 2101/1747/729
f 2109/1753/697 2101/1747/729 2108/1752/734
f 2112/1754/712 2111/1755/735 2110/1756/736
f 2113/1757/737 2110/1756/736 2111/1755/735
f 2111/1755/735 2114/1758/738 2113/1757/737
f 2115/1759/739 2113/1757/737 2114/1758/738
f 2115/1759/739 2116/1760/740 2113/1757/737
f 2117/1761/741 2113/1757/737 2116/1760/740
f 2113/1757/737 2117/1761/741 2110/1756/736
f 2118/1762/742 2110/1756/736 2117/1761/741
f 2121/1763/743 2120/1764/744 2119/1765/745
f 2122/1766/746 2119/1765/745 2120/1764/744
f 2122/1766/746 2123/1767/747 2119/1765/745
f 2124/1768/748 2119/1765/745 2123/1767/747
f 2123/1767/747 2125/1769/749 2124/1768/748
f 2126/1770/750 2124/1768/748 2125/1769/749
f 2126/1770/750 2125/1769/749 2127/1771/751
f 2128/1772/752 2127/1771/751 2125/1769/749
f 2131/1773/753 2130/1774/754 2129/1775/755
f 2132/1776/756 2129/1775/755 2130/1774/754
f 2130/1774/754 2133/1777/757 2132/1776/756
f 2134/1778/745 2132/1776/756 2133/1777/757
f 2134/1778/745 2135/1779/758 2132/1776/756
f 2136/1780/759 2132/1776/756 2135/1779/758
f 2132/1776/756 2136/1780/759 2129/1775/755
f 2137/1781/760 2129/1775/755 2136/1780/759
f 2140/1782/761 2139/1783/762 2138/1784/763
f 2141/1785/764 2138/1784/763 2139/1783/762
f 2141/1785/764 2142/1786/765 2138/1784/763
f 2143/1787/766 2138/1784/763 2142/1786/765
f 2142/1786/765 2144/1788/767 2143/1787/766
f 2145/1789/768 2143/1787/766 2144/1788/767
f 2145/1789/768 2144/1788/767 2146/1790/769
f 2147/1791/770 2146/1790/769 2144/1788/767
f 2150/1792/771 2149/1793/772 2148/1794/746
f 2151/1795/773 2148/1794/746 2149/1793/772
f 2149/1793/772 2152/1796/774 2151/1795/773
f 2153/1797/763 2151/1795/773 2152/1796/774
f 2153/1797/763 2154/1798/766 2151/1795/773
f 2155/1799/775 2151/1795/773 2154/1798/766
f 2151/1795/773 2155/1799/775 2148/1794/746
f 2156/1800/776 2148/1794/746 2155/1799/775
f 2159/1801/777 2158/1802/719 2157/1803/777
f 2160/1804/719 2157/1803/777 2158/1802/719
f 2158/1802/719 2161/1805/777 2160/1804/719
f 2162/1806/778 2160/1804/719 2161/1805/777
f 2165/1807/779 2164/1808/780 2163/1809/781
f 2166/1810/782 2163/1809/781 2164/1808/780
f 2163/1809/781 2166/1810/782 2167/1811/765
f 2168/1812/767 2167/1811/765 2166/1810/782
f 2168/1812/767 2166/1810/782 2169/1813/783
f 2170/1814/784 2169/1813/783 2166/1810/782
f 2166/1810/782 2164/1808/780 2170/1814/784
f 2171/1815/785 2170/1814/784 2164/1808/780
f 2174/1816/786 2173/1817/787 2172/1818/775
f 2175/1819/788 2172/1818/775 2173/1817/787
f 2172/1818/775 2175/1819/788 2176/1820/789
f 2177/1821/790 2176/1820/789 2175/1819/788
f 2177/1821/790 2175/1819/788 2178/1822/791
f 2179/1823/792 2178/1822/791 2175/1819/788
f 2175/1819/788 2173/1817/787 2179/1823/792
f 2180/1824/793 2179/1823/792 2173/1817/787
f 2183/1825/794 2182/1826/794 2181/1827/794
f 2184/1828/794 2181/1827/794 2182/1826/794
f 2187/1829/795 2186/1830/795 2185/1831/795
f 2188/1832/795 2185/1831/795 2186/1830/795
f 2191/1832/456 2190/1825/456 2189/1831/456
f 2192/1827/456 2189/1831/456 2190/1825/456
f 2195/1833/103 2194/1834/103 2193/1835/103
f 2196/1836/103 2193/1835/103 2194/1834/103
f 2199/1837/98 2198/1838/98 2197/1839/98
f 2200/1840/98 2197/1839/98 2198/1838/98
f 2203/1841/456 2202/1842/456 2201/1843/456
f 2204/1844/456 2201/1843/456 2202/1842/456
f 2207/1833/103 2206/1834/103 2205/1835/103
f 2208/1836/103 2205/1835/103 2206/1834/103
f 2211/1845/98 2210/1846/98 2209/1847/98
f 2212/1848/98 2209/1847/98 2210/1846/98
f 2215/1841/456 2214/1842/456 2213/1843/456
f 2216/1844/456 2213/1843/456 2214/1842/456
f 2219/1849/103 2218/1834/103 2217/1835/103
f 2220/1836/103 2217/1835/103 2218/1834/103
f 2223/1850/98 2222/1851/98 2221/1852/98
f 2224/1853/98 2221/1852/98 2222/1851/98
f 2227/1841/456 2226/1842/456 2225/1843/456
f 2228/1844/456 2225/1843/456 2226/1842/456
f 2231/1833/103 2230/1834/103 2229/1835/103
f 2232/1836/103 2229/1835/103 2230/1834/103
f 2235/1854/98 2234/1855/98 2233/1856/98
f 2236/1857/98 2233/1856/98 2234/1855/98
f 2239/1841/456 2238/1842/456 2237/1843/456
f 2240/1844/456 2237/1843/456 2238/1842/456
f 2243/1833/103 2242/1858/103 2241/1835/103
f 2244/1836/103 2241/1835/103 2242/1858/103
f 2247/1859/98 2246/1860/796 2245/1861/98
f 2248/1862/796 2245/1861/98 2246/1860/796
f 2251/1841/456 2250/1842/456 2249/1843/456
f 2252/1844/456 2249/1843/456 2250/1842/456
f 2255/1833/103 2254/1858/103 2253/1835/103
f 2256/1836/103 2253/1835/103 2254/1858/103
f 2259/1863/98 2258/1864/796 2257/1865/98
f 2260/1866/796 2257/1865/98 2258/1864/796
f 2263/1841/456 2262/1842/456 2261/1843/456
f 2264/1844/456 2261/1843/456 2262/1842/456
f 2267/1833/103 2266/1834/103 2265/1835/103
f 2268/1836/103 2265/1835/103 2266/1834/103
f 2271/1867/98 2270/1868/98 2269/1869/98
f 2272/1870/98 2269/1869/98 2270/1868/98
f 2275/1841/456 2274/1842/456 2273/1871/456
f 2276/1844/456 2273/1871/456 2274/1842/456
f 2279/1833/103 2278/1834/103 2277/1835/103
f 2280/1836/103 2277/1835/103 2278/1834/103
f 2283/1872/98 2282/1873/98 2281/1874/98
f 2284/1875/98 2281/1874/98 2282/1873/98
f 2287/1841/456 2286/1842/456 2285/1843/456
f 2288/1844/456 2285/1843/456 2286/1842/456
f 2291/1876/797 2290/1877/797 2289/1878/102
f 2292/1879/102 2289/1878/102 2290/1877/797
f 2289/1878/102 2292/1879/102 2293/1880/798
f 2294/1881/799 2293/1880/798 2292/1879/102
f 2297/1882/800 2296/1883/801 2295/1884/802
f 2298/1885/802 2295/1884/802 2296/1883/801
f 2295/1884/802 2298/1885/802 2299/1886/803
f 2300/1887/803 2299/1886/803 2298/1885/802
f 2299/1886/803 2300/1887/803 2301/1888/804
f 2302/1889/805 2301/1888/804 2300/1887/803
f 2305/1890/806 2304/1891/807 2303/1892/94
f 2306/1893/94 2303/1892/94 2304/1891/807
f 2303/1892/94 2306/1893/94 2307/1894/808
f 2308/1895/809 2307/1894/808 2306/1893/94
f 2311/1896/810 2310/1897/810 2309/1898/811
f 2312/1899/811 2309/1898/811 2310/1897/810
f 2309/1898/811 2312/1899/811 2313/1900/812
f 2314/1901/812 2313/1900/812 2312/1899/811
f 2313/1900/812 2314/1901/812 2315/1902/798
f 2316/1903/798 2315/1902/798 2314/1901/812
f 2319/1904/797 2318/1905/102 2317/1906/797
f 2320/1907/102 2317/1906/797 2318/1905/102
f 2318/1905/102 2321/1908/798 2320/1907/102
f 2322/1909/798 2320/1907/102 2321/1908/798
f 2325/1910/800 2324/1911/802 2323/1912/800
f 2326/1913/813 2323/1912/800 2324/1911/802
f 2324/1911/802 2327/1914/814 2326/1913/813
f 2328/1915/803 2326/1913/813 2327/1914/814
f 2327/1914/814 2329/1916/804 2328/1915/803
f 2330/1917/804 2328/1915/803 2329/1916/804
f 2333/1918/804 2332/1919/94 2331/1920/806
f 2334/1921/94 2331/1920/806 2332/1919/94
f 2332/1919/94 2335/1922/810 2334/1921/94
f 2336/1923/810 2334/1921/94 2335/1922/810
f 2339/1924/810 2338/1925/811 2337/1926/810
f 2340/1927/811 2337/1926/810 2338/1925/811
f 2338/1925/811 2341/1928/812 2340/1927/811
f 2342/1929/812 2340/1927/811 2341/1928/812
f 2341/1928/812 2343/1930/798 2342/1929/812
f 2344/1931/798 2342/1929/812 2343/1930/798
f 2347/1932/815 2346/1933/816 2345/1934/817
f 2348/1935/818 2345/1934/817 2346/1933/816
f 2346/1933/816 2349/1936/819 2348/1935/818
f 2350/1937/820 2348/1935/818 2349/1936/819
f 2353/1938/817 2352/1939/821 2351/1940/815
f 2354/1941/822 2351/1940/815 2352/1939/821
f 2352/1939/821 2355/1942/823 2354/1941/822
f 2356/1943/824 2354/1941/822 2355/1942/823
f 2355/1942/823 2357/1944/825 2356/1943/824
f 2358/1945/826 2356/1943/824 2357/1944/825
f 2361/1946/825 2360/1947/827 2359/1948/826
f 2362/1949/828 2359/1948/826 2360/1947/827
f 2360/1947/827 2363/1950/829 2362/1949/828
f 2364/1951/830 2362/1949/828 2363/1950/829
f 2367/1952/829 2366/1953/831 2365/1954/832
f 2368/1955/833 2365/1954/832 2366/1953/831
f 2366/1953/831 2369/1956/834 2368/1955/833
f 2370/1957/835 2368/1955/833 2369/1956/834
f 2369/1956/834 2371/1958/836 2370/1957/835
f 2372/1959/837 2370/1957/835 2371/1958/836
f 2375/1960/103 2374/1961/103 2373/1962/103
f 2376/1963/103 2373/1962/103 2374/1961/103
f 2379/1964/838 2378/1965/838 2377/1966/838
f 2380/1967/838 2377/1966/838 2378/1965/838
f 2383/1968/839 2382/1969/839 2381/1970/839
f 2384/1971/839 2381/1970/839 2382/1969/839
f 2387/1972/840 2386/1973/840 2385/1974/840
f 2388/1975/840 2385/1974/840 2386/1973/840
f 2391/1976/841 2390/1977/841 2389/1978/841
f 2392/1979/841 2389/1978/841 2390/1977/841
f 2395/1980/842 2394/1981/839 2393/1982/842
f 2396/1983/839 2393/1982/842 2394/1981/839
f 2394/1981/839 2397/1984/843 2396/1983/839
f 2398/1985/843 2396/1983/839 2397/1984/843
f 2401/1986/844 2400/1987/838 2399/1988/842
f 2402/1989/838 2399/1988/842 2400/1987/838
f 2400/1987/838 2403/1990/845 2402/1989/838
f 2404/1991/846 2402/1989/838 2403/1990/845
f 2407/1992/847 2406/1993/848 2405/1994/847
f 2408/1995/841 2405/1994/847 2406/1993/848
f 2406/1993/848 2409/1996/849 2408/1995/841
f 2410/1997/849 2408/1995/841 2409/1996/849
f 2413/1998/849 2412/1999/840 2411/2000/850
f 2414/2001/851 2411/2000/850 2412/1999/840
f 2412/1999/840 2415/2002/852 2414/2001/851
f 2416/2003/843 2414/2001/851 2415/2002/852
f 2419/2004/853 2418/2005/839 2417/2006/853
f 2420/2007/839 2417/2006/853 2418/2005/839
f 2418/2005/839 2421/2008/843 2420/2007/839
f 2422/2009/843 2420/2007/839 2421/2008/843
f 2425/2010/842 2424/2011/854 2423/2012/842
f 2426/2013/854 2423/2012/842 2424/2011/854
f 2424/2011/854 2427/2014/855 2426/2013/854
f 2428/2015/855 2426/2013/854 2427/2014/855
f 2431/2016/855 2430/2017/841 2429/2018/855
f 2432/2019/841 2429/2018/855 2430/2017/841
f 2430/2017/841 2433/2020/849 2432/2019/841
f 2434/2021/849 2432/2019/841 2433/2020/849
f 2437/2022/849 2436/2023/840 2435/2024/849
f 2438/2025/840 2435/2024/849 2436/2023/840
f 2436/2023/840 2439/2026/843 2438/2025/840
f 2440/2027/843 2438/2025/840 2439/2026/843
f 2443/2028/842 2442/2029/839 2441/2030/842
f 2444/2031/839 2441/2030/842 2442/2029/839
f 2442/2029/839 2445/2032/843 2444/2031/839
f 2446/2033/843 2444/2031/839 2445/2032/843
f 2449/2034/844 2448/2035/854 2447/2036/842
f 2450/2037/838 2447/2036/842 2448/2035/854
f 2448/2035/854 2451/2038/855 2450/2037/838
f 2452/2039/856 2450/2037/838 2451/2038/855
f 2455/2040/855 2454/2041/841 2453/2042/855
f 2456/2043/841 2453/2042/855 2454/2041/841
f 2454/2041/841 2457/2044/849 2456/2043/841
f 2458/2045/857 2456/2043/841 2457/2044/849
f 2461/2046/849 2460/2047/840 2459/2048/849
f 2462/2049/840 2459/2048/849 2460/2047/840
f 2460/2047/840 2463/2050/852 2462/2049/840
f 2464/2051/843 2462/2049/840 2463/2050/852
f 2467/2052/858 2466/2053/839 2465/2054/853
f 2468/2055/839 2465/2054/853 2466/2053/839
f 2466/2053/839 2469/2056/843 2468/2055/839
f 2470/2057/843 2468/2055/839 2469/2056/843
f 2473/2058/842 2472/2059/838 2471/2060/842
f 2474/2061/854 2471/2060/842 2472/2059/838
f 2472/2059/838 2475/2062/855 2474/2061/854
f 2476/2063/855 2474/2061/854 2475/2062/855
f 2479/2064/855 2478/2065/841 2477/2066/855
f 2480/2067/841 2477/2066/855 2478/2065/841
f 2478/2065/841 2481/2068/849 2480/2067/841
f 2482/2069/859 2480/2067/841 2481/2068/849
f 2485/2070/849 2484/2071/840 2483/2072/849
f 2486/2073/840 2483/2072/849 2484/2071/840
f 2484/2071/840 2487/2074/843 2486/2073/840
f 2488/2075/843 2486/2073/840 2487/2074/843
f 2491/2076/103 2490/2077/103 2489/2078/103
f 2492/2079/103 2489/2078/103 2490/2077/103
f 2495/2080/860 2494/2081/860 2493/2082/860
f 2496/2083/860 2493/2082/860 2494/2081/860
f 2499/2084/861 2498/2085/861 2497/2086/861
f 2500/2087/861 2497/2086/861 2498/2085/861
f 2503/2088/862 2502/2089/862 2501/2090/862
f 2504/2091/862 2501/2090/862 2502/2089/862
f 2507/2092/863 2506/2093/863 2505/2094/863
f 2508/2095/863 2505/2094/863 2506/2093/863
f 2511/2096/864 2510/2097/865 2509/2098/861
f 2512/2099/861 2509/2098/861 2510/2097/865
f 2509/2098/861 2512/2099/861 2513/2100/866
f 2514/2101/866 2513/2100/866 2512/2099/861
f 2517/2102/867 2516/2103/868 2515/2104/860
f 2518/2105/860 2515/2104/860 2516/2103/868
f 2515/2104/860 2518/2105/860 2519/2106/869
f 2520/2107/870 2519/2106/869 2518/2105/860
f 2523/2108/870 2522/2109/870 2521/2110/863
f 2524/2111/863 2521/2110/863 2522/2109/870
f 2521/2110/863 2524/2111/863 2525/2112/871
f 2526/2113/871 2525/2112/871 2524/2111/863
f 2529/2114/871 2528/2115/871 2527/2116/872
f 2530/2117/862 2527/2116/872 2528/2115/871
f 2527/2116/872 2530/2117/862 2531/2118/873
f 2532/2119/866 2531/2118/873 2530/2117/862
f 2535/2120/864 2534/2121/864 2533/2122/861
f 2536/2123/861 2533/2122/861 2534/2121/864
f 2533/2122/861 2536/2123/861 2537/2124/866
f 2538/2125/866 2537/2124/866 2536/2123/861
f 2541/2126/867 2540/2127/868 2539/2128/874
f 2542/2129/874 2539/2128/874 2540/2127/868
f 2539/2128/874 2542/2129/874 2543/2130/869
f 2544/2131/875 2543/2130/869 2542/2129/874
f 2547/2132/870 2546/2133/870 2545/2134/863
f 2548/2135/863 2545/2134/863 2546/2133/870
f 2545/2134/863 2548/2135/863 2549/2136/871
f 2550/2137/871 2549/2136/871 2548/2135/863
f 2553/2138/871 2552/2139/871 2551/2140/872
f 2554/2141/872 2551/2140/872 2552/2139/871
f 2551/2140/872 2554/2141/872 2555/2142/866
f 2556/2143/866 2555/2142/866 2554/2141/872
f 2559/2144/868 2558/2145/864 2557/2146/861
f 2560/2147/861 2557/2146/861 2558/2145/864
f 2557/2146/861 2560/2147/861 2561/2148/866
f 2562/2149/866 2561/2148/866 2560/2147/861
f 2565/2150/868 2564/2151/868 2563/2152/860
f 2566/2153/860 2563/2152/860 2564/2151/868
f 2563/2152/860 2566/2153/860 2567/2154/870
f 2568/2155/875 2567/2154/870 2566/2153/860
f 2571/2156/870 2570/2157/870 2569/2158/863
f 2572/2159/863 2569/2158/863 2570/2157/870
f 2569/2158/863 2572/2159/863 2573/2160/871
f 2574/2161/871 2573/2160/871 2572/2159/863
f 2577/2162/871 2576/2163/871 2575/2164/862
f 2578/2165/862 2575/2164/862 2576/2163/871
f 2575/2164/862 2578/2165/862 2579/2166/866
f 2580/2167/866 2579/2166/866 2578/2165/862
f 2583/2168/868 2582/2169/868 2581/2170/861
f 2584/2171/861 2581/2170/861 2582/2169/868
f 2581/2170/861 2584/2171/861 2585/2172/866
f 2586/2173/866 2585/2172/866 2584/2171/861
f 2589/2174/868 2588/2175/868 2587/2176/860
f 2590/2177/860 2587/2176/860 2588/2175/868
f 2587/2176/860 2590/2177/860 2591/2178/870
f 2592/2179/870 2591/2178/870 2590/2177/860
f 2595/2180/870 2594/2181/870 2593/2182/863
f 2596/2183/876 2593/2182/863 2594/2181/870
f 2593/2182/863 2596/2183/876 2597/2184/877
f 2598/2185/871 2597/2184/877 2596/2183/876
f 2601/2186/871 2600/2187/871 2599/2188/872
f 2602/2189/862 2599/2188/872 2600/2187/871
f 2599/2188/872 2602/2189/862 2603/2190/878
f 2604/2191/866 2603/2190/878 2602/2189/862
f 2607/2192/103 2606/2193/103 2605/2194/103
f 2608/2195/103 2605/2194/103 2606/2193/103
f 2611/2196/879 2610/2197/879 2609/2198/879
f 2612/2199/879 2609/2198/879 2610/2197/879
f 2615/2200/880 2614/2201/880 2613/2202/880
f 2615/2200/880 2616/2203/880 2614/2201/880
f 2617/2204/880 2614/2201/880 2616/2203/880
f 2618/2205/880 2617/2204/880 2616/2203/880
f 2621/2206/881 2620/2207/881 2619/2208/882
f 2622/2209/882 2619/2208/882 2620/2207/881
f 2625/2210/883 2624/2211/884 2623/2212/884
f 2624/2211/884 2625/2210/883 2626/2213/883
f 2627/2214/883 2626/2213/883 2625/2210/883
f 2628/2215/884 2626/2213/883 2627/2214/883
f 2631/2216/885 2630/2217/886 2629/2218/887
f 2632/2219/888 2629/2218/887 2630/2217/886
f 2632/2219/888 2633/2220/889 2629/2218/887
f 2634/2221/890 2629/2218/887 2633/2220/889
f 2633/2220/889 2635/2222/891 2634/2221/890
f 2636/2223/892 2634/2221/890 2635/2222/891
f 2636/2223/892 2635/2222/891 2637/2224/893
f 2638/2225/894 2637/2224/893 2635/2222/891
f 2641/2226/895 2640/2227/896 2639/2228/897
f 2642/2229/898 2639/2228/897 2640/2227/896
f 2640/2227/896 2643/2230/885 2642/2229/898
f 2644/2231/887 2642/2229/898 2643/2230/885
f 2644/2231/887 2645/2232/890 2642/2229/898
f 2646/2233/899 2642/2229/898 2645/2232/890
f 2642/2229/898 2646/2233/899 2639/2228/897
f 2647/2234/900 2639/2228/897 2646/2233/899
f 2650/2235/901 2649/2236/895 2648/2237/902
f 2651/2238/903 2648/2237/902 2649/2236/895
f 2651/2238/903 2652/2239/904 2648/2237/902
f 2653/2240/905 2648/2237/902 2652/2239/904
f 2652/2239/904 2654/2241/906 2653/2240/905
f 2655/2242/907 2653/2240/905 2654/2241/906
f 2655/2242/907 2654/2241/906 2656/2243/908
f 2657/2244/909 2656/2243/908 2654/2241/906
f 2660/2245/910 2659/2246/911 2658/2247/912
f 2661/2248/913 2658/2247/912 2659/2246/911
f 2659/2246/911 2662/2249/914 2661/2248/913
f 2663/2250/915 2661/2248/913 2662/2249/914
f 2663/2250/915 2664/2251/916 2661/2248/913
f 2665/2252/917 2661/2248/913 2664/2251/916
f 2661/2248/913 2665/2252/917 2658/2247/912
f 2666/2253/918 2658/2247/912 2665/2252/917
f 2669/2254/919 2668/2255/879 2667/2256/920
f 2670/2257/921 2667/2256/920 2668/2255/879
f 2668/2255/879 2671/2258/922 2670/2257/921
f 2672/2259/923 2670/2257/921 2671/2258/922
f 2675/2260/890 2674/2261/924 2673/2262/925
f 2676/2263/926 2673/2262/925 2674/2261/924
f 2673/2262/925 2676/2263/926 2677/2264/927
f 2678/2265/928 2677/2264/927 2676/2263/926
f 2678/2265/928 2676/2263/926 2679/2266/929
f 2680/2267/930 2679/2266/929 2676/2263/926
f 2676/2263/926 2674/2261/924 2680/2267/930
f 2681/2268/931 2680/2267/930 2674/2261/924
f 2684/2269/932 2683/2270/933 2682/2271/934
f 2685/2272/935 2682/2271/934 2683/2270/933
f 2682/2271/934 2685/2272/935 2686/2273/936
f 2687/2274/891 2686/2273/936 2685/2272/935
f 2687/2274/891 2685/2272/935 2688/2275/937
f 2689/2276/938 2688/2275/937 2685/2272/935
f 2685/2272/935 2683/2270/933 2689/2276/938
f 2690/2277/908 2689/2276/938 2683/2270/933
f 2693/2278/939 2692/2279/940 2691/2280/941
f 2694/2281/942 2691/2280/941 2692/2279/940
f 2694/2281/942 2692/2279/940 2695/2282/943
f 2696/2283/944 2695/2282/943 2692/2279/940
f 2695/2282/943 2696/2283/944 2697/2284/945
f 2698/2285/946 2697/2284/945 2696/2283/944
f 2698/2285/946 2699/2286/947 2697/2284/945
f 2700/2287/948 2697/2284/945 2699/2286/947
f 2703/2288/949 2702/2289/950 2701/2290/951
f 2704/2291/952 2701/2290/951 2702/2289/950
f 2701/2290/951 2704/2291/952 2705/2292/953
f 2706/2293/940 2705/2292/953 2704/2291/952
f 2706/2293/940 2704/2291/952 2707/2294/954
f 2708/2295/955 2707/2294/954 2704/2291/952
f 2704/2291/952 2702/2289/950 2708/2295/955
f 2709/2296/956 2708/2295/955 2702/2289/950
f 2712/2297/957 2711/2298/958 2710/2299/959
f 2713/2300/950 2710/2299/959 2711/2298/958
f 2713/2300/950 2711/2298/958 2714/2301/960
f 2715/2302/961 2714/2301/960 2711/2298/958
f 2714/2301/960 2715/2302/961 2716/2303/962
f 2717/2304/963 2716/2303/962 2715/2302/961
f 2717/2304/963 2718/2305/964 2716/2303/962
f 2719/2306/965 2716/2303/962 2718/2305/964
f 2722/2307/966 2721/2308/967 2720/2309/968
f 2723/2310/969 2720/2309/968 2721/2308/967
f 2720/2309/968 2723/2310/969 2724/2311/957
f 2725/2312/970 2724/2311/957 2723/2310/969
f 2725/2312/970 2723/2310/969 2726/2313/971
f 2727/2314/972 2726/2313/971 2723/2310/969
f 2723/2310/969 2721/2308/967 2727/2314/972
f 2728/2315/973 2727/2314/972 2721/2308/967
f 2731/2316/974 2730/2317/882 2729/2318/882
f 2732/2319/882 2729/2318/882 2730/2317/882
f 2729/2318/882 2732/2319/882 2733/2320/974
f 2734/2321/975 2733/2320/974 2732/2319/882
f 2737/2322/976 2736/2323/977 2735/2324/946
f 2738/2325/978 2735/2324/946 2736/2323/977
f 2736/2323/977 2739/2326/960 2738/2325/978
f 2740/2327/962 2738/2325/978 2739/2326/960
f 2740/2327/962 2741/2328/965 2738/2325/978
f 2742/2329/979 2738/2325/978 2741/2328/965
f 2738/2325/978 2742/2329/979 2735/2324/946
f 2743/2330/980 2735/2324/946 2742/2329/979
f 2746/2331/981 2745/2332/982 2744/2333/983
f 2747/2334/984 2744/2333/983 2745/2332/982
f 2745/2332/982 2748/2335/973 2747/2334/984
f 2749/2336/985 2747/2334/984 2748/2335/973
f 2749/2336/985 2750/2337/986 2747/2334/984
f 2751/2338/987 2747/2334/984 2750/2337/986
f 2747/2334/984 2751/2338/987 2744/2333/983
f 2752/2339/988 2744/2333/983 2751/2338/987
f 2755/2340/989 2754/2341/990 2753/2342/989
f 2756/2343/990 2753/2342/989 2754/2341/990
f 2759/2344/991 2758/2345/991 2757/2346/991
f 2760/2347/991 2757/2346/991 2758/2345/991
f 2763/2342/456 2762/2343/456 2761/2346/456
f 2764/2344/456 2761/2346/456 2762/2343/456
f 2767/2348/103 2766/2349/103 2765/2350/103
f 2768/2351/103 2765/2350/103 2766/2349/103
f 2771/2352/992 2770/2353/993 2769/2354/992
f 2772/2355/993 2769/2354/992 2770/2353/993
f 2775/2356/994 2774/2357/994 2773/2358/994
f 2774/2357/994 2775/2356/994 2776/2359/994
f 2777/2360/994 2776/2359/994 2775/2356/994
f 2777/2360/994 2778/2361/995 2776/2359/994
f 2781/2362/996 2780/2363/996 2779/2364/996
f 2782/2365/996 2779/2364/996 2780/2363/996
f 2785/2366/997 2784/2367/997 2783/2368/997
f 2785/2366/997 2786/2369/997 2784/2367/997
f 2787/2370/997 2784/2367/997 2786/2369/997
f 2786/2369/997 2788/2371/997 2787/2370/997
f 2791/2372/998 2790/2373/999 2789/2374/1000
f 2792/2375/1001 2789/2374/1000 2790/2373/999
f 2792/2375/1001 2790/2373/999 2793/2376/1002
f 2794/2377/1003 2793/2376/1002 2790/2373/999
f 2793/2376/1002 2794/2377/1003 2795/2378/1004
f 2796/2379/1005 2795/2378/1004 2794/2377/1003
f 2796/2379/1005 2797/2380/1006 2795/2378/1004
f 2798/2381/1007 2795/2378/1004 2797/2380/1006
f 2801/2382/1008 2800/2383/1009 2799/2384/1010
f 2802/2385/1011 2799/2384/1010 2800/2383/1009
f 2799/2384/1010 2802/2385/1011 2803/2386/998
f 2804/2387/1012 2803/2386/998 2802/2385/1011
f 2804/2387/1012 2802/2385/1011 2805/2388/1013
f 2806/2389/1014 2805/2388/1013 2802/2385/1011
f 2802/2385/1011 2800/2383/1009 2806/2389/1014
f 2807/2390/1015 2806/2389/1014 2800/2383/1009
f 2810/2391/1016 2809/2392/1017 2808/2393/1018
f 2811/2394/1019 2808/2393/1018 2809/2392/1017
f 2811/2394/1019 2809/2392/1017 2812/2395/1020
f 2813/2396/1021 2812/2395/1020 2809/2392/1017
f 2812/2395/1020 2813/2396/1021 2814/2397/1022
f 2815/2398/1023 2814/2397/1022 2813/2396/1021
f 2815/2398/1023 2816/2399/1024 2814/2397/1022
f 2817/2400/1025 2814/2397/1022 2816/2399/1024
f 2820/2401/1026 2819/2402/1027 2818/2403/1028
f 2821/2404/1029 2818/2403/1028 2819/2402/1027
f 2818/2403/1028 2821/2404/1029 2822/2405/1030
f 2823/2406/1031 2822/2405/1030 2821/2404/1029
f 2823/2406/1031 2821/2404/1029 2824/2407/1032
f 2825/2408/1033 2824/2407/1032 2821/2404/1029
f 2821/2404/1029 2819/2402/1027 2825/2408/1033
f 2826/2409/1034 2825/2408/1033 2819/2402/1027
f 2829/2410/992 2828/2411/993 2827/2412/1035
f 2830/2413/993 2827/2412/1035 2828/2411/993
f 2827/2412/1035 2830/2413/993 2831/2414/992
f 2832/2415/1036 2831/2414/992 2830/2413/993
f 2835/2416/1003 2834/2417/1014 2833/2418/1037
f 2836/2419/1038 2833/2418/1037 2834/2417/1014
f 2834/2417/1014 2837/2420/1020 2836/2419/1038
f 2838/2421/1039 2836/2419/1038 2837/2420/1020
f 2838/2421/1039 2839/2422/1025 2836/2419/1038
f 2840/2423/1040 2836/2419/1038 2839/2422/1025
f 2836/2419/1038 2840/2423/1040 2833/2418/1037
f 2841/2424/1041 2833/2418/1037 2840/2423/1040
f 2844/2425/1042 2843/2426/1043 2842/2427/1044
f 2845/2428/1045 2842/2427/1044 2843/2426/1043
f 2843/2426/1043 2846/2429/1046 2845/2428/1045
f 2847/2430/1047 2845/2428/1045 2846/2429/1046
f 2847/2430/1047 2848/2431/1048 2845/2428/1045
f 2849/2432/1049 2845/2428/1045 2848/2431/1048
f 2845/2428/1045 2849/2432/1049 2842/2427/1044
f 2850/2433/1050 2842/2427/1044 2849/2432/1049
f 2853/2434/1051 2852/2435/1052 2851/2436/1053
f 2854/2437/1054 2851/2436/1053 2852/2435/1052
f 2854/2437/1054 2855/2438/1055 2851/2436/1053
f 2856/2439/1056 2851/2436/1053 2855/2438/1055
f 2855/2438/1055 2857/2440/1057 2856/2439/1056
f 2858/2441/1058 2856/2439/1056 2857/2440/1057
f 2858/2441/1058 2857/2440/1057 2859/2442/1059
f 2860/2443/1060 2859/2442/1059 2857/2440/1057
f 2863/2444/1061 2862/2445/1062 2861/2446/1063
f 2864/2447/1064 2861/2446/1063 2862/2445/1062
f 2862/2445/1062 2865/2448/1051 2864/2447/1064
f 2866/2449/1053 2864/2447/1064 2865/2448/1051
f 2866/2449/1053 2867/2450/1056 2864/2447/1064
f 2868/2451/1065 2864/2447/1064 2867/2450/1056
f 2864/2447/1064 2868/2451/1065 2861/2446/1063
f 2869/2452/1066 2861/2446/1063 2868/2451/1065
f 2872/2453/1067 2871/2454/1068 2870/2455/1069
f 2873/2456/1070 2870/2455/1069 2871/2454/1068
f 2873/2456/1070 2874/2457/1071 2870/2455/1069
f 2875/2458/1072 2870/2455/1069 2874/2457/1071
f 2874/2457/1071 2876/2459/1073 2875/2458/1072
f 2877/2460/1074 2875/2458/1072 2876/2459/1073
f 2877/2460/1074 2876/2459/1073 2878/2461/1075
f 2879/2462/1076 2878/2461/1075 2876/2459/1073
f 2882/2463/1077 2881/2464/1078 2880/2465/1079
f 2883/2466/1080 2880/2465/1079 2881/2464/1078
f 2881/2464/1078 2884/2467/1081 2883/2466/1080
f 2885/2468/1069 2883/2466/1080 2884/2467/1081
f 2885/2468/1069 2886/2469/1082 2883/2466/1080
f 2887/2470/1083 2883/2466/1080 2886/2469/1082
f 2883/2466/1080 2887/2470/1083 2880/2465/1079
f 2888/2471/1084 2880/2465/1079 2887/2470/1083
f 2891/2472/1085 2890/2473/996 2889/2474/1086
f 2892/2475/996 2889/2474/1086 2890/2473/996
f 2890/2473/996 2893/2476/996 2892/2475/996
f 2894/2477/1087 2892/2475/996 2893/2476/996
f 2897/2478/1088 2896/2479/1058 2895/2480/1089
f 2898/2481/1090 2895/2480/1089 2896/2479/1058
f 2895/2480/1089 2898/2481/1090 2899/2482/1066
f 2900/2483/1073 2899/2482/1066 2898/2481/1090
f 2900/2483/1073 2898/2481/1090 2901/2484/1091
f 2902/2485/1092 2901/2484/1091 2898/2481/1090
f 2898/2481/1090 2896/2479/1058 2902/2485/1092
f 2903/2486/1059 2902/2485/1092 2896/2479/1058
f 2906/2487/1093 2905/2488/1094 2904/2489/1095
f 2907/2490/1096 2904/2489/1095 2905/2488/1094
f 2904/2489/1095 2907/2490/1096 2908/2491/1097
f 2909/2492/1098 2908/2491/1097 2907/2490/1096
f 2909/2492/1098 2907/2490/1096 2910/2493/1099
f 2911/2494/1100 2910/2493/1099 2907/2490/1096
f 2907/2490/1096 2905/2488/1094 2911/2494/1100
f 2912/2495/1101 2911/2494/1100 2905/2488/1094
f 2915/2496/1102 2914/2497/1102 2913/2498/1102
f 2916/2499/1103 2913/2498/1102 2914/2497/1102
f 2919/2500/1104 2918/2501/1104 2917/2502/1104
f 2920/2503/1104 2917/2502/1104 2918/2501/1104
f 2923/2503/456 2922/2496/456 2921/2502/456
f 2924/2498/456 2921/2502/456 2922/2496/456
f 2927/2504/103 2926/2505/103 2925/2506/103
f 2928/2507/103 2925/2506/103 2926/2505/103
f 2931/2508/1105 2930/2509/1106 2929/2510/1105
f 2932/2511/1106 2929/2510/1105 2930/2509/1106
f 2935/2512/1107 2934/2513/1107 2933/2514/1107
f 2936/2515/1107 2933/2514/1107 2934/2513/1107
f 2939/2516/1108 2938/2517/1108 2937/2518/1108
f 2940/2519/1108 2937/2518/1108 2938/2517/1108
f 2943/2520/1109 2942/2521/1109 2941/2522/1109
f 2944/2523/1109 2941/2522/1109 2942/2521/1109
f 2947/2524/1110 2946/2525/1111 2945/2526/1110
f 2948/2527/1107 2945/2526/1110 2946/2525/1111
f 2946/2525/1111 2949/2528/1112 2948/2527/1107
f 2950/2529/1112 2948/2527/1107 2949/2528/1112
f 2953/2530/1110 2952/2531/1105 2951/2532/1110
f 2954/2533/1106 2951/2532/1110 2952/2531/1105
f 2952/2531/1105 2955/2534/1113 2954/2533/1106
f 2956/2535/1113 2954/2533/1106 2955/2534/1113
f 2959/2536/1113 2958/2537/1109 2957/2538/1114
f 2960/2539/1109 2957/2538/1114 2958/2537/1109
f 2958/2537/1109 2961/2540/1115 2960/2539/1109
f 2962/2541/1115 2960/2539/1109 2961/2540/1115
f 2965/2542/1115 2964/2543/1108 2963/2544/1115
f 2966/2545/1108 2963/2544/1115 2964/2543/1108
f 2964/2543/1108 2967/2546/1112 2966/2545/1108
f 2968/2547/1116 2966/2545/1108 2967/2546/1112
f 2971/2548/1117 2970/2549/1111 2969/2550/1110
f 2972/2551/1111 2969/2550/1110 2970/2549/1111
f 2970/2549/1111 2973/2552/1112 2972/2551/1111
f 2974/2553/1112 2972/2551/1111 2973/2552/1112
f 2977/2554/1110 2976/2555/1105 2975/2556/1117
f 2978/2557/1105 2975/2556/1117 2976/2555/1105
f 2976/2555/1105 2979/2558/1113 2978/2557/1105
f 2980/2559/1113 2978/2557/1105 2979/2558/1113
f 2983/2560/1118 2982/2561/1119 2981/2562/1113
f 2984/2563/1119 2981/2562/1113 2982/2561/1119
f 2982/2561/1119 2985/2564/1115 2984/2563/1119
f 2986/2565/1120 2984/2563/1119 2985/2564/1115
f 2989/2566/1115 2988/2567/1108 2987/2568/1115
f 2990/2569/1108 2987/2568/1115 2988/2567/1108
f 2988/2567/1108 2991/2570/1112 2990/2569/1108
f 2992/2571/1112 2990/2569/1108 2991/2570/1112
f 2995/2572/1110 2994/2573/1111 2993/2574/1121
f 2996/2575/1111 2993/2574/1121 2994/2573/1111
f 2994/2573/1111 2997/2576/1112 2996/2575/1111
f 2998/2577/1122 2996/2575/1111 2997/2576/1112
f 3001/2578/1123 3000/2579/1105 2999/2580/1123
f 3002/2581/1105 2999/2580/1123 3000/2579/1105
f 3000/2579/1105 3003/2582/1113 3002/2581/1105
f 3004/2583/1113 3002/2581/1105 3003/2582/1113
f 3007/2584/1113 3006/2585/1109 3005/2586/1113
f 3008/2587/1109 3005/2586/1113 3006/2585/1109
f 3006/2585/1109 3009/2588/1115 3008/2587/1109
f 3010/2589/1115 3008/2587/1109 3009/2588/1115
f 3013/2590/1115 3012/2591/1108 3011/2592/1115
f 3014/2593/1124 3011/2592/1115 3012/2591/1108
f 3012/2591/1108 3015/2594/1116 3014/2593/1124
f 3016/2595/1116 3014/2593/1124 3015/2594/1116
f 3019/2596/1110 3018/2597/1107 3017/2598/1110
f 3020/2599/1107 3017/2598/1110 3018/2597/1107
f 3018/2597/1107 3021/2600/1112 3020/2599/1107
f 3022/2601/1112 3020/2599/1107 3021/2600/1112
f 3025/2602/1110 3024/2603/1105 3023/2604/1110
f 3026/2605/1105 3023/2604/1110 3024/2603/1105
f 3024/2603/1105 3027/2606/1113 3026/2605/1105
f 3028/2607/1125 3026/2605/1105 3027/2606/1113
f 3031/2608/1113 3030/2609/1109 3029/2610/1113
f 3032/2611/1109 3029/2610/1113 3030/2609/1109
f 3030/2609/1109 3033/2612/1115 3032/2611/1109
f 3034/2613/1115 3032/2611/1109 3033/2612/1115
f 3037/2614/1115 3036/2615/1124 3035/2616/1115
f 3038/2617/1124 3035/2616/1115 3036/2615/1124
f 3036/2615/1124 3039/2618/1112 3038/2617/1124
f 3040/2619/1112 3038/2617/1124 3039/2618/1112
f 3043/2620/103 3042/2621/103 3041/2622/103
f 3044/2623/103 3041/2622/103 3042/2621/103
f 3047/2624/1126 3046/2625/1126 3045/2626/1126
f 3048/2627/1126 3045/2626/1126 3046/2625/1126
f 3051/2628/1127 3050/2629/1127 3049/2630/1127
f 3052/2631/1127 3049/2630/1127 3050/2629/1127
f 3055/2632/1128 3054/2633/1128 3053/2634/1129
f 3056/2635/1129 3053/2634/1129 3054/2633/1128
f 3059/2636/1130 3058/2637/1130 3057/2638/1130
f 3060/2639/1130 3057/2638/1130 3058/2637/1130
f 3063/2640/1131 3062/2641/1132 3061/2642/1127
f 3064/2643/1127 3061/2642/1127 3062/2641/1132
f 3061/2642/1127 3064/2643/1127 3065/2644/1133
f 3066/2645/1133 3065/2644/1133 3064/2643/1127
f 3069/2646/1131 3068/2647/1134 3067/2648/1126
f 3070/2649/1126 3067/2648/1126 3068/2647/1134
f 3067/2648/1126 3070/2649/1126 3071/2650/1135
f 3072/2651/1136 3071/2650/1135 3070/2649/1126
f 3075/2652/1136 3074/2653/1137 3073/2654/1130
f 3076/2655/1130 3073/2654/1130 3074/2653/1137
f 3073/2654/1130 3076/2655/1130 3077/2656/1138
f 3078/2657/1138 3077/2656/1138 3076/2655/1130
f 3081/2658/1138 3080/2659/1139 3079/2660/1129
f 3082/2661/1128 3079/2660/1129 3080/2659/1139
f 3079/2660/1129 3082/2661/1128 3083/2662/1133
f 3084/2663/1140 3083/2662/1133 3082/2661/1128
f 3087/2664/1131 3086/2665/1131 3085/2666/1127
f 3088/2667/1127 3085/2666/1127 3086/2665/1131
f 3085/2666/1127 3088/2667/1127 3089/2668/1133
f 3090/2669/1133 3089/2668/1133 3088/2667/1127
f 3093/2670/1131 3092/2671/1131 3091/2672/1126
f 3094/2673/1126 3091/2672/1126 3092/2671/1131
f 3091/2672/1126 3094/2673/1126 3095/2674/1136
f 3096/2675/1136 3095/2674/1136 3094/2673/1126
f 3099/2676/1136 3098/2677/1136 3097/2678/1130
f 3100/2679/1130 3097/2678/1130 3098/2677/1136
f 3097/2678/1130 3100/2679/1130 3101/2680/1138
f 3102/2681/1138 3101/2680/1138 3100/2679/1130
f 3105/2682/1138 3104/2683/1138 3103/2684/1129
f 3106/2685/1128 3103/2684/1129 3104/2683/1138
f 3103/2684/1129 3106/2685/1128 3107/2686/1133
f 3108/2687/1133 3107/2686/1133 3106/2685/1128
f 3111/2688/1131 3110/2689/1131 3109/2690/1141
f 3112/2691/1141 3109/2690/1141 3110/2689/1131
f 3109/2690/1141 3112/2691/1141 3113/2692/1142
f 3114/2693/1133 3113/2692/1142 3112/2691/1141
f 3117/2694/1131 3116/2695/1132 3115/2696/1126
f 3118/2697/1126 3115/2696/1126 3116/2695/1132
f 3115/2696/1126 3118/2697/1126 3119/2698/1135
f 3120/2699/1136 3119/2698/1135 3118/2697/1126
f 3123/2700/1136 3122/2701/1136 3121/2702/1130
f 3124/2703/1130 3121/2702/1130 3122/2701/1136
f 3121/2702/1130 3124/2703/1130 3125/2704/1138
f 3126/2705/1138 3125/2704/1138 3124/2703/1130
f 3129/2706/1138 3128/2707/1139 3127/2708/1129
f 3130/2709/1128 3127/2708/1129 3128/2707/1139
f 3127/2708/1129 3130/2709/1128 3131/2710/1133
f 3132/2711/1133 3131/2710/1133 3130/2709/1128
f 3135/2712/1131 3134/2713/1131 3133/2714/1127
f 3136/2690/1127 3133/2714/1127 3134/2713/1131
f 3133/2714/1127 3136/2690/1127 3137/2715/1133
f 3138/2716/1133 3137/2715/1133 3136/2690/1127
f 3141/2717/1131 3140/2718/1131 3139/2719/1126
f 3142/2720/1126 3139/2719/1126 3140/2718/1131
f 3139/2719/1126 3142/2720/1126 3143/2721/1136
f 3144/2722/1135 3143/2721/1136 3142/2720/1126
f 3147/2723/1136 3146/2724/1136 3145/2725/1130
f 3148/2726/1130 3145/2725/1130 3146/2724/1136
f 3145/2725/1130 3148/2726/1130 3149/2727/1138
f 3150/2728/1138 3149/2727/1138 3148/2726/1130
f 3153/2729/1138 3152/2730/1138 3151/2731/1128
f 3154/2732/1128 3151/2731/1128 3152/2730/1138
f 3151/2731/1128 3154/2732/1128 3155/2733/1133
f 3156/2734/1133 3155/2733/1133 3154/2732/1128
f 3159/2735/1143 3158/2736/1144 3157/2737/1145
f 3160/2738/1146 3157/2737/1145 3158/2736/1144
f 3157/2737/1145 3160/2738/1146 3161/2739/1147
f 3162/2740/1148 3161/2739/1147 3160/2738/1146
f 3161/2739/1147 3162/2740/1148 3163/2741/1149
f 3164/2742/1150 3163/2741/1149 3162/2740/1148
f 3163/2741/1149 3164/2742/1150 3165/2743/1151
f 3166/2744/1152 3165/2743/1151 3164/2742/1150
f 3165/2743/1151 3166/2744/1152 3167/2745/1153
f 3168/2746/1154 3167/2745/1153 3166/2744/1152
f 3167/2745/1153 3168/2746/1154 3169/2747/1155
f 3170/2748/1156 3169/2747/1155 3168/2746/1154
f 3169/2747/1155 3170/2748/1156 3171/2749/1157
f 3172/2750/1158 3171/2749/1157 3170/2748/1156
f 3171/2749/1157 3172/2750/1158 3173/2751/1159
f 3174/2752/1160 3173/2751/1159 3172/2750/1158
f 3173/2751/1159 3174/2752/1160 3175/2753/1161
f 3176/2754/1162 3175/2753/1161 3174/2752/1160
f 3179/2755/1163 3178/2756/1164 3177/2757/1165
f 3180/2758/1166 3177/2757/1165 3178/2756/1164
f 3177/2757/1165 3180/2758/1166 3181/2759/1167
f 3182/2760/1168 3181/2759/1167 3180/2758/1166
f 3181/2759/1167 3182/2760/1168 3183/2761/1169
f 3184/2762/1149 3183/2761/1169 3182/2760/1168
f 3187/2763/1170 3186/2764/1171 3185/2765/1172
f 3188/2766/1173 3185/2765/1172 3186/2764/1171
f 3185/2765/1172 3188/2766/1173 3189/2767/1174
f 3190/2768/1167 3189/2767/1174 3188/2766/1173
f 3189/2767/1174 3190/2768/1167 3191/2769/1175
f 3192/2770/1176 3191/2769/1175 3190/2768/1167
f 3191/2769/1175 3192/2770/1176 3193/2771/1177
f 3194/2772/1178 3193/2771/1177 3192/2770/1176
f 3193/2771/1177 3194/2772/1178 3195/2773/1179
f 3196/2774/1180 3195/2773/1179 3194/2772/1178
f 3195/2773/1179 3196/2774/1180 3197/2775/1181
f 3198/2776/1182 3197/2775/1181 3196/2774/1180
f 3197/2775/1181 3198/2776/1182 3199/2777/1183
f 3200/2778/1184 3199/2777/1183 3198/2776/1182
f 3199/2777/1183 3200/2778/1184 3201/2779/1185
f 3202/2780/1186 3201/2779/1185 3200/2778/1184
f 3201/2779/1185 3202/2780/1186 3203/2781/1187
f 3204/2782/1188 3203/2781/1187 3202/2780/1186
f 3207/2783/1189 3206/2784/1170 3205/2785/1190
f 3208/2786/1191 3205/2785/1190 3206/2784/1170
f 3205/2785/1190 3208/2786/1191 3209/2787/1148
f 3210/2788/1192 3209/2787/1148 3208/2786/1191
f 3209/2787/1148 3210/2788/1192 3211/2789/1193
f 3212/2790/1194 3211/2789/1193 3210/2788/1192
f 3215/2791/1169 3214/2792/1195 3213/2793/1196
f 3216/2794/1197 3213/2793/1196 3214/2792/1195
f 3213/2793/1196 3216/2794/1197 3217/2795/1198
f 3218/2796/1199 3217/2795/1198 3216/2794/1197
f 3217/2795/1198 3218/2796/1199 3219/2797/1182
f 3220/2798/1155 3219/2797/1182 3218/2796/1199
f 3223/2799/1193 3222/2800/1194 3221/2801/1200
f 3224/2802/1201 3221/2801/1200 3222/2800/1194
f 3221/2801/1200 3224/2802/1201 3225/2803/1154
f 3226/2804/1202 3225/2803/1154 3224/2802/1201
f 3225/2803/1154 3226/2804/1202 3227/2805/1203
f 3228/2806/1204 3227/2805/1203 3226/2804/1202
f 3231/2807/1182 3230/2808/1205 3229/2809/1206
f 3232/2810/1207 3229/2809/1206 3230/2808/1205
f 3229/2809/1206 3232/2810/1207 3233/2811/1208
f 3234/2812/1209 3233/2811/1208 3232/2810/1207
f 3233/2811/1208 3234/2812/1209 3235/2813/1188
f 3236/2814/1210 3235/2813/1188 3234/2812/1209
f 3239/2815/1211 3238/2816/1212 3237/2817/1213
f 3240/2818/1214 3237/2817/1213 3238/2816/1212
f 3237/2817/1213 3240/2818/1214 3241/2819/1215
f 3242/2820/1216 3241/2819/1215 3240/2818/1214
f 3241/2819/1215 3242/2820/1216 3243/2821/1217
f 3244/2822/1218 3243/2821/1217 3242/2820/1216
f 3247/2823/1219 3246/2824/1220 3245/2825/1221
f 3248/2826/1222 3245/2825/1221 3246/2824/1220
f 3245/2825/1221 3248/2826/1222 3249/2827/1223
f 3250/2828/1224 3249/2827/1223 3248/2826/1222
f 3249/2827/1223 3250/2828/1224 3251/2829/1225
f 3252/2830/1226 3251/2829/1225 3250/2828/1224
f 3255/2831/1227 3254/2832/1228 3253/2833/1229
f 3256/2834/1221 3253/2833/1229 3254/2832/1228
f 3253/2833/1229 3256/2834/1221 3257/2835/1230
f 3258/2836/1231 3257/2835/1230 3256/2834/1221
f 3257/2835/1230 3258/2836/1231 3259/2837/1232
f 3260/2838/1233 3259/2837/1232 3258/2836/1231
f 3263/2839/1234 3262/2840/1235 3261/2841/1236
f 3264/2842/1237 3261/2841/1236 3262/2840/1235
f 3261/2841/1236 3264/2842/1237 3265/2843/1238
f 3266/2844/1239 3265/2843/1238 3264/2842/1237
f 3265/2843/1238 3266/2844/1239 3267/2845/1240
f 3268/2846/1232 3267/2845/1240 3266/2844/1239
f 3271/2847/1220 3270/2848/1241 3269/2849/1242
f 3272/2850/1243 3269/2849/1242 3270/2848/1241
f 3269/2849/1242 3272/2850/1243 3273/2851/1244
f 3274/2852/1245 3273/2851/1244 3272/2850/1243
f 3273/2851/1244 3274/2852/1245 3275/2853/1246
f 3276/2854/1247 3275/2853/1246 3274/2852/1245
f 3279/2855/1248 3278/2856/1248 3277/2857/91
f 3280/2858/91 3277/2857/91 3278/2856/1248
f 3277/2857/91 3280/2858/91 3281/2859/1249
f 3282/2860/1249 3281/2859/1249 3280/2858/91
f 3285/2861/1248 3284/2862/1250 3283/2863/1251
f 3286/2864/1251 3283/2863/1251 3284/2862/1250
f 3283/2863/1251 3286/2864/1251 3287/2865/1252
f 3288/2866/1252 3287/2865/1252 3286/2864/1251
f 3287/2865/1252 3288/2866/1252 3289/2867/1253
f 3290/2868/1254 3289/2867/1253 3288/2866/1252
f 3293/2869/1255 3292/2870/1253 3291/2871/98
f 3294/2872/98 3291/2871/98 3292/2870/1253
f 3291/2871/98 3294/2872/98 3295/2873/1256
f 3296/2874/1256 3295/2873/1256 3294/2872/98
f 3299/2875/1257 3298/2876/1258 3297/2877/1259
f 3300/2878/1259 3297/2877/1259 3298/2876/1258
f 3297/2877/1259 3300/2878/1259 3301/2879/1260
f 3302/2880/1260 3301/2879/1260 3300/2878/1259
f 3301/2879/1260 3302/2880/1260 3303/2881/1261
f 3304/2882/1261 3303/2881/1261 3302/2880/1260
f 3307/2883/1262 3306/2884/91 3305/2885/1262
f 3308/2886/91 3305/2885/1262 3306/2884/91
f 3306/2884/91 3309/2887/1263 3308/2886/91
f 3310/2888/1263 3308/2886/91 3309/2887/1263
f 3313/2889/1248 3312/2890/1251 3311/2891/1248
f 3314/2892/1251 3311/2891/1248 3312/2890/1251
f 3312/2890/1251 3315/2893/1252 3314/2892/1251
f 3316/2894/1252 3314/2892/1251 3315/2893/1252
f 3315/2893/1252 3317/2895/1254 3316/2894/1252
f 3318/2896/1254 3316/2894/1252 3317/2895/1254
f 3321/2897/1253 3320/2898/98 3319/2899/1255
f 3322/2900/98 3319/2899/1255 3320/2898/98
f 3320/2898/98 3323/2901/1264 3322/2900/98
f 3324/2902/1264 3322/2900/98 3323/2901/1264
f 3327/2903/1257 3326/2904/1259 3325/2905/1257
f 3328/2906/1259 3325/2905/1257 3326/2904/1259
f 3326/2904/1259 3329/2907/1260 3328/2906/1259
f 3330/2908/1260 3328/2906/1259 3329/2907/1260
f 3329/2907/1260 3331/2909/1249 3330/2908/1260
f 3332/2910/1249 3330/2908/1260 3331/2909/1249
f 3335/2911/1265 3334/2912/1266 3333/2913/1267
f 3336/2914/1268 3333/2913/1267 3334/2912/1266
f 3334/2912/1266 3337/2915/1269 3336/2914/1268
f 3338/2916/1270 3336/2914/1268 3337/2915/1269
f 3337/2915/1269 3339/2917/1271 3338/2916/1270
f 3340/2918/1272 3338/2916/1270 3339/2917/1271
f 3339/2917/1271 3341/2919/1273 3340/2918/1272
f 3342/2920/1154 3340/2918/1272 3341/2919/1273
f 3341/2919/1273 3343/2921/1151 3342/2920/1154
f 3344/2922/1152 3342/2920/1154 3343/2921/1151
f 3343/2921/1151 3345/2923/1274 3344/2922/1152
f 3346/2924/1275 3344/2922/1152 3345/2923/1274
f 3345/2923/1274 3347/2925/1276 3346/2924/1275
f 3348/2926/1277 3346/2924/1275 3347/2925/1276
f 3347/2925/1276 3349/2927/1278 3348/2926/1277
f 3350/2928/1279 3348/2926/1277 3349/2927/1278
f 3349/2927/1278 3351/2929/1280 3350/2928/1279
f 3352/2930/1281 3350/2928/1279 3351/2929/1280
f 3355/2931/1282 3354/2932/1283 3353/2933/1284
f 3356/2934/1285 3353/2933/1284 3354/2932/1283
f 3354/2932/1283 3357/2935/1286 3356/2934/1285
f 3358/2936/1287 3356/2934/1285 3357/2935/1286
f 3357/2935/1286 3359/2937/1288 3358/2936/1287
f 3360/2938/1289 3358/2936/1287 3359/2937/1288
f 3363/2939/1290 3362/2940/1291 3361/2941/1292
f 3364/2942/1283 3361/2941/1292 3362/2940/1291
f 3362/2940/1291 3365/2943/1293 3364/2942/1283
f 3366/2944/1286 3364/2942/1283 3365/2943/1293
f 3365/2943/1293 3367/2945/1294 3366/2944/1286
f 3368/2946/1295 3366/2944/1286 3367/2945/1294
f 3367/2945/1294 3369/2947/1179 3368/2946/1295
f 3370/2948/1180 3368/2946/1295 3369/2947/1179
f 3369/2947/1179 3371/2949/1177 3370/2948/1180
f 3372/2950/1178 3370/2948/1180 3371/2949/1177
f 3371/2949/1177 3373/2951/1296 3372/2950/1178
f 3374/2952/1297 3372/2950/1178 3373/2951/1296
f 3373/2951/1296 3375/2953/1298 3374/2952/1297
f 3376/2954/1299 3374/2952/1297 3375/2953/1298
f 3375/2953/1298 3377/2955/1300 3376/2954/1299
f 3378/2956/1301 3376/2954/1299 3377/2955/1300
f 3377/2955/1300 3379/2957/1302 3378/2956/1301
f 3380/2958/1303 3378/2956/1301 3379/2957/1302
f 3383/2959/1304 3382/2960/1305 3381/2961/1290
f 3384/2962/1306 3381/2961/1290 3382/2960/1305
f 3382/2960/1305 3385/2963/1307 3384/2962/1306
f 3386/2964/1308 3384/2962/1306 3385/2963/1307
f 3385/2963/1307 3387/2965/1309 3386/2964/1308
f 3388/2966/1294 3386/2964/1308 3387/2965/1309
f 3391/2967/1310 3390/2968/1311 3389/2969/1289
f 3392/2970/1199 3389/2969/1289 3390/2968/1311
f 3390/2968/1311 3393/2971/1196 3392/2970/1199
f 3394/2972/1312 3392/2970/1199 3393/2971/1196
f 3393/2971/1196 3395/2973/1313 3394/2972/1312
f 3396/2974/1314 3394/2972/1312 3395/2973/1313
f 3399/2975/1309 3398/2976/1315 3397/2977/1316
f 3400/2978/1202 3397/2977/1316 3398/2976/1315
f 3398/2976/1315 3401/2979/1200 3400/2978/1202
f 3402/2980/1201 3400/2978/1202 3401/2979/1200
f 3401/2979/1200 3403/2981/1317 3402/2980/1201
f 3404/2982/1318 3402/2980/1201 3403/2981/1317
f 3407/2983/1319 3406/2984/1320 3405/2985/1314
f 3408/2986/1321 3405/2985/1314 3406/2984/1320
f 3406/2984/1320 3409/2987/1322 3408/2986/1321
f 3410/2988/1323 3408/2986/1321 3409/2987/1322
f 3409/2987/1322 3411/2989/1324 3410/2988/1323
f 3412/2990/1325 3410/2988/1323 3411/2989/1324
f 3415/2991/1326 3414/2992/1327 3413/2993/1328
f 3416/2994/1329 3413/2993/1328 3414/2992/1327
f 3414/2992/1327 3417/2995/1330 3416/2994/1329
f 3418/2996/1331 3416/2994/1329 3417/2995/1330
f 3417/2995/1330 3419/2997/1281 3418/2996/1331
f 3420/2998/1302 3418/2996/1331 3419/2997/1281
f 3423/2999/1332 3422/3000/1222 3421/3001/1333
f 3424/3002/1334 3421/3001/1333 3422/3000/1222
f 3422/3000/1222 3425/3003/1335 3424/3002/1334
f 3426/3004/1336 3424/3002/1334 3425/3003/1335
f 3425/3003/1335 3427/3005/1226 3426/3004/1336
f 3428/3006/1225 3426/3004/1336 3427/3005/1226
f 3431/3007/1241 3430/3008/1243 3429/3009/1220
f 3432/3010/1242 3429/3009/1220 3430/3008/1243
f 3430/3008/1243 3433/3011/1245 3432/3010/1242
f 3434/3012/1244 3432/3010/1242 3433/3011/1245
f 3433/3011/1245 3435/3013/1247 3434/3012/1244
f 3436/3014/1246 3434/3012/1244 3435/3013/1247
f 3439/3015/1235 3438/3016/1237 3437/3017/1234
f 3440/3018/1337 3437/3017/1234 3438/3016/1237
f 3438/3016/1237 3441/3019/1338 3440/3018/1337
f 3442/3020/1339 3440/3018/1337 3441/3019/1338
f 3441/3019/1338 3443/3021/1232 3442/3020/1339
f 3444/3022/1247 3442/3020/1339 3443/3021/1232
f 3447/3023/1228 3446/3024/1221 3445/3025/1227
f 3448/3026/1229 3445/3025/1227 3446/3024/1221
f 3446/3024/1221 3449/3027/1231 3448/3026/1229
f 3450/3028/1230 3448/3026/1229 3449/3027/1231
f 3449/3027/1231 3451/3029/1225 3450/3028/1230
f 3452/3030/1232 3450/3028/1230 3451/3029/1225
f 3455/3031/1255 3454/3032/98 3453/3033/1255
f 3456/3034/98 3453/3033/1255 3454/3032/98
f 3454/3032/98 3457/3035/1256 3456/3034/98
f 3458/3036/1256 3456/3034/98 3457/3035/1256
f 3461/3037/1254 3460/3038/1252 3459/3039/1254
f 3462/3040/1252 3459/3039/1254 3460/3038/1252
f 3460/3038/1252 3463/3041/1251 3462/3040/1252
f 3464/3042/1251 3462/3040/1252 3463/3041/1251
f 3463/3041/1251 3465/3043/1248 3464/3042/1251
f 3466/3044/1250 3464/3042/1251 3465/3043/1248
f 3469/3045/1248 3468/2858/91 3467/3046/1248
f 3470/2857/91 3467/3046/1248 3468/2858/91
f 3468/2858/91 3471/3047/1249 3470/2857/91
f 3472/3048/1249 3470/2857/91 3471/3047/1249
f 3475/3049/1261 3474/3050/1260 3473/3051/1249
f 3476/3052/1260 3473/3051/1249 3474/3050/1260
f 3474/3050/1260 3477/3053/1259 3476/3052/1260
f 3478/3054/1259 3476/3052/1260 3477/3053/1259
f 3477/3053/1259 3479/3055/1256 3478/3054/1259
f 3480/3056/1257 3478/3054/1259 3479/3055/1256
f 3483/3057/1255 3482/3058/1255 3481/3059/98
f 3484/3060/98 3481/3059/98 3482/3058/1255
f 3481/3059/98 3484/3060/98 3485/3061/1256
f 3486/3062/1256 3485/3061/1256 3484/3060/98
f 3489/3063/1253 3488/3064/1253 3487/3065/1252
f 3490/3066/1252 3487/3065/1252 3488/3064/1253
f 3487/3065/1252 3490/3066/1252 3491/3067/1251
f 3492/3068/1251 3491/3067/1251 3490/3066/1252
f 3491/3067/1251 3492/3068/1251 3493/3069/1250
f 3494/3070/1250 3493/3069/1250 3492/3068/1251
f 3497/3071/1262 3496/2883/1262 3495/3072/91
f 3498/2884/91 3495/3072/91 3496/2883/1262
f 3495/3072/91 3498/2884/91 3499/3073/1249
f 3500/2887/1249 3499/3073/1249 3498/2884/91
f 3503/3074/1249 3502/3075/1249 3501/3076/1260
f 3504/3077/1260 3501/3076/1260 3502/3075/1249
f 3501/3076/1260 3504/3077/1260 3505/3078/1259
f 3506/3079/1259 3505/3078/1259 3504/3077/1260
f 3505/3078/1259 3506/3079/1259 3507/3080/1256
f 3508/3081/1256 3507/3080/1256 3506/3079/1259
f 3511/3082/103 3510/3083/1340 3509/3084/1341
f 3511/3082/103 3509/3084/1341 3512/3085/1342
f 3511/3082/103 3513/3086/1343 3510/3083/1340
f 3511/3082/103 3512/3085/1342 3514/3087/1344
f 3511/3082/103 3515/3088/1345 3513/3086/1343
f 3511/3082/103 3514/3087/1344 3516/3089/1346
f 3511/3082/103 3517/3090/1347 3515/3088/1345
f 3511/3082/103 3516/3089/1346 3517/3090/1347
f 3520/3091/103 3519/3092/1340 3518/3093/1348
f 3520/3091/103 3518/3093/1348 3521/3094/1342
f 3520/3091/103 3522/3095/1343 3519/3092/1340
f 3520/3091/103 3521/3094/1342 3523/3096/1344
f 3520/3091/103 3524/3097/1349 3522/3095/1343
f 3520/3091/103 3523/3096/1344 3525/3098/1350
f 3520/3091/103 3526/3099/1347 3524/3097/1349
f 3520/3091/103 3525/3098/1350 3526/3099/1347
f 3529/3100/1351 3528/3101/103 3527/3102/1352
f 3527/3102/1352 3528/3101/103 3530/3103/1353
f 3531/3104/1354 3528/3101/103 3529/3100/1351
f 3530/3103/1353 3528/3101/103 3532/3105/1355
f 3533/3106/1356 3528/3101/103 3531/3104/1354
f 3532/3105/1355 3528/3101/103 3534/3107/1357
f 3535/3108/1358 3528/3101/103 3533/3106/1356
f 3534/3107/1357 3528/3101/103 3535/3108/1358
f 3538/3109/1351 3537/3110/103 3536/3111/1359
f 3536/3111/1359 3537/3110/103 3539/3112/1353
f 3540/3113/1354 3537/3110/103 3538/3109/1351
f 3539/3112/1353 3537/3110/103 3541/3114/1355
f 3542/3115/1360 3537/3110/103 3540/3113/1354
f 3541/3114/1355 3537/3110/103 3543/3116/1361
f 3544/3117/1358 3537/3110/103 3542/3115/1360
f 3543/3116/1361 3537/3110/103 3544/3117/1358
f 3547/3118/1362 3546/3119/103 3545/3120/1363
f 3545/3120/1363 3546/3119/103 3548/3121/1364
f 3549/3122/1365 3546/3119/103 3547/3118/1362
f 3548/3121/1364 3546/3119/103 3550/3123/1366
f 3551/3124/1367 3546/3119/103 3549/3122/1365
f 3550/3123/1366 3546/3119/103 3552/3125/1368
f 3553/3126/1369 3546/3119/103 3551/3124/1367
f 3552/3125/1368 3546/3119/103 3554/3127/1370
f 3555/3128/1371 3546/3119/103 3553/3126/1369
f 3554/3127/1370 3546/3119/103 3555/3128/1371
f 3558/3129/103 3557/3130/1372 3556/3131/1373
f 3558/3129/103 3556/3131/1373 3559/3132/1374
f 3558/3129/103 3560/3133/1375 3557/3130/1372
f 3558/3129/103 3559/3132/1374 3561/3134/1376
f 3558/3129/103 3562/3135/1377 3560/3133/1375
f 3558/3129/103 3561/3134/1376 3563/3136/1378
f 3558/3129/103 3564/3137/1379 3562/3135/1377
f 3558/3129/103 3563/3136/1378 3564/3137/1379
f 3567/3138/103 3566/3139/1372 3565/3140/1380
f 3567/3138/103 3565/3140/1380 3568/3141/1374
f 3567/3138/103 3569/3142/1381 3566/3139/1372
f 3567/3138/103 3568/3141/1374 3570/3143/1376
f 3567/3138/103 3571/3144/1377 3569/3142/1381
f 3567/3138/103 3570/3143/1376 3572/3145/1382
f 3567/3138/103 3573/3146/1379 3571/3144/1377
f 3567/3138/103 3572/3145/1382 3573/3146/1379
f 3576/3147/1383 3575/3148/103 3574/3149/1384
f 3574/3149/1384 3575/3148/103 3577/3150/1385
f 3578/3151/1386 3575/3148/103 3576/3147/1383
f 3577/3150/1385 3575/3148/103 3579/3152/1387
f 3580/3153/1388 3575/3148/103 3578/3151/1386
f 3579/3152/1387 3575/3148/103 3581/3154/1389
f 3582/3155/1390 3575/3148/103 3580/3153/1388
f 3581/3154/1389 3575/3148/103 3582/3155/1390
f 3585/3156/1383 3584/3157/103 3583/3158/1391
f 3583/3158/1391 3584/3157/103 3586/3159/1385
f 3587/3160/1386 3584/3157/103 3585/3156/1383
f 3586/3159/1385 3584/3157/103 3588/3161/1387
f 3589/3162/1388 3584/3157/103 3587/3160/1386
f 3588/3161/1387 3584/3157/103 3590/3163/1389
f 3591/3164/1390 3584/3157/103 3589/3162/1388
f 3590/3163/1389 3584/3157/103 3591/3164/1390
f 3594/3165/103 3593/3166/1392 3592/3167/1393
f 3594/3165/103 3592/3167/1393 3595/3168/1394
f 3594/3165/103 3596/3169/1395 3593/3166/1392
f 3594/3165/103 3595/3168/1394 3597/3170/1396
f 3594/3165/103 3598/3171/1397 3596/3169/1395
f 3594/3165/103 3597/3170/1396 3599/3172/1398
f 3594/3165/103 3600/3173/1399 3598/3171/1397
f 3594/3165/103 3599/3172/1398 3600/3173/1399
f 3603/3174/103 3602/3175/1392 3601/3176/1400
f 3603/3174/103 3601/3176/1400 3604/3177/1401
f 3603/3174/103 3605/3178/1395 3602/3175/1392
f 3603/3174/103 3604/3177/1401 3606/3179/1396
f 3603/3174/103 3607/3180/1397 3605/3178/1395
f 3603/3174/103 3606/3179/1396 3608/3181/1398
f 3603/3174/103 3609/3182/1402 3607/3180/1397
f 3603/3174/103 3608/3181/1398 3609/3182/1402
f 3612/3183/1403 3611/3184/103 3610/3185/1404
f 3610/3185/1404 3611/3184/103 3613/3186/1405
f 3614/3187/1406 3611/3184/103 3612/3183/1403
f 3613/3186/1405 3611/3184/103 3615/3188/1407
f 3616/3189/1408 3611/3184/103 3614/3187/1406
f 3615/3188/1407 3611/3184/103 3617/3190/1409
f 3618/3191/1410 3611/3184/103 3616/3189/1408
f 3617/3190/1409 3611/3184/103 3618/3191/1410
f 3621/3192/1403 3620/3193/103 3619/3194/1404
f 3619/3194/1404 3620/3193/103 3622/3195/1405
f 3623/3196/1406 3620/3193/103 3621/3192/1403
f 3622/3195/1405 3620/3193/103 3624/3197/1407
f 3625/3198/1408 3620/3193/103 3623/3196/1406
f 3624/3197/1407 3620/3193/103 3626/3199/1409
f 3627/3200/1410 3620/3193/103 3625/3198/1408
f 3626/3199/1409 3620/3193/103 3627/3200/1410
f 3630/3201/1411 3629/3202/103 3628/3203/1412
f 3628/3203/1412 3629/3202/103 3631/3204/1413
f 3632/3205/1414 3629/3202/103 3630/3201/1411
f 3631/3204/1413 3629/3202/103 3633/3206/1415
f 3634/3207/1416 3629/3202/103 3632/3205/1414
f 3633/3206/1415 3629/3202/103 3635/3208/1417
f 3636/3209/1418 3629/3202/103 3634/3207/1416
f 3635/3208/1417 3629/3202/103 3637/3210/1419
f 3638/3211/1420 3629/3202/103 3636/3209/1418
f 3637/3210/1419 3629/3202/103 3638/3211/1420
f 3641/3212/103 3640/3213/1418 3639/3214/1420
f 3641/3212/103 3639/3214/1420 3642/3215/1419
f 3641/3212/103 3643/3216/1421 3640/3213/1418
f 3641/3212/103 3642/3215/1419 3644/3217/1417
f 3641/3212/103 3645/3218/1422 3643/3216/1421
f 3641/3212/103 3644/3217/1417 3646/3219/1415
f 3641/3212/103 3647/3220/1411 3645/3218/1422
f 3641/3212/103 3646/3219/1415 3648/3221/1413
f 3641/3212/103 3649/3222/1412 3647/3220/1411
f 3641/3212/103 3648/3221/1413 3649/3222/1412
f 3652/3223/1423 3651/221/1424 3650/3224/1425
f 3653/3225/1426 3650/3224/1425 3651/221/1424
f 3650/3224/1425 3654/3226/1427 3652/3223/1423
f 3651/221/1424 3655/222/1428 3653/3225/1426
f 3656/3227/1429 3652/3223/1423 3654/3226/1427
f 3657/3228/1430 3653/3225/1426 3655/222/1428
f 3654/3226/1427 3658/260/1431 3656/3227/1429
f 3655/222/1428 3659/3229/1432 3657/3228/1430
f 3660/3230/1433 3656/3227/1429 3658/260/1431
f 3661/3231/1434 3657/3228/1430 3659/3229/1432
f 3658/260/1431 3662/259/1435 3660/3230/1433
f 3659/3229/1432 3663/3232/1436 3661/3231/1434
f 3664/3233/1437 3660/3230/1433 3662/259/1435
f 3665/3234/1438 3661/3231/1434 3663/3232/1436
f 3662/259/1435 3666/261/1439 3664/3233/1437
f 3663/3232/1436 3667/3235/1440 3665/3234/1438
f 3668/3236/1441 3664/3233/1437 3666/261/1439
f 3669/262/1442 3665/3234/1438 3667/3235/1440
f 3666/261/1439 3669/262/1442 3668/3236/1441
f 3667/3235/1440 3668/3236/1441 3669/262/1442
f 3672/3237/1443 3671/251/1444 3670/3238/1445
f 3673/3239/1446 3670/3238/1445 3671/251/1444
f 3670/3238/1445 3674/3240/1447 3672/3237/1443
f 3671/251/1444 3675/252/1448 3673/3239/1446
f 3676/3241/1449 3672/3237/1443 3674/3240/1447
f 3677/3242/1450 3673/3239/1446 3675/252/1448
f 3674/3240/1447 3678/275/1451 3676/3241/1449
f 3675/252/1448 3679/3243/1452 3677/3242/1450
f 3680/3244/1453 3676/3241/1449 3678/275/1451
f 3681/3245/1454 3677/3242/1450 3679/3243/1452
f 3678/275/1451 3682/274/1455 3680/3244/1453
f 3679/3243/1452 3683/3246/1456 3681/3245/1454
f 3684/3247/1457 3680/3244/1453 3682/274/1455
f 3685/3248/1458 3681/3245/1454 3683/3246/1456
f 3682/274/1455 3686/276/1459 3684/3247/1457
f 3683/3246/1456 3687/3249/1460 3685/3248/1458
f 3688/3250/1461 3684/3247/1457 3686/276/1459
f 3689/277/1462 3685/3248/1458 3687/3249/1460
f 3686/276/1459 3689/277/1462 3688/3250/1461
f 3687/3249/1460 3688/3250/1461 3689/277/1462
f 3692/3251/456 3691/3252/456 3690/3253/456
f 3693/3254/456 3690/3253/456 3691/3252/456
f 3690/3253/456 3694/3255/456 3692/3251/456
f 3691/3252/456 3695/3256/456 3693/3254/456
f 3696/3257/456 3692/3251/456 3694/3255/456
f 3697/3258/456 3693/3254/456 3695/3256/456
f 3694/3255/456 3698/3259/456 3696/3257/456
f 3695/3256/456 3699/3260/456 3697/3258/456
f 3700/3261/456 3696/3257/456 3698/3259/456
f 3701/3262/456 3697/3258/456 3699/3260/456
f 3698/3259/456 3702/3263/456 3700/3261/456
f 3699/3260/456 3703/3264/456 3701/3262/456
f 3704/3265/456 3700/3261/456 3702/3263/456
f 3705/3266/456 3701/3262/456 3703/3264/456
f 3702/3263/456 3705/3266/456 3704/3265/456
f 3703/3264/456 3704/3265/456 3705/3266/456
f 3708/3267/456 3707/3268/456 3706/3269/456
f 3709/3270/456 3706/3269/456 3707/3268/456
f 3706/3269/456 3710/3271/456 3708/3267/456
f 3707/3268/456 3711/3272/456 3709/3270/456
f 3712/3273/456 3708/3267/456 3710/3271/456
f 3713/3274/456 3709/3270/456 3711/3272/456
f 3710/3271/456 3714/3275/456 3712/3273/456
f 3711/3272/456 3715/3276/456 3713/3274/456
f 3716/3277/456 3712/3273/456 3714/3275/456
f 3717/3278/456 3713/3274/456 3715/3276/456
f 3714/3275/456 3718/3279/456 3716/3277/456
f 3715/3276/456 3719/3280/456 3717/3278/456
f 3720/3281/456 3716/3277/456 3718/3279/456
f 3721/3282/456 3717/3278/456 3719/3280/456
f 3718/3279/456 3721/3282/456 3720/3281/456
f 3719/3280/456 3720/3281/456 3721/3282/456
f 3724/3283/1463 3723/1079/1464 3722/3284/1465
f 3725/3285/1466 3722/3284/1465 3723/1079/1464
f 3723/1079/1464 3724/3283/1463 3726/1077/1467
f 3722/3284/1465 3725/3285/1466 3727/3286/1468
f 3728/3287/1469 3726/1077/1467 3724/3283/1463
f 3729/3288/1470 3727/3286/1468 3725/3285/1466
f 3726/1077/1467 3728/3287/1469 3730/3289/1471
f 3727/3286/1468 3729/3288/1470 3731/1118/1472
f 3732/3290/1473 3730/3289/1471 3728/3287/1469
f 3733/3291/1474 3731/1118/1472 3729/3288/1470
f 3730/3289/1471 3732/3290/1473 3734/3292/1475
f 3731/1118/1472 3733/3291/1474 3735/1116/1476
f 3736/3293/1477 3734/3292/1475 3732/3290/1473
f 3737/3294/1478 3735/1116/1476 3733/3291/1474
f 3734/3292/1475 3736/3293/1477 3738/3295/1479
f 3735/1116/1476 3737/3294/1478 3739/1119/1480
f 3740/1120/1481 3738/3295/1479 3736/3293/1477
f 3741/3296/1482 3739/1119/1480 3737/3294/1478
f 3738/3295/1479 3740/1120/1481 3741/3296/1482
f 3739/1119/1480 3741/3296/1482 3740/1120/1481
f 3744/3297/1483 3743/1109/1484 3742/3298/1485
f 3745/3299/1486 3742/3298/1485 3743/1109/1484
f 3743/1109/1484 3744/3297/1483 3746/1107/1487
f 3742/3298/1485 3745/3299/1486 3747/3300/1488
f 3748/3301/1489 3746/1107/1487 3744/3297/1483
f 3749/3302/1490 3747/3300/1488 3745/3299/1486
f 3746/1107/1487 3748/3301/1489 3750/3303/1491
f 3747/3300/1488 3749/3302/1490 3751/1133/1492
f 3752/3304/1493 3750/3303/1491 3748/3301/1489
f 3753/3305/1494 3751/1133/1492 3749/3302/1490
f 3750/3303/1491 3752/3304/1493 3754/3306/1495
f 3751/1133/1492 3753/3305/1494 3755/1131/1496
f 3756/3307/1497 3754/3306/1495 3752/3304/1493
f 3757/3308/1498 3755/1131/1496 3753/3305/1494
f 3754/3306/1495 3756/3307/1497 3758/3309/1499
f 3755/1131/1496 3757/3308/1498 3759/1134/1500
f 3760/1135/1501 3758/3309/1499 3756/3307/1497
f 3761/3310/1502 3759/1134/1500 3757/3308/1498
f 3758/3309/1499 3760/1135/1501 3761/3310/1502
f 3759/1134/1500 3761/3310/1502 3760/1135/1501
f 3764/3311/456 3763/3312/456 3762/3313/456
f 3765/3314/456 3762/3313/456 3763/3312/456
f 3763/3312/456 3764/3311/456 3766/3315/456
f 3762/3313/456 3765/3314/456 3767/3316/456
f 3768/3317/456 3766/3315/456 3764/3311/456
f 3769/3318/456 3767/3316/456 3765/3314/456
f 3766/3315/456 3768/3317/456 3770/3319/456
f 3767/3316/456 3769/3318/456 3771/3320/456
f 3772/3321/456 3770/3319/456 3768/3317/456
f 3773/3322/456 3771/3320/456 3769/3318/456
f 3770/3319/456 3772/3321/456 3774/3323/456
f 3771/3320/456 3773/3322/456 3775/3324/456
f 3776/3325/456 3774/3323/456 3772/3321/456
f 3777/3326/456 3775/3324/456 3773/3322/456
f 3774/3323/456 3776/3325/456 3777/3326/456
f 3775/3324/456 3777/3326/456 3776/3325/456
f 3780/3327/456 3779/3328/456 3778/3329/456
f 3781/3330/456 3778/3329/456 3779/3328/456
f 3779/3328/456 3780/3327/456 3782/3331/456
f 3778/3329/456 3781/3330/456 3783/3332/456
f 3784/3333/456 3782/3331/456 3780/3327/456
f 3785/3334/456 3783/3332/456 3781/3330/456
f 3782/3331/456 3784/3333/456 3786/3335/456
f 3783/3332/456 3785/3334/456 3787/3336/456
f 3788/3337/456 3786/3335/456 3784/3333/456
f 3789/3338/456 3787/3336/456 3785/3334/456
f 3786/3335/456 3788/3337/456 3790/3339/456
f 3787/3336/456 3789/3338/456 3791/3340/456
f 3792/3341/456 3790/3339/456 3788/3337/456
f 3793/3342/456 3791/3340/456 3789/3338/456
f 3790/3339/456 3792/3341/456 3793/3342/456
f 3791/3340/456 3793/3342/456 3792/3341/456
f 3796/3343/816 3795/3344/815 3794/3345/1503
f 3797/3346/1504 3794/3345/1503 3795/3344/815
f 3794/3345/1503 3798/3347/1505 3796/3343/816
f 3795/3344/815 3799/3348/1506 3797/3346/1504
f 3800/3349/819 3796/3343/816 3798/3347/1505
f 3801/3350/1507 3797/3346/1504 3799/3348/1506
f 3798/3347/1505 3802/3351/1508 3800/3349/819
f 3799/3348/1506 3803/3352/1509 3801/3350/1507
f 3804/3353/1510 3800/3349/819 3802/3351/1508
f 3805/3354/1511 3801/3350/1507 3803/3352/1509
f 3802/3351/1508 3806/3355/1512 3804/3353/1510
f 3803/3352/1509 3807/3356/826 3805/3354/1511
f 3808/3357/1513 3804/3353/1510 3806/3355/1512
f 3809/3358/1514 3805/3354/1511 3807/3356/826
f 3806/3355/1512 3810/3359/1515 3808/3357/1513
f 3807/3356/826 3811/3360/1516 3809/3358/1514
f 3812/3361/832 3808/3357/1513 3810/3359/1515
f 3813/3362/1517 3809/3358/1514 3811/3360/1516
f 3810/3359/1515 3813/3362/1517 3812/3361/832
f 3811/3360/1516 3812/3361/832 3813/3362/1517
f 3816/3363/1518 3815/3364/818 3814/3365/1519
f 3817/3366/1520 3814/3365/1519 3815/3364/818
f 3814/3365/1519 3818/3367/1521 3816/3363/1518
f 3815/3364/818 3819/3368/836 3817/3366/1520
f 3820/3369/1522 3816/3363/1518 3818/3367/1521
f 3821/3370/1523 3817/3366/1520 3819/3368/836
f 3818/3367/1521 3822/3371/1524 3820/3369/1522
f 3819/3368/836 3823/3372/834 3821/3370/1523
f 3824/3373/1525 3820/3369/1522 3822/3371/1524
f 3825/3374/1526 3821/3370/1523 3823/3372/834
f 3822/3371/1524 3826/3375/1527 3824/3373/1525
f 3823/3372/834 3827/3376/1528 3825/3374/1526
f 3828/3377/825 3824/3373/1525 3826/3375/1527
f 3829/3378/1529 3825/3374/1526 3827/3376/1528
f 3826/3375/1527 3830/3379/1530 3828/3377/825
f 3827/3376/1528 3831/3380/829 3829/3378/1529
f 3832/3381/827 3828/3377/825 3830/3379/1530
f 3833/3382/1531 3829/3378/1529 3831/3380/829
f 3830/3379/1530 3833/3382/1531 3832/3381/827
f 3831/3380/829 3832/3381/827 3833/3382/1531
f 3836/3383/456 3835/3384/456 3834/3385/456
f 3837/3386/456 3834/3385/456 3835/3384/456
f 3834/3385/456 3838/3387/456 3836/3383/456
f 3835/3384/456 3839/3388/456 3837/3386/456
f 3840/3389/456 3836/3383/456 3838/3387/456
f 3841/3390/456 3837/3386/456 3839/3388/456
f 3838/3387/456 3842/3391/1532 3840/3389/456
f 3839/3388/456 3843/3392/456 3841/3390/456
f 3844/3393/1532 3840/3389/456 3842/3391/1532
f 3845/3394/456 3841/3390/456 3843/3392/456
f 3842/3391/1532 3846/3395/456 3844/3393/1532
f 3843/3392/456 3847/3396/1532 3845/3394/456
f 3848/3397/456 3844/3393/1532 3846/3395/456
f 3849/3398/1532 3845/3394/456 3847/3396/1532
f 3846/3395/456 3849/3398/1532 3848/3397/456
f 3847/3396/1532 3848/3397/456 3849/3398/1532
f 3852/3399/456 3851/3400/456 3850/3401/456
f 3853/3402/456 3850/3401/456 3851/3400/456
f 3850/3401/456 3854/3403/456 3852/3399/456
f 3851/3400/456 3855/3404/456 3853/3402/456
f 3856/3405/456 3852/3399/456 3854/3403/456
f 3857/3406/456 3853/3402/456 3855/3404/456
f 3854/3403/456 3858/3407/456 3856/3405/456
f 3855/3404/456 3859/3408/456 3857/3406/456
f 3860/3409/456 3856/3405/456 3858/3407/456
f 3861/3410/456 3857/3406/456 3859/3408/456
f 3858/3407/456 3862/3411/456 3860/3409/456
f 3859/3408/456 3863/3412/456 3861/3410/456
f 3864/3413/456 3860/3409/456 3862/3411/456
f 3865/3414/456 3861/3410/456 3863/3412/456
f 3862/3411/456 3865/3414/456 3864/3413/456
f 3863/3412/456 3864/3413/456 3865/3414/456
f 3868/3415/456 3867/3416/456 3866/3417/456
f 3869/3418/456 3866/3417/456 3867/3416/456
f 3867/3416/456 3868/3415/456 3870/3419/456
f 3866/3417/456 3869/3418/456 3871/3420/456
f 3872/3421/456 3870/3419/456 3868/3415/456
f 3873/3422/456 3871/3420/456 3869/3418/456
f 3870/3419/456 3872/3421/456 3874/3423/1532
f 3871/3420/456 3873/3422/456 3875/3424/456
f 3876/3425/1532 3874/3423/1532 3872/3421/456
f 3877/3426/456 3875/3424/456 3873/3422/456
f 3874/3423/1532 3876/3425/1532 3878/3427/456
f 3875/3424/456 3877/3426/456 3879/3428/1532
f 3880/3429/456 3878/3427/456 3876/3425/1532
f 3881/3430/1533 3879/3428/1532 3877/3426/456
f 3878/3427/456 3880/3429/456 3881/3430/1533
f 3879/3428/1532 3881/3430/1533 3880/3429/456
f 3884/3431/456 3883/3432/456 3882/3433/456
f 3885/3434/456 3882/3433/456 3883/3432/456
f 3883/3432/456 3884/3431/456 3886/3435/456
f 3882/3433/456 3885/3434/456 3887/3436/456
f 3888/3437/456 3886/3435/456 3884/3431/456
f 3889/3438/456 3887/3436/456 3885/3434/456
f 3886/3435/456 3888/3437/456 3890/3439/456
f 3887/3436/456 3889/3438/456 3891/3440/456
f 3892/3441/456 3890/3439/456 3888/3437/456
f 3893/3442/456 3891/3440/456 3889/3438/456
f 3890/3439/456 3892/3441/456 3894/3443/456
f 3891/3440/456 3893/3442/456 3895/3444/456
f 3896/3445/456 3894/3443/456 3892/3441/456
f 3897/3446/456 3895/3444/456 3893/3442/456
f 3894/3443/456 3896/3445/456 3897/3446/456
f 3895/3444/456 3897/3446/456 3896/3445/456
f 3900/3447/456 3899/3448/456 3898/3449/456
f 3901/3450/456 3898/3449/456 3899/3448/456
f 3898/3449/456 3902/3451/456 3900/3447/456
f 3899/3448/456 3903/3452/456 3901/3450/456
f 3904/3453/456 3900/3447/456 3902/3451/456
f 3905/3454/456 3901/3450/456 3903/3452/456
f 3902/3451/456 3906/3455/1532 3904/3453/456
f 3903/3452/456 3907/3456/456 3905/3454/456
f 3908/3457/1532 3904/3453/456 3906/3455/1532
f 3909/3458/456 3905/3454/456 3907/3456/456
f 3906/3455/1532 3910/3459/456 3908/3457/1532
f 3907/3456/456 3911/3460/1534 3909/3458/456
f 3912/3461/456 3908/3457/1532 3910/3459/456
f 3913/3462/1534 3909/3458/456 3911/3460/1534
f 3910/3459/456 3913/3462/1534 3912/3461/456
f 3911/3460/1534 3912/3461/456 3913/3462/1534
f 3916/3463/456 3915/3464/456 3914/3465/456
f 3917/3466/456 3914/3465/456 3915/3464/456
f 3914/3465/456 3918/3467/456 3916/3463/456
f 3915/3464/456 3919/3468/456 3917/3466/456
f 3920/3469/456 3916/3463/456 3918/3467/456
f 3921/3470/456 3917/3466/456 3919/3468/456
f 3918/3467/456 3922/3471/456 3920/3469/456
f 3919/3468/456 3923/3472/456 3921/3470/456
f 3924/3473/456 3920/3469/456 3922/3471/456
f 3925/3474/456 3921/3470/456 3923/3472/456
f 3922/3471/456 3926/3475/456 3924/3473/456
f 3923/3472/456 3927/3476/456 3925/3474/456
f 3928/3477/456 3924/3473/456 3926/3475/456
f 3929/3478/456 3925/3474/456 3927/3476/456
f 3926/3475/456 3929/3478/456 3928/3477/456
f 3927/3476/456 3928/3477/456 3929/3478/456
f 3932/3479/456 3931/3480/456 3930/3481/456
f 3933/3482/456 3930/3481/456 3931/3480/456
f 3931/3480/456 3932/3479/456 3934/3483/456
f 3930/3481/456 3933/3482/456 3935/3484/456
f 3936/3485/456 3934/3483/456 3932/3479/456
f 3937/3486/456 3935/3484/456 3933/3482/456
f 3934/3483/456 3936/3485/456 3938/3487/456
f 3935/3484/456 3937/3486/456 3939/3488/1535
f 3940/3489/456 3938/3487/456 3936/3485/456
f 3941/3490/1535 3939/3488/1535 3937/3486/456
f 3938/3487/456 3940/3489/456 3942/3491/1535
f 3939/3488/1535 3941/3490/1535 3943/3492/456
f 3944/3493/1535 3942/3491/1535 3940/3489/456
f 3945/3494/456 3943/3492/456 3941/3490/1535
f 3942/3491/1535 3944/3493/1535 3945/3494/456
f 3943/3492/456 3945/3494/456 3944/3493/1535
f 3948/3495/456 3947/3496/456 3946/3497/456
f 3949/3498/456 3946/3497/456 3947/3496/456
f 3947/3496/456 3948/3495/456 3950/3499/456
f 3946/3497/456 3949/3498/456 3951/3500/456
f 3952/3501/456 3950/3499/456 3948/3495/456
f 3953/3502/456 3951/3500/456 3949/3498/456
f 3950/3499/456 3952/3501/456 3954/3503/456
f 3951/3500/456 3953/3502/456 3955/3504/456
f 3956/3505/456 3954/3503/456 3952/3501/456
f 3957/3506/456 3955/3504/456 3953/3502/456
f 3954/3503/456 3956/3505/456 3958/3507/456
f 3955/3504/456 3957/3506/456 3959/3508/456
f 3960/3509/456 3958/3507/456 3956/3505/456
f 3961/3510/456 3959/3508/456 3957/3506/456
f 3958/3507/456 3960/3509/456 3961/3510/456
f 3959/3508/456 3961/3510/456 3960/3509/456
f 3964/3511/1536 3963/3512/1537 3962/3513/1538
f 3965/3514/1539 3962/3513/1538 3963/3512/1537
f 3962/3513/1538 3966/3515/1540 3964/3511/1536
f 3963/3512/1537 3967/3516/1541 3965/3514/1539
f 3968/3517/1542 3964/3511/1536 3966/3515/1540
f 3969/3518/1543 3965/3514/1539 3967/3516/1541
f 3966/3515/1540 3970/3519/1544 3968/3517/1542
f 3967/3516/1541 3971/3520/1545 3969/3518/1543
f 3972/3521/1546 3968/3517/1542 3970/3519/1544
f 3973/3522/1547 3969/3518/1543 3971/3520/1545
f 3970/3519/1544 3974/3523/1548 3972/3521/1546
f 3971/3520/1545 3975/3524/1549 3973/3522/1547
f 3976/3525/1550 3972/3521/1546 3974/3523/1548
f 3977/3526/1551 3973/3522/1547 3975/3524/1549
f 3974/3523/1548 3978/3527/1552 3976/3525/1550
f 3975/3524/1549 3979/3528/1553 3977/3526/1551
f 3980/3529/1554 3976/3525/1550 3978/3527/1552
f 3981/3530/1555 3977/3526/1551 3979/3528/1553
f 3978/3527/1552 3981/3530/1555 3980/3529/1554
f 3979/3528/1553 3980/3529/1554 3981/3530/1555
f 3984/3531/1556 3983/3532/1557 3982/3533/1558
f 3985/3534/1559 3982/3533/1558 3983/3532/1557
f 3982/3533/1558 3986/3535/1560 3984/3531/1556
f 3983/3532/1557 3987/3536/1561 3985/3534/1559
f 3988/3537/1562 3984/3531/1556 3986/3535/1560
f 3989/3538/1563 3985/3534/1559 3987/3536/1561
f 3986/3535/1560 3990/3539/1564 3988/3537/1562
f 3987/3536/1561 3991/3540/1565 3989/3538/1563
f 3992/3541/1566 3988/3537/1562 3990/3539/1564
f 3993/3542/1567 3989/3538/1563 3991/3540/1565
f 3990/3539/1564 3994/3543/1568 3992/3541/1566
f 3991/3540/1565 3995/3544/1569 3993/3542/1567
f 3996/3545/1570 3992/3541/1566 3994/3543/1568
f 3997/3546/1571 3993/3542/1567 3995/3544/1569
f 3994/3543/1568 3998/3547/1572 3996/3545/1570
f 3995/3544/1569 3999/3548/1573 3997/3546/1571
f 4000/3549/1574 3996/3545/1570 3998/3547/1572
f 4001/3550/1575 3997/3546/1571 3999/3548/1573
f 3998/3547/1572 4001/3550/1575 4000/3549/1574
f 3999/3548/1573 4000/3549/1574 4001/3550/1575
f 4004/3551/1576 4003/3552/1549 4002/3553/1555
f 4005/3554/1553 4002/3553/1555 4003/3552/1549
f 4003/3552/1549 4004/3551/1576 4006/3555/1545
f 4002/3553/1555 4005/3554/1553 4007/3556/1577
f 4008/3557/1578 4006/3555/1545 4004/3551/1576
f 4009/3558/1554 4007/3556/1577 4005/3554/1553
f 4006/3555/1545 4008/3557/1578 4010/3559/1541
f 4007/3556/1577 4009/3558/1554 4011/3560/1548
f 4012/3561/1543 4010/3559/1541 4008/3557/1578
f 4013/3562/1550 4011/3560/1548 4009/3558/1554
f 4010/3559/1541 4012/3561/1543 4014/3563/1537
f 4011/3560/1548 4013/3562/1550 4015/3564/1579
f 4016/3565/1580 4014/3563/1537 4012/3561/1543
f 4017/3566/1546 4015/3564/1579 4013/3562/1550
f 4014/3563/1537 4016/3565/1580 4018/3567/1536
f 4015/3564/1579 4017/3566/1546 4019/3568/1540
f 4020/3569/1581 4018/3567/1536 4016/3565/1580
f 4021/3570/1542 4019/3568/1540 4017/3566/1546
f 4018/3567/1536 4020/3569/1581 4021/3570/1542
f 4019/3568/1540 4021/3570/1542 4020/3569/1581
f 4024/3571/1582 4023/3572/1583 4022/3573/1575
f 4025/3574/1573 4022/3573/1575 4023/3572/1583
f 4023/3572/1583 4024/3571/1582 4026/3575/1584
f 4022/3573/1575 4025/3574/1573 4027/3576/1572
f 4028/3577/1567 4026/3575/1584 4024/3571/1582
f 4029/3578/1585 4027/3576/1572 4025/3574/1573
f 4026/3575/1584 4028/3577/1567 4030/3579/1586
f 4027/3576/1572 4029/3578/1585 4031/3580/1587
f 4032/3581/1563 4030/3579/1586 4028/3577/1567
f 4033/3582/1588 4031/3580/1587 4029/3578/1585
f 4030/3579/1586 4032/3581/1563 4034/3583/1589
f 4031/3580/1587 4033/3582/1588 4035/3584/1564
f 4036/3585/1590 4034/3583/1589 4032/3581/1563
f 4037/3586/1591 4035/3584/1564 4033/3582/1588
f 4034/3583/1589 4036/3585/1590 4038/3587/1556
f 4035/3584/1564 4037/3586/1591 4039/3588/1560
f 4040/3589/1558 4038/3587/1556 4036/3585/1590
f 4041/3590/1592 4039/3588/1560 4037/3586/1591
f 4038/3587/1556 4040/3589/1558 4041/3590/1592
f 4039/3588/1560 4041/3590/1592 4040/3589/1558
f 4044/3591/103 4043/3592/103 4042/3593/103
f 4045/3594/103 4042/3593/103 4043/3592/103
f 4048/3595/1105 4047/3596/1105 4046/3597/1105
f 4049/3598/1105 4046/3597/1105 4047/3596/1105
f 4052/3599/1107 4051/3600/1107 4050/3601/1107
f 4053/3602/1107 4050/3601/1107 4051/3600/1107
f 4056/3603/1108 4055/3604/1108 4054/3605/1108
f 4057/3606/1108 4054/3605/1108 4055/3604/1108
f 4060/3607/1109 4059/3608/1109 4058/3609/1109
f 4061/3610/1109 4058/3609/1109 4059/3608/1109
f 4064/3611/1593 4063/3612/1107 4062/3613/1593
f 4065/3614/1107 4062/3613/1593 4063/3612/1107
f 4063/3612/1107 4066/3615/1112 4065/3614/1107
f 4067/3616/1594 4065/3614/1107 4066/3615/1112
f 4070/3617/1110 4069/3618/1105 4068/3619/1123
f 4071/3620/1105 4068/3619/1123 4069/3618/1105
f 4069/3618/1105 4072/3621/1113 4071/3620/1105
f 4073/3622/1125 4071/3620/1105 4072/3621/1113
f 4076/3623/1595 4075/3624/1109 4074/3625/1114
f 4077/3626/1109 4074/3625/1114 4075/3624/1109
f 4075/3624/1109 4078/3627/1115 4077/3626/1109
f 4079/3628/1596 4077/3626/1109 4078/3627/1115
f 4082/3629/1115 4081/3630/1108 4080/3631/1115
f 4083/3632/1108 4080/3631/1115 4081/3630/1108
f 4081/3630/1108 4084/3633/1597 4083/3632/1108
f 4085/3634/1598 4083/3632/1108 4084/3633/1597
f 4088/3635/1593 4087/3636/1107 4086/3637/1593
f 4089/3638/1107 4086/3637/1593 4087/3636/1107
f 4087/3636/1107 4090/3639/1599 4089/3638/1107
f 4091/3640/1599 4089/3638/1107 4090/3639/1599
f 4094/3641/1600 4093/3642/1105 4092/3643/1110
f 4095/3644/1105 4092/3643/1110 4093/3642/1105
f 4093/3642/1105 4096/3645/1601 4095/3644/1105
f 4097/3646/1601 4095/3644/1105 4096/3645/1601
f 4100/3647/1595 4099/3648/1109 4098/3649/1595
f 4101/3650/1109 4098/3649/1595 4099/3648/1109
f 4099/3648/1109 4102/3651/1115 4101/3650/1109
f 4103/3652/1596 4101/3650/1109 4102/3651/1115
f 4106/3653/1602 4105/3654/1108 4104/3655/1115
f 4107/3656/1108 4104/3655/1115 4105/3654/1108
f 4105/3654/1108 4108/3657/1597 4107/3656/1108
f 4109/3658/1597 4107/3656/1108 4108/3657/1597
f 4112/3659/1593 4111/3660/1111 4110/3661/1121
f 4113/3662/1111 4110/3661/1121 4111/3660/1111
f 4111/3660/1111 4114/3663/1112 4113/3662/1111
f 4115/3664/1112 4113/3662/1111 4114/3663/1112
f 4118/3665/1110 4117/3666/1105 4116/3667/1600
f 4119/3668/1105 4116/3667/1600 4117/3666/1105
f 4117/3666/1105 4120/3669/1601 4119/3668/1105
f 4121/3670/1601 4119/3668/1105 4120/3669/1601
f 4124/3671/1595 4123/3672/1109 4122/3673/1114
f 4125/3674/1109 4122/3673/1114 4123/3672/1109
f 4123/3672/1109 4126/3675/1120 4125/3674/1109
f 4127/3676/1596 4125/3674/1109 4126/3675/1120
f 4130/3677/1115 4129/3678/1124 4128/3679/1115
f 4131/3680/1124 4128/3679/1115 4129/3678/1124
f 4129/3678/1124 4132/3681/1597 4131/3680/1124
f 4133/3682/1112 4131/3680/1124 4132/3681/1597
f 4136/3683/1110 4135/3684/1107 4134/3685/1593
f 4137/3686/1107 4134/3685/1593 4135/3684/1107
f 4135/3684/1107 4138/3687/1599 4137/3686/1107
f 4139/3688/1599 4137/3686/1107 4138/3687/1599
f 4142/3689/1110 4141/3690/1105 4140/3691/1110
f 4143/3692/1105 4140/3691/1110 4141/3690/1105
f 4141/3690/1105 4144/3693/1601 4143/3692/1105
f 4145/3694/1601 4143/3692/1105 4144/3693/1601
f 4148/3695/1603 4147/3696/1109 4146/3697/1114
f 4149/3698/1109 4146/3697/1114 4147/3696/1109
f 4147/3696/1109 4150/3699/1596 4149/3698/1109
f 4151/3700/1596 4149/3698/1109 4150/3699/1596
f 4154/3701/1604 4153/3702/1108 4152/3703/1604
f 4155/3704/1108 4152/3703/1604 4153/3702/1108
f 4153/3702/1108 4156/3705/1597 4155/3704/1108
f 4157/3706/1597 4155/3704/1108 4156/3705/1597
f 4160/3707/103 4159/3708/103 4158/3709/103
f 4161/3710/103 4158/3709/103 4159/3708/103
f 4164/3711/1126 4163/3712/1126 4162/3713/1126
f 4165/3714/1126 4162/3713/1126 4163/3712/1126
f 4168/3715/1127 4167/3716/1127 4166/3717/1127
f 4169/3718/1127 4166/3717/1127 4167/3716/1127
f 4172/3719/1129 4171/3720/1129 4170/3721/1129
f 4173/3722/1129 4170/3721/1129 4171/3720/1129
f 4176/3723/1130 4175/3724/1130 4174/3725/1130
f 4177/3726/1130 4174/3725/1130 4175/3724/1130
f 4180/3727/1131 4179/3728/1131 4178/3729/1127
f 4181/3730/1127 4178/3729/1127 4179/3728/1131
f 4178/3729/1127 4181/3730/1127 4182/3731/1133
f 4183/3732/1133 4182/3731/1133 4181/3730/1127
f 4186/3733/1134 4185/3734/1131 4184/3735/1126
f 4187/3736/1605 4184/3735/1126 4185/3734/1131
f 4184/3735/1126 4187/3736/1605 4188/3737/1136
f 4189/3738/1136 4188/3737/1136 4187/3736/1605
f 4192/3739/1606 4191/3740/1137 4190/3741/1130
f 4193/3742/1130 4190/3741/1130 4191/3740/1137
f 4190/3741/1130 4193/3742/1130 4194/3743/1607
f 4195/3744/1607 4194/3743/1607 4193/3742/1130
f 4198/3745/1608 4197/3746/1139 4196/3747/1129
f 4199/3748/1129 4196/3747/1129 4197/3746/1139
f 4196/3747/1129 4199/3748/1129 4200/3749/1609
f 4201/3750/1609 4200/3749/1609 4199/3748/1129
f 4204/3751/1610 4203/3752/1610 4202/3753/1127
f 4205/3754/1141 4202/3753/1127 4203/3752/1610
f 4202/3753/1127 4205/3754/1141 4206/3755/1611
f 4207/3756/1611 4206/3755/1611 4205/3754/1141
f 4210/3757/1134 4209/3758/1134 4208/3759/1126
f 4211/3760/1126 4208/3759/1126 4209/3758/1134
f 4208/3759/1126 4211/3760/1126 4212/3761/1612
f 4213/3762/1612 4212/3761/1612 4211/3760/1126
f 4216/3763/1606 4215/3764/1613 4214/3765/1130
f 4217/3766/1130 4214/3765/1130 4215/3764/1613
f 4214/3765/1130 4217/3766/1130 4218/3767/1614
f 4219/3768/1607 4218/3767/1614 4217/3766/1130
f 4222/3769/1608 4221/3770/1608 4220/3771/1129
f 4223/3772/1129 4220/3771/1129 4221/3770/1608
f 4220/3771/1129 4223/3772/1129 4224/3773/1615
f 4225/3774/1140 4224/3773/1615 4223/3772/1129
f 4228/3775/1610 4227/3776/1610 4226/3777/1141
f 4229/3778/1141 4226/3777/1141 4227/3776/1610
f 4226/3777/1141 4229/3778/1141 4230/3779/1133
f 4231/3780/1133 4230/3779/1133 4229/3778/1141
f 4234/3781/1131 4233/3782/1616 4232/3783/1126
f 4235/3784/1605 4232/3783/1126 4233/3782/1616
f 4232/3783/1126 4235/3784/1605 4236/3785/1612
f 4237/3786/1612 4236/3785/1612 4235/3784/1605
f 4240/3787/1137 4239/3788/1136 4238/3789/1130
f 4241/3790/1130 4238/3789/1130 4239/3788/1136
f 4238/3789/1130 4241/3790/1130 4242/3791/1607
f 4243/3792/1607 4242/3791/1607 4241/3790/1130
f 4246/3793/1617 4245/3794/1138 4244/3795/1129
f 4247/3796/1128 4244/3795/1129 4245/3794/1138
f 4244/3795/1129 4247/3796/1128 4248/3797/1609
f 4249/3798/1133 4248/3797/1609 4247/3796/1128
f 4252/3799/1610 4251/3800/1610 4250/3801/1127
f 4253/3802/1127 4250/3801/1127 4251/3800/1610
f 4250/3801/1127 4253/3802/1127 4254/3803/1611
f 4255/3804/1611 4254/3803/1611 4253/3802/1127
f 4258/3805/1134 4257/3806/1618 4256/3807/1126
f 4259/3808/1126 4256/3807/1126 4257/3806/1618
f 4256/3807/1126 4259/3808/1126 4260/3809/1136
f 4261/3810/1136 4260/3809/1136 4259/3808/1126
f 4264/3811/1137 4263/3812/1137 4262/3813/1130
f 4265/3814/1130 4262/3813/1130 4263/3812/1137
f 4262/3813/1130 4265/3814/1130 4266/3815/1619
f 4267/3816/1607 4266/3815/1619 4265/3814/1130
f 4270/3817/1608 4269/3818/1608 4268/3819/1129
f 4271/3820/1129 4268/3819/1129 4269/3818/1608
f 4268/3819/1129 4271/3820/1129 4272/3821/1620
f 4273/3822/1609 4272/3821/1620 4271/3820/1129
f 4276/3823/103 4275/3824/1392 4274/3825/1400
f 4276/3823/103 4274/3825/1400 4277/3826/1394
f 4276/3823/103 4278/3827/1395 4275/3824/1392
f 4276/3823/103 4277/3826/1394 4279/3828/1396
f 4276/3823/103 4280/3829/1621 4278/3827/1395
f 4276/3823/103 4279/3828/1396 4281/3830/1398
f 4276/3823/103 4282/3831/1399 4280/3829/1621
f 4276/3823/103 4281/3830/1398 4282/3831/1399
f 4285/3832/103 4284/3833/1392 4283/3834/1400
f 4285/3832/103 4283/3834/1400 4286/3835/1394
f 4285/3832/103 4287/3836/1395 4284/3833/1392
f 4285/3832/103 4286/3835/1394 4288/3837/1396
f 4285/3832/103 4289/3838/1397 4287/3836/1395
f 4285/3832/103 4288/3837/1396 4290/3839/1398
f 4285/3832/103 4291/3840/1402 4289/3838/1397
f 4285/3832/103 4290/3839/1398 4291/3840/1402
f 4294/3841/1403 4293/3842/103 4292/3843/1404
f 4292/3843/1404 4293/3842/103 4295/3844/1405
f 4296/3845/1406 4293/3842/103 4294/3841/1403
f 4295/3844/1405 4293/3842/103 4297/3846/1407
f 4298/3847/1408 4293/3842/103 4296/3845/1406
f 4297/3846/1407 4293/3842/103 4299/3848/1409
f 4300/3849/1622 4293/3842/103 4298/3847/1408
f 4299/3848/1409 4293/3842/103 4300/3849/1622
f 4303/3850/1403 4302/3851/103 4301/3852/1404
f 4301/3852/1404 4302/3851/103 4304/3853/1623
f 4305/3854/1406 4302/3851/103 4303/3850/1403
f 4304/3853/1623 4302/3851/103 4306/3855/1407
f 4307/3856/1408 4302/3851/103 4305/3854/1406
f 4306/3855/1407 4302/3851/103 4308/3857/1409
f 4309/3858/1410 4302/3851/103 4307/3856/1408
f 4308/3857/1409 4302/3851/103 4309/3858/1410
f 4312/3859/456 4311/3860/456 4310/3861/456
f 4313/3862/456 4310/3861/456 4311/3860/456
f 4310/3861/456 4314/3863/456 4312/3859/456
f 4311/3860/456 4315/3864/456 4313/3862/456
f 4316/3865/456 4312/3859/456 4314/3863/456
f 4317/3866/456 4313/3862/456 4315/3864/456
f 4314/3863/456 4318/3867/1532 4316/3865/456
f 4315/3864/456 4319/3868/456 4317/3866/456
f 4320/3869/1532 4316/3865/456 4318/3867/1532
f 4321/3870/456 4317/3866/456 4319/3868/456
f 4318/3867/1532 4322/3871/456 4320/3869/1532
f 4319/3868/456 4323/3872/1534 4321/3870/456
f 4324/3873/456 4320/3869/1532 4322/3871/456
f 4325/3874/1534 4321/3870/456 4323/3872/1534
f 4322/3871/456 4325/3874/1534 4324/3873/456
f 4323/3872/1534 4324/3873/456 4325/3874/1534
f 4328/3875/456 4327/3876/456 4326/3877/456
f 4329/3878/456 4326/3877/456 4327/3876/456
f 4326/3877/456 4330/3879/456 4328/3875/456
f 4327/3876/456 4331/3880/456 4329/3878/456
f 4332/3881/456 4328/3875/456 4330/3879/456
f 4333/3882/456 4329/3878/456 4331/3880/456
f 4330/3879/456 4334/3883/456 4332/3881/456
f 4331/3880/456 4335/3884/456 4333/3882/456
f 4336/3885/456 4332/3881/456 4334/3883/456
f 4337/3886/456 4333/3882/456 4335/3884/456
f 4334/3883/456 4338/3887/456 4336/3885/456
f 4335/3884/456 4339/3888/456 4337/3886/456
f 4340/3889/456 4336/3885/456 4338/3887/456
f 4341/3890/456 4337/3886/456 4339/3888/456
f 4338/3887/456 4341/3890/456 4340/3889/456
f 4339/3888/456 4340/3889/456 4341/3890/456
f 4344/3891/456 4343/3892/456 4342/3893/456
f 4345/3894/456 4342/3893/456 4343/3892/456
f 4343/3892/456 4344/3891/456 4346/3895/456
f 4342/3893/456 4345/3894/456 4347/3896/456
f 4348/3897/456 4346/3895/456 4344/3891/456
f 4349/3898/456 4347/3896/456 4345/3894/456
f 4346/3895/456 4348/3897/456 4350/3899/456
f 4347/3896/456 4349/3898/456 4351/3900/1535
f 4352/3901/456 4350/3899/456 4348/3897/456
f 4353/3902/1535 4351/3900/1535 4349/3898/456
f 4350/3899/456 4352/3901/456 4354/3903/1624
f 4351/3900/1535 4353/3902/1535 4355/3904/456
f 4356/3905/1624 4354/3903/1624 4352/3901/456
f 4357/3906/456 4355/3904/456 4353/3902/1535
f 4354/3903/1624 4356/3905/1624 4357/3906/456
f 4355/3904/456 4357/3906/456 4356/3905/1624
f 4360/3907/456 4359/3908/456 4358/3909/456
f 4361/3910/456 4358/3909/456 4359/3908/456
f 4359/3908/456 4360/3907/456 4362/3911/456
f 4358/3909/456 4361/3910/456 4363/3912/456
f 4364/3913/456 4362/3911/456 4360/3907/456
f 4365/3914/456 4363/3912/456 4361/3910/456
f 4362/3911/456 4364/3913/456 4366/3915/456
f 4363/3912/456 4365/3914/456 4367/3916/456
f 4368/3917/456 4366/3915/456 4364/3913/456
f 4369/3918/456 4367/3916/456 4365/3914/456
f 4366/3915/456 4368/3917/456 4370/3919/456
f 4367/3916/456 4369/3918/456 4371/3920/456
f 4372/3921/456 4370/3919/456 4368/3917/456
f 4373/3922/456 4371/3920/456 4369/3918/456
f 4370/3919/456 4372/3921/456 4373/3922/456
f 4371/3920/456 4373/3922/456 4372/3921/456
f 4376/3923/103 4375/3924/103 4374/3925/103
f 4377/3926/103 4374/3925/103 4375/3924/103
f 4380/3927/1108 4379/3928/1108 4378/3929/1108
f 4381/3930/1108 4378/3929/1108 4379/3928/1108
f 4384/3931/1109 4383/3932/1109 4382/3933/1109
f 4385/3934/1109 4382/3933/1109 4383/3932/1109
f 4388/3935/1105 4387/3936/1105 4386/3937/1105
f 4389/3938/1105 4386/3937/1105 4387/3936/1105
f 4392/3939/1107 4391/3940/1107 4390/3941/1107
f 4393/3942/1107 4390/3941/1107 4391/3940/1107
f 4396/3943/1115 4395/3944/1119 4394/3945/1115
f 4397/3946/1109 4394/3945/1115 4395/3944/1119
f 4395/3944/1119 4398/3947/1113 4397/3946/1109
f 4399/3948/1113 4397/3946/1109 4398/3947/1113
f 4402/3949/1115 4401/3950/1108 4400/3951/1115
f 4403/3952/1124 4400/3951/1115 4401/3950/1108
f 4401/3950/1108 4404/3953/1112 4403/3952/1124
f 4405/3954/1112 4403/3952/1124 4404/3953/1112
f 4408/3955/1112 4407/3956/1107 4406/3957/1112
f 4409/3958/1107 4406/3957/1112 4407/3956/1107
f 4407/3956/1107 4410/3959/1110 4409/3958/1107
f 4411/3960/1110 4409/3958/1107 4410/3959/1110
f 4414/3961/1110 4413/3962/1105 4412/3963/1110
f 4415/3964/1105 4412/3963/1110 4413/3962/1105
f 4413/3962/1105 4416/3733/1113 4415/3964/1105
f 4417/3734/1113 4415/3964/1105 4416/3733/1113
f 4420/3965/1115 4419/3966/1109 4418/3967/1115
f 4421/3968/1109 4418/3967/1115 4419/3966/1109
f 4419/3966/1109 4422/3969/1113 4421/3968/1109
f 4423/3970/1113 4421/3968/1109 4422/3969/1113
f 4426/3971/1115 4425/3972/1108 4424/3973/1115
f 4427/3974/1108 4424/3973/1115 4425/3972/1108
f 4425/3972/1108 4428/3975/1112 4427/3974/1108
f 4429/3976/1112 4427/3974/1108 4428/3975/1112
f 4432/3977/1112 4431/3978/1107 4430/3979/1112
f 4433/3980/1107 4430/3979/1112 4431/3978/1107
f 4431/3978/1107 4434/3981/1110 4433/3980/1107
f 4435/3982/1110 4433/3980/1107 4434/3981/1110
f 4438/3983/1110 4437/3984/1105 4436/3985/1110
f 4439/3986/1105 4436/3985/1110 4437/3984/1105
f 4437/3984/1105 4440/3987/1113 4439/3986/1105
f 4441/3988/1113 4439/3986/1105 4440/3987/1113
f 4444/3989/1115 4443/3990/1119 4442/3991/1115
f 4445/3992/1119 4442/3991/1115 4443/3990/1119
f 4443/3990/1119 4446/3993/1113 4445/3992/1119
f 4447/3994/1113 4445/3992/1119 4446/3993/1113
f 4450/3995/1115 4449/3996/1108 4448/3997/1115
f 4451/3998/1108 4448/3997/1115 4449/3996/1108
f 4449/3996/1108 4452/3999/1112 4451/3998/1108
f 4453/4000/1112 4451/3998/1108 4452/3999/1112
f 4456/4001/1122 4455/4002/1107 4454/4003/1112
f 4457/4004/1111 4454/4003/1112 4455/4002/1107
f 4455/4002/1107 4458/4005/1110 4457/4004/1111
f 4459/4006/1110 4457/4004/1111 4458/4005/1110
f 4462/4007/1110 4461/4008/1106 4460/4009/1110
f 4463/4010/1106 4460/4009/1110 4461/4008/1106
f 4461/4008/1106 4464/4011/1601 4463/4010/1106
f 4465/4012/1113 4463/4010/1106 4464/4011/1601
f 4468/4013/1115 4467/4014/1109 4466/4015/1115
f 4469/4016/1109 4466/4015/1115 4467/4014/1109
f 4467/4014/1109 4470/4017/1113 4469/4016/1109
f 4471/4018/1113 4469/4016/1109 4470/4017/1113
f 4474/4019/1625 4473/4020/1108 4472/4021/1115
f 4475/4022/1108 4472/4021/1115 4473/4020/1108
f 4473/4020/1108 4476/4023/1112 4475/4022/1108
f 4477/4024/1112 4475/4022/1108 4476/4023/1112
f 4480/4025/1112 4479/4026/1107 4478/4027/1112
f 4481/4028/1107 4478/4027/1112 4479/4026/1107
f 4479/4026/1107 4482/4029/1110 4481/4028/1107
f 4483/4030/1117 4481/4028/1107 4482/4029/1110
f 4486/4031/1110 4485/4032/1105 4484/4033/1110
f 4487/4034/1106 4484/4033/1110 4485/4032/1105
f 4485/4032/1105 4488/4035/1113 4487/4034/1106
f 4489/4036/1113 4487/4034/1106 4488/4035/1113
f 4492/4037/103 4491/4038/103 4490/4039/103
f 4493/4040/103 4490/4039/103 4491/4038/103
f 4496/4041/1129 4495/4042/1129 4494/4043/1129
f 4497/4044/1129 4494/4043/1129 4495/4042/1129
f 4500/4045/1130 4499/4046/1130 4498/4047/1130
f 4501/4048/1130 4498/4047/1130 4499/4046/1130
f 4504/4049/1126 4503/4050/1126 4502/4051/1126
f 4505/4052/1126 4502/4051/1126 4503/4050/1126
f 4508/4053/1127 4507/4054/1127 4506/4055/1127
f 4509/4056/1127 4506/4055/1127 4507/4054/1127
f 4512/4057/1138 4511/4058/1138 4510/4059/1130
f 4513/4060/1130 4510/4059/1130 4511/4058/1138
f 4510/4059/1130 4513/4060/1130 4514/4061/1136
f 4515/4062/1136 4514/4061/1136 4513/4060/1130
f 4518/4063/1138 4517/3634/1608 4516/4064/1128
f 4519/4065/1128 4516/4064/1128 4517/3634/1608
f 4516/4064/1128 4519/4065/1128 4520/4066/1133
f 4521/3631/1133 4520/4066/1133 4519/4065/1128
f 4524/4067/1133 4523/4068/1626 4522/4069/1127
f 4525/4070/1127 4522/4069/1127 4523/4068/1626
f 4522/4069/1127 4525/4070/1127 4526/4071/1131
f 4527/4072/1131 4526/4071/1131 4525/4070/1127
f 4530/4073/1131 4529/4074/1131 4528/4075/1126
f 4531/4076/1126 4528/4075/1126 4529/4074/1131
f 4528/4075/1126 4531/4076/1126 4532/4077/1136
f 4533/4078/1136 4532/4077/1136 4531/4076/1126
f 4536/4079/1138 4535/4080/1138 4534/4081/1130
f 4537/4082/1130 4534/4081/1130 4535/4080/1138
f 4534/4081/1130 4537/4082/1130 4538/4083/1136
f 4539/4084/1136 4538/4083/1136 4537/4082/1130
f 4542/4085/1138 4541/4086/1138 4540/4087/1129
f 4543/4088/1129 4540/4087/1129 4541/4086/1138
f 4540/4087/1129 4543/4088/1129 4544/4089/1133
f 4545/4090/1133 4544/4089/1133 4543/4088/1129
f 4548/4091/1133 4547/4092/1133 4546/4093/1127
f 4549/4094/1127 4546/4093/1127 4547/4092/1133
f 4546/4093/1127 4549/4094/1127 4550/4095/1131
f 4551/4096/1131 4550/4095/1131 4549/4094/1127
f 4554/4097/1131 4553/4098/1627 4552/4099/1126
f 4555/4100/1605 4552/4099/1126 4553/4098/1627
f 4552/4099/1126 4555/4100/1605 4556/4101/1136
f 4557/4102/1136 4556/4101/1136 4555/4100/1605
f 4560/4103/1138 4559/4104/1138 4558/4105/1628
f 4561/4106/1628 4558/4105/1628 4559/4104/1138
f 4558/4105/1628 4561/4106/1628 4562/4107/1136
f 4563/4108/1136 4562/4107/1136 4561/4106/1628
f 4566/4109/1138 4565/4110/1138 4564/4111/1129
f 4567/4112/1128 4564/4111/1129 4565/4110/1138
f 4564/4111/1129 4567/4112/1128 4568/4113/1133
f 4569/4114/1133 4568/4113/1133 4567/4112/1128
f 4572/4115/1133 4571/4116/1133 4570/4117/1127
f 4573/4118/1127 4570/4117/1127 4571/4116/1133
f 4570/4117/1127 4573/4118/1127 4574/4119/1131
f 4575/4120/1131 4574/4119/1131 4573/4118/1127
f 4578/4121/1131 4577/4122/1131 4576/4123/1126
f 4579/4124/1605 4576/4123/1126 4577/4122/1131
f 4576/4123/1126 4579/4124/1605 4580/4125/1136
f 4581/4126/1612 4580/4125/1136 4579/4124/1605
f 4584/4127/1138 4583/4128/1138 4582/4129/1628
f 4585/4130/1628 4582/4129/1628 4583/4128/1138
f 4582/4129/1628 4585/4130/1628 4586/4131/1136
f 4587/4132/1136 4586/4131/1136 4585/4130/1628
f 4590/4133/1138 4589/4134/1629 4588/4135/1129
f 4591/4136/1129 4588/4135/1129 4589/4134/1629
f 4588/4135/1129 4591/4136/1129 4592/4137/1133
f 4593/4138/1133 4592/4137/1133 4591/4136/1129
f 4596/4139/1133 4595/4140/1133 4594/4141/1127
f 4597/4142/1127 4594/4141/1127 4595/4140/1133
f 4594/4141/1127 4597/4142/1127 4598/4143/1131
f 4599/4144/1131 4598/4143/1131 4597/4142/1127
f 4602/4145/1131 4601/4146/1131 4600/4147/1126
f 4603/4148/1126 4600/4147/1126 4601/4146/1131
f 4600/4147/1126 4603/4148/1126 4604/4149/1136
f 4605/4150/1136 4604/4149/1136 4603/4148/1126
f 4608/4151/103 4607/4152/1630 4606/4153/1399
f 4608/4151/103 4606/4153/1399 4609/4154/1397
f 4608/4151/103 4610/4155/1631 4607/4152/1630
f 4608/4151/103 4609/4154/1397 4611/4156/1632
f 4608/4151/103 4612/4157/1394 4610/4155/1631
f 4608/4151/103 4611/4156/1632 4613/4158/1633
f 4608/4151/103 4614/4159/1400 4612/4157/1394
f 4608/4151/103 4613/4158/1633 4614/4159/1400
f 4617/4160/103 4616/4161/1630 4615/4162/1402
f 4617/4160/103 4615/4162/1402 4618/4163/1397
f 4617/4160/103 4619/4164/1631 4616/4161/1630
f 4617/4160/103 4618/4163/1397 4620/4165/1632
f 4617/4160/103 4621/4166/1394 4619/4164/1631
f 4617/4160/103 4620/4165/1632 4622/4167/1633
f 4617/4160/103 4623/4168/1400 4621/4166/1394
f 4617/4160/103 4622/4167/1633 4623/4168/1400
f 4626/4169/1634 4625/4170/103 4624/4171/1410
f 4624/4171/1410 4625/4170/103 4627/4172/1408
f 4628/4173/1635 4625/4170/103 4626/4169/1634
f 4627/4172/1408 4625/4170/103 4629/4174/1636
f 4630/4175/1405 4625/4170/103 4628/4173/1635
f 4629/4174/1636 4625/4170/103 4631/4176/1637
f 4632/4177/1404 4625/4170/103 4630/4175/1405
f 4631/4176/1637 4625/4170/103 4632/4177/1404
f 4635/4178/1634 4634/4179/103 4633/4180/1410
f 4633/4180/1410 4634/4179/103 4636/4181/1638
f 4637/4182/1635 4634/4179/103 4635/4178/1634
f 4636/4181/1638 4634/4179/103 4638/4183/1636
f 4639/4184/1405 4634/4179/103 4637/4182/1635
f 4638/4183/1636 4634/4179/103 4640/4185/1637
f 4641/4186/1404 4634/4179/103 4639/4184/1405
f 4640/4185/1637 4634/4179/103 4641/4186/1404
f 4644/4187/456 4643/4188/456 4642/4189/456
f 4645/4190/456 4642/4189/456 4643/4188/456
f 4642/4189/456 4646/4191/456 4644/4187/456
f 4643/4188/456 4647/4192/456 4645/4190/456
f 4648/4193/456 4644/4187/456 4646/4191/456
f 4649/4194/456 4645/4190/456 4647/4192/456
f 4646/4191/456 4650/4195/1535 4648/4193/456
f 4647/4192/456 4651/4196/456 4649/4194/456
f 4652/4197/1535 4648/4193/456 4650/4195/1535
f 4653/4198/456 4649/4194/456 4651/4196/456
f 4650/4195/1535 4654/4199/456 4652/4197/1535
f 4651/4196/456 4655/4200/1535 4653/4198/456
f 4656/4201/456 4652/4197/1535 4654/4199/456
f 4657/4202/1535 4653/4198/456 4655/4200/1535
f 4654/4199/456 4657/4202/1535 4656/4201/456
f 4655/4200/1535 4656/4201/456 4657/4202/1535
f 4660/4203/456 4659/4204/456 4658/4205/456
f 4661/4206/456 4658/4205/456 4659/4204/456
f 4658/4205/456 4662/4207/456 4660/4203/456
f 4659/4204/456 4663/4208/456 4661/4206/456
f 4664/4209/456 4660/4203/456 4662/4207/456
f 4665/4210/456 4661/4206/456 4663/4208/456
f 4662/4207/456 4666/4211/456 4664/4209/456
f 4663/4208/456 4667/4212/456 4665/4210/456
f 4668/4213/456 4664/4209/456 4666/4211/456
f 4669/4214/456 4665/4210/456 4667/4212/456
f 4666/4211/456 4670/4215/456 4668/4213/456
f 4667/4212/456 4671/4216/456 4669/4214/456
f 4672/4217/456 4668/4213/456 4670/4215/456
f 4673/4218/456 4669/4214/456 4671/4216/456
f 4670/4215/456 4673/4218/456 4672/4217/456
f 4671/4216/456 4672/4217/456 4673/4218/456
f 4676/4219/456 4675/4220/456 4674/4221/456
f 4677/4222/456 4674/4221/456 4675/4220/456
f 4675/4220/456 4676/4219/456 4678/4223/456
f 4674/4221/456 4677/4222/456 4679/4224/456
f 4680/4225/456 4678/4223/456 4676/4219/456
f 4681/4226/456 4679/4224/456 4677/4222/456
f 4678/4223/456 4680/4225/456 4682/4227/1532
f 4679/4224/456 4681/4226/456 4683/4228/456
f 4684/4229/1532 4682/4227/1532 4680/4225/456
f 4685/4230/456 4683/4228/456 4681/4226/456
f 4682/4227/1532 4684/4229/1532 4686/4231/456
f 4683/4228/456 4685/4230/456 4687/4232/1532
f 4688/4233/456 4686/4231/456 4684/4229/1532
f 4689/4234/1532 4687/4232/1532 4685/4230/456
f 4686/4231/456 4688/4233/456 4689/4234/1532
f 4687/4232/1532 4689/4234/1532 4688/4233/456
f 4692/4235/456 4691/4236/456 4690/4237/456
f 4693/4238/456 4690/4237/456 4691/4236/456
f 4691/4236/456 4692/4235/456 4694/4239/456
f 4690/4237/456 4693/4238/456 4695/4240/456
f 4696/4241/456 4694/4239/456 4692/4235/456
f 4697/4242/456 4695/4240/456 4693/4238/456
f 4694/4239/456 4696/4241/456 4698/4243/456
f 4695/4240/456 4697/4242/456 4699/4244/456
f 4700/4245/456 4698/4243/456 4696/4241/456
f 4701/4246/456 4699/4244/456 4697/4242/456
f 4698/4243/456 4700/4245/456 4702/4247/456
f 4699/4244/456 4701/4246/456 4703/4248/456
f 4704/4249/456 4702/4247/456 4700/4245/456
f 4705/4250/456 4703/4248/456 4701/4246/456
f 4702/4247/456 4704/4249/456 4705/4250/456
f 4703/4248/456 4705/4250/456 4704/4249/456
