# Blender 5.1.0
# www.blender.org
mtllib Turret.mtl
o Turret
v 1.648823 0.305291 -1.660082
v 1.578860 0.305291 -1.873746
v 0.993299 0.305291 1.728004
v 0.993299 0.305291 1.668003
v 1.185038 0.305291 1.634557
v -1.648823 0.305291 -1.660082
v -1.578860 0.305291 -1.873746
v 1.457450 0.305291 1.458421
v 1.648823 0.305291 0.949917
v 0.993299 0.305291 1.728004
v 0.993299 0.755291 1.728004
v 0.057242 0.755291 -2.602383
v 0.280103 0.755291 -2.576412
v -0.993299 0.305291 1.728004
v -0.993299 0.305291 1.668003
v -1.185038 0.305291 1.634557
v -1.457450 0.305291 1.458421
v -1.648823 0.305291 0.949917
v 0.834110 0.755291 -2.459007
v -0.993299 0.305291 1.728004
v -0.993299 0.755291 1.728004
v 1.107512 0.755291 -2.343822
v 1.372178 0.755291 -2.185755
v 1.515692 0.755291 -2.059196
v 1.658891 0.755291 -1.859538
v 1.708823 0.755291 -1.696082
v 1.708823 0.755291 0.949917
v 1.621391 0.755291 1.314919
v 1.329383 0.755291 1.632819
v 0.993299 0.755291 1.728004
v 0.993299 0.755291 1.668003
v -0.057242 0.755291 -2.602383
v -0.280103 0.755291 -2.576412
v -0.834110 0.755291 -2.459007
v -1.107512 0.755291 -2.343822
v -1.372178 0.755291 -2.185755
v -1.515692 0.755291 -2.059196
v -1.658891 0.755291 -1.859538
v -1.708823 0.755291 -1.696082
v -1.708823 0.755291 0.949917
v -1.621391 0.755291 1.314919
v -1.329383 0.755291 1.632819
v -0.993299 0.755291 1.728004
v -0.993299 0.755291 1.668003
v -1.298345 0.755291 1.580104
v -1.568369 0.755291 1.284279
v -1.648823 0.755291 0.949917
v -1.648823 0.755291 -1.660082
v -1.578923 0.755291 -1.873746
v -1.455398 0.755291 -2.045283
v -1.298348 0.755291 -2.174394
v -1.035986 0.755291 -2.318283
v -0.754115 0.755291 -2.424183
v -0.465671 0.755291 -2.492883
v -0.057242 0.755291 -2.542383
v 1.298345 0.755291 1.580104
v 1.568369 0.755291 1.284279
v 1.648823 0.755291 0.949917
v 1.648823 0.755291 -1.660082
v 1.578923 0.755291 -1.873746
v 1.455398 0.755291 -2.045283
v 1.298348 0.755291 -2.174394
v 1.035986 0.755291 -2.318283
v 0.754115 0.755291 -2.424183
v 0.465671 0.755291 -2.492883
v 0.057242 0.755291 -2.542383
v 0.465671 0.755291 -2.492883
v 0.754115 0.755291 -2.424183
v 0.754115 0.515291 -2.424224
v 0.754115 0.515291 -2.424224
v 0.465671 0.515291 -2.492871
v 0.465671 0.755291 -2.492883
v 0.198308 0.515291 -2.529720
v 0.465671 0.515291 -2.492871
v 0.465671 0.755291 -2.492883
v 0.465671 0.755291 -2.492883
v 0.198308 0.755291 -2.529783
v 0.198308 0.515291 -2.529720
v 0.057242 0.755291 -2.542383
v 0.198308 0.755291 -2.529783
v 0.198308 0.515291 -2.529720
v 0.198308 0.515291 -2.529720
v 0.057242 0.515291 -2.542383
v 0.057242 0.755291 -2.542383
v 1.648823 0.305291 -1.660082
v 1.648823 0.305291 0.949917
v 1.648823 0.755291 0.949917
v 1.648823 0.755291 -1.660082
v 1.298348 0.755291 -2.174394
v 1.298348 0.515291 -2.174394
v 1.035986 0.515291 -2.318352
v 1.035986 0.515291 -2.318352
v 1.035986 0.755291 -2.318283
v 1.298348 0.755291 -2.174394
v 0.754115 0.515291 -2.424224
v 1.035986 0.515291 -2.318352
v 1.035986 0.755291 -2.318283
v 1.035986 0.755291 -2.318283
v 0.754115 0.755291 -2.424183
v 0.754115 0.515291 -2.424224
v 1.455398 0.425291 -2.045414
v 1.298348 0.515291 -2.174394
v 1.298348 0.755291 -2.174394
v 1.298348 0.755291 -2.174394
v 1.455398 0.755291 -2.045283
v 1.455398 0.425291 -2.045414
v 0.057242 0.515291 -2.542383
v 1.298348 0.515291 -2.174394
v 1.035986 0.515291 -2.318352
v 0.754115 0.515291 -2.424224
v 0.465671 0.515291 -2.492871
v 1.455398 0.425291 -2.045414
v 1.298348 0.515291 -2.174394
v 1.578860 0.305291 -1.873746
v 1.455398 0.425291 -2.045414
v 1.455398 0.755291 -2.045283
v 1.578923 0.755291 -1.873746
v 1.578860 0.305291 -1.873746
v 1.578923 0.755291 -1.873746
v 1.648823 0.755291 -1.660082
v 1.648823 0.305291 -1.660082
v 1.648823 0.305291 -1.660082
v 1.578860 0.305291 -1.873746
v -0.465671 0.755291 -2.492883
v -0.754115 0.755291 -2.424183
v -0.754115 0.515291 -2.424224
v -0.754115 0.515291 -2.424224
v -0.465671 0.515291 -2.492871
v -0.465671 0.755291 -2.492883
v -0.198308 0.515291 -2.529720
v -0.465671 0.515291 -2.492871
v -0.465671 0.755291 -2.492883
v -0.465671 0.755291 -2.492883
v -0.198308 0.755291 -2.529783
v -0.198308 0.515291 -2.529720
v -0.057242 0.755291 -2.542383
v -0.198308 0.755291 -2.529783
v -0.198308 0.515291 -2.529720
v -0.198308 0.515291 -2.529720
v -0.057242 0.515291 -2.542383
v -0.057242 0.755291 -2.542383
v -1.648823 0.305291 -1.660082
v -1.648823 0.305291 0.949917
v -1.648823 0.755291 0.949917
v -1.648823 0.755291 -1.660082
v -1.298348 0.755291 -2.174394
v -1.298348 0.515291 -2.174394
v -1.035986 0.515291 -2.318352
v -1.035986 0.515291 -2.318352
v -1.035986 0.755291 -2.318283
v -1.298348 0.755291 -2.174394
v -0.754115 0.515291 -2.424224
v -1.035986 0.515291 -2.318352
v -1.035986 0.755291 -2.318283
v -1.035986 0.755291 -2.318283
v -0.754115 0.755291 -2.424183
v -0.754115 0.515291 -2.424224
v -1.455398 0.425291 -2.045414
v -1.298348 0.515291 -2.174394
v -1.298348 0.755291 -2.174394
v -1.298348 0.755291 -2.174394
v -1.455398 0.755291 -2.045283
v -1.455398 0.425291 -2.045414
v -0.057242 0.515291 -2.542383
v 1.578923 0.755291 -1.873746
v 0.057242 0.515291 -2.542383
v 0.057242 0.755291 -2.542383
v 1.708823 0.305291 -1.570082
v 1.648823 0.305291 0.949917
v 1.648823 0.326291 0.949917
v -1.298348 0.515291 -2.174394
v -1.035986 0.515291 -2.318352
v -0.754115 0.515291 -2.424224
v -0.465671 0.515291 -2.492871
v 1.708823 0.326291 -1.570082
v 1.648823 0.305291 -1.660082
v 1.648823 0.326291 -1.660082
v 1.648823 0.305291 0.949917
v 1.708823 0.305291 -1.570082
v 1.708823 0.326291 -1.570082
v 1.648823 0.326291 0.949917
v 1.708823 0.305291 0.949917
v 1.708823 0.326291 0.949917
v 0.375323 0.755291 1.728118
v 0.375323 1.021448 1.728118
v 0.993299 0.305291 1.728004
v 0.993299 0.305291 1.668003
v 0.993299 0.755291 1.668003
v 0.993299 0.755291 1.728004
v 0.993299 0.755291 1.728004
v 0.375323 0.755291 1.728118
v 0.375323 1.925291 1.728118
v -1.455398 0.425291 -2.045414
v -1.298348 0.515291 -2.174394
v 0.993299 1.925291 1.728004
v 1.708823 0.755291 0.949917
v 1.621391 0.755291 1.314919
v -1.578860 0.305291 -1.873746
v -1.455398 0.425291 -2.045414
v 1.329383 0.755291 1.632819
v 0.993299 0.755291 1.728004
v 0.993299 1.925291 1.728004
v 1.329383 1.925291 1.632819
v 1.621391 1.925291 1.314919
v 1.708823 1.925291 0.949917
v -1.455398 0.755291 -2.045283
v -1.578923 0.755291 -1.873746
v -1.578860 0.305291 -1.873746
v -1.578923 0.755291 -1.873746
v -1.648823 0.755291 -1.660082
v -1.648823 0.305291 -1.660082
v -1.648823 0.305291 -1.660082
v -1.578860 0.305291 -1.873746
v -1.578923 0.755291 -1.873746
v 1.648823 0.305291 0.949917
v 1.568369 0.305291 1.284279
v 1.298345 0.305291 1.580104
v 0.993299 0.305291 1.668003
v 0.993299 0.755291 1.668003
v 1.298345 0.755291 1.580104
v 1.568369 0.755291 1.284279
v 1.648823 0.755291 0.949917
v 0.993299 0.305291 1.728004
v 0.993299 0.305291 1.668003
v -0.057242 0.515291 -2.542383
v 0.993299 0.326291 1.668003
v 0.993299 0.326291 1.728004
v -0.057242 0.755291 -2.542383
v 1.708823 0.305291 0.949917
v 1.621430 0.305291 1.314946
v 1.329413 0.305291 1.632856
v 1.329413 0.326291 1.632856
v 1.621430 0.326291 1.314946
v 1.708823 0.326291 0.949917
v 1.648823 0.305291 0.949917
v 1.648823 0.326291 0.949917
v 1.298345 0.305291 1.580104
v 1.568369 0.305291 1.284279
v 1.568369 0.326291 1.284279
v 1.298345 0.326291 1.580104
v 1.708823 0.755291 -1.696082
v 1.708823 2.255291 -1.696082
v 1.708823 1.925291 0.949917
v 1.708823 0.755291 0.949917
v 0.834110 0.755291 -2.459007
v 1.107512 0.755291 -2.343822
v 1.107512 2.275690 -2.343822
v 0.834110 2.275690 -2.459007
v 1.107512 0.755291 -2.343822
v 1.372178 0.755291 -2.185755
v 1.372178 2.275690 -2.185755
v 1.107512 2.275690 -2.343822
v 0.057242 0.755291 -2.602383
v 0.057242 2.275690 -2.602383
v 0.057242 0.755291 -2.602383
v 0.280103 0.755291 -2.576412
v 0.280103 2.275690 -2.576412
v 0.057242 2.275690 -2.602383
v 0.280103 0.755291 -2.576412
v 0.457505 0.755291 -2.545166
v 0.457505 2.275690 -2.545166
v 0.280103 2.275690 -2.576412
v 0.457505 0.755291 -2.545166
v 0.834110 0.755291 -2.459007
v 0.834110 2.275690 -2.459007
v 0.457505 2.275690 -2.545166
v 1.372178 0.755291 -2.185755
v 1.515692 0.755291 -2.059196
v 1.515692 2.275690 -2.059196
v 1.372178 2.275690 -2.185755
v 1.515692 0.755291 -2.059196
v 1.658891 0.755291 -1.859538
v 1.658891 2.275690 -1.859538
v -1.708823 0.305291 -1.570082
v -1.648823 0.305291 0.949917
v -1.648823 0.326291 0.949917
v -1.708823 0.326291 -1.570082
v -1.648823 0.305291 -1.660082
v -1.648823 0.326291 -1.660082
v -1.648823 0.305291 0.949917
v -1.708823 0.305291 -1.570082
v -1.708823 0.326291 -1.570082
v -1.648823 0.326291 0.949917
v -1.708823 0.305291 0.949917
v -1.708823 0.326291 0.949917
v -0.375323 0.755291 1.728118
v 1.515692 2.275690 -2.059196
v 1.708823 2.255291 -1.696082
v -0.375323 1.021448 1.728118
v -0.993299 0.305291 1.728004
v -0.993299 0.305291 1.668003
v -0.993299 0.755291 1.668003
v -0.993299 0.755291 1.728004
v -0.993299 0.755291 1.728004
v -0.375323 0.755291 1.728118
v -0.375323 1.925291 1.728118
v -0.993299 1.925291 1.728004
v -1.708823 0.755291 0.949917
v -1.621391 0.755291 1.314919
v -1.329383 0.755291 1.632819
v -0.993299 0.755291 1.728004
v -0.993299 1.925291 1.728004
v -1.329383 1.925291 1.632819
v -1.621391 1.925291 1.314919
v -1.708823 1.925291 0.949917
v -1.648823 0.305291 0.949917
v -1.568369 0.305291 1.284279
v -1.298345 0.305291 1.580104
v -0.993299 0.305291 1.668003
v -0.993299 0.755291 1.668003
v -1.298345 0.755291 1.580104
v -1.568369 0.755291 1.284279
v -1.648823 0.755291 0.949917
v -0.993299 0.305291 1.728004
v -0.993299 0.305291 1.668003
v -0.993299 0.326291 1.668003
v -0.993299 0.326291 1.728004
v -1.708823 0.305291 0.949917
v -1.621430 0.305291 1.314946
v -1.329413 0.305291 1.632856
v -1.329413 0.326291 1.632856
v -1.621430 0.326291 1.314946
v -1.708823 0.326291 0.949917
v -1.648823 0.305291 0.949917
v -1.648823 0.326291 0.949917
v -1.298345 0.305291 1.580104
v -1.568369 0.305291 1.284279
v -1.568369 0.326291 1.284279
v -1.298345 0.326291 1.580104
v -1.708823 0.755291 -1.696082
v -1.708823 2.255291 -1.696082
v -1.708823 1.925291 0.949917
v -1.708823 0.755291 0.949917
v -0.834110 0.755291 -2.459007
v -1.107512 0.755291 -2.343822
v -1.107512 2.275690 -2.343822
v -0.834110 2.275690 -2.459007
v -1.107512 0.755291 -2.343822
v -1.372178 0.755291 -2.185755
v -1.372178 2.275690 -2.185755
v -1.107512 2.275690 -2.343822
v -0.057242 0.755291 -2.602383
v -0.057242 2.275690 -2.602383
v 1.698290 2.642684 -1.718891
v -0.057242 0.755291 -2.602383
v -0.280103 0.755291 -2.576412
v -0.280103 2.275690 -2.576412
v -0.057242 2.275690 -2.602383
v -0.280103 0.755291 -2.576412
v -0.457505 0.755291 -2.545166
v -0.457505 2.275690 -2.545166
v -0.280103 2.275690 -2.576412
v -0.457505 0.755291 -2.545166
v -0.834110 0.755291 -2.459007
v -0.834110 2.275690 -2.459007
v -0.457505 2.275690 -2.545166
v -1.372178 0.755291 -2.185755
v -1.515692 0.755291 -2.059196
v -1.515692 2.275690 -2.059196
v -1.372178 2.275690 -2.185755
v -1.515692 0.755291 -2.059196
v -1.658891 0.755291 -1.859538
v -1.658891 2.275690 -1.859538
v -1.515692 2.275690 -2.059196
v -1.708823 2.255291 -1.696082
v -1.698290 2.642684 -1.718891
v -1.604225 2.943025 -1.747874
v -1.500047 3.033643 -1.766588
v -1.354550 3.081199 -1.788356
v -0.993299 3.103091 -1.837082
v -0.993299 2.885290 0.650817
v -1.267595 2.796970 0.949878
v -1.391168 2.709781 0.949878
v -1.499477 2.592445 0.949878
v -1.621391 2.367910 0.949878
v -1.708823 1.925291 0.949917
v -1.016840 2.943493 0.635118
v -1.460366 2.943493 0.473688
v -1.696358 2.943493 0.064935
v -1.614398 2.943493 -0.399882
v -1.252835 2.943493 -0.703269
v -0.780848 2.943493 -0.703269
v -0.419285 2.943493 -0.399882
v -0.337325 2.943493 0.064935
v -0.573317 2.943493 0.473688
v -1.016840 2.343493 0.635118
v -0.573317 2.343493 0.473688
v -0.337325 2.343493 0.064935
v -0.419285 2.343493 -0.399882
v -0.780848 2.343493 -0.703269
v -1.252835 2.343493 -0.703269
v -1.614398 2.343493 -0.399882
v -1.696358 2.343493 0.064935
v -1.460366 2.343493 0.473688
v -1.016840 2.943493 -0.714881
v -0.592601 2.943493 -0.560472
v -0.366869 2.943493 -0.169488
v -0.445265 2.943493 0.275118
v -0.791108 2.943493 0.565318
v -1.242575 2.943493 0.565318
v -1.588418 2.943493 0.275118
v -1.666814 2.943493 -0.169488
v -1.441082 2.943493 -0.560472
v -1.016840 3.303490 -0.639882
v -1.392872 3.303490 -0.503018
v -1.592954 3.303490 -0.156465
v -1.523465 3.303490 0.237618
v -1.216922 3.303490 0.494838
v -0.816758 3.303490 0.494838
v -0.510215 3.303490 0.237618
v -0.440729 3.303490 -0.156465
v -0.640811 3.303490 -0.503018
v -1.016840 3.318490 0.515118
v -1.383230 3.318490 0.381765
v -1.578182 3.318490 0.044097
v -1.510475 3.318490 -0.339882
v -1.211792 3.318490 -0.590505
v -0.821891 3.318490 -0.590505
v -0.523208 3.318490 -0.339882
v -0.455501 3.318490 0.044097
v -0.650453 3.318490 0.381765
v -1.016840 3.303490 0.515118
v -0.650453 3.303490 0.381765
v -0.455501 3.303490 0.044097
v -0.523208 3.303490 -0.339882
v -0.821891 3.303490 -0.590505
v -1.211792 3.303490 -0.590505
v -1.510475 3.303490 -0.339882
v -1.578182 3.303490 0.044097
v -1.383230 3.303490 0.381765
v -1.016840 3.318490 0.470118
v -1.354304 3.318490 0.347292
v -1.533863 3.318490 0.036282
v -1.471502 3.318490 -0.317382
v -1.196402 3.318490 -0.548220
v -0.837281 3.318490 -0.548220
v -0.562178 3.318490 -0.317382
v -0.499817 3.318490 0.036282
v -0.679379 3.318490 0.347292
v -1.016840 3.842291 -0.054882
v -1.471103 3.580483 -0.054882
v -1.278995 3.772153 -0.054882
v -0.789710 3.580483 0.338520
v -0.885764 3.772153 0.172149
v -1.062365 3.772153 0.203289
v -1.095722 3.580483 0.392482
v -0.589973 3.580483 0.100485
v -0.770498 3.772153 0.034779
v -0.589973 3.580483 -0.210249
v -0.770498 3.772153 -0.144543
v -0.789710 3.580483 -0.448284
v -0.885764 3.772153 -0.281913
v -1.095722 3.580483 -0.502242
v -1.062365 3.772153 -0.313053
v -1.364828 3.580483 -0.346875
v -1.217663 3.772153 -0.223392
v -1.364828 3.580483 0.237114
v -1.217663 3.772153 0.113628
v -1.189223 2.910034 0.583812
v -1.189223 3.315034 0.553851
v -1.189223 3.315034 0.703852
v -1.189223 2.910034 0.733813
v -0.844223 3.315034 0.553851
v -0.844223 3.315034 0.703852
v -1.189223 3.315034 0.703852
v -1.189223 3.315034 0.553851
v -0.844223 3.315034 0.553851
v -1.189223 3.315034 0.553851
v -1.189223 2.910034 0.583812
v -0.844223 2.910034 0.583812
v -0.904223 3.264409 0.587599
v -0.904223 3.112534 0.598851
v -1.129223 3.112534 0.598851
v -1.129223 3.264409 0.587599
v -0.375323 2.437127 0.610167
v -0.375323 2.885416 0.649386
v -0.375323 2.885290 0.650817
v -0.375323 1.925240 0.650863
v 1.604225 2.943025 -1.747874
v 1.500047 3.033643 -1.766588
v 1.354550 3.081199 -1.788356
v 0.993299 3.103091 -1.837082
v 0.993299 2.885290 0.650817
v 1.267595 2.796970 0.949878
v 1.391168 2.709781 0.949878
v -0.375323 1.021448 1.728118
v -0.375323 1.925240 0.650863
v 1.499477 2.592445 0.949878
v 1.621391 2.367910 0.949878
v -0.375323 1.021448 1.728118
v -0.375323 1.925240 0.650863
v -0.375323 2.885290 0.650817
v -0.375323 2.709781 1.382182
v -0.375323 2.367913 1.659327
v -0.375323 1.925291 1.728118
v -0.375323 2.885290 0.650817
v -0.375323 2.709781 1.382182
v -0.375323 2.367913 1.659327
v -0.375323 1.925291 1.728118
v -0.993299 1.925291 1.728004
v -0.993299 2.367910 1.632819
v -0.993299 2.709781 1.382182
v -0.993299 2.885290 0.650817
v -0.993299 1.925291 1.728004
v -1.329383 1.925291 1.632819
v -1.621391 1.925291 1.314919
v -1.708823 1.925291 0.949917
v -1.621391 2.367910 0.949878
v -1.391168 2.709781 0.949878
v -1.267595 2.796970 0.949878
v -0.993299 2.885290 0.650817
v -0.993485 2.878057 0.726355
v -0.993299 2.868790 0.949917
v -0.993299 2.709781 1.382182
v -0.993299 2.367910 1.632819
v -1.234139 2.367910 1.580835
v -1.214687 2.709781 1.309327
v -1.437653 2.367910 1.432792
v -1.573640 2.367910 1.211230
v -0.904223 3.264409 0.707598
v -0.904223 3.264409 0.587599
v -1.129223 3.264409 0.587599
v -1.129223 3.264409 0.707598
v -1.189223 3.315034 0.703852
v -1.129223 3.264409 0.707598
v -0.904223 3.264409 0.707598
v -0.844223 3.315034 0.703852
v -0.904223 3.112534 0.598851
v -0.904223 3.112534 0.718834
v -0.904223 3.264409 0.707598
v -0.904223 3.264409 0.587599
v -0.904223 3.112534 0.718834
v -0.904223 3.264409 0.707598
v -0.904223 3.264409 0.587599
v -0.904223 3.112534 0.598851
v -1.129223 3.112534 0.718834
v -1.129223 3.112534 0.598851
v -0.904223 3.112534 0.598851
v -0.904223 3.112534 0.718834
v -1.129223 3.112534 0.598851
v -1.129223 3.264409 0.587599
v -1.129223 3.264334 0.707451
v -1.129223 3.112534 0.718852
v -1.189223 2.910034 0.733813
v -1.129223 3.112534 0.718834
v -1.129223 3.264334 0.707451
v -1.189223 3.315034 0.703852
v -0.844223 2.910034 0.733813
v -0.904223 3.112534 0.718834
v -0.904223 3.264409 0.707598
v -0.844223 3.315034 0.703852
v -1.189223 2.910034 0.733813
v -1.129223 3.112534 0.718852
v -0.904223 3.112534 0.718834
v -0.844223 2.910034 0.733813
v -0.844223 3.315034 0.703852
v -0.844223 3.315034 0.553851
v -0.844223 2.910034 0.583812
v -0.844223 2.910034 0.733813
v -0.844223 2.910034 0.583812
v -0.844223 2.910034 0.733813
v -1.189223 2.910034 0.733813
v -1.189223 2.910034 0.583812
v 1.708823 1.925291 0.949917
v -0.375323 2.437127 0.610167
v -0.302912 2.456350 0.390444
v -0.114896 2.468218 0.254796
v 1.016840 2.943493 0.635118
v 1.460366 2.943493 0.473688
v -0.375323 2.437127 0.610167
v 1.696358 2.943493 0.064935
v 1.614398 2.943493 -0.399882
v -0.375323 1.925240 0.650863
v 1.252835 2.943493 -0.703269
v 0.780848 2.943493 -0.703269
v 0.419285 2.943493 -0.399882
v 0.337325 2.943493 0.064935
v 0.573317 2.943493 0.473688
v 1.016840 2.343493 0.635118
v 0.573317 2.343493 0.473688
v 0.337325 2.343493 0.064935
v 0.419285 2.343493 -0.399882
v 0.780848 2.343493 -0.703269
v 1.252835 2.343493 -0.703269
v 1.614398 2.343493 -0.399882
v 1.696358 2.343493 0.064935
v 1.460366 2.343493 0.473688
v 1.016840 2.943493 -0.714881
v 0.592601 2.943493 -0.560472
v 0.366869 2.943493 -0.169488
v 0.445265 2.943493 0.275118
v 0.791108 2.943493 0.565318
v 1.242575 2.943493 0.565318
v 1.588418 2.943493 0.275118
v 1.666814 2.943493 -0.169488
v 1.441082 2.943493 -0.560472
v 1.016840 3.303490 -0.639882
v 1.392872 3.303490 -0.503018
v 1.592954 3.303490 -0.156465
v 1.523465 3.303490 0.237618
v 1.216922 3.303490 0.494838
v 0.816758 3.303490 0.494838
v 0.510215 3.303490 0.237618
v 0.440729 3.303490 -0.156465
v 0.640811 3.303490 -0.503018
v 1.016840 3.318490 0.515118
v 1.383230 3.318490 0.381765
v 1.578182 3.318490 0.044097
v 1.510475 3.318490 -0.339882
v 1.211792 3.318490 -0.590505
v 0.821891 3.318490 -0.590505
v 0.523208 3.318490 -0.339882
v 0.455501 3.318490 0.044097
v 0.650453 3.318490 0.381765
v 1.016840 3.303490 0.515118
v 0.650453 3.303490 0.381765
v 0.455501 3.303490 0.044097
v 0.523208 3.303490 -0.339882
v 0.821891 3.303490 -0.590505
v 1.211792 3.303490 -0.590505
v 1.510475 3.303490 -0.339882
v 1.578182 3.303490 0.044097
v 1.383230 3.303490 0.381765
v 1.016840 3.318490 0.470118
v 1.354304 3.318490 0.347292
v 1.533863 3.318490 0.036282
v 1.471502 3.318490 -0.317382
v 1.196402 3.318490 -0.548220
v 0.837281 3.318490 -0.548220
v 0.562178 3.318490 -0.317382
v 0.499817 3.318490 0.036282
v 0.679379 3.318490 0.347292
v 1.016840 3.842291 -0.054882
v 1.471103 3.580483 -0.054882
v 1.278995 3.772153 -0.054882
v 0.789710 3.580483 0.338520
v 0.885764 3.772153 0.172149
v 1.062365 3.772153 0.203289
v 1.095722 3.580483 0.392482
v 0.589973 3.580483 0.100485
v 0.770498 3.772153 0.034779
v 0.589973 3.580483 -0.210249
v 0.770498 3.772153 -0.144543
v 0.789710 3.580483 -0.448284
v 0.885764 3.772153 -0.281913
v 1.095722 3.580483 -0.502242
v 1.062365 3.772153 -0.313053
v -0.375323 2.885290 0.650817
v -0.993299 2.885290 0.650817
v -0.993299 3.103091 -1.837082
v -0.485135 3.103091 -1.837082
v -1.708823 2.255291 -1.696082
v -1.698290 2.642684 -1.718891
v -1.604225 2.943025 -1.747874
v -1.500047 3.033643 -1.766588
v -1.354550 3.081199 -1.788356
v -0.993299 3.103091 -1.837082
v -1.174451 3.095491 -1.845000
v -1.260401 3.083748 -1.848714
v -1.340795 3.072763 -1.852136
v -1.526105 2.981519 -1.859546
v -1.623413 2.800384 -1.862339
v -1.657118 2.554279 -1.861796
v -1.659023 2.275690 -1.859583
v -1.659023 2.275690 -1.859583
v -1.657118 2.554279 -1.861796
v -1.623413 2.800384 -1.862339
v -1.526105 2.981519 -1.859546
v -1.340795 3.072763 -1.852136
v -1.174451 3.095491 -1.845000
v -0.993299 3.103091 -1.837082
v -1.267268 3.071815 -1.949342
v -1.367723 3.011441 -1.991018
v -1.436114 2.911802 -2.020005
v -1.501766 2.625422 -2.049837
v -1.515692 2.275690 -2.059196
v -1.372178 2.275690 -2.185755
v -1.357007 2.613025 -2.171796
v -1.307990 2.894840 -2.126688
v -1.260212 2.997575 -2.082716
v -1.191275 3.065612 -2.019276
v -0.993299 3.103091 -1.837082
v -1.267268 3.071815 -1.949342
v -1.367723 3.011441 -1.991018
v -1.436114 2.911802 -2.020005
v -1.501766 2.625422 -2.049837
v -1.515692 2.275690 -2.059196
v -1.107512 2.275690 -2.343822
v -1.102742 2.613622 -2.322657
v -1.087847 2.895739 -2.256561
v -1.073435 2.998420 -2.192622
v -1.052693 3.066221 -2.100600
v -0.993299 3.103091 -1.837082
v -1.191275 3.065612 -2.019276
v -1.260212 2.997575 -2.082716
v -1.307990 2.894840 -2.126688
v -1.357007 2.613025 -2.171796
v -1.372178 2.275690 -2.185755
v 1.364828 3.580483 -0.346875
v 1.217663 3.772153 -0.223392
v 1.364828 3.580483 0.237114
v 1.217663 3.772153 0.113628
v 1.189223 2.910034 0.583812
v 1.189223 3.315034 0.553851
v 1.189223 3.315034 0.703852
v 1.189223 2.910034 0.733813
v 0.844223 3.315034 0.553851
v 0.844223 3.315034 0.703852
v 1.189223 3.315034 0.703852
v 1.189223 3.315034 0.553851
v 0.844223 3.315034 0.553851
v 1.189223 3.315034 0.553851
v 1.189223 2.910034 0.583812
v 0.844223 2.910034 0.583812
v 0.904223 3.264409 0.587599
v 0.904223 3.112534 0.598851
v -0.114896 2.916505 0.294015
v -0.302912 2.904638 0.429663
v -0.375323 2.885374 0.649863
v -0.375332 2.885332 0.650340
v -0.485135 3.103091 -1.837082
v 1.129223 3.112534 0.598851
v 1.129223 3.264409 0.587599
v 0.375323 2.437127 0.610167
v 0.375323 2.885416 0.649386
v 0.375323 2.885290 0.650817
v 0.375323 1.925240 0.650863
v 0.375323 1.021448 1.728118
v 0.375323 1.925240 0.650863
v 0.375323 1.021448 1.728118
v 0.375323 1.925240 0.650863
v 0.375323 2.885290 0.650817
v 0.375323 2.709781 1.382182
v 0.375323 2.367913 1.659327
v 0.375323 1.925291 1.728118
v 0.375323 2.885290 0.650817
v 0.375323 2.709781 1.382182
v 0.375323 2.367913 1.659327
v 0.375323 1.925291 1.728118
v -0.025688 3.087016 -2.208168
v -0.036857 3.043765 -2.360529
v -0.045326 2.958532 -2.473332
v -0.054245 2.663188 -2.581275
v -0.057242 2.275690 -2.602383
v 0.993299 1.925291 1.728004
v 0.993299 2.367910 1.632819
v 0.993299 2.709781 1.382182
v 0.993299 2.885290 0.650817
v 0.993299 1.925291 1.728004
v 1.329383 1.925291 1.632819
v 1.621391 1.925291 1.314919
v 1.708823 1.925291 0.949917
v 1.621391 2.367910 0.949878
v -0.057242 2.275690 -2.602383
v -0.054245 2.663188 -2.581275
v -0.045326 2.958532 -2.473332
v -0.036857 3.043765 -2.360529
v -0.025688 3.087016 -2.208168
v 1.391168 2.709781 0.949878
v -0.375323 3.103091 -1.837082
v -0.348524 3.078953 -2.203392
v -0.335672 3.033493 -2.353380
v -0.323474 2.948140 -2.463747
v -0.301055 2.656639 -2.564502
v -0.280103 2.275690 -2.576412
v -0.485135 3.103091 -1.837082
v -0.478238 3.077662 -2.188290
v -0.474788 3.029878 -2.330220
v -0.471335 2.940907 -2.432607
v -0.464423 2.649676 -2.528615
v -0.457505 2.275690 -2.545166
v -0.280103 2.275690 -2.576412
v -0.301055 2.656639 -2.564502
v -0.323474 2.948140 -2.463747
v -0.335672 3.033493 -2.353380
v -0.348524 3.078953 -2.203392
v -0.375323 3.103091 -1.837082
v 1.267595 2.796970 0.949878
v 0.993299 2.885290 0.650817
v 0.993485 2.878057 0.726355
v 0.993299 2.868790 0.949917
v 0.993299 2.709781 1.382182
v 0.993299 2.367910 1.632819
v 1.234139 2.367910 1.580835
v 1.214687 2.709781 1.309327
v -0.375353 2.885416 0.649389
v -0.834110 2.275690 -2.459007
v -0.819941 2.632639 -2.439960
v -0.801359 2.920313 -2.357943
v -0.789038 3.016520 -2.273643
v -0.774110 3.071752 -2.152095
v -0.739217 3.103091 -1.837082
v -0.485135 3.103091 -1.837082
v -0.478238 3.077662 -2.188290
v -0.474788 3.029878 -2.330220
v -0.471335 2.940907 -2.432607
v -0.464423 2.649676 -2.528615
v -0.457505 2.275690 -2.545166
v -1.107512 2.275690 -2.343822
v -1.102742 2.613622 -2.322657
v -1.087847 2.895739 -2.256561
v -1.073435 2.998420 -2.192622
v -1.052693 3.066221 -2.100600
v -0.993299 3.103091 -1.837082
v -0.739217 3.103091 -1.837082
v -0.774110 3.071752 -2.152095
v -0.789038 3.016520 -2.273643
v -0.801359 2.920313 -2.357943
v -0.819941 2.632639 -2.439960
v -0.834110 2.275690 -2.459007
v 1.437653 2.367910 1.432792
v 1.573640 2.367910 1.211230
v 0.904223 3.264409 0.707598
v 0.904223 3.264409 0.587599
v 1.129223 3.264409 0.587599
v 1.129223 3.264409 0.707598
v 1.189223 3.315034 0.703852
v 1.129223 3.264409 0.707598
v 0.904223 3.264409 0.707598
v 0.844223 3.315034 0.703852
v 0.904223 3.112534 0.598851
v 0.904223 3.112534 0.718834
v 0.904223 3.264409 0.707598
v 0.904223 3.264409 0.587599
v 0.904223 3.112534 0.718834
v 0.904223 3.264409 0.707598
v 0.904223 3.264409 0.587599
v 0.904223 3.112534 0.598851
v 1.129223 3.112534 0.718834
v 1.129223 3.112534 0.598851
v 0.904223 3.112534 0.598851
v 0.904223 3.112534 0.718834
v 1.129223 3.112534 0.598851
v 1.129223 3.264409 0.587599
v 1.129223 3.264334 0.707451
v 1.129223 3.112534 0.718852
v 1.189223 2.910034 0.733813
v 1.129223 3.112534 0.718834
v 1.129223 3.264334 0.707451
v 1.189223 3.315034 0.703852
v 0.844223 2.910034 0.733813
v 0.904223 3.112534 0.718834
v 0.904223 3.264409 0.707598
v 0.844223 3.315034 0.703852
v 1.189223 2.910034 0.733813
v 1.129223 3.112534 0.718852
v 0.904223 3.112534 0.718834
v 0.844223 2.910034 0.733813
v 0.844223 3.315034 0.703852
v 0.844223 3.315034 0.553851
v 0.844223 2.910034 0.583812
v 0.844223 2.910034 0.733813
v 0.844223 2.910034 0.583812
v 0.844223 2.910034 0.733813
v 1.189223 2.910034 0.733813
v 1.189223 2.910034 0.583812
v 0.375323 2.437127 0.610167
v 0.302912 2.456350 0.390444
v 0.114896 2.468218 0.254796
v 0.375323 2.437127 0.610167
v 0.375323 1.925240 0.650863
v 0.375323 2.885290 0.650817
v 0.993299 2.885290 0.650817
v 0.993299 3.103091 -1.837082
v 0.485135 3.103091 -1.837082
v 1.708823 2.255291 -1.696082
v 1.698290 2.642684 -1.718891
v 1.604225 2.943025 -1.747874
v 1.500047 3.033643 -1.766588
v 1.354550 3.081199 -1.788356
v 0.993299 3.103091 -1.837082
v 1.174451 3.095491 -1.845000
v 1.260401 3.083748 -1.848714
v 1.340795 3.072763 -1.852136
v 1.526105 2.981519 -1.859546
v 1.623413 2.800384 -1.862339
v 1.657118 2.554279 -1.861796
v 1.659023 2.275690 -1.859583
v 1.659023 2.275690 -1.859583
v 1.657118 2.554279 -1.861796
v 1.623413 2.800384 -1.862339
v 1.526105 2.981519 -1.859546
v 1.340795 3.072763 -1.852136
v 1.174451 3.095491 -1.845000
v 0.993299 3.103091 -1.837082
v 1.267268 3.071815 -1.949342
v 1.367723 3.011441 -1.991018
v 1.436114 2.911802 -2.020005
v 1.501766 2.625422 -2.049837
v 1.515692 2.275690 -2.059196
v 1.372178 2.275690 -2.185755
v 1.357007 2.613025 -2.171796
v -0.114896 2.468218 0.254796
v -0.302912 2.456350 0.390444
v -0.375323 2.437127 0.610167
v -0.375323 2.885416 0.649386
v -0.302912 2.904638 0.429663
v -0.114896 2.916505 0.294015
v 1.307990 2.894840 -2.126688
v 1.260212 2.997575 -2.082716
v 1.191275 3.065612 -2.019276
v 0.993299 3.103091 -1.837082
v 1.267268 3.071815 -1.949342
v 1.367723 3.011441 -1.991018
v 1.436114 2.911802 -2.020005
v 1.501766 2.625422 -2.049837
v 1.515692 2.275690 -2.059196
v 1.107512 2.275690 -2.343822
v 1.102742 2.613622 -2.322657
v 1.087847 2.895739 -2.256561
v 1.073435 2.998420 -2.192622
v 1.052693 3.066221 -2.100600
v 0.993299 3.103091 -1.837082
v 1.191275 3.065612 -2.019276
v 1.260212 2.997575 -2.082716
v 1.307990 2.894840 -2.126688
v 1.357007 2.613025 -2.171796
v 1.372178 2.275690 -2.185755
v 0.114896 2.916505 0.294015
v 0.302912 2.904638 0.429663
v 0.375323 2.885374 0.649863
v 0.375332 2.885332 0.650340
v 0.485135 3.103091 -1.837082
v 0.025688 3.087016 -2.208168
v 0.036857 3.043765 -2.360529
v 0.045326 2.958532 -2.473332
v 0.054245 2.663188 -2.581275
v 0.057242 2.275690 -2.602383
v 0.057242 2.275690 -2.602383
v 0.054245 2.663188 -2.581275
v 0.045326 2.958532 -2.473332
v 0.036857 3.043765 -2.360529
v 0.025688 3.087016 -2.208168
v 0.375323 3.103091 -1.837082
v 0.348524 3.078953 -2.203392
v 0.335672 3.033493 -2.353380
v 0.323474 2.948140 -2.463747
v 0.301055 2.656639 -2.564502
v 0.280103 2.275690 -2.576412
v 0.485135 3.103091 -1.837082
v 0.478238 3.077662 -2.188290
v 0.474788 3.029878 -2.330220
v 0.471335 2.940907 -2.432607
v 0.464423 2.649676 -2.528615
v 0.457505 2.275690 -2.545166
v 0.280103 2.275690 -2.576412
v 0.301055 2.656639 -2.564502
v 0.323474 2.948140 -2.463747
v 0.335672 3.033493 -2.353380
v 0.348524 3.078953 -2.203392
v 0.375323 3.103091 -1.837082
v 0.375353 2.885416 0.649389
v 0.834110 2.275690 -2.459007
v 0.819941 2.632639 -2.439960
v 0.801359 2.920313 -2.357943
v 0.789038 3.016520 -2.273643
v 0.774110 3.071752 -2.152095
v 0.739217 3.103091 -1.837082
v 0.485135 3.103091 -1.837082
v 0.478238 3.077662 -2.188290
v 0.474788 3.029878 -2.330220
v 0.471335 2.940907 -2.432607
v 0.464423 2.649676 -2.528615
v 0.457505 2.275690 -2.545166
v 1.107512 2.275690 -2.343822
v 1.102742 2.613622 -2.322657
v 1.087847 2.895739 -2.256561
v 1.073435 2.998420 -2.192622
v 1.052693 3.066221 -2.100600
v 0.993299 3.103091 -1.837082
v 0.739217 3.103091 -1.837082
v 0.774110 3.071752 -2.152095
v 0.789038 3.016520 -2.273643
v 0.801359 2.920313 -2.357943
v 0.819941 2.632639 -2.439960
v 0.834110 2.275690 -2.459007
v 0.114896 2.468218 0.254796
v 0.302912 2.456350 0.390444
v 0.375323 2.437127 0.610167
v 0.375323 2.885416 0.649386
v 0.302912 2.904638 0.429663
v -1.200554 1.925291 1.690915
v -1.313399 2.197855 1.600266
v -1.116458 2.367910 1.619697
v -0.993299 2.197855 1.690915
v -1.187483 2.592445 1.458213
v -1.146035 2.709781 1.349275
v -0.993299 2.592445 1.500096
v -1.324244 2.709781 1.190056
v -0.993299 2.850662 1.101685
v -1.133513 2.850662 0.949917
v -1.499477 1.925291 1.500096
v -1.342592 2.367910 1.517725
v -1.515668 2.367910 1.329301
v -1.609337 2.367910 1.083115
v -1.499477 2.592445 0.949878
v -1.383536 2.709781 1.034217
v -1.674752 1.925291 1.174669
v -1.674752 2.197855 0.949878
v -1.274861 2.592445 1.407369
v -1.461008 2.592445 1.160439
v -1.047434 2.850662 1.090129
v -0.993299 2.796970 1.247656
v -1.423814 2.197855 1.519948
v -1.591490 2.197855 1.297519
v -1.092674 2.592445 1.489524
v -1.414301 2.592445 1.255563
v -1.642307 2.197855 1.163956
v -1.122899 2.850662 1.007974
v -1.190714 2.197855 1.655589
v -1.489766 2.592445 1.057222
v -1.517711 2.197855 1.417723
v -1.674752 0.755291 1.174669
v -1.674752 1.925291 1.174669
v -1.499477 0.755291 1.500096
v -1.499477 1.925291 1.500096
v -1.200554 0.755291 1.690915
v -1.200554 1.925291 1.690915
v -1.618241 0.305291 1.159351
v -1.618241 0.755291 1.159351
v -1.457450 0.305291 1.458421
v -1.457450 0.755291 1.458421
v -1.185038 0.305291 1.634557
v -1.185038 0.755291 1.634557
v -1.674773 0.305291 1.174684
v -1.674773 0.326291 1.174684
v -1.499513 0.305291 1.500130
v -1.499513 0.326291 1.500130
v -1.200572 0.305291 1.690932
v -1.200572 0.326291 1.690932
v -1.185038 0.305291 1.634557
v -1.185038 0.326291 1.634557
v -1.457450 0.305291 1.458421
v -1.457450 0.326291 1.458421
v -1.618241 0.305291 1.159351
v -1.618241 0.326291 1.159351
v -1.674752 0.755291 1.174669
v -1.618241 0.755291 1.159351
v -1.499477 0.755291 1.500096
v -1.457450 0.755291 1.458421
v -1.200554 0.755291 1.690915
v -1.185038 0.755291 1.634557
v -0.993299 2.850662 1.101685
v -0.375323 2.850662 1.101685
v -0.993299 2.592445 1.500096
v -0.375323 2.592448 1.513351
v -0.375323 2.197855 1.704225
v -0.993299 2.197855 1.690915
v -1.092674 2.850662 1.057222
v -0.375323 2.796970 1.247656
v -1.360940 2.709781 1.115314
v -0.993299 2.796970 1.247656
v -1.071542 2.709781 1.373878
v -1.274861 2.709781 1.255563
v -1.262342 2.796970 1.007974
v -1.221500 2.796970 1.115314
v -1.098746 2.796970 1.224990
v -1.047434 2.796970 1.241935
v -1.246775 2.796970 1.063833
v -1.187483 2.796970 1.160439
v -1.146035 2.796970 1.197471
v -1.351448 2.592445 1.338943
v -1.674752 2.197855 0.949878
v -0.375323 2.197855 1.704225
v -0.375323 2.592448 1.513351
v -0.375323 2.850662 1.101685
v -0.375323 2.796970 1.247656
v -1.298345 0.305291 1.580104
v -1.618241 0.305291 1.159351
v -1.568369 0.305291 1.284279
v 0.114896 2.916505 0.294015
v 1.200554 1.925291 1.690915
v 1.313399 2.197855 1.600266
v 1.116458 2.367910 1.619697
v 0.993299 2.197855 1.690915
v 1.187483 2.592445 1.458213
v 1.146035 2.709781 1.349275
v 0.993299 2.592445 1.500096
v 1.324244 2.709781 1.190056
v 0.993299 2.850662 1.101685
v 1.133513 2.850662 0.949917
v 1.499477 1.925291 1.500096
v 1.342592 2.367910 1.517725
v 1.515668 2.367910 1.329301
v 1.609337 2.367910 1.083115
v 1.499477 2.592445 0.949878
v 1.383536 2.709781 1.034217
v 1.674752 1.925291 1.174669
v 1.674752 2.197855 0.949878
v 1.274861 2.592445 1.407369
v 1.461008 2.592445 1.160439
v 1.047434 2.850662 1.090129
v 0.993299 2.796970 1.247656
v 1.423814 2.197855 1.519948
v 1.591490 2.197855 1.297519
v 1.092674 2.592445 1.489524
v 1.414301 2.592445 1.255563
v 1.642307 2.197855 1.163956
v 1.122899 2.850662 1.007974
v 1.190714 2.197855 1.655589
v 1.489766 2.592445 1.057222
v 1.517711 2.197855 1.417723
v 1.674752 0.755291 1.174669
v 1.674752 1.925291 1.174669
v 1.499477 0.755291 1.500096
v 1.499477 1.925291 1.500096
v 1.200554 0.755291 1.690915
v 1.200554 1.925291 1.690915
v 1.618241 0.305291 1.159351
v 1.618241 0.755291 1.159351
v 1.457450 0.305291 1.458421
v 1.457450 0.755291 1.458421
v 1.185038 0.305291 1.634557
v 1.185038 0.755291 1.634557
v 1.674773 0.305291 1.174684
v 1.674773 0.326291 1.174684
v 1.499513 0.305291 1.500130
v 1.499513 0.326291 1.500130
v 1.200572 0.305291 1.690932
v 1.200572 0.326291 1.690932
v 1.185038 0.305291 1.634557
v 1.185038 0.326291 1.634557
v 1.457450 0.305291 1.458421
v 1.457450 0.326291 1.458421
v 1.618241 0.305291 1.159351
v 1.618241 0.326291 1.159351
v 1.674752 0.755291 1.174669
v 1.618241 0.755291 1.159351
v 1.499477 0.755291 1.500096
v 1.457450 0.755291 1.458421
v 1.200554 0.755291 1.690915
v 1.185038 0.755291 1.634557
v 0.993299 2.850662 1.101685
v 0.375323 2.850662 1.101685
v 0.993299 2.592445 1.500096
v 0.375323 2.592448 1.513351
v 0.375323 2.197855 1.704225
v 0.993299 2.197855 1.690915
v 1.092674 2.850662 1.057222
v 0.375323 2.796970 1.247656
v 1.360940 2.709781 1.115314
v 0.993299 2.796970 1.247656
v 1.071542 2.709781 1.373878
v 1.274861 2.709781 1.255563
v 1.262342 2.796970 1.007974
v 1.221500 2.796970 1.115314
v 1.098746 2.796970 1.224990
v 1.047434 2.796970 1.241935
v 1.246775 2.796970 1.063833
v 1.187483 2.796970 1.160439
v 1.146035 2.796970 1.197471
v 1.351448 2.592445 1.338943
v 1.674752 2.197855 0.949878
v 0.375323 2.197855 1.704225
v 0.375323 2.592448 1.513351
v 0.375323 2.850662 1.101685
v 0.375323 2.796970 1.247656
v 1.298345 0.305291 1.580104
v 1.618241 0.305291 1.159351
v 1.568369 0.305291 1.284279
v 0.000000 2.916505 0.294015
v 0.000000 2.468218 0.254796
v 0.000000 0.305291 -1.873746
v 0.000000 0.305291 1.728004
v 0.000000 0.515291 -2.542383
v 0.000000 0.515291 -2.174394
v 0.000000 2.437127 0.610167
v 0.000000 1.925240 0.650863
v 0.000000 1.021448 1.728118
v 0.000000 1.925240 0.650863
v 0.000000 3.102386 -1.853338
v 0.000000 3.087016 -2.208168
v 0.000000 3.103091 -1.837082
v 0.000000 2.916505 0.294015
v 0.000000 3.043765 -2.360529
v 0.000000 3.102386 -1.853338
v 0.000000 3.103091 -1.837082
v 0.000000 0.755291 -2.542383
v 0.000000 0.755291 -2.602383
v 0.000000 2.468218 0.254796
v 0.000000 2.437127 0.610167
v 0.000000 2.275690 -2.602383
v 0.000000 2.663188 -2.581275
v 0.000000 2.958532 -2.473332
v 0.000000 0.305291 1.728004
v 0.000000 0.755291 1.728004
v 0.000000 0.755291 1.728118
v 0.000000 1.021448 1.728118
v 0.000000 0.425291 -2.045414
v 0.000000 0.515291 -2.174394
v 0.000000 0.305291 -1.873746
v 0.000000 0.425291 -2.045414
v 0.000000 0.515291 -2.542383
v 0.000000 0.755291 -2.542383
v 0.000000 0.755291 -2.602383
v 0.000000 2.275690 -2.602383
vn 0.2618 0.7708 0.5808
vn 0.4703 0.5997 0.6475
vn 0.3777 0.7665 0.5194
vn -0.0000 0.9962 0.0872
vn -0.0000 0.7782 0.6280
vn -0.0000 0.8944 0.4473
vn 0.0060 0.7919 0.6106
vn 0.9793 0.1969 0.0463
vn 0.9930 0.1148 0.0269
vn 0.9996 0.0274 0.0034
vn -0.0000 0.6376 0.7704
vn -0.4952 -0.6376 0.5901
vn -0.0000 -0.6376 0.7704
vn 0.6155 0.7525 0.2343
vn 0.4026 0.8821 0.2447
vn 0.5572 0.7566 0.3422
vn 0.1337 0.7737 0.6192
vn 0.0479 0.8904 0.4527
vn 0.0670 0.7730 0.6308
vn -0.0060 0.7919 0.6106
vn 0.1365 -0.0000 -0.9906
vn 0.1367 -0.0003 -0.9906
vn 0.2315 -0.0000 -0.9728
vn 0.2317 0.0002 -0.9728
vn 0.0890 -0.0003 -0.9960
vn 0.4810 -0.0000 -0.8767
vn 1.0000 -0.0000 -0.0000
vn 0.0894 -0.0000 -0.9960
vn 0.3517 0.0002 -0.9361
vn 0.3516 0.0003 -0.9361
vn 0.4809 0.0003 -0.8768
vn 0.6347 -0.0000 -0.7728
vn 0.9503 -0.0001 -0.3112
vn 0.0133 0.1780 0.9839
vn 0.0157 0.1222 0.9924
vn 0.0294 0.2242 0.9741
vn 0.6350 0.0003 -0.7725
vn -0.0000 -0.7665 -0.6423
vn -0.0000 -0.7661 -0.6428
vn -0.0000 -0.7661 -0.6427
vn 0.0103 0.5370 -0.8435
vn -0.5848 0.5761 0.5710
vn 0.5774 0.5774 0.5773
vn -0.5848 -0.5761 0.5710
vn 0.5774 -0.5773 0.5773
vn -0.2434 -0.5426 -0.8040
vn 0.7338 -0.6452 -0.2127
vn -0.0097 -0.5370 0.8436
vn 0.0097 -0.5370 -0.8436
vn -0.2434 0.5426 -0.8040
vn -0.0102 0.5370 0.8435
vn 0.7338 0.6452 -0.2127
vn 0.5231 -0.0000 0.8523
vn 0.3054 -0.0000 0.9522
vn -0.6197 0.5870 -0.5210
vn -0.2056 -0.7393 -0.6412
vn -0.6197 -0.5870 -0.5210
vn 0.3783 0.6812 0.6268
vn 0.6500 0.6833 0.3325
vn -0.4885 0.7486 -0.4483
vn -0.2317 0.0002 -0.9728
vn -0.2315 -0.0000 -0.9728
vn -0.1365 -0.0000 -0.9906
vn -0.1367 -0.0003 -0.9906
vn -0.0890 -0.0003 -0.9960
vn -0.0894 -0.0000 -0.9960
vn -1.0000 -0.0000 -0.0000
vn -0.4810 -0.0000 -0.8767
vn -0.4809 0.0003 -0.8768
vn -0.3516 0.0003 -0.9361
vn -0.3517 0.0002 -0.9361
vn -0.6347 -0.0000 -0.7728
vn -0.6351 0.0003 -0.7725
vn -0.0000 -0.0000 -0.0000
vn -0.0000 -0.0792 -0.9969
vn -0.0000 -0.0793 -0.9969
vn 0.9477 0.1974 0.2509
vn 0.8613 0.3878 0.3284
vn 0.8788 0.2017 0.4324
vn -0.0000 0.9771 0.2129
vn 0.7836 0.3920 0.4820
vn 0.7831 0.2077 0.5862
vn -0.0000 0.8952 -0.4456
vn -0.0000 0.9864 -0.1645
vn -0.0000 0.8917 -0.4525
vn -0.3083 -0.0829 0.9477
vn -0.8077 -0.0514 0.5874
vn 0.6473 0.2110 0.7325
vn 0.6752 0.3972 0.6216
vn 0.5376 0.4026 0.7409
vn 0.0319 0.4242 0.9050
vn 0.0232 0.6457 0.7632
vn 0.0304 0.4093 0.9119
vn -0.8115 -0.0001 -0.5844
vn -0.9504 -0.0000 -0.3109
vn -0.9503 -0.0001 -0.3112
vn 0.3269 0.6049 0.7261
vn 0.3747 0.4073 0.8329
vn -0.6094 0.7288 -0.3122
vn -0.6554 -0.7344 -0.1761
vn -0.6094 -0.7288 -0.3122
vn -0.0006 -0.7661 -0.6427
vn -0.6554 0.7344 -0.1761
vn -0.5303 -0.5854 -0.6133
vn 0.9658 -0.0000 0.2594
vn 0.8900 -0.0000 0.4560
vn 0.3883 -0.0000 -0.9216
vn 0.5127 -0.0000 -0.8585
vn -0.0000 -1.0000 -0.0000
vn 0.1735 -0.0000 -0.9848
vn 0.8119 0.0002 -0.5838
vn 0.6614 -0.0000 -0.7500
vn 0.8171 0.5686 0.0949
vn 0.9207 0.3845 0.0661
vn 0.8074 0.5811 0.1027
vn 0.6556 0.7458 0.1184
vn 0.4952 -0.6376 0.5901
vn -0.2635 0.6376 -0.7239
vn -0.6672 -0.6376 -0.3852
vn -0.6672 0.6376 -0.3852
vn 0.0097 -0.5370 0.8436
vn -0.7338 0.6452 -0.2127
vn -0.7338 -0.6452 -0.2127
vn 0.2434 0.5426 -0.8040
vn 0.2434 -0.5426 -0.8040
vn 0.0102 0.5370 0.8435
vn -0.0097 -0.5370 -0.8436
vn 0.5848 0.5761 0.5710
vn 0.5848 -0.5761 0.5710
vn -0.5774 0.5774 0.5773
vn -0.5774 -0.5773 0.5773
vn -0.0103 0.5370 -0.8435
vn 0.2635 0.6376 -0.7239
vn -0.2635 -0.6376 -0.7239
vn 0.6500 -0.6833 0.3325
vn 0.3783 -0.6812 0.6268
vn -0.4885 -0.7486 -0.4483
vn 0.2635 -0.6376 -0.7239
vn -0.7587 -0.6376 0.1338
vn -0.7587 0.6376 0.1338
vn -0.5231 -0.0000 0.8523
vn -0.7368 -0.0000 0.6761
vn 0.6197 -0.5870 -0.5210
vn 0.5280 0.5686 0.6308
vn 0.5280 -0.5686 0.6308
vn 0.4885 -0.7486 -0.4483
vn 0.3570 -0.7309 -0.5817
vn -0.3783 -0.6812 0.6268
vn 0.2056 0.7393 -0.6412
vn 0.2056 -0.7393 -0.6412
vn 0.6094 -0.7288 -0.3122
vn 0.4885 0.7486 -0.4483
vn 0.5303 -0.5854 -0.6133
vn 0.6554 0.7344 -0.1761
vn 0.6554 -0.7344 -0.1761
vn -0.8900 -0.0000 0.4560
vn -0.9658 -0.0000 0.2594
vn -0.9895 -0.0000 0.1445
vn -0.3883 -0.0000 -0.9216
vn -0.5127 -0.0000 -0.8585
vn -0.1158 -0.0000 -0.9933
vn -0.1735 -0.0000 -0.9848
vn -0.2230 -0.0000 -0.9748
vn -0.6614 -0.0000 -0.7500
vn -0.5303 0.5854 -0.6133
vn 0.6231 -0.5698 -0.5358
vn -0.8963 -0.0000 -0.4433
vn -0.9873 -0.0000 -0.1591
vn -0.8935 -0.0000 -0.4491
vn 0.5922 0.5937 0.5448
vn -0.9782 0.2034 0.0425
vn -0.9793 0.1969 0.0463
vn -0.9930 0.1148 0.0269
vn -0.8171 0.5686 0.0949
vn -0.9207 0.3845 0.0661
vn -0.6556 0.7458 0.1184
vn -0.8074 0.5811 0.1027
vn -0.4525 0.8840 0.1176
vn -0.4629 0.8790 0.1140
vn -0.1878 0.9765 0.1062
vn -0.1683 0.9808 0.0982
vn 0.4282 0.6874 -0.5866
vn 0.2316 0.9040 -0.3593
vn 0.4279 0.6676 -0.6093
vn -0.0000 -0.9962 -0.0876
vn 0.0049 -0.9961 -0.0883
vn 0.7587 0.6376 0.1338
vn 0.4952 0.6376 0.5901
vn 0.7587 -0.6376 0.1338
vn 0.6672 0.6376 -0.3852
vn 0.6672 -0.6376 -0.3852
vn -0.4952 0.6376 0.5901
vn 0.4773 0.7615 0.4386
vn 0.2722 0.8879 0.3708
vn -0.0002 -0.0000 1.0000
vn -0.6909 0.7126 -0.1218
vn 0.6076 0.7126 0.3508
vn 0.4509 0.7126 -0.5374
vn -0.0000 -0.5590 -0.8291
vn -0.0000 0.7127 -0.7015
vn 0.6909 0.7126 -0.1218
vn 0.5330 -0.5590 -0.6352
vn 0.8165 -0.5590 -0.1440
vn 0.2399 0.7126 0.6592
vn 0.7181 -0.5590 0.4146
vn -0.2399 0.7126 0.6592
vn 0.2836 -0.5590 0.7791
vn -0.6076 0.7126 0.3508
vn -0.2836 -0.5590 0.7791
vn -0.8165 -0.5590 -0.1440
vn -0.7181 -0.5590 0.4146
vn -0.5330 -0.5590 -0.6352
vn -0.4509 0.7126 -0.5374
vn -0.6671 -0.6376 -0.3852
vn -0.2922 -0.5448 -0.7860
vn 0.5435 -0.5448 0.6387
vn -0.5346 -0.5448 0.6461
vn 0.9782 0.2034 0.0425
vn 0.0058 -0.5448 0.8386
vn 0.4310 0.4895 0.7581
vn -0.1571 0.4895 0.8577
vn -0.0937 0.8418 0.5316
vn 0.2699 0.8418 0.4675
vn -0.0000 1.0000 -0.0000
vn 0.8174 0.4895 0.3037
vn 0.5073 0.8418 0.1846
vn 0.8268 -0.5448 0.1399
vn 0.8214 0.4895 -0.2928
vn 0.5073 0.8418 -0.1846
vn 0.7233 -0.5448 -0.4243
vn 0.4410 0.4895 -0.7523
vn 0.2699 0.8418 -0.4675
vn 0.2814 -0.5448 -0.7900
vn -0.1457 0.4895 -0.8598
vn -0.0937 0.8418 -0.5316
vn -0.6643 0.4895 -0.5649
vn -0.4135 0.8418 -0.3470
vn -0.7291 -0.5448 -0.4143
vn -0.8720 0.4895 -0.0058
vn -0.8248 -0.5448 0.1513
vn -0.6717 0.4895 0.5561
vn -0.5398 0.8418 -0.0000
vn -0.4135 0.8418 0.3470
vn -0.0000 -0.0738 -0.9973
vn -0.0000 -0.0739 -0.9973
vn -0.5440 0.6723 0.5020
vn -0.5440 -0.6723 0.5020
vn 0.1683 0.9808 0.0982
vn 0.1878 0.9765 0.1062
vn 0.4525 0.8840 0.1176
vn -0.3054 -0.0000 0.9522
vn 0.3422 0.8847 0.3164
vn -0.0000 0.9971 0.0766
vn -0.0000 -0.8196 -0.5729
vn -0.6473 0.2110 0.7325
vn -0.7831 0.2077 0.5862
vn -0.7291 0.1192 0.6739
vn -0.5922 0.5937 0.5448
vn -0.7836 0.3920 0.4820
vn -0.6752 0.3972 0.6216
vn -0.8013 0.5800 0.1466
vn -0.9184 0.3868 0.0831
vn -0.9094 0.3815 0.1657
vn -0.9711 0.1968 0.1353
vn -0.2908 0.2106 0.9333
vn -0.3747 0.4073 0.8329
vn -0.4909 0.2106 0.8454
vn -0.2123 0.9728 0.0926
vn -0.4550 0.8903 0.0178
vn -0.2153 0.9747 0.0608
vn -0.2790 0.9602 -0.0102
vn -0.0000 0.0738 0.9973
vn 0.0003 0.0739 0.9973
vn 0.0022 0.0744 0.9972
vn -0.0000 0.0737 0.9973
vn -0.7056 -0.6839 0.1854
vn -0.6231 0.5698 -0.5358
vn -0.6231 -0.5698 -0.5358
vn -0.0000 -0.0872 0.9962
vn -0.0000 0.7126 -0.7015
vn -0.5280 0.5686 0.6308
vn -0.5280 -0.5686 0.6308
vn 0.6075 0.7126 0.3508
vn -0.2836 -0.5591 0.7791
vn -0.7180 -0.5590 0.4146
vn 0.6671 0.6376 -0.3852
vn 0.6671 -0.6376 -0.3852
vn -0.9576 0.0060 -0.2880
vn -0.9508 0.0485 -0.3060
vn -0.9567 0.0042 -0.2909
vn -0.8209 0.4828 -0.3051
vn -0.9182 0.2823 -0.2778
vn -0.9492 0.1151 -0.2929
vn -0.5031 0.8146 -0.2887
vn -0.6399 0.6908 -0.3367
vn -0.2364 0.9498 -0.2047
vn -0.2467 0.9548 -0.1661
vn -0.1271 0.9794 -0.1568
vn -0.0554 0.9956 0.0749
vn -0.0462 0.9935 0.1037
vn 0.9182 0.2823 -0.2778
vn 0.9492 0.1151 -0.2929
vn 0.9508 0.0485 -0.3060
vn -0.7409 0.2169 -0.6357
vn -0.6676 0.4199 -0.6148
vn -0.7873 0.1038 -0.6077
vn -0.6294 0.5779 -0.5196
vn -0.4809 0.7744 -0.4112
vn -0.3218 0.9147 -0.2446
vn -0.2321 0.9502 -0.2079
vn -0.8127 0.0509 -0.5805
vn -0.7917 0.0505 -0.6088
vn -0.3372 0.8887 0.3106
vn -0.1834 0.8943 0.4081
vn -0.1035 0.9680 0.2287
vn -0.6541 0.0559 -0.7543
vn -0.6346 0.1372 -0.7605
vn -0.6602 0.0607 -0.7486
vn -0.6297 0.1363 -0.7648
vn -0.5667 0.3788 -0.7317
vn -0.4279 0.6676 -0.6093
vn -0.4282 0.6874 -0.5866
vn -0.2316 0.9040 -0.3593
vn -0.2099 0.9271 -0.3104
vn -0.0532 0.9879 -0.1454
vn -0.5107 0.0598 -0.8577
vn -0.5061 0.1393 -0.8511
vn -0.5118 0.0609 -0.8569
vn -0.5052 0.1383 -0.8519
vn -0.4749 0.3638 -0.8013
vn -0.4744 0.3630 -0.8020
vn -0.3875 0.6509 -0.6529
vn -0.3871 0.6507 -0.6533
vn -0.2196 0.9040 -0.3668
vn -0.2189 0.9044 -0.3662
vn -0.0756 0.9897 -0.1214
vn 0.8248 -0.5448 0.1513
vn -0.8268 -0.5448 0.1399
vn -0.2814 -0.5448 -0.7900
vn -0.9890 -0.0000 -0.1477
vn 0.0001 0.9962 0.0872
vn 0.6892 0.5879 0.4236
vn 0.0002 -0.0000 1.0000
vn 0.5667 0.3788 -0.7317
vn 0.5639 0.3735 -0.7366
vn -0.8903 -0.0000 0.4555
vn -0.9672 -0.0000 0.2542
vn -0.5073 0.8418 0.1846
vn -0.5073 0.8418 -0.1846
vn -0.8214 0.4895 -0.2928
vn -0.2699 0.8418 -0.4675
vn -0.4410 0.4895 -0.7523
vn -0.7233 -0.5448 -0.4243
vn -0.8174 0.4895 0.3037
vn -0.0987 0.0451 -0.9941
vn -0.0795 0.1959 -0.9774
vn -0.1156 0.0549 -0.9918
vn -0.0648 0.1882 -0.9800
vn -0.0559 0.5989 -0.7988
vn -0.0464 0.5924 -0.8043
vn -0.0443 0.8976 -0.4385
vn -0.0369 0.8931 -0.4484
vn -0.0308 0.9873 -0.1558
vn 0.4909 0.2106 0.8454
vn -0.0039 0.9975 -0.0711
vn -0.0295 0.9823 -0.1848
vn -0.0000 0.9974 -0.0722
vn -0.0415 0.9782 -0.2036
vn -0.0937 0.8762 -0.4728
vn -0.1190 0.8595 -0.4971
vn -0.1842 0.5652 -0.8042
vn -0.2003 0.5339 -0.8215
vn -0.2174 0.1743 -0.9604
vn -0.2121 0.1653 -0.9632
vn -0.1846 0.0259 -0.9825
vn 0.0937 0.8418 -0.5316
vn 0.2922 -0.5448 -0.7860
vn 0.6643 0.4895 -0.5649
vn 0.7291 -0.5448 -0.4143
vn 0.1457 0.4895 -0.8598
vn -0.2403 0.1622 -0.9570
vn -0.2333 0.0494 -0.9712
vn -0.2226 0.0608 -0.9730
vn -0.2090 0.4952 -0.8433
vn -0.2418 0.1646 -0.9563
vn -0.1492 0.8396 -0.5224
vn -0.2190 0.5233 -0.8236
vn -0.1210 0.8130 -0.5696
vn -0.0629 0.9733 -0.2209
vn -0.0432 0.9678 -0.2480
vn -0.0138 0.9962 -0.0865
vn -0.3877 0.1454 -0.9102
vn -0.3868 0.0637 -0.9200
vn -0.3875 0.0631 -0.9197
vn -0.3247 0.4140 -0.8504
vn -0.3761 0.1632 -0.9121
vn -0.2407 0.7775 -0.5810
vn -0.3297 0.4732 -0.8169
vn -0.2041 0.7052 -0.6790
vn -0.0947 0.9537 -0.2855
vn -0.0201 0.9934 -0.1128
vn -0.0862 0.9264 -0.3666
vn -0.5435 -0.5448 0.6387
vn 0.6717 0.4895 0.5561
vn 0.8720 0.4895 -0.0058
vn 0.4135 0.8418 0.3470
vn 0.5398 0.8418 -0.0000
vn 0.4135 0.8418 -0.3470
vn 0.1571 0.4895 0.8577
vn 0.5346 -0.5448 0.6461
vn -0.0058 -0.5448 0.8386
vn -0.4310 0.4895 0.7581
vn 0.0937 0.8418 0.5316
vn -0.0105 0.6183 0.7859
vn -0.0232 0.6457 0.7632
vn -0.0157 0.1222 0.9924
vn -0.0133 0.1780 0.9839
vn -0.0294 0.2242 0.9741
vn 0.1072 0.9925 0.0582
vn 0.1026 0.9683 0.2276
vn 0.1887 0.9668 0.1725
vn 0.2196 0.9040 -0.3668
vn 0.3871 0.6507 -0.6533
vn 0.3875 0.6509 -0.6529
vn 0.1674 0.6084 0.7758
vn -0.2959 -0.0000 0.9552
vn -0.5168 -0.0000 0.8561
vn -0.0000 0.9872 -0.1593
vn -0.0000 0.9991 -0.0433
vn 0.1917 0.4070 0.8931
vn 0.5079 0.1257 0.8522
vn 0.2908 0.2106 0.9333
vn 0.2929 0.1333 0.9468
vn 0.9887 -0.0000 0.1499
vn 0.9672 -0.0000 0.2542
vn 0.7291 0.1192 0.6739
vn 0.8013 0.5800 0.1466
vn 0.9184 0.3868 0.0831
vn 0.8132 0.5773 0.0736
vn 0.2167 -0.6805 0.7000
vn 0.8903 -0.0000 0.4555
vn 0.7349 -0.0000 0.6781
vn 0.9595 0.1242 0.2527
vn 0.9812 0.1227 0.1487
vn 0.9711 0.1968 0.1353
vn 0.1595 0.2114 0.9643
vn 0.1746 0.1328 0.9756
vn -0.9887 -0.0000 0.1499
vn 0.9094 0.3815 0.1657
vn 0.2360 0.9500 -0.2047
vn 0.5031 0.8146 -0.2887
vn 0.6399 0.6908 -0.3367
vn 0.8209 0.4828 -0.3051
vn 0.7592 0.5831 0.2893
vn 0.3083 -0.0829 0.9477
vn 0.8077 -0.0514 0.5874
vn 0.9501 -0.0272 0.3107
vn 0.0521 0.9680 0.2454
vn 0.0971 0.8922 0.4410
vn 0.1858 0.8902 0.4159
vn 0.6231 0.5698 -0.5358
vn 0.7056 -0.6839 0.1854
vn -0.0574 0.9834 -0.1721
vn 0.6676 0.4199 -0.6148
vn 0.7410 0.2177 -0.6353
vn 0.7850 0.1060 -0.6104
vn 0.4749 0.3638 -0.8013
vn 0.5052 0.1383 -0.8519
vn 0.5061 0.1393 -0.8511
vn 0.0554 0.9956 0.0749
vn 0.0462 0.9935 0.1037
vn 0.2476 0.9545 -0.1660
vn 0.7932 0.0481 -0.6070
vn 0.4809 0.7744 -0.4112
vn 0.3218 0.9147 -0.2446
vn 0.6294 0.5779 -0.5196
vn 0.5107 0.0598 -0.8577
vn 0.5118 0.0609 -0.8569
vn 0.6297 0.1363 -0.7648
vn 0.6346 0.1372 -0.7605
vn 0.6541 0.0559 -0.7543
vn 0.6602 0.0607 -0.7486
vn -0.0327 0.9806 -0.1934
vn 0.2090 0.4952 -0.8433
vn 0.1492 0.8396 -0.5224
vn 0.1210 0.8130 -0.5696
vn 0.2418 0.1646 -0.9563
vn 0.2403 0.1622 -0.9570
vn 0.0795 0.1959 -0.9774
vn 0.0987 0.0451 -0.9941
vn 0.1156 0.0549 -0.9918
vn 0.0559 0.5989 -0.7988
vn 0.0648 0.1882 -0.9800
vn 0.0443 0.8976 -0.4385
vn 0.0464 0.5924 -0.8043
vn 0.0308 0.9873 -0.1558
vn 0.0369 0.8931 -0.4484
vn 0.0629 0.9733 -0.2209
vn 0.0432 0.9678 -0.2480
vn 0.2174 0.1743 -0.9604
vn 0.2003 0.5339 -0.8215
vn 0.1842 0.5652 -0.8042
vn 0.0937 0.8762 -0.4728
vn 0.0415 0.9782 -0.2036
vn 0.0295 0.9823 -0.1848
vn 0.1190 0.8595 -0.4971
vn 0.0039 0.9975 -0.0711
vn 0.5168 -0.0000 0.8561
vn 0.0138 0.9962 -0.0865
vn -0.0000 0.9951 -0.0990
vn 0.2041 0.7052 -0.6790
vn 0.0947 0.9537 -0.2855
vn 0.0862 0.9264 -0.3666
vn 0.0201 0.9934 -0.1128
vn 0.3247 0.4140 -0.8504
vn 0.2407 0.7775 -0.5810
vn 0.3761 0.1632 -0.9121
vn 0.3877 0.1454 -0.9102
vn 0.3868 0.0637 -0.9200
vn 0.3875 0.0631 -0.9197
vn 0.5440 0.6723 0.5020
vn 0.5440 -0.6723 0.5020
vn -0.1072 0.9925 0.0582
vn -0.0530 0.9673 0.2479
vn -0.0304 0.4093 0.9119
vn -0.0319 0.4242 0.9050
vn -0.0000 0.0544 -0.9985
vn -0.0000 0.1993 -0.9799
vn -0.4701 0.8782 0.0877
vn -0.4385 0.8819 0.1730
vn 0.4429 0.8817 0.1628
vn 0.4472 0.8939 0.0294
vn 0.2804 0.9598 -0.0096
vn 0.0840 0.6075 0.7898
vn 0.0965 0.4137 0.9053
vn 0.1271 0.9794 -0.1568
vn 0.4744 0.3630 -0.8020
vn 0.9890 -0.0000 -0.1477
vn 0.9873 -0.0000 -0.1591
vn -0.0000 0.5948 -0.8038
vn -0.0000 0.5881 -0.8088
vn -0.1901 0.9664 0.1732
vn 0.6509 0.7498 0.1190
vn 0.3123 0.9483 0.0566
vn 0.9895 -0.0000 0.1445
vn -0.1917 0.4070 0.8931
vn -0.0840 0.6075 0.7898
vn -0.1674 0.6084 0.7758
vn -0.9477 0.1974 0.2509
vn -0.9812 0.1227 0.1487
vn -0.9595 0.1242 0.2527
vn 0.2321 0.9502 -0.2079
vn 0.0574 0.9834 -0.1721
vn -0.0000 -0.0000 1.0000
vn -0.3269 0.6049 0.7261
vn -0.8788 0.2017 0.4324
vn -0.8857 0.1200 0.4484
vn -0.1595 0.2114 0.9643
vn -0.2929 0.1333 0.9468
vn -0.1746 0.1328 0.9756
vn -0.5079 0.1257 0.8522
vn -0.1337 0.7737 0.6192
vn -0.2618 0.7708 0.5808
vn -0.0965 0.4137 0.9053
vn -0.5376 0.4026 0.7409
vn -0.4703 0.5997 0.6475
vn -0.3777 0.7665 0.5194
vn -0.0670 0.7730 0.6308
vn -0.5572 0.7566 0.3422
vn -0.4773 0.7615 0.4386
vn -0.7349 -0.0000 0.6781
vn -0.1718 -0.0000 0.9851
vn 0.6094 0.7288 -0.3122
vn -0.6500 0.6833 0.3325
vn -0.2167 -0.6805 0.7000
vn -0.3783 0.6812 0.6268
vn -0.6500 -0.6833 0.3325
vn 0.3570 0.7309 -0.5817
vn 0.6197 0.5870 -0.5210
vn 0.5303 0.5854 -0.6133
vn -0.7056 0.6839 0.1854
vn -0.2167 0.6805 0.7000
vn 0.1718 -0.0000 0.9851
vn -0.9501 -0.0272 0.3107
vn -0.0000 -0.0000 -1.0000
vn -0.0634 0.8948 0.4419
vn -0.7592 0.5831 0.2893
vn -0.6155 0.7525 0.2343
vn -0.6892 0.5879 0.4236
vn -0.1813 0.9518 0.2473
vn -0.6509 0.7498 0.1190
vn -0.0641 0.9533 0.2950
vn -0.6615 0.7475 0.0599
vn -0.8613 0.3878 0.3284
vn -0.2674 0.9497 0.1629
vn 0.9576 0.0060 -0.2880
vn -0.2699 0.8418 0.4675
vn -0.9996 0.0274 0.0034
vn -0.8126 -0.0000 -0.5828
vn 0.2123 0.9728 0.0926
vn 0.2153 0.9747 0.0608
vn 0.8963 -0.0000 -0.4433
vn 0.8935 -0.0000 -0.4491
vn -0.1762 -0.0000 0.9844
vn 0.4629 0.8790 0.1140
vn 0.8126 -0.0000 -0.5828
vn 0.2167 0.6805 0.7000
vn 0.1158 -0.0000 -0.9933
vn -0.2056 0.7393 -0.6412
vn -0.3570 -0.7309 -0.5817
vn -0.0000 -0.8201 -0.5722
vn 0.6615 0.7475 0.0599
vn 0.2959 -0.0000 0.9552
vn 0.1762 -0.0000 0.9844
vn -0.0092 0.9983 -0.0575
vn 0.0010 0.9979 -0.0652
vn 0.0203 0.9856 -0.1677
vn -0.0022 0.0744 0.9972
vn -0.0003 0.0739 0.9973
vn -0.2461 0.9648 0.0929
vn 0.0756 0.9897 -0.1214
vn 0.2189 0.9044 -0.3662
vn -0.0001 0.9962 0.0872
vn 0.7368 -0.0000 0.6761
vn 0.0327 0.9806 -0.1934
vn 0.2230 -0.0000 -0.9748
vn 0.8857 0.1200 0.4484
vn 0.0105 0.6183 0.7859
vn -0.0000 0.2010 -0.9796
vn 0.8115 -0.0001 -0.5844
vn 0.2333 0.0494 -0.9712
vn 0.2226 0.0608 -0.9730
vn 0.2461 0.9648 0.0929
vn 0.9504 -0.0000 -0.3109
vn -0.3570 0.7309 -0.5817
vn 0.1846 0.0259 -0.9825
vn 0.2121 0.1653 -0.9632
vn -0.0048 -0.9962 -0.0866
vn -0.8132 0.5773 0.0736
vn -0.0202 0.9857 -0.1675
vn -0.0057 0.9988 -0.0491
vn 0.2099 0.9271 -0.3104
vn 0.0532 0.9879 -0.1454
vn 0.7056 0.6839 0.1854
vn 0.0002 0.0873 0.9962
vn 0.0006 -0.7661 -0.6427
vn -0.8119 0.0002 -0.5838
vn -0.0000 -0.7657 -0.6432
vn -0.0485 0.9950 0.0871
vn 0.0485 0.9950 0.0871
vn 0.0033 0.0748 0.9972
vn 0.0001 0.0738 0.9973
vn 0.0441 -0.0082 -0.9990
vn -0.5639 0.3735 -0.7366
vn 0.0002 0.9962 0.0872
vn -0.1734 0.0212 -0.9846
vn -0.0002 0.0873 0.9962
vn -0.0001 0.0738 0.9973
vn -0.0000 1.0000 -0.0001
vn -0.0441 -0.0082 -0.9990
vn 0.8114 0.0479 -0.5826
vn 0.2190 0.5233 -0.8236
vn 0.3297 0.4732 -0.8169
vn 0.9567 0.0042 -0.2909
vn -0.0033 0.0748 0.9972
vn -0.0002 0.9962 0.0872
vn 0.1734 0.0212 -0.9846
vn -0.0000 0.9978 -0.0658
vt 0.525536 0.533969
vt 0.528399 0.535260
vt 0.527062 0.533081
vt 0.510849 0.463161
vt 0.522142 0.518447
vt 0.508409 0.518447
vt 0.522142 0.534700
vt 0.508409 0.531711
vt 0.508409 0.534700
vt 0.465787 0.507689
vt 0.525094 0.491747
vt 0.466294 0.499081
vt 0.522665 0.522707
vt 0.514523 0.522374
vt 0.522665 0.522374
vt 0.530312 0.528770
vt 0.527213 0.528770
vt 0.529496 0.530430
vt 0.523881 0.534515
vt 0.522142 0.531711
vt 0.502622 0.509647
vt 0.500068 0.517544
vt 0.508409 0.517544
vt 0.504475 0.460414
vt 0.510417 0.465747
vt 0.510417 0.460414
vt 0.504475 0.465747
vt 0.516827 0.460414
vt 0.516827 0.465747
vt 0.501341 0.465747
vt 0.528921 0.465747
vt 0.528921 0.460414
vt 0.523090 0.460414
vt 0.467094 0.465747
vt 0.525094 0.455747
vt 0.467094 0.455747
vt 0.501341 0.460414
vt 0.523090 0.465747
vt 0.532411 0.458414
vt 0.462346 0.455747
vt 0.462346 0.465747
vt 0.508409 0.497804
vt 0.522142 0.491747
vt 0.522142 0.497804
vt 0.532411 0.465747
vt 0.508409 0.542387
vt 0.500068 0.518448
vt 0.500068 0.542387
vt 0.538042 0.469094
vt 0.536709 0.525094
vt 0.538042 0.525094
vt 0.538042 0.456214
vt 0.536709 0.455747
vt 0.538042 0.455747
vt 0.536709 0.467094
vt 0.525094 0.456214
vt 0.469094 0.455747
vt 0.467094 0.456214
vt 0.469094 0.456214
vt 0.528921 0.465747
vt 0.526403 0.455747
vt 0.528921 0.455747
vt 0.522142 0.456214
vt 0.522142 0.455747
vt 0.529611 0.540271
vt 0.536100 0.533206
vt 0.532456 0.536394
vt 0.458531 0.458414
vt 0.458534 0.465747
vt 0.500068 0.491746
vt 0.508409 0.503121
vt 0.500068 0.503121
vt 0.529850 0.497804
vt 0.530901 0.501583
vt 0.532819 0.497804
vt 0.508409 0.528467
vt 0.533525 0.501583
vt 0.535490 0.497804
vt 0.500068 0.451529
vt 0.500639 0.454914
vt 0.500888 0.451529
vt 0.502622 0.503812
vt 0.506800 0.513511
vt 0.502622 0.513774
vt 0.531709 0.497804
vt 0.532016 0.501583
vt 0.529904 0.501583
vt 0.522142 0.501583
vt 0.508409 0.506573
vt 0.508409 0.501583
vt 0.526457 0.506573
vt 0.527494 0.501583
vt 0.532524 0.456214
vt 0.529748 0.455747
vt 0.532524 0.455747
vt 0.529748 0.456214
vt 0.529748 0.465747
vt 0.518604 0.499534
vt 0.524680 0.465747
vt 0.518604 0.465747
vt 0.524680 0.499534
vt 0.530561 0.465747
vt 0.520162 0.517043
vt 0.525162 0.519709
vt 0.520162 0.519709
vt 0.506293 0.499534
vt 0.510235 0.465747
vt 0.506293 0.465747
vt 0.530561 0.499534
vt 0.533751 0.465747
vt 0.525093 0.506573
vt 0.525093 0.501583
vt 0.535718 0.465143
vt 0.530983 0.525093
vt 0.533390 0.525093
vt 0.522142 0.541052
vt 0.535154 0.462346
vt 0.534921 0.532524
vt 0.512809 0.501041
vt 0.522665 0.514374
vt 0.522665 0.501041
vt 0.517421 0.514374
vt 0.509386 0.501041
vt 0.509386 0.514374
vt 0.527909 0.514374
vt 0.517421 0.501041
vt 0.542385 0.465747
vt 0.541052 0.455747
vt 0.542385 0.455747
vt 0.532521 0.514511
vt 0.509386 0.495099
vt 0.527909 0.488357
vt 0.495099 0.514374
vt 0.505428 0.501041
vt 0.505428 0.514374
vt 0.532456 0.465747
vt 0.532456 0.455747
vt 0.542385 0.456214
vt 0.528921 0.539098
vt 0.526403 0.456214
vt 0.536394 0.456214
vt 0.536394 0.455747
vt 0.525094 0.465747
vt 0.501341 0.499534
vt 0.510235 0.499534
vt 0.536709 0.456214
vt 0.462662 0.465747
vt 0.462662 0.499534
vt 0.530101 0.533739
vt 0.525093 0.497804
vt 0.528237 0.525093
vt 0.533403 0.464727
vt 0.530170 0.464244
vt 0.528073 0.457702
vt 0.528230 0.460666
vt 0.530462 0.459740
vt 0.508410 0.518416
vt 0.508409 0.518437
vt 0.508409 0.518426
vt 0.514511 0.501041
vt 0.514511 0.514374
vt 0.527909 0.501041
vt 0.535944 0.514374
vt 0.495099 0.501041
vt 0.507565 0.505428
vt 0.535944 0.495099
vt 0.522665 0.518099
vt 0.528399 0.531886
vt 0.525536 0.530595
vt 0.531711 0.511118
vt 0.541856 0.497804
vt 0.542387 0.471662
vt 0.508409 0.491747
vt 0.522142 0.465747
vt 0.508409 0.465747
vt 0.535467 0.500508
vt 0.511407 0.509265
vt 0.514309 0.492807
vt 0.514309 0.522374
vt 0.500508 0.522374
vt 0.491530 0.514374
vt 0.492807 0.522374
vt 0.509265 0.522374
vt 0.500218 0.514374
vt 0.518219 0.522374
vt 0.509963 0.514374
vt 0.511407 0.522374
vt 0.527111 0.522374
vt 0.517649 0.514374
vt 0.533923 0.522374
vt 0.527681 0.514374
vt 0.510099 0.514374
vt 0.531021 0.522374
vt 0.532093 0.514374
vt 0.530807 0.522707
vt 0.530807 0.522374
vt 0.512469 0.522374
vt 0.504965 0.522707
vt 0.512469 0.522707
vt 0.504965 0.522374
vt 0.496432 0.522707
vt 0.511695 0.522374
vt 0.518333 0.522707
vt 0.511695 0.522707
vt 0.518333 0.522374
vt 0.526997 0.522707
vt 0.526997 0.522374
vt 0.533635 0.522707
vt 0.496432 0.522374
vt 0.518333 0.490862
vt 0.530807 0.512469
vt 0.514523 0.512469
vt 0.522665 0.515432
vt 0.535139 0.504965
vt 0.526655 0.491802
vt 0.515166 0.511702
vt 0.530164 0.511702
vt 0.509963 0.510099
vt 0.537109 0.500218
vt 0.522665 0.488099
vt 0.517618 0.528529
vt 0.524418 0.528529
vt 0.523677 0.532789
vt 0.523677 0.508502
vt 0.519752 0.507810
vt 0.522665 0.502765
vt 0.511702 0.522707
vt 0.506218 0.528529
vt 0.511508 0.528529
vt 0.513179 0.506218
vt 0.517618 0.511508
vt 0.517191 0.504758
vt 0.504791 0.522707
vt 0.499313 0.528529
vt 0.504758 0.532789
vt 0.517191 0.500773
vt 0.512561 0.522707
vt 0.513179 0.528529
vt 0.513179 0.499313
vt 0.519752 0.497720
vt 0.518675 0.522707
vt 0.519752 0.532789
vt 0.523677 0.497028
vt 0.526655 0.522707
vt 0.530398 0.528529
vt 0.524418 0.492824
vt 0.527128 0.499021
vt 0.496276 0.528529
vt 0.496932 0.522707
vt 0.502765 0.528529
vt 0.509254 0.528529
vt 0.530164 0.522707
vt 0.528491 0.502765
vt 0.527128 0.506510
vt 0.530398 0.496276
vt 0.532760 0.502765
vt 0.530398 0.509254
vt 0.516958 0.513631
vt 0.519626 0.522631
vt 0.516293 0.522631
vt 0.526496 0.516293
vt 0.518829 0.519626
vt 0.518829 0.516293
vt 0.518829 0.513631
vt 0.526496 0.522631
vt 0.518829 0.522631
vt 0.520162 0.518130
vt 0.525162 0.521505
vt 0.520162 0.521505
vt 0.529611 0.455747
vt 0.533391 0.456214
vt 0.533391 0.455747
vt 0.526457 0.529772
vt 0.518829 0.520292
vt 0.526496 0.516958
vt 0.518829 0.516958
vt 0.500068 0.462346
vt 0.532411 0.458531
vt 0.520292 0.513631
vt 0.537761 0.497804
vt 0.537320 0.491747
vt 0.533739 0.506573
vt 0.535825 0.501583
vt 0.527479 0.506573
vt 0.528054 0.501583
vt 0.526529 0.497804
vt 0.529255 0.497804
vt 0.522146 0.520126
vt 0.525258 0.525094
vt 0.517293 0.518130
vt 0.519709 0.521505
vt 0.517043 0.521505
vt 0.519959 0.518130
vt 0.520162 0.519959
vt 0.525162 0.517293
vt 0.525162 0.519959
vt 0.519706 0.521504
vt 0.519959 0.518130
vt 0.525162 0.518130
vt 0.526496 0.513631
vt 0.530089 0.455747
vt 0.500068 0.513774
vt 0.522665 0.489765
vt 0.518219 0.514981
vt 0.533923 0.509265
vt 0.510191 0.504965
vt 0.526997 0.490862
vt 0.533635 0.496432
vt 0.511695 0.496432
vt 0.462612 0.505725
vt 0.462661 0.499534
vt 0.465143 0.514364
vt 0.462599 0.511194
vt 0.533982 0.462662
vt 0.529864 0.462826
vt 0.528077 0.462902
vt 0.526167 0.462985
vt 0.522142 0.463161
vt 0.459096 0.513670
vt 0.458433 0.507306
vt 0.462662 0.515219
vt 0.459740 0.515884
vt 0.458225 0.499534
vt 0.524485 0.531207
vt 0.523345 0.528210
vt 0.533751 0.499534
vt 0.530224 0.507030
vt 0.533441 0.507306
vt 0.529135 0.513293
vt 0.530462 0.515884
vt 0.528073 0.515576
vt 0.526541 0.459112
vt 0.524574 0.507044
vt 0.524243 0.513313
vt 0.523923 0.515595
vt 0.523462 0.457305
vt 0.523923 0.455260
vt 0.534154 0.504791
vt 0.511176 0.504791
vt 0.518675 0.491802
vt 0.466294 0.465747
vt 0.513237 0.491530
vt 0.535367 0.510099
vt 0.517649 0.516547
vt 0.506800 0.513533
vt 0.502622 0.510518
vt 0.531497 0.531886
vt 0.531982 0.513670
vt 0.532521 0.514374
vt 0.532521 0.501041
vt 0.533205 0.465747
vt 0.530089 0.491747
vt 0.530089 0.465747
vt 0.517618 0.494023
vt 0.500773 0.532789
vt 0.501274 0.508145
vt 0.506759 0.507999
vt 0.501076 0.514708
vt 0.507257 0.449235
vt 0.501076 0.449022
vt 0.507528 0.451687
vt 0.508409 0.463161
vt 0.510696 0.455356
vt 0.507813 0.455021
vt 0.510619 0.452202
vt 0.510543 0.449927
vt 0.507257 0.514477
vt 0.510389 0.507845
vt 0.510543 0.514317
vt 0.532769 0.522707
vt 0.518289 0.507466
vt 0.517876 0.513859
vt 0.517876 0.451586
vt 0.517603 0.453459
vt 0.517271 0.456160
vt 0.517603 0.515997
vt 0.515166 0.522707
vt 0.518447 0.513081
vt 0.517544 0.503121
vt 0.518416 0.513083
vt 0.522142 0.537320
vt 0.508409 0.537615
vt 0.522142 0.525094
vt 0.524350 0.527479
vt 0.524350 0.537085
vt 0.526747 0.465747
vt 0.529610 0.491747
vt 0.529610 0.465747
vt 0.500068 0.454914
vt 0.500068 0.462800
vt 0.528399 0.506573
vt 0.530101 0.506573
vt 0.524350 0.506573
vt 0.524879 0.501583
vt 0.526747 0.491747
vt 0.529611 0.456214
vt 0.526748 0.455747
vt 0.533205 0.491747
vt 0.537320 0.465747
vt 0.531886 0.506573
vt 0.532535 0.529772
vt 0.506800 0.503549
vt 0.513533 0.513511
vt 0.512661 0.503549
vt 0.522142 0.528467
vt 0.523345 0.531583
vt 0.535156 0.462346
vt 0.532411 0.458534
vt 0.538042 0.466294
vt 0.533390 0.491747
vt 0.533390 0.465747
vt 0.516496 0.463161
vt 0.500068 0.499534
vt 0.528121 0.526384
vt 0.527775 0.527626
vt 0.526457 0.536390
vt 0.522142 0.506573
vt 0.500068 0.449022
vt 0.530814 0.526967
vt 0.500068 0.471662
vt 0.500068 0.465747
vt 0.532524 0.465747
vt 0.528770 0.509180
vt 0.529772 0.506573
vt 0.526403 0.465747
vt 0.537321 0.455747
vt 0.533206 0.456214
vt 0.533206 0.455747
vt 0.528921 0.456214
vt 0.530089 0.456214
vt 0.526748 0.456214
vt 0.500068 0.460414
vt 0.526967 0.509180
vt 0.458225 0.465747
vt 0.500068 0.458531
vt 0.528921 0.455665
vt 0.525093 0.509180
vt 0.525022 0.526384
vt 0.500068 0.455747
vt 0.510417 0.448588
vt 0.523090 0.452466
vt 0.500068 0.455665
vt 0.500068 0.508145
vt 0.500068 0.509647
vt 0.536933 0.462662
vt 0.500068 0.463161
vt 0.500068 0.447487
vt 0.516827 0.450113
vt 0.514523 0.522707
vt 0.506800 0.512661
vt 0.508409 0.518448
vt 0.526403 0.540308
vt 0.522142 0.542385
vt 0.526748 0.541561
vt 0.533391 0.537321
vt 0.537286 0.530089
vt 0.536029 0.529748
vt 0.508409 0.491746
vt 0.525162 0.517043
vt 0.500068 0.542385
vt 0.512809 0.514374
vt 0.541052 0.465747
vt 0.537765 0.505428
vt 0.512809 0.514511
vt 0.517421 0.488357
vt 0.541052 0.456214
vt 0.535944 0.501041
vt 0.518448 0.491746
vt 0.528467 0.512311
vt 0.534700 0.509180
vt 0.537615 0.506573
vt 0.540859 0.501583
vt 0.542387 0.491747
vt 0.531021 0.492807
vt 0.527111 0.514981
vt 0.509862 0.500508
vt 0.513237 0.514374
vt 0.535367 0.514374
vt 0.533635 0.522374
vt 0.532769 0.496932
vt 0.512561 0.496932
vt 0.522665 0.514432
vt 0.508221 0.500218
vt 0.527681 0.516547
vt 0.532093 0.491530
vt 0.524418 0.512707
vt 0.526496 0.519626
vt 0.526496 0.520292
vt 0.520162 0.517293
vt 0.525162 0.521504
vt 0.500068 0.503812
vt 0.500068 0.510518
vt 0.529610 0.540270
vt 0.526747 0.541561
vt 0.533390 0.537320
vt 0.537285 0.530089
vt 0.536099 0.533205
vt 0.533751 0.458225
vt 0.524680 0.451900
vt 0.530561 0.455412
vt 0.506293 0.446731
vt 0.518604 0.449340
vt 0.500068 0.446154
vt 0.501341 0.446154
vt 0.501341 0.447487
vt 0.510417 0.448587
vt 0.516827 0.450114
vt 0.523090 0.452467
vt 0.508409 0.471662
vt 0.536394 0.465747
vt 0.537321 0.456214
vt 0.532456 0.456214
vt 0.500068 0.514708
s 1
g Turret_steel_4
usemtl steel_4
f 1077/1/1 1090/2/2 785/3/3
f 651/4/4 649/5/4 648/6/4
f 747/7/5 1140/8/6 737/9/7
f 344/10/8 564/11/9 288/12/10
f 606/13/11 616/14/12 615/15/13
f 1141/16/14 1146/17/15 1079/18/16
f 1143/19/17 1142/20/18 782/7/19
f 859/21/4 1181/22/4 857/23/4
f 1050/8/6 502/7/5 497/9/20
f 73/24/21 75/25/21 74/26/21
f 76/25/22 78/24/22 77/27/22
f 70/28/23 71/26/23 72/25/23
f 67/25/24 68/29/24 69/28/24
f 79/30/25 80/27/25 81/24/25
f 89/31/26 90/32/26 91/33/26
f 88/34/27 86/35/27 85/36/27
f 82/24/28 83/37/28 84/30/28
f 98/38/29 100/28/29 99/29/29
f 95/28/30 97/38/30 96/33/30
f 92/33/31 93/38/31 94/31/31
f 101/39/32 102/32/32 103/31/32
f 122/36/33 123/40/33 165/41/33
f 1137/42/34 745/43/35 1138/44/36
s 0
f 106/39/37 104/31/37 105/45/37
s 1
f 728/46/38 1170/47/39 1169/48/40
f 180/49/41 181/50/42 183/51/43
f 183/52/43 178/53/44 182/54/45
f 176/55/46 168/49/47 169/50/48
f 181/56/42 179/57/49 178/35/44
f 177/58/50 168/57/47 176/36/46
f 170/56/51 176/36/46 169/35/48
f 175/59/52 169/35/48 168/57/47
f 170/50/51 175/49/52 177/55/50
f 220/60/53 1113/61/54 217/62/53
f 180/59/41 182/35/45 179/57/49
f 182/51/45 178/50/44 179/49/49
f 226/63/55 1121/61/56 224/64/57
f 232/65/58 233/66/59 1124/67/60
f 124/25/61 126/28/61 125/29/61
f 127/28/62 129/25/62 128/26/62
f 130/24/63 131/26/63 132/25/63
f 133/25/64 134/27/64 135/24/64
f 136/30/65 138/24/65 137/27/65
f 139/24/66 141/30/66 140/37/66
f 143/35/67 145/34/67 142/36/67
f 146/31/68 148/33/68 147/32/68
f 149/33/69 151/31/69 150/38/69
f 152/28/70 153/33/70 154/38/70
f 155/38/71 156/29/71 157/28/71
f 158/39/72 160/31/72 159/32/72
s 0
f 163/39/73 162/45/73 161/31/73
f 163/68/74 206/69/74 162/69/74
s 1
f 1168/70/75 570/71/76 1167/72/76
f 1098/73/77 812/74/78 1095/75/79
f 1093/20/6 1134/76/80 1140/8/6
f 1095/75/79 1084/77/81 1102/78/82
f 1175/79/83 924/80/84 925/81/85
f 977/82/86 981/83/87 1071/84/86
f 1094/85/88 811/86/89 1083/87/90
f 746/88/91 1136/89/92 738/90/93
f 206/69/94 208/40/94 207/41/94
f 209/41/95 211/36/95 210/34/95
f 212/36/96 214/41/96 213/40/96
f 1083/87/90 1076/91/97 784/92/98
f 239/93/99 1125/94/100 238/95/101
f 1170/47/39 486/46/102 1169/48/40
f 1126/96/103 235/35/104 1125/94/100
f 1110/97/105 216/95/106 1109/94/105
f 248/98/107 246/99/107 245/100/107
f 252/101/108 250/102/108 249/99/108
f 814/103/109 816/104/109 813/105/109
f 262/106/110 260/107/110 259/108/110
s 0
f 106/68/111 116/69/111 118/40/111
s 1
f 270/109/112 268/110/112 267/102/112
f 344/10/8 488/111/113 489/112/114
f 479/113/115 485/114/116 488/115/113
f 4/116/109 2/117/109 1160/118/109
f 387/119/117 377/120/11 386/121/13
f 575/122/118 582/123/119 576/124/120
f 275/35/121 277/59/122 274/57/123
f 274/57/123 279/58/124 278/36/125
f 278/36/125 276/56/126 275/35/121
f 278/55/125 275/50/121 274/49/123
f 276/50/126 279/55/124 277/49/122
f 281/57/127 283/56/128 280/35/129
f 280/53/129 285/52/130 284/54/131
f 284/35/131 282/59/132 281/57/127
f 282/49/132 285/51/130 283/50/128
f 284/51/131 281/49/127 280/50/129
f 574/125/133 583/126/134 575/122/118
f 293/127/67 291/128/67 290/129/67
f 230/66/135 231/65/136 1123/67/137
f 587/130/117 582/131/119 584/132/138
f 576/133/120 581/134/139 577/135/140
f 308/62/141 1022/136/142 1021/137/142
f 315/128/143 317/138/144 314/129/145
f 1033/67/146 326/139/147 320/65/148
f 326/62/147 1032/140/149 1031/61/150
f 327/95/151 1034/141/152 1033/142/146
f 324/35/153 1036/96/154 1035/94/155
f 307/95/156 1020/97/157 1019/94/157
f 1019/94/157 313/143/158 306/35/158
f 335/99/159 337/98/159 334/100/159
f 339/102/160 341/101/160 338/99/160
f 346/108/161 348/144/161 345/30/161
f 350/107/162 352/106/162 349/108/162
f 354/100/163 356/145/163 353/107/163
f 358/110/164 360/109/164 357/102/164
f 236/146/165 229/54/166 235/53/104
f 362/147/167 331/12/168 363/148/169
f 1152/149/170 785/3/3 1090/2/2
f 1063/150/171 366/10/172 376/11/173
f 374/111/174 366/10/172 375/112/175
f 373/114/176 367/113/177 374/115/174
f 372/151/178 368/152/179 373/114/176
f 371/5/180 369/153/181 372/151/178
f 900/154/182 903/155/183 904/156/184
f 952/157/185 922/158/186 921/159/186
f 387/160/117 384/135/187 385/161/188
f 388/134/189 383/133/190 384/135/187
f 389/123/191 382/122/133 383/124/190
f 390/126/138 381/125/118 382/122/133
f 391/162/134 380/163/120 381/125/118
f 392/164/119 379/135/140 380/133/120
f 393/134/139 378/161/192 379/135/140
f 384/165/187 380/166/120 378/130/192
f 392/166/119 388/165/189 386/167/13
f 1144/168/193 1151/169/194 785/3/3
f 1067/170/27 1064/171/27 490/172/27
f 296/173/195 294/174/195 295/175/195
f 406/176/196 410/177/197 412/178/198
f 412/179/198 395/120/199 404/15/200
f 411/180/201 396/181/202 412/182/198
f 410/183/197 397/184/203 411/180/201
f 409/185/204 398/186/205 410/187/197
f 408/188/206 399/189/207 409/185/204
f 407/190/208 400/191/209 408/188/206
f 407/183/208 402/184/210 401/192/211
f 406/180/196 403/181/212 402/184/210
f 405/193/213 395/120/199 403/194/212
f 422/15/13 414/195/192 430/196/12
f 423/197/117 420/198/187 421/199/188
f 424/200/189 419/201/190 420/198/187
f 425/202/191 418/203/133 419/204/190
f 426/205/138 417/206/118 418/203/133
f 427/207/134 416/208/120 417/206/118
f 428/209/214 415/198/140 416/201/120
f 429/200/139 414/199/192 415/198/140
f 418/210/133 414/211/192 421/212/188
f 426/210/138 422/213/13 429/214/139
f 435/215/215 439/216/216 432/217/217
f 398/218/205 402/219/210 395/220/199
f 344/10/8 1153/150/218 564/11/9
f 431/13/219 443/221/220 446/222/221
f 443/221/220 445/223/222 446/222/221
f 445/224/222 444/225/223 440/226/224
f 439/227/216 447/228/225 443/229/220
f 447/230/225 444/225/223 443/231/220
f 444/225/223 448/232/226 440/226/224
f 438/233/227 449/234/228 447/228/225
f 449/234/228 448/235/226 447/228/225
f 448/232/226 450/236/229 440/226/224
f 437/237/230 451/221/231 449/238/228
f 449/239/228 452/240/232 450/236/229
f 450/236/229 452/240/232 440/226/224
f 436/241/233 453/222/234 451/221/231
f 453/222/234 452/242/232 451/221/231
f 452/240/232 454/243/235 440/226/224
f 435/244/215 455/245/236 453/222/234
f 453/246/234 456/247/237 454/243/235
f 454/243/235 456/247/237 440/226/224
f 455/248/236 434/249/238 441/250/239
f 441/250/239 434/249/238 433/233/240
f 433/233/240 457/251/241 441/250/239
f 432/252/217 446/222/221 457/245/241
f 440/226/224 442/253/242 458/254/243
f 440/226/224 456/247/237 442/253/242
f 440/226/224 458/254/243 445/224/222
f 442/253/242 455/255/236 441/256/239
f 441/256/239 458/254/243 442/253/242
f 457/257/241 445/224/222 458/254/243
f 459/258/67 461/259/67 460/260/67
f 466/261/224 464/262/224 463/263/224
f 470/264/244 468/265/244 467/266/244
f 472/267/245 474/268/245 471/269/245
f 320/270/148 1028/271/246 1027/272/247
f 571/135/187 585/164/191 572/133/190
f 569/161/188 586/134/189 571/135/187
f 568/167/11 574/132/133 576/131/120
f 481/153/248 483/5/249 484/151/250
f 1023/61/251 311/60/141 308/62/141
f 1150/273/252 1079/18/16 1146/17/15
f 503/5/253 1044/76/80 496/6/253
f 854/274/224 856/275/224 853/276/224
f 1191/277/254 115/278/254 114/117/254
f 849/259/67 851/258/67 852/279/67
f 1004/280/255 1012/78/256 992/281/257
f 1062/282/258 994/77/259 518/283/260
f 1011/284/261 508/112/262 995/285/263
f 999/150/264 995/285/263 508/112/262
f 1010/286/265 516/92/266 983/287/267
f 511/5/268 510/151/269 512/288/270
f 991/289/271 512/288/270 510/151/269
f 523/104/109 521/103/109 520/105/109
f 525/268/272 527/266/272 524/265/272
f 528/290/67 530/291/67 531/292/67
f 533/291/67 535/290/67 532/293/67
f 539/294/224 537/295/224 536/296/224
f 540/290/27 542/297/27 543/298/27
f 545/299/273 547/265/274 544/300/272
f 551/266/272 549/267/272 548/264/272
f 555/264/275 553/299/275 552/300/275
f 556/259/27 558/258/27 557/260/27
f 563/275/224 561/274/224 560/276/224
f 1025/301/276 323/56/277 318/35/278
f 1161/302/279 977/82/86 1071/84/86
f 588/120/199 605/179/213 597/15/280
f 227/138/281 224/128/57 223/129/282
f 589/181/212 604/180/196 605/182/213
f 597/303/280 602/304/206 600/305/283
f 590/184/210 603/183/208 604/180/196
f 599/180/201 596/181/202 598/182/198
f 598/193/198 588/120/199 597/15/280
f 600/183/283 595/184/203 599/180/201
f 593/191/207 600/190/283 601/188/204
f 592/189/284 601/188/204 602/185/206
f 591/186/285 602/185/206 603/187/208
f 613/306/140 608/214/187 610/307/133
f 611/203/118 618/202/214 612/204/120
f 610/206/133 619/205/134 611/203/118
f 609/208/286 620/207/138 610/206/133
f 608/198/187 621/209/287 609/201/286
f 607/199/188 622/200/189 608/198/187
f 621/308/287 616/212/12 618/309/214
f 652/12/288 663/310/289 664/311/290
f 654/312/291 662/313/292 653/10/293
f 654/113/291 655/152/294 661/314/295
f 655/152/294 660/315/296 661/314/295
f 660/315/296 656/153/297 659/316/298
f 659/316/298 656/153/297 658/317/299
f 658/317/299 656/153/297 657/318/300
f 662/313/292 663/310/289 653/10/293
f 876/313/301 867/10/302 877/310/303
f 667/313/304 674/319/305 675/320/306
f 674/319/305 668/321/307 673/322/308
f 673/156/308 669/315/309 672/155/310
f 667/313/304 676/323/311 665/311/312
f 1060/273/313 1057/324/314 1002/325/315
f 687/326/316 678/327/317 677/109/318
f 686/328/319 679/329/320 678/327/317
f 679/329/320 684/330/321 680/331/322
f 680/154/322 683/155/323 681/332/324
f 681/332/324 683/155/323 682/318/325
f 698/109/326 689/333/327 688/101/328
f 697/327/329 690/334/330 689/333/327
f 696/329/331 691/335/332 690/334/330
f 695/154/333 692/336/334 691/337/332
f 692/336/334 694/332/335 693/318/336
f 626/338/337 631/339/338 629/340/339
f 330/341/340 332/11/67 331/12/168
f 607/195/188 615/15/13 623/196/117
f 589/342/212 594/343/205 592/344/284
f 721/4/4 718/345/341 717/346/4
f 1144/168/193 1097/347/342 1079/18/16
f 190/174/343 192/173/343 191/175/343
f 899/329/344 904/330/184 905/348/345
f 386/121/13 378/349/192 394/350/12
f 299/351/346 1014/352/347 1013/353/347
f 641/232/348 633/226/224 643/236/349
f 642/239/350 645/240/351 644/354/352
f 630/237/353 644/221/352 629/241/339
f 640/228/354 643/355/349 642/234/350
f 631/233/338 642/234/350 630/249/353
f 765/106/355 755/356/356 754/144/357
f 764/357/358 756/358/359 755/356/356
f 763/359/360 757/81/361 756/360/359
f 762/361/362 758/80/363 757/81/361
f 1073/287/364 1083/87/90 784/92/98
f 777/362/365 767/363/366 766/4/367
f 776/364/368 768/365/369 767/363/366
f 775/361/370 769/366/371 768/365/369
f 774/367/372 770/368/373 769/369/371
f 773/357/374 771/145/375 770/368/373
f 645/240/351 633/226/224 647/243/376
f 628/244/377 699/245/378 627/370/379
f 643/236/349 633/226/224 645/240/351
f 645/242/351 646/222/380 644/221/352
f 629/241/339 646/222/380 628/244/377
f 788/371/381 798/145/382 787/98/383
f 789/372/384 797/368/385 788/371/381
f 789/373/384 795/365/386 796/366/387
f 790/374/388 794/363/389 795/365/386
f 791/375/390 793/4/391 794/363/389
f 800/333/392 810/98/393 799/101/394
f 801/334/395 809/371/396 800/333/392
f 801/334/395 807/376/397 808/372/398
f 802/337/399 806/375/400 807/374/397
f 804/318/401 806/375/400 803/336/402
f 632/227/403 640/228/354 631/233/338
f 701/251/404 626/233/337 634/250/405
f 633/226/224 702/254/406 635/253/407
f 633/226/224 635/253/407 700/247/408
f 646/246/380 700/247/408 699/255/378
f 639/222/409 625/252/410 701/245/404
f 702/254/406 634/256/405 635/253/407
f 624/13/411 636/221/412 632/377/403
f 638/224/413 701/257/404 702/254/406
f 633/226/224 638/224/413 702/254/406
f 699/248/378 634/250/405 627/249/379
f 647/243/376 633/226/224 700/247/408
f 699/255/378 635/253/407 634/256/405
f 703/258/27 705/259/27 706/279/27
f 634/250/405 626/233/337 627/249/379
f 708/262/224 710/261/224 707/263/224
f 477/378/27 475/379/27 476/380/27
f 723/268/245 716/267/245 715/269/245
f 712/265/244 714/264/244 711/266/244
f 497/9/20 1045/381/414 1046/382/415
f 500/43/416 1047/42/417 1048/44/418
f 781/383/419 1092/325/420 1139/384/421
f 912/336/422 915/154/423 911/337/424
f 782/7/19 1096/385/425 1143/19/17
f 1017/386/426 303/387/427 300/388/427
f 924/80/84 1172/389/428 1171/390/429
f 1090/391/2 811/86/89 1152/392/170
f 784/92/98 1096/393/425 1074/394/430
f 750/387/431 1100/286/432 1072/395/433
f 1134/76/80 748/5/253 736/6/253
f 205/11/434 1103/353/435 196/143/434
f 1094/280/88 1082/281/436 1102/78/82
f 1101/284/437 753/112/438 1086/111/439
f 817/265/272 819/269/272 818/268/272
f 232/396/58 1119/397/440 231/270/136
f 204/398/441 1105/399/442 197/351/441
f 1095/75/79 1088/352/443 1098/73/77
f 1098/73/77 752/11/444 1089/150/445
f 1072/395/433 1075/44/446 749/43/447
f 1013/353/347 305/11/448 298/143/448
f 1100/286/432 784/92/98 1074/394/430
f 1089/150/445 1085/285/449 1098/73/77
f 1152/282/170 1084/77/81 1097/400/342
f 874/315/450 869/152/451 875/314/452
f 876/313/301 868/312/453 867/10/302
f 1079/18/16 1091/401/454 1141/16/14
f 893/82/455 897/83/456 894/402/456
f 897/403/456 895/379/457 894/404/456
f 1080/405/458 1148/406/459 1147/324/460
f 842/267/272 844/266/272 841/264/272
f 828/290/27 826/291/27 825/293/27
f 821/290/27 823/291/27 822/293/27
f 234/56/461 1115/301/462 229/35/166
f 846/299/275 848/264/275 845/300/275
f 669/315/309 670/317/463 672/155/310
f 868/113/453 875/314/452 869/152/451
f 888/319/464 881/313/465 889/320/466
f 1092/325/420 1151/169/194 1150/273/252
f 910/334/467 917/327/468 909/333/469
f 872/317/470 871/318/471 870/153/472
f 60/407/224 61/408/224 26/409/224
f 879/311/473 889/320/466 881/313/465
f 887/156/474 883/315/475 882/314/476
f 909/333/469 918/109/477 908/101/478
f 888/319/464 887/322/474 882/321/476
f 899/329/344 906/328/479 892/327/480
f 892/327/480 907/326/481 891/109/482
f 670/317/463 671/318/483 672/155/310
f 955/373/484 961/365/485 956/374/486
f 963/368/487 955/372/484 954/371/488
f 1104/352/435 197/351/441 1103/353/435
f 930/356/489 939/106/490 929/144/491
f 931/358/492 938/357/493 930/356/489
f 932/81/494 937/359/495 931/360/492
f 933/80/496 936/361/497 932/81/494
f 956/374/486 960/363/498 957/375/499
f 944/368/500 948/367/501 943/369/502
f 942/365/503 950/364/504 941/363/505
f 943/366/502 949/361/506 942/365/503
f 941/363/505 951/362/507 940/4/367
f 1106/410/442 200/388/508 1105/411/442
f 957/375/499 959/4/509 958/412/510
f 968/337/511 972/375/512 969/336/513
f 972/375/512 970/318/514 969/336/513
f 967/334/515 973/376/516 968/335/511
f 975/371/517 967/334/515 966/333/518
f 976/98/519 966/333/518 965/101/520
f 1118/271/521 231/270/136 1117/272/522
f 811/283/89 1094/280/88 1102/78/82
f 513/383/523 1002/325/315 990/405/524
f 812/74/78 1097/400/342 1084/77/81
f 1048/44/418 498/90/525 501/88/526
f 1077/1/1 1148/406/459 1143/19/17
f 1182/413/527 927/356/528 928/144/527
f 991/289/271 1055/414/529 1059/415/530
f 1149/415/531 778/151/532 1081/289/533
f 187/128/27 189/127/27 186/129/27
f 1143/19/17 1076/416/97 1077/1/1
f 1074/394/430 1078/417/534 783/88/535
f 873/316/536 872/317/470 870/153/472
f 911/335/424 916/329/537 910/334/467
f 243/11/27 241/341/538 242/12/539
f 1184/418/540 925/81/85 926/360/541
f 569/349/188 579/121/13 587/350/117
f 1059/415/530 1060/273/313 1049/384/542
f 613/198/140 616/197/12 614/199/192
f 1149/415/531 1087/419/543 1145/414/544
f 724/379/67 726/378/67 725/380/67
f 222/143/545 1109/94/105 215/35/545
f 984/394/546 988/417/547 1006/393/548
f 1008/73/549 507/11/550 998/352/551
f 501/88/526 1046/89/415 1045/417/414
f 883/315/475 886/155/552 884/317/553
f 184/175/554 1188/420/554 1187/421/554
f 516/92/266 1006/393/548 986/91/555
f 1005/75/556 998/352/551 506/398/557
f 568/120/11 580/119/12 579/121/13
f 985/44/558 982/395/559 504/43/560
f 1010/286/265 505/387/561 982/395/559
f 986/416/555 1053/19/562 987/1/563
f 984/394/546 985/44/558 515/88/564
f 1004/85/255 993/87/565 518/86/260
f 518/86/260 1000/391/566 1062/392/258
f 517/3/567 1062/149/258 1000/2/566
f 1006/385/548 514/7/568 1053/19/562
f 518/283/260 994/77/259 1012/78/256
f 1060/273/313 989/18/569 1054/168/570
f 1139/384/421 1146/17/15 1149/415/531
f 1015/399/571 304/398/346 299/351/346
f 1021/142/142 312/422/156 307/95/156
f 300/388/427 1016/410/571 1015/411/571
f 1101/284/437 1141/423/14 1091/424/454
f 309/64/572 1024/425/251 1023/61/251
f 1034/67/152 328/118/573 322/66/574
f 1029/397/575 321/396/576 320/270/148
f 1027/426/247 322/427/574 319/428/577
f 1035/94/155 328/93/573 327/95/151
f 1033/137/146 329/429/578 326/62/147
f 1031/61/150 316/63/579 315/64/143
f 318/54/278 325/146/580 324/53/153
f 319/428/577 1026/430/581 1025/301/276
f 314/64/145 1030/431/582 1029/397/575
f 1114/425/54 218/64/583 1113/61/54
f 979/379/584 981/403/87 978/404/87
f 1194/421/585 166/37/585 1193/432/585
f 1057/324/314 1052/20/586 990/405/524
f 863/5/4 865/4/4 862/6/4
f 1044/76/80 1003/20/6 1050/8/6
f 830/295/224 832/294/224 829/296/224
f 1001/401/587 989/18/569 1051/16/588
f 1054/168/570 1007/347/589 1062/149/258
f 1057/324/314 517/3/567 987/1/563
f 1000/2/566 987/1/563 517/3/567
f 1061/169/590 1054/168/570 517/3/567
f 995/285/263 1001/424/587 1011/284/261
f 1011/284/261 1051/423/588 997/433/591
f 1053/19/562 1052/20/586 1058/406/592
f 509/114/593 1055/414/529 510/151/269
f 1008/73/549 519/74/594 995/285/263
f 1005/75/556 994/77/259 519/74/594
f 993/87/565 986/91/555 1000/391/566
f 505/387/561 1004/85/255 992/410/257
f 983/287/267 993/87/565 1004/85/255
f 518/283/260 1012/78/256 1004/280/255
f 1059/415/530 997/419/591 1051/16/588
f 987/1/563 1058/406/592 1057/324/314
f 1051/16/588 1056/17/595 1059/415/530
f 519/74/594 1007/400/589 1001/424/587
f 506/398/557 1012/78/256 1005/75/556
f 866/12/596 877/310/303 867/10/302
f 638/224/413 633/226/224 637/225/597
f 637/225/597 633/226/224 641/232/348
f 638/223/413 636/221/412 639/222/409
f 366/10/172 365/12/598 376/11/173
f 637/225/597 640/230/354 636/231/412
f 363/148/169 361/434/599 362/147/167
f 779/5/600 780/288/601 778/151/532
f 242/12/539 272/147/602 273/148/603
f 301/174/604 1018/395/426 1017/386/426
f 572/163/190 584/162/138 574/125/133
f 480/152/605 484/151/250 485/114/116
f 271/434/606 273/148/603 272/147/602
f 612/201/120 617/200/139 613/198/140
f 1120/431/607 223/64/282 1119/397/440
f 258/144/608 256/108/608 255/30/608
f 1122/140/609 237/62/610 1121/61/56
f 785/3/3 1147/324/460 1077/1/1
f 1189/435/611 113/436/611 112/278/611
f 1154/171/67 1157/170/67 732/378/67
f 1087/433/543 1086/111/439 759/437/612
f 423/14/117 413/13/11 422/15/13
f 811/283/89 1102/78/82 1084/77/81
f 1108/395/613 201/174/614 1107/386/613
f 1176/390/615 934/362/616 935/364/617
f 1085/285/449 1091/424/454 812/74/78
f 1124/141/60 238/95/101 1123/142/137
f 1145/414/544 759/114/612 778/151/532
f 840/265/618 838/299/619 837/300/272
f 1188/420/554 286/175/554 1187/421/554
f 513/383/523 1009/438/620 1049/384/542
f 11/174/554 1185/439/554 10/64/554
f 233/427/59 1117/426/522 230/428/135
f 912/336/422 913/318/621 914/332/622
f 919/346/4 920/345/623 923/4/4
f 221/422/106 1111/142/624 216/95/106
f 750/387/431 1094/85/88 1073/287/364
f 884/317/553 886/155/552 885/318/625
f 266/145/626 264/100/626 263/107/626
f 860/71/76 1168/70/75 1167/72/76
f 751/398/627 1102/78/82 1082/281/436
f 738/90/93 1138/44/36 746/88/91
f 111/440/109 109/441/109 1166/442/109
f 203/387/508 1107/386/613 200/388/508
f 874/315/450 873/316/536 870/153/472
f 737/9/7 1135/381/628 747/7/5
f 1183/443/629 926/358/541 927/356/528
f 116/69/630 117/41/630 118/40/630
f 964/145/631 954/371/488 953/98/632
f 1074/394/430 1075/44/446 1100/286/432
f 1195/421/585 254/144/585 253/30/585
f 781/383/419 1099/438/633 1081/289/533
f 1189/435/611 194/436/611 1190/442/611
f 119/41/634 120/34/634 121/36/634
f 225/37/585 1194/421/585 1193/432/585
f 240/429/635 1123/137/137 237/62/610
f 945/145/636 947/357/637 944/368/500
f 786/157/185 719/159/638 720/158/186
f 997/433/591 996/111/639 1011/284/261
f 343/144/585 1195/421/585 342/30/585
f 577/135/140 580/160/12 578/161/192
f 199/278/254 1191/277/254 198/117/254
f 833/290/67 835/297/67 834/292/67
f 1112/136/624 217/62/53 1111/137/624
f 1185/439/554 21/174/554 20/64/554
f 742/358/541 1183/443/629 743/356/528
f 743/356/528 1182/413/527 744/144/527
f 565/23/4 1180/444/4 567/21/4
f 38/445/224 49/407/224 48/55/224
f 761/364/640 1177/446/641 1176/390/615
f 741/81/85 1184/418/540 742/360/541
f 901/332/642 902/318/643 903/155/183
f 740/80/84 1175/79/83 741/81/85
f 740/80/84 1171/390/429 1172/389/428
f 1116/430/644 230/428/135 1115/301/462
f 780/288/601 1081/289/533 778/151/532
f 1165/447/109 171/436/109 173/448/109
f 15/116/109 1070/118/109 7/117/109
f 893/82/455 1161/302/279 898/84/455
f 1077/1/1 1076/416/97 1090/2/2
f 651/4/4 650/318/4 649/5/4
f 747/7/5 1093/20/6 1140/8/6
f 606/13/11 614/449/192 616/14/12
f 1141/16/14 1149/415/531 1146/17/15
f 1143/19/17 1148/406/459 1142/20/18
f 857/23/4 858/450/4 859/21/4
f 859/21/4 1180/444/4 1181/22/4
f 1050/8/6 1003/20/6 502/7/5
f 88/34/27 87/143/27 86/35/27
f 1137/42/34 739/173/645 745/43/35
f 728/46/38 729/451/646 1170/47/39
f 183/52/43 181/146/42 178/53/44
f 181/56/42 180/59/41 179/57/49
f 177/58/50 175/59/52 168/57/47
f 170/56/51 177/58/50 176/36/46
f 175/59/52 170/56/51 169/35/48
f 220/60/53 1114/425/54 1113/61/54
f 180/59/41 183/56/43 182/35/45
f 226/63/55 1122/140/609 1121/61/56
f 1122/452/609 226/116/55 227/453/281
f 227/453/281 1120/454/607 232/65/58
f 232/65/58 1118/455/521 233/66/59
f 233/66/59 1116/456/644 234/51/461
f 234/51/461 236/50/165 1126/457/103
f 234/51/461 1126/457/103 239/118/99
f 1122/452/609 227/453/281 232/65/58
f 240/139/635 1122/452/609 232/65/58
f 233/66/59 234/51/461 239/118/99
f 1124/67/60 240/139/635 232/65/58
f 233/66/59 239/118/99 1124/67/60
f 143/35/67 144/143/67 145/34/67
s 0
f 163/68/647 208/40/647 206/69/647
s 1
f 1168/70/75 573/458/75 570/71/76
f 1098/73/77 1085/285/449 812/74/78
f 1093/20/6 1133/405/80 1134/76/80
f 1095/75/79 812/74/78 1084/77/81
f 1175/79/83 1172/389/428 924/80/84
f 977/82/86 978/402/87 981/83/87
f 746/88/91 1135/417/628 1136/89/92
f 1083/87/90 1090/391/2 1076/91/97
f 239/93/99 1126/96/103 1125/94/100
f 1170/47/39 487/451/648 486/46/102
f 1126/96/103 236/56/165 235/35/104
f 1110/97/105 221/422/106 216/95/106
f 248/98/107 247/101/107 246/99/107
f 252/101/108 251/109/108 250/102/108
f 814/103/109 815/459/109 816/104/109
f 262/106/110 261/145/110 260/107/110
s 0
f 106/68/74 105/69/74 116/69/74
s 1
f 270/109/112 269/326/112 268/110/112
f 344/10/8 479/312/115 488/111/113
f 479/113/115 480/152/605 485/114/116
f 4/116/109 3/453/109 1164/460/109
f 1164/460/109 1163/277/109 2/117/109
f 2/117/109 1/55/109 9/50/109
f 9/50/109 1159/457/109 1160/118/109
f 1160/118/109 8/67/109 1158/139/109
f 1158/139/109 5/452/109 4/116/109
f 4/116/109 1164/460/109 2/117/109
f 2/117/109 9/50/109 1160/118/109
f 1160/118/109 1158/139/109 4/116/109
f 387/119/117 385/461/188 377/120/11
f 575/122/118 583/126/134 582/123/119
f 275/35/121 276/56/126 277/59/122
f 274/57/123 277/59/122 279/58/124
f 278/36/125 279/58/124 276/56/126
f 281/57/127 282/59/132 283/56/128
f 280/53/129 283/146/128 285/52/130
f 284/35/131 285/56/130 282/59/132
f 574/125/133 584/162/138 583/126/134
f 293/127/67 292/462/67 291/128/67
f 1125/457/100 235/50/104 229/51/166
f 229/51/166 1115/456/462 230/66/135
f 230/66/135 1117/455/522 231/65/136
f 231/65/136 1119/454/440 223/453/282
f 223/453/282 224/116/57 1121/452/56
f 223/453/282 1121/452/56 237/139/610
f 1125/457/100 229/51/166 230/66/135
f 238/118/101 1125/457/100 230/66/135
f 231/65/136 223/453/282 237/139/610
f 1123/67/137 238/118/101 230/66/135
f 231/65/136 237/139/610 1123/67/137
f 585/166/191 586/463/189 587/130/117
f 587/130/117 579/167/13 580/464/12
f 580/464/12 581/165/139 582/131/119
f 582/131/119 583/465/134 584/132/138
f 584/132/138 585/166/191 587/130/117
f 587/130/117 580/464/12 582/131/119
f 576/133/120 582/164/119 581/134/139
f 308/62/141 311/60/141 1022/136/142
f 315/128/143 316/466/579 317/138/144
f 318/51/278 324/50/153 1035/457/155
f 318/51/278 1035/457/155 327/118/151
f 319/66/577 1025/456/276 318/51/278
f 320/65/148 1027/455/247 319/66/577
f 314/453/145 1029/454/575 320/65/148
f 1031/452/150 315/116/143 314/453/145
f 326/139/147 1031/452/150 314/453/145
f 319/66/577 318/51/278 327/118/151
f 319/66/577 327/118/151 1033/67/146
f 326/139/147 314/453/145 320/65/148
f 320/65/148 319/66/577 1033/67/146
f 326/62/147 329/429/578 1032/140/149
f 327/95/151 328/93/573 1034/141/152
f 324/35/153 325/56/580 1036/96/154
f 307/95/156 312/422/156 1020/97/157
f 1019/94/157 1020/97/157 313/143/158
f 335/99/159 336/101/159 337/98/159
f 339/102/160 340/109/160 341/101/160
f 346/108/161 347/106/161 348/144/161
f 350/107/162 351/145/162 352/106/162
f 354/100/163 355/98/163 356/145/163
f 358/110/164 359/326/164 360/109/164
f 236/146/165 234/52/461 229/54/166
f 362/147/167 330/341/340 331/12/168
f 1152/149/170 1144/168/193 785/3/3
f 1063/150/171 375/112/175 366/10/172
f 374/111/174 367/312/177 366/10/172
f 373/114/176 368/152/179 367/113/177
f 372/151/178 369/153/181 368/152/179
f 371/5/180 370/318/649 369/153/181
f 900/154/182 901/332/642 903/155/183
f 387/160/117 388/134/189 384/135/187
f 388/134/189 389/164/191 383/133/190
f 389/123/191 390/126/138 382/122/133
f 390/126/138 391/162/134 381/125/118
f 391/162/134 392/467/119 380/163/120
f 392/164/119 393/134/139 379/135/140
f 393/134/139 394/160/12 378/161/192
f 377/167/11 385/464/188 384/165/187
f 384/165/187 383/131/190 382/465/133
f 382/465/133 381/132/118 380/166/120
f 380/166/120 379/463/140 378/130/192
f 378/130/192 377/167/11 384/165/187
f 384/165/187 382/465/133 380/166/120
f 394/130/12 393/463/139 392/166/119
f 392/166/119 391/132/134 390/465/138
f 390/465/138 389/131/191 388/165/189
f 388/165/189 387/464/117 386/167/13
f 386/167/13 394/130/12 392/166/119
f 392/166/119 390/465/138 388/165/189
f 1144/168/193 1150/273/252 1151/169/194
f 490/172/27 491/468/27 492/378/27
f 492/378/27 1066/469/27 1067/170/27
f 1067/170/27 493/470/27 1065/471/27
f 1065/471/27 494/472/27 1064/171/27
f 1064/171/27 495/473/27 490/172/27
f 490/172/27 492/378/27 1067/170/27
f 1067/170/27 1065/471/27 1064/171/27
f 296/173/195 297/43/195 294/174/195
f 404/303/200 405/474/213 406/176/196
f 406/176/196 407/305/208 408/475/206
f 408/475/206 409/304/204 410/177/197
f 410/177/197 411/476/201 412/178/198
f 412/178/198 404/303/200 406/176/196
f 406/176/196 408/475/206 410/177/197
f 412/179/198 396/477/202 395/120/199
f 411/180/201 397/184/203 396/181/202
f 410/183/197 398/192/205 397/184/203
f 409/185/204 399/189/207 398/186/205
f 408/188/206 400/191/209 399/189/207
f 407/190/208 401/478/211 400/191/209
f 407/183/208 406/180/196 402/184/210
f 406/180/196 405/182/213 403/181/212
f 405/193/213 404/15/200 395/120/199
f 422/15/13 413/13/11 414/195/192
f 423/197/117 424/200/189 420/198/187
f 424/200/189 425/209/191 419/201/190
f 425/202/191 426/205/138 418/203/133
f 426/205/138 427/207/134 417/206/118
f 427/207/134 428/479/214 416/208/120
f 428/209/214 429/200/139 415/198/140
f 429/200/139 430/197/12 414/199/192
f 420/306/187 419/309/190 418/210/133
f 418/210/133 417/307/118 416/308/120
f 416/308/120 415/214/140 414/211/192
f 414/211/192 413/213/11 421/212/188
f 421/212/188 420/306/187 418/210/133
f 418/210/133 416/308/120 414/211/192
f 428/308/214 427/307/134 426/210/138
f 426/210/138 425/309/191 424/306/189
f 424/306/189 423/212/117 422/213/13
f 422/213/13 430/211/12 429/214/139
f 429/214/139 428/308/214 426/210/138
f 426/210/138 424/306/189 422/213/13
f 433/338/240 434/480/238 435/215/215
f 435/215/215 436/340/233 437/481/230
f 437/481/230 438/339/227 439/216/216
f 439/216/216 431/482/219 432/217/217
f 432/217/217 433/338/240 435/215/215
f 435/215/215 437/481/230 439/216/216
f 396/342/202 397/483/203 398/218/205
f 398/218/205 399/344/207 400/484/209
f 400/484/209 401/343/211 402/219/210
f 402/219/210 403/485/212 395/220/199
f 395/220/199 396/342/202 398/218/205
f 398/218/205 400/484/209 402/219/210
f 344/10/8 489/112/114 1153/150/218
f 431/13/219 439/377/216 443/221/220
f 443/221/220 444/242/223 445/223/222
f 439/227/216 438/233/227 447/228/225
f 447/230/225 448/232/226 444/225/223
f 438/233/227 437/249/230 449/234/228
f 449/234/228 450/355/229 448/235/226
f 437/237/230 436/241/233 451/221/231
f 449/239/228 451/354/231 452/240/232
f 436/241/233 435/244/215 453/222/234
f 453/222/234 454/223/235 452/242/232
f 435/244/215 434/370/238 455/245/236
f 453/246/234 455/255/236 456/247/237
f 433/233/240 432/227/217 457/251/241
f 432/252/217 431/13/219 446/222/221
f 442/253/242 456/247/237 455/255/236
f 441/256/239 457/257/241 458/254/243
f 457/257/241 446/486/221 445/224/222
f 459/258/67 462/279/67 461/259/67
f 466/261/224 465/487/224 464/262/224
f 470/264/244 469/300/244 468/265/244
f 472/267/245 473/299/245 474/268/245
f 320/270/148 321/396/576 1028/271/246
f 571/135/187 586/134/189 585/164/191
f 569/161/188 587/160/117 586/134/189
f 577/165/140 578/464/192 568/167/11
f 568/167/11 569/130/188 571/463/187
f 571/463/187 572/166/190 574/132/133
f 574/132/133 575/465/118 576/131/120
f 576/131/120 577/165/140 568/167/11
f 568/167/11 571/463/187 574/132/133
f 481/153/248 482/318/650 483/5/249
f 1023/61/251 1024/425/251 311/60/141
f 1150/273/252 1144/168/193 1079/18/16
f 503/5/253 1043/405/80 1044/76/80
f 854/274/224 855/488/224 856/275/224
f 1191/277/254 1192/435/254 115/278/254
f 849/259/67 850/260/67 851/258/67
f 1062/282/258 1007/400/589 994/77/259
f 1011/284/261 996/111/639 508/112/262
f 999/150/264 1008/73/549 995/285/263
f 1010/286/265 984/394/546 516/92/266
f 991/289/271 513/383/523 512/288/270
f 523/104/109 522/459/109 521/103/109
f 525/268/272 526/269/272 527/266/272
f 528/290/67 529/293/67 530/291/67
f 533/291/67 534/292/67 535/290/67
f 539/294/224 538/489/224 537/295/224
f 540/290/27 541/292/27 542/297/27
f 545/299/273 546/490/651 547/265/274
f 551/266/272 550/269/272 549/267/272
f 555/264/275 554/267/652 553/299/275
f 556/259/27 559/279/27 558/258/27
f 563/275/224 562/488/224 561/274/224
f 1025/301/276 1026/430/581 323/56/277
f 1161/302/279 1162/491/279 977/82/86
f 588/120/199 589/477/212 605/179/213
f 227/138/281 226/466/55 224/128/57
f 589/181/212 590/184/210 604/180/196
f 599/176/201 598/474/198 597/303/280
f 597/303/280 605/178/213 604/476/196
f 604/476/196 603/177/208 602/304/206
f 602/304/206 601/475/204 600/305/283
f 600/305/283 599/176/201 597/303/280
f 597/303/280 604/476/196 602/304/206
f 590/184/210 591/192/285 603/183/208
f 599/180/201 595/184/203 596/181/202
f 598/193/198 596/194/202 588/120/199
f 600/183/283 594/192/205 595/184/203
f 593/191/207 594/478/205 600/190/283
f 592/189/284 593/191/207 601/188/204
f 591/186/285 592/189/284 602/185/206
f 611/210/118 612/309/120 613/306/140
f 613/306/140 614/212/192 606/213/11
f 606/213/11 607/211/188 608/214/187
f 608/214/187 609/308/286 610/307/133
f 610/307/133 611/210/118 613/306/140
f 613/306/140 606/213/11 608/214/187
f 611/203/118 619/205/134 618/202/214
f 610/206/133 620/207/138 619/205/134
f 609/208/286 621/479/287 620/207/138
f 608/198/187 622/200/189 621/209/287
f 607/199/188 623/197/117 622/200/189
f 619/210/134 620/307/138 621/308/287
f 621/308/287 622/214/189 623/211/117
f 623/211/117 615/213/13 616/212/12
f 616/212/12 617/306/139 618/309/214
f 618/309/214 619/210/134 621/308/287
f 621/308/287 623/211/117 616/212/12
f 652/12/288 653/10/293 663/310/289
f 654/312/291 661/321/295 662/313/292
f 655/152/294 656/153/297 660/315/296
f 667/313/304 668/321/307 674/319/305
f 673/156/308 668/314/307 669/315/309
f 665/311/312 666/310/653 667/313/304
f 667/313/304 675/320/306 676/323/311
f 1002/325/315 1049/384/542 1060/273/313
f 1060/273/313 1061/169/590 1057/324/314
f 687/326/316 686/328/319 678/327/317
f 686/328/319 685/348/654 679/329/320
f 679/329/320 685/348/654 684/330/321
f 680/154/322 684/156/321 683/155/323
f 698/109/326 697/327/329 689/333/327
f 697/327/329 696/329/331 690/334/330
f 696/329/331 695/331/333 691/335/332
f 695/154/333 694/332/335 692/336/334
f 628/215/377 627/480/379 626/338/337
f 626/338/337 625/217/410 624/482/411
f 624/482/411 632/216/403 631/339/338
f 631/339/338 630/481/353 629/340/339
f 629/340/339 628/215/377 626/338/337
f 626/338/337 624/482/411 631/339/338
f 330/341/340 333/143/67 332/11/67
f 607/195/188 606/13/11 615/15/13
f 591/218/285 590/483/210 589/342/212
f 589/342/212 588/220/199 596/485/202
f 596/485/202 595/219/203 594/343/205
f 594/343/205 593/484/207 592/344/284
f 592/344/284 591/218/285 589/342/212
f 589/342/212 596/485/202 594/343/205
f 1174/492/4 1173/446/4 721/4/4
f 721/4/4 786/157/655 718/345/341
f 717/346/4 1174/492/4 721/4/4
f 1144/168/193 1152/149/170 1097/347/342
f 190/174/343 195/43/343 192/173/343
f 899/329/344 900/331/182 904/330/184
f 386/121/13 377/120/11 378/349/192
f 299/351/346 304/398/346 1014/352/347
f 642/239/350 643/236/349 645/240/351
f 630/237/353 642/238/350 644/221/352
f 640/228/354 641/235/348 643/355/349
f 631/233/338 640/228/354 642/234/350
f 765/106/355 764/357/358 755/356/356
f 764/357/358 763/367/360 756/358/359
f 763/359/360 762/361/362 757/81/361
f 762/361/362 761/364/640 758/80/363
f 1073/287/364 1094/85/88 1083/87/90
f 777/362/365 776/364/368 767/363/366
f 776/364/368 775/361/370 768/365/369
f 775/361/370 774/359/372 769/366/371
f 774/367/372 773/357/374 770/368/373
f 773/357/374 772/106/656 771/145/375
f 628/244/377 646/222/380 699/245/378
f 645/242/351 647/223/376 646/222/380
f 629/241/339 644/221/352 646/222/380
f 788/371/381 797/368/385 798/145/382
f 789/372/384 796/369/387 797/368/385
f 789/373/384 790/374/388 795/365/386
f 790/374/388 791/375/390 794/363/389
f 791/375/390 792/412/510 793/4/391
f 800/333/392 809/371/396 810/98/393
f 801/334/395 808/372/398 809/371/396
f 801/334/395 802/335/399 807/376/397
f 802/337/399 803/336/402 806/375/400
f 804/318/401 805/412/510 806/375/400
f 632/227/403 636/229/412 640/228/354
f 701/251/404 625/227/410 626/233/337
f 646/246/380 647/243/376 700/247/408
f 639/222/409 624/13/411 625/252/410
f 702/254/406 701/257/404 634/256/405
f 624/13/411 639/222/409 636/221/412
f 638/224/413 639/486/409 701/257/404
f 699/255/378 700/247/408 635/253/407
f 703/258/27 704/260/27 705/259/27
f 708/262/224 709/487/224 710/261/224
f 477/378/27 478/468/27 475/379/27
f 723/268/245 722/299/245 716/267/245
f 712/265/244 713/300/244 714/264/244
f 497/9/20 502/7/5 1045/381/414
f 500/43/416 499/173/657 1047/42/417
f 781/383/419 1080/405/458 1092/325/420
f 912/336/422 914/332/622 915/154/423
f 782/7/19 1078/381/534 1096/385/425
f 1017/386/426 1018/395/426 303/387/427
f 1090/391/2 1083/87/90 811/86/89
f 784/92/98 1076/91/97 1096/393/425
f 750/387/431 1073/287/364 1100/286/432
f 1134/76/80 1133/405/80 748/5/253
f 205/11/434 1104/352/435 1103/353/435
f 1101/284/437 1085/285/449 753/112/438
f 817/265/272 820/266/272 819/269/272
f 232/396/58 1120/431/607 1119/397/440
f 204/398/441 1106/281/442 1105/399/442
f 1095/75/79 751/398/627 1088/352/443
f 1098/73/77 1088/352/443 752/11/444
f 1072/395/433 1100/286/432 1075/44/446
f 1013/353/347 1014/352/347 305/11/448
f 1100/286/432 1073/287/364 784/92/98
f 1089/150/445 753/112/438 1085/285/449
f 1152/282/170 811/283/89 1084/77/81
f 874/315/450 870/153/472 869/152/451
f 876/313/301 875/321/452 868/312/453
f 1079/18/16 1097/347/342 1091/401/454
f 893/82/455 898/84/455 897/83/456
f 897/403/456 896/380/457 895/379/457
f 1147/324/460 1092/325/420 1080/405/458
f 1080/405/458 1142/20/18 1148/406/459
f 842/267/272 843/269/272 844/266/272
f 828/290/27 827/292/27 826/291/27
f 821/290/27 824/292/27 823/291/27
f 234/56/461 1116/430/644 1115/301/462
f 846/299/275 847/267/658 848/264/275
f 888/319/464 882/321/476 881/313/465
f 1150/273/252 1139/384/421 1092/325/420
f 1092/325/420 1147/324/460 1151/169/194
f 910/334/467 916/329/537 917/327/468
f 29/493/224 1131/494/224 30/453/224
f 30/453/224 31/116/224 1132/452/659
f 30/453/224 1132/452/659 56/139/224
f 1129/495/224 29/493/224 30/453/224
f 1127/496/224 28/497/224 1129/495/224
f 26/409/224 27/51/224 1127/496/224
f 24/498/224 25/445/224 26/409/224
f 22/499/224 23/500/224 24/498/224
f 13/501/224 19/502/224 22/499/224
f 1179/503/224 12/504/224 13/501/224
f 66/505/224 1178/447/224 1179/503/224
f 65/506/224 66/505/224 1179/503/224
f 1179/503/224 13/501/224 22/499/224
f 1129/495/224 30/453/224 56/139/224
f 1129/495/224 56/139/224 1130/67/224
f 65/506/224 1179/503/224 22/499/224
f 64/507/224 65/506/224 22/499/224
f 1127/496/224 1129/495/224 1130/67/224
f 1127/496/224 1130/67/224 57/118/224
f 63/508/224 64/507/224 22/499/224
f 62/436/224 63/508/224 22/499/224
f 1127/496/224 57/118/224 1128/457/224
f 1127/496/224 1128/457/224 58/50/224
f 62/436/224 22/499/224 24/498/224
f 61/408/224 62/436/224 24/498/224
f 26/409/224 1127/496/224 58/50/224
f 26/409/224 58/50/224 59/55/224
f 61/408/224 24/498/224 26/409/224
f 26/409/224 59/55/224 60/407/224
f 881/313/465 880/310/660 879/311/473
f 879/311/473 890/323/661 889/320/466
f 887/156/474 886/155/552 883/315/475
f 909/333/469 917/327/468 918/109/477
f 899/329/344 905/348/345 906/328/479
f 892/327/480 906/328/479 907/326/481
f 955/373/484 962/366/662 961/365/485
f 963/368/487 962/369/662 955/372/484
f 1104/352/435 204/398/441 197/351/441
f 930/356/489 938/357/493 939/106/490
f 931/358/492 937/367/495 938/357/493
f 932/81/494 936/361/497 937/359/495
f 933/80/496 935/364/617 936/361/497
f 956/374/486 961/365/485 960/363/498
f 944/368/500 947/357/637 948/367/501
f 942/365/503 949/361/506 950/364/504
f 943/366/502 948/359/501 949/361/506
f 941/363/505 950/364/504 951/362/507
f 1106/410/442 203/387/508 200/388/508
f 957/375/499 960/363/498 959/4/509
f 968/337/511 973/374/516 972/375/512
f 972/375/512 971/412/510 970/318/514
f 967/334/515 974/372/663 973/376/516
f 975/371/517 974/372/663 967/334/515
f 976/98/519 975/371/517 966/333/518
f 1118/271/521 232/396/58 231/270/136
f 513/383/523 1049/384/542 1002/325/315
f 812/74/78 1091/424/454 1097/400/342
f 1048/44/418 1047/42/417 498/90/525
f 1077/1/1 1147/324/460 1148/406/459
f 1182/413/527 1183/443/629 927/356/528
f 1059/415/530 1009/438/620 991/289/271
f 991/289/271 510/151/269 1055/414/529
f 1081/289/533 1099/438/633 1149/415/531
f 1149/415/531 1145/414/544 778/151/532
f 187/128/27 188/462/27 189/127/27
f 1143/19/17 1096/385/425 1076/416/97
f 1074/394/430 1096/393/425 1078/417/534
f 911/335/424 915/331/423 916/329/537
f 243/11/27 244/143/27 241/341/538
f 1184/418/540 1175/79/83 925/81/85
f 569/349/188 568/120/11 579/121/13
f 1049/384/542 1009/438/620 1059/415/530
f 1059/415/530 1056/17/595 1060/273/313
f 613/198/140 617/200/139 616/197/12
f 1149/415/531 1141/16/14 1087/419/543
f 724/379/67 727/468/67 726/378/67
f 222/143/545 1110/97/105 1109/94/105
f 984/394/546 515/88/564 988/417/547
f 1008/73/549 999/150/264 507/11/550
f 501/88/526 498/90/525 1046/89/415
f 184/175/554 185/509/554 1188/420/554
f 516/92/266 984/394/546 1006/393/548
f 1005/75/556 1008/73/549 998/352/551
f 568/120/11 578/461/192 580/119/12
f 985/44/558 1010/286/265 982/395/559
f 1010/286/265 983/287/267 505/387/561
f 986/416/555 1006/385/548 1053/19/562
f 984/394/546 1010/286/265 985/44/558
f 518/86/260 993/87/565 1000/391/566
f 517/3/567 1054/168/570 1062/149/258
f 1006/385/548 988/381/547 514/7/568
f 1060/273/313 1056/17/595 989/18/569
f 1149/415/531 1099/438/633 1139/384/421
f 1139/384/421 1150/273/252 1146/17/15
f 1015/399/571 1016/281/571 304/398/346
f 1021/142/142 1022/510/142 312/422/156
f 300/388/427 303/387/427 1016/410/571
f 1101/284/437 1087/433/543 1141/423/14
f 309/64/572 310/174/572 1024/425/251
f 317/453/144 316/116/579 1032/452/149
f 317/453/144 1032/452/149 329/139/578
f 321/65/576 1030/454/582 317/453/144
f 322/66/574 1028/455/246 321/65/576
f 323/51/277 1026/456/581 322/66/574
f 1036/457/154 325/50/580 323/51/277
f 328/118/573 1036/457/154 323/51/277
f 321/65/576 317/453/144 329/139/578
f 321/65/576 329/139/578 1034/67/152
f 328/118/573 323/51/277 322/66/574
f 322/66/574 321/65/576 1034/67/152
f 1029/397/575 1030/431/582 321/396/576
f 1027/426/247 1028/511/246 322/427/574
f 1035/94/155 1036/96/154 328/93/573
f 1033/137/146 1034/512/152 329/429/578
f 1031/61/150 1032/140/149 316/63/579
f 318/54/278 323/52/277 325/146/580
f 319/428/577 322/427/574 1026/430/581
f 314/64/145 317/63/144 1030/431/582
f 1114/425/54 219/174/583 218/64/583
f 979/379/584 980/380/584 981/403/87
f 1194/421/585 167/30/585 166/37/585
f 990/405/524 1002/325/315 1057/324/314
f 1057/324/314 1058/406/592 1052/20/586
f 863/5/4 864/318/4 865/4/4
f 1044/76/80 1043/405/80 1003/20/6
f 830/295/224 831/489/224 832/294/224
f 1001/401/587 1007/347/589 989/18/569
f 1054/168/570 989/18/569 1007/347/589
f 1057/324/314 1061/169/590 517/3/567
f 1000/2/566 986/416/555 987/1/563
f 1061/169/590 1060/273/313 1054/168/570
f 995/285/263 519/74/594 1001/424/587
f 1011/284/261 1001/424/587 1051/423/588
f 1053/19/562 514/7/568 1052/20/586
f 509/114/593 997/419/591 1055/414/529
f 1008/73/549 1005/75/556 519/74/594
f 1005/75/556 1012/78/256 994/77/259
f 993/87/565 516/92/266 986/91/555
f 505/387/561 983/287/267 1004/85/255
f 983/287/267 516/92/266 993/87/565
f 1059/415/530 1055/414/529 997/419/591
f 987/1/563 1053/19/562 1058/406/592
f 1051/16/588 989/18/569 1056/17/595
f 519/74/594 994/77/259 1007/400/589
f 506/398/557 992/281/257 1012/78/256
f 866/12/596 878/311/664 877/310/303
f 638/223/413 637/242/597 636/221/412
f 637/225/597 641/232/348 640/230/354
f 363/148/169 364/323/599 361/434/599
f 242/12/539 241/341/538 272/147/602
f 301/174/604 302/43/604 1018/395/426
f 572/163/190 585/467/191 584/162/138
f 480/152/605 481/153/248 484/151/250
f 271/434/606 287/323/606 273/148/603
f 612/201/120 618/209/214 617/200/139
f 1120/431/607 227/63/281 223/64/282
f 258/144/608 257/106/608 256/108/608
f 1122/140/609 240/429/635 237/62/610
f 785/3/3 1151/169/194 1147/324/460
f 1189/435/611 1190/442/611 113/436/611
f 732/378/67 731/468/67 730/172/67
f 730/172/67 735/473/67 1154/171/67
f 1154/171/67 734/472/67 1155/471/67
f 1155/471/67 733/470/67 1157/170/67
f 1157/170/67 1156/469/67 732/378/67
f 732/378/67 730/172/67 1154/171/67
f 1154/171/67 1155/471/67 1157/170/67
f 1087/433/543 1101/284/437 1086/111/439
f 423/14/117 421/449/188 413/13/11
f 1108/395/613 202/43/614 201/174/614
f 935/364/617 933/80/496 1176/390/615
f 1176/390/615 1177/446/641 934/362/616
f 1085/285/449 1101/284/437 1091/424/454
f 1124/141/60 239/93/99 238/95/101
f 1145/414/544 1087/419/543 759/114/612
f 840/265/618 839/490/665 838/299/619
f 1188/420/554 289/509/554 286/175/554
f 513/383/523 991/289/271 1009/438/620
f 11/174/554 1186/421/554 1185/439/554
f 233/427/59 1118/511/521 1117/426/522
f 923/4/4 1173/446/4 1174/492/4
f 923/4/4 1174/492/4 919/346/4
f 920/345/623 952/157/666 923/4/4
f 221/422/106 1112/510/624 1111/142/624
f 750/387/431 1082/410/436 1094/85/88
f 266/145/626 265/98/626 264/100/626
f 860/71/76 861/458/75 1168/70/75
f 751/398/627 1095/75/79 1102/78/82
f 738/90/93 1137/42/34 1138/44/36
f 1165/447/109 107/505/109 111/440/109
f 111/440/109 110/448/109 109/441/109
f 109/441/109 108/436/109 1166/442/109
f 1166/442/109 1165/447/109 111/440/109
f 203/387/508 1108/395/613 1107/386/613
f 737/9/7 1136/382/92 1135/381/628
f 1183/443/629 1184/513/540 926/358/541
f 964/145/631 963/368/487 954/371/488
f 1074/394/430 783/88/535 1075/44/446
f 1195/421/585 1196/413/585 254/144/585
f 781/383/419 1139/384/421 1099/438/633
f 1189/435/611 193/278/611 194/436/611
f 225/37/585 228/30/585 1194/421/585
f 240/429/635 1124/512/60 1123/137/137
f 945/145/636 946/106/667 947/357/637
f 997/433/591 509/437/593 996/111/639
f 343/144/585 1196/413/585 1195/421/585
f 577/135/140 581/134/139 580/160/12
f 199/278/254 1192/435/254 1191/277/254
f 833/290/67 836/298/67 835/297/67
f 1112/136/624 220/60/53 217/62/53
f 1185/439/554 1186/421/554 21/174/554
f 742/358/541 1184/513/540 1183/443/629
f 743/356/528 1183/443/629 1182/413/527
f 567/21/4 566/450/4 565/23/4
f 565/23/4 1181/22/4 1180/444/4
f 43/453/224 1041/494/224 42/493/224
f 42/493/224 1039/495/224 41/497/224
f 41/497/224 1037/496/224 40/51/224
f 40/51/224 39/409/224 38/445/224
f 38/445/224 37/498/224 36/500/224
f 36/500/224 35/499/224 34/502/224
f 34/502/224 33/501/224 32/504/224
f 32/504/224 1179/503/224 1178/447/224
f 32/504/224 1178/447/224 55/505/224
f 44/116/224 43/453/224 42/493/224
f 1042/452/224 44/116/224 42/493/224
f 34/502/224 32/504/224 55/505/224
f 34/502/224 55/505/224 54/506/224
f 45/139/224 1042/452/224 42/493/224
f 1040/67/224 45/139/224 42/493/224
f 34/502/224 54/506/224 53/507/224
f 34/502/224 53/507/224 52/508/224
f 1040/67/224 42/493/224 41/497/224
f 46/118/224 1040/67/224 41/497/224
f 36/500/224 34/502/224 52/508/224
f 36/500/224 52/508/224 51/436/224
f 46/118/224 41/497/224 40/51/224
f 1038/457/224 46/118/224 40/51/224
f 36/500/224 51/436/224 50/408/224
f 36/500/224 50/408/224 49/407/224
f 47/50/224 1038/457/224 40/51/224
f 48/55/224 47/50/224 40/51/224
f 38/445/224 36/500/224 49/407/224
f 48/55/224 40/51/224 38/445/224
f 1176/390/615 758/80/363 761/364/640
f 761/364/640 760/362/668 1177/446/641
f 741/81/85 1175/79/83 1184/418/540
f 740/80/84 1172/389/428 1175/79/83
f 1116/430/644 233/427/59 230/428/135
f 780/288/601 781/383/419 1081/289/533
f 174/440/109 164/505/109 1165/447/109
f 1165/447/109 1166/442/109 171/436/109
f 171/436/109 172/441/109 173/448/109
f 173/448/109 174/440/109 1165/447/109
f 15/116/109 16/452/109 1068/139/109
f 1068/139/109 17/67/109 1070/118/109
f 1070/118/109 1069/457/109 18/50/109
f 18/50/109 6/55/109 7/117/109
f 7/117/109 1163/277/109 1164/460/109
f 1164/460/109 14/453/109 15/116/109
f 15/116/109 1068/139/109 1070/118/109
f 1070/118/109 18/50/109 7/117/109
f 7/117/109 1164/460/109 15/116/109
f 893/82/455 1162/491/279 1161/302/279
