# Blender 5.0.1
# www.blender.org
mtllib Bis_Hull_Rostrum_V_Panzerschiffe.mtl
o Bis_Hull_Rostrum_V_Panzerschiffe
v 0.292537 -0.561480 97.557320
v 0.153123 -1.663951 97.425133
v 0.151534 -0.561479 97.794533
v 0.294930 -1.663951 97.207161
v 0.244409 -5.135026 96.738899
v 0.477549 -0.561480 96.740837
v 0.512176 -5.135026 96.520912
v 0.465283 -1.663950 96.475655
v 0.700633 -0.561480 95.349510
v 0.798604 -5.135025 95.922005
v 0.765006 -8.225526 96.137016
v 0.693603 -1.663952 95.121956
v 0.901576 -0.561478 93.965935
v 1.054978 -5.135025 94.677361
v 0.885114 -1.663950 93.846886
v 1.283891 -0.561481 91.399605
v 1.185828 -8.225525 95.433784
v 0.720437 -8.715347 95.769691
v 1.234948 -8.534981 95.111748
v 1.442865 -8.225526 94.486824
v 1.184909 -8.734446 94.493050
v 1.329999 -5.135025 93.637169
v 1.650995 -8.225525 93.426308
v 1.301591 -8.887395 93.464867
v 1.381013 -9.062575 91.399605
v 1.241619 -1.663951 91.399605
v 2.085482 -0.561478 86.399605
v 1.607067 -5.135026 91.399605
v 1.819293 -8.225527 91.399605
v 1.556995 -9.138969 86.399605
v 1.993854 -1.663951 86.399605
v 2.206297 -5.135026 86.399605
v 2.120752 -8.225527 86.399605
v 1.795641 -9.159967 81.399605
v 2.513674 -8.225527 81.399590
v 2.913248 -5.135027 81.399605
v 3.014676 -8.225528 76.399605
v 2.886603 -1.663950 81.399605
v 3.013039 -0.561479 81.399605
v 3.941680 -1.663949 76.399605
v 4.098748 -0.561479 76.399605
v 3.753459 -5.135027 76.399605
v 4.218843 -8.225529 66.399605
v 5.644359 -5.135028 66.399605
v 5.634604 -8.225530 56.399601
v 6.306940 -1.663949 66.399590
v 6.514600 -0.561477 66.399605
v 8.920273 -1.663947 56.399601
v 9.161110 -0.561476 56.399601
v 7.764885 -5.139343 56.399593
v 7.382308 -8.225532 46.399597
v 10.028176 -5.139344 46.399605
v 11.426269 -1.663947 46.399593
v 13.726845 -1.663947 36.399612
v 11.639052 -0.561475 46.399593
v 12.450920 -5.139343 36.399620
v 13.890306 -0.561477 36.399620
v 15.885245 -0.561474 26.399601
v 14.854245 -5.139341 26.399599
v 15.793883 -1.663945 26.399593
v 17.007805 -0.561473 19.024876
v 16.972458 -1.663945 19.024891
v 17.686895 -0.561473 11.856388
v 17.686361 -1.663945 11.856373
v 17.695028 -0.561479 6.399929
v 17.694475 -1.663951 6.399921
v 17.327093 -5.139339 11.856394
v 17.481504 -5.139339 6.399935
v 16.174551 -8.225525 6.399943
v 15.803253 -8.225534 11.856394
v 16.370869 -5.139339 19.024889
v 14.426397 -8.225534 19.024897
v 12.386743 -8.225533 26.399607
v 0.344098 -8.225526 96.309639
v 0.720437 -8.715347 95.769691
v -0.000005 -8.745266 95.962440
v 0.765006 -8.225526 96.137016
v 0.512176 -5.135026 96.520912
v 0.244409 -5.135026 96.738899
v -0.000003 -8.225526 96.413658
v -0.000007 -5.135026 96.805199
v 0.153123 -1.663951 97.425133
v -0.244414 -5.135025 96.738899
v -0.344110 -8.225526 96.309639
v -0.512187 -5.135025 96.520912
v -0.765014 -8.225526 96.137016
v -0.720443 -8.715347 95.769691
v -0.000005 -8.745266 95.962440
v -0.153134 -1.663952 97.425133
v -0.000003 -1.663950 97.491432
v 0.151534 -0.561479 97.794533
v -0.151544 -0.561481 97.794533
v -0.000005 -0.561480 97.869881
v 12.386743 -8.225533 26.399607
v 12.450920 -5.139343 36.399620
v 14.854245 -5.139341 26.399599
v 9.663832 -8.225533 36.399612
v 10.028176 -5.139344 46.399605
v 7.382308 -8.225532 46.399597
v 7.530676 -9.203441 36.399597
v 5.470193 -9.205420 46.399597
v 10.049552 -9.193011 26.399607
v 14.426397 -8.225534 19.024897
v 4.127730 -9.202867 56.399616
v 5.634604 -8.225530 56.399601
v 3.037431 -9.188315 66.399605
v 4.218843 -8.225529 66.399605
v 2.125333 -9.172351 76.399590
v 3.014676 -8.225528 76.399605
v 2.513674 -8.225527 81.399590
v 1.795641 -9.159967 81.399605
v 1.146075 -9.555338 76.399605
v 1.780330 -9.559131 66.399605
v 0.930502 -9.552368 81.399605
v 1.556995 -9.138969 86.399605
v 3.336000 -9.564580 46.399605
v 2.490752 -9.563756 56.399601
v 4.782326 -9.563940 36.399620
v 6.493049 -9.560574 26.399599
v 11.990848 -9.181444 19.024904
v 13.390585 -9.174503 11.856401
v 15.803253 -8.225534 11.856394
v 16.174551 -8.225525 6.399943
v 13.923411 -9.169331 6.399928
v 8.651806 -9.554605 11.856417
v 8.959006 -9.552934 6.399939
v 0.000001 -9.683837 11.856390
v -0.000001 -9.683503 6.399939
v -8.959002 -9.552934 6.399931
v 7.746614 -9.556842 19.024885
v 0.000001 -9.684284 19.024885
v -8.651807 -9.554605 11.856398
v -13.923402 -9.169331 6.399924
v 0.000003 -9.685031 26.399595
v -7.746610 -9.556842 19.024878
v -13.390583 -9.174503 11.856405
v -16.174545 -8.225526 6.399954
v -15.803251 -8.225534 11.856390
v -14.426393 -8.225534 19.024893
v -11.990846 -9.181444 19.024916
v -6.493044 -9.560574 26.399603
v -10.049550 -9.193011 26.399611
v -12.386737 -8.225533 26.399595
v -0.000001 -9.685706 36.399612
v -7.530666 -9.203441 36.399605
v -4.782324 -9.563940 36.399605
v -0.000000 -9.685834 46.399605
v -3.335999 -9.564580 46.399605
v -5.470190 -9.205422 46.399605
v -9.663836 -8.225532 36.399620
v -0.000001 -9.685670 56.399601
v -2.490757 -9.563756 56.399609
v -12.450926 -5.139342 36.399612
v -14.854243 -5.139341 26.399603
v -10.028184 -5.139344 46.399605
v -7.382306 -8.225531 46.399590
v -4.127738 -9.202867 56.399616
v -5.634604 -8.225530 56.399601
v -0.000002 -9.684744 66.399590
v -1.780346 -9.559131 66.399605
v -3.037434 -9.188315 66.399590
v -4.218853 -8.225530 66.399605
v -0.000005 -9.683988 76.399605
v -1.146078 -9.555338 76.399605
v -2.125336 -9.172351 76.399605
v -3.014680 -8.225528 76.399605
v -2.513679 -8.225527 81.399605
v -1.795640 -9.159967 81.399590
v -0.930510 -9.552368 81.399605
v -1.556996 -9.138969 86.399605
v -0.000005 -9.683394 81.399605
v -0.790413 -9.540135 86.399605
v 0.790415 -9.540135 86.399605
v -0.709227 -9.468548 91.399590
v -1.381030 -9.062575 91.399605
v -0.000006 -9.673591 86.399605
v 0.709218 -9.468548 91.399590
v 1.381013 -9.062575 91.399605
v -0.687987 -9.289539 93.522194
v -0.000006 -9.425891 93.552925
v -1.301605 -8.887396 93.464867
v -1.184918 -8.734446 94.493050
v -0.000008 -9.603748 91.399605
v 0.687976 -9.289539 93.522194
v 1.301591 -8.887395 93.464867
v 1.184909 -8.734446 94.493050
v -0.683707 -9.120990 94.532173
v -1.234956 -8.534981 95.111748
v -0.720443 -8.715347 95.769691
v 0.683690 -9.120990 94.532173
v 1.234948 -8.534981 95.111748
v 0.720437 -8.715347 95.769691
v -0.000003 -9.251448 94.565575
v -0.000005 -8.745266 95.962440
v 0.344098 -8.225526 96.309639
v -0.000003 -8.225526 96.413658
v -0.344110 -8.225526 96.309639
v -0.153134 -1.663952 97.425133
v -0.292539 -0.561479 97.557320
v -0.151544 -0.561481 97.794533
v -0.294948 -1.663951 97.207161
v -0.244414 -5.135025 96.738899
v -0.477557 -0.561481 96.740837
v -0.512187 -5.135025 96.520912
v -0.465297 -1.663952 96.475655
v -0.700635 -0.561478 95.349510
v -0.798616 -5.135025 95.922005
v -0.765014 -8.225526 96.137016
v -0.693616 -1.663951 95.121956
v -0.901583 -0.561479 93.965935
v -1.054991 -5.135026 94.677361
v -0.885120 -1.663951 93.846886
v -1.283902 -0.561480 91.399605
v -1.185834 -8.225526 95.433784
v -0.720443 -8.715347 95.769691
v -1.234956 -8.534981 95.111748
v -1.442871 -8.225526 94.486824
v -1.184918 -8.734446 94.493050
v -1.330014 -5.135025 93.637169
v -1.651002 -8.225525 93.426308
v -1.301605 -8.887396 93.464867
v -1.381030 -9.062575 91.399605
v -1.607073 -5.135026 91.399605
v -1.819299 -8.225527 91.399605
v -1.556996 -9.138969 86.399605
v -2.120763 -8.225527 86.399605
v -1.795640 -9.159967 81.399590
v -2.513679 -8.225527 81.399605
v -2.206299 -5.135025 86.399605
v -1.241632 -1.663951 91.399605
v -1.993864 -1.663952 86.399605
v -2.085484 -0.561479 86.399605
v -2.913255 -5.135026 81.399605
v -3.014680 -8.225528 76.399605
v -2.886603 -1.663950 81.399590
v -3.013044 -0.561477 81.399605
v -3.941688 -1.663947 76.399605
v -4.098757 -0.561478 76.399605
v -3.753464 -5.135027 76.399605
v -4.218853 -8.225530 66.399605
v -5.644372 -5.135029 66.399620
v -5.634604 -8.225530 56.399601
v -6.306937 -1.663948 66.399590
v -6.514601 -0.561478 66.399590
v -8.920280 -1.663949 56.399601
v -9.161113 -0.561476 56.399609
v -7.764884 -5.139343 56.399601
v -7.382306 -8.225531 46.399590
v -10.028184 -5.139344 46.399605
v -11.426274 -1.663947 46.399586
v -11.639054 -0.561476 46.399601
v -13.726846 -1.663947 36.399612
v -12.450926 -5.139342 36.399612
v -13.890310 -0.561477 36.399612
v -14.854243 -5.139341 26.399603
v -15.793878 -1.663944 26.399582
v -15.885241 -0.561472 26.399597
v -17.007799 -0.561472 19.024872
v -16.972452 -1.663947 19.024912
v -17.686884 -0.561473 11.856384
v -17.686354 -1.663943 11.856384
v -17.695019 -0.561479 6.399926
v -17.694464 -1.663951 6.399926
v -17.327084 -5.139339 11.856382
v -17.481501 -5.139339 6.399954
v -16.174545 -8.225526 6.399954
v -15.803251 -8.225534 11.856390
v -16.370861 -5.139340 19.024878
v -14.426393 -8.225534 19.024893
v -12.386737 -8.225533 26.399595
v 0.180356 4.204257 99.526680
v 0.289122 1.005405 98.054970
v 0.149274 1.005405 98.319542
v 0.350226 4.204259 99.227348
v 0.633179 4.204259 98.176109
v 0.494973 1.005406 97.117729
v 0.867635 4.204261 96.680428
v 0.710609 1.005405 95.672920
v 1.172050 4.204264 94.713844
v 0.924976 1.005405 94.135124
v 1.343961 1.005404 91.399605
v 1.750167 4.204256 91.399605
v 2.215696 1.005407 86.399605
v 2.718821 4.204259 86.399605
v 3.192740 1.005408 81.399590
v 3.818653 4.204259 81.399605
v 4.321978 1.005408 76.399605
v 5.037568 4.204260 76.399605
v 6.809740 1.005407 66.399590
v 7.496429 4.204257 66.399605
v 9.993385 4.204245 56.399609
v 9.503387 1.005408 56.399601
v 11.941476 1.005410 46.399601
v 11.749892 0.012786 46.399586
v 9.286556 0.012783 56.399601
v 6.809740 1.005407 66.399590
v 6.622766 0.012782 66.399590
v 4.321978 1.005408 76.399605
v 4.180562 0.012783 76.399605
v 3.192740 1.005408 81.399590
v 3.078902 0.012783 81.399605
v 2.215696 1.005407 86.399605
v 2.133207 0.012782 86.399605
v 1.343961 1.005404 91.399605
v 1.305906 0.012782 91.399605
v 0.910155 0.012783 94.027931
v 0.924976 1.005405 94.135124
v 0.704286 0.012782 95.468040
v 0.710609 1.005405 95.672920
v 0.483933 0.012782 96.878975
v 0.494973 1.005406 97.117729
v 0.291285 0.012784 97.739708
v 0.289122 1.005405 98.054970
v 0.150706 0.012786 97.986961
v 0.149274 1.005405 98.319542
v -0.000007 1.005406 98.407738
v 0.180356 4.204257 99.526680
v 0.149274 1.005405 98.319542
v -0.000007 4.204261 99.626442
v -0.180360 4.204263 99.526680
v -0.149285 1.005404 98.319542
v 17.138498 4.879127 6.399931
v 17.121752 8.439092 11.856253
v 17.129641 8.439094 6.399771
v 17.130625 4.879121 11.856390
v 16.609793 4.787436 19.024866
v 16.587843 8.439094 19.024881
v 15.709636 4.661100 26.399603
v 15.707423 8.439095 26.399599
v 14.046341 4.510530 36.399593
v 14.121334 8.439095 36.399601
v 12.129327 4.364010 46.399601
v 12.322715 8.439094 46.399593
v 10.519711 8.439094 56.399601
v 8.069173 6.472190 66.399605
v 8.641906 8.740129 66.399605
v 6.614073 9.323333 76.399605
v 7.496429 4.204257 66.399605
v 5.825821 6.763798 76.399605
v 5.578339 9.664569 81.399605
v 5.037568 4.204260 76.399605
v 4.698494 6.934412 81.399605
v 3.818653 4.204259 81.399605
v 3.625816 7.130111 86.399605
v 4.532806 10.055972 86.399605
v 2.718821 4.204259 86.399605
v 3.598411 9.491785 89.653450
v 3.867979 10.339707 89.478111
v 3.308990 8.810657 90.077904
v 3.054084 8.389284 90.689095
v 2.967116 7.303679 89.576393
v 1.750167 4.204256 91.399605
v 2.621138 7.403171 91.397392
v 2.863355 8.292794 91.396767
v 2.753068 8.533046 92.085167
v 2.366936 7.475826 92.727165
v 1.172050 4.204264 94.713844
v 2.769437 9.076327 92.657555
v 1.814117 7.625971 95.475258
v 0.867635 4.204261 96.680428
v 1.814117 7.625971 95.475258
v 2.884195 9.838899 93.023933
v 1.342490 7.832953 97.881996
v 0.633179 4.204259 98.176109
v 2.455964 11.047679 96.236671
v 3.088435 10.705598 93.128334
v 1.817103 11.461632 99.331657
v 0.980595 8.002306 99.721458
v 0.350226 4.204259 99.227348
v 1.327919 11.800342 101.514946
v 0.564938 8.103119 100.932808
v 0.180356 4.204257 99.526680
v 0.294480 8.128092 101.239861
v 0.697352 10.507906 102.075493
v 0.742093 11.320450 102.461601
v 0.779622 12.001974 102.785454
v 0.952324 12.893313 102.992470
v 0.796830 12.313006 102.942177
v 0.831250 12.935074 103.255623
v 17.678831 4.204243 11.856398
v 17.138498 4.879127 6.399931
v 17.687010 4.204253 6.399924
v 17.130625 4.879121 11.856390
v 17.079767 4.204249 19.024881
v 16.609793 4.787436 19.024866
v 16.122131 4.204247 26.399595
v 15.709636 4.661100 26.399603
v 14.364759 4.204247 36.399612
v 14.046341 4.510530 36.399593
v 12.310527 4.204253 46.399593
v 12.129327 4.364010 46.399601
v 9.993385 4.204245 56.399609
v -0.000007 4.204261 99.626442
v 0.294480 8.128092 101.239861
v 0.180356 4.204257 99.526680
v -0.000005 8.136395 101.342201
v -0.294496 8.128089 101.239861
v -0.180360 4.204263 99.526680
v 0.357871 10.307475 102.273170
v 0.697352 10.507906 102.075493
v 0.564938 8.103119 100.932808
v 0.373127 10.832204 102.521965
v 0.742093 11.320450 102.461601
v 0.227288 10.553338 102.426521
v -0.000003 10.416915 102.422646
v 0.382355 11.149445 102.672371
v -0.357875 10.307469 102.273170
v -0.227296 10.553331 102.426521
v -0.373140 10.832204 102.521965
v 0.408604 12.051929 103.100258
v 0.779622 12.001974 102.785454
v 0.234576 11.371740 102.816170
v -0.000009 11.427987 102.901161
v -0.697361 10.507909 102.075493
v -0.564947 8.103116 100.932808
v -0.742103 11.320458 102.461601
v -0.382366 11.149447 102.672371
v -0.408617 12.051926 103.100258
v -0.779632 12.001974 102.785454
v -0.234586 11.371740 102.816170
v -0.000007 12.068530 103.205147
v 0.417628 12.362964 103.256981
v -0.417637 12.362964 103.256981
v -0.000007 13.001638 103.675316
v 0.435671 12.985034 103.570442
v 0.831250 12.935074 103.255623
v 0.796830 12.313006 102.942177
v -0.435680 12.985031 103.570442
v -0.831263 12.935071 103.255623
v -0.796838 12.313004 102.942177
v 0.743109 12.925454 103.194984
v 0.369261 12.348584 103.166359
v 0.712336 12.303384 102.881538
v 0.385212 12.970654 103.479820
v -0.000007 12.985330 103.572548
v 0.361283 12.037548 103.009636
v -0.000007 12.052231 103.102364
v -0.361297 12.037542 103.009636
v -0.369270 12.348587 103.166359
v -0.385221 12.970648 103.479820
v -0.743122 12.925454 103.194984
v -0.712349 12.303391 102.881538
v 0.850417 12.888446 102.961754
v 0.696955 11.992352 102.724815
v 1.232342 11.795520 101.484230
v 0.712336 12.303384 102.881538
v 0.743109 12.925454 103.194984
v 0.417628 12.362964 103.256981
v 0.361283 12.037548 103.009636
v 0.408604 12.051929 103.100258
v 0.369261 12.348584 103.166359
v 0.408604 12.051929 103.100258
v 0.696955 11.992352 102.724815
v 0.779622 12.001974 102.785454
v 0.361283 12.037548 103.009636
v 0.779622 12.001974 102.785454
v 0.712336 12.303384 102.881538
v 0.796830 12.313006 102.942177
v 0.696955 11.992352 102.724815
v 0.796830 12.313006 102.942177
v 0.369261 12.348584 103.166359
v 0.417628 12.362964 103.256981
v 0.712336 12.303384 102.881538
v -0.289132 1.005400 98.054970
v -0.180360 4.204263 99.526680
v -0.149285 1.005404 98.319542
v -0.350240 4.204259 99.227348
v -0.633182 4.204256 98.176109
v -0.494987 1.005403 97.117729
v -0.867643 4.204261 96.680443
v -0.710614 1.005405 95.672920
v -1.172057 4.204260 94.713844
v -0.924985 1.005405 94.135124
v -1.343970 1.005406 91.399605
v -1.750172 4.204258 91.399605
v -2.215705 1.005406 86.399605
v -2.718832 4.204252 86.399605
v -3.192749 1.005404 81.399605
v -3.818658 4.204257 81.399590
v -4.321981 1.005408 76.399605
v -5.037574 4.204258 76.399605
v -6.809745 1.005409 66.399590
v -7.496437 4.204260 66.399590
v -9.993389 4.204251 56.399616
v -9.503391 1.005409 56.399586
v -11.941472 1.005411 46.399586
v -11.749888 0.012788 46.399586
v -9.286555 0.012786 56.399601
v -6.809745 1.005409 66.399590
v -6.622774 0.012786 66.399605
v -4.321981 1.005408 76.399605
v -4.180567 0.012782 76.399605
v -3.192749 1.005404 81.399605
v -3.078903 0.012783 81.399605
v -2.215705 1.005406 86.399605
v -2.133211 0.012783 86.399605
v -1.343970 1.005406 91.399605
v -1.305914 0.012783 91.399605
v -0.910160 0.012783 94.027931
v -0.924985 1.005405 94.135124
v -0.704299 0.012783 95.468040
v -0.710614 1.005405 95.672920
v -0.483947 0.012783 96.878975
v -0.494987 1.005403 97.117729
v -0.291295 0.012781 97.739708
v -0.289132 1.005400 98.054970
v -0.150712 0.012784 97.986961
v -0.149285 1.005404 98.319542
v -17.121748 8.439095 11.856253
v -17.138489 4.879127 6.399916
v -17.129633 8.439095 6.399748
v -17.130619 4.879123 11.856375
v -16.609785 4.787434 19.024878
v -16.587839 8.439095 19.024878
v -15.709637 4.661102 26.399580
v -15.707424 8.439095 26.399588
v -14.046342 4.510523 36.399612
v -14.121336 8.439096 36.399605
v -12.129327 4.364010 46.399601
v -12.322715 8.439099 46.399586
v -10.519712 8.439099 56.399609
v -8.069175 6.472188 66.399590
v -8.641910 8.740127 66.399605
v -6.614074 9.323329 76.399605
v -7.496437 4.204260 66.399590
v -5.825828 6.763797 76.399590
v -5.578346 9.664569 81.399605
v -5.037574 4.204258 76.399605
v -4.698504 6.934409 81.399605
v -3.818658 4.204257 81.399590
v -3.625820 7.130115 86.399605
v -4.532809 10.055970 86.399605
v -2.718832 4.204252 86.399605
v -3.598418 9.491778 89.653450
v -3.867986 10.339701 89.478111
v -3.308997 8.810662 90.077904
v -3.054091 8.389284 90.689095
v -2.967124 7.303683 89.576393
v -1.750172 4.204258 91.399605
v -2.621150 7.403174 91.397392
v -2.863369 8.292789 91.396767
v -2.753079 8.533050 92.085167
v -2.366946 7.475829 92.727165
v -1.814125 7.625974 95.475258
v -1.172057 4.204260 94.713844
v -2.769446 9.076327 92.657555
v -0.867643 4.204261 96.680443
v -2.884205 9.838904 93.023933
v -1.342493 7.832942 97.881981
v -0.633182 4.204256 98.176109
v -2.455972 11.047682 96.236671
v -3.088434 10.705605 93.128334
v -1.817121 11.461632 99.331657
v -0.980604 8.002301 99.721458
v -0.350240 4.204259 99.227348
v -1.327928 11.800339 101.514946
v -0.564947 8.103116 100.932808
v -0.180360 4.204263 99.526680
v -0.294496 8.128089 101.239861
v -0.697361 10.507909 102.075493
v -0.742103 11.320458 102.461601
v -0.779632 12.001974 102.785454
v -0.952335 12.893311 102.992470
v -0.796838 12.313004 102.942177
v -0.831263 12.935071 103.255623
v -17.138489 4.879127 6.399916
v -17.678825 4.204245 11.856405
v -17.687004 4.204253 6.399916
v -17.130619 4.879123 11.856375
v -17.079765 4.204251 19.024908
v -16.609785 4.787434 19.024878
v -16.122128 4.204250 26.399603
v -15.709637 4.661102 26.399580
v -14.364761 4.204246 36.399597
v -14.046342 4.510523 36.399612
v -12.310529 4.204253 46.399624
v -12.129327 4.364010 46.399601
v -9.993389 4.204251 56.399616
v -0.696966 11.992352 102.724815
v -0.850430 12.888446 102.961754
v -1.232348 11.795520 101.484230
v -0.712349 12.303391 102.881538
v -0.743122 12.925454 103.194984
v -0.417637 12.362964 103.256981
v -0.361297 12.037542 103.009636
v -0.369270 12.348587 103.166359
v -0.408617 12.051926 103.100258
v -0.408617 12.051926 103.100258
v -0.696966 11.992352 102.724815
v -0.361297 12.037542 103.009636
v -0.779632 12.001974 102.785454
v -0.779632 12.001974 102.785454
v -0.712349 12.303391 102.881538
v -0.696966 11.992352 102.724815
v -0.796838 12.313004 102.942177
v -0.796838 12.313004 102.942177
v -0.369270 12.348587 103.166359
v -0.712349 12.303391 102.881538
v -0.417637 12.362964 103.256981
v -0.000005 0.012782 98.067009
v 0.149274 1.005405 98.319542
v 0.150706 0.012786 97.986961
v -0.000007 1.005406 98.407738
v -0.149285 1.005404 98.319542
v -0.150712 0.012784 97.986961
v 17.687166 0.012790 11.856388
v 17.695814 1.005406 6.399929
v 17.695314 0.012781 6.399929
v 17.687647 1.005412 11.856403
v 17.687010 4.204253 6.399924
v 17.678831 4.204243 11.856398
v 17.026211 0.012789 19.024883
v 17.079767 4.204249 19.024881
v 17.058037 1.005412 19.024889
v 15.932834 0.012788 26.399601
v 16.015095 1.005412 26.399593
v 16.122131 4.204247 26.399595
v 14.364759 4.204247 36.399612
v 14.122631 1.005408 36.399612
v 13.975456 0.012786 36.399605
v 12.310527 4.204253 46.399593
v -13.975456 0.012788 36.399590
v -14.122633 1.005410 36.399612
v -15.932829 0.012791 26.399582
v -12.310529 4.204253 46.399624
v -14.364761 4.204246 36.399597
v -16.015087 1.005412 26.399574
v -16.122128 4.204250 26.399603
v -17.026211 0.012790 19.024887
v -17.079765 4.204251 19.024908
v -17.058031 1.005413 19.024887
v -17.687160 0.012790 11.856384
v -17.687639 1.005412 11.856400
v -17.678825 4.204245 11.856405
v -17.695309 0.012781 6.399926
v -17.687004 4.204253 6.399916
v -17.695808 1.005406 6.399926
v 17.121752 8.439092 11.856253
v 0.000003 8.439093 6.399779
v 17.129641 8.439094 6.399771
v 16.587843 8.439094 19.024881
v -0.000003 8.439097 56.399609
v 15.707423 8.439095 26.399599
v 14.121334 8.439095 36.399601
v 12.322715 8.439094 46.399593
v 10.519711 8.439094 56.399601
v -0.000006 8.740129 66.399605
v 8.641906 8.740129 66.399605
v -0.000001 9.323333 76.399605
v 6.614073 9.323333 76.399605
v -8.641910 8.740127 66.399605
v -6.614074 9.323329 76.399605
v -10.519712 8.439099 56.399609
v -12.322715 8.439099 46.399586
v -14.121336 8.439096 36.399605
v -15.707424 8.439095 26.399588
v -16.587839 8.439095 19.024878
v -17.121748 8.439095 11.856253
v -17.129633 8.439095 6.399748
v 2.491682 10.339709 89.478111
v 4.532806 10.055972 86.399605
v 3.867979 10.339707 89.478111
v -0.000004 10.055970 86.399605
v 1.949978 10.350293 89.619835
v 1.496935 10.386996 90.016182
v 1.194717 10.444364 90.608635
v -0.000002 10.513944 91.309792
v 1.089706 10.513941 91.309792
v 1.196485 10.584336 92.004845
v 1.499938 10.645628 92.596107
v -0.000003 11.047679 96.236671
v 1.953346 10.688215 92.990685
v 2.488313 10.705592 93.128334
v 2.455964 11.047679 96.236671
v 1.817103 11.461632 99.331657
v 3.088435 10.705598 93.128334
v -1.194718 10.444361 90.608635
v -1.089709 10.513947 91.309792
v -1.196491 10.584333 92.004845
v -1.499943 10.645631 92.596107
v -1.496939 10.387000 90.016182
v -1.949983 10.350297 89.619835
v -2.491689 10.339716 89.478111
v -4.532809 10.055970 86.399605
v -3.867986 10.339701 89.478111
v -1.953355 10.688215 92.990685
v -2.488324 10.705595 93.128334
v -2.455972 11.047682 96.236671
v -3.088434 10.705605 93.128334
v -1.817121 11.461632 99.331657
v -0.000005 11.461640 99.331657
v -0.265100 11.791256 101.454720
v -1.232348 11.795520 101.484230
v -0.000005 11.772607 101.335869
v -0.401506 11.835064 101.733299
v 0.265093 11.791260 101.454720
v -0.385004 11.894244 102.106651
v -0.240499 11.931366 102.340553
v 1.232342 11.795520 101.484230
v 0.401497 11.835061 101.733299
v -0.000007 12.052231 103.102364
v -0.000007 11.950015 102.458183
v 0.240487 11.931366 102.340553
v 0.384993 11.894247 102.106651
v 0.384993 11.894247 102.106651
v 0.337077 11.979205 101.752602
v 0.401497 11.835061 101.733299
v 0.337077 11.979205 101.752602
v 0.384993 11.894247 102.106651
v 0.344077 12.022451 102.025581
v -0.401506 11.835064 101.733299
v -0.344091 12.022451 102.025581
v -0.385004 11.894244 102.106651
v -0.344091 12.022451 102.025581
v -0.401506 11.835064 101.733299
v -0.337087 11.979205 101.752602
v -0.385004 11.894244 102.106651
v -0.225425 12.059200 102.257072
v -0.240499 11.931366 102.340553
v -0.225425 12.059200 102.257072
v -0.385004 11.894244 102.106651
v -0.344091 12.022451 102.025581
v 0.240487 11.931366 102.340553
v 0.344077 12.022451 102.025581
v 0.384993 11.894247 102.106651
v 0.344077 12.022451 102.025581
v 0.240487 11.931366 102.340553
v 0.225415 12.059192 102.257072
v 2.884195 9.838899 93.023933
v 2.488702 9.076324 92.657555
v 2.769437 9.076327 92.657555
v 2.488397 9.838902 93.023933
v 3.088435 10.705598 93.128334
v 2.488313 10.705592 93.128334
v 2.221509 9.952574 93.019493
v 1.995500 9.286361 92.649330
v 2.025768 10.263280 93.007332
v 1.953346 10.688215 92.990685
v 1.633773 9.860469 92.626854
v 1.499938 10.645628 92.596107
v 3.054084 8.389284 90.689095
v 2.491071 8.810657 90.077904
v 3.308990 8.810657 90.077904
v 2.490470 8.389285 90.689095
v 2.863355 8.292794 91.396767
v 1.844139 8.664325 90.678337
v 1.995185 9.021634 90.069633
v 2.489803 8.292789 91.396767
v 2.753068 8.533046 92.085167
v 1.370096 9.416156 90.648888
v 1.631490 9.598313 90.047066
v 1.279214 9.402652 91.353310
v 1.791429 8.590066 91.385124
v 1.844379 8.807586 92.074425
v 2.489194 8.533046 92.085167
v 2.769437 9.076327 92.657555
v 1.995500 9.286361 92.649330
v 2.488702 9.076324 92.657555
v 3.598411 9.491785 89.653450
v 2.491682 10.339709 89.478111
v 3.867979 10.339707 89.478111
v 2.491498 9.491782 89.653450
v 3.308990 8.810657 90.077904
v 2.491071 8.810657 90.077904
v 1.995185 9.021634 90.069633
v 2.221384 9.606690 89.648949
v 1.631490 9.598313 90.047066
v 2.023277 9.920764 89.636650
v 1.949978 10.350293 89.619835
v 1.496935 10.386996 90.016182
v 1.633773 9.860469 92.626854
v 1.844379 8.807586 92.074425
v 1.995500 9.286361 92.649330
v 1.371465 9.558027 92.045036
v 1.791429 8.590066 91.385124
v 1.499938 10.645628 92.596107
v 1.196485 10.584336 92.004845
v 1.279214 9.402652 91.353310
v 1.089706 10.513941 91.309792
v 1.370096 9.416156 90.648888
v 1.194717 10.444364 90.608635
v 1.631490 9.598313 90.047066
v 1.496935 10.386996 90.016182
v 0.373127 10.832204 102.521965
v 0.342678 11.076681 102.710808
v 0.382355 11.149445 102.672371
v 0.334425 10.793917 102.576576
v 0.227288 10.553338 102.426521
v 0.203751 10.544069 102.491051
v 0.210751 11.275143 102.839165
v 0.382355 11.149445 102.672371
v 0.342678 11.076681 102.710808
v 0.234576 11.371740 102.816170
v -0.000009 11.323358 102.917702
v -0.000009 11.427987 102.901161
v -0.234586 11.371740 102.816170
v -0.210764 11.275149 102.839165
v -0.382366 11.149447 102.672371
v -0.342689 11.076678 102.710808
v -0.000003 10.416915 102.422646
v 0.203751 10.544069 102.491051
v 0.227288 10.553338 102.426521
v -0.000005 10.418910 102.489647
v -0.203760 10.544078 102.491051
v -0.227296 10.553331 102.426521
v -0.000005 10.418910 102.489647
v 0.144970 10.622606 102.569054
v 0.203751 10.544069 102.491051
v -0.000007 10.525454 102.573891
v -0.144981 10.622600 102.569054
v -0.203760 10.544078 102.491051
v 0.237666 10.800087 102.629601
v 0.203751 10.544069 102.491051
v 0.144970 10.622606 102.569054
v 0.334425 10.793917 102.576576
v 0.243449 10.996834 102.723213
v 0.342678 11.076681 102.710808
v 0.151209 11.135415 102.813225
v 0.210751 11.275143 102.839165
v -0.000007 11.163265 102.876030
v -0.000009 11.323358 102.917702
v -0.210764 11.275149 102.839165
v -0.151218 11.135418 102.813225
v -0.342689 11.076678 102.710808
v -0.243455 10.996831 102.723213
v -0.334436 10.793917 102.576576
v -0.237674 10.800094 102.629601
v -0.203760 10.544078 102.491051
v -0.144981 10.622600 102.569054
v -0.000007 10.525454 102.573891
v 0.144976 11.813122 101.595512
v 0.144970 10.622606 102.569054
v -0.000007 11.802890 101.530983
v -0.144987 11.813128 101.595512
v -0.144981 10.622600 102.569054
v 0.237675 11.842026 101.777580
v 0.144970 10.622606 102.569054
v 0.144976 11.813122 101.595512
v 0.237666 10.800087 102.629601
v 0.243460 11.877773 102.002861
v 0.243449 10.996834 102.723213
v 0.151207 11.906332 102.182838
v 0.151209 11.135415 102.813225
v -0.000007 11.918341 102.258568
v 0.151209 11.135415 102.813225
v 0.151207 11.906332 102.182838
v -0.000007 11.163265 102.876030
v -0.151218 11.135418 102.813225
v -0.151220 11.906332 102.182838
v -2.488711 9.076324 92.657555
v -2.884205 9.838904 93.023933
v -2.769446 9.076327 92.657555
v -2.488408 9.838902 93.023933
v -3.088434 10.705605 93.128334
v -2.488324 10.705595 93.128334
v -2.221519 9.952580 93.019493
v -1.995508 9.286359 92.649330
v -2.025774 10.263280 93.007332
v -1.953355 10.688215 92.990685
v -1.633775 9.860480 92.626854
v -1.499943 10.645631 92.596107
v -2.491078 8.810660 90.077904
v -3.054091 8.389284 90.689095
v -3.308997 8.810662 90.077904
v -2.490475 8.389285 90.689095
v -2.863369 8.292789 91.396767
v -1.844151 8.664329 90.678337
v -1.995201 9.021630 90.069633
v -2.489814 8.292781 91.396767
v -2.753079 8.533050 92.085167
v -1.370112 9.416154 90.648903
v -1.631503 9.598319 90.047066
v -1.279226 9.402650 91.353310
v -1.791439 8.590064 91.385124
v -1.844392 8.807586 92.074425
v -2.489196 8.533044 92.085167
v -2.769446 9.076327 92.657555
v -1.995508 9.286359 92.649330
v -2.488711 9.076324 92.657555
v -2.491689 10.339716 89.478111
v -3.598418 9.491778 89.653450
v -3.867986 10.339701 89.478111
v -2.491502 9.491778 89.653450
v -3.308997 8.810662 90.077904
v -2.491078 8.810660 90.077904
v -1.995201 9.021630 90.069633
v -2.221390 9.606681 89.648949
v -1.631503 9.598319 90.047066
v -2.023279 9.920764 89.636665
v -1.949983 10.350297 89.619835
v -1.496939 10.387000 90.016182
v -1.844392 8.807586 92.074425
v -1.633775 9.860480 92.626854
v -1.995508 9.286359 92.649330
v -1.371467 9.558024 92.045021
v -1.499943 10.645631 92.596107
v -1.791439 8.590064 91.385124
v -1.196491 10.584333 92.004845
v -1.279226 9.402650 91.353310
v -1.089709 10.513947 91.309792
v -1.370112 9.416154 90.648903
v -1.194718 10.444361 90.608635
v -1.631503 9.598319 90.047066
v -1.496939 10.387000 90.016182
v -0.342689 11.076678 102.710808
v -0.373140 10.832204 102.521965
v -0.382366 11.149447 102.672371
v -0.334436 10.793917 102.576576
v -0.227296 10.553331 102.426521
v -0.203760 10.544078 102.491051
v -0.144981 10.622600 102.569054
v -0.237682 11.842029 101.777580
v -0.144987 11.813128 101.595512
v -0.237674 10.800094 102.629601
v -0.243467 11.877780 102.002861
v -0.243455 10.996831 102.723213
v -0.151220 11.906332 102.182838
v -0.151218 11.135418 102.813225
v 0.237675 11.842026 101.777580
v 0.243458 12.018850 102.002861
v 0.243460 11.877773 102.002861
v 0.237675 11.983099 101.777580
v 0.243460 11.877773 102.002861
v 0.151207 12.047402 102.182838
v 0.151207 11.906332 102.182838
v 0.243458 12.018850 102.002861
v 0.151207 11.906332 102.182838
v -0.000009 12.059414 102.258568
v -0.000007 11.918341 102.258568
v 0.151207 12.047402 102.182838
v -0.000007 11.918341 102.258568
v -0.151220 12.047405 102.182838
v -0.151220 11.906332 102.182838
v -0.000009 12.059414 102.258568
v -0.151220 11.906332 102.182838
v -0.243463 12.018850 102.002861
v -0.243467 11.877780 102.002861
v -0.151220 12.047405 102.182838
v -0.243467 11.877780 102.002861
v -0.237682 11.983102 101.777580
v -0.237682 11.842029 101.777580
v -0.243463 12.018850 102.002861
v -0.237682 11.842029 101.777580
v -0.144987 11.954202 101.595512
v -0.144987 11.813128 101.595512
v -0.237682 11.983102 101.777580
v -0.144987 11.813128 101.595512
v -0.000005 11.943960 101.530983
v -0.000007 11.802890 101.530983
v -0.144987 11.954202 101.595512
v -0.000007 11.802890 101.530983
v 0.144974 11.954193 101.595512
v 0.144976 11.813122 101.595512
v -0.000005 11.943960 101.530983
v 0.144976 11.813122 101.595512
v 0.237675 11.983099 101.777580
v 0.237675 11.842026 101.777580
v 0.144974 11.954193 101.595512
v 0.401497 11.835061 101.733299
v 0.218131 11.942307 101.518974
v 0.265093 11.791260 101.454720
v 0.337077 11.979205 101.752602
v 0.265093 11.791260 101.454720
v -0.000007 11.927038 101.421944
v -0.000005 11.772607 101.335869
v 0.218131 11.942307 101.518974
v -0.000005 11.772607 101.335869
v -0.218137 11.942312 101.518974
v -0.265100 11.791256 101.454720
v -0.000007 11.927038 101.421944
v -0.265100 11.791256 101.454720
v -0.337087 11.979205 101.752602
v -0.401506 11.835064 101.733299
v -0.218137 11.942312 101.518974
v -0.240499 11.931366 102.340553
v -0.000005 12.077096 102.369972
v -0.000007 11.950015 102.458183
v -0.225425 12.059200 102.257072
v -0.000007 11.950015 102.458183
v 0.225415 12.059192 102.257072
v 0.240487 11.931366 102.340553
v -0.000005 12.077096 102.369972
v 3.044202 11.157921 90.080956
v 2.712000 11.033583 89.448845
v 2.851199 11.033583 89.415901
v 2.837662 11.157921 90.129845
v 2.837662 11.157921 90.129845
v 2.618855 10.863488 89.470924
v 2.712000 11.033583 89.448845
v 2.699460 10.905548 90.162544
v 2.622411 10.691501 89.470070
v 2.704736 10.650367 90.161293
v 2.681018 10.548918 89.456184
v 2.791694 10.438804 90.140709
v 2.681018 10.548918 89.456184
v 3.090171 10.438804 90.070061
v 2.882183 10.548918 89.408562
v 2.791694 10.438804 90.140709
v 3.090171 10.438804 90.070061
v 2.940788 10.691501 89.394707
v 2.882183 10.548918 89.408562
v 3.177127 10.650367 90.049507
v 2.944345 10.863488 89.393883
v 3.182404 10.905548 90.048256
v 2.851199 11.033583 89.415901
v 3.044202 11.157921 90.080956
v 2.712000 11.033583 89.448845
v 2.610976 11.033581 88.401207
v 2.851199 11.033583 89.415901
v 2.471774 11.033581 88.434166
v 2.378632 10.863488 88.456230
v 2.374865 11.027499 88.099937
v 2.259192 10.909523 88.127296
v 2.547735 11.027499 88.058998
v 2.610976 11.033581 88.401207
v 2.663408 10.909523 88.031624
v 2.704119 10.863488 88.379204
v 2.618855 10.863488 89.470924
v 2.471774 11.033581 88.434166
v 2.712000 11.033583 89.448845
v 2.378632 10.863488 88.456230
v 2.382188 10.691501 88.455376
v 2.622411 10.691501 89.470070
v 2.440794 10.548918 88.441505
v 2.681018 10.548918 89.456184
v 2.440794 10.548918 88.441505
v 2.882183 10.548918 89.408562
v 2.641956 10.548918 88.393898
v 2.681018 10.548918 89.456184
v 2.882183 10.548918 89.408562
v 2.700563 10.691501 88.380028
v 2.641956 10.548918 88.393898
v 2.940788 10.691501 89.394707
v 2.704119 10.863488 88.379204
v 2.944345 10.863488 89.393883
v 2.851199 11.033583 89.415901
v 2.610976 11.033581 88.401207
v 2.571200 10.716274 87.661842
v 2.248600 10.635409 87.738213
v 2.498419 10.635409 87.679085
v 2.175818 10.716274 87.755470
v 2.171403 10.858574 87.756493
v 2.287075 10.929945 87.729118
v 2.459945 10.929945 87.688179
v 2.575617 10.858574 87.660805
v 2.378632 10.863488 88.456230
v 2.263609 10.674208 88.126259
v 2.259192 10.909523 88.127296
v 2.382188 10.691501 88.455376
v 2.336390 10.540504 88.109047
v 2.440794 10.548918 88.441505
v 2.336390 10.540504 88.109047
v 2.641956 10.548918 88.393898
v 2.586209 10.540504 88.049889
v 2.440794 10.548918 88.441505
v 2.641956 10.548918 88.393898
v 2.658991 10.674208 88.032707
v 2.586209 10.540504 88.049889
v 2.700563 10.691501 88.380028
v 2.663408 10.909523 88.031624
v 2.704119 10.863488 88.379204
v 2.171403 10.858574 87.756493
v 2.374865 11.027499 88.099937
v 2.259192 10.909523 88.127296
v 2.287075 10.929945 87.729118
v 2.547735 11.027499 88.058998
v 2.459945 10.929945 87.688179
v 2.663408 10.909523 88.031624
v 2.575617 10.858574 87.660805
v 2.259192 10.909523 88.127296
v 2.175818 10.716274 87.755470
v 2.171403 10.858574 87.756493
v 2.263609 10.674208 88.126259
v 2.263609 10.674208 88.126259
v 2.248600 10.635409 87.738213
v 2.175818 10.716274 87.755470
v 2.336390 10.540504 88.109047
v 2.498419 10.635409 87.679085
v 2.586209 10.540504 88.049889
v 2.571200 10.716274 87.661842
v 2.658991 10.674208 88.032707
v 2.658991 10.674208 88.032707
v 2.575617 10.858574 87.660805
v 2.571200 10.716274 87.661842
v 2.663408 10.909523 88.031624
v 2.497042 10.783058 87.370979
v 2.282236 10.707522 87.323128
v 2.499095 10.707522 87.370781
v 2.280182 10.783058 87.323326
v 2.107711 10.783058 87.463127
v 2.109764 10.707522 87.462944
v 2.420947 10.707522 87.470406
v 2.299818 10.866894 87.397408
v 2.451996 10.866894 87.430824
v 2.311407 10.707522 87.446373
v 2.178787 10.866894 87.495537
v 2.224287 10.707522 87.516960
v 2.597043 10.707522 87.570030
v 2.497042 10.783058 87.370979
v 2.499095 10.707522 87.370781
v 2.594990 10.783053 87.570229
v 2.502323 10.707522 87.770851
v 2.500269 10.783053 87.771049
v 2.451996 10.866894 87.430824
v 2.470423 10.707522 87.571114
v 2.420947 10.707522 87.470406
v 2.520730 10.866894 87.570656
v 2.422578 10.707522 87.672539
v 2.454262 10.866894 87.711586
v 2.286261 10.707522 87.822014
v 2.500269 10.783053 87.771049
v 2.502323 10.707522 87.770851
v 2.284207 10.783053 87.822197
v 2.111556 10.707522 87.684975
v 2.109502 10.783053 87.685158
v 2.454262 10.866894 87.711586
v 2.313440 10.707522 87.698341
v 2.422578 10.707522 87.672539
v 2.302643 10.866894 87.747505
v 2.225193 10.707522 87.629112
v 2.180046 10.866894 87.651344
v 2.109502 10.783053 87.685158
v 2.109764 10.707522 87.462944
v 2.107711 10.783058 87.463127
v 2.111556 10.707522 87.684975
v 2.224287 10.707522 87.516960
v 2.180046 10.866894 87.651344
v 2.178787 10.866894 87.495537
v 2.225193 10.707522 87.629112
v 1.798205 10.941425 89.321297
v 1.695995 10.611672 89.305580
v 1.798205 10.611672 89.321297
v 1.695995 10.941425 89.305580
v 1.610093 10.941425 89.365807
v 1.695995 10.611672 89.305580
v 1.695995 10.941425 89.305580
v 1.610093 10.611672 89.365807
v 2.737906 10.941425 90.104057
v 2.308595 10.611672 89.896095
v 2.737906 10.611672 90.104057
v 2.308595 10.941425 89.896095
v 2.308595 10.941425 89.896095
v 1.958161 10.611672 89.576180
v 2.308595 10.611672 89.896095
v 1.958161 10.941425 89.576180
v 1.958161 10.941425 89.576180
v 1.798205 10.611672 89.321297
v 1.958161 10.611672 89.576180
v 1.798205 10.941425 89.321297
v 2.295844 10.941425 90.208748
v 2.308595 10.941425 89.896095
v 2.737906 10.941425 90.104057
v 1.884526 10.941425 89.996513
v 1.958161 10.941425 89.576180
v 1.625669 10.941425 89.654884
v 1.798205 10.941425 89.321297
v 1.610093 10.941425 89.365807
v 1.695995 10.941425 89.305580
v 2.295844 10.941425 90.208748
v 1.884526 10.611672 89.996513
v 1.884526 10.941425 89.996513
v 2.295844 10.611672 90.208748
v 1.884526 10.941425 89.996513
v 1.625669 10.611672 89.654884
v 1.625669 10.941425 89.654884
v 1.884526 10.611672 89.996513
v 1.625669 10.941425 89.654884
v 1.610093 10.611672 89.365807
v 1.610093 10.941425 89.365807
v 1.625669 10.611672 89.654884
v 2.737906 10.611672 90.104057
v 1.884526 10.611672 89.996513
v 2.295844 10.611672 90.208748
v 2.308595 10.611672 89.896095
v 1.625669 10.611672 89.654884
v 1.958161 10.611672 89.576180
v 1.798205 10.611672 89.321297
v 1.610093 10.611672 89.365807
v 1.695995 10.611672 89.305580
v 2.873105 11.201905 90.238884
v 2.816117 11.002867 90.641655
v 2.728846 11.002867 90.273064
v 2.960374 11.201905 90.607552
v 3.148689 11.201905 90.562981
v 3.061418 11.201905 90.194313
v 3.205678 11.002867 90.160179
v 3.292946 11.002867 90.528770
v 2.783416 10.697948 90.649391
v 2.728846 11.002867 90.273064
v 2.816117 11.002867 90.641655
v 2.696145 10.697948 90.280800
v 2.877573 10.429799 90.627144
v 2.790303 10.429799 90.258492
v 3.054530 10.323892 90.585213
v 2.790303 10.429799 90.258492
v 2.877573 10.429799 90.627144
v 2.967261 10.323892 90.216606
v 3.231490 10.429799 90.543388
v 3.144219 10.429799 90.174706
v 3.325646 10.697948 90.521034
v 3.144219 10.429799 90.174706
v 3.231490 10.429799 90.543388
v 3.238378 10.697948 90.152443
v 3.292946 11.002867 90.528770
v 3.205678 11.002867 90.160179
v 3.610786 10.941425 88.892143
v 3.695115 10.611672 88.832298
v 3.695115 10.941425 88.832298
v 3.610786 10.611672 88.892143
v 3.695115 10.941425 88.832298
v 3.798899 10.611672 88.847603
v 3.798899 10.941425 88.847603
v 3.695115 10.611672 88.832298
v 3.121808 10.941425 90.013206
v 3.412312 10.611672 89.634819
v 3.412312 10.941425 89.634819
v 3.121808 10.611672 90.013206
v 3.412312 10.941425 89.634819
v 3.582102 10.611672 89.191719
v 3.582102 10.941425 89.191719
v 3.412312 10.611672 89.634819
v 3.582102 10.941425 89.191719
v 3.610786 10.611672 88.892143
v 3.610786 10.941425 88.892143
v 3.582102 10.611672 89.191719
v 3.121808 10.941425 90.013206
v 3.836384 10.941425 89.534416
v 3.563870 10.941425 89.908501
v 3.412312 10.941425 89.634819
v 3.582102 10.941425 89.191719
v 3.914595 10.941425 89.112984
v 3.610786 10.941425 88.892143
v 3.798899 10.941425 88.847603
v 3.695115 10.941425 88.832298
v 3.563870 10.611672 89.908501
v 3.836384 10.941425 89.534416
v 3.836384 10.611672 89.534416
v 3.563870 10.941425 89.908501
v 3.836384 10.611672 89.534416
v 3.914595 10.941425 89.112984
v 3.914595 10.611672 89.112984
v 3.836384 10.941425 89.534416
v 3.914595 10.611672 89.112984
v 3.798899 10.941425 88.847603
v 3.798899 10.611672 88.847603
v 3.914595 10.941425 89.112984
v 3.836384 10.611672 89.534416
v 3.121808 10.611672 90.013206
v 3.563870 10.611672 89.908501
v 3.412312 10.611672 89.634819
v 3.582102 10.611672 89.191719
v 3.914595 10.611672 89.112984
v 3.610786 10.611672 88.892143
v 3.798899 10.611672 88.847603
v 3.695115 10.611672 88.832298
v 2.985742 11.087312 90.601509
v 2.822908 10.941888 90.383858
v 2.880351 10.941888 90.626457
v 2.928298 11.087312 90.358910
v 3.123320 11.087312 90.568962
v 3.065876 11.087312 90.326347
v 3.228710 10.941888 90.543968
v 3.171266 10.941888 90.301369
v 2.799017 10.719130 90.389503
v 2.880351 10.941888 90.626457
v 2.822908 10.941888 90.383858
v 2.856461 10.719130 90.632118
v 2.867806 10.523215 90.373238
v 2.925250 10.523215 90.615837
v 2.997086 10.445855 90.342613
v 2.925250 10.523215 90.615837
v 2.867806 10.523215 90.373238
v 3.054530 10.445855 90.585213
v 3.126369 10.523215 90.312035
v 3.183813 10.523215 90.554634
v 3.195157 10.719130 90.295708
v 3.183813 10.523215 90.554634
v 3.126369 10.523215 90.312035
v 3.252600 10.719130 90.538322
v 3.171266 10.941888 90.301369
v 3.228710 10.941888 90.543968
v 2.484242 11.560695 90.146538
v 2.965309 11.719331 90.208336
v 2.523641 11.560695 90.312950
v 2.925907 11.719331 90.041908
v 3.407518 11.563160 90.104210
v 3.368116 11.563160 89.937782
v 2.523641 11.560695 90.312950
v 2.399755 11.391127 90.166451
v 2.484242 11.560695 90.146538
v 2.439155 11.391127 90.332878
v 1.724727 11.724522 90.270912
v 1.549468 10.776469 90.248207
v 1.712213 11.724522 90.218056
v 1.561982 10.776469 90.301064
v 1.561982 10.776469 90.301064
v 1.712213 9.828444 90.218056
v 1.549468 10.776469 90.248207
v 1.724727 9.828444 90.270912
v 2.520632 9.993361 90.313591
v 2.925907 9.833624 90.041908
v 2.481232 9.993361 90.147163
v 2.965309 9.833624 90.208336
v 3.369479 9.994346 89.936897
v 3.408880 9.994346 90.103325
v 3.408880 9.994346 90.103325
v 3.451387 10.161815 89.917488
v 3.369479 9.994346 89.936897
v 3.490789 10.161815 90.083916
v 4.101237 9.828444 89.708275
v 4.248088 10.776469 89.609322
v 4.088725 9.828444 89.655418
v 4.260602 10.776469 89.662163
v 4.260602 10.776469 89.662163
v 4.088725 11.724522 89.655418
v 4.248088 10.776469 89.609322
v 4.101235 11.724522 89.708275
v 3.584216 9.823477 89.821419
v 3.451387 11.391127 89.917488
v 3.451387 10.161815 89.917488
v 3.584216 11.729487 89.821419
v 4.248088 10.776469 89.609322
v 4.088725 11.724522 89.655418
v 4.088725 9.828444 89.655418
v 2.275980 11.729487 90.297783
v 2.399755 11.391127 90.166451
v 2.439155 11.391127 90.332878
v 2.238616 11.729487 90.139961
v 2.439155 10.161815 90.332878
v 2.238616 9.823477 90.139961
v 2.275980 9.823477 90.297783
v 2.399755 10.161815 90.166451
v 2.238616 11.729487 90.139961
v 2.399755 10.161815 90.166451
v 2.399755 11.391127 90.166451
v 2.238616 9.823477 90.139961
v 1.549468 10.776469 90.248207
v 1.712213 9.828444 90.218056
v 1.712213 11.724522 90.218056
v 3.621579 9.823477 89.979271
v 3.451387 10.161815 89.917488
v 3.490789 10.161815 90.083916
v 3.584216 9.823477 89.821419
v 3.621578 11.729487 89.979271
v 3.451387 11.391127 89.917488
v 3.584216 11.729487 89.821419
v 3.490789 11.391127 90.083916
v 2.238616 11.729487 90.139961
v 1.724727 11.724522 90.270912
v 1.712213 11.724522 90.218056
v 2.275980 11.729487 90.297783
v 1.724727 9.828444 90.270912
v 2.238616 9.823477 90.139961
v 1.712213 9.828444 90.218056
v 2.275980 9.823477 90.297783
v 3.584216 9.823477 89.821419
v 4.101237 9.828444 89.708275
v 4.088725 9.828444 89.655418
v 3.621579 9.823477 89.979271
v 4.101235 11.724522 89.708275
v 3.584216 11.729487 89.821419
v 4.088725 11.724522 89.655418
v 3.621578 11.729487 89.979271
v 2.523641 11.560695 90.312950
v 2.377861 10.776576 90.348946
v 2.439155 11.391127 90.332878
v 2.275980 11.729487 90.297783
v 1.724727 11.724522 90.270912
v 1.561982 10.776469 90.301064
v 1.724727 9.828444 90.270912
v 2.275980 9.823477 90.297783
v 2.439155 10.161815 90.332878
v 2.520632 9.993361 90.313591
v 3.552518 10.776576 90.070808
v 3.435132 11.411039 90.532570
v 3.407518 11.563160 90.104210
v 3.535405 10.777490 90.508812
v 3.408880 9.994346 90.103325
v 3.435132 10.143926 90.532570
v 2.965309 9.833624 90.208336
v 3.435132 10.143926 90.532570
v 3.408880 9.994346 90.103325
v 3.062342 9.999583 90.620811
v 2.520632 9.993361 90.313591
v 2.688986 10.143926 90.709206
v 2.520632 9.993361 90.313591
v 2.588713 10.777490 90.732994
v 2.688986 10.143926 90.709206
v 2.377861 10.776576 90.348946
v 2.523641 11.560695 90.312950
v 2.688986 11.411039 90.709206
v 2.523641 11.560695 90.312950
v 3.062342 11.555360 90.620811
v 2.688986 11.411039 90.709206
v 2.965309 11.719331 90.208336
v 3.407518 11.563160 90.104210
v 3.435132 11.411039 90.532570
v 3.490789 10.161815 90.083916
v 3.408880 9.994346 90.103325
v 3.552518 10.776576 90.070808
v 3.621579 9.823477 89.979271
v 4.101237 9.828444 89.708275
v 4.260602 10.776469 89.662163
v 4.101235 11.724522 89.708275
v 3.621578 11.729487 89.979271
v 3.490789 11.391127 90.083916
v 3.407518 11.563160 90.104210
v 3.452936 10.777490 90.528343
v 3.287519 11.258259 90.310417
v 3.370133 11.300660 90.547966
v 3.363613 10.777490 90.292397
v 3.370133 10.254304 90.547966
v 3.287519 10.296714 90.310417
v 3.062293 10.135110 90.620827
v 3.287519 10.296714 90.310417
v 3.370133 10.254304 90.547966
v 3.004632 10.187178 90.377388
v 2.753985 10.254304 90.693871
v 2.721313 10.296714 90.444466
v 2.671182 10.777490 90.713448
v 2.721313 10.296714 90.444466
v 2.753985 10.254304 90.693871
v 2.645222 10.777490 90.462517
v 2.753985 11.300660 90.693871
v 2.721313 11.258259 90.444466
v 3.062293 11.419831 90.620827
v 2.721313 11.258259 90.444466
v 2.753985 11.300660 90.693871
v 3.004632 11.367775 90.377388
v 3.370133 11.300660 90.547966
v 3.287519 11.258259 90.310417
v 3.004632 11.367775 90.377388
v 2.645222 10.777490 90.462517
v 2.721313 11.258259 90.444466
v 3.363613 10.777490 90.292397
v 3.287519 11.258259 90.310417
v 2.721313 10.296714 90.444466
v 3.004632 10.187178 90.377388
v 3.287519 10.296714 90.310417
v 3.490789 11.391127 90.083916
v 3.368116 11.563160 89.937782
v 3.451387 11.391127 89.917488
v 3.407518 11.563160 90.104210
v 2.439155 10.161815 90.332878
v 2.481232 9.993361 90.147163
v 2.399755 10.161815 90.166451
v 2.520632 9.993361 90.313591
v 2.399755 10.161815 90.166451
v 2.484242 11.560695 90.146538
v 2.399755 11.391127 90.166451
v 2.481232 9.993361 90.147163
v 2.925907 9.833624 90.041908
v 2.925907 11.719331 90.041908
v 3.369479 9.994346 89.936897
v 3.368116 11.563160 89.937782
v 3.451387 11.391127 89.917488
v 3.451387 10.161815 89.917488
v 2.955132 10.553306 88.958031
v 2.996290 10.907372 89.180214
v 3.042670 10.554093 89.180214
v 2.942641 10.853636 88.958031
v 2.875412 11.118623 89.180214
v 3.042670 10.554093 88.735832
v 2.843018 11.039765 88.958031
v 2.996289 10.907372 88.735832
v 2.875412 11.118623 88.735832
v 3.042670 10.554093 89.180214
v 3.067820 10.979022 89.180214
v 3.163695 10.555150 89.180214
v 2.996290 10.907372 89.180214
v 2.875412 11.118623 89.180214
v 2.918605 11.223759 89.180214
v 2.625116 11.188480 89.180214
v 2.625116 11.304521 89.180214
v 2.374820 11.118623 89.180214
v 2.331627 11.223759 89.180214
v 2.254115 10.907372 89.180214
v 2.182241 10.979022 89.180214
v 2.085440 10.555150 89.180214
v 2.208608 10.554093 89.180214
v 3.257029 10.555942 88.958031
v 3.067820 10.979022 88.735832
v 3.163695 10.555150 88.735832
v 3.121468 11.032764 88.958031
v 3.163695 10.555150 89.180214
v 3.067820 10.979022 89.180214
v 2.950999 11.302608 88.958031
v 2.918605 11.223759 88.735832
v 2.918605 11.223759 89.180214
v 3.163695 10.555150 88.735832
v 2.996289 10.907372 88.735832
v 3.042670 10.554093 88.735832
v 3.067820 10.979022 88.735832
v 2.918605 11.223759 88.735832
v 2.875412 11.118623 88.735832
v 2.625116 11.304521 88.735832
v 2.625116 11.188480 88.735832
v 2.331627 11.223759 88.735832
v 2.374820 11.118623 88.735832
v 2.182241 10.979022 88.735832
v 2.254115 10.907372 88.735832
v 2.208608 10.554093 88.735832
v 2.085440 10.555150 88.735832
v 2.625116 11.304521 89.180214
v 2.950999 11.302608 88.958031
v 2.918605 11.223759 89.180214
v 2.625116 11.391548 88.958031
v 2.918605 11.223759 88.735832
v 2.625116 11.304521 88.735832
v 2.299233 11.302608 88.958031
v 2.331627 11.223759 89.180214
v 2.331627 11.223759 88.735832
v 2.843018 11.039765 88.958031
v 2.625116 11.188480 89.180214
v 2.875412 11.118623 89.180214
v 2.625116 11.101454 88.958031
v 2.374820 11.118623 89.180214
v 2.875412 11.118623 88.735832
v 2.407214 11.039765 88.958031
v 2.625116 11.188480 88.735832
v 2.374820 11.118623 88.735832
v 2.407214 11.039765 88.958031
v 2.254115 10.907372 89.180214
v 2.374820 11.118623 89.180214
v 2.308022 10.853636 88.958031
v 2.208608 10.554093 89.180214
v 2.297591 10.553306 88.958031
v 2.208608 10.554093 88.735832
v 2.254115 10.907372 88.735832
v 2.374820 11.118623 88.735832
v 3.342277 10.555942 88.958046
v 3.196899 10.065970 89.304146
v 3.196899 10.555150 89.304146
v 3.342277 10.066762 88.958046
v 3.196899 10.555150 88.611946
v 3.196899 10.065970 88.611946
v 2.625951 10.064916 89.304146
v 3.196899 10.555150 89.304146
v 3.196899 10.065970 89.304146
v 2.625951 10.554093 89.304146
v 2.051665 10.065970 89.304146
v 2.051665 10.555150 89.304146
v 2.625951 10.554093 88.611946
v 3.196899 10.065970 88.611946
v 3.196899 10.555150 88.611946
v 2.625951 10.064916 88.611946
v 2.051665 10.555150 88.611946
v 2.051665 10.065970 88.611946
v 1.903593 10.555942 88.958046
v 2.051665 10.065970 88.611946
v 2.051665 10.555150 88.611946
v 1.903593 10.066762 88.958046
v 2.051665 10.555150 89.304146
v 2.051665 10.065970 89.304146
v -3.044234 11.157921 90.080956
v -2.712032 11.033583 89.448845
v -2.837695 11.157921 90.129845
v -2.851231 11.033583 89.415901
v -2.618887 10.863488 89.470924
v -2.837695 11.157921 90.129845
v -2.712032 11.033583 89.448845
v -2.699492 10.905548 90.162544
v -2.622443 10.691501 89.470070
v -2.704769 10.650367 90.161293
v -2.681050 10.548918 89.456184
v -2.791726 10.438804 90.140709
v -2.681050 10.548918 89.456184
v -3.090203 10.438804 90.070061
v -2.791726 10.438804 90.140709
v -2.882215 10.548918 89.408562
v -2.940820 10.691501 89.394707
v -3.090203 10.438804 90.070061
v -2.882215 10.548918 89.408562
v -3.177159 10.650367 90.049507
v -2.944377 10.863488 89.393883
v -3.182436 10.905548 90.048256
v -2.851231 11.033583 89.415901
v -3.044234 11.157921 90.080956
v -2.611007 11.033581 88.401207
v -2.712032 11.033583 89.448845
v -2.851231 11.033583 89.415901
v -2.471806 11.033581 88.434166
v -2.374897 11.027499 88.099937
v -2.378664 10.863488 88.456230
v -2.259224 10.909523 88.127296
v -2.547767 11.027499 88.058998
v -2.611007 11.033581 88.401207
v -2.663440 10.909523 88.031624
v -2.704151 10.863488 88.379204
v -2.471806 11.033581 88.434166
v -2.618887 10.863488 89.470924
v -2.712032 11.033583 89.448845
v -2.378664 10.863488 88.456230
v -2.382220 10.691501 88.455376
v -2.622443 10.691501 89.470070
v -2.440826 10.548918 88.441505
v -2.681050 10.548918 89.456184
v -2.440826 10.548918 88.441505
v -2.882215 10.548918 89.408562
v -2.681050 10.548918 89.456184
v -2.641988 10.548918 88.393898
v -2.700595 10.691501 88.380028
v -2.882215 10.548918 89.408562
v -2.641988 10.548918 88.393898
v -2.940820 10.691501 89.394707
v -2.704151 10.863488 88.379204
v -2.944377 10.863488 89.393883
v -2.851231 11.033583 89.415901
v -2.611007 11.033581 88.401207
v -2.571232 10.716274 87.661842
v -2.459977 10.929945 87.688179
v -2.575649 10.858574 87.660805
v -2.287107 10.929945 87.729118
v -2.171435 10.858574 87.756493
v -2.175850 10.716274 87.755470
v -2.248632 10.635409 87.738213
v -2.498451 10.635409 87.679085
v -2.263641 10.674208 88.126259
v -2.378664 10.863488 88.456230
v -2.259224 10.909523 88.127296
v -2.382220 10.691501 88.455376
v -2.336422 10.540504 88.109047
v -2.440826 10.548918 88.441505
v -2.336422 10.540504 88.109047
v -2.641988 10.548918 88.393898
v -2.440826 10.548918 88.441505
v -2.586241 10.540504 88.049889
v -2.659023 10.674208 88.032707
v -2.641988 10.548918 88.393898
v -2.586241 10.540504 88.049889
v -2.700595 10.691501 88.380028
v -2.663440 10.909523 88.031624
v -2.704151 10.863488 88.379204
v -2.374897 11.027499 88.099937
v -2.171435 10.858574 87.756493
v -2.259224 10.909523 88.127296
v -2.287107 10.929945 87.729118
v -2.547767 11.027499 88.058998
v -2.459977 10.929945 87.688179
v -2.663440 10.909523 88.031624
v -2.575649 10.858574 87.660805
v -2.259224 10.909523 88.127296
v -2.175850 10.716274 87.755470
v -2.263641 10.674208 88.126259
v -2.171435 10.858574 87.756493
v -2.248632 10.635409 87.738213
v -2.263641 10.674208 88.126259
v -2.175850 10.716274 87.755470
v -2.336422 10.540504 88.109047
v -2.498451 10.635409 87.679085
v -2.586241 10.540504 88.049889
v -2.571232 10.716274 87.661842
v -2.659023 10.674208 88.032707
v -2.659023 10.674208 88.032707
v -2.575649 10.858574 87.660805
v -2.663440 10.909523 88.031624
v -2.571232 10.716274 87.661842
v -2.282268 10.707522 87.323128
v -2.497074 10.783058 87.370979
v -2.499127 10.707522 87.370781
v -2.280214 10.783058 87.323326
v -2.107743 10.783058 87.463127
v -2.109796 10.707522 87.462944
v -2.299850 10.866894 87.397408
v -2.420979 10.707522 87.470406
v -2.452028 10.866894 87.430824
v -2.311439 10.707522 87.446373
v -2.178819 10.866894 87.495537
v -2.224319 10.707522 87.516960
v -2.497074 10.783058 87.370979
v -2.597075 10.707522 87.570030
v -2.499127 10.707522 87.370781
v -2.595021 10.783053 87.570229
v -2.502355 10.707522 87.770851
v -2.500301 10.783053 87.771049
v -2.470455 10.707522 87.571114
v -2.452028 10.866894 87.430824
v -2.420979 10.707522 87.470406
v -2.520762 10.866894 87.570656
v -2.422610 10.707522 87.672539
v -2.454294 10.866894 87.711586
v -2.500301 10.783053 87.771049
v -2.286293 10.707522 87.822014
v -2.502355 10.707522 87.770851
v -2.284239 10.783053 87.822197
v -2.111588 10.707522 87.684975
v -2.109534 10.783053 87.685158
v -2.313472 10.707522 87.698341
v -2.454294 10.866894 87.711586
v -2.422610 10.707522 87.672539
v -2.302675 10.866894 87.747505
v -2.225225 10.707522 87.629112
v -2.180078 10.866894 87.651344
v -2.109534 10.783053 87.685158
v -2.109796 10.707522 87.462944
v -2.111588 10.707522 87.684975
v -2.107743 10.783058 87.463127
v -2.224319 10.707522 87.516960
v -2.180078 10.866894 87.651344
v -2.225225 10.707522 87.629112
v -2.178819 10.866894 87.495537
v -1.798237 10.941425 89.321297
v -1.696027 10.611672 89.305580
v -1.696027 10.941425 89.305580
v -1.798237 10.611672 89.321297
v -1.610125 10.941425 89.365807
v -1.696027 10.611672 89.305580
v -1.610125 10.611672 89.365807
v -1.696027 10.941425 89.305580
v -2.737938 10.941425 90.104057
v -2.308627 10.611672 89.896095
v -2.308627 10.941425 89.896095
v -2.737938 10.611672 90.104057
v -2.308627 10.941425 89.896095
v -1.958194 10.611672 89.576180
v -1.958194 10.941425 89.576180
v -2.308627 10.611672 89.896095
v -1.958194 10.941425 89.576180
v -1.798237 10.611672 89.321297
v -1.798237 10.941425 89.321297
v -1.958194 10.611672 89.576180
v -2.308627 10.941425 89.896095
v -2.295876 10.941425 90.208748
v -2.737938 10.941425 90.104057
v -1.884558 10.941425 89.996513
v -1.958194 10.941425 89.576180
v -1.625702 10.941425 89.654884
v -1.798237 10.941425 89.321297
v -1.610125 10.941425 89.365807
v -1.696027 10.941425 89.305580
v -2.295876 10.941425 90.208748
v -1.884558 10.611672 89.996513
v -2.295876 10.611672 90.208748
v -1.884558 10.941425 89.996513
v -1.884558 10.941425 89.996513
v -1.625702 10.611672 89.654884
v -1.884558 10.611672 89.996513
v -1.625702 10.941425 89.654884
v -1.625702 10.941425 89.654884
v -1.610125 10.611672 89.365807
v -1.625702 10.611672 89.654884
v -1.610125 10.941425 89.365807
v -1.884558 10.611672 89.996513
v -2.737938 10.611672 90.104057
v -2.295876 10.611672 90.208748
v -2.308627 10.611672 89.896095
v -1.625702 10.611672 89.654884
v -1.958194 10.611672 89.576180
v -1.798237 10.611672 89.321297
v -1.610125 10.611672 89.365807
v -1.696027 10.611672 89.305580
v -2.816149 11.002867 90.641655
v -2.873138 11.201905 90.238884
v -2.728878 11.002867 90.273064
v -2.960407 11.201905 90.607552
v -3.148721 11.201905 90.562981
v -3.061450 11.201905 90.194313
v -3.205710 11.002867 90.160179
v -3.292979 11.002867 90.528770
v -2.728878 11.002867 90.273064
v -2.783448 10.697948 90.649391
v -2.816149 11.002867 90.641655
v -2.696178 10.697948 90.280800
v -2.877605 10.429799 90.627144
v -2.790335 10.429799 90.258492
v -2.790335 10.429799 90.258492
v -3.054563 10.323892 90.585213
v -2.877605 10.429799 90.627144
v -2.967294 10.323892 90.216606
v -3.231523 10.429799 90.543388
v -3.144251 10.429799 90.174706
v -3.144251 10.429799 90.174706
v -3.325679 10.697948 90.521034
v -3.231523 10.429799 90.543388
v -3.238410 10.697948 90.152443
v -3.292979 11.002867 90.528770
v -3.205710 11.002867 90.160179
v -3.610818 10.941425 88.892143
v -3.695147 10.611672 88.832298
v -3.610818 10.611672 88.892143
v -3.695147 10.941425 88.832298
v -3.695147 10.941425 88.832298
v -3.798931 10.611672 88.847603
v -3.695147 10.611672 88.832298
v -3.798931 10.941425 88.847603
v -3.121840 10.941425 90.013206
v -3.412344 10.611672 89.634819
v -3.121840 10.611672 90.013206
v -3.412344 10.941425 89.634819
v -3.412344 10.941425 89.634819
v -3.582134 10.611672 89.191719
v -3.412344 10.611672 89.634819
v -3.582134 10.941425 89.191719
v -3.582134 10.941425 89.191719
v -3.610818 10.611672 88.892143
v -3.582134 10.611672 89.191719
v -3.610818 10.941425 88.892143
v -3.836416 10.941425 89.534416
v -3.121840 10.941425 90.013206
v -3.563902 10.941425 89.908501
v -3.412344 10.941425 89.634819
v -3.582134 10.941425 89.191719
v -3.914627 10.941425 89.112984
v -3.610818 10.941425 88.892143
v -3.798931 10.941425 88.847603
v -3.695147 10.941425 88.832298
v -3.563902 10.611672 89.908501
v -3.836416 10.941425 89.534416
v -3.563902 10.941425 89.908501
v -3.836416 10.611672 89.534416
v -3.836416 10.611672 89.534416
v -3.914627 10.941425 89.112984
v -3.836416 10.941425 89.534416
v -3.914627 10.611672 89.112984
v -3.914627 10.611672 89.112984
v -3.798931 10.941425 88.847603
v -3.914627 10.941425 89.112984
v -3.798931 10.611672 88.847603
v -3.121840 10.611672 90.013206
v -3.836416 10.611672 89.534416
v -3.563902 10.611672 89.908501
v -3.412344 10.611672 89.634819
v -3.582134 10.611672 89.191719
v -3.914627 10.611672 89.112984
v -3.610818 10.611672 88.892143
v -3.798931 10.611672 88.847603
v -3.695147 10.611672 88.832298
v -2.822940 10.941888 90.383858
v -2.985775 11.087312 90.601509
v -2.880384 10.941888 90.626457
v -2.928331 11.087312 90.358910
v -3.123353 11.087312 90.568962
v -3.065909 11.087312 90.326347
v -3.228743 10.941888 90.543968
v -3.171299 10.941888 90.301369
v -2.880384 10.941888 90.626457
v -2.799050 10.719130 90.389503
v -2.822940 10.941888 90.383858
v -2.856493 10.719130 90.632118
v -2.867839 10.523215 90.373238
v -2.925283 10.523215 90.615837
v -2.925283 10.523215 90.615837
v -2.997119 10.445855 90.342613
v -2.867839 10.523215 90.373238
v -3.054563 10.445855 90.585213
v -3.126401 10.523215 90.312035
v -3.183845 10.523215 90.554634
v -3.183845 10.523215 90.554634
v -3.195189 10.719130 90.295708
v -3.126401 10.523215 90.312035
v -3.252633 10.719130 90.538322
v -3.171299 10.941888 90.301369
v -3.228743 10.941888 90.543968
v -2.965341 11.719331 90.208336
v -2.484274 11.560695 90.146538
v -2.523674 11.560695 90.312950
v -2.925940 11.719331 90.041908
v -3.407550 11.563160 90.104210
v -3.368149 11.563160 89.937782
v -2.523674 11.560695 90.312950
v -2.399788 11.391127 90.166451
v -2.439187 11.391127 90.332878
v -2.484274 11.560695 90.146538
v -1.724760 11.724522 90.270912
v -1.549500 10.776469 90.248207
v -1.562014 10.776469 90.301064
v -1.712245 11.724522 90.218056
v -1.562014 10.776469 90.301064
v -1.712245 9.828444 90.218056
v -1.724760 9.828444 90.270912
v -1.549500 10.776469 90.248207
v -2.925940 9.833624 90.041908
v -2.520664 9.993361 90.313591
v -2.481265 9.993361 90.147163
v -2.965341 9.833624 90.208336
v -3.369512 9.994346 89.936897
v -3.408913 9.994346 90.103325
v -3.408913 9.994346 90.103325
v -3.451420 10.161815 89.917488
v -3.490821 10.161815 90.083916
v -3.369512 9.994346 89.936897
v -4.101270 9.828444 89.708275
v -4.248121 10.776469 89.609322
v -4.260634 10.776469 89.662163
v -4.088758 9.828444 89.655418
v -4.260634 10.776469 89.662163
v -4.088758 11.724522 89.655418
v -4.101268 11.724522 89.708275
v -4.248121 10.776469 89.609322
v -3.451420 11.391127 89.917488
v -3.584249 9.823477 89.821419
v -3.451420 10.161815 89.917488
v -3.584249 11.729487 89.821419
v -4.248121 10.776469 89.609322
v -4.088758 11.724522 89.655418
v -4.088758 9.828444 89.655418
v -2.276012 11.729487 90.297783
v -2.399788 11.391127 90.166451
v -2.238649 11.729487 90.139961
v -2.439187 11.391127 90.332878
v -2.439187 10.161815 90.332878
v -2.238649 9.823477 90.139961
v -2.399788 10.161815 90.166451
v -2.276012 9.823477 90.297783
v -2.399788 10.161815 90.166451
v -2.238649 11.729487 90.139961
v -2.399788 11.391127 90.166451
v -2.238649 9.823477 90.139961
v -1.549500 10.776469 90.248207
v -1.712245 9.828444 90.218056
v -1.712245 11.724522 90.218056
v -3.621611 9.823477 89.979271
v -3.451420 10.161815 89.917488
v -3.584249 9.823477 89.821419
v -3.490821 10.161815 90.083916
v -3.621610 11.729487 89.979271
v -3.451420 11.391127 89.917488
v -3.490821 11.391127 90.083916
v -3.584249 11.729487 89.821419
v -2.238649 11.729487 90.139961
v -1.724760 11.724522 90.270912
v -2.276012 11.729487 90.297783
v -1.712245 11.724522 90.218056
v -1.724760 9.828444 90.270912
v -2.238649 9.823477 90.139961
v -2.276012 9.823477 90.297783
v -1.712245 9.828444 90.218056
v -3.584249 9.823477 89.821419
v -4.101270 9.828444 89.708275
v -3.621611 9.823477 89.979271
v -4.088758 9.828444 89.655418
v -4.101268 11.724522 89.708275
v -3.584249 11.729487 89.821419
v -3.621610 11.729487 89.979271
v -4.088758 11.724522 89.655418
v -2.523674 11.560695 90.312950
v -2.439187 11.391127 90.332878
v -2.377894 10.776576 90.348946
v -2.276012 11.729487 90.297783
v -1.724760 11.724522 90.270912
v -1.562014 10.776469 90.301064
v -1.724760 9.828444 90.270912
v -2.276012 9.823477 90.297783
v -2.439187 10.161815 90.332878
v -2.520664 9.993361 90.313591
v -3.435164 11.411039 90.532570
v -3.552550 10.776576 90.070808
v -3.407550 11.563160 90.104210
v -3.535438 10.777490 90.508812
v -3.408913 9.994346 90.103325
v -3.435164 10.143926 90.532570
v -3.435164 10.143926 90.532570
v -2.965341 9.833624 90.208336
v -3.408913 9.994346 90.103325
v -3.062375 9.999583 90.620811
v -2.520664 9.993361 90.313591
v -2.689019 10.143926 90.709206
v -2.588746 10.777490 90.732994
v -2.520664 9.993361 90.313591
v -2.689019 10.143926 90.709206
v -2.377894 10.776576 90.348946
v -2.523674 11.560695 90.312950
v -2.689019 11.411039 90.709206
v -3.062375 11.555360 90.620811
v -2.523674 11.560695 90.312950
v -2.689019 11.411039 90.709206
v -2.965341 11.719331 90.208336
v -3.407550 11.563160 90.104210
v -3.435164 11.411039 90.532570
v -3.490821 10.161815 90.083916
v -3.552550 10.776576 90.070808
v -3.408913 9.994346 90.103325
v -3.621611 9.823477 89.979271
v -4.101270 9.828444 89.708275
v -4.260634 10.776469 89.662163
v -4.101268 11.724522 89.708275
v -3.621610 11.729487 89.979271
v -3.490821 11.391127 90.083916
v -3.407550 11.563160 90.104210
v -3.287552 11.258259 90.310417
v -3.452969 10.777490 90.528343
v -3.370166 11.300660 90.547966
v -3.363646 10.777490 90.292397
v -3.370166 10.254304 90.547966
v -3.287552 10.296714 90.310417
v -3.287552 10.296714 90.310417
v -3.062326 10.135110 90.620827
v -3.370166 10.254304 90.547966
v -3.004665 10.187178 90.377388
v -2.754018 10.254304 90.693871
v -2.721345 10.296714 90.444466
v -2.721345 10.296714 90.444466
v -2.671215 10.777490 90.713448
v -2.754018 10.254304 90.693871
v -2.645254 10.777490 90.462517
v -2.754018 11.300660 90.693871
v -2.721345 11.258259 90.444466
v -2.721345 11.258259 90.444466
v -3.062326 11.419831 90.620827
v -2.754018 11.300660 90.693871
v -3.004665 11.367775 90.377388
v -3.370166 11.300660 90.547966
v -3.287552 11.258259 90.310417
v -2.645254 10.777490 90.462517
v -3.004665 11.367775 90.377388
v -2.721345 11.258259 90.444466
v -3.363646 10.777490 90.292397
v -3.287552 11.258259 90.310417
v -2.721345 10.296714 90.444466
v -3.004665 10.187178 90.377388
v -3.287552 10.296714 90.310417
v -3.490821 11.391127 90.083916
v -3.368149 11.563160 89.937782
v -3.407550 11.563160 90.104210
v -3.451420 11.391127 89.917488
v -2.439187 10.161815 90.332878
v -2.481265 9.993361 90.147163
v -2.520664 9.993361 90.313591
v -2.399788 10.161815 90.166451
v -2.484274 11.560695 90.146538
v -2.399788 10.161815 90.166451
v -2.399788 11.391127 90.166451
v -2.481265 9.993361 90.147163
v -2.925940 9.833624 90.041908
v -2.925940 11.719331 90.041908
v -3.369512 9.994346 89.936897
v -3.368149 11.563160 89.937782
v -3.451420 11.391127 89.917488
v -3.451420 10.161815 89.917488
v -2.996322 10.907372 89.180214
v -2.955163 10.553306 88.958031
v -3.042702 10.554093 89.180214
v -2.942673 10.853636 88.958031
v -3.042701 10.554093 88.735832
v -2.875444 11.118623 89.180214
v -2.996321 10.907372 88.735832
v -2.843050 11.039765 88.958031
v -2.875444 11.118623 88.735832
v -3.067852 10.979022 89.180214
v -3.042702 10.554093 89.180214
v -3.163727 10.555150 89.180214
v -2.996322 10.907372 89.180214
v -2.875444 11.118623 89.180214
v -2.918637 11.223759 89.180214
v -2.625148 11.188480 89.180214
v -2.625148 11.304521 89.180214
v -2.374852 11.118623 89.180214
v -2.331659 11.223759 89.180214
v -2.254147 10.907372 89.180214
v -2.182273 10.979022 89.180214
v -2.085472 10.555150 89.180214
v -2.208640 10.554093 89.180214
v -3.067852 10.979022 88.735832
v -3.257061 10.555942 88.958031
v -3.163727 10.555150 88.735832
v -3.121500 11.032764 88.958031
v -3.163727 10.555150 89.180214
v -3.067852 10.979022 89.180214
v -2.951031 11.302608 88.958031
v -2.918637 11.223759 88.735832
v -2.918637 11.223759 89.180214
v -2.996321 10.907372 88.735832
v -3.163727 10.555150 88.735832
v -3.042701 10.554093 88.735832
v -3.067852 10.979022 88.735832
v -2.918637 11.223759 88.735832
v -2.875444 11.118623 88.735832
v -2.625148 11.304521 88.735832
v -2.625148 11.188480 88.735832
v -2.331659 11.223759 88.735832
v -2.374852 11.118623 88.735832
v -2.182273 10.979022 88.735832
v -2.254147 10.907372 88.735832
v -2.208640 10.554093 88.735832
v -2.085472 10.555150 88.735832
v -2.951031 11.302608 88.958031
v -2.625148 11.304521 89.180214
v -2.918637 11.223759 89.180214
v -2.625148 11.391548 88.958031
v -2.918637 11.223759 88.735832
v -2.625148 11.304521 88.735832
v -2.299265 11.302608 88.958031
v -2.331659 11.223759 89.180214
v -2.331659 11.223759 88.735832
v -2.625148 11.188480 89.180214
v -2.843050 11.039765 88.958031
v -2.875444 11.118623 89.180214
v -2.625148 11.101454 88.958031
v -2.875444 11.118623 88.735832
v -2.374852 11.118623 89.180214
v -2.625148 11.188480 88.735832
v -2.407246 11.039765 88.958031
v -2.374852 11.118623 88.735832
v -2.254147 10.907372 89.180214
v -2.407246 11.039765 88.958031
v -2.374852 11.118623 89.180214
v -2.308054 10.853636 88.958031
v -2.208640 10.554093 89.180214
v -2.297623 10.553306 88.958031
v -2.208640 10.554093 88.735832
v -2.254147 10.907372 88.735832
v -2.374852 11.118623 88.735832
v -3.196931 10.065970 89.304146
v -3.342309 10.555942 88.958046
v -3.196931 10.555150 89.304146
v -3.342309 10.066762 88.958046
v -3.196931 10.555150 88.611946
v -3.196931 10.065970 88.611946
v -3.196931 10.555150 89.304146
v -2.625983 10.064916 89.304146
v -3.196931 10.065970 89.304146
v -2.625983 10.554093 89.304146
v -2.051697 10.065970 89.304146
v -2.051697 10.555150 89.304146
v -3.196931 10.065970 88.611946
v -2.625983 10.554093 88.611946
v -3.196931 10.555150 88.611946
v -2.625983 10.064916 88.611946
v -2.051697 10.555150 88.611946
v -2.051697 10.065970 88.611946
v -2.051697 10.065970 88.611946
v -1.903625 10.555942 88.958046
v -2.051697 10.555150 88.611946
v -1.903625 10.066762 88.958046
v -2.051697 10.555150 89.304146
v -2.051697 10.065970 89.304146
v 1.994798 9.561247 73.360542
v 2.211917 9.075728 73.398811
v 2.151906 9.375787 73.388222
v 1.643495 9.375794 73.298592
v 1.800604 9.561248 73.326286
v 1.583483 9.075738 73.288002
v 1.643495 9.375794 73.298592
v 1.674049 9.075736 72.774406
v 1.583483 9.075738 73.288002
v 1.734059 9.375796 72.784981
v 1.800604 9.561248 73.326286
v 1.734059 9.375796 72.784981
v 1.643495 9.375794 73.298592
v 1.891165 9.561255 72.812691
v 1.994798 9.561247 73.360542
v 2.085362 9.561255 72.846931
v 2.151906 9.375787 73.388222
v 2.242470 9.375793 72.874626
v 2.211917 9.075728 73.398811
v 2.242470 9.375793 72.874626
v 2.151906 9.375787 73.388222
v 2.302479 9.075736 72.885216
v 1.860213 9.497436 72.864342
v 1.986733 8.863089 73.551323
v 1.743045 8.863089 73.551338
v 2.103899 9.497436 72.864342
v 2.547082 9.539899 67.740929
v 2.810218 9.531032 67.771355
v 2.696321 9.540282 67.412407
v 2.921019 9.530622 67.527550
v 3.108820 9.540285 67.202744
v 3.196077 9.530622 67.387726
v 3.621354 9.540284 67.205116
v 3.537876 9.530622 67.389313
v 4.038311 9.540277 67.418739
v 3.815692 9.530618 67.531662
v 4.192750 9.540101 67.748108
v 3.930228 9.530801 67.775902
v 3.945302 9.739406 70.286674
v 3.699681 9.730630 70.298775
v 2.347097 10.889566 86.019371
v 2.590050 10.894972 86.038124
v 2.224686 10.996061 87.442131
v 2.467388 11.001198 87.463768
v 1.860215 9.110003 72.799324
v 1.743045 8.863089 73.551338
v 1.743045 8.520883 73.434547
v 1.860213 9.497436 72.864342
v 2.542111 9.150100 67.737999
v 2.547082 9.539899 67.740929
v 2.690751 9.150506 67.409546
v 2.696321 9.540282 67.412407
v 2.103898 9.110003 72.799294
v 1.743045 8.520883 73.434547
v 1.986733 8.520883 73.434532
v 1.860215 9.110003 72.799324
v 2.805248 9.141234 67.768425
v 2.542111 9.150100 67.737999
v 2.915449 9.140847 67.524696
v 2.690751 9.150506 67.409546
v 3.193914 9.140841 67.383141
v 3.106657 9.150508 67.198143
v 3.539944 9.140841 67.384758
v 3.623422 9.150507 67.200562
v 3.821209 9.140841 67.528862
v 4.043827 9.150502 67.415932
v 3.936021 9.141017 67.774239
v 4.198545 9.150319 67.746460
v 3.950502 9.350001 70.285881
v 3.704882 9.341229 70.297981
v 2.592949 10.507999 86.043510
v 2.349998 10.502602 86.024757
v 2.465698 10.633132 87.520561
v 2.222997 10.628053 87.498909
v 2.103899 9.497436 72.864342
v 1.986733 8.520883 73.434532
v 1.986733 8.863089 73.551323
v 2.103898 9.110003 72.799294
v 2.810218 9.531032 67.771355
v 2.805248 9.141234 67.768425
v 2.921019 9.530622 67.527550
v 2.915449 9.140847 67.524696
v 3.106657 9.150508 67.198143
v 2.696321 9.540282 67.412407
v 2.690751 9.150506 67.409546
v 3.108820 9.540285 67.202744
v 3.623422 9.150507 67.200562
v 3.621354 9.540284 67.205116
v 4.043827 9.150502 67.415932
v 4.038311 9.540277 67.418739
v 3.196077 9.530622 67.387726
v 2.915449 9.140847 67.524696
v 2.921019 9.530622 67.527550
v 3.193914 9.140841 67.383141
v 3.537876 9.530622 67.389313
v 3.539944 9.140841 67.384758
v 3.815692 9.530618 67.531662
v 3.821209 9.140841 67.528862
v 4.198545 9.150319 67.746460
v 4.038311 9.540277 67.418739
v 4.043827 9.150502 67.415932
v 4.192750 9.540101 67.748108
v 3.950502 9.350001 70.285881
v 3.945302 9.739406 70.286674
v 2.590050 10.894972 86.038124
v 2.592949 10.507999 86.043510
v 2.465698 10.633132 87.520561
v 2.467388 11.001198 87.463768
v 3.930228 9.530801 67.775902
v 3.821209 9.140841 67.528862
v 3.815692 9.530618 67.531662
v 3.936021 9.141017 67.774239
v 3.704882 9.341229 70.297981
v 3.699681 9.730630 70.298775
v 2.349998 10.502602 86.024757
v 2.347097 10.889566 86.019371
v 2.222997 10.628053 87.498909
v 2.224686 10.996061 87.442131
v 3.950493 9.580153 67.760643
v 3.842222 9.198251 67.999474
v 3.842224 9.580152 67.999474
v 3.950492 9.198245 67.760643
v 3.837322 9.580153 67.520775
v 3.837321 9.198249 67.520775
v 3.553871 9.198251 68.146034
v 3.842224 9.580152 67.999474
v 3.842222 9.198251 67.999474
v 3.553872 9.580155 68.146034
v 3.195575 9.198251 68.144363
v 3.195576 9.580155 68.144363
v 2.904194 9.198251 67.995079
v 2.904194 9.580155 67.995079
v 2.791025 9.198253 67.755241
v 2.904194 9.580155 67.995079
v 2.904194 9.198251 67.995079
v 2.791026 9.580157 67.755241
v 2.899293 9.198252 67.516388
v 2.899293 9.580157 67.516388
v 3.187646 9.198252 67.369835
v 2.899293 9.580157 67.516388
v 2.899293 9.198252 67.516388
v 3.187646 9.580157 67.369835
v 3.545941 9.198252 67.371513
v 3.545942 9.580157 67.371513
v 3.837321 9.198249 67.520775
v 3.837322 9.580153 67.520775
v 3.985176 10.519315 68.072731
v 4.126273 10.331014 67.761467
v 3.985177 10.331014 68.072731
v 4.126273 10.519319 67.761467
v 3.978791 10.331012 67.448906
v 3.978791 10.519319 67.448906
v 3.985177 10.331014 68.072731
v 3.609396 10.519320 68.263741
v 3.985176 10.519315 68.072731
v 3.609396 10.331017 68.263741
v 3.142463 10.519320 68.261559
v 3.142462 10.331019 68.261559
v 2.762733 10.519320 68.067017
v 2.762732 10.331019 68.067017
v 2.762732 10.331019 68.067017
v 2.615249 10.519322 67.754417
v 2.762733 10.519320 68.067017
v 2.615248 10.331023 67.754417
v 2.756346 10.519320 67.443192
v 2.756346 10.331023 67.443192
v 2.756346 10.331023 67.443192
v 3.132129 10.519320 67.252182
v 2.756346 10.519320 67.443192
v 3.132128 10.331014 67.252182
v 3.599062 10.519320 67.254364
v 3.599062 10.331014 67.254364
v 3.978791 10.519319 67.448906
v 3.978791 10.331012 67.448906
v 3.759065 9.842011 67.956902
v 3.950493 9.580153 67.760643
v 3.842224 9.580152 67.999474
v 3.848235 9.842013 67.760185
v 3.837322 9.580153 67.520775
v 3.755028 9.842013 67.562645
v 3.842224 9.580152 67.999474
v 3.521574 9.842011 68.077599
v 3.759065 9.842011 67.956902
v 3.553872 9.580155 68.146034
v 3.226476 9.842011 68.076225
v 3.195576 9.580155 68.144363
v 2.986494 9.842011 67.953285
v 2.904194 9.580155 67.995079
v 2.904194 9.580155 67.995079
v 2.893286 9.842013 67.755730
v 2.986494 9.842011 67.953285
v 2.791026 9.580157 67.755241
v 2.982458 9.842013 67.559029
v 2.899293 9.580157 67.516388
v 2.899293 9.580157 67.516388
v 3.219946 9.842013 67.438316
v 2.982458 9.842013 67.559029
v 3.187646 9.580157 67.369835
v 3.515042 9.842013 67.439690
v 3.545942 9.580157 67.371513
v 3.755028 9.842013 67.562645
v 3.837322 9.580153 67.520775
v 2.222997 10.628053 87.498909
v 2.467388 11.001198 87.463768
v 2.465698 10.633132 87.520561
v 2.224686 10.996061 87.442131
v -1.994804 9.561247 73.360542
v -1.643500 9.375794 73.298592
v -1.800610 9.561248 73.326286
v -2.211923 9.075728 73.398811
v -2.151912 9.375787 73.388222
v -1.583488 9.075738 73.288002
v -1.643500 9.375794 73.298592
v -1.674055 9.075736 72.774406
v -1.734065 9.375796 72.784981
v -1.583488 9.075738 73.288002
v -1.734065 9.375796 72.784981
v -1.800610 9.561248 73.326286
v -1.643500 9.375794 73.298592
v -1.891170 9.561255 72.812691
v -1.994804 9.561247 73.360542
v -2.085368 9.561255 72.846931
v -2.151912 9.375787 73.388222
v -2.242476 9.375793 72.874626
v -2.211923 9.075728 73.398811
v -2.242476 9.375793 72.874626
v -2.302484 9.075736 72.885216
v -2.151912 9.375787 73.388222
v -1.986738 8.863089 73.551308
v -1.860219 9.497436 72.864342
v -1.743051 8.863089 73.551338
v -2.103905 9.497436 72.864342
v -2.547087 9.539899 67.740929
v -2.810223 9.531032 67.771355
v -2.696326 9.540282 67.412407
v -2.921023 9.530622 67.527550
v -3.108825 9.540285 67.202744
v -3.196082 9.530622 67.387726
v -3.621358 9.540284 67.205116
v -3.537881 9.530622 67.389313
v -4.038316 9.540277 67.418724
v -3.815696 9.530618 67.531654
v -4.192756 9.540101 67.748108
v -3.930233 9.530801 67.775902
v -3.945306 9.739406 70.286674
v -3.699686 9.730630 70.298775
v -2.347106 10.889566 86.019371
v -2.590058 10.894972 86.038124
v -2.224694 10.996060 87.442116
v -2.467396 11.001198 87.463768
v -1.743051 8.863089 73.551338
v -1.860220 9.110003 72.799324
v -1.743051 8.520883 73.434547
v -1.860219 9.497436 72.864342
v -2.542116 9.150100 67.737999
v -2.547087 9.539899 67.740929
v -2.690756 9.150506 67.409546
v -2.696326 9.540282 67.412407
v -1.743051 8.520883 73.434547
v -2.103903 9.110003 72.799294
v -1.986739 8.520883 73.434532
v -1.860220 9.110003 72.799324
v -2.805253 9.141234 67.768425
v -2.542116 9.150100 67.737999
v -2.915454 9.140847 67.524696
v -2.690756 9.150506 67.409546
v -3.193919 9.140841 67.383141
v -3.106662 9.150508 67.198143
v -3.539949 9.140841 67.384758
v -3.623425 9.150507 67.200562
v -3.821213 9.140841 67.528862
v -4.043833 9.150502 67.415932
v -3.936026 9.141017 67.774239
v -4.198549 9.150319 67.746445
v -3.950507 9.350001 70.285881
v -3.704887 9.341229 70.297966
v -2.592957 10.507999 86.043510
v -2.350006 10.502602 86.024757
v -2.465707 10.633132 87.520561
v -2.223006 10.628053 87.498909
v -1.986739 8.520883 73.434532
v -2.103905 9.497436 72.864342
v -1.986738 8.863089 73.551308
v -2.103903 9.110003 72.799294
v -2.810223 9.531032 67.771355
v -2.805253 9.141234 67.768425
v -2.921023 9.530622 67.527550
v -2.915454 9.140847 67.524696
v -2.696326 9.540282 67.412407
v -3.106662 9.150508 67.198143
v -2.690756 9.150506 67.409546
v -3.108825 9.540285 67.202744
v -3.623425 9.150507 67.200562
v -3.621358 9.540284 67.205116
v -4.043833 9.150502 67.415932
v -4.038316 9.540277 67.418724
v -2.915454 9.140847 67.524696
v -3.196082 9.530622 67.387726
v -2.921023 9.530622 67.527550
v -3.193919 9.140841 67.383141
v -3.537881 9.530622 67.389313
v -3.539949 9.140841 67.384758
v -3.815696 9.530618 67.531654
v -3.821213 9.140841 67.528862
v -4.038316 9.540277 67.418724
v -4.198549 9.150319 67.746445
v -4.043833 9.150502 67.415932
v -4.192756 9.540101 67.748108
v -3.950507 9.350001 70.285881
v -3.945306 9.739406 70.286674
v -2.590058 10.894972 86.038124
v -2.592957 10.507999 86.043510
v -2.465707 10.633132 87.520561
v -2.467396 11.001198 87.463768
v -3.821213 9.140841 67.528862
v -3.930233 9.530801 67.775902
v -3.815696 9.530618 67.531654
v -3.936026 9.141017 67.774239
v -3.704887 9.341229 70.297966
v -3.699686 9.730630 70.298775
v -2.350006 10.502602 86.024757
v -2.347106 10.889566 86.019371
v -2.223006 10.628053 87.498909
v -2.224694 10.996060 87.442116
v -3.842226 9.198251 67.999466
v -3.950498 9.580153 67.760643
v -3.842228 9.580152 67.999466
v -3.950496 9.198245 67.760643
v -3.837327 9.580153 67.520775
v -3.837325 9.198249 67.520775
v -3.842228 9.580152 67.999466
v -3.553876 9.198251 68.146034
v -3.842226 9.198251 67.999466
v -3.553877 9.580155 68.146034
v -3.195581 9.198251 68.144363
v -3.195581 9.580155 68.144363
v -2.904200 9.198251 67.995087
v -2.904200 9.580155 67.995087
v -2.904200 9.580155 67.995087
v -2.791029 9.198253 67.755226
v -2.904200 9.198251 67.995087
v -2.791030 9.580157 67.755226
v -2.899298 9.198252 67.516388
v -2.899298 9.580157 67.516388
v -2.899298 9.580157 67.516388
v -3.187651 9.198252 67.369835
v -2.899298 9.198252 67.516388
v -3.187651 9.580157 67.369835
v -3.545945 9.198252 67.371506
v -3.545946 9.580157 67.371506
v -3.837325 9.198249 67.520775
v -3.837327 9.580153 67.520775
v -4.126278 10.331014 67.761467
v -3.985181 10.519315 68.072731
v -3.985182 10.331014 68.072731
v -4.126278 10.519319 67.761467
v -3.978796 10.331012 67.448906
v -3.978796 10.519319 67.448906
v -3.609400 10.519320 68.263741
v -3.985182 10.331014 68.072731
v -3.985181 10.519315 68.072731
v -3.609400 10.331017 68.263741
v -3.142468 10.519320 68.261559
v -3.142467 10.331019 68.261559
v -2.762738 10.519320 68.067017
v -2.762737 10.331019 68.067017
v -2.615254 10.519322 67.754417
v -2.762737 10.331019 68.067017
v -2.762738 10.519320 68.067017
v -2.615253 10.331023 67.754417
v -2.756350 10.519320 67.443184
v -2.756350 10.331023 67.443184
v -3.132134 10.519320 67.252182
v -2.756350 10.331023 67.443184
v -2.756350 10.519320 67.443184
v -3.132133 10.331014 67.252182
v -3.599065 10.519320 67.254364
v -3.599066 10.331014 67.254364
v -3.978796 10.519319 67.448906
v -3.978796 10.331012 67.448906
v -3.950498 9.580153 67.760643
v -3.759068 9.842011 67.956894
v -3.842228 9.580152 67.999466
v -3.848240 9.842013 67.760185
v -3.837327 9.580153 67.520775
v -3.755032 9.842013 67.562645
v -3.521580 9.842011 68.077599
v -3.842228 9.580152 67.999466
v -3.759068 9.842011 67.956894
v -3.553877 9.580155 68.146034
v -3.226481 9.842011 68.076225
v -3.195581 9.580155 68.144363
v -2.986500 9.842011 67.953285
v -2.904200 9.580155 67.995087
v -2.893291 9.842013 67.755730
v -2.904200 9.580155 67.995087
v -2.986500 9.842011 67.953285
v -2.791030 9.580157 67.755226
v -2.982461 9.842013 67.559021
v -2.899298 9.580157 67.516388
v -3.219951 9.842013 67.438316
v -2.899298 9.580157 67.516388
v -2.982461 9.842013 67.559021
v -3.187651 9.580157 67.369835
v -3.515048 9.842013 67.439690
v -3.545946 9.580157 67.371506
v -3.755032 9.842013 67.562645
v -3.837327 9.580153 67.520775
v -2.223006 10.628053 87.498909
v -2.467396 11.001198 87.463768
v -2.224694 10.996060 87.442116
v -2.465707 10.633132 87.520561
v 4.980096 10.055277 82.893898
v 4.761601 9.961081 81.716209
v 5.306793 9.968602 81.795753
v 4.434906 10.047761 82.814354
v 5.306793 9.968602 81.795753
v 4.761767 9.665336 81.720024
v 5.306957 9.672861 81.799568
v 4.761601 9.961081 81.716209
v 4.980096 10.055277 82.893898
v 5.306957 9.672861 81.799568
v 4.980262 9.759530 82.897697
v 5.306793 9.968602 81.795753
v 4.434906 10.047761 82.814354
v 4.980262 9.759530 82.897697
v 4.435072 9.752013 82.818161
v 4.980096 10.055277 82.893898
v 4.761601 9.961081 81.716209
v 4.435072 9.752013 82.818161
v 4.761767 9.665336 81.720024
v 4.434906 10.047761 82.814354
v 5.093384 9.834386 81.938789
v 5.114822 10.533315 82.007027
v 5.092614 10.526736 81.924950
v 5.115592 9.840963 82.020889
v 5.047660 10.538663 82.076065
v 5.048435 9.846312 82.089920
v 5.092614 10.526736 81.924950
v 4.994829 9.830424 81.891762
v 5.093384 9.834386 81.938789
v 4.994057 10.522780 81.877922
v 4.877643 9.831409 81.907326
v 4.876868 10.523764 81.893494
v 4.876868 10.523764 81.893494
v 4.810489 9.836752 81.976341
v 4.877643 9.831409 81.907326
v 4.809717 10.529103 81.962524
v 4.832689 9.843333 82.058418
v 4.831919 10.535682 82.044579
v 4.831919 10.535682 82.044579
v 4.931255 9.847292 82.105469
v 4.832689 9.843333 82.058418
v 4.930482 10.539645 82.091629
v 5.048435 9.846312 82.089920
v 5.047660 10.538663 82.076065
v 5.135494 10.525262 81.905273
v 5.164847 10.669578 82.011642
v 5.135342 10.660832 81.902580
v 5.164999 10.534007 82.014351
v 5.075598 10.676682 82.103386
v 5.075751 10.541114 82.106094
v 5.135342 10.660832 81.902580
v 5.004511 10.520005 81.842773
v 5.135494 10.525262 81.905273
v 5.004356 10.655577 81.840080
v 4.848785 10.521310 81.863441
v 4.848630 10.656881 81.860748
v 4.848630 10.656881 81.860748
v 4.759534 10.528410 81.955185
v 4.848785 10.521310 81.863441
v 4.759382 10.663981 81.952484
v 4.789044 10.537154 82.064278
v 4.788889 10.672727 82.061562
v 4.788889 10.672727 82.061562
v 4.920026 10.542417 82.126770
v 4.789044 10.537154 82.064278
v 4.919868 10.677985 82.124062
v 5.075751 10.541114 82.106094
v 5.075598 10.676682 82.103386
v 4.905405 9.884260 82.570686
v 4.926838 10.583190 82.638924
v 4.904632 10.576612 82.556839
v 4.927608 9.890837 82.652763
v 4.859678 10.588537 82.707954
v 4.860448 9.896182 82.721802
v 4.904632 10.576612 82.556839
v 4.806843 9.880301 82.523651
v 4.905405 9.884260 82.570686
v 4.806070 10.572653 82.509819
v 4.689662 9.881284 82.539230
v 4.688892 10.573636 82.525375
v 4.688892 10.573636 82.525375
v 4.622507 9.886628 82.608253
v 4.689662 9.881284 82.539230
v 4.621734 10.578979 82.594398
v 4.644704 9.893207 82.690331
v 4.643936 10.585561 82.676476
v 4.643936 10.585561 82.676476
v 4.743268 9.897164 82.737343
v 4.644704 9.893207 82.690331
v 4.742498 10.589517 82.723503
v 4.860448 9.896182 82.721802
v 4.859678 10.588537 82.707954
v 4.947511 10.575140 82.537170
v 4.976865 10.719453 82.643524
v 4.947358 10.710712 82.534454
v 4.977020 10.583883 82.646248
v 4.887615 10.726559 82.735283
v 4.887767 10.590987 82.737991
v 4.947358 10.710712 82.534454
v 4.816531 10.569879 82.474655
v 4.947511 10.575140 82.537170
v 4.816379 10.705452 82.471947
v 4.660803 10.571183 82.495331
v 4.660650 10.706755 82.492622
v 4.660650 10.706755 82.492622
v 4.571551 10.578284 82.587090
v 4.660803 10.571183 82.495331
v 4.571398 10.713858 82.584366
v 4.601060 10.587028 82.696152
v 4.600907 10.722601 82.693451
v 4.600907 10.722601 82.693451
v 4.732041 10.592292 82.758652
v 4.601060 10.587028 82.696152
v 4.731887 10.727863 82.755959
v 4.887767 10.590987 82.737991
v 4.887615 10.726559 82.735283
v -4.980104 10.055277 82.893898
v -4.761609 9.961081 81.716209
v -4.434915 10.047761 82.814354
v -5.306801 9.968602 81.795753
v -5.306801 9.968602 81.795753
v -4.761775 9.665336 81.720024
v -4.761609 9.961081 81.716209
v -5.306965 9.672861 81.799568
v -4.980104 10.055277 82.893898
v -5.306965 9.672861 81.799568
v -5.306801 9.968602 81.795753
v -4.980270 9.759530 82.897697
v -4.434915 10.047761 82.814354
v -4.980270 9.759530 82.897697
v -4.980104 10.055277 82.893898
v -4.435080 9.752013 82.818169
v -4.761609 9.961081 81.716209
v -4.435080 9.752013 82.818169
v -4.434915 10.047761 82.814354
v -4.761775 9.665336 81.720024
v -5.114830 10.533315 82.007027
v -5.093392 9.834386 81.938789
v -5.092621 10.526736 81.924950
v -5.115600 9.840963 82.020889
v -5.047668 10.538663 82.076065
v -5.048442 9.846312 82.089920
v -4.994837 9.830424 81.891762
v -5.092621 10.526736 81.924950
v -5.093392 9.834386 81.938789
v -4.994065 10.522780 81.877922
v -4.877650 9.831409 81.907326
v -4.876875 10.523764 81.893494
v -4.810496 9.836752 81.976341
v -4.876875 10.523764 81.893494
v -4.877650 9.831409 81.907326
v -4.809724 10.529103 81.962524
v -4.832696 9.843333 82.058426
v -4.831926 10.535682 82.044586
v -4.931262 9.847292 82.105469
v -4.831926 10.535682 82.044586
v -4.832696 9.843333 82.058426
v -4.930490 10.539645 82.091629
v -5.048442 9.846312 82.089920
v -5.047668 10.538663 82.076065
v -5.164855 10.669578 82.011642
v -5.135502 10.525262 81.905273
v -5.135350 10.660832 81.902588
v -5.165007 10.534007 82.014351
v -5.075606 10.676682 82.103386
v -5.075759 10.541114 82.106094
v -5.004519 10.520005 81.842773
v -5.135350 10.660832 81.902588
v -5.135502 10.525262 81.905273
v -5.004364 10.655577 81.840080
v -4.848794 10.521310 81.863441
v -4.848638 10.656881 81.860748
v -4.759543 10.528410 81.955193
v -4.848638 10.656881 81.860748
v -4.848794 10.521310 81.863441
v -4.759390 10.663981 81.952484
v -4.789052 10.537154 82.064278
v -4.788897 10.672727 82.061562
v -4.920033 10.542417 82.126770
v -4.788897 10.672727 82.061562
v -4.789052 10.537154 82.064278
v -4.919877 10.677985 82.124062
v -5.075759 10.541114 82.106094
v -5.075606 10.676682 82.103386
v -4.926846 10.583190 82.638924
v -4.905412 9.884260 82.570694
v -4.904639 10.576612 82.556839
v -4.927616 9.890837 82.652763
v -4.859686 10.588537 82.707954
v -4.860456 9.896182 82.721802
v -4.806851 9.880301 82.523651
v -4.904639 10.576612 82.556839
v -4.905412 9.884260 82.570694
v -4.806078 10.572653 82.509819
v -4.689671 9.881284 82.539230
v -4.688900 10.573636 82.525383
v -4.622515 9.886628 82.608253
v -4.688900 10.573636 82.525383
v -4.689671 9.881284 82.539230
v -4.621742 10.578979 82.594398
v -4.644712 9.893207 82.690331
v -4.643944 10.585561 82.676476
v -4.743276 9.897164 82.737350
v -4.643944 10.585561 82.676476
v -4.644712 9.893207 82.690331
v -4.742505 10.589517 82.723503
v -4.860456 9.896182 82.721802
v -4.859686 10.588537 82.707954
v -4.976872 10.719453 82.643524
v -4.947518 10.575140 82.537170
v -4.947365 10.710712 82.534454
v -4.977027 10.583883 82.646248
v -4.887622 10.726559 82.735291
v -4.887775 10.590987 82.737991
v -4.816538 10.569879 82.474655
v -4.947365 10.710712 82.534454
v -4.947518 10.575140 82.537170
v -4.816386 10.705452 82.471947
v -4.660811 10.571183 82.495331
v -4.660658 10.706755 82.492630
v -4.571558 10.578284 82.587090
v -4.660658 10.706755 82.492630
v -4.660811 10.571183 82.495331
v -4.571406 10.713858 82.584366
v -4.601067 10.587028 82.696152
v -4.600914 10.722601 82.693451
v -4.732049 10.592292 82.758652
v -4.600914 10.722601 82.693451
v -4.601067 10.587028 82.696152
v -4.731894 10.727863 82.755959
v -4.887775 10.590987 82.737991
v -4.887622 10.726559 82.735291
v 5.889712 9.371843 73.926544
v 6.315588 9.537810 76.083290
v 5.314473 9.534055 75.943031
v 6.890837 9.375592 74.066780
v 5.888724 9.037683 73.931763
v 6.890837 9.375592 74.066780
v 5.889712 9.371843 73.926544
v 6.889854 9.041444 74.072006
v 6.889854 9.041444 74.072006
v 6.315588 9.537810 76.083290
v 6.890837 9.375592 74.066780
v 6.314609 9.203652 76.088486
v 6.314609 9.203652 76.088486
v 5.314473 9.534055 75.943031
v 6.315588 9.537810 76.083290
v 5.313490 9.199892 75.948250
v 5.313490 9.199892 75.948250
v 5.889712 9.371843 73.926544
v 5.314473 9.534055 75.943031
v 5.888724 9.037683 73.931763
v 6.501188 8.695764 74.334763
v 6.548346 9.976489 74.459999
v 6.505870 9.965020 74.309761
v 6.543664 8.707232 74.484993
v 6.426721 9.987340 74.587219
v 6.422033 8.718087 74.612236
v 6.505870 9.965020 74.309761
v 6.319500 8.690396 74.249535
v 6.501188 8.695764 74.334763
v 6.324182 9.959651 74.224556
v 6.105022 8.694272 74.279259
v 6.109708 9.963533 74.254265
v 6.109708 9.963533 74.254265
v 5.983407 8.705127 74.406487
v 6.105022 8.694272 74.279259
v 5.988092 9.974401 74.381508
v 6.025874 8.716599 74.556717
v 6.030557 9.985854 74.531746
v 6.030557 9.985854 74.531746
v 6.207560 8.721964 74.641953
v 6.025874 8.716599 74.556717
v 6.212247 9.991220 74.616943
v 6.422033 8.718087 74.612236
v 6.426721 9.987340 74.587219
v 6.584056 9.961593 74.273239
v 6.641407 10.225373 74.468025
v 6.584974 10.210128 74.268349
v 6.640494 9.976834 74.472900
v 6.479775 10.239794 74.637115
v 6.478862 9.991259 74.641991
v 6.584974 10.210128 74.268349
v 6.342594 9.954459 74.159996
v 6.584056 9.961593 74.273239
v 6.343516 10.202994 74.155098
v 6.057575 9.959632 74.199478
v 6.058493 10.208169 74.194603
v 6.058493 10.208169 74.194603
v 5.895940 9.974051 74.368576
v 6.057575 9.959632 74.199478
v 5.896858 10.222587 74.363701
v 5.952387 9.989297 74.568237
v 5.953302 10.237832 74.563339
v 5.953302 10.237832 74.563339
v 6.193829 9.996411 74.681496
v 5.952387 9.989297 74.568237
v 6.194746 10.244946 74.676598
v 6.478862 9.991259 74.641991
v 6.479775 10.239794 74.637115
v 6.170192 8.789105 75.495041
v 6.217342 10.069829 75.620323
v 6.174874 10.058362 75.470062
v 6.212658 8.800576 75.645302
v 6.095716 10.080684 75.747543
v 6.091027 8.811427 75.772530
v 6.174874 10.058362 75.470062
v 5.988505 8.783739 75.409836
v 6.170192 8.789105 75.495041
v 5.993187 10.052996 75.384842
v 5.774026 8.787615 75.439552
v 5.778712 10.056886 75.414574
v 5.778712 10.056886 75.414574
v 5.652395 8.798467 75.566795
v 5.774026 8.787615 75.439552
v 5.657087 10.067743 75.541824
v 5.694864 8.809938 75.717049
v 5.699562 10.079209 75.692039
v 5.699562 10.079209 75.692039
v 5.876554 8.815305 75.802254
v 5.694864 8.809938 75.717049
v 5.881249 10.084561 75.777252
v 6.091027 8.811427 75.772530
v 6.095716 10.080684 75.747543
v 6.253054 10.054935 75.433556
v 6.310408 10.318713 75.628311
v 6.253968 10.303470 75.428673
v 6.309489 10.070174 75.633209
v 6.148779 10.333135 75.797424
v 6.147860 10.084598 75.802315
v 6.253968 10.303470 75.428673
v 6.011597 10.047801 75.320320
v 6.253054 10.054935 75.433556
v 6.012515 10.296342 75.315422
v 5.726573 10.052964 75.359810
v 5.727490 10.301503 75.354904
v 5.727490 10.301503 75.354904
v 5.564941 10.067389 75.528885
v 5.726573 10.052964 75.359810
v 5.565855 10.315928 75.524025
v 5.621384 10.082633 75.728546
v 5.622301 10.331171 75.723656
v 5.622301 10.331171 75.723656
v 5.862834 10.089751 75.841797
v 5.621384 10.082633 75.728546
v 5.863747 10.338294 75.836922
v 6.147860 10.084598 75.802315
v 6.148779 10.333135 75.797424
v -5.889718 9.371843 73.926544
v -6.315594 9.537810 76.083290
v -6.890843 9.375592 74.066780
v -5.314479 9.534055 75.943031
v -5.888730 9.037683 73.931763
v -6.890843 9.375592 74.066780
v -6.889860 9.041444 74.072006
v -5.889718 9.371843 73.926544
v -6.889860 9.041444 74.072006
v -6.315594 9.537810 76.083290
v -6.314616 9.203652 76.088486
v -6.890843 9.375592 74.066780
v -6.314616 9.203652 76.088486
v -5.314479 9.534055 75.943031
v -5.313497 9.199892 75.948250
v -6.315594 9.537810 76.083290
v -5.313497 9.199892 75.948250
v -5.889718 9.371843 73.926544
v -5.888730 9.037683 73.931763
v -5.314479 9.534055 75.943031
v -6.548352 9.976489 74.459999
v -6.501193 8.695764 74.334763
v -6.505876 9.965020 74.309761
v -6.543669 8.707232 74.484993
v -6.426727 9.987340 74.587219
v -6.422039 8.718087 74.612236
v -6.319506 8.690396 74.249535
v -6.505876 9.965020 74.309761
v -6.501193 8.695764 74.334763
v -6.324188 9.959651 74.224556
v -6.105028 8.694272 74.279259
v -6.109714 9.963533 74.254265
v -5.983413 8.705127 74.406487
v -6.109714 9.963533 74.254265
v -6.105028 8.694272 74.279259
v -5.988098 9.974401 74.381508
v -6.025880 8.716599 74.556717
v -6.030562 9.985854 74.531746
v -6.207566 8.721964 74.641953
v -6.030562 9.985854 74.531746
v -6.025880 8.716599 74.556717
v -6.212254 9.991220 74.616943
v -6.422039 8.718087 74.612236
v -6.426727 9.987340 74.587219
v -6.641412 10.225373 74.468025
v -6.584062 9.961593 74.273239
v -6.584980 10.210128 74.268349
v -6.640500 9.976834 74.472900
v -6.479781 10.239794 74.637115
v -6.478867 9.991259 74.641991
v -6.342599 9.954459 74.159996
v -6.584980 10.210128 74.268349
v -6.584062 9.961593 74.273239
v -6.343522 10.202994 74.155098
v -6.057581 9.959632 74.199478
v -6.058498 10.208169 74.194603
v -5.895946 9.974051 74.368576
v -6.058498 10.208169 74.194603
v -6.057581 9.959632 74.199478
v -5.896863 10.222587 74.363701
v -5.952392 9.989297 74.568237
v -5.953308 10.237832 74.563339
v -6.193835 9.996411 74.681496
v -5.953308 10.237832 74.563339
v -5.952392 9.989297 74.568237
v -6.194755 10.244946 74.676598
v -6.478867 9.991259 74.641991
v -6.479781 10.239794 74.637115
v -6.217349 10.069829 75.620323
v -6.170199 8.789105 75.495041
v -6.174882 10.058362 75.470062
v -6.212665 8.800576 75.645302
v -6.095723 10.080684 75.747543
v -6.091033 8.811427 75.772530
v -5.988511 8.783739 75.409836
v -6.174882 10.058362 75.470062
v -6.170199 8.789105 75.495041
v -5.993194 10.052996 75.384842
v -5.774033 8.787615 75.439552
v -5.778719 10.056886 75.414574
v -5.652402 8.798467 75.566795
v -5.778719 10.056886 75.414574
v -5.774033 8.787615 75.439552
v -5.657094 10.067743 75.541824
v -5.694871 8.809938 75.717049
v -5.699568 10.079209 75.692039
v -5.876560 8.815305 75.802254
v -5.699568 10.079209 75.692039
v -5.694871 8.809938 75.717049
v -5.881257 10.084561 75.777252
v -6.091033 8.811427 75.772530
v -6.095723 10.080684 75.747543
v -6.310414 10.318713 75.628311
v -6.253061 10.054935 75.433556
v -6.253974 10.303470 75.428673
v -6.309495 10.070174 75.633209
v -6.148786 10.333135 75.797424
v -6.147867 10.084598 75.802315
v -6.011603 10.047801 75.320320
v -6.253974 10.303470 75.428673
v -6.253061 10.054935 75.433556
v -6.012521 10.296342 75.315422
v -5.726579 10.052964 75.359810
v -5.727497 10.301503 75.354904
v -5.564948 10.067389 75.528885
v -5.727497 10.301503 75.354904
v -5.726579 10.052964 75.359810
v -5.565862 10.315928 75.524025
v -5.621390 10.082633 75.728546
v -5.622307 10.331171 75.723656
v -5.862841 10.089751 75.841797
v -5.622307 10.331171 75.723656
v -5.621390 10.082633 75.728546
v -5.863753 10.338294 75.836922
v -6.147867 10.084598 75.802315
v -6.148786 10.333135 75.797424
v 2.238725 11.659142 98.320717
v 1.475645 11.836958 99.699226
v 1.782359 11.647503 98.225868
v 1.932013 11.848610 99.794121
v 1.932013 11.848610 99.794121
v 1.475270 11.466879 99.718819
v 1.475645 11.836958 99.699226
v 1.931637 11.478521 99.813652
v 1.931637 11.478521 99.813652
v 1.932013 11.848610 99.794121
v 2.002342 11.168399 99.486763
v 2.167094 11.066630 98.695351
v 2.238725 11.659142 98.320717
v 2.238346 11.289066 98.340294
v 1.782359 11.647503 98.225868
v 2.238346 11.289066 98.340294
v 2.238725 11.659142 98.320717
v 1.781982 11.277418 98.245384
v 1.781982 11.277418 98.245384
v 1.782359 11.647503 98.225868
v 1.710728 11.054988 98.600502
v 1.475645 11.836958 99.699226
v 1.545974 11.156752 99.391914
v 1.475270 11.466879 99.718819
v 2.106960 11.851930 98.493813
v 2.127567 11.669958 98.403984
v 2.093852 11.690690 98.565208
v 2.127622 11.839227 98.395027
v 2.112430 12.155844 98.451881
v 2.097780 12.060049 98.527306
v 2.039567 12.284033 98.674507
v 2.039529 12.177621 98.680138
v 1.973138 12.229060 98.865288
v 1.973174 12.323502 98.860313
v 1.831198 11.844897 98.436501
v 1.945637 11.693528 98.585960
v 1.818079 11.683655 98.507881
v 1.958749 11.854765 98.514549
v 2.093852 11.690690 98.565208
v 2.106960 11.851930 98.493813
v 2.097780 12.060049 98.527306
v 1.952572 12.008393 98.536385
v 1.822009 12.052531 98.470024
v 1.851852 11.832192 98.337700
v 1.818079 11.683655 98.507881
v 1.851798 11.662930 98.346687
v 1.831198 11.844897 98.436501
v 1.822009 12.052531 98.470024
v 1.836656 12.148323 98.394615
v 1.812155 12.171425 98.632912
v 1.812187 12.277825 98.627266
v 1.798262 12.318730 98.823982
v 1.798221 12.224289 98.828941
v 2.127622 11.839227 98.395027
v 2.000008 11.660088 98.325905
v 2.127567 11.669958 98.403984
v 2.000070 11.829356 98.316963
v 1.851798 11.662930 98.346687
v 1.851852 11.832192 98.337700
v 1.836656 12.148323 98.394615
v 1.981864 12.199983 98.385536
v 2.112430 12.155844 98.451881
v 1.973138 12.229060 98.865288
v 1.885731 12.368327 98.839607
v 1.973174 12.323502 98.860313
v 1.885668 12.179454 98.849617
v 1.798262 12.318730 98.823982
v 1.798221 12.224289 98.828941
v 1.952572 12.008393 98.536385
v 2.039529 12.177621 98.680138
v 2.097780 12.060049 98.527306
v 1.925820 12.113145 98.659767
v 1.822009 12.052531 98.470024
v 1.812155 12.171425 98.632912
v 1.798221 12.224289 98.828941
v 1.885668 12.179454 98.849617
v 1.973138 12.229060 98.865288
v 1.981864 12.199983 98.385536
v 1.812187 12.277825 98.627266
v 1.836656 12.148323 98.394615
v 1.925895 12.342308 98.647621
v 2.112430 12.155844 98.451881
v 2.039567 12.284033 98.674507
v 1.973174 12.323502 98.860313
v 1.885731 12.368327 98.839607
v 1.798262 12.318730 98.823982
v 1.862122 11.833171 99.673195
v 1.882843 11.989732 99.565468
v 1.895837 11.812442 99.511986
v 1.862180 12.002438 99.664238
v 1.877596 12.308348 99.574379
v 1.892167 12.193582 99.510109
v 1.902132 12.373281 99.331413
v 1.902092 12.266869 99.337029
v 1.916045 12.266145 99.138237
v 1.916073 12.360573 99.133186
v 1.768283 11.802575 99.433968
v 1.607074 11.982695 99.508110
v 1.620067 11.805401 99.454674
v 1.755287 11.979861 99.487389
v 1.895837 11.812442 99.511986
v 1.882843 11.989732 99.565468
v 1.892167 12.193582 99.510109
v 1.761566 12.132434 99.449333
v 1.616393 12.186049 99.452797
v 1.620067 11.805401 99.454674
v 1.586411 11.995398 99.606926
v 1.586358 11.826135 99.615913
v 1.607074 11.982695 99.508110
v 1.616393 12.186049 99.452797
v 1.601822 12.300820 99.517052
v 1.674721 12.260664 99.289787
v 1.674761 12.367071 99.284157
v 1.741161 12.355803 99.096870
v 1.741128 12.261366 99.101875
v 1.713908 11.836006 99.693947
v 1.862180 12.002438 99.664238
v 1.862122 11.833171 99.673195
v 1.713966 12.005270 99.684975
v 1.586358 11.826135 99.615913
v 1.586411 11.995398 99.606926
v 1.601822 12.300820 99.517052
v 1.732422 12.361967 99.577843
v 1.877596 12.308348 99.574379
v 1.828635 12.405408 99.112541
v 1.916045 12.266145 99.138237
v 1.916073 12.360573 99.133186
v 1.828567 12.216530 99.122536
v 1.741161 12.355803 99.096870
v 1.741128 12.261366 99.101875
v 1.902092 12.266869 99.337029
v 1.761566 12.132434 99.449333
v 1.892167 12.193582 99.510109
v 1.788388 12.202390 99.316689
v 1.616393 12.186049 99.452797
v 1.674721 12.260664 99.289787
v 1.741128 12.261366 99.101875
v 1.828567 12.216530 99.122536
v 1.916045 12.266145 99.138237
v 1.674761 12.367071 99.284157
v 1.732422 12.361967 99.577843
v 1.601822 12.300820 99.517052
v 1.788467 12.431558 99.304527
v 1.877596 12.308348 99.574379
v 1.902132 12.373281 99.331413
v 1.916073 12.360573 99.133186
v 1.828635 12.405408 99.112541
v 1.741161 12.355803 99.096870
v 1.710728 11.054988 98.600502
v 2.238346 11.289066 98.340294
v 1.781982 11.277418 98.245384
v 2.167094 11.066630 98.695351
v 1.545974 11.156752 99.391914
v 1.931637 11.478521 99.813652
v 2.002342 11.168399 99.486763
v 1.475270 11.466879 99.718819
v 1.545974 11.156752 99.391914
v 2.167094 11.066630 98.695351
v 1.710728 11.054988 98.600502
v 2.002342 11.168399 99.486763
v -2.238735 11.659142 98.320717
v -1.475654 11.836956 99.699226
v -1.932023 11.848608 99.794121
v -1.782369 11.647502 98.225868
v -1.932023 11.848608 99.794121
v -1.475280 11.466877 99.718819
v -1.931647 11.478521 99.813652
v -1.475654 11.836956 99.699226
v -1.931647 11.478521 99.813652
v -2.002352 11.168399 99.486763
v -1.932023 11.848608 99.794121
v -2.167105 11.066630 98.695351
v -2.238735 11.659142 98.320717
v -2.238356 11.289066 98.340294
v -1.782369 11.647502 98.225868
v -2.238356 11.289066 98.340294
v -1.781991 11.277420 98.245384
v -2.238735 11.659142 98.320717
v -1.781991 11.277420 98.245384
v -1.710737 11.054988 98.600502
v -1.782369 11.647502 98.225868
v -1.475654 11.836956 99.699226
v -1.545983 11.156752 99.391914
v -1.475280 11.466877 99.718819
v -2.127576 11.669958 98.403984
v -2.106970 11.851930 98.493813
v -2.093862 11.690692 98.565208
v -2.127631 11.839227 98.395027
v -2.112440 12.155843 98.451897
v -2.097790 12.060051 98.527306
v -2.039578 12.284033 98.674507
v -2.039539 12.177620 98.680138
v -1.973147 12.229060 98.865288
v -1.973184 12.323500 98.860313
v -1.945647 11.693528 98.585960
v -1.831207 11.844895 98.436501
v -1.818089 11.683655 98.507881
v -1.958759 11.854763 98.514549
v -2.093862 11.690692 98.565208
v -2.106970 11.851930 98.493813
v -2.097790 12.060051 98.527306
v -1.952582 12.008395 98.536385
v -1.822018 12.052531 98.470024
v -1.818089 11.683655 98.507881
v -1.851862 11.832191 98.337700
v -1.851807 11.662929 98.346687
v -1.831207 11.844895 98.436501
v -1.822018 12.052531 98.470024
v -1.836667 12.148323 98.394615
v -1.812164 12.171423 98.632912
v -1.812197 12.277824 98.627266
v -1.798271 12.318730 98.823982
v -1.798231 12.224287 98.828957
v -2.000018 11.660088 98.325905
v -2.127631 11.839227 98.395027
v -2.127576 11.669958 98.403984
v -2.000081 11.829356 98.316963
v -1.851807 11.662929 98.346687
v -1.851862 11.832191 98.337700
v -1.836667 12.148323 98.394615
v -1.981874 12.199982 98.385536
v -2.112440 12.155843 98.451897
v -1.885741 12.368329 98.839607
v -1.973147 12.229060 98.865288
v -1.973184 12.323500 98.860313
v -1.885678 12.179454 98.849617
v -1.798271 12.318730 98.823982
v -1.798231 12.224287 98.828957
v -2.039539 12.177620 98.680138
v -1.952582 12.008395 98.536385
v -2.097790 12.060051 98.527306
v -1.925830 12.113145 98.659767
v -1.822018 12.052531 98.470024
v -1.812164 12.171423 98.632912
v -1.798231 12.224287 98.828957
v -1.885678 12.179454 98.849617
v -1.973147 12.229060 98.865288
v -1.812197 12.277824 98.627266
v -1.981874 12.199982 98.385536
v -1.836667 12.148323 98.394615
v -1.925906 12.342306 98.647621
v -2.112440 12.155843 98.451897
v -2.039578 12.284033 98.674507
v -1.973184 12.323500 98.860313
v -1.885741 12.368329 98.839607
v -1.798271 12.318730 98.823982
v -1.882853 11.989731 99.565468
v -1.862132 11.833171 99.673195
v -1.895847 11.812440 99.511986
v -1.862190 12.002438 99.664238
v -1.877606 12.308348 99.574379
v -1.892176 12.193582 99.510109
v -1.902142 12.373279 99.331413
v -1.902102 12.266869 99.337029
v -1.916055 12.266144 99.138237
v -1.916083 12.360573 99.133186
v -1.607084 11.982695 99.508110
v -1.768292 11.802574 99.433968
v -1.620077 11.805403 99.454674
v -1.755297 11.979859 99.487389
v -1.895847 11.812440 99.511986
v -1.882853 11.989731 99.565468
v -1.892176 12.193582 99.510109
v -1.761576 12.132432 99.449333
v -1.616403 12.186048 99.452797
v -1.586421 11.995396 99.606926
v -1.620077 11.805403 99.454674
v -1.586367 11.826134 99.615913
v -1.607084 11.982695 99.508110
v -1.616403 12.186048 99.452797
v -1.601832 12.300819 99.517052
v -1.674731 12.260664 99.289787
v -1.674771 12.367071 99.284157
v -1.741170 12.355802 99.096870
v -1.741138 12.261366 99.101875
v -1.862190 12.002438 99.664238
v -1.713918 11.836006 99.693947
v -1.862132 11.833171 99.673195
v -1.713976 12.005268 99.684990
v -1.586367 11.826134 99.615913
v -1.586421 11.995396 99.606926
v -1.601832 12.300819 99.517052
v -1.732431 12.361966 99.577843
v -1.877606 12.308348 99.574379
v -1.916055 12.266144 99.138237
v -1.828645 12.405408 99.112541
v -1.916083 12.360573 99.133186
v -1.828577 12.216530 99.122536
v -1.741170 12.355802 99.096870
v -1.741138 12.261366 99.101875
v -1.761576 12.132432 99.449333
v -1.902102 12.266869 99.337029
v -1.892176 12.193582 99.510109
v -1.788398 12.202390 99.316689
v -1.616403 12.186048 99.452797
v -1.674731 12.260664 99.289787
v -1.741138 12.261366 99.101875
v -1.828577 12.216530 99.122536
v -1.916055 12.266144 99.138237
v -1.732431 12.361966 99.577843
v -1.674771 12.367071 99.284157
v -1.601832 12.300819 99.517052
v -1.788478 12.431557 99.304543
v -1.877606 12.308348 99.574379
v -1.902142 12.373279 99.331413
v -1.916083 12.360573 99.133186
v -1.828645 12.405408 99.112541
v -1.741170 12.355802 99.096870
v -1.710737 11.054988 98.600502
v -2.238356 11.289066 98.340294
v -2.167105 11.066630 98.695351
v -1.781991 11.277420 98.245384
v -1.545983 11.156752 99.391914
v -1.931647 11.478521 99.813652
v -1.475280 11.466877 99.718819
v -2.002352 11.168399 99.486763
v -1.545983 11.156752 99.391914
v -2.167105 11.066630 98.695351
v -2.002352 11.168399 99.486763
v -1.710737 11.054988 98.600502
v -0.440307 11.095037 86.928734
v 0.440314 10.952118 87.219872
v -0.440307 10.952118 87.219872
v 0.440314 11.095037 86.928734
v -0.440307 10.952118 86.637604
v 0.440314 10.952118 86.637604
v 0.440314 10.607081 87.340454
v -0.440307 10.952118 87.219872
v 0.440314 10.952118 87.219872
v -0.440307 10.607081 87.340454
v 0.440314 10.262042 87.219872
v -0.440307 10.262044 87.219872
v 0.440314 10.119123 86.928734
v -0.440307 10.262044 87.219872
v 0.440314 10.262042 87.219872
v -0.440307 10.119124 86.928734
v 0.440314 10.262042 86.637604
v -0.440307 10.262042 86.637604
v 0.440314 10.607078 86.517021
v -0.440307 10.262042 86.637604
v 0.440314 10.262042 86.637604
v -0.440307 10.607080 86.517021
v 0.440314 10.952118 86.637604
v -0.440307 10.952118 86.637604
v -0.527213 10.189443 87.281120
v -0.527213 11.024721 87.281120
v -0.527213 10.607081 87.427094
v -0.527213 10.189443 86.576347
v -0.527213 10.016452 86.928734
v -0.527213 11.024719 86.576347
v -0.527213 11.197710 86.928734
v -0.527213 10.607080 86.430382
v 0.527219 10.607078 86.430389
v 0.527219 11.197708 86.928749
v 0.527219 11.024719 86.576347
v 0.527221 10.016450 86.928749
v 0.527219 10.189439 86.576347
v 0.527221 10.607081 87.427094
v 0.527221 11.024721 87.281128
v 0.527221 10.189443 87.281128
v -0.440307 11.197710 86.928734
v -0.527213 11.024719 86.576347
v -0.440307 11.024719 86.576347
v -0.527213 11.197710 86.928734
v -0.440307 11.024721 87.281120
v -0.527213 11.024721 87.281120
v -0.527213 10.607080 86.430382
v -0.440307 11.024719 86.576347
v -0.527213 11.024719 86.576347
v -0.440307 10.607080 86.430382
v -0.527213 10.189443 86.576347
v -0.440307 10.189443 86.576347
v -0.527213 10.016452 86.928734
v -0.440307 10.189443 86.576347
v -0.527213 10.189443 86.576347
v -0.440307 10.016452 86.928734
v -0.527213 10.189443 87.281120
v -0.440307 10.189443 87.281120
v -0.527213 10.607081 87.427094
v -0.440307 10.189443 87.281120
v -0.527213 10.189443 87.281120
v -0.440307 10.607081 87.427094
v -0.527213 11.024721 87.281120
v -0.440307 11.024721 87.281120
v 0.527221 10.607081 87.427094
v 0.440314 11.024721 87.281120
v 0.527221 11.024721 87.281128
v 0.440314 10.607081 87.427094
v 0.527221 10.189443 87.281128
v 0.440314 10.189443 87.281128
v 0.527221 10.016450 86.928749
v 0.440314 10.189443 87.281128
v 0.527221 10.189443 87.281128
v 0.440314 10.016450 86.928749
v 0.527219 10.189439 86.576347
v 0.440314 10.189439 86.576347
v 0.527219 10.607078 86.430389
v 0.440314 10.189439 86.576347
v 0.527219 10.189439 86.576347
v 0.440314 10.607078 86.430389
v 0.527219 11.024719 86.576347
v 0.440314 11.024719 86.576347
v 0.527219 11.197708 86.928749
v 0.440314 11.024719 86.576347
v 0.527219 11.024719 86.576347
v 0.440314 11.197708 86.928749
v 0.527221 11.024721 87.281128
v 0.440314 11.024721 87.281120
v -0.440307 10.189443 86.576347
v -0.440307 11.024719 86.576347
v -0.440307 10.607080 86.430382
v -0.440307 10.189443 87.281120
v -0.440307 10.016452 86.928734
v -0.440307 11.024721 87.281120
v -0.440307 11.197710 86.928734
v -0.440307 10.607081 87.427094
v 0.440314 10.016450 86.928749
v 0.440314 10.607081 87.427094
v 0.440314 10.189443 87.281128
v 0.440314 10.607078 86.430389
v 0.440314 10.189439 86.576347
v 0.440314 11.197708 86.928749
v 0.440314 11.024721 87.281120
v 0.440314 11.024719 86.576347
v 12.206125 8.582757 42.399940
v 12.530735 8.582750 43.776962
v 11.886314 8.582758 43.699028
v 12.850556 8.582749 42.477894
v 12.206121 8.412455 42.399937
v 12.850556 8.582749 42.477894
v 12.206125 8.582757 42.399940
v 12.850556 8.412454 42.477894
v 12.850556 8.412454 42.477894
v 12.530735 8.582750 43.776962
v 12.850556 8.582749 42.477894
v 12.530735 8.412454 43.776962
v 12.530735 8.412454 43.776962
v 11.886314 8.582758 43.699028
v 12.530735 8.582750 43.776962
v 11.886309 8.412455 43.699028
v 11.886309 8.412455 43.699028
v 12.206125 8.582757 42.399940
v 11.886314 8.582758 43.699028
v 12.206121 8.412455 42.399937
v 12.608031 8.412452 42.648567
v 12.638840 9.226114 42.744331
v 12.608031 9.226114 42.648567
v 12.638840 8.412452 42.744331
v 12.564027 9.226114 42.827309
v 12.564027 8.412452 42.827309
v 12.608031 9.226114 42.648567
v 12.489639 8.412452 42.596130
v 12.608031 8.412452 42.648567
v 12.489639 9.226114 42.596130
v 12.353013 8.412452 42.617710
v 12.353013 9.226119 42.617710
v 12.353013 9.226119 42.617710
v 12.278198 8.412454 42.700710
v 12.353013 8.412452 42.617710
v 12.278203 9.226129 42.700710
v 12.309007 8.412454 42.796474
v 12.309007 9.226119 42.796474
v 12.309007 9.226119 42.796474
v 12.427402 8.412452 42.848919
v 12.309007 8.412454 42.796474
v 12.427402 9.226114 42.848919
v 12.564027 8.412452 42.827309
v 12.564027 9.226114 42.827309
v 12.657208 9.226114 42.624252
v 12.698157 9.385440 42.751503
v 12.657211 9.385440 42.624241
v 12.698157 9.226114 42.751503
v 12.598724 9.385440 42.861790
v 12.598724 9.226114 42.861790
v 12.657211 9.385440 42.624241
v 12.499871 9.226114 42.554554
v 12.657208 9.226114 42.624252
v 12.499871 9.385440 42.554554
v 12.318313 9.226129 42.583237
v 12.318313 9.385454 42.583237
v 12.318313 9.385454 42.583237
v 12.218883 9.226129 42.693535
v 12.318313 9.226129 42.583237
v 12.218883 9.385451 42.693535
v 12.259830 9.226129 42.820801
v 12.259830 9.385454 42.820801
v 12.259830 9.385454 42.820801
v 12.417157 9.226114 42.890499
v 12.259830 9.226129 42.820801
v 12.417157 9.385440 42.890499
v 12.598724 9.226114 42.861790
v 12.598724 9.385440 42.861790
v 12.424007 8.412454 43.396057
v 12.454820 9.226114 43.491833
v 12.424007 9.226117 43.396057
v 12.454816 8.412454 43.491833
v 12.379996 9.226117 43.574821
v 12.379992 8.412454 43.574821
v 12.424007 9.226117 43.396057
v 12.305605 8.412452 43.343632
v 12.424007 8.412454 43.396057
v 12.305605 9.226117 43.343632
v 12.168987 8.412452 43.365211
v 12.168987 9.226125 43.365223
v 12.168987 9.226125 43.365223
v 12.094173 8.412452 43.448204
v 12.168987 8.412452 43.365211
v 12.094173 9.226129 43.448204
v 12.124987 8.412454 43.543961
v 12.124987 9.226129 43.543961
v 12.124987 9.226129 43.543961
v 12.243378 8.412454 43.596416
v 12.124987 8.412454 43.543961
v 12.243382 9.226119 43.596416
v 12.379992 8.412454 43.574821
v 12.379996 9.226117 43.574821
v 12.473191 9.226114 43.371735
v 12.514133 9.385442 43.499008
v 12.473191 9.385440 43.371735
v 12.514133 9.226114 43.499008
v 12.414701 9.385442 43.609303
v 12.414701 9.226114 43.609303
v 12.473191 9.385440 43.371735
v 12.315849 9.226117 43.302025
v 12.473191 9.226114 43.371735
v 12.315849 9.385444 43.302025
v 12.134285 9.226125 43.330746
v 12.134285 9.385451 43.330746
v 12.134285 9.385451 43.330746
v 12.034861 9.226125 43.441036
v 12.134285 9.226125 43.330746
v 12.034861 9.385451 43.441036
v 12.075811 9.226129 43.568295
v 12.075811 9.385454 43.568295
v 12.075811 9.385454 43.568295
v 12.233144 9.226117 43.637989
v 12.075811 9.226129 43.568295
v 12.233144 9.385447 43.637989
v 12.414701 9.226114 43.609303
v 12.414701 9.385442 43.609303
v 15.751192 8.582753 19.170650
v 16.180256 8.582747 20.407190
v 15.555168 8.582755 20.362030
v 16.376287 8.582746 19.215822
v 15.751187 8.412452 19.170650
v 16.376287 8.582746 19.215822
v 15.751192 8.582753 19.170650
v 16.376287 8.412450 19.215822
v 16.376287 8.412450 19.215822
v 16.180256 8.582747 20.407190
v 16.376287 8.582746 19.215822
v 16.180256 8.412450 20.407190
v 16.180256 8.412450 20.407190
v 15.555168 8.582755 20.362030
v 16.180256 8.582747 20.407190
v 15.555163 8.412452 20.362030
v 15.555163 8.412452 20.362030
v 15.751192 8.582753 19.170650
v 15.555168 8.582755 20.362030
v 15.751187 8.412452 19.170650
v 16.158112 8.412448 19.380302
v 16.195856 9.226111 19.465965
v 16.158112 9.226111 19.380302
v 16.195856 8.412448 19.465965
v 16.131144 9.226111 19.544222
v 16.131144 8.412448 19.544222
v 16.158112 9.226111 19.380302
v 16.040020 8.412448 19.337410
v 16.158112 8.412448 19.380302
v 16.040020 9.226111 19.337410
v 15.910745 8.412448 19.362421
v 15.910745 9.226115 19.362421
v 15.910745 9.226115 19.362421
v 15.846032 8.412450 19.440691
v 15.910745 8.412448 19.362421
v 15.846037 9.226125 19.440691
v 15.883772 8.412450 19.526363
v 15.883772 9.226115 19.526363
v 15.883772 9.226115 19.526363
v 16.001871 8.412448 19.569246
v 15.883772 8.412450 19.526363
v 16.001871 9.226111 19.569246
v 16.131144 8.412448 19.544222
v 16.131144 9.226111 19.544222
v 16.203234 9.226111 19.356291
v 16.253389 9.385438 19.470121
v 16.203234 9.385438 19.356279
v 16.253389 9.226111 19.470121
v 16.167385 9.385438 19.574129
v 16.167385 9.226111 19.574129
v 16.203234 9.385438 19.356279
v 16.046288 9.226111 19.299282
v 16.203234 9.226111 19.356291
v 16.046288 9.385438 19.299282
v 15.874502 9.226125 19.332512
v 15.874502 9.385451 19.332512
v 15.874502 9.385451 19.332512
v 15.788494 9.226125 19.436529
v 15.874502 9.226125 19.332512
v 15.788494 9.385448 19.436529
v 15.838656 9.226125 19.550379
v 15.838656 9.385451 19.550379
v 15.838656 9.385451 19.550379
v 15.995589 9.226111 19.607386
v 15.838656 9.226125 19.550379
v 15.995589 9.385438 19.607386
v 16.167385 9.226111 19.574129
v 16.167385 9.385438 19.574129
v 16.045317 8.412450 20.065819
v 16.083061 9.226111 20.151495
v 16.045317 9.226114 20.065819
v 16.083057 8.412450 20.151495
v 16.018339 9.226114 20.229757
v 16.018335 8.412450 20.229755
v 16.045317 9.226114 20.065819
v 15.927216 8.412448 20.022943
v 16.045317 8.412450 20.065819
v 15.927216 9.226114 20.022943
v 15.797948 8.412448 20.047943
v 15.797951 9.226122 20.047955
v 15.797951 9.226122 20.047955
v 15.733236 8.412448 20.126211
v 15.797948 8.412448 20.047943
v 15.733236 9.226125 20.126211
v 15.770981 8.412450 20.211870
v 15.770981 9.226125 20.211870
v 15.770981 9.226125 20.211870
v 15.889074 8.412450 20.254770
v 15.770981 8.412450 20.211870
v 15.889079 9.226115 20.254770
v 16.018335 8.412450 20.229755
v 16.018339 9.226114 20.229757
v 16.090441 9.226111 20.041798
v 16.140593 9.385439 20.155653
v 16.090441 9.385438 20.041798
v 16.140593 9.226111 20.155653
v 16.054588 9.385439 20.259674
v 16.054588 9.226111 20.259674
v 16.090441 9.385438 20.041798
v 15.933495 9.226114 19.984783
v 16.090441 9.226111 20.041798
v 15.933495 9.385440 19.984783
v 15.761702 9.226122 20.018045
v 15.761702 9.385448 20.018045
v 15.761702 9.385448 20.018045
v 15.675700 9.226122 20.122061
v 15.761702 9.226122 20.018045
v 15.675700 9.385448 20.122061
v 15.725863 9.226125 20.235897
v 15.725863 9.385451 20.235897
v 15.725863 9.385451 20.235897
v 15.882801 9.226114 20.292896
v 15.725863 9.226125 20.235897
v 15.882801 9.385444 20.292896
v 16.054588 9.226111 20.259674
v 16.054588 9.385439 20.259674
v -12.206124 8.582757 42.399940
v -12.530733 8.582750 43.776958
v -12.850555 8.582749 42.477882
v -11.886313 8.582758 43.699020
v -12.206120 8.412455 42.399933
v -12.850555 8.582749 42.477882
v -12.850555 8.412454 42.477882
v -12.206124 8.582757 42.399940
v -12.850555 8.412454 42.477882
v -12.530733 8.582750 43.776958
v -12.530733 8.412454 43.776958
v -12.850555 8.582749 42.477882
v -12.530733 8.412454 43.776958
v -11.886313 8.582758 43.699020
v -11.886308 8.412455 43.699020
v -12.530733 8.582750 43.776958
v -11.886308 8.412455 43.699020
v -12.206124 8.582757 42.399940
v -12.206120 8.412455 42.399933
v -11.886313 8.582758 43.699020
v -12.638841 9.226114 42.744324
v -12.608029 8.412452 42.648563
v -12.608029 9.226114 42.648563
v -12.638841 8.412452 42.744324
v -12.564028 9.226114 42.827309
v -12.564028 8.412452 42.827309
v -12.489635 8.412452 42.596119
v -12.608029 9.226114 42.648563
v -12.608029 8.412452 42.648563
v -12.489635 9.226114 42.596119
v -12.353010 8.412452 42.617706
v -12.353010 9.226119 42.617706
v -12.278197 8.412454 42.700710
v -12.353010 9.226119 42.617706
v -12.353010 8.412452 42.617706
v -12.278202 9.226129 42.700710
v -12.309008 8.412454 42.796474
v -12.309008 9.226119 42.796474
v -12.427402 8.412452 42.848911
v -12.309008 9.226119 42.796474
v -12.309008 8.412454 42.796474
v -12.427402 9.226114 42.848911
v -12.564028 8.412452 42.827309
v -12.564028 9.226114 42.827309
v -12.698155 9.385440 42.751503
v -12.657209 9.226114 42.624249
v -12.657212 9.385440 42.624233
v -12.698155 9.226114 42.751503
v -12.598724 9.385440 42.861782
v -12.598724 9.226114 42.861782
v -12.499868 9.226114 42.554539
v -12.657212 9.385440 42.624233
v -12.657209 9.226114 42.624249
v -12.499868 9.385440 42.554539
v -12.318311 9.226129 42.583237
v -12.318311 9.385454 42.583237
v -12.218882 9.226129 42.693523
v -12.318311 9.385454 42.583237
v -12.318311 9.226129 42.583237
v -12.218882 9.385451 42.693523
v -12.259830 9.226129 42.820789
v -12.259830 9.385454 42.820789
v -12.417157 9.226114 42.890499
v -12.259830 9.385454 42.820789
v -12.259830 9.226129 42.820789
v -12.417157 9.385440 42.890499
v -12.598724 9.226114 42.861782
v -12.598724 9.385440 42.861782
v -12.454820 9.226114 43.491829
v -12.424007 8.412454 43.396057
v -12.424007 9.226117 43.396057
v -12.454816 8.412454 43.491829
v -12.379993 9.226117 43.574814
v -12.379990 8.412454 43.574814
v -12.305606 8.412452 43.343632
v -12.424007 9.226117 43.396057
v -12.424007 8.412454 43.396057
v -12.305606 9.226117 43.343632
v -12.168987 8.412452 43.365204
v -12.168987 9.226125 43.365215
v -12.094173 8.412452 43.448196
v -12.168987 9.226125 43.365215
v -12.168987 8.412452 43.365204
v -12.094173 9.226129 43.448196
v -12.124985 8.412454 43.543957
v -12.124985 9.226129 43.543957
v -12.243377 8.412454 43.596409
v -12.124985 9.226129 43.543957
v -12.124985 8.412454 43.543957
v -12.243381 9.226119 43.596409
v -12.379990 8.412454 43.574814
v -12.379993 9.226117 43.574814
v -12.514133 9.385442 43.499001
v -12.473190 9.226114 43.371727
v -12.473190 9.385440 43.371727
v -12.514133 9.226114 43.499001
v -12.414700 9.385442 43.609303
v -12.414700 9.226114 43.609303
v -12.315849 9.226117 43.302025
v -12.473190 9.385440 43.371727
v -12.473190 9.226114 43.371727
v -12.315849 9.385444 43.302025
v -12.134285 9.226125 43.330734
v -12.134285 9.385451 43.330734
v -12.034860 9.226125 43.441032
v -12.134285 9.385451 43.330734
v -12.134285 9.226125 43.330734
v -12.034860 9.385451 43.441032
v -12.075811 9.226129 43.568283
v -12.075811 9.385454 43.568283
v -12.233141 9.226117 43.637989
v -12.075811 9.385454 43.568283
v -12.075811 9.226129 43.568283
v -12.233141 9.385447 43.637989
v -12.414700 9.226114 43.609303
v -12.414700 9.385442 43.609303
v -15.751186 8.582753 19.170649
v -16.180252 8.582747 20.407187
v -16.376284 8.582746 19.215820
v -15.555162 8.582755 20.362022
v -15.751182 8.412452 19.170649
v -16.376284 8.582746 19.215820
v -16.376284 8.412450 19.215820
v -15.751186 8.582753 19.170649
v -16.376284 8.412450 19.215820
v -16.180252 8.582747 20.407187
v -16.180252 8.412450 20.407187
v -16.376284 8.582746 19.215820
v -16.180252 8.412450 20.407187
v -15.555162 8.582755 20.362022
v -15.555158 8.412452 20.362022
v -16.180252 8.582747 20.407187
v -15.555158 8.412452 20.362022
v -15.751186 8.582753 19.170649
v -15.751182 8.412452 19.170649
v -15.555162 8.582755 20.362022
v -16.195852 9.226111 19.465958
v -16.158108 8.412448 19.380295
v -16.158108 9.226111 19.380295
v -16.195852 8.412448 19.465958
v -16.131140 9.226111 19.544218
v -16.131140 8.412448 19.544218
v -16.040014 8.412448 19.337402
v -16.158108 9.226111 19.380295
v -16.158108 8.412448 19.380295
v -16.040014 9.226111 19.337402
v -15.910739 8.412448 19.362413
v -15.910739 9.226115 19.362413
v -15.846026 8.412450 19.440685
v -15.910739 9.226115 19.362413
v -15.910739 8.412448 19.362413
v -15.846031 9.226125 19.440685
v -15.883766 8.412450 19.526358
v -15.883766 9.226115 19.526358
v -16.001867 8.412448 19.569241
v -15.883766 9.226115 19.526358
v -15.883766 8.412450 19.526358
v -16.001867 9.226111 19.569241
v -16.131140 8.412448 19.544218
v -16.131140 9.226111 19.544218
v -16.253386 9.385438 19.470118
v -16.203230 9.226111 19.356283
v -16.203230 9.385438 19.356272
v -16.253386 9.226111 19.470118
v -16.167379 9.385438 19.574123
v -16.167379 9.226111 19.574123
v -16.046284 9.226111 19.299276
v -16.203230 9.385438 19.356272
v -16.203230 9.226111 19.356283
v -16.046284 9.385438 19.299276
v -15.874496 9.226125 19.332508
v -15.874496 9.385451 19.332508
v -15.788489 9.226125 19.436523
v -15.874496 9.385451 19.332508
v -15.874496 9.226125 19.332508
v -15.788489 9.385448 19.436523
v -15.838651 9.226125 19.550375
v -15.838651 9.385451 19.550375
v -15.995584 9.226111 19.607378
v -15.838651 9.385451 19.550375
v -15.838651 9.226125 19.550375
v -15.995584 9.385438 19.607378
v -16.167379 9.226111 19.574123
v -16.167379 9.385438 19.574123
v -16.083055 9.226111 20.151487
v -16.045311 8.412450 20.065813
v -16.045311 9.226114 20.065813
v -16.083052 8.412450 20.151487
v -16.018333 9.226114 20.229752
v -16.018330 8.412450 20.229748
v -15.927210 8.412448 20.022936
v -16.045311 9.226114 20.065813
v -16.045311 8.412450 20.065813
v -15.927210 9.226114 20.022936
v -15.797942 8.412448 20.047937
v -15.797945 9.226122 20.047947
v -15.733231 8.412448 20.126207
v -15.797945 9.226122 20.047947
v -15.797942 8.412448 20.047937
v -15.733231 9.226125 20.126207
v -15.770975 8.412450 20.211866
v -15.770975 9.226125 20.211866
v -15.889069 8.412450 20.254765
v -15.770975 9.226125 20.211866
v -15.770975 8.412450 20.211866
v -15.889073 9.226115 20.254765
v -16.018330 8.412450 20.229748
v -16.018333 9.226114 20.229752
v -16.140589 9.385439 20.155647
v -16.090437 9.226111 20.041792
v -16.090437 9.385438 20.041792
v -16.140589 9.226111 20.155647
v -16.054585 9.385439 20.259668
v -16.054585 9.226111 20.259668
v -15.933489 9.226114 19.984776
v -16.090437 9.385438 20.041792
v -16.090437 9.226111 20.041792
v -15.933489 9.385440 19.984776
v -15.761697 9.226122 20.018040
v -15.761697 9.385448 20.018040
v -15.675694 9.226122 20.122053
v -15.761697 9.385448 20.018040
v -15.761697 9.226122 20.018040
v -15.675694 9.385448 20.122053
v -15.725858 9.226125 20.235893
v -15.725858 9.385451 20.235893
v -15.882795 9.226114 20.292891
v -15.725858 9.385451 20.235893
v -15.725858 9.226125 20.235893
v -15.882795 9.385444 20.292891
v -16.054585 9.226111 20.259668
v -16.054585 9.385439 20.259668
v 0.151207 12.047402 102.182838
v -0.000005 12.077096 102.369972
v -0.000009 12.059414 102.258568
v -0.151220 12.047405 102.182838
v 0.225415 12.059192 102.257072
v -0.225425 12.059200 102.257072
v 0.243458 12.018850 102.002861
v -0.243463 12.018850 102.002861
v 0.344077 12.022451 102.025581
v -0.344091 12.022451 102.025581
v 0.237675 11.983099 101.777580
v -0.237682 11.983102 101.777580
v 0.337077 11.979205 101.752602
v -0.337087 11.979205 101.752602
v 0.144974 11.954193 101.595512
v -0.144987 11.954202 101.595512
v 0.218131 11.942307 101.518974
v -0.218137 11.942312 101.518974
v -0.000005 11.943960 101.530983
v -0.000007 11.927038 101.421944
v 3.148689 11.201905 90.562981
v 3.228710 10.941888 90.543968
v 3.123320 11.087312 90.568962
v 2.985742 11.087312 90.601509
v 3.292946 11.002867 90.528770
v 2.960374 11.201905 90.607552
v 3.252600 10.719130 90.538322
v 2.816117 11.002867 90.641655
v 3.325646 10.697948 90.521034
v 2.880351 10.941888 90.626457
v 3.183813 10.523215 90.554634
v 2.783416 10.697948 90.649391
v 3.231490 10.429799 90.543388
v 2.856461 10.719130 90.632118
v 3.054530 10.445855 90.585213
v 2.877573 10.429799 90.627144
v 3.054530 10.323892 90.585213
v 2.925250 10.523215 90.615837
v 2.128334 11.032764 88.958031
v 2.331627 11.223759 89.180214
v 2.182241 10.979022 89.180214
v 2.299233 11.302608 88.958031
v 2.085440 10.555150 89.180214
v 2.331627 11.223759 88.735832
v 1.990376 10.555942 88.958031
v 2.182241 10.979022 88.735832
v 2.085440 10.555150 88.735832
v -3.228743 10.941888 90.543968
v -3.148721 11.201905 90.562981
v -3.123353 11.087312 90.568962
v -2.985775 11.087312 90.601509
v -3.292979 11.002867 90.528770
v -2.960407 11.201905 90.607552
v -3.252633 10.719130 90.538322
v -2.816149 11.002867 90.641655
v -3.325679 10.697948 90.521034
v -2.880384 10.941888 90.626457
v -3.183845 10.523215 90.554634
v -2.783448 10.697948 90.649391
v -3.231523 10.429799 90.543388
v -2.856493 10.719130 90.632118
v -3.054563 10.445855 90.585213
v -2.877605 10.429799 90.627144
v -3.054563 10.323892 90.585213
v -2.925283 10.523215 90.615837
v -2.331659 11.223759 89.180214
v -2.128366 11.032764 88.958031
v -2.182273 10.979022 89.180214
v -2.299265 11.302608 88.958031
v -2.085472 10.555150 89.180214
v -2.331659 11.223759 88.735832
v -1.990408 10.555942 88.958031
v -2.182273 10.979022 88.735832
v -2.085472 10.555150 88.735832
v 4.126273 10.519319 67.761467
v 3.370762 10.803507 67.757950
v 3.978791 10.519319 67.448906
v 3.985176 10.519315 68.072731
v 3.599062 10.519320 67.254364
v 3.609396 10.519320 68.263741
v 3.132129 10.519320 67.252182
v 3.142463 10.519320 68.261559
v 2.756346 10.519320 67.443192
v 2.762733 10.519320 68.067017
v 2.615249 10.519322 67.754417
v -4.126278 10.519319 67.761467
v -3.978796 10.519319 67.448906
v -3.370767 10.803507 67.757950
v -3.985181 10.519315 68.072731
v -3.599065 10.519320 67.254364
v -3.609400 10.519320 68.263741
v -3.132134 10.519320 67.252182
v -3.142468 10.519320 68.261559
v -2.756350 10.519320 67.443184
v -2.762738 10.519320 68.067017
v -2.615254 10.519322 67.754417
v 5.164847 10.669578 82.011642
v 5.075598 10.676682 82.103386
v 4.962017 10.754309 81.980316
v 5.135342 10.660832 81.902580
v 4.919868 10.677985 82.124062
v 5.004356 10.655577 81.840080
v 4.788889 10.672727 82.061562
v 4.848630 10.656881 81.860748
v 4.759382 10.663981 81.952484
v 4.976865 10.719453 82.643524
v 4.887615 10.726559 82.735283
v 4.774034 10.804182 82.612198
v 4.947358 10.710712 82.534454
v 4.731887 10.727863 82.755959
v 4.816379 10.705452 82.471947
v 4.600907 10.722601 82.693451
v 4.660650 10.706755 82.492622
v 4.571398 10.713858 82.584366
v -5.164855 10.669578 82.011642
v -4.962024 10.754309 81.980324
v -5.075606 10.676682 82.103386
v -5.135350 10.660832 81.902588
v -4.919877 10.677985 82.124062
v -5.004364 10.655577 81.840080
v -4.788897 10.672727 82.061562
v -4.848638 10.656881 81.860748
v -4.759390 10.663981 81.952484
v -4.976872 10.719453 82.643524
v -4.774042 10.804182 82.612198
v -4.887622 10.726559 82.735291
v -4.947365 10.710712 82.534454
v -4.731894 10.727863 82.755959
v -4.816386 10.705452 82.471947
v -4.600914 10.722601 82.693451
v -4.660658 10.706755 82.492630
v -4.571406 10.713858 82.584366
v 6.641407 10.225373 74.468025
v 6.479775 10.239794 74.637115
v 6.269728 10.384432 74.412704
v 6.584974 10.210128 74.268349
v 6.194746 10.244946 74.676598
v 6.343516 10.202994 74.155098
v 5.953302 10.237832 74.563339
v 6.058493 10.208169 74.194603
v 5.896858 10.222587 74.363701
v 6.310408 10.318713 75.628311
v 6.148779 10.333135 75.797424
v 5.938720 10.477778 75.573013
v 6.253968 10.303470 75.428673
v 5.863747 10.338294 75.836922
v 6.012515 10.296342 75.315422
v 5.622301 10.331171 75.723656
v 5.727490 10.301503 75.354904
v 5.565855 10.315928 75.524025
v -6.641412 10.225373 74.468025
v -6.269734 10.384432 74.412704
v -6.479781 10.239794 74.637115
v -6.584980 10.210128 74.268349
v -6.194755 10.244946 74.676598
v -6.343522 10.202994 74.155098
v -5.953308 10.237832 74.563339
v -6.058498 10.208169 74.194603
v -5.896863 10.222587 74.363701
v -6.310414 10.318713 75.628311
v -5.938727 10.477778 75.573013
v -6.148786 10.333135 75.797424
v -6.253974 10.303470 75.428673
v -5.863753 10.338294 75.836922
v -6.012521 10.296342 75.315422
v -5.622307 10.331171 75.723656
v -5.727497 10.301503 75.354904
v -5.565862 10.315928 75.524025
v 12.698157 9.385440 42.751503
v 12.598724 9.385440 42.861790
v 12.458523 9.488307 42.722527
v 12.657211 9.385440 42.624241
v 12.417157 9.385440 42.890499
v 12.499871 9.385440 42.554554
v 12.259830 9.385454 42.820801
v 12.318313 9.385454 42.583237
v 12.218883 9.385451 42.693535
v 12.514133 9.385442 43.499008
v 12.414701 9.385442 43.609303
v 12.274498 9.488311 43.470009
v 12.473191 9.385440 43.371735
v 12.233144 9.385447 43.637989
v 12.315849 9.385444 43.302025
v 12.075811 9.385454 43.568295
v 12.134285 9.385451 43.330746
v 12.034861 9.385451 43.441036
v 16.253389 9.385438 19.470121
v 16.167385 9.385438 19.574129
v 16.020948 9.488305 19.453337
v 16.203234 9.385438 19.356279
v 15.995589 9.385438 19.607386
v 16.046288 9.385438 19.299282
v 15.838656 9.385451 19.550379
v 15.874502 9.385451 19.332512
v 15.788494 9.385448 19.436529
v 16.140593 9.385439 20.155653
v 16.054588 9.385439 20.259674
v 15.908147 9.488307 20.138840
v 16.090441 9.385438 20.041798
v 15.882801 9.385444 20.292896
v 15.933495 9.385440 19.984783
v 15.725863 9.385451 20.235897
v 15.761702 9.385448 20.018045
v 15.675700 9.385448 20.122061
v -12.698155 9.385440 42.751503
v -12.458521 9.488307 42.722519
v -12.598724 9.385440 42.861782
v -12.657212 9.385440 42.624233
v -12.417157 9.385440 42.890499
v -12.499868 9.385440 42.554539
v -12.259830 9.385454 42.820789
v -12.318311 9.385454 42.583237
v -12.218882 9.385451 42.693523
v -12.514133 9.385442 43.499001
v -12.274497 9.488311 43.470005
v -12.414700 9.385442 43.609303
v -12.473190 9.385440 43.371727
v -12.233141 9.385447 43.637989
v -12.315849 9.385444 43.302025
v -12.075811 9.385454 43.568283
v -12.134285 9.385451 43.330734
v -12.034860 9.385451 43.441032
v -16.253386 9.385438 19.470118
v -16.020943 9.488305 19.453333
v -16.167379 9.385438 19.574123
v -16.203230 9.385438 19.356272
v -15.995584 9.385438 19.607378
v -16.046284 9.385438 19.299276
v -15.838651 9.385451 19.550375
v -15.874496 9.385451 19.332508
v -15.788489 9.385448 19.436523
v -16.140589 9.385439 20.155647
v -15.908141 9.488307 20.138834
v -16.054585 9.385439 20.259668
v -16.090437 9.385438 20.041792
v -15.882795 9.385444 20.292891
v -15.933489 9.385440 19.984776
v -15.725858 9.385451 20.235893
v -15.761697 9.385448 20.018040
v -15.675694 9.385448 20.122053
v 2.499095 10.707522 87.370781
v 2.311407 10.707522 87.446373
v 2.420947 10.707522 87.470406
v 2.282236 10.707522 87.323128
v 2.597043 10.707522 87.570030
v 2.224287 10.707522 87.516960
v 2.470423 10.707522 87.571114
v 2.109764 10.707522 87.462944
v 2.502323 10.707522 87.770851
v 2.225193 10.707522 87.629112
v 2.422578 10.707522 87.672539
v 2.111556 10.707522 87.684975
v 2.286261 10.707522 87.822014
v 2.313440 10.707522 87.698341
v 3.370133 11.300660 90.547966
v 3.535405 10.777490 90.508812
v 3.452936 10.777490 90.528343
v 3.435132 11.411039 90.532570
v 3.435132 10.143926 90.532570
v 3.062293 11.419831 90.620827
v 3.370133 10.254304 90.547966
v 3.062342 11.555360 90.620811
v 3.062342 9.999583 90.620811
v 2.753985 11.300660 90.693871
v 3.062293 10.135110 90.620827
v 2.688986 11.411039 90.709206
v 2.688986 10.143926 90.709206
v 2.671182 10.777490 90.713448
v 2.753985 10.254304 90.693871
v 2.588713 10.777490 90.732994
v 3.257029 10.555942 88.958031
v 3.196899 10.555150 89.304146
v 3.163695 10.555150 89.180214
v 3.342277 10.555942 88.958046
v 3.163695 10.555150 88.735832
v 3.196899 10.555150 88.611946
v 3.042670 10.554093 88.735832
v 2.625951 10.554093 89.304146
v 2.625951 10.554093 88.611946
v 3.042670 10.554093 89.180214
v 2.955132 10.553306 88.958031
v 2.627076 10.553306 88.958046
v 2.297591 10.553306 88.958031
v 2.208608 10.554093 89.180214
v 2.208608 10.554093 88.735832
v 2.051665 10.555150 89.304146
v 2.085440 10.555150 88.735832
v 2.085440 10.555150 89.180214
v 2.051665 10.555150 88.611946
v 1.903593 10.555942 88.958046
v 1.990376 10.555942 88.958031
v -2.499127 10.707522 87.370781
v -2.311439 10.707522 87.446373
v -2.282268 10.707522 87.323128
v -2.420979 10.707522 87.470406
v -2.224319 10.707522 87.516960
v -2.597075 10.707522 87.570030
v -2.109796 10.707522 87.462944
v -2.470455 10.707522 87.571114
v -2.225225 10.707522 87.629112
v -2.502355 10.707522 87.770851
v -2.111588 10.707522 87.684975
v -2.422610 10.707522 87.672539
v -2.313472 10.707522 87.698341
v -2.286293 10.707522 87.822014
v -3.370166 11.300660 90.547966
v -3.535438 10.777490 90.508812
v -3.435164 11.411039 90.532570
v -3.452969 10.777490 90.528343
v -3.062326 11.419831 90.620827
v -3.435164 10.143926 90.532570
v -3.062375 11.555360 90.620811
v -3.370166 10.254304 90.547966
v -2.754018 11.300660 90.693871
v -3.062375 9.999583 90.620811
v -2.689019 11.411039 90.709206
v -3.062326 10.135110 90.620827
v -2.671215 10.777490 90.713448
v -2.689019 10.143926 90.709206
v -2.588746 10.777490 90.732994
v -2.754018 10.254304 90.693871
v -3.257061 10.555942 88.958031
v -3.196931 10.555150 89.304146
v -3.342309 10.555942 88.958046
v -3.163727 10.555150 89.180214
v -3.163727 10.555150 88.735832
v -3.196931 10.555150 88.611946
v -3.042701 10.554093 88.735832
v -2.625983 10.554093 89.304146
v -2.625983 10.554093 88.611946
v -3.042702 10.554093 89.180214
v -2.955163 10.553306 88.958031
v -2.627108 10.553306 88.958046
v -2.297623 10.553306 88.958031
v -2.208640 10.554093 89.180214
v -2.208640 10.554093 88.735832
v -2.051697 10.555150 89.304146
v -2.085472 10.555150 88.735832
v -2.085472 10.555150 89.180214
v -2.051697 10.555150 88.611946
v -1.903625 10.555942 88.958046
v -1.990408 10.555942 88.958031
v 3.985177 10.331014 68.072731
v 3.855545 10.118566 67.760223
v 3.765006 10.118570 67.959915
v 4.126273 10.331014 67.761467
v 3.609396 10.331017 68.263741
v 3.760908 10.118571 67.559647
v 3.523882 10.118570 68.082512
v 3.978791 10.331012 67.448906
v 3.142462 10.331019 68.261559
v 3.517251 10.118571 67.434822
v 3.224266 10.118570 68.081093
v 3.599062 10.331014 67.254364
v 2.762732 10.331019 68.067017
v 3.217636 10.118571 67.433403
v 2.980611 10.118570 67.956261
v 3.132128 10.331014 67.252182
v 2.615248 10.331023 67.754417
v 2.976513 10.118571 67.555992
v 2.885976 10.118573 67.755676
v 2.756346 10.331023 67.443192
v -3.855549 10.118566 67.760223
v -3.985182 10.331014 68.072731
v -3.765011 10.118570 67.959915
v -4.126278 10.331014 67.761467
v -3.609400 10.331017 68.263741
v -3.760913 10.118571 67.559647
v -3.523886 10.118570 68.082504
v -3.978796 10.331012 67.448906
v -3.142467 10.331019 68.261559
v -3.517257 10.118571 67.434822
v -3.224272 10.118570 68.081100
v -3.599066 10.331014 67.254364
v -2.762737 10.331019 68.067017
v -3.217642 10.118571 67.433403
v -2.980617 10.118570 67.956261
v -3.132133 10.331014 67.252182
v -2.615253 10.331023 67.754417
v -2.976518 10.118571 67.555992
v -2.885981 10.118573 67.755676
v -2.756350 10.331023 67.443184
v 5.164999 10.534007 82.014351
v 5.092614 10.526736 81.924950
v 5.114822 10.533315 82.007027
v 5.135494 10.525262 81.905273
v 5.075751 10.541114 82.106094
v 4.994057 10.522780 81.877922
v 5.047660 10.538663 82.076065
v 5.004511 10.520005 81.842773
v 4.920026 10.542417 82.126770
v 4.876868 10.523764 81.893494
v 4.930482 10.539645 82.091629
v 4.848785 10.521310 81.863441
v 4.789044 10.537154 82.064278
v 4.809717 10.529103 81.962524
v 4.831919 10.535682 82.044579
v 4.759534 10.528410 81.955185
v 4.977020 10.583883 82.646248
v 4.904632 10.576612 82.556839
v 4.926838 10.583190 82.638924
v 4.947511 10.575140 82.537170
v 4.887767 10.590987 82.737991
v 4.806070 10.572653 82.509819
v 4.859678 10.588537 82.707954
v 4.816531 10.569879 82.474655
v 4.732041 10.592292 82.758652
v 4.688892 10.573636 82.525375
v 4.742498 10.589517 82.723503
v 4.660803 10.571183 82.495331
v 4.601060 10.587028 82.696152
v 4.621734 10.578979 82.594398
v 4.643936 10.585561 82.676476
v 4.571551 10.578284 82.587090
v -5.165007 10.534007 82.014351
v -5.092621 10.526736 81.924950
v -5.135502 10.525262 81.905273
v -5.114830 10.533315 82.007027
v -4.994065 10.522780 81.877922
v -5.075759 10.541114 82.106094
v -5.004519 10.520005 81.842773
v -5.047668 10.538663 82.076065
v -4.876875 10.523764 81.893494
v -4.920033 10.542417 82.126770
v -4.848794 10.521310 81.863441
v -4.930490 10.539645 82.091629
v -4.809724 10.529103 81.962524
v -4.789052 10.537154 82.064278
v -4.759543 10.528410 81.955193
v -4.831926 10.535682 82.044586
v -4.977027 10.583883 82.646248
v -4.904639 10.576612 82.556839
v -4.947518 10.575140 82.537170
v -4.926846 10.583190 82.638924
v -4.806078 10.572653 82.509819
v -4.887775 10.590987 82.737991
v -4.816538 10.569879 82.474655
v -4.859686 10.588537 82.707954
v -4.688900 10.573636 82.525383
v -4.732049 10.592292 82.758652
v -4.660811 10.571183 82.495331
v -4.742505 10.589517 82.723503
v -4.621742 10.578979 82.594398
v -4.601067 10.587028 82.696152
v -4.571558 10.578284 82.587090
v -4.643944 10.585561 82.676476
v 6.505870 9.965020 74.309761
v 6.640494 9.976834 74.472900
v 6.584056 9.961593 74.273239
v 6.548346 9.976489 74.459999
v 6.324182 9.959651 74.224556
v 6.478862 9.991259 74.641991
v 6.342594 9.954459 74.159996
v 6.426721 9.987340 74.587219
v 6.109708 9.963533 74.254265
v 6.193829 9.996411 74.681496
v 6.057575 9.959632 74.199478
v 6.212247 9.991220 74.616943
v 5.988092 9.974401 74.381508
v 5.952387 9.989297 74.568237
v 5.895940 9.974051 74.368576
v 6.030557 9.985854 74.531746
v 6.174874 10.058362 75.470062
v 6.309489 10.070174 75.633209
v 6.253054 10.054935 75.433556
v 6.217342 10.069829 75.620323
v 5.993187 10.052996 75.384842
v 6.147860 10.084598 75.802315
v 6.011597 10.047801 75.320320
v 6.095716 10.080684 75.747543
v 5.778712 10.056886 75.414574
v 5.862834 10.089751 75.841797
v 5.726573 10.052964 75.359810
v 5.881249 10.084561 75.777252
v 5.657087 10.067743 75.541824
v 5.621384 10.082633 75.728546
v 5.564941 10.067389 75.528885
v 5.699562 10.079209 75.692039
v -6.505876 9.965020 74.309761
v -6.640500 9.976834 74.472900
v -6.548352 9.976489 74.459999
v -6.584062 9.961593 74.273239
v -6.478867 9.991259 74.641991
v -6.324188 9.959651 74.224556
v -6.426727 9.987340 74.587219
v -6.342599 9.954459 74.159996
v -6.193835 9.996411 74.681496
v -6.109714 9.963533 74.254265
v -6.212254 9.991220 74.616943
v -6.057581 9.959632 74.199478
v -5.952392 9.989297 74.568237
v -5.988098 9.974401 74.381508
v -6.030562 9.985854 74.531746
v -5.895946 9.974051 74.368576
v -6.174882 10.058362 75.470062
v -6.309495 10.070174 75.633209
v -6.217349 10.069829 75.620323
v -6.253061 10.054935 75.433556
v -6.147867 10.084598 75.802315
v -5.993194 10.052996 75.384842
v -6.095723 10.080684 75.747543
v -6.011603 10.047801 75.320320
v -5.862841 10.089751 75.841797
v -5.778719 10.056886 75.414574
v -5.881257 10.084561 75.777252
v -5.726579 10.052964 75.359810
v -5.621390 10.082633 75.728546
v -5.657094 10.067743 75.541824
v -5.699568 10.079209 75.692039
v -5.564948 10.067389 75.528885
v 0.351459 9.792474 67.231148
v 0.468744 9.561591 67.420845
v 0.304372 9.792474 67.354317
v 0.541261 9.561594 67.231148
v 0.270625 9.561593 67.559723
v 0.304374 9.792474 67.107964
v 0.175723 9.792470 67.444511
v 0.468744 9.561594 67.041443
v -0.000010 9.561593 67.610550
v 0.175723 9.792474 67.017792
v -0.000010 9.792470 67.477509
v 0.270625 9.561595 66.902573
v -0.270644 9.561593 67.559723
v -0.000008 9.792474 66.984772
v -0.175742 9.792470 67.444511
v -0.000008 9.561595 66.851738
v -0.468764 9.561591 67.420845
v -0.175742 9.792474 67.017792
v -0.304391 9.792474 67.354317
v -0.270644 9.561595 66.902573
v -0.541281 9.561610 67.231148
v -0.304391 9.792474 67.107964
v -0.351481 9.792489 67.231148
v -0.468764 9.561594 67.041443
v 0.351459 9.792474 68.266869
v 0.468744 9.561591 68.456566
v 0.304371 9.792474 68.390045
v 0.541261 9.561595 68.266869
v 0.270624 9.561593 68.595444
v 0.304374 9.792474 68.143684
v 0.175722 9.792470 68.480225
v 0.468744 9.561595 68.077164
v -0.000010 9.561593 68.646278
v 0.175722 9.792474 68.053513
v -0.000010 9.792470 68.513229
v 0.270625 9.561595 67.938301
v -0.270644 9.561593 68.595444
v -0.000008 9.792474 68.020500
v -0.175742 9.792470 68.480225
v -0.000008 9.561595 67.887451
v -0.468764 9.561591 68.456566
v -0.175742 9.792474 68.053513
v -0.304391 9.792474 68.390045
v -0.270644 9.561595 67.938301
v -0.541281 9.561612 68.266869
v -0.304391 9.792474 68.143684
v -0.351481 9.792490 68.266869
v -0.468764 9.561595 68.077164
v 12.608031 9.226114 42.648567
v 12.698157 9.226114 42.751503
v 12.657208 9.226114 42.624252
v 12.638840 9.226114 42.744331
v 12.489639 9.226114 42.596130
v 12.598724 9.226114 42.861790
v 12.499871 9.226114 42.554554
v 12.564027 9.226114 42.827309
v 12.353013 9.226119 42.617710
v 12.417157 9.226114 42.890499
v 12.318313 9.226129 42.583237
v 12.427402 9.226114 42.848919
v 12.278203 9.226129 42.700710
v 12.259830 9.226129 42.820801
v 12.218883 9.226129 42.693535
v 12.309007 9.226119 42.796474
v 12.424007 9.226117 43.396057
v 12.514133 9.226114 43.499008
v 12.473191 9.226114 43.371735
v 12.454820 9.226114 43.491833
v 12.305605 9.226117 43.343632
v 12.414701 9.226114 43.609303
v 12.315849 9.226117 43.302025
v 12.379996 9.226117 43.574821
v 12.168987 9.226125 43.365223
v 12.233144 9.226117 43.637989
v 12.134285 9.226125 43.330746
v 12.243382 9.226119 43.596416
v 12.094173 9.226129 43.448204
v 12.075811 9.226129 43.568295
v 12.034861 9.226125 43.441036
v 12.124987 9.226129 43.543961
v 16.158112 9.226111 19.380302
v 16.253389 9.226111 19.470121
v 16.203234 9.226111 19.356291
v 16.195856 9.226111 19.465965
v 16.040020 9.226111 19.337410
v 16.167385 9.226111 19.574129
v 16.046288 9.226111 19.299282
v 16.131144 9.226111 19.544222
v 15.910745 9.226115 19.362421
v 15.995589 9.226111 19.607386
v 15.874502 9.226125 19.332512
v 16.001871 9.226111 19.569246
v 15.846037 9.226125 19.440691
v 15.838656 9.226125 19.550379
v 15.788494 9.226125 19.436529
v 15.883772 9.226115 19.526363
v 16.045317 9.226114 20.065819
v 16.140593 9.226111 20.155653
v 16.090441 9.226111 20.041798
v 16.083061 9.226111 20.151495
v 15.927216 9.226114 20.022943
v 16.054588 9.226111 20.259674
v 15.933495 9.226114 19.984783
v 16.018339 9.226114 20.229757
v 15.797951 9.226122 20.047955
v 15.882801 9.226114 20.292896
v 15.761702 9.226122 20.018045
v 15.889079 9.226115 20.254770
v 15.733236 9.226125 20.126211
v 15.725863 9.226125 20.235897
v 15.675700 9.226122 20.122061
v 15.770981 9.226125 20.211870
v -12.698155 9.226114 42.751503
v -12.608029 9.226114 42.648563
v -12.657209 9.226114 42.624249
v -12.638841 9.226114 42.744324
v -12.489635 9.226114 42.596119
v -12.598724 9.226114 42.861782
v -12.499868 9.226114 42.554539
v -12.564028 9.226114 42.827309
v -12.353010 9.226119 42.617706
v -12.417157 9.226114 42.890499
v -12.318311 9.226129 42.583237
v -12.427402 9.226114 42.848911
v -12.278202 9.226129 42.700710
v -12.259830 9.226129 42.820789
v -12.218882 9.226129 42.693523
v -12.309008 9.226119 42.796474
v -12.514133 9.226114 43.499001
v -12.424007 9.226117 43.396057
v -12.473190 9.226114 43.371727
v -12.454820 9.226114 43.491829
v -12.305606 9.226117 43.343632
v -12.414700 9.226114 43.609303
v -12.315849 9.226117 43.302025
v -12.379993 9.226117 43.574814
v -12.168987 9.226125 43.365215
v -12.233141 9.226117 43.637989
v -12.134285 9.226125 43.330734
v -12.243381 9.226119 43.596409
v -12.094173 9.226129 43.448196
v -12.075811 9.226129 43.568283
v -12.034860 9.226125 43.441032
v -12.124985 9.226129 43.543957
v -16.253386 9.226111 19.470118
v -16.158108 9.226111 19.380295
v -16.203230 9.226111 19.356283
v -16.195852 9.226111 19.465958
v -16.040014 9.226111 19.337402
v -16.167379 9.226111 19.574123
v -16.046284 9.226111 19.299276
v -16.131140 9.226111 19.544218
v -15.910739 9.226115 19.362413
v -15.995584 9.226111 19.607378
v -15.874496 9.226125 19.332508
v -16.001867 9.226111 19.569241
v -15.846031 9.226125 19.440685
v -15.838651 9.226125 19.550375
v -15.788489 9.226125 19.436523
v -15.883766 9.226115 19.526358
v -16.140589 9.226111 20.155647
v -16.045311 9.226114 20.065813
v -16.090437 9.226111 20.041792
v -16.083055 9.226111 20.151487
v -15.927210 9.226114 20.022936
v -16.054585 9.226111 20.259668
v -15.933489 9.226114 19.984776
v -16.018333 9.226114 20.229752
v -15.797945 9.226122 20.047947
v -15.882795 9.226114 20.292891
v -15.761697 9.226122 20.018040
v -15.889073 9.226115 20.254765
v -15.733231 9.226125 20.126207
v -15.725858 9.226125 20.235893
v -15.675694 9.226122 20.122053
v -15.770975 9.226125 20.211866
v 2.299818 10.866894 87.397408
v 2.497042 10.783058 87.370979
v 2.451996 10.866894 87.430824
v 2.280182 10.783058 87.323326
v 2.594990 10.783053 87.570229
v 2.178787 10.866894 87.495537
v 2.520730 10.866894 87.570656
v 2.107711 10.783058 87.463127
v 2.500269 10.783053 87.771049
v 2.180046 10.866894 87.651344
v 2.454262 10.866894 87.711586
v 2.109502 10.783053 87.685158
v 2.284207 10.783053 87.822197
v 2.302643 10.866894 87.747505
v -2.299850 10.866894 87.397408
v -2.497074 10.783058 87.370979
v -2.280214 10.783058 87.323326
v -2.452028 10.866894 87.430824
v -2.178819 10.866894 87.495537
v -2.595021 10.783053 87.570229
v -2.107743 10.783058 87.463127
v -2.520762 10.866894 87.570656
v -2.180078 10.866894 87.651344
v -2.500301 10.783053 87.771049
v -2.109534 10.783053 87.685158
v -2.454294 10.866894 87.711586
v -2.302675 10.866894 87.747505
v -2.284239 10.783053 87.822197
v 0.304372 9.792474 67.354317
v 0.541261 10.023352 67.231148
v 0.351459 9.792474 67.231148
v 0.468744 10.023349 67.420845
v 0.468744 10.023352 67.041443
v 0.175723 9.792470 67.444511
v 0.304374 9.792474 67.107964
v 0.270625 10.023351 67.559723
v 0.270625 10.023353 66.902573
v -0.000010 9.792470 67.477509
v 0.175723 9.792474 67.017792
v -0.000010 10.023351 67.610550
v -0.000008 10.023353 66.851738
v -0.175742 9.792470 67.444511
v -0.000008 9.792474 66.984772
v -0.270646 10.023351 67.559723
v -0.270644 10.023353 66.902573
v -0.304391 9.792474 67.354317
v -0.175742 9.792474 67.017792
v -0.468764 10.023349 67.420845
v -0.468764 10.023352 67.041443
v -0.351481 9.792489 67.231148
v -0.304391 9.792474 67.107964
v -0.541281 10.023368 67.231148
v 0.304371 9.792474 68.390045
v 0.541261 10.023353 68.266869
v 0.351459 9.792474 68.266869
v 0.468744 10.023349 68.456566
v 0.468744 10.023353 68.077164
v 0.175722 9.792470 68.480225
v 0.304374 9.792474 68.143684
v 0.270624 10.023351 68.595444
v 0.270625 10.023353 67.938301
v -0.000010 9.792470 68.513229
v 0.175722 9.792474 68.053513
v -0.000010 10.023351 68.646278
v -0.000008 10.023353 67.887451
v -0.175742 9.792470 68.480225
v -0.000008 9.792474 68.020500
v -0.270647 10.023351 68.595444
v -0.270644 10.023353 67.938301
v -0.304391 9.792474 68.390045
v -0.175742 9.792474 68.053513
v -0.468764 10.023349 68.456566
v -0.468764 10.023353 68.077164
v -0.351481 9.792490 68.266869
v -0.304391 9.792474 68.143684
v -0.541281 10.023370 68.266869
v 17.279741 8.679094 11.860624
v 16.971567 8.679095 6.399771
v 17.287714 8.679095 6.399771
v 16.963770 8.679094 11.851889
v 16.745024 8.679095 19.036715
v 16.430666 8.679095 19.013033
v 15.863353 8.679095 26.417711
v 15.551494 8.679093 26.381495
v 14.275560 8.679099 36.422375
v 13.967108 8.679097 36.376827
v 12.475511 8.679103 46.424038
v 12.169908 8.679101 46.375164
v 10.671410 8.679097 56.423557
v 10.368500 8.679097 56.372898
v 8.792562 8.980105 66.422935
v 8.492708 8.979983 66.368248
v 6.763678 9.563311 76.423012
v 6.466584 9.562990 76.364738
v 5.727537 9.904534 81.422859
v 5.431618 9.904111 81.363106
v 4.681676 10.295920 86.422630
v 4.386827 10.295371 86.361214
v 3.991020 10.590357 89.621147
v 3.747894 10.568564 89.321465
v 2.511032 10.590250 89.621223
v 2.472410 10.568683 89.321526
v 2.023218 10.599723 89.748894
v 1.878164 10.580362 89.477028
v 1.619539 10.632432 90.102058
v 1.377535 10.620912 89.914986
v 1.341909 10.685120 90.646263
v 1.051601 10.682788 90.553947
v 1.243932 10.750015 91.300194
v 0.939828 10.756886 91.300636
v 1.343446 10.815629 91.948128
v 1.053623 10.831877 92.041100
v 1.622213 10.871949 92.491341
v 1.380868 10.897975 92.678673
v 2.026139 10.909883 92.842873
v 1.881953 10.945039 93.114708
v 2.507543 10.925587 92.966789
v 2.469157 10.964058 93.265846
v 3.274249 10.925746 92.966881
v 2.906671 10.963929 93.265923
v 2.604390 11.288499 96.255470
v 2.310187 11.285530 96.195610
v 1.965560 11.702378 99.349968
v 1.672122 11.699028 99.287132
v 1.541457 11.996063 101.242119
v 1.249417 11.991507 101.173332
v 1.419070 12.218756 101.756355
v 1.127076 12.214798 101.687386
v 1.103144 13.139316 103.003639
v 0.818556 13.117597 102.905479
v 0.948851 13.195929 103.331657
v 0.705851 13.150674 103.143959
v 0.501097 13.252465 103.687996
v 0.365895 13.193612 103.414482
v -0.000007 13.271569 103.808617
v -0.000005 13.207556 103.502571
v -0.501110 13.252469 103.687996
v -0.365907 13.193616 103.414482
v -0.948865 13.195923 103.331642
v -0.705862 13.150678 103.143959
v -1.103157 13.139310 103.003639
v -0.818568 13.117597 102.905479
v -1.419079 12.218756 101.756355
v -1.127089 12.214795 101.687386
v -1.541464 11.996066 101.242119
v -1.249429 11.991516 101.173332
v -1.965570 11.702373 99.349953
v -1.672137 11.699031 99.287132
v -2.604400 11.288502 96.255470
v -2.310197 11.285533 96.195610
v -3.274261 10.925743 92.966896
v -2.906678 10.963926 93.265923
v -2.507545 10.925584 92.966789
v -2.469167 10.964064 93.265846
v -2.026152 10.909885 92.842873
v -1.881964 10.945036 93.114708
v -1.622222 10.871941 92.491341
v -1.380878 10.897975 92.678673
v -1.343451 10.815629 91.948128
v -1.053629 10.831874 92.041100
v -1.243940 10.750015 91.300179
v -0.939831 10.756888 91.300621
v -1.341917 10.685120 90.646263
v -1.051615 10.682782 90.553947
v -1.619548 10.632422 90.102058
v -1.377544 10.620908 89.914986
v -2.023232 10.599717 89.748894
v -1.878173 10.580356 89.477028
v -2.511042 10.590250 89.621223
v -2.472416 10.568689 89.321526
v -3.991029 10.590357 89.621147
v -3.747899 10.568574 89.321465
v -4.681687 10.295926 86.422630
v -4.386834 10.295362 86.361214
v -5.727546 9.904529 81.422874
v -5.431620 9.904111 81.363091
v -6.763687 9.563304 76.423012
v -6.466593 9.562984 76.364754
v -8.792567 8.980102 66.422935
v -8.492715 8.979985 66.368248
v -10.671408 8.679095 56.423557
v -10.368500 8.679097 56.372906
v -12.475513 8.679095 46.424046
v -12.169910 8.679098 46.375172
v -14.275559 8.679097 36.422363
v -13.967108 8.679097 36.376831
v -15.863351 8.679099 26.417707
v -15.551495 8.679093 26.381498
v -16.745018 8.679093 19.036734
v -16.430660 8.679097 19.013006
v -17.279732 8.679091 11.860632
v -16.963764 8.679094 11.851881
v -17.287701 8.679098 6.399764
v -16.971563 8.679097 6.399764
v 17.279741 8.199094 11.860624
v 17.287714 8.679095 6.399771
v 17.287714 8.199095 6.399771
v 17.279741 8.679094 11.860624
v 16.745024 8.199096 19.036715
v 16.745024 8.679095 19.036715
v 15.863357 8.199096 26.417711
v 15.863353 8.679095 26.417711
v 14.275562 8.199098 36.422375
v 14.275560 8.679099 36.422375
v 12.475513 8.199098 46.424038
v 12.475511 8.679103 46.424038
v 10.670916 8.199098 56.426304
v 10.671410 8.679097 56.423557
v 8.791095 8.500264 66.430962
v 8.792562 8.980105 66.422935
v 6.761548 9.083667 76.434471
v 6.763678 9.563311 76.423012
v 5.725058 9.425015 81.436104
v 5.727537 9.904534 81.422859
v 4.678777 9.816571 86.437981
v 4.681676 10.295920 86.422630
v 3.988044 10.110852 89.634773
v 3.991020 10.590357 89.621147
v 16.963770 8.199094 11.851881
v 17.287714 8.199095 6.399771
v 16.971567 8.199094 6.399771
v 17.279741 8.199094 11.860624
v 16.430666 8.199095 19.013033
v 16.745024 8.199096 19.036715
v 15.551497 8.199094 26.381487
v 15.863357 8.199096 26.417711
v 13.967108 8.199098 36.376827
v 14.275562 8.199098 36.422375
v 12.169909 8.199094 46.375156
v 12.475513 8.199098 46.424038
v 10.368013 8.199094 56.375645
v 10.670916 8.199098 56.426304
v 8.491245 8.500147 66.376259
v 8.791095 8.500264 66.430962
v 6.464459 9.083348 76.376183
v 6.761548 9.083667 76.434471
v 5.429138 9.424590 81.376335
v 5.725058 9.425015 81.436104
v 4.383924 9.816010 86.376579
v 4.678777 9.816571 86.437981
v 3.744915 10.089063 89.335075
v 3.988044 10.110852 89.634773
v 2.472334 10.089173 89.334999
v 2.510952 10.110730 89.634712
v 1.876728 10.100863 89.490791
v 2.021791 10.120225 89.762642
v 1.374323 10.141568 89.930290
v 1.616321 10.153073 90.117363
v 1.047506 10.203608 90.570992
v 1.337808 10.205934 90.663322
v 0.935470 10.277875 91.319389
v 1.239583 10.271008 91.318977
v 1.049531 10.353032 92.061577
v 1.339353 10.336793 91.968605
v 1.377672 10.419312 92.700874
v 1.619016 10.393293 92.513542
v 1.880552 10.466544 93.138496
v 2.024741 10.431397 92.866646
v 2.469089 10.485602 93.289879
v 2.507472 10.447135 92.990837
v 2.902623 10.485444 93.289803
v 3.270204 10.447267 92.990746
v 2.307527 10.806862 96.217873
v 2.601729 10.809822 96.277733
v 1.668647 11.220890 99.313362
v 1.962086 11.224244 99.376183
v 1.234925 11.521124 101.249550
v 1.526967 11.525674 101.318352
v 1.112191 11.744400 101.763527
v 1.404181 11.748355 101.832497
v 0.801504 12.647314 102.981300
v 1.086090 12.669027 103.079445
v 0.713650 12.674228 103.179588
v 0.956650 12.719470 103.367302
v 0.370241 12.717590 103.452873
v 0.505440 12.776459 103.726387
v -0.000004 12.731705 103.542015
v -0.000005 12.795724 103.848061
v -0.370247 12.717599 103.452873
v -0.505453 12.776452 103.726387
v -0.713659 12.674225 103.179588
v -0.956664 12.719476 103.367302
v -0.801514 12.647308 102.981300
v -1.086102 12.669030 103.079445
v -1.112195 11.744400 101.763527
v -1.404192 11.748358 101.832497
v -1.234933 11.521121 101.249550
v -1.526975 11.525668 101.318352
v -1.668661 11.220890 99.313362
v -1.962092 11.224251 99.376183
v -2.307543 10.806852 96.217873
v -2.601742 10.809822 96.277733
v -2.902634 10.485444 93.289803
v -3.270212 10.447267 92.990746
v -2.469102 10.485602 93.289879
v -2.507483 10.447133 92.990837
v -1.880565 10.466542 93.138496
v -2.024747 10.431395 92.866646
v -1.377674 10.419310 92.700874
v -1.619016 10.393293 92.513542
v -1.049539 10.353034 92.061577
v -1.339360 10.336787 91.968605
v -0.935482 10.277879 91.319405
v -1.239585 10.271008 91.318962
v -1.047513 10.203614 90.570992
v -1.337819 10.205934 90.663322
v -1.374324 10.141572 89.930290
v -1.616332 10.153077 90.117378
v -1.876736 10.100867 89.490791
v -2.021797 10.120231 89.762642
v -2.472330 10.089173 89.334999
v -2.510954 10.110734 89.634697
v -3.744927 10.089063 89.335075
v -3.988049 10.110856 89.634773
v -4.383935 9.816010 86.376579
v -4.678782 9.816575 86.437996
v -5.429147 9.424590 81.376335
v -5.725063 9.425015 81.436089
v -6.464463 9.083345 76.376183
v -6.761556 9.083671 76.434471
v -8.491244 8.500152 66.376274
v -8.791096 8.500266 66.430962
v -10.368011 8.199100 56.375652
v -10.670919 8.199092 56.426296
v -12.169909 8.199096 46.375156
v -12.475513 8.199094 46.424038
v -13.967108 8.199090 36.376854
v -14.275558 8.199100 36.422379
v -15.551496 8.199098 26.381483
v -15.863350 8.199098 26.417700
v -16.430658 8.199095 19.013029
v -16.745018 8.199094 19.036726
v -16.963764 8.199096 11.851889
v -17.279732 8.199096 11.860594
v -16.971563 8.199096 6.399764
v -17.287701 8.199100 6.399764
v 16.963770 8.679094 11.851889
v 16.971567 8.199094 6.399771
v 16.971567 8.679095 6.399771
v 16.963770 8.199094 11.851881
v 16.430666 8.679095 19.013033
v 16.430666 8.199095 19.013033
v 15.551494 8.679093 26.381495
v 15.551497 8.199094 26.381487
v 13.967108 8.679097 36.376827
v 13.967108 8.199098 36.376827
v 12.169908 8.679101 46.375164
v 12.169909 8.199094 46.375156
v 10.368500 8.679097 56.372898
v 10.368013 8.199094 56.375645
v 8.492708 8.979983 66.368248
v 8.491245 8.500147 66.376259
v 6.466584 9.562990 76.364738
v 6.464459 9.083348 76.376183
v 5.431618 9.904111 81.363106
v 5.429138 9.424590 81.376335
v 4.386827 10.295371 86.361214
v 4.383924 9.816010 86.376579
v 3.747894 10.568564 89.321465
v 3.744915 10.089063 89.335075
v 2.510952 10.110730 89.634712
v 3.991020 10.590357 89.621147
v 3.988044 10.110852 89.634773
v 2.511032 10.590250 89.621223
v 2.021791 10.120225 89.762642
v 2.023218 10.599723 89.748894
v 1.616321 10.153073 90.117363
v 1.619539 10.632432 90.102058
v 2.472410 10.568683 89.321526
v 3.744915 10.089063 89.335075
v 3.747894 10.568564 89.321465
v 2.472334 10.089173 89.334999
v 1.878164 10.580362 89.477028
v 1.876728 10.100863 89.490791
v 1.377535 10.620912 89.914986
v 1.374323 10.141568 89.930290
v 1.337808 10.205934 90.663322
v 1.619539 10.632432 90.102058
v 1.616321 10.153073 90.117363
v 1.341909 10.685120 90.646263
v 1.239583 10.271008 91.318977
v 1.243932 10.750015 91.300194
v 1.339353 10.336793 91.968605
v 1.343446 10.815629 91.948128
v 1.619016 10.393293 92.513542
v 1.622213 10.871949 92.491341
v 1.051601 10.682788 90.553947
v 1.374323 10.141568 89.930290
v 1.377535 10.620912 89.914986
v 1.047506 10.203608 90.570992
v 0.939828 10.756886 91.300636
v 0.935470 10.277875 91.319389
v 1.053623 10.831877 92.041100
v 1.049531 10.353032 92.061577
v 1.380868 10.897975 92.678673
v 1.377672 10.419312 92.700874
v 2.024741 10.431397 92.866646
v 1.622213 10.871949 92.491341
v 1.619016 10.393293 92.513542
v 2.026139 10.909883 92.842873
v 2.507472 10.447135 92.990837
v 2.507543 10.925587 92.966789
v 3.270204 10.447267 92.990746
v 3.274249 10.925746 92.966881
v 1.881953 10.945039 93.114708
v 1.377672 10.419312 92.700874
v 1.380868 10.897975 92.678673
v 1.880552 10.466544 93.138496
v 2.469157 10.964058 93.265846
v 2.469089 10.485602 93.289879
v 2.906671 10.963929 93.265923
v 2.902623 10.485444 93.289803
v 2.601729 10.809822 96.277733
v 3.274249 10.925746 92.966881
v 3.270204 10.447267 92.990746
v 2.604390 11.288499 96.255470
v 1.962086 11.224244 99.376183
v 1.965560 11.702378 99.349968
v 1.526967 11.525674 101.318352
v 1.541457 11.996063 101.242119
v 1.404181 11.748355 101.832497
v 1.419070 12.218756 101.756355
v 1.086090 12.669027 103.079445
v 1.103144 13.139316 103.003639
v 0.956650 12.719470 103.367302
v 0.948851 13.195929 103.331657
v 2.310187 11.285530 96.195610
v 2.902623 10.485444 93.289803
v 2.906671 10.963929 93.265923
v 2.307527 10.806862 96.217873
v 1.672122 11.699028 99.287132
v 1.668647 11.220890 99.313362
v 1.249417 11.991507 101.173332
v 1.234925 11.521124 101.249550
v 1.127076 12.214798 101.687386
v 1.112191 11.744400 101.763527
v 0.818556 13.117597 102.905479
v 0.801504 12.647314 102.981300
v 0.705851 13.150674 103.143959
v 0.713650 12.674228 103.179588
v 0.505440 12.776459 103.726387
v 0.948851 13.195929 103.331657
v 0.956650 12.719470 103.367302
v 0.501097 13.252465 103.687996
v -0.000005 12.795724 103.848061
v -0.000007 13.271569 103.808617
v -0.505453 12.776452 103.726387
v -0.501110 13.252469 103.687996
v -0.956664 12.719476 103.367302
v -0.948865 13.195923 103.331642
v 0.365895 13.193612 103.414482
v 0.713650 12.674228 103.179588
v 0.705851 13.150674 103.143959
v 0.370241 12.717590 103.452873
v -0.000005 13.207556 103.502571
v -0.000004 12.731705 103.542015
v -0.365907 13.193616 103.414482
v -0.370247 12.717599 103.452873
v -0.705862 13.150678 103.143959
v -0.713659 12.674225 103.179588
v -1.086102 12.669030 103.079445
v -0.948865 13.195923 103.331642
v -0.956664 12.719476 103.367302
v -1.103157 13.139310 103.003639
v -1.404192 11.748358 101.832497
v -1.419079 12.218756 101.756355
v -1.526975 11.525668 101.318352
v -1.541464 11.996066 101.242119
v -1.962092 11.224251 99.376183
v -1.965570 11.702373 99.349953
v -2.601742 10.809822 96.277733
v -2.604400 11.288502 96.255470
v -3.270212 10.447267 92.990746
v -3.274261 10.925743 92.966896
v -0.818568 13.117597 102.905479
v -0.713659 12.674225 103.179588
v -0.705862 13.150678 103.143959
v -0.801514 12.647308 102.981300
v -1.127089 12.214795 101.687386
v -1.112195 11.744400 101.763527
v -1.249429 11.991516 101.173332
v -1.234933 11.521121 101.249550
v -1.672137 11.699031 99.287132
v -1.668661 11.220890 99.313362
v -2.310197 11.285533 96.195610
v -2.307543 10.806852 96.217873
v -2.906678 10.963926 93.265923
v -2.902634 10.485444 93.289803
v -2.507483 10.447133 92.990837
v -3.274261 10.925743 92.966896
v -3.270212 10.447267 92.990746
v -2.507545 10.925584 92.966789
v -2.024747 10.431395 92.866646
v -2.026152 10.909885 92.842873
v -1.619016 10.393293 92.513542
v -1.622222 10.871941 92.491341
v -2.469167 10.964064 93.265846
v -2.902634 10.485444 93.289803
v -2.906678 10.963926 93.265923
v -2.469102 10.485602 93.289879
v -1.881964 10.945036 93.114708
v -1.880565 10.466542 93.138496
v -1.380878 10.897975 92.678673
v -1.377674 10.419310 92.700874
v -1.339360 10.336787 91.968605
v -1.622222 10.871941 92.491341
v -1.619016 10.393293 92.513542
v -1.343451 10.815629 91.948128
v -1.239585 10.271008 91.318962
v -1.243940 10.750015 91.300179
v -1.337819 10.205934 90.663322
v -1.341917 10.685120 90.646263
v -1.616332 10.153077 90.117378
v -1.619548 10.632422 90.102058
v -1.053629 10.831874 92.041100
v -1.377674 10.419310 92.700874
v -1.380878 10.897975 92.678673
v -1.049539 10.353034 92.061577
v -0.939831 10.756888 91.300621
v -0.935482 10.277879 91.319405
v -1.051615 10.682782 90.553947
v -1.047513 10.203614 90.570992
v -1.377544 10.620908 89.914986
v -1.374324 10.141572 89.930290
v -2.021797 10.120231 89.762642
v -1.619548 10.632422 90.102058
v -1.616332 10.153077 90.117378
v -2.023232 10.599717 89.748894
v -2.510954 10.110734 89.634697
v -2.511042 10.590250 89.621223
v -3.988049 10.110856 89.634773
v -3.991029 10.590357 89.621147
v -1.878173 10.580356 89.477028
v -1.374324 10.141572 89.930290
v -1.377544 10.620908 89.914986
v -1.876736 10.100867 89.490791
v -2.472416 10.568689 89.321526
v -2.472330 10.089173 89.334999
v -3.747899 10.568574 89.321465
v -3.744927 10.089063 89.335075
v -4.678782 9.816575 86.437996
v -3.991029 10.590357 89.621147
v -3.988049 10.110856 89.634773
v -4.681687 10.295926 86.422630
v -5.725063 9.425015 81.436089
v -5.727546 9.904529 81.422874
v -6.761556 9.083671 76.434471
v -6.763687 9.563304 76.423012
v -8.791096 8.500266 66.430962
v -8.792567 8.980102 66.422935
v -10.670919 8.199092 56.426296
v -10.671408 8.679095 56.423557
v -12.475513 8.199094 46.424038
v -12.475513 8.679095 46.424046
v -14.275558 8.199100 36.422379
v -14.275559 8.679097 36.422363
v -15.863350 8.199098 26.417700
v -15.863351 8.679099 26.417707
v -16.745018 8.199094 19.036726
v -16.745018 8.679093 19.036734
v -17.279732 8.199096 11.860594
v -17.279732 8.679091 11.860632
v -17.287701 8.199100 6.399764
v -17.287701 8.679098 6.399764
v -4.386834 10.295362 86.361214
v -3.744927 10.089063 89.335075
v -3.747899 10.568574 89.321465
v -4.383935 9.816010 86.376579
v -5.431620 9.904111 81.363091
v -5.429147 9.424590 81.376335
v -6.466593 9.562984 76.364754
v -6.464463 9.083345 76.376183
v -8.492715 8.979985 66.368248
v -8.491244 8.500152 66.376274
v -10.368500 8.679097 56.372906
v -10.368011 8.199100 56.375652
v -12.169910 8.679098 46.375172
v -12.169909 8.199096 46.375156
v -13.967108 8.679097 36.376831
v -13.967108 8.199090 36.376854
v -15.551495 8.679093 26.381498
v -15.551496 8.199098 26.381483
v -16.430660 8.679097 19.013006
v -16.430658 8.199095 19.013029
v -16.963764 8.679094 11.851881
v -16.963764 8.199096 11.851889
v -16.971563 8.679097 6.399764
v -16.971563 8.199096 6.399764
v -0.000002 10.037110 65.245796
v 2.902182 10.037082 65.092590
v 2.976381 10.037086 65.245781
v -0.000002 10.037107 65.092590
v -2.902186 10.037088 65.092606
v -2.976388 10.037082 65.245781
v 2.902182 10.037082 65.092590
v -0.000000 8.056221 65.302956
v 2.901649 8.056203 65.302925
v -0.000002 10.037107 65.092590
v -2.902186 10.037088 65.092606
v -2.901658 8.056198 65.302925
v 2.976381 10.037086 65.245781
v 8.968117 9.464129 61.509563
v 9.008993 9.464755 61.621597
v 2.902182 10.037082 65.092590
v 2.975817 8.056203 65.467171
v 9.008993 9.464755 61.621597
v 9.500908 8.056201 61.477856
v 2.976381 10.037086 65.245781
v 2.902182 10.037082 65.092590
v 9.459673 8.056201 61.365463
v 8.968117 9.464129 61.509563
v 2.901649 8.056203 65.302925
v 8.968117 9.464129 61.509563
v 9.500908 8.056201 61.477856
v 9.008993 9.464755 61.621597
v 9.459673 8.056201 61.365463
v -0.000004 8.056229 65.467171
v 2.976381 10.037086 65.245781
v 2.975817 8.056203 65.467171
v -0.000002 10.037110 65.245796
v -2.976388 10.037082 65.245781
v -2.975814 8.056195 65.467186
v -2.976388 10.037082 65.245781
v -8.968121 9.464133 61.509552
v -2.902186 10.037088 65.092606
v -9.008991 9.464765 61.621590
v -2.975814 8.056195 65.467186
v -9.008991 9.464765 61.621590
v -2.976388 10.037082 65.245781
v -9.500914 8.056193 61.477867
v -2.902186 10.037088 65.092606
v -9.459674 8.056193 61.365459
v -2.901658 8.056198 65.302925
v -8.968121 9.464133 61.509552
v -8.968121 9.464133 61.509552
v -9.500914 8.056193 61.477867
v -9.459674 8.056193 61.365459
v -9.008991 9.464765 61.621590
v -2.561349 9.090480 63.799637
v -2.557883 8.056215 65.349411
v -2.558249 9.824725 65.184669
v -2.561351 8.056216 63.799644
v -2.663962 8.056216 63.801720
v -2.660743 9.824729 65.184639
v -2.660366 8.056213 65.349411
v -2.663966 9.090482 63.801704
v -2.663966 9.090482 63.801704
v -2.561351 8.056216 63.799644
v -2.561349 9.090480 63.799637
v -2.663962 8.056216 63.801720
v -2.660743 9.824729 65.184639
v -2.561349 9.090480 63.799637
v -2.558249 9.824725 65.184669
v -2.663966 9.090482 63.801704
v 2.561230 9.090480 63.799644
v 2.557753 8.056197 65.349419
v 2.561224 8.056205 63.799637
v 2.558128 9.824725 65.184654
v 2.663836 8.056205 63.801750
v 2.660629 9.824732 65.184654
v 2.663841 9.090480 63.801720
v 2.660236 8.056198 65.349434
v 2.663841 9.090480 63.801720
v 2.561224 8.056205 63.799637
v 2.663836 8.056205 63.801750
v 2.561230 9.090480 63.799644
v 2.660629 9.824732 65.184654
v 2.561230 9.090480 63.799644
v 2.663841 9.090480 63.801720
v 2.558128 9.824725 65.184654
v 4.429224 9.702332 62.713158
v 5.497643 9.702332 63.271706
v 4.427040 9.702338 63.271706
v 5.500351 9.702326 62.713173
v 5.497644 8.060509 63.271706
v 5.500351 9.702326 62.713173
v 5.500355 8.060516 62.713150
v 5.497643 9.702332 63.271706
v 5.500355 8.060516 62.713150
v 4.429224 9.702332 62.713158
v 4.429218 8.060519 62.713158
v 5.500351 9.702326 62.713173
v 4.429218 8.060519 62.713158
v 4.427040 9.702338 63.271706
v 4.427040 8.060515 63.271706
v 4.429224 9.702332 62.713158
v 4.427040 8.060515 63.271706
v 5.497643 9.702332 63.271706
v 5.497644 8.060509 63.271706
v 4.427040 9.702338 63.271706
v -4.429225 9.702332 62.713158
v -5.497646 9.702332 63.271706
v -5.500357 9.702323 62.713173
v -4.427038 9.702334 63.271690
v -5.497648 8.060512 63.271706
v -5.500357 9.702323 62.713173
v -5.497646 9.702332 63.271706
v -5.500360 8.060516 62.713158
v -5.500360 8.060516 62.713158
v -4.429225 9.702332 62.713158
v -5.500357 9.702323 62.713173
v -4.429221 8.060516 62.713165
v -4.429221 8.060516 62.713165
v -4.427038 9.702334 63.271690
v -4.429225 9.702332 62.713158
v -4.427037 8.060515 63.271706
v -4.427037 8.060515 63.271706
v -5.497646 9.702332 63.271706
v -4.427038 9.702334 63.271690
v -5.497648 8.060512 63.271706
v 1.976615 9.339965 73.703362
v 1.688098 9.075734 73.724632
v 1.700437 9.339959 73.654686
v 1.964271 9.075736 73.773354
v 1.526575 9.075732 73.334160
v 1.700437 9.339959 73.654686
v 1.688098 9.075734 73.724632
v 1.534199 9.239038 73.290916
v 1.735574 9.563968 73.455406
v 1.555917 9.377481 73.167747
v 1.541403 9.075736 72.751015
v 1.588414 9.469987 72.983467
v 1.626745 9.502469 72.766090
v 2.278954 9.377477 73.295250
v 1.976615 9.339965 73.703362
v 2.011746 9.563968 73.504128
v 2.257241 9.239027 73.418404
v 1.964271 9.075736 73.773354
v 2.249616 9.075728 73.461647
v 2.435126 9.075738 72.908607
v 2.311449 9.469984 73.110954
v 2.349786 9.502473 72.893547
v 1.700437 9.339959 73.654686
v 2.011746 9.563968 73.504128
v 1.976615 9.339965 73.703362
v 1.735574 9.563968 73.455406
v 2.064333 9.713645 73.205894
v 2.311449 9.469984 73.110954
v 2.278954 9.377477 73.295250
v 2.349786 9.502473 72.893547
v 2.126354 9.766212 72.854149
v 1.788150 9.713645 73.157219
v 1.555917 9.377481 73.167747
v 1.850175 9.766212 72.805458
v 1.588414 9.469987 72.983467
v 1.626745 9.502469 72.766090
v 1.734059 9.375796 72.784981
v 1.541403 9.075736 72.751015
v 1.674049 9.075736 72.774406
v 1.626745 9.502469 72.766090
v 1.891165 9.561255 72.812691
v 1.850175 9.766212 72.805458
v 2.085362 9.561255 72.846931
v 2.126354 9.766212 72.854149
v 2.242470 9.375793 72.874626
v 2.349786 9.502473 72.893547
v 2.302479 9.075736 72.885216
v 2.435126 9.075738 72.908607
v 2.407645 9.141311 67.179535
v 4.333874 9.141298 68.336304
v 2.419398 9.141301 68.327354
v 4.322123 9.141301 67.188484
v 2.407645 9.141311 67.179535
v 4.322124 8.754998 67.188484
v 4.322123 9.141301 67.188484
v 2.407645 8.755012 67.179535
v 4.322124 8.754998 67.188484
v 4.333874 9.141298 68.336304
v 4.322123 9.141301 67.188484
v 4.333875 8.754994 68.336304
v 2.419398 9.141301 68.327354
v 4.333875 8.754994 68.336304
v 2.419398 8.755004 68.327354
v 4.333874 9.141298 68.336304
v 2.419398 9.141301 68.327354
v 2.407645 8.755012 67.179535
v 2.407645 9.141311 67.179535
v 2.419398 8.755004 68.327354
v -1.976621 9.339965 73.703362
v -1.688104 9.075734 73.724632
v -1.964277 9.075736 73.773338
v -1.700443 9.339959 73.654671
v -1.700443 9.339959 73.654671
v -1.526581 9.075732 73.334160
v -1.688104 9.075734 73.724632
v -1.534205 9.239038 73.290916
v -1.735580 9.563968 73.455406
v -1.555923 9.377481 73.167747
v -1.541409 9.075736 72.750999
v -1.588419 9.469987 72.983452
v -1.626751 9.502469 72.766075
v -1.976621 9.339965 73.703362
v -2.278960 9.377477 73.295250
v -2.011752 9.563968 73.504112
v -2.257247 9.239027 73.418404
v -1.964277 9.075736 73.773338
v -2.249622 9.075728 73.461647
v -2.435131 9.075738 72.908607
v -2.311455 9.469984 73.110954
v -2.349791 9.502473 72.893547
v -2.011752 9.563968 73.504112
v -1.700443 9.339959 73.654671
v -1.976621 9.339965 73.703362
v -1.735580 9.563968 73.455406
v -2.064338 9.713645 73.205894
v -2.311455 9.469984 73.110954
v -2.278960 9.377477 73.295250
v -2.349791 9.502473 72.893547
v -2.126359 9.766212 72.854134
v -1.788156 9.713645 73.157204
v -1.555923 9.377481 73.167747
v -1.850181 9.766212 72.805458
v -1.588419 9.469987 72.983452
v -1.626751 9.502469 72.766075
v -1.541409 9.075736 72.750999
v -1.734065 9.375796 72.784981
v -1.674055 9.075736 72.774406
v -1.626751 9.502469 72.766075
v -1.891170 9.561255 72.812691
v -1.850181 9.766212 72.805458
v -2.085368 9.561255 72.846931
v -2.126359 9.766212 72.854134
v -2.242476 9.375793 72.874626
v -2.349791 9.502473 72.893547
v -2.302484 9.075736 72.885216
v -2.435131 9.075738 72.908607
v -2.407650 9.141311 67.179535
v -4.333879 9.141298 68.336304
v -4.322129 9.141301 67.188484
v -2.419404 9.141301 68.327354
v -2.407650 9.141311 67.179535
v -4.322130 8.754998 67.188484
v -2.407650 8.755012 67.179535
v -4.322129 9.141301 67.188484
v -4.322130 8.754998 67.188484
v -4.333879 9.141298 68.336304
v -4.333881 8.754994 68.336304
v -4.322129 9.141301 67.188484
v -2.419404 9.141301 68.327354
v -4.333881 8.754994 68.336304
v -4.333879 9.141298 68.336304
v -2.419404 8.755004 68.327354
v -2.419404 9.141301 68.327354
v -2.407650 8.755012 67.179535
v -2.419404 8.755004 68.327354
v -2.407650 9.141311 67.179535
v 0.541261 9.561594 67.231148
v 0.468744 8.610219 67.420845
v 0.468744 9.561591 67.420845
v 0.541261 8.610221 67.231148
v 0.468744 9.561594 67.041443
v 0.468744 8.610224 67.041443
v 0.270625 8.610220 67.559723
v 0.468744 9.561591 67.420845
v 0.468744 8.610219 67.420845
v 0.270625 9.561593 67.559723
v -0.000010 8.610220 67.610550
v -0.000010 9.561593 67.610550
v -0.270644 8.610220 67.559723
v -0.270644 9.561593 67.559723
v -0.468764 8.610221 67.420845
v -0.468764 9.561591 67.420845
v -0.541281 8.610231 67.231148
v -0.468764 9.561591 67.420845
v -0.468764 8.610221 67.420845
v -0.541281 9.561610 67.231148
v -0.468764 8.610224 67.041443
v -0.468764 9.561594 67.041443
v -0.270644 8.610225 66.902573
v -0.468764 9.561594 67.041443
v -0.468764 8.610224 67.041443
v -0.270644 9.561595 66.902573
v -0.000008 8.610225 66.851738
v -0.000008 9.561595 66.851738
v 0.270625 8.610225 66.902573
v 0.270625 9.561595 66.902573
v 0.468744 8.610224 67.041443
v 0.468744 9.561594 67.041443
v 0.468744 10.170260 67.420845
v 0.541261 10.023352 67.231148
v 0.468744 10.023349 67.420845
v 0.541261 10.170262 67.231148
v 0.468744 10.023352 67.041443
v 0.468744 10.170262 67.041443
v 0.468744 10.023349 67.420845
v 0.270625 10.170260 67.559723
v 0.468744 10.170260 67.420845
v 0.270625 10.023351 67.559723
v -0.000010 10.170260 67.610550
v -0.000010 10.023351 67.610550
v -0.270646 10.170260 67.559723
v -0.270646 10.023351 67.559723
v -0.468764 10.170260 67.420845
v -0.468764 10.023349 67.420845
v -0.468764 10.023349 67.420845
v -0.541281 10.170270 67.231148
v -0.468764 10.170260 67.420845
v -0.541281 10.023368 67.231148
v -0.468764 10.170262 67.041443
v -0.468764 10.023352 67.041443
v -0.468764 10.023352 67.041443
v -0.270644 10.170263 66.902573
v -0.468764 10.170262 67.041443
v -0.270644 10.023353 66.902573
v -0.000008 10.170263 66.851738
v -0.000008 10.023353 66.851738
v 0.270625 10.170263 66.902573
v 0.270625 10.023353 66.902573
v 0.468744 10.170262 67.041443
v 0.468744 10.023352 67.041443
v 0.541261 9.561595 68.266869
v 0.468744 8.610219 68.456566
v 0.468744 9.561591 68.456566
v 0.541261 8.610223 68.266869
v 0.468744 9.561595 68.077164
v 0.468744 8.610225 68.077164
v 0.270624 8.610220 68.595444
v 0.468744 9.561591 68.456566
v 0.468744 8.610219 68.456566
v 0.270624 9.561593 68.595444
v -0.000010 8.610220 68.646278
v -0.000010 9.561593 68.646278
v -0.270644 8.610220 68.595444
v -0.270644 9.561593 68.595444
v -0.468764 8.610221 68.456566
v -0.468764 9.561591 68.456566
v -0.541281 8.610232 68.266869
v -0.468764 9.561591 68.456566
v -0.468764 8.610221 68.456566
v -0.541281 9.561612 68.266869
v -0.468764 8.610225 68.077164
v -0.468764 9.561595 68.077164
v -0.270644 8.610225 67.938301
v -0.468764 9.561595 68.077164
v -0.468764 8.610225 68.077164
v -0.270644 9.561595 67.938301
v -0.000008 8.610225 67.887451
v -0.000008 9.561595 67.887451
v 0.270625 8.610225 67.938301
v 0.270625 9.561595 67.938301
v 0.468744 8.610225 68.077164
v 0.468744 9.561595 68.077164
v 0.468744 10.170260 68.456566
v 0.541261 10.023353 68.266869
v 0.468744 10.023349 68.456566
v 0.541261 10.170263 68.266869
v 0.468744 10.023353 68.077164
v 0.468744 10.170263 68.077164
v 0.468744 10.023349 68.456566
v 0.270624 10.170260 68.595444
v 0.468744 10.170260 68.456566
v 0.270624 10.023351 68.595444
v -0.000010 10.170260 68.646278
v -0.000010 10.023351 68.646278
v -0.270647 10.170260 68.595444
v -0.270647 10.023351 68.595444
v -0.468764 10.170260 68.456566
v -0.468764 10.023349 68.456566
v -0.468764 10.023349 68.456566
v -0.541281 10.170271 68.266869
v -0.468764 10.170260 68.456566
v -0.541281 10.023370 68.266869
v -0.468764 10.170263 68.077164
v -0.468764 10.023353 68.077164
v -0.468764 10.023353 68.077164
v -0.270644 10.170264 67.938301
v -0.468764 10.170263 68.077164
v -0.270644 10.023353 67.938301
v -0.000008 10.170264 67.887451
v -0.000008 10.023353 67.887451
v 0.270625 10.170264 67.938301
v 0.270625 10.023353 67.938301
v 0.468744 10.170263 68.077164
v 0.468744 10.023353 68.077164
v 0.351505 11.045963 90.423553
v 0.405883 8.731790 90.282753
v 0.351505 8.731769 90.423553
v 0.405883 11.045985 90.282738
v 0.351505 8.731802 90.141922
v 0.351505 11.045985 90.141922
v 0.351505 8.731769 90.423553
v 0.202942 11.045963 90.526665
v 0.351505 11.045963 90.423553
v 0.202942 8.731769 90.526665
v 0.000003 11.045963 90.564400
v 0.000003 8.731769 90.564400
v -0.202937 11.045963 90.526665
v -0.202935 8.731769 90.526665
v -0.351498 11.045963 90.423553
v -0.351498 8.731780 90.423553
v -0.351498 8.731780 90.423553
v -0.405874 11.046021 90.282738
v -0.351498 11.045963 90.423553
v -0.405874 8.731841 90.282753
v -0.351498 11.045985 90.141922
v -0.351498 8.731802 90.141922
v -0.351498 8.731802 90.141922
v -0.202935 11.045985 90.038826
v -0.351498 11.045985 90.141922
v -0.202935 8.731802 90.038826
v 0.000007 11.045985 90.001068
v 0.000007 8.731802 90.001068
v 0.202942 11.045985 90.038826
v 0.202942 8.731802 90.038826
v 0.351505 11.045985 90.141922
v 0.351505 8.731802 90.141922
v -0.657361 9.881167 86.494408
v -0.657361 10.885594 87.163742
v -0.657361 9.881169 87.363068
v -0.657361 11.000958 86.928734
v -0.657361 10.885594 86.693764
v 0.657367 9.881166 86.494408
v 0.657367 11.000957 86.928734
v 0.657367 10.885592 86.693741
v 0.657369 9.881169 87.363068
v 0.657367 10.885592 87.163742
v -0.657361 10.885594 86.693764
v -0.527213 11.000958 86.928734
v -0.657361 11.000958 86.928734
v -0.527213 10.885592 86.693764
v -0.657361 9.881167 86.494408
v -0.527213 10.885592 86.693764
v -0.657361 10.885594 86.693764
v -0.527213 9.881167 86.494408
v -0.657361 10.885594 87.163742
v -0.527213 9.881169 87.363068
v -0.657361 9.881169 87.363068
v -0.527213 10.885594 87.163742
v -0.657361 11.000958 86.928734
v -0.527213 10.885594 87.163742
v -0.657361 10.885594 87.163742
v -0.527213 11.000958 86.928734
v 0.657369 9.881169 87.363068
v 0.527217 10.885592 87.163742
v 0.657367 10.885592 87.163742
v 0.527221 9.881169 87.363068
v 0.657367 10.885592 86.693741
v 0.527219 9.881166 86.494408
v 0.657367 9.881166 86.494408
v 0.527219 10.885592 86.693741
v 0.657367 11.000957 86.928734
v 0.527219 10.885592 86.693741
v 0.657367 10.885592 86.693741
v 0.527219 11.000957 86.928734
v 0.657367 10.885592 87.163742
v 0.527219 11.000957 86.928734
v 0.657367 11.000957 86.928734
v 0.527217 10.885592 87.163742
v 0.527217 10.885592 87.163742
v 0.527219 9.881166 86.494408
v 0.527219 10.885592 86.693741
v 0.527221 9.881169 87.363068
v -0.527213 10.885592 86.693764
v -0.527213 9.881169 87.363068
v -0.527213 10.885594 87.163742
v -0.527213 9.881167 86.494408
v 0.541261 10.170262 67.231148
v 0.468744 10.170260 67.420845
v -0.000008 10.325269 67.231148
v 0.468744 10.170262 67.041443
v 0.270625 10.170260 67.559723
v 0.270625 10.170263 66.902573
v -0.000010 10.170260 67.610550
v -0.000008 10.170263 66.851738
v -0.270646 10.170260 67.559723
v -0.270644 10.170263 66.902573
v -0.468764 10.170260 67.420845
v -0.468764 10.170262 67.041443
v -0.541281 10.170270 67.231148
v 0.541261 10.170263 68.266869
v 0.468744 10.170260 68.456566
v -0.000008 10.325270 68.266869
v 0.468744 10.170263 68.077164
v 0.270624 10.170260 68.595444
v 0.270625 10.170264 67.938301
v -0.000010 10.170260 68.646278
v -0.000008 10.170264 67.887451
v -0.270647 10.170260 68.595444
v -0.270644 10.170264 67.938301
v -0.468764 10.170260 68.456566
v -0.468764 10.170263 68.077164
v -0.541281 10.170271 68.266869
v 0.405883 11.045985 90.282738
v 0.351505 11.045963 90.423553
v 0.000007 11.045985 90.282738
v 0.351505 11.045985 90.141922
v 0.202942 11.045963 90.526665
v 0.202942 11.045985 90.038826
v 0.000003 11.045963 90.564400
v 0.000007 11.045985 90.001068
v -0.202937 11.045963 90.526665
v -0.202935 11.045985 90.038826
v -0.351498 11.045963 90.423553
v -0.351498 11.045985 90.141922
v -0.405874 11.046021 90.282738
v 5.578339 9.664569 81.399605
v -0.000003 9.664563 81.399605
v -5.578346 9.664569 81.399605
v 3.765006 10.118570 67.959915
v 3.855545 10.118566 67.760223
v 3.760908 10.118571 67.559647
v 3.523882 10.118570 68.082512
v 3.765006 10.118570 67.959915
v 3.224266 10.118570 68.081093
v 2.980611 10.118570 67.956261
v 2.885976 10.118573 67.755676
v 2.980611 10.118570 67.956261
v 2.976513 10.118571 67.555992
v 3.217636 10.118571 67.433403
v 2.976513 10.118571 67.555992
v 3.517251 10.118571 67.434822
v 3.760908 10.118571 67.559647
v -3.765011 10.118570 67.959915
v -3.855549 10.118566 67.760223
v -3.760913 10.118571 67.559647
v -3.523886 10.118570 68.082504
v -3.765011 10.118570 67.959915
v -3.224272 10.118570 68.081100
v -2.980617 10.118570 67.956261
v -2.885981 10.118573 67.755676
v -2.980617 10.118570 67.956261
v -2.976518 10.118571 67.555992
v -3.217642 10.118571 67.433403
v -2.976518 10.118571 67.555992
v -3.517257 10.118571 67.434822
v -3.760913 10.118571 67.559647
vn 0.6644 -0.2364 0.7090
vn 0.6407 -0.1891 0.7441
vn 0.9224 -0.1169 0.3680
vn 0.9176 -0.0770 0.3899
vn 0.4602 -0.1084 0.8812
vn 0.9803 -0.0565 0.1892
vn 0.7878 -0.0318 0.6151
vn 0.9792 -0.0054 0.2030
vn 0.9877 -0.0385 0.1517
vn 0.9443 0.0504 0.3253
vn 0.6182 -0.2909 0.7302
vn 0.9874 0.0228 0.1564
vn 0.9887 -0.0315 0.1465
vn 0.9707 0.0970 0.2201
vn 0.9881 0.0333 0.1503
vn 0.9874 -0.0382 0.1533
vn 0.8991 -0.1411 0.4144
vn 0.4798 -0.7237 0.4960
vn 0.8163 -0.5063 0.2780
vn 0.9674 -0.1612 0.1954
vn 0.7469 -0.6455 0.1596
vn 0.9769 0.1061 0.1852
vn 0.9719 -0.1925 0.1355
vn 0.7388 -0.6611 0.1308
vn 0.7266 -0.6846 0.0581
vn 0.9884 0.0314 0.1484
vn 0.9827 -0.0812 0.1663
vn 0.9884 0.0882 0.1234
vn 0.9736 -0.2154 0.0762
vn 0.6867 -0.7261 0.0345
vn 0.9883 -0.0115 0.1521
vn 0.9938 0.0161 0.1100
vn 0.9551 -0.2899 0.0609
vn 0.6320 -0.7739 0.0410
vn 0.9177 -0.3878 0.0857
vn 0.9856 -0.0702 0.1538
vn 0.8678 -0.4855 0.1064
vn 0.9800 -0.0511 0.1922
vn 0.9743 -0.1121 0.1956
vn 0.9744 -0.0958 0.2035
vn 0.9655 -0.1378 0.2210
vn 0.9752 -0.1524 0.1605
vn 0.7870 -0.6065 0.1130
vn 0.9311 -0.3101 0.1919
vn 0.7009 -0.7031 0.1203
vn 0.9542 -0.1802 0.2387
vn 0.9537 -0.1797 0.2412
vn 0.9398 -0.2544 0.2281
vn 0.9476 -0.2063 0.2438
vn 0.8764 -0.4452 0.1834
vn 0.6269 -0.7683 0.1294
vn 0.8275 -0.5274 0.1926
vn 0.9348 -0.2759 0.2239
vn 0.9478 -0.2377 0.2125
vn 0.9564 -0.1841 0.2269
vn 0.8072 -0.5555 0.1997
vn 0.9684 -0.1434 0.2041
vn 0.9815 -0.0818 0.1732
vn 0.8738 -0.4480 0.1890
vn 0.9699 -0.1685 0.1757
vn 0.9918 -0.0326 0.1235
vn 0.9850 -0.1010 0.1401
vn 0.9988 -0.0012 0.0490
vn 0.9974 -0.0516 0.0502
vn 1.0000 -0.0005 0.0015
vn 0.9992 -0.0384 0.0100
vn 0.9599 -0.2710 0.0724
vn 0.9733 -0.2281 0.0275
vn 0.7076 -0.7055 0.0382
vn 0.6823 -0.7268 0.0781
vn 0.9238 -0.3455 0.1653
vn 0.6378 -0.7580 0.1367
vn 0.6007 -0.7839 0.1570
vn 0.0251 -0.8004 0.5989
vn 0.4537 -0.7214 0.5232
vn 0.3108 -0.3913 0.8662
vn 0.6129 -0.2791 0.7393
vn 0.7900 -0.0579 0.6104
vn 0.4567 -0.1365 0.8791
vn -0.0000 -0.4514 0.8923
vn -0.0000 -0.1574 0.9875
vn 0.6416 -0.1900 0.7431
vn -0.4567 -0.1365 0.8791
vn -0.3108 -0.3913 0.8662
vn -0.7900 -0.0579 0.6104
vn -0.6129 -0.2791 0.7393
vn -0.4537 -0.7214 0.5232
vn -0.0251 -0.8004 0.5989
vn -0.6417 -0.1900 0.7431
vn -0.0000 -0.2605 0.9655
vn 0.6642 -0.2365 0.7091
vn -0.6642 -0.2365 0.7091
vn -0.0000 -0.3212 0.9470
vn 0.9025 -0.3817 0.1994
vn 0.8675 -0.4487 0.2147
vn 0.5855 -0.7958 0.1547
vn 0.5849 -0.7978 0.1465
vn 0.8679 -0.4524 0.2050
vn 0.6156 -0.7774 0.1292
vn 0.2710 -0.9607 0.0604
vn 0.3081 -0.9500 0.0514
vn 0.2431 -0.9680 0.0623
vn 0.6198 -0.7736 0.1323
vn 0.3807 -0.9235 0.0467
vn 0.6958 -0.7084 0.1181
vn 0.4634 -0.8847 0.0498
vn 0.7957 -0.5950 0.1133
vn 0.5584 -0.8277 0.0551
vn 0.8892 -0.4441 0.1101
vn 0.9332 -0.3481 0.0892
vn 0.6179 -0.7852 0.0402
vn 0.2378 -0.9712 0.0161
vn 0.1748 -0.9845 0.0134
vn 0.2789 -0.9602 0.0121
vn 0.6765 -0.7357 0.0328
vn 0.1006 -0.9948 0.0123
vn 0.1315 -0.9913 0.0096
vn 0.0780 -0.9969 0.0132
vn 0.0607 -0.9981 0.0126
vn 0.2314 -0.9716 0.0504
vn 0.2308 -0.9725 0.0316
vn 0.6702 -0.7382 0.0764
vn 0.7007 -0.7124 0.0388
vn 0.2447 -0.9693 0.0223
vn 0.0486 -0.9988 0.0054
vn 0.0471 -0.9989 0.0022
vn -0.0000 -1.0000 0.0004
vn -0.0000 -1.0000 -0.0001
vn -0.0471 -0.9989 0.0022
vn 0.0526 -0.9986 0.0072
vn -0.0000 -1.0000 0.0006
vn -0.0486 -0.9988 0.0054
vn -0.2447 -0.9693 0.0223
vn -0.0000 -1.0000 0.0010
vn -0.0526 -0.9986 0.0072
vn -0.2308 -0.9725 0.0316
vn -0.7007 -0.7124 0.0388
vn -0.6703 -0.7382 0.0764
vn -0.6198 -0.7736 0.1323
vn -0.2314 -0.9716 0.0504
vn -0.0607 -0.9981 0.0126
vn -0.2431 -0.9680 0.0623
vn -0.5855 -0.7958 0.1547
vn -0.0000 -1.0000 0.0014
vn -0.2710 -0.9607 0.0604
vn -0.0780 -0.9969 0.0132
vn -0.0000 -1.0000 0.0013
vn -0.1006 -0.9948 0.0123
vn -0.3081 -0.9500 0.0514
vn -0.5849 -0.7978 0.1465
vn -0.0000 -1.0000 0.0018
vn -0.1315 -0.9913 0.0096
vn -0.8675 -0.4487 0.2147
vn -0.9025 -0.3817 0.1994
vn -0.8679 -0.4524 0.2050
vn -0.6156 -0.7774 0.1292
vn -0.3807 -0.9235 0.0467
vn -0.6958 -0.7084 0.1181
vn -0.0000 -1.0000 0.0023
vn -0.1748 -0.9845 0.0134
vn -0.4634 -0.8847 0.0498
vn -0.7957 -0.5950 0.1133
vn -0.0000 -1.0000 0.0024
vn -0.2378 -0.9712 0.0161
vn -0.5584 -0.8277 0.0551
vn -0.8892 -0.4441 0.1101
vn -0.9332 -0.3481 0.0892
vn -0.6179 -0.7852 0.0402
vn -0.2789 -0.9602 0.0121
vn -0.6765 -0.7357 0.0328
vn -0.0000 -1.0000 0.0030
vn -0.3175 -0.9482 0.0138
vn 0.3175 -0.9482 0.0138
vn -0.3542 -0.9338 0.0513
vn -0.7272 -0.6840 0.0572
vn -0.0000 -1.0000 0.0094
vn 0.3542 -0.9338 0.0513
vn 0.7272 -0.6840 0.0572
vn -0.3838 -0.9146 0.1276
vn -0.0000 -0.9919 0.1268
vn -0.7411 -0.6583 0.1323
vn -0.7520 -0.6403 0.1565
vn -0.0000 -0.9988 0.0480
vn 0.3838 -0.9146 0.1276
vn 0.7411 -0.6583 0.1323
vn 0.7520 -0.6404 0.1564
vn -0.4037 -0.8906 0.2096
vn -0.8435 -0.4569 0.2824
vn -0.4695 -0.7273 0.5006
vn 0.4037 -0.8906 0.2096
vn 0.8435 -0.4569 0.2824
vn 0.4695 -0.7273 0.5006
vn -0.0000 -0.9697 0.2444
vn -0.0000 -0.8167 0.5770
vn -0.0000 -0.3143 0.9493
vn -0.0000 -0.7962 0.6050
vn 0.3128 -0.3076 0.8986
vn -0.3128 -0.3077 0.8986
vn -0.6643 -0.2365 0.7090
vn -0.9224 -0.1169 0.3680
vn -0.6407 -0.1891 0.7441
vn -0.9176 -0.0770 0.3899
vn -0.4602 -0.1083 0.8812
vn -0.9803 -0.0565 0.1892
vn -0.7878 -0.0318 0.6151
vn -0.9792 -0.0054 0.2030
vn -0.9877 -0.0385 0.1517
vn -0.9443 0.0504 0.3253
vn -0.6182 -0.2908 0.7302
vn -0.9874 0.0228 0.1564
vn -0.9887 -0.0315 0.1465
vn -0.9707 0.0970 0.2201
vn -0.9881 0.0333 0.1502
vn -0.9879 -0.0389 0.1501
vn -0.8991 -0.1411 0.4144
vn -0.4797 -0.7238 0.4960
vn -0.8163 -0.5063 0.2780
vn -0.9674 -0.1612 0.1954
vn -0.7469 -0.6454 0.1597
vn -0.9769 0.1061 0.1852
vn -0.9719 -0.1925 0.1355
vn -0.7389 -0.6610 0.1308
vn -0.7266 -0.6846 0.0582
vn -0.9884 0.0882 0.1234
vn -0.9736 -0.2153 0.0762
vn -0.6867 -0.7261 0.0345
vn -0.9551 -0.2899 0.0609
vn -0.6320 -0.7739 0.0410
vn -0.9177 -0.3878 0.0857
vn -0.9938 0.0161 0.1100
vn -0.9887 0.0329 0.1464
vn -0.9880 -0.0099 0.1542
vn -0.9821 -0.0819 0.1695
vn -0.9856 -0.0702 0.1538
vn -0.8678 -0.4855 0.1064
vn -0.9800 -0.0511 0.1922
vn -0.9743 -0.1121 0.1956
vn -0.9744 -0.0958 0.2035
vn -0.9655 -0.1378 0.2210
vn -0.9752 -0.1524 0.1605
vn -0.7870 -0.6065 0.1130
vn -0.9311 -0.3101 0.1919
vn -0.7009 -0.7031 0.1203
vn -0.9542 -0.1802 0.2387
vn -0.9537 -0.1797 0.2412
vn -0.9398 -0.2544 0.2281
vn -0.9476 -0.2063 0.2438
vn -0.8764 -0.4452 0.1834
vn -0.6269 -0.7683 0.1294
vn -0.8275 -0.5274 0.1926
vn -0.9348 -0.2759 0.2239
vn -0.9564 -0.1841 0.2269
vn -0.9472 -0.2387 0.2140
vn -0.8072 -0.5555 0.1996
vn -0.9680 -0.1428 0.2065
vn -0.8738 -0.4480 0.1890
vn -0.9700 -0.1696 0.1741
vn -0.9817 -0.0819 0.1717
vn -0.9918 -0.0336 0.1231
vn -0.9850 -0.1010 0.1401
vn -0.9988 -0.0016 0.0484
vn -0.9974 -0.0516 0.0502
vn -1.0000 -0.0005 0.0015
vn -0.9992 -0.0384 0.0100
vn -0.9599 -0.2710 0.0724
vn -0.9733 -0.2281 0.0275
vn -0.7076 -0.7055 0.0382
vn -0.6823 -0.7268 0.0781
vn -0.9238 -0.3455 0.1653
vn -0.6378 -0.7580 0.1367
vn -0.6007 -0.7839 0.1570
vn 0.7419 -0.2514 0.6216
vn 0.9368 -0.1418 0.3198
vn 0.6387 -0.2873 0.7138
vn 0.9031 -0.1629 0.3974
vn 0.9715 -0.1052 0.2124
vn 0.9793 -0.1017 0.1748
vn 0.9838 -0.0948 0.1524
vn 0.9847 -0.0975 0.1441
vn 0.9824 -0.1052 0.1542
vn 0.9842 -0.1022 0.1447
vn 0.9790 -0.1190 0.1656
vn 0.9763 -0.1293 0.1737
vn 0.9715 -0.1474 0.1856
vn 0.9683 -0.1591 0.1927
vn 0.9608 -0.1812 0.2097
vn 0.9572 -0.1922 0.2166
vn 0.9506 -0.2077 0.2309
vn 0.9491 -0.2115 0.2335
vn 0.9507 -0.1993 0.2376
vn 0.9502 -0.2040 0.2355
vn 0.9586 -0.1489 0.2427
vn 0.9546 -0.1692 0.2452
vn 0.9670 -0.1329 0.2174
vn 0.9569 -0.1847 0.2243
vn 0.9476 -0.2063 0.2439
vn 0.9524 -0.1803 0.2456
vn 0.9531 -0.1791 0.2439
vn 0.9640 -0.1387 0.2269
vn 0.9648 -0.1370 0.2246
vn 0.9727 -0.1132 0.2027
vn 0.9735 -0.1112 0.1999
vn 0.9804 -0.0834 0.1786
vn 0.9815 -0.0800 0.1739
vn 0.9868 -0.0398 0.1568
vn 0.9871 -0.0376 0.1556
vn 0.9888 -0.0313 0.1461
vn 0.9889 -0.0315 0.1454
vn 0.9883 -0.0370 0.1481
vn 0.9886 -0.0385 0.1457
vn 0.9811 -0.0549 0.1854
vn 0.9808 -0.0569 0.1868
vn 0.9268 -0.1131 0.3581
vn 0.9227 -0.1189 0.3667
vn 0.6813 -0.2312 0.6945
vn 0.6755 -0.2370 0.6982
vn 0.7401 -0.2379 0.6290
vn 0.6353 -0.2745 0.7218
vn -0.0000 -0.3577 0.9338
vn -0.0000 -0.3560 0.9345
vn -0.6353 -0.2745 0.7218
vn -0.7401 -0.2379 0.6290
vn 1.0000 0.0025 0.0014
vn 0.9993 0.0030 0.0373
vn 0.9993 0.0025 0.0371
vn 0.9952 0.0055 0.0977
vn 0.9952 0.0052 0.0974
vn 0.9899 0.0014 0.1420
vn 0.9901 -0.0017 0.1405
vn 0.9847 -0.0166 0.1733
vn 0.9850 -0.0222 0.1709
vn 0.9801 -0.0433 0.1940
vn 0.9805 -0.0559 0.1884
vn 0.9615 -0.1236 0.2454
vn 0.9726 -0.1295 0.1931
vn 0.9488 -0.2336 0.2128
vn 0.9507 -0.2401 0.1962
vn 0.9345 -0.2840 0.2146
vn 0.9431 -0.2424 0.2278
vn 0.9325 -0.2864 0.2201
vn 0.9296 -0.2975 0.2176
vn 0.9305 -0.2888 0.2252
vn 0.9296 -0.2975 0.2177
vn 0.9296 -0.2976 0.2173
vn 0.9338 -0.2893 0.2105
vn 0.9329 -0.2878 0.2164
vn 0.9378 -0.2831 0.2009
vn 0.9387 -0.2695 0.2151
vn 0.9408 -0.2523 0.2264
vn 0.9403 -0.2716 0.2051
vn 0.9404 -0.2719 0.2043
vn 0.9399 -0.2769 0.1995
vn 0.9499 -0.2557 0.1800
vn 0.9458 -0.2554 0.2008
vn 0.9392 -0.2556 0.2292
vn 0.9504 -0.2358 0.2027
vn 0.9519 -0.2370 0.1945
vn 0.9592 -0.2274 0.1680
vn 0.9515 -0.2346 0.1989
vn 0.8537 0.0097 0.5207
vn 0.9673 -0.1951 0.1623
vn -0.0880 -0.1764 0.9804
vn 0.9484 -0.2379 0.2097
vn 0.9585 -0.1982 0.2050
vn 0.9627 -0.1820 0.2004
vn 0.9506 -0.2229 0.2160
vn 0.9434 -0.2487 0.2193
vn 0.9505 -0.2071 0.2315
vn 0.9414 -0.2032 0.2693
vn 0.9106 -0.2177 0.3513
vn 0.9015 -0.2367 0.3622
vn 0.8247 -0.2798 0.4915
vn 0.7123 -0.3153 0.6271
vn 0.5126 -0.3928 0.7635
vn 0.7648 -0.3045 0.5678
vn 0.7543 -0.3111 0.5781
vn 0.7770 -0.3090 0.5484
vn 0.8617 -0.2671 0.4313
vn 0.7935 -0.3083 0.5247
vn 0.6685 -0.3679 0.6463
vn 0.7760 0.6307 0.0012
vn 0.7758 0.6302 0.0324
vn 0.7758 0.6301 0.0333
vn 0.7759 0.6255 0.0818
vn 0.7750 0.6264 0.0831
vn 0.7385 0.6644 0.1145
vn 0.7366 0.6663 0.1161
vn 0.6881 0.7134 0.1325
vn 0.6868 0.7145 0.1336
vn 0.6550 0.7420 0.1433
vn 0.6544 0.7422 0.1446
vn 0.6537 0.7414 0.1515
vn 0.6960 -0.3136 0.6459
vn 0.5020 -0.3661 0.7836
vn -0.0000 -0.4119 0.9112
vn -0.0000 -0.4193 0.9079
vn -0.5020 -0.3661 0.7836
vn -0.6961 -0.3136 0.6459
vn 0.4385 -0.3935 0.8080
vn 0.7587 -0.3094 0.5733
vn 0.8275 -0.2584 0.4985
vn 0.5634 -0.3733 0.7371
vn 0.7481 -0.3141 0.5845
vn 0.2353 -0.4213 0.8759
vn -0.0000 -0.4301 0.9028
vn 0.5431 -0.3726 0.7525
vn -0.4385 -0.3935 0.8080
vn -0.2353 -0.4213 0.8759
vn -0.5634 -0.3733 0.7371
vn 0.3174 -0.4219 0.8493
vn 0.7676 -0.3125 0.5596
vn 0.2183 -0.4231 0.8794
vn -0.0000 -0.4320 0.9019
vn -0.7587 -0.3094 0.5733
vn -0.8275 -0.2584 0.4985
vn -0.7481 -0.3142 0.5845
vn -0.5431 -0.3726 0.7525
vn -0.3174 -0.4219 0.8493
vn -0.7676 -0.3125 0.5596
vn -0.2183 -0.4231 0.8794
vn -0.0000 -0.4415 0.8973
vn 0.3401 -0.4322 0.8352
vn -0.3401 -0.4322 0.8352
vn -0.0000 -0.4529 0.8916
vn 0.3459 -0.4302 0.8338
vn 0.6573 -0.3604 0.6618
vn 0.7863 -0.3070 0.5362
vn -0.3459 -0.4302 0.8338
vn -0.6573 -0.3604 0.6618
vn -0.7863 -0.3070 0.5361
vn -0.7889 0.2910 -0.5413
vn -0.3358 0.4333 -0.8363
vn -0.6581 0.3539 -0.6646
vn -0.3459 0.4293 -0.8343
vn -0.0000 0.4531 -0.8915
vn -0.2033 0.4415 -0.8739
vn -0.0000 0.4500 -0.8930
vn 0.2033 0.4415 -0.8739
vn 0.3358 0.4333 -0.8363
vn 0.3459 0.4293 -0.8343
vn 0.6581 0.3539 -0.6646
vn 0.7889 0.2910 -0.5413
vn -0.8711 0.2595 -0.4171
vn -0.8698 0.2599 -0.4194
vn -0.8632 0.2619 -0.4315
vn -0.7952 0.3037 -0.5248
vn -0.6678 0.3834 -0.6380
vn 0.8509 0.2165 -0.4787
vn 0.8496 0.2180 -0.4803
vn 0.8461 0.2219 -0.4847
vn 0.8448 0.2234 -0.4863
vn -0.0000 0.9876 -0.1567
vn -0.5158 -0.3626 0.7762
vn -0.5169 -0.3626 0.7754
vn -0.5222 -0.3626 0.7719
vn -0.5234 -0.3626 0.7711
vn -0.0000 -0.9876 0.1567
vn -0.7419 -0.2514 0.6216
vn -0.6387 -0.2872 0.7138
vn -0.9368 -0.1418 0.3198
vn -0.9031 -0.1629 0.3974
vn -0.9715 -0.1052 0.2124
vn -0.9793 -0.1017 0.1748
vn -0.9838 -0.0948 0.1524
vn -0.9847 -0.0975 0.1441
vn -0.9824 -0.1052 0.1542
vn -0.9842 -0.1022 0.1447
vn -0.9790 -0.1190 0.1656
vn -0.9763 -0.1293 0.1737
vn -0.9715 -0.1474 0.1856
vn -0.9683 -0.1591 0.1927
vn -0.9608 -0.1812 0.2097
vn -0.9572 -0.1922 0.2166
vn -0.9506 -0.2077 0.2309
vn -0.9491 -0.2115 0.2335
vn -0.9507 -0.1993 0.2376
vn -0.9502 -0.2040 0.2355
vn -0.9586 -0.1489 0.2427
vn -0.9546 -0.1692 0.2452
vn -0.9668 -0.1327 0.2185
vn -0.9569 -0.1847 0.2243
vn -0.9476 -0.2063 0.2439
vn -0.9524 -0.1803 0.2456
vn -0.9531 -0.1791 0.2439
vn -0.9640 -0.1387 0.2269
vn -0.9648 -0.1370 0.2246
vn -0.9727 -0.1132 0.2027
vn -0.9735 -0.1112 0.1999
vn -0.9804 -0.0834 0.1786
vn -0.9812 -0.0807 0.1751
vn -0.9868 -0.0398 0.1568
vn -0.9873 -0.0384 0.1545
vn -0.9888 -0.0313 0.1461
vn -0.9889 -0.0315 0.1454
vn -0.9883 -0.0370 0.1480
vn -0.9886 -0.0385 0.1457
vn -0.9811 -0.0549 0.1854
vn -0.9808 -0.0569 0.1868
vn -0.9268 -0.1131 0.3581
vn -0.9227 -0.1189 0.3667
vn -0.6813 -0.2312 0.6945
vn -0.6755 -0.2370 0.6982
vn -1.0000 0.0025 0.0014
vn -0.9993 0.0030 0.0373
vn -0.9993 0.0025 0.0371
vn -0.9952 0.0055 0.0977
vn -0.9952 0.0052 0.0974
vn -0.9899 0.0014 0.1420
vn -0.9901 -0.0017 0.1405
vn -0.9847 -0.0166 0.1733
vn -0.9850 -0.0222 0.1709
vn -0.9801 -0.0433 0.1940
vn -0.9805 -0.0559 0.1884
vn -0.9615 -0.1236 0.2454
vn -0.9726 -0.1295 0.1931
vn -0.9488 -0.2336 0.2128
vn -0.9507 -0.2401 0.1962
vn -0.9345 -0.2840 0.2146
vn -0.9431 -0.2424 0.2278
vn -0.9325 -0.2864 0.2201
vn -0.9296 -0.2975 0.2176
vn -0.9305 -0.2888 0.2252
vn -0.9296 -0.2975 0.2177
vn -0.9296 -0.2976 0.2173
vn -0.9338 -0.2893 0.2105
vn -0.9329 -0.2878 0.2164
vn -0.9378 -0.2831 0.2009
vn -0.9387 -0.2695 0.2151
vn -0.9408 -0.2523 0.2264
vn -0.9403 -0.2716 0.2051
vn -0.9404 -0.2719 0.2043
vn -0.9399 -0.2769 0.1995
vn -0.9499 -0.2557 0.1800
vn -0.9458 -0.2554 0.2008
vn -0.9392 -0.2556 0.2292
vn -0.9493 -0.2364 0.2070
vn -0.9522 -0.2348 0.1953
vn -0.9550 -0.2184 0.2007
vn -0.9592 -0.2274 0.1680
vn -0.9504 -0.2387 0.1993
vn -0.9673 -0.1951 0.1623
vn -0.9484 -0.2379 0.2097
vn -0.9585 -0.1982 0.2050
vn -0.9627 -0.1820 0.2004
vn -0.9506 -0.2229 0.2160
vn -0.9434 -0.2487 0.2193
vn -0.9505 -0.2071 0.2315
vn -0.9414 -0.2032 0.2693
vn -0.9106 -0.2177 0.3513
vn -0.9015 -0.2367 0.3622
vn -0.8247 -0.2798 0.4915
vn -0.7123 -0.3153 0.6271
vn -0.5126 -0.3928 0.7635
vn -0.7649 -0.3044 0.5677
vn -0.7543 -0.3111 0.5781
vn -0.7770 -0.3091 0.5484
vn -0.8617 -0.2671 0.4313
vn -0.7935 -0.3083 0.5248
vn -0.6685 -0.3679 0.6463
vn -0.7760 0.6307 0.0012
vn -0.7758 0.6302 0.0324
vn -0.7758 0.6301 0.0333
vn -0.7759 0.6255 0.0818
vn -0.7750 0.6265 0.0831
vn -0.7385 0.6644 0.1145
vn -0.7366 0.6663 0.1161
vn -0.6881 0.7134 0.1325
vn -0.6868 0.7145 0.1336
vn -0.6549 0.7420 0.1433
vn -0.6544 0.7422 0.1446
vn -0.6537 0.7415 0.1515
vn 0.8711 0.2595 -0.4171
vn 0.8632 0.2619 -0.4315
vn 0.8698 0.2599 -0.4194
vn 0.7951 0.3038 -0.5249
vn 0.6678 0.3833 -0.6381
vn -0.8448 0.2234 -0.4863
vn -0.8496 0.2180 -0.4803
vn -0.8461 0.2219 -0.4847
vn -0.8509 0.2165 -0.4787
vn 0.5234 -0.3626 0.7711
vn 0.5170 -0.3626 0.7754
vn 0.5222 -0.3626 0.7719
vn 0.5158 -0.3626 0.7762
vn 0.0001 -0.9877 0.1567
vn -0.0000 -0.9877 0.1567
vn 0.6812 -0.2312 0.6947
vn 0.6753 -0.2371 0.6984
vn -0.0000 -0.3209 0.9471
vn -0.0000 -0.3247 0.9458
vn -0.6754 -0.2371 0.6983
vn -0.6812 -0.2312 0.6947
vn 1.0000 0.0031 0.0015
vn 0.9989 -0.0009 0.0473
vn 0.9991 0.0019 0.0429
vn 1.0000 0.0028 0.0015
vn 0.9991 0.0028 0.0424
vn 0.9924 -0.0317 0.1191
vn 0.9937 -0.0089 0.1118
vn 0.9935 -0.0078 0.1138
vn 0.9826 -0.0819 0.1667
vn 0.9874 -0.0388 0.1533
vn 0.9880 -0.0331 0.1508
vn 0.9789 -0.0700 0.1918
vn 0.9769 -0.0894 0.1939
vn 0.9688 -0.1443 0.2016
vn 0.9702 -0.1082 0.2169
vn -0.9687 -0.1437 0.2024
vn -0.9769 -0.0894 0.1939
vn -0.9823 -0.0818 0.1683
vn -0.9702 -0.1082 0.2169
vn -0.9789 -0.0700 0.1918
vn -0.9874 -0.0389 0.1533
vn -0.9880 -0.0331 0.1508
vn -0.9924 -0.0325 0.1183
vn -0.9937 -0.0089 0.1118
vn -0.9935 -0.0078 0.1138
vn -0.9990 -0.0012 0.0457
vn -0.9991 0.0019 0.0429
vn -0.9991 0.0028 0.0424
vn -1.0000 0.0028 0.0015
vn -1.0000 0.0031 0.0015
vn -0.0000 1.0000 -0.0000
vn -0.0000 0.9999 -0.0150
vn -0.0000 0.9999 -0.0133
vn -0.0000 0.9990 -0.0442
vn -0.0000 0.9991 -0.0424
vn -0.0000 0.9982 -0.0601
vn -0.0000 0.9982 -0.0599
vn -0.0000 0.9958 -0.0918
vn -0.0000 0.9960 -0.0889
vn -0.0013 0.9959 -0.0908
vn -0.0000 0.9960 -0.0891
vn -0.0016 0.9959 -0.0901
vn 0.0039 0.9957 -0.0928
vn 0.0031 0.9955 -0.0945
vn -0.0000 0.9950 -0.0999
vn -0.0000 0.9950 -0.0998
vn 0.0015 0.9947 -0.1032
vn 0.0035 0.9942 -0.1078
vn -0.0000 0.9927 -0.1209
vn -0.0010 0.9939 -0.1107
vn -0.0012 0.9939 -0.1103
vn -0.0000 0.9928 -0.1195
vn -0.0000 0.9900 -0.1414
vn -0.0000 0.9940 -0.1094
vn -0.0031 0.9955 -0.0945
vn -0.0015 0.9947 -0.1033
vn -0.0035 0.9942 -0.1078
vn -0.0039 0.9957 -0.0928
vn 0.0016 0.9959 -0.0901
vn 0.0013 0.9959 -0.0908
vn 0.0010 0.9939 -0.1107
vn 0.0012 0.9939 -0.1103
vn -0.0000 0.9897 -0.1430
vn -0.0000 0.9881 -0.1539
vn -0.0002 0.9880 -0.1545
vn -0.0000 0.9882 -0.1533
vn -0.0002 0.9877 -0.1561
vn 0.0002 0.9880 -0.1545
vn 0.0002 0.9877 -0.1561
vn 0.9114 0.4107 -0.0248
vn 0.9620 0.2649 -0.0666
vn -0.9537 0.3008 -0.0055
vn -0.9048 0.4163 -0.0892
vn -0.8117 0.3835 0.4406
vn -0.8117 0.4744 0.3408
vn 0.7711 0.4975 0.3974
vn 0.8548 0.3506 0.3825
vn -0.0085 0.5852 -0.8108
vn 0.1236 0.5963 -0.7932
vn -0.0000 0.2621 -0.9650
vn 0.0743 0.2976 -0.9518
vn -0.0000 0.1196 -0.9928
vn 0.0932 0.0871 -0.9918
vn 0.2732 0.2513 -0.9286
vn 0.4249 0.5079 -0.7494
vn 0.4326 0.1166 -0.8940
vn 0.4768 0.0469 -0.8778
vn 0.7059 0.2678 -0.6557
vn 0.7843 0.1329 -0.6060
vn 0.0077 0.6660 0.7459
vn 0.1470 0.7027 0.6961
vn -0.0000 0.9157 0.4018
vn 0.1818 0.9204 0.3461
vn -0.0000 0.9976 -0.0697
vn 0.6015 0.7318 0.3204
vn 0.5044 0.5648 0.6531
vn 0.1941 0.9762 -0.0964
vn -0.0000 0.8581 -0.5134
vn 0.9089 0.2951 0.2947
vn 0.7523 0.2367 0.6148
vn 0.9548 0.2966 -0.0185
vn 0.6309 0.7729 -0.0686
vn 0.5609 0.6836 -0.4670
vn 0.1753 0.8464 -0.5029
vn 0.0008 0.5722 -0.8201
vn 0.4511 0.4665 -0.7609
vn 0.1363 0.5873 -0.7978
vn -0.0000 0.2025 0.9793
vn 0.0961 0.1684 0.9810
vn -0.0000 0.3366 0.9417
vn 0.0781 0.3891 0.9179
vn -0.0112 0.6428 0.7659
vn 0.1276 0.6782 0.7237
vn 0.4395 0.5803 0.6857
vn 0.2828 0.3366 0.8982
vn 0.7201 0.3197 0.6158
vn 0.4410 0.1923 0.8767
vn 0.4910 0.1176 0.8632
vn 0.7943 0.1653 0.5845
vn 0.4934 0.4939 -0.7160
vn 0.6255 0.6552 -0.4236
vn 0.7267 0.2226 -0.6500
vn 0.8757 0.3248 -0.3572
vn 0.6732 0.7326 -0.1006
vn 0.7910 0.0956 -0.6043
vn 0.9362 0.1471 -0.3192
vn 0.9210 0.3871 -0.0436
vn 0.9856 0.1671 -0.0241
vn 0.8667 0.4089 0.2857
vn 0.9458 0.1721 0.2753
vn 0.7250 0.3461 0.5955
vn 0.7987 0.1604 0.5799
vn 0.7934 -0.0783 0.6037
vn 0.7890 -0.0668 0.6107
vn 0.8625 -0.3497 0.3659
vn 0.8556 -0.4047 0.3227
vn 0.7170 -0.6757 0.1713
vn 0.6946 -0.7017 0.1583
vn 0.7928 -0.1717 0.5848
vn 0.7996 -0.1782 0.5735
vn 0.5631 0.0574 0.8244
vn 0.5180 0.0779 0.8518
vn -0.0000 0.1517 0.9884
vn -0.0000 0.1561 0.9877
vn -0.5180 0.0779 0.8518
vn -0.5631 0.0574 0.8244
vn -0.7996 -0.1783 0.5735
vn -0.7928 -0.1719 0.5847
vn 0.6911 -0.7071 0.1494
vn 0.6681 -0.7320 0.1336
vn -0.0000 -0.9993 0.0375
vn -0.0001 -0.9996 0.0298
vn -0.6679 -0.7321 0.1337
vn -0.6909 -0.7074 0.1495
vn 0.3608 -0.5028 0.7855
vn 0.3747 -0.5083 0.7754
vn -0.0000 -0.5960 0.8030
vn -0.0000 -0.6202 0.7844
vn -0.3748 -0.5083 0.7753
vn -0.3609 -0.5028 0.7854
vn 0.3722 -0.5146 0.7724
vn 0.3650 -0.5075 0.7805
vn 0.4105 -0.4383 0.7996
vn 0.4103 -0.4390 0.7993
vn 0.4002 -0.3672 0.8397
vn 0.3897 -0.3512 0.8513
vn 0.3463 -0.3123 0.8846
vn 0.3306 -0.2916 0.8976
vn -0.0000 -0.2768 0.9609
vn -0.0000 -0.2519 0.9678
vn -0.3306 -0.2915 0.8976
vn -0.3463 -0.3123 0.8846
vn -0.3897 -0.3512 0.8513
vn -0.4001 -0.3672 0.8397
vn -0.4103 -0.4390 0.7993
vn -0.4105 -0.4383 0.7996
vn -0.3650 -0.5075 0.7805
vn -0.3722 -0.5147 0.7724
vn -0.6057 0.4662 0.6448
vn -0.5376 0.5214 0.6627
vn -0.0000 0.6330 0.7742
vn -0.0000 0.6324 0.7746
vn 0.5375 0.5214 0.6628
vn 0.6057 0.4662 0.6448
vn -0.5733 0.5842 0.5745
vn -0.6483 0.5702 0.5045
vn -0.9358 0.2231 0.2728
vn -0.9385 0.2186 0.2673
vn -0.9870 -0.1018 -0.1245
vn -0.9822 -0.1188 -0.1454
vn -0.7414 -0.4508 -0.4971
vn -0.6617 -0.5626 -0.4956
vn -0.7178 -0.4113 -0.5617
vn -0.6253 -0.4707 -0.6225
vn -0.0000 -0.6330 -0.7741
vn 0.6253 -0.4706 -0.6225
vn 0.7179 -0.4113 -0.5617
vn 0.0085 0.5852 -0.8108
vn -0.1235 0.5963 -0.7932
vn -0.0743 0.2976 -0.9518
vn -0.0932 0.0871 -0.9918
vn -0.2732 0.2513 -0.9286
vn -0.4249 0.5078 -0.7494
vn -0.4326 0.1167 -0.8940
vn -0.4768 0.0469 -0.8778
vn -0.7060 0.2678 -0.6557
vn -0.7843 0.1329 -0.6060
vn -0.0077 0.6660 0.7459
vn -0.1471 0.7027 0.6961
vn -0.1818 0.9204 0.3461
vn -0.6015 0.7318 0.3204
vn -0.5044 0.5648 0.6531
vn -0.1941 0.9762 -0.0964
vn -0.9089 0.2951 0.2946
vn -0.7523 0.2368 0.6148
vn -0.9548 0.2966 -0.0185
vn -0.6309 0.7729 -0.0686
vn -0.5609 0.6836 -0.4670
vn -0.1753 0.8464 -0.5029
vn -0.0008 0.5722 -0.8201
vn -0.4511 0.4665 -0.7608
vn -0.1363 0.5873 -0.7978
vn -0.0961 0.1684 0.9810
vn -0.0781 0.3891 0.9179
vn 0.0112 0.6428 0.7659
vn -0.1276 0.6782 0.7237
vn -0.4394 0.5803 0.6857
vn -0.2828 0.3366 0.8982
vn -0.7201 0.3197 0.6158
vn -0.4410 0.1923 0.8766
vn -0.4910 0.1176 0.8632
vn -0.7943 0.1653 0.5845
vn -0.4935 0.4938 -0.7160
vn -0.7267 0.2226 -0.6499
vn -0.6255 0.6552 -0.4236
vn -0.8757 0.3248 -0.3572
vn -0.7910 0.0956 -0.6043
vn -0.6732 0.7326 -0.1006
vn -0.9362 0.1471 -0.3192
vn -0.9210 0.3870 -0.0436
vn -0.9856 0.1672 -0.0241
vn -0.8667 0.4089 0.2857
vn -0.9458 0.1721 0.2753
vn -0.7250 0.3462 0.5955
vn -0.7987 0.1604 0.5799
vn -0.7934 -0.0784 0.6037
vn -0.8624 -0.3497 0.3659
vn -0.7890 -0.0669 0.6107
vn -0.8556 -0.4047 0.3227
vn -0.7168 -0.6758 0.1714
vn -0.6944 -0.7019 0.1584
vn 0.5733 0.5842 0.5745
vn 0.9358 0.2231 0.2728
vn 0.6483 0.5702 0.5046
vn 0.9385 0.2186 0.2673
vn 0.9870 -0.1017 -0.1244
vn 0.9822 -0.1188 -0.1454
vn 0.7414 -0.4508 -0.4971
vn 0.6617 -0.5626 -0.4956
vn -0.9997 -0.0000 0.0257
vn -0.8899 -0.0000 -0.4562
vn -0.8899 -0.0000 -0.4561
vn -0.4478 -0.0001 -0.8941
vn -0.4478 -0.0000 -0.8941
vn 0.4478 -0.0000 -0.8941
vn 0.4478 0.0001 -0.8941
vn 0.8899 -0.0001 -0.4561
vn 0.8899 -0.0000 -0.4561
vn 0.9997 -0.0000 0.0257
vn 0.8912 -0.0000 0.4537
vn 0.4066 -0.0000 0.9136
vn -0.4066 -0.0000 0.9136
vn -0.8911 -0.0000 0.4537
vn -0.8911 -0.0001 0.4537
vn 0.7802 0.4342 -0.4503
vn 0.7798 0.4335 -0.4517
vn 0.7783 0.4396 -0.4483
vn 0.7838 0.4124 -0.4642
vn 0.3365 0.4584 -0.8226
vn 0.3362 0.4583 -0.8228
vn 0.3364 0.4591 -0.8222
vn 0.3351 0.4551 -0.8250
vn -0.3374 0.4553 -0.8239
vn -0.3370 0.4554 -0.8240
vn -0.3376 0.4546 -0.8242
vn -0.3341 0.4589 -0.8233
vn -0.7903 0.4137 -0.4520
vn -0.7890 0.4142 -0.4538
vn -0.7929 0.4084 -0.4523
vn -0.7720 0.4365 -0.4620
vn -0.4073 0.5208 0.7503
vn -0.4085 0.5212 0.7493
vn -0.4082 0.5190 0.7510
vn -0.4126 0.5317 0.7396
vn 0.4047 0.5330 0.7430
vn 0.4057 0.5325 0.7429
vn 0.4037 0.5348 0.7423
vn 0.4154 0.5187 0.7472
vn 0.3510 0.8967 -0.2696
vn -0.4346 0.8968 -0.0836
vn -0.4346 0.8967 -0.0836
vn -0.6096 0.7924 -0.0208
vn -0.9667 0.2362 0.0983
vn -0.6097 0.7924 -0.0211
vn -0.9644 0.2460 0.0974
vn -0.9736 -0.2033 0.1039
vn -0.9720 -0.2112 0.1032
vn -0.6377 -0.7702 -0.0085
vn -0.6454 -0.7638 -0.0067
vn 0.4089 -0.8706 -0.2736
vn 0.4177 -0.8658 -0.2755
vn -0.4881 -0.8706 -0.0612
vn -0.4968 -0.8658 -0.0590
vn 0.5663 -0.7702 -0.2935
vn 0.9168 -0.2032 -0.3437
vn 0.5739 -0.7638 -0.2954
vn 0.9151 -0.2111 -0.3436
vn 0.9082 0.2362 -0.3456
vn 0.9057 0.2459 -0.3453
vn 0.5356 0.7924 -0.2920
vn 0.5356 0.7924 -0.2922
vn 0.3958 0.9135 -0.0937
vn 0.3957 0.9136 -0.0937
vn -0.3957 0.9136 0.0937
vn -0.4886 0.8649 0.1149
vn -0.4057 0.8994 0.1630
vn -0.9340 0.1650 0.3170
vn -0.8906 0.2625 0.3714
vn 0.3829 0.9197 -0.0871
vn 0.4562 0.8886 -0.0474
vn 0.9673 0.2118 -0.1398
vn 0.9888 0.1183 -0.0907
vn -0.5807 0.8024 0.1375
vn -0.5807 0.8025 0.1374
vn -0.9439 0.2432 0.2235
vn -0.9516 -0.2089 0.2253
vn -0.6141 -0.7757 0.1454
vn 0.4564 -0.8832 -0.1081
vn 0.4565 -0.8831 -0.1081
vn -0.4565 -0.8832 0.1079
vn -0.4565 -0.8832 0.1080
vn 0.6141 -0.7758 -0.1454
vn 0.9516 -0.2089 -0.2253
vn 0.6141 -0.7757 -0.1454
vn 0.9439 0.2432 -0.2235
vn 0.5807 0.8024 -0.1375
vn 0.5807 0.8025 -0.1375
vn -0.2303 -0.0002 -0.9731
vn -0.2304 -0.0003 -0.9731
vn -0.2304 -0.0000 -0.9731
vn -0.2304 0.0006 -0.9731
vn -0.2304 -0.0001 -0.9731
vn -0.2303 -0.0000 -0.9731
vn -0.8035 0.4811 0.3508
vn -0.9035 -0.2625 0.3389
vn -0.8712 0.3770 0.3145
vn -0.9203 -0.2191 0.3241
vn -0.5847 -0.7802 0.2222
vn -0.5857 -0.7854 0.2001
vn 0.4221 -0.9053 -0.0462
vn 0.4455 -0.8947 -0.0312
vn -0.4042 -0.8988 0.1699
vn -0.4287 -0.8897 0.1571
vn 0.6055 -0.7916 -0.0818
vn 0.9609 -0.2490 -0.1213
vn 0.6044 -0.7943 -0.0621
vn 0.9731 -0.2041 -0.1067
vn 0.8841 0.4564 -0.1006
vn 0.9374 0.3411 -0.0705
vn -0.9430 0.2841 0.1736
vn -0.3697 0.9214 -0.1202
vn -0.9405 0.3174 0.1212
vn -0.3183 0.9326 -0.1700
vn 0.2884 0.9070 -0.3069
vn 0.2513 0.9321 -0.2607
vn 0.8962 0.3161 -0.3114
vn 0.8901 0.3650 -0.2730
vn -0.8484 0.5186 0.1060
vn -0.8745 -0.4564 0.1642
vn -0.8548 0.4996 0.1406
vn -0.9099 -0.3876 0.1481
vn -0.9461 -0.2616 0.1912
vn -0.4744 -0.8776 -0.0685
vn -0.9662 -0.1974 0.1661
vn -0.5004 -0.8598 -0.1016
vn 0.3529 -0.8830 -0.3095
vn 0.3944 -0.8730 -0.2868
vn 0.9282 -0.2272 -0.2946
vn 0.9526 -0.1755 -0.2485
vn 0.8555 -0.4367 -0.2781
vn 0.8007 0.5411 -0.2572
vn 0.8940 -0.3736 -0.2474
vn 0.8081 0.5150 -0.2858
vn 0.4897 -0.6158 -0.6173
vn -0.1750 -0.6203 -0.7646
vn 0.5558 0.4226 -0.7159
vn -0.2137 0.4196 -0.8822
vn -0.8235 0.4170 -0.3846
vn -0.7029 -0.6270 -0.3359
vn -0.0646 0.9841 0.1654
vn 0.0502 0.9799 0.1928
vn -0.4234 -0.7626 0.4889
vn 0.1459 -0.7745 0.6155
vn 0.1447 0.9823 0.1188
vn 0.5976 -0.7627 0.2473
vn 0.4852 -0.6199 -0.6167
vn 0.5585 0.4184 -0.7163
vn 0.7871 -0.6168 -0.0069
vn 0.9080 0.4188 -0.0069
vn 0.4953 -0.6208 0.6077
vn 0.5695 0.4178 0.7078
vn -0.3740 -0.7626 0.5277
vn -0.6325 -0.7746 0.0049
vn -0.1400 0.9844 0.1064
vn -0.1909 0.9816 0.0011
vn -0.3822 -0.7627 -0.5217
vn -0.1420 0.9843 -0.1053
vn 0.4996 -0.6160 0.6091
vn 0.5671 0.4228 0.7069
vn -0.1627 -0.6218 0.7661
vn -0.1993 0.4189 0.8859
vn -0.6976 -0.6269 0.3469
vn -0.8169 0.4173 0.3982
vn -0.4311 -0.7628 -0.4820
vn 0.1358 -0.7745 -0.6178
vn -0.0676 0.9839 -0.1655
vn 0.0471 0.9798 -0.1946
vn 0.5938 -0.7626 -0.2567
vn 0.1429 0.9822 -0.1218
vn -0.8213 0.4200 -0.3862
vn -0.7066 -0.6242 -0.3334
vn -0.8149 0.4194 0.4000
vn -0.7009 -0.6249 0.3438
vn 0.1855 0.9821 0.0320
vn 0.1851 0.9821 -0.0358
vn 0.5708 -0.7627 0.3042
vn 0.5661 -0.7626 -0.3131
vn 0.1520 -0.0000 -0.9884
vn -0.5741 -0.0000 -0.8188
vn 0.4360 -0.0000 -0.9000
vn 0.6742 -0.0000 -0.7385
vn 0.8470 -0.0000 -0.5316
vn -0.4585 -0.0000 0.8887
vn -0.7970 -0.0000 0.6039
vn -0.9986 -0.0000 0.0538
vn -0.0000 -1.0000 -0.0000
vn -0.9321 0.2872 0.2207
vn -0.9321 0.2871 0.2207
vn -0.4366 0.8937 0.1034
vn 0.4366 0.8937 -0.1034
vn 0.9321 0.2871 -0.2206
vn 0.9321 0.2872 -0.2207
vn -0.8725 0.4428 0.2066
vn -0.9663 -0.1180 0.2288
vn -0.7472 -0.6406 0.1769
vn -0.7473 -0.6406 0.1769
vn -0.7477 -0.6400 0.1770
vn -0.7477 -0.6400 0.1772
vn 0.0001 -1.0000 -0.0000
vn 0.7478 -0.6400 -0.1769
vn 0.7477 -0.6400 -0.1770
vn 0.7472 -0.6406 -0.1769
vn 0.9663 -0.1180 -0.2288
vn 0.8725 0.4429 -0.2066
vn 0.8725 0.4428 -0.2066
vn -0.5787 -0.0000 -0.8155
vn 0.1459 -0.0000 -0.9893
vn -0.7932 -0.0000 -0.6090
vn -0.9338 -0.0000 -0.3578
vn -0.9954 -0.0000 -0.0953
vn 0.8083 -0.0000 0.5888
vn 0.9832 -0.0000 0.1825
vn 0.9167 -0.0000 -0.3996
vn 0.9321 -0.2871 -0.2207
vn 0.4366 -0.8937 -0.1034
vn 0.4367 -0.8937 -0.1034
vn -0.4366 -0.8937 0.1034
vn -0.4367 -0.8937 0.1034
vn -0.9321 -0.2871 0.2208
vn -0.9321 -0.2871 0.2207
vn 0.8725 -0.4428 -0.2066
vn 0.9663 0.1180 -0.2288
vn 0.7472 0.6406 -0.1770
vn 0.7472 0.6406 -0.1769
vn 0.7477 0.6400 -0.1770
vn 0.7477 0.6400 -0.1771
vn -0.7477 0.6400 0.1770
vn -0.7472 0.6406 0.1770
vn -0.7472 0.6406 0.1769
vn -0.9663 0.1180 0.2288
vn -0.8725 -0.4428 0.2066
vn -0.6049 0.7833 0.1433
vn -0.0024 1.0000 0.0006
vn -0.6050 0.7832 0.1432
vn -0.0026 1.0000 0.0006
vn 0.6072 0.7815 -0.1437
vn 0.6077 0.7811 -0.1439
vn -0.6726 0.7227 0.1592
vn -0.8662 0.4557 0.2051
vn -0.6725 0.7228 0.1592
vn -0.9586 0.1718 0.2270
vn -0.9586 -0.1718 0.2270
vn -0.6105 -0.7788 0.1445
vn 0.0013 -1.0000 -0.0003
vn -0.6105 -0.7787 0.1445
vn 0.6098 -0.7793 -0.1443
vn 0.6098 -0.7793 -0.1444
vn 0.6752 -0.7201 -0.1598
vn 0.8694 -0.4491 -0.2058
vn 0.6752 -0.7201 -0.1599
vn 0.9586 -0.1722 -0.2269
vn 0.9586 -0.1722 -0.2270
vn 0.9586 0.1722 -0.2270
vn 0.9586 0.1722 -0.2269
vn -0.5860 -0.0000 -0.8103
vn -0.3745 0.0030 -0.9272
vn -0.3745 -0.0030 -0.9272
vn -0.3070 -0.0000 -0.9517
vn -0.3126 -0.0064 -0.9499
vn -0.3126 0.0064 -0.9499
vn 0.8889 0.4069 -0.2104
vn 0.8889 0.4068 -0.2104
vn 0.8889 -0.4069 -0.2104
vn 0.1622 -0.0000 -0.9868
vn -0.0810 -0.0029 -0.9967
vn -0.0810 0.0029 -0.9967
vn -0.1524 -0.0000 -0.9883
vn -0.1467 0.0063 -0.9892
vn -0.1467 -0.0063 -0.9892
vn -0.8882 -0.4084 0.2103
vn -0.8882 -0.4084 0.2102
vn -0.8883 0.4084 0.2102
vn -0.8883 0.4084 0.2103
vn -0.0091 1.0000 0.0022
vn -0.0091 -1.0000 0.0022
vn 0.0091 -1.0000 -0.0022
vn 0.0091 1.0000 -0.0022
vn 0.0526 0.0209 0.9984
vn -0.0511 -0.0000 0.9987
vn 0.2235 0.0032 0.9747
vn -0.0633 0.0467 0.9969
vn -0.0533 0.0454 0.9975
vn -0.0586 -0.0000 0.9983
vn -0.0533 -0.0454 0.9975
vn -0.0633 -0.0467 0.9969
vn 0.0534 -0.0208 0.9984
vn 0.2243 -0.0031 0.9745
vn 0.7658 0.6270 0.1430
vn 0.7812 0.6068 0.1470
vn 0.9995 -0.0074 0.0319
vn 0.9995 -0.0084 0.0319
vn 0.7681 -0.6220 0.1523
vn 0.7822 -0.6083 0.1346
vn 0.7888 -0.5877 0.1800
vn 0.8086 -0.5674 0.1558
vn 0.0905 -0.9293 0.3582
vn 0.0915 -0.9289 0.3588
vn -0.6307 -0.5862 0.5085
vn -0.6554 -0.5592 0.5076
vn -0.6403 -0.6037 0.4749
vn -0.8837 0.0015 0.4680
vn -0.6213 -0.6218 0.4768
vn -0.8766 0.0014 0.4813
vn -0.6228 0.6237 0.4724
vn -0.6442 0.6037 0.4697
vn -0.6590 0.5600 0.5021
vn 0.0844 0.9277 0.3637
vn -0.6311 0.5895 0.5042
vn 0.0809 0.9326 0.3517
vn 0.7850 0.5973 0.1644
vn 0.8071 0.5638 0.1754
vn 0.4936 -0.0000 0.8697
vn 0.2364 -0.0030 0.9716
vn 0.3995 -0.0206 0.9165
vn 0.5038 -0.0463 0.8625
vn 0.4951 -0.0452 0.8676
vn 0.4998 -0.0000 0.8661
vn 0.4951 0.0452 0.8676
vn 0.5038 0.0463 0.8626
vn 0.4033 0.0210 0.9148
vn 0.2446 0.0038 0.9696
vn -0.6992 -0.6402 0.3182
vn -0.6991 -0.6397 0.3193
vn -0.9352 -0.0000 0.3541
vn -0.6992 0.6402 0.3182
vn -0.6991 0.6397 0.3194
vn -0.7053 0.6022 0.3740
vn -0.7058 0.6019 0.3735
vn 0.0467 0.9790 0.1983
vn 0.7980 0.6024 0.0181
vn 0.7981 0.6022 0.0174
vn 0.7676 0.6403 -0.0291
vn 0.7680 0.6399 -0.0280
vn 0.9947 -0.0000 -0.1029
vn 0.7676 -0.6403 -0.0291
vn 0.7680 -0.6399 -0.0280
vn 0.7980 -0.6024 0.0181
vn 0.7981 -0.6023 0.0174
vn 0.0467 -0.9790 0.1983
vn -0.7053 -0.6022 0.3741
vn -0.7058 -0.6020 0.3735
vn 0.2304 0.0001 0.9731
vn 0.2304 -0.0000 0.9731
vn 0.8710 0.4459 -0.2062
vn 0.6745 0.7207 -0.1598
vn 0.6741 0.7212 -0.1597
vn -0.8714 -0.4451 0.2063
vn -0.6758 -0.7195 0.1600
vn -0.2294 -0.0000 -0.9733
vn -0.2302 -0.0000 -0.9731
vn -0.2303 0.0001 -0.9731
vn -0.2299 0.0001 -0.9732
vn -0.2287 -0.0000 -0.9735
vn -0.2360 0.0003 -0.9718
vn -0.2306 -0.0000 -0.9731
vn -0.5098 -0.0611 0.8581
vn -0.4651 -0.1584 0.8710
vn -0.9973 -0.0696 -0.0239
vn -0.9648 -0.2625 -0.0169
vn -0.3273 -0.3366 0.8829
vn -0.5192 -0.0367 -0.8539
vn -0.6650 -0.7469 -0.0004
vn -0.4592 -0.1665 -0.8726
vn -0.3277 -0.3367 -0.8828
vn 0.6392 0.2041 0.7415
vn 0.6025 0.2475 0.7588
vn -0.5107 -0.0815 0.8559
vn -0.4934 -0.1525 0.8563
vn -0.3197 -0.4029 0.8576
vn 0.4040 0.5421 0.7368
vn -0.0003 -0.5716 0.8205
vn -0.0000 0.6553 0.7554
vn 0.3198 -0.4067 0.8557
vn -0.4000 0.5431 0.7383
vn 0.5045 -0.1678 0.8469
vn -0.6012 0.2446 0.7607
vn -0.6378 0.2068 0.7419
vn 0.5359 -0.0490 0.8428
vn 0.6251 0.1335 -0.7690
vn 0.5841 0.2428 -0.7745
vn 0.9667 0.2556 0.0134
vn 0.9122 0.4097 0.0061
vn 0.6293 0.1591 0.7607
vn 0.5949 0.2324 0.7695
vn 0.6513 0.7588 -0.0002
vn 0.4238 0.4640 -0.7779
vn 0.4239 0.4637 0.7780
vn -0.5359 -0.0522 -0.8427
vn -0.5011 -0.1711 -0.8483
vn 0.6268 0.1682 -0.7608
vn 0.5891 0.2591 -0.7654
vn 0.4038 0.5425 -0.7367
vn -0.3201 -0.4028 -0.8575
vn 0.0003 0.6554 -0.7552
vn 0.0003 -0.5716 -0.8205
vn -0.4001 0.5430 -0.7383
vn 0.3193 -0.4068 -0.8559
vn -0.6013 0.2447 -0.7607
vn 0.5044 -0.1678 -0.8470
vn 0.5359 -0.0489 -0.8428
vn -0.6378 0.2068 -0.7419
vn 0.3569 0.4710 0.8067
vn 0.5615 0.8275 -0.0003
vn -0.0000 0.5292 0.8485
vn 0.0003 1.0000 -0.0002
vn 0.3565 0.4718 -0.8064
vn 0.0005 0.5303 -0.8478
vn -0.5577 0.8300 -0.0000
vn -0.3530 0.4715 0.8082
vn -0.3529 0.4715 -0.8082
vn -0.2767 -0.3124 0.9087
vn -0.0005 -0.4814 0.8765
vn -0.5903 -0.8072 -0.0006
vn 0.2769 -0.3171 0.9071
vn -0.2776 -0.3130 -0.9083
vn 0.5846 -0.8113 0.0006
vn 0.0005 -0.4814 -0.8765
vn 0.2761 -0.3165 -0.9075
vn 0.3263 -0.3399 0.8820
vn 0.4669 -0.1645 0.8689
vn 0.6593 -0.7519 0.0004
vn 0.9632 -0.2688 -0.0000
vn 0.5183 -0.0341 0.8545
vn 0.9994 -0.0347 -0.0000
vn 0.5183 -0.0342 -0.8545
vn 0.4670 -0.1644 -0.8689
vn 0.3260 -0.3399 -0.8822
vn 0.9220 -0.0000 0.3873
vn 1.0000 -0.0000 -0.0000
vn 0.9220 -0.0000 -0.3873
vn -0.0000 -0.0000 1.0000
vn -0.0000 -0.0000 -1.0000
vn -0.9194 -0.0000 -0.3933
vn -1.0000 -0.0000 -0.0000
vn -0.9194 -0.0000 0.3933
vn 0.4346 0.8968 -0.0836
vn -0.3510 0.8967 -0.2696
vn 0.6096 0.7924 -0.0208
vn 0.6097 0.7924 -0.0211
vn 0.9667 0.2362 0.0983
vn 0.9644 0.2460 0.0974
vn 0.9736 -0.2033 0.1039
vn 0.9720 -0.2112 0.1032
vn 0.6377 -0.7702 -0.0086
vn 0.6454 -0.7638 -0.0067
vn 0.4968 -0.8658 -0.0591
vn -0.4177 -0.8658 -0.2756
vn 0.4881 -0.8706 -0.0612
vn -0.4089 -0.8706 -0.2735
vn -0.5663 -0.7702 -0.2936
vn -0.5739 -0.7638 -0.2954
vn -0.9168 -0.2033 -0.3437
vn -0.9151 -0.2111 -0.3436
vn -0.9082 0.2362 -0.3456
vn -0.9057 0.2459 -0.3453
vn -0.5356 0.7924 -0.2920
vn -0.5356 0.7923 -0.2922
vn -0.3958 0.9135 -0.0937
vn 0.3957 0.9136 0.0937
vn -0.3957 0.9136 -0.0937
vn 0.4886 0.8649 0.1149
vn 0.9340 0.1650 0.3170
vn 0.4057 0.8994 0.1630
vn 0.8906 0.2625 0.3714
vn -0.3829 0.9197 -0.0871
vn -0.4562 0.8886 -0.0474
vn -0.9673 0.2118 -0.1398
vn -0.9888 0.1183 -0.0907
vn 0.5807 0.8024 0.1374
vn 0.9439 0.2432 0.2235
vn 0.5806 0.8025 0.1375
vn 0.9516 -0.2089 0.2253
vn 0.6141 -0.7757 0.1454
vn 0.4565 -0.8832 0.1080
vn -0.4565 -0.8831 -0.1081
vn 0.4565 -0.8832 0.1081
vn -0.4564 -0.8832 -0.1080
vn -0.6141 -0.7758 -0.1454
vn -0.6141 -0.7757 -0.1454
vn -0.9516 -0.2089 -0.2253
vn -0.9439 0.2432 -0.2235
vn -0.5807 0.8024 -0.1375
vn -0.5806 0.8025 -0.1377
vn 0.2303 -0.0000 -0.9731
vn 0.2304 -0.0001 -0.9731
vn 0.2304 0.0001 -0.9731
vn 0.2304 -0.0000 -0.9731
vn 0.2304 0.0002 -0.9731
vn 0.2303 -0.0003 -0.9731
vn 0.8035 0.4811 0.3507
vn 0.8712 0.3770 0.3145
vn 0.9035 -0.2625 0.3389
vn 0.9203 -0.2191 0.3241
vn 0.5847 -0.7802 0.2222
vn 0.5857 -0.7854 0.2001
vn 0.4286 -0.8897 0.1571
vn -0.4455 -0.8947 -0.0312
vn 0.4042 -0.8988 0.1698
vn -0.4221 -0.9053 -0.0463
vn -0.6056 -0.7916 -0.0818
vn -0.6043 -0.7943 -0.0622
vn -0.9609 -0.2490 -0.1213
vn -0.9731 -0.2041 -0.1067
vn -0.8841 0.4564 -0.1006
vn -0.9374 0.3412 -0.0705
vn 0.9430 0.2840 0.1736
vn 0.9405 0.3174 0.1211
vn 0.3697 0.9214 -0.1202
vn 0.3183 0.9326 -0.1700
vn -0.2884 0.9070 -0.3069
vn -0.2513 0.9321 -0.2607
vn -0.8962 0.3161 -0.3113
vn -0.8901 0.3650 -0.2730
vn 0.9099 -0.3876 0.1480
vn 0.8745 -0.4564 0.1642
vn 0.8548 0.4996 0.1406
vn 0.8484 0.5186 0.1061
vn 0.9460 -0.2616 0.1912
vn 0.9662 -0.1974 0.1661
vn 0.4744 -0.8776 -0.0685
vn 0.5004 -0.8598 -0.1016
vn -0.3529 -0.8830 -0.3095
vn -0.3944 -0.8730 -0.2868
vn -0.9282 -0.2272 -0.2946
vn -0.9526 -0.1755 -0.2484
vn -0.8081 0.5150 -0.2858
vn -0.8006 0.5411 -0.2572
vn -0.8940 -0.3736 -0.2474
vn -0.8556 -0.4367 -0.2781
vn -0.4897 -0.6158 -0.6173
vn -0.5558 0.4226 -0.7159
vn 0.1750 -0.6203 -0.7646
vn 0.2136 0.4196 -0.8822
vn 0.8235 0.4170 -0.3846
vn 0.7029 -0.6270 -0.3359
vn 0.0646 0.9841 0.1654
vn 0.4234 -0.7627 0.4890
vn -0.0503 0.9799 0.1928
vn -0.1458 -0.7745 0.6156
vn -0.1447 0.9823 0.1188
vn -0.5976 -0.7627 0.2474
vn -0.4852 -0.6199 -0.6167
vn -0.7871 -0.6168 -0.0069
vn -0.5585 0.4184 -0.7163
vn -0.9080 0.4188 -0.0069
vn -0.4953 -0.6208 0.6077
vn -0.5696 0.4179 0.7078
vn 0.3740 -0.7626 0.5278
vn 0.1399 0.9844 0.1064
vn 0.6325 -0.7746 0.0050
vn 0.1909 0.9816 0.0012
vn 0.3822 -0.7627 -0.5217
vn 0.1420 0.9843 -0.1052
vn -0.4996 -0.6160 0.6090
vn 0.1626 -0.6218 0.7661
vn -0.5672 0.4227 0.7069
vn 0.1993 0.4189 0.8859
vn 0.6977 -0.6269 0.3468
vn 0.8169 0.4173 0.3982
vn 0.4311 -0.7627 -0.4820
vn 0.0677 0.9839 -0.1655
vn -0.1358 -0.7745 -0.6178
vn -0.0471 0.9798 -0.1946
vn -0.5938 -0.7626 -0.2568
vn -0.1428 0.9822 -0.1219
vn 0.7009 -0.6249 0.3438
vn 0.7066 -0.6242 -0.3334
vn 0.8149 0.4194 0.4001
vn 0.8213 0.4200 -0.3861
vn -0.5661 -0.7626 -0.3131
vn -0.1851 0.9821 -0.0358
vn -0.5708 -0.7627 0.3042
vn -0.1855 0.9821 0.0320
vn -0.1520 -0.0000 -0.9884
vn 0.5741 -0.0000 -0.8188
vn -0.4360 -0.0000 -0.9000
vn -0.6742 -0.0000 -0.7385
vn -0.8470 -0.0000 -0.5316
vn 0.4585 -0.0000 0.8887
vn 0.7970 -0.0000 0.6039
vn 0.9986 -0.0000 0.0538
vn 0.9321 0.2872 0.2207
vn 0.4366 0.8937 0.1034
vn 0.9321 0.2871 0.2207
vn -0.4366 0.8937 -0.1034
vn -0.9321 0.2871 -0.2207
vn -0.9321 0.2872 -0.2208
vn 0.8725 0.4428 0.2066
vn 0.9663 -0.1180 0.2288
vn 0.7472 -0.6406 0.1769
vn 0.7473 -0.6406 0.1769
vn 0.7477 -0.6400 0.1771
vn -0.0001 -1.0000 -0.0000
vn 0.7477 -0.6400 0.1770
vn -0.7477 -0.6400 -0.1770
vn -0.7472 -0.6406 -0.1768
vn -0.9663 -0.1180 -0.2288
vn -0.7472 -0.6406 -0.1769
vn -0.8725 0.4429 -0.2066
vn -0.8725 0.4428 -0.2066
vn 0.5787 -0.0000 -0.8155
vn -0.1459 -0.0000 -0.9893
vn 0.7932 -0.0000 -0.6090
vn 0.9338 -0.0000 -0.3578
vn 0.9954 -0.0000 -0.0953
vn -0.8083 -0.0000 0.5888
vn -0.9832 -0.0000 0.1825
vn -0.9167 -0.0000 -0.3996
vn -0.9321 -0.2871 -0.2207
vn -0.4366 -0.8937 -0.1034
vn -0.4367 -0.8937 -0.1034
vn 0.4366 -0.8937 0.1034
vn 0.4367 -0.8937 0.1034
vn 0.9321 -0.2871 0.2207
vn 0.9321 -0.2871 0.2208
vn -0.8725 -0.4428 -0.2066
vn -0.9663 0.1180 -0.2288
vn -0.7472 0.6406 -0.1769
vn -0.7477 0.6400 -0.1771
vn -0.7477 0.6400 -0.1770
vn 0.7477 0.6400 0.1771
vn 0.7477 0.6400 0.1770
vn 0.7472 0.6406 0.1769
vn 0.9663 0.1180 0.2288
vn 0.8725 -0.4428 0.2066
vn 0.6049 0.7833 0.1432
vn 0.6050 0.7832 0.1433
vn 0.0024 1.0000 0.0006
vn 0.0026 1.0000 0.0006
vn -0.6071 0.7815 -0.1438
vn -0.6077 0.7811 -0.1439
vn 0.8662 0.4557 0.2051
vn 0.6725 0.7228 0.1592
vn 0.6726 0.7227 0.1592
vn 0.9586 0.1718 0.2270
vn 0.9586 -0.1718 0.2270
vn 0.6105 -0.7788 0.1445
vn 0.6105 -0.7787 0.1445
vn -0.0013 -1.0000 -0.0003
vn -0.6098 -0.7793 -0.1443
vn -0.6098 -0.7793 -0.1444
vn -0.8694 -0.4491 -0.2058
vn -0.6752 -0.7201 -0.1598
vn -0.6752 -0.7201 -0.1599
vn -0.9586 -0.1722 -0.2270
vn -0.9586 -0.1722 -0.2269
vn -0.9586 0.1722 -0.2269
vn -0.9586 0.1722 -0.2270
vn 0.5860 -0.0000 -0.8103
vn 0.3745 0.0030 -0.9272
vn 0.3745 -0.0030 -0.9272
vn 0.3070 -0.0000 -0.9517
vn 0.3126 -0.0064 -0.9499
vn 0.3126 0.0064 -0.9499
vn -0.8889 0.4068 -0.2104
vn -0.8889 0.4069 -0.2104
vn -0.8889 -0.4069 -0.2104
vn -0.1622 -0.0000 -0.9868
vn 0.0810 -0.0029 -0.9967
vn 0.0810 0.0029 -0.9967
vn 0.1524 -0.0000 -0.9883
vn 0.1467 0.0063 -0.9892
vn 0.1467 -0.0063 -0.9892
vn 0.8882 -0.4084 0.2102
vn 0.8882 -0.4084 0.2103
vn 0.8883 0.4084 0.2103
vn 0.8883 0.4084 0.2102
vn 0.0091 1.0000 0.0022
vn 0.0091 -1.0000 0.0022
vn -0.0091 -1.0000 -0.0022
vn -0.0091 1.0000 -0.0022
vn 0.0511 -0.0000 0.9987
vn -0.0526 0.0209 0.9984
vn -0.2235 0.0032 0.9747
vn 0.0633 0.0467 0.9969
vn 0.0533 0.0454 0.9975
vn 0.0586 -0.0000 0.9983
vn 0.0533 -0.0454 0.9975
vn 0.0633 -0.0467 0.9969
vn -0.0534 -0.0208 0.9984
vn -0.2243 -0.0031 0.9745
vn -0.7658 0.6270 0.1431
vn -0.9995 -0.0074 0.0319
vn -0.7812 0.6067 0.1470
vn -0.9995 -0.0084 0.0319
vn -0.7681 -0.6220 0.1523
vn -0.7822 -0.6083 0.1346
vn -0.7888 -0.5877 0.1800
vn -0.0905 -0.9293 0.3582
vn -0.8086 -0.5674 0.1559
vn -0.0915 -0.9289 0.3588
vn 0.6307 -0.5862 0.5085
vn 0.6554 -0.5592 0.5076
vn 0.6404 -0.6037 0.4749
vn 0.6213 -0.6218 0.4768
vn 0.8837 0.0015 0.4680
vn 0.8766 0.0014 0.4813
vn 0.6228 0.6237 0.4724
vn 0.6442 0.6036 0.4697
vn 0.6590 0.5600 0.5022
vn 0.6310 0.5895 0.5043
vn -0.0844 0.9277 0.3637
vn -0.0809 0.9326 0.3517
vn -0.7850 0.5973 0.1644
vn -0.8071 0.5638 0.1754
vn -0.2364 -0.0030 0.9716
vn -0.4936 -0.0000 0.8697
vn -0.3995 -0.0206 0.9165
vn -0.5038 -0.0463 0.8625
vn -0.4951 -0.0452 0.8676
vn -0.4998 -0.0000 0.8661
vn -0.4951 0.0452 0.8676
vn -0.5038 0.0463 0.8626
vn -0.4033 0.0210 0.9148
vn -0.2443 0.0039 0.9697
vn 0.6992 -0.6402 0.3182
vn 0.9352 -0.0000 0.3541
vn 0.6991 -0.6397 0.3193
vn 0.6992 0.6402 0.3182
vn 0.6991 0.6397 0.3193
vn 0.7053 0.6022 0.3740
vn -0.0467 0.9790 0.1983
vn 0.7058 0.6019 0.3735
vn -0.7980 0.6024 0.0181
vn -0.7981 0.6022 0.0175
vn -0.7676 0.6403 -0.0291
vn -0.9947 -0.0000 -0.1029
vn -0.7680 0.6399 -0.0280
vn -0.7676 -0.6403 -0.0291
vn -0.7680 -0.6399 -0.0281
vn -0.7980 -0.6024 0.0181
vn -0.0467 -0.9790 0.1983
vn -0.7981 -0.6023 0.0174
vn 0.7053 -0.6022 0.3740
vn 0.7058 -0.6020 0.3735
vn -0.2304 0.0001 0.9731
vn -0.2304 -0.0000 0.9731
vn -0.6741 0.7212 -0.1597
vn -0.6745 0.7207 -0.1598
vn -0.8710 0.4459 -0.2062
vn 0.6758 -0.7195 0.1600
vn 0.8714 -0.4451 0.2063
vn 0.2294 -0.0000 -0.9733
vn 0.2302 -0.0000 -0.9731
vn 0.2303 0.0001 -0.9731
vn 0.2299 0.0001 -0.9732
vn 0.2286 -0.0000 -0.9735
vn 0.2360 0.0003 -0.9718
vn 0.2306 -0.0000 -0.9731
vn 0.5098 -0.0611 0.8581
vn 0.9973 -0.0696 -0.0239
vn 0.4651 -0.1584 0.8710
vn 0.9648 -0.2625 -0.0169
vn 0.5192 -0.0367 -0.8539
vn 0.3274 -0.3366 0.8829
vn 0.4592 -0.1665 -0.8726
vn 0.6650 -0.7469 -0.0004
vn 0.3277 -0.3367 -0.8828
vn -0.6392 0.2041 0.7415
vn 0.5107 -0.0815 0.8559
vn -0.6025 0.2474 0.7588
vn 0.4934 -0.1525 0.8563
vn 0.3197 -0.4028 0.8576
vn -0.4040 0.5422 0.7368
vn 0.0003 -0.5716 0.8205
vn -0.3197 -0.4068 0.8557
vn 0.4001 0.5430 0.7383
vn -0.5045 -0.1678 0.8469
vn 0.6012 0.2446 0.7607
vn 0.6378 0.2068 0.7419
vn -0.5359 -0.0489 0.8428
vn -0.6251 0.1335 -0.7690
vn -0.9667 0.2556 0.0134
vn -0.5841 0.2428 -0.7745
vn -0.9122 0.4097 0.0061
vn -0.6293 0.1591 0.7607
vn -0.5949 0.2323 0.7695
vn -0.6513 0.7588 -0.0002
vn -0.4238 0.4640 -0.7779
vn -0.4239 0.4637 0.7780
vn 0.5359 -0.0522 -0.8427
vn -0.6268 0.1682 -0.7608
vn 0.5011 -0.1711 -0.8483
vn -0.5891 0.2591 -0.7654
vn -0.4039 0.5424 -0.7367
vn 0.3200 -0.4029 -0.8575
vn -0.0003 0.6554 -0.7552
vn -0.0003 -0.5716 -0.8205
vn 0.4000 0.5431 -0.7383
vn -0.3194 -0.4067 -0.8559
vn 0.6013 0.2446 -0.7607
vn -0.5044 -0.1678 -0.8470
vn -0.5359 -0.0490 -0.8428
vn 0.6378 0.2068 -0.7419
vn -0.3569 0.4710 0.8067
vn -0.5615 0.8275 -0.0003
vn -0.0003 1.0000 -0.0002
vn -0.3565 0.4718 -0.8064
vn -0.0004 0.5303 -0.8478
vn 0.5577 0.8300 -0.0000
vn 0.3529 0.4715 0.8082
vn 0.3530 0.4715 -0.8082
vn 0.2767 -0.3125 0.9087
vn 0.5903 -0.8072 -0.0006
vn 0.0005 -0.4814 0.8765
vn 0.2776 -0.3130 -0.9083
vn -0.2770 -0.3171 0.9071
vn -0.0005 -0.4814 -0.8765
vn -0.5846 -0.8113 0.0006
vn -0.2761 -0.3165 -0.9075
vn -0.3263 -0.3399 0.8820
vn -0.6593 -0.7519 0.0004
vn -0.4670 -0.1644 0.8689
vn -0.9632 -0.2688 -0.0000
vn -0.5183 -0.0342 0.8545
vn -0.9994 -0.0347 -0.0000
vn -0.5183 -0.0342 -0.8545
vn -0.4669 -0.1645 -0.8688
vn -0.3260 -0.3399 -0.8822
vn -0.9220 -0.0000 0.3873
vn -0.9220 -0.0000 -0.3873
vn 0.9194 -0.0000 -0.3933
vn 0.9194 -0.0000 0.3933
vn 0.1734 -0.0001 -0.9848
vn 0.1736 -0.0000 -0.9848
vn 0.1737 -0.0000 -0.9848
vn 0.1737 -0.0002 -0.9848
vn 0.9651 -0.1990 0.1702
vn 0.8574 -0.4920 0.1512
vn 0.9085 -0.3861 0.1602
vn 0.4107 -0.9089 0.0724
vn -0.4107 -0.9089 -0.0724
vn -0.9085 -0.3860 -0.1602
vn -0.8574 -0.4920 -0.1512
vn -0.9651 -0.1990 -0.1702
vn -0.7424 0.5576 0.3715
vn 0.6733 0.4785 0.5637
vn -0.6740 0.7097 0.2050
vn 0.6740 0.6561 0.3395
vn -0.6834 0.7042 -0.1927
vn 0.6732 0.7126 0.1977
vn -0.5332 0.6735 -0.5119
vn 0.4710 0.7566 0.4535
vn -0.1683 0.6800 -0.7136
vn 0.1509 0.7510 0.6428
vn 0.1729 0.6804 -0.7122
vn -0.1550 0.7510 0.6419
vn 0.5306 0.6743 -0.5136
vn -0.4684 0.7565 0.4564
vn 0.6793 0.7185 -0.1495
vn -0.6642 0.7422 0.0892
vn 0.7010 0.7131 0.0098
vn -0.7527 0.6480 -0.1162
vn -0.7707 0.6271 -0.1127
vn 0.7494 0.6620 0.0154
vn -0.7092 0.6960 -0.1125
vn 0.6907 0.7231 0.0052
vn -0.7036 -0.5158 -0.4888
vn -0.7648 0.5811 0.2783
vn -0.7431 -0.5679 -0.3540
vn -0.6734 0.7109 0.2027
vn -0.7094 -0.6740 -0.2062
vn -0.6939 0.6929 -0.1962
vn -0.5713 -0.6335 -0.5218
vn -0.5586 0.6540 -0.5102
vn 0.6642 -0.6047 -0.4395
vn -0.7294 -0.4247 -0.5363
vn 0.7259 -0.6757 -0.1284
vn -0.7262 -0.5834 -0.3637
vn 0.6263 -0.7586 0.1795
vn -0.7263 -0.6541 -0.2112
vn 0.4269 -0.8091 0.4039
vn -0.5721 -0.6121 -0.5460
vn 0.1354 -0.8141 0.5647
vn -0.1844 -0.6057 -0.7740
vn -0.1388 -0.8144 0.5635
vn 0.1891 -0.6055 -0.7730
vn -0.4239 -0.8100 0.4053
vn 0.5699 -0.6120 -0.5483
vn -0.6543 -0.7428 0.1419
vn 0.7740 -0.6243 -0.1053
vn 0.7098 -0.6944 0.1183
vn -0.6534 -0.7570 -0.0004
vn 0.6660 -0.7369 0.1159
vn -0.6433 -0.7656 0.0052
vn 0.7200 -0.6836 0.1197
vn -0.6975 -0.7165 0.0014
vn 0.6476 0.5698 0.5059
vn 0.6893 -0.6397 -0.3399
vn 0.6242 0.6980 0.3509
vn 0.7786 -0.6188 -0.1040
vn 0.6651 0.7208 0.1953
vn 0.6414 -0.7449 0.1836
vn 0.4691 0.7724 0.4281
vn 0.4488 -0.7947 0.4086
vn -0.5474 -0.6350 -0.5451
vn -0.5333 0.6525 -0.5384
vn -0.1817 -0.6177 -0.7651
vn -0.1783 0.6327 -0.7536
vn 0.1864 -0.6177 -0.7640
vn 0.1833 0.6315 -0.7534
vn 0.5500 -0.6349 -0.5425
vn 0.5359 0.6522 -0.5361
vn 0.4501 0.7736 0.4460
vn 0.4279 -0.7935 0.4327
vn 0.1378 0.8012 0.5823
vn 0.1335 -0.8163 0.5620
vn -0.1415 0.8012 0.5815
vn -0.1364 -0.8178 0.5591
vn -0.4513 0.7741 0.4441
vn -0.4292 -0.7937 0.4312
vn 0.5645 -0.6335 -0.5291
vn 0.5521 0.6535 -0.5178
vn 0.7283 -0.6775 -0.1028
vn 0.6844 0.7152 -0.1421
vn 0.6999 -0.7049 0.1152
vn 0.7107 0.7033 0.0144
vn 0.7273 0.6862 0.0120
vn 0.6818 -0.7223 0.1156
vn 0.7087 -0.6914 0.1407
vn 0.7024 0.7116 -0.0161
vn -0.4626 0.7728 0.4346
vn -0.4428 -0.7949 0.4148
vn -0.6990 0.7097 0.0879
vn -0.6754 -0.7213 0.1534
vn -0.6890 -0.7247 -0.0030
vn -0.7193 0.6845 -0.1190
vn -0.6798 -0.7334 -0.0001
vn -0.7326 0.6712 -0.1131
vn -0.7088 -0.7051 0.0197
vn -0.6975 0.7036 -0.1359
vn 0.7387 -0.0000 0.6741
vn 1.0000 -0.0000 -0.0076
vn 0.7283 -0.0000 -0.6852
vn 0.7063 -0.0000 0.7079
vn 0.7064 -0.0000 0.7079
vn 0.2307 -0.0000 0.9730
vn -0.2368 -0.0000 0.9716
vn -0.7086 -0.0000 0.7056
vn -0.7283 -0.0000 0.6852
vn -1.0000 -0.0000 0.0077
vn -1.0000 -0.0000 0.0076
vn -0.7387 -0.0000 -0.6740
vn -0.7063 -0.0000 -0.7079
vn -0.2307 -0.0000 -0.9730
vn 0.2368 -0.0000 -0.9716
vn 0.7086 -0.0000 -0.7056
vn 0.7387 -0.0000 0.6740
vn 0.7063 -0.0001 0.7079
vn -0.7284 -0.0000 0.6852
vn -0.7386 -0.0000 -0.6741
vn -0.7386 0.0001 -0.6741
vn -0.7064 -0.0000 -0.7078
vn -0.7063 0.0001 -0.7079
vn 0.7094 0.3387 0.6181
vn 0.9315 0.3637 -0.0061
vn 0.7273 0.1553 0.6685
vn 0.9833 0.1818 -0.0082
vn 0.7012 0.3345 -0.6296
vn 0.7171 0.1526 -0.6801
vn 0.7026 0.1619 0.6929
vn 0.2240 0.1304 0.9658
vn 0.6500 0.3149 0.6917
vn 0.2295 0.2725 0.9344
vn -0.2307 0.1296 0.9644
vn -0.2346 0.2706 0.9337
vn -0.7051 0.1602 0.6908
vn -0.6527 0.3116 0.6905
vn -0.7171 0.1525 0.6801
vn -0.9833 0.1818 0.0082
vn -0.7013 0.3344 0.6296
vn -0.9315 0.3638 0.0061
vn -0.7273 0.1554 -0.6685
vn -0.7093 0.3389 -0.6181
vn -0.7026 0.1621 -0.6929
vn -0.2240 0.1305 -0.9658
vn -0.6499 0.3150 -0.6917
vn -0.2295 0.2726 -0.9343
vn 0.2307 0.1297 -0.9643
vn 0.2346 0.2708 -0.9336
vn 0.7051 0.1602 -0.6908
vn 0.6526 0.3117 -0.6906
vn -0.0910 0.1523 0.9841
vn -0.1737 -0.0001 -0.9848
vn -0.1737 -0.0000 -0.9848
vn -0.1736 -0.0000 -0.9848
vn -0.1734 -0.0001 -0.9848
vn -0.8574 -0.4920 0.1512
vn -0.9651 -0.1990 0.1702
vn -0.9085 -0.3861 0.1602
vn -0.4107 -0.9089 0.0724
vn 0.4107 -0.9089 -0.0724
vn 0.9085 -0.3860 -0.1602
vn 0.9651 -0.1990 -0.1702
vn 0.8574 -0.4920 -0.1512
vn 0.7423 0.5576 0.3715
vn 0.6740 0.7097 0.2050
vn -0.6733 0.4785 0.5636
vn -0.6740 0.6561 0.3395
vn 0.6833 0.7042 -0.1927
vn -0.6732 0.7126 0.1976
vn 0.5332 0.6735 -0.5119
vn -0.4709 0.7566 0.4536
vn 0.1684 0.6800 -0.7136
vn -0.1509 0.7510 0.6428
vn -0.1728 0.6804 -0.7122
vn 0.1551 0.7510 0.6419
vn -0.5305 0.6743 -0.5136
vn 0.4684 0.7565 0.4563
vn -0.6793 0.7185 -0.1495
vn 0.6642 0.7422 0.0892
vn -0.7010 0.7131 0.0097
vn 0.7527 0.6480 -0.1162
vn 0.7707 0.6271 -0.1128
vn -0.7494 0.6620 0.0154
vn 0.7092 0.6960 -0.1125
vn -0.6907 0.7231 0.0051
vn 0.7036 -0.5158 -0.4888
vn 0.7431 -0.5678 -0.3541
vn 0.7648 0.5811 0.2784
vn 0.6734 0.7110 0.2026
vn 0.7094 -0.6740 -0.2062
vn 0.6939 0.6929 -0.1962
vn 0.5714 -0.6335 -0.5217
vn 0.5586 0.6539 -0.5103
vn -0.6642 -0.6047 -0.4395
vn -0.7259 -0.6757 -0.1285
vn 0.7294 -0.4248 -0.5363
vn 0.7262 -0.5834 -0.3637
vn -0.6263 -0.7586 0.1795
vn 0.7263 -0.6541 -0.2112
vn -0.4270 -0.8091 0.4037
vn 0.5721 -0.6121 -0.5460
vn -0.1355 -0.8141 0.5647
vn 0.1843 -0.6057 -0.7741
vn 0.1387 -0.8144 0.5635
vn -0.1892 -0.6055 -0.7730
vn 0.4238 -0.8100 0.4054
vn -0.5700 -0.6120 -0.5483
vn 0.6543 -0.7428 0.1419
vn -0.7740 -0.6243 -0.1053
vn -0.7098 -0.6944 0.1183
vn 0.6534 -0.7570 -0.0004
vn -0.6660 -0.7369 0.1158
vn 0.6434 -0.7655 0.0054
vn -0.7200 -0.6836 0.1197
vn 0.6975 -0.7165 0.0013
vn -0.6476 0.5698 0.5059
vn -0.6242 0.6980 0.3510
vn -0.6893 -0.6398 -0.3399
vn -0.7786 -0.6188 -0.1039
vn -0.6651 0.7208 0.1953
vn -0.6414 -0.7449 0.1836
vn -0.4691 0.7724 0.4281
vn -0.4488 -0.7947 0.4086
vn 0.5475 -0.6350 -0.5450
vn 0.1817 -0.6177 -0.7651
vn 0.5332 0.6525 -0.5385
vn 0.1783 0.6327 -0.7536
vn -0.1864 -0.6177 -0.7640
vn -0.1833 0.6315 -0.7534
vn -0.5501 -0.6349 -0.5425
vn -0.5359 0.6522 -0.5361
vn -0.4501 0.7736 0.4460
vn -0.1378 0.8012 0.5823
vn -0.4278 -0.7935 0.4328
vn -0.1335 -0.8163 0.5620
vn 0.1415 0.8012 0.5814
vn 0.1365 -0.8178 0.5590
vn 0.4512 0.7741 0.4441
vn 0.4292 -0.7937 0.4312
vn -0.5645 -0.6335 -0.5292
vn -0.7283 -0.6775 -0.1029
vn -0.5521 0.6536 -0.5177
vn -0.6843 0.7152 -0.1421
vn -0.6999 -0.7049 0.1153
vn -0.7107 0.7033 0.0144
vn -0.7273 0.6862 0.0121
vn -0.6818 -0.7223 0.1156
vn -0.7087 -0.6914 0.1407
vn -0.7024 0.7116 -0.0160
vn 0.4626 0.7728 0.4346
vn 0.6990 0.7097 0.0880
vn 0.4429 -0.7949 0.4147
vn 0.6754 -0.7213 0.1533
vn 0.6890 -0.7247 -0.0031
vn 0.7193 0.6845 -0.1189
vn 0.6798 -0.7334 -0.0001
vn 0.7326 0.6711 -0.1132
vn 0.7088 -0.7051 0.0197
vn 0.6975 0.7036 -0.1359
vn -0.7387 -0.0000 0.6741
vn -1.0000 -0.0000 -0.0076
vn -0.7284 -0.0000 -0.6852
vn -0.7064 -0.0000 0.7078
vn -0.2307 -0.0000 0.9730
vn 0.2368 -0.0000 0.9716
vn 0.7086 -0.0000 0.7056
vn 0.7283 -0.0000 0.6852
vn 1.0000 -0.0000 0.0076
vn 0.7387 -0.0000 -0.6740
vn 0.7387 -0.0001 -0.6740
vn 0.7063 -0.0000 -0.7079
vn 0.2307 -0.0000 -0.9730
vn -0.2368 -0.0000 -0.9716
vn -0.7086 -0.0000 -0.7056
vn -0.7387 -0.0000 0.6740
vn -0.7283 -0.0000 -0.6852
vn -0.7063 -0.0000 0.7079
vn 0.7284 -0.0000 0.6852
vn 0.7387 -0.0000 -0.6741
vn 0.7064 -0.0000 -0.7079
vn -0.7086 0.0002 -0.7056
vn -0.7094 0.3387 0.6181
vn -0.7273 0.1553 0.6685
vn -0.9315 0.3637 -0.0061
vn -0.9833 0.1818 -0.0082
vn -0.7012 0.3345 -0.6296
vn -0.7171 0.1526 -0.6801
vn -0.7026 0.1620 0.6929
vn -0.6500 0.3149 0.6916
vn -0.2240 0.1304 0.9658
vn -0.2296 0.2725 0.9344
vn 0.2307 0.1296 0.9644
vn 0.2346 0.2707 0.9337
vn 0.7051 0.1601 0.6908
vn 0.6527 0.3116 0.6905
vn 0.7171 0.1525 0.6801
vn 0.7013 0.3344 0.6296
vn 0.9833 0.1818 0.0083
vn 0.9315 0.3637 0.0061
vn 0.7273 0.1554 -0.6685
vn 0.7093 0.3388 -0.6181
vn 0.7026 0.1621 -0.6929
vn 0.6499 0.3150 -0.6917
vn 0.2240 0.1305 -0.9658
vn 0.2295 0.2727 -0.9343
vn -0.2307 0.1297 -0.9643
vn -0.2346 0.2708 -0.9336
vn -0.7051 0.1602 -0.6907
vn -0.6527 0.3117 -0.6905
vn 0.0910 0.1523 0.9841
vn -0.0022 0.9968 -0.0793
vn 0.1445 -0.0127 -0.9894
vn 0.9586 0.0042 0.2848
vn -0.1445 0.0127 0.9894
vn -0.1445 0.0126 0.9894
vn -0.9586 -0.0042 -0.2848
vn 0.7922 -0.0187 -0.6100
vn 0.9633 0.0064 0.2682
vn 0.7921 -0.0186 -0.6101
vn 0.9724 0.0058 0.2334
vn 0.3962 0.0241 0.9178
vn 0.3960 0.0242 0.9179
vn 0.7436 -0.0091 -0.6685
vn 0.1543 -0.0196 -0.9878
vn 0.7436 -0.0091 -0.6686
vn 0.1580 -0.0195 -0.9873
vn -0.5010 -0.0170 -0.8653
vn -0.3962 -0.0241 -0.9178
vn -0.9633 -0.0064 -0.2683
vn -0.9724 -0.0057 -0.2333
vn -0.7922 0.0187 0.6100
vn -0.7921 0.0187 0.6101
vn -0.7437 0.0091 0.6685
vn -0.1581 0.0196 0.9872
vn -0.1544 0.0196 0.9878
vn 0.5010 0.0170 0.8653
vn 0.5009 0.0170 0.8654
vn 0.7922 -0.0186 -0.6100
vn 0.9633 0.0065 0.2682
vn 0.9724 0.0058 0.2333
vn 0.3961 0.0242 0.9179
vn 0.7435 -0.0089 -0.6686
vn 0.1543 -0.0194 -0.9878
vn 0.1580 -0.0195 -0.9872
vn -0.5009 -0.0168 -0.8653
vn -0.5010 -0.0168 -0.8653
vn -0.3961 -0.0241 -0.9179
vn -0.3961 -0.0240 -0.9179
vn -0.7921 0.0186 0.6100
vn -0.7435 0.0091 0.6686
vn -0.1580 0.0195 0.9872
vn -0.1543 0.0195 0.9878
vn 0.5011 0.0171 0.8652
vn 0.7921 -0.0187 -0.6101
vn 0.3961 0.0241 0.9179
vn 0.3961 0.0243 0.9179
vn 0.7435 -0.0091 -0.6687
vn 0.1542 -0.0196 -0.9878
vn 0.7435 -0.0092 -0.6687
vn 0.1580 -0.0196 -0.9873
vn -0.5009 -0.0170 -0.8653
vn -0.5009 -0.0170 -0.8654
vn -0.3962 -0.0240 -0.9178
vn -0.3960 -0.0242 -0.9179
vn -0.9724 -0.0058 -0.2334
vn -0.7435 0.0092 0.6687
vn -0.1543 0.0196 0.9878
vn 0.5009 0.0170 0.8653
vn 0.5008 0.0170 0.8654
vn 0.7921 -0.0188 -0.6100
vn 0.9634 0.0065 0.2681
vn 0.1544 -0.0195 -0.9878
vn 0.7435 -0.0091 -0.6686
vn -0.5010 -0.0169 -0.8653
vn -0.3962 -0.0242 -0.9179
vn -0.9634 -0.0064 -0.2682
vn -0.3962 -0.0241 -0.9179
vn -0.9724 -0.0058 -0.2333
vn -0.7921 0.0186 0.6101
vn -0.7922 0.0185 0.6100
vn -0.7436 0.0090 0.6686
vn -0.1581 0.0194 0.9872
vn -0.7436 0.0091 0.6686
vn -0.1544 0.0195 0.9878
vn 0.5010 0.0171 0.8653
vn 0.0022 0.9968 -0.0793
vn -0.1445 -0.0127 -0.9894
vn -0.9586 0.0042 0.2848
vn 0.1445 0.0126 0.9894
vn 0.1445 0.0127 0.9894
vn 0.9586 -0.0042 -0.2848
vn -0.7921 -0.0187 -0.6100
vn -0.7921 -0.0187 -0.6101
vn -0.9633 0.0064 0.2682
vn -0.9724 0.0058 0.2334
vn -0.3962 0.0241 0.9178
vn -0.3960 0.0241 0.9179
vn -0.7436 -0.0091 -0.6685
vn -0.7436 -0.0092 -0.6686
vn -0.1543 -0.0196 -0.9878
vn -0.1580 -0.0195 -0.9873
vn 0.5010 -0.0170 -0.8653
vn 0.5010 -0.0169 -0.8653
vn 0.3962 -0.0241 -0.9178
vn 0.9633 -0.0064 -0.2683
vn 0.9724 -0.0057 -0.2333
vn 0.7922 0.0187 0.6100
vn 0.7922 0.0186 0.6100
vn 0.7436 0.0092 0.6686
vn 0.7436 0.0091 0.6685
vn 0.1581 0.0196 0.9872
vn 0.1543 0.0196 0.9878
vn -0.5010 0.0170 0.8653
vn -0.5009 0.0170 0.8654
vn -0.7922 -0.0186 -0.6100
vn -0.7921 -0.0185 -0.6101
vn -0.9633 0.0065 0.2682
vn -0.9724 0.0058 0.2333
vn -0.3960 0.0242 0.9179
vn -0.3961 0.0242 0.9179
vn -0.7435 -0.0090 -0.6686
vn -0.7436 -0.0090 -0.6685
vn -0.1543 -0.0194 -0.9878
vn -0.1580 -0.0194 -0.9872
vn 0.5009 -0.0168 -0.8653
vn 0.3961 -0.0240 -0.9179
vn 0.3962 -0.0239 -0.9179
vn 0.9633 -0.0064 -0.2682
vn 0.9724 -0.0058 -0.2333
vn 0.7921 0.0187 0.6100
vn 0.7921 0.0187 0.6101
vn 0.7435 0.0091 0.6686
vn 0.1580 0.0195 0.9872
vn 0.1543 0.0195 0.9878
vn -0.5011 0.0171 0.8652
vn -0.7921 -0.0186 -0.6101
vn -0.3961 0.0241 0.9179
vn -0.7436 -0.0091 -0.6686
vn -0.7435 -0.0091 -0.6687
vn -0.1579 -0.0196 -0.9873
vn 0.5009 -0.0171 -0.8653
vn 0.5009 -0.0170 -0.8653
vn 0.3960 -0.0241 -0.9180
vn 0.9724 -0.0057 -0.2334
vn 0.7435 0.0092 0.6687
vn 0.1580 0.0196 0.9872
vn -0.5008 0.0170 0.8654
vn -0.7922 -0.0187 -0.6100
vn -0.9634 0.0064 0.2681
vn -0.3962 0.0242 0.9179
vn -0.7435 -0.0091 -0.6686
vn -0.1544 -0.0195 -0.9878
vn -0.1580 -0.0195 -0.9872
vn 0.5010 -0.0171 -0.8653
vn 0.3962 -0.0241 -0.9179
vn 0.3961 -0.0241 -0.9179
vn 0.7922 0.0185 0.6100
vn 0.7436 0.0091 0.6686
vn 0.1581 0.0194 0.9872
vn 0.1544 0.0195 0.9878
vn -0.5009 0.0170 0.8653
vn -0.5009 0.0171 0.8653
vn 0.0072 0.9969 -0.0781
vn 0.1388 -0.0159 -0.9902
vn 0.9617 0.0015 0.2742
vn 0.9617 0.0014 0.2742
vn -0.1388 0.0159 0.9902
vn -0.9617 -0.0015 -0.2742
vn -0.9617 -0.0014 -0.2742
vn 0.7853 -0.0222 -0.6187
vn 0.9659 0.0015 0.2589
vn 0.7853 -0.0221 -0.6187
vn 0.9747 0.0008 0.2236
vn 0.4041 0.0223 0.9144
vn 0.4041 0.0222 0.9145
vn 0.7391 -0.0132 -0.6735
vn 0.1490 -0.0200 -0.9886
vn 0.7390 -0.0132 -0.6736
vn 0.1509 -0.0200 -0.9884
vn -0.5061 -0.0136 -0.8624
vn -0.5061 -0.0137 -0.8624
vn -0.4041 -0.0222 -0.9144
vn -0.9659 -0.0015 -0.2589
vn -0.9747 -0.0008 -0.2236
vn -0.7853 0.0222 0.6187
vn -0.7853 0.0221 0.6187
vn -0.7391 0.0132 0.6735
vn -0.1509 0.0200 0.9883
vn -0.7390 0.0132 0.6736
vn -0.1489 0.0200 0.9886
vn 0.5061 0.0137 0.8624
vn 0.5060 0.0136 0.8624
vn 0.9659 0.0015 0.2590
vn 0.4041 0.0221 0.9144
vn 0.7390 -0.0131 -0.6736
vn 0.7390 -0.0132 -0.6735
vn -0.5060 -0.0136 -0.8624
vn -0.5061 -0.0135 -0.8624
vn -0.4041 -0.0222 -0.9145
vn -0.4042 -0.0221 -0.9144
vn -0.1490 0.0201 0.9886
vn 0.5061 0.0136 0.8624
vn 0.9747 0.0008 0.2237
vn 0.4040 0.0222 0.9145
vn 0.4041 0.0222 0.9144
vn 0.1489 -0.0200 -0.9886
vn 0.1508 -0.0200 -0.9884
vn -0.4042 -0.0222 -0.9144
vn -0.7852 0.0222 0.6188
vn -0.1508 0.0200 0.9884
vn -0.7390 0.0132 0.6735
vn -0.1490 0.0200 0.9886
vn 0.4042 0.0222 0.9144
vn -0.5060 -0.0137 -0.8624
vn -0.4041 -0.0223 -0.9145
vn -0.9659 -0.0015 -0.2590
vn -0.9747 -0.0008 -0.2235
vn -0.7853 0.0222 0.6188
vn -0.1509 0.0199 0.9883
vn 0.5061 0.0138 0.8624
vn -0.0072 0.9969 -0.0781
vn -0.1388 -0.0159 -0.9902
vn -0.9617 0.0014 0.2742
vn -0.9617 0.0015 0.2742
vn 0.1388 0.0159 0.9902
vn 0.9617 -0.0014 -0.2742
vn 0.9617 -0.0015 -0.2742
vn -0.7853 -0.0222 -0.6187
vn -0.7853 -0.0221 -0.6187
vn -0.9659 0.0015 0.2589
vn -0.9747 0.0008 0.2236
vn -0.4041 0.0222 0.9144
vn -0.4041 0.0223 0.9145
vn -0.7391 -0.0132 -0.6735
vn -0.7390 -0.0132 -0.6736
vn -0.1490 -0.0200 -0.9886
vn -0.1509 -0.0200 -0.9884
vn 0.5061 -0.0136 -0.8624
vn 0.5061 -0.0137 -0.8624
vn 0.4041 -0.0222 -0.9144
vn 0.4041 -0.0223 -0.9144
vn 0.9659 -0.0015 -0.2589
vn 0.9747 -0.0008 -0.2236
vn 0.7853 0.0222 0.6187
vn 0.7391 0.0132 0.6735
vn 0.7390 0.0132 0.6736
vn 0.1509 0.0200 0.9883
vn 0.1489 0.0200 0.9886
vn -0.5061 0.0137 0.8624
vn -0.5060 0.0136 0.8624
vn -0.9659 0.0016 0.2589
vn -0.4041 0.0222 0.9145
vn -0.7390 -0.0132 -0.6735
vn 0.5060 -0.0136 -0.8624
vn 0.4041 -0.0222 -0.9145
vn 0.4042 -0.0222 -0.9144
vn 0.7390 0.0133 0.6736
vn 0.1509 0.0201 0.9883
vn 0.1490 0.0200 0.9886
vn -0.5061 0.0136 0.8624
vn -0.5061 0.0135 0.8624
vn -0.7853 -0.0220 -0.6187
vn -0.9659 0.0015 0.2590
vn -0.9747 0.0008 0.2237
vn -0.4040 0.0222 0.9145
vn -0.1489 -0.0200 -0.9886
vn -0.1508 -0.0200 -0.9884
vn 0.7852 0.0221 0.6188
vn 0.7390 0.0131 0.6735
vn 0.1508 0.0200 0.9884
vn -0.4042 0.0222 0.9144
vn -0.7390 -0.0133 -0.6736
vn 0.5060 -0.0137 -0.8624
vn 0.4041 -0.0223 -0.9145
vn 0.9659 -0.0015 -0.2590
vn 0.9747 -0.0008 -0.2235
vn 0.7853 0.0221 0.6187
vn 0.7853 0.0221 0.6188
vn 0.1509 0.0199 0.9883
vn 0.0012 0.9919 -0.1273
vn 0.0011 0.9919 -0.1273
vn -0.2046 0.0520 0.9775
vn -0.2045 0.0519 0.9775
vn -0.2044 0.0518 0.9775
vn 0.9792 0.0097 0.2026
vn 0.2045 -0.0519 -0.9775
vn 0.2046 -0.0518 -0.9775
vn -0.9792 -0.0097 -0.2026
vn -0.9792 -0.0097 -0.2025
vn 0.5286 0.3576 0.7699
vn 0.9186 -0.0360 -0.3937
vn 0.7847 0.0628 0.6166
vn 0.8932 0.0552 -0.4463
vn 0.8438 0.4143 -0.3412
vn 0.7905 -0.1896 0.5823
vn 0.8060 0.5900 0.0482
vn 0.7186 -0.4745 0.5085
vn 0.7332 -0.5565 0.3906
vn 0.7633 0.6252 0.1627
vn -0.8265 0.2710 0.4934
vn -0.1978 0.4103 0.8902
vn -0.9768 0.0480 0.2086
vn -0.2075 0.1356 0.9688
vn 0.5473 0.2924 0.7842
vn 0.8180 0.0613 0.5719
vn 0.8029 -0.1554 0.5755
vn -0.1586 -0.5461 0.8226
vn -0.9620 -0.1667 0.2161
vn -0.6845 -0.0532 -0.7271
vn -0.7981 0.3437 0.4948
vn -0.6430 0.0373 -0.7649
vn -0.9657 0.0465 0.2554
vn -0.9530 -0.2035 0.2244
vn -0.6539 0.4023 -0.6408
vn -0.8570 -0.4878 0.1663
vn -0.7682 0.5707 -0.2901
vn -0.7774 0.6085 -0.1592
vn -0.8168 -0.5727 0.0702
vn 0.9191 -0.0133 -0.3937
vn 0.2012 -0.0518 -0.9782
vn 0.8876 0.0544 -0.4575
vn 0.2023 0.0628 -0.9773
vn -0.6846 -0.0361 -0.7281
vn -0.6337 0.0351 -0.7728
vn -0.6608 0.3880 -0.6426
vn 0.1474 0.6086 -0.7797
vn 0.8486 0.4058 -0.3393
vn -0.2050 0.0517 0.9774
vn -0.2047 0.0518 0.9775
vn -0.2045 0.0517 0.9775
vn -0.2042 0.0517 0.9776
vn -0.2047 0.0515 0.9775
vn 0.8301 -0.0410 0.5561
vn 0.8105 -0.3508 0.4691
vn -0.1821 -0.4242 0.8871
vn -0.0848 -0.8599 0.5034
vn -0.9787 -0.0662 0.1943
vn -0.9162 -0.3870 0.1037
vn -0.8996 -0.4313 0.0685
vn -0.0430 -0.9460 0.3213
vn 0.8180 -0.3924 0.4206
vn -0.6911 0.2973 -0.6587
vn -0.8554 0.4448 -0.2654
vn 0.1537 0.5465 -0.8233
vn 0.0348 0.9569 -0.2883
vn 0.8819 0.3204 -0.3459
vn 0.8670 0.4882 0.0998
vn 0.8417 0.5075 0.1840
vn 0.0048 0.9911 -0.1333
vn -0.8678 0.4676 -0.1682
vn 0.8043 0.2477 -0.5402
vn 0.9662 0.0125 -0.2576
vn 0.6829 0.0533 0.7285
vn 0.6432 0.1197 0.7563
vn 0.6523 0.4982 0.5713
vn 0.9504 -0.2516 -0.1832
vn 0.7762 0.6173 0.1285
vn 0.8470 -0.5286 -0.0565
vn 0.8120 -0.5813 0.0525
vn 0.7825 0.6220 0.0267
vn -0.5435 0.1984 -0.8156
vn -0.8084 -0.0025 -0.5887
vn 0.1846 0.2959 -0.9372
vn 0.1997 0.0329 -0.9793
vn 0.8146 0.2186 -0.5373
vn 0.9791 0.0115 -0.2030
vn 0.9660 -0.1881 -0.1775
vn 0.1703 -0.6339 -0.7544
vn -0.8061 -0.2009 -0.5566
vn -0.9173 0.0363 0.3966
vn -0.8940 0.1016 0.4363
vn -0.5266 0.2338 -0.8173
vn -0.7816 -0.0038 -0.6237
vn -0.7913 -0.2654 -0.5508
vn -0.8388 0.4839 0.2495
vn -0.7519 -0.5411 -0.3766
vn -0.7797 0.5989 -0.1827
vn -0.7416 0.6058 -0.2882
vn -0.7530 -0.5981 -0.2744
vn 0.6829 0.0361 0.7296
vn 0.6382 0.1161 0.7611
vn -0.2073 0.0518 0.9769
vn -0.2036 0.1707 0.9641
vn -0.9179 0.0135 0.3966
vn -0.8926 0.0963 0.4405
vn -0.8614 0.4299 0.2704
vn -0.1623 0.6941 0.7013
vn 0.6620 0.4495 0.5998
vn 0.2040 -0.0524 -0.9776
vn 0.2046 -0.0520 -0.9775
vn 0.2044 -0.0519 -0.9775
vn 0.2045 -0.0518 -0.9775
vn 0.2047 -0.0520 -0.9774
vn 0.9848 -0.0930 -0.1466
vn 0.1690 -0.5981 -0.7834
vn 0.9196 -0.3922 -0.0207
vn 0.0801 -0.9569 -0.2790
vn -0.8331 -0.1236 -0.5392
vn -0.8231 -0.4288 -0.3723
vn -0.8309 -0.4707 -0.2968
vn 0.0373 -0.9972 -0.0649
vn 0.9008 -0.4296 0.0634
vn -0.8917 0.3936 0.2236
vn -0.1597 0.7273 0.6675
vn -0.8711 0.4382 -0.2218
vn -0.0347 0.9986 0.0396
vn 0.7061 0.4196 0.5704
vn 0.8678 0.4805 0.1263
vn 0.8730 0.4872 0.0251
vn 0.0039 0.9910 -0.1341
vn -0.8324 0.4470 -0.3277
vn 0.1274 -0.8519 -0.5080
vn 0.1274 -0.8518 -0.5081
vn 0.1274 -0.8519 -0.5081
vn 0.1273 -0.8518 -0.5081
vn -0.1204 -0.7331 0.6694
vn -0.0011 -0.9919 0.1273
vn -0.0011 0.9919 -0.1273
vn -0.0012 0.9919 -0.1273
vn 0.2044 0.0518 0.9775
vn 0.2045 0.0519 0.9775
vn 0.2046 0.0520 0.9775
vn -0.9792 0.0097 0.2026
vn -0.2046 -0.0518 -0.9775
vn -0.2045 -0.0519 -0.9775
vn 0.9792 -0.0097 -0.2026
vn 0.9792 -0.0097 -0.2025
vn -0.5286 0.3576 0.7699
vn -0.7847 0.0628 0.6166
vn -0.9185 -0.0360 -0.3937
vn -0.8932 0.0552 -0.4463
vn -0.8438 0.4144 -0.3411
vn -0.7905 -0.1896 0.5824
vn -0.8060 0.5900 0.0481
vn -0.7186 -0.4745 0.5084
vn -0.7332 -0.5566 0.3906
vn -0.7633 0.6252 0.1627
vn 0.8265 0.2710 0.4934
vn 0.9768 0.0481 0.2085
vn 0.1978 0.4103 0.8902
vn 0.2075 0.1357 0.9688
vn -0.5473 0.2924 0.7842
vn -0.8181 0.0612 0.5718
vn -0.8029 -0.1555 0.5755
vn 0.1586 -0.5461 0.8226
vn 0.9621 -0.1667 0.2160
vn 0.6845 -0.0532 -0.7271
vn 0.6430 0.0373 -0.7649
vn 0.7981 0.3437 0.4948
vn 0.9657 0.0465 0.2554
vn 0.9530 -0.2036 0.2243
vn 0.6539 0.4023 -0.6408
vn 0.8570 -0.4878 0.1663
vn 0.7682 0.5707 -0.2900
vn 0.7775 0.6085 -0.1592
vn 0.8168 -0.5727 0.0701
vn -0.9191 -0.0132 -0.3937
vn -0.8876 0.0544 -0.4575
vn -0.2012 -0.0518 -0.9782
vn -0.2023 0.0628 -0.9773
vn 0.6846 -0.0361 -0.7281
vn 0.6337 0.0352 -0.7728
vn 0.6608 0.3879 -0.6426
vn -0.1474 0.6086 -0.7797
vn -0.8486 0.4060 -0.3392
vn 0.2050 0.0517 0.9774
vn 0.2047 0.0518 0.9775
vn 0.2045 0.0518 0.9775
vn 0.2045 0.0515 0.9775
vn -0.8301 -0.0410 0.5561
vn 0.1821 -0.4242 0.8871
vn -0.8105 -0.3508 0.4690
vn 0.0848 -0.8599 0.5034
vn 0.9787 -0.0662 0.1943
vn 0.9162 -0.3870 0.1038
vn 0.8996 -0.4313 0.0685
vn 0.0430 -0.9460 0.3213
vn -0.8180 -0.3924 0.4206
vn 0.6911 0.2973 -0.6588
vn -0.1538 0.5464 -0.8233
vn 0.8554 0.4448 -0.2654
vn -0.0348 0.9569 -0.2883
vn -0.8819 0.3204 -0.3458
vn -0.8670 0.4882 0.0999
vn -0.8417 0.5075 0.1840
vn -0.0048 0.9911 -0.1333
vn 0.8678 0.4676 -0.1682
vn -0.8043 0.2477 -0.5401
vn -0.6829 0.0532 0.7285
vn -0.9662 0.0125 -0.2575
vn -0.6433 0.1197 0.7562
vn -0.6523 0.4982 0.5713
vn -0.9503 -0.2516 -0.1832
vn -0.7762 0.6173 0.1284
vn -0.8470 -0.5286 -0.0565
vn -0.8120 -0.5813 0.0525
vn -0.7825 0.6221 0.0267
vn 0.5436 0.1984 -0.8156
vn -0.1846 0.2960 -0.9372
vn 0.8084 -0.0025 -0.5887
vn -0.1997 0.0329 -0.9793
vn -0.8146 0.2186 -0.5373
vn -0.9791 0.0115 -0.2030
vn -0.9660 -0.1881 -0.1775
vn -0.1704 -0.6339 -0.7544
vn 0.8062 -0.2009 -0.5566
vn 0.9173 0.0363 0.3966
vn 0.5266 0.2338 -0.8173
vn 0.8940 0.1016 0.4363
vn 0.7817 -0.0038 -0.6237
vn 0.7913 -0.2653 -0.5509
vn 0.8388 0.4839 0.2495
vn 0.7519 -0.5411 -0.3766
vn 0.7797 0.5990 -0.1826
vn 0.7416 0.6058 -0.2883
vn 0.7530 -0.5981 -0.2743
vn -0.6829 0.0361 0.7296
vn 0.2073 0.0518 0.9769
vn -0.6383 0.1161 0.7610
vn 0.2035 0.1707 0.9641
vn 0.9179 0.0134 0.3966
vn 0.8926 0.0963 0.4405
vn 0.8614 0.4300 0.2704
vn 0.1623 0.6941 0.7014
vn -0.6620 0.4495 0.5998
vn -0.2040 -0.0524 -0.9776
vn -0.2044 -0.0520 -0.9775
vn -0.2046 -0.0520 -0.9775
vn -0.2046 -0.0519 -0.9775
vn -0.2045 -0.0518 -0.9775
vn -0.2044 -0.0519 -0.9775
vn -0.9848 -0.0930 -0.1466
vn -0.9196 -0.3922 -0.0208
vn -0.1690 -0.5981 -0.7834
vn -0.0801 -0.9569 -0.2790
vn 0.8331 -0.1236 -0.5392
vn 0.8232 -0.4288 -0.3722
vn 0.8308 -0.4707 -0.2969
vn -0.0373 -0.9972 -0.0649
vn -0.9008 -0.4296 0.0635
vn 0.8917 0.3936 0.2236
vn 0.8711 0.4382 -0.2218
vn 0.1596 0.7273 0.6675
vn 0.0347 0.9986 0.0397
vn -0.7061 0.4196 0.5704
vn -0.8679 0.4805 0.1262
vn -0.8729 0.4872 0.0251
vn -0.0039 0.9910 -0.1341
vn 0.8324 0.4470 -0.3276
vn -0.1273 -0.8518 -0.5081
vn -0.1274 -0.8518 -0.5081
vn -0.1274 -0.8519 -0.5081
vn -0.1274 -0.8519 -0.5080
vn 0.1204 -0.7331 0.6694
vn 0.0011 -0.9919 0.1273
vn -0.0000 0.6608 0.7506
vn 0.0002 0.6608 -0.7506
vn -0.0000 0.6607 -0.7506
vn -0.0000 0.6660 0.7460
vn -0.0001 -0.6660 0.7460
vn -0.0000 -0.6660 0.7460
vn -0.0000 -0.6608 0.7506
vn -0.0000 -0.6607 -0.7506
vn -0.0000 -0.6608 -0.7506
vn -0.0000 -0.6660 -0.7460
vn -0.0000 0.6660 -0.7460
vn -0.0000 0.6608 -0.7506
vn -0.0000 -0.6660 0.7459
vn -0.0000 0.6660 0.7459
vn -0.0001 0.6660 0.7460
vn -0.0002 0.6660 0.7459
vn -0.0001 -0.6660 0.7459
vn 0.0001 -0.6660 -0.7460
vn 0.0002 0.6607 0.7506
vn -0.0001 0.6608 0.7506
vn 0.1201 -0.0000 -0.9928
vn 0.9710 -0.0000 0.2391
vn -0.1201 -0.0000 0.9928
vn -0.9710 -0.0000 -0.2390
vn 0.7623 -0.0000 -0.6472
vn 0.9778 -0.0000 0.2097
vn 0.4300 -0.0000 0.9028
vn 0.4300 0.0002 0.9028
vn 0.7240 -0.0000 -0.6898
vn 0.1298 -0.0000 -0.9915
vn -0.5221 -0.0000 -0.8529
vn -0.4300 -0.0000 -0.9028
vn -0.9778 -0.0000 -0.2096
vn -0.7623 -0.0000 0.6472
vn -0.7624 0.0001 0.6472
vn -0.7240 -0.0000 0.6898
vn -0.1297 -0.0000 0.9916
vn 0.5222 -0.0000 0.8528
vn 0.9778 -0.0000 0.2096
vn 0.7623 -0.0001 -0.6472
vn 0.1297 -0.0000 -0.9915
vn -0.5222 -0.0000 -0.8528
vn -0.7624 -0.0000 0.6472
vn -0.1297 -0.0000 0.9915
vn 0.7623 -0.0000 -0.6473
vn 0.1297 -0.0000 -0.9916
vn -0.5223 -0.0001 -0.8528
vn -0.1298 -0.0000 0.9915
vn 0.7624 -0.0000 -0.6471
vn 0.7624 -0.0000 -0.6472
vn 0.4299 -0.0000 0.9029
vn 0.4299 0.0002 0.9029
vn 0.7241 -0.0000 -0.6897
vn -0.4301 -0.0000 -0.9028
vn 0.5222 -0.0000 0.8529
vn 0.0721 -0.0000 -0.9974
vn 0.9867 -0.0000 0.1624
vn -0.0721 -0.0000 0.9974
vn -0.9867 -0.0000 -0.1624
vn 0.6913 -0.0000 -0.7226
vn 0.9905 -0.0000 0.1375
vn 0.6912 -0.0000 -0.7226
vn 0.4682 -0.0000 0.8836
vn 0.6750 -0.0000 -0.7378
vn 0.0786 -0.0000 -0.9969
vn -0.5512 -0.0000 -0.8344
vn -0.4682 -0.0000 -0.8836
vn -0.9905 -0.0000 -0.1375
vn -0.4683 -0.0000 -0.8836
vn -0.6912 -0.0000 0.7226
vn -0.6750 -0.0000 0.7378
vn -0.0785 -0.0000 0.9969
vn 0.5512 -0.0000 0.8344
vn 0.6913 -0.0001 -0.7226
vn 0.0785 -0.0000 -0.9969
vn -0.5511 -0.0000 -0.8344
vn -0.4681 0.0001 -0.8837
vn -0.6913 -0.0000 0.7226
vn 0.6912 -0.0000 -0.7227
vn 0.9905 -0.0000 0.1376
vn 0.4681 -0.0000 0.8837
vn 0.6750 0.0001 -0.7378
vn -0.5512 0.0001 -0.8344
vn -0.0786 -0.0000 0.9969
vn 0.5511 -0.0000 0.8344
vn 0.4682 0.0001 0.8836
vn 0.6751 -0.0000 -0.7377
vn 0.5512 0.0002 0.8344
vn -0.1201 -0.0000 -0.9928
vn -0.1201 0.0001 -0.9928
vn -0.9710 -0.0000 0.2391
vn 0.1201 -0.0000 0.9928
vn 0.9710 -0.0000 -0.2390
vn -0.7623 -0.0000 -0.6472
vn -0.9778 -0.0000 0.2096
vn -0.4301 -0.0000 0.9028
vn -0.7240 -0.0000 -0.6898
vn -0.1298 -0.0000 -0.9915
vn 0.5222 -0.0000 -0.8528
vn 0.4301 -0.0000 -0.9028
vn 0.4300 -0.0000 -0.9028
vn 0.9778 -0.0000 -0.2096
vn 0.7623 -0.0000 0.6472
vn 0.7240 -0.0000 0.6898
vn 0.1297 -0.0000 0.9916
vn -0.5222 -0.0000 0.8528
vn -0.7623 -0.0001 -0.6472
vn -0.7624 -0.0001 -0.6471
vn -0.9778 -0.0000 0.2097
vn -0.4300 -0.0000 0.9028
vn -0.7241 -0.0001 -0.6897
vn -0.7240 -0.0002 -0.6898
vn -0.1297 -0.0000 -0.9916
vn 0.7241 -0.0000 0.6897
vn 0.1297 -0.0000 0.9915
vn -0.4299 -0.0000 0.9029
vn -0.7239 -0.0000 -0.6899
vn -0.1297 -0.0000 -0.9915
vn 0.5221 -0.0000 -0.8529
vn 0.7624 -0.0000 0.6472
vn 0.1298 -0.0000 0.9915
vn -0.7624 0.0001 -0.6472
vn 0.9778 -0.0000 -0.2095
vn -0.0721 -0.0000 -0.9974
vn -0.9867 -0.0000 0.1624
vn 0.0721 -0.0000 0.9974
vn 0.9867 -0.0000 -0.1624
vn -0.6912 -0.0000 -0.7226
vn -0.6912 -0.0000 -0.7227
vn -0.9905 -0.0000 0.1375
vn -0.4682 -0.0000 0.8836
vn -0.6750 -0.0000 -0.7378
vn -0.0786 -0.0000 -0.9969
vn 0.5512 -0.0000 -0.8344
vn 0.4682 -0.0000 -0.8836
vn 0.4683 -0.0000 -0.8836
vn 0.9905 -0.0000 -0.1375
vn 0.6912 -0.0000 0.7227
vn 0.6912 -0.0000 0.7226
vn 0.6750 -0.0000 0.7378
vn 0.0785 -0.0000 0.9969
vn -0.5512 -0.0000 0.8344
vn -0.6912 -0.0001 -0.7226
vn -0.6913 -0.0000 -0.7226
vn -0.0785 -0.0000 -0.9969
vn 0.4681 -0.0000 -0.8837
vn 0.6913 -0.0000 0.7226
vn 0.6750 0.0002 0.7378
vn -0.9905 -0.0000 0.1376
vn 0.5512 0.0001 -0.8344
vn 0.0786 -0.0000 0.9969
vn -0.5511 -0.0000 0.8344
vn -0.6913 -0.0000 -0.7225
vn -0.4682 -0.0001 0.8836
vn -0.4681 -0.0000 0.8837
vn -0.6751 -0.0000 -0.7377
vn 0.6750 -0.0001 0.7378
vn -0.0000 0.9876 -0.1568
vn -0.0001 0.9876 -0.1568
vn 0.0001 0.9876 -0.1568
vn -0.0001 0.9876 -0.1567
vn -0.0006 0.9877 -0.1565
vn 0.0005 0.9877 -0.1565
vn -0.0008 0.9877 -0.1563
vn 0.0008 0.9877 -0.1563
vn -0.0013 0.9879 -0.1549
vn 0.0013 0.9879 -0.1549
vn -0.0014 0.9880 -0.1546
vn 0.0011 0.9881 -0.1538
vn -0.0006 0.9881 -0.1541
vn -0.0003 0.9882 -0.1533
vn 0.2304 -0.0002 0.9731
vn 0.2303 -0.0001 0.9731
vn 0.2303 -0.0003 0.9731
vn 0.2304 -0.0001 0.9731
vn 0.2304 -0.0003 0.9731
vn 0.2303 0.0001 0.9731
vn 0.2303 -0.0000 0.9731
vn 0.2302 -0.0000 0.9731
vn 0.2301 0.0002 0.9732
vn 0.2301 0.0001 0.9732
vn 0.2305 -0.0000 0.9731
vn 0.2306 -0.0000 0.9731
vn -0.5948 0.2302 0.7702
vn -0.4192 0.4650 0.7798
vn -0.9167 0.3995 -0.0000
vn -0.6456 0.7637 -0.0000
vn -0.6273 0.1610 0.7619
vn -0.4192 0.4650 -0.7798
vn -0.9606 0.2779 -0.0000
vn -0.5948 0.2302 -0.7702
vn -0.6273 0.1610 -0.7619
vn -0.2304 -0.0002 0.9731
vn -0.2303 -0.0003 0.9731
vn -0.2303 -0.0001 0.9731
vn -0.2304 -0.0001 0.9731
vn -0.2304 -0.0003 0.9731
vn -0.2303 0.0001 0.9731
vn -0.2303 -0.0000 0.9731
vn -0.2302 -0.0000 0.9731
vn -0.2301 0.0002 0.9732
vn -0.2301 0.0001 0.9732
vn -0.2305 -0.0000 0.9731
vn -0.2306 -0.0000 0.9731
vn 0.5948 0.2302 0.7702
vn 0.9167 0.3995 -0.0000
vn 0.4192 0.4650 0.7798
vn 0.6456 0.7637 -0.0000
vn 0.6273 0.1610 0.7619
vn 0.4192 0.4650 -0.7798
vn 0.9606 0.2779 -0.0000
vn 0.5948 0.2302 -0.7702
vn 0.6273 0.1610 -0.7619
vn 0.2961 0.9185 -0.2621
vn 0.3521 0.9360 -0.0019
vn 0.2939 0.9205 0.2573
vn 0.1187 0.8868 -0.4467
vn 0.1163 0.8883 0.4442
vn -0.1163 0.8883 -0.4443
vn -0.1187 0.8868 0.4466
vn -0.2939 0.9205 -0.2573
vn -0.2961 0.9185 0.2621
vn -0.3521 0.9360 0.0019
vn -0.2961 0.9185 -0.2621
vn -0.3521 0.9360 -0.0019
vn -0.2939 0.9205 0.2573
vn -0.1187 0.8868 -0.4467
vn -0.1163 0.8883 0.4443
vn 0.1163 0.8883 -0.4443
vn 0.1186 0.8868 0.4466
vn 0.2940 0.9205 -0.2573
vn 0.2961 0.9185 0.2621
vn 0.3521 0.9360 0.0019
vn -0.0020 0.9981 -0.0623
vn 0.2357 0.9053 0.3534
vn 0.3834 0.9235 0.0155
vn 0.3316 0.8855 -0.3255
vn -0.0930 0.8904 0.4455
vn 0.0835 0.8265 -0.5567
vn -0.3464 0.9196 0.1853
vn -0.2273 0.8493 -0.4765
vn -0.3827 0.9091 -0.1644
vn 0.3316 0.8855 -0.3254
vn -0.0930 0.8905 0.4455
vn -0.2358 0.9052 0.3535
vn 0.0020 0.9981 -0.0623
vn -0.3834 0.9235 0.0155
vn -0.3316 0.8855 -0.3255
vn 0.0930 0.8904 0.4456
vn -0.0835 0.8265 -0.5567
vn 0.3463 0.9196 0.1853
vn 0.2273 0.8493 -0.4765
vn 0.3827 0.9091 -0.1644
vn -0.2357 0.9053 0.3534
vn -0.3316 0.8855 -0.3254
vn 0.0930 0.8905 0.4455
vn -0.0835 0.8265 -0.5566
vn 0.3464 0.9196 0.1853
vn 0.3827 0.9092 -0.1643
vn 0.0067 0.9981 -0.0614
vn 0.2467 0.9032 0.3512
vn 0.3918 0.9200 0.0130
vn 0.3380 0.8824 -0.3273
vn -0.0810 0.8905 0.4477
vn 0.0882 0.8261 -0.5566
vn -0.3366 0.9222 0.1904
vn -0.2220 0.8522 -0.4737
vn -0.3753 0.9130 -0.1600
vn 0.0883 0.8261 -0.5566
vn -0.3367 0.9222 0.1904
vn -0.2467 0.9032 0.3512
vn -0.0067 0.9981 -0.0614
vn -0.3918 0.9200 0.0130
vn -0.3380 0.8824 -0.3273
vn 0.0810 0.8905 0.4477
vn -0.0882 0.8261 -0.5566
vn 0.3366 0.9222 0.1904
vn 0.2220 0.8522 -0.4737
vn 0.3753 0.9130 -0.1600
vn -0.0883 0.8261 -0.5566
vn 0.3367 0.9222 0.1904
vn 0.2221 0.8522 -0.4737
vn 0.2433 0.8810 0.4058
vn 0.3857 0.9196 0.0752
vn 0.3330 0.9029 -0.2718
vn -0.0737 0.8585 0.5076
vn 0.0737 0.8585 -0.5076
vn -0.3330 0.9029 0.2718
vn -0.2432 0.8810 -0.4057
vn -0.3856 0.9196 -0.0752
vn 0.3331 0.9029 -0.2718
vn -0.0737 0.8585 0.5075
vn 0.0737 0.8585 -0.5075
vn -0.2433 0.8810 -0.4058
vn 0.2728 0.8702 0.4103
vn 0.4012 0.9146 0.0500
vn 0.3321 0.8882 -0.3176
vn -0.0487 0.8343 0.5491
vn 0.0488 0.8343 -0.5491
vn -0.3321 0.8882 0.3176
vn -0.2727 0.8702 -0.4103
vn -0.4011 0.9147 -0.0500
vn 0.2727 0.8702 0.4103
vn 0.4011 0.9146 0.0500
vn -0.0487 0.8344 0.5491
vn -0.2728 0.8702 -0.4103
vn -0.2433 0.8810 0.4058
vn -0.3857 0.9196 0.0752
vn -0.3330 0.9029 -0.2718
vn 0.0737 0.8585 0.5076
vn -0.0737 0.8585 -0.5075
vn 0.3330 0.9029 0.2718
vn 0.2432 0.8810 -0.4057
vn 0.3856 0.9196 -0.0752
vn -0.2433 0.8810 0.4057
vn -0.3856 0.9196 0.0752
vn 0.0737 0.8585 0.5075
vn 0.2433 0.8810 -0.4057
vn -0.2728 0.8702 0.4103
vn -0.4012 0.9146 0.0500
vn -0.3321 0.8882 -0.3176
vn 0.0487 0.8343 0.5491
vn -0.0488 0.8343 -0.5491
vn 0.3321 0.8882 0.3176
vn 0.2727 0.8702 -0.4103
vn 0.4011 0.9147 -0.0500
vn -0.2727 0.8702 0.4103
vn 0.2728 0.8702 -0.4103
vn -0.4615 -0.6641 0.5882
vn 0.1723 -0.6639 0.7277
vn 0.4945 -0.6098 -0.6194
vn -0.1710 -0.6232 -0.7631
vn 0.7963 -0.6048 -0.0073
vn 0.6761 -0.6641 0.3192
vn -0.7477 -0.6640 0.0058
vn -0.6965 -0.6352 -0.3337
vn 0.5042 -0.6120 0.6094
vn 0.6712 -0.6639 -0.3297
vn -0.4706 -0.6641 -0.5809
vn -0.6907 -0.6364 0.3433
vn -0.1586 -0.6259 0.7636
vn 0.1606 -0.6639 -0.7303
vn 0.2300 0.0002 0.9732
vn 0.2301 0.0003 0.9732
vn 0.2302 -0.0003 0.9731
vn 0.2306 0.0001 0.9731
vn 0.2301 -0.0003 0.9732
vn -0.0048 1.0000 0.0006
vn -0.0040 1.0000 0.0012
vn -0.0033 1.0000 0.0006
vn -0.0001 1.0000 0.0012
vn -0.0021 1.0000 -0.0028
vn -0.0038 1.0000 -0.0000
vn -0.0016 1.0000 0.0034
vn -0.0003 1.0000 -0.0031
vn -0.0001 1.0000 0.0031
vn -0.0022 0.9999 -0.0099
vn -0.0001 1.0000 -0.0023
vn -0.0000 1.0000 -0.0022
vn 0.0007 1.0000 -0.0017
vn 0.0016 1.0000 -0.0034
vn 0.0022 1.0000 0.0098
vn 0.0037 1.0000 0.0002
vn 0.0047 1.0000 -0.0006
vn 0.0020 1.0000 0.0029
vn 0.0040 1.0000 -0.0012
vn 0.0002 1.0000 -0.0012
vn 0.0032 1.0000 -0.0006
vn 0.1710 -0.6232 -0.7631
vn -0.1725 -0.6639 0.7277
vn -0.4946 -0.6098 -0.6194
vn 0.4614 -0.6641 0.5883
vn -0.6761 -0.6641 0.3191
vn -0.7963 -0.6048 -0.0073
vn 0.6964 -0.6352 -0.3338
vn 0.7477 -0.6640 0.0059
vn -0.6711 -0.6639 -0.3299
vn -0.5042 -0.6120 0.6094
vn 0.6908 -0.6364 0.3433
vn 0.4708 -0.6641 -0.5808
vn -0.1605 -0.6639 -0.7304
vn 0.1586 -0.6259 0.7636
vn -0.2300 0.0002 0.9732
vn -0.2301 0.0003 0.9732
vn -0.2306 0.0001 0.9731
vn -0.2302 -0.0003 0.9731
vn -0.2301 -0.0003 0.9732
vn 0.0001 1.0000 0.0012
vn 0.0010 1.0000 0.0017
vn 0.0001 1.0000 0.0011
vn 0.0048 1.0000 0.0006
vn 0.0043 1.0000 -0.0013
vn 0.0038 1.0000 -0.0001
vn 0.0016 1.0000 0.0034
vn 0.0003 1.0000 -0.0031
vn -0.0003 1.0000 0.0031
vn 0.0026 1.0000 -0.0091
vn 0.0001 1.0000 -0.0023
vn 0.0004 1.0000 -0.0014
vn -0.0001 1.0000 -0.0012
vn -0.0016 1.0000 -0.0034
vn -0.0026 1.0000 0.0090
vn -0.0038 1.0000 0.0001
vn -0.0047 1.0000 -0.0007
vn -0.0041 1.0000 0.0012
vn -0.0009 1.0000 -0.0017
vn -0.0002 1.0000 -0.0012
vn -0.0001 1.0000 -0.0011
vn 0.6536 -0.3458 0.6732
vn 0.9128 -0.4084 -0.0088
vn 0.4964 -0.7482 0.4403
vn 0.6173 -0.7867 -0.0035
vn 0.1825 -0.6796 0.7105
vn 0.6513 -0.3396 -0.6786
vn 0.2062 -0.2715 0.9401
vn 0.4978 -0.7434 -0.4467
vn -0.1860 -0.6767 0.7123
vn 0.2142 -0.2686 -0.9391
vn -0.2142 -0.2687 0.9391
vn 0.1860 -0.6767 -0.7124
vn -0.4978 -0.7434 0.4467
vn -0.2062 -0.2715 -0.9401
vn -0.6513 -0.3395 0.6786
vn -0.1825 -0.6796 -0.7105
vn -0.6173 -0.7867 0.0035
vn -0.6536 -0.3458 -0.6732
vn -0.9128 -0.4084 0.0088
vn -0.4964 -0.7482 -0.4403
vn -0.6537 -0.3459 0.6731
vn -0.4964 -0.7482 0.4403
vn -0.9128 -0.4084 -0.0089
vn -0.6173 -0.7867 -0.0035
vn -0.1825 -0.6796 0.7105
vn -0.6512 -0.3395 -0.6787
vn -0.2063 -0.2715 0.9401
vn -0.4978 -0.7434 -0.4467
vn 0.1860 -0.6767 0.7124
vn -0.2142 -0.2687 -0.9391
vn 0.2142 -0.2687 0.9391
vn -0.1860 -0.6767 -0.7124
vn 0.4978 -0.7434 0.4467
vn 0.2063 -0.2715 -0.9401
vn 0.6513 -0.3395 0.6787
vn 0.1825 -0.6796 -0.7105
vn 0.6173 -0.7867 0.0035
vn 0.6537 -0.3458 -0.6731
vn 0.9128 -0.4084 0.0089
vn 0.4964 -0.7482 -0.4403
vn 0.0022 -0.9968 0.0793
vn 0.0022 -0.9968 0.0794
vn 0.0021 -0.9968 0.0794
vn 0.0023 -0.9968 0.0793
vn 0.0023 -0.9969 0.0793
vn -0.0021 -0.9968 0.0794
vn -0.0022 -0.9968 0.0794
vn -0.0022 -0.9968 0.0793
vn -0.0023 -0.9969 0.0793
vn -0.0023 -0.9969 0.0792
vn -0.0072 -0.9969 0.0782
vn -0.0072 -0.9969 0.0781
vn -0.0073 -0.9969 0.0780
vn -0.0074 -0.9969 0.0783
vn -0.0073 -0.9969 0.0783
vn -0.0071 -0.9969 0.0782
vn 0.0072 -0.9969 0.0781
vn 0.0072 -0.9969 0.0782
vn 0.0073 -0.9969 0.0780
vn 0.0074 -0.9969 0.0783
vn 0.0073 -0.9969 0.0783
vn 0.0071 -0.9969 0.0782
vn 0.7539 -0.2415 0.6110
vn 0.6457 0.5969 0.4761
vn 0.9803 -0.1975 -0.0000
vn 0.7725 0.6350 -0.0000
vn 0.3442 0.5287 0.7759
vn 0.7540 -0.2404 -0.6113
vn 0.3584 -0.3005 0.8839
vn 0.6457 0.5969 -0.4761
vn -0.0000 0.4993 0.8664
vn 0.3584 -0.3000 -0.8841
vn -0.0000 -0.3214 0.9470
vn 0.3442 0.5287 -0.7759
vn -0.3442 0.5287 0.7759
vn -0.0000 -0.3214 -0.9469
vn -0.3584 -0.3001 0.8840
vn -0.0000 0.4993 -0.8665
vn -0.6457 0.5969 0.4762
vn -0.3584 -0.3004 -0.8839
vn -0.7541 -0.2404 0.6112
vn -0.3442 0.5287 -0.7759
vn -0.7725 0.6351 -0.0000
vn -0.7539 -0.2416 -0.6110
vn -0.9803 -0.1975 0.0001
vn -0.6457 0.5969 -0.4762
vn 0.7539 -0.2416 0.6110
vn 0.6458 0.5969 0.4761
vn 0.7540 -0.2405 -0.6113
vn 0.3584 -0.3004 0.8839
vn 0.6457 0.5969 -0.4762
vn 0.3583 -0.3001 -0.8840
vn -0.0000 -0.3213 0.9470
vn -0.0000 -0.3214 -0.9470
vn -0.3584 -0.3000 0.8841
vn -0.0000 0.4993 -0.8664
vn -0.7540 -0.2404 0.6112
vn -0.0001 -1.0000 -0.0001
vn -0.0001 -1.0000 0.0001
vn 0.0001 -1.0000 -0.0001
vn 0.0001 -1.0000 0.0001
vn 0.0002 -1.0000 -0.0001
vn 0.1151 0.9832 -0.1414
vn 0.6000 0.1967 -0.7755
vn -0.0360 0.9845 -0.1718
vn -0.2351 0.1832 -0.9545
vn 0.9794 0.2017 -0.0071
vn -0.1523 0.9855 -0.0744
vn 0.1849 0.9828 -0.0018
vn -0.8929 0.1718 -0.4163
vn 0.6119 0.1944 0.7666
vn -0.1512 0.9856 0.0760
vn 0.1171 0.9834 0.1384
vn -0.8857 0.1706 0.4317
vn -0.2194 0.1806 0.9588
vn -0.0333 0.9846 0.1713
vn 0.2351 0.1832 -0.9545
vn -0.5999 0.1967 -0.7755
vn 0.0361 0.9845 -0.1717
vn -0.1151 0.9832 -0.1415
vn 0.1524 0.9855 -0.0742
vn -0.9794 0.2017 -0.0071
vn 0.8929 0.1718 -0.4163
vn -0.1849 0.9828 -0.0019
vn 0.1511 0.9856 0.0762
vn -0.6120 0.1944 0.7666
vn 0.8857 0.1705 0.4318
vn -0.1171 0.9834 0.1384
vn 0.0332 0.9846 0.1714
vn 0.2194 0.1806 0.9588
vn 0.9803 0.1975 0.0001
vn 0.7725 -0.6351 -0.0000
vn 0.7540 0.2404 0.6112
vn 0.6457 -0.5969 0.4761
vn 0.6457 -0.5969 -0.4761
vn 0.3583 0.3001 0.8840
vn 0.7539 0.2416 -0.6110
vn 0.3442 -0.5286 0.7759
vn 0.3442 -0.5287 -0.7759
vn -0.0000 0.3214 0.9469
vn 0.3584 0.3004 -0.8839
vn -0.0000 -0.4992 0.8665
vn -0.0000 -0.4993 -0.8664
vn -0.3584 0.3005 0.8839
vn -0.0000 0.3214 -0.9470
vn -0.3442 -0.5287 0.7759
vn -0.3442 -0.5287 -0.7759
vn -0.7539 0.2415 0.6110
vn -0.3584 0.3000 -0.8841
vn -0.6458 -0.5969 0.4761
vn -0.6457 -0.5969 -0.4761
vn -0.9803 0.1975 -0.0000
vn -0.7540 0.2405 -0.6113
vn -0.7725 -0.6350 -0.0000
vn 0.7540 0.2404 0.6113
vn 0.6458 -0.5969 0.4761
vn 0.3584 0.3000 0.8840
vn 0.7538 0.2416 -0.6110
vn 0.3442 -0.5287 0.7759
vn -0.0000 0.3213 0.9470
vn -0.0000 -0.4993 0.8664
vn -0.3583 0.3004 0.8839
vn -0.7538 0.2416 0.6111
vn -0.3583 0.3001 -0.8841
vn -0.6458 -0.5969 -0.4761
vn -0.9803 0.1974 -0.0000
vn 0.0024 0.9999 -0.0144
vn 0.0025 0.9999 -0.0147
vn 0.0074 0.9991 -0.0426
vn 0.0074 0.9991 -0.0428
vn 0.0109 0.9981 -0.0609
vn 0.0109 0.9981 -0.0610
vn 0.0128 0.9974 -0.0704
vn 0.0151 0.9965 -0.0816
vn 0.0152 0.9965 -0.0817
vn 0.0093 0.9967 -0.0802
vn 0.0095 0.9967 -0.0801
vn 0.0003 0.9974 -0.0719
vn 0.0004 0.9974 -0.0718
vn 0.0068 0.9972 -0.0747
vn 0.0161 0.9965 -0.0822
vn 0.0209 0.9956 -0.0910
vn 0.0223 0.9948 -0.0998
vn 0.0209 0.9939 -0.1085
vn 0.0209 0.9939 -0.1086
vn 0.0160 0.9930 -0.1173
vn 0.0066 0.9922 -0.1248
vn 0.0066 0.9922 -0.1247
vn 0.0002 0.9918 -0.1276
vn 0.0003 0.9919 -0.1274
vn 0.0084 0.9931 -0.1166
vn 0.0085 0.9932 -0.1163
vn 0.0141 0.9929 -0.1180
vn 0.0140 0.9929 -0.1180
vn 0.0185 0.9901 -0.1390
vn 0.0184 0.9901 -0.1390
vn 0.0481 0.9623 -0.2677
vn 0.0481 0.9626 -0.2665
vn 0.1008 0.8725 -0.4780
vn 0.1018 0.8723 -0.4782
vn 0.0603 0.9225 -0.3811
vn 0.0522 0.9233 -0.3805
vn -0.0327 0.9826 -0.1831
vn -0.0444 0.9828 -0.1794
vn -0.0217 0.9795 -0.2000
vn -0.0218 0.9796 -0.2000
vn -0.0000 0.9788 -0.2047
vn 0.0217 0.9795 -0.2000
vn 0.0219 0.9796 -0.2000
vn 0.0348 0.9809 -0.1914
vn 0.0318 0.9826 -0.1828
vn -0.0518 0.9247 -0.3772
vn -0.0559 0.9277 -0.3692
vn -0.1018 0.8723 -0.4782
vn -0.1009 0.8721 -0.4788
vn -0.0485 0.9622 -0.2680
vn -0.0479 0.9625 -0.2670
vn -0.0184 0.9901 -0.1390
vn -0.0185 0.9901 -0.1390
vn -0.0140 0.9929 -0.1183
vn -0.0142 0.9929 -0.1182
vn -0.0082 0.9932 -0.1164
vn -0.0087 0.9932 -0.1163
vn -0.0003 0.9918 -0.1274
vn -0.0005 0.9918 -0.1276
vn -0.0067 0.9922 -0.1247
vn -0.0161 0.9930 -0.1173
vn -0.0160 0.9930 -0.1173
vn -0.0209 0.9939 -0.1085
vn -0.0209 0.9939 -0.1086
vn -0.0223 0.9948 -0.0998
vn -0.0209 0.9956 -0.0910
vn -0.0161 0.9965 -0.0822
vn -0.0067 0.9972 -0.0746
vn -0.0067 0.9972 -0.0747
vn -0.0003 0.9974 -0.0717
vn -0.0004 0.9974 -0.0719
vn -0.0094 0.9967 -0.0800
vn -0.0094 0.9967 -0.0801
vn -0.0152 0.9965 -0.0817
vn -0.0151 0.9965 -0.0818
vn -0.0128 0.9974 -0.0704
vn -0.0109 0.9981 -0.0609
vn -0.0109 0.9981 -0.0610
vn -0.0074 0.9991 -0.0426
vn -0.0074 0.9991 -0.0428
vn -0.0024 0.9999 -0.0144
vn -0.0025 0.9999 -0.0147
vn 1.0000 -0.0000 0.0015
vn 0.9993 -0.0000 0.0379
vn 0.9953 -0.0000 0.0965
vn 0.9905 -0.0000 0.1377
vn 0.9860 -0.0000 0.1669
vn 0.9841 -0.0000 0.1773
vn 0.9835 -0.0000 0.1811
vn 0.9815 0.0002 0.1916
vn 0.9814 0.0002 0.1919
vn 0.9796 0.0004 0.2008
vn 0.9796 0.0005 0.2009
vn 0.9790 0.0006 0.2038
vn 0.9782 0.0007 0.2078
vn 0.9781 0.0007 0.2080
vn 0.9775 -0.0000 0.2111
vn 0.9775 -0.0001 0.2111
vn -0.0025 -0.9999 0.0147
vn -0.0024 -0.9999 0.0144
vn -0.0074 -0.9991 0.0428
vn -0.0074 -0.9991 0.0426
vn -0.0109 -0.9981 0.0610
vn -0.0109 -0.9981 0.0609
vn -0.0128 -0.9974 0.0704
vn -0.0151 -0.9965 0.0818
vn -0.0152 -0.9965 0.0817
vn -0.0094 -0.9967 0.0801
vn -0.0094 -0.9967 0.0800
vn -0.0004 -0.9974 0.0718
vn -0.0003 -0.9974 0.0717
vn -0.0067 -0.9972 0.0747
vn -0.0067 -0.9972 0.0746
vn -0.0161 -0.9965 0.0821
vn -0.0210 -0.9956 0.0910
vn -0.0209 -0.9956 0.0909
vn -0.0223 -0.9948 0.0998
vn -0.0209 -0.9939 0.1085
vn -0.0160 -0.9930 0.1173
vn -0.0067 -0.9922 0.1247
vn -0.0005 -0.9918 0.1276
vn -0.0003 -0.9919 0.1274
vn -0.0086 -0.9932 0.1163
vn -0.0082 -0.9932 0.1164
vn -0.0142 -0.9929 0.1182
vn -0.0141 -0.9929 0.1183
vn -0.0184 -0.9901 0.1390
vn -0.0480 -0.9625 0.2670
vn -0.0485 -0.9622 0.2680
vn -0.1010 -0.8721 0.4789
vn -0.1018 -0.8723 0.4782
vn -0.0559 -0.9277 0.3692
vn -0.0510 -0.9248 0.3770
vn 0.0315 -0.9829 0.1813
vn 0.0343 -0.9808 0.1920
vn 0.0219 -0.9795 0.2000
vn 0.0218 -0.9795 0.2001
vn -0.0000 -0.9788 0.2047
vn -0.0218 -0.9796 0.2000
vn -0.0217 -0.9795 0.2000
vn -0.0458 -0.9830 0.1776
vn -0.0318 -0.9825 0.1834
vn 0.0513 -0.9230 0.3813
vn 0.0603 -0.9226 0.3810
vn 0.1018 -0.8723 0.4782
vn 0.1007 -0.8726 0.4780
vn 0.0481 -0.9626 0.2665
vn 0.0481 -0.9623 0.2677
vn 0.0184 -0.9901 0.1390
vn 0.0184 -0.9901 0.1391
vn 0.0140 -0.9929 0.1180
vn 0.0142 -0.9929 0.1180
vn 0.0085 -0.9932 0.1162
vn 0.0084 -0.9931 0.1166
vn 0.0003 -0.9919 0.1274
vn 0.0002 -0.9918 0.1276
vn 0.0066 -0.9922 0.1247
vn 0.0066 -0.9922 0.1248
vn 0.0160 -0.9930 0.1173
vn 0.0209 -0.9939 0.1086
vn 0.0209 -0.9939 0.1085
vn 0.0223 -0.9948 0.0998
vn 0.0210 -0.9956 0.0910
vn 0.0210 -0.9956 0.0909
vn 0.0161 -0.9965 0.0821
vn 0.0068 -0.9972 0.0747
vn 0.0067 -0.9972 0.0747
vn 0.0004 -0.9974 0.0717
vn 0.0003 -0.9974 0.0718
vn 0.0095 -0.9967 0.0801
vn 0.0093 -0.9967 0.0802
vn 0.0152 -0.9965 0.0817
vn 0.0151 -0.9965 0.0816
vn 0.0128 -0.9974 0.0704
vn 0.0109 -0.9981 0.0610
vn 0.0109 -0.9981 0.0609
vn 0.0074 -0.9991 0.0428
vn 0.0074 -0.9991 0.0426
vn 0.0025 -0.9999 0.0147
vn 0.0024 -0.9999 0.0144
vn -1.0000 -0.0000 -0.0014
vn -0.9993 -0.0000 -0.0379
vn -0.9953 -0.0000 -0.0964
vn -0.9860 -0.0000 -0.1667
vn -0.9842 -0.0000 -0.1771
vn -0.9835 -0.0000 -0.1809
vn -0.9815 -0.0002 -0.1917
vn -0.9815 -0.0002 -0.1914
vn -0.9796 -0.0004 -0.2007
vn -0.9797 -0.0004 -0.2006
vn -0.9790 -0.0006 -0.2037
vn -0.9790 -0.0006 -0.2036
vn -0.9782 -0.0007 -0.2078
vn -0.9782 -0.0007 -0.2076
vn -0.9775 -0.0000 -0.2111
vn -0.9775 0.0001 -0.2111
vn -0.0000 0.0284 0.9996
vn -0.0000 0.0283 0.9996
vn 0.1273 0.0279 0.9915
vn 0.1283 0.0278 0.9913
vn 0.4656 0.0240 0.8846
vn 0.4721 0.0239 0.8812
vn 0.7892 0.0077 0.6140
vn 0.7892 0.0071 0.6141
vn -0.0001 -0.0284 -0.9996
vn -0.0000 -0.0283 -0.9996
vn -0.1283 -0.0279 -0.9913
vn -0.1273 -0.0278 -0.9915
vn -0.4721 -0.0239 -0.8812
vn -0.4656 -0.0240 -0.8847
vn -0.7893 -0.0119 -0.6139
vn 0.7895 0.0239 0.6132
vn 0.7896 0.0246 0.6132
vn 0.9505 0.0029 0.3106
vn 0.9541 0.0025 0.2996
vn 0.9999 -0.0089 0.0049
vn 0.9999 -0.0093 -0.0067
vn 0.9536 -0.0210 -0.3005
vn 0.9499 -0.0215 -0.3119
vn 0.7886 -0.0439 -0.6133
vn 0.7886 -0.0445 -0.6133
vn -0.7894 -0.0175 -0.6136
vn -0.9541 -0.0025 -0.2995
vn -0.9506 -0.0029 -0.3105
vn -0.9999 0.0094 0.0068
vn -0.9999 0.0089 -0.0048
vn -0.9499 0.0215 0.3120
vn -0.9535 0.0210 0.3006
vn -0.7885 0.0373 0.6139
vn 0.7884 -0.0259 -0.6147
vn 0.7883 -0.0252 -0.6147
vn 0.4709 -0.0452 -0.8810
vn 0.4626 -0.0453 -0.8854
vn 0.1269 -0.0498 -0.9907
vn 0.1254 -0.0497 -0.9909
vn -0.0000 -0.0499 -0.9988
vn 0.0001 -0.0498 -0.9988
vn -0.7884 0.0311 0.6144
vn -0.4626 0.0454 0.8854
vn -0.4709 0.0451 0.8810
vn -0.1255 0.0498 0.9908
vn -0.1269 0.0497 0.9907
vn -0.0000 0.0500 0.9987
vn 0.0002 0.0498 0.9988
vn 0.9800 0.0016 0.1991
vn 0.9800 0.0018 0.1991
vn 0.9797 0.0038 0.2004
vn 0.9797 0.0039 0.2005
vn 0.9778 0.0044 0.2093
vn 0.9776 0.0045 0.2102
vn 0.9748 0.0061 0.2232
vn 0.9746 0.0061 0.2239
vn 0.9723 0.0073 0.2338
vn 0.9716 0.0071 0.2366
vn 0.9490 0.0167 0.3148
vn 0.9386 0.0257 0.3441
vn 0.7916 0.0624 0.6079
vn 0.7872 0.0659 0.6132
vn -0.9799 -0.0017 -0.1993
vn -0.9799 -0.0019 -0.1993
vn -0.9797 -0.0038 -0.2003
vn -0.9798 -0.0039 -0.2001
vn -0.9776 -0.0044 -0.2102
vn -0.9778 -0.0044 -0.2093
vn -0.9747 -0.0062 -0.2236
vn -0.9748 -0.0059 -0.2230
vn -0.9718 -0.0075 -0.2356
vn -0.9722 -0.0067 -0.2339
vn -0.9368 -0.0227 -0.3492
vn -0.9480 -0.0209 -0.3175
vn -0.7883 -0.0741 -0.6107
vn -0.7933 -0.0778 -0.6038
vn 0.7900 0.0495 0.6111
vn 0.7869 0.0545 0.6146
vn 0.4471 0.0760 0.8912
vn 0.4366 0.0763 0.8964
vn -0.0000 0.0826 0.9966
vn -0.4471 0.0760 0.8913
vn -0.4366 0.0763 0.8964
vn -0.7929 0.0539 0.6069
vn -0.7896 0.0499 0.6116
vn -0.7895 -0.0401 -0.6124
vn -0.7929 -0.0431 -0.6079
vn -0.4366 -0.0763 -0.8964
vn -0.4471 -0.0760 -0.8912
vn -0.0000 -0.0826 -0.9966
vn 0.4366 -0.0763 -0.8964
vn 0.4471 -0.0759 -0.8912
vn 0.7866 -0.0443 -0.6159
vn 0.7895 -0.0398 -0.6125
vn -0.7932 0.0658 0.6054
vn -0.7880 0.0632 0.6124
vn -0.9478 0.0203 0.3181
vn -0.9371 0.0226 0.3484
vn -0.9722 0.0067 0.2339
vn -0.9718 0.0075 0.2357
vn -0.9748 0.0059 0.2230
vn -0.9747 0.0062 0.2236
vn -0.9778 0.0044 0.2094
vn -0.9776 0.0044 0.2103
vn -0.9797 0.0039 0.2002
vn -0.9797 0.0038 0.2004
vn -0.9799 0.0018 0.1994
vn -0.9799 0.0016 0.1994
vn 0.7871 -0.0770 -0.6120
vn 0.7918 -0.0739 -0.6063
vn 0.9383 -0.0263 -0.3448
vn 0.9493 -0.0166 -0.3138
vn 0.9716 -0.0071 -0.2366
vn 0.9723 -0.0073 -0.2338
vn 0.9746 -0.0060 -0.2239
vn 0.9748 -0.0061 -0.2232
vn 0.9776 -0.0045 -0.2102
vn 0.9778 -0.0044 -0.2093
vn 0.9797 -0.0039 -0.2004
vn 0.9797 -0.0038 -0.2003
vn 0.9800 -0.0019 -0.1990
vn 0.9800 -0.0017 -0.1990
vn -0.1270 -0.0497 -0.9907
vn -0.1255 -0.0499 -0.9908
vn -0.4709 -0.0451 -0.8810
vn -0.4627 -0.0454 -0.8854
vn -0.7883 -0.0252 -0.6147
vn -0.7883 -0.0260 -0.6147
vn 0.1255 0.0497 0.9909
vn 0.1269 0.0498 0.9907
vn 0.4626 0.0453 0.8854
vn 0.4708 0.0452 0.8811
vn 0.7884 0.0312 0.6144
vn -0.7886 -0.0445 -0.6133
vn -0.7886 -0.0439 -0.6134
vn -0.9536 -0.0210 -0.3005
vn -0.9499 -0.0215 -0.3119
vn -0.9999 -0.0089 0.0049
vn -0.9999 -0.0093 -0.0067
vn -0.9505 0.0029 0.3106
vn -0.9541 0.0025 0.2996
vn -0.7896 0.0246 0.6132
vn -0.7895 0.0239 0.6132
vn 0.7885 0.0374 0.6139
vn 0.9498 0.0215 0.3120
vn 0.9535 0.0210 0.3005
vn 0.9999 0.0093 0.0068
vn 0.9999 0.0089 -0.0047
vn 0.9541 -0.0025 -0.2995
vn 0.9506 -0.0029 -0.3105
vn 0.7894 -0.0175 -0.6136
vn -0.7892 0.0071 0.6141
vn -0.7892 0.0078 0.6141
vn -0.4656 0.0240 0.8847
vn -0.4721 0.0239 0.8812
vn -0.1273 0.0278 0.9915
vn -0.1283 0.0279 0.9913
vn 0.7893 -0.0119 -0.6138
vn 0.7893 -0.0119 -0.6139
vn 0.4721 -0.0239 -0.8812
vn 0.4656 -0.0240 -0.8847
vn 0.1283 -0.0278 -0.9913
vn 0.1273 -0.0279 -0.9915
vn -0.9774 -0.0001 0.2112
vn -0.9774 -0.0000 0.2112
vn -0.9782 0.0007 0.2078
vn -0.9781 0.0007 0.2079
vn -0.9790 0.0005 0.2038
vn -0.9796 0.0004 0.2008
vn -0.9796 0.0004 0.2009
vn -0.9815 0.0002 0.1916
vn -0.9814 0.0002 0.1919
vn -0.9835 -0.0000 0.1811
vn -0.9841 -0.0000 0.1773
vn -0.9860 -0.0000 0.1669
vn -0.9905 -0.0000 0.1377
vn -0.9953 -0.0000 0.0965
vn -0.9993 -0.0000 0.0379
vn -1.0000 -0.0000 0.0015
vn 0.9775 0.0001 -0.2110
vn 0.9775 -0.0000 -0.2110
vn 0.9781 -0.0007 -0.2079
vn 0.9782 -0.0007 -0.2077
vn 0.9790 -0.0006 -0.2037
vn 0.9790 -0.0006 -0.2036
vn 0.9796 -0.0004 -0.2007
vn 0.9797 -0.0004 -0.2006
vn 0.9815 -0.0002 -0.1917
vn 0.9815 -0.0002 -0.1914
vn 0.9835 -0.0000 -0.1809
vn 0.9842 -0.0000 -0.1771
vn 0.9860 -0.0000 -0.1667
vn 0.9953 -0.0000 -0.0964
vn 0.9993 -0.0000 -0.0379
vn 1.0000 -0.0000 -0.0014
vn -0.0000 -0.1056 -0.9944
vn 0.0748 0.9967 -0.0329
vn 0.0741 0.9967 -0.0341
vn 0.0732 0.9967 -0.0355
vn 0.5193 0.0947 0.8493
vn 0.5193 0.0948 0.8493
vn -0.5128 -0.0917 -0.8536
vn -0.5128 -0.0914 -0.8536
vn -0.5127 -0.0924 -0.8536
vn -0.5126 -0.0905 -0.8538
vn 0.8824 0.3413 -0.3239
vn 0.8825 0.3412 -0.3238
vn -0.0000 0.1111 0.9938
vn -0.0732 0.9967 -0.0354
vn -0.0738 0.9967 -0.0343
vn -0.0748 0.9967 -0.0329
vn -0.5193 0.0948 0.8493
vn -0.5193 0.0947 0.8493
vn 0.5126 -0.0905 -0.8538
vn 0.5124 -0.0898 -0.8540
vn 0.5127 -0.0906 -0.8538
vn 0.5128 -0.0917 -0.8536
vn -0.8825 0.3412 -0.3237
vn -0.8825 0.3412 -0.3238
vn -0.8824 0.3412 -0.3238
vn 1.0000 -0.0000 -0.0022
vn -1.0000 -0.0000 0.0023
vn -0.0201 -0.0000 -0.9998
vn -0.0202 -0.0000 -0.9998
vn 0.0002 0.8835 -0.4684
vn -0.0090 0.8832 -0.4689
vn -0.0002 0.8835 -0.4684
vn -0.0094 0.8832 -0.4689
vn -1.0000 -0.0000 -0.0022
vn 1.0000 -0.0000 0.0023
vn 0.0206 -0.0000 -0.9998
vn 0.0202 -0.0000 -0.9998
vn 0.0095 0.8832 -0.4689
vn 0.0091 0.8832 -0.4689
vn 0.0003 0.8835 -0.4684
vn -0.0000 0.8835 -0.4684
vn 1.0000 -0.0000 0.0049
vn 1.0000 -0.0000 0.0048
vn -1.0000 -0.0000 -0.0039
vn -1.0000 -0.0000 0.0049
vn 1.0000 -0.0000 -0.0039
vn -0.5497 0.4525 0.7022
vn -0.5538 0.2372 0.7981
vn 0.2765 0.4524 0.8479
vn 0.2473 0.2373 0.9394
vn -0.5723 0.2532 0.7800
vn -0.5967 0.4236 0.6816
vn -0.9719 0.1016 0.2125
vn -0.9644 0.1959 0.1777
vn -0.5763 0.7044 0.4144
vn -0.9105 0.4042 0.0875
vn -0.9861 0.1425 -0.0849
vn -0.8769 0.4805 -0.0150
vn -0.8607 0.5024 -0.0828
vn 0.3998 0.7044 0.5865
vn 0.3287 0.4233 0.8443
vn 0.8258 0.4039 0.3936
vn 0.8455 0.1958 0.4968
vn 0.2709 0.2532 0.9287
vn 0.8406 0.1016 0.5320
vn 0.9557 0.1425 0.2575
vn 0.8291 0.4805 0.2858
vn 0.8371 0.5024 0.2166
vn 0.2701 0.3822 0.8837
vn 0.3308 0.6850 0.6491
vn -0.5561 0.3821 0.7381
vn -0.5314 0.6860 0.4970
vn 0.3559 0.8691 0.3434
vn 0.8887 0.3674 0.2742
vn 0.8748 0.2727 0.4004
vn 0.8896 0.3991 0.2223
vn 0.3702 0.9070 0.2008
vn -0.4519 0.8691 0.2010
vn -0.9590 0.2727 0.0771
vn -0.4166 0.9070 0.0621
vn -0.9289 0.3674 -0.0464
vn -0.9120 0.3990 -0.0954
vn 0.1735 0.0001 -0.9848
vn 0.0047 -0.0000 -1.0000
vn 0.9999 -0.0000 -0.0102
vn -0.0047 -0.0000 1.0000
vn -0.9999 -0.0000 0.0102
vn -0.2474 0.2372 0.9394
vn 0.5538 0.2372 0.7981
vn -0.2764 0.4525 0.8479
vn 0.5497 0.4525 0.7022
vn 0.5723 0.2531 0.7800
vn 0.9719 0.1016 0.2125
vn 0.5967 0.4236 0.6816
vn 0.9644 0.1959 0.1777
vn 0.5763 0.7044 0.4144
vn 0.9105 0.4042 0.0875
vn 0.9861 0.1425 -0.0849
vn 0.8769 0.4805 -0.0150
vn 0.8607 0.5024 -0.0828
vn -0.3998 0.7044 0.5865
vn -0.8258 0.4040 0.3936
vn -0.3287 0.4233 0.8443
vn -0.8455 0.1959 0.4968
vn -0.2710 0.2532 0.9287
vn -0.8406 0.1016 0.5321
vn -0.9557 0.1425 0.2575
vn -0.8291 0.4805 0.2858
vn -0.8371 0.5024 0.2166
vn -0.2701 0.3821 0.8838
vn 0.5561 0.3821 0.7381
vn -0.3308 0.6850 0.6491
vn 0.5313 0.6860 0.4970
vn -0.3559 0.8691 0.3434
vn -0.8887 0.3675 0.2741
vn -0.8748 0.2727 0.4005
vn -0.8896 0.3991 0.2223
vn -0.3702 0.9070 0.2008
vn 0.4519 0.8691 0.2010
vn 0.9590 0.2728 0.0771
vn 0.4166 0.9070 0.0621
vn 0.9289 0.3674 -0.0463
vn 0.9120 0.3990 -0.0954
vn -0.1738 -0.0000 -0.9848
vn -0.1736 0.0001 -0.9848
vn -0.1735 -0.0001 -0.9848
vn -0.1736 -0.0001 -0.9848
vn -0.0047 -0.0000 -1.0000
vn -0.9999 -0.0000 -0.0102
vn 0.0047 -0.0000 1.0000
vn 0.9999 -0.0000 0.0102
vn 0.8099 -0.0000 0.5866
vn 0.8099 -0.0000 -0.5866
vn 0.7663 -0.0000 0.6425
vn 0.3880 -0.0000 0.9216
vn 0.3881 -0.0000 0.9216
vn -0.3881 -0.0000 0.9216
vn -0.3880 -0.0000 0.9216
vn -0.7663 -0.0001 0.6425
vn -0.7663 -0.0000 0.6425
vn -0.8099 -0.0000 0.5866
vn -0.8099 -0.0000 -0.5866
vn -0.7663 -0.0000 -0.6425
vn -0.3880 -0.0000 -0.9216
vn -0.3881 -0.0000 -0.9216
vn 0.3881 -0.0000 -0.9216
vn 0.3880 -0.0000 -0.9216
vn 0.7663 -0.0000 -0.6425
vn 0.8099 0.0001 0.5866
vn -0.8099 -0.0001 -0.5866
vn 0.8099 -0.0001 -0.5866
vn -0.7663 0.0001 0.6425
vn -0.8099 0.0001 -0.5866
vn 0.8079 -0.0000 0.5893
vn 1.0000 -0.0000 0.0001
vn 0.8079 -0.0000 -0.5893
vn 0.8079 -0.0000 -0.5894
vn 0.7633 -0.0000 0.6460
vn 0.3851 -0.0000 0.9229
vn -0.3851 -0.0000 0.9229
vn -0.7633 -0.0000 0.6460
vn -0.7633 -0.0000 0.6461
vn -0.8079 -0.0001 0.5893
vn -0.8079 -0.0000 0.5893
vn -1.0000 -0.0000 0.0001
vn -0.8079 -0.0000 -0.5893
vn -0.8079 -0.0001 -0.5893
vn -0.7633 -0.0000 -0.6460
vn -0.3851 -0.0000 -0.9229
vn 0.3851 -0.0000 -0.9229
vn 0.7633 -0.0000 -0.6460
vn -0.0000 0.8976 -0.4407
vn -0.0000 0.8977 -0.4407
vn -0.0000 0.1947 -0.9809
vn -0.0000 0.1947 0.9809
vn -0.0000 0.8977 0.4407
vn -0.0000 0.1946 0.9809
vn 0.2443 0.9537 0.1755
vn 0.2753 0.9614 -0.0000
vn 0.2443 0.9537 -0.1755
vn 0.1468 0.9358 0.3205
vn 0.1468 0.9358 -0.3205
vn -0.0000 0.9257 0.3782
vn -0.0000 0.9257 -0.3782
vn -0.1468 0.9358 0.3205
vn -0.1468 0.9358 -0.3205
vn -0.2443 0.9537 0.1755
vn -0.2443 0.9537 -0.1755
vn -0.2753 0.9614 -0.0000
vn -0.0000 1.0000 0.0001
vn -0.0000 1.0000 0.0003
vn 0.0001 1.0000 -0.0001
vn 0.0001 1.0000 0.0001
vn -0.0000 0.9974 -0.0724
vn -0.0000 0.9973 -0.0731
vn 0.6052 -0.5695 0.5563
vn 0.8092 -0.5875 -0.0061
vn 0.5966 -0.5692 -0.5657
vn 0.5782 -0.5689 0.5849
vn 0.1934 -0.5489 0.8132
vn -0.1984 -0.5487 0.8121
vn -0.5801 -0.5687 0.5832
vn -0.5967 -0.5692 0.5656
vn -0.8092 -0.5875 0.0061
vn -0.6052 -0.5695 -0.5562
vn -0.5781 -0.5689 -0.5849
vn -0.1934 -0.5489 -0.8132
vn 0.1984 -0.5487 -0.8121
vn 0.5800 -0.5688 -0.5832
vn -0.6052 -0.5695 0.5563
vn -0.8092 -0.5875 -0.0061
vn -0.5967 -0.5693 -0.5656
vn -0.5781 -0.5689 0.5850
vn -0.1933 -0.5489 0.8132
vn 0.1984 -0.5488 0.8121
vn 0.5801 -0.5687 0.5832
vn 0.5967 -0.5692 0.5656
vn 0.8092 -0.5875 0.0060
vn 0.6052 -0.5695 -0.5562
vn 0.5781 -0.5689 -0.5849
vn 0.1934 -0.5489 -0.8132
vn -0.1984 -0.5487 -0.8121
vn -0.5801 -0.5687 -0.5832
vt 1.590619 0.212221
vt 1.596240 0.195603
vt 1.594228 0.212221
vt 1.599557 0.195603
vt 1.606682 0.137361
vt 1.606653 0.212221
vt 1.609999 0.137361
vt 1.610688 0.195603
vt 1.627824 0.212221
vt 1.619113 0.137361
vt 1.612630 0.098540
vt 1.631287 0.195603
vt 1.648878 0.212221
vt 1.638053 0.137361
vt 1.650690 0.195603
vt 1.687930 0.212221
vt 1.623331 0.098540
vt 1.618219 0.092387
vt 1.628232 0.094653
vt 1.637741 0.098540
vt 1.637646 0.092147
vt 1.653881 0.137361
vt 1.653879 0.098540
vt 1.653292 0.090226
vt 1.687930 0.088025
vt 1.687930 0.195603
vt 1.764015 0.212221
vt 1.687930 0.137361
vt 1.687930 0.098540
vt 1.764015 0.087066
vt 1.764015 0.195603
vt 1.764015 0.137361
vt 1.764015 0.098540
vt 1.840100 0.086802
vt 1.840100 0.098540
vt 1.840100 0.137361
vt 1.916185 0.098540
vt 1.840100 0.195603
vt 1.840100 0.212221
vt 1.916185 0.195603
vt 1.916185 0.212221
vt 1.916185 0.137361
vt 2.068355 0.098540
vt 2.068355 0.137361
vt 2.220525 0.098540
vt 2.068355 0.195603
vt 2.068355 0.212221
vt 2.220525 0.195603
vt 2.220525 0.212221
vt 2.220525 0.137307
vt 2.372694 0.098540
vt 2.372694 0.137307
vt 2.372694 0.195603
vt 2.524864 0.195603
vt 2.372694 0.212221
vt 2.524864 0.137307
vt 2.524864 0.212221
vt 2.677034 0.212221
vt 2.677034 0.137307
vt 2.677034 0.195603
vt 2.789255 0.212221
vt 2.789255 0.195603
vt 2.898338 0.212221
vt 2.898338 0.195603
vt 2.981369 0.212221
vt 2.981369 0.195603
vt 2.898338 0.137307
vt 2.981369 0.137307
vt 2.981369 0.098540
vt 2.898338 0.098540
vt 2.789255 0.137307
vt 2.789255 0.098540
vt 2.677034 0.098540
vt 0.500002 0.092011
vt 0.510897 0.092387
vt 0.505206 0.098540
vt 0.511571 0.098540
vt 0.507747 0.137361
vt 0.503698 0.137361
vt 0.500002 0.098540
vt 0.500002 0.137361
vt 0.502317 0.195603
vt 0.496305 0.137361
vt 0.494798 0.098540
vt 0.492256 0.137361
vt 0.488432 0.098540
vt 0.489106 0.092387
vt 0.497686 0.195603
vt 0.500002 0.195603
vt 0.502293 0.212221
vt 0.497710 0.212221
vt 0.500002 0.212221
vt 0.275354 2.677034
vt 0.311700 2.524864
vt 0.312670 2.677034
vt 0.353850 2.524864
vt 0.348340 2.372694
vt 0.388354 2.372694
vt 0.386110 2.524864
vt 0.417271 2.372694
vt 0.348016 2.677034
vt 0.281824 2.789255
vt 0.437573 2.220524
vt 0.414785 2.220525
vt 0.454062 2.068355
vt 0.436196 2.068355
vt 0.467856 1.916185
vt 0.454407 1.916185
vt 0.461983 1.840100
vt 0.472842 1.840100
vt 0.482666 1.916185
vt 0.473074 2.068355
vt 0.485926 1.840100
vt 0.476451 1.764015
vt 0.449547 2.372694
vt 0.462330 2.220525
vt 0.427673 2.524864
vt 0.401802 2.677034
vt 0.318657 2.789255
vt 0.297489 2.898338
vt 0.261002 2.898338
vt 0.255386 2.981369
vt 0.289431 2.981369
vt 0.369154 2.898337
vt 0.364508 2.981369
vt 0.499997 2.898338
vt 0.499997 2.981369
vt 0.635485 2.981369
vt 0.382844 2.789255
vt 0.499997 2.789255
vt 0.630839 2.898338
vt 0.710562 2.981369
vt 0.499997 2.677034
vt 0.617150 2.789255
vt 0.702504 2.898338
vt 0.744607 2.981368
vt 0.738992 2.898338
vt 0.718169 2.789255
vt 0.681336 2.789255
vt 0.598192 2.677034
vt 0.651978 2.677034
vt 0.687323 2.677034
vt 0.499997 2.524864
vt 0.613885 2.524864
vt 0.572321 2.524864
vt 0.499997 2.372694
vt 0.550448 2.372694
vt 0.582724 2.372694
vt 0.646145 2.524864
vt 0.499998 2.220525
vt 0.537666 2.220524
vt 0.688294 2.524864
vt 0.724640 2.677034
vt 0.651655 2.372694
vt 0.611641 2.372694
vt 0.562422 2.220524
vt 0.585211 2.220525
vt 0.499998 2.068355
vt 0.526922 2.068355
vt 0.545933 2.068355
vt 0.563800 2.068355
vt 0.499998 1.916185
vt 0.517330 1.916185
vt 0.532140 1.916185
vt 0.545589 1.916185
vt 0.538013 1.840100
vt 0.527154 1.840100
vt 0.514070 1.840100
vt 0.523545 1.764015
vt 0.499998 1.840100
vt 0.511952 1.764015
vt 0.488045 1.764015
vt 0.510724 1.687930
vt 0.520884 1.687930
vt 0.499998 1.764015
vt 0.489273 1.687930
vt 0.479113 1.687930
vt 0.510403 1.652420
vt 0.499998 1.651952
vt 0.519683 1.653292
vt 0.517918 1.637646
vt 0.499998 1.687930
vt 0.489594 1.652420
vt 0.480314 1.653292
vt 0.482079 1.637646
vt 0.510338 1.637051
vt 0.518675 1.628232
vt 0.510894 1.618219
vt 0.489659 1.637051
vt 0.481322 1.628232
vt 0.489103 1.618219
vt 0.499998 1.636543
vt 0.499998 1.615286
vt 0.499998 1.608420
vt 0.494794 1.610003
vt 0.505202 1.610003
vt -0.590619 0.212221
vt -0.594228 0.212221
vt -0.596240 0.195603
vt -0.599557 0.195603
vt -0.606682 0.137361
vt -0.606653 0.212221
vt -0.609999 0.137361
vt -0.610688 0.195603
vt -0.627824 0.212221
vt -0.619113 0.137361
vt -0.612630 0.098540
vt -0.631287 0.195603
vt -0.648878 0.212221
vt -0.638053 0.137361
vt -0.650690 0.195603
vt -0.687930 0.212221
vt -0.623331 0.098540
vt -0.618219 0.092387
vt -0.628232 0.094653
vt -0.637741 0.098540
vt -0.637646 0.092147
vt -0.653881 0.137361
vt -0.653879 0.098540
vt -0.653292 0.090226
vt -0.687930 0.088025
vt -0.687930 0.137361
vt -0.687930 0.098540
vt -0.764015 0.087066
vt -0.764015 0.098540
vt -0.840100 0.086802
vt -0.840100 0.098540
vt -0.764015 0.137361
vt -0.687930 0.195603
vt -0.764015 0.195603
vt -0.764015 0.212221
vt -0.840100 0.137361
vt -0.916185 0.098540
vt -0.840100 0.195603
vt -0.840100 0.212221
vt -0.916185 0.195603
vt -0.916185 0.212221
vt -0.916185 0.137361
vt -1.068355 0.098540
vt -1.068355 0.137361
vt -1.220525 0.098540
vt -1.068355 0.195603
vt -1.068355 0.212221
vt -1.220525 0.195603
vt -1.220524 0.212221
vt -1.220525 0.137307
vt -1.372694 0.098540
vt -1.372694 0.137307
vt -1.372694 0.195603
vt -1.372694 0.212221
vt -1.524864 0.195603
vt -1.524864 0.137307
vt -1.524864 0.212221
vt -1.677034 0.137307
vt -1.677034 0.195603
vt -1.677034 0.212221
vt -1.789255 0.212221
vt -1.789255 0.195603
vt -1.898338 0.212221
vt -1.898338 0.195603
vt -1.981369 0.212221
vt -1.981369 0.195603
vt -1.898338 0.137307
vt -1.981368 0.137307
vt -1.981368 0.098540
vt -1.898338 0.098540
vt -1.789255 0.137307
vt -1.789255 0.098540
vt -1.677034 0.098540
vt 1.582630 0.235840
vt 1.586655 0.235840
vt 1.562725 0.272460
vt 1.567280 0.272460
vt 1.584812 0.272460
vt 1.600917 0.235840
vt 1.607572 0.272460
vt 1.622903 0.235840
vt 1.637497 0.272460
vt 1.646304 0.235840
vt 1.687930 0.235840
vt 1.687930 0.272460
vt 1.764015 0.235840
vt 1.764015 0.272460
vt 1.840100 0.235840
vt 1.840100 0.272460
vt 1.916185 0.235840
vt 1.916185 0.272460
vt 2.068355 0.235840
vt 2.068355 0.272460
vt 2.220524 0.272460
vt 2.220525 0.235840
vt 2.372694 0.235840
vt 2.372694 0.220877
vt 2.220525 0.220877
vt 2.068355 0.220877
vt 1.916185 0.220877
vt 1.840100 0.220877
vt 1.764015 0.220877
vt 1.687930 0.220877
vt 1.647935 0.220877
vt 1.626021 0.220877
vt 1.604551 0.220877
vt 1.591453 0.220877
vt 1.587690 0.220877
vt 0.502259 0.235840
vt 0.502729 0.272460
vt 0.500001 0.235840
vt 0.500001 0.272460
vt 0.497274 0.272460
vt 0.497744 0.235840
vt 2.981371 0.312357
vt 2.898340 0.312357
vt 2.981369 0.278818
vt 2.898338 0.278818
vt 2.789255 0.277954
vt 2.789255 0.312357
vt 2.677034 0.276764
vt 2.677034 0.312357
vt 2.524864 0.275345
vt 2.524864 0.312357
vt 2.372694 0.273965
vt 2.372694 0.312357
vt 2.220525 0.312357
vt 2.068355 0.293826
vt 2.068355 0.315193
vt 1.916185 0.320687
vt 1.916185 0.296573
vt 1.840100 0.323902
vt 1.840100 0.298181
vt 1.764015 0.300024
vt 1.764015 0.327589
vt 1.714501 0.322274
vt 1.717169 0.330262
vt 1.708042 0.315857
vt 1.698742 0.311887
vt 1.715674 0.301660
vt 1.687964 0.302597
vt 1.687973 0.310978
vt 1.677498 0.313242
vt 1.667729 0.303281
vt 1.668788 0.318360
vt 1.625911 0.304696
vt 1.663213 0.325544
vt 1.589288 0.306646
vt 1.614325 0.336932
vt 1.661624 0.333709
vt 1.567228 0.340832
vt 1.561297 0.308241
vt 1.534005 0.344023
vt 1.542863 0.309191
vt 1.538191 0.309426
vt 1.525475 0.331847
vt 1.519600 0.339502
vt 1.514672 0.345923
vt 1.511522 0.354320
vt 1.512287 0.348853
vt 1.507517 0.354713
vt 0.767487 2.981369
vt 0.759192 2.981369
vt 0.767363 2.898338
vt 0.759072 2.898338
vt 0.758303 2.789255
vt 0.751196 2.789255
vt 0.743820 2.677034
vt 0.737582 2.677034
vt 0.717243 2.524864
vt 0.712428 2.524864
vt 0.686177 2.372694
vt 0.683436 2.372694
vt 0.651134 2.220524
vt 0.504455 0.309426
vt 0.500001 0.309505
vt 0.495548 0.309426
vt 0.505414 0.329959
vt 0.510548 0.331847
vt 0.508545 0.309191
vt 0.505644 0.334902
vt 0.511224 0.339502
vt 0.503439 0.332275
vt 0.500001 0.330990
vt 0.505784 0.337891
vt 0.494589 0.329959
vt 0.496564 0.332275
vt 0.494358 0.334902
vt 0.506181 0.346393
vt 0.511792 0.345923
vt 0.503549 0.339985
vt 0.500001 0.340515
vt 0.489455 0.331847
vt 0.491458 0.309191
vt 0.488779 0.339502
vt 0.494219 0.337891
vt 0.493822 0.346393
vt 0.488211 0.345923
vt 0.496454 0.339985
vt 0.500001 0.346550
vt 0.506317 0.349324
vt 0.493686 0.349324
vt 0.500001 0.355341
vt 0.506590 0.355184
vt 0.512573 0.354713
vt 0.512052 0.348853
vt 0.493413 0.355184
vt 0.487430 0.354713
vt 0.487951 0.348853
vt 0.489226 0.348762
vt 0.494414 0.349188
vt 0.488760 0.354623
vt 0.494173 0.355049
vt 0.499999 0.355187
vt 0.494535 0.346258
vt 0.499999 0.346396
vt 0.505462 0.346258
vt 0.505583 0.349188
vt 0.505824 0.355049
vt 0.511237 0.354623
vt 0.510771 0.348762
vt -0.534472 0.343978
vt -0.515594 0.345832
vt -0.511989 0.354274
vt -0.513210 0.348762
vt -0.508440 0.354623
vt 1.509881 0.346393
vt 1.511260 0.346258
vt 1.507497 0.349324
vt 1.508876 0.349188
vt 0.511792 1.514672
vt 0.510542 1.515594
vt 0.506181 1.509881
vt 0.505465 1.511260
vt 0.510774 0.348762
vt 0.510542 0.345832
vt 0.493683 1.507497
vt 0.494414 1.508876
vt 0.487948 1.512287
vt 0.489226 1.513210
vt -0.582630 0.235840
vt -0.562725 0.272460
vt -0.586655 0.235840
vt -0.567280 0.272460
vt -0.584812 0.272460
vt -0.600917 0.235840
vt -0.607572 0.272460
vt -0.622903 0.235840
vt -0.637497 0.272460
vt -0.646304 0.235840
vt -0.687930 0.235840
vt -0.687930 0.272460
vt -0.764015 0.235840
vt -0.764015 0.272460
vt -0.840100 0.235840
vt -0.840100 0.272460
vt -0.916185 0.235840
vt -0.916185 0.272460
vt -1.068355 0.235840
vt -1.068355 0.272460
vt -1.220524 0.272460
vt -1.220525 0.235840
vt -1.372694 0.235840
vt -1.372694 0.220877
vt -1.220525 0.220877
vt -1.068355 0.220877
vt -0.916185 0.220877
vt -0.840100 0.220877
vt -0.764015 0.220877
vt -0.687930 0.220877
vt -0.647935 0.220877
vt -0.626021 0.220877
vt -0.604551 0.220877
vt -0.591453 0.220877
vt -0.587690 0.220877
vt -1.981371 0.312357
vt -1.981369 0.278818
vt -1.898340 0.312357
vt -1.898338 0.278818
vt -1.789255 0.277954
vt -1.789255 0.312357
vt -1.677034 0.276764
vt -1.677034 0.312357
vt -1.524864 0.275345
vt -1.524864 0.312357
vt -1.372694 0.273965
vt -1.372694 0.312357
vt -1.220524 0.312357
vt -1.068355 0.293826
vt -1.068355 0.315193
vt -0.916185 0.320687
vt -0.916185 0.296573
vt -0.840100 0.323902
vt -0.840100 0.298181
vt -0.764015 0.300024
vt -0.764015 0.327589
vt -0.714501 0.322274
vt -0.717169 0.330262
vt -0.708042 0.315857
vt -0.698742 0.311887
vt -0.715674 0.301660
vt -0.687964 0.302597
vt -0.687973 0.310978
vt -0.677498 0.313242
vt -0.667729 0.303281
vt -0.625911 0.304696
vt -0.668788 0.318360
vt -0.663213 0.325544
vt -0.589288 0.306646
vt -0.614325 0.336932
vt -0.661624 0.333709
vt -0.567228 0.340832
vt -0.561297 0.308241
vt -0.534005 0.344023
vt -0.542863 0.309191
vt -0.538191 0.309426
vt -0.525475 0.331847
vt -0.519600 0.339502
vt -0.514672 0.345923
vt -0.511522 0.354320
vt -0.512287 0.348853
vt -0.507517 0.354713
vt 0.232520 2.981369
vt 0.232644 2.898338
vt 0.240816 2.981369
vt 0.240934 2.898338
vt 0.241703 2.789255
vt 0.248811 2.789255
vt 0.256186 2.677034
vt 0.262424 2.677034
vt 0.282762 2.524864
vt 0.287578 2.524864
vt 0.313829 2.372694
vt 0.316569 2.372694
vt 0.348871 2.220524
vt 1.534472 0.343978
vt 1.511989 0.354274
vt 1.515594 0.345832
vt 1.513210 0.348762
vt 1.508440 0.354623
vt -0.508876 0.349188
vt -0.511260 0.346258
vt -0.507497 0.349324
vt -0.509881 0.346393
vt 0.494538 1.511260
vt 0.489461 1.515594
vt 0.493822 1.509881
vt 0.488211 1.514672
vt 0.489461 0.345832
vt 0.489229 0.348762
vt 0.510771 1.513210
vt 0.505583 1.508876
vt 0.512049 1.512287
vt 0.506315 1.507497
vt 0.502281 0.220877
vt 0.500002 0.220877
vt 0.497722 0.220877
vt 2.981369 0.220877
vt 2.981369 0.235840
vt 2.898338 0.220878
vt 2.898338 0.235840
vt 2.981369 0.272460
vt 2.898338 0.272460
vt 2.789255 0.220878
vt 2.789255 0.272460
vt 2.789255 0.235840
vt 2.677034 0.220878
vt 2.677034 0.235840
vt 2.677034 0.272460
vt 2.524864 0.272460
vt 2.524864 0.235840
vt 2.524864 0.220877
vt 2.372694 0.272460
vt -1.524864 0.220877
vt -1.524864 0.235840
vt -1.677034 0.220878
vt -1.372694 0.272460
vt -1.524864 0.272460
vt -1.677034 0.235840
vt -1.677034 0.272460
vt -1.789255 0.220878
vt -1.789255 0.272460
vt -1.789255 0.235840
vt -1.898338 0.220878
vt -1.898338 0.235840
vt -1.898338 0.272460
vt -1.981369 0.220877
vt -1.981369 0.272460
vt -1.981369 0.235840
vt 0.759058 2.981371
vt 0.500004 2.981371
vt 0.758938 2.898340
vt 0.750864 2.789255
vt 0.500002 2.220524
vt 0.737549 2.677034
vt 0.713562 2.524864
vt 0.686361 2.372694
vt 0.659094 2.220525
vt 0.500002 2.068355
vt 0.630695 2.068355
vt 0.500002 1.916185
vt 0.600028 1.916185
vt 0.369309 2.068355
vt 0.399976 1.916185
vt 0.340911 2.220524
vt 0.313644 2.372694
vt 0.286444 2.524864
vt 0.262457 2.677034
vt 0.249143 2.789255
vt 0.241069 2.898340
vt 0.240949 2.981371
vt 0.558498 1.717169
vt 0.568552 1.764015
vt 0.537684 1.717169
vt 0.500002 1.764015
vt 0.529492 1.715013
vt 0.522640 1.708982
vt 0.518070 1.699966
vt 0.500002 1.689297
vt 0.516482 1.689297
vt 0.518096 1.678720
vt 0.522686 1.669723
vt 0.500002 1.614325
vt 0.529542 1.663719
vt 0.537633 1.661624
vt 0.537144 1.614325
vt 0.527482 1.567228
vt 0.546709 1.661624
vt 0.481934 1.699966
vt 0.483522 1.689297
vt 0.481907 1.678720
vt 0.477318 1.669723
vt 0.477363 1.708982
vt 0.470512 1.715013
vt 0.462320 1.717169
vt 0.431451 1.764015
vt 0.441506 1.717169
vt 0.470461 1.663719
vt 0.462370 1.661624
vt 0.462860 1.614325
vt 0.453295 1.661624
vt 0.472521 1.567228
vt 0.500001 1.567228
vt 0.495992 1.534922
vt 0.481365 1.534472
vt 0.500001 1.536730
vt 0.493930 1.530682
vt 0.504011 1.534922
vt 0.494179 1.525001
vt 0.496364 1.521442
vt 0.518638 1.534472
vt 0.506073 1.530682
vt 0.500001 1.509849
vt 0.500001 1.519652
vt 0.503638 1.521442
vt 0.505824 1.525001
vt 1.530682 0.344350
vt 1.530389 0.345708
vt 1.525001 0.344908
vt 1.526235 0.346116
vt -0.525001 0.344908
vt -0.526235 0.346116
vt -0.530682 0.344350
vt -0.530389 0.345708
vt -0.521442 0.345257
vt -0.522712 0.346462
vt 1.521442 0.345257
vt 1.522712 0.346462
vt 0.458116 0.318360
vt 0.462361 0.318360
vt 0.456380 0.325544
vt 0.462366 0.325544
vt 0.453291 0.333709
vt 0.462367 0.333709
vt 0.466402 0.326615
vt 0.469820 0.320339
vt 0.469362 0.329542
vt 0.470458 0.333546
vt 0.475290 0.325747
vt 0.477314 0.333144
vt 0.550044 1.708042
vt 0.537675 1.708042
vt 0.546189 1.698742
vt 0.537666 1.698742
vt 0.543305 1.687973
vt 0.527891 1.698906
vt 0.530175 1.708168
vt 0.537655 1.687973
vt 0.541637 1.677498
vt 0.520722 1.699354
vt 0.524675 1.708512
vt 0.519347 1.688635
vt 0.527094 1.688150
vt 0.527895 1.677661
vt 0.537646 1.677498
vt 0.541884 1.668788
vt 0.530180 1.668913
vt 0.537639 1.668788
vt 0.558498 0.330262
vt 0.537684 0.330262
vt 0.554421 0.322274
vt 0.537681 0.322274
vt 0.550044 0.315857
vt 0.537675 0.315857
vt 0.530175 0.317845
vt 0.533596 0.323357
vt 0.524675 0.323278
vt 0.530600 0.326315
vt 0.529492 0.330362
vt 0.522640 0.330708
vt 1.668913 0.320339
vt 1.677661 0.315828
vt 1.669255 0.325747
vt 1.678109 0.322898
vt 1.688150 0.313779
vt 1.669723 0.333144
vt 1.678720 0.332567
vt 1.688635 0.321434
vt 1.689297 0.331904
vt 1.699354 0.321561
vt 1.699966 0.331248
vt 1.708512 0.323278
vt 1.708982 0.330708
vt 1.516393 0.337891
vt 1.515808 0.337205
vt 1.518681 0.334902
vt 1.517850 0.334541
vt 1.520134 0.332275
vt 1.519152 0.332188
vt 0.505184 0.337205
vt 0.503189 0.339075
vt 0.500001 0.339529
vt 0.496814 0.339075
vt 0.494819 0.337205
vt 0.496561 1.520134
vt 0.496917 1.519152
vt 0.499999 1.520193
vt 0.499999 1.519173
vt 0.503080 1.519152
vt 0.503436 1.520134
vt 0.497806 1.517965
vt 0.499999 1.517891
vt 0.502191 1.517965
vt 0.502194 0.332927
vt 0.503083 0.332188
vt 0.503596 0.334600
vt 0.505059 0.334541
vt 0.503683 0.336453
vt 0.502288 0.337759
vt 0.500001 0.338021
vt 0.497715 0.337759
vt 0.496320 0.336453
vt 0.494944 0.334541
vt 0.496407 0.334600
vt 0.496920 0.332188
vt 0.497809 0.332927
vt 0.502194 1.517965
vt 0.502194 1.532779
vt 0.500001 1.517891
vt 0.500001 1.533761
vt 0.497809 1.532779
vt 0.497809 1.517965
vt -0.532779 0.344143
vt -0.517965 0.332927
vt -0.530009 0.344416
vt -0.517043 0.334600
vt -0.526580 0.344753
vt -0.515619 0.336453
vt -0.523842 0.345022
vt -0.514249 0.337759
vt 0.497712 1.523842
vt 0.497712 1.514249
vt 0.499999 1.522689
vt 0.499999 1.513294
vt 0.502285 1.514249
vt 0.502285 1.523842
vt 0.541881 0.318360
vt 0.543617 0.325544
vt 0.537635 0.318360
vt 0.537631 0.325544
vt 0.546705 0.333709
vt 0.537630 0.333709
vt 0.533595 0.326615
vt 0.530177 0.320339
vt 0.530634 0.329542
vt 0.529539 0.333546
vt 0.524706 0.325747
vt 0.522682 0.333144
vt 0.449959 1.708042
vt 0.453814 1.698742
vt 0.462329 1.708042
vt 0.462338 1.698742
vt 0.456699 1.687973
vt 0.472112 1.698906
vt 0.469828 1.708168
vt 0.462348 1.687973
vt 0.458367 1.677498
vt 0.479281 1.699353
vt 0.475328 1.708512
vt 0.480656 1.688635
vt 0.472910 1.688150
vt 0.472109 1.677661
vt 0.462357 1.677498
vt 0.458119 1.668788
vt 0.469823 1.668913
vt 0.462365 1.668788
vt 0.441506 0.330262
vt 0.445582 0.322274
vt 0.462320 0.330262
vt 0.462322 0.322274
vt 0.449959 0.315857
vt 0.462329 0.315857
vt 0.469828 0.317845
vt 0.466407 0.323356
vt 0.475328 0.323278
vt 0.469403 0.326315
vt 0.470512 0.330362
vt 0.477363 0.330708
vt -0.668913 0.320339
vt -0.669255 0.325747
vt -0.677661 0.315828
vt -0.678109 0.322898
vt -0.669723 0.333144
vt -0.688150 0.313779
vt -0.678720 0.332567
vt -0.688635 0.321434
vt -0.689297 0.331904
vt -0.699353 0.321561
vt -0.699966 0.331248
vt -0.708512 0.323278
vt -0.708982 0.330708
vt -0.516393 0.337891
vt -0.518681 0.334902
vt -0.515808 0.337205
vt -0.517850 0.334541
vt -0.520134 0.332275
vt -0.519152 0.332188
vt 1.532779 0.344144
vt 1.530009 0.344416
vt 1.517965 0.332927
vt 1.517043 0.334600
vt 1.526580 0.344753
vt 1.515619 0.336453
vt 1.523842 0.345022
vt 1.514249 0.337759
vt -0.526580 0.346082
vt -0.530009 0.345745
vt -0.523842 0.346351
vt 0.499999 0.345135
vt 0.499999 0.346464
vt 0.497712 0.345022
vt 0.497712 0.346351
vt 0.502285 0.345022
vt 0.502285 0.346351
vt 1.526580 0.346082
vt 1.523842 0.346351
vt 1.530009 0.345745
vt 1.532779 0.345473
vt 0.500001 0.344047
vt 0.500001 0.345376
vt 0.497809 0.344144
vt 0.497809 0.345473
vt 0.502194 0.344143
vt 0.502194 0.345472
vt -0.532779 0.345472
vt 1.534922 0.343937
vt 1.533944 0.345361
vt 0.499999 0.343762
vt 0.499999 0.345217
vt 0.495989 0.343937
vt 0.496700 0.345361
vt 0.504008 0.343937
vt 0.503297 0.345361
vt -0.534922 0.343937
vt -0.533944 0.345361
vt 0.500001 1.520994
vt 0.496592 1.522712
vt 0.503411 1.522712
vt 0.543121 1.718116
vt 0.541016 1.717615
vt 0.546040 1.707996
vt 0.542916 1.707252
vt -0.717615 0.336799
vt -0.717279 0.335197
vt -0.707252 0.337971
vt -0.706754 0.335593
vt -0.717292 0.333577
vt -0.706773 0.333189
vt -0.717503 0.332233
vt -0.707087 0.331196
vt 0.456411 1.718228
vt 0.453265 1.708162
vt 0.459453 1.717503
vt 0.457779 1.707087
vt 1.718228 0.332233
vt 1.718439 0.333577
vt 1.708162 0.331196
vt 1.708475 0.333189
vt 1.718451 0.335197
vt 1.708493 0.335593
vt 1.718116 0.336799
vt 1.707996 0.337971
vt 0.539488 1.733557
vt 0.537383 1.733055
vt 0.535917 1.738141
vt 0.535974 1.732719
vt 0.534168 1.737725
vt 0.538532 1.738764
vt 0.540281 1.739181
vt 0.540897 1.733891
vt -0.733055 0.336799
vt -0.732719 0.335197
vt -0.732732 0.333577
vt -0.732943 0.332233
vt 0.460043 1.733668
vt 0.463086 1.732943
vt 1.733668 0.332233
vt 1.733879 0.333577
vt 1.733891 0.335197
vt 1.733557 0.336799
vt 0.462214 0.333048
vt 0.465992 0.333048
vt 0.461114 0.333810
vt 0.467093 0.333810
vt 0.467160 0.335151
vt 0.465410 0.335823
vt 0.462796 0.335823
vt 0.461047 0.335151
vt -0.737725 0.335631
vt -0.737741 0.333414
vt -0.738002 0.332154
vt 0.460887 1.738903
vt 0.464665 1.738002
vt 1.738903 0.332154
vt 1.739164 0.333414
vt 1.739181 0.335631
vt 0.532840 1.743367
vt 0.534590 1.743784
vt 0.537204 1.744407
vt 0.538953 1.744823
vt -0.743367 0.335151
vt -0.743383 0.333810
vt 0.467093 1.743383
vt 0.465992 1.743645
vt 0.465765 1.737741
vt 0.462214 1.744545
vt 0.461114 1.744808
vt 0.459786 1.739164
vt 1.744808 0.333810
vt 1.744823 0.335151
vt 0.462204 0.333728
vt 0.465484 0.333728
vt 0.462235 0.334439
vt 0.465515 0.334439
vt 0.468123 0.334439
vt 0.468092 0.333728
vt 0.537084 0.335229
vt 0.534782 0.335229
vt 0.536614 0.333728
vt 0.534958 0.333728
vt 0.532952 0.335229
vt 0.533640 0.333728
vt 1.749237 0.333728
vt 1.749234 0.334439
vt 1.746205 0.333728
vt 1.746202 0.334439
vt 1.743149 0.333728
vt 1.743146 0.334439
vt -0.747721 0.333728
vt -0.746188 0.333728
vt -0.748323 0.335229
vt -0.746195 0.335229
vt -0.744645 0.333728
vt -0.744051 0.335229
vt 0.537845 0.333728
vt 0.537814 0.334439
vt 0.534577 0.333728
vt 0.534546 0.334439
vt 0.531935 0.333728
vt 0.531904 0.334439
vt 0.463361 0.333728
vt 0.465012 0.333728
vt 0.462882 0.335229
vt 0.465175 0.335229
vt 0.466346 0.333728
vt 0.467029 0.335229
vt -0.747831 0.334439
vt -0.747834 0.333728
vt -0.744453 0.334439
vt -0.744456 0.333728
vt 1.747338 0.335229
vt 1.744967 0.335229
vt 1.747012 0.333728
vt 1.745306 0.333728
vt 0.472804 0.332825
vt 0.474349 0.332825
vt 0.472804 0.335931
vt 0.474349 0.335931
vt 0.475649 0.335931
vt 0.475649 0.332825
vt 0.458592 0.332825
vt 0.465085 0.332825
vt 0.458592 0.335931
vt 0.465085 0.335931
vt 0.470385 0.332825
vt 0.470385 0.335931
vt 1.715677 0.332825
vt 1.719556 0.332825
vt 1.715677 0.335931
vt 1.719556 0.335931
vt 0.541408 1.707644
vt 0.534915 1.710809
vt 0.534722 1.706051
vt 0.528502 1.709281
vt 0.529615 1.715677
vt 0.524587 1.714479
vt 0.527196 1.719556
vt 0.524351 1.718878
vt 0.525651 1.719795
vt 0.528502 0.335931
vt 0.528502 0.332825
vt 0.534722 0.335931
vt 0.534722 0.332825
vt -0.714479 0.335931
vt -0.714479 0.332825
vt -0.709281 0.335931
vt -0.709281 0.332825
vt -0.718878 0.335931
vt -0.718878 0.332825
vt 0.465278 1.706051
vt 0.471498 1.709281
vt 0.458592 1.707644
vt 0.465085 1.710809
vt 0.475413 1.714479
vt 0.470385 1.715677
vt 0.472804 1.719556
vt 0.475649 1.718878
vt 0.474349 1.719795
vt 0.541270 1.705073
vt 0.542590 1.699464
vt 0.543452 1.705593
vt 0.544772 1.699983
vt 0.547620 1.700661
vt 0.546300 1.706271
vt 0.548482 1.706790
vt 0.549801 1.701182
vt -0.699464 0.336510
vt -0.705073 0.336510
vt -0.699346 0.333637
vt -0.704955 0.333637
vt -0.699685 0.331111
vt -0.705294 0.331111
vt 0.456480 1.699685
vt 0.457800 1.705294
vt 0.453804 1.700323
vt 0.455124 1.705932
vt 0.451128 1.700959
vt 0.452448 1.706569
vt 1.700959 0.331111
vt 1.706569 0.331111
vt 1.701299 0.333637
vt 1.706908 0.333637
vt 1.701182 0.336510
vt 1.706790 0.336510
vt 0.444116 0.335931
vt 0.444116 0.332825
vt 0.445392 0.335931
vt 0.445392 0.332825
vt 0.442547 0.335931
vt 0.442547 0.332825
vt -0.714785 0.335931
vt -0.714785 0.332825
vt -0.709027 0.335931
vt -0.709027 0.332825
vt -0.721527 0.335931
vt -0.721527 0.332825
vt -0.726086 0.335931
vt -0.726086 0.332825
vt 0.553899 1.710620
vt 0.558020 1.716313
vt 0.547213 1.709027
vt 0.551607 1.714785
vt 0.554174 1.721527
vt 0.559203 1.722726
vt 0.554608 1.726086
vt 0.557453 1.726764
vt 0.555884 1.726997
vt 1.716313 0.332825
vt 1.716313 0.335931
vt 1.710620 0.332825
vt 1.710620 0.335931
vt 1.722726 0.332825
vt 1.722726 0.335931
vt 1.726764 0.332825
vt 1.726764 0.335931
vt 0.446101 1.710620
vt 0.452787 1.709027
vt 0.441980 1.716313
vt 0.448393 1.714785
vt 0.445826 1.721527
vt 0.440797 1.722726
vt 0.445392 1.726086
vt 0.442547 1.726764
vt 0.444116 1.726997
vt 0.456438 1.699695
vt 0.457307 1.703387
vt 0.454844 1.700075
vt 0.455713 1.703766
vt 0.452764 1.700570
vt 0.453633 1.704262
vt 0.451170 1.700950
vt 0.452039 1.704642
vt 1.703387 0.335936
vt 1.699695 0.335936
vt 1.703301 0.333837
vt 1.699609 0.333837
vt 1.703548 0.331991
vt 1.699857 0.331991
vt 0.543372 1.703548
vt 0.544241 1.699857
vt 0.545327 1.704014
vt 0.546196 1.700323
vt 0.547282 1.704480
vt 0.548151 1.700788
vt -0.704480 0.331991
vt -0.700788 0.331991
vt -0.704728 0.333837
vt -0.701036 0.333837
vt -0.704642 0.335936
vt -0.700950 0.335936
vt 0.538167 1.704466
vt 0.544847 1.706058
vt 0.537571 1.706998
vt 0.544251 1.708590
vt 0.551534 1.707642
vt 0.550938 1.710175
vt -0.706998 0.341765
vt -0.706695 0.340168
vt -0.704466 0.341765
vt -0.704162 0.340168
vt -0.705910 0.343309
vt -0.705451 0.334377
vt -0.705105 0.343309
vt -0.704647 0.334377
vt -0.705910 0.325446
vt -0.705105 0.325446
vt 0.462474 1.706988
vt 0.455749 1.708590
vt 0.461878 1.704456
vt 0.455153 1.706058
vt 0.449041 1.710188
vt 0.448445 1.707656
vt 1.710188 0.327009
vt 1.710483 0.328586
vt 1.707656 0.327009
vt 1.707951 0.328586
vt 1.714471 0.325446
vt 1.715173 0.334377
vt 1.713667 0.325446
vt 1.714369 0.334377
vt 1.714471 0.343309
vt 1.713667 0.343309
vt 0.447802 0.328586
vt 0.447802 0.340168
vt 0.445794 0.325399
vt 0.445794 0.343356
vt 0.435754 0.334377
vt 0.438164 0.343309
vt 0.438164 0.325446
vt 1.704162 0.340168
vt 1.706695 0.340168
vt 1.704697 0.343356
vt 1.707098 0.343356
vt 1.704697 0.325399
vt 1.707098 0.325399
vt 1.704162 0.328586
vt 1.706695 0.328586
vt 0.463706 0.340168
vt 0.463706 0.328586
vt 0.466143 0.343356
vt 0.466143 0.325399
vt 0.476565 0.334377
vt 0.474104 0.325446
vt 0.474104 0.343309
vt -0.707951 0.328586
vt -0.710483 0.328586
vt -0.709543 0.325399
vt -0.711945 0.325399
vt -0.711945 0.343356
vt -0.710483 0.340168
vt -0.709543 0.343356
vt -0.707951 0.340168
vt 0.525896 1.705910
vt 0.526085 1.705105
vt 0.533857 1.707098
vt 0.534422 1.704697
vt 0.474104 1.705910
vt 0.466143 1.707098
vt 0.473915 1.705105
vt 0.465578 1.704697
vt 0.438164 1.714471
vt 0.437975 1.713667
vt 0.445794 1.711945
vt 0.445229 1.709543
vt 0.561836 1.714471
vt 0.554206 1.711945
vt 0.562025 1.713667
vt 0.554771 1.709543
vt 0.536889 0.340168
vt 0.535963 0.334378
vt 0.538167 0.341765
vt 0.534422 0.343356
vt 0.526085 0.343309
vt 0.523624 0.334377
vt 0.526085 0.325446
vt 0.534422 0.325399
vt 0.536889 0.328586
vt 0.538122 0.326999
vt 1.707642 0.341789
vt 1.701124 0.340355
vt 1.708150 0.334378
vt 1.701485 0.334387
vt 1.701124 0.328418
vt 0.448048 1.701124
vt 0.453686 1.699781
vt 0.459332 1.698436
vt -0.698436 0.328418
vt -0.698074 0.334387
vt -0.704456 0.326999
vt -0.703918 0.334378
vt -0.698436 0.340355
vt 0.540668 1.698436
vt 0.546314 1.699781
vt 0.551952 1.701124
vt 0.553727 0.334378
vt 0.551555 0.327009
vt 0.552794 0.328586
vt 0.554771 0.325399
vt 0.562025 0.325446
vt 0.564435 0.334377
vt 0.562025 0.343309
vt 0.554771 0.343356
vt 0.552794 0.340168
vt 0.551534 0.341789
vt -0.700889 0.339316
vt -0.704504 0.338916
vt -0.701188 0.334387
vt -0.704778 0.334387
vt -0.700889 0.329458
vt -0.704504 0.329857
vt 0.550969 1.700889
vt 0.549719 1.704504
vt 0.546313 1.699781
vt 0.545441 1.703485
vt 0.541651 1.698669
vt 0.541157 1.702464
vt 1.698669 0.329458
vt 1.702464 0.329857
vt 1.698371 0.334387
vt 1.702190 0.334387
vt 1.698669 0.339316
vt 1.702464 0.338916
vt 0.458349 1.698669
vt 0.458843 1.702464
vt 0.453687 1.699781
vt 0.454559 1.703485
vt 0.449031 1.700889
vt 0.450281 1.704504
vt 0.541157 0.338916
vt 0.540006 0.334387
vt 0.545441 0.339948
vt 0.550870 0.334387
vt 0.549719 0.338916
vt 0.541157 0.329857
vt 0.545441 0.328825
vt 0.549719 0.329857
vt 1.710483 0.340168
vt 1.710175 0.341789
vt 1.707951 0.340168
vt -0.706695 0.328586
vt -0.706988 0.326999
vt -0.704162 0.328586
vt 0.462429 0.341765
vt 0.462474 0.326999
vt 0.455749 0.325494
vt 0.455749 0.343260
vt 0.449041 0.327009
vt 0.449062 0.341789
vt -0.721702 0.332282
vt -0.721702 0.335610
vt -0.725083 0.332275
vt -0.725083 0.335104
vt -0.721702 0.337601
vt -0.728465 0.332282
vt -0.725083 0.336858
vt -0.728465 0.335610
vt -0.728465 0.337601
vt 0.547847 0.332292
vt 0.546397 0.336285
vt 0.546017 0.332282
vt 0.545315 0.335610
vt 0.543487 0.337601
vt 0.544140 0.338591
vt 0.539702 0.338259
vt 0.539702 0.339352
vt 0.535917 0.337601
vt 0.535263 0.338591
vt 0.534091 0.335610
vt 0.533004 0.336285
vt 0.531540 0.332292
vt 0.533403 0.332282
vt 1.728465 0.332292
vt 1.728465 0.336285
vt 1.725083 0.332299
vt 1.725083 0.336792
vt 1.721702 0.332292
vt 1.721702 0.336285
vt 1.725083 0.339334
vt 1.728465 0.338591
vt 1.721702 0.338591
vt 0.453983 0.332282
vt 0.454685 0.335610
vt 0.452153 0.332292
vt 0.453603 0.336285
vt 0.455860 0.338591
vt 0.456513 0.337601
vt 0.460298 0.339352
vt 0.460298 0.338259
vt 0.464737 0.338591
vt 0.464083 0.337601
vt 0.466996 0.336285
vt 0.465909 0.335610
vt 0.466597 0.332282
vt 0.468460 0.332292
vt 0.544140 1.721702
vt 0.544630 1.725083
vt 0.539702 1.721702
vt 0.539702 1.725083
vt 0.544140 1.728465
vt 0.539702 1.728465
vt 0.534773 1.725083
vt 0.535263 1.721702
vt 0.535263 1.728465
vt 0.456513 1.721702
vt 0.460298 1.721702
vt 0.457003 1.725083
vt 0.460298 1.725083
vt 0.464083 1.721702
vt 0.456513 1.728465
vt 0.463594 1.725083
vt 0.460298 1.728465
vt 0.464083 1.728465
vt 1.721702 0.337601
vt 1.721702 0.335610
vt 1.725083 0.336858
vt 1.725083 0.335104
vt 1.721702 0.332282
vt 1.725083 0.332275
vt 1.728465 0.332282
vt 1.728465 0.335610
vt 1.728465 0.337601
vt 1.719817 0.332292
vt 1.719817 0.327683
vt 1.725083 0.332299
vt 1.725083 0.327691
vt 1.730350 0.332292
vt 1.730350 0.327683
vt 0.548349 0.327683
vt 0.548349 0.332292
vt 0.539714 0.327673
vt 0.539714 0.332282
vt 0.531029 0.327683
vt 0.531029 0.332292
vt 0.451651 0.332292
vt 0.451651 0.327683
vt 0.460286 0.332282
vt 0.460286 0.327673
vt 0.468971 0.332292
vt 0.468971 0.327683
vt -0.730350 0.332292
vt -0.730350 0.327683
vt -0.725083 0.332299
vt -0.725083 0.327691
vt -0.719817 0.332292
vt -0.719817 0.327683
vt 0.457087 1.707252
vt 0.458987 1.717615
vt 0.453963 1.707996
vt 0.456882 1.718116
vt 1.717615 0.336799
vt 1.707252 0.337971
vt 1.717279 0.335197
vt 1.706754 0.335593
vt 1.717292 0.333577
vt 1.706773 0.333189
vt 1.717503 0.332233
vt 1.707087 0.331196
vt 0.542218 1.707087
vt 0.546732 1.708162
vt 0.540544 1.717503
vt 0.543586 1.718228
vt -0.718228 0.332233
vt -0.708162 0.331196
vt -0.718439 0.333577
vt -0.708475 0.333189
vt -0.718451 0.335197
vt -0.708493 0.335593
vt -0.718116 0.336799
vt -0.707996 0.337971
vt 0.460515 1.733557
vt 0.462620 1.733055
vt 0.464029 1.732719
vt 0.464086 1.738141
vt 0.465835 1.737725
vt 0.461472 1.738764
vt 0.459722 1.739181
vt 0.459107 1.733891
vt 1.733055 0.336799
vt 1.732719 0.335197
vt 1.732732 0.333577
vt 1.732943 0.332233
vt 0.536911 1.732943
vt 0.539953 1.733668
vt -0.733668 0.332233
vt -0.733879 0.333577
vt -0.733891 0.335197
vt -0.733557 0.336799
vt 0.538950 0.335151
vt 0.537201 0.335823
vt 0.538883 0.333810
vt 0.534586 0.335823
vt 0.532837 0.335151
vt 0.532904 0.333810
vt 0.534005 0.333048
vt 0.537783 0.333048
vt 1.737725 0.335631
vt 1.737741 0.333414
vt 1.738002 0.332154
vt 0.535332 1.738002
vt 0.539110 1.738903
vt -0.738903 0.332154
vt -0.739164 0.333414
vt -0.739181 0.335631
vt 0.467163 1.743367
vt 0.465414 1.743784
vt 0.462799 1.744407
vt 0.461050 1.744823
vt 1.743383 0.333810
vt 1.743367 0.335151
vt 0.532904 1.743383
vt 0.534232 1.737741
vt 0.534005 1.743645
vt 0.537783 1.744545
vt 0.538883 1.744808
vt 0.540211 1.739164
vt -0.744823 0.335151
vt -0.744808 0.333810
vt 0.537793 0.333728
vt 0.537762 0.334439
vt 0.534513 0.333728
vt 0.534482 0.334439
vt 0.531874 0.334439
vt 0.531905 0.333728
vt 0.462919 0.335229
vt 0.463389 0.333728
vt 0.465221 0.335229
vt 0.465046 0.333728
vt 0.467051 0.335229
vt 0.466363 0.333728
vt -0.749237 0.333728
vt -0.746205 0.333728
vt -0.749234 0.334439
vt -0.746202 0.334439
vt -0.743149 0.333728
vt -0.743146 0.334439
vt 1.747721 0.333728
vt 1.748323 0.335229
vt 1.746188 0.333728
vt 1.746195 0.335229
vt 1.744645 0.333728
vt 1.744051 0.335229
vt 0.462158 0.333728
vt 0.465426 0.333728
vt 0.462189 0.334439
vt 0.465457 0.334439
vt 0.468068 0.333728
vt 0.468099 0.334439
vt 0.536636 0.333728
vt 0.537115 0.335229
vt 0.534985 0.333728
vt 0.534822 0.335229
vt 0.533651 0.333728
vt 0.532968 0.335229
vt 1.744456 0.333728
vt 1.747834 0.333728
vt 1.744453 0.334439
vt 1.747831 0.334439
vt -0.745306 0.333728
vt -0.744967 0.335229
vt -0.747012 0.333728
vt -0.747338 0.335229
vt 0.525648 0.335931
vt 0.525648 0.332825
vt 0.527193 0.335931
vt 0.527193 0.332825
vt 0.524348 0.332825
vt 0.524348 0.335931
vt 0.534912 0.335931
vt 0.534912 0.332825
vt 0.541404 0.335931
vt 0.541404 0.332825
vt 0.529612 0.335931
vt 0.529612 0.332825
vt -0.719556 0.335931
vt -0.719556 0.332825
vt -0.715677 0.335931
vt -0.715677 0.332825
vt 0.458596 1.707644
vt 0.465281 1.706051
vt 0.465088 1.710809
vt 0.471501 1.709281
vt 0.470388 1.715677
vt 0.475416 1.714479
vt 0.472807 1.719556
vt 0.475652 1.718878
vt 0.474353 1.719795
vt 0.465281 0.332825
vt 0.471501 0.332825
vt 0.465281 0.335931
vt 0.471501 0.335931
vt 1.709281 0.332825
vt 1.714479 0.332825
vt 1.709281 0.335931
vt 1.714479 0.335931
vt 1.718878 0.332825
vt 1.718878 0.335931
vt 0.534719 1.706051
vt 0.541404 1.707644
vt 0.528499 1.709281
vt 0.534912 1.710809
vt 0.524584 1.714479
vt 0.529612 1.715677
vt 0.527193 1.719556
vt 0.524348 1.718878
vt 0.525648 1.719795
vt 0.458733 1.705073
vt 0.456551 1.705593
vt 0.457413 1.699464
vt 0.455231 1.699983
vt 0.452383 1.700661
vt 0.453703 1.706271
vt 0.451521 1.706790
vt 0.450202 1.701182
vt 1.699464 0.336510
vt 1.699346 0.333637
vt 1.705073 0.336510
vt 1.704955 0.333637
vt 1.699685 0.331111
vt 1.705294 0.331111
vt 0.543517 1.699685
vt 0.546193 1.700323
vt 0.542197 1.705294
vt 0.544873 1.705932
vt 0.548869 1.700959
vt 0.547549 1.706569
vt -0.700959 0.331111
vt -0.701299 0.333637
vt -0.706569 0.331111
vt -0.706908 0.333637
vt -0.701182 0.336510
vt -0.706790 0.336510
vt 0.554605 0.332825
vt 0.555880 0.332825
vt 0.554605 0.335931
vt 0.555880 0.335931
vt 0.557450 0.332825
vt 0.557450 0.335931
vt 1.709027 0.332825
vt 1.714785 0.332825
vt 1.709027 0.335931
vt 1.714785 0.335931
vt 1.721527 0.332825
vt 1.721527 0.335931
vt 1.726086 0.332825
vt 1.726086 0.335931
vt 0.446104 1.710620
vt 0.452790 1.709027
vt 0.441983 1.716313
vt 0.448396 1.714785
vt 0.445829 1.721527
vt 0.440800 1.722726
vt 0.445395 1.726086
vt 0.442550 1.726764
vt 0.444120 1.726997
vt -0.710620 0.335931
vt -0.716313 0.335931
vt -0.710620 0.332825
vt -0.716313 0.332825
vt -0.722726 0.335931
vt -0.722726 0.332825
vt -0.726764 0.335931
vt -0.726764 0.332825
vt 0.553896 1.710620
vt 0.558017 1.716313
vt 0.547210 1.709027
vt 0.551604 1.714785
vt 0.554171 1.721527
vt 0.559200 1.722726
vt 0.554605 1.726086
vt 0.557450 1.726764
vt 0.555880 1.726997
vt 0.543559 1.699695
vt 0.545153 1.700075
vt 0.542690 1.703387
vt 0.544284 1.703766
vt 0.547233 1.700570
vt 0.546364 1.704262
vt 0.548827 1.700950
vt 0.547958 1.704642
vt -0.703387 0.335936
vt -0.703301 0.333837
vt -0.699695 0.335936
vt -0.699609 0.333837
vt -0.703548 0.331991
vt -0.699857 0.331991
vt 0.456631 1.703548
vt 0.454676 1.704014
vt 0.455762 1.699857
vt 0.453807 1.700323
vt 0.452721 1.704480
vt 0.451852 1.700788
vt 1.704480 0.331991
vt 1.704728 0.333837
vt 1.700788 0.331991
vt 1.701036 0.333837
vt 1.704642 0.335936
vt 1.700950 0.335936
vt 0.461836 1.704466
vt 0.462432 1.706998
vt 0.455156 1.706058
vt 0.455752 1.708590
vt 0.448469 1.707642
vt 0.449065 1.710175
vt 1.704466 0.341765
vt 1.706998 0.341765
vt 1.704647 0.334377
vt 1.705451 0.334377
vt 1.705105 0.343309
vt 1.705910 0.343309
vt 1.705105 0.325446
vt 1.705910 0.325446
vt 0.537523 1.706988
vt 0.538119 1.704456
vt 0.544248 1.708590
vt 0.544844 1.706058
vt 0.550956 1.710188
vt 0.551552 1.707656
vt -0.707656 0.327009
vt -0.710188 0.327009
vt -0.714369 0.334377
vt -0.715173 0.334377
vt -0.713667 0.325446
vt -0.714471 0.325446
vt -0.713667 0.343309
vt -0.714471 0.343309
vt 0.552195 0.328586
vt 0.554203 0.325399
vt 0.552195 0.340168
vt 0.554203 0.343356
vt 0.564243 0.334377
vt 0.561833 0.343309
vt 0.561833 0.325446
vt -0.707098 0.343356
vt -0.704697 0.343356
vt -0.707098 0.325399
vt -0.704697 0.325399
vt 0.536291 0.340168
vt 0.533854 0.343356
vt 0.536291 0.328586
vt 0.533854 0.325399
vt 0.523432 0.334377
vt 0.525893 0.325446
vt 0.525893 0.343309
vt 1.711945 0.325399
vt 1.709543 0.325399
vt 1.709543 0.343356
vt 1.711945 0.343356
vt 0.465581 1.704697
vt 0.473918 1.705105
vt 0.466146 1.707098
vt 0.474107 1.705910
vt 0.534419 1.704697
vt 0.533854 1.707098
vt 0.526082 1.705105
vt 0.525893 1.705910
vt 0.554768 1.709543
vt 0.562022 1.713667
vt 0.554203 1.711945
vt 0.561833 1.714471
vt 0.445232 1.709543
vt 0.445797 1.711945
vt 0.437978 1.713667
vt 0.438167 1.714471
vt 0.464041 0.334378
vt 0.463114 0.340168
vt 0.461836 0.341765
vt 0.465581 0.343356
vt 0.473918 0.343309
vt 0.476379 0.334377
vt 0.473918 0.325446
vt 0.465581 0.325399
vt 0.463114 0.328586
vt 0.461881 0.326999
vt -0.707642 0.341789
vt -0.708150 0.334378
vt -0.701124 0.340355
vt -0.701485 0.334387
vt -0.701124 0.328418
vt 0.551949 1.701124
vt 0.546311 1.699781
vt 0.540665 1.698436
vt 1.698436 0.328418
vt 1.704456 0.326999
vt 1.698074 0.334387
vt 1.703918 0.334378
vt 1.698436 0.340355
vt 0.459335 1.698436
vt 0.453689 1.699781
vt 0.448051 1.701124
vt 0.448448 0.327009
vt 0.446276 0.334378
vt 0.447210 0.328586
vt 0.445232 0.325399
vt 0.437978 0.325446
vt 0.435568 0.334377
vt 0.437978 0.343309
vt 0.445232 0.343356
vt 0.447210 0.340168
vt 0.448469 0.341789
vt 1.700889 0.339316
vt 1.701188 0.334387
vt 1.704504 0.338916
vt 1.704778 0.334387
vt 1.700889 0.329458
vt 1.704504 0.329857
vt 0.449034 1.700889
vt 0.453690 1.699781
vt 0.450284 1.704504
vt 0.454562 1.703485
vt 0.458352 1.698669
vt 0.458846 1.702464
vt -0.698669 0.329458
vt -0.698371 0.334387
vt -0.702464 0.329857
vt -0.702190 0.334387
vt -0.698669 0.339316
vt -0.702464 0.338916
vt 0.541648 1.698669
vt 0.546310 1.699781
vt 0.541154 1.702464
vt 0.545438 1.703485
vt 0.550966 1.700889
vt 0.549716 1.704504
vt 0.458846 0.338916
vt 0.454562 0.339948
vt 0.459997 0.334387
vt 0.449133 0.334387
vt 0.450284 0.338916
vt 0.458846 0.329857
vt 0.454562 0.328825
vt 0.450284 0.329857
vt -0.710175 0.341789
vt 1.706988 0.326999
vt 0.537568 0.341765
vt 0.537523 0.326999
vt 0.544248 0.325494
vt 0.544248 0.343260
vt 0.550956 0.327009
vt 0.550935 0.341789
vt 0.452156 0.332292
vt 0.453987 0.332282
vt 0.453606 0.336285
vt 0.454688 0.335610
vt 0.456516 0.337601
vt 0.455863 0.338591
vt 0.460301 0.338259
vt 0.460301 0.339352
vt 0.464087 0.337601
vt 0.464740 0.338591
vt 0.465912 0.335610
vt 0.466999 0.336285
vt 0.468463 0.332292
vt 0.466600 0.332282
vt -0.728465 0.332292
vt -0.725083 0.332299
vt -0.728465 0.336285
vt -0.725083 0.336792
vt -0.721702 0.332292
vt -0.721702 0.336285
vt -0.725083 0.339334
vt -0.728465 0.338591
vt -0.721702 0.338591
vt 0.546013 0.332282
vt 0.547844 0.332292
vt 0.545312 0.335610
vt 0.546394 0.336285
vt 0.544137 0.338591
vt 0.543484 0.337601
vt 0.539699 0.339352
vt 0.539699 0.338259
vt 0.535260 0.338591
vt 0.535913 0.337601
vt 0.533001 0.336285
vt 0.534088 0.335610
vt 0.533400 0.332282
vt 0.531537 0.332292
vt 0.455863 1.721702
vt 0.460301 1.721702
vt 0.455373 1.725083
vt 0.460301 1.725083
vt 0.455863 1.728465
vt 0.460301 1.728465
vt 0.465230 1.725083
vt 0.464740 1.721702
vt 0.464740 1.728465
vt 0.543484 1.721702
vt 0.542994 1.725083
vt 0.539699 1.721702
vt 0.539699 1.725083
vt 0.543484 1.728465
vt 0.535913 1.721702
vt 0.539699 1.728465
vt 0.536403 1.725083
vt 0.535913 1.728465
vt 0.451654 0.327683
vt 0.460289 0.327673
vt 0.451654 0.332292
vt 0.460289 0.332282
vt 0.468974 0.327683
vt 0.468974 0.332292
vt 0.548346 0.332292
vt 0.539711 0.332282
vt 0.548346 0.327683
vt 0.539711 0.327673
vt 0.531026 0.332292
vt 0.531026 0.327683
vt 0.467454 0.321181
vt 0.466547 0.318354
vt 0.469830 0.322928
vt 0.475143 0.321181
vt 0.472767 0.322928
vt 0.476051 0.318354
vt 1.963534 0.318354
vt 1.971349 0.318354
vt 1.963373 0.321181
vt 1.971189 0.321181
vt 0.475143 1.963373
vt 0.473773 1.971189
vt 0.472767 1.962951
vt 0.471398 1.970767
vt 0.469830 1.962430
vt 0.468461 1.970246
vt 0.467454 1.962009
vt 0.466085 1.969824
vt -0.962009 0.321181
vt -0.969824 0.321181
vt -0.961848 0.318354
vt -0.969663 0.318354
vt 0.526362 1.959527
vt 0.530048 1.959527
vt 0.528134 1.969981
vt 0.531820 1.969981
vt 0.539883 2.048627
vt 0.543503 2.047719
vt 0.542587 2.055026
vt 0.545510 2.052468
vt 0.548746 2.058749
vt 0.549617 2.054951
vt 0.555904 2.058119
vt 0.554391 2.054531
vt 0.561328 2.053375
vt 0.558005 2.051370
vt 0.562866 2.046614
vt 0.559146 2.046356
vt 0.559668 2.009205
vt 0.555953 2.009021
vt 0.535497 1.769801
vt 0.539172 1.769516
vt 0.533646 1.748151
vt 0.537317 1.747822
vt -0.961304 0.313127
vt -0.959527 0.316351
vt -0.970970 0.318677
vt -0.969981 0.322327
vt -1.048691 0.319055
vt -1.048627 0.322727
vt -1.055089 0.319059
vt -1.055026 0.322731
vt 0.469952 1.961304
vt 0.473638 1.961304
vt 0.468180 1.970971
vt 0.471866 1.970970
vt 0.456561 2.047783
vt 0.460181 2.048691
vt 0.454562 2.052532
vt 0.457485 2.055089
vt 0.450404 2.055046
vt 0.451275 2.058844
vt 0.445572 2.054620
vt 0.444059 2.058208
vt 0.441913 2.051419
vt 0.438589 2.053424
vt 0.440770 2.046383
vt 0.437050 2.046640
vt 0.440254 2.009217
vt 0.443968 2.009033
vt 0.460785 1.769434
vt 0.464459 1.769719
vt 0.462709 1.746957
vt 0.466379 1.747287
vt 1.959527 0.316351
vt 1.961304 0.313127
vt 1.969981 0.322327
vt 1.970971 0.318677
vt 2.047719 0.322644
vt 2.047783 0.318971
vt 2.052468 0.322640
vt 2.052532 0.318968
vt 0.457485 0.319059
vt 0.457413 0.322731
vt 0.451275 0.319059
vt 0.451254 0.322731
vt 0.444059 0.319059
vt 0.444096 0.322731
vt 0.438589 0.319059
vt 0.438672 0.322731
vt 0.545510 0.322640
vt 0.545438 0.318968
vt 0.549617 0.322640
vt 0.549596 0.318968
vt 0.554391 0.322640
vt 0.554428 0.318968
vt 0.558005 0.322640
vt 0.558087 0.318968
vt 2.053424 0.319059
vt 2.053375 0.322731
vt 2.046640 0.319057
vt 2.046614 0.322729
vt 2.009217 0.317175
vt 2.009205 0.320844
vt 1.769516 0.330716
vt 1.769434 0.327070
vt 1.746957 0.333027
vt 1.747822 0.336494
vt -1.051370 0.322640
vt -1.051419 0.318968
vt -1.046356 0.322642
vt -1.046383 0.318969
vt -1.009033 0.317093
vt -1.009021 0.320761
vt -0.769719 0.327019
vt -0.769801 0.330665
vt -0.747287 0.332979
vt -0.748151 0.336446
vt 2.041986 0.323107
vt 2.041986 0.319509
vt 2.046638 0.323107
vt 2.046638 0.319509
vt 2.051563 0.323107
vt 2.051563 0.319509
vt 0.557495 0.319509
vt 0.557495 0.323107
vt 0.553189 0.319509
vt 0.553189 0.323107
vt 0.548186 0.319509
vt 0.548186 0.323107
vt 0.544395 0.319509
vt 0.544395 0.323107
vt -1.043139 0.319509
vt -1.043139 0.323107
vt -1.048064 0.319509
vt -1.048064 0.323107
vt -1.052716 0.319509
vt -1.052716 0.323107
vt 0.454772 0.319509
vt 0.454772 0.323107
vt 0.450467 0.319509
vt 0.450467 0.323107
vt 0.445463 0.319509
vt 0.445463 0.323107
vt 0.441673 0.319509
vt 0.441672 0.323107
vt 2.040359 0.330180
vt 2.046422 0.330180
vt 2.040359 0.331954
vt 2.046422 0.331954
vt 2.052839 0.330180
vt 2.052839 0.331954
vt 0.559355 0.331954
vt 0.553744 0.331954
vt 0.559355 0.330180
vt 0.553744 0.330180
vt 0.547223 0.331954
vt 0.547223 0.330180
vt 0.542283 0.331954
vt 0.542283 0.330180
vt -1.041862 0.331954
vt -1.048280 0.331955
vt -1.041862 0.330180
vt -1.048280 0.330181
vt -1.054342 0.331955
vt -1.054342 0.330181
vt 0.456632 0.331955
vt 0.451021 0.331954
vt 0.456632 0.330181
vt 0.451021 0.330180
vt 0.444500 0.331954
vt 0.444500 0.330180
vt 0.439560 0.331954
vt 0.439560 0.330180
vt 2.042932 0.325574
vt 2.046764 0.325574
vt 2.050819 0.325574
vt 0.556413 0.325574
vt 0.552867 0.325574
vt 0.548746 0.325574
vt 0.545624 0.325574
vt -1.043882 0.325574
vt -1.047937 0.325574
vt -1.051769 0.325574
vt 0.453690 0.325574
vt 0.450144 0.325574
vt 0.446023 0.325574
vt 0.442901 0.325574
vt 0.537291 0.333027
vt 0.537317 0.336494
vt 0.533621 0.332979
vt 0.533646 0.336446
vt 0.527229 0.322928
vt 0.524853 0.321181
vt 0.530166 0.322928
vt 0.533449 0.318354
vt 0.532542 0.321181
vt 0.523945 0.318354
vt -0.971189 0.321181
vt -0.971349 0.318354
vt -0.963373 0.321181
vt -0.963534 0.318354
vt 0.524853 1.963373
vt 0.527229 1.962951
vt 0.526222 1.971189
vt 0.528598 1.970767
vt 0.530166 1.962430
vt 0.531535 1.970246
vt 0.532542 1.962009
vt 0.533911 1.969824
vt 1.969663 0.318354
vt 1.969824 0.321181
vt 1.961848 0.318354
vt 1.962009 0.321181
vt 0.473642 1.959527
vt 0.471870 1.969981
vt 0.469956 1.959527
vt 0.468184 1.969981
vt 0.460121 2.048627
vt 0.456501 2.047719
vt 0.457417 2.055026
vt 0.454494 2.052468
vt 0.451258 2.058749
vt 0.450387 2.054951
vt 0.444101 2.058120
vt 0.445614 2.054531
vt 0.438676 2.053375
vt 0.442000 2.051370
vt 0.437138 2.046614
vt 0.440859 2.046356
vt 0.440337 2.009205
vt 0.444051 2.009021
vt 0.464506 1.769801
vt 0.460832 1.769516
vt 0.466357 1.748151
vt 0.462687 1.747822
vt 1.961304 0.313127
vt 1.970970 0.318677
vt 1.959527 0.316351
vt 2.048691 0.319055
vt 2.048627 0.322727
vt 2.055089 0.319059
vt 2.055026 0.322731
vt 0.530044 1.961304
vt 0.531816 1.970971
vt 0.526358 1.961304
vt 0.528130 1.970970
vt 0.543435 2.047783
vt 0.539815 2.048691
vt 0.545433 2.052532
vt 0.542510 2.055089
vt 0.549591 2.055046
vt 0.548720 2.058844
vt 0.554424 2.054620
vt 0.555937 2.058208
vt 0.558083 2.051419
vt 0.561406 2.053424
vt 0.559225 2.046383
vt 0.562946 2.046640
vt 0.559742 2.009217
vt 0.556027 2.009033
vt 0.539212 1.769434
vt 0.535538 1.769719
vt 0.537287 1.746957
vt 0.533617 1.747287
vt -0.959527 0.316351
vt -0.961304 0.313127
vt -0.970971 0.318677
vt -1.047719 0.322644
vt -1.047783 0.318971
vt -1.052468 0.322640
vt -1.052532 0.318968
vt 0.542510 0.319059
vt 0.548720 0.319059
vt 0.542583 0.322731
vt 0.548742 0.322731
vt 0.555937 0.319059
vt 0.555899 0.322731
vt 0.561406 0.319059
vt 0.561324 0.322731
vt 0.454494 0.322640
vt 0.450387 0.322640
vt 0.454567 0.318968
vt 0.450409 0.318968
vt 0.445614 0.322640
vt 0.445576 0.318968
vt 0.442000 0.322640
vt 0.441917 0.318968
vt -1.053424 0.319059
vt -1.046640 0.319057
vt -1.053375 0.322731
vt -1.046614 0.322729
vt -1.009217 0.317175
vt -1.009205 0.320844
vt -0.769516 0.330716
vt -0.769434 0.327070
vt -0.746957 0.333027
vt -0.747822 0.336494
vt 2.051370 0.322640
vt 2.046356 0.322642
vt 2.051419 0.318968
vt 2.046383 0.318969
vt 2.009033 0.317093
vt 2.009021 0.320761
vt 1.769719 0.327019
vt 1.769801 0.330665
vt 1.747287 0.332979
vt 1.748151 0.336446
vt -1.041986 0.323107
vt -1.046638 0.323107
vt -1.041986 0.319509
vt -1.046638 0.319509
vt -1.051563 0.323107
vt -1.051563 0.319509
vt 0.442510 0.319509
vt 0.446815 0.319509
vt 0.442510 0.323107
vt 0.446815 0.323107
vt 0.451819 0.319509
vt 0.451819 0.323107
vt 0.455609 0.319509
vt 0.455609 0.323107
vt 2.043139 0.319509
vt 2.048064 0.319509
vt 2.043139 0.323107
vt 2.048064 0.323107
vt 2.052716 0.319509
vt 2.052716 0.323107
vt 0.545223 0.319509
vt 0.549529 0.319509
vt 0.545223 0.323107
vt 0.549529 0.323107
vt 0.554532 0.319509
vt 0.554532 0.323107
vt 0.558323 0.319509
vt 0.558323 0.323107
vt -1.040359 0.330180
vt -1.040359 0.331954
vt -1.046422 0.330180
vt -1.046422 0.331954
vt -1.052839 0.330180
vt -1.052839 0.331954
vt 0.440650 0.331954
vt 0.440650 0.330180
vt 0.446261 0.331954
vt 0.446261 0.330180
vt 0.452781 0.331954
vt 0.452781 0.330180
vt 0.457722 0.331954
vt 0.457722 0.330180
vt 2.041862 0.331954
vt 2.041862 0.330180
vt 2.048280 0.331955
vt 2.048280 0.330181
vt 2.054342 0.331955
vt 2.054342 0.330181
vt 0.543364 0.331955
vt 0.543364 0.330181
vt 0.548974 0.331954
vt 0.548974 0.330180
vt 0.555495 0.331954
vt 0.555495 0.330180
vt 0.560435 0.331954
vt 0.560435 0.330180
vt -1.042932 0.325574
vt -1.046764 0.325574
vt -1.050819 0.325574
vt 0.443591 0.325574
vt 0.447137 0.325574
vt 0.451259 0.325574
vt 0.454381 0.325574
vt 2.043882 0.325574
vt 2.047937 0.325574
vt 2.051769 0.325574
vt 0.546305 0.325574
vt 0.549851 0.325574
vt 0.553972 0.325574
vt 0.557094 0.325574
vt 0.466357 0.336446
vt 0.462687 0.336494
vt 0.466383 0.332979
vt 0.462713 0.333027
vt 0.579423 1.835977
vt 0.572216 1.837487
vt 0.575105 1.815139
vt 0.567897 1.816648
vt 0.420574 0.323980
vt 0.427782 0.323909
vt 0.420577 0.326766
vt 0.427784 0.326695
vt 1.815066 0.324796
vt 1.835905 0.323980
vt 1.815139 0.327583
vt 1.835977 0.326766
vt 0.567900 0.324726
vt 0.575107 0.324796
vt 0.567897 0.327512
vt 0.575105 0.327583
vt -0.837414 0.323909
vt -0.816576 0.324726
vt -0.837487 0.326695
vt -0.816648 0.327512
vt 1.833526 0.332024
vt 1.831968 0.332086
vt 1.833263 0.325502
vt 1.831705 0.325564
vt 1.830658 0.332137
vt 1.830395 0.325614
vt 0.423398 0.325502
vt 0.424701 0.325464
vt 0.423408 0.332024
vt 0.424711 0.331987
vt 0.426250 0.325474
vt 0.426260 0.331996
vt -0.833860 0.325474
vt -0.832550 0.325524
vt -0.834123 0.331996
vt -0.832813 0.332047
vt -0.830993 0.325586
vt -0.831255 0.332109
vt 0.573156 0.325586
vt 0.574459 0.325623
vt 0.573146 0.332109
vt 0.574449 0.332146
vt 0.576008 0.325614
vt 0.575998 0.332137
vt 1.833950 0.333288
vt 1.831881 0.333370
vt 1.833899 0.332010
vt 1.831829 0.332093
vt 1.830140 0.333437
vt 1.830088 0.332160
vt 0.422841 0.332010
vt 0.424573 0.331961
vt 0.422843 0.333288
vt 0.424575 0.333238
vt 0.426631 0.331973
vt 0.426633 0.333250
vt -0.834693 0.331973
vt -0.832952 0.332040
vt -0.834744 0.333250
vt -0.833003 0.333317
vt -0.830882 0.332122
vt -0.830933 0.333400
vt 0.572579 0.332122
vt 0.574310 0.332172
vt 0.572577 0.333400
vt 0.574308 0.333449
vt 0.576369 0.332160
vt 0.576367 0.333437
vt 1.821535 0.332494
vt 1.819977 0.332556
vt 1.821272 0.325972
vt 1.819715 0.326033
vt 1.818667 0.332607
vt 1.818405 0.326084
vt 0.425883 0.325972
vt 0.427186 0.325934
vt 0.425893 0.332494
vt 0.427196 0.332457
vt 0.428735 0.325943
vt 0.428745 0.332466
vt -0.821869 0.325943
vt -0.820559 0.325994
vt -0.822132 0.332466
vt -0.820822 0.332517
vt -0.819002 0.326056
vt -0.819265 0.332579
vt 0.570671 0.326056
vt 0.571974 0.326093
vt 0.570661 0.332579
vt 0.571964 0.332616
vt 0.573523 0.326084
vt 0.573513 0.332607
vt 1.821960 0.333758
vt 1.819890 0.333840
vt 1.821908 0.332480
vt 1.819838 0.332563
vt 1.818149 0.333907
vt 1.818097 0.332630
vt 0.425326 0.332480
vt 0.427058 0.332431
vt 0.425328 0.333758
vt 0.427060 0.333708
vt 0.429116 0.332443
vt 0.429118 0.333720
vt -0.822702 0.332443
vt -0.820961 0.332510
vt -0.822753 0.333720
vt -0.821012 0.333787
vt -0.818891 0.332592
vt -0.818943 0.333870
vt 0.570094 0.332592
vt 0.571825 0.332642
vt 0.570092 0.333870
vt 0.571823 0.333919
vt 0.573884 0.332630
vt 0.573882 0.333907
vt 0.432106 1.816648
vt 0.427788 1.837487
vt 0.424899 1.815139
vt 0.420580 1.835977
vt 0.572212 0.326695
vt 0.572215 0.323909
vt 0.579420 0.326766
vt 0.579422 0.323980
vt -0.835977 0.326766
vt -0.835905 0.323980
vt -0.815139 0.327583
vt -0.815066 0.324796
vt 0.424899 0.327583
vt 0.424897 0.324796
vt 0.432106 0.327512
vt 0.432104 0.324726
vt 1.816648 0.327512
vt 1.816576 0.324726
vt 1.837487 0.326695
vt 1.837414 0.323909
vt -0.833526 0.332024
vt -0.833263 0.325502
vt -0.831968 0.332086
vt -0.831705 0.325564
vt -0.830658 0.332137
vt -0.830395 0.325614
vt 0.576598 0.325502
vt 0.576588 0.332024
vt 0.575296 0.325464
vt 0.575285 0.331987
vt 0.573746 0.325474
vt 0.573736 0.331996
vt 1.833860 0.325474
vt 1.834123 0.331996
vt 1.832550 0.325524
vt 1.832813 0.332047
vt 1.830993 0.325586
vt 1.831255 0.332109
vt 0.426848 0.325586
vt 0.426858 0.332109
vt 0.425545 0.325623
vt 0.425555 0.332146
vt 0.423996 0.325614
vt 0.424006 0.332137
vt -0.833950 0.333288
vt -0.833899 0.332010
vt -0.831881 0.333370
vt -0.831829 0.332093
vt -0.830140 0.333437
vt -0.830088 0.332160
vt 0.577155 0.332010
vt 0.577153 0.333288
vt 0.575424 0.331961
vt 0.575421 0.333238
vt 0.573365 0.331973
vt 0.573363 0.333250
vt 1.834693 0.331973
vt 1.834744 0.333250
vt 1.832952 0.332040
vt 1.833003 0.333317
vt 1.830882 0.332122
vt 1.830933 0.333400
vt 0.427425 0.332122
vt 0.427427 0.333400
vt 0.425693 0.332172
vt 0.425695 0.333449
vt 0.423635 0.332160
vt 0.423637 0.333437
vt -0.821535 0.332494
vt -0.821272 0.325972
vt -0.819977 0.332556
vt -0.819715 0.326033
vt -0.818667 0.332607
vt -0.818405 0.326084
vt 0.574113 0.325972
vt 0.574103 0.332494
vt 0.572810 0.325934
vt 0.572800 0.332457
vt 0.571261 0.325943
vt 0.571251 0.332466
vt 1.821869 0.325943
vt 1.822132 0.332466
vt 1.820559 0.325994
vt 1.820822 0.332517
vt 1.819002 0.326056
vt 1.819265 0.332579
vt 0.429333 0.326056
vt 0.429343 0.332579
vt 0.428030 0.326093
vt 0.428040 0.332616
vt 0.426481 0.326084
vt 0.426491 0.332607
vt -0.821960 0.333758
vt -0.821908 0.332480
vt -0.819890 0.333840
vt -0.819838 0.332563
vt -0.818149 0.333907
vt -0.818097 0.332630
vt 0.574670 0.332480
vt 0.574668 0.333758
vt 0.572939 0.332431
vt 0.572937 0.333708
vt 0.570880 0.332443
vt 0.570878 0.333720
vt 1.822702 0.332443
vt 1.822753 0.333720
vt 1.820961 0.332510
vt 1.821012 0.333787
vt 1.818891 0.332592
vt 1.818943 0.333870
vt 0.429910 0.332592
vt 0.429912 0.333870
vt 0.428178 0.332642
vt 0.428180 0.333919
vt 0.426120 0.332630
vt 0.426122 0.333907
vt 0.581873 1.919603
vt 0.595107 1.916941
vt 0.589478 1.957868
vt 0.602712 1.955206
vt 0.410522 0.321144
vt 0.397288 0.321179
vt 0.410535 0.317996
vt 0.397301 0.318031
vt 1.955206 0.321179
vt 1.916941 0.322708
vt 1.955107 0.318031
vt 1.916842 0.319559
vt 0.595107 0.322708
vt 0.581873 0.322672
vt 0.595095 0.319559
vt 0.581860 0.319524
vt -0.919603 0.322672
vt -0.957868 0.321144
vt -0.919503 0.319524
vt -0.957768 0.317996
vt 1.950595 0.326732
vt 1.947745 0.326840
vt 1.950121 0.314775
vt 1.947271 0.314883
vt 1.945331 0.326943
vt 1.944856 0.314985
vt 0.402439 0.314775
vt 0.404841 0.314724
vt 0.402377 0.326732
vt 0.404779 0.326682
vt 0.407676 0.314761
vt 0.407614 0.326718
vt -0.951174 0.314761
vt -0.948760 0.314863
vt -0.951649 0.326718
vt -0.949234 0.326821
vt -0.945909 0.314971
vt -0.946383 0.326929
vt 0.591278 0.314971
vt 0.593679 0.315021
vt 0.591340 0.326929
vt 0.593741 0.326979
vt 0.596515 0.314985
vt 0.596577 0.326943
vt 1.951382 0.329042
vt 1.947592 0.329185
vt 1.951289 0.326700
vt 1.947500 0.326844
vt 1.944384 0.329321
vt 1.944291 0.326980
vt 0.401343 0.326700
vt 0.404535 0.326633
vt 0.401331 0.329042
vt 0.404523 0.328974
vt 0.408303 0.326682
vt 0.408291 0.329023
vt -0.952688 0.326682
vt -0.949479 0.326817
vt -0.952781 0.329023
vt -0.949572 0.329159
vt -0.945691 0.326961
vt -0.945784 0.329303
vt 0.590306 0.326961
vt 0.593498 0.327028
vt 0.590318 0.329303
vt 0.593510 0.329370
vt 0.597266 0.326980
vt 0.597278 0.329321
vt 1.928578 0.327612
vt 1.925726 0.327720
vt 1.928103 0.315654
vt 1.925252 0.315762
vt 1.923312 0.327822
vt 1.922838 0.315864
vt 0.406815 0.315654
vt 0.409216 0.315603
vt 0.406753 0.327612
vt 0.409154 0.327561
vt 0.412052 0.315640
vt 0.411990 0.327598
vt -0.929157 0.315640
vt -0.926742 0.315742
vt -0.929631 0.327598
vt -0.927216 0.327700
vt -0.923891 0.315850
vt -0.924365 0.327808
vt 0.586902 0.315850
vt 0.589304 0.315901
vt 0.586964 0.327808
vt 0.589366 0.327859
vt 0.592139 0.315864
vt 0.592201 0.327822
vt 1.929363 0.329921
vt 1.925575 0.330065
vt 1.929270 0.327579
vt 1.925482 0.327723
vt 1.922366 0.330200
vt 1.922273 0.327859
vt 0.405719 0.327579
vt 0.408911 0.327512
vt 0.405707 0.329921
vt 0.408899 0.329854
vt 0.412679 0.327561
vt 0.412667 0.329902
vt -0.930670 0.327561
vt -0.927461 0.327697
vt -0.930763 0.329902
vt -0.927554 0.330038
vt -0.923673 0.327840
vt -0.923765 0.330182
vt 0.585930 0.327840
vt 0.589122 0.327907
vt 0.585943 0.330182
vt 0.589134 0.330249
vt 0.592890 0.327859
vt 0.592902 0.330200
vt 0.397292 1.955206
vt 0.404897 1.916941
vt 0.410526 1.957868
vt 0.418131 1.919603
vt 0.602695 0.318031
vt 0.602708 0.321179
vt 0.589460 0.317996
vt 0.589473 0.321144
vt -0.916842 0.319559
vt -0.916941 0.322708
vt -0.955107 0.318031
vt -0.955206 0.321179
vt 0.418144 0.319524
vt 0.418131 0.322672
vt 0.404909 0.319559
vt 0.404897 0.322708
vt 1.957768 0.317996
vt 1.957868 0.321144
vt 1.919503 0.319524
vt 1.919603 0.322672
vt -0.950595 0.326732
vt -0.950121 0.314775
vt -0.947745 0.326840
vt -0.947271 0.314883
vt -0.945331 0.326943
vt -0.944856 0.314985
vt 0.597557 0.314775
vt 0.597619 0.326732
vt 0.595155 0.314724
vt 0.595217 0.326682
vt 0.592320 0.314761
vt 0.592382 0.326718
vt 1.951174 0.314761
vt 1.951649 0.326718
vt 1.948760 0.314863
vt 1.949234 0.326821
vt 1.945909 0.314971
vt 1.946383 0.326929
vt 0.408726 0.314971
vt 0.408665 0.326929
vt 0.406325 0.315021
vt 0.406263 0.326979
vt 0.403489 0.314985
vt 0.403427 0.326943
vt -0.951382 0.329042
vt -0.951289 0.326700
vt -0.947592 0.329185
vt -0.947500 0.326844
vt -0.944384 0.329321
vt -0.944291 0.326980
vt 0.598652 0.326700
vt 0.598665 0.329042
vt 0.595460 0.326633
vt 0.595473 0.328974
vt 0.591693 0.326682
vt 0.591705 0.329023
vt 1.952688 0.326682
vt 1.952781 0.329023
vt 1.949479 0.326817
vt 1.949572 0.329159
vt 1.945691 0.326961
vt 1.945784 0.329303
vt 0.409698 0.326961
vt 0.409686 0.329303
vt 0.406506 0.327028
vt 0.406494 0.329370
vt 0.402738 0.326980
vt 0.402726 0.329321
vt -0.928578 0.327612
vt -0.928103 0.315654
vt -0.925726 0.327720
vt -0.925252 0.315762
vt -0.923312 0.327822
vt -0.922838 0.315864
vt 0.593181 0.315654
vt 0.593243 0.327612
vt 0.590780 0.315603
vt 0.590841 0.327561
vt 0.587944 0.315640
vt 0.588006 0.327598
vt 1.929157 0.315640
vt 1.929631 0.327598
vt 1.926742 0.315742
vt 1.927216 0.327700
vt 1.923891 0.315850
vt 1.924365 0.327808
vt 0.413102 0.315850
vt 0.413040 0.327808
vt 0.410700 0.315901
vt 0.410638 0.327859
vt 0.407865 0.315864
vt 0.407803 0.327822
vt -0.929363 0.329921
vt -0.929270 0.327579
vt -0.925575 0.330065
vt -0.925482 0.327723
vt -0.922366 0.330200
vt -0.922273 0.327859
vt 0.594277 0.327579
vt 0.594289 0.329921
vt 0.591085 0.327512
vt 0.591097 0.329854
vt 0.587317 0.327561
vt 0.587329 0.329902
vt 1.930670 0.327561
vt 1.930763 0.329902
vt 1.927461 0.327697
vt 1.927554 0.330038
vt 1.923673 0.327840
vt 1.923765 0.330182
vt 0.414074 0.327840
vt 0.414061 0.330182
vt 0.410882 0.327907
vt 0.410870 0.330249
vt 0.407114 0.327859
vt 0.407102 0.330200
vt 0.526956 1.584055
vt 0.522318 1.561635
vt 0.533858 1.582612
vt 0.529220 1.560191
vt 0.522318 0.344368
vt 0.522312 0.340881
vt 0.529220 0.344478
vt 0.529214 0.340991
vt 1.564868 0.338069
vt 1.560191 0.344478
vt 1.559894 0.340991
vt 1.576911 0.337111
vt 1.582612 0.342693
vt 1.582314 0.339206
vt 0.466142 0.342693
vt 0.466148 0.339206
vt 0.473044 0.342583
vt 0.473049 0.339097
vt -0.578354 0.337001
vt -0.584055 0.342583
vt -0.583758 0.339097
vt -0.561635 0.344368
vt -0.566311 0.337960
vt -0.561337 0.340881
vt 1.578891 0.342990
vt 1.581345 0.342795
vt 1.579978 0.344509
vt 1.581481 0.344389
vt 1.580616 0.347372
vt 1.579468 0.346470
vt 1.577228 0.348580
vt 1.577142 0.347577
vt 1.574325 0.348062
vt 1.574401 0.348952
vt 0.527497 0.342924
vt 0.529426 0.343017
vt 0.527695 0.344443
vt 0.529624 0.344536
vt 0.531667 0.342990
vt 0.531865 0.344509
vt 0.531727 0.346470
vt 0.529531 0.345983
vt 0.527556 0.346399
vt -0.582216 0.342728
vt -0.579764 0.342924
vt -0.582353 0.344323
vt -0.580850 0.344443
vt -0.580340 0.346399
vt -0.581487 0.347301
vt -0.577861 0.347519
vt -0.577947 0.348521
vt -0.574953 0.348907
vt -0.574878 0.348017
vt 0.467823 0.342795
vt 0.469752 0.342702
vt 0.467822 0.344389
vt 0.469751 0.344296
vt 0.471993 0.342728
vt 0.471993 0.344323
vt 0.472222 0.347301
vt 0.470026 0.347788
vt 0.468052 0.347372
vt 0.529842 0.348952
vt 0.528520 0.349374
vt 0.529842 0.348062
vt 0.528519 0.347595
vt 0.527197 0.348907
vt 0.527196 0.348017
vt 0.468273 1.579468
vt 0.469154 1.577142
vt 0.470469 1.579330
vt 0.470874 1.577452
vt 0.472444 1.580340
vt 0.472593 1.577861
vt 0.472804 1.574878
vt 0.471481 1.574563
vt 0.470158 1.574325
vt 0.527778 1.581487
vt 0.527408 1.577947
vt 0.529974 1.581625
vt 0.529127 1.577637
vt 0.531948 1.580616
vt 0.530846 1.577228
vt 0.529842 1.574401
vt 0.528520 1.574716
vt 0.527197 1.574953
vt 1.564484 0.344137
vt 1.563670 0.345807
vt 1.562031 0.344332
vt 1.562167 0.345927
vt 1.563535 0.348809
vt 1.564513 0.347728
vt 1.567232 0.349421
vt 1.567146 0.348418
vt 1.570171 0.348411
vt 1.570248 0.349301
vt 0.475498 0.344071
vt 0.475694 0.345741
vt 0.473256 0.344044
vt 0.473453 0.345714
vt 0.471327 0.344137
vt 0.471524 0.345807
vt 0.471383 0.347728
vt 0.473358 0.347152
vt 0.475553 0.347657
vt -0.562903 0.344266
vt -0.563039 0.345861
vt -0.565356 0.344071
vt -0.564543 0.345741
vt -0.565385 0.347657
vt -0.564407 0.348738
vt -0.567865 0.348360
vt -0.567951 0.349362
vt -0.570801 0.349256
vt -0.570725 0.348366
vt 0.528163 0.344332
vt 0.528164 0.345927
vt 0.525921 0.344359
vt 0.525922 0.345954
vt 0.523992 0.344266
vt 0.523993 0.345861
vt 0.524226 0.348738
vt 0.526201 0.349314
vt 0.528397 0.348809
vt 0.471021 0.349301
vt 0.471022 0.348411
vt 0.472344 0.349723
vt 0.472345 0.347944
vt 0.473667 0.349256
vt 0.473667 0.348366
vt 0.471383 1.564513
vt 0.473358 1.565438
vt 0.471233 1.567146
vt 0.472952 1.567456
vt 0.475553 1.565385
vt 0.474671 1.567865
vt 0.473667 1.570725
vt 0.472345 1.570410
vt 0.471022 1.570171
vt 0.524226 1.564407
vt 0.526201 1.563482
vt 0.525329 1.567951
vt 0.527049 1.567641
vt 0.528397 1.563535
vt 0.528768 1.567232
vt 0.528979 1.570248
vt 0.527656 1.570562
vt 0.526333 1.570801
vt 0.473049 1.583758
vt 0.466148 1.582314
vt 0.474127 1.578354
vt 0.467225 1.576911
vt 0.469717 1.564868
vt 0.470786 1.559894
vt 0.476618 1.566311
vt 0.477688 1.561337
vt 0.470783 1.560191
vt 0.477685 1.561635
vt 0.466145 1.582612
vt 0.473047 1.584055
vt 0.470789 0.340991
vt 0.477691 0.340881
vt 0.470783 0.344478
vt 0.477685 0.344368
vt -0.560191 0.344478
vt -0.564868 0.338069
vt -0.559894 0.340991
vt -0.576911 0.337111
vt -0.582612 0.342693
vt -0.582314 0.339206
vt 0.526948 0.339097
vt 0.533849 0.339206
vt 0.526953 0.342583
vt 0.533855 0.342693
vt 1.584055 0.342583
vt 1.578354 0.337001
vt 1.583758 0.339097
vt 1.561635 0.344368
vt 1.566311 0.337960
vt 1.561337 0.340881
vt -0.578891 0.342990
vt -0.579978 0.344509
vt -0.581345 0.342795
vt -0.581481 0.344389
vt -0.580616 0.347372
vt -0.579468 0.346470
vt -0.577228 0.348580
vt -0.577142 0.347577
vt -0.574325 0.348062
vt -0.574401 0.348952
vt 0.472506 0.342924
vt 0.472308 0.344443
vt 0.470577 0.343017
vt 0.470379 0.344536
vt 0.468336 0.342990
vt 0.468138 0.344509
vt 0.468276 0.346470
vt 0.470472 0.345983
vt 0.472447 0.346399
vt 1.582216 0.342728
vt 1.582353 0.344323
vt 1.579764 0.342924
vt 1.580850 0.344443
vt 1.580340 0.346399
vt 1.581487 0.347301
vt 1.577861 0.347519
vt 1.577947 0.348521
vt 1.574953 0.348907
vt 1.574878 0.348017
vt 0.532174 0.342795
vt 0.532175 0.344389
vt 0.530245 0.342702
vt 0.530246 0.344296
vt 0.528004 0.342728
vt 0.528004 0.344323
vt 0.527775 0.347301
vt 0.529971 0.347788
vt 0.531945 0.347372
vt 0.470161 0.348952
vt 0.470161 0.348062
vt 0.471483 0.349374
vt 0.471484 0.347595
vt 0.472806 0.348907
vt 0.472807 0.348017
vt 0.531724 1.579468
vt 0.529528 1.579330
vt 0.530843 1.577142
vt 0.529123 1.577452
vt 0.527553 1.580340
vt 0.527404 1.577861
vt 0.527193 1.574878
vt 0.528516 1.574563
vt 0.529839 1.574325
vt 0.472225 1.581487
vt 0.470029 1.581625
vt 0.472595 1.577947
vt 0.470876 1.577637
vt 0.468055 1.580616
vt 0.469157 1.577228
vt 0.470161 1.574401
vt 0.471483 1.574716
vt 0.472806 1.574953
vt -0.564484 0.344137
vt -0.562031 0.344332
vt -0.563670 0.345807
vt -0.562167 0.345927
vt -0.563535 0.348809
vt -0.564513 0.347728
vt -0.567232 0.349421
vt -0.567146 0.348418
vt -0.570171 0.348411
vt -0.570248 0.349301
vt 0.524499 0.344071
vt 0.526741 0.344044
vt 0.524303 0.345741
vt 0.526544 0.345714
vt 0.528670 0.344137
vt 0.528473 0.345807
vt 0.528614 0.347728
vt 0.526639 0.347152
vt 0.524444 0.347657
vt 1.562903 0.344266
vt 1.565356 0.344071
vt 1.563039 0.345861
vt 1.564543 0.345741
vt 1.565385 0.347657
vt 1.564407 0.348738
vt 1.567865 0.348360
vt 1.567951 0.349362
vt 1.570801 0.349256
vt 1.570725 0.348366
vt 0.471840 0.344332
vt 0.474082 0.344359
vt 0.471839 0.345927
vt 0.474081 0.345954
vt 0.476011 0.344266
vt 0.476010 0.345861
vt 0.475777 0.348738
vt 0.473802 0.349314
vt 0.471606 0.348809
vt 0.528976 0.349301
vt 0.527653 0.349723
vt 0.528975 0.348411
vt 0.527652 0.347944
vt 0.526330 0.349256
vt 0.526330 0.348366
vt 0.528614 1.564513
vt 0.528764 1.567146
vt 0.526639 1.565438
vt 0.527045 1.567456
vt 0.524444 1.565385
vt 0.525326 1.567865
vt 0.526330 1.570725
vt 0.527652 1.570410
vt 0.528975 1.570171
vt 0.475777 1.564407
vt 0.474674 1.567951
vt 0.473802 1.563482
vt 0.472954 1.567641
vt 0.471606 1.563535
vt 0.471235 1.567232
vt 0.471024 1.570248
vt 0.472347 1.570562
vt 0.473670 1.570801
vt 0.532772 1.576911
vt 0.533849 1.582314
vt 0.525870 1.578354
vt 0.526948 1.583758
vt 0.522309 1.561337
vt 0.529211 1.559894
vt 0.523379 1.566311
vt 0.530280 1.564868
vt 0.493343 1.751405
vt 0.506661 1.751405
vt 0.493343 1.755963
vt 0.506661 1.755963
vt 0.493343 1.760521
vt 0.506661 1.760521
vt 0.506661 0.340624
vt 0.493343 0.340624
vt 0.506661 0.336109
vt 0.493343 0.336109
vt 0.506661 0.331595
vt 0.493343 0.331595
vt 0.493339 1.751405
vt 0.506657 1.751405
vt 0.493339 1.755963
vt 0.506657 1.755963
vt 0.493339 1.760521
vt 0.506657 1.760521
vt 0.493339 0.331595
vt 0.506657 0.331595
vt 0.493339 0.336109
vt 0.506657 0.336109
vt 0.493339 0.340624
vt 0.506657 0.340624
vt -0.748161 0.336109
vt -0.750447 0.341574
vt -0.750447 0.330645
vt -0.761480 0.330645
vt -0.755963 0.328381
vt -0.761480 0.341574
vt -0.755963 0.343838
vt -0.763765 0.336109
vt 1.761480 0.341574
vt 1.755963 0.343838
vt 1.763765 0.336109
vt 1.755963 0.328381
vt 1.761480 0.330645
vt 1.748161 0.336109
vt 1.750446 0.341574
vt 1.750446 0.330645
vt 0.493343 1.761480
vt 0.492029 1.761480
vt 0.492029 1.755963
vt 0.493343 1.750447
vt 0.492029 1.750447
vt 0.507971 0.341574
vt 0.506657 0.341574
vt 0.507971 0.336109
vt 0.507971 0.330645
vt 0.506657 0.330645
vt 0.507971 1.761480
vt 0.506657 1.761480
vt 0.507971 1.755963
vt 0.507971 1.750447
vt 0.506657 1.750447
vt 0.492029 0.330645
vt 0.493343 0.330645
vt 0.492029 0.336109
vt 0.492029 0.341574
vt 0.493343 0.341574
vt 0.507975 0.341574
vt 0.506661 0.341574
vt 0.507975 0.336109
vt 0.507975 0.330645
vt 0.506661 0.330645
vt 0.492025 1.750446
vt 0.493339 1.750446
vt 0.492025 1.755963
vt 0.493339 1.755963
vt 0.492025 1.761480
vt 0.493339 1.761480
vt 0.492025 0.330645
vt 0.493339 0.330645
vt 0.492025 0.336109
vt 0.492025 0.341574
vt 0.493339 0.341574
vt 0.507975 1.761480
vt 0.506661 1.761480
vt 0.507975 1.755963
vt 0.506661 1.755963
vt 0.507975 1.750446
vt 0.506661 1.750447
vt 1.763765 0.336109
vt 1.761480 0.330645
vt 1.750447 0.330645
vt 1.755963 0.328381
vt 1.750447 0.341574
vt 1.755963 0.343838
vt -0.750446 0.330645
vt -0.755963 0.328381
vt -0.763765 0.336109
vt -0.761480 0.330645
vt -0.755963 0.343838
vt -0.761480 0.341574
vt 0.680676 2.411520
vt 0.689195 2.410041
vt 0.684904 2.436171
vt 0.693423 2.434692
vt 0.315096 0.313710
vt 0.306577 0.313710
vt 0.315096 0.312106
vt 0.306577 0.312106
vt 2.434692 0.313710
vt 2.410041 0.313710
vt 2.434692 0.312106
vt 2.410041 0.312106
vt 0.689195 0.313710
vt 0.680676 0.313710
vt 0.689195 0.312106
vt 0.680676 0.312106
vt -1.411520 0.313710
vt -1.436171 0.313710
vt -1.411520 0.312106
vt -1.436171 0.312106
vt 2.431453 0.319771
vt 2.429636 0.319771
vt 2.431453 0.312106
vt 2.429636 0.312106
vt 2.428061 0.319771
vt 2.428061 0.312106
vt 0.309783 0.312106
vt 0.311349 0.312106
vt 0.309783 0.319771
vt 0.311349 0.319771
vt 0.313155 0.312106
vt 0.313155 0.319771
vt -1.432039 0.312106
vt -1.430464 0.312106
vt -1.432039 0.319771
vt -1.430464 0.319771
vt -1.428647 0.312106
vt -1.428647 0.319771
vt 0.686264 0.312106
vt 0.687829 0.312106
vt 0.686264 0.319771
vt 0.687829 0.319771
vt 0.689635 0.312106
vt 0.689635 0.319771
vt 2.431915 0.321272
vt 2.429500 0.321272
vt 2.431915 0.319771
vt 2.429500 0.319771
vt 2.427407 0.321272
vt 2.427407 0.319771
vt 0.309133 0.319771
vt 0.311213 0.319771
vt 0.309133 0.321272
vt 0.311213 0.321272
vt 0.313613 0.319771
vt 0.313613 0.321272
vt -1.432693 0.319771
vt -1.430600 0.319771
vt -1.432693 0.321272
vt -1.430600 0.321272
vt -1.428185 0.319771
vt -1.428185 0.321272
vt 0.685614 0.319771
vt 0.687693 0.319771
vt 0.685614 0.321272
vt 0.687693 0.321272
vt 0.690094 0.319771
vt 0.690094 0.321272
vt 2.417269 0.319771
vt 2.415452 0.319771
vt 2.417269 0.312106
vt 2.415452 0.312106
vt 2.413877 0.319771
vt 2.413877 0.312106
vt 0.312216 0.312106
vt 0.313781 0.312106
vt 0.312216 0.319771
vt 0.313781 0.319771
vt 0.315587 0.312106
vt 0.315587 0.319771
vt -1.417854 0.312106
vt -1.416279 0.312106
vt -1.417854 0.319771
vt -1.416279 0.319771
vt -1.414462 0.312106
vt -1.414462 0.319771
vt 0.683831 0.312106
vt 0.685396 0.312106
vt 0.683831 0.319771
vt 0.685396 0.319771
vt 0.687202 0.312106
vt 0.687202 0.319771
vt 2.417730 0.321272
vt 2.415315 0.321272
vt 2.417730 0.319771
vt 2.415315 0.319771
vt 2.413222 0.321272
vt 2.413222 0.319771
vt 0.311566 0.319771
vt 0.313646 0.319771
vt 0.311566 0.321272
vt 0.313646 0.321272
vt 0.316046 0.319771
vt 0.316046 0.321272
vt -1.418508 0.319771
vt -1.416415 0.319771
vt -1.418508 0.321272
vt -1.416415 0.321272
vt -1.414001 0.319771
vt -1.414001 0.321272
vt 0.683181 0.319771
vt 0.685261 0.319771
vt 0.683181 0.321272
vt 0.685261 0.321272
vt 0.687661 0.319771
vt 0.687661 0.321272
vt 0.735809 2.765701
vt 0.744403 2.764759
vt 0.738504 2.790570
vt 0.747098 2.789627
vt 0.261496 0.313710
vt 0.252902 0.313710
vt 0.261496 0.312106
vt 0.252902 0.312106
vt 2.789627 0.313710
vt 2.764759 0.313710
vt 2.789627 0.312106
vt 2.764759 0.312106
vt 0.744403 0.313710
vt 0.735809 0.313710
vt 0.744403 0.312106
vt 0.735809 0.312106
vt -1.765701 0.313710
vt -1.790570 0.313710
vt -1.765701 0.312106
vt -1.790570 0.312106
vt 2.786194 0.319771
vt 2.784405 0.319771
vt 2.786194 0.312106
vt 2.784405 0.312106
vt 2.782772 0.319771
vt 2.782772 0.312106
vt 0.255901 0.312106
vt 0.257525 0.312106
vt 0.255901 0.319771
vt 0.257525 0.319771
vt 0.259302 0.312106
vt 0.259302 0.319771
vt -1.786567 0.312106
vt -1.784933 0.312106
vt -1.786567 0.319771
vt -1.784933 0.319771
vt -1.783145 0.312106
vt -1.783145 0.319771
vt 0.740327 0.312106
vt 0.741951 0.312106
vt 0.740327 0.319771
vt 0.741951 0.319771
vt 0.743728 0.312106
vt 0.743728 0.319771
vt 2.786695 0.321272
vt 2.784319 0.321272
vt 2.786695 0.319771
vt 2.784319 0.319771
vt 2.782148 0.321272
vt 2.782148 0.319771
vt 0.255281 0.319771
vt 0.257439 0.319771
vt 0.255281 0.321272
vt 0.257439 0.321272
vt 0.259800 0.319771
vt 0.259800 0.321272
vt -1.787191 0.319771
vt -1.785020 0.319771
vt -1.787191 0.321272
vt -1.785020 0.321272
vt -1.782644 0.319771
vt -1.782644 0.321272
vt 0.739707 0.319771
vt 0.741864 0.319771
vt 0.739707 0.321272
vt 0.741864 0.321272
vt 0.744226 0.319771
vt 0.744226 0.321272
vt 2.771884 0.319771
vt 2.770096 0.319771
vt 2.771884 0.312106
vt 2.770096 0.312106
vt 2.768462 0.319771
vt 2.768462 0.312106
vt 0.257452 0.312106
vt 0.259076 0.312106
vt 0.257452 0.319771
vt 0.259076 0.319771
vt 0.260853 0.312106
vt 0.260853 0.319771
vt -1.772257 0.312106
vt -1.770624 0.312106
vt -1.772257 0.319771
vt -1.770624 0.319771
vt -1.768836 0.312106
vt -1.768836 0.319771
vt 0.738776 0.312106
vt 0.740400 0.312106
vt 0.738776 0.319771
vt 0.740400 0.319771
vt 0.742177 0.312106
vt 0.742177 0.319771
vt 2.772386 0.321272
vt 2.770009 0.321272
vt 2.772386 0.319771
vt 2.770009 0.319771
vt 2.767838 0.321272
vt 2.767838 0.319771
vt 0.256832 0.319771
vt 0.258989 0.319771
vt 0.256832 0.321272
vt 0.258989 0.321272
vt 0.261351 0.319771
vt 0.261351 0.321272
vt -1.772882 0.319771
vt -1.770710 0.319771
vt -1.772882 0.321272
vt -1.770710 0.321272
vt -1.768334 0.319771
vt -1.768334 0.321272
vt 0.738156 0.319771
vt 0.740314 0.319771
vt 0.738156 0.321272
vt 0.740314 0.321272
vt 0.742676 0.319771
vt 0.742676 0.321272
vt 0.306583 2.434692
vt 0.310811 2.410041
vt 0.315102 2.436171
vt 0.319330 2.411520
vt 0.693417 0.312106
vt 0.693417 0.313710
vt 0.684898 0.312106
vt 0.684898 0.313710
vt -1.410041 0.312106
vt -1.410041 0.313710
vt -1.434692 0.312106
vt -1.434692 0.313710
vt 0.319330 0.312106
vt 0.319330 0.313710
vt 0.310811 0.312106
vt 0.310811 0.313710
vt 2.436171 0.312106
vt 2.436171 0.313710
vt 2.411520 0.312106
vt 2.411520 0.313710
vt -1.431453 0.319771
vt -1.431453 0.312106
vt -1.429636 0.319771
vt -1.429636 0.312106
vt -1.428061 0.319771
vt -1.428061 0.312106
vt 0.690211 0.312106
vt 0.690211 0.319771
vt 0.688646 0.312106
vt 0.688646 0.319771
vt 0.686840 0.312106
vt 0.686840 0.319771
vt 2.432039 0.312106
vt 2.432039 0.319771
vt 2.430464 0.312106
vt 2.430464 0.319771
vt 2.428647 0.312106
vt 2.428647 0.319771
vt 0.313742 0.312106
vt 0.313742 0.319771
vt 0.312177 0.312106
vt 0.312177 0.319771
vt 0.310371 0.312106
vt 0.310371 0.319771
vt -1.431915 0.321272
vt -1.431915 0.319771
vt -1.429500 0.321272
vt -1.429500 0.319771
vt -1.427407 0.321272
vt -1.427407 0.319771
vt 0.690861 0.319771
vt 0.690861 0.321272
vt 0.688781 0.319771
vt 0.688781 0.321272
vt 0.686381 0.319771
vt 0.686381 0.321272
vt 2.432693 0.319771
vt 2.432693 0.321272
vt 2.430600 0.319771
vt 2.430600 0.321272
vt 2.428185 0.319771
vt 2.428185 0.321272
vt 0.314392 0.319771
vt 0.314392 0.321272
vt 0.312312 0.319771
vt 0.312312 0.321272
vt 0.309912 0.319771
vt 0.309912 0.321272
vt -1.417269 0.319771
vt -1.417269 0.312106
vt -1.415452 0.319771
vt -1.415452 0.312106
vt -1.413877 0.319771
vt -1.413877 0.312106
vt 0.687778 0.312106
vt 0.687778 0.319771
vt 0.686213 0.312106
vt 0.686213 0.319771
vt 0.684407 0.312106
vt 0.684407 0.319771
vt 2.417854 0.312106
vt 2.417854 0.319771
vt 2.416279 0.312106
vt 2.416279 0.319771
vt 2.414462 0.312106
vt 2.414462 0.319771
vt 0.316175 0.312106
vt 0.316175 0.319771
vt 0.314609 0.312106
vt 0.314609 0.319771
vt 0.312803 0.312106
vt 0.312803 0.319771
vt -1.417730 0.321272
vt -1.417730 0.319771
vt -1.415315 0.321272
vt -1.415315 0.319771
vt -1.413222 0.321272
vt -1.413222 0.319771
vt 0.688429 0.319771
vt 0.688429 0.321272
vt 0.686349 0.319771
vt 0.686349 0.321272
vt 0.683948 0.319771
vt 0.683948 0.321272
vt 2.418508 0.319771
vt 2.418508 0.321272
vt 2.416415 0.319771
vt 2.416415 0.321272
vt 2.414001 0.319771
vt 2.414001 0.321272
vt 0.316825 0.319771
vt 0.316825 0.321272
vt 0.314745 0.319771
vt 0.314745 0.321272
vt 0.312345 0.319771
vt 0.312345 0.321272
vt 0.252908 2.789627
vt 0.255603 2.764759
vt 0.261502 2.790570
vt 0.264197 2.765701
vt 0.747092 0.312106
vt 0.747092 0.313710
vt 0.738498 0.312106
vt 0.738498 0.313710
vt -1.764759 0.312106
vt -1.764759 0.313710
vt -1.789627 0.312106
vt -1.789627 0.313710
vt 0.264197 0.312106
vt 0.264197 0.313710
vt 0.255603 0.312106
vt 0.255603 0.313710
vt 2.790570 0.312106
vt 2.790570 0.313710
vt 2.765701 0.312106
vt 2.765701 0.313710
vt -1.786194 0.319771
vt -1.786194 0.312106
vt -1.784406 0.319771
vt -1.784406 0.312106
vt -1.782772 0.319771
vt -1.782772 0.312106
vt 0.744092 0.312106
vt 0.744092 0.319771
vt 0.742469 0.312106
vt 0.742469 0.319771
vt 0.740691 0.312106
vt 0.740691 0.319771
vt 2.786567 0.312106
vt 2.786567 0.319771
vt 2.784933 0.312106
vt 2.784933 0.319771
vt 2.783145 0.312106
vt 2.783145 0.319771
vt 0.259679 0.312106
vt 0.259679 0.319771
vt 0.258056 0.312106
vt 0.258056 0.319771
vt 0.256278 0.312106
vt 0.256278 0.319771
vt -1.786695 0.321272
vt -1.786695 0.319771
vt -1.784319 0.321272
vt -1.784319 0.319771
vt -1.782148 0.321272
vt -1.782148 0.319771
vt 0.744713 0.319771
vt 0.744713 0.321272
vt 0.742555 0.319771
vt 0.742555 0.321272
vt 0.740193 0.319771
vt 0.740193 0.321272
vt 2.787191 0.319771
vt 2.787191 0.321272
vt 2.785020 0.319771
vt 2.785020 0.321272
vt 2.782644 0.319771
vt 2.782644 0.321272
vt 0.260300 0.319771
vt 0.260300 0.321272
vt 0.258142 0.319771
vt 0.258142 0.321272
vt 0.255780 0.319771
vt 0.255780 0.321272
vt -1.771884 0.319771
vt -1.771884 0.312106
vt -1.770096 0.319771
vt -1.770096 0.312106
vt -1.768462 0.319771
vt -1.768462 0.312106
vt 0.742542 0.312106
vt 0.742542 0.319771
vt 0.740918 0.312106
vt 0.740918 0.319771
vt 0.739141 0.312106
vt 0.739141 0.319771
vt 2.772258 0.312106
vt 2.772257 0.319771
vt 2.770624 0.312106
vt 2.770624 0.319771
vt 2.768836 0.312106
vt 2.768836 0.319771
vt 0.261230 0.312106
vt 0.261230 0.319771
vt 0.259606 0.312106
vt 0.259606 0.319771
vt 0.257829 0.312106
vt 0.257829 0.319771
vt -1.772386 0.321272
vt -1.772386 0.319771
vt -1.770009 0.321272
vt -1.770009 0.319771
vt -1.767838 0.321272
vt -1.767838 0.319771
vt 0.743162 0.319771
vt 0.743162 0.321272
vt 0.741004 0.319771
vt 0.741004 0.321272
vt 0.738642 0.319771
vt 0.738642 0.321272
vt 2.772882 0.319771
vt 2.772882 0.321272
vt 2.770710 0.319771
vt 2.770710 0.321272
vt 2.768334 0.319771
vt 2.768334 0.321272
vt 0.261850 0.319771
vt 0.261850 0.321272
vt 0.259693 0.319771
vt 0.259693 0.321272
vt 0.257331 0.319771
vt 0.257331 0.321272
vt 0.500001 1.522689
vt 0.502288 1.523842
vt 0.497715 1.523842
vt 0.503683 1.526580
vt 0.496320 1.526580
vt 0.505205 1.526235
vt 0.494798 1.526235
vt 0.503596 1.530009
vt 0.496407 1.530009
vt 0.505099 1.530389
vt 0.494904 1.530389
vt 0.502194 1.532779
vt 0.503300 1.533944
vt 0.496703 1.533944
vt 0.500001 1.533761
vt 0.500001 1.535420
vt 0.547236 0.337306
vt 0.548830 0.335936
vt 0.547620 0.338385
vt 0.545156 0.337306
vt 0.549801 0.336510
vt 0.544772 0.338385
vt 0.549191 0.333837
vt 0.542590 0.336510
vt 0.550296 0.333637
vt 0.543562 0.335936
vt 0.548151 0.331991
vt 0.542096 0.333637
vt 0.548872 0.331111
vt 0.543200 0.333837
vt 0.546196 0.331262
vt 0.543520 0.331111
vt 0.546196 0.330113
vt 0.544241 0.331991
vt 0.452767 0.337306
vt 0.452383 0.338385
vt 0.451173 0.335936
vt 0.454847 0.337306
vt 0.450202 0.336510
vt 0.455231 0.338385
vt 0.450812 0.333837
vt 0.457413 0.336510
vt 0.449707 0.333637
vt 0.456441 0.335936
vt 0.451852 0.331991
vt 0.457907 0.333637
vt 0.451131 0.331111
vt 0.456803 0.333837
vt 0.453807 0.331262
vt 0.456483 0.331111
vt 0.453807 0.330113
vt 0.455762 0.331991
vt 0.560440 2.052839
vt 0.551361 2.047350
vt 0.561912 2.046422
vt 0.559355 2.040359
vt 0.555500 2.057160
vt 0.553744 2.036967
vt 0.548979 2.057734
vt 0.547223 2.037541
vt 0.543368 2.054342
vt 0.542283 2.041862
vt 0.540810 2.048280
vt 0.448643 2.047350
vt 0.439565 2.052839
vt 0.438092 2.046422
vt 0.440650 2.040359
vt 0.444505 2.057160
vt 0.446261 2.036967
vt 0.451026 2.057734
vt 0.452781 2.037541
vt 0.456636 2.054342
vt 0.457722 2.041862
vt 0.459194 2.048280
vt 0.574866 1.832475
vt 0.576367 1.830140
vt 0.577547 1.831881
vt 0.577157 1.833950
vt 0.574308 1.829747
vt 0.575425 1.835136
vt 0.572577 1.830933
vt 0.573367 1.834744
vt 0.572187 1.833003
vt 0.572380 1.820484
vt 0.573882 1.818149
vt 0.575062 1.819890
vt 0.574672 1.821960
vt 0.571823 1.817756
vt 0.572940 1.823146
vt 0.570092 1.818943
vt 0.570882 1.822753
vt 0.569702 1.821012
vt 0.423637 1.830140
vt 0.425138 1.832475
vt 0.422457 1.831881
vt 0.422847 1.833950
vt 0.425695 1.829747
vt 0.424579 1.835136
vt 0.427427 1.830933
vt 0.426637 1.834744
vt 0.427817 1.833003
vt 0.426122 1.818149
vt 0.427623 1.820484
vt 0.424942 1.819890
vt 0.425332 1.821960
vt 0.428180 1.817756
vt 0.427063 1.823146
vt 0.429912 1.818943
vt 0.429122 1.822753
vt 0.430302 1.821012
vt 0.594501 1.948642
vt 0.597278 1.944384
vt 0.599415 1.947592
vt 0.598669 1.951382
vt 0.593510 1.943634
vt 0.595477 1.953530
vt 0.590318 1.945784
vt 0.591709 1.952781
vt 0.589572 1.949572
vt 0.590125 1.926624
vt 0.592902 1.922366
vt 0.595039 1.925575
vt 0.594293 1.929363
vt 0.589134 1.921616
vt 0.591101 1.931512
vt 0.585943 1.923765
vt 0.587333 1.930763
vt 0.585196 1.927554
vt 0.402726 1.944384
vt 0.405503 1.948642
vt 0.400589 1.947592
vt 0.401335 1.951382
vt 0.406494 1.943634
vt 0.404527 1.953530
vt 0.409686 1.945784
vt 0.408295 1.952781
vt 0.410432 1.949572
vt 0.407102 1.922366
vt 0.409879 1.926624
vt 0.404965 1.925575
vt 0.405711 1.929363
vt 0.410870 1.921616
vt 0.408903 1.931512
vt 0.414061 1.923765
vt 0.412671 1.930763
vt 0.414808 1.927554
vt 0.688240 2.430050
vt 0.690094 2.427407
vt 0.691408 2.429500
vt 0.690867 2.431915
vt 0.687693 2.426862
vt 0.688787 2.433237
vt 0.685614 2.428185
vt 0.686387 2.432693
vt 0.685072 2.430600
vt 0.685807 2.415865
vt 0.687661 2.413222
vt 0.688975 2.415315
vt 0.688434 2.417730
vt 0.685261 2.412678
vt 0.686354 2.419053
vt 0.683181 2.414001
vt 0.683954 2.418508
vt 0.682639 2.416415
vt 0.742213 2.784669
vt 0.744226 2.782148
vt 0.745409 2.784319
vt 0.744719 2.786695
vt 0.741864 2.781454
vt 0.742561 2.787885
vt 0.739707 2.782644
vt 0.740200 2.787191
vt 0.739017 2.785020
vt 0.740662 2.770360
vt 0.742676 2.767838
vt 0.743858 2.770009
vt 0.743168 2.772386
vt 0.740314 2.767144
vt 0.741011 2.773576
vt 0.738156 2.768334
vt 0.738649 2.772882
vt 0.737466 2.770710
vt 0.309912 2.427407
vt 0.311765 2.430050
vt 0.308598 2.429500
vt 0.309139 2.431915
vt 0.312312 2.426862
vt 0.311219 2.433238
vt 0.314392 2.428185
vt 0.313619 2.432693
vt 0.314933 2.430600
vt 0.312345 2.413222
vt 0.314198 2.415866
vt 0.311030 2.415315
vt 0.311571 2.417730
vt 0.314745 2.412678
vt 0.313651 2.419053
vt 0.316825 2.414001
vt 0.316052 2.418508
vt 0.317366 2.416415
vt 0.255780 2.782148
vt 0.257793 2.784669
vt 0.254598 2.784319
vt 0.255287 2.786695
vt 0.258142 2.781454
vt 0.257445 2.787885
vt 0.260300 2.782644
vt 0.259807 2.787191
vt 0.260989 2.785020
vt 0.257331 2.767838
vt 0.259344 2.770360
vt 0.256148 2.770009
vt 0.256838 2.772386
vt 0.259693 2.767144
vt 0.258996 2.773576
vt 0.261850 2.768334
vt 0.261358 2.772882
vt 0.262540 2.770710
vt 0.463386 1.747721
vt 0.465042 1.748086
vt 0.462204 1.749237
vt 0.465484 1.749962
vt 0.460723 1.746205
vt 0.466360 1.747012
vt 0.462638 1.746188
vt 0.468092 1.747834
vt 0.462155 1.743149
vt 0.466346 1.745306
vt 0.463361 1.744645
vt 0.468065 1.744456
vt 0.465423 1.742370
vt 0.465012 1.744252
vt 0.552221 0.334387
vt 0.553468 0.334387
vt 0.550969 0.339316
vt 0.551952 0.340355
vt 0.551952 0.328418
vt 0.546313 0.340438
vt 0.550969 0.329458
vt 0.546314 0.341715
vt 0.546314 0.327058
vt 0.541651 0.339316
vt 0.546313 0.328335
vt 0.540668 0.340355
vt 0.540668 0.328418
vt 0.540398 0.334387
vt 0.541651 0.329458
vt 0.539151 0.334387
vt 0.547847 1.721702
vt 0.548349 1.719817
vt 0.549258 1.725083
vt 0.550548 1.725083
vt 0.547847 1.728465
vt 0.548349 1.730350
vt 0.546017 1.728465
vt 0.539714 1.719817
vt 0.539714 1.730350
vt 0.546017 1.721702
vt 0.544693 1.725083
vt 0.539731 1.725083
vt 0.534749 1.725083
vt 0.533403 1.721702
vt 0.533403 1.728465
vt 0.531029 1.719817
vt 0.531540 1.728465
vt 0.531540 1.721702
vt 0.531029 1.730350
vt 0.528790 1.725083
vt 0.530103 1.725083
vt 0.534513 1.749962
vt 0.534954 1.748086
vt 0.537793 1.749237
vt 0.536611 1.747721
vt 0.533637 1.747012
vt 0.539274 1.746205
vt 0.531905 1.747834
vt 0.537359 1.746188
vt 0.533651 1.745306
vt 0.537842 1.743149
vt 0.531932 1.744456
vt 0.536636 1.744645
vt 0.534985 1.744252
vt 0.534574 1.742370
vt 0.448051 0.340355
vt 0.446535 0.334387
vt 0.449034 0.339316
vt 0.447782 0.334387
vt 0.453690 0.340438
vt 0.448051 0.328418
vt 0.453689 0.341715
vt 0.449034 0.329458
vt 0.458352 0.339316
vt 0.453689 0.327058
vt 0.459335 0.340355
vt 0.453690 0.328335
vt 0.459605 0.334387
vt 0.459335 0.328418
vt 0.460852 0.334387
vt 0.458352 0.329458
vt 0.449456 1.725083
vt 0.451654 1.719817
vt 0.450745 1.725083
vt 0.452156 1.721702
vt 0.452156 1.728465
vt 0.451654 1.730350
vt 0.453987 1.728465
vt 0.460289 1.719817
vt 0.460289 1.730350
vt 0.453987 1.721702
vt 0.455310 1.725083
vt 0.460272 1.725083
vt 0.465254 1.725083
vt 0.466600 1.721702
vt 0.466600 1.728465
vt 0.468974 1.719817
vt 0.468463 1.728465
vt 0.468463 1.721702
vt 0.468974 1.730350
vt 0.471213 1.725083
vt 0.469901 1.725083
vt 0.443510 2.042864
vt 0.441869 2.046755
vt 0.440645 2.040359
vt 0.438088 2.046422
vt 0.446256 2.036967
vt 0.442813 2.050872
vt 0.447110 2.040687
vt 0.439560 2.052839
vt 0.452777 2.037541
vt 0.445983 2.053645
vt 0.451294 2.041056
vt 0.444500 2.057160
vt 0.457717 2.041862
vt 0.450168 2.054013
vt 0.454464 2.043829
vt 0.451021 2.057734
vt 0.459190 2.048280
vt 0.453768 2.051836
vt 0.455409 2.047946
vt 0.456632 2.054342
vt 0.556486 2.042864
vt 0.559350 2.040359
vt 0.558127 2.046755
vt 0.561908 2.046422
vt 0.553739 2.036967
vt 0.557182 2.050872
vt 0.552886 2.040688
vt 0.560435 2.052839
vt 0.547219 2.037541
vt 0.554012 2.053645
vt 0.548701 2.041056
vt 0.555495 2.057160
vt 0.542278 2.041862
vt 0.549828 2.054013
vt 0.545532 2.043829
vt 0.548974 2.057734
vt 0.540806 2.048280
vt 0.546228 2.051836
vt 0.544587 2.047946
vt 0.543364 2.054342
vt 0.423114 1.831968
vt 0.423408 1.833526
vt 0.422451 1.831829
vt 0.422841 1.833899
vt 0.423631 1.830088
vt 0.424711 1.834418
vt 0.424002 1.830658
vt 0.424573 1.835085
vt 0.425690 1.829696
vt 0.426260 1.834123
vt 0.425551 1.830363
vt 0.426631 1.834693
vt 0.427421 1.830882
vt 0.427148 1.832813
vt 0.426854 1.831255
vt 0.427811 1.832952
vt 0.425600 1.819977
vt 0.425893 1.821535
vt 0.424936 1.819838
vt 0.425326 1.821908
vt 0.426116 1.818097
vt 0.427196 1.822427
vt 0.426487 1.818667
vt 0.427058 1.823094
vt 0.428175 1.817705
vt 0.428745 1.822132
vt 0.428036 1.818372
vt 0.429116 1.822702
vt 0.429906 1.818891
vt 0.429633 1.820822
vt 0.429339 1.819265
vt 0.430296 1.820961
vt 0.577155 1.833899
vt 0.576588 1.833526
vt 0.577545 1.831829
vt 0.576882 1.831968
vt 0.575285 1.834418
vt 0.576365 1.830088
vt 0.575424 1.835085
vt 0.575994 1.830658
vt 0.573736 1.834123
vt 0.574307 1.829696
vt 0.573365 1.834693
vt 0.574445 1.830363
vt 0.572848 1.832813
vt 0.572575 1.830882
vt 0.572185 1.832952
vt 0.573142 1.831255
vt 0.574670 1.821908
vt 0.574103 1.821535
vt 0.575060 1.819838
vt 0.574397 1.819977
vt 0.572800 1.822427
vt 0.573880 1.818097
vt 0.572939 1.823094
vt 0.573509 1.818667
vt 0.571251 1.822132
vt 0.571822 1.817705
vt 0.570880 1.822702
vt 0.571960 1.818372
vt 0.570363 1.820822
vt 0.570090 1.818891
vt 0.569700 1.820961
vt 0.570657 1.819265
vt 0.401343 1.951289
vt 0.400597 1.947500
vt 0.402377 1.950595
vt 0.401816 1.947745
vt 0.404779 1.952213
vt 0.402734 1.944291
vt 0.404535 1.953438
vt 0.403423 1.945331
vt 0.407614 1.951649
vt 0.406502 1.943542
vt 0.408303 1.952688
vt 0.406259 1.944767
vt 0.409222 1.949234
vt 0.409694 1.945691
vt 0.410440 1.949479
vt 0.408660 1.946383
vt 0.405719 1.929270
vt 0.404973 1.925482
vt 0.406753 1.928578
vt 0.406191 1.925726
vt 0.409154 1.930195
vt 0.407110 1.922273
vt 0.408911 1.931419
vt 0.407799 1.923312
vt 0.411990 1.929631
vt 0.410878 1.921523
vt 0.412679 1.930670
vt 0.410634 1.922748
vt 0.413598 1.927216
vt 0.414070 1.923673
vt 0.414816 1.927461
vt 0.413036 1.924365
vt 0.598180 1.947745
vt 0.599398 1.947500
vt 0.597619 1.950595
vt 0.598652 1.951289
vt 0.597262 1.944291
vt 0.595217 1.952213
vt 0.596573 1.945331
vt 0.595460 1.953438
vt 0.593494 1.943542
vt 0.592382 1.951649
vt 0.593737 1.944767
vt 0.591693 1.952688
vt 0.590302 1.945691
vt 0.590774 1.949234
vt 0.591335 1.946383
vt 0.589556 1.949479
vt 0.593805 1.925726
vt 0.595023 1.925482
vt 0.593243 1.928578
vt 0.594277 1.929270
vt 0.592886 1.922273
vt 0.590841 1.930195
vt 0.592197 1.923312
vt 0.591085 1.931419
vt 0.589118 1.921523
vt 0.588006 1.929631
vt 0.589362 1.922748
vt 0.587317 1.930670
vt 0.585926 1.923673
vt 0.586398 1.927216
vt 0.586960 1.924365
vt 0.585180 1.927461
vt 0.504026 2.067484
vt 0.506199 2.066221
vt 0.504648 2.069821
vt 0.507157 2.069821
vt 0.503580 2.063586
vt 0.504026 2.072159
vt 0.502325 2.065773
vt 0.506199 2.073421
vt 0.500002 2.062622
vt 0.502325 2.073870
vt 0.500002 2.065146
vt 0.503580 2.076056
vt 0.496424 2.063586
vt 0.500002 2.074497
vt 0.497679 2.065773
vt 0.500002 2.077021
vt 0.493805 2.066221
vt 0.497679 2.073870
vt 0.495978 2.067484
vt 0.496424 2.076056
vt 0.492847 2.069821
vt 0.495978 2.072159
vt 0.495356 2.069821
vt 0.493805 2.073421
vt 0.504026 2.047830
vt 0.506199 2.046568
vt 0.504648 2.050167
vt 0.507157 2.050167
vt 0.503580 2.043932
vt 0.504026 2.052505
vt 0.502325 2.046118
vt 0.506199 2.053767
vt 0.500002 2.042968
vt 0.502325 2.054216
vt 0.500002 2.045492
vt 0.503580 2.056402
vt 0.496424 2.043932
vt 0.500002 2.054842
vt 0.497679 2.046118
vt 0.500002 2.057367
vt 0.493805 2.046568
vt 0.497679 2.054216
vt 0.495978 2.047830
vt 0.496424 2.056402
vt 0.492847 2.050167
vt 0.495978 2.052505
vt 0.495356 2.050167
vt 0.493805 2.053767
vt 0.309133 2.431915
vt 0.308592 2.429500
vt 0.309783 2.431453
vt 0.309376 2.429636
vt 0.311349 2.432448
vt 0.309906 2.427407
vt 0.311213 2.433237
vt 0.310365 2.428061
vt 0.313155 2.432039
vt 0.312307 2.426862
vt 0.313613 2.432693
vt 0.312171 2.427651
vt 0.314144 2.430464
vt 0.314386 2.428185
vt 0.314928 2.430600
vt 0.313736 2.428647
vt 0.311566 2.417730
vt 0.311025 2.415315
vt 0.312216 2.417269
vt 0.311809 2.415452
vt 0.313781 2.418263
vt 0.312339 2.413222
vt 0.313646 2.419053
vt 0.312798 2.413877
vt 0.315587 2.417854
vt 0.314739 2.412678
vt 0.316046 2.418508
vt 0.314604 2.413467
vt 0.316576 2.416279
vt 0.316819 2.414001
vt 0.317361 2.416415
vt 0.316169 2.414462
vt 0.255281 2.786695
vt 0.254591 2.784319
vt 0.255901 2.786194
vt 0.255382 2.784405
vt 0.257525 2.787089
vt 0.255774 2.782148
vt 0.257439 2.787885
vt 0.256272 2.782772
vt 0.259302 2.786567
vt 0.258136 2.781454
vt 0.259800 2.787191
vt 0.258049 2.782250
vt 0.260192 2.784933
vt 0.260293 2.782644
vt 0.260983 2.785020
vt 0.259673 2.783145
vt 0.256832 2.772386
vt 0.256142 2.770009
vt 0.257452 2.771884
vt 0.256933 2.770096
vt 0.259076 2.772779
vt 0.257324 2.767838
vt 0.258989 2.773576
vt 0.257823 2.768462
vt 0.260853 2.772257
vt 0.259686 2.767144
vt 0.261351 2.772882
vt 0.259600 2.767940
vt 0.261743 2.770624
vt 0.261844 2.768334
vt 0.262534 2.770710
vt 0.261224 2.768836
vt 0.690861 2.431915
vt 0.690211 2.431453
vt 0.691402 2.429500
vt 0.690618 2.429636
vt 0.688646 2.432448
vt 0.690088 2.427407
vt 0.688781 2.433238
vt 0.689629 2.428061
vt 0.686840 2.432039
vt 0.687688 2.426862
vt 0.686381 2.432693
vt 0.687823 2.427651
vt 0.685851 2.430464
vt 0.685608 2.428185
vt 0.685067 2.430600
vt 0.686258 2.428647
vt 0.688429 2.417730
vt 0.687778 2.417269
vt 0.688970 2.415315
vt 0.688186 2.415452
vt 0.686213 2.418264
vt 0.687655 2.413222
vt 0.686349 2.419053
vt 0.687197 2.413877
vt 0.684407 2.417854
vt 0.685255 2.412678
vt 0.683948 2.418508
vt 0.685391 2.413467
vt 0.683418 2.416279
vt 0.683175 2.414001
vt 0.682634 2.416415
vt 0.683825 2.414462
vt 0.744713 2.786695
vt 0.744092 2.786194
vt 0.745402 2.784319
vt 0.744611 2.784406
vt 0.742469 2.787089
vt 0.744220 2.782148
vt 0.742555 2.787885
vt 0.743722 2.782772
vt 0.740691 2.786567
vt 0.741858 2.781454
vt 0.740193 2.787191
vt 0.741944 2.782250
vt 0.739802 2.784933
vt 0.739700 2.782644
vt 0.739011 2.785020
vt 0.740321 2.783145
vt 0.743162 2.772386
vt 0.742542 2.771884
vt 0.743852 2.770009
vt 0.743061 2.770096
vt 0.740918 2.772779
vt 0.742669 2.767838
vt 0.741004 2.773576
vt 0.742171 2.768462
vt 0.739141 2.772257
vt 0.740307 2.767144
vt 0.738642 2.772882
vt 0.740394 2.767940
vt 0.738251 2.770624
vt 0.738150 2.768334
vt 0.737460 2.770710
vt 0.738770 2.768836
vt 0.537084 1.748323
vt 0.537765 1.749234
vt 0.534782 1.748831
vt 0.534485 1.749959
vt 0.539246 1.746202
vt 0.532952 1.747338
vt 0.538123 1.746195
vt 0.531877 1.747831
vt 0.537814 1.743146
vt 0.532971 1.744967
vt 0.537118 1.744051
vt 0.531904 1.744453
vt 0.534546 1.742367
vt 0.534825 1.743504
vt 0.465518 1.749959
vt 0.462238 1.749234
vt 0.465221 1.748831
vt 0.462919 1.748323
vt 0.467051 1.747338
vt 0.460757 1.746202
vt 0.468126 1.747831
vt 0.461880 1.746195
vt 0.467032 1.744967
vt 0.462189 1.743146
vt 0.468099 1.744453
vt 0.462885 1.744051
vt 0.465178 1.743504
vt 0.465457 1.742367
vt 0.495352 2.069821
vt 0.492843 2.069821
vt 0.495974 2.067484
vt 0.493801 2.066221
vt 0.493801 2.073421
vt 0.497675 2.065773
vt 0.495974 2.072159
vt 0.496420 2.063586
vt 0.496420 2.076056
vt 0.499998 2.065146
vt 0.497675 2.073870
vt 0.499998 2.062622
vt 0.499998 2.077021
vt 0.502321 2.065773
vt 0.499998 2.074497
vt 0.503576 2.063586
vt 0.503576 2.076056
vt 0.504022 2.067484
vt 0.502321 2.073870
vt 0.506195 2.066221
vt 0.506195 2.073421
vt 0.504644 2.069821
vt 0.504022 2.072159
vt 0.507153 2.069821
vt 0.495352 2.050167
vt 0.492843 2.050167
vt 0.495974 2.047830
vt 0.493801 2.046568
vt 0.493801 2.053767
vt 0.497675 2.046118
vt 0.495974 2.052505
vt 0.496420 2.043932
vt 0.496420 2.056402
vt 0.499998 2.045492
vt 0.497675 2.054216
vt 0.499998 2.042968
vt 0.499998 2.057367
vt 0.502321 2.046118
vt 0.499998 2.054842
vt 0.503576 2.043932
vt 0.503576 2.056402
vt 0.504022 2.047830
vt 0.502321 2.054216
vt 0.506195 2.046568
vt 0.506195 2.053767
vt 0.504644 2.050167
vt 0.504022 2.052505
vt 0.507153 2.050167
vt 0.761448 2.981371
vt 0.756667 2.981371
vt 0.761328 2.898273
vt 0.756549 2.898406
vt 0.753241 2.789075
vt 0.748487 2.789435
vt 0.739907 2.676758
vt 0.735191 2.677310
vt 0.715894 2.524518
vt 0.711230 2.525211
vt 0.688672 2.372323
vt 0.684050 2.373066
vt 0.661388 2.220160
vt 0.656807 2.220931
vt 0.632973 2.068000
vt 0.628439 2.068832
vt 0.602290 1.915829
vt 0.597797 1.916715
vt 0.586620 1.839746
vt 0.582145 1.840655
vt 0.570804 1.763665
vt 0.566344 1.764599
vt 0.560359 1.714993
vt 0.556682 1.719553
vt 0.537977 1.714992
vt 0.537392 1.719552
vt 0.530599 1.713049
vt 0.528406 1.717186
vt 0.524494 1.707675
vt 0.520834 1.710521
vt 0.520296 1.699394
vt 0.515905 1.700798
vt 0.518814 1.689443
vt 0.514215 1.689436
vt 0.520319 1.679583
vt 0.515936 1.678168
vt 0.524535 1.671317
vt 0.520885 1.668467
vt 0.530643 1.665968
vt 0.528463 1.661831
vt 0.537924 1.664082
vt 0.537343 1.659531
vt 0.549519 1.664081
vt 0.543960 1.659530
vt 0.539388 1.614038
vt 0.534939 1.614949
vt 0.529727 1.566949
vt 0.525289 1.567906
vt 0.523313 1.538157
vt 0.518897 1.539203
vt 0.521462 1.530332
vt 0.517046 1.531381
vt 0.516685 1.511352
vt 0.512381 1.512845
vt 0.514351 1.506360
vt 0.510676 1.509216
vt 0.507580 1.500938
vt 0.505535 1.505100
vt 0.500001 1.499102
vt 0.500001 1.503760
vt 0.492423 1.500938
vt 0.494468 1.505100
vt 0.485652 1.506360
vt 0.489327 1.509216
vt 0.483318 1.511352
vt 0.487622 1.512845
vt 0.478541 1.530332
vt 0.482956 1.531381
vt 0.476690 1.538157
vt 0.481106 1.539203
vt 0.470276 1.566950
vt 0.474714 1.567906
vt 0.460615 1.614038
vt 0.465064 1.614949
vt 0.450485 1.664081
vt 0.456044 1.659530
vt 0.462080 1.664082
vt 0.462660 1.659531
vt 0.469360 1.665968
vt 0.471540 1.661831
vt 0.475469 1.671317
vt 0.479118 1.668467
vt 0.479685 1.679583
vt 0.484068 1.678168
vt 0.481189 1.689443
vt 0.485789 1.689436
vt 0.479708 1.699394
vt 0.484098 1.700798
vt 0.475509 1.707675
vt 0.479169 1.710521
vt 0.469404 1.713049
vt 0.471598 1.717186
vt 0.462027 1.714992
vt 0.462611 1.719552
vt 0.439645 1.714993
vt 0.443322 1.719553
vt 0.429200 1.763665
vt 0.433659 1.764599
vt 0.413383 1.839746
vt 0.417859 1.840656
vt 0.397714 1.915829
vt 0.402207 1.916715
vt 0.367031 2.068000
vt 0.371566 2.068832
vt 0.338617 2.220160
vt 0.343198 2.220931
vt 0.311334 2.372323
vt 0.315955 2.373066
vt 0.284111 2.524518
vt 0.288776 2.525211
vt 0.260099 2.676759
vt 0.264815 2.677310
vt 0.246766 2.789075
vt 0.251520 2.789436
vt 0.238679 2.898273
vt 0.243458 2.898406
vt 0.238559 2.981371
vt 0.243340 2.981371
vt 2.981371 0.310096
vt 2.981371 0.314618
vt 2.898273 0.310096
vt 2.898273 0.314618
vt 2.789075 0.310096
vt 2.789075 0.314618
vt 2.676758 0.310096
vt 2.676758 0.314618
vt 2.524518 0.310096
vt 2.524518 0.314618
vt 2.372323 0.310096
vt 2.372323 0.314618
vt 2.220118 0.310096
vt 2.220160 0.314618
vt 2.067878 0.312933
vt 2.068000 0.317453
vt 1.915654 0.318429
vt 1.915829 0.322948
vt 1.839545 0.321645
vt 1.839746 0.326163
vt 1.763431 0.325334
vt 1.763665 0.329850
vt 1.714785 0.328106
vt 1.714993 0.332624
vt 0.243333 2.981371
vt 0.238552 2.981371
vt 0.243451 2.898407
vt 0.238672 2.898273
vt 0.251513 2.789435
vt 0.246759 2.789075
vt 0.264809 2.677310
vt 0.260093 2.676758
vt 0.288770 2.525211
vt 0.284106 2.524518
vt 0.315950 2.373066
vt 0.311328 2.372323
vt 0.343201 2.220889
vt 0.338620 2.220118
vt 0.371583 2.068710
vt 0.367049 2.067878
vt 0.402235 1.916541
vt 0.397742 1.915654
vt 0.417892 1.840454
vt 0.413417 1.839545
vt 0.433699 1.764365
vt 0.429240 1.763431
vt 0.443363 1.719346
vt 0.439686 1.714785
vt 0.462609 1.719347
vt 0.462025 1.714786
vt 0.471616 1.716976
vt 0.469422 1.712840
vt 0.479214 1.710289
vt 0.475554 1.707442
vt 0.484157 1.700539
vt 0.479766 1.699134
vt 0.485851 1.689151
vt 0.481252 1.689157
vt 0.484126 1.677857
vt 0.479743 1.679272
vt 0.479164 1.668129
vt 0.475514 1.670979
vt 0.471558 1.661469
vt 0.469378 1.665606
vt 0.462658 1.659166
vt 0.462077 1.663716
vt 0.456101 1.659167
vt 0.450543 1.663718
vt 0.465101 1.614611
vt 0.460652 1.613700
vt 0.474763 1.567507
vt 0.470325 1.566551
vt 0.481323 1.538044
vt 0.476906 1.536997
vt 0.483179 1.530222
vt 0.478763 1.529173
vt 0.487877 1.511692
vt 0.483573 1.510198
vt 0.489206 1.508674
vt 0.485531 1.505818
vt 0.494399 1.504516
vt 0.492355 1.500354
vt 0.499999 1.503159
vt 0.499999 1.498502
vt 0.505598 1.504516
vt 0.507643 1.500354
vt 0.510791 1.508674
vt 0.514466 1.505818
vt 0.512120 1.511692
vt 0.516424 1.510198
vt 0.516818 1.530222
vt 0.521234 1.529173
vt 0.518675 1.538044
vt 0.523091 1.536997
vt 0.525234 1.567507
vt 0.529671 1.566551
vt 0.534896 1.614611
vt 0.539345 1.613700
vt 0.543895 1.659167
vt 0.549454 1.663718
vt 0.537339 1.659166
vt 0.537919 1.663716
vt 0.528438 1.661469
vt 0.530619 1.665606
vt 0.520833 1.668129
vt 0.524483 1.670979
vt 0.515871 1.677857
vt 0.520254 1.679272
vt 0.514146 1.689150
vt 0.518745 1.689157
vt 0.515840 1.700539
vt 0.520230 1.699134
vt 0.520782 1.710289
vt 0.524442 1.707442
vt 0.528380 1.716976
vt 0.530574 1.712840
vt 0.537388 1.719347
vt 0.537972 1.714787
vt 0.556633 1.719346
vt 0.560310 1.714785
vt 0.566297 1.764365
vt 0.570756 1.763431
vt 0.582104 1.840454
vt 0.586579 1.839545
vt 0.597761 1.916541
vt 0.602254 1.915654
vt 0.628412 2.068710
vt 0.632947 2.067878
vt 0.656795 2.220889
vt 0.661375 2.220118
vt 0.684045 2.373066
vt 0.688666 2.372323
vt 0.711224 2.525210
vt 0.715889 2.524518
vt 0.735185 2.677310
vt 0.739901 2.676759
vt 0.748480 2.789435
vt 0.753234 2.789075
vt 0.756542 2.898406
vt 0.761321 2.898274
vt 0.756660 2.981371
vt 0.761441 2.981371
vt -1.981371 0.314618
vt -1.981371 0.310096
vt -1.898406 0.314618
vt -1.898407 0.310096
vt -1.789435 0.314618
vt -1.789435 0.310096
vt -1.677310 0.314618
vt -1.677310 0.310096
vt -1.525211 0.314618
vt -1.525211 0.310096
vt -1.373066 0.314618
vt -1.373066 0.310095
vt -1.220931 0.314618
vt -1.220889 0.310095
vt -1.068832 0.317452
vt -1.068710 0.312932
vt -0.916715 0.322945
vt -0.916541 0.318426
vt -0.840655 0.326159
vt -0.840454 0.321641
vt -0.764599 0.329845
vt -0.764365 0.325329
vt -0.719553 0.332418
vt -0.719346 0.327901
vt 0.560314 0.328106
vt 0.560359 0.332624
vt 0.537975 0.328105
vt 0.537977 0.332623
vt 0.530578 0.328195
vt 0.530599 0.332712
vt 0.524446 0.328504
vt 0.524494 0.333020
vt 0.443318 0.332418
vt 0.443363 0.327901
vt 0.462608 0.332420
vt 0.462609 0.327902
vt 0.471594 0.332530
vt 0.471616 0.328012
vt 0.479166 0.332912
vt 0.479214 0.328396
vt 1.707442 0.328504
vt 1.707675 0.333020
vt 1.699134 0.329002
vt 1.699394 0.333516
vt 1.689157 0.329615
vt 1.689443 0.334128
vt 1.679272 0.330235
vt 1.679583 0.334746
vt 1.670979 0.330767
vt 1.671317 0.335277
vt -0.710521 0.332912
vt -0.710289 0.328396
vt -0.700798 0.333495
vt -0.700539 0.328980
vt -0.689436 0.334193
vt -0.689151 0.329680
vt -0.678168 0.334899
vt -0.677857 0.330388
vt -0.668467 0.335522
vt -0.668129 0.331012
vt 0.475514 0.330767
vt 0.475465 0.335277
vt 0.469378 0.331126
vt 0.469357 0.335634
vt 0.462077 0.331274
vt 0.462076 0.335782
vt 0.450543 0.331276
vt 0.450481 0.335783
vt 0.520885 0.335522
vt 0.520836 0.331012
vt 0.528463 0.335965
vt 0.528442 0.331457
vt 0.537343 0.336144
vt 0.537342 0.331637
vt 0.543960 0.336143
vt 0.543899 0.331635
vt 1.663718 0.331276
vt 1.664081 0.335783
vt 1.613700 0.334691
vt 1.614038 0.339201
vt 1.566551 0.338596
vt 1.566949 0.343100
vt 1.536997 0.341435
vt 1.538157 0.345867
vt 1.529173 0.343533
vt 1.530332 0.347965
vt 1.510198 0.352207
vt 1.511352 0.356638
vt 1.505818 0.352682
vt 1.506360 0.357171
vt -0.659530 0.336143
vt -0.659167 0.331635
vt -0.614949 0.339173
vt -0.614611 0.334663
vt -0.567906 0.343069
vt -0.567507 0.338564
vt -0.539203 0.345824
vt -0.538044 0.341393
vt -0.531381 0.347928
vt -0.530222 0.343496
vt -0.512845 0.356433
vt -0.511692 0.352002
vt -0.509216 0.356745
vt -0.508674 0.352256
vt 0.514469 0.352682
vt 0.514351 0.357171
vt 0.507645 0.353219
vt 0.507580 0.357704
vt 0.500001 0.353401
vt 0.500001 0.357884
vt 0.492357 0.353219
vt 0.492423 0.357704
vt 0.485534 0.352682
vt 0.485652 0.357171
vt 0.489324 0.356745
vt 0.489206 0.352256
vt 0.494465 0.357149
vt 0.494399 0.352665
vt 0.499999 0.357281
vt 0.499999 0.352797
vt 0.505532 0.357149
vt 0.505598 0.352665
vt 0.510673 0.356745
vt 0.510791 0.352256
vt -0.505818 0.352682
vt -0.506360 0.357171
vt -0.510198 0.352207
vt -0.511352 0.356638
vt -0.529173 0.343533
vt -0.530332 0.347965
vt -0.536997 0.341435
vt -0.538157 0.345867
vt -0.566551 0.338596
vt -0.566950 0.343100
vt -0.613700 0.334691
vt -0.614038 0.339201
vt -0.663718 0.331276
vt -0.664081 0.335783
vt 1.509216 0.356745
vt 1.508674 0.352256
vt 1.512845 0.356433
vt 1.511692 0.352002
vt 1.531381 0.347928
vt 1.530222 0.343496
vt 1.539203 0.345824
vt 1.538044 0.341392
vt 1.567906 0.343069
vt 1.567507 0.338564
vt 1.614949 0.339173
vt 1.614611 0.334663
vt 1.659530 0.336143
vt 1.659167 0.331635
vt 0.549454 0.331276
vt 0.549515 0.335783
vt 0.537919 0.331274
vt 0.537920 0.335782
vt 0.530619 0.331126
vt 0.530640 0.335634
vt 0.524483 0.330767
vt 0.524531 0.335277
vt 0.456044 0.336143
vt 0.456105 0.331635
vt 0.462660 0.336144
vt 0.462661 0.331637
vt 0.471540 0.335965
vt 0.471562 0.331457
vt 0.479118 0.335522
vt 0.479167 0.331012
vt -0.670979 0.330767
vt -0.671317 0.335277
vt -0.679272 0.330235
vt -0.679583 0.334746
vt -0.689157 0.329615
vt -0.689443 0.334128
vt -0.699134 0.329002
vt -0.699394 0.333516
vt -0.707442 0.328504
vt -0.707675 0.333020
vt 1.668467 0.335522
vt 1.668129 0.331012
vt 1.678168 0.334899
vt 1.677857 0.330388
vt 1.689436 0.334193
vt 1.689150 0.329680
vt 1.700798 0.333494
vt 1.700539 0.328980
vt 1.710521 0.332912
vt 1.710289 0.328396
vt 0.475558 0.328504
vt 0.475509 0.333020
vt 0.469426 0.328195
vt 0.469404 0.332712
vt 0.462028 0.328105
vt 0.462027 0.332623
vt 0.439690 0.328106
vt 0.439645 0.332624
vt 0.520831 0.332912
vt 0.520782 0.328396
vt 0.528402 0.332529
vt 0.528380 0.328012
vt 0.537389 0.332420
vt 0.537388 0.327902
vt 0.556678 0.332418
vt 0.556633 0.327901
vt -0.714785 0.328106
vt -0.714993 0.332624
vt -0.763431 0.325334
vt -0.763665 0.329850
vt -0.839545 0.321645
vt -0.839746 0.326162
vt -0.915654 0.318429
vt -0.915829 0.322948
vt -1.067878 0.312933
vt -1.068000 0.317453
vt -1.220118 0.310095
vt -1.220160 0.314618
vt -1.372323 0.310095
vt -1.372323 0.314618
vt -1.524518 0.310096
vt -1.524518 0.314618
vt -1.676759 0.310096
vt -1.676759 0.314618
vt -1.789075 0.310096
vt -1.789075 0.314618
vt -1.898274 0.310096
vt -1.898273 0.314618
vt -1.981371 0.310096
vt -1.981371 0.314618
vt 1.719553 0.332418
vt 1.719346 0.327901
vt 1.764599 0.329845
vt 1.764365 0.325329
vt 1.840656 0.326159
vt 1.840454 0.321641
vt 1.916715 0.322945
vt 1.916541 0.318426
vt 2.068832 0.317452
vt 2.068710 0.312932
vt 2.220931 0.314618
vt 2.220889 0.310096
vt 2.373066 0.314618
vt 2.373066 0.310096
vt 2.525211 0.314618
vt 2.525210 0.310095
vt 2.677310 0.314618
vt 2.677310 0.310096
vt 2.789436 0.314618
vt 2.789435 0.310096
vt 2.898406 0.314618
vt 2.898406 0.310096
vt 0.545015 2.096136
vt 0.543892 2.098726
vt 0.500002 2.096136
vt 0.500002 2.098726
vt 0.456112 2.098726
vt 0.454990 2.096136
vt 0.456116 0.308749
vt 0.499998 0.308749
vt 0.456108 0.327411
vt 0.499998 0.327412
vt 0.543888 0.327411
vt 0.543880 0.308749
vt 0.636247 2.157413
vt 0.635629 2.159307
vt 0.643686 0.308749
vt 0.636247 0.322019
vt 0.545006 0.308749
vt 0.545015 0.327411
vt 0.364371 0.322013
vt 0.356938 0.308749
vt 2.157413 0.322019
vt 2.159843 0.308749
vt 2.159307 0.322013
vt 2.161743 0.308749
vt 0.500002 0.308750
vt 0.500002 0.327412
vt 0.454990 0.327411
vt 0.454999 0.308749
vt 0.364376 2.159307
vt 0.363758 2.157413
vt 0.363758 0.322019
vt 0.356319 0.308749
vt 0.643058 0.308749
vt 0.635624 0.322013
vt -1.161743 0.308749
vt -1.159843 0.308749
vt -1.159307 0.322013
vt -1.157413 0.322019
vt 2.097169 0.325411
vt 2.094384 0.308749
vt 2.120587 0.318493
vt 2.120587 0.308749
vt -1.094384 0.308749
vt -1.097170 0.325411
vt -1.120552 0.308749
vt -1.120552 0.318493
vt 0.538733 0.318493
vt 0.538733 0.308749
vt 0.540285 0.318493
vt 0.540285 0.308749
vt 0.461313 2.097169
vt 0.461267 2.120587
vt 0.459763 2.097170
vt 0.459715 2.120552
vt -1.120587 0.308749
vt -1.094383 0.308749
vt -1.120587 0.318493
vt -1.097169 0.325411
vt 2.120552 0.318493
vt 2.097169 0.325411
vt 2.120551 0.308749
vt 2.094383 0.308749
vt 0.459712 0.308749
vt 0.461264 0.308749
vt 0.459712 0.318493
vt 0.461264 0.318493
vt 0.540288 2.120552
vt 0.538736 2.120587
vt 0.540239 2.097169
vt 0.538689 2.097169
vt 0.566953 2.129513
vt 0.583144 2.129513
vt 0.566986 2.138957
vt 0.583185 2.138957
vt 2.138957 0.308790
vt 2.138957 0.324258
vt 2.129513 0.308790
vt 2.129513 0.324258
vt 0.433014 0.308790
vt 0.433014 0.324258
vt 0.416815 0.308790
vt 0.416815 0.324258
vt -1.129513 0.308790
vt -1.129513 0.324258
vt -1.138957 0.308790
vt -1.138957 0.324258
vt 0.583144 0.308790
vt 0.583144 0.324258
vt 0.566953 0.308790
vt 0.566953 0.324258
vt 0.416820 2.138957
vt 0.416861 2.129513
vt 0.433019 2.138957
vt 0.433052 2.129513
vt -1.129513 0.324258
vt -1.138957 0.324257
vt -1.129513 0.308790
vt -1.138957 0.308790
vt 0.583180 0.324257
vt 0.566981 0.324258
vt 0.583180 0.308790
vt 0.566981 0.308790
vt 2.138957 0.324258
vt 2.129513 0.324258
vt 2.138957 0.308790
vt 2.129513 0.308790
vt 0.433052 0.324258
vt 0.416861 0.324258
vt 0.433052 0.308790
vt 0.416861 0.308790
vt 0.525718 0.320844
vt 0.525531 0.318354
vt 0.529895 0.320844
vt 0.529708 0.318354
vt -0.956890 0.318354
vt -0.957954 0.320844
vt -0.962832 0.318354
vt -0.963490 0.319893
vt -0.960987 0.322954
vt -0.965364 0.321197
vt -0.971705 0.318354
vt -0.968168 0.322069
vt -0.971476 0.322375
vt 1.960245 0.322954
vt 1.957214 0.320844
vt 1.963424 0.321197
vt 1.961550 0.319893
vt 1.956148 0.318354
vt 1.960892 0.318354
vt 1.969307 0.318354
vt 1.966228 0.322069
vt 1.969536 0.322375
vt 0.529895 1.957214
vt 0.530426 1.960245
vt 0.525718 1.957954
vt 0.526249 1.960987
vt 0.531221 1.964783
vt 0.534958 1.966228
vt 0.534467 1.963424
vt 0.535538 1.969536
vt 0.532159 1.970136
vt 0.527045 1.965524
vt 0.523532 1.965364
vt 0.527983 1.970877
vt 0.524024 1.968168
vt 0.524604 1.971476
vt 0.474681 0.318354
vt 0.476687 0.318354
vt 0.473773 0.321181
vt 0.475396 0.322375
vt 0.471398 0.322928
vt 0.472017 0.324859
vt 0.468461 0.322928
vt 0.467841 0.324859
vt 0.466085 0.321181
vt 0.464462 0.322375
vt 0.465177 0.318354
vt 0.463171 0.318354
vt 0.536995 2.037046
vt 0.563731 2.034693
vt 0.538992 2.060010
vt 0.565728 2.057656
vt 0.434272 0.318972
vt 0.434272 0.315333
vt 0.461008 0.318972
vt 0.461008 0.315333
vt 2.057656 0.318972
vt 2.034693 0.318972
vt 2.057656 0.315333
vt 2.034693 0.315333
vt 0.536995 0.315333
vt 0.563731 0.315333
vt 0.536995 0.318972
vt 0.563731 0.318972
vt -1.060010 0.318972
vt -1.060010 0.315333
vt -1.037046 0.318972
vt -1.037046 0.315333
vt 0.470296 0.318354
vt 0.474473 0.318354
vt 0.470109 0.320844
vt 0.474286 0.320844
vt 1.956890 0.318354
vt 1.962832 0.318354
vt 1.957954 0.320844
vt 1.963490 0.319893
vt 1.960987 0.322954
vt 1.965364 0.321197
vt 1.971706 0.318354
vt 1.968168 0.322069
vt 1.971476 0.322375
vt -0.960245 0.322954
vt -0.963424 0.321197
vt -0.957214 0.320844
vt -0.961550 0.319893
vt -0.956149 0.318354
vt -0.960892 0.318354
vt -0.969307 0.318354
vt -0.966228 0.322069
vt -0.969536 0.322375
vt 0.470109 1.957214
vt 0.474286 1.957954
vt 0.469578 1.960245
vt 0.473755 1.960987
vt 0.468783 1.964783
vt 0.465046 1.966228
vt 0.465537 1.963424
vt 0.464466 1.969536
vt 0.467845 1.970136
vt 0.472960 1.965524
vt 0.476472 1.965364
vt 0.472022 1.970877
vt 0.475980 1.968168
vt 0.475401 1.971476
vt 0.525315 0.318354
vt 0.526222 0.321181
vt 0.523309 0.318354
vt 0.524599 0.322375
vt 0.528598 0.322928
vt 0.527978 0.324859
vt 0.531535 0.322928
vt 0.532155 0.324859
vt 0.533911 0.321181
vt 0.535534 0.322375
vt 0.534819 0.318354
vt 0.536825 0.318354
vt 0.434277 2.057656
vt 0.436273 2.034693
vt 0.461013 2.060010
vt 0.463009 2.037046
vt 0.538987 0.315333
vt 0.565723 0.315333
vt 0.538987 0.318972
vt 0.565723 0.318972
vt -1.034693 0.315333
vt -1.034693 0.318972
vt -1.057656 0.315333
vt -1.057656 0.318972
vt 0.436273 0.318972
vt 0.436273 0.315333
vt 0.463009 0.318972
vt 0.463009 0.315333
vt 2.037046 0.315333
vt 2.060010 0.315333
vt 2.037046 0.318972
vt 2.060010 0.318972
vt 2.066221 0.322932
vt 2.066221 0.313969
vt 2.069821 0.322932
vt 2.069821 0.313969
vt 2.073421 0.322932
vt 2.073421 0.313969
vt 0.506199 0.313969
vt 0.506199 0.322932
vt 0.503580 0.313969
vt 0.503580 0.322932
vt 0.500002 0.313969
vt 0.500002 0.322932
vt 0.496424 0.313969
vt 0.496424 0.322932
vt 0.493805 0.313969
vt 0.493805 0.322932
vt -1.066221 0.313969
vt -1.066221 0.322932
vt -1.069821 0.313969
vt -1.069821 0.322932
vt -1.073421 0.313969
vt -1.073421 0.322932
vt 0.506195 0.313969
vt 0.506195 0.322932
vt 0.503576 0.313969
vt 0.503576 0.322932
vt 0.499998 0.313969
vt 0.499998 0.322932
vt 0.496420 0.313969
vt 0.496420 0.322932
vt 0.493801 0.313969
vt 0.493801 0.322932
vt 2.066221 0.327282
vt 2.069821 0.327282
vt 2.066221 0.328666
vt 2.069821 0.328666
vt 2.073421 0.327282
vt 2.073421 0.328666
vt 0.506199 0.328666
vt 0.503580 0.328666
vt 0.506199 0.327282
vt 0.503580 0.327282
vt 0.500002 0.328666
vt 0.500002 0.327282
vt 0.496424 0.328666
vt 0.496424 0.327282
vt 0.493805 0.328666
vt 0.493805 0.327282
vt -1.066221 0.328666
vt -1.069821 0.328666
vt -1.066221 0.327282
vt -1.069821 0.327282
vt -1.073421 0.328666
vt -1.073421 0.327282
vt 0.506195 0.328666
vt 0.503576 0.328666
vt 0.506195 0.327282
vt 0.503576 0.327282
vt 0.499998 0.328666
vt 0.499998 0.327282
vt 0.496420 0.328666
vt 0.496420 0.327282
vt 0.493801 0.328666
vt 0.493801 0.327282
vt 2.046568 0.322932
vt 2.046568 0.313969
vt 2.050167 0.322932
vt 2.050167 0.313969
vt 2.053767 0.322932
vt 2.053767 0.313969
vt 0.506199 0.313969
vt 0.506199 0.322932
vt 0.496424 0.313969
vt 0.496424 0.322932
vt 0.493805 0.313969
vt 0.493805 0.322932
vt -1.046568 0.313969
vt -1.046568 0.322932
vt -1.050167 0.313969
vt -1.050167 0.322932
vt -1.053767 0.313969
vt -1.053767 0.322932
vt 0.499998 0.313969
vt 0.499998 0.322932
vt 0.496420 0.313969
vt 0.496420 0.322932
vt 0.493801 0.313969
vt 0.493801 0.322932
vt 2.046568 0.327282
vt 2.050167 0.327282
vt 2.046568 0.328666
vt 2.050167 0.328666
vt 2.053767 0.327282
vt 2.053767 0.328666
vt 0.506199 0.328666
vt 0.506199 0.327282
vt 0.496424 0.328666
vt 0.496424 0.327282
vt 0.493805 0.328666
vt 0.493805 0.327282
vt -1.046568 0.328666
vt -1.050167 0.328666
vt -1.046568 0.327282
vt -1.050167 0.327282
vt -1.053767 0.328666
vt -1.053767 0.327282
vt 0.499998 0.328666
vt 0.499998 0.327282
vt 0.496420 0.328666
vt 0.496420 0.327282
vt 0.493801 0.328666
vt 0.493801 0.327282
vt 1.701956 0.315114
vt 1.704925 0.315114
vt 1.701956 0.336916
vt 1.704925 0.336916
vt 1.707895 0.315114
vt 1.707895 0.336916
vt 0.505113 0.336916
vt 0.502953 0.336916
vt 0.505113 0.315114
vt 0.502953 0.315114
vt 0.500002 0.336916
vt 0.500002 0.315114
vt 0.497051 0.336916
vt 0.497051 0.315114
vt 0.494890 0.336916
vt 0.494890 0.315114
vt -0.701956 0.336916
vt -0.704925 0.336917
vt -0.701956 0.315114
vt -0.704925 0.315114
vt -0.707895 0.336916
vt -0.707895 0.315114
vt 0.505110 0.336916
vt 0.502949 0.336916
vt 0.505110 0.315114
vt 0.502949 0.315114
vt 0.499998 0.336916
vt 0.499998 0.315114
vt 0.497047 0.336916
vt 0.497047 0.315114
vt 0.494887 0.336916
vt 0.494887 0.315114
vt -0.749164 0.326611
vt -0.752284 0.339754
vt -0.762763 0.326611
vt -0.755963 0.341263
vt -0.759642 0.339754
vt 1.759642 0.339754
vt 1.755963 0.341263
vt 1.762763 0.326611
vt 1.749164 0.326611
vt 1.752284 0.339754
vt 0.490060 1.755963
vt 0.490060 1.759642
vt 0.492029 1.759642
vt 0.509940 0.339754
vt 0.507971 0.339754
vt 0.509940 0.326611
vt 0.507971 0.326611
vt 0.490060 0.326611
vt 0.492029 0.326611
vt 0.490060 0.339754
vt 0.492029 0.339754
vt 0.490060 1.752284
vt 0.492029 1.752284
vt 0.509943 0.339754
vt 0.507975 0.339754
vt 0.509943 0.326611
vt 0.507975 0.326611
vt 0.490057 0.326611
vt 0.492025 0.326611
vt 0.490057 0.339754
vt 0.492025 0.339754
vt 0.509943 1.759642
vt 0.507975 1.759642
vt 0.509943 1.755963
vt 0.507975 1.755963
vt 0.509943 1.752284
vt 0.507975 1.752284
vt -0.759642 0.339754
vt -0.762763 0.326611
vt -0.752284 0.339754
vt 1.752284 0.339754
vt 1.759642 0.339754
vt 1.762763 0.326611
vt 0.500002 2.069821
vt 0.496424 2.063586
vt 0.500002 2.050167
vt 0.496424 2.043932
vt 0.500002 1.704925
vt 0.505113 1.701956
vt 0.505904 1.704925
vt 0.505113 1.707895
vt 0.502953 1.699782
vt 0.502953 1.710068
vt 0.500002 1.698987
vt 0.500002 1.710864
vt 0.497051 1.699782
vt 0.497051 1.710068
vt 0.494890 1.701956
vt 0.494890 1.707895
vt 0.494100 1.704925
vt 0.584364 1.840100
vt 0.500002 1.840100
vt 0.415640 1.840100
vt 2.042864 0.328179
vt 2.046755 0.328179
vt 2.050872 0.328179
vt 0.556490 0.328179
vt 0.552890 0.328179
vt 0.548706 0.328179
vt 0.545536 0.328179
vt -1.043829 0.328179
vt -1.047946 0.328179
vt -1.051836 0.328179
vt 0.453768 0.328179
vt 0.450168 0.328179
vt 0.445983 0.328179
vt 0.442813 0.328179
vt -1.042864 0.328179
vt -1.046755 0.328179
vt -1.050872 0.328179
vt 0.443514 0.328179
vt 0.447114 0.328179
vt 0.451299 0.328179
vt 0.454468 0.328179
vt 2.043829 0.328179
vt 2.047946 0.328179
vt 2.051836 0.328179
vt 0.546228 0.328179
vt 0.549828 0.328179
vt 0.554012 0.328179
vt 0.557182 0.328179
s 1
g Bis_Hull_Rostrum_V_Panzerschiffe_hull_bottom
usemtl hull_bottom
f 3/1/1 2/2/2 1/3/3
f 4/4/4 1/3/3 2/2/2
f 2/2/2 5/5/5 4/4/4
f 1/3/3 4/4/4 6/6/6
f 7/7/7 4/4/4 5/5/5
f 8/8/8 6/6/6 4/4/4
f 4/4/4 7/7/7 8/8/8
f 6/6/6 8/8/8 9/9/9
f 10/10/10 8/8/8 7/7/7
f 7/7/7 11/11/11 10/10/10
f 12/12/12 9/9/9 8/8/8
f 9/9/9 12/12/12 13/13/13
f 12/12/12 8/8/8 14/14/14
f 10/10/10 14/14/14 8/8/8
f 15/15/15 13/13/13 12/12/12
f 12/12/12 14/14/14 15/15/15
f 13/13/13 15/15/15 16/16/16
f 17/17/17 10/10/10 11/11/11
f 11/11/11 18/18/18 17/17/17
f 19/19/19 17/17/17 18/18/18
f 17/17/17 20/20/20 10/10/10
f 19/19/19 20/20/20 17/17/17
f 14/14/14 10/10/10 20/20/20
f 21/21/21 20/20/20 19/19/19
f 14/14/14 20/20/20 22/22/22
f 22/22/22 15/15/15 14/14/14
f 20/20/20 21/21/21 23/23/23
f 23/23/23 22/22/22 20/20/20
f 24/24/24 23/23/23 21/21/21
f 24/24/24 25/25/25 23/23/23
f 26/26/26 16/16/16 15/15/15
f 16/16/16 26/26/26 27/27/27
f 22/22/22 28/28/28 15/15/15
f 22/22/22 23/23/23 28/28/28
f 26/26/26 15/15/15 28/28/28
f 29/29/29 23/23/23 25/25/25
f 29/29/29 28/28/28 23/23/23
f 25/25/25 30/30/30 29/29/29
f 31/31/31 27/27/27 26/26/26
f 26/26/26 28/28/28 31/31/31
f 28/28/28 29/29/29 32/32/32
f 32/32/32 31/31/31 28/28/28
f 33/33/33 29/29/29 30/30/30
f 33/33/33 32/32/32 29/29/29
f 30/30/30 34/34/34 33/33/33
f 35/35/35 33/33/33 34/34/34
f 33/33/33 35/35/35 32/32/32
f 36/36/36 32/32/32 35/35/35
f 32/32/32 36/36/36 31/31/31
f 35/35/35 37/37/37 36/36/36
f 31/31/31 38/38/38 27/27/27
f 38/38/38 31/31/31 36/36/36
f 39/39/39 27/27/27 38/38/38
f 38/38/38 40/40/40 39/39/39
f 38/38/38 36/36/36 40/40/40
f 41/41/41 39/39/39 40/40/40
f 42/42/42 36/36/36 37/37/37
f 42/42/42 40/40/40 36/36/36
f 37/37/37 43/43/43 42/42/42
f 44/44/44 42/42/42 43/43/43
f 42/42/42 44/44/44 40/40/40
f 43/43/43 45/45/45 44/44/44
f 40/40/40 46/46/46 41/41/41
f 46/46/46 40/40/40 44/44/44
f 47/47/47 41/41/41 46/46/46
f 46/46/46 48/48/48 47/47/47
f 46/46/46 44/44/44 48/48/48
f 49/49/49 47/47/47 48/48/48
f 50/50/50 44/44/44 45/45/45
f 50/50/50 48/48/48 44/44/44
f 45/45/45 51/51/51 50/50/50
f 52/52/52 50/50/50 51/51/51
f 50/50/50 52/52/52 48/48/48
f 48/48/48 53/53/53 49/49/49
f 53/53/53 48/48/48 52/52/52
f 53/53/53 52/52/52 54/54/54
f 55/55/55 49/49/49 53/53/53
f 53/53/53 54/54/54 55/55/55
f 56/56/56 54/54/54 52/52/52
f 57/57/57 55/55/55 54/54/54
f 57/57/57 54/54/54 58/58/58
f 56/56/56 59/59/59 54/54/54
f 60/60/60 58/58/58 54/54/54
f 60/60/60 54/54/54 59/59/59
f 58/58/58 60/60/60 61/61/61
f 62/62/62 61/61/61 60/60/60
f 60/60/60 59/59/59 62/62/62
f 61/61/61 62/62/62 63/63/63
f 64/64/64 63/63/63 62/62/62
f 63/63/63 64/64/64 65/65/65
f 66/66/66 65/65/65 64/64/64
f 64/64/64 67/67/67 66/66/66
f 64/64/64 62/62/62 67/67/67
f 68/68/68 66/66/66 67/67/67
f 68/68/68 67/67/67 69/69/69
f 70/70/70 69/69/69 67/67/67
f 71/71/71 67/67/67 62/62/62
f 67/67/67 71/71/71 70/70/70
f 71/71/71 62/62/62 59/59/59
f 72/72/72 70/70/70 71/71/71
f 71/71/71 59/59/59 72/72/72
f 73/73/73 72/72/72 59/59/59
f 76/74/74 75/75/75 74/76/76
f 77/77/77 74/76/76 75/75/75
f 77/77/77 78/78/78 74/76/76
f 79/79/79 74/76/76 78/78/78
f 74/76/76 79/79/79 80/80/80
f 81/81/81 80/80/80 79/79/79
f 79/79/79 82/82/82 81/81/81
f 81/81/81 83/83/83 80/80/80
f 84/84/84 80/80/80 83/83/83
f 83/83/83 85/85/85 84/84/84
f 86/86/86 84/84/84 85/85/85
f 86/86/86 87/87/87 84/84/84
f 88/74/88 84/84/84 87/87/87
f 83/83/83 81/81/81 89/88/89
f 90/89/90 81/81/81 82/82/82
f 90/89/90 89/88/89 81/81/81
f 82/82/82 91/90/91 90/89/90
f 89/88/89 90/89/90 92/91/92
f 93/92/93 90/89/90 91/90/91
f 93/92/93 92/91/92 90/89/90
f 96/93/94 95/94/95 94/95/96
f 97/96/97 94/95/96 95/94/95
f 95/94/95 98/97/98 97/96/97
f 99/98/99 97/96/97 98/97/98
f 97/96/97 100/99/100 94/95/96
f 99/98/99 101/100/101 97/96/97
f 100/99/100 97/96/97 101/100/101
f 102/101/102 94/95/96 100/99/100
f 94/95/96 102/101/102 103/102/103
f 101/100/101 99/98/99 104/103/104
f 105/104/105 104/103/104 99/98/99
f 104/103/104 105/104/105 106/105/106
f 107/106/107 106/105/106 105/104/105
f 106/105/106 107/106/107 108/107/108
f 109/108/109 108/107/108 107/106/107
f 109/108/109 110/109/110 108/107/108
f 111/110/111 108/107/108 110/109/110
f 108/107/108 112/111/112 106/105/106
f 108/107/108 111/110/111 112/111/112
f 106/105/106 113/112/113 104/103/104
f 113/112/113 106/105/106 112/111/112
f 114/113/114 112/111/112 111/110/111
f 111/110/111 115/114/115 114/113/114
f 101/100/101 104/103/104 116/115/116
f 117/116/117 104/103/104 113/112/113
f 117/116/117 116/115/116 104/103/104
f 116/115/116 118/117/118 101/100/101
f 100/99/100 101/100/101 118/117/118
f 118/117/118 119/118/119 100/99/100
f 102/101/102 100/99/100 119/118/119
f 102/101/102 119/118/119 120/119/120
f 120/119/120 103/102/103 102/101/102
f 120/119/120 121/120/121 103/102/103
f 122/121/122 103/102/103 121/120/121
f 122/121/122 121/120/121 123/122/123
f 124/123/124 123/122/123 121/120/121
f 121/120/121 125/124/125 124/123/124
f 121/120/121 120/119/120 125/124/125
f 126/125/126 124/123/124 125/124/125
f 125/124/125 127/126/127 126/125/126
f 128/127/128 126/125/126 127/126/127
f 128/127/128 127/126/127 129/128/129
f 130/129/130 125/124/125 120/119/120
f 130/129/130 120/119/120 119/118/119
f 125/124/125 130/129/130 127/126/127
f 130/129/130 119/118/119 131/130/131
f 131/130/131 127/126/127 130/129/130
f 132/131/132 129/128/129 127/126/127
f 129/128/129 132/131/132 133/132/133
f 134/133/134 131/130/131 119/118/119
f 119/118/119 118/117/118 134/133/134
f 131/130/131 135/134/135 127/126/127
f 132/131/132 127/126/127 135/134/135
f 136/135/136 133/132/133 132/131/132
f 133/132/133 136/135/136 137/136/137
f 138/137/138 137/136/137 136/135/136
f 138/137/138 136/135/136 139/138/139
f 136/135/136 132/131/132 140/139/140
f 135/134/135 140/139/140 132/131/132
f 140/139/140 139/138/139 136/135/136
f 135/134/135 131/130/131 141/140/141
f 135/134/135 141/140/141 140/139/140
f 134/133/134 141/140/141 131/130/131
f 140/139/140 142/141/142 139/138/139
f 142/141/142 140/139/140 141/140/141
f 143/142/143 139/138/139 142/141/142
f 144/143/144 134/133/134 118/117/118
f 118/117/118 116/115/116 144/143/144
f 142/141/142 141/140/141 145/144/145
f 142/141/142 145/144/145 143/142/143
f 141/140/141 134/133/134 146/145/146
f 144/143/144 146/145/146 134/133/134
f 146/145/146 145/144/145 141/140/141
f 147/146/147 144/143/144 116/115/116
f 116/115/116 117/116/117 147/146/147
f 146/145/146 144/143/144 148/147/148
f 147/146/147 148/147/148 144/143/144
f 145/144/145 146/145/146 149/148/149
f 148/147/148 149/148/149 146/145/146
f 150/149/150 143/142/143 145/144/145
f 145/144/145 149/148/149 150/149/150
f 151/150/151 147/146/147 117/116/117
f 117/116/117 113/112/113 151/150/151
f 148/147/148 147/146/147 152/151/152
f 151/150/151 152/151/152 147/146/147
f 150/149/150 153/152/153 143/142/143
f 154/153/154 143/142/143 153/152/153
f 153/152/153 150/149/150 155/154/155
f 156/155/156 155/154/155 150/149/150
f 156/155/156 150/149/150 149/148/149
f 149/148/149 148/147/148 157/156/157
f 149/148/149 157/156/157 156/155/156
f 152/151/152 157/156/157 148/147/148
f 158/157/158 156/155/156 157/156/157
f 159/158/159 151/150/151 113/112/113
f 113/112/113 112/111/112 159/158/159
f 152/151/152 151/150/151 160/159/160
f 152/151/152 160/159/160 157/156/157
f 159/158/159 160/159/160 151/150/151
f 157/156/157 161/160/161 158/157/158
f 161/160/161 157/156/157 160/159/160
f 162/161/162 158/157/158 161/160/161
f 163/162/163 159/158/159 112/111/112
f 112/111/112 114/113/114 163/162/163
f 160/159/160 159/158/159 164/163/164
f 160/159/160 164/163/164 161/160/161
f 163/162/163 164/163/164 159/158/159
f 161/160/161 165/164/165 162/161/162
f 165/164/165 161/160/161 164/163/164
f 166/165/166 162/161/162 165/164/165
f 166/165/166 165/164/165 167/166/167
f 168/167/168 167/166/167 165/164/165
f 165/164/165 164/163/164 168/167/168
f 169/168/169 168/167/168 164/163/164
f 164/163/164 163/162/163 169/168/169
f 168/167/168 169/168/169 170/169/170
f 171/170/171 163/162/163 114/113/114
f 171/170/171 169/168/169 163/162/163
f 172/171/172 170/169/170 169/168/169
f 169/168/169 171/170/171 172/171/172
f 114/113/114 173/172/173 171/170/171
f 173/172/173 114/113/114 115/114/115
f 172/171/172 174/173/174 170/169/170
f 175/174/175 170/169/170 174/173/174
f 176/175/176 172/171/172 171/170/171
f 176/175/176 171/170/171 173/172/173
f 172/171/172 176/175/176 174/173/174
f 173/172/173 115/114/115 177/176/177
f 173/172/173 177/176/177 176/175/176
f 178/177/178 177/176/177 115/114/115
f 174/173/174 179/178/179 175/174/175
f 179/178/179 174/173/174 180/179/180
f 181/180/181 175/174/175 179/178/179
f 181/180/181 179/178/179 182/181/182
f 183/182/183 174/173/174 176/175/176
f 183/182/183 176/175/176 177/176/177
f 183/182/183 180/179/180 174/173/174
f 183/182/183 177/176/177 180/179/180
f 177/176/177 178/177/178 184/183/184
f 184/183/184 180/179/180 177/176/177
f 185/184/185 184/183/184 178/177/178
f 185/184/185 186/185/186 184/183/184
f 187/186/187 182/181/182 179/178/179
f 179/178/179 180/179/180 187/186/187
f 182/181/182 187/186/187 188/187/188
f 189/188/189 188/187/188 187/186/187
f 190/189/190 184/183/184 186/185/186
f 184/183/184 190/189/190 180/179/180
f 186/185/186 191/190/191 190/189/190
f 192/191/192 190/189/190 191/190/191
f 193/192/193 187/186/187 180/179/180
f 187/186/187 193/192/193 189/188/189
f 193/192/193 180/179/180 190/189/190
f 190/189/190 192/191/192 193/192/193
f 194/193/194 189/188/189 193/192/193
f 194/193/194 193/192/193 192/191/192
f 196/194/195 194/193/196 195/195/197
f 194/193/196 196/194/195 197/196/198
f 200/197/199 199/198/200 198/199/201
f 201/200/202 198/199/201 199/198/200
f 198/199/201 201/200/202 202/201/203
f 199/198/200 203/202/204 201/200/202
f 204/203/205 202/201/203 201/200/202
f 205/204/206 201/200/202 203/202/204
f 201/200/202 205/204/206 204/203/205
f 203/202/204 206/205/207 205/204/206
f 207/206/208 204/203/205 205/204/206
f 204/203/205 207/206/208 208/207/209
f 209/208/210 205/204/206 206/205/207
f 206/205/207 210/209/211 209/208/210
f 209/208/210 211/210/212 205/204/206
f 207/206/208 205/204/206 211/210/212
f 212/211/213 209/208/210 210/209/211
f 209/208/210 212/211/213 211/210/212
f 210/209/211 213/212/214 212/211/213
f 214/213/215 208/207/209 207/206/208
f 208/207/209 214/213/215 215/214/216
f 216/215/217 215/214/216 214/213/215
f 214/213/215 207/206/208 217/216/218
f 217/216/218 216/215/217 214/213/215
f 211/210/212 217/216/218 207/206/208
f 217/216/218 218/217/219 216/215/217
f 211/210/212 219/218/220 217/216/218
f 219/218/220 211/210/212 212/211/213
f 217/216/218 220/219/221 218/217/219
f 220/219/221 217/216/218 219/218/220
f 221/220/222 218/217/219 220/219/221
f 221/220/222 220/219/221 222/221/223
f 219/218/220 212/211/213 223/222/224
f 219/218/220 223/222/224 220/219/221
f 224/223/225 222/221/223 220/219/221
f 224/223/225 220/219/221 223/222/224
f 222/221/223 224/223/225 225/224/226
f 226/225/227 225/224/226 224/223/225
f 225/224/226 226/225/227 227/226/228
f 228/227/229 227/226/228 226/225/227
f 226/225/227 224/223/225 229/228/230
f 226/225/227 229/228/230 228/227/229
f 223/222/224 229/228/230 224/223/225
f 230/229/231 223/222/224 212/211/213
f 230/229/231 212/211/213 213/212/214
f 230/229/231 231/230/232 223/222/224
f 230/229/231 213/212/214 231/230/232
f 229/228/230 223/222/224 231/230/232
f 232/231/233 231/230/232 213/212/214
f 233/232/234 228/227/229 229/228/230
f 229/228/230 231/230/232 233/232/234
f 228/227/229 233/232/234 234/233/235
f 231/230/232 232/231/233 235/234/236
f 235/234/236 233/232/234 231/230/232
f 236/235/237 235/234/236 232/231/233
f 235/234/236 236/235/237 237/236/238
f 235/234/236 237/236/238 233/232/234
f 238/237/239 237/236/238 236/235/237
f 239/238/240 234/233/235 233/232/234
f 239/238/240 233/232/234 237/236/238
f 234/233/235 239/238/240 240/239/241
f 241/240/242 240/239/241 239/238/240
f 239/238/240 237/236/238 241/240/242
f 240/239/241 241/240/242 242/241/243
f 237/236/238 238/237/239 243/242/244
f 243/242/244 241/240/242 237/236/238
f 244/243/245 243/242/244 238/237/239
f 243/242/244 244/243/245 245/244/246
f 243/242/244 245/244/246 241/240/242
f 246/245/247 245/244/246 244/243/245
f 247/246/248 242/241/243 241/240/242
f 247/246/248 241/240/242 245/244/246
f 242/241/243 247/246/248 248/247/249
f 249/248/250 248/247/249 247/246/248
f 247/246/248 245/244/246 249/248/250
f 245/244/246 246/245/247 250/249/251
f 250/249/251 249/248/250 245/244/246
f 251/250/252 250/249/251 246/245/247
f 250/249/251 252/251/253 249/248/250
f 250/249/251 251/250/252 252/251/253
f 253/252/254 249/248/250 252/251/253
f 254/253/255 252/251/253 251/250/252
f 253/252/254 252/251/253 255/254/256
f 252/251/253 254/253/255 256/255/257
f 256/255/257 255/254/256 252/251/253
f 257/256/258 256/255/257 254/253/255
f 257/256/258 258/257/259 256/255/257
f 259/258/260 256/255/257 258/257/259
f 256/255/257 259/258/260 255/254/256
f 258/257/259 260/259/261 259/258/260
f 261/260/262 259/258/260 260/259/261
f 260/259/261 262/261/263 261/260/262
f 263/262/264 261/260/262 262/261/263
f 261/260/262 263/262/264 264/263/265
f 261/260/262 264/263/265 259/258/260
f 265/264/266 264/263/265 263/262/264
f 265/264/266 266/265/267 264/263/265
f 267/266/268 264/263/265 266/265/267
f 268/267/269 259/258/260 264/263/265
f 264/263/265 267/266/268 268/267/269
f 268/267/269 255/254/256 259/258/260
f 269/268/270 268/267/269 267/266/268
f 268/267/269 269/268/270 255/254/256
f 270/269/271 255/254/256 269/268/270
g Bis_Hull_Rostrum_V_Panzerschiffe_steel_board_1
usemtl steel_board_1
f 273/270/272 272/271/273 271/272/274
f 274/273/275 271/272/274 272/271/273
f 274/273/275 272/271/273 275/274/276
f 276/275/277 275/274/276 272/271/273
f 275/274/276 276/275/277 277/276/278
f 278/277/279 277/276/278 276/275/277
f 277/276/278 278/277/279 279/278/280
f 280/279/281 279/278/280 278/277/279
f 280/279/281 281/280/282 279/278/280
f 282/281/283 279/278/280 281/280/282
f 281/280/282 283/282/284 282/281/283
f 284/283/285 282/281/283 283/282/284
f 283/282/284 285/284/286 284/283/285
f 286/285/287 284/283/285 285/284/286
f 285/284/286 287/286/288 286/285/287
f 288/287/289 286/285/287 287/286/288
f 287/286/288 289/288/290 288/287/289
f 290/289/291 288/287/289 289/288/290
f 290/289/291 289/288/290 291/290/292
f 292/291/293 291/290/292 289/288/290
f 292/291/293 293/292/294 291/290/292
f 293/292/294 292/291/293 294/293/295
f 295/294/296 294/293/295 292/291/293
f 292/291/293 296/288/297 295/294/296
f 297/295/298 295/294/296 296/288/297
f 296/288/297 298/286/299 297/295/298
f 299/296/300 297/295/298 298/286/299
f 298/286/299 300/284/301 299/296/300
f 301/297/302 299/296/300 300/284/301
f 300/284/301 302/282/303 301/297/302
f 303/298/304 301/297/302 302/282/303
f 302/282/303 304/280/305 303/298/304
f 305/299/306 303/298/304 304/280/305
f 305/299/306 304/280/305 306/300/307
f 307/279/308 306/300/307 304/280/305
f 306/300/307 307/279/308 308/301/309
f 309/277/310 308/301/309 307/279/308
f 308/301/309 309/277/310 310/302/311
f 311/275/312 310/302/311 309/277/310
f 310/302/311 311/275/312 312/303/313
f 313/271/314 312/303/313 311/275/312
f 312/303/313 313/271/314 314/304/315
f 315/270/316 314/304/315 313/271/314
f 318/305/317 317/306/318 316/307/319
f 319/308/320 316/307/319 317/306/318
f 319/308/320 320/309/321 316/307/319
f 321/310/322 316/307/319 320/309/321
f 324/311/323 323/312/324 322/313/323
f 325/314/325 322/313/323 323/312/324
f 325/314/325 323/312/324 326/315/326
f 327/316/327 326/315/326 323/312/324
f 326/315/326 327/316/327 328/317/328
f 329/318/329 328/317/328 327/316/327
f 328/317/328 329/318/329 330/319/330
f 331/320/331 330/319/330 329/318/329
f 330/319/330 331/320/331 332/321/332
f 333/322/333 332/321/332 331/320/331
f 332/321/332 333/322/333 291/290/334
f 334/323/335 291/290/334 333/322/333
f 335/324/336 291/290/334 334/323/335
f 336/325/337 335/324/336 334/323/335
f 336/325/337 337/326/338 335/324/336
f 338/289/339 291/290/334 335/324/336
f 339/327/340 335/324/336 337/326/338
f 335/324/336 339/327/340 338/289/339
f 337/326/338 340/328/341 339/327/340
f 341/287/342 338/289/339 339/327/340
f 342/329/343 339/327/340 340/328/341
f 339/327/340 342/329/343 341/287/342
f 343/285/344 341/287/342 342/329/343
f 342/329/343 344/330/345 343/285/344
f 340/328/341 345/331/346 342/329/343
f 344/330/345 342/329/343 345/331/346
f 346/283/347 343/285/344 344/330/345
f 345/331/346 347/332/348 344/330/345
f 348/333/349 347/332/348 345/331/346
f 349/334/350 344/330/345 347/332/348
f 349/334/350 350/335/351 344/330/345
f 344/330/345 351/336/352 346/283/347
f 351/336/352 344/330/345 350/335/351
f 346/283/347 351/336/352 352/281/353
f 351/336/352 350/335/351 353/337/354
f 353/337/354 352/281/353 351/336/352
f 354/338/355 353/337/354 350/335/351
f 354/338/355 355/339/356 353/337/354
f 353/337/354 356/340/357 352/281/353
f 356/340/357 353/337/354 355/339/356
f 357/278/358 352/281/353 356/340/357
f 355/339/356 358/341/359 356/340/357
f 357/278/358 356/340/357 359/342/360
f 357/278/358 359/342/360 360/276/361
f 361/342/362 356/340/357 358/341/359
f 361/342/362 359/342/360 356/340/357
f 361/342/362 358/341/359 362/343/363
f 359/342/360 361/342/362 362/343/363
f 363/344/364 360/276/361 359/342/360
f 360/276/361 363/344/364 364/274/365
f 365/345/366 359/342/360 362/343/363
f 359/342/360 365/345/366 363/344/364
f 366/346/367 365/345/366 362/343/363
f 367/347/368 363/344/364 365/345/366
f 368/348/369 364/274/365 363/344/364
f 363/344/364 367/347/368 368/348/369
f 364/274/365 368/348/369 369/273/370
f 370/349/371 368/348/369 367/347/368
f 371/350/372 369/273/370 368/348/369
f 368/348/369 370/349/371 371/350/372
f 369/273/370 371/350/372 372/272/373
f 373/351/374 372/272/373 371/350/372
f 374/352/375 371/350/372 370/349/371
f 375/353/376 374/352/375 370/349/371
f 376/354/377 375/353/376 370/349/371
f 370/349/371 377/355/378 376/354/377
f 378/356/379 376/354/377 377/355/378
f 379/357/380 378/356/379 377/355/378
f 382/358/381 381/359/381 380/360/382
f 383/361/383 380/360/382 381/359/381
f 380/360/382 383/361/383 384/362/384
f 385/363/385 384/362/384 383/361/383
f 384/362/384 385/363/385 386/364/386
f 387/365/387 386/364/386 385/363/385
f 386/364/386 387/365/387 388/366/388
f 389/367/389 388/366/388 387/365/387
f 388/366/388 389/367/389 390/368/390
f 391/369/391 390/368/390 389/367/389
f 390/368/390 391/369/391 392/370/392
f 395/306/393 394/371/394 393/308/395
f 396/372/396 393/308/395 394/371/394
f 396/372/396 397/373/397 393/308/395
f 398/309/398 393/308/395 397/373/397
f 394/371/394 399/374/399 396/372/396
f 399/374/399 394/371/394 400/375/400
f 401/376/401 400/375/400 394/371/394
f 399/374/399 400/375/400 402/377/402
f 400/375/400 403/378/403 402/377/402
f 399/374/399 402/377/402 404/379/404
f 399/374/399 404/379/404 405/380/405
f 405/380/405 396/372/396 399/374/399
f 406/381/406 402/377/402 403/378/403
f 405/380/405 407/382/407 396/372/396
f 397/373/397 396/372/396 407/382/407
f 408/383/408 407/382/407 405/380/405
f 409/384/409 407/382/407 408/383/408
f 406/381/406 403/378/403 410/385/410
f 411/386/411 410/385/410 403/378/403
f 410/385/410 412/387/412 406/381/406
f 412/387/412 410/385/410 413/388/413
f 407/382/407 414/389/414 397/373/397
f 414/389/414 407/382/407 409/384/409
f 415/390/415 397/373/397 414/389/414
f 414/389/414 409/384/409 416/391/416
f 417/392/417 416/391/416 409/384/409
f 417/392/417 418/393/418 416/391/416
f 419/394/419 416/391/416 418/393/418
f 420/395/420 418/393/418 417/392/417
f 420/395/420 413/388/413 418/393/418
f 421/396/421 413/388/413 410/385/410
f 421/396/421 418/393/418 413/388/413
f 410/385/410 422/397/422 421/396/421
f 418/393/418 421/396/421 423/398/423
f 424/399/424 421/396/421 422/397/422
f 424/399/424 423/398/423 421/396/421
f 425/400/425 424/399/424 422/397/422
f 425/400/425 422/397/422 426/401/426
f 427/402/427 426/401/426 422/397/422
f 424/399/424 428/403/428 423/398/423
f 428/403/428 429/404/429 423/398/423
f 430/405/430 423/398/423 429/404/429
f 433/406/431 432/407/432 431/408/433
f 434/409/434 431/408/433 432/407/432
f 434/409/434 432/407/432 435/410/435
f 432/407/432 436/411/436 435/410/435
f 437/412/437 435/410/435 436/411/436
f 437/412/437 438/413/438 435/410/435
f 439/414/439 435/410/435 438/413/438
f 439/414/439 440/415/440 435/410/435
f 440/415/440 439/414/439 441/416/441
f 442/417/442 441/416/441 439/414/439
f 445/418/443 444/419/444 443/420/445
f 446/421/446 443/420/445 444/419/444
f 447/422/447 443/420/445 446/421/446
f 450/423/448 449/424/449 448/425/450
f 451/426/451 448/425/450 449/424/449
f 454/427/452 453/428/452 452/429/452
f 455/430/452 452/429/452 453/428/452
f 458/402/453 457/431/454 456/386/455
f 459/432/456 456/386/455 457/431/454
f 462/433/457 461/434/457 460/435/457
f 463/436/457 460/435/457 461/434/457
f 466/437/458 465/438/459 464/439/460
f 467/440/461 464/439/460 465/438/459
f 467/440/461 468/441/462 464/439/460
f 469/442/463 464/439/460 468/441/462
f 468/441/462 470/443/464 469/442/463
f 471/444/465 469/442/463 470/443/464
f 470/443/464 472/445/466 471/444/465
f 473/446/467 471/444/465 472/445/466
f 473/446/467 472/445/466 474/447/468
f 475/448/469 474/447/468 472/445/466
f 474/447/468 475/448/469 476/449/470
f 477/450/471 476/449/470 475/448/469
f 476/449/470 477/450/471 478/451/472
f 479/452/473 478/451/472 477/450/471
f 478/451/472 479/452/473 480/453/474
f 481/454/475 480/453/474 479/452/473
f 480/453/474 481/454/475 482/455/476
f 483/456/477 482/455/476 481/454/475
f 483/456/477 484/457/478 482/455/476
f 485/458/479 482/455/476 484/457/478
f 485/458/479 484/457/478 486/459/480
f 486/459/480 487/460/481 485/458/479
f 488/461/482 485/458/479 487/460/481
f 485/458/479 488/461/482 489/455/483
f 490/462/484 489/455/483 488/461/482
f 489/455/483 490/462/484 491/453/485
f 492/463/486 491/453/485 490/462/484
f 491/453/485 492/463/486 493/451/487
f 494/464/488 493/451/487 492/463/486
f 493/451/487 494/464/488 495/449/489
f 496/465/490 495/449/489 494/464/488
f 495/449/489 496/465/490 497/447/491
f 498/466/492 497/447/491 496/465/490
f 498/466/492 499/467/493 497/447/491
f 500/446/494 497/447/491 499/467/493
f 499/467/493 501/468/495 500/446/494
f 502/444/496 500/446/494 501/468/495
f 501/468/495 503/469/497 502/444/496
f 504/442/498 502/444/496 503/469/497
f 503/469/497 505/470/499 504/442/498
f 506/439/500 504/442/498 505/470/499
f 505/470/499 507/471/501 506/439/500
f 508/437/502 506/439/500 507/471/501
f 511/472/503 510/473/503 509/474/504
f 512/475/505 509/474/504 510/473/503
f 512/475/505 513/476/506 509/474/504
f 514/477/507 509/474/504 513/476/506
f 513/476/506 515/478/508 514/477/507
f 516/479/509 514/477/507 515/478/508
f 515/478/508 517/480/510 516/479/509
f 518/481/511 516/479/509 517/480/510
f 517/480/510 519/482/512 518/481/511
f 520/483/513 518/481/511 519/482/512
f 519/482/512 484/457/514 520/483/513
f 521/484/515 520/483/513 484/457/514
f 484/457/514 522/485/516 521/484/515
f 522/485/516 523/486/517 521/484/515
f 523/486/517 522/485/516 524/487/518
f 484/457/514 525/456/519 522/485/516
f 526/488/520 524/487/518 522/485/516
f 522/485/516 525/456/519 526/488/520
f 524/487/518 526/488/520 527/489/521
f 528/454/522 526/488/520 525/456/519
f 529/490/523 527/489/521 526/488/520
f 526/488/520 528/454/522 529/490/523
f 530/452/524 529/490/523 528/454/522
f 529/490/523 530/452/524 531/491/525
f 527/489/521 529/490/523 532/492/526
f 531/491/525 532/492/526 529/490/523
f 533/450/527 531/491/525 530/452/524
f 532/492/526 531/491/525 534/493/528
f 534/493/528 535/494/529 532/492/526
f 536/495/530 534/493/528 531/491/525
f 536/495/530 531/491/525 537/496/531
f 533/450/527 538/497/532 531/491/525
f 538/497/532 537/496/531 531/491/525
f 533/450/527 539/448/533 538/497/532
f 538/497/532 540/498/534 537/496/531
f 540/498/534 538/497/532 539/448/533
f 541/499/535 537/496/531 540/498/534
f 541/499/535 540/498/534 542/500/536
f 540/498/534 539/448/533 543/501/537
f 543/501/537 542/500/536 540/498/534
f 543/501/537 544/502/538 542/500/536
f 545/445/539 543/501/537 539/448/533
f 545/445/539 544/502/538 543/501/537
f 546/503/540 542/500/536 544/502/538
f 545/445/539 547/443/541 544/502/538
f 546/503/540 544/502/538 548/504/542
f 549/505/543 544/502/538 547/443/541
f 547/443/541 550/441/544 549/505/543
f 551/506/545 548/504/542 544/502/538
f 544/502/538 549/505/543 551/506/545
f 551/506/545 552/507/546 548/504/542
f 553/508/547 551/506/545 549/505/543
f 554/509/548 549/505/543 550/441/544
f 549/505/543 554/509/548 553/508/547
f 550/441/544 555/440/549 554/509/548
f 556/510/550 553/508/547 554/509/548
f 557/511/551 554/509/548 555/440/549
f 554/509/548 557/511/551 556/510/550
f 555/440/549 558/438/552 557/511/551
f 559/512/553 557/511/551 558/438/552
f 560/513/554 556/510/550 557/511/551
f 560/513/554 561/514/555 556/510/550
f 561/514/555 562/515/556 556/510/550
f 556/510/550 562/515/556 563/516/557
f 564/517/558 563/516/557 562/515/556
f 564/517/558 565/518/559 563/516/557
f 568/519/560 567/520/561 566/521/560
f 569/522/562 566/521/560 567/520/561
f 567/520/561 570/523/563 569/522/562
f 571/524/564 569/522/562 570/523/563
f 570/523/563 572/525/565 571/524/564
f 573/526/566 571/524/564 572/525/565
f 572/525/565 574/527/567 573/526/566
f 575/528/568 573/526/566 574/527/567
f 574/527/567 576/529/569 575/528/568
f 577/530/570 575/528/568 576/529/569
f 577/530/570 576/529/569 578/531/571
f 581/532/572 580/533/573 579/534/574
f 582/535/575 579/534/574 580/533/573
f 580/533/573 583/536/576 582/535/575
f 586/537/577 585/538/578 584/539/579
f 587/540/580 584/539/579 585/538/578
f 590/541/452 589/542/452 588/543/452
f 591/544/452 588/543/452 589/542/452
f 594/545/581 593/546/582 592/394/583
f 595/405/584 592/394/583 593/546/582
f 598/547/585 597/548/457 596/549/586
f 599/550/457 596/549/586 597/548/457
f 602/551/587 601/305/588 600/552/589
f 603/307/590 600/552/589 601/305/588
f 603/307/590 604/310/591 600/552/589
f 605/553/592 600/552/589 604/310/591
f 608/554/65 607/555/593 606/556/594
f 609/557/595 606/556/594 607/555/593
f 607/555/593 610/558/596 609/557/595
f 611/559/597 609/557/595 610/558/596
f 606/556/594 609/557/595 612/560/598
f 611/559/597 613/561/599 609/557/595
f 614/562/600 612/560/598 609/557/595
f 614/562/600 609/557/595 613/561/599
f 612/560/598 614/562/600 615/563/601
f 614/562/600 613/561/599 616/564/602
f 616/564/602 615/563/601 614/562/600
f 617/565/603 616/564/602 613/561/599
f 617/565/603 618/566/604 616/564/602
f 616/564/602 619/567/605 615/563/601
f 619/567/605 616/564/602 618/566/604
f 620/568/606 615/563/601 619/567/605
f 618/566/604 621/569/607 619/567/605
f 619/567/605 293/292/294 620/568/606
f 293/292/294 619/567/605 621/569/607
f 294/293/295 620/568/606 293/292/294
f 621/569/607 291/290/292 293/292/294
f 487/460/481 486/459/480 622/570/608
f 623/571/609 622/570/608 486/459/480
f 622/570/608 623/571/609 624/572/610
f 486/459/480 625/573/611 623/571/609
f 625/573/611 486/459/480 484/457/478
f 626/574/612 623/571/609 625/573/611
f 627/575/613 624/572/610 623/571/609
f 623/571/609 626/574/612 627/575/613
f 628/576/614 627/575/613 626/574/612
f 624/572/610 627/575/613 629/577/615
f 628/576/614 630/578/616 627/575/613
f 631/579/617 629/577/615 627/575/613
f 631/579/617 627/575/613 630/578/616
f 629/577/615 631/579/617 632/580/618
f 631/579/617 630/578/616 633/581/619
f 633/581/619 632/580/618 631/579/617
f 634/582/620 633/581/619 630/578/616
f 632/580/618 633/581/619 635/583/263
f 634/582/620 636/584/621 633/581/619
f 637/585/622 635/583/263 633/581/619
f 637/585/622 633/581/619 636/584/621
g Bis_Hull_Rostrum_V_Panzerschiffe_wood_deck_1
usemtl wood_deck_1
f 640/586/623 639/587/623 638/588/623
f 638/588/623 639/587/623 641/589/623
f 639/587/623 642/590/624 641/589/623
f 643/591/623 641/589/623 642/590/624
f 643/591/623 642/590/624 644/592/623
f 644/592/623 642/590/624 645/593/623
f 645/593/623 642/590/624 646/594/625
f 642/590/624 647/595/626 646/594/625
f 648/596/627 646/594/625 647/595/626
f 647/595/626 649/597/628 648/596/627
f 650/598/629 648/596/627 649/597/628
f 647/595/626 651/599/627 649/597/628
f 652/600/629 649/597/628 651/599/627
f 651/599/627 647/595/626 653/601/625
f 642/590/624 653/601/625 647/595/626
f 642/590/624 654/602/623 653/601/625
f 642/590/624 655/603/623 654/602/623
f 642/590/624 656/604/623 655/603/623
f 656/604/623 642/590/624 657/605/623
f 639/587/623 657/605/623 642/590/624
f 639/587/623 658/606/623 657/605/623
f 639/587/623 659/607/623 658/606/623
f 662/608/630 661/609/631 660/610/632
f 663/611/633 660/610/632 661/609/631
f 660/610/632 663/611/633 664/612/634
f 664/612/634 663/611/633 665/613/635
f 665/613/635 663/611/633 666/614/636
f 667/615/637 666/614/636 663/611/633
f 666/614/636 667/615/637 668/616/638
f 668/616/638 667/615/637 669/617/639
f 669/617/639 667/615/637 670/618/640
f 671/619/641 670/618/640 667/615/637
f 670/618/640 671/619/641 672/620/642
f 672/620/642 671/619/641 673/621/643
f 671/619/641 674/622/644 673/621/643
f 674/622/644 671/619/641 675/623/645
f 676/624/646 673/621/643 674/622/644
f 667/615/637 663/611/633 677/625/647
f 667/615/637 677/625/647 678/626/638
f 667/615/637 678/626/638 679/627/648
f 679/627/648 680/628/649 667/615/637
f 671/619/641 667/615/637 680/628/649
f 681/629/650 677/625/647 663/611/633
f 663/611/633 682/630/651 681/629/650
f 663/611/633 683/631/652 682/630/651
f 663/611/633 684/632/631 683/631/652
f 685/633/630 683/631/652 684/632/631
f 671/619/641 680/628/649 686/634/653
f 671/619/641 686/634/653 687/635/654
f 671/619/641 687/635/654 688/636/644
f 689/637/646 688/636/644 687/635/654
f 688/636/644 690/638/645 671/619/641
f 691/639/655 671/619/641 690/638/645
f 691/639/655 675/623/645 671/619/641
f 690/638/645 692/640/656 691/639/655
f 690/638/645 693/641/657 692/640/656
f 694/642/658 691/639/655 692/640/656
f 695/643/659 692/640/656 693/641/657
f 694/642/658 696/644/656 691/639/655
f 675/623/645 691/639/655 696/644/656
f 695/643/659 693/641/657 697/645/452
f 589/542/452 697/645/452 693/641/657
f 589/542/452 590/541/452 697/645/452
f 698/646/452 697/645/452 590/541/452
f 675/623/645 696/644/656 699/647/660
f 700/648/661 699/647/660 696/644/656
f 590/541/452 701/649/452 698/646/452
f 702/650/452 698/646/452 701/649/452
f 702/650/452 701/649/452 703/651/452
f 455/430/452 703/651/452 701/649/452
f 700/648/661 704/652/452 699/647/660
f 703/651/452 455/430/452 704/652/452
f 453/428/452 699/647/660 704/652/452
f 453/428/452 704/652/452 455/430/452
g Bis_Hull_Rostrum_V_Panzerschiffe_details_2
usemtl details_2
f 707/653/662 706/654/662 705/655/662
f 710/656/663 709/655/663 708/654/663
f 713/657/664 712/658/664 711/659/664
f 716/660/665 715/659/665 714/658/665
f 719/661/666 718/662/666 717/657/666
f 722/658/667 721/657/667 720/662/667
f 725/655/668 724/656/668 723/663/668
f 728/664/669 727/663/669 726/656/669
f 731/665/670 730/666/671 729/667/672
f 732/668/673 729/667/672 730/666/671
f 729/667/672 732/668/673 733/669/674
f 734/670/675 733/669/674 732/668/673
f 732/668/673 730/666/671 735/671/676
f 732/668/673 735/671/676 734/670/675
f 736/672/677 735/671/676 730/666/671
f 735/671/676 737/673/678 734/670/675
f 735/671/676 736/672/677 737/673/678
f 737/673/678 738/674/679 734/670/675
f 739/675/680 737/673/678 736/672/677
f 737/673/678 739/675/680 738/674/679
f 740/676/681 738/674/679 739/675/680
f 743/677/682 742/678/683 741/679/684
f 744/680/685 741/679/684 742/678/683
f 741/679/684 744/680/685 745/681/686
f 744/680/685 742/678/683 746/682/687
f 747/683/688 746/682/687 742/678/683
f 748/684/689 745/681/686 744/680/685
f 745/681/686 748/684/689 749/685/690
f 746/682/687 747/683/688 750/686/691
f 751/687/692 750/686/691 747/683/688
f 750/686/691 752/688/693 746/682/687
f 753/689/694 746/682/687 752/688/693
f 746/682/687 753/689/694 744/680/685
f 748/684/689 744/680/685 753/689/694
f 753/689/694 754/690/695 748/684/689
f 755/691/696 749/685/690 748/684/689
f 755/691/696 748/684/689 754/690/695
f 749/685/690 755/691/696 756/692/697
f 754/690/695 757/693/698 755/691/696
f 758/694/699 756/692/697 755/691/696
f 758/694/699 755/691/696 757/693/698
f 761/695/700 760/696/701 759/697/702
f 762/698/703 759/697/702 760/696/701
f 759/697/702 762/698/703 763/699/704
f 764/700/705 763/699/704 762/698/703
f 764/700/705 762/698/703 765/701/706
f 766/702/707 765/701/706 762/698/703
f 760/696/701 766/702/707 762/698/703
f 765/701/706 766/702/707 767/703/708
f 760/696/701 768/704/709 766/702/707
f 768/704/709 767/703/708 766/702/707
f 760/696/701 769/705/710 768/704/709
f 767/703/708 768/704/709 770/706/711
f 769/705/710 770/706/711 768/704/709
f 773/707/712 772/708/713 771/709/714
f 774/710/715 771/709/714 772/708/713
f 772/708/713 775/711/716 774/710/715
f 771/709/714 774/710/715 776/712/717
f 777/713/718 776/712/717 774/710/715
f 778/714/719 774/710/715 775/711/716
f 774/710/715 778/714/719 777/713/718
f 779/715/720 777/713/718 778/714/719
f 778/714/719 780/716/721 779/715/720
f 781/717/722 779/715/720 780/716/721
f 780/716/721 782/718/723 781/717/722
f 783/719/724 781/717/722 782/718/723
f 786/720/725 785/721/726 784/722/727
f 787/723/728 784/722/727 785/721/726
f 784/722/727 787/723/728 788/724/729
f 789/725/730 788/724/729 787/723/728
f 792/726/731 791/381/732 790/727/733
f 793/387/734 790/727/733 791/381/732
f 790/727/733 793/387/734 794/728/735
f 795/388/736 794/728/735 793/387/734
f 795/388/736 796/395/737 794/728/735
f 797/729/738 794/728/735 796/395/737
f 796/395/737 798/392/739 797/729/738
f 799/730/740 797/729/738 798/392/739
f 802/731/741 801/732/742 800/733/743
f 803/734/744 800/733/743 801/732/742
f 803/734/744 804/735/745 800/733/743
f 805/736/746 800/733/743 804/735/745
f 808/732/747 807/737/748 806/734/749
f 809/738/750 806/734/749 807/737/748
f 809/738/750 810/739/751 806/734/749
f 811/735/752 806/734/749 810/739/751
f 814/740/753 813/741/754 812/742/755
f 815/743/756 812/742/755 813/741/754
f 812/742/755 815/743/756 816/744/757
f 817/726/758 816/744/757 815/743/756
f 816/744/757 817/726/758 818/745/759
f 819/727/760 818/745/759 817/726/758
f 818/745/759 819/727/760 820/746/761
f 821/728/762 820/746/761 819/727/760
f 821/728/762 822/729/763 820/746/761
f 823/747/764 820/746/761 822/729/763
f 822/729/763 824/730/765 823/747/764
f 825/748/766 823/747/764 824/730/765
f 824/730/765 826/749/767 825/748/766
f 827/750/768 825/748/766 826/749/767
f 826/749/767 828/751/769 827/750/768
f 829/752/770 827/750/768 828/751/769
f 832/753/771 831/754/772 830/755/773
f 833/756/774 830/755/773 831/754/772
f 833/756/774 834/757/775 830/755/773
f 835/758/776 830/755/773 834/757/775
f 838/759/777 837/760/778 836/761/779
f 839/762/780 836/761/779 837/760/778
f 836/761/779 839/762/780 840/763/781
f 841/764/782 840/763/781 839/762/780
f 840/763/781 841/764/782 842/765/783
f 843/766/784 842/765/783 841/764/782
f 846/767/785 845/768/786 844/769/787
f 847/770/787 844/769/787 845/768/786
f 847/770/787 848/771/788 844/769/787
f 849/772/789 844/769/787 848/771/788
f 852/773/790 851/774/672 850/775/791
f 853/776/792 850/775/791 851/774/672
f 851/774/672 854/777/674 853/776/792
f 855/778/793 853/776/792 854/777/674
f 853/776/792 856/779/794 850/775/791
f 856/779/794 853/776/792 855/778/793
f 857/780/795 850/775/791 856/779/794
f 858/781/796 856/779/794 855/778/793
f 856/779/794 858/781/796 857/780/795
f 859/782/797 858/781/796 855/778/793
f 860/783/798 857/780/795 858/781/796
f 858/781/796 859/782/797 860/783/798
f 861/784/799 860/783/798 859/782/797
f 864/785/800 863/786/684 862/787/801
f 865/788/802 862/787/801 863/786/684
f 863/786/684 866/789/686 865/788/802
f 865/788/802 867/790/803 862/787/801
f 868/791/804 862/787/801 867/790/803
f 869/792/805 865/788/802 866/789/686
f 866/789/686 870/793/690 869/792/805
f 867/790/803 871/794/806 868/791/804
f 872/795/807 868/791/804 871/794/806
f 871/794/806 867/790/803 873/796/808
f 874/797/809 873/796/808 867/790/803
f 867/790/803 865/788/802 874/797/809
f 869/792/805 874/797/809 865/788/802
f 874/797/809 869/792/805 875/798/810
f 876/799/811 869/792/805 870/793/690
f 876/799/811 875/798/810 869/792/805
f 870/793/690 877/800/812 876/799/811
f 875/798/810 876/799/811 878/801/813
f 879/802/814 876/799/811 877/800/812
f 879/802/814 878/801/813 876/799/811
f 882/803/700 881/804/702 880/805/815
f 883/806/816 880/805/815 881/804/702
f 881/804/702 884/807/817 883/806/816
f 885/808/818 883/806/816 884/807/817
f 885/808/818 886/809/819 883/806/816
f 887/810/820 883/806/816 886/809/819
f 887/810/820 880/805/815 883/806/816
f 886/809/819 888/811/821 887/810/820
f 889/812/822 880/805/815 887/810/820
f 889/812/822 887/810/820 888/811/821
f 890/813/823 880/805/815 889/812/822
f 888/811/821 891/814/824 889/812/822
f 890/813/823 889/812/822 891/814/824
f 894/815/825 893/816/826 892/817/827
f 895/818/828 892/817/827 893/816/826
f 893/816/826 896/819/829 895/818/828
f 892/817/827 895/818/828 897/820/830
f 898/821/831 895/818/828 896/819/829
f 899/822/832 897/820/830 895/818/828
f 895/818/828 898/821/831 899/822/832
f 900/823/833 899/822/832 898/821/831
f 899/822/832 900/823/833 901/824/834
f 902/825/835 901/824/834 900/823/833
f 901/824/834 902/825/835 903/826/836
f 904/827/837 903/826/836 902/825/835
f 907/828/838 906/829/839 905/830/840
f 908/831/841 905/830/840 906/829/839
f 906/829/839 909/832/842 908/831/841
f 910/833/843 908/831/841 909/832/842
f 913/834/844 912/835/845 911/836/846
f 914/837/847 911/836/846 912/835/845
f 912/835/845 915/838/848 914/837/847
f 916/839/849 914/837/847 915/838/848
f 915/838/848 917/840/850 916/839/849
f 918/841/851 916/839/849 917/840/850
f 921/763/852 920/842/852 919/761/852
f 922/843/852 919/761/852 920/842/852
f 925/765/853 924/844/854 923/763/854
f 926/842/854 923/763/854 924/844/854
f 929/845/855 928/846/856 927/847/856
f 930/848/856 927/847/856 928/846/856
f 933/849/857 932/850/857 931/845/857
f 934/846/858 931/845/857 932/850/857
f 937/838/859 936/851/860 935/840/860
f 938/852/860 935/840/860 936/851/860
f 941/835/861 940/853/861 939/838/861
f 942/851/861 939/838/861 940/853/861
f 945/834/862 944/854/862 943/835/862
f 946/853/862 943/835/862 944/854/862
f 949/855/863 948/856/863 947/857/863
f 950/858/863 947/857/863 948/856/863
f 953/859/864 952/860/864 951/855/864
f 954/856/864 951/855/864 952/860/864
f 957/761/865 956/843/865 955/759/865
f 958/861/866 955/759/865 956/843/865
f 961/862/867 960/863/868 959/653/869
f 962/654/870 959/653/869 960/863/868
f 965/864/871 964/865/872 963/866/873
f 966/867/874 963/866/873 964/865/872
f 969/868/875 968/869/876 967/864/877
f 970/865/878 967/864/877 968/869/876
f 973/659/879 972/660/880 971/870/881
f 974/871/882 971/870/881 972/660/880
f 977/650/883 976/872/884 975/646/885
f 978/873/886 975/646/885 976/872/884
f 981/651/887 980/874/888 979/650/889
f 982/872/890 979/650/889 980/874/888
f 985/875/891 984/876/892 983/877/891
f 986/878/893 983/877/891 984/876/892
f 989/879/894 988/880/895 987/881/896
f 990/882/897 987/881/896 988/880/895
f 988/880/895 991/883/898 990/882/897
f 992/884/899 990/882/897 991/883/898
f 991/883/898 993/885/900 992/884/899
f 994/886/901 992/884/899 993/885/900
f 997/887/902 996/888/903 995/889/904
f 998/890/905 995/889/904 996/888/903
f 1001/891/906 1000/892/907 999/893/908
f 1002/894/909 999/893/908 1000/892/907
f 1000/892/907 1003/895/910 1002/894/909
f 1004/896/911 1002/894/909 1003/895/910
f 1003/895/910 1005/897/912 1004/896/911
f 1006/898/913 1004/896/911 1005/897/912
f 1009/875/914 1008/899/915 1007/876/916
f 1010/900/916 1007/876/916 1008/899/915
f 1010/900/917 1012/901/918 1011/902/919
f 1013/903/920 1011/902/919 1012/901/918
f 1012/901/918 1010/900/917 1014/904/921
f 1015/899/922 1014/904/921 1010/900/917
f 1014/904/921 1015/899/922 1016/905/923
f 1017/906/924 1016/905/923 1015/899/922
f 1020/879/925 1019/907/926 1018/880/927
f 1021/908/927 1018/880/927 1019/907/926
f 1021/908/927 1022/909/928 1018/880/927
f 1023/883/928 1018/880/927 1022/909/928
f 1022/909/928 1024/910/929 1023/883/928
f 1025/885/929 1023/883/928 1024/910/929
f 1028/911/930 1027/887/931 1026/912/932
f 1029/889/933 1026/912/932 1027/887/931
f 1032/913/934 1031/914/935 1030/891/936
f 1033/892/935 1030/891/936 1031/914/935
f 1031/914/935 1034/915/937 1033/892/935
f 1035/895/937 1033/892/935 1034/915/937
f 1035/895/937 1034/915/937 1036/897/938
f 1037/916/939 1036/897/938 1034/915/937
f 1040/917/940 1039/918/941 1038/919/942
f 1039/918/941 1041/920/943 1038/919/942
f 1041/920/943 1042/921/942 1038/919/942
f 1042/921/942 1043/922/942 1038/919/942
f 1043/922/942 1044/923/944 1038/919/942
f 1044/923/944 1045/924/945 1038/919/942
f 1048/925/946 1047/926/947 1046/908/948
f 1049/909/949 1046/908/948 1047/926/947
f 1047/926/947 1050/927/950 1049/909/949
f 1051/910/951 1049/909/949 1050/927/950
f 1054/928/952 1053/911/953 1052/929/954
f 1055/912/955 1052/929/954 1053/911/953
f 1058/930/956 1057/931/957 1056/913/958
f 1059/914/959 1056/913/958 1057/931/957
f 1057/931/957 1060/932/960 1059/914/959
f 1061/915/961 1059/914/959 1060/932/960
f 1064/903/962 1063/901/963 1062/933/964
f 1065/934/965 1062/933/964 1063/901/963
f 1063/901/963 1066/904/966 1065/934/965
f 1067/935/967 1065/934/965 1066/904/966
f 1066/904/966 1068/905/968 1067/935/967
f 1069/936/969 1067/935/967 1068/905/968
f 1072/937/970 1071/938/971 1070/925/972
f 1073/926/973 1070/925/972 1071/938/971
f 1076/939/974 1075/940/975 1074/941/976
f 1077/929/977 1074/941/976 1075/940/975
f 1075/940/975 1078/942/978 1077/929/977
f 1079/928/979 1077/929/977 1078/942/978
f 1078/942/978 1080/943/980 1079/928/979
f 1081/944/981 1079/928/979 1080/943/980
f 1084/945/982 1083/946/983 1082/931/984
f 1085/932/985 1082/931/984 1083/946/983
f 1088/947/986 1087/948/987 1086/949/988
f 1089/950/989 1086/949/988 1087/948/987
f 1089/950/989 1087/948/987 1090/951/990
f 1091/952/991 1090/951/990 1087/948/987
f 1094/953/992 1093/954/993 1092/955/994
f 1095/956/995 1092/955/994 1093/954/993
f 1093/954/993 1096/957/996 1095/956/995
f 1097/958/997 1095/956/995 1096/957/996
f 1100/959/998 1099/960/999 1098/961/1000
f 1101/962/1001 1098/961/1000 1099/960/999
f 1098/961/1000 1101/962/1001 1102/963/1002
f 1103/964/1003 1102/963/1002 1101/962/1001
f 1106/965/1004 1105/966/1005 1104/967/1006
f 1107/968/1007 1104/967/1006 1105/966/1005
f 1105/966/1005 1108/969/1008 1107/968/1007
f 1109/970/1009 1107/968/1007 1108/969/1008
f 1112/971/1010 1111/972/1011 1110/973/1012
f 1113/974/1013 1110/973/1012 1111/972/1011
f 1110/973/1012 1113/974/1013 1114/975/1014
f 1115/976/1015 1114/975/1014 1113/974/1013
f 1118/977/1016 1117/978/1017 1116/979/1018
f 1119/980/1019 1116/979/1018 1117/978/1017
f 1117/978/1017 1120/981/1020 1119/980/1019
f 1121/982/1021 1119/980/1019 1120/981/1020
f 1124/983/1022 1123/984/1023 1122/985/1024
f 1125/986/1025 1122/985/1024 1123/984/1023
f 1128/987/1026 1127/988/1027 1126/989/1028
f 1129/990/1029 1126/989/1028 1127/988/1027
f 1132/991/1030 1131/992/1030 1130/993/1030
f 1133/994/1030 1130/993/1030 1131/992/1030
f 1136/994/1031 1135/992/1031 1134/995/1031
f 1137/996/1031 1134/995/1031 1135/992/1031
f 1140/997/1032 1139/998/1032 1138/999/1032
f 1141/1000/1032 1138/999/1032 1139/998/1032
f 1144/998/1033 1143/1001/1033 1142/1000/1033
f 1145/1002/1033 1142/1000/1033 1143/1001/1033
f 1148/1003/1034 1147/1004/1034 1146/1005/1034
f 1149/1006/1034 1146/1005/1034 1147/1004/1034
f 1152/1007/623 1151/1008/623 1150/1009/623
f 1153/1010/623 1150/1009/623 1151/1008/623
f 1151/1008/623 1154/1011/623 1153/1010/623
f 1155/1012/623 1153/1010/623 1154/1011/623
f 1154/1011/623 1156/1013/623 1155/1012/623
f 1156/1013/623 1157/1014/623 1155/1012/623
f 1158/1015/623 1157/1014/623 1156/1013/623
f 1161/1016/1035 1160/1017/1035 1159/1018/1035
f 1162/1019/1035 1159/1018/1035 1160/1017/1035
f 1165/1020/1036 1164/1021/1036 1163/1022/1036
f 1166/1023/1036 1163/1022/1036 1164/1021/1036
f 1169/1024/1037 1168/1025/1037 1167/1020/1037
f 1170/1021/1037 1167/1020/1037 1168/1025/1037
f 1173/1026/1038 1172/1027/1038 1171/1028/1038
f 1174/1029/1038 1171/1028/1038 1172/1027/1038
f 1172/1027/1038 1175/1030/1038 1174/1029/1038
f 1176/1031/1038 1174/1029/1038 1175/1030/1038
f 1175/1030/1038 1177/1032/1038 1176/1031/1038
f 1178/1033/1038 1177/1032/1038 1175/1030/1038
f 1179/1034/1038 1177/1032/1038 1178/1033/1038
f 1182/1035/1039 1181/1036/1040 1180/1037/1041
f 1183/1038/1041 1180/1037/1041 1181/1036/1040
f 1183/1038/1041 1184/1039/1042 1180/1037/1041
f 1185/1040/1042 1180/1037/1041 1184/1039/1042
f 1185/1040/1042 1184/1039/1042 1186/1041/1043
f 1187/1042/1044 1186/1041/1043 1184/1039/1042
f 1190/1043/1045 1189/1044/1045 1188/1045/1046
f 1191/1046/1046 1188/1045/1046 1189/1044/1045
f 1188/1045/1046 1191/1046/1046 1192/1047/1047
f 1193/1048/1048 1192/1047/1047 1191/1046/1046
f 1196/1049/1049 1195/1050/1050 1194/1051/1051
f 1197/1052/1038 1194/1051/1051 1195/1050/1050
f 1194/1051/1051 1197/1052/1038 1198/1053/1052
f 1199/1054/1053 1198/1053/1052 1197/1052/1038
f 1202/1055/1054 1201/1056/1054 1200/1057/1055
f 1203/1058/1055 1200/1057/1055 1201/1056/1054
f 1200/1057/1055 1203/1058/1055 1204/1059/1056
f 1205/1060/1057 1204/1059/1056 1203/1058/1055
f 1208/1061/1058 1207/1062/1058 1206/1063/1058
f 1209/1064/1058 1206/1063/1058 1207/1062/1058
f 1212/1065/1059 1211/1066/1059 1210/1061/1059
f 1213/1062/1059 1210/1061/1059 1211/1066/1059
f 1216/1067/1060 1215/1068/1060 1214/1069/1060
f 1217/1070/1060 1214/1069/1060 1215/1068/1060
f 1220/1071/1061 1219/1072/1061 1218/1067/1061
f 1221/1068/1061 1218/1067/1061 1219/1072/1061
f 1224/1073/1062 1223/1074/1062 1222/1071/1062
f 1225/1072/1062 1222/1071/1062 1223/1074/1062
f 1228/1075/623 1227/1076/623 1226/1077/623
f 1229/1078/623 1226/1077/623 1227/1076/623
f 1229/1078/623 1227/1076/623 1230/1079/623
f 1231/1080/623 1230/1079/623 1227/1076/623
f 1231/1080/623 1232/1081/623 1230/1079/623
f 1233/1082/623 1232/1081/623 1231/1080/623
f 1234/1083/623 1232/1081/623 1233/1082/623
f 1237/1084/1063 1236/1085/1063 1235/1086/1063
f 1238/1087/1063 1235/1086/1063 1236/1085/1063
f 1241/1088/1064 1240/1089/1064 1239/1084/1064
f 1242/1085/1064 1239/1084/1064 1240/1089/1064
f 1245/1090/1065 1244/1091/1065 1243/1088/1065
f 1246/1089/1065 1243/1088/1065 1244/1091/1065
f 1249/1092/1038 1248/1093/1038 1247/1094/1038
f 1250/1095/1038 1247/1094/1038 1248/1093/1038
f 1250/1095/1038 1251/1096/1038 1247/1094/1038
f 1252/1097/1038 1247/1094/1038 1251/1096/1038
f 1251/1096/1038 1253/1098/1038 1252/1097/1038
f 1253/1098/1038 1254/1099/1038 1252/1097/1038
f 1255/1100/1038 1254/1099/1038 1253/1098/1038
f 1258/1101/1066 1257/1102/1066 1256/1103/1067
f 1259/1104/1068 1256/1103/1067 1257/1102/1066
f 1256/1103/1067 1259/1104/1068 1260/1105/1069
f 1261/1106/1070 1260/1105/1069 1259/1104/1068
f 1260/1105/1069 1261/1106/1070 1262/1107/1071
f 1263/1108/1072 1262/1107/1071 1261/1106/1070
f 1266/1109/1073 1265/1110/1073 1264/1111/1074
f 1267/1112/1074 1264/1111/1074 1265/1110/1073
f 1264/1111/1074 1267/1112/1074 1268/1113/1075
f 1269/1114/1076 1268/1113/1075 1267/1112/1074
f 1272/1115/1077 1271/1116/1078 1270/1117/623
f 1273/1118/623 1270/1117/623 1271/1116/1078
f 1270/1117/623 1273/1118/623 1274/1119/1079
f 1275/1120/1079 1274/1119/1079 1273/1118/623
f 1278/1121/1080 1277/1122/1081 1276/1123/1082
f 1279/1124/1082 1276/1123/1082 1277/1122/1081
f 1276/1123/1082 1279/1124/1082 1280/1125/1083
f 1281/1126/1083 1280/1125/1083 1279/1124/1082
f 1284/1127/1084 1283/1128/1085 1282/1129/1086
f 1285/1130/1087 1282/1129/1086 1283/1128/1085
f 1283/1128/1085 1286/1131/1088 1285/1130/1087
f 1287/1132/1089 1285/1130/1087 1286/1131/1088
f 1290/1133/1090 1289/1134/1091 1288/1135/1092
f 1291/1136/1091 1288/1135/1092 1289/1134/1091
f 1294/1137/1093 1293/1138/1093 1292/1139/1093
f 1295/1140/1093 1292/1139/1093 1293/1138/1093
f 1298/1138/1094 1297/1141/1094 1296/1140/1094
f 1299/1142/1094 1296/1140/1094 1297/1141/1094
f 1302/1143/1095 1301/1144/1096 1300/1145/1097
f 1303/1146/1096 1300/1145/1097 1301/1144/1096
f 1301/1144/1096 1304/1147/1098 1303/1146/1096
f 1305/1148/1099 1303/1146/1096 1304/1147/1098
f 1308/1149/1100 1307/1150/1101 1306/1151/1102
f 1309/1152/1101 1306/1151/1102 1307/1150/1101
f 1312/1153/1103 1311/1154/1104 1310/1155/1103
f 1313/1156/1104 1310/1155/1103 1311/1154/1104
f 1316/1154/1105 1315/1157/1106 1314/1156/1105
f 1317/1158/1106 1314/1156/1105 1315/1157/1106
f 1320/1159/1107 1319/1160/1107 1318/1161/1108
f 1321/1162/1109 1318/1161/1108 1319/1160/1107
f 1322/1163/1110 1318/1161/1108 1321/1162/1109
f 1323/1164/1111 1322/1163/1110 1321/1162/1109
f 1324/1165/1112 1318/1161/1108 1322/1163/1110
f 1327/1166/1113 1326/1167/1113 1325/1168/1113
f 1328/1169/1114 1325/1168/1113 1326/1167/1113
f 1331/1170/1115 1330/1171/1115 1329/1172/1115
f 1332/1173/1115 1329/1172/1115 1330/1171/1115
f 1335/1174/1116 1334/1175/1116 1333/1176/1117
f 1336/1177/1118 1333/1176/1117 1334/1175/1116
f 1337/1178/1119 1333/1176/1117 1336/1177/1118
f 1338/1179/1120 1337/1178/1119 1336/1177/1118
f 1339/1180/1121 1333/1176/1117 1337/1178/1119
f 1342/1181/1122 1341/1182/1122 1340/1183/1122
f 1343/1184/1123 1340/1183/1122 1341/1182/1122
f 1346/1185/1124 1345/1186/1125 1344/1187/1125
f 1347/1188/1125 1344/1187/1125 1345/1186/1125
f 1350/1189/1126 1349/1190/1126 1348/1191/1126
f 1351/1192/1126 1348/1191/1126 1349/1190/1126
f 1354/1193/1127 1353/1194/1127 1352/1195/1127
f 1355/1196/1127 1352/1195/1127 1353/1194/1127
f 1358/1197/1128 1357/1198/1128 1356/1199/1128
f 1359/1200/1128 1356/1199/1128 1357/1198/1128
f 1362/1201/1129 1361/1202/1129 1360/1203/1129
f 1363/1204/1129 1360/1203/1129 1361/1202/1129
f 1366/1205/1130 1365/1206/1131 1364/1207/1132
f 1366/1205/1130 1367/1208/1133 1365/1206/1131
f 1367/1208/1133 1368/1209/1134 1365/1206/1131
f 1369/1210/1135 1365/1206/1131 1368/1209/1134
f 1369/1210/1135 1370/1211/1136 1365/1206/1131
f 1371/1212/1137 1365/1206/1131 1370/1211/1136
f 1371/1212/1137 1372/1213/1138 1365/1206/1131
f 1373/1214/1139 1365/1206/1131 1372/1213/1138
f 1376/1215/1140 1375/1216/1141 1374/1217/1142
f 1377/1218/1143 1374/1217/1142 1375/1216/1141
f 1374/1217/1142 1377/1218/1143 1378/1151/1144
f 1379/1219/1145 1378/1151/1144 1377/1218/1143
f 1382/1148/1146 1381/1220/1147 1380/1146/1148
f 1383/1221/1149 1380/1146/1148 1381/1220/1147
f 1380/1146/1148 1383/1221/1149 1384/1145/1150
f 1385/1222/1151 1384/1145/1150 1383/1221/1149
f 1388/1223/1152 1387/1224/1153 1386/1225/1154
f 1389/1226/1155 1386/1225/1154 1387/1224/1153
f 1389/1226/1155 1387/1224/1153 1390/1135/1156
f 1391/1227/1157 1390/1135/1156 1387/1224/1153
f 1394/1228/1158 1393/1229/1159 1392/1127/1160
f 1395/1128/1161 1392/1127/1160 1393/1229/1159
f 1395/1128/1161 1393/1229/1159 1396/1131/1162
f 1397/1230/1163 1396/1131/1162 1393/1229/1159
f 1400/1231/1164 1399/1232/1165 1398/1233/1166
f 1398/1233/1166 1401/1234/1167 1400/1231/1164
f 1401/1234/1167 1402/1235/1168 1400/1231/1164
f 1403/1236/1169 1400/1231/1164 1402/1235/1168
f 1403/1236/1169 1404/1237/1170 1400/1231/1164
f 1405/1238/1171 1400/1231/1164 1404/1237/1170
f 1405/1238/1171 1406/1239/1172 1400/1231/1164
f 1407/1240/1173 1400/1231/1164 1406/1239/1172
f 1410/1241/1174 1409/1242/1175 1408/1243/1176
f 1411/1244/1176 1408/1243/1176 1409/1242/1175
f 1408/1243/1176 1411/1244/1176 1412/1245/1177
f 1413/1246/1178 1412/1245/1177 1411/1244/1176
f 1416/1247/1179 1415/1248/1180 1414/1249/1181
f 1417/1250/1181 1414/1249/1181 1415/1248/1180
f 1414/1249/1181 1417/1250/1181 1418/1251/1182
f 1419/1252/1183 1418/1251/1182 1417/1250/1181
f 1422/1253/1184 1421/1254/1185 1420/1255/1186
f 1423/1256/1186 1420/1255/1186 1421/1254/1185
f 1420/1255/1186 1423/1256/1186 1424/1257/1187
f 1425/1258/1188 1424/1257/1187 1423/1256/1186
f 1428/1259/1189 1427/1260/1190 1426/1261/1191
f 1429/1262/1191 1426/1261/1191 1427/1260/1190
f 1426/1261/1191 1429/1262/1191 1430/1263/1192
f 1431/1264/1193 1430/1263/1192 1429/1262/1191
f 1434/1265/1194 1433/1266/1195 1432/1267/1195
f 1433/1266/1195 1435/1268/1195 1432/1267/1195
f 1432/1267/1195 1435/1268/1195 1436/1269/1195
f 1437/1270/1195 1435/1268/1195 1433/1266/1195
f 1438/1271/1195 1435/1268/1195 1437/1270/1195
f 1439/1272/1195 1435/1268/1195 1438/1271/1195
f 1442/1273/1196 1441/1274/1197 1440/1275/1196
f 1443/1215/1198 1440/1275/1196 1441/1274/1197
f 1446/1276/1199 1445/1277/1200 1444/1278/1199
f 1447/1225/1200 1444/1278/1199 1445/1277/1200
f 1450/1174/1201 1449/1279/945 1448/1175/1202
f 1451/1280/1203 1448/1175/1202 1449/1279/945
f 1451/1280/1203 1449/1279/945 1452/1281/942
f 1453/1282/1204 1452/1281/942 1449/1279/945
f 1452/1281/942 1453/1282/1204 1454/1283/942
f 1455/1284/1205 1454/1283/942 1453/1282/1204
f 1455/1284/1205 1456/1160/1206 1454/1283/942
f 1457/1159/1207 1454/1283/942 1456/1160/1206
f 1460/1285/1208 1459/1286/1209 1458/1287/1210
f 1461/1288/1211 1458/1287/1210 1459/1286/1209
f 1459/1286/1209 1462/1289/1212 1461/1288/1211
f 1458/1287/1210 1461/1288/1211 1463/1290/1213
f 1464/1291/1214 1461/1288/1211 1462/1289/1212
f 1465/1292/1215 1463/1290/1213 1461/1288/1211
f 1464/1291/1214 1466/1293/1216 1461/1288/1211
f 1465/1292/1215 1461/1288/1211 1466/1293/1216
f 1469/1294/1217 1468/1295/1218 1467/1296/1219
f 1470/1297/1220 1467/1296/1219 1468/1295/1218
f 1470/1297/1220 1468/1295/1218 1471/1298/1221
f 1472/1299/1222 1471/1298/1221 1468/1295/1218
f 1471/1298/1221 1472/1299/1222 1473/1300/1223
f 1474/1301/1224 1473/1300/1223 1472/1299/1222
f 1473/1300/1223 1474/1301/1224 1475/1302/1225
f 1476/1303/1226 1475/1302/1225 1474/1301/1224
f 1475/1302/1225 1476/1303/1226 1477/1304/1227
f 1478/1305/1228 1477/1304/1227 1476/1303/1226
f 1478/1305/1228 1479/1306/1229 1477/1304/1227
f 1480/1307/1230 1477/1304/1227 1479/1306/1229
f 1483/1308/1231 1482/1309/1232 1481/1310/1233
f 1484/1311/1234 1481/1310/1233 1482/1309/1232
f 1481/1310/1233 1484/1311/1234 1485/1312/1235
f 1486/1313/1236 1485/1312/1235 1484/1311/1234
f 1484/1311/1234 1482/1309/1232 1487/1314/1237
f 1484/1311/1234 1487/1314/1237 1486/1313/1236
f 1488/1315/1238 1487/1314/1237 1482/1309/1232
f 1489/1316/1239 1486/1313/1236 1487/1314/1237
f 1492/1317/1240 1491/1318/1241 1490/1319/1242
f 1493/1320/1243 1490/1319/1242 1491/1318/1241
f 1493/1320/1243 1491/1318/1241 1494/1321/1244
f 1495/1322/1245 1494/1321/1244 1491/1318/1241
f 1494/1321/1244 1495/1322/1245 1496/1323/1246
f 1497/1324/1247 1496/1323/1246 1495/1322/1245
f 1496/1323/1246 1497/1324/1247 1498/1325/1248
f 1499/1326/1249 1498/1325/1248 1497/1324/1247
f 1498/1325/1248 1499/1326/1249 1500/1327/1250
f 1501/1328/1251 1500/1327/1250 1499/1326/1249
f 1501/1328/1251 1502/1329/1252 1500/1327/1250
f 1503/1330/1253 1500/1327/1250 1502/1329/1252
f 1506/1331/1254 1505/1332/1255 1504/1333/1256
f 1507/1334/1257 1504/1333/1256 1505/1332/1255
f 1505/1332/1255 1508/1335/1258 1507/1334/1257
f 1509/1336/1259 1507/1334/1257 1508/1335/1258
f 1507/1334/1257 1510/1337/1260 1504/1333/1256
f 1507/1334/1257 1509/1336/1259 1510/1337/1260
f 1511/1338/1261 1504/1333/1256 1510/1337/1260
f 1512/1339/1262 1510/1337/1260 1509/1336/1259
f 1515/1340/1263 1514/1341/1264 1513/1342/1265
f 1516/1343/1038 1513/1342/1265 1514/1341/1264
f 1514/1341/1264 1517/1344/1266 1516/1343/1038
f 1513/1342/1265 1516/1343/1038 1518/1345/1267
f 1519/1346/1268 1516/1343/1038 1517/1344/1266
f 1520/1347/1269 1518/1345/1267 1516/1343/1038
f 1516/1343/1038 1519/1346/1268 1520/1347/1269
f 1521/1348/1270 1520/1347/1269 1519/1346/1268
f 1524/1349/1271 1523/1350/1272 1522/1351/1273
f 1525/1352/1274 1522/1351/1273 1523/1350/1272
f 1523/1350/1272 1526/1353/1275 1525/1352/1274
f 1527/1354/1276 1525/1352/1274 1526/1353/1275
f 1527/1354/1276 1528/1355/1277 1525/1352/1274
f 1529/1356/1278 1525/1352/1274 1528/1355/1277
f 1525/1352/1274 1529/1356/1278 1522/1351/1273
f 1530/1357/1279 1522/1351/1273 1529/1356/1278
f 1533/1358/1280 1532/1359/1280 1531/1360/1281
f 1534/1361/1281 1531/1360/1281 1532/1359/1280
f 1531/1360/1281 1534/1361/1281 1535/1362/1282
f 1536/1363/1282 1535/1362/1282 1534/1361/1281
f 1539/1364/1283 1538/1365/1283 1537/1366/1283
f 1540/1367/1283 1537/1366/1283 1538/1365/1283
f 1537/1366/1283 1540/1367/1283 1541/1368/1283
f 1542/1369/1283 1541/1368/1283 1540/1367/1283
f 1545/1370/1284 1544/1371/1284 1543/1372/1284
f 1546/1373/1284 1543/1372/1284 1544/1371/1284
f 1543/1372/1284 1546/1373/1284 1547/1374/1284
f 1548/1375/1284 1547/1374/1284 1546/1373/1284
f 1551/1376/1285 1550/1377/1285 1549/1378/1286
f 1552/1379/1286 1549/1378/1286 1550/1377/1285
f 1549/1378/1286 1552/1379/1286 1553/1380/1287
f 1554/1381/1287 1553/1380/1287 1552/1379/1286
f 1557/1382/1288 1556/1383/1288 1555/1384/1289
f 1558/1385/1289 1555/1384/1289 1556/1383/1288
f 1561/1386/1290 1560/1387/1291 1559/1388/1292
f 1562/1389/1293 1559/1388/1292 1560/1387/1291
f 1559/1388/1292 1562/1389/1293 1563/1390/1294
f 1564/1391/1295 1563/1390/1294 1562/1389/1293
f 1563/1390/1294 1564/1391/1295 1565/1392/1296
f 1566/1393/1297 1565/1392/1296 1564/1391/1295
f 1569/1394/1298 1568/1395/1299 1567/1396/1300
f 1570/1397/1301 1567/1396/1300 1568/1395/1299
f 1573/1398/1302 1572/1399/1303 1571/1400/1304
f 1574/1401/1305 1571/1400/1304 1572/1399/1303
f 1571/1400/1304 1574/1401/1305 1575/1402/1306
f 1576/1403/1307 1575/1402/1306 1574/1401/1305
f 1575/1402/1306 1576/1403/1307 1577/1404/1308
f 1578/1405/1309 1577/1404/1308 1576/1403/1307
f 1581/1385/1310 1580/1383/1311 1579/1406/1312
f 1582/1407/1311 1579/1406/1312 1580/1383/1311
f 1582/1407/1313 1584/1408/1314 1583/1409/1315
f 1585/1410/1316 1583/1409/1315 1584/1408/1314
f 1583/1409/1315 1586/1411/1317 1582/1407/1313
f 1587/1406/1318 1582/1407/1313 1586/1411/1317
f 1586/1411/1317 1588/1412/1319 1587/1406/1318
f 1589/1413/1320 1587/1406/1318 1588/1412/1319
f 1592/1386/1321 1591/1388/1322 1590/1414/1323
f 1593/1415/1322 1590/1414/1323 1591/1388/1322
f 1593/1415/1322 1591/1388/1322 1594/1416/1324
f 1595/1390/1324 1594/1416/1324 1591/1388/1322
f 1594/1416/1324 1595/1390/1324 1596/1417/1325
f 1597/1392/1325 1596/1417/1325 1595/1390/1324
f 1600/1396/1326 1599/1397/1327 1598/1418/1328
f 1601/1419/1329 1598/1418/1328 1599/1397/1327
f 1604/1420/1330 1603/1398/1331 1602/1421/1332
f 1605/1400/1332 1602/1421/1332 1603/1398/1331
f 1602/1421/1332 1605/1400/1332 1606/1422/1333
f 1607/1402/1333 1606/1422/1333 1605/1400/1332
f 1607/1402/1333 1608/1404/1334 1606/1422/1333
f 1609/1423/1335 1606/1422/1333 1608/1404/1334
f 1612/1424/1336 1611/1425/1337 1610/1426/1337
f 1611/1425/1337 1613/1427/1338 1610/1426/1337
f 1613/1427/1338 1614/1428/1339 1610/1426/1337
f 1614/1428/1339 1615/1429/1339 1610/1426/1337
f 1615/1429/1339 1616/1430/1340 1610/1426/1337
f 1616/1430/1340 1617/1431/1341 1610/1426/1337
f 1620/1432/1342 1619/1415/1343 1618/1433/1344
f 1621/1416/1345 1618/1433/1344 1619/1415/1343
f 1618/1433/1344 1621/1416/1345 1622/1434/1346
f 1623/1417/1347 1622/1434/1346 1621/1416/1345
f 1626/1418/1348 1625/1419/1349 1624/1435/1350
f 1627/1436/1351 1624/1435/1350 1625/1419/1349
f 1630/1437/1352 1629/1420/1353 1628/1438/1354
f 1631/1421/1355 1628/1438/1354 1629/1420/1353
f 1628/1438/1354 1631/1421/1355 1632/1439/1356
f 1633/1422/1357 1632/1439/1356 1631/1421/1355
f 1636/1410/1358 1635/1440/1359 1634/1409/1360
f 1637/1441/1361 1634/1409/1360 1635/1440/1359
f 1634/1409/1360 1637/1441/1361 1638/1411/1362
f 1639/1442/1363 1638/1411/1362 1637/1441/1361
f 1638/1411/1362 1639/1442/1363 1640/1412/1364
f 1641/1443/1365 1640/1412/1364 1639/1442/1363
f 1644/1433/1366 1643/1444/1367 1642/1432/1368
f 1645/1445/1369 1642/1432/1368 1643/1444/1367
f 1648/1446/1370 1647/1447/1371 1646/1448/1372
f 1649/1435/1373 1646/1448/1372 1647/1447/1371
f 1646/1448/1372 1649/1435/1373 1650/1449/1374
f 1651/1436/1375 1650/1449/1374 1649/1435/1373
f 1650/1449/1374 1651/1436/1375 1652/1450/1376
f 1653/1451/1377 1652/1450/1376 1651/1436/1375
f 1656/1439/1378 1655/1452/1379 1654/1438/1380
f 1657/1453/1381 1654/1438/1380 1655/1452/1379
f 1660/1454/1382 1659/1455/1383 1658/1456/1384
f 1661/1457/1385 1658/1456/1384 1659/1455/1383
f 1661/1457/1385 1662/1458/1386 1658/1456/1384
f 1663/1459/1387 1658/1456/1384 1662/1458/1386
f 1666/1460/1388 1665/1461/1389 1664/1462/1390
f 1667/1463/1391 1664/1462/1390 1665/1461/1389
f 1664/1462/1390 1667/1463/1391 1668/1464/1392
f 1669/1465/1393 1668/1464/1392 1667/1463/1391
f 1672/1466/1394 1671/1467/1395 1670/1468/1396
f 1673/1469/1397 1670/1468/1396 1671/1467/1395
f 1671/1467/1395 1674/1470/1398 1673/1469/1397
f 1675/1471/1399 1673/1469/1397 1674/1470/1398
f 1678/1472/1400 1677/1473/1401 1676/1474/1402
f 1679/1475/1403 1676/1474/1402 1677/1473/1401
f 1676/1474/1402 1679/1475/1403 1680/1476/1404
f 1681/1477/1405 1680/1476/1404 1679/1475/1403
f 1684/1478/1406 1683/1479/1407 1682/1480/1408
f 1685/1481/1409 1682/1480/1408 1683/1479/1407
f 1683/1479/1407 1686/1482/1410 1685/1481/1409
f 1687/1483/1411 1685/1481/1409 1686/1482/1410
f 1690/1484/1412 1689/1485/1413 1688/1486/1414
f 1691/1487/1415 1688/1486/1414 1689/1485/1413
f 1688/1486/1414 1691/1487/1415 1692/1488/1416
f 1693/1489/1417 1692/1488/1416 1691/1487/1415
f 1696/1490/1418 1695/1491/1419 1694/1492/1420
f 1697/1493/1421 1694/1492/1420 1695/1491/1419
f 1700/1494/1422 1699/1495/1423 1698/1496/1424
f 1701/1497/1425 1698/1496/1424 1699/1495/1423
f 1704/1498/1426 1703/1499/1426 1702/1500/1426
f 1705/1501/1426 1702/1500/1426 1703/1499/1426
f 1708/1502/1427 1707/1499/1427 1706/1503/1427
f 1709/1498/1427 1706/1503/1427 1707/1499/1427
f 1712/1504/1428 1711/1505/1428 1710/1506/1428
f 1713/1507/1428 1710/1506/1428 1711/1505/1428
f 1716/1508/1429 1715/1509/1429 1714/1504/1429
f 1717/1505/1429 1714/1504/1429 1715/1509/1429
f 1720/1510/1430 1719/1511/1430 1718/1512/1430
f 1721/1513/1430 1718/1512/1430 1719/1511/1430
f 1724/1514/623 1723/1515/623 1722/1516/623
f 1725/1517/623 1722/1516/623 1723/1515/623
f 1722/1516/623 1725/1517/623 1726/1518/623
f 1727/1519/623 1726/1518/623 1725/1517/623
f 1728/1520/623 1726/1518/623 1727/1519/623
f 1729/1521/623 1728/1520/623 1727/1519/623
f 1730/1522/623 1728/1520/623 1729/1521/623
f 1733/1523/1431 1732/1524/1431 1731/1525/1431
f 1734/1526/1431 1731/1525/1431 1732/1524/1431
f 1737/1527/1432 1736/1528/1432 1735/1529/1432
f 1738/1530/1432 1735/1529/1432 1736/1528/1432
f 1741/1528/1433 1740/1531/1433 1739/1530/1433
f 1742/1532/1433 1739/1530/1433 1740/1531/1433
f 1745/1533/1038 1744/1534/1038 1743/1535/1038
f 1746/1536/1038 1743/1535/1038 1744/1534/1038
f 1743/1535/1038 1746/1536/1038 1747/1537/1038
f 1748/1538/1038 1747/1537/1038 1746/1536/1038
f 1749/1539/1038 1747/1537/1038 1748/1538/1038
f 1750/1540/1038 1747/1537/1038 1749/1539/1038
f 1751/1541/1038 1750/1540/1038 1749/1539/1038
f 1754/1542/1434 1753/1543/1435 1752/1544/1436
f 1755/1545/1435 1752/1544/1436 1753/1543/1435
f 1755/1545/1435 1753/1543/1435 1756/1546/1437
f 1757/1547/1437 1756/1546/1437 1753/1543/1435
f 1757/1547/1437 1758/1548/1438 1756/1546/1437
f 1759/1549/1439 1756/1546/1437 1758/1548/1438
f 1762/1550/1440 1761/1551/1441 1760/1552/1440
f 1763/1553/1441 1760/1552/1440 1761/1551/1441
f 1761/1551/1441 1764/1554/1442 1763/1553/1441
f 1765/1555/1443 1763/1553/1441 1764/1554/1442
f 1768/1556/1444 1767/1557/1445 1766/1558/1446
f 1769/1559/1038 1766/1558/1446 1767/1557/1445
f 1767/1557/1445 1770/1560/1447 1769/1559/1038
f 1771/1561/1447 1769/1559/1038 1770/1560/1447
f 1774/1562/1448 1773/1563/1449 1772/1564/1450
f 1775/1565/1449 1772/1564/1450 1773/1563/1449
f 1773/1563/1449 1776/1566/1451 1775/1565/1449
f 1777/1567/1452 1775/1565/1449 1776/1566/1451
f 1780/1568/1453 1779/1569/1453 1778/1570/1453
f 1781/1571/1453 1778/1570/1453 1779/1569/1453
f 1784/1569/1454 1783/1572/1454 1782/1571/1454
f 1785/1573/1454 1782/1571/1454 1783/1572/1454
f 1788/1574/1455 1787/1575/1455 1786/1576/1455
f 1789/1577/1455 1786/1576/1455 1787/1575/1455
f 1792/1575/1456 1791/1578/1456 1790/1577/1456
f 1793/1579/1456 1790/1577/1456 1791/1578/1456
f 1796/1578/1457 1795/1580/1457 1794/1579/1457
f 1797/1581/1457 1794/1579/1457 1795/1580/1457
f 1800/1582/623 1799/1583/623 1798/1584/623
f 1801/1585/623 1798/1584/623 1799/1583/623
f 1801/1585/623 1802/1586/623 1798/1584/623
f 1803/1587/623 1798/1584/623 1802/1586/623
f 1804/1588/623 1803/1587/623 1802/1586/623
f 1805/1589/623 1803/1587/623 1804/1588/623
f 1806/1590/623 1805/1589/623 1804/1588/623
f 1809/1591/1458 1808/1592/1458 1807/1593/1458
f 1810/1594/1458 1807/1593/1458 1808/1592/1458
f 1813/1592/1459 1812/1595/1459 1811/1594/1459
f 1814/1596/1459 1811/1594/1459 1812/1595/1459
f 1817/1595/1460 1816/1597/1460 1815/1596/1460
f 1818/1598/1460 1815/1596/1460 1816/1597/1460
f 1821/1599/1038 1820/1600/1038 1819/1601/1038
f 1822/1602/1038 1819/1601/1038 1820/1600/1038
f 1822/1602/1038 1820/1600/1038 1823/1603/1038
f 1824/1604/1038 1823/1603/1038 1820/1600/1038
f 1825/1605/1038 1823/1603/1038 1824/1604/1038
f 1826/1606/1038 1825/1605/1038 1824/1604/1038
f 1827/1607/1038 1825/1605/1038 1826/1606/1038
f 1830/1608/1461 1829/1609/1462 1828/1610/1461
f 1831/1611/1463 1828/1610/1461 1829/1609/1462
f 1829/1609/1462 1832/1612/1464 1831/1611/1463
f 1833/1613/1465 1831/1611/1463 1832/1612/1464
f 1832/1612/1464 1834/1614/1466 1833/1613/1465
f 1835/1615/1467 1833/1613/1465 1834/1614/1466
f 1838/1616/1468 1837/1617/1469 1836/1618/1468
f 1839/1619/1469 1836/1618/1468 1837/1617/1469
f 1837/1617/1469 1840/1620/1470 1839/1619/1469
f 1841/1621/1470 1839/1619/1469 1840/1620/1470
f 1844/1622/1471 1843/1623/623 1842/1624/1472
f 1845/1625/623 1842/1624/1472 1843/1623/623
f 1843/1623/623 1846/1626/1473 1845/1625/623
f 1847/1627/1474 1845/1625/623 1846/1626/1473
f 1850/1628/1475 1849/1629/1476 1848/1630/1475
f 1851/1631/1476 1848/1630/1475 1849/1629/1476
f 1849/1629/1476 1852/1632/1477 1851/1631/1476
f 1853/1633/1477 1851/1631/1476 1852/1632/1477
f 1856/1634/1478 1855/1635/1479 1854/1636/1480
f 1857/1637/1481 1854/1636/1480 1855/1635/1479
f 1854/1636/1480 1857/1637/1481 1858/1638/1482
f 1859/1639/1483 1858/1638/1482 1857/1637/1481
f 1862/1166/1484 1861/1167/1484 1860/1640/1485
f 1863/1641/1486 1860/1640/1485 1861/1167/1484
f 1866/1642/1487 1865/1643/1487 1864/1644/1487
f 1867/1645/1487 1864/1644/1487 1865/1643/1487
f 1870/1646/1488 1869/1647/1488 1868/1642/1488
f 1871/1643/1488 1868/1642/1488 1869/1647/1488
f 1874/1648/1489 1873/1649/1490 1872/1650/1491
f 1875/1651/1491 1872/1650/1491 1873/1649/1490
f 1872/1650/1491 1875/1651/1491 1876/1652/1492
f 1877/1653/1493 1876/1652/1492 1875/1651/1491
f 1880/1181/1494 1879/1182/1494 1878/1654/1495
f 1881/1655/1496 1878/1654/1495 1879/1182/1494
f 1884/1656/1497 1883/1657/1497 1882/1658/1498
f 1885/1659/1498 1882/1658/1498 1883/1657/1497
f 1888/1660/1499 1887/1661/1499 1886/1656/1500
f 1889/1657/1500 1886/1656/1500 1887/1661/1499
f 1892/1662/1501 1891/1663/1502 1890/1664/1501
f 1893/1665/1503 1890/1664/1501 1891/1663/1502
f 1891/1663/1502 1894/1666/1504 1893/1665/1503
f 1894/1666/1504 1895/1667/1505 1893/1665/1503
f 1891/1663/1502 1896/1668/1506 1894/1666/1504
f 1899/1669/1507 1898/1134/1508 1897/1670/1508
f 1900/1136/1508 1897/1670/1508 1898/1134/1508
f 1903/1276/1509 1902/1671/1509 1901/1278/1509
f 1904/1672/1509 1901/1278/1509 1902/1671/1509
f 1907/1673/1510 1906/1674/1511 1905/1675/1510
f 1908/1676/1512 1905/1675/1510 1906/1674/1511
f 1906/1674/1511 1909/1677/1513 1908/1676/1512
f 1909/1677/1513 1910/1678/1514 1908/1676/1512
f 1906/1674/1511 1911/1679/1515 1909/1677/1513
f 1914/1680/1516 1913/1150/1517 1912/1681/1517
f 1915/1152/1517 1912/1681/1517 1913/1150/1517
f 1918/1275/1518 1917/1273/1518 1916/1682/1518
f 1919/1683/1519 1916/1682/1518 1917/1273/1518
f 1922/1684/1520 1921/1685/1520 1920/1686/1520
f 1923/1687/1520 1920/1686/1520 1921/1685/1520
f 1926/1688/1521 1925/1689/1521 1924/1690/1521
f 1927/1691/1521 1924/1690/1521 1925/1689/1521
f 1930/1692/1522 1929/1693/1522 1928/1694/1522
f 1931/1695/1522 1928/1694/1522 1929/1693/1522
f 1934/1696/1523 1933/1697/1523 1932/1698/1523
f 1935/1699/1523 1932/1698/1523 1933/1697/1523
f 1938/1700/1524 1937/1701/1525 1936/1702/1526
f 1939/1703/1527 1937/1701/1525 1938/1700/1524
f 1939/1703/1527 1938/1700/1524 1940/1704/1528
f 1941/1705/1529 1940/1704/1528 1938/1700/1524
f 1941/1705/1529 1938/1700/1524 1942/1706/1530
f 1943/1707/1531 1942/1706/1530 1938/1700/1524
f 1944/1708/1532 1943/1707/1531 1938/1700/1524
f 1938/1700/1524 1945/1709/1533 1944/1708/1532
f 1948/1710/1534 1947/1711/1535 1946/1712/1536
f 1949/1713/1537 1946/1712/1536 1947/1711/1535
f 1947/1711/1535 1950/1654/1538 1949/1713/1537
f 1951/1714/1539 1949/1713/1537 1950/1654/1538
f 1954/1653/1540 1953/1651/1541 1952/1715/1542
f 1955/1716/1543 1952/1715/1542 1953/1651/1541
f 1953/1651/1541 1956/1649/1544 1955/1716/1543
f 1957/1717/1545 1955/1716/1543 1956/1649/1544
f 1960/1718/1546 1959/1719/1547 1958/1720/1548
f 1961/1721/1549 1958/1720/1548 1959/1719/1547
f 1961/1721/1549 1962/1640/1550 1958/1720/1548
f 1963/1722/1551 1958/1720/1548 1962/1640/1550
f 1966/1723/1552 1965/1634/1553 1964/1724/1554
f 1967/1636/1555 1964/1724/1554 1965/1634/1553
f 1967/1636/1555 1968/1638/1556 1964/1724/1554
f 1969/1725/1557 1964/1724/1554 1968/1638/1556
f 1972/1726/1558 1971/1727/1559 1970/1728/1560
f 1973/1729/1561 1970/1728/1560 1971/1727/1559
f 1973/1729/1561 1971/1727/1559 1974/1730/1562
f 1975/1731/1563 1974/1730/1562 1971/1727/1559
f 1975/1731/1563 1971/1727/1559 1976/1732/1564
f 1977/1733/1565 1976/1732/1564 1971/1727/1559
f 1978/1734/1566 1977/1733/1565 1971/1727/1559
f 1971/1727/1559 1979/1735/1567 1978/1734/1566
f 1982/1736/1568 1981/1737/1569 1980/1738/1570
f 1983/1739/1569 1980/1738/1570 1981/1737/1569
f 1981/1737/1569 1984/1740/1571 1983/1739/1569
f 1985/1741/1572 1983/1739/1569 1984/1740/1571
f 1988/1742/1573 1987/1743/1574 1986/1744/1575
f 1989/1745/1574 1986/1744/1575 1987/1743/1574
f 1987/1743/1574 1990/1746/1576 1989/1745/1574
f 1991/1747/1577 1989/1745/1574 1990/1746/1576
f 1994/1748/1578 1993/1749/1579 1992/1750/1580
f 1995/1751/1579 1992/1750/1580 1993/1749/1579
f 1993/1749/1579 1996/1752/1581 1995/1751/1579
f 1997/1753/1582 1995/1751/1579 1996/1752/1581
f 2000/1754/1583 1999/1755/1584 1998/1756/1585
f 2001/1757/1584 1998/1756/1585 1999/1755/1584
f 1999/1755/1584 2002/1758/1586 2001/1757/1584
f 2003/1759/1587 2001/1757/1584 2002/1758/1586
f 2006/1760/1588 2005/1761/1589 2004/1762/1589
f 2004/1762/1589 2005/1761/1589 2007/1763/1589
f 2007/1763/1589 2005/1761/1589 2008/1764/1589
f 2007/1763/1589 2009/1765/1589 2004/1762/1589
f 2010/1766/1589 2009/1765/1589 2007/1763/1589
f 2011/1767/1589 2010/1766/1589 2007/1763/1589
f 2014/1710/1590 2013/1768/1591 2012/1188/1592
f 2015/1186/1592 2012/1188/1592 2013/1768/1591
f 2018/1719/1593 2017/1769/1593 2016/1172/1594
f 2019/1173/1594 2016/1172/1594 2017/1769/1593
f 2022/1673/1595 2021/1675/1596 2020/1770/1336
f 2023/1771/1597 2020/1770/1336 2021/1675/1596
f 2023/1771/1597 2024/1772/1339 2020/1770/1336
f 2025/1773/1598 2020/1770/1336 2024/1772/1339
f 2024/1772/1339 2026/1774/1339 2025/1773/1598
f 2027/1775/1599 2025/1773/1598 2026/1774/1339
f 2027/1775/1599 2026/1774/1339 2028/1664/1600
f 2029/1662/1601 2028/1664/1600 2026/1774/1339
f 2032/1353/1602 2031/1354/1603 2030/1350/1604
f 2033/1352/1605 2030/1350/1604 2031/1354/1603
f 2031/1354/1603 2034/1355/1606 2033/1352/1605
f 2030/1350/1604 2033/1352/1605 2035/1349/1607
f 2036/1356/1608 2033/1352/1605 2034/1355/1606
f 2037/1351/1609 2035/1349/1607 2033/1352/1605
f 2036/1356/1608 2038/1357/1610 2033/1352/1605
f 2037/1351/1609 2033/1352/1605 2038/1357/1610
f 2041/1776/1611 2040/1777/1612 2039/1778/1613
f 2042/1779/1614 2039/1778/1613 2040/1777/1612
f 2042/1779/1614 2043/1780/1615 2039/1778/1613
f 2044/1781/1616 2039/1778/1613 2043/1780/1615
f 2043/1780/1615 2045/1782/1617 2044/1781/1616
f 2046/1783/1224 2044/1781/1616 2045/1782/1617
f 2045/1782/1617 2047/1784/1618 2046/1783/1224
f 2048/1785/1619 2046/1783/1224 2047/1784/1618
f 2047/1784/1618 2049/1786/1620 2048/1785/1619
f 2050/1787/1621 2048/1785/1619 2049/1786/1620
f 2050/1787/1621 2049/1786/1620 2051/1788/1622
f 2052/1789/1623 2051/1788/1622 2049/1786/1620
f 2055/1790/1624 2054/1791/1625 2053/1792/1626
f 2056/1793/1627 2053/1792/1626 2054/1791/1625
f 2054/1791/1625 2057/1794/1628 2056/1793/1627
f 2058/1795/1629 2056/1793/1627 2057/1794/1628
f 2056/1793/1627 2059/1796/1630 2053/1792/1626
f 2056/1793/1627 2058/1795/1629 2059/1796/1630
f 2060/1797/1631 2053/1792/1626 2059/1796/1630
f 2061/1798/1632 2059/1796/1630 2058/1795/1629
f 2064/1799/1633 2063/1800/1634 2062/1801/1635
f 2065/1802/1636 2062/1801/1635 2063/1800/1634
f 2065/1802/1636 2066/1803/1637 2062/1801/1635
f 2067/1804/1638 2062/1801/1635 2066/1803/1637
f 2066/1803/1637 2068/1805/1639 2067/1804/1638
f 2069/1806/1640 2067/1804/1638 2068/1805/1639
f 2068/1805/1639 2070/1807/1641 2069/1806/1640
f 2071/1808/1642 2069/1806/1640 2070/1807/1641
f 2070/1807/1641 2072/1809/1643 2071/1808/1642
f 2073/1810/1644 2071/1808/1642 2072/1809/1643
f 2073/1810/1644 2072/1809/1643 2074/1811/1645
f 2075/1812/1646 2074/1811/1645 2072/1809/1643
f 2078/1813/1647 2077/1814/1256 2076/1815/1648
f 2079/1816/1649 2076/1815/1648 2077/1814/1256
f 2076/1815/1648 2079/1816/1649 2080/1817/1650
f 2081/1818/1651 2080/1817/1650 2079/1816/1649
f 2079/1816/1649 2077/1814/1256 2082/1819/1652
f 2079/1816/1649 2082/1819/1652 2081/1818/1651
f 2083/1820/1653 2082/1819/1652 2077/1814/1256
f 2084/1821/1654 2081/1818/1651 2082/1819/1652
f 2087/1822/1655 2086/1823/1656 2085/1824/1657
f 2088/1825/1038 2085/1824/1657 2086/1823/1656
f 2086/1823/1656 2089/1826/1658 2088/1825/1038
f 2085/1824/1657 2088/1825/1038 2090/1827/1659
f 2091/1828/1660 2088/1825/1038 2089/1826/1658
f 2092/1829/1661 2090/1827/1659 2088/1825/1038
f 2088/1825/1038 2091/1828/1660 2092/1829/1661
f 2093/1830/1662 2092/1829/1661 2091/1828/1660
f 2096/1289/1663 2095/1291/1664 2094/1286/1665
f 2097/1288/1666 2094/1286/1665 2095/1291/1664
f 2094/1286/1665 2097/1288/1666 2098/1285/1667
f 2099/1287/1668 2098/1285/1667 2097/1288/1666
f 2099/1287/1668 2097/1288/1666 2100/1290/1669
f 2101/1292/1670 2100/1290/1669 2097/1288/1666
f 2097/1288/1666 2095/1291/1664 2101/1292/1670
f 2102/1293/1671 2101/1292/1670 2095/1291/1664
f 2105/1380/1672 2104/1378/1286 2103/1381/1672
f 2106/1379/1286 2103/1381/1672 2104/1378/1286
f 2104/1378/1286 2107/1376/1673 2106/1379/1286
f 2108/1377/1673 2106/1379/1286 2107/1376/1673
f 2111/1831/1283 2110/1832/1283 2109/1833/1283
f 2112/1834/1283 2109/1833/1283 2110/1832/1283
f 2110/1832/1283 2113/1835/1283 2112/1834/1283
f 2114/1836/1283 2112/1834/1283 2113/1835/1283
f 2117/1837/1284 2116/1838/1284 2115/1839/1284
f 2118/1840/1284 2115/1839/1284 2116/1838/1284
f 2116/1838/1284 2119/1841/1284 2118/1840/1284
f 2120/1842/1284 2118/1840/1284 2119/1841/1284
f 2123/1362/1674 2122/1360/1281 2121/1363/1674
f 2124/1361/1281 2121/1363/1674 2122/1360/1281
f 2122/1360/1281 2125/1358/1675 2124/1361/1281
f 2126/1359/1675 2124/1361/1281 2125/1358/1675
f 2129/1843/1676 2128/1844/1677 2127/1845/1677
f 2128/1844/1677 2130/1846/1678 2127/1845/1677
f 2130/1846/1678 2131/1847/1679 2127/1845/1677
f 2132/1848/1677 2130/1846/1678 2128/1844/1677
f 2135/1849/1680 2134/1850/1680 2133/1851/1681
f 2136/1852/1681 2133/1851/1681 2134/1850/1680
f 2139/1853/1682 2138/1854/1682 2137/1855/1683
f 2140/1856/1683 2137/1855/1683 2138/1854/1682
f 2137/1855/1683 2140/1856/1683 2141/1857/1684
f 2142/1858/1684 2141/1857/1684 2140/1856/1683
f 2141/1857/1684 2142/1858/1684 2143/1859/1685
f 2144/1860/1685 2143/1859/1685 2142/1858/1684
f 2147/1861/1686 2146/1862/1686 2145/1863/1687
f 2148/1864/1687 2145/1863/1687 2146/1862/1686
f 2151/1865/1688 2150/1866/1689 2149/1867/1690
f 2152/1868/1691 2149/1867/1690 2150/1866/1689
f 2149/1867/1690 2152/1868/1691 2153/1869/1692
f 2154/1870/1693 2153/1869/1692 2152/1868/1691
f 2153/1869/1692 2154/1870/1693 2155/1871/1694
f 2156/1872/1695 2155/1871/1694 2154/1870/1693
f 2155/1871/1694 2156/1872/1695 2157/1873/1696
f 2158/1874/1697 2157/1873/1696 2156/1872/1695
f 2157/1873/1696 2158/1874/1697 2159/1875/1698
f 2160/1876/1699 2159/1875/1698 2158/1874/1697
f 2159/1875/1698 2160/1876/1699 2161/1877/1700
f 2162/1878/1701 2161/1877/1700 2160/1876/1699
f 2161/1877/1700 2162/1878/1701 2163/1879/1702
f 2164/1880/1703 2163/1879/1702 2162/1878/1701
f 2163/1879/1702 2164/1880/1703 2165/1881/1704
f 2166/1882/1705 2165/1881/1704 2164/1880/1703
f 2166/1882/1705 2167/1883/1706 2165/1881/1704
f 2168/1884/1707 2165/1881/1704 2167/1883/1706
f 2167/1883/1706 2169/1885/1708 2168/1884/1707
f 2170/1886/1709 2168/1884/1707 2169/1885/1708
f 2173/1887/1710 2172/1888/1711 2171/1889/1712
f 2174/1890/1713 2171/1889/1712 2172/1888/1711
f 2171/1889/1712 2174/1890/1713 2175/1891/1714
f 2176/1892/1715 2175/1891/1714 2174/1890/1713
f 2175/1891/1714 2176/1892/1715 2177/1893/1716
f 2178/1894/1717 2177/1893/1716 2176/1892/1715
f 2181/1895/1718 2180/1896/1719 2179/1897/1720
f 2182/1898/1721 2179/1897/1720 2180/1896/1719
f 2179/1897/1720 2182/1898/1721 2183/1899/1722
f 2184/1900/1723 2183/1899/1722 2182/1898/1721
f 2183/1899/1722 2184/1900/1723 2185/1901/1724
f 2186/1902/1725 2185/1901/1724 2184/1900/1723
f 2185/1901/1724 2186/1902/1725 2187/1903/1726
f 2188/1904/1727 2187/1903/1726 2186/1902/1725
f 2187/1903/1726 2188/1904/1727 2189/1905/1728
f 2190/1906/1729 2189/1905/1728 2188/1904/1727
f 2189/1905/1728 2190/1906/1729 2191/1907/1730
f 2192/1908/1731 2191/1907/1730 2190/1906/1729
f 2191/1907/1730 2192/1908/1731 2193/1909/1732
f 2194/1910/1733 2193/1909/1732 2192/1908/1731
f 2194/1910/1733 2195/1911/1734 2193/1909/1732
f 2196/1912/1735 2193/1909/1732 2195/1911/1734
f 2195/1911/1734 2197/1913/1736 2196/1912/1735
f 2198/1914/1737 2196/1912/1735 2197/1913/1736
f 2197/1913/1736 2199/1915/1738 2198/1914/1737
f 2200/1916/1739 2198/1914/1737 2199/1915/1738
f 2203/1917/1740 2202/1918/1741 2201/1919/1742
f 2204/1920/1743 2201/1919/1742 2202/1918/1741
f 2201/1919/1742 2204/1920/1743 2205/1921/1744
f 2206/1922/1745 2205/1921/1744 2204/1920/1743
f 2205/1921/1744 2206/1922/1745 2207/1923/1746
f 2208/1924/1747 2207/1923/1746 2206/1922/1745
f 2211/1925/1748 2210/1926/1749 2209/1927/1750
f 2212/1928/1751 2209/1927/1750 2210/1926/1749
f 2209/1927/1750 2212/1928/1751 2213/1929/1752
f 2214/1930/1753 2213/1929/1752 2212/1928/1751
f 2213/1929/1752 2214/1930/1753 2215/1931/1754
f 2216/1932/1755 2215/1931/1754 2214/1930/1753
f 2219/1933/1756 2218/1934/1757 2217/1935/1758
f 2220/1936/1759 2217/1935/1758 2218/1934/1757
f 2217/1935/1758 2220/1936/1759 2221/1937/1760
f 2222/1938/1761 2221/1937/1760 2220/1936/1759
f 2221/1937/1760 2222/1938/1761 2223/1939/1762
f 2224/1940/1763 2223/1939/1762 2222/1938/1761
f 2227/1941/1764 2226/1942/1765 2225/1943/1766
f 2228/1944/1767 2225/1943/1766 2226/1942/1765
f 2225/1943/1766 2228/1944/1767 2229/1945/1768
f 2230/1946/1769 2229/1945/1768 2228/1944/1767
f 2230/1946/1769 2231/1947/1770 2229/1945/1768
f 2232/1948/1771 2229/1945/1768 2231/1947/1770
f 2232/1948/1771 2231/1947/1770 2233/1949/1772
f 2234/1950/1773 2233/1949/1772 2231/1947/1770
f 2237/1951/1774 2236/1952/1775 2235/1953/1776
f 2238/1954/1777 2235/1953/1776 2236/1952/1775
f 2238/1954/1777 2239/1955/1778 2235/1953/1776
f 2240/1956/1779 2235/1953/1776 2239/1955/1778
f 2239/1955/1778 2241/1957/1780 2240/1956/1779
f 2242/1958/1781 2240/1956/1779 2241/1957/1780
f 2241/1957/1780 2243/1959/1782 2242/1958/1781
f 2244/1960/1783 2242/1958/1781 2243/1959/1782
f 2247/1961/1784 2246/1962/1784 2245/1963/1785
f 2248/1964/1785 2245/1963/1785 2246/1962/1784
f 2245/1963/1785 2248/1964/1785 2249/1965/1786
f 2250/1966/1786 2249/1965/1786 2248/1964/1785
f 2253/1967/1787 2252/1968/1788 2251/1969/1789
f 2254/1970/1789 2251/1969/1789 2252/1968/1788
f 2251/1969/1789 2254/1970/1789 2255/1971/1790
f 2256/1972/1790 2255/1971/1790 2254/1970/1789
f 2255/1971/1790 2256/1972/1790 2257/1973/1791
f 2258/1974/1791 2257/1973/1791 2256/1972/1790
f 2261/1975/1792 2260/1976/1792 2259/1977/1793
f 2262/1978/1794 2259/1977/1793 2260/1976/1792
f 2259/1977/1793 2262/1978/1794 2263/1979/1795
f 2264/1980/1795 2263/1979/1795 2262/1978/1794
f 2267/1981/1796 2266/1982/1796 2265/1983/1797
f 2268/1984/1797 2265/1983/1797 2266/1982/1796
f 2265/1983/1797 2268/1984/1797 2269/1985/1798
f 2270/1986/1798 2269/1985/1798 2268/1984/1797
f 2269/1985/1798 2270/1986/1798 2271/1987/1799
f 2272/1988/1799 2271/1987/1799 2270/1986/1798
f 2275/1989/1800 2274/1990/1785 2273/1991/1800
f 2276/1992/1785 2273/1991/1800 2274/1990/1785
f 2274/1990/1785 2277/1993/1786 2276/1992/1785
f 2278/1994/1786 2276/1992/1785 2277/1993/1786
f 2281/1995/1801 2280/1996/1789 2279/1997/1787
f 2282/1998/1789 2279/1997/1787 2280/1996/1789
f 2280/1996/1789 2283/1999/1790 2282/1998/1789
f 2284/2000/1790 2282/1998/1789 2283/1999/1790
f 2283/1999/1790 2285/2001/1791 2284/2000/1790
f 2286/2002/1791 2284/2000/1790 2285/2001/1791
f 2289/2003/1802 2288/2004/1794 2287/2005/1802
f 2290/2006/1794 2287/2005/1802 2288/2004/1794
f 2288/2004/1794 2291/2007/1803 2290/2006/1794
f 2292/2008/1804 2290/2006/1794 2291/2007/1803
f 2295/2009/1805 2294/2010/1797 2293/2011/1806
f 2296/2012/1797 2293/2011/1806 2294/2010/1797
f 2294/2010/1797 2297/2013/1798 2296/2012/1797
f 2298/2014/1798 2296/2012/1797 2297/2013/1798
f 2297/2013/1798 2299/2015/1799 2298/2014/1798
f 2300/2016/1799 2298/2014/1798 2299/2015/1799
f 2303/1961/1807 2302/1963/1808 2301/2017/1809
f 2304/2018/1810 2301/2017/1809 2302/1963/1808
f 2302/1963/1808 2305/1965/1811 2304/2018/1810
f 2306/2019/1812 2304/2018/1810 2305/1965/1811
f 2309/2020/1813 2308/2021/1814 2307/1968/1815
f 2310/1970/1816 2307/1968/1815 2308/2021/1814
f 2308/2021/1814 2311/2022/1817 2310/1970/1816
f 2312/1972/1818 2310/1970/1816 2311/2022/1817
f 2311/2022/1817 2313/2023/1819 2312/1972/1818
f 2314/1974/1820 2312/1972/1818 2313/2023/1819
f 2317/2024/1821 2316/2025/1822 2315/1976/1823
f 2318/1978/1824 2315/1976/1823 2316/2025/1822
f 2316/2025/1822 2319/2026/1825 2318/1978/1824
f 2320/1980/1826 2318/1978/1824 2319/2026/1825
f 2323/2027/1827 2322/2028/1828 2321/1982/1829
f 2324/1984/1830 2321/1982/1829 2322/2028/1828
f 2322/2028/1828 2325/2029/1831 2324/1984/1830
f 2326/1986/1832 2324/1984/1830 2325/2029/1831
f 2325/2029/1831 2327/2030/1833 2326/1986/1832
f 2328/1988/1834 2326/1986/1832 2327/2030/1833
f 2331/2031/1835 2330/2032/1835 2329/2033/1835
f 2332/2034/1835 2329/2033/1835 2330/2032/1835
f 2335/2035/1836 2334/2036/1837 2333/2037/1838
f 2334/2036/1837 2336/2038/1838 2333/2037/1838
f 2336/2038/1838 2337/2039/1839 2333/2037/1838
f 2338/2040/1838 2336/2038/1838 2334/2036/1837
f 2341/2041/1840 2340/2042/1841 2339/2043/1840
f 2342/2044/1841 2339/2043/1840 2340/2042/1841
f 2345/2045/1842 2344/2046/1843 2343/2047/1842
f 2346/2048/1843 2343/2047/1842 2344/2046/1843
f 2344/2046/1843 2347/2049/1844 2346/2048/1843
f 2348/2050/1844 2346/2048/1843 2347/2049/1844
f 2347/2049/1844 2349/2051/1845 2348/2050/1844
f 2350/2052/1845 2348/2050/1844 2349/2051/1845
f 2353/2053/1846 2352/2054/1847 2351/2055/1846
f 2354/2056/1847 2351/2055/1846 2352/2054/1847
f 2357/2057/1848 2356/2058/1849 2355/2059/1850
f 2358/2060/1851 2355/2059/1850 2356/2058/1849
f 2356/2058/1849 2359/2061/1852 2358/2060/1851
f 2360/2062/1853 2358/2060/1851 2359/2061/1852
f 2359/2061/1852 2361/2063/1854 2360/2062/1853
f 2362/2064/1855 2360/2062/1853 2361/2063/1854
f 2361/2063/1854 2363/2065/1856 2362/2064/1855
f 2364/2066/1857 2362/2064/1855 2363/2065/1856
f 2363/2065/1856 2365/2067/1858 2364/2066/1857
f 2366/2068/1859 2364/2066/1857 2365/2067/1858
f 2365/2067/1858 2367/2069/1860 2366/2068/1859
f 2368/2070/1861 2366/2068/1859 2367/2069/1860
f 2367/2069/1860 2369/2071/1862 2368/2070/1861
f 2370/2072/1863 2368/2070/1861 2369/2071/1862
f 2369/2071/1862 2371/2073/1864 2370/2072/1863
f 2372/2074/1865 2370/2072/1863 2371/2073/1864
f 2372/2074/1865 2371/2073/1864 2373/2075/1866
f 2374/2076/1867 2373/2075/1866 2371/2073/1864
f 2373/2075/1866 2374/2076/1867 2375/2077/1868
f 2376/2078/1869 2375/2077/1868 2374/2076/1867
f 2379/2079/1870 2378/2080/1871 2377/2081/1872
f 2380/1919/1873 2377/2081/1872 2378/2080/1871
f 2378/2080/1871 2381/2082/1874 2380/1919/1873
f 2382/2083/1875 2380/1919/1873 2381/2082/1874
f 2381/2082/1874 2383/2084/1876 2382/2083/1875
f 2384/2085/1877 2382/2083/1875 2383/2084/1876
f 2387/2086/1878 2386/2087/1879 2385/2088/1880
f 2388/2089/1881 2385/2088/1880 2386/2087/1879
f 2386/2087/1879 2389/2090/1882 2388/2089/1881
f 2390/2091/1883 2388/2089/1881 2389/2090/1882
f 2389/2090/1882 2391/2092/1884 2390/2091/1883
f 2392/2093/1885 2390/2091/1883 2391/2092/1884
f 2391/2092/1884 2393/2094/1886 2392/2093/1885
f 2394/2095/1887 2392/2093/1885 2393/2094/1886
f 2393/2094/1886 2395/2096/1888 2394/2095/1887
f 2396/2097/1889 2394/2095/1887 2395/2096/1888
f 2395/2096/1888 2397/2098/1890 2396/2097/1889
f 2398/2099/1891 2396/2097/1889 2397/2098/1890
f 2397/2098/1890 2399/2100/1892 2398/2099/1891
f 2400/2101/1893 2398/2099/1891 2399/2100/1892
f 2400/2101/1893 2399/2100/1892 2401/2102/1894
f 2402/2103/1895 2401/2102/1894 2399/2100/1892
f 2401/2102/1894 2402/2103/1895 2403/2104/1896
f 2404/2105/1897 2403/2104/1896 2402/2103/1895
f 2403/2104/1896 2404/2105/1897 2405/2106/1898
f 2406/2107/1899 2405/2106/1898 2404/2105/1897
f 2409/2108/1900 2408/1890/1901 2407/2109/1902
f 2410/2110/1903 2407/2109/1902 2408/1890/1901
f 2408/1890/1901 2411/2111/1904 2410/2110/1903
f 2412/2112/1905 2410/2110/1903 2411/2111/1904
f 2411/2111/1904 2413/2113/1906 2412/2112/1905
f 2414/2114/1907 2412/2112/1905 2413/2113/1906
f 2417/2115/1908 2416/2116/1909 2415/2117/1910
f 2418/2118/1911 2415/2117/1910 2416/2116/1909
f 2416/2116/1909 2419/2119/1912 2418/2118/1911
f 2420/2120/1913 2418/2118/1911 2419/2119/1912
f 2419/2119/1912 2421/2121/1914 2420/2120/1913
f 2422/2122/1915 2420/2120/1913 2421/2121/1914
f 2425/2123/1916 2424/2124/1917 2423/2125/1918
f 2426/2126/1919 2423/2125/1918 2424/2124/1917
f 2424/2124/1917 2427/2127/1920 2426/2126/1919
f 2428/2128/1921 2426/2126/1919 2427/2127/1920
f 2427/2127/1920 2429/2129/1922 2428/2128/1921
f 2430/2130/1923 2428/2128/1921 2429/2129/1922
f 2433/2131/1924 2432/2132/1925 2431/2133/1926
f 2434/2134/1927 2431/2133/1926 2432/2132/1925
f 2432/2132/1925 2435/2135/1928 2434/2134/1927
f 2436/2136/1929 2434/2134/1927 2435/2135/1928
f 2436/2136/1929 2435/2135/1928 2437/2137/1930
f 2438/2138/1931 2437/2137/1930 2435/2135/1928
f 2438/2138/1931 2439/2139/1932 2437/2137/1930
f 2440/2140/1933 2437/2137/1930 2439/2139/1932
f 2443/2141/1934 2442/2142/1935 2441/2143/1936
f 2444/2144/1937 2441/2143/1936 2442/2142/1935
f 2444/2144/1937 2442/2142/1935 2445/2145/1938
f 2446/2146/1939 2445/2145/1938 2442/2142/1935
f 2445/2145/1938 2446/2146/1939 2447/2147/1940
f 2448/2148/1941 2447/2147/1940 2446/2146/1939
f 2447/2147/1940 2448/2148/1941 2449/2149/1942
f 2450/2150/1943 2449/2149/1942 2448/2148/1941
f 2453/2151/1944 2452/2152/1945 2451/2153/1944
f 2454/2154/1945 2451/2153/1944 2452/2152/1945
f 2452/2152/1945 2455/2155/1946 2454/2154/1945
f 2456/2156/1946 2454/2154/1945 2455/2155/1946
f 2459/2157/1947 2458/2158/1948 2457/2159/1947
f 2460/2160/1948 2457/2159/1947 2458/2158/1948
f 2458/2158/1948 2461/2161/1949 2460/2160/1948
f 2462/2162/1949 2460/2160/1948 2461/2161/1949
f 2461/2161/1949 2463/2163/1950 2462/2162/1949
f 2464/2164/1950 2462/2162/1949 2463/2163/1950
f 2467/2165/1951 2466/2166/1952 2465/2167/1951
f 2468/2168/1952 2465/2167/1951 2466/2166/1952
f 2466/2166/1952 2469/2169/1953 2468/2168/1952
f 2470/2170/1954 2468/2168/1952 2469/2169/1953
f 2473/2171/1955 2472/2172/1956 2471/2173/1955
f 2474/2174/1956 2471/2173/1955 2472/2172/1956
f 2472/2172/1956 2475/2175/1957 2474/2174/1956
f 2476/2176/1957 2474/2174/1956 2475/2175/1957
f 2475/2175/1957 2477/2177/1958 2476/2176/1957
f 2478/2178/1958 2476/2176/1957 2477/2177/1958
f 2481/2179/1959 2480/2180/1959 2479/2181/1945
f 2482/2182/1945 2479/2181/1945 2480/2180/1959
f 2479/2181/1945 2482/2182/1945 2483/2183/1960
f 2484/2184/1960 2483/2183/1960 2482/2182/1945
f 2487/2185/1961 2486/2186/1961 2485/2187/1948
f 2488/2188/1948 2485/2187/1948 2486/2186/1961
f 2485/2187/1948 2488/2188/1948 2489/2189/1949
f 2490/2190/1949 2489/2189/1949 2488/2188/1948
f 2489/2189/1949 2490/2190/1949 2491/2191/1950
f 2492/2192/1950 2491/2191/1950 2490/2190/1949
f 2495/2193/1962 2494/2194/1962 2493/2195/1952
f 2496/2196/1952 2493/2195/1952 2494/2194/1962
f 2493/2195/1952 2496/2196/1952 2497/2197/1963
f 2498/2198/1963 2497/2197/1963 2496/2196/1952
f 2501/2199/1964 2500/2200/1964 2499/2201/1956
f 2502/2202/1956 2499/2201/1956 2500/2200/1964
f 2499/2201/1956 2502/2202/1956 2503/2203/1957
f 2504/2204/1957 2503/2203/1957 2502/2202/1956
f 2503/2203/1957 2504/2204/1957 2505/2205/1965
f 2506/2206/1958 2505/2205/1965 2504/2204/1957
f 2509/2151/1966 2508/2207/1967 2507/2152/1968
f 2510/2208/1969 2507/2152/1968 2508/2207/1967
f 2507/2152/1968 2510/2208/1969 2511/2155/1970
f 2512/2209/1971 2511/2155/1970 2510/2208/1969
f 2515/2210/1972 2514/2159/1973 2513/2211/1974
f 2516/2160/1975 2513/2211/1974 2514/2159/1973
f 2513/2211/1974 2516/2160/1975 2517/2212/1976
f 2518/2162/1977 2517/2212/1976 2516/2160/1975
f 2517/2212/1976 2518/2162/1977 2519/2213/1978
f 2520/2164/1979 2519/2213/1978 2518/2162/1977
f 2523/2214/1980 2522/2167/1981 2521/2215/1982
f 2524/2168/1983 2521/2215/1982 2522/2167/1981
f 2521/2215/1982 2524/2168/1983 2525/2216/1984
f 2526/2170/1985 2525/2216/1984 2524/2168/1983
f 2529/2217/1986 2528/2173/1987 2527/2218/1988
f 2530/2174/1989 2527/2218/1988 2528/2173/1987
f 2527/2218/1988 2530/2174/1989 2531/2219/1990
f 2532/2176/1991 2531/2219/1990 2530/2174/1989
f 2531/2219/1990 2532/2176/1991 2533/2220/1992
f 2534/2178/1993 2533/2220/1992 2532/2176/1991
f 2537/2221/1994 2536/2222/1994 2535/2223/1994
f 2538/2224/1994 2535/2223/1994 2536/2222/1994
f 2541/2225/1995 2540/2226/1995 2539/2227/1995
f 2542/2228/1995 2539/2227/1995 2540/2226/1995
f 2545/2229/1996 2544/2230/1996 2543/2231/1996
f 2546/2232/1996 2543/2231/1996 2544/2230/1996
f 2549/2233/1997 2548/2234/1997 2547/2235/1997
f 2550/2236/1997 2547/2235/1997 2548/2234/1997
f 2553/2237/1998 2552/2238/1999 2551/2239/1998
f 2554/2240/1999 2551/2239/1998 2552/2238/1999
f 2557/2241/2000 2556/2242/2000 2555/2243/2000
f 2558/2244/2000 2555/2243/2000 2556/2242/2000
f 2561/2245/2001 2560/2246/2002 2559/2247/2003
f 2562/2248/2004 2559/2247/2003 2560/2246/2002
f 2560/2246/2002 2563/2249/2005 2562/2248/2004
f 2564/2250/2006 2562/2248/2004 2563/2249/2005
f 2567/2251/2007 2566/2252/2008 2565/2253/2009
f 2568/2254/2010 2565/2253/2009 2566/2252/2008
f 2566/2252/2008 2569/2255/2011 2568/2254/2010
f 2570/2256/2011 2568/2254/2010 2569/2255/2011
f 2573/2257/2012 2572/2258/2013 2571/2259/2012
f 2574/2260/2014 2571/2259/2012 2572/2258/2013
f 2572/2258/2013 2575/2261/2015 2574/2260/2014
f 2576/2262/2016 2574/2260/2014 2575/2261/2015
f 2579/2263/2017 2578/2264/2018 2577/2265/2017
f 2580/2266/2019 2577/2265/2017 2578/2264/2018
f 2578/2264/2018 2581/2267/2020 2580/2266/2019
f 2582/2268/2021 2580/2266/2019 2581/2267/2020
f 2585/2269/2022 2584/2270/2023 2583/2271/2003
f 2586/2272/2024 2583/2271/2003 2584/2270/2023
f 2584/2270/2023 2587/2273/2006 2586/2272/2024
f 2588/2274/2025 2586/2272/2024 2587/2273/2006
f 2591/2275/2026 2590/2276/2027 2589/2277/2009
f 2592/2278/2028 2589/2277/2009 2590/2276/2027
f 2590/2276/2027 2593/2279/2029 2592/2278/2028
f 2594/2280/2030 2592/2278/2028 2593/2279/2029
f 2597/2281/2031 2596/2282/2013 2595/2283/2032
f 2598/2284/2014 2595/2283/2032 2596/2282/2013
f 2596/2282/2013 2599/2285/2033 2598/2284/2014
f 2600/2286/2016 2598/2284/2014 2599/2285/2033
f 2603/2287/2034 2602/2288/2035 2601/2289/2034
f 2604/2290/2036 2601/2289/2034 2602/2288/2035
f 2602/2288/2035 2605/2291/2020 2604/2290/2036
f 2606/2292/2037 2604/2290/2036 2605/2291/2020
f 2609/2293/2038 2608/2294/2002 2607/2295/2003
f 2610/2296/2024 2607/2295/2003 2608/2294/2002
f 2608/2294/2002 2611/2297/2039 2610/2296/2024
f 2612/2298/2040 2610/2296/2024 2611/2297/2039
f 2615/2299/2041 2614/2300/2042 2613/2301/2043
f 2616/2302/2044 2613/2301/2043 2614/2300/2042
f 2614/2300/2042 2617/2303/2045 2616/2302/2044
f 2618/2304/2046 2616/2302/2044 2617/2303/2045
f 2621/2305/2047 2620/2306/2013 2619/2307/2048
f 2622/2308/2049 2619/2307/2048 2620/2306/2013
f 2620/2306/2013 2623/2309/2016 2622/2308/2049
f 2624/2310/2016 2622/2308/2049 2623/2309/2016
f 2627/2311/2050 2626/2312/2035 2625/2313/2034
f 2628/2314/2051 2625/2313/2034 2626/2312/2035
f 2626/2312/2035 2629/2315/2052 2628/2314/2051
f 2630/2316/2053 2628/2314/2051 2629/2315/2052
f 2633/2317/2054 2632/2318/2055 2631/2319/2022
f 2634/2320/2004 2631/2319/2022 2632/2318/2055
f 2632/2318/2055 2635/2321/2039 2634/2320/2004
f 2636/2322/2025 2634/2320/2004 2635/2321/2039
f 2639/2323/2009 2638/2324/2056 2637/2325/2057
f 2640/2326/2028 2637/2325/2057 2638/2324/2056
f 2638/2324/2056 2641/2327/2058 2640/2326/2028
f 2642/2328/2011 2640/2326/2028 2641/2327/2058
f 2645/2329/2059 2644/2330/2060 2643/2331/2061
f 2646/2332/2062 2643/2331/2061 2644/2330/2060
f 2644/2330/2060 2647/2333/2063 2646/2332/2062
f 2648/2334/2064 2646/2332/2062 2647/2333/2063
f 2651/2335/2065 2650/2336/2066 2649/2337/2067
f 2652/2338/2068 2649/2337/2067 2650/2336/2066
f 2650/2336/2066 2653/2339/2052 2652/2338/2068
f 2654/2340/2069 2652/2338/2068 2653/2339/2052
f 2657/2341/2070 2656/2342/2070 2655/2343/2070
f 2658/2344/2070 2655/2343/2070 2656/2342/2070
f 2661/2345/2071 2660/2346/2071 2659/2347/2071
f 2662/2348/2071 2659/2347/2071 2660/2346/2071
f 2665/2349/2072 2664/2350/2072 2663/2351/2072
f 2666/2352/2072 2663/2351/2072 2664/2350/2072
f 2669/2353/2073 2668/2354/2074 2667/2355/2074
f 2670/2356/2074 2667/2355/2074 2668/2354/2074
f 2673/2357/2075 2672/2358/2075 2671/2359/2075
f 2674/2360/2075 2671/2359/2075 2672/2358/2075
f 2677/2361/2076 2676/2362/2077 2675/2363/2078
f 2678/2364/2079 2675/2363/2078 2676/2362/2077
f 2675/2363/2078 2678/2364/2079 2679/2365/2080
f 2680/2366/2081 2679/2365/2080 2678/2364/2079
f 2683/2367/2082 2682/2368/2083 2681/2369/2084
f 2684/2370/2085 2681/2369/2084 2682/2368/2083
f 2681/2369/2084 2684/2370/2085 2685/2371/2086
f 2686/2372/2087 2685/2371/2086 2684/2370/2085
f 2689/2373/2088 2688/2374/2088 2687/2375/2089
f 2690/2376/2090 2687/2375/2089 2688/2374/2088
f 2687/2375/2089 2690/2376/2090 2691/2377/2091
f 2692/2378/2092 2691/2377/2091 2690/2376/2090
f 2695/2379/2093 2694/2380/2094 2693/2381/2095
f 2696/2382/2096 2693/2381/2095 2694/2380/2094
f 2693/2381/2095 2696/2382/2096 2697/2383/2097
f 2698/2384/2098 2697/2383/2097 2696/2382/2096
f 2701/2385/2099 2700/2386/2100 2699/2387/2101
f 2702/2388/2102 2699/2387/2101 2700/2386/2100
f 2699/2387/2101 2702/2388/2102 2703/2389/2103
f 2704/2390/2104 2703/2389/2103 2702/2388/2102
f 2707/2391/2105 2706/2392/2106 2705/2393/2107
f 2708/2394/2108 2705/2393/2107 2706/2392/2106
f 2705/2393/2107 2708/2394/2108 2709/2395/2109
f 2710/2396/2087 2709/2395/2109 2708/2394/2108
f 2713/2397/2110 2712/2398/2111 2711/2399/2112
f 2714/2400/2113 2711/2399/2112 2712/2398/2111
f 2711/2399/2112 2714/2400/2113 2715/2401/2114
f 2716/2402/2115 2715/2401/2114 2714/2400/2113
f 2719/2403/2116 2718/2404/2116 2717/2405/2117
f 2720/2406/2118 2717/2405/2117 2718/2404/2116
f 2717/2405/2117 2720/2406/2118 2721/2407/2097
f 2722/2408/2119 2721/2407/2097 2720/2406/2118
f 2725/2409/2120 2724/2410/2077 2723/2411/2078
f 2726/2412/2102 2723/2411/2078 2724/2410/2077
f 2723/2411/2078 2726/2412/2102 2727/2413/2121
f 2728/2414/2104 2727/2413/2121 2726/2412/2102
f 2731/2415/2122 2730/2416/2123 2729/2417/2084
f 2732/2418/2124 2729/2417/2084 2730/2416/2123
f 2729/2417/2084 2732/2418/2124 2733/2419/2125
f 2734/2420/2126 2733/2419/2125 2732/2418/2124
f 2737/2421/2088 2736/2422/2127 2735/2423/2089
f 2738/2424/2128 2735/2423/2089 2736/2422/2127
f 2735/2423/2089 2738/2424/2128 2739/2425/2115
f 2740/2426/2115 2739/2425/2115 2738/2424/2128
f 2743/2427/2129 2742/2428/2116 2741/2429/2130
f 2744/2430/2096 2741/2429/2130 2742/2428/2116
f 2741/2429/2130 2744/2430/2096 2745/2431/2097
f 2746/2432/2131 2745/2431/2097 2744/2430/2096
f 2749/2433/2077 2748/2434/2132 2747/2435/2133
f 2750/2436/2102 2747/2435/2133 2748/2434/2132
f 2747/2435/2133 2750/2436/2102 2751/2437/2134
f 2752/2438/2121 2751/2437/2134 2750/2436/2102
f 2755/2439/2122 2754/2440/2135 2753/2441/2136
f 2756/2442/2137 2753/2441/2136 2754/2440/2135
f 2753/2441/2136 2756/2442/2137 2757/2443/2086
f 2758/2444/2138 2757/2443/2086 2756/2442/2137
f 2761/2445/2139 2760/2446/2140 2759/2447/2112
f 2762/2448/2128 2759/2447/2112 2760/2446/2140
f 2759/2447/2112 2762/2448/2128 2763/2449/2115
f 2764/2450/2141 2763/2449/2115 2762/2448/2128
f 2767/2451/2142 2766/2452/2142 2765/2453/2143
f 2768/2454/2144 2765/2453/2143 2766/2452/2142
f 2765/2453/2143 2768/2454/2144 2769/2455/2145
f 2770/2456/2146 2769/2455/2145 2768/2454/2144
f 2773/2457/2147 2772/2458/2147 2771/2459/2147
f 2774/2460/2147 2771/2459/2147 2772/2458/2147
f 2777/2461/2148 2776/2462/2148 2775/2463/2148
f 2778/2464/2148 2775/2463/2148 2776/2462/2148
f 2781/2465/2149 2780/2466/2150 2779/2467/2149
f 2782/2468/2150 2779/2467/2149 2780/2466/2150
f 2785/2469/2151 2784/2470/2151 2783/2471/2151
f 2786/2472/2151 2783/2471/2151 2784/2470/2151
f 2789/2473/2152 2788/2474/2153 2787/2475/2152
f 2790/2476/2153 2787/2475/2152 2788/2474/2153
f 2793/2477/2154 2792/2478/2155 2791/2479/2156
f 2794/2480/2157 2791/2479/2156 2792/2478/2155
f 2792/2478/2155 2795/2481/2158 2794/2480/2157
f 2796/2482/2159 2794/2480/2157 2795/2481/2158
f 2799/2483/2160 2798/2484/2161 2797/2485/2162
f 2800/2486/2163 2797/2485/2162 2798/2484/2161
f 2798/2484/2161 2801/2487/2164 2800/2486/2163
f 2802/2488/2165 2800/2486/2163 2801/2487/2164
f 2805/2489/2166 2804/2490/2167 2803/2491/2166
f 2806/2492/2168 2803/2491/2166 2804/2490/2167
f 2804/2490/2167 2807/2493/2169 2806/2492/2168
f 2808/2494/2170 2806/2492/2168 2807/2493/2169
f 2811/2495/2171 2810/2496/2172 2809/2497/2173
f 2812/2498/2174 2809/2497/2173 2810/2496/2172
f 2810/2496/2172 2813/2499/2175 2812/2498/2174
f 2814/2500/2176 2812/2498/2174 2813/2499/2175
f 2817/2501/2154 2816/2502/2177 2815/2503/2156
f 2818/2504/2157 2815/2503/2156 2816/2502/2177
f 2816/2502/2177 2819/2505/2159 2818/2504/2157
f 2820/2506/2178 2818/2504/2157 2819/2505/2159
f 2823/2507/2179 2822/2508/2161 2821/2509/2180
f 2824/2510/2163 2821/2509/2180 2822/2508/2161
f 2822/2508/2161 2825/2511/2181 2824/2510/2163
f 2826/2512/2182 2824/2510/2163 2825/2511/2181
f 2829/2513/2183 2828/2514/2167 2827/2515/2184
f 2830/2516/2168 2827/2515/2184 2828/2514/2167
f 2828/2514/2167 2831/2517/2169 2830/2516/2168
f 2832/2518/2169 2830/2516/2168 2831/2517/2169
f 2835/2519/2173 2834/2520/2172 2833/2521/2173
f 2836/2522/2185 2833/2521/2173 2834/2520/2172
f 2834/2520/2172 2837/2523/2186 2836/2522/2185
f 2838/2524/2186 2836/2522/2185 2837/2523/2186
f 2841/2525/2154 2840/2526/2177 2839/2527/2156
f 2842/2528/2187 2839/2527/2156 2840/2526/2177
f 2840/2526/2177 2843/2529/2188 2842/2528/2187
f 2844/2530/2189 2842/2528/2187 2843/2529/2188
f 2847/2531/2180 2846/2532/2190 2845/2533/2160
f 2848/2534/2191 2845/2533/2160 2846/2532/2190
f 2846/2532/2190 2849/2535/2164 2848/2534/2191
f 2850/2536/2164 2848/2534/2191 2849/2535/2164
f 2853/2537/2183 2852/2538/2167 2851/2539/2192
f 2854/2540/2168 2851/2539/2192 2852/2538/2167
f 2852/2538/2167 2855/2541/2169 2854/2540/2168
f 2856/2542/2193 2854/2540/2168 2855/2541/2169
f 2859/2543/2173 2858/2544/2194 2857/2545/2195
f 2860/2546/2196 2857/2545/2195 2858/2544/2194
f 2858/2544/2194 2861/2547/2186 2860/2546/2196
f 2862/2548/2176 2860/2546/2196 2861/2547/2186
f 2865/2549/2154 2864/2550/2155 2863/2551/2156
f 2866/2552/2157 2863/2551/2156 2864/2550/2155
f 2864/2550/2155 2867/2553/2197 2866/2552/2157
f 2868/2554/2197 2866/2552/2157 2867/2553/2197
f 2871/2555/2162 2870/2556/2161 2869/2557/2180
f 2872/2558/2163 2869/2557/2180 2870/2556/2161
f 2870/2556/2161 2873/2559/2198 2872/2558/2163
f 2874/2560/2198 2872/2558/2163 2873/2559/2198
f 2877/2561/2199 2876/2562/2200 2875/2563/2183
f 2878/2564/2201 2875/2563/2183 2876/2562/2200
f 2876/2562/2200 2879/2565/2170 2878/2564/2201
f 2880/2566/2202 2878/2564/2201 2879/2565/2170
f 2883/2567/2173 2882/2568/2203 2881/2569/2173
f 2884/2570/2196 2881/2569/2173 2882/2568/2203
f 2882/2568/2203 2885/2571/2176 2884/2570/2196
f 2886/2572/2204 2884/2570/2196 2885/2571/2176
f 2889/2573/2205 2888/2574/2205 2887/2575/2205
f 2890/2576/2205 2887/2575/2205 2888/2574/2205
f 2893/2577/2206 2892/2578/2206 2891/2579/2206
f 2894/2580/2206 2891/2579/2206 2892/2578/2206
f 2897/2581/2207 2896/2582/2207 2895/2583/2208
f 2898/2584/2208 2895/2583/2208 2896/2582/2207
f 2901/2585/2209 2900/2586/2209 2899/2587/2209
f 2902/2588/2209 2899/2587/2209 2900/2586/2209
f 2905/2589/2210 2904/2590/2210 2903/2591/2211
f 2906/2592/2211 2903/2591/2211 2904/2590/2210
f 2909/2593/2212 2908/2594/2213 2907/2595/2214
f 2910/2596/2215 2907/2595/2214 2908/2594/2213
f 2907/2595/2214 2910/2596/2215 2911/2597/2216
f 2912/2598/2217 2911/2597/2216 2910/2596/2215
f 2915/2599/2218 2914/2600/2219 2913/2601/2220
f 2916/2602/2221 2913/2601/2220 2914/2600/2219
f 2913/2601/2220 2916/2602/2221 2917/2603/2222
f 2918/2604/2223 2917/2603/2222 2916/2602/2221
f 2921/2605/2224 2920/2606/2225 2919/2607/2226
f 2922/2608/2227 2919/2607/2226 2920/2606/2225
f 2919/2607/2226 2922/2608/2227 2923/2609/2228
f 2924/2610/2228 2923/2609/2228 2922/2608/2227
f 2927/2611/2229 2926/2612/2230 2925/2613/2231
f 2928/2614/2232 2925/2613/2231 2926/2612/2230
f 2925/2613/2231 2928/2614/2232 2929/2615/2233
f 2930/2616/2234 2929/2615/2233 2928/2614/2232
f 2933/2617/2212 2932/2618/2213 2931/2619/2235
f 2934/2620/2215 2931/2619/2235 2932/2618/2213
f 2931/2619/2235 2934/2620/2215 2935/2621/2236
f 2936/2622/2216 2935/2621/2236 2934/2620/2215
f 2939/2623/2219 2938/2624/2237 2937/2625/2220
f 2940/2626/2221 2937/2625/2220 2938/2624/2237
f 2937/2625/2220 2940/2626/2221 2941/2627/2238
f 2942/2628/2222 2941/2627/2238 2940/2626/2221
f 2945/2629/2239 2944/2630/2240 2943/2631/2226
f 2946/2632/2227 2943/2631/2226 2944/2630/2240
f 2943/2631/2226 2946/2632/2227 2947/2633/2228
f 2948/2634/2228 2947/2633/2228 2946/2632/2227
f 2951/2635/2230 2950/2636/2241 2949/2637/2242
f 2952/2638/2243 2949/2637/2242 2950/2636/2241
f 2949/2637/2242 2952/2638/2243 2953/2639/2244
f 2954/2640/2245 2953/2639/2244 2952/2638/2243
f 2957/2641/2213 2956/2642/2246 2955/2643/2247
f 2958/2644/2248 2955/2643/2247 2956/2642/2246
f 2955/2643/2247 2958/2644/2248 2959/2645/2249
f 2960/2646/2236 2959/2645/2249 2958/2644/2248
f 2963/2647/2237 2962/2648/2218 2961/2649/2250
f 2964/2650/2251 2961/2649/2250 2962/2648/2218
f 2961/2649/2250 2964/2650/2251 2965/2651/2222
f 2966/2652/2223 2965/2651/2222 2964/2650/2251
f 2969/2653/2239 2968/2654/2224 2967/2655/2226
f 2970/2656/2227 2967/2655/2226 2968/2654/2224
f 2967/2655/2226 2970/2656/2227 2971/2657/2228
f 2972/2658/2252 2971/2657/2228 2970/2656/2227
f 2975/2659/2241 2974/2660/2253 2973/2661/2254
f 2976/2662/2243 2973/2661/2254 2974/2660/2253
f 2973/2661/2254 2976/2662/2243 2977/2663/2233
f 2978/2664/2234 2977/2663/2233 2976/2662/2243
f 2981/2665/2213 2980/2666/2212 2979/2667/2214
f 2982/2668/2215 2979/2667/2214 2980/2666/2212
f 2979/2667/2214 2982/2668/2215 2983/2669/2255
f 2984/2670/2216 2983/2669/2255 2982/2668/2215
f 2987/2671/2256 2986/2672/2237 2985/2673/2220
f 2988/2674/2221 2985/2673/2220 2986/2672/2237
f 2985/2673/2220 2988/2674/2221 2989/2675/2257
f 2990/2676/2238 2989/2675/2257 2988/2674/2221
f 2993/2677/2258 2992/2678/2239 2991/2679/2259
f 2994/2680/2260 2991/2679/2259 2992/2678/2239
f 2991/2679/2259 2994/2680/2260 2995/2681/2261
f 2996/2682/2262 2995/2681/2261 2994/2680/2260
f 2999/2683/2241 2998/2684/2230 2997/2685/2263
f 3000/2686/2243 2997/2685/2263 2998/2684/2230
f 2997/2685/2263 3000/2686/2243 3001/2687/2234
f 3002/2688/2233 3001/2687/2234 3000/2686/2243
f 3005/2689/2264 3004/2690/2264 3003/2691/2264
f 3006/2692/2265 3003/2691/2264 3004/2690/2264
f 3009/2693/2266 3008/2694/2267 3007/2695/2267
f 3010/2696/2268 3007/2695/2267 3008/2694/2267
f 3013/2697/2269 3012/2698/2269 3011/2699/2269
f 3013/2697/2269 3014/2700/2269 3012/2698/2269
f 3015/2701/2269 3012/2698/2269 3014/2700/2269
f 3016/2702/2269 3015/2701/2269 3014/2700/2269
f 3019/2703/2270 3018/2704/2270 3017/2705/2271
f 3020/2706/2271 3017/2705/2271 3018/2704/2270
f 3023/2707/2272 3022/2708/2272 3021/2709/2273
f 3022/2708/2272 3023/2707/2272 3024/2710/2272
f 3025/2711/2272 3024/2710/2272 3023/2707/2272
f 3026/2712/2272 3024/2710/2272 3025/2711/2272
f 3029/2713/2274 3028/2714/2275 3027/2715/2276
f 3030/2716/2277 3027/2715/2276 3028/2714/2275
f 3030/2716/2277 3031/2717/2278 3027/2715/2276
f 3032/2718/2279 3027/2715/2276 3031/2717/2278
f 3031/2717/2278 3033/2719/2280 3032/2718/2279
f 3034/2720/2281 3032/2718/2279 3033/2719/2280
f 3034/2720/2281 3033/2719/2280 3035/2721/2282
f 3036/2722/2283 3035/2721/2282 3033/2719/2280
f 3039/2723/2284 3038/2724/2285 3037/2725/2286
f 3040/2726/2287 3037/2725/2286 3038/2724/2285
f 3038/2724/2285 3041/2727/2288 3040/2726/2287
f 3042/2728/2289 3040/2726/2287 3041/2727/2288
f 3042/2728/2289 3043/2729/2290 3040/2726/2287
f 3044/2730/2291 3040/2726/2287 3043/2729/2290
f 3040/2726/2287 3044/2730/2291 3037/2725/2286
f 3045/2731/2292 3037/2725/2286 3044/2730/2291
f 3048/2732/2293 3047/2733/2294 3046/2734/2295
f 3049/2735/2296 3046/2734/2295 3047/2733/2294
f 3049/2735/2296 3050/2736/2297 3046/2734/2295
f 3051/2737/2298 3046/2734/2295 3050/2736/2297
f 3050/2736/2297 3052/2738/2299 3051/2737/2298
f 3053/2739/2300 3051/2737/2298 3052/2738/2299
f 3053/2739/2300 3052/2738/2299 3054/2740/2301
f 3055/2741/2302 3054/2740/2301 3052/2738/2299
f 3058/2742/2303 3057/2743/2304 3056/2744/2305
f 3059/2745/2306 3056/2744/2305 3057/2743/2304
f 3057/2743/2304 3060/2746/2307 3059/2745/2306
f 3061/2747/2308 3059/2745/2306 3060/2746/2307
f 3061/2747/2308 3062/2748/2309 3059/2745/2306
f 3063/2749/2310 3059/2745/2306 3062/2748/2309
f 3059/2745/2306 3063/2749/2310 3056/2744/2305
f 3064/2750/2311 3056/2744/2305 3063/2749/2310
f 3067/2751/2312 3066/2752/2268 3065/2753/2313
f 3068/2754/2314 3065/2753/2313 3066/2752/2268
f 3066/2752/2268 3069/2755/2315 3068/2754/2314
f 3070/2756/2316 3068/2754/2314 3069/2755/2315
f 3073/2757/2317 3072/2758/2318 3071/2759/2319
f 3074/2760/2320 3071/2759/2319 3072/2758/2318
f 3071/2759/2319 3074/2760/2320 3075/2761/2321
f 3076/2762/2322 3075/2761/2321 3074/2760/2320
f 3076/2762/2322 3074/2760/2320 3077/2763/2323
f 3078/2764/2324 3077/2763/2323 3074/2760/2320
f 3074/2760/2320 3072/2758/2318 3078/2764/2324
f 3079/2765/2325 3078/2764/2324 3072/2758/2318
f 3082/2766/2326 3081/2767/2327 3080/2768/2328
f 3083/2769/2329 3080/2768/2328 3081/2767/2327
f 3080/2768/2328 3083/2769/2329 3084/2770/2330
f 3085/2771/2331 3084/2770/2330 3083/2769/2329
f 3085/2771/2331 3083/2769/2329 3086/2772/2332
f 3087/2773/2333 3086/2772/2332 3083/2769/2329
f 3083/2769/2329 3081/2767/2327 3087/2773/2333
f 3088/2774/2334 3087/2773/2333 3081/2767/2327
f 3091/2775/2335 3090/2776/2336 3089/2777/2337
f 3092/2778/2338 3089/2777/2337 3090/2776/2336
f 3092/2778/2338 3090/2776/2336 3093/2779/2339
f 3094/2780/2340 3093/2779/2339 3090/2776/2336
f 3093/2779/2339 3094/2780/2340 3095/2781/2341
f 3096/2782/2342 3095/2781/2341 3094/2780/2340
f 3096/2782/2342 3097/2783/2343 3095/2781/2341
f 3098/2784/2344 3095/2781/2341 3097/2783/2343
f 3101/2785/2345 3100/2786/2346 3099/2787/2347
f 3102/2788/2348 3099/2787/2347 3100/2786/2346
f 3099/2787/2347 3102/2788/2348 3103/2789/2349
f 3104/2790/2350 3103/2789/2349 3102/2788/2348
f 3104/2790/2350 3102/2788/2348 3105/2791/2351
f 3106/2792/2352 3105/2791/2351 3102/2788/2348
f 3102/2788/2348 3100/2786/2346 3106/2792/2352
f 3107/2793/2353 3106/2792/2352 3100/2786/2346
f 3110/2794/2354 3109/2795/2355 3108/2796/2356
f 3111/2797/2357 3108/2796/2356 3109/2795/2355
f 3111/2797/2357 3109/2795/2355 3112/2798/2358
f 3113/2799/2359 3112/2798/2358 3109/2795/2355
f 3112/2798/2358 3113/2799/2359 3114/2800/2360
f 3115/2801/2361 3114/2800/2360 3113/2799/2359
f 3115/2801/2361 3116/2802/2362 3114/2800/2360
f 3117/2803/2363 3114/2800/2360 3116/2802/2362
f 3120/2804/2364 3119/2805/2365 3118/2806/2366
f 3121/2807/2367 3118/2806/2366 3119/2805/2365
f 3118/2806/2366 3121/2807/2367 3122/2808/2368
f 3123/2809/2369 3122/2808/2368 3121/2807/2367
f 3123/2809/2369 3121/2807/2367 3124/2810/2370
f 3125/2811/2371 3124/2810/2370 3121/2807/2367
f 3121/2807/2367 3119/2805/2365 3125/2811/2371
f 3126/2812/2372 3125/2811/2371 3119/2805/2365
f 3129/2813/2373 3128/2814/2374 3127/2815/2375
f 3130/2816/2271 3127/2815/2375 3128/2814/2374
f 3127/2815/2375 3130/2816/2271 3131/2817/2376
f 3132/2818/2377 3131/2817/2376 3130/2816/2271
f 3135/2819/2378 3134/2820/2379 3133/2821/2380
f 3136/2822/2381 3133/2821/2380 3134/2820/2379
f 3134/2820/2379 3137/2823/2382 3136/2822/2381
f 3138/2824/2383 3136/2822/2381 3137/2823/2382
f 3138/2824/2383 3139/2825/2384 3136/2822/2381
f 3140/2826/2385 3136/2822/2381 3139/2825/2384
f 3136/2822/2381 3140/2826/2385 3133/2821/2380
f 3141/2827/2386 3133/2821/2380 3140/2826/2385
f 3144/2828/2387 3143/2829/2388 3142/2830/2389
f 3145/2831/2390 3142/2830/2389 3143/2829/2388
f 3143/2829/2388 3146/2832/2391 3145/2831/2390
f 3147/2833/2392 3145/2831/2390 3146/2832/2391
f 3147/2833/2392 3148/2834/2393 3145/2831/2390
f 3149/2835/2394 3145/2831/2390 3148/2834/2393
f 3145/2831/2390 3149/2835/2394 3142/2830/2389
f 3150/2836/2395 3142/2830/2389 3149/2835/2394
f 3153/2837/2396 3152/2838/2397 3151/2839/2398
f 3154/2840/2399 3151/2839/2398 3152/2838/2397
f 3157/2841/2400 3156/2842/2400 3155/2843/2400
f 3158/2844/2400 3155/2843/2400 3156/2842/2400
f 3161/2839/2401 3160/2840/2401 3159/2843/2401
f 3162/2841/2401 3159/2843/2401 3160/2840/2401
f 3165/2845/2402 3164/2846/2402 3163/2847/2403
f 3166/2848/2403 3163/2847/2403 3164/2846/2402
f 3169/2849/2404 3168/2850/2405 3167/2851/2405
f 3170/2852/2406 3167/2851/2405 3168/2850/2405
f 3173/2853/2407 3172/2854/2407 3171/2855/2407
f 3172/2854/2407 3173/2853/2407 3174/2856/2407
f 3175/2857/2407 3174/2856/2407 3173/2853/2407
f 3175/2857/2407 3176/2858/2407 3174/2856/2407
f 3179/2859/2408 3178/2860/2409 3177/2861/2408
f 3180/2862/2409 3177/2861/2408 3178/2860/2409
f 3183/2863/2410 3182/2864/2410 3181/2865/2411
f 3183/2863/2410 3184/2866/2410 3182/2864/2410
f 3185/2867/2410 3182/2864/2410 3184/2866/2410
f 3184/2866/2410 3186/2868/2410 3185/2867/2410
f 3189/2869/2412 3188/2870/2413 3187/2871/2414
f 3190/2872/2415 3187/2871/2414 3188/2870/2413
f 3190/2872/2415 3188/2870/2413 3191/2873/2416
f 3192/2874/2417 3191/2873/2416 3188/2870/2413
f 3191/2873/2416 3192/2874/2417 3193/2875/2418
f 3194/2876/2419 3193/2875/2418 3192/2874/2417
f 3194/2876/2419 3195/2877/2420 3193/2875/2418
f 3196/2878/2421 3193/2875/2418 3195/2877/2420
f 3199/2879/2422 3198/2880/2423 3197/2881/2424
f 3200/2882/2425 3197/2881/2424 3198/2880/2423
f 3197/2881/2424 3200/2882/2425 3201/2883/2426
f 3202/2884/2427 3201/2883/2426 3200/2882/2425
f 3202/2884/2427 3200/2882/2425 3203/2885/2428
f 3204/2886/2429 3203/2885/2428 3200/2882/2425
f 3200/2882/2425 3198/2880/2423 3204/2886/2429
f 3205/2887/2430 3204/2886/2429 3198/2880/2423
f 3208/2888/2431 3207/2889/2432 3206/2890/2433
f 3209/2891/2434 3206/2890/2433 3207/2889/2432
f 3209/2891/2434 3207/2889/2432 3210/2892/2435
f 3211/2893/2436 3210/2892/2435 3207/2889/2432
f 3210/2892/2435 3211/2893/2436 3212/2894/2437
f 3213/2895/2438 3212/2894/2437 3211/2893/2436
f 3213/2895/2438 3214/2896/2439 3212/2894/2437
f 3215/2897/2440 3212/2894/2437 3214/2896/2439
f 3218/2898/2441 3217/2899/2442 3216/2900/2443
f 3219/2901/2444 3216/2900/2443 3217/2899/2442
f 3216/2900/2443 3219/2901/2444 3220/2902/2445
f 3221/2903/2446 3220/2902/2445 3219/2901/2444
f 3221/2903/2446 3219/2901/2444 3222/2904/2447
f 3223/2905/2448 3222/2904/2447 3219/2901/2444
f 3219/2901/2444 3217/2899/2442 3223/2905/2448
f 3224/2906/2449 3223/2905/2448 3217/2899/2442
f 3227/2907/2450 3226/2908/2451 3225/2909/2404
f 3228/2910/2404 3225/2909/2404 3226/2908/2451
f 3225/2909/2404 3228/2910/2404 3229/2911/2452
f 3230/2912/2453 3229/2911/2452 3228/2910/2404
f 3233/2913/2454 3232/2914/2455 3231/2915/2456
f 3234/2916/2457 3231/2915/2456 3232/2914/2455
f 3232/2914/2455 3235/2917/2458 3234/2916/2457
f 3236/2918/2459 3234/2916/2457 3235/2917/2458
f 3236/2918/2459 3237/2919/2460 3234/2916/2457
f 3238/2920/2461 3234/2916/2457 3237/2919/2460
f 3234/2916/2457 3238/2920/2461 3231/2915/2456
f 3239/2921/2462 3231/2915/2456 3238/2920/2461
f 3242/2922/2463 3241/2923/2464 3240/2924/2465
f 3243/2925/2466 3240/2924/2465 3241/2923/2464
f 3241/2923/2464 3244/2926/2467 3243/2925/2466
f 3245/2927/2468 3243/2925/2466 3244/2926/2467
f 3245/2927/2468 3246/2928/2469 3243/2925/2466
f 3247/2929/2470 3243/2925/2466 3246/2928/2469
f 3243/2925/2466 3247/2929/2470 3240/2924/2465
f 3248/2930/2471 3240/2924/2465 3247/2929/2470
f 3251/2931/2472 3250/2932/2473 3249/2933/2474
f 3252/2934/2475 3249/2933/2474 3250/2932/2473
f 3252/2934/2475 3253/2935/2476 3249/2933/2474
f 3254/2936/2477 3249/2933/2474 3253/2935/2476
f 3253/2935/2476 3255/2937/2478 3254/2936/2477
f 3256/2938/2479 3254/2936/2477 3255/2937/2478
f 3256/2938/2479 3255/2937/2478 3257/2939/2480
f 3258/2940/2481 3257/2939/2480 3255/2937/2478
f 3261/2941/2482 3260/2942/2483 3259/2943/2484
f 3262/2944/2485 3259/2943/2484 3260/2942/2483
f 3260/2942/2483 3263/2945/2486 3262/2944/2485
f 3264/2946/2487 3262/2944/2485 3263/2945/2486
f 3264/2946/2487 3265/2947/2488 3262/2944/2485
f 3266/2948/2489 3262/2944/2485 3265/2947/2488
f 3262/2944/2485 3266/2948/2489 3259/2943/2484
f 3267/2949/2490 3259/2943/2484 3266/2948/2489
f 3270/2950/2491 3269/2951/2492 3268/2952/2493
f 3271/2953/2494 3268/2952/2493 3269/2951/2492
f 3271/2953/2494 3272/2954/2495 3268/2952/2493
f 3273/2955/2496 3268/2952/2493 3272/2954/2495
f 3272/2954/2495 3274/2956/2497 3273/2955/2496
f 3275/2957/2498 3273/2955/2496 3274/2956/2497
f 3275/2957/2498 3274/2956/2497 3276/2958/2499
f 3277/2959/2500 3276/2958/2499 3274/2956/2497
f 3280/2960/2501 3279/2961/2502 3278/2962/2503
f 3281/2963/2504 3278/2962/2503 3279/2961/2502
f 3279/2961/2502 3282/2964/2505 3281/2963/2504
f 3283/2965/2506 3281/2963/2504 3282/2964/2505
f 3283/2965/2506 3284/2966/2507 3281/2963/2504
f 3285/2967/2508 3281/2963/2504 3284/2966/2507
f 3281/2963/2504 3285/2967/2508 3278/2962/2503
f 3286/2968/2509 3278/2962/2503 3285/2967/2508
f 3289/2969/2510 3288/2970/2511 3287/2971/2512
f 3290/2972/2513 3287/2971/2512 3288/2970/2511
f 3288/2970/2511 3291/2973/2514 3290/2972/2513
f 3292/2974/2515 3290/2972/2513 3291/2973/2514
f 3295/2975/2516 3294/2976/2517 3293/2977/2518
f 3296/2978/2519 3293/2977/2518 3294/2976/2517
f 3293/2977/2518 3296/2978/2519 3297/2979/2520
f 3298/2980/2521 3297/2979/2520 3296/2978/2519
f 3298/2980/2521 3296/2978/2519 3299/2981/2522
f 3300/2982/2523 3299/2981/2522 3296/2978/2519
f 3296/2978/2519 3294/2976/2517 3300/2982/2523
f 3301/2983/2524 3300/2982/2523 3294/2976/2517
f 3304/2984/2525 3303/2985/2526 3302/2986/2527
f 3305/2987/2528 3302/2986/2527 3303/2985/2526
f 3302/2986/2527 3305/2987/2528 3306/2988/2529
f 3307/2989/2530 3306/2988/2529 3305/2987/2528
f 3307/2989/2530 3305/2987/2528 3308/2990/2531
f 3309/2991/2532 3308/2990/2531 3305/2987/2528
f 3305/2987/2528 3303/2985/2526 3309/2991/2532
f 3310/2992/2533 3309/2991/2532 3303/2985/2526
f 3313/2993/2534 3312/2994/2535 3311/2995/2536
f 3314/2996/2537 3311/2995/2536 3312/2994/2535
f 3317/2997/2538 3316/2998/2538 3315/2999/2538
f 3318/3000/2538 3315/2999/2538 3316/2998/2538
f 3321/3000/2539 3320/2993/2539 3319/2999/2539
f 3322/2995/2539 3319/2999/2539 3320/2993/2539
f 3325/3001/2540 3324/3002/2540 3323/3003/623
f 3326/3004/623 3323/3003/623 3324/3002/2540
f 3323/3003/623 3326/3004/623 3327/3005/2541
f 3328/3006/2542 3327/3005/2541 3326/3004/623
f 3331/3007/2543 3330/3008/2543 3329/3009/1283
f 3332/3010/1283 3329/3009/1283 3330/3008/2543
f 3329/3009/1283 3332/3010/1283 3333/3011/2544
f 3334/3012/2545 3333/3011/2544 3332/3010/1283
f 3337/3013/2546 3336/3014/2546 3335/3015/1038
f 3338/3016/1038 3335/3015/1038 3336/3014/2546
f 3335/3015/1038 3338/3016/1038 3339/3017/2547
f 3340/3018/2548 3339/3017/2547 3338/3016/1038
f 3343/3019/2549 3342/3020/2549 3341/3021/1284
f 3344/3022/1284 3341/3021/1284 3342/3020/2549
f 3341/3021/1284 3344/3022/1284 3345/3023/2550
f 3346/3024/2550 3345/3023/2550 3344/3022/1284
f 3349/3025/1286 3348/3026/1286 3347/3027/1286
f 3348/3026/1286 3350/3028/1286 3347/3027/1286
f 3350/3028/1286 3351/3029/1286 3347/3027/1286
f 3352/3030/1286 3350/3028/1286 3348/3026/1286
f 3353/3031/1286 3352/3030/1286 3348/3026/1286
f 3354/3032/1286 3350/3028/1286 3352/3030/1286
f 3357/3033/1281 3356/3034/1281 3355/3035/1281
f 3356/3034/1281 3358/3036/1281 3355/3035/1281
f 3358/3036/1281 3359/3037/1281 3355/3035/1281
f 3360/3038/1281 3358/3036/1281 3356/3034/1281
f 3361/3039/1281 3360/3038/1281 3356/3034/1281
f 3362/3040/1281 3358/3036/1281 3360/3038/1281
f 3365/3041/2551 3364/3042/2551 3363/3003/623
f 3366/3043/623 3363/3003/623 3364/3042/2551
f 3363/3003/623 3366/3043/623 3367/3044/2540
f 3368/3045/2540 3367/3044/2540 3366/3043/623
f 3371/3046/2550 3370/3047/2550 3369/3048/1284
f 3372/3022/1284 3369/3048/1284 3370/3047/2550
f 3369/3048/1284 3372/3022/1284 3373/3049/2549
f 3374/3050/2549 3373/3049/2549 3372/3022/1284
f 3377/3051/2548 3376/3052/2548 3375/3053/1038
f 3378/3016/1038 3375/3053/1038 3376/3052/2548
f 3375/3053/1038 3378/3016/1038 3379/3054/2546
f 3380/3055/2546 3379/3054/2546 3378/3016/1038
f 3383/3056/2552 3382/3057/2552 3381/3058/1283
f 3384/3010/1283 3381/3058/1283 3382/3057/2552
f 3381/3058/1283 3384/3010/1283 3385/3059/2553
f 3386/3060/2553 3385/3059/2553 3384/3010/1283
f 3389/3061/2554 3388/3062/2555 3387/3063/1283
f 3390/3009/1283 3387/3063/1283 3388/3062/2555
f 3387/3063/1283 3390/3009/1283 3391/3064/2556
f 3392/3065/2552 3391/3064/2556 3390/3009/1283
f 3395/3066/2546 3394/3067/2546 3393/3068/1038
f 3396/3069/1038 3393/3068/1038 3394/3067/2546
f 3393/3068/1038 3396/3069/1038 3397/3070/2548
f 3398/3071/2548 3397/3070/2548 3396/3069/1038
f 3401/3072/2549 3400/3073/2557 3399/3074/1284
f 3402/3021/1284 3399/3074/1284 3400/3073/2557
f 3399/3074/1284 3402/3021/1284 3403/3075/2550
f 3404/3076/2550 3403/3075/2550 3402/3021/1284
f 3407/3077/2551 3406/3078/2551 3405/3079/623
f 3408/3080/623 3405/3079/623 3406/3078/2551
f 3405/3079/623 3408/3080/623 3409/3081/2558
f 3410/3082/2559 3409/3081/2558 3408/3080/623
f 3413/3083/1281 3412/3033/1281 3411/3084/1281
f 3412/3033/1281 3414/3085/1281 3411/3084/1281
f 3414/3085/1281 3415/3086/1281 3411/3084/1281
f 3416/3087/1281 3414/3085/1281 3412/3033/1281
f 3417/3088/1281 3416/3087/1281 3412/3033/1281
f 3418/3038/1281 3414/3085/1281 3416/3087/1281
f 3421/3089/1286 3420/3025/1286 3419/3090/1286
f 3420/3025/1286 3422/3091/1286 3419/3090/1286
f 3422/3091/1286 3423/3092/1286 3419/3090/1286
f 3424/3093/1286 3422/3091/1286 3420/3025/1286
f 3425/3026/1286 3424/3093/1286 3420/3025/1286
f 3426/3094/1286 3422/3091/1286 3424/3093/1286
f 3429/3095/623 3428/3096/623 3427/3097/623
f 3430/3098/623 3427/3097/623 3428/3096/623
f 3433/3099/2560 3432/3100/2560 3431/3101/2560
f 3434/3102/2560 3431/3101/2560 3432/3100/2560
f 3437/3103/2561 3436/3104/2561 3435/3105/2561
f 3438/3106/2561 3435/3105/2561 3436/3104/2561
f 3441/3107/2562 3440/3108/2562 3439/3109/2562
f 3442/3110/2562 3439/3109/2562 3440/3108/2562
f 3445/3111/2563 3444/3112/2563 3443/3113/2563
f 3446/3114/2563 3443/3113/2563 3444/3112/2563
f 3449/3115/2564 3448/3116/2565 3447/3117/2564
f 3450/3118/2565 3447/3117/2564 3448/3116/2565
f 3448/3116/2565 3451/3119/2566 3450/3118/2565
f 3452/3120/2567 3450/3118/2565 3451/3119/2566
f 3455/3121/2568 3454/3122/2569 3453/3123/2568
f 3456/3124/2569 3453/3123/2568 3454/3122/2569
f 3454/3122/2569 3457/3125/2570 3456/3124/2569
f 3458/3126/2570 3456/3124/2569 3457/3125/2570
f 3461/3127/2571 3460/3128/2572 3459/3129/2571
f 3462/3130/2572 3459/3129/2571 3460/3128/2572
f 3460/3128/2572 3463/3131/2573 3462/3130/2572
f 3464/3132/2574 3462/3130/2572 3463/3131/2573
f 3467/3133/2575 3466/3134/2576 3465/3135/2575
f 3468/3136/2576 3465/3135/2575 3466/3134/2576
f 3466/3134/2576 3469/3137/2577 3468/3136/2576
f 3470/3138/2577 3468/3136/2576 3469/3137/2577
f 3473/3139/2564 3472/3140/2578 3471/3141/2579
f 3474/3142/2578 3471/3141/2579 3472/3140/2578
f 3472/3140/2578 3475/3143/2566 3474/3142/2578
f 3476/3144/2566 3474/3142/2578 3475/3143/2566
f 3479/3145/2568 3478/3146/2569 3477/3147/2568
f 3480/3148/2580 3477/3147/2568 3478/3146/2569
f 3478/3146/2569 3481/3149/2581 3480/3148/2580
f 3482/3150/2581 3480/3148/2580 3481/3149/2581
f 3485/3151/2571 3484/3152/2572 3483/3153/2571
f 3486/3154/2572 3483/3153/2571 3484/3152/2572
f 3484/3152/2572 3487/3155/2582 3486/3154/2572
f 3488/3156/2582 3486/3154/2572 3487/3155/2582
f 3491/3157/2575 3490/3158/2583 3489/3159/2575
f 3492/3160/2583 3489/3159/2575 3490/3158/2583
f 3490/3158/2583 3493/3161/2577 3492/3160/2583
f 3494/3162/2577 3492/3160/2583 3493/3161/2577
f 3497/3163/2584 3496/3164/2565 3495/3165/2584
f 3498/3166/2565 3495/3165/2584 3496/3164/2565
f 3496/3164/2565 3499/3167/2566 3498/3166/2565
f 3500/3168/2566 3498/3166/2565 3499/3167/2566
f 3503/3169/2568 3502/3170/2585 3501/3171/2568
f 3504/3172/2585 3501/3171/2568 3502/3170/2585
f 3502/3170/2585 3505/3173/2570 3504/3172/2585
f 3506/3174/2586 3504/3172/2585 3505/3173/2570
f 3509/3175/2571 3508/3176/2572 3507/3177/2571
f 3510/3178/2572 3507/3177/2571 3508/3176/2572
f 3508/3176/2572 3511/3179/2573 3510/3178/2572
f 3512/3180/2573 3510/3178/2572 3511/3179/2573
f 3515/3181/2575 3514/3182/2587 3513/3183/2575
f 3516/3184/2587 3513/3183/2575 3514/3182/2587
f 3514/3182/2587 3517/3185/2577 3516/3184/2587
f 3518/3186/2577 3516/3184/2587 3517/3185/2577
f 3521/3187/2588 3520/3188/2578 3519/3189/2589
f 3522/3190/2565 3519/3189/2589 3520/3188/2578
f 3520/3188/2578 3523/3191/2590 3522/3190/2565
f 3524/3192/2591 3522/3190/2565 3523/3191/2590
f 3527/3193/2592 3526/3194/2580 3525/3195/2592
f 3528/3196/2585 3525/3195/2592 3526/3194/2580
f 3526/3194/2580 3529/3197/2581 3528/3196/2585
f 3530/3198/2581 3528/3196/2585 3529/3197/2581
f 3533/3199/2593 3532/3200/2572 3531/3201/2593
f 3534/3202/2572 3531/3201/2593 3532/3200/2572
f 3532/3200/2572 3535/3203/2573 3534/3202/2572
f 3536/3204/2573 3534/3202/2572 3535/3203/2573
f 3539/3205/2575 3538/3206/2587 3537/3207/2575
f 3540/3208/2587 3537/3207/2575 3538/3206/2587
f 3538/3206/2587 3541/3209/2594 3540/3208/2587
f 3542/3210/2594 3540/3208/2587 3541/3209/2594
f 3545/3211/623 3544/3212/623 3543/3213/623
f 3546/3214/623 3543/3213/623 3544/3212/623
f 3549/3215/2595 3548/3216/2595 3547/3217/2595
f 3550/3218/2595 3547/3217/2595 3548/3216/2595
f 3553/3219/2596 3552/3220/2596 3551/3221/2596
f 3554/3222/2596 3551/3221/2596 3552/3220/2596
f 3557/3223/2597 3556/3224/2597 3555/3225/2597
f 3558/3226/2597 3555/3225/2597 3556/3224/2597
f 3561/3227/2598 3560/3228/2598 3559/3229/2598
f 3562/3230/2598 3559/3229/2598 3560/3228/2598
f 3565/3231/2599 3564/3232/2600 3563/3233/2601
f 3566/3234/2600 3563/3233/2601 3564/3232/2600
f 3564/3232/2600 3567/3235/2602 3566/3234/2600
f 3568/3236/2602 3566/3234/2600 3567/3235/2602
f 3571/3237/2603 3570/3238/2604 3569/3239/2603
f 3572/3240/2604 3569/3239/2603 3570/3238/2604
f 3570/3238/2604 3573/3241/2605 3572/3240/2604
f 3574/3242/2605 3572/3240/2604 3573/3241/2605
f 3577/3243/2606 3576/3244/2607 3575/3245/2608
f 3578/3246/2607 3575/3245/2608 3576/3244/2607
f 3576/3244/2607 3579/3247/2609 3578/3246/2607
f 3580/3248/2609 3578/3246/2607 3579/3247/2609
f 3583/3249/2610 3582/3250/2611 3581/3251/2610
f 3584/3252/2611 3581/3251/2610 3582/3250/2611
f 3582/3250/2611 3585/3253/2612 3584/3252/2611
f 3586/3254/2612 3584/3252/2611 3585/3253/2612
f 3589/3255/2601 3588/3256/2600 3587/3257/2613
f 3590/3258/2600 3587/3257/2613 3588/3256/2600
f 3588/3256/2600 3591/3259/2602 3590/3258/2600
f 3592/3260/2602 3590/3258/2600 3591/3259/2602
f 3595/3261/2603 3594/3262/2604 3593/3263/2603
f 3596/3264/2614 3593/3263/2603 3594/3262/2604
f 3594/3262/2604 3597/3265/2615 3596/3264/2614
f 3598/3266/2615 3596/3264/2614 3597/3265/2615
f 3601/3267/2616 3600/3268/2607 3599/3269/2606
f 3602/3270/2607 3599/3269/2606 3600/3268/2607
f 3600/3268/2607 3603/3271/2617 3602/3270/2607
f 3604/3272/2609 3602/3270/2607 3603/3271/2617
f 3607/3273/2610 3606/3274/2611 3605/3275/2610
f 3608/3276/2611 3605/3275/2610 3606/3274/2611
f 3606/3274/2611 3609/3277/2612 3608/3276/2611
f 3610/3278/2612 3608/3276/2611 3609/3277/2612
f 3613/3279/2618 3612/3280/2619 3611/3281/2601
f 3614/3282/2619 3611/3281/2601 3612/3280/2619
f 3612/3280/2619 3615/3283/2620 3614/3282/2619
f 3616/3284/2602 3614/3282/2619 3615/3283/2620
f 3619/3285/2621 3618/3286/2614 3617/3287/2603
f 3620/3288/2614 3617/3287/2603 3618/3286/2614
f 3618/3286/2614 3621/3289/2605 3620/3288/2614
f 3622/3290/2622 3620/3288/2614 3621/3289/2605
f 3625/3291/2606 3624/3292/2607 3623/3293/2606
f 3626/3294/2607 3623/3293/2606 3624/3292/2607
f 3624/3292/2607 3627/3295/2609 3626/3294/2607
f 3628/3296/2609 3626/3294/2607 3627/3295/2609
f 3631/3297/2610 3630/3298/2623 3629/3299/2610
f 3632/3300/2623 3629/3299/2610 3630/3298/2623
f 3630/3298/2623 3633/3301/2624 3632/3300/2623
f 3634/3302/2612 3632/3300/2623 3633/3301/2624
f 3637/3303/2613 3636/3304/2600 3635/3305/2599
f 3638/3306/2600 3635/3305/2599 3636/3304/2600
f 3636/3304/2600 3639/3307/2602 3638/3306/2600
f 3640/3308/2625 3638/3306/2600 3639/3307/2602
f 3643/3309/2626 3642/3310/2614 3641/3311/2603
f 3644/3312/2614 3641/3311/2603 3642/3310/2614
f 3642/3310/2614 3645/3313/2605 3644/3312/2614
f 3646/3314/2605 3644/3312/2614 3645/3313/2605
f 3649/3315/2608 3648/3316/2607 3647/3317/2608
f 3650/3318/2607 3647/3317/2608 3648/3316/2607
f 3648/3316/2607 3651/3319/2609 3650/3318/2607
f 3652/3320/2609 3650/3318/2607 3651/3319/2609
f 3655/3321/2610 3654/3322/2623 3653/3323/2610
f 3656/3324/2623 3653/3323/2610 3654/3322/2623
f 3654/3322/2623 3657/3325/2612 3656/3324/2623
f 3658/3326/2627 3656/3324/2623 3657/3325/2612
f 3661/3327/623 3660/3328/623 3659/3329/623
f 3662/3330/623 3659/3329/623 3660/3328/623
f 3665/3331/2628 3664/3332/2628 3663/3333/2629
f 3666/3334/2629 3663/3333/2629 3664/3332/2628
f 3669/3335/2630 3668/3336/2630 3667/3337/2630
f 3670/3338/2630 3667/3337/2630 3668/3336/2630
f 3673/3339/2631 3672/3340/2631 3671/3341/2631
f 3674/3342/2631 3671/3341/2631 3672/3340/2631
f 3677/3343/2632 3676/3344/2632 3675/3345/2632
f 3678/3346/2632 3675/3345/2632 3676/3344/2632
f 3681/3347/2633 3680/3348/2633 3679/3349/2634
f 3682/3350/2634 3679/3349/2634 3680/3348/2633
f 3679/3349/2634 3682/3350/2634 3683/3351/2635
f 3684/3352/2635 3683/3351/2635 3682/3350/2634
f 3687/3353/2636 3686/3354/2636 3685/3355/2637
f 3688/3356/2637 3685/3355/2637 3686/3354/2636
f 3685/3355/2637 3688/3356/2637 3689/3357/2638
f 3690/3358/2638 3689/3357/2638 3688/3356/2637
f 3693/3359/2639 3692/3360/2640 3691/3361/2641
f 3694/3362/2641 3691/3361/2641 3692/3360/2640
f 3691/3361/2641 3694/3362/2641 3695/3363/2642
f 3696/3364/2642 3695/3363/2642 3694/3362/2641
f 3699/3365/2643 3698/3366/2643 3697/3367/2644
f 3700/3368/2644 3697/3367/2644 3698/3366/2643
f 3697/3367/2644 3700/3368/2644 3701/3369/2645
f 3702/3370/2645 3701/3369/2645 3700/3368/2644
f 3705/3371/2646 3704/3372/2647 3703/3373/2634
f 3706/3374/2648 3703/3373/2634 3704/3372/2647
f 3703/3373/2634 3706/3374/2648 3707/3375/2649
f 3708/3376/2649 3707/3375/2649 3706/3374/2648
f 3711/3377/2650 3710/3378/2651 3709/3379/2637
f 3712/3380/2652 3709/3379/2637 3710/3378/2651
f 3709/3379/2637 3712/3380/2652 3713/3381/2638
f 3714/3382/2638 3713/3381/2638 3712/3380/2652
f 3717/3383/2640 3716/3384/2640 3715/3385/2641
f 3718/3386/2641 3715/3385/2641 3716/3384/2640
f 3715/3385/2641 3718/3386/2641 3719/3387/2642
f 3720/3388/2642 3719/3387/2642 3718/3386/2641
f 3723/3389/2643 3722/3390/2653 3721/3391/2654
f 3724/3392/2654 3721/3391/2654 3722/3390/2653
f 3721/3391/2654 3724/3392/2654 3725/3393/2645
f 3726/3394/2645 3725/3393/2645 3724/3392/2654
f 3729/3395/2633 3728/3396/2633 3727/3397/2648
f 3730/3398/2648 3727/3397/2648 3728/3396/2633
f 3727/3397/2648 3730/3398/2648 3731/3399/2655
f 3732/3400/2649 3731/3399/2655 3730/3398/2648
f 3735/3401/2636 3734/3402/2656 3733/3403/2657
f 3736/3404/2652 3733/3403/2657 3734/3402/2656
f 3733/3403/2657 3736/3404/2652 3737/3405/2658
f 3738/3406/2658 3737/3405/2658 3736/3404/2652
f 3741/3407/2640 3740/3408/2640 3739/3409/2641
f 3742/3410/2641 3739/3409/2641 3740/3408/2640
f 3739/3409/2641 3742/3410/2641 3743/3411/2659
f 3744/3412/2659 3743/3411/2659 3742/3410/2641
f 3747/3413/2653 3746/3414/2643 3745/3415/2660
f 3748/3416/2660 3745/3415/2660 3746/3414/2643
f 3745/3415/2660 3748/3416/2660 3749/3417/2645
f 3750/3418/2645 3749/3417/2645 3748/3416/2660
f 3753/3419/2633 3752/3420/2661 3751/3421/2634
f 3754/3422/2634 3751/3421/2634 3752/3420/2661
f 3751/3421/2634 3754/3422/2634 3755/3423/2649
f 3756/3424/2649 3755/3423/2649 3754/3422/2634
f 3759/3425/2636 3758/3426/2636 3757/3427/2657
f 3760/3428/2652 3757/3427/2657 3758/3426/2636
f 3757/3427/2657 3760/3428/2652 3761/3429/2638
f 3762/3430/2638 3761/3429/2638 3760/3428/2652
f 3765/3431/2639 3764/3432/2639 3763/3433/2641
f 3766/3434/2662 3763/3433/2641 3764/3432/2639
f 3763/3433/2641 3766/3434/2662 3767/3435/2642
f 3768/3436/2642 3767/3435/2642 3766/3434/2662
f 3771/3437/2643 3770/3438/2643 3769/3439/2660
f 3772/3440/2660 3769/3439/2660 3770/3438/2643
f 3769/3439/2660 3772/3440/2660 3773/3441/2645
f 3774/3442/2645 3773/3441/2645 3772/3440/2660
f 3777/3443/623 3776/3444/623 3775/3445/623
f 3778/3446/623 3775/3445/623 3776/3444/623
f 3781/3447/2663 3780/3448/2663 3779/3449/2663
f 3782/3450/2663 3779/3449/2663 3780/3448/2663
f 3785/3451/2664 3784/3452/2664 3783/3453/2664
f 3786/3454/2664 3783/3453/2664 3784/3452/2664
f 3789/3455/2665 3788/3456/2665 3787/3457/2665
f 3790/3458/2665 3787/3457/2665 3788/3456/2665
f 3793/3459/2666 3792/3460/2666 3791/3461/2666
f 3794/3462/2666 3791/3461/2666 3792/3460/2666
f 3797/3463/2667 3796/3464/2668 3795/3465/2669
f 3798/3466/2669 3795/3465/2669 3796/3464/2668
f 3795/3465/2669 3798/3466/2669 3799/3467/2670
f 3800/3468/2670 3799/3467/2670 3798/3466/2669
f 3803/3469/2671 3802/3470/2671 3801/3471/2672
f 3804/3472/2672 3801/3471/2672 3802/3470/2671
f 3801/3471/2672 3804/3472/2672 3805/3473/2673
f 3806/3474/2673 3805/3473/2673 3804/3472/2672
f 3809/3475/2674 3808/3476/2675 3807/3477/2676
f 3810/3478/2676 3807/3477/2676 3808/3476/2675
f 3807/3477/2676 3810/3478/2676 3811/3479/2677
f 3812/3480/2678 3811/3479/2677 3810/3478/2676
f 3815/3481/2679 3814/3482/2679 3813/3483/2680
f 3816/3484/2680 3813/3483/2680 3814/3482/2679
f 3813/3483/2680 3816/3484/2680 3817/3485/2681
f 3818/3486/2681 3817/3485/2681 3816/3484/2680
f 3821/3487/2682 3820/3488/2683 3819/3489/2669
f 3822/3490/2669 3819/3489/2669 3820/3488/2683
f 3819/3489/2669 3822/3490/2669 3823/3491/2670
f 3824/3492/2670 3823/3491/2670 3822/3490/2669
f 3827/3493/2671 3826/3494/2671 3825/3495/2672
f 3828/3496/2684 3825/3495/2672 3826/3494/2671
f 3825/3495/2672 3828/3496/2684 3829/3497/2673
f 3830/3498/2673 3829/3497/2673 3828/3496/2684
f 3833/3499/2685 3832/3500/2674 3831/3501/2676
f 3834/3502/2676 3831/3501/2676 3832/3500/2674
f 3831/3501/2676 3834/3502/2676 3835/3503/2686
f 3836/3504/2686 3835/3503/2686 3834/3502/2676
f 3839/3505/2679 3838/3506/2687 3837/3507/2680
f 3840/3508/2680 3837/3507/2680 3838/3506/2687
f 3837/3507/2680 3840/3508/2680 3841/3509/2681
f 3842/3510/2681 3841/3509/2681 3840/3508/2680
f 3845/3511/2668 3844/3512/2668 3843/3513/2688
f 3846/3514/2688 3843/3513/2688 3844/3512/2668
f 3843/3513/2688 3846/3514/2688 3847/3515/2670
f 3848/3516/2670 3847/3515/2670 3846/3514/2688
f 3851/3517/2671 3850/3518/2671 3849/3519/2684
f 3852/3520/2684 3849/3519/2684 3850/3518/2671
f 3849/3519/2684 3852/3520/2684 3853/3521/2689
f 3854/3522/2673 3853/3521/2689 3852/3520/2684
f 3857/3523/2674 3856/3524/2674 3855/3525/2676
f 3858/3526/2676 3855/3525/2676 3856/3524/2674
f 3855/3525/2676 3858/3526/2676 3859/3527/2678
f 3860/3528/2678 3859/3527/2678 3858/3526/2676
f 3863/3529/2679 3862/3530/2679 3861/3531/2680
f 3864/3532/2690 3861/3531/2680 3862/3530/2679
f 3861/3531/2680 3864/3532/2690 3865/3533/2691
f 3866/3534/2681 3865/3533/2691 3864/3532/2690
f 3869/3535/2683 3868/3536/2692 3867/3537/2669
f 3870/3538/2688 3867/3537/2669 3868/3536/2692
f 3867/3537/2669 3870/3538/2688 3871/3539/2693
f 3872/3540/2694 3871/3539/2693 3870/3538/2688
f 3875/3541/2695 3874/3542/2671 3873/3543/2684
f 3876/3544/2684 3873/3543/2684 3874/3542/2671
f 3873/3543/2684 3876/3544/2684 3877/3545/2673
f 3878/3546/2673 3877/3545/2673 3876/3544/2684
f 3881/3547/2675 3880/3548/2675 3879/3549/2676
f 3882/3550/2676 3879/3549/2676 3880/3548/2675
f 3879/3549/2676 3882/3550/2676 3883/3551/2678
f 3884/3552/2677 3883/3551/2678 3882/3550/2676
f 3887/3553/2679 3886/3554/2696 3885/3555/2690
f 3888/3556/2690 3885/3555/2690 3886/3554/2696
f 3885/3555/2690 3888/3556/2690 3889/3557/2681
f 3890/3558/2681 3889/3557/2681 3888/3556/2690
f 3893/3559/2697 3892/872/2697 3891/3560/2698
f 3893/3559/2697 3894/3561/2699 3892/872/2697
f 3895/874/2698 3891/3560/2698 3892/872/2697
f 3896/873/2699 3892/872/2697 3894/3561/2699
f 3891/3560/2698 3895/874/2698 3897/3562/452
f 3894/3561/2699 3898/3563/452 3896/873/2699
f 3899/3564/2700 3897/3562/452 3895/874/2698
f 3900/3565/452 3896/873/2699 3898/3563/452
f 3897/3562/452 3899/3564/2700 3901/3566/2701
f 3898/3563/452 3902/3567/2702 3900/3565/452
f 3903/3568/2703 3901/3566/2701 3899/3564/2700
f 3904/3569/2704 3900/3565/452 3902/3567/2702
f 3901/3566/2701 3903/3568/2703 3905/3570/2705
f 3902/3567/2702 3906/757/2706 3904/3569/2704
f 3907/3571/2707 3905/3570/2705 3903/3568/2703
f 3908/3572/2708 3904/3569/2704 3906/757/2706
f 3905/3570/2705 3907/3571/2707 3909/3573/2709
f 3906/757/2706 3909/3573/2709 3908/3572/2708
f 3910/3574/2710 3909/3573/2709 3907/3571/2707
f 3910/3574/2710 3908/3572/2708 3909/3573/2709
f 3913/3575/2711 3912/3576/2712 3911/3577/2713
f 3913/3575/2711 3911/3577/2713 3914/3578/2711
f 3915/3579/2714 3911/3577/2713 3912/3576/2712
f 3916/3580/2715 3914/3578/2711 3911/3577/2713
f 3912/3576/2712 3917/3581/2716 3915/3579/2714
f 3916/3580/2715 3918/3582/2717 3914/3578/2711
f 3919/3583/2716 3915/3579/2714 3917/3581/2716
f 3920/3584/2718 3914/3578/2711 3918/3582/2717
f 3917/3581/2716 3921/3585/2719 3919/3583/2716
f 3918/3582/2717 3922/3586/2720 3920/3584/2718
f 3923/3587/2719 3919/3583/2716 3921/3585/2719
f 3924/3588/2720 3920/3584/2718 3922/3586/2720
f 3921/3585/2719 3925/3589/2717 3923/3587/2719
f 3922/3586/2720 3926/3590/2721 3924/3588/2720
f 3927/3591/2717 3923/3587/2719 3925/3589/2717
f 3928/3592/2722 3924/3588/2720 3926/3590/2721
f 3925/3589/2717 3928/3592/2722 3927/3591/2717
f 3926/3590/2721 3927/3591/2717 3928/3592/2722
f 3931/1795/2723 3930/1798/2724 3929/1793/2725
f 3932/1796/2726 3929/1793/2725 3930/1798/2724
f 3931/1795/2723 3929/1793/2725 3933/1794/2727
f 3932/1796/2726 3934/1797/2728 3929/1793/2725
f 3935/1791/2729 3933/1794/2727 3929/1793/2725
f 3936/1792/2730 3929/1793/2725 3934/1797/2728
f 3935/1791/2729 3929/1793/2725 3937/1790/2731
f 3936/1792/2730 3937/1790/2731 3929/1793/2725
f 3940/3593/2732 3939/3594/2733 3938/3595/2734
f 3940/3593/2732 3941/3596/2732 3939/3594/2733
f 3942/3597/2735 3938/3595/2734 3939/3594/2733
f 3943/3598/2736 3939/3594/2733 3941/3596/2732
f 3938/3595/2734 3942/3597/2735 3944/3599/2737
f 3943/3598/2736 3941/3596/2732 3945/3600/2738
f 3946/3601/2737 3944/3599/2737 3942/3597/2735
f 3947/3602/2739 3945/3600/2738 3941/3596/2732
f 3944/3599/2737 3946/3601/2737 3948/3603/2740
f 3945/3600/2738 3947/3602/2739 3949/3604/2741
f 3950/3605/2740 3948/3603/2740 3946/3601/2737
f 3951/3606/2741 3949/3604/2741 3947/3602/2739
f 3948/3603/2740 3950/3605/2740 3952/3607/2738
f 3949/3604/2741 3951/3606/2741 3953/3608/2742
f 3954/3609/2738 3952/3607/2738 3950/3605/2740
f 3955/3610/2743 3953/3608/2742 3951/3606/2741
f 3952/3607/2738 3954/3609/2738 3955/3610/2743
f 3953/3608/2742 3955/3610/2743 3954/3609/2738
f 3958/1313/2744 3957/1311/2745 3956/1316/2746
f 3959/1314/2747 3956/1316/2746 3957/1311/2745
f 3958/1313/2744 3960/1312/2748 3957/1311/2745
f 3959/1314/2747 3957/1311/2745 3961/1315/2749
f 3962/1310/2750 3957/1311/2745 3960/1312/2748
f 3963/1309/2751 3961/1315/2749 3957/1311/2745
f 3962/1310/2750 3964/1308/2752 3957/1311/2745
f 3963/1309/2751 3957/1311/2745 3964/1308/2752
f 3967/3611/2753 3966/3612/623 3965/3613/2754
f 3965/3613/2754 3966/3612/623 3968/3614/2755
f 3969/3615/2756 3966/3612/623 3967/3611/2753
f 3968/3614/2755 3966/3612/623 3970/3616/2757
f 3971/3617/2758 3966/3612/623 3969/3615/2756
f 3970/3616/2757 3966/3612/623 3972/3618/2759
f 3973/3619/2760 3966/3612/623 3971/3617/2758
f 3972/3618/2759 3966/3612/623 3974/3620/2761
f 3975/3621/2762 3966/3612/623 3973/3619/2760
f 3974/3620/2761 3966/3612/623 3975/3621/2762
f 3978/3622/623 3977/3623/2763 3976/3624/2764
f 3978/3622/623 3976/3624/2764 3979/3625/2765
f 3978/3622/623 3980/3626/2766 3977/3623/2763
f 3978/3622/623 3979/3625/2765 3981/3627/2767
f 3978/3622/623 3982/3628/2768 3980/3626/2766
f 3978/3622/623 3981/3627/2767 3983/3629/2769
f 3978/3622/623 3984/3630/2770 3982/3628/2768
f 3978/3622/623 3983/3629/2769 3985/3631/2771
f 3978/3622/623 3986/3632/2772 3984/3630/2770
f 3978/3622/623 3985/3631/2771 3986/3632/2772
f 3989/3633/2773 3988/3634/2774 3987/3635/2775
f 3989/3633/2773 3987/3635/2775 3990/3636/2776
f 3989/3633/2773 3991/3637/2777 3988/3634/2774
f 3989/3633/2773 3990/3636/2776 3992/3638/2778
f 3989/3633/2773 3993/3639/2779 3991/3637/2777
f 3989/3633/2773 3992/3638/2778 3994/3640/2780
f 3989/3633/2773 3995/3641/2781 3993/3639/2779
f 3989/3633/2773 3994/3640/2780 3995/3641/2781
f 3998/3642/2773 3997/3643/2774 3996/3644/2775
f 3998/3642/2773 3996/3644/2775 3999/3645/2782
f 3998/3642/2773 4000/3646/2783 3997/3643/2774
f 3998/3642/2773 3999/3645/2782 4001/3647/2778
f 3998/3642/2773 4002/3648/2779 4000/3646/2783
f 3998/3642/2773 4001/3647/2778 4003/3649/2780
f 3998/3642/2773 4004/3650/2781 4002/3648/2779
f 3998/3642/2773 4003/3649/2780 4004/3650/2781
f 4007/3651/2784 4006/3652/2785 4005/3653/2786
f 4005/3653/2786 4006/3652/2785 4008/3654/2787
f 4009/3655/2788 4006/3652/2785 4007/3651/2784
f 4008/3654/2787 4006/3652/2785 4010/3656/2789
f 4011/3657/2790 4006/3652/2785 4009/3655/2788
f 4010/3656/2789 4006/3652/2785 4012/3658/2791
f 4013/3659/2792 4006/3652/2785 4011/3657/2790
f 4012/3658/2791 4006/3652/2785 4013/3659/2792
f 4016/3660/2793 4015/3661/2785 4014/3662/2786
f 4014/3662/2786 4015/3661/2785 4017/3663/2794
f 4018/3664/2795 4015/3661/2785 4016/3660/2793
f 4017/3663/2794 4015/3661/2785 4019/3665/2796
f 4020/3666/2797 4015/3661/2785 4018/3664/2795
f 4019/3665/2796 4015/3661/2785 4021/3667/2791
f 4022/3668/2798 4015/3661/2785 4020/3666/2797
f 4021/3667/2791 4015/3661/2785 4022/3668/2798
f 4025/3669/2799 4024/3670/2800 4023/3671/2801
f 4025/3669/2799 4023/3671/2801 4026/3672/2802
f 4025/3669/2799 4027/3673/2803 4024/3670/2800
f 4025/3669/2799 4026/3672/2802 4028/3674/2804
f 4025/3669/2799 4029/3675/2805 4027/3673/2803
f 4025/3669/2799 4028/3674/2804 4030/3676/2806
f 4025/3669/2799 4031/3677/2807 4029/3675/2805
f 4025/3669/2799 4030/3676/2806 4031/3677/2807
f 4034/3678/2799 4033/3679/2800 4032/3680/2801
f 4034/3678/2799 4032/3680/2801 4035/3681/2802
f 4034/3678/2799 4036/3682/2803 4033/3679/2800
f 4034/3678/2799 4035/3681/2802 4037/3683/2808
f 4034/3678/2799 4038/3684/2809 4036/3682/2803
f 4034/3678/2799 4037/3683/2808 4039/3685/2806
f 4034/3678/2799 4040/3686/2807 4038/3684/2809
f 4034/3678/2799 4039/3685/2806 4040/3686/2807
f 4043/3687/2810 4042/3688/2811 4041/3689/2812
f 4041/3689/2812 4042/3688/2811 4044/3690/2813
f 4045/3691/2814 4042/3688/2811 4043/3687/2810
f 4044/3690/2813 4042/3688/2811 4046/3692/2815
f 4047/3693/2816 4042/3688/2811 4045/3691/2814
f 4046/3692/2815 4042/3688/2811 4048/3694/2817
f 4049/3695/2818 4042/3688/2811 4047/3693/2816
f 4048/3694/2817 4042/3688/2811 4049/3695/2818
f 4052/3696/2810 4051/3697/2811 4050/3698/2812
f 4050/3698/2812 4051/3697/2811 4053/3699/2813
f 4054/3700/2814 4051/3697/2811 4052/3696/2810
f 4053/3699/2813 4051/3697/2811 4055/3701/2819
f 4056/3702/2820 4051/3697/2811 4054/3700/2814
f 4055/3701/2819 4051/3697/2811 4057/3703/2821
f 4058/3704/2818 4051/3697/2811 4056/3702/2820
f 4057/3703/2821 4051/3697/2811 4058/3704/2818
f 4061/3705/623 4060/3706/2822 4059/3707/2823
f 4061/3705/623 4059/3707/2823 4062/3708/2824
f 4061/3705/623 4063/3709/2825 4060/3706/2822
f 4061/3705/623 4062/3708/2824 4064/3710/2826
f 4061/3705/623 4065/3711/2827 4063/3709/2825
f 4061/3705/623 4064/3710/2826 4066/3712/2828
f 4061/3705/623 4067/3713/2829 4065/3711/2827
f 4061/3705/623 4066/3712/2828 4067/3713/2829
f 4070/3714/623 4069/3715/2822 4068/3716/2823
f 4070/3714/623 4068/3716/2823 4071/3717/2830
f 4070/3714/623 4072/3718/2831 4069/3715/2822
f 4070/3714/623 4071/3717/2830 4073/3719/2832
f 4070/3714/623 4074/3720/2827 4072/3718/2831
f 4070/3714/623 4073/3719/2832 4075/3721/2833
f 4070/3714/623 4076/3722/2829 4074/3720/2827
f 4070/3714/623 4075/3721/2833 4076/3722/2829
f 4079/3723/623 4078/3724/2834 4077/3725/2835
f 4079/3723/623 4077/3725/2835 4080/3726/2836
f 4079/3723/623 4081/3727/2837 4078/3724/2834
f 4079/3723/623 4080/3726/2836 4082/3728/2838
f 4079/3723/623 4083/3729/2839 4081/3727/2837
f 4079/3723/623 4082/3728/2838 4084/3730/2840
f 4079/3723/623 4085/3731/2841 4083/3729/2839
f 4079/3723/623 4084/3730/2840 4085/3731/2841
f 4088/3732/623 4087/3733/2842 4086/3734/2843
f 4088/3732/623 4086/3734/2843 4089/3735/2836
f 4088/3732/623 4090/3736/2844 4087/3733/2842
f 4088/3732/623 4089/3735/2836 4091/3737/2838
f 4088/3732/623 4092/3738/2839 4090/3736/2844
f 4088/3732/623 4091/3737/2838 4093/3739/2845
f 4088/3732/623 4094/3740/2841 4092/3738/2839
f 4088/3732/623 4093/3739/2845 4094/3740/2841
f 4097/3741/2846 4096/3742/623 4095/3743/2847
f 4095/3743/2847 4096/3742/623 4098/3744/2848
f 4099/3745/2849 4096/3742/623 4097/3741/2846
f 4098/3744/2848 4096/3742/623 4100/3746/2850
f 4101/3747/2851 4096/3742/623 4099/3745/2849
f 4100/3746/2850 4096/3742/623 4102/3748/2852
f 4103/3749/2853 4096/3742/623 4101/3747/2851
f 4102/3748/2852 4096/3742/623 4103/3749/2853
f 4106/3750/2854 4105/3751/623 4104/3752/2855
f 4104/3752/2855 4105/3751/623 4107/3753/2848
f 4108/3754/2856 4105/3751/623 4106/3750/2854
f 4107/3753/2848 4105/3751/623 4109/3755/2850
f 4110/3756/2851 4105/3751/623 4108/3754/2856
f 4109/3755/2850 4105/3751/623 4111/3757/2857
f 4112/3758/2853 4105/3751/623 4110/3756/2851
f 4111/3757/2857 4105/3751/623 4112/3758/2853
f 4115/3759/2858 4114/3760/623 4113/3761/2859
f 4113/3761/2859 4114/3760/623 4116/3762/2860
f 4117/3763/2861 4114/3760/623 4115/3759/2858
f 4116/3762/2860 4114/3760/623 4118/3764/2862
f 4119/3765/2863 4114/3760/623 4117/3763/2861
f 4118/3764/2862 4114/3760/623 4120/3766/2864
f 4121/3767/2865 4114/3760/623 4119/3765/2863
f 4120/3766/2864 4114/3760/623 4121/3767/2865
f 4124/3768/2866 4123/3769/623 4122/3770/2859
f 4122/3770/2859 4123/3769/623 4125/3771/2860
f 4126/3772/2861 4123/3769/623 4124/3768/2866
f 4125/3771/2860 4123/3769/623 4127/3773/2862
f 4128/3774/2863 4123/3769/623 4126/3772/2861
f 4127/3773/2862 4123/3769/623 4129/3775/2867
f 4130/3776/2865 4123/3769/623 4128/3774/2863
f 4129/3775/2867 4123/3769/623 4130/3776/2865
f 4133/3777/2868 4132/3778/2869 4131/3779/2870
f 4134/3780/2871 4131/3779/2870 4132/3778/2869
f 4131/3779/2870 4135/3781/2872 4133/3777/2868
f 4132/3778/2869 4136/3782/2873 4134/3780/2871
f 4137/3783/2874 4133/3777/2868 4135/3781/2872
f 4138/3784/2875 4134/3780/2871 4136/3782/2873
f 4135/3781/2872 4139/3785/2876 4137/3783/2874
f 4136/3782/2873 4140/3786/2877 4138/3784/2875
f 4141/3787/2878 4137/3783/2874 4139/3785/2876
f 4142/3788/2879 4138/3784/2875 4140/3786/2877
f 4139/3785/2876 4143/3789/2880 4141/3787/2878
f 4140/3786/2877 4144/3790/2881 4142/3788/2879
f 4144/3790/2881 4141/3787/2878 4143/3789/2880
f 4143/3789/2880 4142/3788/2879 4144/3790/2881
f 4147/3791/2721 4146/3792/2721 4145/3793/1194
f 4148/3794/1194 4145/3793/1194 4146/3792/2721
f 4146/3792/2721 4147/3791/2721 4149/3795/2714
f 4145/3793/1194 4148/3794/1194 4150/3796/1195
f 4151/3797/2721 4149/3795/2714 4147/3791/2721
f 4152/3798/1195 4150/3796/1195 4148/3794/1194
f 4149/3795/2714 4151/3797/2721 4153/3799/1195
f 4150/3796/1195 4152/3798/1195 4154/3800/2882
f 4155/3801/1195 4153/3799/1195 4151/3797/2721
f 4156/3802/2883 4154/3800/2882 4152/3798/1195
f 4153/3799/1195 4155/3801/1195 4157/3803/2884
f 4154/3800/2882 4156/3802/2883 4158/3804/2885
f 4159/3805/2886 4157/3803/2884 4155/3801/1195
f 4160/3806/2885 4158/3804/2885 4156/3802/2883
f 4157/3803/2884 4159/3805/2886 4160/3806/2885
f 4158/3804/2885 4160/3806/2885 4159/3805/2886
f 4163/3807/2887 4162/3808/2888 4161/3809/2889
f 4164/3810/2890 4161/3809/2889 4162/3808/2888
f 4161/3809/2889 4164/3810/2890 4165/3811/2891
f 4166/3812/2892 4165/3811/2891 4164/3810/2890
f 4165/3811/2891 4166/3812/2892 4167/3813/2893
f 4162/3808/2888 4163/3807/2887 4168/3814/2894
f 4169/3815/2895 4167/3813/2893 4166/3812/2892
f 4170/3816/2896 4168/3814/2894 4163/3807/2887
f 4167/3813/2893 4169/3815/2895 4171/3817/2897
f 4171/3817/2897 4172/3818/2898 4170/3816/2896
f 4168/3814/2894 4170/3816/2896 4172/3818/2898
f 4172/3818/2898 4171/3817/2897 4169/3815/2895
f 4172/3818/2898 4173/3819/2899 4168/3814/2894
f 4174/3820/2900 4168/3814/2894 4173/3819/2899
f 4173/3819/2899 4172/3818/2898 4175/3821/2901
f 4169/3815/2895 4175/3821/2901 4172/3818/2898
f 4168/3814/2894 4174/3820/2900 4176/3822/2902
f 4175/3821/2901 4169/3815/2895 4177/3823/2903
f 4178/3824/2904 4176/3822/2902 4174/3820/2900
f 4179/3825/2905 4177/3823/2903 4169/3815/2895
f 4176/3822/2902 4178/3824/2904 4180/3826/2906
f 4177/3823/2903 4179/3825/2905 4181/3827/2907
f 4180/3826/2906 4181/3827/2907 4179/3825/2905
f 4181/3827/2907 4180/3826/2906 4178/3824/2904
f 4184/3828/2908 4183/3829/2909 4182/3830/2910
f 4185/3831/2911 4182/3830/2910 4183/3829/2909
f 4183/3829/2909 4184/3828/2908 4186/3832/2912
f 4182/3830/2910 4185/3831/2911 4187/3833/2913
f 4188/3834/2914 4186/3832/2912 4184/3828/2908
f 4189/3835/2915 4187/3833/2913 4185/3831/2911
f 4186/3832/2912 4188/3834/2914 4190/3836/2916
f 4187/3833/2913 4189/3835/2915 4191/3837/2917
f 4192/3838/2918 4190/3836/2916 4188/3834/2914
f 4193/3839/2919 4191/3837/2917 4189/3835/2915
f 4190/3836/2916 4192/3838/2918 4194/3840/2920
f 4191/3837/2917 4193/3839/2919 4195/3841/2921
f 4194/3840/2920 4195/3841/2921 4193/3839/2919
f 4195/3841/2921 4194/3840/2920 4192/3838/2918
f 4198/3842/1588 4197/3843/2742 4196/3844/1588
f 4199/3845/2742 4196/3844/1588 4197/3843/2742
f 4196/3844/1588 4200/3846/1589 4198/3842/1588
f 4197/3843/2742 4201/3847/2735 4199/3845/2742
f 4202/3848/1589 4198/3842/1588 4200/3846/1589
f 4203/3849/1589 4199/3845/2742 4201/3847/2735
f 4200/3846/1589 4204/3850/2922 4202/3848/1589
f 4201/3847/2735 4205/3851/1589 4203/3849/1589
f 4206/3852/2923 4202/3848/1589 4204/3850/2922
f 4207/3853/1589 4203/3849/1589 4205/3851/1589
f 4204/3850/2922 4208/3854/2924 4206/3852/2923
f 4205/3851/1589 4209/3855/2925 4207/3853/1589
f 4210/3856/2924 4206/3852/2923 4208/3854/2924
f 4211/3857/2926 4207/3853/1589 4209/3855/2925
f 4208/3854/2924 4211/3857/2926 4210/3856/2924
f 4209/3855/2925 4210/3856/2924 4211/3857/2926
f 4214/3858/2927 4213/3859/2928 4212/3860/2929
f 4215/3861/2930 4212/3860/2929 4213/3859/2928
f 4212/3860/2929 4216/3862/2931 4214/3858/2927
f 4217/3863/2932 4214/3858/2927 4216/3862/2931
f 4216/3862/2931 4218/3864/2933 4217/3863/2932
f 4213/3859/2928 4219/3865/2934 4215/3861/2930
f 4220/3866/2935 4217/3863/2932 4218/3864/2933
f 4221/3867/2936 4215/3861/2930 4219/3865/2934
f 4218/3864/2933 4222/3868/2937 4220/3866/2935
f 4222/3868/2937 4221/3867/2936 4223/3869/2938
f 4219/3865/2934 4223/3869/2938 4221/3867/2936
f 4223/3869/2938 4220/3866/2935 4222/3868/2937
f 4223/3869/2938 4219/3865/2934 4224/3870/2939
f 4225/3871/2940 4224/3870/2939 4219/3865/2934
f 4224/3870/2939 4226/3872/2941 4223/3869/2938
f 4220/3866/2935 4223/3869/2938 4226/3872/2941
f 4219/3865/2934 4227/3873/2942 4225/3871/2940
f 4226/3872/2941 4228/3874/2943 4220/3866/2935
f 4229/3875/2944 4225/3871/2940 4227/3873/2942
f 4230/3876/2945 4220/3866/2935 4228/3874/2943
f 4227/3873/2942 4231/3877/2946 4229/3875/2944
f 4228/3874/2943 4232/3878/2947 4230/3876/2945
f 4232/3878/2947 4229/3875/2944 4231/3877/2946
f 4231/3877/2946 4230/3876/2945 4232/3878/2947
f 4235/3879/2948 4234/3880/2949 4233/3881/2950
f 4236/3882/2951 4233/3881/2950 4234/3880/2949
f 4233/3881/2950 4237/3883/2952 4235/3879/2948
f 4234/3880/2949 4238/3884/2953 4236/3882/2951
f 4239/3885/2954 4235/3879/2948 4237/3883/2952
f 4240/3886/2955 4236/3882/2951 4238/3884/2953
f 4237/3883/2952 4241/3887/2956 4239/3885/2954
f 4238/3884/2953 4242/3888/2957 4240/3886/2955
f 4243/3889/2958 4239/3885/2954 4241/3887/2956
f 4244/3890/2959 4240/3886/2955 4242/3888/2957
f 4241/3887/2956 4245/3891/2960 4243/3889/2958
f 4242/3888/2957 4246/3892/2961 4244/3890/2959
f 4247/3893/2962 4243/3889/2958 4245/3891/2960
f 4248/3894/2963 4244/3890/2959 4246/3892/2961
f 4245/3891/2960 4249/3895/2964 4247/3893/2962
f 4246/3892/2961 4250/3896/2965 4248/3894/2963
f 4251/3897/2966 4247/3893/2962 4249/3895/2964
f 4252/3898/2967 4248/3894/2963 4250/3896/2965
f 4249/3895/2964 4252/3898/2967 4251/3897/2966
f 4250/3896/2965 4251/3897/2966 4252/3898/2967
f 4255/3899/2968 4254/3900/2969 4253/3901/2970
f 4256/3902/2971 4253/3901/2970 4254/3900/2969
f 4254/3900/2969 4255/3899/2968 4257/3903/2972
f 4253/3901/2970 4256/3902/2971 4258/3904/2973
f 4259/3905/2974 4257/3903/2972 4255/3899/2968
f 4260/3906/2975 4258/3904/2973 4256/3902/2971
f 4257/3903/2972 4259/3905/2974 4261/3907/2976
f 4258/3904/2973 4260/3906/2975 4262/3908/2977
f 4263/3909/2978 4261/3907/2976 4259/3905/2974
f 4264/3910/2979 4262/3908/2977 4260/3906/2975
f 4261/3907/2976 4263/3909/2978 4265/3911/2980
f 4262/3908/2977 4264/3910/2979 4266/3912/2981
f 4267/3913/2982 4265/3911/2980 4263/3909/2978
f 4268/3914/2983 4266/3912/2981 4264/3910/2979
f 4265/3911/2980 4267/3913/2982 4269/3915/2984
f 4266/3912/2981 4268/3914/2983 4270/3916/2985
f 4271/3917/2986 4269/3915/2984 4267/3913/2982
f 4272/3918/2987 4270/3916/2985 4268/3914/2983
f 4269/3915/2984 4271/3917/2986 4272/3918/2987
f 4270/3916/2985 4272/3918/2987 4271/3917/2986
f 4275/3919/2988 4274/3920/2989 4273/3921/2988
f 4276/3922/2990 4273/3921/2988 4274/3920/2989
f 4273/3921/2988 4277/3923/2988 4275/3919/2988
f 4274/3920/2989 4278/3924/2989 4276/3922/2990
f 4279/3925/2988 4275/3919/2988 4277/3923/2988
f 4280/3926/2988 4276/3922/2990 4278/3924/2989
f 4277/3923/2988 4281/3927/2988 4279/3925/2988
f 4278/3924/2989 4282/3928/2988 4280/3926/2988
f 4283/3929/2988 4279/3925/2988 4281/3927/2988
f 4284/3930/2988 4280/3926/2988 4282/3928/2988
f 4281/3927/2988 4285/3931/2988 4283/3929/2988
f 4282/3928/2988 4286/3932/2988 4284/3930/2988
f 4287/3933/2988 4283/3929/2988 4285/3931/2988
f 4288/3934/2988 4284/3930/2988 4286/3932/2988
f 4285/3931/2988 4288/3934/2988 4287/3933/2988
f 4286/3932/2988 4287/3933/2988 4288/3934/2988
f 4291/3935/2988 4290/3936/2989 4289/3937/2988
f 4292/3938/2988 4289/3937/2988 4290/3936/2989
f 4289/3937/2988 4293/3939/2988 4291/3935/2988
f 4290/3936/2989 4294/3940/2988 4292/3938/2988
f 4295/3941/2988 4291/3935/2988 4293/3939/2988
f 4296/3942/2988 4292/3938/2988 4294/3940/2988
f 4293/3939/2988 4297/3943/2989 4295/3941/2988
f 4294/3940/2988 4298/3944/2988 4296/3942/2988
f 4299/3945/2989 4295/3941/2988 4297/3943/2989
f 4300/3946/2988 4296/3942/2988 4298/3944/2988
f 4297/3943/2989 4301/3947/2991 4299/3945/2989
f 4298/3944/2988 4302/3948/2988 4300/3946/2988
f 4303/3949/2992 4299/3945/2989 4301/3947/2991
f 4304/3950/2988 4300/3946/2988 4302/3948/2988
f 4301/3947/2991 4304/3950/2988 4303/3949/2992
f 4302/3948/2988 4303/3949/2992 4304/3950/2988
f 4307/3951/2993 4306/3952/2994 4305/3953/2995
f 4308/3954/2995 4305/3953/2995 4306/3952/2994
f 4306/3952/2994 4307/3951/2993 4309/3955/2994
f 4305/3953/2995 4308/3954/2995 4310/3956/2995
f 4311/3957/2995 4309/3955/2994 4307/3951/2993
f 4312/3958/2995 4310/3956/2995 4308/3954/2995
f 4309/3955/2994 4311/3957/2995 4313/3959/2995
f 4310/3956/2995 4312/3958/2995 4314/3960/2995
f 4315/3961/2995 4313/3959/2995 4311/3957/2995
f 4316/3962/2995 4314/3960/2995 4312/3958/2995
f 4313/3959/2995 4315/3961/2995 4317/3963/2995
f 4314/3960/2995 4316/3962/2995 4318/3964/2995
f 4319/3965/2995 4317/3963/2995 4315/3961/2995
f 4320/3966/2995 4318/3964/2995 4316/3962/2995
f 4317/3963/2995 4319/3965/2995 4320/3966/2995
f 4318/3964/2995 4320/3966/2995 4319/3965/2995
f 4323/3967/2995 4322/3968/2994 4321/3969/2995
f 4324/3970/2995 4321/3969/2995 4322/3968/2994
f 4322/3968/2994 4323/3967/2995 4325/3971/2995
f 4321/3969/2995 4324/3970/2995 4326/3972/2995
f 4327/3973/2995 4325/3971/2995 4323/3967/2995
f 4328/3974/2995 4326/3972/2995 4324/3970/2995
f 4325/3971/2995 4327/3973/2995 4329/3975/2995
f 4326/3972/2995 4328/3974/2995 4330/3976/2995
f 4331/3977/2995 4329/3975/2995 4327/3973/2995
f 4332/3978/2995 4330/3976/2995 4328/3974/2995
f 4329/3975/2995 4331/3977/2995 4333/3979/2995
f 4330/3976/2995 4332/3978/2995 4334/3980/2996
f 4335/3981/2995 4333/3979/2995 4331/3977/2995
f 4336/3982/2997 4334/3980/2996 4332/3978/2995
f 4333/3979/2995 4335/3981/2995 4336/3982/2997
f 4334/3980/2996 4336/3982/2997 4335/3981/2995
f 4339/3983/2998 4338/3984/2999 4337/3985/2998
f 4340/3986/2999 4337/3985/2998 4338/3984/2999
f 4337/3985/2998 4341/3987/2999 4339/3983/2998
f 4338/3984/2999 4342/3988/2998 4340/3986/2999
f 4343/3989/2999 4339/3983/2998 4341/3987/2999
f 4344/3990/2998 4340/3986/2999 4342/3988/2998
f 4341/3987/2999 4345/3991/3000 4343/3989/2999
f 4342/3988/2998 4346/3992/2999 4344/3990/2998
f 4347/3993/3000 4343/3989/2999 4345/3991/3000
f 4348/3994/2999 4344/3990/2998 4346/3992/2999
f 4345/3991/3000 4349/3995/2999 4347/3993/3000
f 4346/3992/2999 4350/3996/3001 4348/3994/2999
f 4351/3997/2999 4347/3993/3000 4349/3995/2999
f 4352/3998/3002 4348/3994/2999 4350/3996/3001
f 4349/3995/2999 4352/3998/3002 4351/3997/2999
f 4350/3996/3001 4351/3997/2999 4352/3998/3002
f 4355/3999/2999 4354/4000/2999 4353/4001/2999
f 4356/4002/2999 4353/4001/2999 4354/4000/2999
f 4353/4001/2999 4357/4003/2998 4355/3999/2999
f 4354/4000/2999 4358/4004/2999 4356/4002/2999
f 4359/4005/2998 4355/3999/2999 4357/4003/2998
f 4360/4006/2999 4356/4002/2999 4358/4004/2999
f 4357/4003/2998 4361/4007/2998 4359/4005/2998
f 4358/4004/2999 4362/4008/2999 4360/4006/2999
f 4363/4009/2998 4359/4005/2998 4361/4007/2998
f 4364/4010/2999 4360/4006/2999 4362/4008/2999
f 4361/4007/2998 4365/4011/3003 4363/4009/2998
f 4362/4008/2999 4366/4012/2999 4364/4010/2999
f 4367/4013/3003 4363/4009/2998 4365/4011/3003
f 4368/4014/2999 4364/4010/2999 4366/4012/2999
f 4365/4011/3003 4368/4014/2999 4367/4013/3003
f 4366/4012/2999 4367/4013/3003 4368/4014/2999
f 4371/4015/3004 4370/4016/3004 4369/4017/3005
f 4372/4018/3005 4369/4017/3005 4370/4016/3004
f 4370/4016/3004 4371/4015/3004 4373/4019/3005
f 4369/4017/3005 4372/4018/3005 4374/4020/3004
f 4375/4021/3005 4373/4019/3005 4371/4015/3004
f 4376/4022/3004 4374/4020/3004 4372/4018/3005
f 4373/4019/3005 4375/4021/3005 4377/4023/3004
f 4374/4020/3004 4376/4022/3004 4378/4024/3006
f 4379/4025/3004 4377/4023/3004 4375/4021/3005
f 4380/4026/3006 4378/4024/3006 4376/4022/3004
f 4377/4023/3004 4379/4025/3004 4381/4027/3007
f 4378/4024/3006 4380/4026/3006 4382/4028/3004
f 4383/4029/3008 4381/4027/3007 4379/4025/3004
f 4384/4030/3004 4382/4028/3004 4380/4026/3006
f 4381/4027/3007 4383/4029/3008 4384/4030/3004
f 4382/4028/3004 4384/4030/3004 4383/4029/3008
f 4387/4031/3004 4386/4032/3004 4385/4033/3004
f 4388/4034/3004 4385/4033/3004 4386/4032/3004
f 4386/4032/3004 4387/4031/3004 4389/4035/3004
f 4385/4033/3004 4388/4034/3004 4390/4036/3005
f 4391/4037/3004 4389/4035/3004 4387/4031/3004
f 4392/4038/3005 4390/4036/3005 4388/4034/3004
f 4389/4035/3004 4391/4037/3004 4393/4039/3004
f 4390/4036/3005 4392/4038/3005 4394/4040/3005
f 4395/4041/3004 4393/4039/3004 4391/4037/3004
f 4396/4042/3005 4394/4040/3005 4392/4038/3005
f 4393/4039/3004 4395/4041/3004 4397/4043/3004
f 4394/4040/3005 4396/4042/3005 4398/4044/3009
f 4399/4045/3004 4397/4043/3004 4395/4041/3004
f 4400/4046/3009 4398/4044/3009 4396/4042/3005
f 4397/4043/3004 4399/4045/3004 4400/4046/3009
f 4398/4044/3009 4400/4046/3009 4399/4045/3004
f 4403/4047/3010 4402/4048/3011 4401/4049/3012
f 4404/4050/3013 4401/4049/3012 4402/4048/3011
f 4402/4048/3011 4403/4047/3010 4405/4051/3014
f 4401/4049/3012 4404/4050/3013 4406/4052/3015
f 4407/4053/3016 4405/4051/3014 4403/4047/3010
f 4408/4054/3017 4406/4052/3015 4404/4050/3013
f 4405/4051/3014 4407/4053/3016 4409/4055/3018
f 4406/4052/3015 4408/4054/3017 4410/4056/3019
f 4411/4057/3020 4409/4055/3018 4407/4053/3016
f 4412/4058/3021 4410/4056/3019 4408/4054/3017
f 4409/4055/3018 4411/4057/3020 4413/4059/3022
f 4410/4056/3019 4412/4058/3021 4414/4060/3023
f 4415/4061/3024 4413/4059/3022 4411/4057/3020
f 4416/4062/3025 4414/4060/3023 4412/4058/3021
f 4413/4059/3022 4415/4061/3024 4417/4063/3026
f 4414/4060/3023 4416/4062/3025 4418/4064/3027
f 4419/4065/3028 4417/4063/3026 4415/4061/3024
f 4420/4066/3029 4418/4064/3027 4416/4062/3025
f 4417/4063/3026 4419/4065/3028 4421/4067/3030
f 4418/4064/3027 4420/4066/3029 4422/4068/3031
f 4423/4069/3032 4421/4067/3030 4419/4065/3028
f 4424/4070/3033 4422/4068/3031 4420/4066/3029
f 4421/4067/3030 4423/4069/3032 4424/4070/3033
f 4422/4068/3031 4424/4070/3033 4423/4069/3032
f 4427/4071/3034 4426/4072/3035 4425/4073/3012
f 4428/4074/3013 4425/4073/3012 4426/4072/3035
f 4426/4072/3035 4427/4071/3034 4429/4075/3014
f 4425/4073/3012 4428/4074/3013 4430/4076/3036
f 4431/4077/3037 4429/4075/3014 4427/4071/3034
f 4432/4078/3038 4430/4076/3036 4428/4074/3013
f 4429/4075/3014 4431/4077/3037 4433/4079/3018
f 4430/4076/3036 4432/4078/3038 4434/4080/3039
f 4435/4081/3040 4433/4079/3018 4431/4077/3037
f 4436/4082/3021 4434/4080/3039 4432/4078/3038
f 4433/4079/3018 4435/4081/3040 4437/4083/3022
f 4434/4080/3039 4436/4082/3021 4438/4084/3041
f 4439/4085/3042 4437/4083/3022 4435/4081/3040
f 4440/4086/3043 4438/4084/3041 4436/4082/3021
f 4437/4083/3022 4439/4085/3042 4441/4087/3026
f 4438/4084/3041 4440/4086/3043 4442/4088/3027
f 4443/4089/3044 4441/4087/3026 4439/4085/3042
f 4444/4090/3029 4442/4088/3027 4440/4086/3043
f 4441/4087/3026 4443/4089/3044 4445/4091/3030
f 4442/4088/3027 4444/4090/3029 4446/4092/3031
f 4447/4093/3032 4445/4091/3030 4443/4089/3044
f 4448/4094/3033 4446/4092/3031 4444/4090/3029
f 4445/4091/3030 4447/4093/3032 4448/4094/3033
f 4446/4092/3031 4448/4094/3033 4447/4093/3032
f 4451/4095/1038 4450/4096/1038 4449/4097/1038
f 4452/4098/1038 4449/4097/1038 4450/4096/1038
f 4449/4097/1038 4453/4099/1038 4451/4095/1038
f 4450/4096/1038 4454/4100/1038 4452/4098/1038
f 4455/4101/1038 4451/4095/1038 4453/4099/1038
f 4456/4102/1038 4452/4098/1038 4454/4100/1038
f 4453/4099/1038 4457/4103/3045 4455/4101/1038
f 4454/4100/1038 4458/4104/1445 4456/4102/1038
f 4459/4105/3045 4455/4101/1038 4457/4103/3045
f 4460/4106/1445 4456/4102/1038 4458/4104/1445
f 4457/4103/3045 4461/4107/128 4459/4105/3045
f 4458/4104/1445 4462/4108/3046 4460/4106/1445
f 4463/4109/1038 4459/4105/3045 4461/4107/128
f 4464/4110/3046 4460/4106/1445 4462/4108/3046
f 4461/4107/128 4464/4110/3046 4463/4109/1038
f 4462/4108/3046 4463/4109/1038 4464/4110/3046
f 4467/4111/1445 4466/4112/1038 4465/4113/1038
f 4468/4114/1038 4465/4113/1038 4466/4112/1038
f 4465/4113/1038 4469/4115/1038 4467/4111/1445
f 4466/4112/1038 4470/4116/1445 4468/4114/1038
f 4471/4117/1038 4467/4111/1445 4469/4115/1038
f 4472/4118/1445 4468/4114/1038 4470/4116/1445
f 4469/4115/1038 4473/4119/1038 4471/4117/1038
f 4470/4116/1445 4474/4120/128 4472/4118/1445
f 4475/4121/1038 4471/4117/1038 4473/4119/1038
f 4476/4122/128 4472/4118/1445 4474/4120/128
f 4473/4119/1038 4477/4123/1038 4475/4121/1038
f 4474/4120/128 4478/4124/1038 4476/4122/128
f 4479/4125/1038 4475/4121/1038 4477/4123/1038
f 4480/4126/1038 4476/4122/128 4478/4124/1038
f 4477/4123/1038 4480/4126/1038 4479/4125/1038
f 4478/4124/1038 4479/4125/1038 4480/4126/1038
f 4483/4127/1038 4482/4128/1038 4481/4129/1038
f 4484/4130/1038 4481/4129/1038 4482/4128/1038
f 4481/4129/1038 4485/4131/1038 4483/4127/1038
f 4482/4128/1038 4486/4132/1038 4484/4130/1038
f 4487/4133/1038 4483/4127/1038 4485/4131/1038
f 4488/4134/1038 4484/4130/1038 4486/4132/1038
f 4485/4131/1038 4489/4135/3045 4487/4133/1038
f 4486/4132/1038 4490/4136/1038 4488/4134/1038
f 4491/4137/3045 4487/4133/1038 4489/4135/3045
f 4492/4138/1038 4488/4134/1038 4490/4136/1038
f 4489/4135/3045 4493/4139/128 4491/4137/3045
f 4490/4136/1038 4494/4140/3046 4492/4138/1038
f 4495/4141/1038 4491/4137/3045 4493/4139/128
f 4496/4142/3046 4492/4138/1038 4494/4140/3046
f 4493/4139/128 4496/4142/3046 4495/4141/1038
f 4494/4140/3046 4495/4141/1038 4496/4142/3046
f 4499/4143/1038 4498/4144/1038 4497/4145/1038
f 4500/4146/1038 4497/4145/1038 4498/4144/1038
f 4497/4145/1038 4501/4147/1038 4499/4143/1038
f 4498/4144/1038 4502/4148/1038 4500/4146/1038
f 4503/4149/1038 4499/4143/1038 4501/4147/1038
f 4504/4150/1038 4500/4146/1038 4502/4148/1038
f 4501/4147/1038 4505/4151/1038 4503/4149/1038
f 4502/4148/1038 4506/4152/1038 4504/4150/1038
f 4507/4153/1038 4503/4149/1038 4505/4151/1038
f 4508/4154/1038 4504/4150/1038 4506/4152/1038
f 4505/4151/1038 4509/4155/1038 4507/4153/1038
f 4506/4152/1038 4510/4156/1038 4508/4154/1038
f 4511/4157/1038 4507/4153/1038 4509/4155/1038
f 4512/4158/1038 4508/4154/1038 4510/4156/1038
f 4509/4155/1038 4512/4158/1038 4511/4157/1038
f 4510/4156/1038 4511/4157/1038 4512/4158/1038
f 4515/4159/1038 4514/4160/1038 4513/4161/1038
f 4516/4162/1038 4513/4161/1038 4514/4160/1038
f 4514/4160/1038 4515/4159/1038 4517/4163/1038
f 4513/4161/1038 4516/4162/1038 4518/4164/1038
f 4519/4165/1038 4517/4163/1038 4515/4159/1038
f 4520/4166/1038 4518/4164/1038 4516/4162/1038
f 4517/4163/1038 4519/4165/1038 4521/4167/3047
f 4518/4164/1038 4520/4166/1038 4522/4168/1051
f 4523/4169/3047 4521/4167/3047 4519/4165/1038
f 4524/4170/1051 4522/4168/1051 4520/4166/1038
f 4521/4167/3047 4523/4169/3047 4525/4171/128
f 4522/4168/1051 4524/4170/1051 4526/4172/3048
f 4527/4173/1038 4525/4171/128 4523/4169/3047
f 4528/4174/3048 4526/4172/3048 4524/4170/1051
f 4525/4171/128 4527/4173/1038 4528/4174/3048
f 4526/4172/3048 4528/4174/3048 4527/4173/1038
f 4531/4175/1051 4530/4176/1038 4529/4177/1038
f 4532/4178/1038 4529/4177/1038 4530/4176/1038
f 4530/4176/1038 4531/4175/1051 4533/4179/1038
f 4529/4177/1038 4532/4178/1038 4534/4180/1038
f 4535/4181/1038 4533/4179/1038 4531/4175/1051
f 4536/4182/1038 4534/4180/1038 4532/4178/1038
f 4533/4179/1038 4535/4181/1038 4537/4183/1038
f 4534/4180/1038 4536/4182/1038 4538/4184/128
f 4539/4185/1038 4537/4183/1038 4535/4181/1038
f 4540/4186/128 4538/4184/128 4536/4182/1038
f 4537/4183/1038 4539/4185/1038 4541/4187/1445
f 4538/4184/128 4540/4186/128 4542/4188/1038
f 4543/4189/1445 4541/4187/1445 4539/4185/1038
f 4544/4190/1038 4542/4188/1038 4540/4186/128
f 4541/4187/1445 4543/4189/1445 4544/4190/1038
f 4542/4188/1038 4544/4190/1038 4543/4189/1445
f 4547/4191/1038 4546/4192/1038 4545/4193/1038
f 4548/4194/1038 4545/4193/1038 4546/4192/1038
f 4546/4192/1038 4547/4191/1038 4549/4195/1038
f 4545/4193/1038 4548/4194/1038 4550/4196/1038
f 4551/4197/1038 4549/4195/1038 4547/4191/1038
f 4552/4198/1038 4550/4196/1038 4548/4194/1038
f 4549/4195/1038 4551/4197/1038 4553/4199/3049
f 4550/4196/1038 4552/4198/1038 4554/4200/1038
f 4555/4201/3047 4553/4199/3049 4551/4197/1038
f 4556/4202/1038 4554/4200/1038 4552/4198/1038
f 4553/4199/3049 4555/4201/3047 4557/4203/128
f 4554/4200/1038 4556/4202/1038 4558/4204/3048
f 4559/4205/1038 4557/4203/128 4555/4201/3047
f 4560/4206/3048 4558/4204/3048 4556/4202/1038
f 4557/4203/128 4559/4205/1038 4560/4206/3048
f 4558/4204/3048 4560/4206/3048 4559/4205/1038
f 4563/4207/1038 4562/4208/1038 4561/4209/1038
f 4564/4210/1038 4561/4209/1038 4562/4208/1038
f 4562/4208/1038 4563/4207/1038 4565/4211/1038
f 4561/4209/1038 4564/4210/1038 4566/4212/1038
f 4567/4213/1038 4565/4211/1038 4563/4207/1038
f 4568/4214/1038 4566/4212/1038 4564/4210/1038
f 4565/4211/1038 4567/4213/1038 4569/4215/1038
f 4566/4212/1038 4568/4214/1038 4570/4216/1038
f 4571/4217/1038 4569/4215/1038 4567/4213/1038
f 4572/4218/1038 4570/4216/1038 4568/4214/1038
f 4569/4215/1038 4571/4217/1038 4573/4219/1038
f 4570/4216/1038 4572/4218/1038 4574/4220/1038
f 4575/4221/1038 4573/4219/1038 4571/4217/1038
f 4576/4222/1038 4574/4220/1038 4572/4218/1038
f 4573/4219/1038 4575/4221/1038 4576/4222/1038
f 4574/4220/1038 4576/4222/1038 4575/4221/1038
f 4579/4223/3050 4578/4224/3051 4577/4225/3052
f 4580/4226/3053 4577/4225/3052 4578/4224/3051
f 4578/4224/3051 4579/4223/3050 4581/4227/3054
f 4577/4225/3052 4580/4226/3053 4582/4228/3055
f 4583/4229/3056 4581/4227/3054 4579/4223/3050
f 4584/4230/3057 4582/4228/3055 4580/4226/3053
f 4581/4227/3054 4583/4229/3056 4585/4231/3058
f 4582/4228/3055 4584/4230/3057 4586/4232/3059
f 4587/4233/3060 4585/4231/3058 4583/4229/3056
f 4588/4234/3061 4586/4232/3059 4584/4230/3057
f 4585/4231/3058 4587/4233/3060 4589/4235/3062
f 4586/4232/3059 4588/4234/3061 4590/4236/3063
f 4590/4236/3063 4589/4235/3062 4587/4233/3060
f 4589/4235/3062 4590/4236/3063 4588/4234/3061
f 4593/4237/3064 4592/4238/3065 4591/4239/3066
f 4594/4240/3067 4591/4239/3066 4592/4238/3065
f 4591/4239/3066 4595/4241/3068 4593/4237/3064
f 4592/4238/3065 4596/4242/3069 4594/4240/3067
f 4597/4243/3070 4593/4237/3064 4595/4241/3068
f 4598/4244/3071 4594/4240/3067 4596/4242/3069
f 4595/4241/3068 4599/4245/3072 4597/4243/3070
f 4596/4242/3069 4600/4246/3073 4598/4244/3071
f 4601/4247/3074 4597/4243/3070 4599/4245/3072
f 4602/4248/3075 4598/4244/3071 4600/4246/3073
f 4599/4245/3072 4603/4249/3076 4601/4247/3074
f 4600/4246/3073 4604/4250/3077 4602/4248/3075
f 4604/4250/3077 4601/4247/3074 4603/4249/3076
f 4603/4249/3076 4602/4248/3075 4604/4250/3077
f 4607/4251/3078 4606/4252/3079 4605/4253/3080
f 4608/4254/3081 4605/4253/3080 4606/4252/3079
f 4606/4252/3079 4607/4251/3078 4609/4255/3082
f 4605/4253/3080 4608/4254/3081 4610/4256/3083
f 4611/4257/3084 4609/4255/3082 4607/4251/3078
f 4612/4258/3085 4610/4256/3083 4608/4254/3081
f 4609/4255/3082 4611/4257/3084 4613/4259/3086
f 4610/4256/3083 4612/4258/3085 4614/4260/3087
f 4615/4261/3088 4613/4259/3086 4611/4257/3084
f 4616/4262/3089 4614/4260/3087 4612/4258/3085
f 4613/4259/3086 4615/4261/3088 4617/4263/3090
f 4614/4260/3087 4616/4262/3089 4618/4264/3091
f 4619/4265/3092 4617/4263/3090 4615/4261/3088
f 4620/4266/3093 4618/4264/3091 4616/4262/3089
f 4617/4263/3090 4619/4265/3092 4621/4267/3094
f 4618/4264/3091 4620/4266/3093 4622/4268/3095
f 4623/4269/3096 4621/4267/3094 4619/4265/3092
f 4624/4270/3097 4622/4268/3095 4620/4266/3093
f 4621/4267/3094 4623/4269/3096 4625/4271/3098
f 4622/4268/3095 4624/4270/3097 4626/4272/3099
f 4627/4273/3100 4625/4271/3098 4623/4269/3096
f 4628/4274/3101 4626/4272/3099 4624/4270/3097
f 4625/4271/3098 4627/4273/3100 4628/4274/3101
f 4626/4272/3099 4628/4274/3101 4627/4273/3100
f 4631/4275/3078 4630/4276/3079 4629/4277/3102
f 4632/4278/3103 4629/4277/3102 4630/4276/3079
f 4630/4276/3079 4631/4275/3078 4633/4279/3082
f 4629/4277/3102 4632/4278/3103 4634/4280/3104
f 4635/4281/3105 4633/4279/3082 4631/4275/3078
f 4636/4282/3106 4634/4280/3104 4632/4278/3103
f 4633/4279/3082 4635/4281/3105 4637/4283/3086
f 4634/4280/3104 4636/4282/3106 4638/4284/3107
f 4639/4285/3088 4637/4283/3086 4635/4281/3105
f 4640/4286/3108 4638/4284/3107 4636/4282/3106
f 4637/4283/3086 4639/4285/3088 4641/4287/3090
f 4638/4284/3107 4640/4286/3108 4642/4288/3109
f 4643/4289/3092 4641/4287/3090 4639/4285/3088
f 4644/4290/3093 4642/4288/3109 4640/4286/3108
f 4641/4287/3090 4643/4289/3092 4645/4291/3094
f 4642/4288/3109 4644/4290/3093 4646/4292/3110
f 4647/4293/3111 4645/4291/3094 4643/4289/3092
f 4648/4294/3097 4646/4292/3110 4644/4290/3093
f 4645/4291/3094 4647/4293/3111 4649/4295/3112
f 4646/4292/3110 4648/4294/3097 4650/4296/3113
f 4651/4297/3100 4649/4295/3112 4647/4293/3111
f 4652/4298/3101 4650/4296/3113 4648/4294/3097
f 4649/4295/3112 4651/4297/3100 4652/4298/3101
f 4650/4296/3113 4652/4298/3101 4651/4297/3100
g Bis_Hull_Rostrum_V_Panzerschiffe_steel_4
usemtl steel_4
f 4655/4299/623 4654/4300/623 4653/4301/623
f 4656/4302/623 4653/4301/623 4654/4300/623
f 4653/4301/623 4656/4302/623 4657/4303/623
f 4658/4304/623 4657/4303/623 4656/4302/623
f 4657/4303/623 4658/4304/623 4659/4305/623
f 4660/4306/623 4659/4305/623 4658/4304/623
f 4659/4305/623 4660/4306/623 4661/4307/623
f 4662/4308/623 4661/4307/623 4660/4306/623
f 4661/4307/623 4662/4308/623 4663/4309/623
f 4664/4310/623 4663/4309/623 4662/4308/623
f 4663/4309/623 4664/4310/623 4665/4311/3114
f 4666/4312/3115 4665/4311/3114 4664/4310/623
f 4665/4311/3114 4666/4312/3115 4667/4313/3116
f 4668/4314/3117 4667/4313/3116 4666/4312/3115
f 4667/4313/3116 4668/4314/3117 4669/4315/3118
f 4670/4316/3119 4669/4315/3118 4668/4314/3117
f 4669/4315/3118 4670/4316/3119 4671/4317/3120
f 4672/4318/3120 4671/4317/3120 4670/4316/3119
f 4671/4317/3120 4672/4318/3120 4673/4319/3121
f 4674/4320/3122 4673/4319/3121 4672/4318/3120
f 4673/4319/3121 4674/4320/3122 4675/4321/3123
f 4676/4322/3124 4675/4321/3123 4674/4320/3122
f 4675/4321/3123 4676/4322/3124 4677/4323/3125
f 4678/4324/3126 4677/4323/3125 4676/4322/3124
f 4677/4323/3125 4678/4324/3126 4679/4325/3127
f 4680/4326/3127 4679/4325/3127 4678/4324/3126
f 4679/4325/3127 4680/4326/3127 4681/4327/3128
f 4682/4328/3128 4681/4327/3128 4680/4326/3127
f 4681/4327/3128 4682/4328/3128 4683/4329/3129
f 4684/4330/3129 4683/4329/3129 4682/4328/3128
f 4683/4329/3129 4684/4330/3129 4685/4331/3130
f 4686/4332/3130 4685/4331/3130 4684/4330/3129
f 4685/4331/3130 4686/4332/3130 4687/4333/3131
f 4688/4334/3132 4687/4333/3131 4686/4332/3130
f 4687/4333/3131 4688/4334/3132 4689/4335/3133
f 4690/4336/3133 4689/4335/3133 4688/4334/3132
f 4689/4335/3133 4690/4336/3133 4691/4337/3134
f 4692/4338/3135 4691/4337/3134 4690/4336/3133
f 4691/4337/3134 4692/4338/3135 4693/4339/3136
f 4694/4340/3137 4693/4339/3136 4692/4338/3135
f 4693/4339/3136 4694/4340/3137 4695/4341/3138
f 4696/4342/3139 4695/4341/3138 4694/4340/3137
f 4695/4341/3138 4696/4342/3139 4697/4343/3140
f 4698/4344/3141 4697/4343/3140 4696/4342/3139
f 4697/4343/3140 4698/4344/3141 4699/4345/3142
f 4700/4346/3143 4699/4345/3142 4698/4344/3141
f 4699/4345/3142 4700/4346/3143 4701/4347/3144
f 4702/4348/3145 4701/4347/3144 4700/4346/3143
f 4701/4347/3144 4702/4348/3145 4703/4349/3146
f 4704/4350/3147 4703/4349/3146 4702/4348/3145
f 4703/4349/3146 4704/4350/3147 4705/4351/3148
f 4706/4352/3149 4705/4351/3148 4704/4350/3147
f 4705/4351/3148 4706/4352/3149 4707/4353/3150
f 4708/4354/3151 4707/4353/3150 4706/4352/3149
f 4707/4353/3150 4708/4354/3151 4709/4355/3152
f 4710/4356/3153 4709/4355/3152 4708/4354/3151
f 4709/4355/3152 4710/4356/3153 4711/4357/3154
f 4712/4358/3154 4711/4357/3154 4710/4356/3153
f 4711/4357/3154 4712/4358/3154 4713/4359/3155
f 4714/4360/3156 4713/4359/3155 4712/4358/3154
f 4713/4359/3155 4714/4360/3156 4715/4361/3157
f 4716/4362/3158 4715/4361/3157 4714/4360/3156
f 4715/4361/3157 4716/4362/3158 4717/4363/3159
f 4718/4364/3160 4717/4363/3159 4716/4362/3158
f 4717/4363/3159 4718/4364/3160 4719/4365/3161
f 4720/4366/3162 4719/4365/3161 4718/4364/3160
f 4719/4365/3161 4720/4366/3162 4721/4367/3163
f 4722/4368/3164 4721/4367/3163 4720/4366/3162
f 4721/4367/3163 4722/4368/3164 4723/4369/3165
f 4724/4370/3166 4723/4369/3165 4722/4368/3164
f 4723/4369/3165 4724/4370/3166 4725/4371/3167
f 4726/4372/3168 4725/4371/3167 4724/4370/3166
f 4725/4371/3167 4726/4372/3168 4727/4373/3169
f 4728/4374/3170 4727/4373/3169 4726/4372/3168
f 4727/4373/3169 4728/4374/3170 4729/4375/3171
f 4730/4376/3172 4729/4375/3171 4728/4374/3170
f 4729/4375/3171 4730/4376/3172 4731/4377/3173
f 4732/4378/3173 4731/4377/3173 4730/4376/3172
f 4731/4377/3173 4732/4378/3173 4733/4379/3174
f 4734/4380/3175 4733/4379/3174 4732/4378/3173
f 4733/4379/3174 4734/4380/3175 4735/4381/3176
f 4736/4382/3177 4735/4381/3176 4734/4380/3175
f 4735/4381/3176 4736/4382/3177 4737/4383/3178
f 4738/4384/3178 4737/4383/3178 4736/4382/3177
f 4737/4383/3178 4738/4384/3178 4739/4385/3179
f 4740/4386/3179 4739/4385/3179 4738/4384/3178
f 4739/4385/3179 4740/4386/3179 4741/4387/3180
f 4742/4388/3180 4741/4387/3180 4740/4386/3179
f 4741/4387/3180 4742/4388/3180 4743/4389/3181
f 4744/4390/3182 4743/4389/3181 4742/4388/3180
f 4743/4389/3181 4744/4390/3182 4745/4391/3183
f 4746/4392/3184 4745/4391/3183 4744/4390/3182
f 4745/4391/3183 4746/4392/3184 4747/4393/3185
f 4748/4394/3186 4747/4393/3185 4746/4392/3184
f 4747/4393/3185 4748/4394/3186 4749/4395/3187
f 4750/4396/3188 4749/4395/3187 4748/4394/3186
f 4749/4395/3187 4750/4396/3188 4751/4397/3189
f 4752/4398/3189 4751/4397/3189 4750/4396/3188
f 4751/4397/3189 4752/4398/3189 4753/4399/3190
f 4754/4400/3191 4753/4399/3190 4752/4398/3189
f 4753/4399/3190 4754/4400/3191 4755/4401/3192
f 4756/4402/3193 4755/4401/3192 4754/4400/3191
f 4755/4401/3192 4756/4402/3193 4757/4403/3194
f 4758/4404/3195 4757/4403/3194 4756/4402/3193
f 4757/4403/3194 4758/4404/3195 4759/4405/623
f 4760/4406/623 4759/4405/623 4758/4404/3195
f 4759/4405/623 4760/4406/623 4761/4407/623
f 4762/4408/623 4761/4407/623 4760/4406/623
f 4761/4407/623 4762/4408/623 4763/4409/623
f 4764/4410/623 4763/4409/623 4762/4408/623
f 4763/4409/623 4764/4410/623 4765/4411/623
f 4766/4412/623 4765/4411/623 4764/4410/623
f 4765/4411/623 4766/4412/623 4767/4413/623
f 4768/4414/623 4767/4413/623 4766/4412/623
f 4767/4413/623 4768/4414/623 4769/4415/623
f 4770/4416/623 4769/4415/623 4768/4414/623
f 4773/4417/3196 4772/4418/3196 4771/4419/3197
f 4774/4420/3197 4771/4419/3197 4772/4418/3196
f 4771/4419/3197 4774/4420/3197 4775/4421/3198
f 4776/4422/3198 4775/4421/3198 4774/4420/3197
f 4775/4421/3198 4776/4422/3198 4777/4423/3199
f 4778/4424/3199 4777/4423/3199 4776/4422/3198
f 4777/4423/3199 4778/4424/3199 4779/4425/3200
f 4780/4426/3200 4779/4425/3200 4778/4424/3199
f 4779/4425/3200 4780/4426/3200 4781/4427/3201
f 4782/4428/3201 4781/4427/3201 4780/4426/3200
f 4781/4427/3201 4782/4428/3201 4783/4429/3202
f 4784/4430/3202 4783/4429/3202 4782/4428/3201
f 4783/4429/3202 4784/4430/3202 4785/4431/3203
f 4786/4432/3204 4785/4431/3203 4784/4430/3202
f 4785/4431/3203 4786/4432/3204 4787/4433/3205
f 4788/4434/3206 4787/4433/3205 4786/4432/3204
f 4787/4433/3205 4788/4434/3206 4789/4435/3207
f 4790/4436/3207 4789/4435/3207 4788/4434/3206
f 4789/4435/3207 4790/4436/3207 4791/4437/3208
f 4792/4438/3209 4791/4437/3208 4790/4436/3207
f 4791/4437/3208 4792/4438/3209 4793/4439/3210
f 4794/4440/3211 4793/4439/3210 4792/4438/3209
f 4797/4441/1038 4796/4442/1038 4795/4443/1038
f 4798/4444/1038 4795/4443/1038 4796/4442/1038
f 4795/4443/1038 4798/4444/1038 4799/4445/1038
f 4800/4446/1038 4799/4445/1038 4798/4444/1038
f 4799/4445/1038 4800/4446/1038 4801/4447/1038
f 4802/4448/1038 4801/4447/1038 4800/4446/1038
f 4801/4447/1038 4802/4448/1038 4803/4449/1038
f 4804/4450/1038 4803/4449/1038 4802/4448/1038
f 4803/4449/1038 4804/4450/1038 4805/4451/1038
f 4806/4452/1038 4805/4451/1038 4804/4450/1038
f 4805/4451/1038 4806/4452/1038 4807/4453/3212
f 4808/4454/3213 4807/4453/3212 4806/4452/1038
f 4807/4453/3212 4808/4454/3213 4809/4455/3214
f 4810/4456/3215 4809/4455/3214 4808/4454/3213
f 4809/4455/3214 4810/4456/3215 4811/4457/3216
f 4812/4458/3217 4811/4457/3216 4810/4456/3215
f 4811/4457/3216 4812/4458/3217 4813/4459/3218
f 4814/4460/3218 4813/4459/3218 4812/4458/3217
f 4813/4459/3218 4814/4460/3218 4815/4461/3219
f 4816/4462/3220 4815/4461/3219 4814/4460/3218
f 4815/4461/3219 4816/4462/3220 4817/4463/3221
f 4818/4464/3222 4817/4463/3221 4816/4462/3220
f 4817/4463/3221 4818/4464/3222 4819/4465/3223
f 4820/4466/3224 4819/4465/3223 4818/4464/3222
f 4819/4465/3223 4820/4466/3224 4821/4467/3225
f 4822/4468/3226 4821/4467/3225 4820/4466/3224
f 4821/4467/3225 4822/4468/3226 4823/4469/3227
f 4824/4470/3227 4823/4469/3227 4822/4468/3226
f 4823/4469/3227 4824/4470/3227 4825/4471/3228
f 4826/4472/3229 4825/4471/3228 4824/4470/3227
f 4825/4471/3228 4826/4472/3229 4827/4473/3230
f 4828/4474/3230 4827/4473/3230 4826/4472/3229
f 4827/4473/3230 4828/4474/3230 4829/4475/3231
f 4830/4476/3231 4829/4475/3231 4828/4474/3230
f 4829/4475/3231 4830/4476/3231 4831/4477/3232
f 4832/4478/3232 4831/4477/3232 4830/4476/3231
f 4831/4477/3232 4832/4478/3232 4833/4479/3233
f 4834/4480/3233 4833/4479/3233 4832/4478/3232
f 4833/4479/3233 4834/4480/3233 4835/4481/3234
f 4836/4482/3235 4835/4481/3234 4834/4480/3233
f 4835/4481/3234 4836/4482/3235 4837/4483/3236
f 4838/4484/3237 4837/4483/3236 4836/4482/3235
f 4837/4483/3236 4838/4484/3237 4839/4485/3238
f 4840/4486/3239 4839/4485/3238 4838/4484/3237
f 4839/4485/3238 4840/4486/3239 4841/4487/3240
f 4842/4488/3240 4841/4487/3240 4840/4486/3239
f 4841/4487/3240 4842/4488/3240 4843/4489/3241
f 4844/4490/3242 4843/4489/3241 4842/4488/3240
f 4843/4489/3241 4844/4490/3242 4845/4491/3243
f 4846/4492/3244 4845/4491/3243 4844/4490/3242
f 4845/4491/3243 4846/4492/3244 4847/4493/3245
f 4848/4494/3246 4847/4493/3245 4846/4492/3244
f 4847/4493/3245 4848/4494/3246 4849/4495/3247
f 4850/4496/3248 4849/4495/3247 4848/4494/3246
f 4849/4495/3247 4850/4496/3248 4851/4497/3249
f 4852/4498/3250 4851/4497/3249 4850/4496/3248
f 4851/4497/3249 4852/4498/3250 4853/4499/3251
f 4854/4500/3251 4853/4499/3251 4852/4498/3250
f 4853/4499/3251 4854/4500/3251 4855/4501/3252
f 4856/4502/3253 4855/4501/3252 4854/4500/3251
f 4855/4501/3252 4856/4502/3253 4857/4503/3254
f 4858/4504/3255 4857/4503/3254 4856/4502/3253
f 4857/4503/3254 4858/4504/3255 4859/4505/3256
f 4860/4506/3257 4859/4505/3256 4858/4504/3255
f 4859/4505/3256 4860/4506/3257 4861/4507/3258
f 4862/4508/3259 4861/4507/3258 4860/4506/3257
f 4861/4507/3258 4862/4508/3259 4863/4509/3260
f 4864/4510/3261 4863/4509/3260 4862/4508/3259
f 4863/4509/3260 4864/4510/3261 4865/4511/3262
f 4866/4512/3263 4865/4511/3262 4864/4510/3261
f 4865/4511/3262 4866/4512/3263 4867/4513/3264
f 4868/4514/3265 4867/4513/3264 4866/4512/3263
f 4867/4513/3264 4868/4514/3265 4869/4515/3266
f 4870/4516/3267 4869/4515/3266 4868/4514/3265
f 4869/4515/3266 4870/4516/3267 4871/4517/3268
f 4872/4518/3269 4871/4517/3268 4870/4516/3267
f 4871/4517/3268 4872/4518/3269 4873/4519/3270
f 4874/4520/3271 4873/4519/3270 4872/4518/3269
f 4873/4519/3270 4874/4520/3271 4875/4521/3272
f 4876/4522/3272 4875/4521/3272 4874/4520/3271
f 4875/4521/3272 4876/4522/3272 4877/4523/3273
f 4878/4524/3274 4877/4523/3273 4876/4522/3272
f 4877/4523/3273 4878/4524/3274 4879/4525/3275
f 4880/4526/3275 4879/4525/3275 4878/4524/3274
f 4879/4525/3275 4880/4526/3275 4881/4527/3276
f 4882/4528/3277 4881/4527/3276 4880/4526/3275
f 4881/4527/3276 4882/4528/3277 4883/4529/3278
f 4884/4530/3278 4883/4529/3278 4882/4528/3277
f 4883/4529/3278 4884/4530/3278 4885/4531/3279
f 4886/4532/3280 4885/4531/3279 4884/4530/3278
f 4885/4531/3279 4886/4532/3280 4887/4533/3281
f 4888/4534/3282 4887/4533/3281 4886/4532/3280
f 4887/4533/3281 4888/4534/3282 4889/4535/3283
f 4890/4536/3284 4889/4535/3283 4888/4534/3282
f 4889/4535/3283 4890/4536/3284 4891/4537/3285
f 4892/4538/3286 4891/4537/3285 4890/4536/3284
f 4891/4537/3285 4892/4538/3286 4893/4539/3287
f 4894/4540/3287 4893/4539/3287 4892/4538/3286
f 4893/4539/3287 4894/4540/3287 4895/4541/3288
f 4896/4542/3289 4895/4541/3288 4894/4540/3287
f 4895/4541/3288 4896/4542/3289 4897/4543/3290
f 4898/4544/3291 4897/4543/3290 4896/4542/3289
f 4897/4543/3290 4898/4544/3291 4899/4545/3292
f 4900/4546/3293 4899/4545/3292 4898/4544/3291
f 4899/4545/3292 4900/4546/3293 4901/4547/1038
f 4902/4548/1038 4901/4547/1038 4900/4546/3293
f 4901/4547/1038 4902/4548/1038 4903/4549/1038
f 4904/4550/1038 4903/4549/1038 4902/4548/1038
f 4903/4549/1038 4904/4550/1038 4905/4551/1038
f 4906/4552/1038 4905/4551/1038 4904/4550/1038
f 4905/4551/1038 4906/4552/1038 4907/4553/1038
f 4908/4554/1038 4907/4553/1038 4906/4552/1038
f 4907/4553/1038 4908/4554/1038 4909/4555/1038
f 4910/4556/1038 4909/4555/1038 4908/4554/1038
f 4909/4555/1038 4910/4556/1038 4911/4557/1038
f 4912/4558/1038 4911/4557/1038 4910/4556/1038
f 4915/4559/3294 4914/4560/3294 4913/4561/3295
f 4916/4562/3295 4913/4561/3295 4914/4560/3294
f 4913/4561/3295 4916/4562/3295 4917/4563/3296
f 4918/4564/3296 4917/4563/3296 4916/4562/3295
f 4917/4563/3296 4918/4564/3296 4919/4565/2607
f 4920/4566/2607 4919/4565/2607 4918/4564/3296
f 4919/4565/2607 4920/4566/2607 4921/4567/3297
f 4922/4568/3297 4921/4567/3297 4920/4566/2607
f 4921/4567/3297 4922/4568/3297 4923/4569/3298
f 4924/4570/3298 4923/4569/3298 4922/4568/3297
f 4923/4569/3298 4924/4570/3298 4925/4571/3299
f 4926/4572/3299 4925/4571/3299 4924/4570/3298
f 4925/4571/3299 4926/4572/3299 4927/4573/3300
f 4928/4574/3301 4927/4573/3300 4926/4572/3299
f 4927/4573/3300 4928/4574/3301 4929/4575/3302
f 4930/4576/3303 4929/4575/3302 4928/4574/3301
f 4929/4575/3302 4930/4576/3303 4931/4577/3304
f 4932/4578/3305 4931/4577/3304 4930/4576/3303
f 4931/4577/3304 4932/4578/3305 4933/4579/3306
f 4934/4580/3307 4933/4579/3306 4932/4578/3305
f 4933/4579/3306 4934/4580/3307 4935/4581/3308
f 4936/4582/3309 4935/4581/3308 4934/4580/3307
f 4939/4583/3310 4938/4584/3311 4937/4585/3312
f 4940/4586/3313 4937/4585/3312 4938/4584/3311
f 4937/4585/3312 4940/4586/3313 4941/4587/3314
f 4942/4588/3315 4941/4587/3314 4940/4586/3313
f 4941/4587/3314 4942/4588/3315 4943/4589/3316
f 4944/4590/3317 4943/4589/3316 4942/4588/3315
f 4947/4591/3318 4946/4592/3319 4945/4593/3320
f 4948/4594/3321 4945/4593/3320 4946/4592/3319
f 4945/4593/3320 4948/4594/3321 4949/4595/3322
f 4950/4596/3323 4949/4595/3322 4948/4594/3321
f 4949/4595/3322 4950/4596/3323 4951/4597/3324
f 4952/4598/3324 4951/4597/3324 4950/4596/3323
f 4955/4599/3325 4954/4600/3326 4953/4601/3327
f 4956/4602/3328 4953/4601/3327 4954/4600/3326
f 4953/4601/3327 4956/4602/3328 4957/4603/3329
f 4958/4604/3330 4957/4603/3329 4956/4602/3328
f 4957/4603/3329 4958/4604/3330 4959/4605/3331
f 4960/4606/3332 4959/4605/3331 4958/4604/3330
f 4959/4605/3331 4960/4606/3332 4961/4607/3333
f 4962/4608/3334 4961/4607/3333 4960/4606/3332
f 4965/4609/3335 4964/4610/3335 4963/4611/3336
f 4966/4612/3337 4963/4611/3336 4964/4610/3335
f 4963/4611/3336 4966/4612/3337 4967/4613/3338
f 4968/4614/3339 4967/4613/3338 4966/4612/3337
f 4967/4613/3338 4968/4614/3339 4969/4615/3340
f 4970/4616/3341 4969/4615/3340 4968/4614/3339
f 4969/4615/3340 4970/4616/3341 4971/4617/3342
f 4972/4618/3342 4971/4617/3342 4970/4616/3341
f 4975/4619/3343 4974/4620/3344 4973/4621/3345
f 4976/4622/3346 4973/4621/3345 4974/4620/3344
f 4973/4621/3345 4976/4622/3346 4977/4623/3347
f 4978/4624/3348 4977/4623/3347 4976/4622/3346
f 4977/4623/3347 4978/4624/3348 4979/4625/3349
f 4980/4626/3350 4979/4625/3349 4978/4624/3348
f 4983/4627/3351 4982/4628/3351 4981/4629/3352
f 4984/4630/3353 4981/4629/3352 4982/4628/3351
f 4981/4629/3352 4984/4630/3353 4985/4631/3354
f 4986/4632/3355 4985/4631/3354 4984/4630/3353
f 4985/4631/3354 4986/4632/3355 4987/4633/3356
f 4988/4634/3357 4987/4633/3356 4986/4632/3355
f 4991/4635/3358 4990/4636/3359 4989/4637/3360
f 4992/4638/3361 4989/4637/3360 4990/4636/3359
f 4989/4637/3360 4992/4638/3361 4993/4639/3362
f 4994/4640/3363 4993/4639/3362 4992/4638/3361
f 4993/4639/3362 4994/4640/3363 4995/4641/3364
f 4996/4642/3365 4995/4641/3364 4994/4640/3363
f 4995/4641/3364 4996/4642/3365 4997/4643/3366
f 4998/4644/3367 4997/4643/3366 4996/4642/3365
f 4997/4643/3366 4998/4644/3367 4999/4645/3368
f 5000/4646/3369 4999/4645/3368 4998/4644/3367
f 4999/4645/3368 5000/4646/3369 5001/4647/3370
f 5002/4648/3371 5001/4647/3370 5000/4646/3369
f 5005/4649/3372 5004/4650/3373 5003/4651/3374
f 5006/4652/3375 5003/4651/3374 5004/4650/3373
f 5003/4651/3374 5006/4652/3375 5007/4653/3376
f 5008/4654/3377 5007/4653/3376 5006/4652/3375
f 5007/4653/3376 5008/4654/3377 5009/4655/3378
f 5010/4656/3379 5009/4655/3378 5008/4654/3377
f 5009/4655/3378 5010/4656/3379 5011/4657/3380
f 5012/4658/3381 5011/4657/3380 5010/4656/3379
f 5011/4657/3380 5012/4658/3381 5013/4659/3382
f 5014/4660/3383 5013/4659/3382 5012/4658/3381
f 5013/4659/3382 5014/4660/3383 5015/4661/3384
f 5016/4662/3385 5015/4661/3384 5014/4660/3383
f 5019/4663/3386 5018/4664/3387 5017/4665/3388
f 5020/4666/3389 5017/4665/3388 5018/4664/3387
f 5017/4665/3388 5020/4666/3389 5021/4667/3390
f 5022/4668/3390 5021/4667/3390 5020/4666/3389
f 5021/4667/3390 5022/4668/3390 5023/4669/3391
f 5024/4670/3392 5023/4669/3391 5022/4668/3390
f 5023/4669/3391 5024/4670/3392 5025/4671/3393
f 5026/4672/3394 5025/4671/3393 5024/4670/3392
f 5029/4673/3395 5028/4674/3396 5027/4675/3397
f 5030/4676/3398 5027/4675/3397 5028/4674/3396
f 5027/4675/3397 5030/4676/3398 5031/4677/3399
f 5032/4678/3399 5031/4677/3399 5030/4676/3398
f 5031/4677/3399 5032/4678/3399 5033/4679/3400
f 5034/4680/3401 5033/4679/3400 5032/4678/3399
f 5033/4679/3400 5034/4680/3401 5035/4681/3402
f 5036/4682/3403 5035/4681/3402 5034/4680/3401
f 5039/4683/3404 5038/4684/3405 5037/4685/3406
f 5040/4686/3407 5037/4685/3406 5038/4684/3405
f 5037/4685/3406 5040/4686/3407 5041/4687/3408
f 5042/4688/3409 5041/4687/3408 5040/4686/3407
f 5041/4687/3408 5042/4688/3409 5043/4689/3410
f 5044/4690/3411 5043/4689/3410 5042/4688/3409
f 5043/4689/3410 5044/4690/3411 5045/4691/3412
f 5046/4692/3413 5045/4691/3412 5044/4690/3411
f 5045/4691/3412 5046/4692/3413 5047/4693/3414
f 5048/4694/3415 5047/4693/3414 5046/4692/3413
f 5047/4693/3414 5048/4694/3415 5049/4695/3416
f 5050/4696/3417 5049/4695/3416 5048/4694/3415
f 5053/4697/3418 5052/4698/3419 5051/4699/3420
f 5054/4700/3421 5051/4699/3420 5052/4698/3419
f 5051/4699/3420 5054/4700/3421 5055/4701/3422
f 5056/4702/3423 5055/4701/3422 5054/4700/3421
f 5055/4701/3422 5056/4702/3423 5057/4703/3424
f 5058/4704/3425 5057/4703/3424 5056/4702/3423
f 5057/4703/3424 5058/4704/3425 5059/4705/3426
f 5060/4706/3427 5059/4705/3426 5058/4704/3425
f 5059/4705/3426 5060/4706/3427 5061/4707/3428
f 5062/4708/3429 5061/4707/3428 5060/4706/3427
f 5061/4707/3428 5062/4708/3429 5063/4709/3430
f 5064/4710/3431 5063/4709/3430 5062/4708/3429
f 5067/4711/3350 5066/4712/3349 5065/4713/3432
f 5068/4714/3433 5065/4713/3432 5066/4712/3349
f 5065/4713/3432 5068/4714/3433 5069/4715/3434
f 5070/4716/3435 5069/4715/3434 5068/4714/3433
f 5069/4715/3434 5070/4716/3435 5071/4717/3436
f 5072/4718/3437 5071/4717/3436 5070/4716/3435
f 5075/4719/3357 5074/4720/3356 5073/4721/3438
f 5076/4722/3439 5073/4721/3438 5074/4720/3356
f 5073/4721/3438 5076/4722/3439 5077/4723/3440
f 5078/4724/3441 5077/4723/3440 5076/4722/3439
f 5077/4723/3440 5078/4724/3441 5079/4725/3442
f 5080/4726/3442 5079/4725/3442 5078/4724/3441
f 5083/4727/3443 5082/4728/3444 5081/4729/3445
f 5084/4730/3446 5081/4729/3445 5082/4728/3444
f 5081/4729/3445 5084/4730/3446 5085/4731/3447
f 5086/4732/3448 5085/4731/3447 5084/4730/3446
f 5085/4731/3447 5086/4732/3448 5087/4733/3449
f 5088/4734/3450 5087/4733/3449 5086/4732/3448
f 5087/4733/3449 5088/4734/3450 5089/4735/3451
f 5090/4736/3452 5089/4735/3451 5088/4734/3450
f 5093/4737/3453 5092/4738/3453 5091/4739/3454
f 5094/4740/3455 5091/4739/3454 5092/4738/3453
f 5091/4739/3454 5094/4740/3455 5095/4741/3456
f 5096/4742/3457 5095/4741/3456 5094/4740/3455
f 5095/4741/3456 5096/4742/3457 5097/4743/3458
f 5098/4744/3459 5097/4743/3458 5096/4742/3457
f 5097/4743/3458 5098/4744/3459 5099/4745/3460
f 5100/4746/3460 5099/4745/3460 5098/4744/3459
f 5103/4747/3461 5102/4748/3462 5101/4749/3463
f 5104/4750/3464 5101/4749/3463 5102/4748/3462
f 5101/4749/3463 5104/4750/3464 5105/4751/3465
f 5106/4752/3466 5105/4751/3465 5104/4750/3464
f 5105/4751/3465 5106/4752/3466 5107/4753/3311
f 5108/4754/3310 5107/4753/3311 5106/4752/3466
f 5111/4755/3467 5110/4756/3468 5109/4757/3469
f 5112/4758/3470 5109/4757/3469 5110/4756/3468
f 5109/4757/3469 5112/4758/3470 5113/4759/3471
f 5114/4760/3472 5113/4759/3471 5112/4758/3470
f 5113/4759/3471 5114/4760/3472 5115/4761/3319
f 5116/4762/3318 5115/4761/3319 5114/4760/3472
f 5119/4763/3473 5118/4764/3474 5117/4765/3475
f 5120/4766/3476 5117/4765/3475 5118/4764/3474
f 5117/4765/3475 5120/4766/3476 5121/4767/3477
f 5122/4768/3477 5121/4767/3477 5120/4766/3476
f 5121/4767/3477 5122/4768/3477 5123/4769/3478
f 5124/4770/3479 5123/4769/3478 5122/4768/3477
f 5123/4769/3478 5124/4770/3479 5125/4771/3480
f 5126/4772/3481 5125/4771/3480 5124/4770/3479
f 5125/4771/3480 5126/4772/3481 5127/4773/3482
f 5128/4774/3482 5127/4773/3482 5126/4772/3481
f 5127/4773/3482 5128/4774/3482 5129/4775/3483
f 5130/4776/3483 5129/4775/3483 5128/4774/3482
f 5129/4775/3483 5130/4776/3483 5131/4777/3484
f 5132/4778/3484 5131/4777/3484 5130/4776/3483
f 5131/4777/3484 5132/4778/3484 5133/4779/3485
f 5134/4780/3485 5133/4779/3485 5132/4778/3484
f 5133/4779/3485 5134/4780/3485 5135/4781/3486
f 5136/4782/3486 5135/4781/3486 5134/4780/3485
f 5135/4781/3486 5136/4782/3486 5137/4783/3487
f 5138/4784/3487 5137/4783/3487 5136/4782/3486
f 5137/4783/3487 5138/4784/3487 5139/4785/3488
f 5140/4786/3488 5139/4785/3488 5138/4784/3487
f 5143/4787/3489 5142/4788/3490 5141/4789/3491
f 5144/4790/3492 5141/4789/3491 5142/4788/3490
f 5141/4789/3491 5144/4790/3492 5145/4791/3493
f 5146/4792/3494 5145/4791/3493 5144/4790/3492
f 5145/4791/3493 5146/4792/3494 5147/4793/3495
f 5148/4794/3496 5147/4793/3495 5146/4792/3494
f 5147/4793/3495 5148/4794/3496 5149/4795/3497
f 5150/4796/3498 5149/4795/3497 5148/4794/3496
f 5149/4795/3497 5150/4796/3498 5151/4797/3499
f 5152/4798/3499 5151/4797/3499 5150/4796/3498
f 5151/4797/3499 5152/4798/3499 5153/4799/3500
f 5154/4800/3500 5153/4799/3500 5152/4798/3499
f 5153/4799/3500 5154/4800/3500 5155/4801/3501
f 5156/4802/3501 5155/4801/3501 5154/4800/3500
f 5155/4801/3501 5156/4802/3501 5157/4803/2676
f 5158/4804/2676 5157/4803/2676 5156/4802/3501
f 5157/4803/2676 5158/4804/2676 5159/4805/3502
f 5160/4806/3502 5159/4805/3502 5158/4804/2676
f 5159/4805/3502 5160/4806/3502 5161/4807/3503
f 5162/4808/3503 5161/4807/3503 5160/4806/3502
f 5161/4807/3503 5162/4808/3503 5163/4418/3504
f 5164/4417/3504 5163/4418/3504 5162/4808/3503
f 5167/4809/623 5166/4810/623 5165/4811/623
f 5168/4812/623 5165/4811/623 5166/4810/623
f 5168/4812/623 5169/4813/623 5165/4811/623
f 5170/4814/623 5165/4811/623 5169/4813/623
f 5173/4815/3505 5172/4816/3505 5171/4817/3505
f 5174/4818/3505 5171/4817/3505 5172/4816/3505
f 5174/4818/3505 5172/4816/3505 5175/4819/3505
f 5176/4820/3505 5175/4819/3505 5172/4816/3505
f 5179/4821/3506 5178/4822/3506 5177/4809/3507
f 5180/4810/3508 5177/4809/3507 5178/4822/3506
f 5183/4823/3509 5182/4824/3509 5181/4825/3510
f 5184/4826/3510 5181/4825/3510 5182/4824/3509
f 5187/4827/3511 5186/4828/3512 5185/4817/3513
f 5188/4815/3514 5185/4817/3513 5186/4828/3512
f 5191/4829/3515 5190/4830/3516 5189/4831/3515
f 5192/4832/3516 5189/4831/3515 5190/4830/3516
f 5195/4825/3517 5194/4826/3517 5193/4833/3517
f 5196/4834/3517 5193/4833/3517 5194/4826/3517
f 5196/4834/3517 5197/4835/3517 5193/4833/3517
f 5198/4836/3517 5193/4833/3517 5197/4835/3517
f 5201/4813/3518 5200/4837/3519 5199/4814/3518
f 5202/4838/3520 5199/4814/3518 5200/4837/3519
f 5205/4835/3521 5204/4839/3522 5203/4836/3521
f 5206/4840/3522 5203/4836/3521 5204/4839/3522
f 5209/4820/3523 5208/4841/3524 5207/4819/3525
f 5210/4842/3526 5207/4819/3525 5208/4841/3524
f 5213/4843/3527 5212/4844/3528 5211/4845/3529
f 5214/4846/3529 5211/4845/3529 5212/4844/3528
f 5217/4847/3530 5216/4848/3530 5215/4849/3530
f 5218/4850/3530 5215/4849/3530 5216/4848/3530
f 5221/4851/3531 5220/4852/3531 5219/4853/3531
f 5222/4854/3531 5219/4853/3531 5220/4852/3531
f 5225/4855/3532 5224/4856/3533 5223/4857/3532
f 5226/4858/3533 5223/4857/3532 5224/4856/3533
f 5229/4859/3534 5228/4860/3535 5227/4861/3536
f 5230/4862/3537 5227/4861/3536 5228/4860/3535
f 5233/4863/3538 5232/4864/3538 5231/4865/3538
f 5234/4866/3538 5231/4865/3538 5232/4864/3538
f 5237/4867/3539 5236/4868/3539 5235/4869/3539
f 5238/4870/3539 5235/4869/3539 5236/4868/3539
f 5241/4871/3540 5240/4872/3540 5239/4873/3541
f 5242/4874/3541 5239/4873/3541 5240/4872/3540
f 5245/4875/3542 5244/4876/3543 5243/4877/3544
f 5246/4878/3545 5243/4877/3544 5244/4876/3543
f 5249/4879/623 5248/4880/623 5247/4881/623
f 5250/4882/623 5247/4881/623 5248/4880/623
f 5253/4883/3546 5252/4884/3547 5251/4885/3546
f 5254/4886/3547 5251/4885/3546 5252/4884/3547
f 5257/4887/1284 5256/4888/1284 5255/4889/1284
f 5258/4890/1284 5255/4889/1284 5256/4888/1284
f 5261/4891/3548 5260/4892/3548 5259/4893/3548
f 5262/4894/3548 5259/4893/3548 5260/4892/3548
f 5265/4895/1283 5264/4896/1283 5263/4897/1283
f 5266/4898/1283 5263/4897/1283 5264/4896/1283
f 5269/4899/623 5268/4900/623 5267/4901/623
f 5270/4902/623 5267/4901/623 5268/4900/623
f 5273/4903/3549 5272/4904/3549 5271/4905/3549
f 5274/4906/3549 5271/4905/3549 5272/4904/3549
f 5277/4907/1284 5276/4908/1284 5275/4909/1284
f 5278/4910/1284 5275/4909/1284 5276/4908/1284
f 5281/4911/3550 5280/4912/3550 5279/4913/3550
f 5282/4914/3550 5279/4913/3550 5280/4912/3550
f 5285/4915/1283 5284/4916/1283 5283/4917/1283
f 5286/4918/1283 5283/4917/1283 5284/4916/1283
f 5289/4919/3551 5288/4920/3552 5287/4921/3553
f 5290/4922/3554 5287/4921/3553 5288/4920/3552
f 5293/4923/3555 5292/4924/3556 5291/4925/3557
f 5294/4926/3558 5291/4925/3557 5292/4924/3556
f 5292/4924/3556 5295/4927/3559 5294/4926/3558
f 5296/4928/3560 5294/4926/3558 5295/4927/3559
f 5294/4926/3558 5297/4929/3561 5291/4925/3557
f 5296/4928/3560 5297/4929/3561 5294/4926/3558
f 5298/4930/3562 5297/4929/3561 5296/4928/3560
f 5299/4931/3563 5297/4929/3561 5298/4930/3562
f 5302/4932/3564 5301/4933/3565 5300/4934/3566
f 5303/4935/3567 5300/4934/3566 5301/4933/3565
f 5301/4933/3565 5304/4936/3568 5303/4935/3567
f 5305/4937/3569 5303/4935/3567 5304/4936/3568
f 5303/4935/3567 5305/4937/3569 5306/4938/3570
f 5300/4934/3566 5303/4935/3567 5306/4938/3570
f 5307/4939/3571 5300/4934/3566 5306/4938/3570
f 5308/4940/3572 5307/4939/3571 5306/4938/3570
f 5311/4941/3573 5310/4942/3574 5309/4943/3575
f 5312/4944/3576 5309/4943/3575 5310/4942/3574
f 5310/4942/3574 5313/4945/3577 5312/4944/3576
f 5313/4945/3577 5310/4942/3574 5314/4946/3578
f 5315/4947/3579 5314/4946/3578 5310/4942/3574
f 5314/4946/3578 5316/4948/3580 5313/4945/3577
f 5317/4949/3581 5313/4945/3577 5316/4948/3580
f 5318/4950/3582 5312/4944/3576 5313/4945/3577
f 5313/4945/3577 5317/4949/3581 5318/4950/3582
f 5312/4944/3576 5318/4950/3582 5319/4951/3583
f 5320/4952/3584 5318/4950/3582 5317/4949/3581
f 5321/4953/3585 5319/4951/3583 5318/4950/3582
f 5318/4950/3582 5320/4952/3584 5321/4953/3585
f 5322/4954/3586 5321/4953/3585 5320/4952/3584
f 5325/4955/1678 5324/4956/1677 5323/4957/3587
f 5326/4958/3587 5323/4957/3587 5324/4956/1677
f 5323/4957/3587 5326/4958/3587 5327/4959/1677
f 5328/4960/1677 5327/4959/1677 5326/4958/3587
f 5327/4959/1677 5328/4960/1677 5329/4961/1677
f 5330/4962/1677 5329/4961/1677 5328/4960/1677
f 5329/4961/1677 5330/4962/1677 5331/4963/1677
f 5332/4964/1677 5331/4963/1677 5330/4962/1677
f 5331/4963/1677 5332/4964/1677 5333/4965/1678
f 5334/4966/1678 5333/4965/1678 5332/4964/1677
f 5337/4967/623 5336/4968/623 5335/4969/623
f 5338/4970/623 5335/4969/623 5336/4968/623
f 5341/4971/3588 5340/4972/3588 5339/4973/3588
f 5342/4974/3588 5339/4973/3588 5340/4972/3588
f 5345/4975/3589 5344/4976/3589 5343/4977/3589
f 5346/4978/3589 5343/4977/3589 5344/4976/3589
f 5349/4979/3590 5348/4980/3590 5347/4981/3590
f 5350/4982/3590 5347/4981/3590 5348/4980/3590
f 5353/4983/3591 5352/4984/3591 5351/4985/3591
f 5354/4986/3591 5351/4985/3591 5352/4984/3591
f 5357/4987/3592 5356/4988/3593 5355/4989/3594
f 5358/4990/3595 5355/4989/3594 5356/4988/3593
f 5361/4991/3596 5360/4992/3597 5359/4993/3598
f 5362/4994/3599 5359/4993/3598 5360/4992/3597
f 5359/4993/3598 5362/4994/3599 5363/4995/3600
f 5364/4996/3601 5363/4995/3600 5362/4994/3599
f 5365/4997/3602 5362/4994/3599 5360/4992/3597
f 5365/4997/3602 5364/4996/3601 5362/4994/3599
f 5365/4997/3602 5366/4998/3603 5364/4996/3601
f 5365/4997/3602 5367/4999/3604 5366/4998/3603
f 5370/5000/3605 5369/5001/3606 5368/5002/3607
f 5371/5003/3608 5368/5002/3607 5369/5001/3606
f 5368/5002/3607 5371/5003/3608 5372/5004/3609
f 5373/5005/3610 5372/5004/3609 5371/5003/3608
f 5373/5005/3610 5371/5003/3608 5374/5006/3611
f 5371/5003/3608 5369/5001/3606 5374/5006/3611
f 5369/5001/3606 5375/5007/3612 5374/5006/3611
f 5375/5007/3612 5376/5008/3613 5374/5006/3611
f 5379/5009/3614 5378/5010/3615 5377/5011/3616
f 5380/5012/3617 5377/5011/3616 5378/5010/3615
f 5377/5011/3616 5380/5012/3617 5381/5013/3618
f 5381/5013/3618 5382/5014/3619 5377/5011/3616
f 5383/5015/3620 5377/5011/3616 5382/5014/3619
f 5382/5014/3619 5381/5013/3618 5384/5016/3621
f 5385/5017/3622 5384/5016/3621 5381/5013/3618
f 5386/5018/3623 5381/5013/3618 5380/5012/3617
f 5381/5013/3618 5386/5018/3623 5385/5017/3622
f 5380/5012/3617 5387/5019/3624 5386/5018/3623
f 5388/5020/3625 5385/5017/3622 5386/5018/3623
f 5389/5021/3626 5386/5018/3623 5387/5019/3624
f 5386/5018/3623 5389/5021/3626 5388/5020/3625
f 5390/5022/3627 5388/5020/3625 5389/5021/3626
f 5393/5023/3628 5392/5024/3629 5391/5025/1837
f 5394/5026/3629 5391/5025/1837 5392/5024/3629
f 5392/5024/3629 5395/5027/1838 5394/5026/3629
f 5396/5028/1838 5394/5026/3629 5395/5027/1838
f 5395/5027/1838 5397/5029/3630 5396/5028/1838
f 5398/5030/3631 5396/5028/1838 5397/5029/3630
f 5397/5029/3630 5399/5031/1838 5398/5030/3631
f 5400/5032/1837 5398/5030/3631 5399/5031/1838
f 5399/5031/1838 5401/5033/1837 5400/5032/1837
f 5402/5034/1837 5400/5032/1837 5401/5033/1837
f 5405/5035/623 5404/5036/623 5403/5037/623
f 5406/5038/623 5403/5037/623 5404/5036/623
f 5409/5039/3632 5408/5040/3632 5407/5041/3632
f 5410/5042/3632 5407/5041/3632 5408/5040/3632
f 5413/5043/3633 5412/5044/3633 5411/5045/3633
f 5414/5046/3633 5411/5045/3633 5412/5044/3633
f 5417/5047/3634 5416/5048/3634 5415/5049/3634
f 5418/5050/3634 5415/5049/3634 5416/5048/3634
f 5421/5051/3635 5420/5052/3635 5419/5053/3635
f 5422/5054/3635 5419/5053/3635 5420/5052/3635
f 5425/5055/3636 5424/5056/3636 5423/5057/1281
f 5426/5058/1281 5423/5057/1281 5424/5056/3636
f 5423/5057/1281 5426/5058/1281 5427/5059/3637
f 5428/5060/3637 5427/5059/3637 5426/5058/1281
f 5431/5061/3638 5430/5062/3638 5429/5063/3639
f 5432/5064/3640 5429/5063/3639 5430/5062/3638
f 5429/5063/3639 5432/5064/3640 5433/5065/1283
f 5434/5066/1283 5433/5065/1283 5432/5064/3640
f 5433/5065/1283 5434/5066/1283 5435/5067/3641
f 5436/5068/3642 5435/5067/3641 5434/5066/1283
f 5435/5067/3641 5436/5068/3642 5437/5069/3643
f 5438/5070/3644 5437/5069/3643 5436/5068/3642
f 5441/5071/3645 5440/5072/3645 5439/5073/1286
f 5442/5074/1286 5439/5073/1286 5440/5072/3645
f 5439/5073/1286 5442/5074/1286 5443/5075/3646
f 5444/5076/3646 5443/5075/3646 5442/5074/1286
f 5447/5077/3647 5446/5078/3647 5445/5079/3648
f 5448/5080/3649 5445/5079/3648 5446/5078/3647
f 5445/5079/3648 5448/5080/3649 5449/5081/1284
f 5450/5082/1284 5449/5081/1284 5448/5080/3649
f 5449/5081/1284 5450/5082/1284 5451/5083/3650
f 5452/5084/3651 5451/5083/3650 5450/5082/1284
f 5451/5083/3650 5452/5084/3651 5453/5085/3652
f 5454/5086/3652 5453/5085/3652 5452/5084/3651
f 5457/5087/3653 5456/5088/1281 5455/5089/3636
f 5458/5090/1281 5455/5089/3636 5456/5088/1281
f 5456/5088/1281 5459/5091/3637 5458/5090/1281
f 5460/5092/3637 5458/5090/1281 5459/5091/3637
f 5463/5093/3638 5462/5094/3639 5461/5095/3638
f 5464/5096/3640 5461/5095/3638 5462/5094/3639
f 5462/5094/3639 5465/5097/1283 5464/5096/3640
f 5466/5098/1283 5464/5096/3640 5465/5097/1283
f 5465/5097/1283 5467/5099/3641 5466/5098/1283
f 5468/5100/3641 5466/5098/1283 5467/5099/3641
f 5467/5099/3641 5469/5101/3644 5468/5100/3641
f 5470/5102/3644 5468/5100/3641 5469/5101/3644
f 5473/5103/3645 5472/5104/1286 5471/5105/3645
f 5474/5106/1286 5471/5105/3645 5472/5104/1286
f 5472/5104/1286 5475/5107/3646 5474/5106/1286
f 5476/5108/3654 5474/5106/1286 5475/5107/3646
f 5479/5109/3647 5478/5110/3648 5477/5111/3647
f 5480/5112/3649 5477/5111/3647 5478/5110/3648
f 5478/5110/3648 5481/5113/1284 5480/5112/3649
f 5482/5114/1284 5480/5112/3649 5481/5113/1284
f 5481/5113/1284 5483/5115/3650 5482/5114/1284
f 5484/5116/3650 5482/5114/1284 5483/5115/3650
f 5483/5115/3650 5485/5117/3652 5484/5116/3650
f 5486/5118/3652 5484/5116/3650 5485/5117/3652
f 5489/5119/3636 5488/5120/3636 5487/5121/1281
f 5490/5122/1281 5487/5121/1281 5488/5120/3636
f 5487/5121/1281 5490/5122/1281 5491/5123/3655
f 5492/5124/3637 5491/5123/3655 5490/5122/1281
f 5495/5125/3638 5494/5126/3638 5493/5063/3640
f 5496/5064/3640 5493/5063/3640 5494/5126/3638
f 5493/5063/3640 5496/5064/3640 5497/5065/1283
f 5498/5066/1283 5497/5065/1283 5496/5064/3640
f 5497/5065/1283 5498/5066/1283 5499/5127/3641
f 5500/5128/3641 5499/5127/3641 5498/5066/1283
f 5499/5127/3641 5500/5128/3641 5501/5129/3644
f 5502/5130/3644 5501/5129/3644 5500/5128/3641
f 5505/5131/3645 5504/5132/3645 5503/5133/1286
f 5506/5134/1286 5503/5133/1286 5504/5132/3645
f 5503/5133/1286 5506/5134/1286 5507/5135/3646
f 5508/5136/3646 5507/5135/3646 5506/5134/1286
f 5511/5077/3647 5510/5078/3647 5509/5079/3649
f 5512/5080/3649 5509/5079/3649 5510/5078/3647
f 5509/5079/3649 5512/5080/3649 5513/5137/1284
f 5514/5138/1284 5513/5137/1284 5512/5080/3649
f 5513/5137/1284 5514/5138/1284 5515/5139/3650
f 5516/5140/3650 5515/5139/3650 5514/5138/1284
f 5515/5139/3650 5516/5140/3650 5517/5141/3652
f 5518/5142/3652 5517/5141/3652 5516/5140/3650
f 5521/5143/3636 5520/5144/1281 5519/5145/3636
f 5522/5146/1281 5519/5145/3636 5520/5144/1281
f 5520/5144/1281 5523/5147/3637 5522/5146/1281
f 5524/5148/3637 5522/5146/1281 5523/5147/3637
f 5527/5149/3638 5526/5094/3640 5525/5150/3638
f 5528/5096/3640 5525/5150/3638 5526/5094/3640
f 5526/5094/3640 5529/5097/1283 5528/5096/3640
f 5530/5098/1283 5528/5096/3640 5529/5097/1283
f 5529/5097/1283 5531/5151/3641 5530/5098/1283
f 5532/5152/3641 5530/5098/1283 5531/5151/3641
f 5531/5151/3641 5533/5153/3644 5532/5152/3641
f 5534/5154/3656 5532/5152/3641 5533/5153/3644
f 5537/5155/3645 5536/5156/1286 5535/5157/3645
f 5538/5158/1286 5535/5157/3645 5536/5156/1286
f 5536/5156/1286 5539/5159/3646 5538/5158/1286
f 5540/5160/3657 5538/5158/1286 5539/5159/3646
f 5543/5109/3647 5542/5110/3649 5541/5111/3647
f 5544/5112/3649 5541/5111/3647 5542/5110/3649
f 5542/5110/3649 5545/5161/1284 5544/5112/3649
f 5546/5162/1284 5544/5112/3649 5545/5161/1284
f 5545/5161/1284 5547/5163/3650 5546/5162/1284
f 5548/5164/3650 5546/5162/1284 5547/5163/3650
f 5547/5163/3650 5549/5165/3652 5548/5164/3650
f 5550/5166/3652 5548/5164/3650 5549/5165/3652
f 5553/5167/3658 5552/5168/3659 5551/5169/3658
f 5554/5170/1281 5551/5169/3658 5552/5168/3659
f 5552/5168/3659 5555/5171/3660 5554/5170/1281
f 5556/5172/3661 5554/5170/1281 5555/5171/3660
f 5559/5173/3662 5558/5174/3663 5557/5175/3662
f 5560/5176/3663 5557/5175/3662 5558/5174/3663
f 5558/5174/3663 5561/5177/1283 5560/5176/3663
f 5562/5178/1283 5560/5176/3663 5561/5177/1283
f 5561/5177/1283 5563/5179/3664 5562/5178/1283
f 5564/5180/3664 5562/5178/1283 5563/5179/3664
f 5563/5179/3664 5565/5181/3665 5564/5180/3664
f 5566/5182/3666 5564/5180/3664 5565/5181/3665
f 5569/5183/3667 5568/5184/1286 5567/5185/3668
f 5570/5186/3669 5567/5185/3668 5568/5184/1286
f 5568/5184/1286 5571/5187/3670 5570/5186/3669
f 5572/5188/3671 5570/5186/3669 5571/5187/3670
f 5575/5189/3672 5574/5190/3673 5573/5191/3672
f 5576/5192/3673 5573/5191/3672 5574/5190/3673
f 5574/5190/3673 5577/5193/1284 5576/5192/3673
f 5578/5194/1284 5576/5192/3673 5577/5193/1284
f 5577/5193/1284 5579/5195/3674 5578/5194/1284
f 5580/5196/3674 5578/5194/1284 5579/5195/3674
f 5579/5195/3674 5581/5197/3675 5580/5196/3674
f 5582/5198/3675 5580/5196/3674 5581/5197/3675
f 5585/5199/1286 5584/5200/1286 5583/5201/1286
f 5584/5200/1286 5586/5202/1286 5583/5201/1286
f 5586/5202/1286 5587/5203/1286 5583/5201/1286
f 5590/5204/1281 5589/5205/1281 5588/5206/1281
f 5589/5205/1281 5591/5207/1281 5588/5206/1281
f 5592/5208/1281 5591/5207/1281 5589/5205/1281
f 5595/5209/3676 5594/3043/3676 5593/5210/3676
f 5596/5211/3677 5593/5210/3676 5594/3043/3676
f 5599/5212/3678 5598/5213/3678 5597/5214/3678
f 5600/5215/3678 5597/5214/3678 5598/5213/3678
f 5603/5216/3679 5602/5217/3679 5601/5218/3679
f 5604/5219/3679 5601/5218/3679 5602/5217/3679
f 5607/5220/3680 5606/5221/3680 5605/5209/3680
f 5608/3043/3680 5605/5209/3680 5606/5221/3680
f 5611/5222/3681 5610/5223/3681 5609/5224/3679
f 5612/5225/3679 5609/5224/3679 5610/5223/3681
f 5615/5226/3678 5614/5227/3678 5613/5228/3678
f 5616/5229/3678 5613/5228/3678 5614/5227/3678
f 5619/5230/3677 5618/5231/3677 5617/5232/3677
f 5620/5233/3677 5617/5232/3677 5618/5231/3677
f 5623/5232/3680 5622/5233/3680 5621/5234/3680
f 5624/5235/3680 5621/5234/3680 5622/5233/3680
f 5627/5236/1286 5626/5237/1286 5625/5238/1286
f 5628/5199/1286 5625/5238/1286 5626/5237/1286
f 5631/5239/1281 5630/5207/1281 5629/5240/1281
f 5632/5241/1281 5629/5240/1281 5630/5207/1281
f 5635/5242/623 5634/4048/3682 5633/4050/3683
f 5635/5242/623 5633/4050/3683 5636/4054/3684
f 5635/5242/623 5637/4051/3685 5634/4048/3682
f 5635/5242/623 5636/4054/3684 5638/4058/3686
f 5635/5242/623 5639/4055/3687 5637/4051/3685
f 5635/5242/623 5638/4058/3686 5640/4062/3688
f 5635/5242/623 5641/5243/3689 5639/4055/3687
f 5635/5242/623 5640/4062/3688 5642/4066/3690
f 5635/5242/623 5643/4063/3691 5641/5243/3689
f 5635/5242/623 5642/4066/3690 5644/4070/3692
f 5635/5242/623 5645/4067/3693 5643/4063/3691
f 5635/5242/623 5644/4070/3692 5645/4067/3693
f 5648/5244/623 5647/4072/3682 5646/4074/3683
f 5648/5244/623 5646/4074/3683 5649/4078/3684
f 5648/5244/623 5650/4075/3685 5647/4072/3682
f 5648/5244/623 5649/4078/3684 5651/4082/3686
f 5648/5244/623 5652/4079/3687 5650/4075/3685
f 5648/5244/623 5651/4082/3686 5653/4086/3688
f 5648/5244/623 5654/5245/3689 5652/4079/3687
f 5648/5244/623 5653/4086/3688 5655/4090/3690
f 5648/5244/623 5656/4087/3691 5654/5245/3689
f 5648/5244/623 5655/4090/3690 5657/4094/3692
f 5648/5244/623 5658/4091/3693 5656/4087/3691
f 5648/5244/623 5657/4094/3692 5658/4091/3693
f 5661/5246/623 5660/5247/3694 5659/5248/3694
f 5661/5246/623 5659/5248/3694 5662/5249/623
f 5661/5246/623 5663/5250/3694 5660/5247/3694
f 5661/5246/623 5662/5249/623 5664/5251/623
f 5661/5246/623 5665/5252/3694 5663/5250/3694
f 5661/5246/623 5664/5251/623 5666/5253/623
f 5661/5246/623 5667/5254/3694 5665/5252/3694
f 5661/5246/623 5666/5253/623 5668/5255/623
f 5661/5246/623 5669/5256/3695 5667/5254/3694
f 5661/5246/623 5668/5255/623 5670/5257/3696
f 5661/5246/623 5671/5258/3697 5669/5256/3695
f 5661/5246/623 5670/5257/3696 5671/5258/3697
g Bis_Hull_Rostrum_V_Panzerschiffe_waterline
usemtl waterline
f 314/304/315 3/1/1 312/303/313
f 1/3/3 312/303/313 3/1/1
f 312/303/313 1/3/3 310/302/311
f 6/6/6 310/302/311 1/3/3
f 310/302/311 6/6/6 308/301/309
f 9/9/9 308/301/309 6/6/6
f 308/301/309 9/9/9 306/300/307
f 13/13/13 306/300/307 9/9/9
f 306/300/307 13/13/13 305/299/306
f 16/16/16 305/299/306 13/13/13
f 305/299/306 16/16/16 303/298/304
f 27/27/27 303/298/304 16/16/16
f 27/27/27 39/39/39 303/298/304
f 301/297/302 303/298/304 39/39/39
f 39/39/39 41/41/41 301/297/302
f 299/296/300 301/297/302 41/41/41
f 41/41/41 47/47/47 299/296/300
f 297/295/298 299/296/300 47/47/47
f 47/47/47 49/49/49 297/295/298
f 295/294/296 297/295/298 49/49/49
f 49/49/49 55/55/55 295/294/296
f 294/293/295 295/294/296 55/55/55
f 55/55/55 57/57/57 294/293/295
f 620/568/606 294/293/295 57/57/57
f 620/568/606 57/57/57 615/563/601
f 58/58/58 615/563/601 57/57/57
f 615/563/601 58/58/58 612/560/598
f 61/61/61 612/560/598 58/58/58
f 612/560/598 61/61/61 606/556/594
f 63/63/63 606/556/594 61/61/61
f 606/556/594 63/63/63 608/554/65
f 65/65/65 608/554/65 63/63/63
f 91/90/91 602/551/587 93/92/93
f 600/552/589 93/92/93 602/551/587
f 600/552/589 605/553/592 93/92/93
f 92/91/92 93/92/93 605/553/592
f 507/471/501 505/470/499 200/197/199
f 199/198/200 200/197/199 505/470/499
f 505/470/499 503/469/497 199/198/200
f 203/202/204 199/198/200 503/469/497
f 503/469/497 501/468/495 203/202/204
f 206/205/207 203/202/204 501/468/495
f 501/468/495 499/467/493 206/205/207
f 210/209/211 206/205/207 499/467/493
f 499/467/493 498/466/492 210/209/211
f 213/212/214 210/209/211 498/466/492
f 213/212/214 498/466/492 232/231/233
f 496/465/490 232/231/233 498/466/492
f 232/231/233 496/465/490 236/235/237
f 494/464/488 236/235/237 496/465/490
f 236/235/237 494/464/488 238/237/239
f 492/463/486 238/237/239 494/464/488
f 238/237/239 492/463/486 244/243/245
f 490/462/484 244/243/245 492/463/486
f 244/243/245 490/462/484 246/245/247
f 488/461/482 246/245/247 490/462/484
f 246/245/247 488/461/482 251/250/252
f 487/460/481 251/250/252 488/461/482
f 251/250/252 487/460/481 254/253/255
f 622/570/608 254/253/255 487/460/481
f 254/253/255 622/570/608 257/256/258
f 624/572/610 257/256/258 622/570/608
f 257/256/258 624/572/610 258/257/259
f 629/577/615 258/257/259 624/572/610
f 258/257/259 629/577/615 260/259/261
f 632/580/618 260/259/261 629/577/615
f 260/259/261 632/580/618 262/261/263
f 635/583/263 262/261/263 632/580/618
g Bis_Hull_Rostrum_V_Panzerschiffe_steel_deck_1
usemtl steel_deck_1
f 650/598/629 649/597/628 5672/5259/3698
f 5673/5260/3699 5672/5259/3698 649/597/628
f 649/597/628 652/600/629 5673/5260/3699
f 5672/5259/3698 5673/5260/3699 661/609/631
f 5674/5261/3698 5673/5260/3699 652/600/629
f 663/611/633 661/609/631 5673/5260/3699
f 5674/5261/3698 684/632/631 5673/5260/3699
f 663/611/633 5673/5260/3699 684/632/631
g Bis_Hull_Rostrum_V_Panzerschiffe_details_3
usemtl details_3
f 2301/2017/1809 2304/2018/1810 5675/5262/3700
f 5676/5263/3701 5675/5262/3700 2304/2018/1810
f 2304/2018/1810 2306/2019/1812 5676/5263/3701
f 5677/5264/3702 5676/5263/3701 2306/2019/1812
f 5679/5265/3703 5678/5266/3704 2309/2020/1813
f 2308/2021/1814 2309/2020/1813 5678/5266/3704
f 5678/5266/3704 5680/5267/3705 2308/2021/1814
f 2311/2022/1817 2308/2021/1814 5680/5267/3705
f 5680/5267/3705 5681/5268/3706 2311/2022/1817
f 2313/2023/1819 2311/2022/1817 5681/5268/3706
f 5683/5269/3707 5682/5270/3708 2317/2024/1821
f 2316/2025/1822 2317/2024/1821 5682/5270/3708
f 5682/5270/3708 5684/5271/3709 2316/2025/1822
f 2319/2026/1825 2316/2025/1822 5684/5271/3709
f 5686/5272/3710 5685/5273/3711 2323/2027/1827
f 2322/2028/1828 2323/2027/1827 5685/5273/3711
f 5685/5273/3711 5687/5274/3712 2322/2028/1828
f 2325/2029/1831 2322/2028/1828 5687/5274/3712
f 5687/5274/3712 5688/5275/3713 2325/2029/1831
f 2327/2030/1833 2325/2029/1831 5688/5275/3713
f 2508/2207/1967 5689/5276/3714 2510/2208/1969
f 5690/5277/3715 2510/2208/1969 5689/5276/3714
f 2510/2208/1969 5690/5277/3715 2512/2209/1971
f 5691/5278/3716 2512/2209/1971 5690/5277/3715
f 5693/5279/3717 2515/2210/1972 5692/5280/3718
f 2513/2211/1974 5692/5280/3718 2515/2210/1972
f 5692/5280/3718 2513/2211/1974 5694/5281/3719
f 2517/2212/1976 5694/5281/3719 2513/2211/1974
f 5694/5281/3719 2517/2212/1976 5695/5282/3720
f 2519/2213/1978 5695/5282/3720 2517/2212/1976
f 5697/5283/3721 2523/2214/1980 5696/5284/3722
f 2521/2215/1982 5696/5284/3722 2523/2214/1980
f 5696/5284/3722 2521/2215/1982 5698/5285/3723
f 2525/2216/1984 5698/5285/3723 2521/2215/1982
f 5700/5286/3724 2529/2217/1986 5699/5287/3725
f 2527/2218/1988 5699/5287/3725 2529/2217/1986
f 5699/5287/3725 2527/2218/1988 5701/5288/3726
f 2531/2219/1990 5701/5288/3726 2527/2218/1988
f 5701/5288/3726 2531/2219/1990 5702/5289/3727
f 2533/2220/1992 5702/5289/3727 2531/2219/1990
