# Blender 5.0.1
# www.blender.org
mtllib Cr_Lifeboat_T_A(R)_001.mtl
o Cr_Lifeboat_T_A(R)_001
v 0.919292 -1.846933 1.159341
v 0.066307 -2.047832 0.260178
v 0.066307 -1.862499 0.260178
v 0.919292 -2.063400 1.159340
v 1.130679 -1.852516 1.467368
v 1.130679 -2.057816 1.467368
v 1.192741 -1.858983 1.779868
v 1.192741 -2.051349 1.779868
v 1.142339 -1.865739 2.125614
v 1.142339 -2.044593 2.125614
v 0.983253 -1.872026 2.433424
v 0.983253 -2.038306 2.433424
v 0.731931 -1.878257 2.688982
v 0.731931 -2.032076 2.688982
v 1.085263 -2.063399 1.034699
v 0.213047 -1.864763 0.108560
v 0.213047 -2.045569 0.108560
v 1.085263 -1.846933 1.034699
v 1.318383 -2.057816 1.408614
v 1.318383 -1.852516 1.408614
v 1.376051 -2.051349 1.779332
v 1.376051 -1.858983 1.779332
v 1.306723 -2.044593 2.171521
v 1.306723 -1.865739 2.171522
v 1.118342 -2.038306 2.516363
v 1.118342 -1.872026 2.516363
v 0.828470 -2.032075 2.800411
v 1.118342 -1.872026 2.516363
v 1.118342 -2.038306 2.516363
v 0.828470 -1.878257 2.800411
v 0.467084 -2.026264 3.000820
v 0.467084 -1.884069 3.000820
v 0.070762 -2.020481 3.120167
v 0.070762 -1.889852 3.120167
v 0.411373 -1.884069 2.877560
v 0.731931 -2.032076 2.688982
v 0.731931 -1.878257 2.688982
v 0.411373 -2.026264 2.877560
v 0.051754 -1.889852 2.996780
v 0.051754 -2.020481 2.996780
v 0.467084 -2.026264 3.000820
v 0.051754 -2.020481 2.996780
v 0.070762 -2.020481 3.120167
v 0.411373 -2.026264 2.877560
v 0.828470 -2.032075 2.800411
v 0.731931 -2.032076 2.688982
v 1.118342 -2.038306 2.516363
v 0.983253 -2.038306 2.433424
v 1.306723 -2.044593 2.171521
v 1.142339 -2.044593 2.125614
v 1.376051 -2.051349 1.779332
v 1.192741 -2.051349 1.779868
v 1.318383 -2.057816 1.408614
v 1.130679 -2.057816 1.467368
v 1.085263 -2.063399 1.034699
v 0.919292 -2.063400 1.159340
v 0.213047 -2.045569 0.108560
v 0.066307 -2.047832 0.260178
v 0.121255 -2.046251 0.108151
v 0.062898 -2.047151 0.168448
v 0.411373 -1.884069 2.877560
v 0.070762 -1.889852 3.120167
v 0.051754 -1.889852 2.996780
v 0.467084 -1.884069 3.000820
v 0.731931 -1.878257 2.688982
v 0.828470 -1.878257 2.800411
v 0.983253 -1.872026 2.433424
v 1.118342 -1.872026 2.516363
v 1.142339 -1.865739 2.125614
v 1.306723 -1.865739 2.171522
v 1.192741 -1.858983 1.779868
v 1.376051 -1.858983 1.779332
v 1.130679 -1.852516 1.467368
v 1.318383 -1.852516 1.408614
v 0.919292 -1.846933 1.159341
v 1.085263 -1.846933 1.034699
v 0.213047 -1.864763 0.108560
v 0.066307 -1.862499 0.260178
v 0.062898 -1.863181 0.168448
v 0.121255 -1.864081 0.108151
v 0.070762 -2.020481 3.120167
v 0.051754 -1.889852 2.996780
v 0.070762 -1.889852 3.120167
v 0.051754 -2.020481 2.996780
v -0.747601 1.925131 1.830487
v -0.406082 3.098815 1.745349
v -0.447557 3.129339 1.907011
v -0.659544 1.925131 1.493307
v -0.927934 0.756529 1.797660
v -0.844910 0.756529 1.386271
v -0.910767 -0.070736 1.364448
v -0.986110 -0.070736 1.792809
v -0.913047 -0.818856 1.391984
v -0.639514 -0.070736 1.075211
v -0.978806 -0.818856 1.804645
v -0.670149 -0.818856 1.087495
v -0.833030 -1.643129 1.457358
v -0.892335 -1.643129 1.835028
v -0.598312 -1.643129 1.135852
v -0.690034 -2.352134 1.545075
v -0.446412 -2.328629 1.206461
v -0.272313 -2.640828 1.235955
v -0.746240 -2.357579 1.877141
v -0.434608 -2.846202 1.642123
v -0.460475 -2.875175 1.956825
v -0.043439 -3.187692 1.697772
v -0.460475 -2.875175 1.956825
v -0.043439 -3.223907 2.032749
v -0.434608 -2.846202 1.642123
v -0.272313 -2.640828 1.235955
v -0.043439 -3.040921 1.414735
v -0.659544 1.925131 1.493307
v -0.112167 3.058190 1.541432
v -0.406082 3.098815 1.745349
v -0.345689 1.925132 1.267644
v -0.844910 0.756529 1.386271
v -0.551003 0.756529 1.119640
v -0.108867 1.925132 1.102307
v -0.910767 -0.070736 1.364448
v -0.172559 0.756529 1.003902
v -0.639514 -0.070736 1.075211
v -0.196576 -0.070736 0.965215
v -0.043440 0.756529 0.890018
v -0.043440 -0.070736 0.890018
v -0.670149 -0.818856 1.087495
v -0.043440 -0.818856 0.890019
v -0.199504 -0.818856 0.957851
v -0.598312 -1.643129 1.135852
v -0.136062 -1.643129 0.937651
v -0.043440 -1.643128 0.898829
v -0.446412 -2.328629 1.206461
v -0.043439 -2.281582 0.912446
v -0.272313 -2.640828 1.235955
v -0.043439 -2.720165 1.104835
v -0.043439 -3.040921 1.414735
v -0.043440 0.756529 0.890018
v -0.108867 1.925132 1.102307
v -0.172559 0.756529 1.003902
v -0.043440 1.925133 0.890018
v -0.043440 2.928413 0.890018
v -0.043440 3.010760 1.303362
v -0.345689 1.925132 1.267644
v -0.112167 3.058190 1.541432
v 0.043424 -3.298478 1.693625
v -0.043439 -3.336980 2.032750
v 0.043424 -3.336980 2.032750
v -0.043439 -3.298478 1.693625
v 0.043424 -3.111164 1.352506
v -0.043439 -3.111164 1.352506
v -0.406082 3.098815 1.745349
v -0.043440 3.129337 1.907013
v -0.447557 3.129339 1.907011
v -0.043440 3.098815 1.745349
v -0.112167 3.058190 1.541432
v -0.043440 3.010760 1.303362
v -0.028235 3.348072 0.801208
v 0.043423 2.910720 0.801207
v 0.028218 3.348072 0.801208
v -0.043440 2.910720 0.801207
v -0.043440 1.925132 0.801207
v 0.043423 1.925132 0.801207
v 0.043423 0.756529 0.801207
v -0.043440 0.756529 0.801207
v -0.043440 -0.070736 0.801207
v 0.043423 -0.070736 0.801207
v -0.043440 -0.818856 0.801207
v 0.043423 -0.818856 0.801207
v -0.043439 -1.643129 0.808904
v 0.043424 -1.643129 0.808904
v 0.043424 -2.281582 0.820801
v -0.043439 -2.281582 0.820801
v 0.043424 -2.785933 1.044964
v -0.043439 -2.785933 1.044964
v -0.043439 -3.111164 1.352506
v 0.043424 -3.111164 1.352506
v 0.043424 -3.187692 1.697772
v 0.272310 -2.640828 1.235955
v 0.043424 -3.040921 1.414735
v 0.434605 -2.846202 1.642123
v 0.460471 -2.875175 1.956826
v 0.043424 -3.223907 2.032749
v 0.112162 3.058190 1.541432
v 0.659539 1.925131 1.493307
v 0.406077 3.098816 1.745349
v 0.345684 1.925132 1.267644
v 0.844906 0.756529 1.386271
v 0.550999 0.756529 1.119640
v 0.108862 1.925132 1.102307
v 0.172555 0.756529 1.003902
v 0.639509 -0.070736 1.075211
v 0.910763 -0.070736 1.364448
v 0.196572 -0.070736 0.965215
v 0.670145 -0.818856 1.087495
v 0.043423 -0.070736 0.890018
v 0.043423 0.756529 0.890018
v 0.043423 -0.818856 0.890019
v 0.199500 -0.818856 0.957851
v 0.043424 -1.643128 0.898829
v 0.136058 -1.643129 0.937651
v 0.598308 -1.643128 1.135852
v 0.446409 -2.328629 1.206461
v 0.043424 -2.281582 0.912446
v 0.272310 -2.640828 1.235955
v 0.043424 -2.720165 1.104835
v 0.043424 -3.040921 1.414735
v 0.108862 1.925132 1.102307
v 0.043423 0.756529 0.890018
v 0.172555 0.756529 1.003902
v 0.043423 1.925133 0.890018
v 0.043423 2.928413 0.890018
v 0.043423 3.010760 1.303362
v 0.345684 1.925132 1.267644
v 0.112162 3.058190 1.541432
v 0.043424 -3.244596 2.224119
v -0.043439 -3.358707 2.224119
v -0.043439 -3.244596 2.224119
v 0.043424 -3.358707 2.224119
v 0.043423 3.098815 1.745349
v 0.043423 3.010760 1.303362
v 0.112162 3.058190 1.541432
v 0.406077 3.098816 1.745349
v 0.043423 3.129337 1.907012
v 0.447552 3.129339 1.907011
v -0.028235 3.358707 2.303420
v 0.028218 3.348072 0.801208
v 0.028218 3.358707 2.303420
v -0.028235 3.348072 0.801208
v 0.028218 3.358707 2.303420
v 0.043423 3.165468 2.098382
v 0.043423 3.209969 2.344267
v 0.043423 3.129337 1.907012
v 0.043423 3.098815 1.745349
v 0.028218 3.348072 0.801208
v 0.043423 3.010760 1.303362
v 0.043423 2.928413 0.890018
v 0.043423 2.910720 0.801207
v 0.043423 1.925133 0.890018
v 0.043423 1.925132 0.801207
v 0.043423 0.756529 0.890018
v 0.043423 0.756529 0.801207
v 0.043423 -0.070736 0.801207
v 0.043423 -0.070736 0.890018
v 0.043423 -0.818856 0.801207
v 0.043423 -0.818856 0.890019
v 0.043424 -1.643129 0.808904
v 0.043424 -1.643128 0.898829
v 0.043424 -2.281582 0.912446
v 0.043424 -2.281582 0.820801
v 0.043424 -2.720165 1.104835
v 0.043424 -2.785933 1.044964
v 0.043424 -3.111164 1.352506
v 0.043424 -3.040921 1.414735
v 0.043424 -3.187692 1.697772
v 0.043424 -3.298478 1.693625
v 0.043424 -3.223907 2.032749
v 0.043424 -3.336980 2.032750
v -0.043440 3.209969 2.344267
v 0.028218 3.358707 2.303420
v 0.043423 3.209969 2.344267
v -0.028235 3.358707 2.303420
v -0.043440 3.165468 2.098382
v -0.028235 3.358707 2.303420
v -0.043440 3.209969 2.344267
v -0.043440 3.129337 1.907013
v -0.043440 3.098815 1.745349
v -0.028235 3.348072 0.801208
v -0.043440 3.010760 1.303362
v -0.043440 2.928413 0.890018
v -0.043440 2.910720 0.801207
v -0.043440 1.925133 0.890018
v -0.043440 1.925132 0.801207
v -0.043440 0.756529 0.890018
v -0.043440 0.756529 0.801207
v -0.043440 -0.070736 0.890018
v -0.043440 -0.070736 0.801207
v -0.043440 -0.818856 0.801207
v -0.043440 -0.818856 0.890019
v -0.043440 -1.643128 0.898829
v -0.043439 -1.643129 0.808904
v -0.043439 -2.281582 0.912446
v -0.043439 -2.281582 0.820801
v -0.043439 -2.720165 1.104835
v -0.043439 -2.785933 1.044964
v -0.043439 -3.040921 1.414735
v -0.043439 -3.111164 1.352506
v -0.043439 -3.187692 1.697772
v -0.043439 -3.298478 1.693625
v -0.043439 -3.223907 2.032749
v -0.043439 -3.336980 2.032750
v -0.043440 3.165468 2.098382
v 0.043423 3.209969 2.344267
v 0.043423 3.165468 2.098382
v -0.043440 3.209969 2.344267
v 0.406077 3.098816 1.745349
v 0.747596 1.925132 1.830487
v 0.447552 3.129339 1.907011
v 0.659539 1.925131 1.493307
v 0.927929 0.756529 1.797660
v 0.844906 0.756529 1.386271
v 0.986105 -0.070736 1.792809
v 0.910763 -0.070736 1.364448
v 0.913044 -0.818856 1.391984
v 0.639509 -0.070736 1.075211
v 0.670145 -0.818856 1.087495
v 0.978802 -0.818855 1.804645
v 0.598308 -1.643128 1.135852
v 0.833026 -1.643129 1.457359
v 0.892331 -1.643129 1.835028
v 0.690031 -2.352133 1.545075
v 0.446409 -2.328629 1.206461
v 0.272310 -2.640828 1.235955
v 0.746237 -2.357578 1.877141
v 0.434605 -2.846202 1.642123
v 0.460471 -2.875175 1.956826
v 0.990473 -2.216999 0.108561
v 0.762955 -2.216999 0.801207
v 0.990468 -2.216999 0.801204
v 0.762958 -2.216998 0.108561
v 0.762959 -2.075639 0.108559
v 0.990471 -2.075641 0.801205
v 0.762955 -2.075641 0.801207
v 0.990477 -2.075643 0.108560
v 0.990471 -2.075641 0.801205
v 0.990473 -2.216999 0.108561
v 0.990468 -2.216999 0.801204
v 0.990477 -2.075643 0.108560
v 0.990471 -2.075641 0.801205
v 0.762955 -2.216999 0.801207
v 0.762955 -2.075641 0.801207
v 0.990468 -2.216999 0.801204
v 0.762959 -2.075639 0.108559
v 0.762955 -2.216999 0.801207
v 0.762958 -2.216998 0.108561
v 0.762955 -2.075641 0.801207
v 0.990473 2.065300 0.108560
v 0.762955 2.065300 0.801207
v 0.990468 2.065300 0.801205
v 0.762958 2.065302 0.108560
v 0.762959 2.206661 0.108560
v 0.990471 2.206659 0.801206
v 0.762955 2.206659 0.801207
v 0.990477 2.206657 0.108560
v 0.990471 2.206659 0.801206
v 0.990473 2.065300 0.108560
v 0.990468 2.065300 0.801205
v 0.990477 2.206657 0.108560
v 0.990471 2.206659 0.801206
v 0.762955 2.065300 0.801207
v 0.762955 2.206659 0.801207
v 0.990468 2.065300 0.801205
v 0.762959 2.206661 0.108560
v 0.762955 2.065300 0.801207
v 0.762958 2.065302 0.108560
v 0.762955 2.206659 0.801207
v 0.922947 2.065300 0.560424
v 0.822405 -2.075642 0.560423
v 0.922947 -2.075642 0.560423
v 0.822405 2.065300 0.560424
v 0.822405 2.065300 0.560424
v 0.822405 -2.075642 0.756486
v 0.822405 -2.075642 0.560423
v 0.822405 2.065300 0.756486
v 0.822405 2.065300 0.756486
v 0.922947 -2.075642 0.756486
v 0.822405 -2.075642 0.756486
v 0.922947 2.065300 0.756486
v 0.922947 2.065300 0.756486
v 0.922947 -2.075642 0.560423
v 0.922947 -2.075642 0.756486
v 0.922947 2.065300 0.560424
v 0.062898 -2.047151 0.168448
v 0.066307 -1.862499 0.260178
v 0.066307 -2.047832 0.260178
v 0.062898 -1.863181 0.168448
v 0.121255 -1.864081 0.108151
v 0.121255 -2.046251 0.108151
v 0.213047 -2.045569 0.108560
v 0.121255 -1.864081 0.108151
v 0.121255 -2.046251 0.108151
v 0.213047 -1.864763 0.108560
v 0.060363 -2.047832 0.359640
v 0.319341 -2.153524 0.359640
v 0.060363 -2.153525 0.359640
v 0.319341 -2.047832 0.359640
v 0.060364 -1.757017 0.359640
v 0.319341 -1.862500 0.359640
v 0.060364 -1.862499 0.359640
v 0.319341 -1.757017 0.359640
v 0.432777 -2.153524 0.095383
v 0.060363 -2.153525 0.359640
v 0.319341 -2.153524 0.359640
v -0.053072 -2.153525 0.095383
v -0.053072 -2.153525 0.095383
v 0.060363 -2.047832 0.359640
v 0.060363 -2.153525 0.359640
v -0.053072 -2.047832 0.095383
v -0.053072 -2.047832 0.095383
v 0.319341 -2.047832 0.359640
v 0.060363 -2.047832 0.359640
v 0.432777 -2.047832 0.095383
v 0.432777 -2.047832 0.095383
v 0.319341 -2.153524 0.359640
v 0.319341 -2.047832 0.359640
v 0.432777 -2.153524 0.095383
v 0.432777 -1.862499 0.095383
v 0.060364 -1.862499 0.359640
v 0.319341 -1.862500 0.359640
v -0.053072 -1.862499 0.095383
v -0.053072 -1.862499 0.095383
v 0.060364 -1.757017 0.359640
v 0.060364 -1.862499 0.359640
v -0.053072 -1.757012 0.095383
v -0.053072 -1.757012 0.095383
v 0.319341 -1.757017 0.359640
v 0.060364 -1.757017 0.359640
v 0.432777 -1.757012 0.095383
v 0.432777 -1.757012 0.095383
v 0.319341 -1.862500 0.359640
v 0.319341 -1.757017 0.359640
v 0.432777 -1.862499 0.095383
v 1.100222 -2.175580 0.421796
v 1.378565 -2.175579 0.095383
v 1.024320 -2.175579 0.095383
v 1.302668 -2.175580 0.421796
v 1.201442 -2.175580 0.463726
v 1.378564 -1.731279 0.095383
v 1.100212 -1.731281 0.421797
v 1.024323 -1.731280 0.095383
v 1.302668 -1.731280 0.421797
v 1.201442 -1.731281 0.463726
v 1.201443 -2.085482 0.463727
v 1.100222 -2.175580 0.421796
v 1.100224 -2.085482 0.421798
v 1.201442 -2.175580 0.463726
v 1.302670 -2.085482 0.421798
v 1.302668 -2.175580 0.421796
v 1.024320 -2.175579 0.095383
v 1.100224 -2.085482 0.421798
v 1.100222 -2.175580 0.421796
v 1.024321 -2.085481 0.095384
v 1.302668 -2.175580 0.421796
v 1.378567 -2.085481 0.095384
v 1.378565 -2.175579 0.095383
v 1.302670 -2.085482 0.421798
v 1.378564 -1.731279 0.095383
v 1.302670 -1.821376 0.421798
v 1.302668 -1.731280 0.421797
v 1.378564 -1.821375 0.095384
v 1.100212 -1.731281 0.421797
v 1.024324 -1.821375 0.095384
v 1.024323 -1.731280 0.095383
v 1.100213 -1.821376 0.421798
v 1.201442 -1.731281 0.463726
v 1.100213 -1.821376 0.421798
v 1.100212 -1.731281 0.421797
v 1.201443 -1.821376 0.463727
v 1.302668 -1.731280 0.421797
v 1.302670 -1.821376 0.421798
v 1.024324 -1.821375 0.095384
v 1.302670 -1.821376 0.421798
v 1.378564 -1.821375 0.095384
v 1.100213 -1.821376 0.421798
v 1.201443 -1.821376 0.463727
v 1.378567 -2.085481 0.095384
v 1.100224 -2.085482 0.421798
v 1.024321 -2.085481 0.095384
v 1.302670 -2.085482 0.421798
v 1.201443 -2.085482 0.463727
v 0.919292 2.053064 1.159341
v 0.066307 1.852164 0.260179
v 0.066307 2.037498 0.260179
v 0.919292 1.836597 1.159341
v 1.130679 2.047480 1.467369
v 1.130679 1.842181 1.467369
v 1.192741 2.041013 1.779869
v 1.192741 1.848647 1.779869
v 1.142339 2.034257 2.125614
v 1.142339 1.855403 2.125614
v 0.983253 2.027970 2.433425
v 0.983253 1.861690 2.433425
v 0.731931 2.021739 2.688983
v 0.731931 1.867920 2.688983
v 1.085263 1.836597 1.034700
v 0.213047 2.035234 0.108561
v 0.213047 1.854427 0.108561
v 1.085263 2.053064 1.034700
v 1.318383 1.842181 1.408615
v 1.318383 2.047480 1.408615
v 1.376051 1.848647 1.779333
v 1.376051 2.041013 1.779333
v 1.306723 1.855403 2.171522
v 1.306723 2.034257 2.171522
v 1.118342 1.861690 2.516364
v 1.118342 2.027970 2.516364
v 0.828470 1.867921 2.800412
v 1.118342 2.027970 2.516364
v 1.118342 1.861690 2.516364
v 0.828470 2.021739 2.800412
v 0.467084 1.873732 3.000821
v 0.467084 2.015927 3.000821
v 0.070762 1.879515 3.120168
v 0.070762 2.010144 3.120168
v 0.411373 2.015928 2.877561
v 0.731931 1.867920 2.688983
v 0.731931 2.021739 2.688983
v 0.411373 1.873732 2.877561
v 0.051754 2.010144 2.996780
v 0.051754 1.879515 2.996780
v 0.467084 1.873732 3.000821
v 0.051754 1.879515 2.996780
v 0.070762 1.879515 3.120168
v 0.411373 1.873732 2.877561
v 0.828470 1.867921 2.800412
v 0.731931 1.867920 2.688983
v 1.118342 1.861690 2.516364
v 0.983253 1.861690 2.433425
v 1.306723 1.855403 2.171522
v 1.142339 1.855403 2.125614
v 1.376051 1.848647 1.779333
v 1.192741 1.848647 1.779869
v 1.318383 1.842181 1.408615
v 1.130679 1.842181 1.467369
v 1.085263 1.836597 1.034700
v 0.919292 1.836597 1.159341
v 0.213047 1.854427 0.108561
v 0.066307 1.852164 0.260179
v 0.121255 1.853746 0.108152
v 0.062898 1.852846 0.168449
v 0.411373 2.015928 2.877561
v 0.070762 2.010144 3.120168
v 0.051754 2.010144 2.996780
v 0.467084 2.015927 3.000821
v 0.731931 2.021739 2.688983
v 0.828470 2.021739 2.800412
v 0.983253 2.027970 2.433425
v 1.118342 2.027970 2.516364
v 1.142339 2.034257 2.125614
v 1.306723 2.034257 2.171522
v 1.192741 2.041013 1.779869
v 1.376051 2.041013 1.779333
v 1.130679 2.047480 1.467369
v 1.318383 2.047480 1.408615
v 0.919292 2.053064 1.159341
v 1.085263 2.053064 1.034700
v 0.213047 2.035234 0.108561
v 0.066307 2.037498 0.260179
v 0.062898 2.036815 0.168449
v 0.121255 2.035915 0.108152
v 0.070762 1.879515 3.120168
v 0.051754 2.010144 2.996780
v 0.070762 2.010144 3.120168
v 0.051754 1.879515 2.996780
v 0.062898 1.852846 0.168449
v 0.066307 2.037498 0.260179
v 0.066307 1.852164 0.260179
v 0.062898 2.036815 0.168449
v 0.121255 2.035915 0.108152
v 0.121255 1.853746 0.108152
v 0.213047 1.854427 0.108561
v 0.121255 2.035915 0.108152
v 0.121255 1.853746 0.108152
v 0.213047 2.035234 0.108561
v 0.060363 1.852165 0.359640
v 0.319341 1.746473 0.359640
v 0.060363 1.746472 0.359640
v 0.319341 1.852165 0.359640
v 0.060364 2.142980 0.359640
v 0.319341 2.037497 0.359640
v 0.060364 2.037497 0.359640
v 0.319341 2.142980 0.359640
v 0.432777 1.746474 0.095383
v 0.060363 1.746472 0.359640
v 0.319341 1.746473 0.359640
v -0.053072 1.746472 0.095383
v -0.053072 1.746472 0.095383
v 0.060363 1.852165 0.359640
v 0.060363 1.746472 0.359640
v -0.053072 1.852165 0.095383
v -0.053072 1.852165 0.095383
v 0.319341 1.852165 0.359640
v 0.060363 1.852165 0.359640
v 0.432777 1.852165 0.095383
v 0.432777 1.852165 0.095383
v 0.319341 1.746473 0.359640
v 0.319341 1.852165 0.359640
v 0.432777 1.746474 0.095383
v 0.432777 2.037497 0.095383
v 0.060364 2.037497 0.359640
v 0.319341 2.037497 0.359640
v -0.053072 2.037498 0.095383
v -0.053072 2.037498 0.095383
v 0.060364 2.142980 0.359640
v 0.060364 2.037497 0.359640
v -0.053072 2.142985 0.095383
v -0.053072 2.142985 0.095383
v 0.319341 2.142980 0.359640
v 0.060364 2.142980 0.359640
v 0.432777 2.142984 0.095383
v 0.432777 2.142984 0.095383
v 0.319341 2.037497 0.359640
v 0.319341 2.142980 0.359640
v 0.432777 2.037497 0.095383
v 1.100222 1.724416 0.421797
v 1.378565 1.724417 0.095384
v 1.024320 1.724417 0.095384
v 1.302668 1.724416 0.421797
v 1.201442 1.724416 0.463726
v 1.378564 2.168717 0.095384
v 1.100212 2.168716 0.421797
v 1.024323 2.168717 0.095384
v 1.302668 2.168716 0.421797
v 1.201442 2.168716 0.463727
v 1.201443 1.814514 0.463727
v 1.100222 1.724416 0.421797
v 1.100224 1.814514 0.421798
v 1.201442 1.724416 0.463726
v 1.302670 1.814514 0.421798
v 1.302668 1.724416 0.421797
v 1.024320 1.724417 0.095384
v 1.100224 1.814514 0.421798
v 1.100222 1.724416 0.421797
v 1.024321 1.814515 0.095384
v 1.302668 1.724416 0.421797
v 1.378567 1.814515 0.095384
v 1.378565 1.724417 0.095384
v 1.302670 1.814514 0.421798
v 1.378564 2.168717 0.095384
v 1.302670 2.078620 0.421798
v 1.302668 2.168716 0.421797
v 1.378564 2.078621 0.095384
v 1.100212 2.168716 0.421797
v 1.024324 2.078621 0.095384
v 1.024323 2.168717 0.095384
v 1.100213 2.078620 0.421798
v 1.201442 2.168716 0.463727
v 1.100213 2.078620 0.421798
v 1.100212 2.168716 0.421797
v 1.201443 2.078620 0.463728
v 1.302668 2.168716 0.421797
v 1.302670 2.078620 0.421798
v 1.024324 2.078621 0.095384
v 1.302670 2.078620 0.421798
v 1.378564 2.078621 0.095384
v 1.100213 2.078620 0.421798
v 1.201443 2.078620 0.463728
v 1.378567 1.814515 0.095384
v 1.100224 1.814514 0.421798
v 1.024321 1.814515 0.095384
v 1.302670 1.814514 0.421798
v 1.201443 1.814514 0.463727
v -0.030808 -1.913489 3.110806
v 0.053958 -1.997202 3.159746
v -0.030809 -1.997201 3.110806
v 0.053958 -1.913480 3.159746
v 0.138725 -1.997202 3.110806
v 0.138725 -1.913480 3.110806
v -0.030809 -1.997201 3.110806
v -0.030809 -1.913489 3.012923
v -0.030808 -1.913489 3.110806
v -0.030809 -1.997202 3.012923
v -0.030809 -1.997202 3.012923
v 0.053958 -1.913480 2.963984
v -0.030809 -1.913489 3.012923
v 0.053957 -1.997202 2.963984
v 0.138724 -1.913480 3.012923
v 0.138724 -1.997202 3.012923
v 0.138724 -1.997202 3.012923
v 0.138725 -1.913480 3.110806
v 0.138724 -1.913480 3.012923
v 0.138725 -1.997202 3.110806
v 1.212337 -1.913489 1.451903
v 1.297102 -1.997202 1.500844
v 1.212336 -1.997201 1.451904
v 1.297103 -1.913480 1.500844
v 1.381870 -1.997202 1.451904
v 1.381870 -1.913480 1.451903
v 1.212336 -1.997201 1.451904
v 1.212336 -1.913489 1.354021
v 1.212337 -1.913489 1.451903
v 1.212335 -1.997202 1.354021
v 1.212335 -1.997202 1.354021
v 1.297102 -1.913480 1.305081
v 1.212336 -1.913489 1.354021
v 1.297101 -1.997202 1.305081
v 1.381869 -1.913480 1.354021
v 1.381869 -1.997202 1.354021
v 1.381869 -1.997202 1.354021
v 1.381870 -1.913480 1.451903
v 1.381869 -1.913480 1.354021
v 1.381870 -1.997202 1.451904
v -0.030808 1.986507 3.110806
v 0.053958 1.902795 3.159746
v -0.030809 1.902795 3.110806
v 0.053958 1.986516 3.159746
v 0.138725 1.902794 3.110806
v 0.138725 1.986517 3.110806
v -0.030809 1.902795 3.110806
v -0.030809 1.986507 3.012924
v -0.030808 1.986507 3.110806
v -0.030809 1.902794 3.012924
v -0.030809 1.902794 3.012924
v 0.053958 1.986517 2.963984
v -0.030809 1.986507 3.012924
v 0.053957 1.902795 2.963984
v 0.138724 1.986516 3.012924
v 0.138724 1.902794 3.012924
v 0.138724 1.902794 3.012924
v 0.138725 1.986517 3.110806
v 0.138724 1.986516 3.012924
v 0.138725 1.902794 3.110806
v 1.212337 1.986508 1.451904
v 1.297102 1.902795 1.500844
v 1.212336 1.902795 1.451904
v 1.297103 1.986516 1.500844
v 1.381870 1.902795 1.451904
v 1.381870 1.986517 1.451904
v 1.212336 1.902795 1.451904
v 1.212336 1.986508 1.354022
v 1.212337 1.986508 1.451904
v 1.212335 1.902795 1.354022
v 1.212335 1.902795 1.354022
v 1.297102 1.986517 1.305082
v 1.212336 1.986508 1.354022
v 1.297101 1.902795 1.305082
v 1.381869 1.986517 1.354022
v 1.381869 1.902795 1.354022
v 1.381869 1.902795 1.354022
v 1.381870 1.986517 1.451904
v 1.381869 1.986517 1.354022
v 1.381870 1.902795 1.451904
v 0.053958 -1.997202 3.159746
v 0.138725 -1.997202 3.110806
v 0.053957 -1.997197 3.061864
v -0.030809 -1.997201 3.110806
v 0.138724 -1.997202 3.012923
v -0.030809 -1.997202 3.012923
v 0.053957 -1.997202 2.963984
v 1.297102 -1.997202 1.500844
v 1.381870 -1.997202 1.451904
v 1.297101 -1.997197 1.402962
v 1.212336 -1.997201 1.451904
v 1.381869 -1.997202 1.354021
v 1.212335 -1.997202 1.354021
v 1.297101 -1.997202 1.305081
v 0.053958 1.902795 3.159746
v 0.138725 1.902794 3.110806
v 0.053957 1.902799 3.061865
v -0.030809 1.902795 3.110806
v 0.138724 1.902794 3.012924
v -0.030809 1.902794 3.012924
v 0.053957 1.902795 2.963984
v 1.297102 1.902795 1.500844
v 1.381870 1.902795 1.451904
v 1.297101 1.902799 1.402963
v 1.212336 1.902795 1.451904
v 1.381869 1.902795 1.354022
v 1.212335 1.902795 1.354022
v 1.297101 1.902795 1.305082
v 0.138725 -1.913480 3.110806
v 0.053958 -1.913480 3.159746
v 0.053958 -1.913480 3.061865
v 0.138724 -1.913480 3.012923
v -0.030808 -1.913489 3.110806
v 0.053958 -1.913480 2.963984
v -0.030809 -1.913489 3.012923
v 1.381870 -1.913480 1.451903
v 1.297103 -1.913480 1.500844
v 1.297102 -1.913480 1.402963
v 1.381869 -1.913480 1.354021
v 1.212337 -1.913489 1.451903
v 1.297102 -1.913480 1.305081
v 1.212336 -1.913489 1.354021
v 0.138725 1.986517 3.110806
v 0.053958 1.986516 3.159746
v 0.053958 1.986517 3.061865
v 0.138724 1.986516 3.012924
v -0.030808 1.986507 3.110806
v 0.053958 1.986517 2.963984
v -0.030809 1.986507 3.012924
v 1.381870 1.986517 1.451904
v 1.297103 1.986516 1.500844
v 1.297102 1.986517 1.402963
v 1.381869 1.986517 1.354022
v 1.212337 1.986508 1.451904
v 1.297102 1.986517 1.305082
v 1.212336 1.986508 1.354022
v 0.017810 -1.961702 3.041714
v 0.004027 -1.947919 1.329719
v 0.017810 -1.961702 1.329719
v 0.004027 -1.947918 3.041714
v -0.009756 -1.961702 1.329719
v -0.009756 -1.961702 3.041714
v -0.009756 -1.961702 3.041714
v 0.004027 -1.975485 1.329719
v -0.009756 -1.961702 1.329719
v 0.004027 -1.975484 3.041714
v 0.017810 -1.961702 1.329719
v 0.017810 -1.961702 3.041714
v 0.841044 2.112440 0.781222
v 0.774497 2.110099 2.076310
v 0.882909 2.110858 0.785866
v 0.736790 2.111706 2.034189
v -0.796707 2.110099 2.076310
v -0.759003 2.111706 2.034189
v -0.643311 2.110426 1.489911
v -0.617304 2.112022 1.529404
v -0.074462 2.110859 0.773312
v -0.043991 2.112442 0.802395
v 0.819829 2.112442 0.519393
v 0.789358 2.110859 0.490310
v 0.775911 2.152221 2.077917
v 0.882909 2.110858 0.785866
v 0.774497 2.110099 2.076310
v 0.884479 2.152981 0.786067
v 0.884479 2.152981 0.786067
v 0.738204 2.153827 2.035795
v 0.842614 2.154562 0.781423
v 0.775911 2.152221 2.077917
v -0.760417 2.153827 2.035795
v -0.798120 2.152220 2.077916
v -0.644313 2.152547 1.488430
v -0.618306 2.154144 1.527923
v -0.075625 2.152981 0.772239
v -0.045154 2.154564 0.801322
v 0.788194 2.152981 0.489237
v 0.818665 2.154564 0.518319
v 0.736790 2.111706 2.034189
v 0.842614 2.154562 0.781423
v 0.738204 2.153827 2.035795
v 0.841044 2.112440 0.781222
v -0.798120 2.152220 2.077916
v 0.774497 2.110099 2.076310
v -0.796707 2.110099 2.076310
v 0.775911 2.152221 2.077917
v -0.759003 2.111706 2.034189
v 0.738204 2.153827 2.035795
v -0.760417 2.153827 2.035795
v 0.736790 2.111706 2.034189
v -0.796707 2.110099 2.076310
v -0.644313 2.152547 1.488430
v -0.798120 2.152220 2.077916
v -0.643311 2.110426 1.489911
v -0.074462 2.110859 0.773312
v -0.075625 2.152981 0.772239
v -0.618306 2.154144 1.527923
v -0.759003 2.111706 2.034189
v -0.760417 2.153827 2.035795
v -0.617304 2.112022 1.529404
v -0.045154 2.154564 0.801322
v -0.043991 2.112442 0.802395
v 0.845499 -2.169951 0.783066
v 0.856593 -2.169468 2.100110
v 0.887048 -2.162935 0.784173
v 0.816084 -2.176262 2.058510
v -0.854206 -2.169469 2.100110
v -0.813701 -2.176263 2.058510
v -0.770574 -2.166659 1.500744
v -0.736609 -2.173549 1.534042
v -0.515910 -2.165039 1.173873
v -0.478646 -2.171984 1.192204
v -0.070821 -2.162935 0.786333
v -0.043263 -2.169951 0.817448
v 0.815915 -2.169951 0.517598
v 0.788357 -2.162935 0.486484
v 0.849749 -2.127868 2.093317
v 0.887048 -2.162935 0.784173
v 0.856593 -2.169468 2.100110
v 0.880028 -2.121372 0.784220
v 0.880028 -2.121372 0.784220
v 0.809240 -2.134661 2.051716
v 0.838479 -2.128388 0.783114
v 0.849749 -2.127868 2.093317
v -0.806857 -2.134662 2.051716
v -0.847362 -2.127868 2.093317
v -0.765062 -2.125075 1.506430
v -0.731097 -2.131964 1.539729
v -0.509742 -2.123464 1.177107
v -0.472478 -2.130409 1.195437
v -0.066345 -2.121372 0.791741
v -0.038787 -2.128388 0.822856
v 0.792833 -2.121372 0.491891
v 0.820391 -2.128388 0.523007
v 0.816084 -2.176262 2.058510
v 0.838479 -2.128388 0.783114
v 0.809240 -2.134661 2.051716
v 0.845499 -2.169951 0.783066
v -0.847362 -2.127868 2.093317
v 0.856593 -2.169468 2.100110
v -0.854206 -2.169469 2.100110
v 0.849749 -2.127868 2.093317
v -0.813701 -2.176263 2.058510
v 0.809240 -2.134661 2.051716
v -0.806857 -2.134662 2.051716
v 0.816084 -2.176262 2.058510
v -0.770574 -2.166659 1.500744
v -0.847362 -2.127868 2.093317
v -0.854206 -2.169469 2.100110
v -0.765062 -2.125075 1.506430
v -0.515910 -2.165039 1.173873
v -0.509742 -2.123464 1.177107
v -0.806857 -2.134662 2.051716
v -0.736609 -2.173549 1.534042
v -0.813701 -2.176263 2.058510
v -0.731097 -2.131964 1.539729
v -0.472478 -2.130409 1.195437
v -0.478646 -2.171984 1.192204
v -0.070821 -2.162935 0.786333
v -0.509742 -2.123464 1.177107
v -0.515910 -2.165039 1.173873
v -0.066345 -2.121372 0.791741
v 0.788357 -2.162935 0.486484
v 0.792833 -2.121372 0.491891
v -0.472478 -2.130409 1.195437
v -0.043263 -2.169951 0.817448
v -0.478646 -2.171984 1.192204
v -0.038787 -2.128388 0.822856
v 0.820391 -2.128388 0.523007
v 0.815915 -2.169951 0.517598
v 1.368406 -1.961702 1.359130
v 1.285798 -1.947919 0.338119
v 1.299528 -1.961702 0.336917
v 1.354675 -1.947918 1.360331
v 1.272067 -1.961702 0.339320
v 1.340945 -1.961702 1.361532
v 1.340945 -1.961702 1.361532
v 1.285797 -1.975485 0.338118
v 1.272067 -1.961702 0.339320
v 1.354675 -1.975484 1.360331
v 1.299528 -1.961702 0.336917
v 1.368406 -1.961702 1.359130
v 1.201448 -2.085469 0.441623
v 1.278794 -1.821387 0.409588
v 1.278792 -2.085469 0.409588
v 1.201448 -1.821387 0.441624
v 1.124108 -2.085469 0.409588
v 1.124110 -1.821387 0.409588
v 1.310826 -1.821387 0.332248
v 1.278792 -2.085469 0.409588
v 1.278794 -1.821387 0.409588
v 1.310826 -2.085469 0.332248
v 1.278794 -1.821387 0.254906
v 1.278794 -2.085469 0.254906
v 1.201448 -1.821387 0.222871
v 1.278794 -2.085469 0.254906
v 1.278794 -1.821387 0.254906
v 1.201448 -2.085469 0.222871
v 1.124111 -1.821387 0.254906
v 1.124110 -2.085469 0.254906
v 1.092071 -1.821387 0.332248
v 1.124110 -2.085469 0.254906
v 1.124111 -1.821387 0.254906
v 1.092071 -2.085469 0.332248
v 1.124110 -1.821387 0.409588
v 1.124108 -2.085469 0.409588
v -0.075625 2.152981 0.772239
v 0.789358 2.110859 0.490310
v 0.788194 2.152981 0.489237
v -0.074462 2.110859 0.773312
v -0.043991 2.112442 0.802395
v 0.818665 2.154564 0.518319
v 0.819829 2.112442 0.519393
v -0.045154 2.154564 0.801322
v 1.368406 1.938296 1.359130
v 1.285798 1.952078 0.338119
v 1.299528 1.938294 0.336918
v 1.354675 1.952078 1.360331
v 1.272067 1.938294 0.339320
v 1.340945 1.938296 1.361533
v 1.340945 1.938296 1.361533
v 1.285797 1.924511 0.338119
v 1.272067 1.938294 0.339320
v 1.354675 1.924512 1.360331
v 1.299528 1.938294 0.336918
v 1.368406 1.938296 1.359130
v 1.201448 1.814528 0.441624
v 1.278794 2.078609 0.409589
v 1.278792 1.814528 0.409588
v 1.201448 2.078609 0.441625
v 1.124108 1.814528 0.409588
v 1.124110 2.078609 0.409589
v 1.310826 2.078609 0.332249
v 1.278792 1.814528 0.409588
v 1.278794 2.078609 0.409589
v 1.310826 1.814528 0.332249
v 1.278794 2.078610 0.254906
v 1.278794 1.814528 0.254906
v 1.201448 2.078610 0.222871
v 1.278794 1.814528 0.254906
v 1.278794 2.078610 0.254906
v 1.201448 1.814528 0.222871
v 1.124111 2.078610 0.254906
v 1.124110 1.814528 0.254906
v 1.092071 2.078609 0.332249
v 1.124110 1.814528 0.254906
v 1.124111 2.078610 0.254906
v 1.092071 1.814528 0.332249
v 1.124110 2.078609 0.409589
v 1.124108 1.814528 0.409588
v 0.017810 1.938295 3.041713
v 0.004027 1.952077 1.329720
v 0.017810 1.938295 1.329720
v 0.004027 1.952079 3.041713
v -0.009756 1.938295 1.329720
v -0.009756 1.938295 3.041713
v -0.009756 1.938295 3.041713
v 0.004027 1.924512 1.329720
v -0.009756 1.938295 1.329720
v 0.004027 1.924512 3.041713
v 0.017810 1.938295 1.329720
v 0.017810 1.938295 3.041713
v -0.043439 -3.244596 2.224119
v -0.043439 -3.358707 2.224119
v 0.797574 1.925132 2.021857
v 0.496648 3.165473 2.098381
v 0.966550 0.756529 1.989030
v 1.019765 -0.070736 1.984179
v 1.009298 -0.818856 1.996015
v 0.922382 -1.643129 2.026398
v 0.778628 -2.360716 2.068511
v 0.476201 -2.892792 2.148195
v 0.476201 -2.892792 2.148195
v 0.043424 -3.244596 2.224119
v 0.043424 -3.244596 2.224119
v 0.043424 -3.358707 2.224119
v 0.043423 3.165468 2.098382
v 0.496648 3.165473 2.098381
v -0.797579 1.925131 2.021857
v -0.496653 3.165473 2.098381
v -0.966554 0.756529 1.989030
v -1.019769 -0.070736 1.984178
v -1.009302 -0.818856 1.996015
v -0.922386 -1.643129 2.026397
v -0.778632 -2.360716 2.068510
v -0.476204 -2.892792 2.148195
v -0.476204 -2.892792 2.148195
v -0.043439 -3.244596 2.224119
v -0.043439 -3.358707 2.224119
v 0.043424 -3.358707 2.224119
v -0.043440 3.165468 2.098382
v -0.496653 3.165473 2.098381
v -0.391793 1.925131 1.526349
v -0.439541 2.978075 2.077389
v -0.201742 2.908702 1.749883
v -0.689722 1.925131 2.008765
v -0.865997 0.756529 1.973261
v -0.581714 0.756529 1.372353
v -0.661243 -0.070736 1.325199
v -0.921532 -0.070736 1.967434
v -0.910048 -0.818856 1.978865
v -0.678861 -0.818856 1.335640
v -0.595260 -1.643129 1.382472
v -0.819506 -1.643129 2.010982
v -0.460904 -2.245410 1.440662
v -0.693980 -2.266028 2.049540
v -0.416159 -2.754586 2.125161
v -0.269683 -2.592445 1.470878
v -0.269683 -2.592445 1.470878
v 0.000000 -3.078202 2.196026
v -0.416159 -2.754586 2.125161
v 0.000000 -2.898494 1.479536
v 0.269679 -2.592445 1.470878
v 0.416155 -2.754586 2.125161
v -0.201742 2.908702 1.749883
v -0.439541 2.978075 2.077389
v -0.000052 2.978075 2.077389
v 0.201737 2.908702 1.749883
v 0.439536 2.978076 2.077389
v 0.391788 1.925131 1.526349
v -0.201742 2.908702 1.749883
v 0.201737 2.908702 1.749883
v -0.391793 1.925131 1.526349
v 0.581710 0.756529 1.372353
v -0.581714 0.756529 1.372353
v -0.661243 -0.070736 1.325199
v 0.661238 -0.070736 1.325199
v 0.678858 -0.818856 1.335640
v -0.678861 -0.818856 1.335640
v 0.595257 -1.643129 1.382472
v -0.595260 -1.643129 1.382472
v -0.460904 -2.245410 1.440662
v 0.460900 -2.245410 1.440662
v -0.269683 -2.592445 1.470878
v 0.269679 -2.592445 1.470878
v 0.000000 -2.898494 1.479536
v 0.439536 2.978076 2.077389
v 0.391788 1.925131 1.526349
v 0.201737 2.908702 1.749883
v 0.689717 1.925131 2.008765
v 0.865992 0.756529 1.973261
v 0.581710 0.756529 1.372353
v 0.921528 -0.070736 1.967434
v 0.661238 -0.070736 1.325199
v 0.910044 -0.818856 1.978865
v 0.678858 -0.818856 1.335640
v 0.819502 -1.643129 2.010982
v 0.595257 -1.643129 1.382472
v 0.460900 -2.245410 1.440662
v 0.693976 -2.266028 2.049540
v 0.416155 -2.754586 2.125161
v 0.269679 -2.592445 1.470878
v 0.025883 2.314616 2.137764
v -0.025987 2.316206 2.189609
v 0.025883 2.316207 2.189609
v -0.025987 2.314616 2.137764
v 0.034817 3.210169 2.101349
v -0.025987 2.314616 2.137764
v 0.025883 2.314616 2.137764
v -0.034923 3.210169 2.101349
v -0.034923 3.210169 2.101349
v -0.025987 2.316206 2.189609
v -0.025987 2.314616 2.137764
v -0.034923 3.212328 2.171055
v -0.034923 3.212328 2.171055
v 0.025883 2.316207 2.189609
v -0.025987 2.316206 2.189609
v 0.034817 3.212328 2.171055
v 0.034817 3.212328 2.171055
v 0.025883 2.314616 2.137764
v 0.025883 2.316207 2.189609
v 0.034817 3.210169 2.101349
v -0.840393 1.105901 1.904995
v 0.883993 0.796843 1.897267
v -0.883997 0.796843 1.897266
v 0.840389 1.105901 1.904995
v -0.924558 0.303774 1.891864
v 0.946875 -0.005397 1.891244
v -0.946879 -0.005398 1.891244
v 0.924554 0.303774 1.891864
v -0.855779 -1.603320 1.926868
v 0.893402 -1.294148 1.916430
v 0.855775 -1.603320 1.926868
v -0.893406 -1.294148 1.916430
v -0.840393 1.106983 1.813208
v 0.840389 1.105901 1.904995
v -0.840393 1.105901 1.904995
v 0.840389 1.106983 1.813208
v -0.951480 -0.793511 1.808066
v 0.951476 -0.792994 1.899863
v 0.951476 -0.793511 1.808066
v -0.951480 -0.792994 1.899863
v -0.924558 0.303860 1.800064
v 0.924554 0.303774 1.891864
v -0.924558 0.303774 1.891864
v 0.924554 0.303861 1.800064
v -0.893406 -1.295608 1.824654
v 0.893402 -1.294148 1.916430
v -0.893406 -1.294148 1.916430
v 0.893402 -1.295608 1.824655
v -0.414361 1.895119 1.840513
v 0.414356 1.893290 1.932275
v -0.414361 1.893290 1.932274
v 0.414356 1.895119 1.840513
v -0.261286 2.779661 1.888678
v 0.261281 2.776904 1.980390
v 0.261281 2.779662 1.888678
v -0.261286 2.776904 1.980390
v -0.773412 1.586168 1.827079
v 0.773408 1.584340 1.918841
v 0.773408 1.586168 1.827079
v -0.773412 1.584339 1.918841
v -0.261286 2.779661 1.888678
v -0.414361 1.893290 1.932274
v -0.261286 2.776904 1.980390
v -0.414361 1.895119 1.840513
v -0.951480 -0.792994 1.899863
v 0.950864 -0.483701 1.896169
v 0.951476 -0.792994 1.899863
v -0.950869 -0.483701 1.896169
v 0.883993 0.796843 1.897267
v -0.883997 0.797924 1.805480
v -0.883997 0.796843 1.897266
v 0.883993 0.797925 1.805480
v -0.950869 -0.484218 1.804372
v 0.950864 -0.483701 1.896169
v -0.950869 -0.483701 1.896169
v 0.950864 -0.484218 1.804372
v 0.946875 -0.005397 1.891244
v -0.946879 -0.005311 1.799443
v -0.946879 -0.005398 1.891244
v 0.946875 -0.005311 1.799444
v 0.855775 -1.603320 1.926868
v -0.855779 -1.604780 1.835093
v -0.855779 -1.603320 1.926868
v 0.855775 -1.604780 1.835093
v 0.261281 2.779662 1.888678
v 0.414356 1.893290 1.932275
v 0.414356 1.895119 1.840513
v 0.261281 2.776904 1.980390
v -0.646630 -2.504457 1.990181
v -0.763571 -2.138178 1.950062
v -0.000000 -2.138178 1.950062
v 0.000000 -3.171723 2.063270
v 0.646626 -2.504456 1.990181
v 0.763568 -2.138178 1.950062
v -0.763571 -2.138178 1.859999
v -0.000000 -2.138178 1.950062
v -0.763571 -2.138178 1.950062
v -0.000000 -2.138178 1.859999
v 0.763568 -2.138178 1.859999
v 0.763568 -2.138178 1.950062
v -0.439541 2.978075 2.077389
v -0.797579 1.925131 2.021857
v -0.496653 3.165473 2.098381
v -0.043440 3.165468 2.098382
v -0.689722 1.925131 2.008765
v -0.000052 2.978075 2.077389
v 0.043423 3.165468 2.098382
v -0.966554 0.756529 1.989030
v -0.865997 0.756529 1.973261
v 0.439536 2.978076 2.077389
v 0.496648 3.165473 2.098381
v 0.797574 1.925132 2.021857
v 0.689717 1.925131 2.008765
v 0.966550 0.756529 1.989030
v 0.865992 0.756529 1.973261
v -0.921532 -0.070736 1.967434
v -1.019769 -0.070736 1.984178
v 1.019765 -0.070736 1.984179
v 0.921528 -0.070736 1.967434
v -1.009302 -0.818856 1.996015
v -0.910048 -0.818856 1.978865
v -0.819506 -1.643129 2.010982
v -0.922386 -1.643129 2.026397
v -0.693980 -2.266028 2.049540
v -0.778632 -2.360716 2.068510
v -0.416159 -2.754586 2.125161
v -0.476204 -2.892792 2.148195
v 0.910044 -0.818856 1.978865
v 1.009298 -0.818856 1.996015
v 0.000000 -3.078202 2.196026
v 0.922382 -1.643129 2.026398
v 0.819502 -1.643129 2.010982
v 0.693976 -2.266028 2.049540
v 0.778628 -2.360716 2.068511
v 0.416155 -2.754586 2.125161
v 0.476201 -2.892792 2.148195
v -0.460018 3.050215 1.997390
v 0.261281 2.776904 1.980390
v -0.261286 2.776904 1.980390
v -0.414361 1.893290 1.932274
v 0.460013 3.050216 1.997390
v -0.773412 1.584339 1.918841
v 0.414356 1.893290 1.932275
v 0.773408 1.584340 1.918841
v -0.109740 -2.207354 -0.000000
v 1.414264 -2.207353 0.095383
v 1.414264 -2.207353 -0.000000
v -0.109740 -2.207354 0.095383
v 1.414264 -2.207353 -0.000000
v 1.414264 -1.705369 0.095383
v 1.414264 -1.705369 0.000000
v 1.414264 -2.207353 0.095383
v -0.109740 -2.207354 0.095383
v -0.109740 -1.705370 -0.000000
v -0.109740 -1.705370 0.095383
v -0.109740 -2.207354 -0.000000
v 1.414264 -2.207353 0.095383
v -0.109740 -1.705370 0.095383
v 1.414264 -1.705369 0.095383
v -0.109740 -2.207354 0.095383
v -0.109740 -1.705370 -0.000000
v 1.414264 -1.705369 0.095383
v -0.109740 -1.705370 0.095383
v 1.414264 -1.705369 0.000000
v -0.109740 1.692643 0.000000
v 1.414264 1.692643 0.095384
v 1.414264 1.692644 0.000000
v -0.109740 1.692643 0.095383
v 1.414264 1.692644 0.000000
v 1.414264 2.194627 0.095384
v 1.414264 2.194628 0.000000
v 1.414264 1.692643 0.095384
v -0.109740 1.692643 0.095383
v -0.109740 2.194627 0.000000
v -0.109740 2.194627 0.095384
v -0.109740 1.692643 0.000000
v 1.414264 1.692643 0.095384
v -0.109740 2.194627 0.095384
v 1.414264 2.194627 0.095384
v -0.109740 1.692643 0.095383
v -0.109740 2.194627 0.000000
v 1.414264 2.194627 0.095384
v -0.109740 2.194627 0.095384
v 1.414264 2.194628 0.000000
vn -0.7255 -0.0000 0.6882
vn -0.7774 -0.0000 0.6290
vn -0.9207 -0.0000 0.3904
vn -0.9996 -0.0000 0.0278
vn -0.9527 -0.0000 -0.3040
vn -0.8108 -0.0000 -0.5854
vn -0.6164 -0.0000 -0.7874
vn 0.7280 -0.0000 -0.6856
vn 0.7922 -0.0000 -0.6103
vn 0.9367 -0.0000 -0.3503
vn 1.0000 -0.0000 0.0085
vn 0.9442 -0.0000 0.3295
vn 0.7984 -0.0000 0.6022
vn 0.7983 -0.0000 0.6022
vn 0.5988 -0.0000 0.8009
vn 0.3898 -0.0000 0.9209
vn 0.2883 -0.0000 0.9575
vn -0.6164 -0.0000 -0.7875
vn -0.4141 -0.0000 -0.9102
vn -0.3147 -0.0000 -0.9492
vn -0.0139 -0.9999 0.0021
vn -0.0140 -0.9999 0.0029
vn -0.0134 -0.9999 0.0056
vn -0.0133 -0.9999 0.0065
vn -0.0119 -0.9999 0.0097
vn -0.0116 -0.9999 0.0108
vn -0.0091 -0.9999 0.0137
vn -0.0085 -0.9999 0.0150
vn -0.0052 -0.9998 0.0165
vn -0.0042 -0.9998 0.0175
vn -0.0006 -0.9998 0.0180
vn 0.0010 -0.9998 0.0188
vn 0.0040 -0.9999 0.0158
vn 0.0057 -0.9999 0.0157
vn -0.0005 -1.0000 0.0005
vn 0.0004 -1.0000 -0.0002
vn 0.0013 -0.9999 -0.0129
vn 0.0017 -0.9999 -0.0133
vn 0.0075 -0.9999 -0.0077
vn -0.0153 0.9999 0.0024
vn -0.0147 0.9999 0.0031
vn -0.0138 0.9999 0.0058
vn -0.0132 0.9999 0.0065
vn -0.0123 0.9999 0.0101
vn -0.0114 0.9999 0.0108
vn -0.0094 0.9999 0.0142
vn -0.0082 0.9999 0.0146
vn -0.0054 0.9998 0.0172
vn -0.0040 0.9998 0.0171
vn -0.0006 0.9998 0.0192
vn 0.0010 0.9998 0.0182
vn 0.0042 0.9999 0.0163
vn 0.0054 0.9999 0.0150
vn -0.0006 1.0000 -0.0004
vn -0.0003 1.0000 -0.0005
vn 0.0013 0.9999 -0.0129
vn 0.0017 0.9999 -0.0133
vn 0.0075 0.9999 -0.0077
vn -0.9883 -0.0000 0.1523
vn -0.9274 0.2457 -0.2822
vn -0.7909 0.2814 -0.5434
vn -0.9471 0.2033 -0.2483
vn -0.7995 0.2302 -0.5547
vn -0.9732 0.1160 -0.1985
vn -0.8579 0.1372 -0.4952
vn -0.8895 0.0387 -0.4553
vn -0.9845 0.0292 -0.1728
vn -0.9102 -0.0601 -0.4097
vn -0.5152 0.0418 -0.8561
vn -0.9856 -0.0612 -0.1576
vn -0.5575 -0.0449 -0.8290
vn -0.9093 -0.1690 -0.3803
vn -0.9751 -0.1593 -0.1543
vn -0.6110 -0.1410 -0.7789
vn -0.8624 -0.3509 -0.3648
vn -0.6528 -0.2952 -0.6976
vn -0.6094 -0.4824 -0.6293
vn -0.9229 -0.3511 -0.1582
vn -0.7099 -0.6223 -0.3298
vn -0.7569 -0.6426 -0.1194
vn -0.6247 -0.7759 -0.0882
vn -0.7568 -0.6427 -0.1194
vn -0.6418 -0.7281 -0.2406
vn -0.6093 -0.4824 -0.6292
vn -0.7306 -0.5794 -0.3613
vn -0.7908 0.2814 -0.5435
vn -0.7250 0.2920 -0.6237
vn -0.7995 0.2302 -0.5548
vn -0.5839 0.2196 -0.7816
vn -0.8578 0.1372 -0.4953
vn -0.5053 0.1255 -0.8538
vn -0.8041 0.1016 -0.5857
vn -0.4824 0.0825 -0.8720
vn -0.5151 0.0418 -0.8561
vn -0.3512 0.0155 -0.9362
vn -0.6705 0.0681 -0.7388
vn -0.4408 -0.0000 -0.8976
vn -0.5574 -0.0449 -0.8290
vn -0.4012 0.0004 -0.9160
vn -0.3428 -0.0112 -0.9394
vn -0.6110 -0.1409 -0.7790
vn -0.4120 -0.0448 -0.9101
vn -0.3865 -0.0147 -0.9222
vn -0.6528 -0.2951 -0.6977
vn -0.5602 -0.1802 -0.8085
vn -0.6093 -0.4824 -0.6293
vn -0.5560 -0.4611 -0.6915
vn -0.7305 -0.5794 -0.3614
vn -0.4825 0.0826 -0.8720
vn -0.9556 -0.0000 -0.2945
vn -0.9974 0.0550 -0.0472
vn -0.9497 0.1882 -0.2505
vn -0.7251 0.2920 -0.6237
vn -0.0000 -0.9936 -0.1128
vn -0.0000 -0.9531 -0.3028
vn -0.0000 -0.7914 -0.6113
vn -0.0000 0.9826 -0.1855
vn -0.0000 0.9822 -0.1880
vn -0.0000 0.9817 -0.1905
vn -0.0000 0.9807 -0.1954
vn -0.0000 -0.0000 -1.0000
vn -0.0000 -0.0047 -1.0000
vn -0.0000 -0.0140 -0.9999
vn -0.0000 -0.2167 -0.9762
vn -0.0000 -0.5546 -0.8321
vn -0.0000 -0.7913 -0.6114
vn 0.7306 -0.5794 -0.3614
vn 0.6093 -0.4825 -0.6292
vn 0.6418 -0.7281 -0.2406
vn 0.7099 -0.6223 -0.3298
vn 0.7568 -0.6426 -0.1194
vn 0.6247 -0.7759 -0.0882
vn 0.7908 0.2814 -0.5435
vn 0.7995 0.2302 -0.5548
vn 0.7250 0.2921 -0.6237
vn 0.5839 0.2196 -0.7816
vn 0.8612 0.1423 -0.4879
vn 0.4964 0.1262 -0.8589
vn 0.8041 0.1016 -0.5858
vn 0.4793 0.0655 -0.8752
vn 0.5073 0.0383 -0.8609
vn 0.8929 0.0342 -0.4489
vn 0.3465 0.0320 -0.9375
vn 0.5646 -0.0280 -0.8249
vn 0.4560 0.0239 -0.8897
vn 0.6839 0.0444 -0.7282
vn 0.4016 -0.0003 -0.9158
vn 0.3310 0.0039 -0.9436
vn 0.3873 -0.0136 -0.9219
vn 0.4012 -0.0558 -0.9143
vn 0.6164 -0.1590 -0.7712
vn 0.6528 -0.2951 -0.6977
vn 0.5602 -0.1802 -0.8086
vn 0.6093 -0.4824 -0.6293
vn 0.5560 -0.4611 -0.6915
vn 0.7305 -0.5794 -0.3614
vn 0.4794 0.0655 -0.8752
vn 0.8041 0.1016 -0.5857
vn 0.9556 -0.0000 -0.2946
vn 0.9974 0.0551 -0.0473
vn 0.9496 0.1882 -0.2505
vn -0.0087 0.1040 0.9945
vn -0.0000 -0.0000 1.0000
vn 0.0087 0.1040 0.9945
vn -0.0000 1.0000 -0.0071
vn 0.9951 0.0969 -0.0175
vn 0.9950 0.0977 -0.0183
vn 0.9960 0.0883 -0.0137
vn 0.9950 0.0979 -0.0185
vn 0.9983 0.0588 -0.0028
vn 0.9992 0.0389 -0.0058
vn 0.9994 0.0347 -0.0069
vn 0.9997 0.0242 -0.0048
vn 0.9999 0.0152 -0.0030
vn 1.0000 -0.0000 -0.0000
vn -0.0000 0.2648 0.9643
vn -0.9951 0.0969 -0.0175
vn -0.9960 0.0883 -0.0137
vn -0.9950 0.0977 -0.0183
vn -0.9950 0.0979 -0.0185
vn -0.9983 0.0588 -0.0028
vn -0.9992 0.0389 -0.0058
vn -0.9994 0.0347 -0.0069
vn -0.9997 0.0242 -0.0048
vn -0.9999 0.0152 -0.0030
vn -1.0000 -0.0000 -0.0000
vn -0.0000 -0.9840 0.1781
vn 0.9274 0.2457 -0.2822
vn 0.9479 0.2013 -0.2470
vn 0.7909 0.2814 -0.5434
vn 0.7995 0.2302 -0.5547
vn 0.9735 0.1146 -0.1981
vn 0.8613 0.1423 -0.4878
vn 0.9843 0.0326 -0.1737
vn 0.8930 0.0341 -0.4488
vn 0.9116 -0.0562 -0.4071
vn 0.5647 -0.0280 -0.8248
vn 0.9856 -0.0612 -0.1576
vn 0.6165 -0.1590 -0.7711
vn 0.9099 -0.1725 -0.3772
vn 0.9751 -0.1593 -0.1543
vn 0.8624 -0.3509 -0.3648
vn 0.6528 -0.2952 -0.6976
vn 0.6094 -0.4824 -0.6293
vn 0.9229 -0.3511 -0.1582
vn 0.7568 -0.6426 -0.1195
vn -0.0000 -1.0000 -0.0000
vn -0.0000 1.0000 -0.0000
vn -0.9993 -0.0000 0.0371
vn -0.9347 -0.0000 -0.3555
vn -0.3905 -0.0000 -0.9206
vn -0.3904 -0.0000 -0.9206
vn 0.0045 -0.0000 -1.0000
vn -0.9189 -0.0000 0.3945
vn 0.9189 -0.0000 0.3945
vn -0.7627 -0.0000 0.6467
vn 0.7627 -0.0000 0.6467
vn -0.9740 -0.0000 0.2265
vn 0.9740 -0.0000 0.2265
vn -0.0139 -0.9999 0.0029
vn -0.8660 -0.0000 0.5000
vn 0.8660 -0.0000 0.5000
vn -0.8660 -0.0000 -0.5000
vn 0.8660 -0.0000 -0.5000
vn -0.0001 1.0000 -0.0000
vn -1.0000 -0.0001 -0.0000
vn 1.0000 -0.0000 -0.0002
vn 0.6713 -0.7390 0.0560
vn 0.5375 -0.6084 0.5839
vn -0.7364 -0.6738 -0.0617
vn -0.3279 -0.8751 -0.3559
vn -0.6416 -0.5908 0.4892
vn 0.3225 -0.9185 -0.2288
vn -0.6495 -0.6893 -0.3208
vn 0.6150 -0.7259 0.3079
vn -0.4208 -0.6732 -0.6081
vn 0.3759 -0.7517 0.5420
vn 0.2619 -0.5408 0.7994
vn -0.1774 -0.8218 -0.5414
vn 0.5375 -0.6084 0.5838
vn 0.6713 -0.7391 0.0560
vn 0.5627 0.5549 0.6128
vn 0.7250 0.6860 0.0613
vn -0.6845 0.7268 -0.0565
vn -0.2772 0.9123 -0.3015
vn 0.7251 0.6859 0.0614
vn 0.5628 0.5549 0.6127
vn 0.2452 0.9483 -0.2015
vn -0.6636 0.5389 0.5188
vn -0.6882 0.6369 -0.3476
vn 0.5549 0.7806 0.2875
vn -0.4492 0.6216 -0.6417
vn 0.3428 0.8035 0.4867
vn -0.1995 0.7678 -0.6089
vn 0.2511 0.5911 0.7665
vn -0.2773 0.9122 -0.3016
vn -0.6844 0.7269 -0.0565
vn -0.7363 -0.6739 -0.0617
vn -0.6415 -0.5908 0.4893
vn 0.5376 -0.6084 0.5838
vn -0.6636 0.5390 0.5188
vn 0.5627 0.5549 0.6127
vn 0.2453 0.9483 -0.2015
vn -0.2772 0.9122 -0.3016
vn -0.3279 -0.8751 -0.3560
vn -0.6636 0.5390 0.5187
vn -0.6881 0.6369 -0.3476
vn -0.6495 -0.6894 -0.3208
vn -0.4492 0.6217 -0.6417
vn 0.2452 0.9483 -0.2014
vn 0.6150 -0.7260 0.3079
vn 0.3759 -0.7517 0.5419
vn 0.8143 -0.5802 0.0160
vn 0.6219 -0.4592 0.6343
vn -0.5800 -0.8144 -0.0174
vn -0.1896 -0.9615 -0.1990
vn -0.6686 -0.4523 0.5902
vn 0.1622 -0.9723 -0.1684
vn -0.7727 -0.5334 -0.3442
vn 0.4549 -0.8674 0.2017
vn -0.6038 -0.5606 -0.5667
vn 0.4030 -0.8382 0.3675
vn -0.4248 -0.5415 -0.7255
vn 0.2644 -0.8559 0.4445
vn 0.2308 -0.7139 0.6611
vn -0.2510 -0.6481 -0.7190
vn 0.6220 -0.4592 0.6342
vn 0.8143 -0.5803 0.0159
vn 0.5042 0.6899 0.5195
vn 0.5786 0.8154 0.0174
vn -0.8153 0.5788 -0.0159
vn -0.4170 0.8047 -0.4225
vn 0.5787 0.8154 0.0175
vn 0.5043 0.6899 0.5194
vn 0.4350 0.8321 -0.3440
vn -0.5573 0.6807 0.4754
vn -0.6060 0.7590 -0.2381
vn 0.7132 0.6407 0.2842
vn -0.4408 0.7936 -0.4194
vn 0.5774 0.6029 0.5505
vn -0.3135 0.7764 -0.5468
vn 0.3849 0.6219 0.6819
vn -0.1542 0.8837 -0.4419
vn 0.2893 0.4790 0.8288
vn -0.4170 0.8047 -0.4226
vn -0.1897 -0.9615 -0.1990
vn -0.5799 -0.8145 -0.0174
vn 0.6220 -0.4592 0.6343
vn -0.5574 0.6807 0.4754
vn 0.5042 0.6899 0.5194
vn 0.1621 -0.9723 -0.1684
vn -0.1897 -0.9614 -0.1991
vn -0.6686 -0.4523 0.5903
vn -0.7726 -0.5335 -0.3442
vn -0.6059 0.7591 -0.2380
vn -0.6038 -0.5607 -0.5666
vn -0.4407 0.7937 -0.4194
vn 0.4549 -0.8674 0.2016
vn 0.4349 0.8322 -0.3440
vn 0.7132 0.6408 0.2841
vn 0.5774 0.6030 0.5505
vn -0.4248 -0.5416 -0.7254
vn -0.3135 0.7764 -0.5467
vn 0.4029 -0.8382 0.3675
vn 0.2644 -0.8559 0.4444
vn 0.3850 0.6220 0.6818
vn 0.9977 -0.0000 -0.0673
vn 0.0090 1.0000 -0.0006
vn 0.9977 -0.0001 -0.0672
vn -0.0090 1.0000 0.0006
vn -0.9977 -0.0001 0.0672
vn -0.9977 -0.0000 0.0673
vn -0.9977 0.0001 0.0673
vn 0.0089 -1.0000 -0.0006
vn -0.0090 -1.0000 0.0006
vn 0.7071 -0.0000 0.7071
vn -0.7071 -0.0000 0.7071
vn 0.7071 -0.0000 -0.7071
vn -0.7071 -0.0000 -0.7071
vn -0.4208 -0.6732 -0.6080
vn 0.2619 -0.5408 0.7993
vn 0.9977 -0.0001 -0.0673
vn 0.9977 -0.0000 -0.0672
vn 0.9977 0.0001 -0.0673
vn 1.0000 -0.0000 0.0002
vn 1.0000 -0.0001 -0.0000
vn -1.0000 0.0001 -0.0000
vn 1.0000 0.0001 -0.0000
vn 0.9277 0.2426 -0.2838
vn 0.9481 0.1970 -0.2497
vn 0.9738 0.1090 -0.1995
vn 0.9844 0.0279 -0.1737
vn 0.9856 -0.0631 -0.1569
vn 0.9752 -0.1585 -0.1544
vn 0.9198 -0.3592 -0.1579
vn 0.7399 -0.6623 -0.1175
vn 0.6196 -0.7804 -0.0844
vn 0.7399 -0.6624 -0.1175
vn -0.9277 0.2426 -0.2838
vn -0.9480 0.2011 -0.2467
vn -0.9749 0.1074 -0.1949
vn -0.9848 0.0254 -0.1719
vn -0.9856 -0.0631 -0.1569
vn -0.9752 -0.1585 -0.1544
vn -0.9198 -0.3592 -0.1579
vn -0.7399 -0.6623 -0.1175
vn -0.7399 -0.6624 -0.1175
vn -0.6196 -0.7804 -0.0844
vn 0.7472 -0.2812 0.6021
vn 0.7755 -0.2648 0.5731
vn 0.8362 -0.2006 0.5105
vn 0.8361 -0.1849 0.5164
vn 0.8944 -0.1363 0.4260
vn 0.8931 -0.1542 0.4225
vn 0.9249 -0.0412 0.3779
vn 0.9266 -0.0220 0.3755
vn 0.9364 0.0578 0.3461
vn 0.9400 0.0475 0.3379
vn 0.9271 0.1750 0.3313
vn 0.9259 0.1681 0.3383
vn 0.8721 0.3614 0.3299
vn 0.8672 0.3598 0.3442
vn 0.6766 0.6626 0.3213
vn 0.7586 0.5927 0.2706
vn 0.6765 0.6626 0.3213
vn -0.0000 0.9415 0.3371
vn 0.7586 0.5928 0.2706
vn -0.0000 0.9700 0.2433
vn -0.7586 0.5928 0.2705
vn -0.6765 0.6626 0.3213
vn -0.0000 -0.9783 0.2072
vn -0.0000 -0.2216 0.9751
vn -0.0000 -0.1713 0.9852
vn -0.0000 -0.0908 0.9959
vn -0.0000 -0.0201 0.9998
vn -0.0000 0.0348 0.9994
vn -0.0000 0.0744 0.9972
vn -0.0000 0.0926 0.9957
vn -0.0000 0.0698 0.9976
vn -0.0000 0.0283 0.9996
vn -0.7472 -0.2812 0.6021
vn -0.8362 -0.2006 0.5105
vn -0.7755 -0.2648 0.5731
vn -0.8361 -0.1849 0.5164
vn -0.8904 -0.1226 0.4383
vn -0.9003 -0.1408 0.4118
vn -0.9216 -0.0346 0.3866
vn -0.9289 -0.0539 0.3663
vn -0.9362 0.0583 0.3466
vn -0.9401 0.0480 0.3374
vn -0.9258 0.1676 0.3388
vn -0.9274 0.1745 0.3309
vn -0.8721 0.3614 0.3299
vn -0.8672 0.3598 0.3442
vn -0.6766 0.6626 0.3212
vn -0.7586 0.5927 0.2706
vn -0.0000 -0.9995 0.0307
vn -0.0000 -0.0406 -0.9992
vn -1.0000 -0.0100 0.0003
vn -0.0000 0.0207 0.9998
vn 1.0000 -0.0100 0.0003
vn -0.0000 -0.0250 0.9997
vn -0.0000 -0.0020 1.0000
vn -0.0000 0.0337 0.9994
vn -0.0000 0.9999 0.0118
vn -0.0000 -1.0000 0.0056
vn -0.0000 1.0000 0.0009
vn -0.0000 0.9999 -0.0159
vn -0.0000 0.9998 0.0199
vn -0.0000 -0.9995 -0.0301
vn -0.0000 -0.9998 -0.0199
vn 0.9854 -0.1704 -0.0051
vn 0.9854 -0.1703 -0.0035
vn 0.9854 -0.1704 -0.0050
vn 0.9854 -0.1703 -0.0034
vn -0.0000 0.0119 0.9999
vn -0.0000 -0.9999 -0.0118
vn -0.0000 1.0000 -0.0056
vn -0.0000 -1.0000 -0.0009
vn -0.0000 -0.9999 0.0159
vn -0.9854 -0.1703 -0.0034
vn -0.9854 -0.1703 -0.0035
vn -0.9854 -0.1704 -0.0050
vn -0.9854 -0.1704 -0.0051
vn -0.0000 0.1089 0.9941
vn 0.0269 -0.1032 0.9943
vn 0.1194 -0.0660 0.9907
vn 0.0539 -0.0953 0.9940
vn -0.0000 -0.1113 0.9938
vn 0.1211 -0.0720 0.9900
vn 0.1543 -0.0339 0.9874
vn 0.1548 -0.0365 0.9873
vn -0.0539 -0.0953 0.9940
vn -0.0269 -0.1032 0.9943
vn -0.1194 -0.0660 0.9907
vn -0.1211 -0.0720 0.9900
vn -0.1538 -0.0331 0.9875
vn -0.1553 -0.0358 0.9872
vn 0.1676 0.0004 0.9859
vn 0.1680 0.0010 0.9858
vn -0.1676 0.0001 0.9859
vn -0.1680 -0.0006 0.9858
vn 0.1692 0.0365 0.9849
vn 0.1701 0.0380 0.9847
vn 0.1486 0.0733 0.9862
vn 0.1468 0.0692 0.9867
vn 0.0942 0.1150 0.9889
vn 0.0614 0.1410 0.9881
vn 0.0003 0.1654 0.9862
vn -0.0147 0.1702 0.9853
vn -0.1692 0.0367 0.9849
vn -0.1702 0.0354 0.9848
vn -0.0000 0.1738 0.9848
vn -0.1477 0.0707 0.9865
vn -0.1478 0.0743 0.9862
vn -0.0942 0.1150 0.9889
vn -0.0614 0.1410 0.9881
vn -0.0003 0.1654 0.9862
vn 0.0147 0.1702 0.9853
vn -0.0000 -0.0621 0.9981
vn -0.0000 -0.0434 0.9991
vn -0.0000 -0.0435 0.9991
vt 16.892366 0.340574
vt 16.895174 0.340574
vt 16.892130 0.354147
vt 16.895411 0.354147
vt 16.892216 0.358796
vt 16.895327 0.358796
vt 16.892313 0.363513
vt 16.895227 0.363513
vt 16.892416 0.368732
vt 16.895126 0.368732
vt 16.892511 0.373378
vt 16.895031 0.373378
vt 16.892605 0.377236
vt 16.894936 0.377236
vt -15.895140 0.338286
vt -15.892401 0.338286
vt -15.895411 0.352265
vt -15.892130 0.352265
vt -15.895327 0.357909
vt -15.892216 0.357909
vt -15.895227 0.363505
vt -15.892313 0.363505
vt -15.895126 0.369425
vt -15.892416 0.369425
vt -15.895031 0.374630
vt -15.892511 0.374630
vt 0.334130 -15.895031
vt 0.334130 -15.892511
vt 0.329764 -15.894936
vt 0.329764 -15.892605
vt 0.324322 -15.894848
vt 0.324322 -15.892693
vt 0.318354 -15.894760
vt 0.318354 -15.892780
vt 0.671689 -15.892605
vt 0.671689 -15.894936
vt 0.676517 -15.892693
vt 0.676517 -15.894848
vt 0.681932 -15.892780
vt 0.681932 -15.894760
vt 0.318354 0.383744
vt 0.318068 0.381882
vt 0.324322 0.381943
vt 0.323483 0.380082
vt 0.329764 0.378918
vt 0.328311 0.377236
vt 0.334130 0.374630
vt 0.332095 0.373378
vt 0.336967 0.369425
vt 0.334491 0.368732
vt 0.338011 0.363505
vt 0.335250 0.363513
vt 0.337142 0.357909
vt 0.334315 0.358796
vt 0.333632 0.352265
vt 0.331132 0.354147
vt 0.320497 0.338286
vt 0.318287 0.340574
vt 0.319114 0.338280
vt 0.318235 0.339190
vt 0.681932 0.381882
vt 0.681646 0.383744
vt 0.676517 0.380082
vt 0.675678 0.381943
vt 0.671689 0.377236
vt 0.670236 0.378918
vt 0.667905 0.373378
vt 0.665870 0.374630
vt 0.665509 0.368732
vt 0.663033 0.369425
vt 0.664750 0.363513
vt 0.661989 0.363505
vt 0.665685 0.358796
vt 0.662858 0.357909
vt 0.668868 0.354147
vt 0.666368 0.352265
vt 0.679503 0.338286
vt 0.681713 0.340574
vt 0.681765 0.339190
vt 0.680886 0.338280
vt 16.892780 0.383744
vt 16.892780 0.381882
vt 16.894760 0.383744
vt 16.894760 0.381882
vt 16.816723 0.365432
vt 16.817186 0.362992
vt 16.834970 0.364277
vt 16.834970 0.359188
vt 16.852680 0.363782
vt 16.852680 0.357572
vt 16.865215 0.357243
vt 16.865215 0.363709
vt 16.876553 0.357658
vt 16.865215 0.352877
vt 16.876553 0.363887
vt 16.876553 0.353062
vt 16.889042 0.358645
vt 16.889042 0.364346
vt 16.889042 0.353792
vt 16.899786 0.359969
vt 16.899429 0.354858
vt 16.904161 0.355303
vt 16.899868 0.364982
vt 16.907272 0.361434
vt 16.907711 0.366184
vt 0.316634 0.367330
vt 0.310354 0.366184
vt 0.316634 0.362274
vt 0.310743 0.361434
vt 0.313187 0.355303
vt 0.316634 0.358002
vt 0.688827 -15.817186
vt 0.684401 -15.817802
vt 0.692644 -15.834970
vt 0.687917 -15.834970
vt 0.695435 -15.852680
vt 0.691009 -15.852680
vt 0.684351 -15.834970
vt 0.696427 -15.865215
vt 0.685310 -15.852680
vt 0.692342 -15.865215
vt 0.685672 -15.865215
vt 0.683366 -15.852680
vt 0.683366 -15.865215
vt 0.692804 -15.876553
vt 0.683366 -15.876553
vt 0.685716 -15.876553
vt 0.691722 -15.889042
vt 0.684761 -15.889042
vt 0.683366 -15.889042
vt 0.689434 -15.899429
vt 0.683366 -15.898718
vt 0.686813 -15.904161
vt 0.683366 -15.905363
vt 0.683366 -15.910223
vt 16.852680 0.351801
vt 16.834970 0.353286
vt 16.852680 0.350081
vt 16.834970 0.350081
vt 16.819769 0.350081
vt 16.818520 0.356321
vt 16.834970 0.355782
vt 16.817802 0.359914
vt 0.317942 0.367330
vt 0.317942 0.362211
vt 0.316634 0.362211
vt 0.317942 0.357062
vt 0.316634 0.357062
vt 0.689451 0.365432
vt 0.683366 0.365433
vt 0.688827 0.362992
vt 0.683366 0.362992
vt 0.684401 0.359914
vt 0.683366 0.356321
vt 0.682287 -15.813410
vt 0.682058 -15.820036
vt 0.683137 -15.813410
vt 0.683366 -15.820036
vt 0.683366 -15.834970
vt 0.682058 -15.834970
vt 0.682058 -15.852680
vt 0.682058 -15.865215
vt 0.682058 -15.876553
vt 0.682058 -15.889042
vt 0.682058 -15.898718
vt 0.682058 -15.906359
vt 0.683366 -15.906359
vt 0.683366 -15.911287
vt 0.682058 -15.911287
vt 0.317942 0.358002
vt 0.321389 0.355303
vt 0.317942 0.362274
vt 0.323833 0.361434
vt 0.324223 0.366184
vt 0.676596 -15.817186
vt 0.672779 -15.834970
vt 0.681022 -15.817802
vt 0.677506 -15.834970
vt 0.669988 -15.852680
vt 0.674414 -15.852680
vt 0.681072 -15.834970
vt 0.680113 -15.852680
vt 0.673081 -15.865215
vt 0.668996 -15.865215
vt 0.679751 -15.865215
vt 0.672620 -15.876553
vt 0.679707 -15.876553
vt 0.680663 -15.889042
vt 0.673702 -15.889042
vt 0.675989 -15.899429
vt 0.678611 -15.904161
vt 0.682058 -15.905363
vt 0.682058 -15.910223
vt -15.852680 0.351801
vt -15.852680 0.350081
vt -15.834970 0.353286
vt -15.834970 0.350081
vt -15.819769 0.350081
vt -15.818520 0.356321
vt -15.834970 0.355782
vt -15.817802 0.359914
vt 0.316634 -15.913309
vt 0.316634 -15.915039
vt 0.317942 -15.913309
vt 0.317942 -15.915039
vt 0.681022 0.359914
vt 0.682058 0.356321
vt 0.682058 0.362992
vt 0.676596 0.362992
vt 0.682058 0.365433
vt 0.675972 0.365432
vt 0.682287 0.371416
vt 0.682287 0.348741
vt 0.683137 0.371416
vt 0.683137 0.348741
vt -15.815502 0.372033
vt -15.816175 0.368321
vt -15.813248 0.371416
vt -15.816723 0.365433
vt -15.817186 0.362992
vt -15.813410 0.348741
vt -15.820036 0.348741
vt -15.834970 0.348741
vt -15.852680 0.348741
vt -15.865215 0.348741
vt -15.865215 0.350081
vt -15.876553 0.348741
vt -15.876553 0.350081
vt -15.889042 0.348857
vt -15.889042 0.350214
vt -15.898718 0.350420
vt -15.898718 0.349037
vt -15.905363 0.353324
vt -15.906359 0.352420
vt -15.911287 0.357062
vt -15.910223 0.358002
vt -15.912447 0.362274
vt -15.914125 0.362211
vt -15.912996 0.367330
vt -15.914709 0.367330
vt 0.317942 -15.815502
vt 0.317713 -15.813248
vt 0.316634 -15.815502
vt 0.316863 -15.813248
vt 16.815502 0.372033
vt 16.813248 0.371416
vt 16.816175 0.368321
vt 16.816723 0.365433
vt 16.813410 0.348741
vt 16.820036 0.348741
vt 16.834970 0.348741
vt 16.852680 0.348741
vt 16.865215 0.350081
vt 16.865215 0.348741
vt 16.876553 0.348741
vt 16.876553 0.350081
vt 16.889042 0.350214
vt 16.889042 0.348857
vt 16.898718 0.350420
vt 16.898718 0.349037
vt 16.905363 0.353324
vt 16.906359 0.352420
vt 16.910223 0.358002
vt 16.911287 0.357062
vt 16.912447 0.362274
vt 16.914125 0.362211
vt 16.912996 0.367330
vt 16.914709 0.367330
vt 0.317942 0.368321
vt 0.317942 0.372033
vt 0.316634 0.368321
vt 0.316634 0.372033
vt -15.816723 0.365432
vt -15.834970 0.364277
vt -15.834970 0.359188
vt -15.852680 0.363782
vt -15.852680 0.357572
vt -15.865215 0.363709
vt -15.865215 0.357243
vt -15.876553 0.357658
vt -15.865215 0.352877
vt -15.876553 0.353062
vt -15.876553 0.363887
vt -15.889042 0.353792
vt -15.889042 0.358645
vt -15.889042 0.364346
vt -15.899786 0.359969
vt -15.899429 0.354858
vt -15.904161 0.355303
vt -15.899868 0.364982
vt -15.907272 0.361434
vt -15.907711 0.366184
vt 0.332204 0.348741
vt 0.328778 0.348741
vt 0.332204 0.338286
vt 0.328778 0.338286
vt 0.671222 0.348741
vt 0.667796 0.348741
vt 0.671222 0.338286
vt 0.667796 0.338286
vt -15.897738 0.348741
vt -15.897738 0.338286
vt -15.895596 0.348741
vt -15.895596 0.338286
vt 0.328778 -15.895596
vt 0.328778 -15.897738
vt 0.332204 -15.895596
vt 0.332204 -15.897738
vt 16.897738 0.338286
vt 16.897738 0.348741
vt 16.895596 0.338286
vt 16.895596 0.348741
vt 0.332204 0.348741
vt 0.328778 0.348741
vt 0.332204 0.338286
vt 0.328778 0.338286
vt 0.671222 0.348741
vt 0.667796 0.348741
vt 0.671222 0.338286
vt 0.667796 0.338286
vt -15.832848 0.348741
vt -15.832848 0.338286
vt -15.830706 0.348741
vt -15.830706 0.338286
vt 0.328778 -15.830706
vt 0.328778 -15.832848
vt 0.332204 -15.830706
vt 0.332204 -15.832848
vt 16.832848 0.338286
vt 16.832848 0.348741
vt 16.830706 0.338286
vt 16.830706 0.348741
vt 0.668813 -15.895596
vt 0.670327 -15.895596
vt 0.668813 -15.832848
vt 0.670327 -15.832848
vt 16.895596 0.345106
vt 16.895596 0.348066
vt 16.832848 0.345106
vt 16.832848 0.348066
vt 0.329673 -15.895596
vt 0.331187 -15.895596
vt 0.329673 -15.832848
vt 0.331187 -15.832848
vt -15.895596 0.348066
vt -15.895596 0.345106
vt -15.832848 0.348066
vt -15.832848 0.345106
vt 16.895164 0.339190
vt 16.892376 0.339190
vt 16.892391 0.338280
vt 16.895151 0.338280
vt 0.680886 -15.895151
vt 0.680886 -15.892391
vt 0.679503 -15.895140
vt 0.679503 -15.892401
vt 0.318197 -15.896776
vt 0.322097 -15.896776
vt 0.318197 -15.895174
vt 0.322097 -15.895174
vt 0.318197 -15.892366
vt 0.322097 -15.892366
vt 0.318197 -15.890768
vt 0.322097 -15.890768
vt 0.322097 0.342076
vt 0.318197 0.342076
vt 0.323806 0.338087
vt 0.316489 0.338087
vt 16.896776 0.342076
vt 16.895174 0.342076
vt 16.896776 0.338087
vt 16.895174 0.338087
vt 0.681803 0.342076
vt 0.677903 0.342076
vt 0.683511 0.338087
vt 0.676194 0.338087
vt -15.895174 0.342076
vt -15.896776 0.342076
vt -15.895174 0.338087
vt -15.896776 0.338087
vt 0.322097 0.342076
vt 0.323806 0.338087
vt 16.892366 0.342076
vt 16.890768 0.342076
vt 16.892366 0.338087
vt 16.890768 0.338087
vt 0.676194 0.338087
vt -15.890768 0.342076
vt -15.892366 0.342076
vt -15.890768 0.338087
vt -15.892366 0.338087
vt 0.332714 0.338087
vt 0.338048 0.338087
vt 0.333857 0.343014
vt 0.336905 0.343014
vt 0.335381 0.343647
vt 0.667286 0.338087
vt 0.666143 0.343014
vt 0.661952 0.338087
vt 0.663095 0.343014
vt 0.664619 0.343647
vt 0.333857 -15.895746
vt 0.333857 -15.897110
vt 0.335381 -15.895746
vt 0.335381 -15.897110
vt 0.336905 -15.895746
vt 0.336905 -15.897110
vt 16.897110 0.343014
vt 16.895746 0.343014
vt 16.897110 0.338087
vt 16.895746 0.338087
vt -15.897110 0.338087
vt -15.895746 0.338087
vt -15.897110 0.343014
vt -15.895746 0.343014
vt -15.890379 0.343014
vt -15.891743 0.343014
vt -15.890379 0.338087
vt -15.891743 0.338087
vt 16.890379 0.338087
vt 16.891743 0.338087
vt 16.890379 0.343014
vt 16.891743 0.343014
vt 0.333857 -15.890379
vt 0.333857 -15.891743
vt 0.335381 -15.890379
vt 0.335381 -15.891743
vt 0.336905 -15.890379
vt 0.336906 -15.891743
vt 0.336906 0.343014
vt 0.332714 0.338087
vt 0.333857 0.343014
vt 0.335381 0.343647
vt 0.667286 0.338087
vt 0.666143 0.343014
vt 0.661952 0.338087
vt 16.833269 0.340574
vt 16.836077 0.340574
vt 16.833033 0.354147
vt 16.836313 0.354147
vt 16.833117 0.358796
vt 16.836227 0.358796
vt 16.833216 0.363513
vt 16.836130 0.363513
vt 16.833317 0.368732
vt 16.836027 0.368732
vt 16.833412 0.373378
vt 16.835932 0.373378
vt 16.833508 0.377236
vt 16.835838 0.377236
vt -15.836042 0.338286
vt -15.833303 0.338286
vt -15.836313 0.352265
vt -15.833033 0.352265
vt -15.836227 0.357909
vt -15.833117 0.357909
vt -15.836130 0.363505
vt -15.833216 0.363505
vt -15.836027 0.369425
vt -15.833317 0.369425
vt -15.835932 0.374630
vt -15.833412 0.374630
vt 0.334130 -15.835932
vt 0.334130 -15.833412
vt 0.329765 -15.835838
vt 0.329765 -15.833508
vt 0.324322 -15.835751
vt 0.324322 -15.833595
vt 0.318354 -15.835663
vt 0.318354 -15.833683
vt 0.671689 -15.833508
vt 0.671689 -15.835838
vt 0.676517 -15.833595
vt 0.676517 -15.835751
vt 0.681932 -15.833683
vt 0.681932 -15.835663
vt 0.318354 0.383744
vt 0.318068 0.381882
vt 0.324322 0.381943
vt 0.323483 0.380082
vt 0.329765 0.378918
vt 0.328311 0.377236
vt 0.334130 0.374630
vt 0.332095 0.373378
vt 0.336967 0.369425
vt 0.334491 0.368732
vt 0.338011 0.363505
vt 0.335250 0.363513
vt 0.337142 0.357909
vt 0.334316 0.358796
vt 0.333632 0.352265
vt 0.331132 0.354147
vt 0.320497 0.338286
vt 0.318287 0.340574
vt 0.319114 0.338280
vt 0.318236 0.339190
vt 0.681932 0.381882
vt 0.681646 0.383744
vt 0.676517 0.380082
vt 0.675678 0.381943
vt 0.671689 0.377236
vt 0.670235 0.378918
vt 0.667904 0.373378
vt 0.665870 0.374630
vt 0.665509 0.368732
vt 0.663033 0.369425
vt 0.664750 0.363513
vt 0.661989 0.363505
vt 0.665684 0.358796
vt 0.662858 0.357909
vt 0.668868 0.354147
vt 0.666368 0.352265
vt 0.679503 0.338286
vt 0.681713 0.340574
vt 0.681764 0.339190
vt 0.680886 0.338280
vt 16.833683 0.383744
vt 16.833683 0.381882
vt 16.835663 0.383744
vt 16.835663 0.381882
vt 16.836067 0.339190
vt 16.833279 0.339190
vt 16.833292 0.338280
vt 16.836054 0.338280
vt 0.680886 -15.836054
vt 0.680886 -15.833292
vt 0.679503 -15.836042
vt 0.679503 -15.833303
vt 0.318197 -15.837679
vt 0.322097 -15.837679
vt 0.318197 -15.836077
vt 0.322097 -15.836077
vt 0.318197 -15.833269
vt 0.322097 -15.833269
vt 0.318197 -15.831671
vt 0.322097 -15.831671
vt 0.322097 0.342076
vt 0.318197 0.342076
vt 0.323806 0.338087
vt 0.316489 0.338087
vt 16.837679 0.342076
vt 16.836077 0.342076
vt 16.837679 0.338087
vt 16.836077 0.338087
vt 0.681803 0.342076
vt 0.677903 0.342076
vt 0.683511 0.338087
vt 0.676194 0.338087
vt -15.836077 0.342076
vt -15.837679 0.342076
vt -15.836077 0.338087
vt -15.837679 0.338087
vt 0.322097 0.342076
vt 16.833269 0.342076
vt 16.831671 0.342076
vt 16.833269 0.338087
vt 16.831671 0.338087
vt -15.831671 0.342076
vt -15.833269 0.342076
vt -15.831671 0.338087
vt -15.833269 0.338087
vt 0.332714 0.338087
vt 0.338049 0.338087
vt 0.333857 0.343014
vt 0.336906 0.343014
vt 0.335381 0.343647
vt 0.667286 0.338087
vt 0.661951 0.338087
vt 0.663094 0.343014
vt 0.664619 0.343647
vt 0.333857 -15.836647
vt 0.333857 -15.838013
vt 0.335381 -15.836647
vt 0.335381 -15.838013
vt 0.336906 -15.836647
vt 0.336906 -15.838013
vt 16.838013 0.343014
vt 16.836647 0.343014
vt 16.838013 0.338087
vt 16.836647 0.338087
vt -15.838013 0.338087
vt -15.836647 0.338087
vt -15.838013 0.343014
vt -15.836647 0.343014
vt -15.831280 0.343014
vt -15.832645 0.343014
vt -15.831280 0.338087
vt -15.832645 0.338087
vt 16.831280 0.338087
vt 16.832645 0.338087
vt 16.831280 0.343014
vt 16.832645 0.343014
vt 0.333857 -15.831280
vt 0.333857 -15.832645
vt 0.335381 -15.831280
vt 0.335381 -15.832645
vt 0.336906 -15.831280
vt 0.336906 -15.832645
vt 0.336906 0.343014
vt 0.332714 0.338087
vt 0.333857 0.343014
vt 0.335381 0.343647
vt 0.666143 0.343014
vt 0.663094 0.343014
vt 0.664619 0.343647
vt 0.316824 -15.894407
vt 0.318101 -15.894407
vt 0.316824 -15.893139
vt 0.318101 -15.893139
vt 0.319377 -15.894407
vt 0.319377 -15.893139
vt 16.893139 0.383603
vt 16.893139 0.382126
vt 16.894407 0.383603
vt 16.894407 0.382126
vt 0.683176 -15.893139
vt 0.681899 -15.893139
vt 0.683176 -15.894407
vt 0.681899 -15.894407
vt 0.680623 -15.893139
vt 0.680623 -15.894407
vt -15.893139 0.382126
vt -15.893139 0.383603
vt -15.894407 0.382126
vt -15.894407 0.383603
vt 0.335545 -15.894407
vt 0.336822 -15.894407
vt 0.335545 -15.893139
vt 0.336822 -15.893139
vt 0.338098 -15.894407
vt 0.338098 -15.893139
vt 16.893139 0.358563
vt 16.893139 0.357085
vt 16.894407 0.358563
vt 16.894407 0.357085
vt 0.664455 -15.893139
vt 0.663178 -15.893139
vt 0.664455 -15.894407
vt 0.663178 -15.894407
vt 0.661902 -15.893139
vt 0.661902 -15.894407
vt -15.893139 0.357085
vt -15.893139 0.358563
vt -15.894407 0.357085
vt -15.894407 0.358563
vt 0.316824 -15.835310
vt 0.318101 -15.835310
vt 0.316824 -15.834042
vt 0.318101 -15.834042
vt 0.319377 -15.835310
vt 0.319377 -15.834042
vt 16.834042 0.383603
vt 16.834042 0.382126
vt 16.835310 0.383603
vt 16.835310 0.382126
vt 0.683176 -15.834042
vt 0.681899 -15.834042
vt 0.683176 -15.835310
vt 0.681899 -15.835310
vt 0.680623 -15.834042
vt 0.680623 -15.835310
vt -15.834042 0.382126
vt -15.834042 0.383603
vt -15.835310 0.382126
vt -15.835310 0.383603
vt 0.335545 -15.835310
vt 0.336822 -15.835310
vt 0.335545 -15.834042
vt 0.336822 -15.834042
vt 0.338098 -15.835310
vt 0.338098 -15.834042
vt 16.834042 0.358563
vt 16.834042 0.357085
vt 16.835310 0.358563
vt 16.835310 0.357085
vt 0.664455 -15.834042
vt 0.663178 -15.834042
vt 0.664455 -15.835310
vt 0.663178 -15.835310
vt 0.661902 -15.834042
vt 0.661902 -15.835310
vt -15.834042 0.357085
vt -15.834042 0.358563
vt -15.835310 0.357085
vt -15.835310 0.358563
vt 0.318101 0.382864
vt 0.319377 0.383603
vt 0.318101 0.384342
vt 0.316824 0.383603
vt 0.319377 0.382126
vt 0.316824 0.382126
vt 0.318101 0.381387
vt 0.336822 0.357824
vt 0.338098 0.358563
vt 0.336822 0.359302
vt 0.335545 0.358563
vt 0.338098 0.357085
vt 0.335545 0.357085
vt 0.336822 0.356347
vt 0.318101 0.382864
vt 0.319377 0.383603
vt 0.318101 0.384342
vt 0.316824 0.383603
vt 0.319377 0.382126
vt 0.316824 0.382126
vt 0.318101 0.381387
vt 0.336822 0.357824
vt 0.338098 0.358563
vt 0.336822 0.359302
vt 0.335545 0.358563
vt 0.338098 0.357085
vt 0.335545 0.357085
vt 0.336822 0.356347
vt 0.681899 0.382864
vt 0.681899 0.384342
vt 0.680623 0.383603
vt 0.680623 0.382126
vt 0.683176 0.383603
vt 0.681899 0.381387
vt 0.683176 0.382126
vt 0.663178 0.357824
vt 0.663178 0.359302
vt 0.661902 0.358563
vt 0.661902 0.357085
vt 0.664455 0.358563
vt 0.663178 0.356347
vt 0.664455 0.357085
vt 0.681899 0.382864
vt 0.681899 0.384342
vt 0.680623 0.383603
vt 0.680623 0.382126
vt 0.683176 0.383603
vt 0.681899 0.381387
vt 0.683176 0.382126
vt 0.663178 0.357824
vt 0.663178 0.359302
vt 0.661902 0.358563
vt 0.661902 0.357085
vt 0.664455 0.358563
vt 0.663178 0.356347
vt 0.664455 0.357085
vt 0.682444 0.356719
vt 0.682651 0.356719
vt 0.682444 0.382560
vt 0.682651 0.382560
vt 0.682859 0.356719
vt 0.682859 0.382560
vt 0.317141 0.356719
vt 0.317349 0.356719
vt 0.317141 0.382560
vt 0.317349 0.382560
vt 0.317556 0.356719
vt 0.317556 0.382560
vt 0.330584 0.348509
vt 0.328952 0.367988
vt 0.329954 0.348439
vt 0.328384 0.367352
vt 0.305291 0.367988
vt 0.305858 0.367352
vt 0.307601 0.359137
vt 0.307992 0.359733
vt 0.316167 0.348320
vt 0.316626 0.348759
vt 0.329634 0.344487
vt 0.329176 0.344048
vt -15.832169 0.367988
vt -15.832157 0.348509
vt -15.831530 0.368012
vt -15.831518 0.348512
vt 0.670022 0.348442
vt 0.671595 0.367376
vt 0.669392 0.348512
vt 0.671027 0.368012
vt 0.694163 0.367376
vt 0.694731 0.368012
vt 0.692415 0.359114
vt 0.692023 0.359710
vt 0.683850 0.348304
vt 0.683392 0.348743
vt 0.670842 0.344032
vt 0.670383 0.344471
vt 16.831505 0.367376
vt 16.831495 0.348442
vt 16.832144 0.367352
vt 16.832132 0.348439
vt 0.305291 -15.832169
vt 0.328952 -15.832169
vt 0.305269 -15.831530
vt 0.328973 -15.831530
vt 0.694163 -15.831505
vt 0.671595 -15.831505
vt 0.694142 -15.832144
vt 0.671616 -15.832144
vt 16.831530 0.368012
vt 16.831526 0.359114
vt 16.832169 0.367988
vt 16.832163 0.359137
vt 16.832157 0.348320
vt 16.831518 0.348304
vt -15.831505 0.367376
vt -15.832144 0.367352
vt -15.831501 0.359710
vt -15.832140 0.359733
vt -15.831495 0.348743
vt -15.832132 0.348759
vt 0.330647 0.348484
vt 0.330188 0.368347
vt 0.330021 0.348467
vt 0.329578 0.367719
vt 0.304424 0.368347
vt 0.305034 0.367719
vt 0.305684 0.359300
vt 0.306195 0.359803
vt 0.309519 0.354366
vt 0.310080 0.354643
vt 0.316222 0.348516
vt 0.316637 0.348986
vt 0.329575 0.344460
vt 0.329160 0.343990
vt -15.897018 0.368347
vt -15.896919 0.348484
vt -15.896387 0.368245
vt -15.896290 0.348484
vt 0.670085 0.348468
vt 0.670525 0.367617
vt 0.669459 0.348484
vt 0.669915 0.368245
vt 0.694862 0.367617
vt 0.695472 0.368245
vt 0.694233 0.359386
vt 0.693722 0.359888
vt 0.690388 0.354415
vt 0.689827 0.354692
vt 0.683711 0.348598
vt 0.683296 0.349068
vt 0.670772 0.344072
vt 0.670357 0.344542
vt 16.896490 0.367617
vt 16.896395 0.348468
vt 16.897121 0.367719
vt 16.897026 0.348467
vt 0.304424 -15.897018
vt 0.330188 -15.897018
vt 0.304528 -15.896387
vt 0.330085 -15.896387
vt 0.694862 -15.896490
vt 0.670525 -15.896490
vt 0.694966 -15.897121
vt 0.670422 -15.897121
vt 16.897018 0.368347
vt 16.896387 0.368245
vt 16.896975 0.359300
vt 16.896345 0.359386
vt 16.896952 0.354366
vt 16.896320 0.354415
vt -15.897121 0.367719
vt -15.897079 0.359803
vt -15.896490 0.367617
vt -15.896450 0.359888
vt -15.896425 0.354692
vt -15.897057 0.354643
vt 0.690481 -15.896952
vt 0.690388 -15.896320
vt 0.683778 -15.896919
vt 0.683711 -15.896290
vt 0.670840 -15.896919
vt 0.670772 -15.896290
vt 0.310080 -15.897057
vt 0.316637 -15.897026
vt 0.310173 -15.896425
vt 0.316704 -15.896395
vt 0.329643 -15.896395
vt 0.329575 -15.897026
vt 0.663142 0.341733
vt 0.663349 0.341751
vt 0.662105 0.357162
vt 0.662311 0.357181
vt 0.663555 0.341769
vt 0.662518 0.357199
vt 0.336445 0.341769
vt 0.336651 0.341751
vt 0.337482 0.357199
vt 0.337689 0.357181
vt 0.336858 0.341733
vt 0.337895 0.357162
vt 0.336546 -15.895744
vt 0.336546 -15.891743
vt 0.335381 -15.895744
vt 0.335381 -15.891743
vt 0.334216 -15.895744
vt 0.334217 -15.891743
vt -15.891743 0.342830
vt -15.895744 0.342830
vt -15.891743 0.341662
vt -15.895744 0.341662
vt -15.891743 0.340495
vt -15.895744 0.340495
vt 0.663454 -15.891743
vt 0.663454 -15.895744
vt 0.664619 -15.891743
vt 0.664619 -15.895744
vt 0.665783 -15.891743
vt 0.665784 -15.895744
vt 16.891743 0.340495
vt 16.895744 0.340495
vt 16.891743 0.341662
vt 16.895744 0.341662
vt 16.891743 0.342830
vt 16.895744 0.342830
vt 0.670842 -15.831518
vt 0.670824 -15.832157
vt 0.683850 -15.831518
vt 0.683833 -15.832157
vt 0.329634 -15.832132
vt 0.329617 -15.831495
vt 0.316626 -15.832132
vt 0.316608 -15.831495
vt 0.663142 0.341733
vt 0.663348 0.341751
vt 0.662104 0.357162
vt 0.662311 0.357181
vt 0.663555 0.341769
vt 0.662518 0.357199
vt 0.336445 0.341769
vt 0.336652 0.341751
vt 0.337482 0.357199
vt 0.337689 0.357181
vt 0.336858 0.341733
vt 0.337896 0.357162
vt 0.336546 -15.836647
vt 0.336546 -15.832645
vt 0.335381 -15.836647
vt 0.335381 -15.832645
vt 0.334217 -15.836647
vt 0.334217 -15.832645
vt -15.832645 0.342830
vt -15.836647 0.342830
vt -15.832645 0.341662
vt -15.836647 0.341662
vt -15.832645 0.340495
vt -15.836647 0.340495
vt 0.663454 -15.832645
vt 0.663454 -15.836647
vt 0.664619 -15.832645
vt 0.664619 -15.836647
vt 0.665783 -15.832645
vt 0.665783 -15.836647
vt 16.832645 0.340495
vt 16.836647 0.340495
vt 16.832645 0.341662
vt 16.836647 0.341662
vt 16.832645 0.342830
vt 16.836647 0.342830
vt 0.682443 0.356719
vt 0.682651 0.356719
vt 0.682443 0.382560
vt 0.682651 0.382560
vt 0.682859 0.356719
vt 0.682859 0.382560
vt 0.317141 0.356719
vt 0.317349 0.356719
vt 0.317141 0.382560
vt 0.317349 0.382560
vt 0.317557 0.356719
vt 0.317557 0.382560
vt 16.915039 0.370219
vt 16.913309 0.370219
vt -15.816175 0.368321
vt -15.834970 0.367166
vt -15.852680 0.366670
vt -15.865215 0.366597
vt -15.876553 0.366776
vt -15.889042 0.367235
vt -15.899916 0.367870
vt -15.907978 0.369073
vt 0.317942 0.370219
vt 0.324459 0.369073
vt -15.915039 0.370219
vt -15.913309 0.370219
vt 0.675232 0.368321
vt 0.682058 0.368321
vt 16.816175 0.368321
vt 16.834970 0.367166
vt 16.852680 0.366670
vt 16.865215 0.366597
vt 16.876553 0.366776
vt 16.889042 0.367235
vt 16.899916 0.367870
vt 16.907978 0.369073
vt 0.310117 0.369073
vt 0.316634 0.370219
vt 0.683366 0.368321
vt 0.690191 0.368321
vt -15.820066 0.363061
vt -15.819016 0.368004
vt -15.834970 0.359687
vt -15.834970 0.366968
vt -15.852680 0.366432
vt -15.852680 0.357362
vt -15.865215 0.356650
vt -15.865215 0.366345
vt -15.876553 0.366517
vt -15.876553 0.356808
vt -15.889042 0.357515
vt -15.889042 0.367002
vt -15.898169 0.358393
vt -15.898481 0.367584
vt -15.905884 0.368725
vt -15.903427 0.358849
vt 0.688979 0.368725
vt 0.682712 0.369795
vt 0.686773 0.358849
vt 0.682712 0.358980
vt 0.678651 0.358849
vt 0.676445 0.368725
vt 0.317288 0.368004
vt 0.310669 0.368004
vt 0.314250 0.363061
vt 0.320326 0.363061
vt 0.323908 0.368004
vt 0.320326 -15.820066
vt 0.314250 -15.820066
vt 0.323188 -15.834970
vt 0.311388 -15.834970
vt 0.326048 -15.852680
vt 0.308528 -15.852680
vt 0.307330 -15.865215
vt 0.327246 -15.865215
vt 0.327511 -15.876553
vt 0.307065 -15.876553
vt 0.326252 -15.889042
vt 0.308324 -15.889042
vt 0.310347 -15.898169
vt 0.324229 -15.898169
vt 0.313227 -15.903427
vt 0.321349 -15.903427
vt 0.317288 -15.908066
vt 16.820066 0.363061
vt 16.834970 0.359687
vt 16.819016 0.368004
vt 16.834970 0.366968
vt 16.852680 0.366432
vt 16.852680 0.357362
vt 16.865215 0.366345
vt 16.865215 0.356650
vt 16.876553 0.366517
vt 16.876553 0.356808
vt 16.889042 0.367002
vt 16.889042 0.357515
vt 16.898169 0.358393
vt 16.898481 0.367584
vt 16.905884 0.368725
vt 16.903427 0.358849
vt 0.317678 0.369698
vt 0.316897 0.369698
vt 0.317678 0.368916
vt 0.316897 0.368916
vt 0.682322 -15.829069
vt 0.683103 -15.829069
vt 0.682187 -15.815498
vt 0.683237 -15.815498
vt 16.829069 0.368916
vt 16.829044 0.369698
vt 16.815498 0.368366
vt 16.815466 0.369418
vt 0.316897 -15.829044
vt 0.317678 -15.829044
vt 0.316763 -15.815466
vt 0.317813 -15.815466
vt -15.829044 0.369698
vt -15.829069 0.368916
vt -15.815466 0.369418
vt -15.815498 0.368366
vt 0.303976 -15.852068
vt 0.330601 -15.852068
vt 0.304633 -15.847385
vt 0.329944 -15.847385
vt 0.303029 -15.864225
vt 0.331548 -15.864225
vt 0.303365 -15.859541
vt 0.331211 -15.859541
vt 0.330176 -15.888439
vt 0.330742 -15.883755
vt 0.304401 -15.888439
vt 0.303834 -15.883755
vt 0.695367 0.365402
vt 0.670056 0.365402
vt 0.695367 0.364017
vt 0.670056 0.364017
vt 0.331617 0.363939
vt 0.331617 0.365325
vt 0.302960 0.363939
vt 0.302960 0.365325
vt 0.696635 0.365204
vt 0.668789 0.365204
vt 0.696635 0.363818
vt 0.668789 0.363818
vt 0.696166 0.365575
vt 0.669258 0.365575
vt 0.696166 0.364189
vt 0.669258 0.364189
vt 0.688952 0.365814
vt 0.676472 0.365814
vt 0.688952 0.364429
vt 0.676472 0.364429
vt 0.321223 0.365156
vt 0.321223 0.366540
vt 0.313354 0.365156
vt 0.313354 0.366540
vt 0.328935 0.364226
vt 0.328935 0.365611
vt 0.305641 0.364226
vt 0.305641 0.365611
vt -15.822063 0.366540
vt -15.835453 0.365814
vt -15.822021 0.365156
vt -15.835426 0.364429
vt 0.331617 -15.876160
vt 0.331608 -15.871473
vt 0.302960 -15.876160
vt 0.302969 -15.871473
vt 0.303976 0.365285
vt 0.303976 0.363900
vt 0.330601 0.365285
vt 0.330601 0.363900
vt 0.697031 0.365269
vt 0.668392 0.365269
vt 0.697031 0.363883
vt 0.668392 0.363883
vt 0.303029 0.365194
vt 0.303029 0.363809
vt 0.331548 0.365194
vt 0.331548 0.363809
vt 0.304401 0.365732
vt 0.304401 0.364347
vt 0.330176 0.365732
vt 0.330176 0.364347
vt 16.835426 0.364429
vt 16.835453 0.365814
vt 16.822021 0.365156
vt 16.822063 0.366540
vt 0.317288 -15.896544
vt 0.305789 -15.896544
vt 0.307550 -15.902094
vt 0.317288 -15.912205
vt 0.327026 -15.902094
vt 0.328787 -15.896544
vt 0.694211 0.366082
vt 0.682712 0.366082
vt 0.694211 0.364723
vt 0.682712 0.364723
vt 0.671213 0.364723
vt 0.671213 0.366082
vt 0.309809 -15.816175
vt 0.305277 -15.834970
vt 0.310669 -15.819016
vt 0.316634 -15.816175
vt 0.306902 -15.834970
vt 0.317288 -15.819016
vt 0.317942 -15.816175
vt 0.302733 -15.852680
vt 0.304247 -15.852680
vt 0.323908 -15.819016
vt 0.324768 -15.816175
vt 0.329299 -15.834970
vt 0.327675 -15.834970
vt 0.331844 -15.852680
vt 0.330330 -15.852680
vt 0.303411 -15.865215
vt 0.301931 -15.865215
vt 0.332645 -15.865215
vt 0.331166 -15.865215
vt 0.302089 -15.876553
vt 0.303584 -15.876553
vt 0.304947 -15.889042
vt 0.303398 -15.889042
vt 0.306837 -15.898481
vt 0.305563 -15.899916
vt 0.311021 -15.905884
vt 0.310117 -15.907978
vt 0.330993 -15.876553
vt 0.332488 -15.876553
vt 0.317288 -15.910788
vt 0.331179 -15.889042
vt 0.329629 -15.889042
vt 0.327739 -15.898481
vt 0.329014 -15.899916
vt 0.323555 -15.905884
vt 0.324459 -15.907978
vt 0.313354 -15.822063
vt 0.321223 -15.822063
vt 0.310361 -15.817923
vt 0.311048 -15.835453
vt 0.324216 -15.817923
vt 0.305641 -15.840136
vt 0.323528 -15.835453
vt 0.328935 -15.840136
vt 0.338586 0.336647
vt 0.338586 0.338087
vt 0.315636 0.336647
vt 0.315636 0.338087
vt -15.889986 0.336647
vt -15.889986 0.338087
vt -15.897593 0.336647
vt -15.897593 0.338087
vt 16.889986 0.338087
vt 16.889986 0.336647
vt 16.897593 0.338087
vt 16.897593 0.336647
vt 0.338586 -15.889986
vt 0.315636 -15.889986
vt 0.338586 -15.897593
vt 0.315636 -15.897593
vt 0.684364 0.338087
vt 0.661414 0.338087
vt 0.684364 0.336647
vt 0.661414 0.336647
vt 0.338586 0.336647
vt 0.338586 0.338087
vt 0.315636 0.336647
vt 0.315636 0.338087
vt -15.830887 0.336647
vt -15.830887 0.338087
vt -15.838493 0.336647
vt -15.838493 0.338087
vt 16.830887 0.338087
vt 16.830887 0.336647
vt 16.838493 0.338087
vt 16.838493 0.336647
vt 0.338586 -15.830887
vt 0.315636 -15.830887
vt 0.338586 -15.838493
vt 0.315636 -15.838493
vt 0.684364 0.338087
vt 0.661414 0.338087
vt 0.684364 0.336647
vt 0.661414 0.336647
s 1
g Cr_Lifeboat_T_A(R)_001_steel_4
usemtl steel_4
f 3/1/1 2/2/1 1/3/2
f 4/4/2 1/3/2 2/2/1
f 1/3/2 4/4/2 5/5/3
f 6/6/3 5/5/3 4/4/2
f 5/5/3 6/6/3 7/7/4
f 8/8/4 7/7/4 6/6/3
f 7/7/4 8/8/4 9/9/5
f 10/10/5 9/9/5 8/8/4
f 9/9/5 10/10/5 11/11/6
f 12/12/6 11/11/6 10/10/5
f 11/11/6 12/12/6 13/13/7
f 14/14/7 13/13/7 12/12/6
f 17/15/8 16/16/8 15/17/9
f 18/18/9 15/17/9 16/16/8
f 15/17/9 18/18/9 19/19/10
f 20/20/10 19/19/10 18/18/9
f 19/19/10 20/20/10 21/21/11
f 22/22/11 21/21/11 20/20/10
f 21/21/11 22/22/11 23/23/12
f 24/24/12 23/23/12 22/22/11
f 23/23/12 24/24/12 25/25/13
f 26/26/13 25/25/13 24/24/12
f 29/27/14 28/28/14 27/29/15
f 30/30/15 27/29/15 28/28/14
f 27/29/15 30/30/15 31/31/16
f 32/32/16 31/31/16 30/30/15
f 31/31/16 32/32/16 33/33/17
f 34/34/17 33/33/17 32/32/16
f 37/35/18 36/36/18 35/37/19
f 38/38/19 35/37/19 36/36/18
f 35/37/19 38/38/19 39/39/20
f 40/40/20 39/39/20 38/38/19
f 43/41/21 42/42/22 41/43/23
f 44/44/24 41/43/23 42/42/22
f 41/43/23 44/44/24 45/45/25
f 46/46/26 45/45/25 44/44/24
f 45/45/25 46/46/26 47/47/27
f 48/48/28 47/47/27 46/46/26
f 47/47/27 48/48/28 49/49/29
f 50/50/30 49/49/29 48/48/28
f 49/49/29 50/50/30 51/51/31
f 52/52/32 51/51/31 50/50/30
f 51/51/31 52/52/32 53/53/33
f 54/54/34 53/53/33 52/52/32
f 53/53/33 54/54/34 55/55/35
f 56/56/36 55/55/35 54/54/34
f 55/55/35 56/56/36 57/57/37
f 58/58/38 57/57/37 56/56/36
f 57/57/37 58/58/38 59/59/39
f 60/60/39 59/59/39 58/58/38
f 63/61/40 62/62/41 61/63/42
f 64/64/43 61/63/42 62/62/41
f 61/63/42 64/64/43 65/65/44
f 66/66/45 65/65/44 64/64/43
f 65/65/44 66/66/45 67/67/46
f 68/68/47 67/67/46 66/66/45
f 67/67/46 68/68/47 69/69/48
f 70/70/49 69/69/48 68/68/47
f 69/69/48 70/70/49 71/71/50
f 72/72/51 71/71/50 70/70/49
f 71/71/50 72/72/51 73/73/52
f 74/74/53 73/73/52 72/72/51
f 73/73/52 74/74/53 75/75/54
f 76/76/55 75/75/54 74/74/53
f 76/76/55 77/77/56 75/75/54
f 78/78/57 75/75/54 77/77/56
f 78/78/57 77/77/56 79/79/58
f 80/80/58 79/79/58 77/77/56
f 83/81/59 82/82/59 81/83/59
f 84/84/59 81/83/59 82/82/59
f 87/85/60 86/86/61 85/87/62
f 88/88/63 85/87/62 86/86/61
f 85/87/62 88/88/63 89/89/64
f 90/90/65 89/89/64 88/88/63
f 90/90/65 91/91/66 89/89/64
f 92/92/67 89/89/64 91/91/66
f 91/91/66 93/93/68 92/92/67
f 91/91/66 94/94/69 93/93/68
f 95/95/70 92/92/67 93/93/68
f 96/96/71 93/93/68 94/94/69
f 93/93/68 97/97/72 95/95/70
f 93/93/68 96/96/71 97/97/72
f 98/98/73 95/95/70 97/97/72
f 99/99/74 97/97/72 96/96/71
f 97/97/72 100/100/75 98/98/73
f 97/97/72 99/99/74 100/100/75
f 101/101/76 100/100/75 99/99/74
f 101/101/76 102/102/77 100/100/75
f 103/103/78 98/98/73 100/100/75
f 104/104/79 100/100/75 102/102/77
f 100/100/75 104/104/79 103/103/78
f 105/105/80 103/103/78 104/104/79
f 108/106/81 107/107/82 106/108/83
f 109/109/79 106/108/83 107/107/82
f 109/109/79 110/110/84 106/108/83
f 111/111/85 106/108/83 110/110/84
f 114/112/86 113/113/87 112/114/88
f 115/115/89 112/114/88 113/113/87
f 112/114/88 115/115/89 116/116/90
f 117/117/91 116/116/90 115/115/89
f 115/115/89 118/118/92 117/117/91
f 116/116/90 117/117/91 119/119/66
f 120/120/93 117/117/91 118/118/92
f 121/121/94 119/119/66 117/117/91
f 117/117/91 120/120/93 121/121/94
f 122/122/95 121/121/94 120/120/93
f 120/120/93 123/123/96 122/122/95
f 124/124/97 122/122/95 123/123/96
f 121/121/94 122/122/95 125/125/98
f 124/124/97 126/126/99 122/122/95
f 127/127/100 125/125/98 122/122/95
f 127/127/100 122/122/95 126/126/99
f 125/125/98 127/127/100 128/128/101
f 127/127/100 126/126/99 129/129/102
f 129/129/102 128/128/101 127/127/100
f 130/130/103 129/129/102 126/126/99
f 128/128/101 129/129/102 131/131/104
f 129/129/102 130/130/103 132/132/105
f 132/132/105 131/131/104 129/129/102
f 132/132/105 133/133/106 131/131/104
f 133/133/106 132/132/105 134/134/107
f 134/134/107 135/135/108 133/133/106
f 138/136/109 137/137/92 136/138/96
f 139/139/110 136/138/96 137/137/92
f 139/139/110 137/137/92 140/140/111
f 141/141/112 140/140/111 137/137/92
f 137/137/92 142/142/89 141/141/112
f 143/143/113 141/141/112 142/142/89
f 146/144/114 145/106/114 144/145/115
f 147/146/115 144/145/115 145/106/114
f 144/145/115 147/146/115 148/147/116
f 149/148/116 148/147/116 147/146/115
f 152/149/117 151/150/117 150/151/118
f 153/152/119 150/151/118 151/150/117
f 154/153/120 150/151/118 153/152/119
f 155/154/120 154/153/120 153/152/119
f 158/155/121 157/156/121 156/157/121
f 159/158/121 156/157/121 157/156/121
f 159/158/121 157/156/121 160/159/121
f 161/160/121 160/159/121 157/156/121
f 161/160/121 162/161/121 160/159/121
f 163/123/121 160/159/121 162/161/121
f 163/123/121 162/161/121 164/124/121
f 165/162/121 164/124/121 162/161/121
f 164/124/121 165/162/121 166/126/122
f 167/163/122 166/126/122 165/162/121
f 166/126/122 167/163/122 168/130/123
f 169/164/123 168/130/123 167/163/122
f 169/164/123 170/165/124 168/130/123
f 171/132/124 168/130/123 170/165/124
f 170/165/124 172/166/125 171/132/124
f 173/167/125 171/132/124 172/166/125
f 173/167/125 172/166/125 174/168/126
f 175/169/126 174/168/126 172/166/125
f 178/170/127 177/171/128 176/172/129
f 179/173/130 176/172/129 177/171/128
f 179/173/130 180/174/131 176/172/129
f 181/144/132 176/172/129 180/174/131
f 184/175/133 183/176/134 182/177/135
f 185/178/136 182/177/135 183/176/134
f 183/176/134 186/179/137 185/178/136
f 187/180/138 185/178/136 186/179/137
f 185/178/136 187/180/138 188/181/139
f 189/182/140 188/181/139 187/180/138
f 187/180/138 186/179/137 190/183/141
f 191/184/142 190/183/141 186/179/137
f 190/183/141 192/185/143 187/180/138
f 189/182/140 187/180/138 192/185/143
f 190/183/141 193/186/144 192/185/143
f 192/185/143 194/162/145 189/182/140
f 195/161/146 189/182/140 194/162/145
f 194/162/145 192/185/143 196/163/147
f 197/187/148 196/163/147 192/185/143
f 197/187/148 192/185/143 193/186/144
f 196/163/147 197/187/148 198/164/149
f 197/187/148 193/186/144 199/188/150
f 199/188/150 198/164/149 197/187/148
f 200/189/151 199/188/150 193/186/144
f 200/189/151 201/190/152 199/188/150
f 198/164/149 199/188/150 202/165/153
f 202/165/153 199/188/150 201/190/152
f 203/191/154 202/165/153 201/190/152
f 203/191/154 204/192/155 202/165/153
f 205/193/156 204/192/155 203/191/154
f 208/194/157 207/195/146 206/196/158
f 209/197/159 206/196/158 207/195/146
f 209/197/159 210/198/160 206/196/158
f 211/199/161 206/196/158 210/198/160
f 206/196/158 211/199/161 212/200/136
f 213/201/135 212/200/136 211/199/161
f 216/202/162 215/203/163 214/204/164
f 217/205/163 214/204/164 215/203/163
f 220/206/120 219/207/120 218/208/119
f 221/209/118 220/206/120 218/208/119
f 218/208/119 222/210/117 221/209/118
f 223/211/117 221/209/118 222/210/117
f 226/212/165 225/213/165 224/214/165
f 227/215/165 224/214/165 225/213/165
f 230/216/166 229/217/167 228/218/168
f 231/219/169 228/218/168 229/217/167
f 231/219/169 232/220/170 228/218/168
f 233/221/171 228/218/168 232/220/170
f 232/220/170 234/199/172 233/221/171
f 234/199/172 235/198/173 233/221/171
f 235/198/173 236/222/174 233/221/171
f 235/198/173 237/197/175 236/222/174
f 238/223/175 236/222/174 237/197/175
f 237/197/175 239/195/175 238/223/175
f 240/224/175 238/223/175 239/195/175
f 240/224/175 239/195/175 241/225/175
f 242/226/175 241/225/175 239/195/175
f 241/225/175 242/226/175 243/227/175
f 244/228/175 243/227/175 242/226/175
f 243/227/175 244/228/175 245/229/175
f 246/230/175 245/229/175 244/228/175
f 246/230/175 247/231/175 245/229/175
f 248/232/175 245/229/175 247/231/175
f 247/231/175 249/233/175 248/232/175
f 250/234/175 248/232/175 249/233/175
f 250/234/175 249/233/175 251/235/175
f 252/236/175 251/235/175 249/233/175
f 252/236/175 253/237/175 251/235/175
f 254/238/175 251/235/175 253/237/175
f 253/237/175 255/239/175 254/238/175
f 256/240/175 254/238/175 255/239/175
f 259/241/176 258/242/176 257/243/176
f 260/244/176 257/243/176 258/242/176
f 263/245/177 262/246/178 261/247/179
f 264/248/180 261/247/179 262/246/178
f 264/248/180 262/246/178 265/86/181
f 266/249/182 265/86/181 262/246/178
f 267/141/183 265/86/181 266/249/182
f 268/140/184 267/141/183 266/249/182
f 269/250/185 268/140/184 266/249/182
f 268/140/184 269/250/185 270/139/186
f 271/251/186 270/139/186 269/250/185
f 270/139/186 271/251/186 272/138/186
f 273/252/186 272/138/186 271/251/186
f 272/138/186 273/252/186 274/253/186
f 275/254/186 274/253/186 273/252/186
f 275/254/186 276/255/186 274/253/186
f 277/256/186 274/253/186 276/255/186
f 277/256/186 276/255/186 278/257/186
f 279/258/186 278/257/186 276/255/186
f 278/257/186 279/258/186 280/259/186
f 281/260/186 280/259/186 279/258/186
f 280/259/186 281/260/186 282/261/186
f 283/262/186 282/261/186 281/260/186
f 282/261/186 283/262/186 284/263/186
f 285/264/186 284/263/186 283/262/186
f 284/263/186 285/264/186 286/265/186
f 287/266/186 286/265/186 285/264/186
f 286/265/186 287/266/186 288/267/186
f 289/268/186 288/267/186 287/266/186
f 292/269/187 291/270/187 290/271/187
f 293/272/187 290/271/187 291/270/187
f 296/273/188 295/274/189 294/220/190
f 297/275/191 294/220/190 295/274/189
f 295/274/189 298/276/192 297/275/191
f 299/277/193 297/275/191 298/276/192
f 298/276/192 300/278/194 299/277/193
f 301/279/195 299/277/193 300/278/194
f 301/279/195 300/278/194 302/280/196
f 301/279/195 302/280/196 303/281/141
f 304/282/197 303/281/141 302/280/196
f 305/283/198 302/280/196 300/278/194
f 304/282/197 302/280/196 306/284/199
f 302/280/196 305/283/198 307/285/200
f 307/285/200 306/284/199 302/280/196
f 308/286/201 307/285/200 305/283/198
f 307/285/200 309/287/202 306/284/199
f 307/285/200 308/286/201 309/287/202
f 310/288/203 306/284/199 309/287/202
f 310/288/203 309/287/202 311/289/204
f 312/290/205 309/287/202 308/286/201
f 313/291/130 311/289/204 309/287/202
f 309/287/202 312/290/205 313/291/130
f 314/292/206 313/291/130 312/290/205
f 317/293/207 316/294/207 315/295/207
f 318/296/207 315/295/207 316/294/207
f 321/297/208 320/298/208 319/299/208
f 322/300/208 319/299/208 320/298/208
f 325/301/175 324/302/175 323/303/175
f 326/304/175 323/303/175 324/302/175
f 329/305/163 328/306/163 327/307/163
f 330/308/163 327/307/163 328/306/163
f 333/309/186 332/310/186 331/311/186
f 334/312/186 331/311/186 332/310/186
f 337/313/207 336/314/207 335/315/207
f 338/316/207 335/315/207 336/314/207
f 341/317/208 340/318/208 339/319/208
f 342/320/208 339/319/208 340/318/208
f 345/321/175 344/322/175 343/323/175
f 346/324/175 343/323/175 344/322/175
f 349/325/163 348/326/163 347/327/163
f 350/328/163 347/327/163 348/326/163
f 353/329/186 352/330/186 351/331/186
f 354/332/186 351/331/186 352/330/186
f 357/333/121 356/334/121 355/335/121
f 358/336/121 355/335/121 356/334/121
f 361/337/186 360/338/186 359/339/186
f 362/340/186 359/339/186 360/338/186
f 365/341/163 364/342/163 363/343/163
f 366/344/163 363/343/163 364/342/163
f 369/345/175 368/346/175 367/347/175
f 370/348/175 367/347/175 368/346/175
f 373/2/209 372/1/209 371/349/210
f 374/350/210 371/349/210 372/1/209
f 374/350/210 375/351/211 371/349/210
f 376/352/211 371/349/210 375/351/211
f 379/353/212 378/354/212 377/355/213
f 380/356/213 377/355/213 378/354/212
f 383/357/163 382/358/163 381/359/163
f 384/360/163 381/359/163 382/358/163
f 387/361/163 386/362/163 385/363/163
f 388/364/163 385/363/163 386/362/163
f 391/365/207 390/366/207 389/367/207
f 392/368/207 389/367/207 390/366/207
f 395/369/214 394/370/214 393/371/214
f 396/372/214 393/371/214 394/370/214
f 399/373/208 398/374/208 397/375/208
f 400/376/208 397/375/208 398/374/208
f 403/377/215 402/378/215 401/379/215
f 404/380/215 401/379/215 402/378/215
f 407/381/207 406/366/207 405/382/207
f 408/368/207 405/382/207 406/366/207
f 411/383/214 410/384/214 409/385/214
f 412/386/214 409/385/214 410/384/214
f 415/373/208 414/374/208 413/375/208
f 416/387/208 413/375/208 414/374/208
f 419/388/215 418/389/215 417/390/215
f 420/391/215 417/390/215 418/389/215
f 423/392/207 422/393/207 421/394/207
f 424/395/207 421/394/207 422/393/207
f 424/395/207 425/396/207 421/394/207
f 428/397/208 427/398/208 426/399/208
f 429/400/208 426/399/208 427/398/208
f 427/398/208 430/401/208 429/400/208
f 433/402/216 432/403/216 431/404/163
f 434/405/163 431/404/163 432/403/216
f 431/404/163 434/405/163 435/406/217
f 436/407/217 435/406/217 434/405/163
f 439/408/216 438/409/216 437/410/218
f 440/411/218 437/410/218 438/409/216
f 443/412/219 442/413/219 441/414/217
f 444/415/217 441/414/217 442/413/219
f 447/416/217 446/417/217 445/418/219
f 448/419/219 445/418/219 446/417/217
f 451/420/218 450/421/218 449/422/216
f 452/423/216 449/422/216 450/421/218
f 455/424/216 454/425/216 453/426/163
f 456/427/163 453/426/163 454/425/216
f 453/426/163 456/427/163 457/428/217
f 458/429/217 457/428/217 456/427/163
f 461/393/207 460/430/207 459/431/207
f 462/432/207 459/431/207 460/430/207
f 462/432/207 460/430/207 463/433/207
f 466/434/208 465/435/208 464/436/208
f 467/400/208 464/436/208 465/435/208
f 468/401/208 467/400/208 465/435/208
f 471/437/1 470/438/1 469/439/2
f 472/440/2 469/439/2 470/438/1
f 469/439/2 472/440/2 473/441/3
f 474/442/3 473/441/3 472/440/2
f 473/441/3 474/442/3 475/443/4
f 476/444/4 475/443/4 474/442/3
f 475/443/4 476/444/4 477/445/5
f 478/446/5 477/445/5 476/444/4
f 477/445/5 478/446/5 479/447/6
f 480/448/6 479/447/6 478/446/5
f 479/447/6 480/448/6 481/449/7
f 482/450/7 481/449/7 480/448/6
f 485/451/8 484/452/8 483/453/9
f 486/454/9 483/453/9 484/452/8
f 483/453/9 486/454/9 487/455/10
f 488/456/10 487/455/10 486/454/9
f 487/455/10 488/456/10 489/457/11
f 490/458/11 489/457/11 488/456/10
f 489/457/11 490/458/11 491/459/12
f 492/460/12 491/459/12 490/458/11
f 491/459/12 492/460/12 493/461/13
f 494/462/13 493/461/13 492/460/12
f 497/463/14 496/464/14 495/465/15
f 498/466/15 495/465/15 496/464/14
f 495/465/15 498/466/15 499/467/16
f 500/468/16 499/467/16 498/466/15
f 499/467/16 500/468/16 501/469/17
f 502/470/17 501/469/17 500/468/16
f 505/471/18 504/472/18 503/473/19
f 506/474/19 503/473/19 504/472/18
f 503/473/19 506/474/19 507/475/20
f 508/476/20 507/475/20 506/474/19
f 511/477/21 510/478/220 509/479/23
f 512/480/24 509/479/23 510/478/220
f 509/479/23 512/480/24 513/481/25
f 514/482/26 513/481/25 512/480/24
f 513/481/25 514/482/26 515/483/27
f 516/484/28 515/483/27 514/482/26
f 515/483/27 516/484/28 517/485/29
f 518/486/30 517/485/29 516/484/28
f 517/485/29 518/486/30 519/487/31
f 520/488/32 519/487/31 518/486/30
f 519/487/31 520/488/32 521/489/33
f 522/490/34 521/489/33 520/488/32
f 521/489/33 522/490/34 523/491/35
f 524/492/36 523/491/35 522/490/34
f 523/491/35 524/492/36 525/493/37
f 526/494/38 525/493/37 524/492/36
f 525/493/37 526/494/38 527/495/39
f 528/496/39 527/495/39 526/494/38
f 531/497/40 530/498/41 529/499/42
f 532/500/43 529/499/42 530/498/41
f 529/499/42 532/500/43 533/501/44
f 534/502/45 533/501/44 532/500/43
f 533/501/44 534/502/45 535/503/46
f 536/504/47 535/503/46 534/502/45
f 535/503/46 536/504/47 537/505/48
f 538/506/49 537/505/48 536/504/47
f 537/505/48 538/506/49 539/507/50
f 540/508/51 539/507/50 538/506/49
f 539/507/50 540/508/51 541/509/52
f 542/510/53 541/509/52 540/508/51
f 541/509/52 542/510/53 543/511/54
f 544/512/55 543/511/54 542/510/53
f 544/512/55 545/513/56 543/511/54
f 546/514/57 543/511/54 545/513/56
f 546/514/57 545/513/56 547/515/58
f 548/516/58 547/515/58 545/513/56
f 551/517/59 550/518/59 549/519/59
f 552/520/59 549/519/59 550/518/59
f 555/438/209 554/437/209 553/521/210
f 556/522/210 553/521/210 554/437/209
f 556/522/210 557/523/211 553/521/210
f 558/524/211 553/521/210 557/523/211
f 561/525/212 560/526/212 559/527/213
f 562/528/213 559/527/213 560/526/212
f 565/529/163 564/530/163 563/531/163
f 566/532/163 563/531/163 564/530/163
f 569/533/163 568/534/163 567/535/163
f 570/536/163 567/535/163 568/534/163
f 573/537/207 572/538/207 571/539/207
f 574/540/207 571/539/207 572/538/207
f 577/541/214 576/542/214 575/543/214
f 578/544/214 575/543/214 576/542/214
f 581/545/208 580/546/208 579/547/208
f 582/548/208 579/547/208 580/546/208
f 585/549/215 584/550/215 583/551/215
f 586/552/215 583/551/215 584/550/215
f 589/553/207 588/538/207 587/539/207
f 590/540/207 587/539/207 588/538/207
f 593/554/214 592/555/214 591/556/214
f 594/557/214 591/556/214 592/555/214
f 597/545/208 596/546/208 595/547/208
f 598/548/208 595/547/208 596/546/208
f 601/558/215 600/559/215 599/560/215
f 602/561/215 599/560/215 600/559/215
f 605/562/207 604/563/207 603/564/207
f 606/565/207 603/564/207 604/563/207
f 606/565/207 607/566/207 603/564/207
f 610/567/208 609/435/208 608/568/208
f 611/569/208 608/568/208 609/435/208
f 609/435/208 612/570/208 611/569/208
f 615/571/216 614/572/216 613/573/163
f 616/574/163 613/573/163 614/572/216
f 613/573/163 616/574/163 617/575/217
f 618/576/217 617/575/217 616/574/163
f 621/577/216 620/578/216 619/579/218
f 622/580/218 619/579/218 620/578/216
f 625/581/219 624/582/219 623/583/217
f 626/584/217 623/583/217 624/582/219
f 629/585/217 628/586/217 627/587/219
f 630/588/219 627/587/219 628/586/217
f 633/589/218 632/590/218 631/591/216
f 634/592/216 631/591/216 632/590/218
f 637/593/216 636/594/216 635/595/163
f 638/596/163 635/595/163 636/594/216
f 635/595/163 638/596/163 639/597/217
f 640/598/217 639/597/217 638/596/163
f 643/563/207 642/599/207 641/600/207
f 644/601/207 641/600/207 642/599/207
f 644/601/207 642/599/207 645/602/207
f 648/567/208 647/603/208 646/568/208
f 649/604/208 646/568/208 647/603/208
f 650/605/208 649/604/208 647/603/208
g Cr_Lifeboat_T_A(R)_001_details_3
usemtl details_3
f 653/606/221 652/607/163 651/608/221
f 654/609/163 651/608/221 652/607/163
f 652/607/163 655/610/222 654/609/163
f 656/611/222 654/609/163 655/610/222
f 659/612/221 658/613/223 657/614/221
f 660/615/223 657/614/221 658/613/223
f 663/616/223 662/617/121 661/618/223
f 664/619/121 661/618/223 662/617/121
f 662/617/121 665/620/224 664/619/121
f 666/621/224 664/619/121 665/620/224
f 669/622/224 668/623/222 667/624/224
f 670/625/222 667/624/224 668/623/222
f 673/626/221 672/627/163 671/628/221
f 674/629/163 671/628/221 672/627/163
f 672/627/163 675/630/222 674/629/163
f 676/631/222 674/629/163 675/630/222
f 679/632/221 678/633/223 677/634/221
f 680/635/223 677/634/221 678/633/223
f 683/636/223 682/637/121 681/638/223
f 684/639/121 681/638/223 682/637/121
f 682/637/121 685/640/224 684/639/121
f 686/641/224 684/639/121 685/640/224
f 689/642/224 688/643/222 687/644/224
f 690/645/222 687/644/224 688/643/222
f 693/646/221 692/647/163 691/648/221
f 694/649/163 691/648/221 692/647/163
f 692/647/163 695/650/222 694/649/163
f 696/651/222 694/649/163 695/650/222
f 699/652/221 698/653/223 697/654/221
f 700/655/223 697/654/221 698/653/223
f 703/656/223 702/657/121 701/658/223
f 704/659/121 701/658/223 702/657/121
f 702/657/121 705/660/224 704/659/121
f 706/661/224 704/659/121 705/660/224
f 709/662/224 708/663/222 707/664/224
f 710/665/222 707/664/224 708/663/222
f 713/666/221 712/667/163 711/668/221
f 714/669/163 711/668/221 712/667/163
f 712/667/163 715/670/222 714/669/163
f 716/671/222 714/669/163 715/670/222
f 719/672/221 718/673/223 717/674/221
f 720/675/223 717/674/221 718/673/223
f 723/676/223 722/677/121 721/678/223
f 724/679/121 721/678/223 722/677/121
f 722/677/121 725/680/224 724/679/121
f 726/681/224 724/679/121 725/680/224
f 729/682/224 728/683/222 727/684/224
f 730/685/222 727/684/224 728/683/222
f 733/686/207 732/687/207 731/688/207
f 733/686/207 731/688/207 734/689/207
f 733/686/207 735/690/207 732/687/207
f 733/686/207 734/689/207 736/691/207
f 733/686/207 737/692/207 735/690/207
f 733/686/207 736/691/207 737/692/207
f 740/693/207 739/694/207 738/695/207
f 740/693/207 738/695/207 741/696/207
f 740/693/207 742/697/207 739/694/207
f 740/693/207 741/696/207 743/698/207
f 740/693/207 744/699/207 742/697/207
f 740/693/207 743/698/207 744/699/207
f 747/700/207 746/701/207 745/702/207
f 747/700/207 745/702/207 748/703/207
f 747/700/207 749/704/207 746/701/207
f 747/700/207 748/703/207 750/705/207
f 747/700/207 751/706/207 749/704/207
f 747/700/207 750/705/207 751/706/207
f 754/707/207 753/708/207 752/709/207
f 754/707/207 752/709/207 755/710/207
f 754/707/207 756/711/207 753/708/207
f 754/707/207 755/710/207 757/712/207
f 754/707/207 758/713/207 756/711/207
f 754/707/207 757/712/207 758/713/207
f 761/714/225 760/715/225 759/716/208
f 761/714/225 759/716/208 762/717/208
f 761/714/225 763/718/225 760/715/225
f 761/714/225 762/717/208 764/719/225
f 761/714/225 765/720/225 763/718/225
f 761/714/225 764/719/225 765/720/225
f 768/721/225 767/722/225 766/723/208
f 768/721/225 766/723/208 769/724/208
f 768/721/225 770/725/225 767/722/225
f 768/721/225 769/724/208 771/726/225
f 768/721/225 772/727/225 770/725/225
f 768/721/225 771/726/225 772/727/225
f 775/728/225 774/729/225 773/730/208
f 775/728/225 773/730/208 776/731/208
f 775/728/225 777/732/225 774/729/225
f 775/728/225 776/731/208 778/733/225
f 775/728/225 779/734/225 777/732/225
f 775/728/225 778/733/225 779/734/225
f 782/735/225 781/736/225 780/737/208
f 782/735/225 780/737/208 783/738/208
f 782/735/225 784/739/225 781/736/225
f 782/735/225 783/738/208 785/740/225
f 782/735/225 786/741/225 784/739/225
f 782/735/225 785/740/225 786/741/225
g Cr_Lifeboat_T_A(R)_001_details_2
usemtl details_2
f 789/742/175 788/743/208 787/744/175
f 790/745/208 787/744/175 788/743/208
f 788/743/208 791/746/226 790/745/208
f 792/747/186 790/745/208 791/746/226
f 795/748/186 794/749/207 793/750/186
f 796/751/207 793/750/186 794/749/207
f 794/749/207 797/752/175 796/751/207
f 798/753/227 796/751/207 797/752/175
f 801/754/228 800/755/229 799/756/230
f 802/757/231 799/756/230 800/755/229
f 800/755/229 803/758/232 802/757/231
f 804/759/233 802/757/231 803/758/232
f 803/758/232 805/760/234 804/759/233
f 806/761/235 804/759/233 805/760/234
f 805/760/234 807/762/236 806/761/235
f 808/763/237 806/761/235 807/762/236
f 808/763/237 807/762/236 809/764/238
f 810/765/239 809/764/238 807/762/236
f 813/766/240 812/767/241 811/768/242
f 814/769/243 811/768/242 812/767/241
f 817/770/244 816/771/245 815/772/246
f 818/773/247 815/772/246 816/771/245
f 816/771/245 819/774/248 818/773/247
f 820/775/249 818/773/247 819/774/248
f 820/775/249 819/774/248 821/776/250
f 822/777/251 821/776/250 819/774/248
f 821/776/250 822/777/251 823/778/252
f 824/779/253 823/778/252 822/777/251
f 823/778/252 824/779/253 825/780/254
f 826/781/255 825/780/254 824/779/253
f 829/782/256 828/783/257 827/784/231
f 830/785/258 827/784/231 828/783/257
f 833/786/259 832/787/260 831/788/261
f 834/789/262 831/788/261 832/787/260
f 837/790/263 836/791/264 835/792/233
f 838/793/265 835/792/233 836/791/264
f 841/794/266 840/795/267 839/796/232
f 842/797/268 839/796/232 840/795/267
f 842/797/268 840/795/267 843/798/236
f 844/799/269 843/798/236 840/795/267
f 847/800/270 846/801/233 845/802/251
f 848/803/271 845/802/251 846/801/233
f 845/802/251 848/803/271 849/804/253
f 850/805/272 849/804/253 848/803/271
f 853/806/273 852/807/274 851/808/275
f 854/809/276 851/808/275 852/807/274
f 852/807/274 855/810/277 854/809/276
f 856/811/278 854/809/276 855/810/277
f 855/810/277 857/812/279 856/811/278
f 858/813/280 856/811/278 857/812/279
f 857/812/279 859/814/281 858/813/280
f 860/815/282 858/813/280 859/814/281
f 859/814/281 861/816/283 860/815/282
f 862/817/284 860/815/282 861/816/283
f 862/817/284 861/816/283 863/818/285
f 864/819/286 863/818/285 861/816/283
f 867/820/287 866/821/288 865/822/289
f 868/823/290 865/822/289 866/821/288
f 871/824/291 870/825/292 869/826/293
f 872/827/294 869/826/293 870/825/292
f 870/825/292 873/828/295 872/827/294
f 874/829/296 872/827/294 873/828/295
f 874/829/296 873/828/295 875/830/297
f 876/831/298 875/830/297 873/828/295
f 875/830/297 876/831/298 877/832/299
f 878/833/300 877/832/299 876/831/298
f 877/832/299 878/833/300 879/834/301
f 880/835/302 879/834/301 878/833/300
f 879/834/301 880/835/302 881/836/303
f 882/837/304 881/836/303 880/835/302
f 885/838/305 884/839/291 883/840/306
f 886/841/307 883/840/306 884/839/291
f 889/842/277 888/843/308 887/844/309
f 890/845/310 887/844/309 888/843/308
f 893/846/295 892/847/292 891/848/311
f 894/849/312 891/848/311 892/847/292
f 897/850/313 896/851/296 895/852/314
f 898/853/315 895/852/314 896/851/296
f 895/852/314 898/853/315 899/854/316
f 900/855/317 899/854/316 898/853/315
f 903/856/278 902/857/318 901/858/319
f 904/859/320 901/858/319 902/857/318
f 904/859/320 902/857/318 905/860/321
f 906/861/282 905/860/321 902/857/318
f 909/862/316 908/863/317 907/864/322
f 910/865/323 907/864/322 908/863/317
f 907/864/322 910/865/323 911/866/286
f 912/867/303 911/866/286 910/865/323
f 915/868/324 914/869/325 913/870/321
f 916/871/326 913/870/321 914/869/325
f 916/871/326 914/869/325 917/872/304
f 918/873/285 917/872/304 914/869/325
f 921/874/327 920/875/328 919/876/329
f 922/877/330 919/876/329 920/875/328
f 920/875/328 923/878/331 922/877/330
f 924/879/332 922/877/330 923/878/331
f 927/880/333 926/881/334 925/882/332
f 928/883/335 925/882/332 926/881/334
f 926/881/334 929/884/327 928/883/335
f 930/885/327 928/883/335 929/884/327
f 933/886/336 932/887/336 931/888/163
f 934/889/163 931/888/163 932/887/336
f 931/888/163 934/889/163 935/890/337
f 936/891/337 935/890/337 934/889/163
f 939/892/336 938/893/336 937/894/175
f 940/895/175 937/894/175 938/893/336
f 937/894/175 940/895/175 941/896/338
f 942/897/338 941/896/338 940/895/175
f 945/898/338 944/899/338 943/900/121
f 946/901/121 943/900/121 944/899/338
f 943/900/121 946/901/121 947/902/339
f 948/903/339 947/902/339 946/901/121
f 951/904/339 950/905/339 949/906/186
f 952/907/186 949/906/186 950/905/339
f 949/906/186 952/907/186 953/908/337
f 954/909/337 953/908/337 952/907/186
f 957/910/254 956/911/239 955/912/269
f 958/913/340 955/912/269 956/911/239
f 961/914/341 960/915/255 959/916/272
f 962/917/253 959/916/272 960/915/255
f 965/918/342 964/919/328 963/920/343
f 966/921/330 963/920/343 964/919/328
f 964/919/328 967/922/331 966/921/330
f 968/923/332 966/921/330 967/922/331
f 971/924/332 970/925/334 969/926/332
f 972/927/335 969/926/332 970/925/334
f 970/925/334 973/928/327 972/927/335
f 974/929/344 972/927/335 973/928/327
f 977/930/336 976/931/336 975/932/163
f 978/933/163 975/932/163 976/931/336
f 975/932/163 978/933/163 979/934/337
f 980/935/337 979/934/337 978/933/163
f 983/936/336 982/937/336 981/938/175
f 984/939/175 981/938/175 982/937/336
f 981/938/175 984/939/175 985/940/338
f 986/941/338 985/940/338 984/939/175
f 989/942/338 988/943/338 987/944/121
f 990/945/121 987/944/121 988/943/338
f 987/944/121 990/945/121 991/946/339
f 992/947/339 991/946/339 990/945/121
f 995/948/339 994/949/339 993/950/186
f 996/951/186 993/950/186 994/949/339
f 993/950/186 996/951/186 997/952/337
f 998/953/337 997/952/337 996/951/186
f 1001/954/345 1000/955/208 999/956/346
f 1002/957/208 999/956/346 1000/955/208
f 1000/955/208 1003/958/186 1002/957/208
f 1004/959/186 1002/957/208 1003/958/186
f 1007/960/347 1006/961/207 1005/962/347
f 1008/963/207 1005/962/347 1006/961/207
f 1006/961/207 1009/964/348 1008/963/207
f 1010/965/175 1008/963/207 1009/964/348
g Cr_Lifeboat_T_A(R)_001_waterline
usemtl waterline
f 1012/966/186 1011/967/186 289/268/186
f 288/267/186 289/268/186 1011/967/186
f 1014/968/349 1013/969/350 296/273/188
f 295/274/189 296/273/188 1013/969/350
f 1013/969/350 1015/970/351 295/274/189
f 298/276/192 295/274/189 1015/970/351
f 1015/970/351 1016/971/352 298/276/192
f 300/278/194 298/276/192 1016/971/352
f 300/278/194 1016/971/352 305/283/198
f 1017/972/353 305/283/198 1016/971/352
f 305/283/198 1017/972/353 308/286/201
f 1018/973/354 308/286/201 1017/972/353
f 308/286/201 1018/973/354 312/290/205
f 1019/974/355 312/290/205 1018/973/354
f 312/290/205 1019/974/355 314/292/206
f 1020/975/356 314/292/206 1019/974/355
f 1022/976/357 181/144/132 1021/977/358
f 180/174/131 1021/977/358 181/144/132
f 1024/978/175 256/240/175 1023/979/175
f 255/239/175 1023/979/175 256/240/175
f 1026/980/117 223/211/117 1025/981/117
f 222/210/117 1025/981/117 223/211/117
f 1028/982/359 87/85/60 1027/983/360
f 85/87/62 1027/983/360 87/85/60
f 85/87/62 89/89/64 1027/983/360
f 1029/984/361 1027/983/360 89/89/64
f 89/89/64 92/92/67 1029/984/361
f 1030/985/362 1029/984/361 92/92/67
f 92/92/67 95/95/70 1030/985/362
f 1031/986/363 1030/985/362 95/95/70
f 95/95/70 98/98/73 1031/986/363
f 1032/987/364 1031/986/363 98/98/73
f 98/98/73 103/103/78 1032/987/364
f 1033/988/365 1032/987/364 103/103/78
f 103/103/78 105/105/80 1033/988/365
f 1034/989/366 1033/988/365 105/105/80
f 107/107/82 108/106/81 1035/990/367
f 1036/991/368 1035/990/367 108/106/81
f 145/106/114 146/144/114 1037/991/114
f 1038/976/114 1037/991/114 146/144/114
f 151/150/117 152/149/117 1039/992/117
f 1040/993/117 1039/992/117 152/149/117
g Cr_Lifeboat_T_A(R)_001_wood_deck_1
usemtl wood_deck_1
f 1043/994/369 1042/995/370 1041/996/371
f 1044/997/372 1041/996/371 1042/995/370
f 1044/997/372 1045/998/373 1041/996/371
f 1046/999/374 1041/996/371 1045/998/373
f 1046/999/374 1045/998/373 1047/1000/375
f 1048/1001/376 1047/1000/375 1045/998/373
f 1048/1001/376 1049/1002/377 1047/1000/375
f 1050/1003/378 1047/1000/375 1049/1002/377
f 1050/1003/378 1049/1002/377 1051/1004/379
f 1052/1005/380 1051/1004/379 1049/1002/377
f 1051/1004/379 1052/1005/380 1053/1006/381
f 1054/1007/382 1053/1006/381 1052/1005/380
f 1054/1007/382 1055/1008/383 1053/1006/381
f 1056/1009/384 1053/1006/381 1055/1008/383
f 1059/1010/385 1058/1011/386 1057/1012/387
f 1060/1013/388 1057/1012/387 1058/1011/386
f 1060/1013/388 1058/1011/386 1061/1014/389
f 1062/1015/390 1061/1014/389 1058/1011/386
f 1065/1016/391 1064/1017/391 1063/1018/391
f 1063/1018/391 1066/1019/391 1065/1016/391
f 1065/1016/391 1066/1019/391 1067/1020/391
f 1070/1021/392 1069/1022/392 1068/1023/393
f 1071/1024/393 1068/1023/393 1069/1022/392
f 1068/1023/393 1071/1024/393 1072/1025/394
f 1073/1026/394 1072/1025/394 1071/1024/393
f 1073/1026/394 1074/1027/395 1072/1025/394
f 1075/1028/395 1072/1025/394 1074/1027/395
f 1075/1028/395 1074/1027/395 1076/1029/396
f 1077/1030/396 1076/1029/396 1074/1027/395
f 1076/1029/396 1077/1030/396 1078/1031/397
f 1079/1032/397 1078/1031/397 1077/1030/396
f 1079/1032/397 1080/1033/398 1078/1031/397
f 1081/1034/398 1078/1031/397 1080/1033/398
f 1080/1033/398 1082/1035/399 1081/1034/398
f 1083/1036/399 1081/1034/398 1082/1035/399
f 1084/1037/400 1083/1036/399 1082/1035/399
f 1087/1038/401 1086/1039/402 1085/1040/403
f 1088/1041/404 1085/1040/403 1086/1039/402
f 1088/1041/404 1086/1039/402 1089/1042/405
f 1090/1043/406 1089/1042/405 1086/1039/402
f 1089/1042/405 1090/1043/406 1091/1044/407
f 1092/1045/408 1091/1044/407 1090/1043/406
f 1091/1044/407 1092/1045/408 1093/1046/409
f 1094/1047/410 1093/1046/409 1092/1045/408
f 1093/1046/409 1094/1047/410 1095/1048/411
f 1096/1049/412 1095/1048/411 1094/1047/410
f 1096/1049/412 1097/1050/413 1095/1048/411
f 1098/1051/414 1095/1048/411 1097/1050/413
f 1098/1051/414 1097/1050/413 1099/1052/415
f 1100/1053/416 1099/1052/415 1097/1050/413
f 1103/1054/417 1102/1055/417 1101/1056/417
f 1104/1057/417 1101/1056/417 1102/1055/417
f 1107/1058/418 1106/1059/418 1105/1060/418
f 1108/1061/418 1105/1060/418 1106/1059/418
f 1111/1062/419 1110/1063/419 1109/1064/419
f 1112/1065/419 1109/1064/419 1110/1063/419
f 1115/1066/420 1114/1067/420 1113/1068/420
f 1116/1069/420 1113/1068/420 1114/1067/420
f 1119/1070/421 1118/1071/421 1117/1072/421
f 1120/1073/421 1117/1072/421 1118/1071/421
g Cr_Lifeboat_T_A(R)_001_wood_deck_2
usemtl wood_deck_2
f 1123/1074/422 1122/1075/422 1121/1076/422
f 1124/1077/422 1121/1076/422 1122/1075/422
f 1127/1078/423 1126/1079/423 1125/1080/423
f 1128/1081/423 1125/1080/423 1126/1079/423
f 1131/1082/424 1130/1083/424 1129/1084/424
f 1132/1085/424 1129/1084/424 1130/1083/424
f 1135/1086/425 1134/1087/425 1133/1088/425
f 1136/1089/425 1133/1088/425 1134/1087/425
f 1139/1090/426 1138/1091/426 1137/1092/426
f 1140/1093/426 1137/1092/426 1138/1091/426
f 1143/1094/427 1142/1095/427 1141/1096/427
f 1144/1097/427 1141/1096/427 1142/1095/427
f 1147/1098/428 1146/1099/428 1145/1100/428
f 1148/1101/428 1145/1100/428 1146/1099/428
f 1151/1102/429 1150/1103/429 1149/1104/429
f 1152/1105/429 1149/1104/429 1150/1103/429
f 1155/1106/430 1154/1107/430 1153/1108/430
f 1156/1109/430 1153/1108/430 1154/1107/430
f 1159/1110/431 1158/1111/431 1157/1112/431
f 1160/1113/431 1157/1112/431 1158/1111/431
f 1163/1114/432 1162/1115/433 1161/1116/434
f 1164/1117/435 1161/1116/434 1162/1115/433
f 1167/1118/436 1166/1119/436 1165/1120/436
f 1168/1121/436 1165/1120/436 1166/1119/436
f 1171/1122/437 1170/1123/437 1169/1124/437
f 1172/1125/437 1169/1124/437 1170/1123/437
f 1175/1126/438 1174/1127/438 1173/1128/438
f 1176/1129/438 1173/1128/438 1174/1127/438
f 1179/1130/439 1178/1131/439 1177/1132/439
f 1180/1133/439 1177/1132/439 1178/1131/439
f 1183/1134/440 1182/1135/440 1181/1136/440
f 1184/1137/440 1181/1136/440 1182/1135/440
f 1187/1138/441 1186/1139/442 1185/1140/443
f 1188/1141/444 1185/1140/443 1186/1139/442
f 1191/1142/445 1190/1143/445 1189/1144/445
f 1191/1142/445 1189/1144/445 1192/1145/445
f 1191/1142/445 1192/1145/445 1193/1146/445
f 1194/1147/445 1191/1142/445 1193/1146/445
f 1197/1148/208 1196/1149/208 1195/1150/208
f 1198/1151/208 1195/1150/208 1196/1149/208
f 1198/1151/208 1196/1149/208 1199/1152/208
f 1200/1153/208 1199/1152/208 1196/1149/208
f 1203/1154/446 1202/1155/447 1201/1156/448
f 1203/1154/446 1201/1156/448 1204/1157/449
f 1205/1158/450 1201/1156/448 1202/1155/447
f 1206/1159/449 1204/1157/449 1201/1156/448
f 1206/1159/449 1207/1160/449 1204/1157/449
f 1202/1155/447 1208/1161/451 1205/1158/450
f 1209/1162/452 1205/1158/450 1208/1161/451
f 1206/1159/449 1210/1163/453 1207/1160/449
f 1211/1164/454 1207/1160/449 1210/1163/453
f 1211/1164/454 1210/1163/453 1212/1165/455
f 1213/1166/456 1212/1165/455 1210/1163/453
f 1212/1165/455 1213/1166/456 1214/1167/457
f 1215/1168/458 1214/1167/457 1213/1166/456
f 1209/1162/452 1208/1161/451 1216/1169/459
f 1217/1170/460 1216/1169/459 1208/1161/451
f 1214/1167/457 1215/1168/458 1218/1171/461
f 1219/1172/462 1218/1171/461 1215/1168/458
f 1217/1170/460 1220/1173/463 1216/1169/459
f 1221/1174/464 1216/1169/459 1220/1173/463
f 1221/1174/464 1220/1173/463 1222/1175/465
f 1223/1176/466 1222/1175/465 1220/1173/463
f 1222/1175/465 1223/1176/466 1224/1177/467
f 1225/1178/468 1224/1177/467 1223/1176/466
f 1224/1177/467 1225/1178/468 1226/1179/469
f 1227/1180/470 1226/1179/469 1225/1178/468
f 1219/1172/462 1228/1181/471 1218/1171/461
f 1229/1182/472 1218/1171/461 1228/1181/471
f 1226/1179/469 1227/1180/470 1230/1183/473
f 1229/1182/472 1228/1181/471 1231/1184/474
f 1232/1185/475 1231/1184/474 1228/1181/471
f 1232/1185/475 1233/1186/476 1231/1184/474
f 1234/1187/477 1231/1184/474 1233/1186/476
f 1233/1186/476 1235/1188/478 1234/1187/477
f 1236/1189/479 1234/1187/477 1235/1188/478
f 1235/1188/478 1230/1183/473 1236/1189/479
f 216/202/162 1230/1183/473 1227/1180/470
f 214/204/164 1236/1189/479 1230/1183/473
f 1230/1183/473 216/202/162 214/204/164
f 1239/1190/480 1238/1191/480 1237/1192/480
f 1239/1190/480 1237/1192/480 1240/1193/481
f 1241/1194/480 1237/1192/480 1238/1191/480
f 1242/1195/482 1240/1193/481 1237/1192/480
f 1238/1191/480 1243/1196/481 1241/1194/480
f 1242/1195/482 1244/1197/482 1240/1193/481
f 1244/1197/482 1241/1194/480 1243/1196/481
f 1243/1196/481 1240/1193/481 1244/1197/482
g Cr_Lifeboat_T_A(R)_001_steel_deck_1
usemtl steel_deck_1
f 1247/1198/207 1246/1199/207 1245/1200/207
f 1248/1201/207 1245/1200/207 1246/1199/207
f 1251/1202/175 1250/1203/175 1249/1204/175
f 1252/1205/175 1249/1204/175 1250/1203/175
f 1255/1206/186 1254/1207/186 1253/1208/186
f 1256/1209/186 1253/1208/186 1254/1207/186
f 1259/1210/163 1258/1211/163 1257/1212/163
f 1260/1213/163 1257/1212/163 1258/1211/163
f 1263/1214/208 1262/1215/208 1261/1216/208
f 1264/1217/208 1261/1216/208 1262/1215/208
f 1267/1218/207 1266/1219/207 1265/1220/207
f 1268/1221/207 1265/1220/207 1266/1219/207
f 1271/1222/175 1270/1223/175 1269/1224/175
f 1272/1225/175 1269/1224/175 1270/1223/175
f 1275/1226/186 1274/1227/186 1273/1228/186
f 1276/1229/186 1273/1228/186 1274/1227/186
f 1279/1230/163 1278/1231/163 1277/1232/163
f 1280/1233/163 1277/1232/163 1278/1231/163
f 1283/1234/208 1282/1235/208 1281/1236/208
f 1284/1237/208 1281/1236/208 1282/1235/208
