# Blender 5.1.0
# www.blender.org
mtllib Bsh_Hull_Stern_Dredn_AD1_002_0.mtl
o Bsh_Hull_Stern_Dredn_AD1_002_0
v -3.339731 -107.999664 -4.005614
v -1.741986 -113.998291 -3.320855
v -1.208322 -113.998291 -3.858886
v -3.928809 -107.999664 -3.324450
v -4.891995 -103.630997 -4.112473
v -5.521427 -103.630997 -3.327068
v -6.031088 -100.419373 -4.508231
v -4.597457 -107.999664 -0.318301
v -2.247043 -113.998291 -0.318295
v -1.231762 -114.918427 -3.320854
v -1.588892 -115.679382 -0.318290
v -6.805948 -101.999680 -0.318305
v -6.645665 -100.419373 -3.589467
v -7.026981 -97.605949 -5.158246
v -7.586329 -97.605949 -4.066412
v -8.618835 -95.999680 -0.318307
v -8.140019 -94.456032 -6.189497
v -8.594999 -94.456032 -4.849244
v -9.635260 -91.051598 -5.974516
v -9.355952 -91.008606 -7.663787
v -10.218224 -89.999702 -0.318297
v -10.088752 -87.741302 -8.095247
v -10.333580 -87.741295 -6.322200
v -10.958008 -83.999725 -6.322198
v -11.219540 -83.999725 -0.318295
v -10.713258 -83.999725 -8.095247
v -11.566720 -77.999725 -6.322196
v -11.828254 -77.999733 -0.318291
v -11.321598 -77.999725 -8.095244
v -12.048509 -71.999725 -6.322194
v -12.310044 -71.999725 -0.318289
v -11.803387 -71.999725 -8.095243
v -12.384447 -65.999725 -6.322186
v -12.645965 -65.999725 -0.318285
v -12.139324 -65.999725 -8.095237
v -12.384435 -59.999733 -6.322190
v -12.645967 -59.999733 -0.318287
v -12.139305 -59.999733 -8.095242
v -1.231762 -114.918427 -3.320854
v -1.208322 -113.998291 -3.858886
v -1.741986 -113.998291 -3.320855
v -0.854404 -114.541061 -3.858885
v -0.666613 -115.296021 -3.320853
v -0.462388 -114.802994 -3.858885
v -0.000007 -113.998291 -4.096506
v -0.000007 -114.894989 -3.858884
v 0.462375 -114.803009 -3.858885
v 0.854392 -114.541077 -3.858886
v 0.666599 -115.296036 -3.320853
v 1.231748 -114.918427 -3.320855
v 1.208309 -113.998291 -3.858887
v 1.741974 -113.998306 -3.320856
v -1.577594 -107.999664 -4.571136
v -2.901626 -107.999680 -4.242164
v -3.339731 -107.999664 -4.005614
v -4.134826 -103.630997 -4.521298
v -4.891995 -103.630997 -4.112473
v -2.726518 -103.631012 -4.916799
v -5.042785 -100.419373 -5.063676
v -6.031088 -100.419373 -4.508231
v -3.715529 -100.419373 -5.455478
v -5.839506 -97.605949 -5.868341
v -7.026981 -97.605949 -5.158246
v -4.723652 -97.605949 -6.206733
v -6.732853 -94.456039 -7.097802
v -8.140019 -94.456032 -6.189497
v -9.355952 -91.008606 -7.663787
v -5.993723 -94.456039 -7.326486
v -7.714513 -91.000130 -8.821802
v -10.088752 -87.741302 -8.095247
v -0.409909 -97.605949 -6.486945
v -0.348555 -100.419373 -5.763620
v -0.444923 -94.456047 -7.523962
v -0.240528 -103.630997 -5.194211
v -0.445421 -91.069664 -8.889436
v -0.223165 -104.052399 -5.141008
v -0.276927 -87.728729 -9.320872
v -0.000004 -107.999664 -4.741739
v -0.000003 -104.213959 -5.148945
v 0.223159 -104.052399 -5.141009
v 1.577586 -107.999680 -4.571137
v 2.726513 -103.631012 -4.916801
v 0.240523 -103.631012 -5.194212
v 0.348553 -100.419373 -5.763621
v 2.901619 -107.999680 -4.242167
v 3.339725 -107.999680 -4.005616
v 4.134821 -103.631012 -4.521301
v 4.891990 -103.631012 -4.112476
v 3.715526 -100.419373 -5.455481
v 0.409906 -97.605949 -6.486945
v 5.042782 -100.419373 -5.063680
v 6.031085 -100.419373 -4.508235
v 4.723651 -97.605949 -6.206736
v 0.444924 -94.456047 -7.523963
v 5.839505 -97.605949 -5.868346
v 7.026980 -97.605949 -5.158251
v 5.993723 -94.456047 -7.326490
v 0.445423 -91.069664 -8.889437
v 6.732853 -94.456047 -7.097806
v 8.140020 -94.456047 -6.189502
v 9.355956 -91.008614 -7.663794
v 7.714515 -91.000137 -8.821807
v 0.276931 -87.728737 -9.320874
v 10.088758 -87.741310 -8.095254
v 8.375591 -87.741310 -9.320879
v 0.000003 -83.999748 -9.320875
v 9.000016 -83.999741 -9.320881
v 0.000003 -87.725563 -9.320872
v 10.713268 -83.999733 -8.095255
v 0.388786 -94.456047 -9.320876
v 11.321610 -77.999741 -8.095253
v 9.605736 -77.999741 -9.320879
v -0.000000 -94.456047 -9.320872
v 0.320359 -97.605949 -9.320876
v 10.087528 -71.999741 -9.320874
v 11.803404 -71.999741 -8.095251
v -0.000002 -97.605949 -9.320874
v 0.223160 -100.765518 -9.320876
v -0.000003 -100.927063 -9.320875
v -0.223167 -100.765503 -9.320875
v -0.320363 -97.605949 -9.320874
v -0.388786 -94.456047 -9.320874
v 10.423466 -65.999741 -9.320872
v 0.000011 -65.999748 -9.320861
v 12.139345 -65.999741 -8.095244
v 12.139334 -59.999741 -8.095250
v 10.423463 -59.999741 -9.320872
v 0.000013 -59.999763 -9.320879
v -10.423435 -59.999741 -9.320866
v -8.375587 -87.741295 -9.320872
v -9.000009 -83.999733 -9.320874
v -10.713258 -83.999725 -8.095247
v -11.321598 -77.999725 -8.095244
v -9.605724 -77.999733 -9.320872
v -10.423444 -65.999725 -9.320866
v -12.139305 -59.999733 -8.095242
v -12.139324 -65.999725 -8.095237
v -11.803387 -71.999725 -8.095243
v -10.087512 -71.999725 -9.320868
v 0.000008 -71.999748 -9.320872
v 0.000006 -77.999756 -9.320872
v -1.588892 -115.679382 -0.318290
v -0.666613 -115.296021 -3.320853
v -1.231762 -114.918427 -3.320854
v -0.859890 -116.166473 -0.318290
v -0.000006 -116.337524 -0.318290
v -0.000007 -115.428650 -3.320852
v -0.462388 -114.802994 -3.858885
v -0.000007 -114.894989 -3.858884
v 0.462375 -114.803009 -3.858885
v 0.666599 -115.296036 -3.320853
v 0.859879 -116.166473 -0.318290
v 1.588880 -115.679382 -0.318291
v 1.231748 -114.918427 -3.320855
v -0.223165 -101.791626 -7.486225
v -0.240528 -103.630997 -5.194211
v -0.223165 -104.052399 -5.141008
v -0.239439 -101.568787 -7.204745
v -0.348555 -100.419373 -5.763620
v -0.238526 -100.627380 -8.889302
v -0.334000 -97.605949 -8.889302
v -0.223167 -100.765503 -9.320875
v -0.409909 -97.605949 -6.486945
v -0.320363 -97.605949 -9.320874
v -0.444923 -94.456047 -7.523962
v -0.388786 -94.456047 -9.320874
v -0.402269 -94.456047 -8.889302
v -0.445421 -91.069664 -8.889436
v -0.276927 -87.728729 -9.320872
v -0.223165 -101.791626 -7.486225
v -0.000003 -100.927063 -9.320875
v -0.223167 -100.765503 -9.320875
v -0.000003 -101.890411 -7.603033
v -0.223165 -104.052399 -5.141008
v -0.000003 -104.213959 -5.148945
v 0.223159 -104.052399 -5.141009
v 0.223160 -101.791626 -7.486226
v 0.223160 -100.765518 -9.320876
v 1.741974 -113.998306 -3.320856
v 3.339725 -107.999680 -4.005616
v 1.208309 -113.998291 -3.858887
v 3.928801 -107.999680 -3.324452
v 4.891990 -103.631012 -4.112476
v 5.521423 -103.631012 -3.327072
v 6.031085 -100.419373 -4.508235
v 4.597452 -107.999680 -0.318303
v 2.247032 -113.998306 -0.318297
v 1.231748 -114.918427 -3.320855
v 1.588880 -115.679382 -0.318291
v 6.805946 -101.999695 -0.318310
v 6.645663 -100.419373 -3.589472
v 7.026980 -97.605949 -5.158251
v 7.586329 -97.605949 -4.066417
v 8.618841 -95.999687 -0.318313
v 8.140020 -94.456047 -6.189502
v 8.595002 -94.456047 -4.849249
v 9.635264 -91.051605 -5.974523
v 9.355956 -91.008614 -7.663794
v 10.218234 -89.999710 -0.318304
v 10.088758 -87.741310 -8.095254
v 10.333587 -87.741310 -6.322207
v 10.958018 -83.999733 -6.322206
v 11.219554 -83.999741 -0.318303
v 10.713268 -83.999733 -8.095255
v 11.566735 -77.999733 -6.322204
v 11.828273 -77.999741 -0.318300
v 11.321610 -77.999741 -8.095253
v 12.048530 -71.999741 -6.322203
v 12.310068 -71.999741 -0.318297
v 11.803404 -71.999741 -8.095251
v 12.384470 -65.999741 -6.322195
v 12.645991 -65.999741 -0.318293
v 12.139345 -65.999741 -8.095244
v 12.384462 -59.999741 -6.322199
v 12.645999 -59.999741 -0.318296
v 12.139334 -59.999741 -8.095250
v 0.240523 -103.631012 -5.194212
v 0.223160 -101.791626 -7.486226
v 0.223159 -104.052399 -5.141009
v 0.239434 -101.568802 -7.204746
v 0.348553 -100.419373 -5.763621
v 0.238520 -100.627380 -8.889303
v 0.333996 -97.605949 -8.889303
v 0.223160 -100.765518 -9.320876
v 0.409906 -97.605949 -6.486945
v 0.320359 -97.605949 -9.320876
v 0.444924 -94.456047 -7.523963
v 0.388786 -94.456047 -9.320876
v 0.402268 -94.456047 -8.889303
v 0.445423 -91.069664 -8.889437
v 0.276931 -87.728737 -9.320874
v -2.435886 -104.269653 -7.202042
v -2.335213 -105.495972 -7.445089
v -2.435886 -105.495972 -7.202042
v -2.335212 -104.269653 -7.445090
v -2.435887 -105.495972 -7.688134
v -2.435885 -104.269653 -7.688137
v -2.435886 -105.495972 -7.202042
v -2.678932 -104.269653 -7.101368
v -2.435886 -104.269653 -7.202042
v -2.678932 -105.495972 -7.101368
v -2.921979 -104.269653 -7.202043
v -2.921980 -105.495972 -7.202042
v -2.921980 -105.495972 -7.202042
v -3.022652 -104.269653 -7.445090
v -2.921979 -104.269653 -7.202043
v -3.022652 -105.495972 -7.445090
v -2.921979 -104.269653 -7.688137
v -2.921979 -105.495972 -7.688137
v -2.921979 -105.495972 -7.688137
v -2.678932 -104.269653 -7.788809
v -2.921979 -104.269653 -7.688137
v -2.678932 -105.495972 -7.788809
v -2.435885 -104.269653 -7.688137
v -2.435887 -105.495972 -7.688134
v -2.466655 -103.109100 -7.445090
v -2.435886 -104.269653 -7.202042
v -2.528830 -103.109100 -7.294988
v -2.335212 -104.269653 -7.445090
v -2.528830 -103.109100 -7.595193
v -2.435885 -104.269653 -7.688137
v -2.678932 -103.109100 -7.657369
v -2.435885 -104.269653 -7.688137
v -2.528830 -103.109100 -7.595193
v -2.678932 -104.269653 -7.788809
v -2.829035 -103.109100 -7.595193
v -2.921979 -104.269653 -7.688137
v -2.891210 -103.109100 -7.445091
v -2.921979 -104.269653 -7.688137
v -2.829035 -103.109100 -7.595193
v -3.022652 -104.269653 -7.445090
v -2.829035 -103.109100 -7.294988
v -2.921979 -104.269653 -7.202043
v -2.678932 -103.109100 -7.232812
v -2.921979 -104.269653 -7.202043
v -2.829035 -103.109100 -7.294988
v -2.678932 -104.269653 -7.101368
v -2.528830 -103.109100 -7.294988
v -2.435886 -104.269653 -7.202042
v -2.331104 -98.833488 -7.445092
v -2.528828 -100.177521 -7.294988
v -2.432980 -98.833488 -7.199140
v -2.466654 -100.177521 -7.445092
v -2.432980 -98.833488 -7.691044
v -2.528828 -100.177521 -7.595193
v -2.678931 -98.833488 -7.792919
v -2.528828 -100.177521 -7.595193
v -2.432980 -98.833488 -7.691044
v -2.678931 -100.177521 -7.657370
v -2.924882 -98.833488 -7.691044
v -2.829034 -100.177521 -7.595193
v -3.026759 -98.833488 -7.445093
v -2.829034 -100.177521 -7.595193
v -2.924882 -98.833488 -7.691044
v -2.891209 -100.177521 -7.445092
v -2.924882 -98.833488 -7.199141
v -2.829034 -100.177521 -7.294989
v -2.678931 -98.833488 -7.097264
v -2.829034 -100.177521 -7.294989
v -2.924882 -98.833488 -7.199141
v -2.678931 -100.177521 -7.232813
v -2.432980 -98.833488 -7.199140
v -2.528828 -100.177521 -7.294988
v -2.331103 -90.374519 -7.445097
v -2.432980 -98.833488 -7.199140
v -2.432980 -90.374519 -7.199144
v -2.331104 -98.833488 -7.445092
v -2.432979 -90.374519 -7.691048
v -2.432980 -98.833488 -7.691044
v -2.678930 -90.374519 -7.792924
v -2.432980 -98.833488 -7.691044
v -2.432979 -90.374519 -7.691048
v -2.678931 -98.833488 -7.792919
v -2.924881 -90.374519 -7.691048
v -2.924882 -98.833488 -7.691044
v -3.026757 -90.374519 -7.445096
v -2.924882 -98.833488 -7.691044
v -2.924881 -90.374519 -7.691048
v -3.026759 -98.833488 -7.445093
v -2.924881 -90.374519 -7.199145
v -2.924882 -98.833488 -7.199141
v -2.678930 -90.374519 -7.097268
v -2.924882 -98.833488 -7.199141
v -2.924881 -90.374519 -7.199145
v -2.678931 -98.833488 -7.097264
v -2.432980 -90.374519 -7.199144
v -2.432980 -98.833488 -7.199140
v -2.819871 -104.364914 -7.202043
v -2.633010 -104.611420 -6.900527
v -2.724854 -104.611420 -6.900527
v -2.537993 -104.364914 -7.202042
v -2.537993 -104.364914 -7.202042
v -2.633011 -105.266510 -6.900528
v -2.633010 -104.611420 -6.900527
v -2.537994 -105.513031 -7.202042
v -2.819872 -105.513031 -7.202043
v -2.724854 -104.611420 -6.900527
v -2.724854 -105.266510 -6.900529
v -2.819871 -104.364914 -7.202043
v -2.537994 -105.513031 -7.202042
v -2.724854 -105.266510 -6.900529
v -2.633011 -105.266510 -6.900528
v -2.819872 -105.513031 -7.202043
v -2.724855 -104.611420 -4.193764
v -2.633010 -104.611420 -6.900527
v -2.633011 -104.611420 -4.193764
v -2.724854 -104.611420 -6.900527
v -2.633011 -104.611420 -4.193764
v -2.633011 -105.266510 -6.900528
v -2.633012 -105.266510 -4.193763
v -2.633010 -104.611420 -6.900527
v -2.724855 -105.266510 -4.193763
v -2.724854 -104.611420 -6.900527
v -2.724855 -104.611420 -4.193764
v -2.724854 -105.266510 -6.900529
v -2.633012 -105.266510 -4.193763
v -2.724854 -105.266510 -6.900529
v -2.724855 -105.266510 -4.193763
v -2.633011 -105.266510 -6.900528
v -2.559636 -104.818237 -7.220664
v 0.395388 -104.817749 -4.475898
v 0.290259 -104.817749 -4.370770
v -2.454508 -104.818237 -7.325793
v -2.454508 -104.818237 -7.325793
v 0.395388 -105.060181 -4.475897
v 0.395388 -104.817749 -4.475898
v -2.454508 -105.059708 -7.325793
v -2.559636 -105.059708 -7.220664
v 0.290259 -104.817749 -4.370770
v 0.290259 -105.060181 -4.370769
v -2.559636 -104.818237 -7.220664
v -2.454508 -105.059708 -7.325793
v 0.290259 -105.060181 -4.370769
v 0.395388 -105.060181 -4.475897
v -2.559636 -105.059708 -7.220664
v -5.410584 -101.250488 -6.642267
v -5.309912 -102.476807 -6.885313
v -5.410585 -102.476807 -6.642266
v -5.309911 -101.250488 -6.885314
v -5.410585 -102.476807 -7.128359
v -5.410585 -101.250488 -7.128361
v -5.410585 -102.476807 -6.642266
v -5.653631 -101.250488 -6.541593
v -5.410584 -101.250488 -6.642267
v -5.653632 -102.476807 -6.541593
v -5.896678 -101.250488 -6.642267
v -5.896678 -102.476807 -6.642267
v -5.896678 -102.476807 -6.642267
v -5.997351 -101.250488 -6.885315
v -5.896678 -101.250488 -6.642267
v -5.997352 -102.476807 -6.885314
v -5.896678 -101.250488 -7.128361
v -5.896678 -102.476807 -7.128361
v -5.896678 -102.476807 -7.128361
v -5.653631 -101.250488 -7.229034
v -5.896678 -101.250488 -7.128361
v -5.653631 -102.476807 -7.229034
v -5.410585 -101.250488 -7.128361
v -5.410585 -102.476807 -7.128359
v -5.441354 -100.089905 -6.885315
v -5.410584 -101.250488 -6.642267
v -5.503529 -100.089905 -6.735212
v -5.309911 -101.250488 -6.885314
v -5.503529 -100.089905 -7.035418
v -5.410585 -101.250488 -7.128361
v -5.653630 -100.089905 -7.097593
v -5.410585 -101.250488 -7.128361
v -5.503529 -100.089905 -7.035418
v -5.653631 -101.250488 -7.229034
v -5.803734 -100.089905 -7.035418
v -5.896678 -101.250488 -7.128361
v -5.865909 -100.089905 -6.885315
v -5.896678 -101.250488 -7.128361
v -5.803734 -100.089905 -7.035418
v -5.997351 -101.250488 -6.885315
v -5.803735 -100.089905 -6.735212
v -5.896678 -101.250488 -6.642267
v -5.653631 -100.089905 -6.673037
v -5.896678 -101.250488 -6.642267
v -5.803735 -100.089905 -6.735212
v -5.653631 -101.250488 -6.541593
v -5.503529 -100.089905 -6.735212
v -5.410584 -101.250488 -6.642267
v -5.305803 -95.814323 -6.885317
v -5.503527 -97.158333 -6.735213
v -5.407680 -95.814323 -6.639365
v -5.441352 -97.158333 -6.885316
v -5.407680 -95.814323 -7.131269
v -5.503527 -97.158333 -7.035418
v -5.653630 -95.814323 -7.233143
v -5.503527 -97.158333 -7.035418
v -5.407680 -95.814323 -7.131269
v -5.653629 -97.158333 -7.097595
v -5.899581 -95.814323 -7.131269
v -5.803733 -97.158333 -7.035418
v -6.001458 -95.814323 -6.885318
v -5.803733 -97.158333 -7.035418
v -5.899581 -95.814323 -7.131269
v -5.865908 -97.158333 -6.885316
v -5.899581 -95.814323 -6.639365
v -5.803734 -97.158333 -6.735214
v -5.653630 -95.814323 -6.537488
v -5.803734 -97.158333 -6.735214
v -5.899581 -95.814323 -6.639365
v -5.653630 -97.158333 -6.673038
v -5.407680 -95.814323 -6.639365
v -5.503527 -97.158333 -6.735213
v -5.305801 -87.355339 -6.885322
v -5.407680 -95.814323 -6.639365
v -5.407678 -87.355339 -6.639369
v -5.305803 -95.814323 -6.885317
v -5.407678 -87.355339 -7.131272
v -5.407680 -95.814323 -7.131269
v -5.653629 -87.355339 -7.233148
v -5.407680 -95.814323 -7.131269
v -5.407678 -87.355339 -7.131272
v -5.653630 -95.814323 -7.233143
v -5.899580 -87.355339 -7.131272
v -5.899581 -95.814323 -7.131269
v -6.001456 -87.355339 -6.885320
v -5.899581 -95.814323 -7.131269
v -5.899580 -87.355339 -7.131272
v -6.001458 -95.814323 -6.885318
v -5.899580 -87.355339 -6.639369
v -5.899581 -95.814323 -6.639365
v -5.653630 -87.355339 -6.537493
v -5.899581 -95.814323 -6.639365
v -5.899580 -87.355339 -6.639369
v -5.653630 -95.814323 -6.537488
v -5.407678 -87.355339 -6.639369
v -5.407680 -95.814323 -6.639365
v -5.794570 -101.345734 -6.642267
v -5.607709 -101.592255 -6.340753
v -5.699553 -101.592255 -6.340752
v -5.512692 -101.345734 -6.642267
v -5.512692 -101.345734 -6.642267
v -5.607710 -102.247314 -6.340753
v -5.607709 -101.592255 -6.340753
v -5.512693 -102.493835 -6.642267
v -5.794571 -102.493835 -6.642267
v -5.699553 -101.592255 -6.340752
v -5.699554 -102.247314 -6.340754
v -5.794570 -101.345734 -6.642267
v -5.512693 -102.493835 -6.642267
v -5.699554 -102.247314 -6.340754
v -5.607710 -102.247314 -6.340753
v -5.794571 -102.493835 -6.642267
v -5.699554 -101.592255 -3.633988
v -5.607709 -101.592255 -6.340753
v -5.607710 -101.592255 -3.633988
v -5.699553 -101.592255 -6.340752
v -5.607710 -101.592255 -3.633988
v -5.607710 -102.247314 -6.340753
v -5.607711 -102.247314 -3.633988
v -5.607709 -101.592255 -6.340753
v -5.699554 -102.247314 -3.633988
v -5.699553 -101.592255 -6.340752
v -5.699554 -101.592255 -3.633988
v -5.699554 -102.247314 -6.340754
v -5.607711 -102.247314 -3.633988
v -5.699554 -102.247314 -6.340754
v -5.699554 -102.247314 -3.633988
v -5.607710 -102.247314 -6.340753
v -5.534335 -101.799072 -6.660888
v -2.579312 -101.798584 -3.916123
v -2.684440 -101.798584 -3.810994
v -5.429207 -101.799072 -6.766018
v -5.429207 -101.799072 -6.766018
v -2.579311 -102.041016 -3.916122
v -2.579312 -101.798584 -3.916123
v -5.429207 -102.040527 -6.766018
v -5.534335 -102.040527 -6.660888
v -2.684440 -101.798584 -3.810994
v -2.684440 -102.041016 -3.810994
v -5.534335 -101.799072 -6.660888
v -5.429207 -102.040527 -6.766018
v -2.684440 -102.041016 -3.810994
v -2.579311 -102.041016 -3.916122
v -5.534335 -102.040527 -6.660888
v -2.564933 -106.413818 -8.316915
v -2.792964 -106.413818 -4.630307
v -2.792963 -106.413818 -8.316915
v -2.564934 -106.413818 -4.630306
v -2.612387 -109.007507 -4.630305
v -2.792964 -106.413818 -4.630307
v -2.564934 -106.413818 -4.630306
v -2.745512 -109.007507 -4.630305
v -2.620016 -109.521759 -4.805248
v -2.737884 -109.521759 -4.805248
v -2.626203 -109.938889 -5.147829
v -2.731696 -109.938889 -5.147830
v -2.745510 -109.007507 -8.316914
v -2.564933 -106.413818 -8.316915
v -2.792963 -106.413818 -8.316915
v -2.612386 -109.007507 -8.316912
v -2.737883 -109.521759 -8.141971
v -2.620014 -109.521759 -8.141971
v -2.731696 -109.938889 -7.799389
v -2.626203 -109.938889 -7.799389
v -2.945467 -107.235687 -3.365217
v -2.883427 -106.963715 -8.249102
v -2.945467 -106.927917 -3.365217
v -2.883427 -107.199860 -8.249102
v -2.678947 -106.845642 -8.249104
v -2.945467 -106.927917 -3.365217
v -2.883427 -106.963715 -8.249102
v -2.678949 -106.774048 -3.365217
v -2.474468 -106.963715 -8.249104
v -2.412431 -106.927917 -3.365217
v -2.412431 -106.927917 -3.365217
v -2.474468 -107.199860 -8.249104
v -2.412431 -107.235687 -3.365217
v -2.474468 -106.963715 -8.249104
v -2.678947 -107.317902 -8.249102
v -2.412431 -107.235687 -3.365217
v -2.474468 -107.199860 -8.249104
v -2.678949 -107.389542 -3.365216
v -2.883427 -107.199860 -8.249102
v -2.945467 -107.235687 -3.365217
v -2.412431 -107.235687 -3.365217
v -2.678949 -106.774048 -3.365217
v -2.412431 -106.927917 -3.365217
v -2.945467 -107.235687 -3.365217
v -2.678949 -107.389542 -3.365216
v -2.945467 -106.927917 -3.365217
v -2.883427 -106.963715 -8.249102
v -2.474468 -106.963715 -8.249104
v -2.678947 -106.845642 -8.249104
v -2.678947 -107.317902 -8.249102
v -2.883427 -107.199860 -8.249102
v -2.474468 -107.199860 -8.249104
v -2.473543 -106.846191 -5.505380
v -2.560021 -109.641083 -5.257349
v -2.473543 -106.846191 -5.257350
v -2.560021 -109.641083 -5.505377
v -2.884354 -106.846191 -5.505380
v -2.797877 -109.641083 -5.257349
v -2.797877 -109.641083 -5.505378
v -2.884354 -106.846191 -5.257351
v -2.473543 -106.846191 -5.505380
v -2.797877 -109.641083 -5.505378
v -2.560021 -109.641083 -5.505377
v -2.884354 -106.846191 -5.505380
v -2.560021 -109.641083 -5.505377
v -2.797877 -109.641083 -5.257349
v -2.560021 -109.641083 -5.257349
v -2.797877 -109.641083 -5.505378
v -2.560021 -109.641083 -5.257349
v -2.884354 -106.846191 -5.257351
v -2.473543 -106.846191 -5.257350
v -2.797877 -109.641083 -5.257349
v -2.473543 -106.846191 -6.597623
v -2.560021 -109.641083 -6.349595
v -2.473543 -106.846191 -6.349596
v -2.560021 -109.641083 -6.597623
v -2.884354 -106.846191 -6.597624
v -2.797877 -109.641083 -6.349596
v -2.797877 -109.641083 -6.597624
v -2.884354 -106.846191 -6.349597
v -2.473543 -106.846191 -6.597623
v -2.797877 -109.641083 -6.597624
v -2.560021 -109.641083 -6.597623
v -2.884354 -106.846191 -6.597624
v -2.560021 -109.641083 -6.597623
v -2.797877 -109.641083 -6.349596
v -2.560021 -109.641083 -6.349595
v -2.797877 -109.641083 -6.597624
v -2.560021 -109.641083 -6.349595
v -2.884354 -106.846191 -6.349597
v -2.473543 -106.846191 -6.349596
v -2.797877 -109.641083 -6.349596
v -2.473543 -106.846191 -7.689869
v -2.560020 -109.641083 -7.441838
v -2.473543 -106.846191 -7.441841
v -2.560021 -109.641083 -7.689867
v -2.884353 -106.846191 -7.689869
v -2.797877 -109.641083 -7.441839
v -2.797877 -109.641083 -7.689867
v -2.884353 -106.846191 -7.441841
v -2.473543 -106.846191 -7.689869
v -2.797877 -109.641083 -7.689867
v -2.560021 -109.641083 -7.689867
v -2.884353 -106.846191 -7.689869
v -2.560021 -109.641083 -7.689867
v -2.797877 -109.641083 -7.441839
v -2.560020 -109.641083 -7.441838
v -2.797877 -109.641083 -7.689867
v -2.560020 -109.641083 -7.441838
v -2.884353 -106.846191 -7.441841
v -2.473543 -106.846191 -7.441841
v -2.797877 -109.641083 -7.441839
v -2.728536 -110.151886 -5.570178
v -2.737884 -109.521759 -4.805248
v -2.731696 -109.938889 -5.147830
v -2.745512 -109.007507 -4.630305
v -2.745510 -109.007507 -8.316914
v -2.728536 -110.151886 -7.377040
v -2.731696 -109.938889 -7.799389
v -2.737883 -109.521759 -8.141971
v -2.792963 -106.413818 -8.316915
v -2.792964 -106.413818 -4.630307
v -2.612387 -109.007507 -4.630305
v -2.626203 -109.938889 -5.147829
v -2.620016 -109.521759 -4.805248
v -2.629363 -110.151886 -5.570178
v -2.629362 -110.151886 -7.377040
v -2.612386 -109.007507 -8.316912
v -2.620014 -109.521759 -8.141971
v -2.626203 -109.938889 -7.799389
v -2.564933 -106.413818 -8.316915
v -2.564934 -106.413818 -4.630306
v -2.629363 -110.151886 -5.570178
v -2.731696 -109.938889 -5.147830
v -2.626203 -109.938889 -5.147829
v -2.728536 -110.151886 -5.570178
v -2.728536 -110.151886 -7.377040
v -2.629362 -110.151886 -7.377040
v -2.626203 -109.938889 -7.799389
v -2.731696 -109.938889 -7.799389
v 2.335236 -105.495972 -7.445089
v 2.435909 -104.269653 -7.202042
v 2.435909 -105.495972 -7.202042
v 2.335236 -104.269653 -7.445090
v 2.435909 -105.495972 -7.688134
v 2.435909 -104.269653 -7.688137
v 2.678955 -104.269653 -7.101368
v 2.435909 -105.495972 -7.202042
v 2.435909 -104.269653 -7.202042
v 2.678954 -105.495972 -7.101368
v 2.922002 -104.269653 -7.202042
v 2.922002 -105.495972 -7.202042
v 3.022675 -104.269653 -7.445090
v 2.922002 -105.495972 -7.202042
v 2.922002 -104.269653 -7.202042
v 3.022675 -105.495972 -7.445089
v 2.922002 -104.269653 -7.688137
v 2.922002 -105.495972 -7.688137
v 2.678955 -104.269653 -7.788809
v 2.922002 -105.495972 -7.688137
v 2.922002 -104.269653 -7.688137
v 2.678955 -105.495972 -7.788809
v 2.435909 -104.269653 -7.688137
v 2.435909 -105.495972 -7.688134
v 2.435909 -104.269653 -7.202042
v 2.466679 -103.109100 -7.445090
v 2.528853 -103.109100 -7.294988
v 2.335236 -104.269653 -7.445090
v 2.528853 -103.109100 -7.595193
v 2.435909 -104.269653 -7.688137
v 2.435909 -104.269653 -7.688137
v 2.678956 -103.109100 -7.657369
v 2.528853 -103.109100 -7.595193
v 2.678955 -104.269653 -7.788809
v 2.829059 -103.109100 -7.595193
v 2.922002 -104.269653 -7.688137
v 2.922002 -104.269653 -7.688137
v 2.891234 -103.109100 -7.445090
v 2.829059 -103.109100 -7.595193
v 3.022675 -104.269653 -7.445090
v 2.829059 -103.109100 -7.294988
v 2.922002 -104.269653 -7.202042
v 2.922002 -104.269653 -7.202042
v 2.678956 -103.109100 -7.232812
v 2.829059 -103.109100 -7.294988
v 2.678955 -104.269653 -7.101368
v 2.528853 -103.109100 -7.294988
v 2.435909 -104.269653 -7.202042
v 2.528854 -100.177521 -7.294988
v 2.331131 -98.833488 -7.445092
v 2.433007 -98.833488 -7.199140
v 2.466680 -100.177521 -7.445092
v 2.433007 -98.833488 -7.691044
v 2.528854 -100.177521 -7.595193
v 2.528854 -100.177521 -7.595193
v 2.678958 -98.833488 -7.792919
v 2.433007 -98.833488 -7.691044
v 2.678957 -100.177521 -7.657370
v 2.924909 -98.833488 -7.691044
v 2.829060 -100.177521 -7.595193
v 2.829060 -100.177521 -7.595193
v 3.026785 -98.833488 -7.445093
v 2.924909 -98.833488 -7.691044
v 2.891234 -100.177521 -7.445092
v 2.924909 -98.833488 -7.199140
v 2.829060 -100.177521 -7.294988
v 2.829060 -100.177521 -7.294988
v 2.678958 -98.833488 -7.097264
v 2.924909 -98.833488 -7.199140
v 2.678957 -100.177521 -7.232813
v 2.433007 -98.833488 -7.199140
v 2.528854 -100.177521 -7.294988
v 2.433007 -98.833488 -7.199140
v 2.331135 -90.374519 -7.445097
v 2.433011 -90.374519 -7.199144
v 2.331131 -98.833488 -7.445092
v 2.433011 -90.374519 -7.691048
v 2.433007 -98.833488 -7.691044
v 2.433007 -98.833488 -7.691044
v 2.678962 -90.374519 -7.792924
v 2.433011 -90.374519 -7.691048
v 2.678958 -98.833488 -7.792919
v 2.924913 -90.374519 -7.691048
v 2.924909 -98.833488 -7.691044
v 2.924909 -98.833488 -7.691044
v 3.026789 -90.374519 -7.445096
v 2.924913 -90.374519 -7.691048
v 3.026785 -98.833488 -7.445093
v 2.924913 -90.374519 -7.199144
v 2.924909 -98.833488 -7.199140
v 2.924909 -98.833488 -7.199140
v 2.678962 -90.374519 -7.097268
v 2.924913 -90.374519 -7.199144
v 2.678958 -98.833488 -7.097264
v 2.433011 -90.374519 -7.199144
v 2.433007 -98.833488 -7.199140
v 2.819894 -104.364914 -7.202042
v 2.633034 -104.611420 -6.900527
v 2.538016 -104.364914 -7.202042
v 2.724877 -104.611420 -6.900527
v 2.538016 -104.364914 -7.202042
v 2.633034 -105.266510 -6.900528
v 2.538017 -105.513031 -7.202042
v 2.633034 -104.611420 -6.900527
v 2.819894 -105.513031 -7.202042
v 2.724877 -104.611420 -6.900527
v 2.819894 -104.364914 -7.202042
v 2.724877 -105.266510 -6.900529
v 2.538017 -105.513031 -7.202042
v 2.724877 -105.266510 -6.900529
v 2.819894 -105.513031 -7.202042
v 2.633034 -105.266510 -6.900528
v 2.724878 -104.611420 -4.193764
v 2.633034 -104.611420 -6.900527
v 2.724877 -104.611420 -6.900527
v 2.633034 -104.611420 -4.193764
v 2.633034 -104.611420 -4.193764
v 2.633034 -105.266510 -6.900528
v 2.633034 -104.611420 -6.900527
v 2.633034 -105.266510 -4.193763
v 2.724878 -105.266510 -4.193763
v 2.724877 -104.611420 -6.900527
v 2.724877 -105.266510 -6.900529
v 2.724878 -104.611420 -4.193764
v 2.633034 -105.266510 -4.193763
v 2.724877 -105.266510 -6.900529
v 2.633034 -105.266510 -6.900528
v 2.724878 -105.266510 -4.193763
v 2.559659 -104.818237 -7.220664
v -0.395365 -104.817749 -4.475898
v 2.454531 -104.818237 -7.325793
v -0.290236 -104.817749 -4.370769
v 2.454531 -104.818237 -7.325793
v -0.395365 -105.060181 -4.475897
v 2.454531 -105.059708 -7.325793
v -0.395365 -104.817749 -4.475898
v 2.559659 -105.059708 -7.220664
v -0.290236 -104.817749 -4.370769
v 2.559659 -104.818237 -7.220664
v -0.290236 -105.060181 -4.370769
v 2.454531 -105.059708 -7.325793
v -0.290236 -105.060181 -4.370769
v 2.559659 -105.059708 -7.220664
v -0.395365 -105.060181 -4.475897
v 5.309936 -102.476807 -6.885314
v 5.410610 -101.250488 -6.642267
v 5.410609 -102.476807 -6.642267
v 5.309937 -101.250488 -6.885315
v 5.410609 -102.476807 -7.128359
v 5.410609 -101.250488 -7.128361
v 5.653656 -101.250488 -6.541593
v 5.410609 -102.476807 -6.642267
v 5.410610 -101.250488 -6.642267
v 5.653656 -102.476807 -6.541593
v 5.896703 -101.250488 -6.642267
v 5.896702 -102.476807 -6.642267
v 5.997376 -101.250488 -6.885315
v 5.896702 -102.476807 -6.642267
v 5.896703 -101.250488 -6.642267
v 5.997375 -102.476807 -6.885314
v 5.896702 -101.250488 -7.128361
v 5.896702 -102.476807 -7.128361
v 5.653656 -101.250488 -7.229034
v 5.896702 -102.476807 -7.128361
v 5.896702 -101.250488 -7.128361
v 5.653656 -102.476807 -7.229034
v 5.410609 -101.250488 -7.128361
v 5.410609 -102.476807 -7.128359
v 5.410610 -101.250488 -6.642267
v 5.441380 -100.089905 -6.885315
v 5.503554 -100.089905 -6.735212
v 5.309937 -101.250488 -6.885315
v 5.503554 -100.089905 -7.035418
v 5.410609 -101.250488 -7.128361
v 5.410609 -101.250488 -7.128361
v 5.653657 -100.089905 -7.097593
v 5.503554 -100.089905 -7.035418
v 5.653656 -101.250488 -7.229034
v 5.803761 -100.089905 -7.035418
v 5.896702 -101.250488 -7.128361
v 5.896702 -101.250488 -7.128361
v 5.865935 -100.089905 -6.885315
v 5.803761 -100.089905 -7.035418
v 5.997376 -101.250488 -6.885315
v 5.803761 -100.089905 -6.735212
v 5.896703 -101.250488 -6.642267
v 5.896703 -101.250488 -6.642267
v 5.653657 -100.089905 -6.673037
v 5.803761 -100.089905 -6.735212
v 5.653656 -101.250488 -6.541593
v 5.503554 -100.089905 -6.735212
v 5.410610 -101.250488 -6.642267
v 5.503555 -97.158333 -6.735214
v 5.305831 -95.814323 -6.885317
v 5.407708 -95.814323 -6.639365
v 5.441380 -97.158333 -6.885316
v 5.407708 -95.814323 -7.131269
v 5.503555 -97.158333 -7.035418
v 5.503555 -97.158333 -7.035418
v 5.653659 -95.814323 -7.233144
v 5.407708 -95.814323 -7.131269
v 5.653657 -97.158333 -7.097595
v 5.899610 -95.814323 -7.131269
v 5.803761 -97.158333 -7.035418
v 5.803761 -97.158333 -7.035418
v 6.001486 -95.814323 -6.885318
v 5.899610 -95.814323 -7.131269
v 5.865935 -97.158333 -6.885316
v 5.899610 -95.814323 -6.639365
v 5.803761 -97.158333 -6.735214
v 5.803761 -97.158333 -6.735214
v 5.653659 -95.814323 -6.537489
v 5.899610 -95.814323 -6.639365
v 5.653657 -97.158333 -6.673038
v 5.407708 -95.814323 -6.639365
v 5.503555 -97.158333 -6.735214
v 5.407708 -95.814323 -6.639365
v 5.305836 -87.355339 -6.885322
v 5.407712 -87.355339 -6.639369
v 5.305831 -95.814323 -6.885317
v 5.407712 -87.355339 -7.131272
v 5.407708 -95.814323 -7.131269
v 5.407708 -95.814323 -7.131269
v 5.653662 -87.355339 -7.233148
v 5.407712 -87.355339 -7.131272
v 5.653659 -95.814323 -7.233144
v 5.899613 -87.355339 -7.131272
v 5.899610 -95.814323 -7.131269
v 5.899610 -95.814323 -7.131269
v 6.001490 -87.355339 -6.885320
v 5.899613 -87.355339 -7.131272
v 6.001486 -95.814323 -6.885318
v 5.899614 -87.355339 -6.639369
v 5.899610 -95.814323 -6.639365
v 5.899610 -95.814323 -6.639365
v 5.653664 -87.355339 -6.537493
v 5.899614 -87.355339 -6.639369
v 5.653659 -95.814323 -6.537489
v 5.407712 -87.355339 -6.639369
v 5.407708 -95.814323 -6.639365
v 5.794595 -101.345734 -6.642267
v 5.607735 -101.592255 -6.340753
v 5.512718 -101.345734 -6.642267
v 5.699578 -101.592255 -6.340752
v 5.512718 -101.345734 -6.642267
v 5.607734 -102.247314 -6.340753
v 5.512717 -102.493835 -6.642267
v 5.607735 -101.592255 -6.340753
v 5.794595 -102.493835 -6.642267
v 5.699578 -101.592255 -6.340752
v 5.794595 -101.345734 -6.642267
v 5.699578 -102.247314 -6.340754
v 5.512717 -102.493835 -6.642267
v 5.699578 -102.247314 -6.340754
v 5.794595 -102.493835 -6.642267
v 5.607734 -102.247314 -6.340753
v 5.699578 -101.592255 -3.633988
v 5.607735 -101.592255 -6.340753
v 5.699578 -101.592255 -6.340752
v 5.607735 -101.592255 -3.633988
v 5.607735 -101.592255 -3.633988
v 5.607734 -102.247314 -6.340753
v 5.607735 -101.592255 -6.340753
v 5.607735 -102.247314 -3.633988
v 5.699579 -102.247314 -3.633988
v 5.699578 -101.592255 -6.340752
v 5.699578 -102.247314 -6.340754
v 5.699578 -101.592255 -3.633988
v 5.607735 -102.247314 -3.633988
v 5.699578 -102.247314 -6.340754
v 5.607734 -102.247314 -6.340753
v 5.699579 -102.247314 -3.633988
v 5.534359 -101.799072 -6.660889
v 2.579336 -101.798584 -3.916123
v 5.429231 -101.799072 -6.766018
v 2.684465 -101.798584 -3.810994
v 5.429231 -101.799072 -6.766018
v 2.579336 -102.041016 -3.916122
v 5.429231 -102.040527 -6.766018
v 2.579336 -101.798584 -3.916123
v 5.534359 -102.040527 -6.660889
v 2.684465 -101.798584 -3.810994
v 5.534359 -101.799072 -6.660889
v 2.684465 -102.041016 -3.810994
v 5.429231 -102.040527 -6.766018
v 2.684465 -102.041016 -3.810994
v 5.534359 -102.040527 -6.660889
v 2.579336 -102.041016 -3.916122
v 2.564955 -106.413818 -8.316915
v 2.792985 -106.413818 -4.630307
v 2.564956 -106.413818 -4.630306
v 2.792984 -106.413818 -8.316915
v 2.792985 -106.413818 -4.630307
v 2.612407 -109.007507 -4.630305
v 2.564956 -106.413818 -4.630306
v 2.745532 -109.007507 -4.630305
v 2.620036 -109.521759 -4.805248
v 2.737904 -109.521759 -4.805248
v 2.626222 -109.938889 -5.147829
v 2.731716 -109.938889 -5.147830
v 2.564955 -106.413818 -8.316915
v 2.745531 -109.007507 -8.316914
v 2.792984 -106.413818 -8.316915
v 2.612406 -109.007507 -8.316912
v 2.737903 -109.521759 -8.141971
v 2.620034 -109.521759 -8.141971
v 2.731716 -109.938889 -7.799389
v 2.626223 -109.938889 -7.799389
v 2.945489 -107.235687 -3.365217
v 2.883449 -106.963715 -8.249102
v 2.883449 -107.199860 -8.249102
v 2.945489 -106.927917 -3.365217
v 2.945489 -106.927917 -3.365217
v 2.678969 -106.845642 -8.249104
v 2.883449 -106.963715 -8.249102
v 2.678971 -106.774048 -3.365217
v 2.474490 -106.963715 -8.249104
v 2.412452 -106.927917 -3.365217
v 2.412452 -106.927917 -3.365217
v 2.474490 -107.199860 -8.249104
v 2.474490 -106.963715 -8.249104
v 2.412452 -107.235687 -3.365217
v 2.412452 -107.235687 -3.365217
v 2.678969 -107.317902 -8.249102
v 2.474490 -107.199860 -8.249104
v 2.678971 -107.389542 -3.365216
v 2.883449 -107.199860 -8.249102
v 2.945489 -107.235687 -3.365217
v 2.945489 -107.235687 -3.365217
v 2.678971 -106.774048 -3.365217
v 2.945489 -106.927917 -3.365217
v 2.412452 -107.235687 -3.365217
v 2.678971 -107.389542 -3.365216
v 2.412452 -106.927917 -3.365217
v 2.678969 -107.317902 -8.249102
v 2.474490 -106.963715 -8.249104
v 2.474490 -107.199860 -8.249104
v 2.883449 -106.963715 -8.249102
v 2.883449 -107.199860 -8.249102
v 2.678969 -106.845642 -8.249104
v 2.473565 -106.846191 -5.505380
v 2.560041 -109.641083 -5.257349
v 2.560041 -109.641083 -5.505377
v 2.473565 -106.846191 -5.257350
v 2.884376 -106.846191 -5.505380
v 2.797897 -109.641083 -5.257349
v 2.884376 -106.846191 -5.257351
v 2.797897 -109.641083 -5.505378
v 2.473565 -106.846191 -5.505380
v 2.797897 -109.641083 -5.505378
v 2.884376 -106.846191 -5.505380
v 2.560041 -109.641083 -5.505377
v 2.560041 -109.641083 -5.505377
v 2.797897 -109.641083 -5.257349
v 2.797897 -109.641083 -5.505378
v 2.560041 -109.641083 -5.257349
v 2.560041 -109.641083 -5.257349
v 2.884376 -106.846191 -5.257351
v 2.797897 -109.641083 -5.257349
v 2.473565 -106.846191 -5.257350
v 2.473565 -106.846191 -6.597623
v 2.560041 -109.641083 -6.349595
v 2.560041 -109.641083 -6.597623
v 2.473565 -106.846191 -6.349596
v 2.884376 -106.846191 -6.597623
v 2.797897 -109.641083 -6.349595
v 2.884376 -106.846191 -6.349596
v 2.797897 -109.641083 -6.597623
v 2.473565 -106.846191 -6.597623
v 2.797897 -109.641083 -6.597623
v 2.884376 -106.846191 -6.597623
v 2.560041 -109.641083 -6.597623
v 2.560041 -109.641083 -6.597623
v 2.797897 -109.641083 -6.349595
v 2.797897 -109.641083 -6.597623
v 2.560041 -109.641083 -6.349595
v 2.560041 -109.641083 -6.349595
v 2.884376 -106.846191 -6.349596
v 2.797897 -109.641083 -6.349595
v 2.473565 -106.846191 -6.349596
v 2.473565 -106.846191 -7.689869
v 2.560040 -109.641083 -7.441838
v 2.560041 -109.641083 -7.689867
v 2.473565 -106.846191 -7.441841
v 2.884375 -106.846191 -7.689869
v 2.797897 -109.641083 -7.441838
v 2.884375 -106.846191 -7.441841
v 2.797897 -109.641083 -7.689867
v 2.473565 -106.846191 -7.689869
v 2.797897 -109.641083 -7.689867
v 2.884375 -106.846191 -7.689869
v 2.560041 -109.641083 -7.689867
v 2.560041 -109.641083 -7.689867
v 2.797897 -109.641083 -7.441838
v 2.797897 -109.641083 -7.689867
v 2.560040 -109.641083 -7.441838
v 2.560040 -109.641083 -7.441838
v 2.884375 -106.846191 -7.441841
v 2.797897 -109.641083 -7.441838
v 2.473565 -106.846191 -7.441841
v 2.737904 -109.521759 -4.805248
v 2.728556 -110.151886 -5.570178
v 2.731716 -109.938889 -5.147830
v 2.745532 -109.007507 -4.630305
v 2.745531 -109.007507 -8.316914
v 2.728556 -110.151886 -7.377040
v 2.731716 -109.938889 -7.799389
v 2.737903 -109.521759 -8.141971
v 2.792984 -106.413818 -8.316915
v 2.792985 -106.413818 -4.630307
v 2.626222 -109.938889 -5.147829
v 2.612407 -109.007507 -4.630305
v 2.620036 -109.521759 -4.805248
v 2.629383 -110.151886 -5.570178
v 2.629382 -110.151886 -7.377040
v 2.612406 -109.007507 -8.316912
v 2.564955 -106.413818 -8.316915
v 2.564956 -106.413818 -4.630306
v 2.620034 -109.521759 -8.141971
v 2.626223 -109.938889 -7.799389
v 2.731716 -109.938889 -5.147830
v 2.629383 -110.151886 -5.570178
v 2.626222 -109.938889 -5.147829
v 2.728556 -110.151886 -5.570178
v 2.728556 -110.151886 -7.377040
v 2.629382 -110.151886 -7.377040
v 2.626223 -109.938889 -7.799389
v 2.731716 -109.938889 -7.799389
v -12.646000 -23.970476 -0.318321
v -12.384456 -20.000032 -6.322225
v -12.646002 -20.000032 -0.318321
v -12.384456 -23.970480 -6.322226
v -12.139317 -20.000032 -8.095275
v -12.139315 -23.970480 -8.095275
v -12.139311 -29.970530 -8.095279
v -12.384455 -29.970526 -6.322227
v -12.646000 -29.970526 -0.318322
v -12.139314 -38.970520 -8.095280
v -12.384458 -38.970520 -6.322228
v -12.139311 -49.999825 -8.095280
v -12.646002 -38.970520 -0.318323
v -12.384453 -49.999817 -6.322230
v -12.645999 -49.999817 -0.318325
v -12.139315 -23.970480 -8.095275
v -10.423446 -20.000032 -9.320895
v -12.139317 -20.000032 -8.095275
v -10.423443 -23.970480 -9.320895
v 0.000005 -20.000036 -9.320868
v -10.423439 -29.970526 -9.320896
v -12.139311 -29.970530 -8.095279
v -10.423442 -38.970520 -9.320898
v -12.139314 -38.970520 -8.095280
v -10.423437 -49.999817 -9.320898
v -12.139311 -49.999825 -8.095280
v 0.000005 -49.999825 -9.320871
v 0.000005 -38.970528 -9.320869
v 0.000005 -29.970530 -9.320868
v 0.000005 -23.970484 -9.320869
v 10.423452 -23.970480 -9.320895
v 10.423453 -20.000032 -9.320895
v 10.423450 -38.970520 -9.320898
v 10.423447 -49.999817 -9.320898
v 10.423449 -29.970526 -9.320896
v 12.139324 -23.970480 -8.095275
v 12.139325 -20.000032 -8.095275
v 12.139320 -29.970530 -8.095279
v 12.139321 -38.970520 -8.095280
v 12.139320 -49.999825 -8.095280
v 12.384464 -20.000032 -6.322225
v 12.646009 -23.970476 -0.318321
v 12.646009 -20.000032 -0.318321
v 12.384465 -23.970480 -6.322226
v 12.139325 -20.000032 -8.095275
v 12.139324 -23.970480 -8.095275
v 12.139320 -29.970530 -8.095279
v 12.384464 -29.970526 -6.322227
v 12.646009 -29.970526 -0.318322
v 12.139321 -38.970520 -8.095280
v 12.384465 -38.970520 -6.322228
v 12.139320 -49.999825 -8.095280
v 12.646009 -38.970520 -0.318323
v 12.384461 -49.999817 -6.322230
v 12.646008 -49.999817 -0.318325
v -12.646015 -59.999802 -0.318302
v -12.384482 -49.999779 -6.322204
v -12.646015 -49.999771 -0.318301
v -12.384483 -59.999802 -6.322205
v -12.139352 -49.999786 -8.095254
v -12.139353 -59.999794 -8.095256
v -10.423483 -59.999794 -9.320879
v -12.139352 -49.999786 -8.095254
v -12.139353 -59.999794 -8.095256
v -10.423481 -49.999786 -9.320878
v 0.000008 -49.999825 -9.320869
v 0.000004 -59.999763 -9.320870
v 10.423493 -49.999802 -9.320875
v 10.423488 -59.999802 -9.320876
v 12.139357 -59.999809 -8.095250
v 12.139362 -49.999794 -8.095249
v 12.384492 -49.999794 -6.322198
v 12.646021 -59.999817 -0.318294
v 12.646028 -49.999786 -0.318294
v 12.384485 -59.999817 -6.322198
v 12.139357 -59.999809 -8.095250
v 12.139362 -49.999794 -8.095249
vn -0.4651 -0.2462 -0.8504
vn -0.8221 -0.3787 -0.4252
vn -0.6066 -0.2319 -0.7604
vn -0.8483 -0.3116 -0.4281
vn -0.6172 -0.2747 -0.7373
vn -0.8540 -0.3294 -0.4027
vn -0.6382 -0.3466 -0.6874
vn -0.9263 -0.3480 -0.1442
vn -0.9216 -0.3682 -0.1232
vn -0.6643 -0.5898 -0.4592
vn -0.7626 -0.6272 -0.1584
vn -0.9358 -0.3224 -0.1427
vn -0.8644 -0.3507 -0.3602
vn -0.6681 -0.4068 -0.6230
vn -0.8960 -0.3491 -0.2745
vn -0.9560 -0.2791 -0.0899
vn -0.7203 -0.4338 -0.5413
vn -0.9154 -0.3455 -0.2067
vn -0.9503 -0.2852 -0.1247
vn -0.7807 -0.3564 -0.5133
vn -0.9776 -0.2087 -0.0283
vn -0.8328 -0.1912 -0.5195
vn -0.9780 -0.1868 -0.0933
vn -0.9872 -0.1322 -0.0894
vn -0.9909 -0.1328 -0.0216
vn -0.8518 -0.1137 -0.5113
vn -0.9919 -0.0901 -0.0899
vn -0.9957 -0.0905 -0.0217
vn -0.8535 -0.0774 -0.5153
vn -0.9936 -0.0677 -0.0901
vn -0.9975 -0.0679 -0.0217
vn -0.8549 -0.0581 -0.5156
vn -0.9955 -0.0278 -0.0902
vn -0.9994 -0.0279 -0.0218
vn -0.8573 -0.0239 -0.5143
vn -0.9959 -0.0000 -0.0903
vn -0.9998 -0.0000 -0.0218
vn -0.8557 -0.0000 -0.5175
vn -0.8220 -0.3787 -0.4252
vn -0.4650 -0.2462 -0.8504
vn -0.6642 -0.5898 -0.4593
vn -0.3686 -0.3608 -0.8567
vn -0.3356 -0.8014 -0.4950
vn -0.2011 -0.4814 -0.8531
vn -0.0000 -0.1602 -0.9871
vn -0.0000 -0.5243 -0.8516
vn 0.2011 -0.4814 -0.8531
vn 0.3686 -0.3608 -0.8567
vn 0.3357 -0.8014 -0.4950
vn 0.6643 -0.5898 -0.4593
vn 0.4650 -0.2462 -0.8504
vn 0.8220 -0.3787 -0.4253
vn -0.1718 -0.1199 -0.9778
vn -0.3572 -0.1620 -0.9199
vn -0.6065 -0.2319 -0.7605
vn -0.3683 -0.2112 -0.9054
vn -0.1829 -0.1670 -0.9688
vn -0.3714 -0.3047 -0.8770
vn -0.6382 -0.3467 -0.6874
vn -0.1749 -0.2590 -0.9499
vn -0.3727 -0.3893 -0.8423
vn -0.6681 -0.4068 -0.6231
vn -0.1602 -0.3434 -0.9254
vn -0.3777 -0.4593 -0.8040
vn -0.7202 -0.4339 -0.5414
vn -0.1432 -0.4140 -0.8989
vn -0.2871 -0.3289 -0.8997
vn -0.8328 -0.1912 -0.5196
vn -0.0690 -0.2879 -0.9552
vn -0.0930 -0.2176 -0.9716
vn -0.0413 -0.3506 -0.9356
vn -0.1096 -0.1528 -0.9822
vn -0.0179 -0.2569 -0.9663
vn -0.1089 -0.1139 -0.9875
vn -0.0018 -0.0326 -0.9995
vn -0.0000 -0.1068 -0.9943
vn -0.0000 -0.1069 -0.9943
vn 0.1089 -0.1139 -0.9875
vn 0.1718 -0.1199 -0.9778
vn 0.1829 -0.1670 -0.9688
vn 0.1096 -0.1528 -0.9822
vn 0.0930 -0.2176 -0.9716
vn 0.3572 -0.1620 -0.9199
vn 0.6065 -0.2319 -0.7605
vn 0.3683 -0.2112 -0.9054
vn 0.6172 -0.2747 -0.7373
vn 0.1749 -0.2590 -0.9499
vn 0.0690 -0.2879 -0.9552
vn 0.3714 -0.3047 -0.8770
vn 0.6382 -0.3467 -0.6874
vn 0.1602 -0.3434 -0.9254
vn 0.0413 -0.3507 -0.9356
vn 0.3727 -0.3894 -0.8423
vn 0.6680 -0.4068 -0.6231
vn 0.1432 -0.4140 -0.8989
vn 0.0179 -0.2569 -0.9663
vn 0.3777 -0.4593 -0.8040
vn 0.7202 -0.4339 -0.5414
vn 0.7807 -0.3564 -0.5133
vn 0.2871 -0.3289 -0.8997
vn 0.0018 -0.0326 -0.9995
vn 0.8328 -0.1912 -0.5196
vn 0.2998 -0.1250 -0.9458
vn -0.0000 -0.0000 -1.0000
vn 0.3104 -0.0423 -0.9497
vn 0.8518 -0.1137 -0.5114
vn 0.8535 -0.0774 -0.5153
vn 0.3066 -0.0279 -0.9514
vn 0.3071 -0.0211 -0.9514
vn 0.8549 -0.0582 -0.5156
vn 0.3100 -0.0088 -0.9507
vn 0.8572 -0.0239 -0.5144
vn 0.8557 -0.0000 -0.5175
vn 0.3052 -0.0000 -0.9523
vn -0.3052 -0.0000 -0.9523
vn -0.2998 -0.1250 -0.9458
vn -0.3104 -0.0423 -0.9497
vn -0.8518 -0.1137 -0.5114
vn -0.3066 -0.0279 -0.9514
vn -0.3100 -0.0088 -0.9507
vn -0.8572 -0.0239 -0.5144
vn -0.8549 -0.0582 -0.5156
vn -0.3071 -0.0211 -0.9514
vn -0.6642 -0.5899 -0.4592
vn -0.3357 -0.8015 -0.4949
vn -0.7625 -0.6273 -0.1584
vn -0.3740 -0.9109 -0.1743
vn -0.0000 -0.9840 -0.1782
vn -0.0000 -0.8664 -0.4993
vn -0.2011 -0.4815 -0.8531
vn -0.0000 -0.5243 -0.8515
vn 0.2011 -0.4815 -0.8531
vn 0.3356 -0.8015 -0.4949
vn 0.3740 -0.9109 -0.1743
vn 0.7625 -0.6273 -0.1584
vn 0.6643 -0.5898 -0.4592
vn -0.6793 -0.5326 -0.5049
vn -0.9980 -0.0451 -0.0442
vn -0.8863 -0.3692 -0.2796
vn -0.9985 -0.0432 -0.0331
vn -0.9986 -0.0393 -0.0359
vn -0.9990 -0.0371 -0.0268
vn -0.9992 -0.0262 -0.0316
vn -0.9207 -0.3391 -0.1933
vn -0.9992 -0.0265 -0.0316
vn -0.9993 -0.0182 -0.0313
vn -0.9995 -0.0025 -0.0312
vn -0.9993 -0.0102 -0.0359
vn -0.9178 -0.0117 -0.3968
vn -0.9676 0.0018 -0.2523
vn -0.0000 -0.8727 -0.4882
vn -0.0000 -0.8094 -0.5872
vn -0.0000 -0.7262 -0.6875
vn 0.6793 -0.5326 -0.5049
vn 0.8863 -0.3692 -0.2795
vn 0.9206 -0.3392 -0.1933
vn 0.4651 -0.2462 -0.8504
vn 0.6066 -0.2319 -0.7604
vn 0.8221 -0.3787 -0.4252
vn 0.8483 -0.3117 -0.4281
vn 0.8540 -0.3294 -0.4027
vn 0.9263 -0.3480 -0.1442
vn 0.9215 -0.3682 -0.1232
vn 0.7626 -0.6272 -0.1584
vn 0.9358 -0.3223 -0.1427
vn 0.8644 -0.3507 -0.3602
vn 0.6681 -0.4068 -0.6230
vn 0.8960 -0.3491 -0.2745
vn 0.9560 -0.2792 -0.0899
vn 0.7203 -0.4338 -0.5413
vn 0.9154 -0.3455 -0.2067
vn 0.9503 -0.2852 -0.1247
vn 0.9776 -0.2087 -0.0283
vn 0.8328 -0.1912 -0.5195
vn 0.9780 -0.1868 -0.0933
vn 0.9872 -0.1322 -0.0894
vn 0.9909 -0.1328 -0.0216
vn 0.8518 -0.1137 -0.5113
vn 0.9919 -0.0901 -0.0899
vn 0.9957 -0.0905 -0.0217
vn 0.9936 -0.0677 -0.0901
vn 0.9975 -0.0679 -0.0217
vn 0.8549 -0.0581 -0.5156
vn 0.9955 -0.0278 -0.0902
vn 0.9994 -0.0279 -0.0218
vn 0.8573 -0.0239 -0.5143
vn 0.9959 -0.0000 -0.0903
vn 0.9998 -0.0000 -0.0218
vn 0.8557 -0.0001 -0.5175
vn 0.9980 -0.0451 -0.0442
vn 0.9985 -0.0432 -0.0331
vn 0.9986 -0.0393 -0.0359
vn 0.9990 -0.0371 -0.0268
vn 0.9992 -0.0262 -0.0316
vn 0.9207 -0.3391 -0.1933
vn 0.9992 -0.0265 -0.0316
vn 0.9993 -0.0182 -0.0313
vn 0.9995 -0.0025 -0.0312
vn 0.9993 -0.0102 -0.0359
vn 0.9178 -0.0117 -0.3968
vn 0.9676 0.0018 -0.2523
vn 0.7071 -0.0000 0.7071
vn 1.0000 -0.0000 -0.0000
vn 0.7071 -0.0000 -0.7071
vn -0.0000 -0.0000 1.0000
vn -0.7071 -0.0000 0.7071
vn -1.0000 -0.0000 -0.0000
vn -0.7071 -0.0000 -0.7071
vn 0.7026 0.1125 0.7026
vn 0.7026 0.1126 0.7026
vn 0.9936 0.1125 -0.0000
vn 0.7026 0.1125 -0.7026
vn 0.7026 0.1126 -0.7026
vn -0.0000 0.1125 -0.9936
vn -0.7026 0.1125 -0.7027
vn -0.7026 0.1126 -0.7026
vn -0.7027 0.1125 -0.7026
vn -0.9936 0.1125 -0.0000
vn -0.7026 0.1125 0.7026
vn -0.7026 0.1126 0.7026
vn -0.0000 0.1125 0.9936
vn 0.7036 -0.1003 0.7035
vn 0.9950 -0.1003 -0.0000
vn 0.7036 -0.1003 -0.7035
vn 0.7035 -0.1004 -0.7036
vn 0.7035 -0.1003 -0.7036
vn -0.0000 -0.1003 -0.9950
vn -0.7035 -0.1003 -0.7036
vn -0.7035 -0.1003 -0.7035
vn -0.7036 -0.1004 -0.7035
vn -0.7036 -0.1003 -0.7035
vn -0.9950 -0.1003 -0.0000
vn -0.7036 -0.1003 0.7035
vn -0.7035 -0.1003 0.7035
vn -0.7035 -0.1003 0.7036
vn -0.0000 -0.1003 0.9950
vn 0.7035 -0.1003 0.7036
vn -0.7071 -0.0001 -0.7071
vn -0.0000 0.7742 0.6329
vn 0.9538 -0.0000 0.3006
vn -0.9538 -0.0000 0.3006
vn -0.0000 -0.7742 0.6330
vn -0.0000 1.0000 -0.0000
vn -0.0000 -1.0000 -0.0000
vn -0.0000 1.0000 -0.0001
vn -0.0001 1.0000 -0.0001
vn -0.0001 -1.0000 -0.0001
vn -0.0000 -1.0000 -0.0001
vn -0.7071 -0.0001 0.7071
vn -0.7026 0.1125 -0.7026
vn 0.7036 -0.1004 0.7035
vn 0.7035 -0.1003 -0.7035
vn -0.7035 -0.1004 0.7036
vn -0.7071 0.0001 0.7071
vn -0.0001 0.7742 0.6330
vn -0.0000 0.7742 0.6330
vn 0.0001 -0.7742 0.6330
vn -0.0002 1.0000 -0.0000
vn -0.0001 1.0000 -0.0000
vn -0.0000 -0.1615 0.9869
vn -0.0000 -0.4849 0.8746
vn -0.0001 -0.7798 0.6260
vn -0.0000 -0.1615 -0.9869
vn -0.0000 -0.4849 -0.8746
vn -0.0000 -0.7798 -0.6260
vn -0.8659 0.4999 -0.0147
vn -0.8660 0.4999 -0.0146
vn -0.8659 -0.5000 -0.0147
vn -0.8659 -0.5000 -0.0146
vn -0.8659 0.5000 -0.0146
vn -0.8659 0.5000 -0.0147
vn -0.0000 0.9999 -0.0147
vn 0.8659 0.4999 -0.0146
vn 0.8659 0.4999 -0.0147
vn 0.8659 -0.5000 -0.0147
vn 0.8659 -0.5000 -0.0146
vn 0.8660 0.4999 -0.0146
vn 0.8659 -0.4999 -0.0146
vn 0.8658 -0.5001 -0.0147
vn -0.0000 -0.9999 -0.0147
vn 0.9995 -0.0309 -0.0000
vn -0.9995 -0.0309 -0.0000
vn 0.0001 -1.0000 -0.0000
vn -0.9999 -0.0148 -0.0000
vn -0.9999 -0.0168 -0.0000
vn -0.9998 -0.0183 -0.0000
vn 0.9999 -0.0148 -0.0000
vn 0.9999 -0.0168 -0.0000
vn 0.9998 -0.0183 -0.0000
vn 0.0001 -0.7799 0.6259
vn -0.0000 -0.9727 0.2319
vn -0.0000 -0.9727 -0.2319
vn -0.0000 -0.7799 -0.6259
vn 0.7071 0.0001 0.7071
vn 0.7026 0.1125 -0.7027
vn 0.7035 -0.1003 0.7035
vn 0.0002 -1.0000 -0.0000
vn 0.0001 1.0000 -0.0001
vn 0.0001 -1.0000 -0.0001
vn 0.7071 -0.0001 0.7071
vn 0.0001 0.7742 0.6330
vn 0.0002 1.0000 -0.0000
vn 0.0001 -0.7798 0.6260
vn 0.8659 0.5000 -0.0146
vn 0.8659 0.5000 -0.0147
vn -0.8659 0.4999 -0.0146
vn -0.8659 -0.4999 -0.0146
vn -0.0001 -0.7799 0.6259
vn -0.9991 -0.0000 -0.0435
vn 0.9991 -0.0000 -0.0435
vn 0.8557 0.0002 -0.5175
vt -17.935740 0.157297
vt -17.935740 0.165418
vt -18.026638 0.155082
vt -18.026638 0.165364
vt -18.092838 0.153469
vt -18.092838 0.165325
vt -18.141506 0.147496
vt -18.026638 0.210741
vt -17.935740 0.210741
vt -17.921797 0.165418
vt -17.910265 0.210741
vt -18.117558 0.210740
vt -18.141506 0.161364
vt -18.184137 0.137684
vt -18.184137 0.154165
vt -18.208479 0.210740
vt -18.231869 0.122118
vt -18.231869 0.142348
vt -18.283459 0.125363
vt -18.284109 0.099864
vt -18.299398 0.210741
vt -18.333620 0.093351
vt -18.333620 0.120115
vt -18.390318 0.120115
vt -18.390318 0.210741
vt -18.390318 0.093351
vt -18.481237 0.120115
vt -18.481237 0.210741
vt -18.481237 0.093351
vt -18.572157 0.120115
vt -18.572157 0.210741
vt -18.572157 0.093351
vt -18.663078 0.120115
vt -18.663078 0.210741
vt -18.663078 0.093352
vt -18.753998 0.120115
vt -18.753998 0.210741
vt -18.753998 0.093351
vt 0.473818 -17.935740
vt 0.481855 -17.935740
vt 0.481502 -17.921797
vt 0.487184 -17.927515
vt 0.490012 -17.916075
vt 0.493088 -17.923546
vt 0.500051 -17.935740
vt 0.500051 -17.922152
vt 0.507014 -17.923546
vt 0.512918 -17.927515
vt 0.510089 -17.916075
vt 0.518600 -17.921797
vt 0.518247 -17.935740
vt 0.526284 -17.935740
vt 0.476294 -18.026638
vt 0.456355 -18.026638
vt 0.449757 -18.026638
vt 0.437784 -18.092838
vt 0.426382 -18.092838
vt 0.458992 -18.092838
vt 0.424111 -18.141506
vt 0.409228 -18.141506
vt 0.444098 -18.141506
vt 0.412113 -18.184137
vt 0.394230 -18.184137
vt 0.428917 -18.184137
vt 0.398660 -18.231869
vt 0.377469 -18.231869
vt 0.359158 -18.284109
vt 0.409791 -18.231869
vt 0.383877 -18.284239
vt 0.348123 -18.333620
vt 0.493879 -18.184137
vt 0.494803 -18.141504
vt 0.493352 -18.231869
vt 0.496429 -18.092838
vt 0.493344 -18.283184
vt 0.496691 -18.086452
vt 0.495882 -18.333811
vt 0.500051 -18.026638
vt 0.500051 -18.084005
vt 0.503412 -18.086452
vt 0.523809 -18.026638
vt 0.541111 -18.092838
vt 0.503674 -18.092838
vt 0.505301 -18.141504
vt 0.543748 -18.026638
vt 0.550345 -18.026638
vt 0.562319 -18.092838
vt 0.573721 -18.092838
vt 0.556005 -18.141504
vt 0.506225 -18.184137
vt 0.575992 -18.141504
vt 0.590875 -18.141504
vt 0.571187 -18.184137
vt 0.506752 -18.231869
vt 0.587990 -18.184137
vt 0.605873 -18.184137
vt 0.590313 -18.231869
vt 0.506760 -18.283184
vt 0.601444 -18.231869
vt 0.622635 -18.231869
vt 0.640946 -18.284109
vt 0.616227 -18.284239
vt 0.504223 -18.333811
vt 0.651982 -18.333620
vt 0.626183 -18.333620
vt 0.500052 -18.390318
vt 0.635586 -18.390318
vt 0.500052 -18.333858
vt 0.661386 -18.390318
vt 0.505907 -18.231869
vt 0.670548 -18.481237
vt 0.644708 -18.481237
vt 0.500052 -18.231869
vt 0.504876 -18.184137
vt 0.651964 -18.572157
vt 0.677804 -18.572157
vt 0.500052 -18.184137
vt 0.503412 -18.136259
vt 0.500052 -18.133812
vt 0.496691 -18.136259
vt 0.495227 -18.184137
vt 0.494197 -18.231869
vt 0.657023 -18.663078
vt 0.500053 -18.663076
vt 0.682863 -18.663078
vt 0.682863 -18.753998
vt 0.657023 -18.753998
vt 0.500054 -18.753998
vt 0.343084 -18.753998
vt 0.373922 -18.333620
vt 0.364519 -18.390318
vt 0.338718 -18.390318
vt 0.329558 -18.481237
vt 0.355397 -18.481237
vt 0.343084 -18.663078
vt 0.317244 -18.753998
vt 0.317244 -18.663078
vt 0.322302 -18.572157
vt 0.348142 -18.572157
vt 0.500053 -18.572157
vt 0.500053 -18.481237
vt 0.481502 0.165418
vt 0.490012 0.165418
vt 0.476123 0.210741
vt 0.487102 0.210741
vt 0.500051 0.210741
vt 0.500051 0.165419
vt 0.493088 0.157297
vt 0.500051 0.157297
vt 0.507014 0.157297
vt 0.510089 0.165418
vt 0.513000 0.210741
vt 0.523978 0.210741
vt 0.518600 0.165418
vt -18.086452 0.137944
vt -18.092838 0.137141
vt -18.120710 0.102544
vt -18.124088 0.106793
vt -18.141504 0.128546
vt -18.138353 0.081365
vt -18.184137 0.081365
vt -18.136259 0.074851
vt -18.184137 0.117628
vt -18.184137 0.074851
vt -18.231869 0.101975
vt -18.231869 0.074851
vt -18.231869 0.081365
vt -18.283184 0.081363
vt -18.333811 0.074851
vt 0.496691 0.074851
vt 0.500052 0.074851
vt 0.496691 0.102544
vt 0.500051 0.100781
vt 0.496691 0.137944
vt 0.500051 0.137824
vt 0.503412 0.137944
vt 0.503412 0.102544
vt 0.503412 0.074851
vt 18.935740 0.157297
vt 19.026638 0.155082
vt 18.935740 0.165418
vt 19.026638 0.165364
vt 19.092838 0.153469
vt 19.092838 0.165325
vt 19.141504 0.147496
vt 19.026638 0.210740
vt 18.935740 0.210741
vt 18.921797 0.165418
vt 18.910265 0.210741
vt 19.117558 0.210740
vt 19.141504 0.161364
vt 19.184137 0.137684
vt 19.184137 0.154165
vt 19.208479 0.210740
vt 19.231869 0.122118
vt 19.231869 0.142348
vt 19.283459 0.125363
vt 19.284109 0.099864
vt 19.299398 0.210740
vt 19.333620 0.093351
vt 19.333620 0.120115
vt 19.390318 0.120115
vt 19.390318 0.210740
vt 19.390318 0.093351
vt 19.481237 0.120115
vt 19.481237 0.210741
vt 19.481237 0.093351
vt 19.572157 0.120115
vt 19.572157 0.210741
vt 19.572157 0.093351
vt 19.663078 0.120115
vt 19.663076 0.210741
vt 19.663078 0.093351
vt 19.753998 0.120115
vt 19.753998 0.210741
vt 19.753998 0.093351
vt 19.086452 0.137944
vt 19.120710 0.102544
vt 19.092838 0.137141
vt 19.124088 0.106793
vt 19.141504 0.128546
vt 19.138353 0.081365
vt 19.184137 0.081365
vt 19.136259 0.074851
vt 19.184137 0.117628
vt 19.184137 0.074851
vt 19.231869 0.101975
vt 19.231869 0.074851
vt 19.231869 0.081365
vt 19.283184 0.081363
vt 19.333811 0.074851
vt 19.064577 0.106834
vt 19.064577 0.103165
vt 19.083160 0.106834
vt 19.083160 0.103165
vt 19.064577 0.099497
vt 19.083160 0.099497
vt 0.536631 -18.083160
vt 0.540291 -18.083160
vt 0.536631 -18.064577
vt 0.540291 -18.064577
vt 0.543951 -18.083160
vt 0.543952 -18.064577
vt -18.083160 0.106834
vt -18.083160 0.103165
vt -18.064577 0.106834
vt -18.064577 0.103165
vt -18.083160 0.099497
vt -18.064577 0.099497
vt 0.456049 -18.083160
vt 0.459709 -18.083160
vt 0.456048 -18.064577
vt 0.459709 -18.064577
vt 0.463369 -18.083160
vt 0.463369 -18.064577
vt 19.100746 0.105431
vt 19.100746 0.103165
vt 19.100746 0.100899
vt 0.461969 -18.100746
vt 0.459709 -18.100746
vt 0.457448 -18.100746
vt -18.100746 0.100899
vt -18.100746 0.103165
vt -18.100746 0.105431
vt 0.542552 -18.100746
vt 0.540291 -18.100746
vt 0.538031 -18.100746
vt 19.165537 0.106878
vt 19.145170 0.105431
vt 19.165537 0.103165
vt 19.145170 0.103165
vt 19.165537 0.099453
vt 19.145170 0.100899
vt 0.463413 -18.165537
vt 0.461969 -18.145170
vt 0.459709 -18.165537
vt 0.459709 -18.145170
vt 0.456005 -18.165537
vt 0.457448 -18.145170
vt -18.165537 0.099453
vt -18.145170 0.100899
vt -18.165537 0.103165
vt -18.145170 0.103165
vt -18.165537 0.106878
vt -18.145170 0.105431
vt 0.543995 -18.165537
vt 0.542552 -18.145170
vt 0.540291 -18.165537
vt 0.540291 -18.145170
vt 0.536587 -18.165537
vt 0.538031 -18.145170
vt 19.293718 0.106878
vt 19.293718 0.103165
vt 19.293718 0.099453
vt 0.463413 -18.293718
vt 0.459709 -18.293718
vt 0.456005 -18.293718
vt -18.293718 0.099453
vt -18.293718 0.103165
vt -18.293718 0.106878
vt 0.543995 -18.293718
vt 0.540291 -18.293718
vt 0.536587 -18.293718
vt 0.540983 0.111385
vt 0.539600 0.111385
vt 0.542414 0.106834
vt 0.538169 0.106834
vt 19.077982 0.111385
vt 19.068054 0.111385
vt 19.081717 0.106834
vt 19.064320 0.106834
vt -18.068054 0.111385
vt -18.077982 0.111385
vt -18.064320 0.106834
vt -18.081717 0.106834
vt 0.460400 0.111385
vt 0.459017 0.111385
vt 0.461831 0.106834
vt 0.457586 0.106834
vt 0.539600 0.152242
vt 0.540983 0.152242
vt 19.068054 0.152242
vt 19.077982 0.152242
vt -18.077982 0.152242
vt -18.068054 0.152242
vt 0.459017 0.152242
vt 0.460400 0.152242
vt 0.495577 0.149571
vt 0.493994 0.147984
vt 0.538495 0.106553
vt 0.536912 0.104966
vt 0.506006 -18.074856
vt 0.506006 -18.071182
vt 0.463088 -18.074848
vt 0.463088 -18.071188
vt 0.495578 -18.071182
vt 0.495577 -18.074856
vt 0.538495 -18.071188
vt 0.538495 -18.074848
vt 0.506006 0.147984
vt 0.504422 0.149571
vt 0.463088 0.104966
vt 0.461505 0.106553
vt 19.110329 0.115283
vt 19.110329 0.111615
vt 19.128912 0.115283
vt 19.128912 0.111615
vt 19.110329 0.107946
vt 19.128912 0.107946
vt 0.581428 -18.128912
vt 0.585088 -18.128912
vt 0.581428 -18.110329
vt 0.585088 -18.110329
vt 0.588748 -18.128912
vt 0.588748 -18.110329
vt -18.128912 0.115283
vt -18.128912 0.111615
vt -18.110329 0.115283
vt -18.110329 0.111615
vt -18.128912 0.107946
vt -18.110329 0.107946
vt 0.411252 -18.128912
vt 0.414912 -18.128912
vt 0.411252 -18.110329
vt 0.414912 -18.110329
vt 0.418572 -18.128912
vt 0.418572 -18.110329
vt 19.146498 0.113880
vt 19.146498 0.111615
vt 19.146498 0.109349
vt 0.417172 -18.146498
vt 0.414912 -18.146498
vt 0.412652 -18.146498
vt -18.146498 0.109349
vt -18.146498 0.111615
vt -18.146498 0.113880
vt 0.587348 -18.146498
vt 0.585088 -18.146498
vt 0.582828 -18.146498
vt 19.211287 0.115327
vt 19.190922 0.113880
vt 19.211287 0.111615
vt 19.190922 0.111615
vt 19.211287 0.107902
vt 19.190922 0.109349
vt 0.418616 -18.211287
vt 0.417173 -18.190922
vt 0.414912 -18.211287
vt 0.414912 -18.190922
vt 0.411208 -18.211287
vt 0.412652 -18.190922
vt -18.211287 0.107902
vt -18.190922 0.109349
vt -18.211287 0.111615
vt -18.190922 0.111615
vt -18.211287 0.115327
vt -18.190922 0.113880
vt 0.588792 -18.211287
vt 0.587348 -18.190922
vt 0.585088 -18.211287
vt 0.585088 -18.190922
vt 0.581384 -18.211287
vt 0.582827 -18.190922
vt 19.339468 0.115327
vt 19.339468 0.111615
vt 19.339468 0.107902
vt 0.418616 -18.339468
vt 0.414913 -18.339468
vt 0.411209 -18.339468
vt -18.339468 0.107902
vt -18.339468 0.111615
vt -18.339468 0.115327
vt 0.588791 -18.339468
vt 0.585087 -18.339468
vt 0.581384 -18.339468
vt 0.585780 0.119835
vt 0.584396 0.119835
vt 0.587210 0.115283
vt 0.582966 0.115283
vt 19.123732 0.119835
vt 19.113806 0.119835
vt 19.127468 0.115283
vt 19.110069 0.115283
vt -18.113806 0.119835
vt -18.123732 0.119835
vt -18.110069 0.115283
vt -18.127468 0.115283
vt 0.415604 0.119835
vt 0.414220 0.119835
vt 0.417034 0.115283
vt 0.412789 0.115283
vt 0.584396 0.160692
vt 0.585780 0.160692
vt 19.113806 0.160692
vt 19.123732 0.160692
vt -18.123732 0.160692
vt -18.113806 0.160692
vt 0.414220 0.160692
vt 0.415603 0.160692
vt 0.540374 0.158020
vt 0.538791 0.156433
vt 0.583292 0.115002
vt 0.581708 0.113415
vt 0.461209 -18.120605
vt 0.461209 -18.116932
vt 0.418292 -18.120598
vt 0.418292 -18.116940
vt 0.540374 -18.116932
vt 0.540374 -18.120605
vt 0.583292 -18.116940
vt 0.583292 -18.120598
vt 0.461209 0.156433
vt 0.459626 0.158020
vt 0.418292 0.113415
vt 0.416708 0.115002
vt 0.542009 0.090005
vt 0.542009 0.145653
vt 0.538575 0.090005
vt 0.538575 0.145653
vt 0.538575 -18.050669
vt 0.542009 -18.050669
vt 0.539289 -18.011366
vt 0.541294 -18.011366
vt 0.539404 -18.003574
vt 0.541179 -18.003574
vt 0.539497 -17.997253
vt 0.541086 -17.997253
vt 0.457991 -18.050669
vt 0.461425 -18.050669
vt 0.458706 -18.011366
vt 0.460711 -18.011366
vt 0.458821 -18.003574
vt 0.460596 -18.003574
vt 0.458914 -17.997253
vt 0.460502 -17.997253
vt -18.042879 0.164749
vt -18.042336 0.091029
vt -18.038216 0.164749
vt -18.038757 0.091029
vt 0.543371 0.091029
vt 0.544305 0.164749
vt 0.540292 0.091029
vt 0.540292 0.164749
vt 0.537212 0.091029
vt 0.536278 0.164749
vt 19.038216 0.164749
vt 19.038757 0.091029
vt 19.042879 0.164749
vt 19.042336 0.091029
vt 0.462788 0.091029
vt 0.463722 0.164749
vt 0.459708 0.091029
vt 0.459708 0.164749
vt 0.456629 0.091029
vt 0.455695 0.164749
vt 0.536278 -18.042879
vt 0.540292 -18.045212
vt 0.536278 -18.038216
vt 0.544305 -18.038216
vt 0.540292 -18.035883
vt 0.544305 -18.042879
vt 0.459708 -18.044127
vt 0.462788 -18.042336
vt 0.456629 -18.042336
vt 0.459708 -18.036970
vt 0.456629 -18.038757
vt 0.462788 -18.038757
vt 19.044117 0.136188
vt 19.001766 0.136188
vt 19.044117 0.132444
vt 19.001766 0.132444
vt -18.001766 0.132444
vt -18.001766 0.136188
vt -18.044117 0.132444
vt -18.044117 0.136188
vt 0.461499 -18.001766
vt 0.457917 -18.001766
vt 0.462802 -18.044117
vt 0.456615 -18.044117
vt 0.461499 0.136188
vt 0.457917 0.136188
vt 0.461499 0.132444
vt 0.457917 0.132444
vt 0.537198 -18.044117
vt 0.543385 -18.044117
vt 0.538501 -18.001766
vt 0.542083 -18.001766
vt 19.044117 0.119701
vt 19.001766 0.119701
vt 19.044117 0.115957
vt 19.001766 0.115957
vt -18.001766 0.115957
vt -18.001766 0.119701
vt -18.044117 0.115957
vt -18.044117 0.119701
vt 0.461499 0.119701
vt 0.457917 0.119701
vt 0.461499 0.115957
vt 0.457917 0.115957
vt 19.044117 0.103214
vt 19.001766 0.103214
vt 19.044117 0.099470
vt 19.001766 0.099470
vt -18.001766 0.099470
vt -18.001766 0.103214
vt -18.044117 0.099470
vt -18.044117 0.103214
vt 0.461499 0.103214
vt 0.457917 0.103214
vt 0.461499 0.099470
vt 0.457917 0.099470
vt -17.997253 0.137841
vt -18.003574 0.143012
vt -17.994024 0.131466
vt -18.011366 0.145653
vt -18.011366 0.090005
vt -17.994024 0.104192
vt -17.997253 0.097817
vt -18.003574 0.092646
vt -18.050669 0.090005
vt -18.050669 0.145653
vt 19.003574 0.143012
vt 18.997253 0.137841
vt 19.011366 0.145653
vt 18.994024 0.131466
vt 18.994024 0.104192
vt 19.011366 0.090005
vt 19.003574 0.092646
vt 18.997253 0.097817
vt 19.050669 0.090005
vt 19.050669 0.145653
vt 0.460503 0.137841
vt 0.458914 0.137841
vt 0.460455 0.131466
vt 0.458961 0.131466
vt 0.458961 0.104192
vt 0.460455 0.104192
vt 0.460502 0.097817
vt 0.458914 0.097817
vt -18.064577 0.099497
vt 0.463266 -18.083160
vt 0.463266 -18.064577
vt 0.459605 -18.083160
vt 0.459605 -18.064577
vt 0.455945 -18.083160
vt 0.455945 -18.064577
vt 19.064577 0.106834
vt 19.064577 0.099497
vt 0.544055 -18.083160
vt 0.544055 -18.064577
vt 0.540395 -18.083160
vt 0.540395 -18.064577
vt 0.536734 -18.083160
vt 0.536734 -18.064577
vt 0.538134 -18.100746
vt 0.540395 -18.100746
vt 0.542655 -18.100746
vt 19.100746 0.103165
vt 0.457345 -18.100746
vt 0.459605 -18.100746
vt 0.461866 -18.100746
vt -18.165537 0.103165
vt -18.145170 0.100899
vt 0.536691 -18.165537
vt 0.540395 -18.165537
vt 0.538134 -18.145170
vt 0.540395 -18.145170
vt 0.544099 -18.165537
vt 0.542655 -18.145170
vt 19.165537 0.103165
vt 19.165537 0.106878
vt 19.145170 0.105431
vt 0.455901 -18.165537
vt 0.459605 -18.165537
vt 0.457345 -18.145170
vt 0.459605 -18.145170
vt 0.463309 -18.165537
vt 0.461866 -18.145170
vt -18.293718 0.103165
vt 0.536691 -18.293718
vt 0.540395 -18.293718
vt 0.544099 -18.293718
vt 19.293718 0.103165
vt 0.455901 -18.293718
vt 0.459605 -18.293718
vt 0.463309 -18.293718
vt 0.461728 0.106834
vt 0.460297 0.111385
vt 0.457483 0.106834
vt 0.458914 0.111385
vt 19.081717 0.106834
vt 0.542517 0.106834
vt 0.541086 0.111385
vt 0.538272 0.106834
vt 0.539703 0.111385
vt 0.458914 0.152242
vt 0.460297 0.152242
vt 0.539703 0.152242
vt 0.541086 0.152242
vt 0.462985 0.104966
vt 0.505902 0.147984
vt 0.461402 0.106553
vt 0.504319 0.149571
vt 0.537015 -18.071188
vt 0.494097 -18.071182
vt 0.537015 -18.074848
vt 0.494098 -18.074856
vt 0.461402 -18.074848
vt 0.504319 -18.074856
vt 0.461402 -18.071188
vt 0.504319 -18.071182
vt 0.538598 0.106553
vt 0.495681 0.149571
vt 0.537015 0.104966
vt 0.494097 0.147984
vt -18.110329 0.107946
vt 0.418469 -18.128912
vt 0.418469 -18.110329
vt 0.414808 -18.128912
vt 0.414809 -18.110329
vt 0.411148 -18.128912
vt 0.411148 -18.110329
vt 19.128912 0.115283
vt 19.110329 0.111615
vt 19.110329 0.107946
vt 0.588852 -18.128912
vt 0.588852 -18.110329
vt 0.585192 -18.128912
vt 0.585191 -18.110329
vt 0.581531 -18.128912
vt 0.581531 -18.110329
vt -18.146498 0.109349
vt 0.582931 -18.146498
vt 0.585192 -18.146498
vt 0.587452 -18.146498
vt 0.412548 -18.146498
vt 0.414808 -18.146498
vt 0.417069 -18.146498
vt -18.211287 0.111615
vt -18.190920 0.113880
vt -18.190920 0.111615
vt -18.190920 0.109349
vt 0.581488 -18.211287
vt 0.585192 -18.211287
vt 0.582931 -18.190920
vt 0.585192 -18.190920
vt 0.588896 -18.211287
vt 0.587452 -18.190920
vt 19.211287 0.107902
vt 19.211287 0.111615
vt 19.190920 0.109349
vt 19.190920 0.111615
vt 19.211287 0.115327
vt 19.190920 0.113880
vt 0.411104 -18.211287
vt 0.414808 -18.211287
vt 0.412548 -18.190920
vt 0.414808 -18.190920
vt 0.418512 -18.211287
vt 0.417069 -18.190920
vt 0.581488 -18.339468
vt 0.585192 -18.339468
vt 0.588896 -18.339468
vt 19.339468 0.111615
vt 0.411104 -18.339468
vt 0.414808 -18.339468
vt 0.418512 -18.339468
vt 0.416931 0.115283
vt 0.415500 0.119835
vt 0.412686 0.115283
vt 0.414117 0.119835
vt -18.113806 0.119835
vt 19.127468 0.115283
vt 19.110069 0.115283
vt 19.113806 0.119835
vt 0.587314 0.115283
vt 0.585883 0.119835
vt 0.583069 0.115283
vt 0.584500 0.119835
vt 0.414117 0.160692
vt 0.415500 0.160692
vt 0.584500 0.160692
vt 0.585883 0.160692
vt 0.418188 0.113415
vt 0.461105 0.156433
vt 0.416605 0.115002
vt 0.459522 0.158020
vt 0.581812 -18.116940
vt 0.538894 -18.116932
vt 0.581812 -18.120598
vt 0.538895 -18.120605
vt 0.416605 -18.120598
vt 0.459522 -18.120605
vt 0.416605 -18.116940
vt 0.459522 -18.116932
vt 0.583395 0.115002
vt 0.540478 0.158020
vt 0.581812 0.113415
vt 0.538894 0.156433
vt 0.461322 0.145653
vt 0.457888 0.145653
vt 0.461322 0.090005
vt 0.457888 0.090005
vt 0.461322 -18.050669
vt 0.460608 -18.011366
vt 0.457888 -18.050669
vt 0.458603 -18.011366
vt 0.460493 -18.003574
vt 0.458718 -18.003574
vt 0.460400 -17.997253
vt 0.458811 -17.997253
vt 0.542112 -18.050669
vt 0.541397 -18.011366
vt 0.538678 -18.050669
vt 0.539392 -18.011366
vt 0.541282 -18.003574
vt 0.539507 -18.003574
vt 0.541189 -17.997253
vt 0.539600 -17.997253
vt 19.038757 0.091029
vt 19.042336 0.091029
vt 19.038216 0.164749
vt 19.042879 0.164749
vt 0.456526 0.091029
vt 0.459605 0.091029
vt 0.455592 0.164749
vt 0.459605 0.164749
vt 0.462685 0.091029
vt 0.463619 0.164749
vt -18.042336 0.091029
vt -18.038757 0.091029
vt -18.042879 0.164749
vt -18.038216 0.164749
vt 0.537315 0.091029
vt 0.540395 0.091029
vt 0.536381 0.164749
vt 0.540395 0.164749
vt 0.543474 0.091029
vt 0.544408 0.164749
vt 0.455592 -18.042879
vt 0.459605 -18.045210
vt 0.455592 -18.038216
vt 0.463619 -18.038216
vt 0.459605 -18.035883
vt 0.463619 -18.042879
vt 0.537315 -18.038757
vt 0.537315 -18.042336
vt 0.540395 -18.036970
vt 0.543474 -18.042336
vt 0.543474 -18.038757
vt 0.540395 -18.044127
vt -18.001766 0.132444
vt -18.044117 0.136188
vt 19.044117 0.136188
vt 0.543488 -18.044117
vt 0.542186 -18.001766
vt 0.537301 -18.044117
vt 0.538604 -18.001766
vt 0.542186 0.132444
vt 0.542186 0.136188
vt 0.538604 0.132444
vt 0.538604 0.136188
vt 0.457814 -18.001766
vt 0.456512 -18.044117
vt 0.461396 -18.001766
vt 0.462699 -18.044117
vt -18.001766 0.119701
vt -18.044117 0.119701
vt 0.542186 0.115957
vt 0.542186 0.119701
vt 0.538604 0.115957
vt 0.538604 0.119701
vt -18.001766 0.103214
vt 0.542186 0.099470
vt 0.542186 0.103214
vt 0.538604 0.099470
vt 0.538604 0.103214
vt 0.461396 -18.001766
vt 18.997253 0.137841
vt 19.011366 0.090005
vt 19.050669 0.145653
vt -18.011366 0.090005
vt -18.050669 0.145653
vt 0.539600 0.137841
vt 0.539648 0.131466
vt 0.541189 0.137841
vt 0.541141 0.131466
vt 0.541141 0.104192
vt 0.539648 0.104192
vt 0.539600 0.097817
vt 0.541189 0.097817
vt -19.360128 0.210740
vt -19.360128 0.120114
vt -19.299963 0.210740
vt -19.299963 0.120114
vt -19.360128 0.093351
vt -19.299963 0.093351
vt -19.209044 0.093351
vt -19.209044 0.120114
vt -19.209044 0.210740
vt -19.072662 0.093351
vt -19.072662 0.120114
vt -18.905533 0.093351
vt -19.072662 0.210740
vt -18.905533 0.120114
vt -18.905533 0.210740
vt 0.317246 -19.360128
vt 0.343086 -19.360128
vt 0.317246 -19.299963
vt 0.343086 -19.299963
vt 0.500055 -19.360128
vt 0.343086 -19.209044
vt 0.317246 -19.209044
vt 0.343085 -19.072662
vt 0.317245 -19.072662
vt 0.343085 -18.905533
vt 0.317245 -18.905533
vt 0.500054 -18.905533
vt 0.500055 -19.072662
vt 0.500055 -19.209044
vt 0.500055 -19.299963
vt 0.657025 -19.299963
vt 0.657025 -19.360128
vt 0.657024 -19.072662
vt 0.657024 -18.905533
vt 0.657025 -19.209044
vt 0.682865 -19.299963
vt 0.682865 -19.360128
vt 0.682864 -19.209044
vt 0.682864 -19.072662
vt 0.682864 -18.905533
vt 20.360128 0.210740
vt 20.299963 0.210740
vt 20.360128 0.120114
vt 20.299963 0.120114
vt 20.360128 0.093351
vt 20.299963 0.093351
vt 20.209044 0.093351
vt 20.209044 0.120114
vt 20.209044 0.210740
vt 20.072662 0.093351
vt 20.072662 0.120114
vt 19.905533 0.093351
vt 20.072662 0.210740
vt 19.905533 0.120114
vt 19.905533 0.210740
vt -12.844642 0.210740
vt -12.844642 0.120115
vt -12.693108 0.210740
vt -12.693108 0.120115
vt -12.844641 0.093351
vt -12.693108 0.093351
vt 0.317227 -12.693108
vt 0.317227 -12.844641
vt 0.343067 -12.693108
vt 0.343067 -12.844641
vt 0.500037 -12.844641
vt 0.500037 -12.693108
vt 0.657008 -12.844641
vt 0.657007 -12.693108
vt 0.682847 -12.693108
vt 0.682847 -12.844641
vt 13.844641 0.210741
vt 13.693108 0.210741
vt 13.844641 0.120115
vt 13.693108 0.120115
vt 13.693108 0.093351
vt 13.844641 0.093351
s 1
g Bsh_Hull_Stern_Dredn_AD1_002_0_hull_bottom
usemtl hull_bottom
f 3/1/1 2/2/2 1/3/3
f 4/4/4 1/3/3 2/2/2
f 1/3/3 4/4/4 5/5/5
f 6/6/6 5/5/5 4/4/4
f 5/5/5 6/6/6 7/7/7
f 4/4/4 2/2/2 8/8/8
f 4/4/4 8/8/8 6/6/6
f 9/9/9 8/8/8 2/2/2
f 2/2/2 10/10/10 9/9/9
f 11/11/11 9/9/9 10/10/10
f 12/12/12 6/6/6 8/8/8
f 13/13/13 7/7/7 6/6/6
f 6/6/6 12/12/12 13/13/13
f 7/7/7 13/13/13 14/14/14
f 13/13/13 12/12/12 15/15/15
f 15/15/15 14/14/14 13/13/13
f 16/16/16 15/15/15 12/12/12
f 14/14/14 15/15/15 17/17/17
f 15/15/15 16/16/16 18/18/18
f 18/18/18 17/17/17 15/15/15
f 18/18/18 16/16/16 19/19/19
f 18/18/18 19/19/19 17/17/17
f 20/20/20 17/17/17 19/19/19
f 21/21/21 19/19/19 16/16/16
f 20/20/20 19/19/19 22/22/22
f 19/19/19 21/21/21 23/23/23
f 23/23/23 22/22/22 19/19/19
f 23/23/23 21/21/21 24/24/24
f 23/23/23 24/24/24 22/22/22
f 25/25/25 24/24/24 21/21/21
f 26/26/26 22/22/22 24/24/24
f 24/24/24 25/25/25 27/27/27
f 24/24/24 27/27/27 26/26/26
f 28/28/28 27/27/27 25/25/25
f 29/29/29 26/26/26 27/27/27
f 27/27/27 28/28/28 30/30/30
f 27/27/27 30/30/30 29/29/29
f 31/31/31 30/30/30 28/28/28
f 32/32/32 29/29/29 30/30/30
f 30/30/30 31/31/31 33/33/33
f 30/30/30 33/33/33 32/32/32
f 34/34/34 33/33/33 31/31/31
f 35/35/35 32/32/32 33/33/33
f 33/33/33 34/34/34 36/36/36
f 33/33/33 36/36/36 35/35/35
f 37/37/37 36/36/36 34/34/34
f 38/38/38 35/35/35 36/36/36
f 41/39/39 40/40/40 39/41/41
f 42/42/42 39/41/41 40/40/40
f 39/41/41 42/42/42 43/43/43
f 44/44/44 43/43/43 42/42/42
f 45/45/45 44/44/44 42/42/42
f 45/45/45 42/42/42 40/40/40
f 45/45/45 46/46/46 44/44/44
f 46/46/46 45/45/45 47/47/47
f 47/47/47 45/45/45 48/48/48
f 47/47/47 48/48/48 49/49/49
f 50/50/50 49/49/49 48/48/48
f 48/48/48 51/51/51 50/50/50
f 48/48/48 45/45/45 51/51/51
f 52/52/52 50/50/50 51/51/51
f 45/45/45 40/40/40 53/53/53
f 54/54/54 53/53/53 40/40/40
f 40/40/40 55/55/55 54/54/54
f 54/54/54 55/55/55 56/56/56
f 57/57/5 56/56/56 55/55/55
f 53/53/53 54/54/54 58/58/57
f 56/56/56 58/58/57 54/54/54
f 56/56/56 57/57/5 59/59/58
f 60/60/59 59/59/58 57/57/5
f 58/58/57 56/56/56 61/61/60
f 59/59/58 61/61/60 56/56/56
f 59/59/58 60/60/59 62/62/61
f 63/63/62 62/62/61 60/60/59
f 61/61/60 59/59/58 64/64/63
f 62/62/61 64/64/63 59/59/58
f 62/62/61 63/63/62 65/65/64
f 66/66/65 65/65/64 63/63/62
f 66/66/65 67/67/20 65/65/64
f 65/65/64 68/68/66 62/62/61
f 64/64/63 62/62/61 68/68/66
f 69/69/67 65/65/64 67/67/20
f 69/69/67 68/68/66 65/65/64
f 67/67/20 70/70/68 69/69/67
f 64/64/63 71/71/69 61/61/60
f 72/72/70 61/61/60 71/71/69
f 61/61/60 72/72/70 58/58/57
f 71/71/69 64/64/63 73/73/71
f 68/68/66 73/73/71 64/64/63
f 74/74/72 58/58/57 72/72/70
f 73/73/71 68/68/66 75/75/73
f 69/69/67 75/75/73 68/68/66
f 74/74/72 76/76/74 58/58/57
f 58/58/57 76/76/74 53/53/53
f 75/75/73 69/69/67 77/77/75
f 78/78/76 53/53/53 76/76/74
f 78/78/76 76/76/74 79/79/77
f 53/53/53 78/78/76 45/45/45
f 80/80/78 78/78/76 79/79/77
f 78/78/76 81/81/79 45/45/45
f 78/78/76 80/80/78 81/81/79
f 45/45/45 81/81/79 51/51/51
f 82/82/80 81/81/79 80/80/78
f 80/80/78 83/83/81 82/82/80
f 83/83/81 84/84/82 82/82/80
f 85/85/83 51/51/51 81/81/79
f 81/81/79 82/82/80 85/85/83
f 51/51/51 85/85/83 86/86/84
f 85/85/83 87/87/85 86/86/84
f 87/87/85 85/85/83 82/82/80
f 88/88/86 86/86/84 87/87/85
f 89/89/87 82/82/80 84/84/82
f 82/82/80 89/89/87 87/87/85
f 84/84/82 90/90/88 89/89/87
f 87/87/85 91/91/89 88/88/86
f 91/91/89 87/87/85 89/89/87
f 92/92/90 88/88/86 91/91/89
f 93/93/91 89/89/87 90/90/88
f 89/89/87 93/93/91 91/91/89
f 90/90/88 94/94/92 93/93/91
f 91/91/89 95/95/93 92/92/90
f 95/95/93 91/91/89 93/93/91
f 96/96/94 92/92/90 95/95/93
f 97/97/95 93/93/91 94/94/92
f 93/93/91 97/97/95 95/95/93
f 94/94/92 98/98/96 97/97/95
f 95/95/93 99/99/97 96/96/94
f 99/99/97 95/95/93 97/97/95
f 100/100/98 96/96/94 99/99/97
f 100/100/98 99/99/97 101/101/99
f 102/102/100 97/97/95 98/98/96
f 97/97/95 102/102/100 99/99/97
f 102/102/100 101/101/99 99/99/97
f 98/98/96 103/103/101 102/102/100
f 101/101/99 102/102/100 104/104/102
f 105/105/103 104/104/102 102/102/100
f 105/105/103 102/102/100 103/103/101
f 103/103/101 106/106/104 105/105/103
f 107/107/105 105/105/103 106/106/104
f 105/105/103 107/107/105 104/104/102
f 103/103/101 108/108/104 106/106/104
f 109/109/106 104/104/102 107/107/105
f 103/103/101 110/110/104 108/108/104
f 109/109/106 107/107/105 111/111/107
f 112/112/108 111/111/107 107/107/105
f 107/107/105 106/106/104 112/112/108
f 113/113/104 108/108/104 110/110/104
f 110/110/104 114/114/104 113/113/104
f 112/112/108 115/115/109 111/111/107
f 116/116/110 111/111/107 115/115/109
f 117/117/104 113/113/104 114/114/104
f 114/114/104 118/118/104 117/117/104
f 119/119/104 117/117/104 118/118/104
f 119/119/104 120/120/104 117/117/104
f 121/121/104 117/117/104 120/120/104
f 117/117/104 121/121/104 113/113/104
f 122/122/104 113/113/104 121/121/104
f 113/113/104 122/122/104 108/108/104
f 77/77/75 108/108/104 122/122/104
f 108/108/104 77/77/75 106/106/104
f 115/115/109 123/123/111 116/116/110
f 123/123/111 115/115/109 124/124/104
f 125/125/112 116/116/110 123/123/111
f 125/125/112 123/123/111 126/126/113
f 127/127/114 126/126/113 123/123/111
f 123/123/111 124/124/104 127/127/114
f 128/128/104 127/127/114 124/124/104
f 128/128/104 124/124/104 129/129/115
f 77/77/75 130/130/116 106/106/104
f 130/130/116 77/77/75 69/69/67
f 130/130/116 69/69/67 70/70/68
f 130/130/116 70/70/68 131/131/117
f 131/131/117 106/106/104 130/130/116
f 132/132/118 131/131/117 70/70/68
f 132/132/118 133/133/29 131/131/117
f 131/131/117 134/134/119 106/106/104
f 134/134/119 131/131/117 133/133/29
f 135/135/120 129/129/115 124/124/104
f 129/129/115 135/135/120 136/136/38
f 137/137/121 136/136/38 135/135/120
f 137/137/121 135/135/120 138/138/122
f 138/138/122 139/139/123 133/133/29
f 139/139/123 138/138/122 135/135/120
f 135/135/120 124/124/104 139/139/123
f 134/134/119 133/133/29 139/139/123
f 140/140/104 139/139/123 124/124/104
f 139/139/123 140/140/104 134/134/119
f 140/140/104 124/124/104 115/115/109
f 115/115/109 112/112/108 140/140/104
f 141/141/104 106/106/104 134/134/119
f 141/141/104 134/134/119 140/140/104
f 141/141/104 140/140/104 112/112/108
f 141/141/104 112/112/108 106/106/104
f 144/142/124 143/143/125 142/144/126
f 145/145/127 142/144/126 143/143/125
f 145/145/127 143/143/125 146/146/128
f 147/147/129 146/146/128 143/143/125
f 143/143/125 148/148/130 147/147/129
f 149/149/131 147/147/129 148/148/130
f 149/149/131 150/150/132 147/147/129
f 151/151/133 147/147/129 150/150/132
f 147/147/129 151/151/133 146/146/128
f 152/152/134 146/146/128 151/151/133
f 152/152/134 151/151/133 153/153/135
f 154/154/136 153/153/135 151/151/133
f 157/155/137 156/156/138 155/157/139
f 158/158/140 155/157/139 156/156/138
f 158/158/140 156/156/138 159/159/141
f 158/158/140 160/160/142 155/157/139
f 160/160/142 158/158/140 159/159/141
f 160/160/142 159/159/141 161/161/143
f 162/162/144 155/157/139 160/160/142
f 160/160/142 161/161/143 162/162/144
f 163/163/145 161/161/143 159/159/141
f 164/164/143 162/162/144 161/161/143
f 163/163/145 165/165/146 161/161/143
f 164/164/143 161/161/143 166/166/147
f 167/167/148 161/161/143 165/165/146
f 167/167/148 166/166/147 161/161/143
f 168/168/149 167/167/148 165/165/146
f 166/166/147 167/167/148 169/169/150
f 168/168/149 169/169/150 167/167/148
f 172/170/144 171/171/151 170/172/139
f 173/173/152 170/172/139 171/171/151
f 170/172/139 173/173/152 174/174/137
f 175/175/153 174/174/137 173/173/152
f 175/175/153 173/173/152 176/176/154
f 177/177/155 176/176/154 173/173/152
f 173/173/152 171/171/151 177/177/155
f 178/178/156 177/177/155 171/171/151
f 181/179/157 180/180/158 179/181/159
f 182/182/160 179/181/159 180/180/158
f 180/180/158 183/183/86 182/182/160
f 184/184/161 182/182/160 183/183/86
f 183/183/86 185/185/90 184/184/161
f 182/182/160 186/186/162 179/181/159
f 182/182/160 184/184/161 186/186/162
f 187/187/163 179/181/159 186/186/162
f 179/181/159 187/187/163 188/188/136
f 189/189/164 188/188/136 187/187/163
f 190/190/165 186/186/162 184/184/161
f 191/191/166 184/184/161 185/185/90
f 190/190/165 184/184/161 191/191/166
f 185/185/90 192/192/167 191/191/166
f 191/191/166 193/193/168 190/190/165
f 193/193/168 191/191/166 192/192/167
f 194/194/169 190/190/165 193/193/168
f 192/192/167 195/195/170 193/193/168
f 194/194/169 193/193/168 196/196/171
f 196/196/171 193/193/168 195/195/170
f 196/196/171 197/197/172 194/194/169
f 196/196/171 195/195/170 197/197/172
f 198/198/99 197/197/172 195/195/170
f 199/199/173 194/194/169 197/197/172
f 198/198/99 200/200/174 197/197/172
f 199/199/173 197/197/172 201/201/175
f 201/201/175 197/197/172 200/200/174
f 201/201/175 202/202/176 199/199/173
f 201/201/175 200/200/174 202/202/176
f 203/203/177 199/199/173 202/202/176
f 204/204/178 202/202/176 200/200/174
f 202/202/176 205/205/179 203/203/177
f 202/202/176 204/204/178 205/205/179
f 206/206/180 203/203/177 205/205/179
f 207/207/107 205/205/179 204/204/178
f 205/205/179 208/208/181 206/206/180
f 205/205/179 207/207/107 208/208/181
f 209/209/182 206/206/180 208/208/181
f 210/210/183 208/208/181 207/207/107
f 208/208/181 211/211/184 209/209/182
f 208/208/181 210/210/183 211/211/184
f 212/212/185 209/209/182 211/211/184
f 213/213/186 211/211/184 210/210/183
f 211/211/184 214/214/187 212/212/185
f 211/211/184 213/213/186 214/214/187
f 215/215/188 212/212/185 214/214/187
f 216/216/189 214/214/187 213/213/186
f 219/217/154 218/218/155 217/219/190
f 220/220/191 217/219/190 218/218/155
f 217/219/190 220/220/191 221/221/192
f 220/220/191 218/218/155 222/222/193
f 220/220/191 222/222/193 221/221/192
f 222/222/193 223/223/194 221/221/192
f 224/224/195 222/222/193 218/218/155
f 222/222/193 224/224/195 223/223/194
f 225/225/196 221/221/192 223/223/194
f 226/226/194 223/223/194 224/224/195
f 225/225/196 223/223/194 227/227/197
f 226/226/194 228/228/198 223/223/194
f 229/229/199 227/227/197 223/223/194
f 229/229/199 223/223/194 228/228/198
f 229/229/199 230/230/200 227/227/197
f 228/228/198 231/231/201 229/229/199
f 230/230/200 229/229/199 231/231/201
f 234/232/202 233/233/203 232/234/202
f 235/235/203 232/234/202 233/233/203
f 233/233/203 236/236/204 235/235/203
f 237/237/204 235/235/203 236/236/204
f 240/238/202 239/239/205 238/240/202
f 241/241/205 238/240/202 239/239/205
f 239/239/205 242/242/206 241/241/205
f 243/243/206 241/241/205 242/242/206
f 246/244/206 245/245/207 244/246/206
f 247/247/207 244/246/206 245/245/207
f 245/245/207 248/248/208 247/247/207
f 249/249/208 247/247/207 248/248/208
f 252/250/208 251/251/104 250/252/208
f 253/253/104 250/252/208 251/251/104
f 251/251/104 254/254/204 253/253/104
f 255/255/204 253/253/104 254/254/204
f 258/256/209 257/234/210 256/257/211
f 259/235/211 256/257/211 257/234/210
f 256/257/211 259/235/211 260/258/212
f 261/237/213 260/258/212 259/235/211
f 264/259/212 263/254/213 262/260/214
f 265/251/214 262/260/214 263/254/213
f 262/260/214 265/251/214 266/261/215
f 267/250/216 266/261/215 265/251/214
f 270/262/217 269/248/216 268/263/218
f 271/245/218 268/263/218 269/248/216
f 268/263/218 271/245/218 272/264/219
f 273/244/220 272/264/219 271/245/218
f 276/265/219 275/242/220 274/266/221
f 277/239/221 274/266/221 275/242/220
f 274/266/221 277/239/221 278/267/209
f 279/238/210 278/267/209 277/239/221
f 282/268/222 281/269/222 280/270/223
f 283/271/223 280/270/223 281/269/222
f 280/270/223 283/271/223 284/272/224
f 285/273/224 284/272/224 283/271/223
f 288/274/225 287/275/226 286/276/227
f 289/277/227 286/276/227 287/275/226
f 286/276/227 289/277/227 290/278/228
f 291/279/229 290/278/228 289/277/227
f 294/280/230 293/281/231 292/282/232
f 295/283/232 292/282/232 293/281/231
f 292/282/232 295/283/232 296/284/233
f 297/285/233 296/284/233 295/283/232
f 300/286/234 299/287/235 298/288/236
f 301/289/236 298/288/236 299/287/235
f 298/288/236 301/289/236 302/290/237
f 303/291/237 302/290/237 301/289/236
f 306/292/202 305/268/202 304/293/203
f 307/270/203 304/293/203 305/268/202
f 304/293/203 307/270/203 308/294/204
f 309/272/204 308/294/204 307/270/203
f 312/295/204 311/274/204 310/296/104
f 313/276/104 310/296/104 311/274/204
f 310/296/104 313/276/104 314/297/208
f 315/278/208 314/297/208 313/276/104
f 318/298/208 317/280/238 316/299/207
f 319/282/207 316/299/207 317/280/238
f 316/299/207 319/282/207 320/300/206
f 321/284/206 320/300/206 319/282/207
f 324/301/206 323/286/206 322/302/205
f 325/288/205 322/302/205 323/286/206
f 322/302/205 325/288/205 326/303/202
f 327/290/202 326/303/202 325/288/205
f 330/304/239 329/305/239 328/306/239
f 331/307/239 328/306/239 329/305/239
f 334/308/240 333/309/240 332/310/240
f 335/311/240 332/310/240 333/309/240
f 338/312/241 337/313/241 336/314/241
f 339/315/241 336/314/241 337/313/241
f 342/316/242 341/317/242 340/318/242
f 343/319/242 340/318/242 341/317/242
f 346/320/243 345/305/243 344/321/243
f 347/304/243 344/321/243 345/305/243
f 350/322/203 349/309/203 348/323/203
f 351/308/203 348/323/203 349/309/203
f 354/324/207 353/313/207 352/325/207
f 355/312/207 352/325/207 353/313/207
f 358/326/244 357/317/244 356/327/244
f 359/316/244 356/327/244 357/317/244
f 362/328/245 361/329/245 360/330/246
f 363/331/246 360/330/246 361/329/245
f 366/332/204 365/333/204 364/334/204
f 367/335/204 364/334/204 365/333/204
f 370/336/206 369/337/206 368/338/206
f 371/339/206 368/338/206 369/337/206
f 374/340/247 373/341/247 372/342/248
f 375/343/248 372/342/248 373/341/247
f 378/344/202 377/345/203 376/346/202
f 379/347/203 376/346/202 377/345/203
f 377/345/203 380/348/204 379/347/203
f 381/349/204 379/347/203 380/348/204
f 384/350/202 383/351/205 382/352/202
f 385/353/205 382/352/202 383/351/205
f 383/351/205 386/354/206 385/353/205
f 387/355/206 385/353/205 386/354/206
f 390/356/249 389/357/207 388/358/206
f 391/359/207 388/358/206 389/357/207
f 389/357/207 392/360/208 391/359/207
f 393/361/208 391/359/207 392/360/208
f 396/362/208 395/363/104 394/364/208
f 397/365/104 394/364/208 395/363/104
f 395/363/104 398/366/204 397/365/104
f 399/367/204 397/365/104 398/366/204
f 402/368/209 401/346/209 400/369/211
f 403/347/211 400/369/211 401/346/209
f 400/369/211 403/347/211 404/370/212
f 405/349/213 404/370/212 403/347/211
f 408/371/212 407/366/212 406/372/214
f 409/363/214 406/372/214 407/366/212
f 406/372/214 409/363/214 410/373/250
f 411/362/216 410/373/250 409/363/214
f 414/374/217 413/360/250 412/375/218
f 415/357/218 412/375/218 413/360/250
f 412/375/218 415/357/218 416/376/219
f 417/356/220 416/376/219 415/357/218
f 420/377/219 419/354/219 418/378/221
f 421/351/221 418/378/221 419/354/219
f 418/378/221 421/351/221 422/379/209
f 423/350/210 422/379/209 421/351/221
f 426/380/251 425/381/222 424/382/223
f 427/383/223 424/382/223 425/381/222
f 424/382/223 427/383/223 428/384/224
f 429/385/224 428/384/224 427/383/223
f 432/386/225 431/387/252 430/388/227
f 433/389/227 430/388/227 431/387/252
f 430/388/227 433/389/227 434/390/228
f 435/391/229 434/390/228 433/389/227
f 438/392/230 437/393/231 436/394/232
f 439/395/232 436/394/232 437/393/231
f 436/394/232 439/395/232 440/396/233
f 441/397/233 440/396/233 439/395/232
f 444/398/253 443/399/235 442/400/236
f 445/401/236 442/400/236 443/399/235
f 442/400/236 445/401/236 446/402/237
f 447/403/237 446/402/237 445/401/236
f 450/404/202 449/380/202 448/405/203
f 451/382/203 448/405/203 449/380/202
f 448/405/203 451/382/203 452/406/204
f 453/384/204 452/406/204 451/382/203
f 456/407/204 455/386/204 454/408/104
f 457/388/104 454/408/104 455/386/204
f 454/408/104 457/388/104 458/409/208
f 459/390/208 458/409/208 457/388/104
f 462/410/208 461/392/208 460/411/207
f 463/394/207 460/411/207 461/392/208
f 460/411/207 463/394/207 464/412/254
f 465/396/206 464/412/254 463/394/207
f 468/413/206 467/398/206 466/414/205
f 469/400/205 466/414/205 467/398/206
f 466/414/205 469/400/205 470/415/202
f 471/402/202 470/415/202 469/400/205
f 474/416/255 473/417/255 472/418/256
f 475/419/256 472/418/256 473/417/255
f 478/420/240 477/421/240 476/422/240
f 479/423/240 476/422/240 477/421/240
f 482/424/241 481/425/241 480/426/241
f 483/427/241 480/426/241 481/425/241
f 486/428/257 485/429/257 484/430/242
f 487/431/242 484/430/242 485/429/257
f 490/432/243 489/417/258 488/433/243
f 491/416/258 488/433/243 489/417/258
f 494/434/203 493/421/203 492/435/203
f 495/420/203 492/435/203 493/421/203
f 498/436/207 497/425/207 496/437/207
f 499/424/207 496/437/207 497/425/207
f 502/438/244 501/429/244 500/439/244
f 503/428/244 500/439/244 501/429/244
f 506/440/246 505/441/246 504/442/246
f 507/443/246 504/442/246 505/441/246
f 510/444/204 509/445/204 508/446/204
f 511/447/204 508/446/204 509/445/204
f 514/448/206 513/449/206 512/450/206
f 515/451/206 512/450/206 513/449/206
f 518/452/247 517/453/247 516/454/247
f 519/455/247 516/454/247 517/453/247
f 522/456/243 521/457/259 520/458/243
f 523/459/259 520/458/243 521/457/259
f 526/460/205 525/461/205 524/462/260
f 527/463/260 524/462/260 525/461/205
f 524/462/260 527/463/260 528/464/261
f 529/465/261 528/464/261 527/463/260
f 528/464/261 529/465/261 530/466/262
f 531/467/262 530/466/262 529/465/261
f 534/468/104 533/469/104 532/470/263
f 535/471/263 532/470/263 533/469/104
f 532/470/263 535/471/263 536/472/264
f 537/473/264 536/472/264 535/471/263
f 536/472/264 537/473/264 538/474/265
f 539/475/265 538/474/265 537/473/264
f 542/476/266 541/477/267 540/478/268
f 543/479/269 540/478/268 541/477/267
f 546/480/270 545/481/271 544/482/272
f 547/483/272 544/482/272 545/481/271
f 544/482/272 547/483/272 548/484/273
f 549/485/274 548/484/273 547/483/272
f 552/486/275 551/487/276 550/488/274
f 553/489/277 550/488/274 551/487/276
f 556/490/278 555/491/279 554/492/280
f 557/493/280 554/492/280 555/491/279
f 554/492/280 557/493/280 558/494/269
f 559/495/268 558/494/269 557/493/280
f 562/496/205 561/497/205 560/498/205
f 561/497/205 563/499/205 560/498/205
f 560/498/205 563/499/205 564/500/205
f 565/501/205 563/499/205 561/497/205
f 568/502/104 567/503/104 566/504/104
f 567/503/104 569/505/104 566/504/104
f 566/504/104 569/505/104 570/506/104
f 571/507/104 569/505/104 567/503/104
f 574/508/281 573/509/281 572/510/281
f 575/511/281 572/510/281 573/509/281
f 578/512/282 577/513/282 576/514/282
f 579/515/282 576/514/282 577/513/282
f 582/516/104 581/517/104 580/518/104
f 583/519/104 580/518/104 581/517/104
f 586/520/244 585/521/244 584/522/244
f 587/523/244 584/522/244 585/521/244
f 590/524/205 589/525/205 588/526/205
f 591/527/205 588/526/205 589/525/205
f 594/528/281 593/529/281 592/530/281
f 595/531/281 592/530/281 593/529/281
f 598/532/282 597/533/282 596/534/282
f 599/535/282 596/534/282 597/533/282
f 602/516/104 601/517/104 600/518/104
f 603/519/104 600/518/104 601/517/104
f 606/536/244 605/537/244 604/538/244
f 607/539/283 604/538/244 605/537/244
f 610/524/205 609/525/205 608/526/205
f 611/527/205 608/526/205 609/525/205
f 614/540/281 613/541/281 612/542/281
f 615/543/281 612/542/281 613/541/281
f 618/544/282 617/545/282 616/546/282
f 619/547/282 616/546/282 617/545/282
f 622/516/104 621/517/104 620/518/104
f 623/519/104 620/518/104 621/517/104
f 626/548/244 625/549/244 624/550/244
f 627/551/244 624/550/244 625/549/244
f 630/524/205 629/525/205 628/526/205
f 631/527/205 628/526/205 629/525/205
f 634/552/284 633/553/284 632/554/284
f 635/555/285 632/554/284 633/553/284
f 635/555/285 636/556/285 632/554/284
f 637/557/284 632/554/284 636/556/285
f 637/557/284 636/556/285 638/558/284
f 639/559/284 638/558/284 636/556/285
f 636/556/285 635/555/285 640/560/286
f 641/561/286 640/560/286 635/555/285
f 644/562/287 643/563/287 642/564/288
f 645/565/287 642/564/288 643/563/287
f 645/565/287 646/566/287 642/564/288
f 647/567/288 642/564/288 646/566/287
f 647/567/288 646/566/287 648/568/287
f 649/569/287 648/568/287 646/566/287
f 647/567/288 650/570/289 642/564/288
f 651/571/289 642/564/288 650/570/289
f 654/572/290 653/573/290 652/574/291
f 655/575/291 652/574/291 653/573/290
f 655/575/291 656/576/292 652/574/291
f 657/577/292 652/574/291 656/576/292
f 657/577/292 656/576/292 658/578/293
f 659/579/293 658/578/293 656/576/292
f 662/246/206 661/244/206 660/247/207
f 663/245/207 660/247/207 661/244/206
f 660/247/207 663/245/207 664/580/208
f 665/248/208 664/580/208 663/245/207
f 668/581/206 667/582/206 666/583/205
f 669/584/205 666/583/205 667/582/206
f 666/583/205 669/584/205 670/585/202
f 671/586/202 670/585/202 669/584/205
f 674/234/202 673/587/294 672/235/203
f 675/233/203 672/235/203 673/587/294
f 672/235/203 675/233/203 676/237/204
f 677/588/204 676/237/204 675/233/203
f 680/589/204 679/590/204 678/591/104
f 681/592/104 678/591/104 679/590/204
f 678/591/104 681/592/104 682/593/208
f 683/594/208 682/593/208 681/592/104
f 686/264/219 685/263/218 684/244/220
f 687/245/218 684/244/220 685/263/218
f 685/263/218 688/262/250 687/245/218
f 689/248/216 687/245/218 688/262/250
f 692/595/250 691/596/214 690/593/216
f 693/591/214 690/593/216 691/596/214
f 691/596/214 694/597/295 693/591/214
f 695/589/212 693/591/214 694/597/295
f 698/258/212 697/598/211 696/237/213
f 699/235/211 696/237/213 697/598/211
f 697/598/211 700/256/209 699/235/211
f 701/234/210 699/235/211 700/256/209
f 704/599/209 703/600/221 702/585/210
f 705/583/221 702/585/210 703/600/221
f 703/600/221 706/601/219 705/583/221
f 707/581/220 705/583/221 706/601/219
f 710/284/233 709/602/232 708/285/233
f 711/283/232 708/285/233 709/602/232
f 709/602/232 712/280/230 711/283/232
f 713/603/231 711/283/232 712/280/230
f 716/604/228 715/605/227 714/606/228
f 717/607/227 714/606/228 715/605/227
f 715/605/227 718/608/225 717/607/227
f 719/609/252 717/607/227 718/608/225
f 722/272/224 721/610/223 720/273/224
f 723/271/223 720/273/224 721/610/223
f 721/610/223 724/611/222 723/271/223
f 725/612/222 723/271/223 724/611/222
f 728/613/296 727/614/236 726/615/237
f 729/616/236 726/615/237 727/614/236
f 727/614/236 730/617/235 729/616/236
f 731/618/235 729/616/236 730/617/235
f 734/300/206 733/619/207 732/284/206
f 735/602/207 732/284/206 733/619/207
f 733/619/207 736/298/208 735/602/207
f 737/280/238 735/602/207 736/298/208
f 740/620/208 739/621/104 738/604/208
f 741/605/104 738/604/208 739/621/104
f 739/621/104 742/622/204 741/605/104
f 743/608/204 741/605/104 742/622/204
f 746/294/204 745/623/203 744/272/204
f 747/610/203 744/272/204 745/623/203
f 745/623/203 748/292/202 747/610/203
f 749/611/202 747/610/203 748/292/202
f 752/624/202 751/625/205 750/613/202
f 753/614/205 750/613/202 751/625/205
f 751/625/205 754/626/206 753/614/205
f 755/617/206 753/614/205 754/626/206
f 758/627/239 757/628/239 756/629/239
f 759/630/239 756/629/239 757/628/239
f 762/314/241 761/312/241 760/315/241
f 763/313/241 760/315/241 761/312/241
f 766/631/240 765/308/240 764/311/240
f 767/309/240 764/311/240 765/308/240
f 770/632/242 769/633/242 768/634/242
f 771/635/242 768/634/242 769/633/242
f 774/630/243 773/628/243 772/636/243
f 775/637/243 772/636/243 773/628/243
f 778/313/207 777/312/207 776/324/207
f 779/325/207 776/324/207 777/312/207
f 782/309/203 781/308/203 780/322/203
f 783/323/203 780/322/203 781/308/203
f 786/635/297 785/633/297 784/638/244
f 787/639/244 784/638/244 785/633/297
f 790/640/298 789/641/298 788/642/298
f 791/643/298 788/642/298 789/641/298
f 794/644/208 793/645/208 792/646/208
f 795/647/208 792/646/208 793/645/208
f 798/648/202 797/649/202 796/650/202
f 799/651/202 796/650/202 797/649/202
f 802/652/248 801/653/299 800/654/248
f 803/655/299 800/654/248 801/653/299
f 806/358/206 805/356/206 804/359/207
f 807/357/207 804/359/207 805/356/206
f 804/359/207 807/357/207 808/656/208
f 809/360/208 808/656/208 807/357/207
f 812/657/206 811/658/254 810/659/205
f 813/660/205 810/659/205 811/658/254
f 810/659/205 813/660/205 814/661/202
f 815/662/202 814/661/202 813/660/205
f 818/663/202 817/344/202 816/347/203
f 819/664/203 816/347/203 817/344/202
f 816/347/203 819/664/203 820/349/204
f 821/665/204 820/349/204 819/664/203
f 824/666/204 823/667/204 822/668/104
f 825/669/104 822/668/104 823/667/204
f 822/668/104 825/669/104 826/670/208
f 827/671/208 826/670/208 825/669/104
f 830/376/219 829/375/218 828/356/220
f 831/357/218 828/356/220 829/375/218
f 829/375/218 832/672/250 831/357/218
f 833/360/250 831/357/218 832/672/250
f 836/673/250 835/674/214 834/670/216
f 837/668/214 834/670/216 835/674/214
f 835/674/214 838/675/212 837/668/214
f 839/666/212 837/668/214 838/675/212
f 842/370/212 841/369/211 840/349/213
f 843/347/211 840/349/213 841/369/211
f 841/369/211 844/368/209 843/347/211
f 845/663/209 843/347/211 844/368/209
f 848/676/209 847/677/221 846/661/210
f 849/659/221 846/661/210 847/677/221
f 847/677/221 850/678/219 849/659/221
f 851/657/219 849/659/221 850/678/219
f 854/396/233 853/679/232 852/680/233
f 855/681/232 852/680/233 853/679/232
f 853/679/232 856/392/230 855/681/232
f 857/682/229 855/681/232 856/392/230
f 860/683/228 859/684/227 858/685/229
f 861/686/227 858/685/229 859/684/227
f 859/684/227 862/687/225 861/686/227
f 863/688/252 861/686/227 862/687/225
f 866/689/224 865/690/223 864/691/224
f 867/692/223 864/691/224 865/690/223
f 865/690/223 868/693/251 867/692/223
f 869/694/222 867/692/223 868/693/251
f 872/695/237 871/696/236 870/697/237
f 873/698/236 870/697/237 871/696/236
f 871/696/236 874/699/253 873/698/236
f 875/700/235 873/698/236 874/699/253
f 878/412/206 877/411/207 876/396/206
f 879/679/207 876/396/206 877/411/207
f 877/411/207 880/410/208 879/679/207
f 881/392/208 879/679/207 880/410/208
f 884/701/208 883/702/104 882/683/208
f 885/684/104 882/683/208 883/702/104
f 883/702/104 886/703/204 885/684/104
f 887/687/204 885/684/104 886/703/204
f 890/406/204 889/704/203 888/689/204
f 891/690/203 888/689/204 889/704/203
f 889/704/203 892/404/202 891/690/203
f 893/693/202 891/690/203 892/404/202
f 896/705/300 895/706/205 894/695/202
f 897/696/205 894/695/202 895/706/205
f 895/706/205 898/707/206 897/696/205
f 899/699/206 897/696/205 898/707/206
f 902/708/256 901/709/301 900/710/256
f 903/711/301 900/710/256 901/709/301
f 906/426/241 905/712/241 904/427/241
f 907/425/241 904/427/241 905/712/241
f 910/713/240 909/420/240 908/714/240
f 911/715/240 908/714/240 909/420/240
f 914/716/242 913/717/242 912/718/242
f 915/719/242 912/718/242 913/717/242
f 918/711/302 917/709/302 916/720/243
f 919/721/243 916/720/243 917/709/302
f 922/425/207 921/712/207 920/436/207
f 923/437/207 920/436/207 921/712/207
f 926/715/203 925/420/203 924/434/203
f 927/435/203 924/434/203 925/420/203
f 930/719/244 929/717/244 928/722/244
f 931/723/244 928/722/244 929/717/244
f 934/724/298 933/725/298 932/726/298
f 935/727/298 932/726/298 933/725/298
f 938/728/208 937/729/208 936/730/208
f 939/731/208 936/730/208 937/729/208
f 942/732/202 941/733/202 940/734/202
f 943/735/202 940/734/202 941/733/202
f 946/736/299 945/737/299 944/738/299
f 947/739/299 944/738/299 945/737/299
f 950/740/243 949/741/243 948/742/243
f 951/743/243 948/742/243 949/741/243
f 954/744/205 953/745/260 952/746/205
f 955/747/260 952/746/205 953/745/260
f 953/745/260 956/748/261 955/747/260
f 957/749/261 955/747/260 956/748/261
f 956/748/261 958/750/303 957/749/261
f 959/751/303 957/749/261 958/750/303
f 962/752/104 961/753/263 960/754/104
f 963/755/263 960/754/104 961/753/263
f 961/753/263 964/756/264 963/755/263
f 965/757/264 963/755/263 964/756/264
f 964/756/264 966/758/265 965/757/264
f 967/759/265 965/757/264 966/758/265
f 970/760/276 969/761/277 968/762/275
f 971/763/274 968/762/275 969/761/277
f 974/764/304 973/765/272 972/766/305
f 975/767/272 972/766/305 973/765/272
f 973/765/272 976/768/306 975/767/272
f 977/769/266 975/767/272 976/768/306
f 980/770/267 979/771/269 978/772/266
f 981/773/268 978/772/266 979/771/269
f 984/774/307 983/775/280 982/776/268
f 985/777/280 982/776/268 983/775/280
f 983/775/280 986/778/276 985/777/280
f 987/779/275 985/777/280 986/778/276
f 990/780/205 989/781/205 988/782/205
f 989/781/205 991/783/205 988/782/205
f 988/782/205 991/783/205 992/784/205
f 993/785/205 991/783/205 989/781/205
f 996/786/104 995/787/104 994/788/104
f 995/787/104 997/789/104 994/788/104
f 994/788/104 997/789/104 998/790/104
f 999/791/104 997/789/104 995/787/104
f 1002/792/282 1001/513/282 1000/514/282
f 1003/793/282 1000/514/282 1001/513/282
f 1006/794/281 1005/509/281 1004/510/281
f 1007/511/281 1004/510/281 1005/509/281
f 1010/795/104 1009/796/104 1008/797/104
f 1011/798/104 1008/797/104 1009/796/104
f 1014/799/244 1013/800/244 1012/801/244
f 1015/802/244 1012/801/244 1013/800/244
f 1018/803/205 1017/804/205 1016/805/205
f 1019/806/205 1016/805/205 1017/804/205
f 1022/532/282 1021/807/282 1020/534/282
f 1023/808/282 1020/534/282 1021/807/282
f 1026/528/281 1025/529/281 1024/530/281
f 1027/531/281 1024/530/281 1025/529/281
f 1030/795/104 1029/796/104 1028/797/104
f 1031/798/104 1028/797/104 1029/796/104
f 1034/809/244 1033/810/244 1032/811/244
f 1035/812/244 1032/811/244 1033/810/244
f 1038/803/205 1037/804/205 1036/805/205
f 1039/806/205 1036/805/205 1037/804/205
f 1042/544/282 1041/813/282 1040/546/282
f 1043/547/282 1040/546/282 1041/813/282
f 1046/540/281 1045/541/281 1044/542/281
f 1047/543/281 1044/542/281 1045/541/281
f 1050/795/104 1049/796/104 1048/797/104
f 1051/798/104 1048/797/104 1049/796/104
f 1054/814/244 1053/815/244 1052/816/244
f 1055/817/244 1052/816/244 1053/815/244
f 1058/803/205 1057/804/205 1056/818/205
f 1059/806/205 1056/818/205 1057/804/205
f 1062/819/287 1061/565/287 1060/562/287
f 1063/564/288 1060/562/287 1061/565/287
f 1063/564/288 1061/565/287 1064/820/288
f 1065/566/287 1064/820/288 1061/565/287
f 1065/566/287 1066/569/287 1064/820/288
f 1067/568/287 1064/820/288 1066/569/287
f 1064/820/288 1068/570/289 1063/564/288
f 1069/821/289 1063/564/288 1068/570/289
f 1072/553/284 1071/555/285 1070/552/284
f 1073/554/284 1070/552/284 1071/555/285
f 1073/554/284 1071/555/285 1074/557/284
f 1075/822/285 1074/557/284 1071/555/285
f 1075/822/285 1071/555/285 1076/560/286
f 1077/823/286 1076/560/286 1071/555/285
f 1075/822/285 1078/559/284 1074/557/284
f 1079/558/284 1074/557/284 1078/559/284
f 1082/824/308 1081/825/291 1080/826/308
f 1083/827/291 1080/826/308 1081/825/291
f 1083/827/291 1081/825/291 1084/828/292
f 1085/829/292 1084/828/292 1081/825/291
f 1085/829/292 1086/830/293 1084/828/292
f 1087/831/293 1084/828/292 1086/830/293
f 1090/832/37 1089/833/36 1088/834/37
f 1091/835/36 1088/834/37 1089/833/36
f 1089/833/36 1092/836/38 1091/835/36
f 1093/837/38 1091/835/36 1092/836/38
f 1093/837/38 1094/838/38 1091/835/36
f 1091/835/36 1095/839/36 1088/834/37
f 1095/839/36 1091/835/36 1094/838/38
f 1096/840/37 1088/834/37 1095/839/36
f 1094/838/38 1097/841/38 1095/839/36
f 1095/839/36 1098/842/36 1096/840/37
f 1098/842/36 1095/839/36 1097/841/38
f 1097/841/38 1099/843/38 1098/842/36
f 1100/844/37 1096/840/37 1098/842/36
f 1101/845/36 1098/842/36 1099/843/38
f 1098/842/36 1101/845/36 1100/844/37
f 1102/846/37 1100/844/37 1101/845/36
f 1105/847/38 1104/848/115 1103/849/38
f 1106/850/115 1103/849/38 1104/848/115
f 1104/848/115 1107/851/104 1106/850/115
f 1106/850/115 1108/852/115 1103/849/38
f 1109/853/38 1103/849/38 1108/852/115
f 1108/852/115 1110/854/115 1109/853/38
f 1111/855/38 1109/853/38 1110/854/115
f 1110/854/115 1112/856/115 1111/855/38
f 1113/857/38 1111/855/38 1112/856/115
f 1112/856/115 1110/854/115 1114/858/104
f 1110/854/115 1108/852/115 1115/859/104
f 1115/859/104 1114/858/104 1110/854/115
f 1108/852/115 1106/850/115 1116/860/104
f 1116/860/104 1115/859/104 1108/852/115
f 1117/861/104 1106/850/115 1107/851/104
f 1117/861/104 1116/860/104 1106/850/115
f 1117/861/104 1107/851/104 1118/862/114
f 1117/861/104 1118/862/114 1116/860/104
f 1119/863/114 1118/862/114 1107/851/104
f 1115/859/104 1120/864/114 1114/858/104
f 1121/865/114 1114/858/104 1120/864/114
f 1116/860/104 1122/866/114 1115/859/104
f 1122/866/114 1116/860/104 1118/862/114
f 1120/864/114 1115/859/104 1122/866/114
f 1118/862/114 1119/863/114 1123/867/113
f 1118/862/114 1123/867/113 1122/866/114
f 1124/868/113 1123/867/113 1119/863/114
f 1125/869/113 1122/866/114 1123/867/113
f 1122/866/114 1125/869/113 1120/864/114
f 1126/870/113 1120/864/114 1125/869/113
f 1120/864/114 1126/870/113 1121/865/114
f 1127/871/113 1121/865/114 1126/870/113
f 1130/872/188 1129/873/188 1128/874/187
f 1131/875/187 1128/874/187 1129/873/188
f 1128/874/187 1131/875/187 1132/876/113
f 1133/877/113 1132/876/113 1131/875/187
f 1133/877/113 1131/875/187 1134/878/113
f 1131/875/187 1129/873/188 1135/879/187
f 1135/879/187 1134/878/113 1131/875/187
f 1136/880/188 1135/879/187 1129/873/188
f 1134/878/113 1135/879/187 1137/881/113
f 1135/879/187 1136/880/188 1138/882/187
f 1138/882/187 1137/881/113 1135/879/187
f 1137/881/113 1138/882/187 1139/883/113
f 1140/884/188 1138/882/187 1136/880/188
f 1141/885/187 1139/883/113 1138/882/187
f 1138/882/187 1140/884/188 1141/885/187
f 1142/886/188 1141/885/187 1140/884/188
f 1145/887/309 1144/888/36 1143/889/309
f 1146/890/36 1143/889/309 1144/888/36
f 1144/888/36 1147/891/38 1146/890/36
f 1148/892/38 1146/890/36 1147/891/38
f 1151/893/38 1150/894/38 1149/895/115
f 1152/896/115 1149/895/115 1150/894/38
f 1152/896/115 1153/897/104 1149/895/115
f 1154/898/104 1149/895/115 1153/897/104
f 1153/897/104 1155/899/114 1154/898/104
f 1156/900/114 1154/898/104 1155/899/114
f 1156/900/114 1155/899/114 1157/901/113
f 1158/902/113 1157/901/113 1155/899/114
f 1161/903/310 1160/904/310 1159/905/187
f 1162/906/187 1159/905/187 1160/904/310
f 1162/906/187 1163/907/113 1159/905/187
f 1164/908/311 1159/905/187 1163/907/113
