# Blender 5.1.0
# www.blender.org
mtllib Litt_Deckhouse_C1_Tower_Upper_Platform_mod.mtl
o Litt_Deckhouse_C1_Tower_Upper_Platform_mod
v -1.899893 17.204021 5.697883
v -0.000000 17.204021 7.663305
v -2.056431 17.204018 6.484847
v -1.548745 17.204020 9.747280
v -1.417832 17.204020 10.588537
v -1.085163 17.204020 11.086414
v -0.587287 17.204020 11.419085
v -0.000002 17.204020 11.535904
v 0.587283 17.204020 11.419086
v 1.085159 17.204020 11.086414
v 1.417829 17.204020 10.588537
v 1.548742 17.204020 9.747280
v 2.056428 17.204018 6.484848
v 1.899892 17.204021 5.697885
v -0.393481 17.191803 4.506685
v -4.014727 17.191805 3.361595
v -4.159400 17.191805 3.003248
v -1.827959 17.191803 5.628418
v -4.159400 17.191807 1.530401
v -0.000000 17.191803 7.519425
v -0.000000 17.191801 4.428417
v -0.393480 17.191805 3.538102
v 0.393480 17.191803 4.506685
v -3.979706 17.191807 0.300747
v -2.519111 17.191807 -2.636420
v 1.827958 17.191803 5.628419
v 0.000000 17.191807 -2.636420
v -0.000000 17.191805 3.538102
v 4.014727 17.191805 3.361597
v 4.159400 17.191805 3.003250
v 4.159400 17.191807 1.530403
v 0.393480 17.191805 3.538102
v 2.519112 17.191807 -2.636420
v 3.979706 17.191807 0.300749
v 3.214922 18.604826 3.781658
v 3.540313 18.748621 3.848395
v 3.540310 18.604826 3.781659
v 3.214924 18.748621 3.848395
v 3.540310 18.892416 3.781659
v 3.214922 18.892418 3.781658
v 3.214924 18.748621 3.848395
v 3.214922 18.604826 3.781658
v 3.214922 18.892418 3.781658
v 3.214924 18.538090 3.637872
v 3.214924 18.959154 3.637871
v 3.214922 18.604826 3.494066
v 3.214922 18.892418 3.494066
v 3.214924 18.748621 3.427335
v 3.540310 18.604826 3.781659
v 3.214924 18.538090 3.637872
v 3.214922 18.604826 3.781658
v 3.540312 18.538088 3.637866
v 3.214922 18.604826 3.494066
v 3.540312 18.604826 3.494066
v 3.540312 18.604826 3.494066
v 3.214924 18.748621 3.427335
v 3.214922 18.604826 3.494066
v 3.540307 18.748621 3.427336
v 3.214922 18.892418 3.494066
v 3.540312 18.892416 3.494066
v 3.540312 18.892416 3.494066
v 3.214924 18.959154 3.637871
v 3.214922 18.892418 3.494066
v 3.540312 18.959154 3.637866
v 3.214922 18.892418 3.781658
v 3.540310 18.892416 3.781659
v 3.385468 17.191786 3.790477
v 3.243495 18.398521 3.703207
v 3.370521 18.398521 3.744475
v 3.204376 17.191786 3.731634
v 3.204376 17.191786 3.731634
v 3.243497 18.398521 3.569653
v 3.243495 18.398521 3.703207
v 3.204376 17.191786 3.541221
v 3.204376 17.191786 3.541221
v 3.370523 18.398521 3.528378
v 3.243497 18.398521 3.569653
v 3.385468 17.191786 3.482383
v 3.385468 17.191786 3.482383
v 3.449026 18.398521 3.636426
v 3.370523 18.398521 3.528378
v 3.497389 17.191786 3.636434
v 3.370521 18.398521 3.744475
v 3.385468 17.191786 3.790477
v 3.449026 18.398521 3.636426
v 3.243497 18.398521 3.569653
v 3.370523 18.398521 3.528378
v 3.243495 18.398521 3.703207
v 3.370521 18.398521 3.744475
v 3.304005 18.436266 3.777647
v 3.380576 18.506872 3.881287
v 3.304005 18.506872 3.881287
v 3.380574 18.436266 3.777647
v 3.380576 18.436266 3.498073
v 3.304005 18.436266 3.498078
v 3.380574 18.506872 3.394439
v 3.304005 18.506872 3.394439
v 3.380576 18.364315 3.811387
v 3.304005 18.476547 3.924329
v 3.380574 18.476547 3.924329
v 3.304005 18.364315 3.811387
v 3.380576 18.364315 3.464337
v 3.304005 18.364315 3.464337
v 3.304005 18.476547 3.351397
v 3.380574 18.476547 3.351389
v 3.304005 18.687178 3.924328
v 3.380574 18.476547 3.924329
v 3.304005 18.476547 3.924329
v 3.380574 18.687178 3.924329
v 3.284874 18.802269 3.941288
v 3.399725 18.687178 3.941288
v 3.284879 18.687178 3.941288
v 3.399720 18.802269 3.941294
v 3.380576 18.687178 3.881287
v 3.380574 18.476547 3.924329
v 3.380574 18.687178 3.924329
v 3.380576 18.506872 3.881287
v 3.380574 18.436266 3.777647
v 3.380576 18.364315 3.811387
v 3.380576 18.364315 3.464337
v 3.380576 18.436266 3.498073
v 3.380574 18.476547 3.351389
v 3.380574 18.506872 3.394439
v 3.380574 18.687180 3.394439
v 3.380574 18.687180 3.351389
v 3.304005 18.687178 3.924328
v 3.304005 18.506872 3.881287
v 3.304005 18.687178 3.881286
v 3.304005 18.476547 3.924329
v 3.304005 18.436266 3.777647
v 3.304005 18.364315 3.811387
v 3.304005 18.436266 3.498078
v 3.304005 18.364315 3.464337
v 3.304005 18.476547 3.351397
v 3.304005 18.506872 3.394439
v 3.304005 18.687180 3.351397
v 3.304005 18.687180 3.394438
v 3.399719 18.802271 3.334429
v 3.399725 18.687178 3.941288
v 3.399720 18.802269 3.941294
v 3.399719 18.687178 3.334430
v 3.380576 18.687178 3.881287
v 3.304005 18.506872 3.881287
v 3.380576 18.506872 3.881287
v 3.304005 18.687178 3.881286
v 3.399725 18.687178 3.941288
v 3.284879 18.687180 3.334429
v 3.284879 18.687178 3.941288
v 3.399719 18.687178 3.334430
v 3.304005 18.687180 3.351397
v 3.380574 18.476547 3.351389
v 3.380574 18.687180 3.351389
v 3.304005 18.476547 3.351397
v 3.284879 18.802271 3.334429
v 3.399719 18.687178 3.334430
v 3.399719 18.802271 3.334429
v 3.284879 18.687180 3.334429
v 3.399719 18.802271 3.334429
v 3.284874 18.802269 3.941288
v 3.284879 18.802271 3.334429
v 3.399720 18.802269 3.941294
v 3.284879 18.687180 3.334429
v 3.284874 18.802269 3.941288
v 3.284879 18.687178 3.941288
v 3.284879 18.802271 3.334429
v 3.380574 18.687180 3.394439
v 3.304005 18.506872 3.394439
v 3.304005 18.687180 3.394438
v 3.380574 18.506872 3.394439
v -3.541320 18.748621 3.853140
v -3.215930 18.604826 3.786403
v -3.541318 18.604826 3.786403
v -3.215930 18.748621 3.853140
v -3.541318 18.892416 3.786403
v -3.215930 18.892418 3.786403
v -3.215930 18.748621 3.853140
v -3.215930 18.892418 3.786403
v -3.215930 18.604826 3.786403
v -3.215932 18.538090 3.642617
v -3.215932 18.959154 3.642617
v -3.215929 18.604826 3.498812
v -3.215929 18.892418 3.498812
v -3.215932 18.748621 3.432081
v -3.215932 18.538090 3.642617
v -3.541318 18.604826 3.786403
v -3.215930 18.604826 3.786403
v -3.541320 18.538088 3.642611
v -3.215929 18.604826 3.498812
v -3.541318 18.604826 3.498812
v -3.215932 18.748621 3.432081
v -3.541318 18.604826 3.498812
v -3.215929 18.604826 3.498812
v -3.541315 18.748621 3.432081
v -3.215929 18.892418 3.498812
v -3.541318 18.892416 3.498812
v -3.215932 18.959154 3.642617
v -3.541318 18.892416 3.498812
v -3.215929 18.892418 3.498812
v -3.541320 18.959154 3.642611
v -3.215930 18.892418 3.786403
v -3.541318 18.892416 3.786403
v -3.386475 17.191786 3.795222
v -3.244504 18.398521 3.707952
v -3.205382 17.191786 3.736379
v -3.371527 18.398521 3.749221
v -3.205382 17.191786 3.736379
v -3.244505 18.398521 3.574398
v -3.205382 17.191786 3.545966
v -3.244504 18.398521 3.707952
v -3.205382 17.191786 3.545966
v -3.371530 18.398521 3.533123
v -3.386475 17.191786 3.487129
v -3.244505 18.398521 3.574398
v -3.450032 18.398521 3.641172
v -3.386475 17.191786 3.487129
v -3.371530 18.398521 3.533123
v -3.498397 17.191786 3.641178
v -3.371527 18.398521 3.749221
v -3.386475 17.191786 3.795222
v -3.244505 18.398521 3.574398
v -3.450032 18.398521 3.641172
v -3.371530 18.398521 3.533123
v -3.244504 18.398521 3.707952
v -3.371527 18.398521 3.749221
v -3.381582 18.506872 3.886031
v -3.305013 18.436266 3.782391
v -3.305012 18.506872 3.886031
v -3.381581 18.436266 3.782391
v -3.381582 18.436266 3.502818
v -3.305013 18.436266 3.502824
v -3.381582 18.506872 3.399184
v -3.305012 18.506872 3.399184
v -3.305013 18.476547 3.929074
v -3.381582 18.364315 3.816132
v -3.381581 18.476547 3.929074
v -3.305012 18.364315 3.816132
v -3.381582 18.364315 3.469083
v -3.305012 18.364315 3.469083
v -3.305013 18.476547 3.356141
v -3.381581 18.476547 3.356135
v -3.305013 18.687178 3.929074
v -3.381581 18.476547 3.929074
v -3.381581 18.687178 3.929074
v -3.305013 18.476547 3.929074
v -3.285882 18.802269 3.946034
v -3.400731 18.687178 3.946034
v -3.400727 18.802269 3.946034
v -3.285887 18.687178 3.946034
v -3.381581 18.476547 3.929074
v -3.381582 18.687178 3.886031
v -3.381581 18.687178 3.929074
v -3.381582 18.506872 3.886031
v -3.381581 18.436266 3.782391
v -3.381582 18.364315 3.816132
v -3.381582 18.364315 3.469083
v -3.381582 18.436266 3.502818
v -3.381581 18.476547 3.356135
v -3.381582 18.506872 3.399184
v -3.381582 18.687180 3.399184
v -3.381581 18.687180 3.356135
v -3.305012 18.506872 3.886031
v -3.305013 18.687178 3.929074
v -3.305012 18.687178 3.886031
v -3.305013 18.476547 3.929074
v -3.305013 18.436266 3.782391
v -3.305012 18.364315 3.816132
v -3.305013 18.436266 3.502824
v -3.305012 18.364315 3.469083
v -3.305013 18.476547 3.356141
v -3.305012 18.506872 3.399184
v -3.305013 18.687180 3.356141
v -3.305012 18.687180 3.399184
v -3.400725 18.802271 3.339175
v -3.400731 18.687178 3.946034
v -3.400725 18.687178 3.339175
v -3.400727 18.802269 3.946034
v -3.381582 18.687178 3.886031
v -3.305012 18.506872 3.886031
v -3.305012 18.687178 3.886031
v -3.381582 18.506872 3.886031
v -3.400731 18.687178 3.946034
v -3.285886 18.687180 3.339175
v -3.400725 18.687178 3.339175
v -3.285887 18.687178 3.946034
v -3.305013 18.687180 3.356141
v -3.381581 18.476547 3.356135
v -3.305013 18.476547 3.356141
v -3.381581 18.687180 3.356135
v -3.285886 18.802271 3.339175
v -3.400725 18.687178 3.339175
v -3.285886 18.687180 3.339175
v -3.400725 18.802271 3.339175
v -3.400725 18.802271 3.339175
v -3.285882 18.802269 3.946034
v -3.400727 18.802269 3.946034
v -3.285886 18.802271 3.339175
v -3.285886 18.687180 3.339175
v -3.285882 18.802269 3.946034
v -3.285886 18.802271 3.339175
v -3.285887 18.687178 3.946034
v -3.381582 18.687180 3.399184
v -3.305012 18.506872 3.399184
v -3.381582 18.506872 3.399184
v -3.305012 18.687180 3.399184
v -1.085163 14.987150 11.086414
v -1.417832 14.987150 10.588537
v -1.548745 14.987150 9.747280
v -2.056431 17.204018 6.484847
v -1.548745 15.277451 9.747280
v -1.548745 17.204020 9.747280
v -1.417832 17.204020 10.588537
v -1.417832 15.277451 10.588537
v -1.085163 17.204020 11.086414
v -1.085163 15.277451 11.086414
v -1.899893 17.039364 5.697884
v -1.899893 17.204021 5.697883
v -1.454115 17.039366 5.030731
v -1.454115 17.039366 5.030731
v -0.786962 17.039366 4.584953
v -0.393481 17.039366 4.506685
v -0.000000 17.039366 4.428417
v -0.000000 17.191801 4.428417
v -0.393481 17.191803 4.506685
v 0.393480 17.039366 4.506685
v 0.393480 17.191803 4.506685
v 0.786961 17.039366 4.584953
v 1.454115 17.039366 5.030731
v -1.899893 17.039364 5.697884
v -2.449965 18.115597 5.127673
v -1.899893 17.204021 5.697883
v -4.100183 18.115593 3.417043
v -4.100183 17.039366 3.417043
v -4.259400 17.039366 3.022673
v -4.259400 18.115593 3.022673
v -4.259400 17.039368 1.495929
v -4.259400 18.115595 1.495929
v -4.038832 17.039368 0.214033
v -4.038832 18.115595 0.214033
v -0.393481 17.039366 4.506685
v -0.393480 17.191805 3.538102
v -0.393480 17.039366 3.538102
v -0.393481 17.191803 4.506685
v -2.519111 17.039368 -2.740779
v -4.038832 18.115595 0.214033
v -4.038832 17.039368 0.214033
v -2.519111 18.115595 -2.740780
v 0.000000 18.115595 -2.740779
v 0.000000 17.039368 -2.740778
v 2.519112 17.039368 -2.740778
v 2.519112 18.115595 -2.740778
v 4.038832 18.115595 0.214035
v 4.038832 17.039368 0.214035
v -0.587287 17.204020 11.419085
v -1.085163 15.277451 11.086414
v -1.085163 17.204020 11.086414
v -0.587287 15.277451 11.419086
v -0.000002 17.204020 11.535904
v -0.000002 15.277451 11.535904
v -0.587287 14.987150 11.419086
v 0.587283 15.277451 11.419086
v -1.085163 14.987150 11.086414
v -0.000002 14.987150 11.535904
v 0.587283 14.987150 11.419086
v 1.085159 14.987150 11.086414
v 1.085159 15.277451 11.086414
v 0.587283 17.204020 11.419086
v 1.085159 17.204020 11.086414
v -0.393480 17.191805 3.538102
v -0.000000 17.039366 3.538102
v -0.393480 17.039366 3.538102
v -0.000000 17.191805 3.538102
v 0.393480 17.191805 3.538102
v 0.393480 17.039366 3.538102
v 1.085159 14.987150 11.086414
v 1.417829 14.987150 10.588537
v 1.548742 14.987150 9.747280
v 2.056428 17.204018 6.484848
v 1.548742 15.277451 9.747280
v 1.548742 17.204020 9.747280
v 1.417829 17.204020 10.588537
v 1.417829 15.277451 10.588537
v 1.085159 17.204020 11.086414
v 1.085159 15.277451 11.086414
v 1.899892 17.039364 5.697885
v 1.899892 17.204021 5.697885
v 1.454115 17.039366 5.030731
v 1.899892 17.039364 5.697885
v 1.899892 17.204021 5.697885
v 2.449965 18.115597 5.127674
v 4.100183 18.115593 3.417045
v 4.100183 17.039366 3.417045
v 4.259400 17.039366 3.022675
v 4.259400 18.115593 3.022675
v 4.259400 17.039368 1.495931
v 4.259400 18.115595 1.495931
v 4.038832 17.039368 0.214035
v 4.038832 18.115595 0.214035
v 0.393480 17.039366 4.506685
v 0.393480 17.191805 3.538102
v 0.393480 17.191803 4.506685
v 0.393480 17.039366 3.538102
v 0.645808 17.034851 11.560377
v 1.193303 17.334850 11.194553
v 1.193303 17.034851 11.194553
v 0.645808 17.334850 11.560377
v -0.000002 17.034851 11.688837
v -0.000002 17.334850 11.688835
v -0.645812 17.334850 11.560375
v -0.645812 17.034851 11.560375
v -1.193306 17.334850 11.194551
v -1.193306 17.034851 11.194551
v 0.528758 17.334850 11.277784
v 0.977015 17.103613 10.978266
v 0.977015 17.334850 10.978266
v 0.528758 17.103613 11.277784
v -0.000002 17.334850 11.382957
v -0.000002 17.103613 11.382957
v -0.528761 17.103613 11.277782
v -0.528761 17.334850 11.277782
v -0.977019 17.103613 10.978266
v -0.977019 17.334850 10.978266
v 2.208730 17.334850 6.481645
v 1.758595 17.334850 5.756404
v 2.012522 17.334850 5.493749
v 1.904126 17.334850 6.488038
v 1.560952 17.334850 10.644327
v 1.274706 17.334850 10.532740
v 1.193303 17.334850 11.194553
v 0.977015 17.334850 10.978266
v 0.645808 17.334850 11.560377
v 0.528758 17.334850 11.277784
v -0.000002 17.334850 11.688835
v -0.000002 17.334850 11.382957
v -0.528761 17.334850 11.277782
v -0.645812 17.334850 11.560375
v -0.977019 17.334850 10.978266
v -1.193306 17.334850 11.194551
v -1.274710 17.334850 10.532740
v -1.560955 17.334850 10.644325
v -1.904127 17.334850 6.488037
v -2.208732 17.334850 6.481644
v -1.758596 17.334850 5.756404
v -2.012523 17.334850 5.493747
v 2.208730 17.034851 6.481645
v 2.012522 17.334850 5.493749
v 2.012522 17.034851 5.493749
v 2.208730 17.334850 6.481645
v 1.560952 17.034851 10.644327
v 1.560952 17.334850 10.644327
v 1.193303 17.034851 11.194553
v 1.193303 17.334850 11.194553
v 1.904126 17.334850 6.488038
v 1.758595 17.103611 5.756404
v 1.758595 17.334850 5.756404
v 1.904126 17.103611 6.488038
v 1.274706 17.334850 10.532740
v 1.274706 17.103613 10.532740
v 0.977015 17.334850 10.978266
v 0.977015 17.103613 10.978266
v 2.012522 17.034851 5.493749
v -0.000002 17.034851 7.858581
v 2.208730 17.034851 6.481645
v 1.560952 17.034851 10.644327
v 1.193303 17.034851 11.194553
v 0.645808 17.034851 11.560377
v -0.000002 17.034851 11.688837
v -0.645812 17.034851 11.560375
v -1.193306 17.034851 11.194551
v -1.560955 17.034851 10.644325
v -2.208732 17.034851 6.481644
v -2.012523 17.034851 5.493747
v 3.013819 18.385294 2.705292
v 3.795688 18.638235 2.773067
v 3.795688 18.385294 2.705292
v 3.013819 18.638235 2.773064
v 3.795688 18.891174 2.705292
v 3.013819 18.891174 2.705291
v 3.013819 18.638235 2.773064
v 3.013819 18.385294 2.705292
v 3.013819 18.891174 2.705291
v 3.013819 18.200130 2.520125
v 3.013819 19.076342 2.520125
v 3.013819 18.132353 2.267185
v 3.013819 19.144117 2.267185
v 3.013819 18.200130 2.014246
v 3.013819 19.076342 2.014246
v 3.013819 18.385294 1.829078
v 3.013819 18.891172 1.829078
v 3.013819 18.638235 1.761303
v 3.795688 18.385294 2.705292
v 3.013819 18.200130 2.520125
v 3.013819 18.385294 2.705292
v 3.795688 18.200130 2.520128
v 3.013819 18.132353 2.267185
v 3.795688 18.132353 2.267185
v 3.013819 18.200130 2.014246
v 3.795688 18.200130 2.014246
v 3.013819 18.385294 1.829078
v 3.795688 18.385294 1.829082
v 3.795688 18.385294 1.829082
v 3.013819 18.638235 1.761303
v 3.013819 18.385294 1.829078
v 3.795675 18.638233 1.761307
v 3.013819 18.891172 1.829078
v 3.795688 18.891172 1.829078
v 3.795688 18.891172 1.829078
v 3.013819 19.076342 2.014246
v 3.013819 18.891172 1.829078
v 3.795688 19.076338 2.014246
v 3.013819 19.144117 2.267185
v 3.795688 19.144117 2.267185
v 3.013819 19.076342 2.520125
v 3.795688 19.076338 2.520125
v 3.013819 18.891174 2.705291
v 3.795688 18.891174 2.705292
v 3.134630 17.796980 2.495960
v 3.303352 17.191814 2.672969
v 3.062808 17.191816 2.594816
v 3.303352 17.796980 2.550777
v 3.543883 17.191814 2.594813
v 3.472061 17.796980 2.495960
v 3.062808 17.191816 2.594816
v 3.030327 17.796980 2.352439
v 3.134630 17.796980 2.495960
v 2.914141 17.191816 2.390198
v 3.030327 17.796980 2.175040
v 2.914141 17.191816 2.137280
v 3.134630 17.796980 2.031519
v 3.062808 17.191816 1.932664
v 3.062808 17.191816 1.932664
v 3.303352 17.796980 1.976701
v 3.134630 17.796980 2.031519
v 3.303352 17.191816 1.854507
v 3.472061 17.796980 2.031520
v 3.543883 17.191816 1.932664
v 3.543883 17.191816 1.932664
v 3.576340 17.796980 2.175040
v 3.472061 17.796980 2.031520
v 3.692550 17.191814 2.137281
v 3.576340 17.796980 2.352440
v 3.692550 17.191814 2.390199
v 3.472061 17.796980 2.495960
v 3.543883 17.191814 2.594813
v 3.576340 17.796980 2.352440
v 3.472061 17.796980 2.031520
v 3.576340 17.796980 2.175040
v 3.134630 17.796980 2.031519
v 3.303352 17.796980 1.976701
v 3.030327 17.796980 2.352439
v 3.030327 17.796980 2.175040
v 3.303352 17.796980 2.550777
v 3.472061 17.796980 2.495960
v 3.134630 17.796980 2.495960
v 3.770771 18.670830 1.809718
v 3.692810 18.670830 2.724653
v 3.692810 18.670782 1.809716
v 3.770771 18.670742 2.724658
v 3.770771 18.670742 2.724658
v 3.772495 18.624050 1.807297
v 3.772495 18.624052 2.727083
v 3.770771 18.670830 1.809718
v 3.692810 18.624050 1.807297
v 3.772495 18.624052 2.727083
v 3.772495 18.624050 1.807297
v 3.692810 18.624052 2.727083
v 3.770771 18.189974 2.243801
v 3.692810 19.104904 2.243798
v 3.692810 18.189968 2.243848
v 3.770784 19.104908 2.243887
v 3.770784 19.104908 2.243887
v 3.772495 18.187550 2.290580
v 3.772495 19.107334 2.290580
v 3.770771 18.189974 2.243801
v 3.692810 18.187548 2.290580
v 3.772495 19.107334 2.290580
v 3.772495 18.187550 2.290580
v 3.692810 19.107332 2.290580
v 3.227871 17.887684 2.603065
v 3.411860 18.057339 2.852098
v 3.227871 18.057339 2.852096
v 3.411860 17.887684 2.603065
v 3.411860 17.887684 1.931300
v 3.227871 17.887684 1.931300
v 3.411860 18.057339 1.682270
v 3.227871 18.057339 1.682266
v 3.411860 17.714794 2.684139
v 3.227871 17.984476 2.955532
v 3.411860 17.984474 2.955532
v 3.227871 17.714794 2.684139
v 3.411860 17.714792 1.850222
v 3.227871 17.714792 1.850222
v 3.227871 17.984478 1.578834
v 3.411860 17.984478 1.578834
v 3.227871 18.490597 2.955530
v 3.411860 17.984474 2.955532
v 3.227871 17.984476 2.955532
v 3.411860 18.490597 2.955532
v 3.181908 18.767143 2.996291
v 3.457873 18.490597 2.996289
v 3.181921 18.490597 2.996289
v 3.457860 18.767143 2.996289
v 3.411860 18.490597 2.852098
v 3.411860 17.984474 2.955532
v 3.411860 18.490597 2.955532
v 3.411860 18.057339 2.852098
v 3.411860 17.887684 2.603065
v 3.411860 17.714794 2.684139
v 3.411860 17.714792 1.850222
v 3.411860 17.887684 1.931300
v 3.411860 17.984478 1.578834
v 3.411860 18.057339 1.682270
v 3.411860 18.490599 1.682266
v 3.411860 18.490599 1.578833
v 3.227871 18.490597 2.955530
v 3.227871 18.057339 2.852096
v 3.227871 18.490597 2.852098
v 3.227871 17.984476 2.955532
v 3.227871 17.887684 2.603065
v 3.227871 17.714794 2.684139
v 3.227871 17.887684 1.931300
v 3.227871 17.714792 1.850222
v 3.227871 17.984478 1.578834
v 3.227871 18.057339 1.682266
v 3.227871 18.490599 1.578833
v 3.227871 18.490599 1.682269
v 3.457860 18.767145 1.538076
v 3.457873 18.490597 2.996289
v 3.457860 18.767143 2.996289
v 3.457860 18.490595 1.538076
v 3.411860 18.490597 2.852098
v 3.227871 18.057339 2.852096
v 3.411860 18.057339 2.852098
v 3.227871 18.490597 2.852098
v 3.457873 18.490597 2.996289
v 3.181921 18.490599 1.538076
v 3.181921 18.490597 2.996289
v 3.457860 18.490595 1.538076
v 3.227871 18.490599 1.578833
v 3.411860 17.984478 1.578834
v 3.411860 18.490599 1.578833
v 3.227871 17.984478 1.578834
v 3.181921 18.767147 1.538076
v 3.457860 18.490595 1.538076
v 3.457860 18.767145 1.538076
v 3.181921 18.490599 1.538076
v 3.457860 18.767145 1.538076
v 3.181908 18.767143 2.996291
v 3.181921 18.767147 1.538076
v 3.457860 18.767143 2.996289
v 3.181921 18.490599 1.538076
v 3.181908 18.767143 2.996291
v 3.181921 18.490597 2.996289
v 3.181921 18.767147 1.538076
v 3.411860 18.490599 1.682266
v 3.227871 18.057339 1.682266
v 3.227871 18.490599 1.682269
v 3.411860 18.057339 1.682270
v 0.064994 16.266676 0.988412
v 2.618178 17.039373 -1.640450
v 0.064994 17.039371 0.988412
v 2.618178 16.889345 -1.640450
v -0.044344 17.039371 0.904343
v 2.560625 16.889345 -1.751501
v -0.044344 16.266676 0.904343
v 2.560625 17.039373 -1.751501
v 0.064994 16.266676 0.988412
v 2.560625 16.889345 -1.751501
v 2.618178 16.889345 -1.640450
v -0.044344 16.266676 0.904343
v 2.618178 16.889345 -1.640450
v 2.560625 17.039373 -1.751501
v 2.618178 17.039373 -1.640450
v 2.560625 16.889345 -1.751501
v -2.012523 17.334850 5.493747
v -2.208732 17.034851 6.481644
v -2.012523 17.034851 5.493747
v -2.208732 17.334850 6.481644
v -1.560955 17.034851 10.644325
v -1.560955 17.334850 10.644325
v -1.193306 17.034851 11.194551
v -1.193306 17.334850 11.194551
v -1.758596 17.103611 5.756404
v -1.904127 17.334850 6.488037
v -1.758596 17.334850 5.756404
v -1.904127 17.103611 6.488037
v -1.274710 17.334850 10.532740
v -1.274710 17.103613 10.532740
v -0.977019 17.334850 10.978266
v -0.977019 17.103613 10.978266
v -3.795688 18.638235 2.773067
v -3.013819 18.385294 2.705291
v -3.795688 18.385294 2.705291
v -3.013819 18.638235 2.773064
v -3.795688 18.891174 2.705291
v -3.013819 18.891174 2.705291
v -3.013819 18.638235 2.773064
v -3.013819 18.891174 2.705291
v -3.013819 18.385294 2.705291
v -3.013819 18.200130 2.520124
v -3.013819 19.076342 2.520124
v -3.013819 18.132353 2.267184
v -3.013819 19.144117 2.267184
v -3.013819 18.200130 2.014245
v -3.013819 19.076342 2.014245
v -3.013819 18.385294 1.829078
v -3.013819 18.891172 1.829078
v -3.013819 18.638235 1.761302
v -3.013819 18.200130 2.520124
v -3.795688 18.385294 2.705291
v -3.013819 18.385294 2.705291
v -3.795688 18.200130 2.520127
v -3.013819 18.132353 2.267184
v -3.795688 18.132353 2.267184
v -3.013819 18.200130 2.014245
v -3.795688 18.200130 2.014245
v -3.013819 18.385294 1.829078
v -3.795688 18.385294 1.829081
v -3.013819 18.638235 1.761302
v -3.795688 18.385294 1.829081
v -3.013819 18.385294 1.829078
v -3.795675 18.638233 1.761305
v -3.013819 18.891172 1.829078
v -3.795688 18.891172 1.829078
v -3.013819 19.076342 2.014245
v -3.795688 18.891172 1.829078
v -3.013819 18.891172 1.829078
v -3.795688 19.076338 2.014245
v -3.013819 19.144117 2.267184
v -3.795688 19.144117 2.267184
v -3.013819 19.076342 2.520124
v -3.795688 19.076338 2.520124
v -3.013819 18.891174 2.705291
v -3.795688 18.891174 2.705291
v -3.303352 17.191814 2.672967
v -3.134630 17.796980 2.495958
v -3.062808 17.191816 2.594814
v -3.303352 17.796980 2.550776
v -3.543883 17.191814 2.594811
v -3.472061 17.796980 2.495958
v -3.030327 17.796980 2.352438
v -3.062808 17.191816 2.594814
v -3.134630 17.796980 2.495958
v -2.914141 17.191816 2.390197
v -3.030327 17.796980 2.175038
v -2.914141 17.191816 2.137279
v -3.134630 17.796980 2.031518
v -3.062808 17.191816 1.932662
v -3.303352 17.796980 1.976700
v -3.062808 17.191816 1.932662
v -3.134630 17.796980 2.031518
v -3.303352 17.191816 1.854506
v -3.472061 17.796980 2.031518
v -3.543883 17.191816 1.932662
v -3.576340 17.796980 2.175038
v -3.543883 17.191816 1.932662
v -3.472061 17.796980 2.031518
v -3.692550 17.191814 2.137279
v -3.576340 17.796980 2.352438
v -3.692550 17.191814 2.390197
v -3.472061 17.796980 2.495958
v -3.543883 17.191814 2.594811
v -3.303352 17.796980 2.550776
v -3.030327 17.796980 2.352438
v -3.134630 17.796980 2.495958
v -3.576340 17.796980 2.352438
v -3.472061 17.796980 2.495958
v -3.134630 17.796980 2.031518
v -3.030327 17.796980 2.175038
v -3.472061 17.796980 2.031518
v -3.303352 17.796980 1.976700
v -3.576340 17.796980 2.175038
v -3.770771 18.670830 1.809718
v -3.692810 18.670830 2.724651
v -3.770771 18.670742 2.724657
v -3.692810 18.670782 1.809715
v -3.770771 18.670742 2.724657
v -3.772495 18.624050 1.807296
v -3.770771 18.670830 1.809718
v -3.772495 18.624052 2.727082
v -3.692810 18.624050 1.807296
v -3.772495 18.624052 2.727082
v -3.692810 18.624052 2.727082
v -3.772495 18.624050 1.807296
v -3.770771 18.189974 2.243800
v -3.692810 19.104904 2.243797
v -3.770784 19.104908 2.243886
v -3.692810 18.189968 2.243846
v -3.770784 19.104908 2.243886
v -3.772495 18.187550 2.290578
v -3.770771 18.189974 2.243800
v -3.772495 19.107334 2.290578
v -3.692810 18.187548 2.290578
v -3.772495 19.107334 2.290578
v -3.692810 19.107332 2.290578
v -3.772495 18.187550 2.290578
v -3.411860 18.057339 2.852098
v -3.227871 17.887684 2.603065
v -3.227871 18.057339 2.852094
v -3.411860 17.887684 2.603065
v -3.411860 17.887684 1.931298
v -3.227871 17.887684 1.931298
v -3.411860 18.057339 1.682268
v -3.227871 18.057339 1.682265
v -3.227871 17.984476 2.955530
v -3.411860 17.714794 2.684139
v -3.411860 17.984474 2.955530
v -3.227871 17.714794 2.684139
v -3.411860 17.714792 1.850221
v -3.227871 17.714792 1.850221
v -3.227871 17.984478 1.578833
v -3.411860 17.984478 1.578833
v -3.227871 18.490597 2.955530
v -3.411860 17.984474 2.955530
v -3.411860 18.490597 2.955530
v -3.227871 17.984476 2.955530
v -3.181908 18.767143 2.996290
v -3.457873 18.490597 2.996287
v -3.457860 18.767143 2.996287
v -3.181921 18.490597 2.996287
v -3.411860 17.984474 2.955530
v -3.411860 18.490597 2.852098
v -3.411860 18.490597 2.955530
v -3.411860 18.057339 2.852098
v -3.411860 17.887684 2.603065
v -3.411860 17.714794 2.684139
v -3.411860 17.714792 1.850221
v -3.411860 17.887684 1.931298
v -3.411860 17.984478 1.578833
v -3.411860 18.057339 1.682268
v -3.411860 18.490599 1.682265
v -3.411860 18.490599 1.578833
v -3.227871 18.057339 2.852094
v -3.227871 18.490597 2.955530
v -3.227871 18.490597 2.852098
v -3.227871 17.984476 2.955530
v -3.227871 17.887684 2.603065
v -3.227871 17.714794 2.684139
v -3.227871 17.887684 1.931298
v -3.227871 17.714792 1.850221
v -3.227871 17.984478 1.578833
v -3.227871 18.057339 1.682265
v -3.227871 18.490599 1.578833
v -3.227871 18.490599 1.682268
v -3.457860 18.767145 1.538075
v -3.457873 18.490597 2.996287
v -3.457860 18.490595 1.538075
v -3.457860 18.767143 2.996287
v -3.411860 18.490597 2.852098
v -3.227871 18.057339 2.852094
v -3.227871 18.490597 2.852098
v -3.411860 18.057339 2.852098
v -3.457873 18.490597 2.996287
v -3.181921 18.490599 1.538075
v -3.457860 18.490595 1.538075
v -3.181921 18.490597 2.996287
v -3.227871 18.490599 1.578833
v -3.411860 17.984478 1.578833
v -3.227871 17.984478 1.578833
v -3.411860 18.490599 1.578833
v -3.181921 18.767147 1.538075
v -3.457860 18.490595 1.538075
v -3.181921 18.490599 1.538075
v -3.457860 18.767145 1.538075
v -3.457860 18.767145 1.538075
v -3.181908 18.767143 2.996290
v -3.457860 18.767143 2.996287
v -3.181921 18.767147 1.538075
v -3.181921 18.490599 1.538075
v -3.181908 18.767143 2.996290
v -3.181921 18.767147 1.538075
v -3.181921 18.490597 2.996287
v -3.411860 18.490599 1.682265
v -3.227871 18.057339 1.682265
v -3.411860 18.057339 1.682268
v -3.227871 18.490599 1.682268
v -0.064994 16.266676 0.988412
v -2.618178 17.039373 -1.640449
v -2.618178 16.889345 -1.640449
v -0.064994 17.039371 0.988412
v 0.044344 17.039371 0.904343
v -2.560625 16.889345 -1.751499
v -2.560625 17.039373 -1.751499
v 0.044344 16.266676 0.904343
v -0.064994 16.266676 0.988412
v -2.560625 16.889345 -1.751499
v 0.044344 16.266676 0.904343
v -2.618178 16.889345 -1.640449
v -2.618178 16.889345 -1.640449
v -2.560625 17.039373 -1.751499
v -2.560625 16.889345 -1.751499
v -2.618178 17.039373 -1.640449
v 0.267705 17.039373 3.457283
v 0.267696 17.039373 3.281318
v 0.325909 17.039373 3.281318
v 0.325912 17.039373 3.457283
v -0.325921 17.039373 3.457283
v -0.325921 17.039373 3.281318
v -0.267717 17.039373 3.281318
v -0.267714 17.039373 3.457283
v -0.267714 17.039373 3.457283
v -0.325921 17.039373 3.457283
v 0.325912 17.039373 3.457283
v 0.267705 17.039373 3.457283
v -0.325921 17.039373 3.281318
v -0.267717 17.039373 3.281318
v 0.267696 17.039373 3.281318
v 0.325909 17.039373 3.281318
v -0.225625 18.707737 1.772074
v 0.225625 18.707737 0.991352
v 0.225625 18.707735 1.772074
v -0.225625 18.707733 0.991352
v 0.225624 17.191809 1.985335
v -0.225625 18.494476 1.985335
v 0.225624 18.494476 1.985335
v -0.225625 17.191809 1.985335
v -0.225625 18.494476 1.985335
v -0.225625 18.707733 0.991352
v -0.225625 18.707737 1.772074
v -0.225625 17.191809 1.985335
v -0.225625 17.191809 0.991353
v 0.225625 17.191809 0.991353
v 0.225625 18.707735 1.772074
v 0.225625 18.707737 0.991352
v 0.225624 17.191809 1.985335
v 0.225624 18.494476 1.985335
v 0.225625 18.707735 1.772074
v -0.225625 18.494476 1.985335
v -0.225625 18.707737 1.772074
v 0.225624 18.494476 1.985335
v 0.113423 16.954741 11.815968
v 0.183523 17.292984 11.912439
v 0.113423 17.292984 11.815968
v 0.183523 16.954741 11.912441
v 0.183523 17.292984 12.031700
v 0.183523 16.954741 12.031700
v 0.113422 17.292984 12.128183
v 0.113422 16.954741 12.128187
v 0.113422 16.954741 12.128187
v -0.000003 17.292984 12.165049
v 0.113422 17.292984 12.128183
v -0.000003 16.954741 12.165049
v -0.113427 17.292984 12.128181
v -0.113427 16.954741 12.128187
v -0.113427 16.954741 12.128187
v -0.183527 17.292984 12.031698
v -0.113427 17.292984 12.128181
v -0.183527 16.954741 12.031700
v -0.183527 17.292984 11.912439
v -0.183527 16.954741 11.912441
v -0.113427 17.292984 11.815966
v -0.113427 16.954741 11.815968
v -0.113427 16.954741 11.815968
v -0.000002 17.292984 11.779104
v -0.113427 17.292984 11.815966
v -0.000002 16.954741 11.779104
v 0.113423 16.954741 11.815968
v 0.113423 17.292984 11.815968
v 0.183523 17.292984 12.031700
v 0.113423 17.292984 11.815968
v 0.183523 17.292984 11.912439
v 0.113422 17.292984 12.128183
v -0.000003 17.292984 12.165049
v -0.000002 17.292984 11.779104
v -0.113427 17.292984 12.128181
v -0.113427 17.292984 11.815966
v -0.183527 17.292984 12.031698
v -0.183527 17.292984 11.912439
v 1.555995 17.858364 0.683393
v 1.556000 17.191809 1.429518
v 1.555995 17.858364 1.429518
v 1.556000 17.191809 0.683393
v 0.906352 17.858364 0.683393
v 1.556000 17.191809 0.683393
v 1.555995 17.858364 0.683393
v 0.906355 17.191809 0.683393
v 0.906354 17.191809 1.429518
v 1.555995 17.858364 1.429518
v 1.556000 17.191809 1.429518
v 0.906352 17.858364 1.429518
v 0.906352 17.858364 1.429518
v 1.555995 17.858364 0.683393
v 1.555995 17.858364 1.429518
v 0.906352 17.858364 0.683393
v -1.555996 17.858364 0.683393
v -1.556001 17.191809 1.429518
v -1.556000 17.191809 0.683393
v -1.555996 17.858364 1.429518
v -0.906352 17.858364 0.683393
v -1.556000 17.191809 0.683393
v -0.906355 17.191809 0.683393
v -1.555996 17.858364 0.683393
v -0.906355 17.191809 1.429518
v -1.555996 17.858364 1.429518
v -0.906352 17.858364 1.429518
v -1.556001 17.191809 1.429518
v -0.906352 17.858364 1.429518
v -1.555996 17.858364 0.683393
v -0.906352 17.858364 0.683393
v -1.555996 17.858364 1.429518
v -0.906352 17.858364 1.429518
v -0.906355 17.191809 0.683393
v -0.906355 17.191809 1.429518
v -0.906352 17.858364 0.683393
v 0.906354 17.191809 1.429518
v 0.906352 17.858364 0.683393
v 0.906352 17.858364 1.429518
v 0.906355 17.191809 0.683393
v -1.758596 17.103611 5.756404
v -2.012523 17.334850 5.493747
v -2.012523 17.034851 5.493747
v -1.758596 17.334850 5.756404
v 1.758595 17.103611 5.756404
v 2.012522 17.334850 5.493749
v 1.758595 17.334850 5.756404
v 2.012522 17.034851 5.493749
v 0.075571 15.739937 11.312174
v 0.075571 16.852985 12.043293
v 0.075571 16.852985 11.312174
v 0.075571 16.672987 12.043293
v -0.075569 16.852985 11.312174
v -0.075570 16.672987 12.043293
v -0.075569 15.739937 11.312174
v -0.075570 16.852985 12.043293
v 0.075571 15.739937 11.312174
v -0.075570 16.672987 12.043293
v 0.075571 16.672987 12.043293
v -0.075569 15.739937 11.312174
v 0.075571 16.672987 12.043293
v -0.075570 16.852985 12.043293
v 0.075571 16.852985 12.043293
v -0.075570 16.672987 12.043293
v -0.216689 16.954742 12.186533
v 0.216690 16.954742 11.312174
v 0.216690 16.954742 12.186533
v -0.216689 16.954742 11.312174
v -0.216689 16.852985 11.312174
v -0.216689 16.954742 12.186533
v -0.216689 16.852985 12.186533
v -0.216689 16.954742 11.312174
v -0.216689 16.852985 12.186533
v 0.216690 16.954742 12.186533
v 0.216690 16.852985 12.186533
v -0.216689 16.954742 12.186533
v 0.216690 16.852985 12.186533
v 0.216690 16.954742 11.312174
v 0.216690 16.852985 11.312174
v 0.216690 16.954742 12.186533
v 0.216690 16.852985 11.312174
v -0.216689 16.954742 11.312174
v -0.216689 16.852985 11.312174
v 0.216690 16.954742 11.312174
v 0.216690 16.852985 12.186533
v -0.216689 16.852985 11.312174
v -0.216689 16.852985 12.186533
v 0.216690 16.852985 11.312174
v 4.234475 17.356194 12.513441
v 4.319382 17.228342 12.386368
v 4.234475 17.228336 12.513441
v 4.319382 17.356197 12.386368
v -4.234480 17.356194 12.513447
v -4.319385 17.228342 12.386366
v -4.319385 17.356197 12.386366
v -4.234480 17.228336 12.513447
v 1.466062 16.745750 10.663649
v 4.319382 17.228342 12.386368
v 1.550970 16.745750 10.536572
v 4.234475 17.228336 12.513441
v 1.550970 16.745750 10.536572
v 4.319382 17.356197 12.386368
v 1.550970 17.356197 10.536572
v 4.319382 17.228342 12.386368
v 1.550970 17.356197 10.536572
v 4.234475 17.356194 12.513441
v 1.466062 17.356197 10.663649
v 4.319382 17.356197 12.386368
v 1.466062 17.356197 10.663649
v 4.234475 17.228336 12.513441
v 1.466062 16.745750 10.663649
v 4.234475 17.356194 12.513441
v -1.466066 16.745750 10.663652
v -4.234480 17.356194 12.513447
v -1.466066 17.356197 10.663652
v -4.234480 17.228336 12.513447
v -1.466066 17.356197 10.663652
v -4.319385 17.356197 12.386366
v -1.550973 17.356197 10.536572
v -4.234480 17.356194 12.513447
v -1.550973 17.356197 10.536572
v -4.319385 17.228342 12.386366
v -1.550973 16.745750 10.536572
v -4.319385 17.356197 12.386366
v -1.550973 16.745750 10.536572
v -4.234480 17.228336 12.513447
v -1.466066 16.745750 10.663652
v -4.319385 17.228342 12.386366
v -4.100183 18.115593 3.417043
v -4.159400 18.115593 3.003248
v -4.014727 18.115593 3.361595
v -2.374651 18.115599 5.061714
v -4.259400 18.115593 3.022673
v -2.449965 18.115597 5.127673
v -4.159400 18.115595 1.530401
v -4.259400 18.115595 1.495929
v -3.979706 18.115595 0.300747
v -4.038832 18.115595 0.214033
v -2.519111 18.115595 -2.636420
v -2.519111 18.115595 -2.740780
v -1.827959 17.204021 5.628421
v -1.899893 17.204021 5.697883
v 0.000000 18.115595 -2.636420
v 0.000000 18.115595 -2.740779
v 2.519112 18.115595 -2.740778
v 2.519112 18.115595 -2.636420
v 4.038832 18.115595 0.214035
v 3.979706 18.115595 0.300749
v 4.259400 18.115595 1.495931
v 4.159400 18.115595 1.530403
v 4.259400 18.115593 3.022675
v 4.159400 18.115593 3.003250
v -0.000000 17.204021 7.519425
v 4.100183 18.115593 3.417045
v 4.014727 18.115593 3.361597
v 2.374650 18.115599 5.061715
v 2.449965 18.115597 5.127674
v 1.827958 17.204021 5.628423
v 1.899892 17.204021 5.697885
v 3.540310 18.604826 3.781659
v 3.540312 18.748621 3.820249
v 3.540313 18.624050 3.762434
v 3.540313 18.748621 3.848395
v 3.540312 18.538088 3.637866
v 3.540313 18.873190 3.762434
v 3.540312 18.566235 3.637866
v 3.540310 18.892416 3.781659
v 3.540312 18.604826 3.494066
v 3.540312 18.931004 3.637866
v 3.540312 18.624052 3.513290
v 3.540312 18.959154 3.637866
v 3.540307 18.748621 3.427336
v 3.540312 18.873190 3.513290
v 3.540307 18.748621 3.455482
v 3.540312 18.892416 3.494066
v -3.541318 18.604826 3.786403
v -3.541320 18.748621 3.824993
v -3.541320 18.748621 3.853140
v -3.541320 18.624050 3.767180
v -3.541320 18.873190 3.767180
v -3.541320 18.538088 3.642611
v -3.541318 18.892416 3.786403
v -3.541320 18.566235 3.642611
v -3.541320 18.931004 3.642611
v -3.541318 18.604826 3.498812
v -3.541320 18.959154 3.642611
v -3.541318 18.624052 3.518035
v -3.541318 18.873190 3.518035
v -3.541315 18.748621 3.432081
v -3.541318 18.892416 3.498812
v -3.541313 18.748621 3.460228
v 3.795688 18.385294 2.705292
v 3.795688 18.638235 2.705431
v 3.795688 18.419109 2.646719
v 3.795688 18.638235 2.773067
v 3.795688 18.200130 2.520128
v 3.795688 18.857355 2.646715
v 3.795688 18.258703 2.486310
v 3.795688 18.891174 2.705292
v 3.795688 18.132353 2.267185
v 3.795688 19.017761 2.486310
v 3.795688 18.199989 2.267185
v 3.795688 19.076338 2.520125
v 3.795688 18.200130 2.014246
v 3.795688 19.076479 2.267185
v 3.795688 18.258703 2.048064
v 3.795688 19.144117 2.267185
v 3.795688 18.385294 1.829082
v 3.795688 19.017761 2.048064
v 3.795688 18.419115 1.887655
v 3.795688 19.076338 2.014246
v 3.795675 18.638233 1.761307
v 3.795688 18.857355 1.887655
v 3.795675 18.638233 1.828943
v 3.795688 18.891172 1.829078
v -3.795688 18.638235 2.705430
v -3.795688 18.385294 2.705291
v -3.795688 18.419109 2.646718
v -3.795688 18.638235 2.773067
v -3.795688 18.200130 2.520127
v -3.795688 18.857355 2.646715
v -3.795688 18.258703 2.486309
v -3.795688 18.891174 2.705291
v -3.795688 18.132353 2.267184
v -3.795688 19.017761 2.486309
v -3.795688 18.199989 2.267184
v -3.795688 19.076338 2.520124
v -3.795688 18.200130 2.014245
v -3.795688 19.076479 2.267184
v -3.795688 18.258703 2.048063
v -3.795688 19.144117 2.267184
v -3.795688 18.385294 1.829081
v -3.795688 19.017761 2.048063
v -3.795688 18.419115 1.887654
v -3.795688 19.076338 2.014245
v -3.795675 18.638233 1.761305
v -3.795688 18.857355 1.887654
v -3.795675 18.638233 1.828941
v -3.795688 18.891172 1.829078
v -1.454115 17.039366 5.030731
v -4.100183 17.039366 3.417043
v -1.899893 17.039364 5.697884
v -4.259400 17.039366 3.022673
v -0.786962 17.039366 4.584953
v -4.259400 17.039368 1.495929
v -0.393480 17.039366 3.538102
v -0.393481 17.039366 4.506685
v -4.038832 17.039368 0.214033
v -2.519111 17.039368 -2.740779
v 0.000000 17.039368 -2.740778
v -0.000000 17.039366 3.538102
v 0.393480 17.039366 3.538102
v 2.519112 17.039368 -2.740778
v 4.038832 17.039368 0.214035
v 4.259400 17.039368 1.495931
v 0.786961 17.039366 4.584953
v 0.393480 17.039366 4.506685
v 4.259400 17.039366 3.022675
v 1.454115 17.039366 5.030731
v 4.100183 17.039366 3.417045
v 1.899892 17.039364 5.697885
v -0.000000 17.204021 7.519425
v -1.827959 17.191803 5.628418
v -0.000000 17.191803 7.519425
v -1.827959 17.204021 5.628421
v -2.374651 18.115599 5.061714
v -4.014727 17.191805 3.361595
v -4.014727 18.115593 3.361595
v -4.159400 17.191805 3.003248
v -4.159400 18.115593 3.003248
v -4.159400 17.191807 1.530401
v -4.159400 18.115595 1.530401
v -3.979706 17.191807 0.300747
v -3.979706 18.115595 0.300747
v -3.979706 18.115595 0.300747
v -2.519111 17.191807 -2.636420
v -3.979706 17.191807 0.300747
v -2.519111 18.115595 -2.636420
v 0.000000 17.191807 -2.636420
v 0.000000 18.115595 -2.636420
v 2.519112 18.115595 -2.636420
v 2.519112 17.191807 -2.636420
v 3.979706 18.115595 0.300749
v 3.979706 17.191807 0.300749
v -0.000002 15.277451 11.535904
v -0.587287 15.277451 11.195223
v -0.587287 15.277451 11.419086
v -0.000002 15.277451 11.312040
v 0.587283 15.277451 11.195223
v 0.587283 15.277451 11.419086
v -0.587287 15.277451 11.419086
v -0.587287 14.987150 11.195223
v -0.587287 14.987150 11.419086
v -0.587287 15.277451 11.195223
v -0.000002 14.987150 11.312040
v -0.587287 14.987150 11.419086
v -0.587287 14.987150 11.195223
v -0.000002 14.987150 11.535904
v 0.587283 14.987150 11.419086
v 0.587283 14.987150 11.195223
v -1.417832 14.987150 10.588537
v -0.873616 14.987150 11.013182
v -1.085163 14.987150 11.086414
v -1.206286 14.987150 10.515305
v -1.548745 14.987150 9.747280
v -1.337199 14.987150 9.674047
v -1.085163 14.987150 11.086414
v -0.873616 15.277451 11.013182
v -1.085163 15.277451 11.086414
v -0.873616 14.987150 11.013182
v -1.206286 15.277451 10.515305
v -1.085163 15.277451 11.086414
v -0.873616 15.277451 11.013182
v -1.417832 15.277451 10.588537
v -1.337199 15.277451 9.674047
v -1.548745 15.277451 9.747280
v -1.548745 15.277451 9.747280
v -1.337199 14.987150 9.674047
v -1.548745 14.987150 9.747280
v -1.337199 15.277451 9.674047
v 1.827958 17.191803 5.628419
v -0.000000 17.204021 7.519425
v -0.000000 17.191803 7.519425
v 1.827958 17.204021 5.628423
v 2.374650 18.115599 5.061715
v 4.014727 17.191805 3.361597
v 4.014727 18.115593 3.361597
v 4.159400 17.191805 3.003250
v 4.159400 18.115593 3.003250
v 4.159400 17.191807 1.530403
v 4.159400 18.115595 1.530403
v 3.979706 17.191807 0.300749
v 3.979706 18.115595 0.300749
v 0.587283 15.277451 11.419086
v 0.587283 14.987150 11.195223
v 0.587283 15.277451 11.195223
v 0.587283 14.987150 11.419086
v 0.873613 14.987150 11.013182
v 1.417829 14.987150 10.588537
v 1.085159 14.987150 11.086414
v 1.206283 14.987150 10.515305
v 1.548742 14.987150 9.747280
v 1.337195 14.987150 9.674048
v 1.085159 14.987150 11.086414
v 0.873613 15.277451 11.013182
v 0.873613 14.987150 11.013182
v 1.085159 15.277451 11.086414
v 1.085159 15.277451 11.086414
v 1.206283 15.277451 10.515305
v 0.873613 15.277451 11.013182
v 1.417829 15.277451 10.588537
v 1.337195 15.277451 9.674048
v 1.548742 15.277451 9.747280
v 1.548742 15.277451 9.747280
v 1.337195 14.987150 9.674048
v 1.337195 15.277451 9.674048
v 1.548742 14.987150 9.747280
v -0.587287 15.277451 11.195223
v -0.000002 14.987150 11.312040
v -0.587287 14.987150 11.195223
v -0.000002 15.277451 11.312040
v 0.587283 15.277451 11.195223
v 0.587283 14.987150 11.195223
v -0.873616 14.987150 11.013182
v -1.206286 15.277451 10.515305
v -0.873616 15.277451 11.013182
v -1.206286 14.987150 10.515305
v -1.337199 15.277451 9.674047
v -1.337199 14.987150 9.674047
v 1.206283 15.277451 10.515305
v 0.873613 14.987150 11.013182
v 0.873613 15.277451 11.013182
v 1.206283 14.987150 10.515305
v 1.337195 15.277451 9.674048
v 1.337195 14.987150 9.674048
v 3.534172 18.390650 2.696016
v 3.534172 18.390650 1.838359
v 3.534172 18.143066 2.267185
v 3.534172 19.133402 2.267185
v 3.534184 18.885815 2.696015
v 3.534197 18.885813 1.838355
v -3.534172 19.133402 2.267184
v -3.534172 18.390650 1.838358
v -3.534197 18.885813 1.838355
v -3.534172 18.390650 2.696014
v -3.534184 18.885815 2.696014
v -3.534172 18.143066 2.267184
v 4.251358 17.297379 12.431965
v 4.085214 17.683033 3.416080
v 4.115152 17.683033 3.417997
v 4.217590 17.297379 12.395964
v -4.251365 17.297379 12.431963
v -4.217597 17.297379 12.395962
v -4.115152 17.683033 3.417995
v -4.085214 17.683033 3.416079
v 4.251358 17.267382 12.431965
v 4.115152 17.683033 3.417997
v 4.115152 17.653034 3.417997
v 4.251358 17.297379 12.431965
v 4.217590 17.267382 12.395964
v 4.115152 17.653034 3.417997
v 4.085214 17.653034 3.416080
v 4.251358 17.267382 12.431965
v -4.217597 17.267382 12.395962
v -4.251365 17.267382 12.431963
v -4.085214 17.653034 3.416079
v -4.115152 17.653034 3.417995
v 4.217590 17.297379 12.395964
v 4.085214 17.653034 3.416080
v 4.085214 17.683033 3.416080
v 4.217590 17.267382 12.395964
v -4.251365 17.267382 12.431963
v 4.251358 17.297379 12.431965
v 4.251358 17.267382 12.431965
v -4.251365 17.297379 12.431963
v -4.217597 17.297379 12.395962
v 4.217590 17.267382 12.395964
v 4.217590 17.297379 12.395964
v -4.217597 17.267382 12.395962
v -4.115152 17.653034 3.417995
v -4.251365 17.297379 12.431963
v -4.251365 17.267382 12.431963
v -4.115152 17.683033 3.417995
v -4.085214 17.683033 3.416079
v -4.217597 17.267382 12.395962
v -4.217597 17.297379 12.395962
v -4.085214 17.653034 3.416079
v 3.540313 18.624050 3.762434
v 3.540312 18.748621 3.820249
v 3.421730 18.748619 3.637859
v 3.540312 18.566235 3.637866
v 3.540313 18.873190 3.762434
v 3.540312 18.624052 3.513290
v 3.540312 18.931004 3.637866
v 3.540307 18.748621 3.455482
v 3.540312 18.873190 3.513290
v -3.541320 18.624050 3.767180
v -3.422736 18.748619 3.642604
v -3.541320 18.748621 3.824993
v -3.541320 18.566235 3.642611
v -3.541320 18.873190 3.767180
v -3.541318 18.624052 3.518035
v -3.541320 18.931004 3.642611
v -3.541313 18.748621 3.460228
v -3.541318 18.873190 3.518035
v 3.795688 18.419109 2.646719
v 3.510744 18.638235 2.662652
v 3.510744 18.440498 2.609674
v 3.795688 18.638235 2.705431
v 3.510744 18.835964 2.609674
v 3.795688 18.857355 2.646715
v 3.510744 18.440498 2.609674
v 3.795688 18.258703 2.486310
v 3.795688 18.419109 2.646719
v 3.510744 18.295746 2.464920
v 3.795688 18.199989 2.267185
v 3.510756 18.242765 2.267185
v 3.795688 18.258703 2.048064
v 3.510756 18.295746 2.069452
v 3.795688 18.419115 1.887655
v 3.510744 18.440500 1.924700
v 3.510744 18.440500 1.924700
v 3.795675 18.638233 1.828943
v 3.795688 18.419115 1.887655
v 3.510744 18.638235 1.871719
v 3.795688 18.857355 1.887655
v 3.510744 18.835970 1.924697
v 3.510744 18.835970 1.924697
v 3.795688 19.017761 2.048064
v 3.795688 18.857355 1.887655
v 3.510744 18.980715 2.069452
v 3.795688 19.076479 2.267185
v 3.510744 19.033701 2.267185
v 3.795688 19.017761 2.486310
v 3.510744 18.980715 2.464922
v 3.795688 18.857355 2.646715
v 3.510744 18.835964 2.609674
v -3.510744 18.638235 2.662652
v -3.795688 18.419109 2.646718
v -3.510744 18.440498 2.609672
v -3.795688 18.638235 2.705430
v -3.510744 18.835964 2.609672
v -3.795688 18.857355 2.646715
v -3.795688 18.258703 2.486309
v -3.510744 18.440498 2.609672
v -3.795688 18.419109 2.646718
v -3.510744 18.295746 2.464918
v -3.795688 18.199989 2.267184
v -3.510756 18.242765 2.267184
v -3.795688 18.258703 2.048063
v -3.510756 18.295746 2.069451
v -3.795688 18.419115 1.887654
v -3.510744 18.440500 1.924700
v -3.795675 18.638233 1.828941
v -3.510744 18.440500 1.924700
v -3.795688 18.419115 1.887654
v -3.510744 18.638235 1.871717
v -3.795688 18.857355 1.887654
v -3.510744 18.835970 1.924697
v -3.795688 19.017761 2.048063
v -3.510744 18.835970 1.924697
v -3.795688 18.857355 1.887654
v -3.510744 18.980715 2.069451
v -3.795688 19.076479 2.267184
v -3.510744 19.033701 2.267184
v -3.795688 19.017761 2.486309
v -3.510744 18.980715 2.464921
v -3.795688 18.857355 2.646715
v -3.510744 18.835964 2.609672
vn -0.0000 1.0000 -0.0000
vn -0.0000 -0.7067 0.7075
vn -0.0000 -0.0000 1.0000
vn -0.0000 0.7067 0.7075
vn 0.0002 0.7067 0.7075
vn -1.0000 -0.0000 -0.0000
vn -0.0000 -0.7075 0.7067
vn -0.0000 -1.0000 -0.0000
vn -0.0000 -0.7075 -0.7067
vn -0.0002 -0.7075 -0.7067
vn -0.0000 -0.7067 -0.7075
vn -0.0000 -0.0000 -1.0000
vn -0.0000 0.7067 -0.7075
vn -0.0000 0.7075 -0.7067
vn -0.0000 0.7075 0.7067
vn 0.3093 0.0400 0.9501
vn -0.8087 0.0400 0.5869
vn 0.3092 0.0401 0.9501
vn -0.8080 0.0400 0.5878
vn -0.8081 0.0400 -0.5877
vn -0.8081 0.0401 0.5877
vn -0.8080 0.0400 -0.5878
vn -0.8087 0.0400 -0.5869
vn 0.3092 0.0400 -0.9501
vn -0.8087 0.0401 -0.5869
vn 0.3093 0.0400 -0.9501
vn 0.3083 0.0400 -0.9504
vn 0.9992 0.0400 -0.0000
vn 0.3083 0.0401 -0.9505
vn 0.3083 0.0400 0.9505
vn -0.0000 0.4674 -0.8840
vn -0.0000 0.9556 -0.2946
vn -0.0000 0.9556 0.2946
vn -0.0000 0.4675 0.8840
vn -0.0000 0.4674 0.8840
vn -0.0000 -0.3846 0.9231
vn -0.0000 -0.9245 0.3812
vn -0.0000 -0.9245 -0.3812
vn -0.0001 -0.3846 -0.9231
vn -0.0000 -0.3837 0.9235
vn -0.0001 -0.0000 1.0000
vn 1.0000 -0.0000 0.0001
vn 1.0000 -0.0000 -0.0000
vn -0.0001 -0.0000 -1.0000
vn -0.0001 -0.3837 -0.9235
vn -0.0002 -0.7067 0.7075
vn 0.0004 0.7067 0.7075
vn -0.0001 -0.7075 -0.7067
vn 0.0002 0.7075 -0.7067
vn 0.8087 0.0401 0.5869
vn 0.8087 0.0400 0.5869
vn -0.3092 0.0400 0.9501
vn -0.3093 0.0400 0.9501
vn 0.8080 0.0401 -0.5878
vn 0.8081 0.0400 -0.5877
vn 0.8081 0.0400 0.5877
vn 0.8080 0.0400 0.5878
vn -0.3093 0.0401 -0.9501
vn -0.3092 0.0400 -0.9501
vn 0.8087 0.0400 -0.5869
vn -0.3083 0.0400 -0.9504
vn -0.3083 0.0400 -0.9505
vn -0.9992 0.0400 -0.0000
vn -0.3083 0.0400 0.9504
vn -0.3083 0.0401 0.9504
vn -0.0000 -0.3846 -0.9231
vn 0.0001 -0.3846 -0.9231
vn 0.0001 -0.3837 -0.9235
vn 0.0001 -0.0000 -1.0000
vn -0.9881 -0.0000 0.1538
vn -0.9998 -0.0000 -0.0206
vn -0.9317 -0.0000 0.3632
vn -0.7075 -0.0001 0.7067
vn -0.6592 -0.0000 0.7520
vn -0.9942 -0.0957 -0.0493
vn -0.9808 -0.0000 -0.1951
vn -0.9481 0.0326 -0.3164
vn -0.1951 -0.0000 -0.9808
vn 0.1951 -0.0000 -0.9808
vn -0.7197 -0.0000 0.6943
vn -0.8389 -0.0000 0.5443
vn -0.9817 -0.0000 0.1907
vn -0.9964 -0.0000 -0.0851
vn -0.8878 -0.0000 -0.4602
vn -0.9861 -0.0000 -0.1664
vn -0.5209 -0.0000 -0.8536
vn 0.5209 -0.0000 -0.8536
vn 0.9861 -0.0000 -0.1664
vn -0.7067 -0.0000 0.7075
vn -0.6584 -0.0000 0.7527
vn -0.3827 -0.0000 0.9239
vn -0.4430 -0.0000 0.8965
vn -0.4432 -0.0000 0.8964
vn 0.4430 -0.0000 0.8965
vn -0.6584 0.0001 0.7527
vn 0.6584 -0.0000 0.7527
vn 0.4432 -0.0000 0.8964
vn 0.3827 -0.0000 0.9239
vn 0.7067 -0.0000 0.7075
vn 0.9881 -0.0000 0.1538
vn 0.9998 -0.0000 -0.0206
vn 0.9317 -0.0000 0.3632
vn 0.7075 -0.0000 0.7067
vn 0.6592 0.0001 0.7520
vn 0.9808 -0.0000 -0.1951
vn 0.9942 -0.0957 -0.0493
vn 0.9481 0.0326 -0.3164
vn 0.7197 -0.0000 0.6943
vn 0.8389 -0.0000 0.5443
vn 0.9817 -0.0000 0.1907
vn 0.9964 -0.0000 -0.0851
vn 0.8878 -0.0000 -0.4602
vn -0.7067 -0.0000 -0.7075
vn -0.3827 -0.0000 -0.9239
vn 0.3827 -0.0000 -0.9239
vn 0.7067 -0.0000 -0.7075
vn 0.9808 -0.0000 -0.1948
vn 0.9998 -0.0000 -0.0208
vn -0.9808 -0.0000 0.1951
vn -0.9998 -0.0000 0.0210
vn -0.9317 -0.0000 -0.3632
vn -0.7075 -0.0000 -0.7067
vn -0.0000 -0.4995 0.8663
vn -0.0000 0.4995 0.8663
vn -0.0000 -0.5005 0.8657
vn -0.0000 -0.8660 0.5000
vn -0.0000 -0.8660 -0.5000
vn -0.0000 -0.5005 -0.8657
vn -0.0001 -0.4995 -0.8663
vn -0.0000 -0.4995 -0.8663
vn -0.0000 0.4995 -0.8663
vn -0.0000 0.5005 -0.8657
vn -0.0000 0.8660 -0.5000
vn -0.0000 0.8660 0.5000
vn -0.0000 0.5005 0.8657
vn -0.5757 0.1979 0.7934
vn -0.0000 0.1979 0.9802
vn 0.5757 0.1979 0.7934
vn -0.5765 0.1979 0.7928
vn -0.9322 0.1979 0.3030
vn -0.5766 0.1979 0.7927
vn -0.9322 0.1979 0.3029
vn -0.9322 0.1979 -0.3030
vn -0.9322 0.1979 -0.3029
vn -0.5766 0.1979 -0.7927
vn -0.5757 0.1979 -0.7934
vn -0.0000 0.1979 -0.9802
vn 0.5757 0.1979 -0.7934
vn 0.5766 0.1979 -0.7927
vn 0.9322 0.1979 -0.3029
vn 0.9322 0.1979 0.3029
vn 0.5766 0.1979 0.7927
vn -0.0005 1.0000 -0.0001
vn 0.0010 1.0000 0.0001
vn -0.0004 1.0000 -0.0000
vn 0.0011 1.0000 0.0001
vn 0.9993 0.0369 -0.0000
vn 0.9993 0.0368 -0.0000
vn -0.0006 -0.0001 -1.0000
vn 0.0011 0.0001 -1.0000
vn -0.0005 -0.0000 -1.0000
vn 0.0012 0.0001 -1.0000
vn 0.9993 -0.0000 -0.0366
vn 0.9993 -0.0000 -0.0368
vn -0.0000 0.4674 -0.8841
vn -0.0000 -0.3837 -0.9235
vn -0.0000 0.4674 0.8841
vn -0.7174 -0.0000 -0.6967
vn 0.7139 -0.0000 0.7002
vn -0.1565 0.9843 0.0811
vn -0.1549 0.9845 0.0826
vn -0.1024 0.9861 0.1309
vn -0.1013 0.9861 0.1318
vn -0.8878 -0.0000 0.4601
vn -0.9808 -0.0000 -0.1948
vn -0.9998 -0.0000 -0.0208
vn -0.7075 -0.0000 0.7067
vn 0.9808 -0.0000 0.1951
vn 0.9998 -0.0000 0.0210
vn 0.9317 -0.0000 -0.3632
vn 0.7075 -0.0000 -0.7067
vn 0.5765 0.1979 0.7928
vn 0.9322 0.1979 0.3030
vn 0.9322 0.1979 -0.3030
vn -0.0011 1.0000 0.0001
vn -0.0010 1.0000 0.0001
vn 0.0005 1.0000 -0.0000
vn 0.0006 1.0000 -0.0001
vn -0.9993 0.0368 -0.0000
vn -0.9993 0.0369 -0.0000
vn -0.0011 0.0001 -1.0000
vn -0.0010 0.0001 -1.0000
vn 0.0005 -0.0000 -1.0000
vn 0.0006 -0.0001 -1.0000
vn -0.9993 -0.0000 -0.0368
vn -0.9993 -0.0000 -0.0366
vn 0.0001 -0.3846 0.9231
vn 0.7174 -0.0000 -0.6967
vn -0.7139 -0.0000 0.7002
vn 0.1013 0.9861 0.1318
vn 0.1549 0.9845 0.0826
vn 0.1024 0.9861 0.1309
vn 0.1565 0.9843 0.0811
vn 0.8878 -0.0000 0.4601
vn -0.0000 0.7071 0.7071
vn 0.5882 -0.0000 -0.8087
vn 0.9510 -0.0000 -0.3090
vn 0.5883 -0.0000 -0.8087
vn 0.9511 -0.0000 0.3090
vn 0.5882 -0.0000 0.8087
vn 0.5884 -0.0002 0.8086
vn 0.5874 -0.0000 0.8093
vn -0.5874 -0.0000 0.8093
vn -0.5883 -0.0000 0.8087
vn -0.9511 -0.0000 0.3090
vn -0.5883 -0.0000 0.8086
vn -0.9510 -0.0000 -0.3091
vn -0.9511 -0.0000 -0.3090
vn -0.5882 -0.0000 -0.8087
vn -0.5882 0.0001 -0.8087
vn -0.5873 -0.0000 -0.8094
vn 0.5873 0.0001 -0.8094
vn 0.5873 -0.0000 -0.8094
vn 0.7190 -0.0000 -0.6951
vn -0.7189 -0.0000 -0.6951
vn -0.7190 -0.0000 -0.6951
vn -0.0000 -0.6168 0.7871
vn 0.8315 -0.0000 0.5556
vn -0.8315 -0.0000 0.5555
vn 0.1193 -0.9897 0.0797
vn 0.5556 -0.0000 -0.8315
vn -0.5556 -0.0000 0.8315
vn 0.5556 -0.0000 0.8315
vn -0.5556 -0.0000 -0.8315
vn -0.1193 -0.9897 0.0797
vn 0.2813 0.9043 0.3212
vn 0.2681 0.9140 0.3046
vn 0.2874 0.9099 0.2991
vn 0.2881 0.9099 0.2984
vn -0.2813 0.9043 0.3212
vn -0.2681 0.9140 0.3046
vn -0.2874 0.9099 0.2991
vn -0.2881 0.9099 0.2984
vn 1.0000 -0.0001 0.0001
vn 1.0000 0.0001 0.0001
vn -1.0000 -0.0000 0.0001
vn -1.0000 0.0001 -0.0000
vn 0.7193 0.0001 -0.6947
vn 0.7194 0.0002 -0.6946
vn 0.7197 -0.0000 -0.6943
vn 0.8389 -0.0000 -0.5443
vn 0.9817 -0.0000 -0.1907
vn 0.9974 -0.0000 0.0725
vn 0.8992 -0.0000 0.4376
vn 0.9882 -0.0000 0.1531
vn 0.5266 -0.0000 0.8501
vn 0.5267 -0.0000 0.8501
vn -0.5267 -0.0000 0.8501
vn -0.5266 -0.0000 0.8501
vn -0.9882 -0.0000 0.1531
vn -0.3271 -0.0000 -0.9450
vn 0.3271 -0.0000 0.9450
vn 0.0006 -0.0000 -1.0000
vn -0.7193 0.0002 -0.6947
vn -0.7194 0.0002 -0.6946
vn -0.7197 -0.0000 -0.6943
vn -0.8389 -0.0000 -0.5443
vn -0.9817 -0.0000 -0.1907
vn -0.9974 -0.0000 0.0725
vn -0.8992 -0.0000 0.4376
vn 0.3271 -0.0000 -0.9450
vn -0.3271 -0.0000 0.9450
vn -0.1951 -0.0000 0.9808
vn 0.1951 -0.0000 0.9808
vn -0.8315 -0.0000 0.5556
vn -1.0000 -0.0001 0.0001
vn -0.0027 0.9991 0.0428
vn -0.0028 0.9991 0.0428
vn -0.0220 0.9995 0.0207
vn -0.0236 0.9995 0.0221
vn 0.0220 0.9995 0.0206
vn 0.0235 0.9995 0.0221
vn 0.0027 0.9991 0.0429
vn 0.0026 0.9991 0.0429
vn 0.9999 -0.0000 -0.0151
vn 0.0028 -0.9991 -0.0429
vn 0.0029 -0.9991 -0.0429
vn 0.0235 -0.9995 -0.0221
vn 0.0220 -0.9995 -0.0206
vn -0.0236 -0.9995 -0.0221
vn -0.0220 -0.9995 -0.0207
vn -0.0028 -0.9991 -0.0428
vn -0.0027 -0.9991 -0.0428
vn -0.9999 -0.0000 0.0147
vn -0.9999 -0.0000 -0.0151
vn 0.9999 -0.0000 0.0147
vn 0.8384 -0.0000 -0.5451
vn 0.8296 0.3948 -0.3948
vn 0.8384 0.5451 -0.0000
vn 0.8296 -0.3948 -0.3948
vn 0.8296 0.3949 0.3948
vn 0.8384 -0.5451 -0.0000
vn 0.8384 -0.0000 0.5451
vn 0.8296 -0.3949 0.3948
vn -0.8384 -0.0000 -0.5451
vn -0.8296 0.3948 -0.3949
vn -0.8384 0.5451 -0.0000
vn -0.8296 -0.3948 -0.3948
vn -0.8296 0.3949 0.3948
vn -0.8384 -0.5451 -0.0000
vn -0.8384 -0.0000 0.5451
vn -0.8296 -0.3949 0.3948
vn 0.1485 0.4940 -0.8567
vn 0.1485 -0.0000 -0.9889
vn 0.1485 -0.4939 -0.8567
vn 0.1485 -0.4940 -0.8567
vn 0.1485 0.4949 -0.8561
vn 0.1485 0.8564 -0.4945
vn 0.1485 0.8564 -0.4944
vn 0.1485 0.9889 -0.0000
vn 0.1485 0.8564 0.4945
vn 0.1485 0.4949 0.8562
vn 0.1484 0.4940 0.8567
vn 0.1485 -0.0000 0.9889
vn 0.1485 0.4939 0.8567
vn 0.1484 -0.4940 0.8567
vn 0.1485 -0.4940 0.8567
vn 0.1484 -0.4949 0.8562
vn 0.1485 -0.8564 0.4945
vn 0.1485 -0.4949 0.8561
vn 0.1485 -0.8564 0.4944
vn 0.1485 -0.9889 -0.0000
vn 0.1485 -0.8564 -0.4945
vn 0.1485 -0.4949 -0.8562
vn 0.1484 -0.4949 -0.8562
vn -0.1485 0.4940 -0.8567
vn -0.1485 -0.0000 -0.9889
vn -0.1485 -0.4939 -0.8567
vn -0.1485 -0.4940 -0.8567
vn -0.1485 0.4949 -0.8561
vn -0.1485 0.8564 -0.4945
vn -0.1485 0.8564 -0.4944
vn -0.1485 0.9889 -0.0000
vn -0.1485 0.8564 0.4945
vn -0.1485 0.4949 0.8562
vn -0.1484 0.4940 0.8567
vn -0.1485 0.4939 0.8567
vn -0.1485 -0.0000 0.9889
vn -0.1484 -0.4940 0.8567
vn -0.1485 -0.4949 0.8561
vn -0.1484 -0.4950 0.8562
vn -0.1485 -0.8564 0.4945
vn -0.1485 -0.8564 0.4944
vn -0.1485 -0.9889 -0.0000
vn -0.1485 -0.8564 -0.4945
vn -0.1485 -0.4949 -0.8562
vt 0.449052 11.779869
vt 0.480338 11.762128
vt 0.451433 11.791717
vt 0.456776 11.730753
vt 0.458767 11.718088
vt 0.463829 11.710593
vt 0.471403 11.705585
vt 0.480338 11.703826
vt 0.489273 11.705585
vt 0.496848 11.710593
vt 0.501909 11.718088
vt 0.503901 11.730753
vt 0.511625 11.779869
vt 0.509243 11.791717
vt 0.417058 11.832284
vt 0.419259 11.826889
vt 0.474352 11.809650
vt 0.452528 11.792763
vt 0.417058 11.854458
vt 0.480338 11.764294
vt 0.480338 11.810828
vt 0.474352 11.824232
vt 0.486325 11.809650
vt 0.419791 11.857915
vt 0.467563 11.872025
vt 0.508149 11.792763
vt 0.480338 11.872025
vt 0.480338 11.824232
vt 0.541418 11.826889
vt 0.543619 11.832284
vt 0.543619 11.854458
vt 0.486325 11.824232
vt 0.493114 11.872025
vt 0.540885 11.857915
vt 0.522476 0.641302
vt 0.522476 0.643496
vt 0.517526 0.641302
vt 0.517526 0.643496
vt 0.522476 0.645691
vt 0.517526 0.645691
vt -10.813726 0.645691
vt -10.813726 0.641302
vt -10.812722 0.643496
vt -10.815891 0.640283
vt -10.815891 0.646710
vt -10.818056 0.641302
vt -10.818056 0.645691
vt -10.819061 0.643496
vt 0.482474 11.813726
vt 0.482474 11.815891
vt 0.477524 11.813726
vt 0.477524 11.815891
vt 0.482474 11.818056
vt 0.477524 11.818056
vt 0.482474 0.641302
vt 0.482474 0.643496
vt 0.477524 0.641302
vt 0.477524 0.643496
vt 0.482474 0.645691
vt 0.477524 0.645691
vt 0.517526 11.818056
vt 0.517526 11.815891
vt 0.522476 11.818056
vt 0.522476 11.815891
vt 0.517526 11.813726
vt 0.522476 11.813726
vt 0.519893 0.638153
vt 0.517961 0.638153
vt 0.520121 0.619734
vt 0.517365 0.619734
vt -10.814908 0.638153
vt -10.816918 0.638153
vt -10.814480 0.619734
vt -10.817347 0.619734
vt 0.482039 0.638153
vt 0.480107 0.638153
vt 0.482635 0.619734
vt 0.479879 0.619734
vt 11.817540 0.638153
vt 11.815913 0.638153
vt 11.818233 0.619734
vt 11.815913 0.619734
vt 11.814286 0.638153
vt 11.813594 0.619734
vt 0.519893 11.817540
vt 0.517961 11.816918
vt 0.521087 11.815913
vt 0.517961 11.814908
vt 0.519893 11.814286
vt 0.518881 11.812227
vt 0.520046 11.812227
vt 0.518881 11.813787
vt 0.520046 11.813787
vt 0.520046 11.817996
vt 0.518881 11.817996
vt 0.520046 11.819556
vt 0.518881 11.819556
vt 0.479954 11.811579
vt 0.481119 11.811579
vt 0.479954 11.813279
vt 0.481119 11.813279
vt 0.479954 11.818504
vt 0.481119 11.818504
vt 0.481119 11.820205
vt 0.479954 11.820205
vt 0.518881 0.639344
vt 0.520046 0.639344
vt 0.518881 0.642558
vt 0.520046 0.642558
vt 0.518590 0.642558
vt 0.520337 0.642558
vt 0.518590 0.644315
vt 0.520337 0.644315
vt 11.811579 0.642558
vt 11.811579 0.639344
vt 11.812227 0.642558
vt 11.812227 0.639806
vt 11.813787 0.638729
vt 11.813279 0.637630
vt 11.818504 0.637630
vt 11.817996 0.638729
vt 11.820205 0.639344
vt 11.819556 0.639806
vt 11.819556 0.642558
vt 11.820205 0.642558
vt -10.812227 0.642558
vt -10.812227 0.639806
vt -10.811579 0.642558
vt -10.811579 0.639344
vt -10.813787 0.638729
vt -10.813279 0.637630
vt -10.817996 0.638729
vt -10.818504 0.637630
vt -10.820205 0.639344
vt -10.819556 0.639806
vt -10.820205 0.642558
vt -10.819556 0.642558
vt 11.811323 0.644315
vt 11.811323 0.642558
vt 11.820459 0.644315
vt 11.820459 0.642558
vt 0.479954 0.639806
vt 0.481119 0.639806
vt 0.479954 0.642558
vt 0.481119 0.642558
vt 0.481410 11.811323
vt 0.481410 11.820459
vt 0.479663 11.811323
vt 0.479663 11.820459
vt 0.479954 0.639344
vt 0.481119 0.639344
vt 0.479663 0.644315
vt 0.479663 0.642558
vt 0.481410 0.644315
vt 0.481410 0.642558
vt 0.518590 11.820459
vt 0.518590 11.811323
vt 0.520337 11.820459
vt 0.520337 11.811323
vt -10.811323 0.642558
vt -10.811323 0.644315
vt -10.820459 0.642558
vt -10.820459 0.644315
vt 0.518881 0.639806
vt 0.520046 0.639806
vt 0.438200 0.641302
vt 0.443151 0.641302
vt 0.438200 0.643496
vt 0.443151 0.643496
vt 0.438200 0.645691
vt 0.443151 0.645691
vt 11.813726 0.641302
vt 11.813726 0.645691
vt 11.812722 0.643496
vt 11.815891 0.640283
vt 11.815891 0.646710
vt 11.818056 0.641302
vt 11.818056 0.645691
vt 11.819061 0.643496
vt 0.556849 11.813726
vt 0.561800 11.813726
vt 0.556849 11.815891
vt 0.561800 11.815891
vt 0.556849 11.818056
vt 0.561800 11.818056
vt 0.556849 0.641302
vt 0.561800 0.641302
vt 0.556849 0.643496
vt 0.561800 0.643496
vt 0.556849 0.645691
vt 0.561800 0.645691
vt 0.443151 11.818056
vt 0.438200 11.818056
vt 0.443151 11.815891
vt 0.438200 11.815891
vt 0.443151 11.813726
vt 0.438200 11.813726
vt 0.443311 0.619734
vt 0.442716 0.638153
vt 0.440556 0.619734
vt 0.440784 0.638153
vt 11.817347 0.619734
vt 11.816918 0.638153
vt 11.814480 0.619734
vt 11.814908 0.638153
vt 0.559444 0.619734
vt 0.559216 0.638153
vt 0.556689 0.619734
vt 0.557284 0.638153
vt -10.817540 0.638153
vt -10.818233 0.619734
vt -10.815913 0.638153
vt -10.815913 0.619734
vt -10.814286 0.638153
vt -10.813594 0.619734
vt 0.440784 11.817540
vt 0.439589 11.815913
vt 0.442716 11.816918
vt 0.442716 11.814908
vt 0.440784 11.814286
vt 0.441796 11.812227
vt 0.441796 11.813787
vt 0.440631 11.812227
vt 0.440631 11.813787
vt 0.440631 11.817996
vt 0.441796 11.817996
vt 0.440631 11.819556
vt 0.441796 11.819556
vt 0.559369 11.811579
vt 0.559369 11.813279
vt 0.558204 11.811579
vt 0.558204 11.813279
vt 0.559369 11.818504
vt 0.558204 11.818504
vt 0.558204 11.820205
vt 0.559369 11.820205
vt 0.440631 0.642558
vt 0.440631 0.639344
vt 0.441796 0.642558
vt 0.441796 0.639344
vt 0.440339 0.644315
vt 0.440339 0.642558
vt 0.442087 0.644315
vt 0.442087 0.642558
vt 0.558204 0.642558
vt 0.558204 0.639806
vt 0.559369 0.642558
vt 0.559369 0.639806
vt 0.559661 11.820459
vt 0.557913 11.820459
vt 0.559661 11.811323
vt 0.557913 11.811323
vt 0.558204 0.639344
vt 0.559369 0.639344
vt 0.557913 0.642558
vt 0.559661 0.642558
vt 0.557913 0.644315
vt 0.559661 0.644315
vt 0.440339 11.811323
vt 0.442087 11.811323
vt 0.440339 11.820459
vt 0.442087 11.820459
vt 0.440631 0.639806
vt 0.441796 0.639806
vt -10.730753 0.615539
vt -10.779869 0.644945
vt -10.730753 0.611108
vt -10.730753 0.644945
vt -10.718088 0.644945
vt -10.718088 0.615539
vt -10.710593 0.644945
vt -10.710593 0.615539
vt -10.791717 0.644945
vt -10.791717 0.617407
vt 0.519662 0.617407
vt 0.525648 0.617407
vt 0.519662 0.619734
vt 0.525648 0.619734
vt 0.513675 0.617407
vt 0.513675 0.619734
vt -10.800302 0.633834
vt -10.826055 0.633834
vt -10.826055 0.617407
vt -10.831992 0.617407
vt -10.831992 0.633834
vt -10.854977 0.617407
vt -10.854977 0.633834
vt -10.859221 0.617407
vt -10.859221 0.633834
vt 11.824232 0.617407
vt 11.824232 0.619734
vt 11.809650 0.617407
vt 11.809650 0.619734
vt 0.581108 0.617407
vt 0.581108 0.633834
vt 0.532437 0.617407
vt 0.532437 0.633834
vt 0.519662 0.633834
vt 0.506886 0.617407
vt 0.506886 0.633834
vt 0.458215 0.633834
vt 0.458215 0.617407
vt 0.463829 0.644945
vt 0.463829 0.615539
vt 0.471403 0.644945
vt 0.471403 0.615539
vt 0.480338 0.644945
vt 0.480338 0.615539
vt 0.471403 0.611108
vt 0.489273 0.615539
vt 0.463829 0.611108
vt 0.496848 0.611108
vt 0.496848 0.615539
vt 0.489273 0.611108
vt 0.489273 0.644945
vt 0.496848 0.644945
vt 0.474352 0.617407
vt 0.480338 0.617407
vt 0.474352 0.619734
vt 0.480338 0.619734
vt 0.486325 0.619734
vt 0.486325 0.617407
vt 11.730753 0.615539
vt 11.730753 0.611108
vt 11.779869 0.644945
vt 11.730753 0.644945
vt 11.718088 0.644945
vt 11.718088 0.615539
vt 11.710593 0.644945
vt 11.710593 0.615539
vt 11.791717 0.644945
vt 11.791717 0.617407
vt 11.800302 0.633834
vt 11.826055 0.633834
vt 11.826055 0.617407
vt 11.831992 0.617407
vt 11.831992 0.633834
vt 11.854977 0.617407
vt 11.854977 0.633834
vt 11.859221 0.617407
vt 11.859221 0.633834
vt -10.809650 0.619734
vt -10.824232 0.619734
vt -10.809650 0.617407
vt -10.824232 0.617407
vt 0.498493 0.642363
vt 0.498493 0.646942
vt 0.490163 0.642363
vt 0.490163 0.646942
vt 0.480338 0.642363
vt 0.480338 0.646942
vt 0.470513 0.646942
vt 0.470513 0.642363
vt 0.462183 0.646942
vt 0.462183 0.642363
vt 0.504798 0.646942
vt 0.504798 0.643412
vt 0.511617 0.646942
vt 0.511617 0.643412
vt 0.519662 0.646942
vt 0.519662 0.643412
vt 0.527706 0.643412
vt 0.527706 0.646942
vt 0.534526 0.643412
vt 0.534526 0.646942
vt 0.510957 11.794790
vt 0.507093 11.790835
vt 0.513942 11.779918
vt 0.509308 11.779821
vt 0.504086 11.717248
vt 0.499731 11.718928
vt 0.498493 11.708964
vt 0.495202 11.712221
vt 0.490163 11.703457
vt 0.488383 11.707712
vt 0.480338 11.701524
vt 0.480338 11.706128
vt 0.472294 11.707712
vt 0.470513 11.703457
vt 0.465474 11.712221
vt 0.462183 11.708964
vt 0.460945 11.718928
vt 0.456590 11.717248
vt 0.451369 11.779821
vt 0.446735 11.779918
vt 0.453583 11.790835
vt 0.449720 11.794790
vt 11.794790 0.642363
vt 11.794790 0.646942
vt 11.779918 0.642363
vt 11.779918 0.646942
vt 11.717248 0.642363
vt 11.717248 0.646942
vt 11.708964 0.642363
vt 11.708964 0.646942
vt -10.790835 0.646942
vt -10.790835 0.643412
vt -10.779821 0.646942
vt -10.779821 0.643412
vt -10.718928 0.646942
vt -10.718928 0.643412
vt -10.712221 0.646942
vt -10.712221 0.643412
vt 0.486058 11.779918
vt 0.519662 11.759188
vt 0.489043 11.794790
vt 0.495914 11.717248
vt 0.501507 11.708964
vt 0.509837 11.703457
vt 0.519662 11.701524
vt 0.529487 11.703457
vt 0.537817 11.708964
vt 0.543410 11.717248
vt 0.553265 11.779918
vt 0.550280 11.794790
vt 0.538086 0.637951
vt 0.538086 0.641811
vt 0.526190 0.637951
vt 0.526190 0.641811
vt 0.538086 0.645672
vt 0.526190 0.645672
vt -10.836770 0.645672
vt -10.836770 0.637951
vt -10.835750 0.641811
vt -10.839558 0.635124
vt -10.839558 0.648498
vt -10.843366 0.634090
vt -10.843366 0.649533
vt -10.847174 0.635124
vt -10.847174 0.648498
vt -10.849961 0.637951
vt -10.849961 0.645672
vt -10.850982 0.641811
vt 0.473810 11.836770
vt 0.473810 11.839558
vt 0.461914 11.836770
vt 0.461914 11.839558
vt 0.473810 11.843366
vt 0.461914 11.843366
vt 0.473810 11.847174
vt 0.461914 11.847174
vt 0.473810 11.849961
vt 0.461914 11.849961
vt 0.473810 0.637951
vt 0.473810 0.641811
vt 0.461914 0.637951
vt 0.461914 0.641811
vt 0.473810 0.645672
vt 0.461914 0.645672
vt 0.526190 11.849961
vt 0.526190 11.847174
vt 0.538086 11.849961
vt 0.538086 11.847174
vt 0.526190 11.843366
vt 0.538086 11.843366
vt 0.526190 11.839558
vt 0.538086 11.839558
vt 0.526190 11.836770
vt 0.538086 11.836770
vt 0.526936 0.619734
vt 0.530595 0.619734
vt 0.528028 0.628971
vt 0.530595 0.628971
vt 0.534255 0.619734
vt 0.533162 0.628971
vt -10.839922 0.628971
vt -10.842082 0.628971
vt -10.838433 0.619734
vt -10.841514 0.619734
vt -10.844753 0.628971
vt -10.845322 0.619734
vt -10.846913 0.628971
vt -10.848402 0.619734
vt 0.471972 0.628971
vt 0.469405 0.628971
vt 0.473064 0.619734
vt 0.469405 0.619734
vt 0.466838 0.628971
vt 0.465745 0.619734
vt 11.846913 0.628971
vt 11.844753 0.628971
vt 11.848402 0.619734
vt 11.845322 0.619734
vt 11.842082 0.628971
vt 11.841514 0.619734
vt 11.839922 0.628971
vt 11.838433 0.619734
vt 0.534749 11.844753
vt 0.533162 11.846913
vt 0.534749 11.842082
vt 0.528028 11.846913
vt 0.530595 11.847739
vt 0.526442 11.842082
vt 0.526442 11.844753
vt 0.530595 11.839096
vt 0.533162 11.839922
vt 0.528028 11.839922
vt 0.536521 11.850253
vt 0.536521 11.836478
vt 0.537707 11.850253
vt 0.537707 11.836478
vt 11.836442 0.641595
vt 11.850289 0.641595
vt 11.836478 0.642308
vt 11.850253 0.642309
vt 0.462267 11.850289
vt 0.462267 11.836442
vt 0.463479 11.850289
vt 0.463479 11.836442
vt 0.463479 0.634969
vt 0.463479 0.648934
vt 0.462293 0.634969
vt 0.462293 0.648934
vt 11.843014 0.648971
vt 11.843014 0.634932
vt 11.843717 0.648934
vt 11.843718 0.634969
vt 0.537733 0.634932
vt 0.537733 0.648971
vt 0.536521 0.634932
vt 0.536521 0.648971
vt 0.529447 11.834560
vt 0.532246 11.834559
vt 0.529447 11.838309
vt 0.532246 11.838309
vt 0.532246 11.848422
vt 0.529447 11.848422
vt 0.532246 11.852172
vt 0.529447 11.852172
vt 0.467754 11.833003
vt 0.470553 11.833003
vt 0.467754 11.837089
vt 0.470553 11.837089
vt 0.467754 11.849643
vt 0.470553 11.849643
vt 0.470553 11.853729
vt 0.467754 11.853729
vt 0.529447 0.631833
vt 0.532246 0.631833
vt 0.529447 0.639558
vt 0.532246 0.639558
vt 0.528748 0.639558
vt 0.532946 0.639558
vt 0.528748 0.643779
vt 0.532946 0.643779
vt 11.833003 0.639558
vt 11.833003 0.631833
vt 11.834559 0.639558
vt 11.834559 0.632945
vt 11.838309 0.630355
vt 11.837089 0.627717
vt 11.849643 0.627717
vt 11.848422 0.630355
vt 11.853729 0.631833
vt 11.852172 0.632945
vt 11.852172 0.639558
vt 11.853729 0.639558
vt -10.834559 0.639558
vt -10.834560 0.632945
vt -10.833003 0.639558
vt -10.833003 0.631833
vt -10.838309 0.630355
vt -10.837089 0.627717
vt -10.848422 0.630355
vt -10.849643 0.627717
vt -10.853729 0.631833
vt -10.852172 0.632945
vt -10.853729 0.639558
vt -10.852172 0.639558
vt 11.832389 0.643779
vt 11.832389 0.639558
vt 11.854342 0.643779
vt 11.854342 0.639558
vt 0.467754 0.632945
vt 0.470553 0.632945
vt 0.467754 0.639558
vt 0.470553 0.639558
vt 0.471252 11.832389
vt 0.471252 11.854342
vt 0.467054 11.832389
vt 0.467054 11.854342
vt 0.467754 0.631833
vt 0.470553 0.631833
vt 0.467054 0.643779
vt 0.467054 0.639558
vt 0.471252 0.643779
vt 0.471252 0.639558
vt 0.528748 11.854342
vt 0.528748 11.832389
vt 0.532946 11.854342
vt 0.532946 11.832389
vt -10.832389 0.639558
vt -10.832389 0.643779
vt -10.854342 0.639558
vt -10.854342 0.643779
vt 0.529447 0.632945
vt 0.532246 0.632945
vt 0.521445 0.617407
vt 0.459076 0.617407
vt 0.521445 0.605613
vt 0.459076 0.615117
vt 0.477955 0.605613
vt 0.540324 0.615117
vt 0.477955 0.617407
vt 0.540324 0.617407
vt 0.459076 11.848206
vt 0.459676 11.846210
vt 0.521445 11.866574
vt 0.522045 11.864579
vt 11.848206 0.617407
vt 11.846210 0.617407
vt 11.848206 0.615117
vt 11.846210 0.615117
vt -10.794790 0.642363
vt -10.779918 0.642363
vt -10.794790 0.646942
vt -10.779918 0.646942
vt -10.717248 0.642363
vt -10.717248 0.646942
vt -10.708964 0.642363
vt -10.708964 0.646942
vt 11.790835 0.646942
vt 11.779821 0.646942
vt 11.790835 0.643412
vt 11.779821 0.643412
vt 11.718928 0.646942
vt 11.718928 0.643412
vt 11.712221 0.646942
vt 11.712221 0.643412
vt 0.422591 0.637951
vt 0.434486 0.637951
vt 0.422591 0.641811
vt 0.434486 0.641811
vt 0.422591 0.645672
vt 0.434486 0.645672
vt 11.836770 0.637951
vt 11.836770 0.645672
vt 11.835750 0.641811
vt 11.839558 0.635124
vt 11.839558 0.648498
vt 11.843366 0.634090
vt 11.843366 0.649533
vt 11.847174 0.635124
vt 11.847174 0.648498
vt 11.849961 0.637951
vt 11.849961 0.645672
vt 11.850982 0.641811
vt 0.565514 11.836770
vt 0.577409 11.836770
vt 0.565514 11.839558
vt 0.577409 11.839558
vt 0.565514 11.843366
vt 0.577409 11.843366
vt 0.565514 11.847174
vt 0.577409 11.847174
vt 0.565514 11.849961
vt 0.577409 11.849961
vt 0.565514 0.637951
vt 0.577409 0.637951
vt 0.565514 0.641811
vt 0.577409 0.641811
vt 0.565514 0.645672
vt 0.577409 0.645672
vt 0.434486 11.849961
vt 0.422591 11.849961
vt 0.434486 11.847174
vt 0.422591 11.847174
vt 0.434486 11.843366
vt 0.422591 11.843366
vt 0.434486 11.839558
vt 0.422591 11.839558
vt 0.434486 11.836770
vt 0.422591 11.836770
vt 0.433741 0.619734
vt 0.432648 0.628971
vt 0.430081 0.619734
vt 0.430081 0.628971
vt 0.426422 0.619734
vt 0.427515 0.628971
vt 0.567352 0.628971
vt 0.566259 0.619734
vt 0.569919 0.628971
vt 0.569919 0.619734
vt 0.572485 0.628971
vt 0.573578 0.619734
vt 0.432648 11.839922
vt 0.434235 11.842082
vt 0.430081 11.839096
vt 0.425928 11.842082
vt 0.427515 11.839922
vt 0.432648 11.846913
vt 0.434235 11.844753
vt 0.427515 11.846913
vt 0.430081 11.847739
vt 0.425928 11.844753
vt 0.422970 11.836478
vt 0.424156 11.836478
vt 0.422970 11.850253
vt 0.424156 11.850253
vt -10.850253 0.642309
vt -10.850289 0.641595
vt -10.836478 0.642308
vt -10.836442 0.641595
vt 0.575844 11.836442
vt 0.577056 11.836442
vt 0.575844 11.850289
vt 0.577056 11.850289
vt 0.577030 0.648934
vt 0.575844 0.648934
vt 0.577030 0.634969
vt 0.575844 0.634969
vt -10.843718 0.634969
vt -10.843014 0.634932
vt -10.843717 0.648934
vt -10.843014 0.648971
vt 0.424156 0.648971
vt 0.422944 0.648971
vt 0.424156 0.634932
vt 0.422944 0.634932
vt 0.431230 11.834560
vt 0.431230 11.838309
vt 0.428431 11.834559
vt 0.428431 11.838309
vt 0.428431 11.848422
vt 0.431230 11.848422
vt 0.428431 11.852172
vt 0.431230 11.852172
vt 0.571569 11.833003
vt 0.571569 11.837089
vt 0.568770 11.833003
vt 0.568770 11.837089
vt 0.571569 11.849643
vt 0.568770 11.849643
vt 0.568770 11.853729
vt 0.571569 11.853729
vt 0.428431 0.639558
vt 0.428431 0.631833
vt 0.431230 0.639558
vt 0.431230 0.631833
vt 0.427731 0.643779
vt 0.427731 0.639558
vt 0.431929 0.643779
vt 0.431929 0.639558
vt -10.834559 0.632945
vt 11.834560 0.632945
vt 0.568770 0.639558
vt 0.568770 0.632945
vt 0.571569 0.639558
vt 0.571569 0.632945
vt 0.572269 11.854342
vt 0.568071 11.854342
vt 0.572269 11.832389
vt 0.568071 11.832389
vt 0.568770 0.631833
vt 0.571569 0.631833
vt 0.568071 0.639558
vt 0.572269 0.639558
vt 0.568071 0.643779
vt 0.572269 0.643779
vt 0.427731 11.832389
vt 0.431929 11.832389
vt 0.427731 11.854342
vt 0.431929 11.854342
vt 0.428431 0.632945
vt 0.431230 0.632945
vt 0.580247 0.615117
vt 0.580247 0.617407
vt 0.517878 0.605613
vt 0.517878 0.617407
vt 0.420353 0.617407
vt 0.420353 0.615117
vt 0.482722 0.617407
vt 0.482722 0.605613
vt 0.517278 11.864579
vt 0.579647 11.846210
vt 0.517878 11.866574
vt 0.580247 11.848206
vt -10.846210 0.615117
vt -10.846210 0.617407
vt -10.848206 0.615117
vt -10.848206 0.617407
vt 0.483771 11.850820
vt 0.483771 11.862574
vt 0.476906 11.850820
vt 0.476906 11.862574
vt 0.483771 0.639617
vt 0.476906 0.639617
vt 0.483771 0.619734
vt 0.476906 0.619734
vt -10.850820 0.642872
vt -10.862574 0.642872
vt -10.847609 0.639617
vt -10.847609 0.619734
vt -10.862574 0.619734
vt 11.862574 0.642872
vt 11.850820 0.642872
vt 11.862574 0.619734
vt 11.847609 0.619734
vt 11.847609 0.639617
vt 0.476906 11.847609
vt 0.483771 11.847609
vt 11.699610 0.646303
vt 11.698157 0.646303
vt 11.699610 0.641140
vt 11.698157 0.641140
vt 11.696362 0.646303
vt 11.696362 0.641140
vt 11.694909 0.646303
vt 11.694909 0.641140
vt 0.482064 0.646303
vt 0.480338 0.646303
vt 0.482064 0.641140
vt 0.480338 0.641140
vt 0.478612 0.646303
vt 0.478612 0.641140
vt -10.694909 0.646303
vt -10.696362 0.646303
vt -10.694909 0.641140
vt -10.696362 0.641140
vt -10.698157 0.646303
vt -10.698157 0.641140
vt -10.699610 0.646303
vt -10.699610 0.641140
vt 0.521388 0.646303
vt 0.519662 0.646303
vt 0.521388 0.641140
vt 0.519662 0.641140
vt 0.517936 0.641140
vt 0.517936 0.646303
vt 0.483130 11.698157
vt 0.482064 11.699610
vt 0.483130 11.696362
vt 0.482064 11.694909
vt 0.480338 11.694354
vt 0.480338 11.700165
vt 0.478612 11.694909
vt 0.478612 11.699610
vt 0.477546 11.696362
vt 0.477546 11.698157
vt 11.855977 0.629908
vt 11.855977 0.619734
vt 11.867209 0.629908
vt 11.867209 0.619734
vt 0.495989 0.629908
vt 0.495989 0.619734
vt 0.505872 0.629908
vt 0.505872 0.619734
vt 0.504011 0.619734
vt 0.504011 0.629908
vt 0.494128 0.619734
vt 0.494128 0.629908
vt 0.504011 11.855977
vt 0.504011 11.867209
vt 0.494128 11.855977
vt 0.494128 11.867209
vt -10.867209 0.619734
vt -10.855977 0.619734
vt -10.867209 0.629908
vt -10.855977 0.629908
vt 0.533451 0.619734
vt 0.543334 0.619734
vt 0.533451 0.629908
vt 0.543334 0.629908
vt 0.466549 0.629908
vt 0.456666 0.629908
vt 0.466549 0.619734
vt 0.456666 0.619734
vt 0.466549 11.867209
vt 0.456666 11.867209
vt 0.466549 11.855977
vt 0.456666 11.855977
vt 11.707194 0.639587
vt 11.696187 0.639587
vt 11.707194 0.622598
vt 11.696187 0.636839
vt -10.707194 0.622598
vt -10.696187 0.636839
vt -10.707194 0.639587
vt -10.696187 0.639587
vt 0.481488 0.636839
vt 0.479188 0.636839
vt 0.481488 0.622598
vt 0.479188 0.622598
vt 0.481488 0.639587
vt 0.479188 0.639587
vt 0.483635 11.694031
vt 0.483635 11.707194
vt 0.477041 11.694031
vt 0.477041 11.707194
vt -10.694031 0.639587
vt -10.694031 0.641140
vt -10.707194 0.641140
vt 0.483635 0.639587
vt 0.483635 0.641140
vt 0.477041 0.639587
vt 0.477041 0.641140
vt 11.707194 0.641140
vt 11.694031 0.639587
vt 11.694031 0.641140
vt 0.522959 0.639587
vt 0.522959 0.641140
vt 0.516365 0.639587
vt 0.516365 0.641140
vt 0.522959 11.694031
vt 0.522959 11.707194
vt 0.516365 11.694031
vt 0.516365 11.707194
vt 11.690462 0.626178
vt 11.692057 0.626178
vt 11.690462 0.628129
vt 11.692057 0.628129
vt -10.692057 0.628129
vt -10.692057 0.626178
vt -10.690462 0.628129
vt -10.690462 0.626178
vt 0.499998 11.715264
vt 0.464900 11.692057
vt 0.501075 11.713670
vt 0.465976 11.690462
vt 0.499998 0.628129
vt 0.464900 0.628129
vt 0.499998 0.618812
vt 0.464900 0.626178
vt 0.498925 11.713670
vt 0.534024 11.690462
vt 0.500002 11.715264
vt 0.535100 11.692057
vt 0.498925 0.618812
vt 0.534024 0.626178
vt 0.498925 0.628129
vt 0.534024 0.628129
vt 0.461751 0.628129
vt 0.426652 0.628129
vt 0.461751 0.618812
vt 0.426652 0.626178
vt 0.460674 11.715264
vt 0.425576 11.692057
vt 0.461751 11.713670
vt 0.426652 11.690462
vt 0.539325 0.618812
vt 0.574424 0.626178
vt 0.539325 0.628129
vt 0.574424 0.628129
vt 0.538249 11.713670
vt 0.573348 11.690462
vt 0.539325 11.715264
vt 0.574424 11.692057
vt 0.417958 11.826055
vt 0.444211 11.801294
vt 0.415536 11.831992
vt 0.443065 11.800302
vt 0.415536 11.854977
vt 0.418892 11.859221
vt 0.467563 11.873595
vt 0.480338 11.873595
vt 0.493114 11.873595
vt 0.541785 11.859221
vt 0.545141 11.854977
vt 0.545141 11.831992
vt 0.542718 11.826055
vt 0.516466 11.801294
vt 0.517612 11.800302
vt 11.814016 0.641595
vt 11.813146 0.643496
vt 11.814016 0.645398
vt 11.815891 0.640712
vt 11.815891 0.646280
vt 11.817767 0.641595
vt 11.817767 0.645398
vt 11.818637 0.643496
vt -10.813146 0.643496
vt -10.814016 0.641595
vt -10.814016 0.645398
vt -10.815891 0.640712
vt -10.815891 0.646280
vt -10.817767 0.641595
vt -10.817767 0.645398
vt -10.818637 0.643496
vt 11.837652 0.638467
vt 11.836768 0.641811
vt 11.837652 0.645156
vt 11.840067 0.636019
vt 11.840067 0.647604
vt 11.843366 0.635122
vt 11.843366 0.648501
vt 11.846664 0.636019
vt 11.846664 0.647604
vt 11.849079 0.638467
vt 11.849079 0.645156
vt 11.849963 0.641811
vt -10.837652 0.638467
vt -10.836768 0.641811
vt -10.837652 0.645156
vt -10.840067 0.636019
vt -10.840067 0.647604
vt -10.843366 0.635122
vt -10.843366 0.648501
vt -10.846664 0.636019
vt -10.846664 0.647604
vt -10.849079 0.638467
vt -10.849079 0.645156
vt -10.849963 0.641811
vt 0.548567 11.791717
vt 0.582042 11.826055
vt 0.541784 11.801761
vt 0.584464 11.831992
vt 0.531634 11.808472
vt 0.584464 11.854977
vt 0.525648 11.824232
vt 0.525648 11.809650
vt 0.581108 11.859221
vt 0.532437 11.873595
vt 0.519662 11.873595
vt 0.519662 11.824232
vt 0.513675 11.824232
vt 0.506886 11.873595
vt 0.458215 11.859221
vt 0.454859 11.854977
vt 0.507689 11.808472
vt 0.513675 11.809650
vt 0.454859 11.831992
vt 0.497539 11.801761
vt 0.457282 11.826055
vt 0.490757 11.791717
vt 11.764294 0.619734
vt 11.792763 0.619734
vt 11.764294 0.644945
vt 11.792763 0.644945
vt 11.801294 0.633834
vt 11.826889 0.619734
vt 11.826889 0.633834
vt 11.832284 0.619734
vt 11.832284 0.633834
vt 11.854458 0.619734
vt 11.854458 0.633834
vt 11.857915 0.619734
vt 11.857915 0.633834
vt 0.419791 0.619734
vt 0.467563 0.619734
vt 0.419791 0.633834
vt 0.467563 0.633834
vt 0.480338 0.633834
vt 0.493114 0.633834
vt 0.493114 0.619734
vt 0.540885 0.633834
vt 0.540885 0.619734
vt 0.528597 11.705585
vt 0.528597 11.708955
vt 0.519662 11.703826
vt 0.519662 11.707196
vt 0.510727 11.708955
vt 0.510727 11.705585
vt 11.705585 0.611108
vt 11.708955 0.611108
vt 11.705585 0.615539
vt 11.708955 0.615539
vt 0.471403 11.708955
vt 0.480338 11.707196
vt 0.489273 11.708955
vt 0.467047 11.711696
vt 0.461986 11.719191
vt 0.459994 11.731856
vt 0.536171 0.615539
vt 0.532953 0.615539
vt 0.536171 0.611108
vt 0.532953 0.611108
vt 0.532953 11.711696
vt 0.536171 11.710593
vt 0.538014 11.719191
vt 0.541233 11.718088
vt 0.540006 11.731856
vt 0.543224 11.730753
vt 0.456776 0.611108
vt 0.459994 0.611108
vt 0.456776 0.615539
vt 0.459994 0.615539
vt -10.764294 0.619734
vt -10.764294 0.644945
vt -10.792763 0.619734
vt -10.792763 0.644945
vt -10.801294 0.633834
vt -10.826889 0.619734
vt -10.826889 0.633834
vt -10.832284 0.619734
vt -10.832284 0.633834
vt -10.854458 0.619734
vt -10.854458 0.633834
vt -10.857915 0.619734
vt -10.857915 0.633834
vt -10.708955 0.615539
vt -10.708955 0.611108
vt -10.705585 0.615539
vt -10.705585 0.611108
vt 0.493629 11.711696
vt 0.498690 11.719191
vt 0.500682 11.731856
vt 0.506371 0.611108
vt 0.506371 0.615539
vt 0.503152 0.611108
vt 0.503152 0.615539
vt 0.506371 11.711696
vt 0.501310 11.719191
vt 0.503152 11.710593
vt 0.498091 11.718088
vt 0.499318 11.731856
vt 0.496099 11.730753
vt 0.500682 0.615539
vt 0.500682 0.611108
vt 0.503901 0.615539
vt 0.503901 0.611108
vt 0.480338 0.611108
vt -10.711696 0.615539
vt -10.719191 0.615539
vt -10.711696 0.611108
vt -10.719191 0.611108
vt -10.731856 0.615539
vt -10.731856 0.611108
vt 11.711696 0.615539
vt 11.711696 0.611108
vt 11.719191 0.615539
vt 11.719191 0.611108
vt 11.731856 0.615539
vt 11.731856 0.611108
vt 11.843366 0.634254
vt 11.849822 0.638032
vt 11.836909 0.638032
vt 11.843366 0.649369
vt 11.836909 0.645590
vt 11.849822 0.645590
vt -10.849822 0.645590
vt -10.849822 0.638032
vt -10.843366 0.649369
vt -10.836909 0.638032
vt -10.836909 0.645590
vt -10.843366 0.634254
vt 0.542946 11.826040
vt 0.542491 11.826069
vt 0.534238 11.691484
vt 0.533810 11.691936
vt 0.426438 11.691484
vt 0.426866 11.691936
vt 0.417731 11.826040
vt 0.418186 11.826069
vt 11.826040 0.626774
vt 11.826040 0.627232
vt 11.691484 0.626774
vt 11.691484 0.627232
vt 0.457509 11.826069
vt 0.457054 11.826040
vt 0.466190 11.691936
vt 0.465762 11.691484
vt 0.573134 11.691936
vt 0.573562 11.691484
vt 0.581814 11.826069
vt 0.582269 11.826040
vt -10.826069 0.627232
vt -10.826069 0.626774
vt -10.691936 0.627232
vt -10.691936 0.626774
vt 0.534238 0.626774
vt 0.534238 0.627232
vt 0.426438 0.626774
vt 0.426438 0.627232
vt 0.466190 0.627232
vt 0.466190 0.626774
vt 0.573134 0.627232
vt 0.573134 0.626774
vt -10.691484 0.626774
vt -10.691484 0.627232
vt -10.826040 0.626774
vt -10.826040 0.627232
vt 11.691936 0.627232
vt 11.691936 0.626774
vt 11.826069 0.627232
vt 11.826069 0.626774
vt 11.815891 0.643496
vt -10.815891 0.643496
vt 0.466249 0.638793
vt 0.466249 0.641811
vt 0.461914 0.638467
vt 0.466249 0.644829
vt 0.461914 0.645156
vt 0.538086 11.837652
vt 0.538086 11.840067
vt 0.533751 11.838209
vt 0.533751 11.840389
vt 0.533751 11.843366
vt 0.538086 11.846664
vt 0.533751 11.846343
vt 0.538086 11.849079
vt 0.533751 11.848522
vt 0.538086 0.638467
vt 0.533751 0.638793
vt 0.533751 0.641811
vt 0.538086 0.645156
vt 0.533751 0.644830
vt 0.461914 11.849079
vt 0.461914 11.846664
vt 0.466249 11.848522
vt 0.466249 11.846343
vt 0.466249 11.843366
vt 0.461914 11.840067
vt 0.466249 11.840389
vt 0.461914 11.837652
vt 0.466249 11.838209
vt 0.573074 0.638793
vt 0.577409 0.638467
vt 0.573074 0.641811
vt 0.573074 0.644829
vt 0.577409 0.645156
vt 0.422591 11.837652
vt 0.426926 11.838209
vt 0.422591 11.840067
vt 0.426926 11.840389
vt 0.426926 11.843366
vt 0.422591 11.846664
vt 0.426926 11.846343
vt 0.422591 11.849079
vt 0.426926 11.848522
vt 0.422591 0.638467
vt 0.426926 0.638793
vt 0.426926 0.641811
vt 0.422591 0.645156
vt 0.426926 0.644830
vt 0.577409 11.849079
vt 0.573074 11.848522
vt 0.577409 11.846664
vt 0.573074 11.846343
vt 0.573074 11.843366
vt 0.577409 11.840067
vt 0.573074 11.840389
vt 0.577409 11.837652
vt 0.573074 11.838209
s 1
g Litt_Deckhouse_C1_Tower_Upper_Platform_mod_steel_deck_1
usemtl steel_deck_1
f 3/1/1 2/2/1 1/3/1
f 4/4/1 2/2/1 3/1/1
f 4/4/1 5/5/1 2/2/1
f 6/6/1 2/2/1 5/5/1
f 7/7/1 2/2/1 6/6/1
f 8/8/1 2/2/1 7/7/1
f 2/2/1 8/8/1 9/9/1
f 2/2/1 9/9/1 10/10/1
f 2/2/1 10/10/1 11/11/1
f 11/11/1 12/12/1 2/2/1
f 2/2/1 12/12/1 13/13/1
f 2/2/1 13/13/1 14/14/1
f 17/15/1 16/16/1 15/17/1
f 18/18/1 15/17/1 16/16/1
f 15/17/1 19/19/1 17/15/1
f 18/18/1 20/20/1 15/17/1
f 20/20/1 21/21/1 15/17/1
f 22/22/1 19/19/1 15/17/1
f 21/21/1 20/20/1 23/23/1
f 24/24/1 19/19/1 22/22/1
f 24/24/1 22/22/1 25/25/1
f 20/20/1 26/26/1 23/23/1
f 25/25/1 22/22/1 27/27/1
f 28/28/1 27/27/1 22/22/1
f 26/26/1 29/29/1 23/23/1
f 30/30/1 23/23/1 29/29/1
f 31/31/1 23/23/1 30/30/1
f 28/28/1 32/32/1 27/27/1
f 32/32/1 23/23/1 31/31/1
f 33/33/1 27/27/1 32/32/1
f 34/34/1 32/32/1 31/31/1
f 32/32/1 34/34/1 33/33/1
g Litt_Deckhouse_C1_Tower_Upper_Platform_mod_steel_4
usemtl steel_4
f 37/35/2 36/36/3 35/37/2
f 38/38/3 35/37/2 36/36/3
f 36/36/3 39/39/4 38/38/3
f 40/40/5 38/38/3 39/39/4
f 43/41/6 42/42/6 41/43/6
f 42/42/6 43/41/6 44/44/6
f 45/45/6 44/44/6 43/41/6
f 44/44/6 45/45/6 46/46/6
f 47/47/6 46/46/6 45/45/6
f 47/47/6 48/48/6 46/46/6
f 51/49/7 50/50/8 49/51/7
f 52/52/8 49/51/7 50/50/8
f 50/50/8 53/53/9 52/52/8
f 54/54/10 52/52/8 53/53/9
f 57/55/11 56/56/12 55/57/11
f 58/58/12 55/57/11 56/56/12
f 56/56/12 59/59/13 58/58/12
f 60/60/13 58/58/12 59/59/13
f 63/61/14 62/62/1 61/63/14
f 64/64/1 61/63/14 62/62/1
f 62/62/1 65/65/15 64/64/1
f 66/66/15 64/64/1 65/65/15
f 69/67/16 68/68/17 67/69/18
f 70/70/17 67/69/18 68/68/17
f 73/71/19 72/72/20 71/73/21
f 74/74/22 71/73/21 72/72/20
f 77/75/23 76/76/24 75/77/25
f 78/78/26 75/77/25 76/76/24
f 81/79/27 80/80/28 79/81/29
f 82/82/28 79/81/29 80/80/28
f 80/80/28 83/83/30 82/82/28
f 84/84/30 82/82/28 83/83/30
f 87/85/1 86/86/1 85/87/1
f 86/86/1 88/88/1 85/87/1
f 85/87/1 88/88/1 89/89/1
f 92/90/31 91/91/31 90/92/32
f 93/93/32 90/92/32 91/91/31
f 93/93/32 94/94/33 90/92/32
f 95/95/33 90/92/32 94/94/33
f 94/94/33 96/96/34 95/95/33
f 97/97/35 95/95/33 96/96/34
f 100/98/36 99/99/36 98/100/37
f 101/101/37 98/100/37 99/99/36
f 98/100/37 101/101/37 102/102/38
f 103/103/38 102/102/38 101/101/37
f 103/103/38 104/104/39 102/102/38
f 105/105/39 102/102/38 104/104/39
f 108/106/40 107/107/40 106/108/3
f 109/109/3 106/108/3 107/107/40
f 112/110/3 111/111/3 110/112/3
f 113/113/41 110/112/3 111/111/3
f 116/114/42 115/115/43 114/116/43
f 117/117/43 114/116/43 115/115/43
f 117/117/43 115/115/43 118/118/43
f 119/119/43 118/118/43 115/115/43
f 119/119/43 120/120/43 118/118/43
f 121/121/43 118/118/43 120/120/43
f 120/120/43 122/122/43 121/121/43
f 123/123/43 121/121/43 122/122/43
f 123/123/43 122/122/43 124/124/43
f 125/125/43 124/124/43 122/122/43
f 128/126/6 127/127/6 126/128/6
f 129/129/6 126/128/6 127/127/6
f 127/127/6 130/130/6 129/129/6
f 131/131/6 129/129/6 130/130/6
f 130/130/6 132/132/6 131/131/6
f 133/133/6 131/131/6 132/132/6
f 133/133/6 132/132/6 134/134/6
f 135/135/6 134/134/6 132/132/6
f 134/134/6 135/135/6 136/136/6
f 137/137/6 136/136/6 135/135/6
f 140/138/43 139/139/43 138/140/43
f 141/141/43 138/140/43 139/139/43
f 144/142/31 143/143/31 142/144/12
f 145/145/12 142/144/12 143/143/31
f 148/146/8 147/147/8 146/148/8
f 149/149/8 146/148/8 147/147/8
f 152/144/44 151/150/45 150/145/44
f 153/151/45 150/145/44 151/150/45
f 156/152/12 155/153/12 154/154/12
f 157/155/12 154/154/12 155/153/12
f 160/156/1 159/157/1 158/158/1
f 161/159/1 158/158/1 159/157/1
f 164/160/6 163/161/6 162/162/6
f 165/163/6 162/162/6 163/161/6
f 168/108/3 167/164/35 166/109/3
f 169/165/35 166/109/3 167/164/35
f 172/166/2 171/167/46 170/168/3
f 173/169/3 170/168/3 171/167/46
f 170/168/3 173/169/3 174/170/47
f 175/171/4 174/170/47 173/169/3
f 178/172/43 177/173/43 176/174/43
f 178/172/43 179/175/43 177/173/43
f 180/176/43 177/173/43 179/175/43
f 179/175/43 181/177/43 180/176/43
f 182/178/43 180/176/43 181/177/43
f 183/179/43 182/178/43 181/177/43
f 186/180/7 185/181/7 184/182/8
f 187/183/8 184/182/8 185/181/7
f 184/182/8 187/183/8 188/184/48
f 189/185/9 188/184/48 187/183/8
f 192/186/11 191/187/11 190/188/12
f 193/189/12 190/188/12 191/187/11
f 190/188/12 193/189/12 194/190/13
f 195/191/13 194/190/13 193/189/12
f 198/192/14 197/193/49 196/194/1
f 199/195/1 196/194/1 197/193/49
f 196/194/1 199/195/1 200/196/15
f 201/197/15 200/196/15 199/195/1
f 204/198/50 203/199/51 202/200/52
f 205/201/53 202/200/52 203/199/51
f 208/202/54 207/203/55 206/204/56
f 209/205/57 206/204/56 207/203/55
f 212/206/58 211/207/59 210/208/60
f 213/209/60 210/208/60 211/207/59
f 216/210/61 215/211/62 214/212/63
f 217/213/63 214/212/63 215/211/62
f 214/212/63 217/213/63 218/214/64
f 219/215/65 218/214/64 217/213/63
f 222/216/1 221/217/1 220/218/1
f 220/218/1 221/217/1 223/219/1
f 223/219/1 221/217/1 224/220/1
f 227/221/31 226/222/32 225/223/31
f 228/224/32 225/223/31 226/222/32
f 228/224/32 226/222/32 229/225/33
f 230/226/33 229/225/33 226/222/32
f 229/225/33 230/226/33 231/227/35
f 232/228/35 231/227/35 230/226/33
f 235/229/36 234/230/37 233/231/36
f 236/232/37 233/231/36 234/230/37
f 234/230/37 237/233/38 236/232/37
f 238/234/38 236/232/37 237/233/38
f 238/234/38 237/233/38 239/235/66
f 240/236/67 239/235/66 237/233/38
f 243/237/3 242/238/40 241/239/3
f 244/240/40 241/239/3 242/238/40
f 247/241/3 246/242/3 245/243/3
f 248/244/3 245/243/3 246/242/3
f 251/128/6 250/126/6 249/129/6
f 252/127/6 249/129/6 250/126/6
f 252/127/6 253/130/6 249/129/6
f 254/131/6 249/129/6 253/130/6
f 254/131/6 253/130/6 255/133/6
f 256/132/6 255/133/6 253/130/6
f 255/133/6 256/132/6 257/134/6
f 258/135/6 257/134/6 256/132/6
f 258/135/6 259/137/6 257/134/6
f 260/136/6 257/134/6 259/137/6
f 263/116/43 262/114/43 261/117/43
f 264/115/43 261/117/43 262/114/43
f 261/117/43 264/115/43 265/118/43
f 266/119/43 265/118/43 264/115/43
f 265/118/43 266/119/43 267/121/43
f 268/120/43 267/121/43 266/119/43
f 268/120/43 269/122/43 267/121/43
f 270/123/43 267/121/43 269/122/43
f 269/122/43 271/125/43 270/123/43
f 272/124/43 270/123/43 271/125/43
f 275/162/6 274/160/6 273/163/6
f 276/161/6 273/163/6 274/160/6
f 279/245/12 278/246/31 277/247/12
f 280/248/31 277/247/12 278/246/31
f 283/249/8 282/250/8 281/251/8
f 284/252/8 281/251/8 282/250/8
f 287/253/68 286/254/68 285/245/69
f 288/247/69 285/245/69 286/254/68
f 291/255/12 290/256/12 289/257/12
f 292/258/12 289/257/12 290/256/12
f 295/259/1 294/260/1 293/261/1
f 296/262/1 293/261/1 294/260/1
f 299/140/43 298/138/43 297/141/43
f 300/139/43 297/141/43 298/138/43
f 303/263/35 302/264/35 301/237/3
f 304/239/3 301/237/3 302/264/35
f 309/265/70 308/266/71 307/267/70
f 310/268/70 308/266/71 309/265/70
f 310/268/70 309/265/70 311/269/72
f 312/270/72 311/269/72 309/265/70
f 311/269/72 312/270/72 313/271/73
f 314/272/74 313/271/73 312/270/72
f 308/266/75 316/273/76 315/274/77
f 321/275/12 320/276/78 322/277/12
f 323/278/78 322/277/12 320/276/78
f 321/275/12 322/277/12 324/279/79
f 325/280/79 324/279/79 322/277/12
f 330/273/80 329/281/80 328/274/80
f 329/281/80 331/282/81 328/274/80
f 332/283/81 328/274/80 331/282/81
f 332/283/81 331/282/81 333/284/82
f 334/285/82 333/284/82 331/282/81
f 333/284/82 334/285/82 335/286/83
f 336/287/83 335/286/83 334/285/82
f 335/286/83 336/287/83 337/288/84
f 338/289/84 337/288/84 336/287/83
f 341/290/43 340/291/43 339/292/43
f 342/293/43 339/292/43 340/291/43
f 345/294/85 344/295/85 343/296/86
f 346/297/86 343/296/86 344/295/85
f 346/297/86 347/298/12 343/296/86
f 348/275/12 343/296/86 347/298/12
f 348/275/12 347/298/12 349/299/87
f 350/300/87 349/299/87 347/298/12
f 350/300/87 351/301/88 349/299/87
f 352/302/88 349/299/87 351/301/88
f 355/303/89 354/304/90 353/305/91
f 356/306/92 353/305/91 354/304/90
f 353/305/91 356/306/92 357/307/3
f 358/308/3 357/307/3 356/306/92
f 356/306/92 354/304/90 359/309/93
f 358/308/3 360/310/94 357/307/3
f 361/311/95 359/309/93 354/304/90
f 364/312/96 365/313/96 363/314/97
f 360/310/94 363/314/97 365/313/96
f 366/315/98 357/307/3 360/310/94
f 360/310/94 365/313/96 366/315/98
f 367/316/99 366/315/98 365/313/96
f 370/317/3 369/318/3 368/319/3
f 371/320/3 368/319/3 369/318/3
f 371/320/3 369/318/3 372/321/3
f 373/322/3 372/321/3 369/318/3
f 378/323/100 376/324/100 377/325/101
f 377/325/101 379/326/100 378/323/100
f 379/326/100 380/327/102 378/323/100
f 381/328/102 378/323/100 380/327/102
f 380/327/102 382/329/103 381/328/102
f 383/330/104 381/328/102 382/329/103
f 385/331/105 377/325/106 384/332/107
f 389/333/108 388/331/108 387/332/108
f 389/333/108 387/332/108 390/334/109
f 391/335/109 390/334/109 387/332/108
f 391/335/109 392/336/110 390/334/109
f 393/337/110 390/334/109 392/336/110
f 392/336/110 394/338/111 393/337/110
f 395/339/111 393/337/110 394/338/111
f 394/338/111 396/340/112 395/339/111
f 397/341/112 395/339/111 396/340/112
f 400/342/6 399/343/6 398/344/6
f 401/345/6 398/344/6 399/343/6
f 404/346/99 403/347/99 402/348/98
f 405/349/98 402/348/98 403/347/99
f 402/348/98 405/349/98 406/350/3
f 407/351/3 406/350/3 405/349/98
f 407/351/3 408/352/91 406/350/3
f 409/353/91 406/350/3 408/352/91
f 408/352/91 410/354/89 409/353/91
f 411/355/89 409/353/91 410/354/89
f 414/356/113 413/357/113 412/358/114
f 415/359/114 412/358/114 413/357/113
f 412/358/114 415/359/114 416/360/12
f 417/361/12 416/360/12 415/359/114
f 417/361/12 418/362/115 416/360/12
f 419/363/115 416/360/12 418/362/115
f 418/362/115 420/364/116 419/363/115
f 421/365/116 419/363/115 420/364/116
f 424/366/1 423/367/1 422/368/1
f 425/369/1 422/368/1 423/367/1
f 422/368/1 425/369/1 426/370/1
f 427/371/1 426/370/1 425/369/1
f 426/370/1 427/371/1 428/372/1
f 429/373/1 428/372/1 427/371/1
f 428/372/1 429/373/1 430/374/1
f 431/375/1 430/374/1 429/373/1
f 430/374/1 431/375/1 432/376/1
f 433/377/1 432/376/1 431/375/1
f 433/377/1 434/378/1 432/376/1
f 435/379/1 432/376/1 434/378/1
f 434/378/1 436/380/1 435/379/1
f 437/381/1 435/379/1 436/380/1
f 436/380/1 438/382/1 437/381/1
f 439/383/1 437/381/1 438/382/1
f 438/382/1 440/384/1 439/383/1
f 441/385/1 439/383/1 440/384/1
f 440/384/1 442/386/1 441/385/1
f 443/387/1 441/385/1 442/386/1
f 446/388/117 445/389/117 444/390/118
f 447/391/118 444/390/118 445/389/117
f 444/390/118 447/391/118 448/392/102
f 449/393/102 448/392/102 447/391/118
f 448/392/102 449/393/102 450/394/103
f 451/395/103 450/394/103 449/393/102
f 454/396/119 453/397/119 452/398/120
f 455/399/120 452/398/120 453/397/119
f 452/398/120 455/399/120 456/400/121
f 457/401/121 456/400/121 455/399/120
f 456/400/121 457/401/121 458/402/122
f 459/403/122 458/402/122 457/401/121
f 462/404/8 461/405/8 460/406/8
f 463/407/8 461/405/8 462/404/8
f 464/408/8 461/405/8 463/407/8
f 465/409/8 461/405/8 464/408/8
f 466/410/8 461/405/8 465/409/8
f 461/405/8 466/410/8 467/411/8
f 461/405/8 467/411/8 468/412/8
f 461/405/8 468/412/8 469/413/8
f 461/405/8 469/413/8 470/414/8
f 461/405/8 470/414/8 471/415/8
f 474/416/123 473/417/3 472/418/123
f 475/419/3 472/418/123 473/417/3
f 473/417/3 476/420/124 475/419/3
f 477/421/124 475/419/3 476/420/124
f 480/422/6 479/423/6 478/424/6
f 479/423/6 480/422/6 481/425/6
f 482/426/6 481/425/6 480/422/6
f 481/425/6 482/426/6 483/427/6
f 484/428/6 483/427/6 482/426/6
f 483/427/6 484/428/6 485/429/6
f 486/430/6 485/429/6 484/428/6
f 485/429/6 486/430/6 487/431/6
f 488/432/6 487/431/6 486/430/6
f 488/432/6 489/433/6 487/431/6
f 492/434/125 491/435/126 490/436/125
f 493/437/126 490/436/125 491/435/126
f 491/435/126 494/438/8 493/437/126
f 495/439/8 493/437/126 494/438/8
f 494/438/8 496/440/127 495/439/8
f 497/441/127 495/439/8 496/440/127
f 496/440/127 498/442/128 497/441/127
f 499/443/128 497/441/127 498/442/128
f 502/444/129 501/445/12 500/446/130
f 503/447/12 500/446/130 501/445/12
f 501/445/12 504/448/131 503/447/12
f 505/449/131 503/447/12 504/448/131
f 508/450/132 507/451/133 506/452/132
f 509/453/133 506/452/132 507/451/133
f 507/451/133 510/454/1 509/453/133
f 511/455/1 509/453/133 510/454/1
f 510/454/1 512/456/134 511/455/1
f 513/457/134 511/455/1 512/456/134
f 512/456/134 514/458/135 513/457/134
f 515/459/135 513/457/134 514/458/135
f 518/460/136 517/461/137 516/462/136
f 519/463/137 516/462/136 517/461/137
f 517/461/137 520/464/138 519/463/137
f 521/465/138 519/463/137 520/464/138
f 524/466/139 523/467/140 522/468/141
f 525/469/142 522/468/141 523/467/140
f 523/467/140 526/470/143 525/469/142
f 527/471/144 525/469/142 526/470/143
f 526/470/143 528/472/145 527/471/144
f 529/473/145 527/471/144 528/472/145
f 532/474/146 531/475/147 530/476/146
f 533/477/147 530/476/146 531/475/147
f 531/475/147 534/478/148 533/477/147
f 535/479/148 533/477/147 534/478/148
f 538/480/149 537/481/150 536/482/149
f 539/483/150 536/482/149 537/481/150
f 537/481/150 540/484/151 539/483/150
f 541/485/151 539/483/150 540/484/151
f 540/484/151 542/486/152 541/485/151
f 543/487/152 541/485/151 542/486/152
f 546/488/1 545/489/1 544/490/1
f 545/489/1 547/491/1 544/490/1
f 548/492/1 547/491/1 545/489/1
f 547/491/1 549/493/1 544/490/1
f 550/494/1 549/493/1 547/491/1
f 549/493/1 551/495/1 544/490/1
f 544/490/1 551/495/1 552/496/1
f 553/497/1 551/495/1 549/493/1
f 556/498/153 555/499/154 554/500/155
f 557/501/156 554/500/155 555/499/154
f 560/502/157 559/503/158 558/504/157
f 561/505/158 558/504/157 559/503/158
f 564/506/8 563/507/8 562/508/8
f 565/509/8 562/508/8 563/507/8
f 568/510/159 567/511/160 566/512/161
f 569/513/162 566/512/161 567/511/160
f 572/514/163 571/515/164 570/516/163
f 573/517/164 570/516/163 571/515/164
f 576/518/3 575/519/3 574/520/3
f 577/521/3 574/520/3 575/519/3
f 580/522/31 579/523/31 578/524/32
f 581/525/32 578/524/32 579/523/31
f 581/525/32 582/526/33 578/524/32
f 583/527/33 578/524/32 582/526/33
f 582/526/33 584/528/35 583/527/33
f 585/529/35 583/527/33 584/528/35
f 588/530/36 587/531/36 586/532/37
f 589/533/37 586/532/37 587/531/36
f 586/532/37 589/533/37 590/534/38
f 591/535/38 590/534/38 589/533/37
f 591/535/38 592/536/66 590/534/38
f 593/537/66 590/534/38 592/536/66
f 596/538/40 595/539/40 594/540/3
f 597/541/3 594/540/3 595/539/40
f 600/542/3 599/543/3 598/544/3
f 601/545/3 598/544/3 599/543/3
f 604/546/43 603/547/43 602/548/43
f 605/549/43 602/548/43 603/547/43
f 605/549/43 603/547/43 606/550/43
f 607/551/43 606/550/43 603/547/43
f 607/551/43 608/552/43 606/550/43
f 609/553/43 606/550/43 608/552/43
f 608/552/43 610/554/43 609/553/43
f 611/555/43 609/553/43 610/554/43
f 611/555/43 610/554/43 612/556/43
f 613/557/43 612/556/43 610/554/43
f 616/558/6 615/559/6 614/560/6
f 617/561/6 614/560/6 615/559/6
f 615/559/6 618/562/6 617/561/6
f 619/563/6 617/561/6 618/562/6
f 618/562/6 620/564/6 619/563/6
f 621/565/6 619/563/6 620/564/6
f 621/565/6 620/564/6 622/566/6
f 623/567/6 622/566/6 620/564/6
f 622/566/6 623/567/6 624/568/6
f 625/569/6 624/568/6 623/567/6
f 628/570/43 627/571/43 626/572/43
f 629/573/43 626/572/43 627/571/43
f 632/574/31 631/575/165 630/576/12
f 633/577/12 630/576/12 631/575/165
f 636/578/8 635/579/8 634/580/8
f 637/581/8 634/580/8 635/579/8
f 640/576/12 639/582/166 638/577/12
f 641/583/166 638/577/12 639/582/166
f 644/584/12 643/585/12 642/586/12
f 645/587/12 642/586/12 643/585/12
f 648/588/1 647/589/1 646/590/1
f 649/591/1 646/590/1 647/589/1
f 652/592/6 651/593/6 650/594/6
f 653/595/6 650/594/6 651/593/6
f 656/540/3 655/596/167 654/541/3
f 657/597/35 654/541/3 655/596/167
f 660/598/168 659/599/168 658/600/168
f 661/601/168 658/600/168 659/599/168
f 664/602/169 663/603/169 662/604/169
f 665/605/169 662/604/169 663/603/169
f 668/606/170 667/607/171 666/608/172
f 669/609/173 666/608/172 667/607/171
f 672/610/174 671/611/174 670/612/174
f 673/613/174 670/612/174 671/611/174
f 676/614/175 675/615/176 674/616/175
f 677/617/176 674/616/175 675/615/176
f 675/615/176 678/618/72 677/617/176
f 679/619/72 677/617/176 678/618/72
f 678/618/72 680/620/177 679/619/72
f 681/621/177 679/619/72 680/620/177
f 684/622/178 683/623/179 682/624/178
f 685/625/179 682/624/178 683/623/179
f 683/623/179 686/626/180 685/625/179
f 687/627/180 685/625/179 686/626/180
f 686/626/180 688/628/181 687/627/180
f 689/629/181 687/627/180 688/628/181
f 692/630/123 691/631/123 690/632/3
f 693/633/3 690/632/3 691/631/123
f 690/632/3 693/633/3 694/634/124
f 695/635/124 694/634/124 693/633/3
f 698/636/43 697/637/43 696/638/43
f 698/636/43 699/639/43 697/637/43
f 700/640/43 697/637/43 699/639/43
f 699/639/43 701/641/43 700/640/43
f 702/642/43 700/640/43 701/641/43
f 701/641/43 703/643/43 702/642/43
f 704/644/43 702/642/43 703/643/43
f 703/643/43 705/645/43 704/644/43
f 706/646/43 704/644/43 705/645/43
f 707/647/43 706/646/43 705/645/43
f 710/648/125 709/649/125 708/650/126
f 711/651/126 708/650/126 709/649/125
f 708/650/126 711/651/126 712/652/8
f 713/653/8 712/652/8 711/651/126
f 712/652/8 713/653/8 714/654/127
f 715/655/127 714/654/127 713/653/8
f 714/654/127 715/655/127 716/656/128
f 717/657/128 716/656/128 715/655/127
f 720/658/130 719/659/129 718/660/12
f 721/661/12 718/660/12 719/659/129
f 718/660/12 721/661/12 722/662/131
f 723/663/131 722/662/131 721/661/12
f 726/664/132 725/665/132 724/666/133
f 727/667/133 724/666/133 725/665/132
f 724/666/133 727/667/133 728/668/1
f 729/669/1 728/668/1 727/667/133
f 728/668/1 729/669/1 730/670/134
f 731/671/134 730/670/134 729/669/1
f 730/670/134 731/671/134 732/672/135
f 733/673/135 732/672/135 731/671/134
f 736/674/138 735/675/138 734/676/137
f 737/677/137 734/676/137 735/675/138
f 734/676/137 737/677/137 738/678/136
f 739/679/136 738/678/136 737/677/137
f 742/486/182 741/487/152 740/484/183
f 743/485/151 740/484/183 741/487/152
f 740/484/183 743/485/151 744/481/184
f 745/483/150 744/481/184 743/485/151
f 744/481/184 745/483/150 746/480/149
f 747/482/149 746/480/149 745/483/150
f 750/680/148 749/681/148 748/682/147
f 751/683/147 748/682/147 749/681/148
f 748/682/147 751/683/147 752/684/146
f 753/685/146 752/684/146 751/683/147
f 756/472/145 755/473/145 754/470/144
f 757/471/144 754/470/144 755/473/145
f 754/470/144 757/471/144 758/467/142
f 759/469/142 758/467/142 757/471/144
f 758/467/142 759/469/142 760/466/141
f 761/468/141 760/466/141 759/469/142
f 764/686/1 763/687/1 762/688/1
f 763/687/1 765/689/1 762/688/1
f 762/688/1 765/689/1 766/690/1
f 767/691/1 765/689/1 763/687/1
f 768/692/1 767/691/1 763/687/1
f 769/693/1 765/689/1 767/691/1
f 770/694/1 769/693/1 767/691/1
f 771/695/1 765/689/1 769/693/1
f 774/696/185 773/697/186 772/698/187
f 775/699/188 772/698/187 773/697/186
f 778/700/189 777/701/189 776/702/190
f 779/703/190 776/702/190 777/701/189
f 782/704/8 781/705/8 780/706/8
f 783/707/8 780/706/8 781/705/8
f 786/708/191 785/709/192 784/710/193
f 787/711/194 784/710/193 785/709/192
f 790/712/195 789/713/195 788/714/196
f 791/715/196 788/714/196 789/713/195
f 794/716/3 793/717/3 792/718/3
f 795/719/3 792/718/3 793/717/3
f 798/720/31 797/721/32 796/722/31
f 799/723/32 796/722/31 797/721/32
f 799/723/32 797/721/32 800/724/33
f 801/725/33 800/724/33 797/721/32
f 800/724/33 801/725/33 802/726/35
f 803/727/35 802/726/35 801/725/33
f 806/728/197 805/729/37 804/730/36
f 807/731/37 804/730/36 805/729/37
f 805/729/37 808/732/38 807/731/37
f 809/733/38 807/731/37 808/732/38
f 809/733/38 808/732/38 810/734/66
f 811/735/66 810/734/66 808/732/38
f 814/736/3 813/737/40 812/738/3
f 815/739/40 812/738/3 813/737/40
f 818/740/3 817/741/3 816/742/3
f 819/743/3 816/742/3 817/741/3
f 822/560/6 821/558/6 820/561/6
f 823/744/6 820/561/6 821/558/6
f 823/744/6 824/562/6 820/561/6
f 825/563/6 820/561/6 824/562/6
f 825/563/6 824/562/6 826/565/6
f 827/564/6 826/565/6 824/562/6
f 826/565/6 827/564/6 828/566/6
f 829/567/6 828/566/6 827/564/6
f 829/567/6 830/569/6 828/566/6
f 831/568/6 828/566/6 830/569/6
f 834/548/43 833/546/43 832/745/43
f 835/547/43 832/745/43 833/546/43
f 832/745/43 835/547/43 836/550/43
f 837/551/43 836/550/43 835/547/43
f 836/550/43 837/551/43 838/553/43
f 839/552/43 838/553/43 837/551/43
f 839/552/43 840/554/43 838/553/43
f 841/555/43 838/553/43 840/554/43
f 840/554/43 842/557/43 841/555/43
f 843/556/43 841/555/43 842/557/43
f 846/594/6 845/592/6 844/595/6
f 847/593/6 844/595/6 845/592/6
f 850/746/12 849/747/165 848/748/12
f 851/749/31 848/748/12 849/747/165
f 854/750/8 853/751/8 852/752/8
f 855/753/8 852/752/8 853/751/8
f 858/754/166 857/755/166 856/746/12
f 859/748/12 856/746/12 857/755/166
f 862/756/12 861/757/12 860/758/12
f 863/759/12 860/758/12 861/757/12
f 866/760/1 865/761/1 864/762/1
f 867/763/1 864/762/1 865/761/1
f 870/572/43 869/570/43 868/573/43
f 871/571/43 868/573/43 869/570/43
f 874/764/35 873/765/167 872/736/3
f 875/738/3 872/736/3 873/765/167
f 878/766/198 877/767/198 876/768/198
f 879/769/198 876/768/198 877/767/198
f 882/770/199 881/771/199 880/772/199
f 883/773/199 880/772/199 881/771/199
f 886/774/200 885/775/201 884/776/202
f 887/777/203 884/776/202 885/775/201
f 890/778/204 889/779/204 888/780/204
f 891/781/204 888/780/204 889/779/204
f 910/782/1 909/783/1 908/784/1
f 911/785/1 908/784/1 909/783/1
f 914/786/3 913/787/3 912/788/3
f 915/789/3 912/788/3 913/787/3
f 918/790/6 917/791/6 916/792/6
f 916/792/6 917/791/6 919/793/6
f 917/791/6 920/794/6 919/793/6
f 923/795/43 922/796/43 921/797/43
f 922/796/43 924/798/43 921/797/43
f 925/799/43 924/798/43 922/796/43
f 928/784/205 927/800/205 926/782/205
f 929/801/205 926/782/205 927/800/205
f 932/802/206 931/803/207 930/804/208
f 933/805/207 930/804/208 931/803/207
f 931/803/207 934/806/209 933/805/207
f 935/807/209 933/805/207 934/806/209
f 934/806/209 936/808/210 935/807/209
f 937/809/211 935/807/209 936/808/210
f 940/810/212 939/811/3 938/812/212
f 941/813/3 938/812/212 939/811/3
f 939/811/3 942/814/213 941/813/3
f 943/815/213 941/813/3 942/814/213
f 946/816/214 945/817/215 944/818/216
f 947/819/215 944/818/216 945/817/215
f 945/817/215 948/820/217 947/819/215
f 949/821/218 947/819/215 948/820/217
f 948/820/217 950/822/219 949/821/218
f 951/823/220 949/821/218 950/822/219
f 954/824/221 953/825/12 952/826/221
f 955/827/12 952/826/221 953/825/12
f 955/827/12 953/825/12 956/828/222
f 957/829/223 956/828/222 953/825/12
f 960/830/1 959/831/1 958/832/1
f 961/833/1 958/832/1 959/831/1
f 961/833/1 959/831/1 962/834/1
f 963/835/1 962/834/1 959/831/1
f 962/834/1 963/835/1 964/836/1
f 965/837/1 964/836/1 963/835/1
f 964/836/1 965/837/1 966/838/1
f 967/839/1 966/838/1 965/837/1
f 970/840/43 969/841/43 968/842/43
f 971/843/43 968/842/43 969/841/43
f 974/844/12 973/845/12 972/846/12
f 975/847/12 972/846/12 973/845/12
f 978/848/3 977/849/3 976/850/3
f 979/851/3 976/850/3 977/849/3
f 982/852/1 981/853/1 980/854/1
f 983/855/1 980/854/1 981/853/1
f 986/856/6 985/857/6 984/858/6
f 987/859/6 984/858/6 985/857/6
f 990/860/12 989/861/12 988/862/12
f 991/863/12 988/862/12 989/861/12
f 994/864/3 993/865/3 992/866/3
f 995/867/3 992/866/3 993/865/3
f 998/868/1 997/869/1 996/870/1
f 999/871/1 996/870/1 997/869/1
f 1002/841/43 1001/843/43 1000/840/43
f 1003/842/43 1000/840/43 1001/843/43
f 1006/859/6 1005/858/6 1004/857/6
f 1007/856/6 1004/857/6 1005/858/6
f 1010/388/224 1009/389/224 1008/624/224
f 1011/622/224 1008/624/224 1009/389/224
f 1014/396/225 1013/616/226 1012/397/226
f 1015/614/226 1012/397/226 1013/616/226
f 1018/872/43 1017/873/43 1016/874/43
f 1019/875/43 1016/874/43 1017/873/43
f 1022/876/6 1021/877/6 1020/878/6
f 1023/879/6 1020/878/6 1021/877/6
f 1026/880/227 1025/881/227 1024/882/227
f 1027/883/227 1024/882/227 1025/881/227
f 1030/884/3 1029/885/3 1028/880/3
f 1031/881/3 1028/880/3 1029/885/3
f 1034/886/1 1033/887/1 1032/888/1
f 1035/889/1 1032/888/1 1033/887/1
f 1038/890/6 1037/891/6 1036/878/6
f 1039/892/6 1036/878/6 1037/891/6
f 1042/893/3 1041/894/3 1040/895/3
f 1043/896/3 1040/895/3 1041/894/3
f 1046/872/43 1045/897/43 1044/898/43
f 1047/899/43 1044/898/43 1045/897/43
f 1050/900/12 1049/901/12 1048/902/12
f 1051/903/12 1048/902/12 1049/901/12
f 1054/904/8 1053/905/8 1052/906/8
f 1055/907/8 1052/906/8 1053/905/8
f 1058/908/228 1057/909/228 1056/910/228
f 1059/911/228 1056/910/228 1057/909/228
f 1062/912/229 1061/913/229 1060/914/229
f 1063/915/229 1060/914/229 1061/913/229
f 1066/916/230 1065/917/230 1064/918/230
f 1067/919/230 1064/918/230 1065/917/230
f 1070/920/231 1069/921/231 1068/922/231
f 1071/923/231 1068/922/231 1069/921/231
f 1074/924/1 1073/925/1 1072/926/1
f 1075/927/1 1072/926/1 1073/925/1
f 1078/928/232 1077/929/232 1076/930/232
f 1079/931/232 1076/930/232 1077/929/232
f 1082/932/233 1081/933/233 1080/934/233
f 1083/935/233 1080/934/233 1081/933/233
f 1086/936/1 1085/937/1 1084/938/1
f 1087/939/1 1084/938/1 1085/937/1
f 1090/940/234 1089/941/234 1088/942/234
f 1091/943/234 1088/942/234 1089/941/234
f 1094/944/235 1093/945/235 1092/946/235
f 1095/947/235 1092/946/235 1093/945/235
f 1098/16/1 1097/15/1 1096/948/1
f 1098/16/1 1096/948/1 1099/949/236
f 1100/950/1 1096/948/1 1097/15/1
f 1101/951/237 1099/949/236 1096/948/1
f 1097/15/1 1102/19/1 1100/950/1
f 1103/952/1 1100/950/1 1102/19/1
f 1102/19/1 1104/24/1 1103/952/1
f 1105/953/1 1103/952/1 1104/24/1
f 1104/24/1 1106/25/1 1105/953/1
f 1107/954/1 1105/953/1 1106/25/1
f 1099/949/236 1101/951/237 1108/18/238
f 1109/3/239 1108/18/238 1101/951/237
f 1106/25/1 1110/27/1 1107/954/1
f 1111/955/1 1107/954/1 1110/27/1
f 1111/955/1 1110/27/1 1112/956/1
f 1113/33/1 1112/956/1 1110/27/1
f 1112/956/1 1113/33/1 1114/957/1
f 1115/34/1 1114/957/1 1113/33/1
f 1114/957/1 1115/34/1 1116/958/1
f 1117/31/1 1116/958/1 1115/34/1
f 1116/958/1 1117/31/1 1118/959/1
f 1119/30/1 1118/959/1 1117/31/1
f 1109/3/239 2/2/1 1108/18/238
f 1120/20/1 1108/18/238 2/2/1
f 1118/959/1 1119/30/1 1121/960/1
f 1122/29/1 1121/960/1 1119/30/1
f 1122/29/1 1123/961/240 1121/960/1
f 1124/962/241 1121/960/1 1123/961/240
f 1120/20/1 2/2/1 1125/26/242
f 1123/961/240 1125/26/242 1124/962/241
f 1126/14/243 1125/26/242 2/2/1
f 1126/14/243 1124/962/241 1125/26/242
f 1129/963/244 1128/964/43 1127/172/244
f 1130/174/43 1127/172/244 1128/964/43
f 1127/172/244 1131/175/43 1129/963/244
f 1128/964/43 1132/965/245 1130/174/43
f 1133/966/43 1129/963/244 1131/175/43
f 1134/173/245 1130/174/43 1132/965/245
f 1131/175/43 1135/177/43 1133/966/43
f 1132/965/245 1136/967/43 1134/173/245
f 1137/968/43 1133/966/43 1135/177/43
f 1138/176/43 1134/173/245 1136/967/43
f 1135/177/43 1139/179/43 1137/968/43
f 1136/967/43 1140/969/43 1138/176/43
f 1141/970/43 1137/968/43 1139/179/43
f 1142/178/43 1138/176/43 1140/969/43
f 1139/179/43 1142/178/43 1141/970/43
f 1140/969/43 1141/970/43 1142/178/43
f 1145/43/6 1144/971/6 1143/42/246
f 1146/972/246 1143/42/246 1144/971/6
f 1144/971/6 1145/43/6 1147/973/247
f 1143/42/246 1146/972/246 1148/44/6
f 1149/41/247 1147/973/247 1145/43/6
f 1150/974/6 1148/44/6 1146/972/246
f 1147/973/247 1149/41/247 1151/975/6
f 1148/44/6 1150/974/6 1152/46/6
f 1153/45/6 1151/975/6 1149/41/247
f 1154/976/6 1152/46/6 1150/974/6
f 1151/975/6 1153/45/6 1155/977/6
f 1152/46/6 1154/976/6 1156/48/246
f 1157/47/6 1155/977/6 1153/45/6
f 1158/978/246 1156/48/246 1154/976/6
f 1155/977/6 1157/47/6 1158/978/246
f 1156/48/246 1158/978/246 1157/47/6
f 1161/979/43 1160/980/43 1159/636/43
f 1162/638/43 1159/636/43 1160/980/43
f 1159/636/43 1163/639/43 1161/979/43
f 1160/980/43 1164/981/43 1162/638/43
f 1165/982/43 1161/979/43 1163/639/43
f 1166/637/43 1162/638/43 1164/981/43
f 1163/639/43 1167/641/43 1165/982/43
f 1164/981/43 1168/983/43 1166/637/43
f 1169/984/43 1165/982/43 1167/641/43
f 1170/640/43 1166/637/43 1168/983/43
f 1167/641/43 1171/643/43 1169/984/43
f 1168/983/43 1172/985/43 1170/640/43
f 1173/986/43 1169/984/43 1171/643/43
f 1174/642/43 1170/640/43 1172/985/43
f 1171/643/43 1175/645/43 1173/986/43
f 1172/985/43 1176/987/43 1174/642/43
f 1177/988/43 1173/986/43 1175/645/43
f 1178/644/43 1174/642/43 1176/987/43
f 1175/645/43 1179/647/43 1177/988/43
f 1176/987/43 1180/989/43 1178/644/43
f 1181/990/43 1177/988/43 1179/647/43
f 1182/646/43 1178/644/43 1180/989/43
f 1179/647/43 1182/646/43 1181/990/43
f 1180/989/43 1181/990/43 1182/646/43
f 1185/991/6 1184/423/6 1183/992/6
f 1186/424/6 1183/992/6 1184/423/6
f 1184/423/6 1185/991/6 1187/425/6
f 1183/992/6 1186/424/6 1188/993/6
f 1189/994/6 1187/425/6 1185/991/6
f 1190/422/6 1188/993/6 1186/424/6
f 1187/425/6 1189/994/6 1191/427/6
f 1188/993/6 1190/422/6 1192/995/6
f 1193/996/6 1191/427/6 1189/994/6
f 1194/426/6 1192/995/6 1190/422/6
f 1191/427/6 1193/996/6 1195/429/6
f 1192/995/6 1194/426/6 1196/997/6
f 1197/998/6 1195/429/6 1193/996/6
f 1198/428/6 1196/997/6 1194/426/6
f 1195/429/6 1197/998/6 1199/431/6
f 1196/997/6 1198/428/6 1200/999/6
f 1201/1000/6 1199/431/6 1197/998/6
f 1202/430/6 1200/999/6 1198/428/6
f 1199/431/6 1201/1000/6 1203/433/6
f 1200/999/6 1202/430/6 1204/1001/6
f 1205/1002/6 1203/433/6 1201/1000/6
f 1206/432/6 1204/1001/6 1202/430/6
f 1203/433/6 1205/1002/6 1206/432/6
f 1204/1001/6 1206/432/6 1205/1002/6
g Litt_Deckhouse_C1_Tower_Upper_Platform_mod_steel_3
usemtl steel_3
f 1209/1003/8 1208/1004/8 1207/1005/8
f 1210/1006/8 1207/1005/8 1208/1004/8
f 1207/1005/8 1210/1006/8 1211/1007/8
f 1212/1008/8 1211/1007/8 1210/1006/8
f 1211/1007/8 1212/1008/8 1213/1009/8
f 1213/1009/8 1214/1010/8 1211/1007/8
f 1215/1011/8 1213/1009/8 1212/1008/8
f 1216/1012/8 1213/1009/8 1215/1011/8
f 1216/1012/8 1217/1013/8 1213/1009/8
f 1218/1014/8 1213/1009/8 1217/1013/8
f 1218/1014/8 1217/1013/8 1219/1015/8
f 1220/1016/8 1219/1015/8 1217/1013/8
f 1219/1015/8 1220/1016/8 1221/1017/8
f 1221/1017/8 1222/1018/8 1219/1015/8
f 1223/1019/8 1219/1015/8 1222/1018/8
f 1224/1020/8 1219/1015/8 1223/1019/8
f 1222/1018/8 1225/1021/8 1223/1019/8
f 1226/1022/8 1223/1019/8 1225/1021/8
f 1225/1021/8 1227/1023/8 1226/1022/8
f 1228/1024/8 1226/1022/8 1227/1023/8
f 1231/1025/161 1230/1026/248 1229/1027/161
f 1232/1028/249 1229/1027/161 1230/1026/248
f 1233/1029/250 1232/1028/249 1230/1026/248
f 1230/1026/248 1234/1030/251 1233/1029/250
f 1235/1031/251 1233/1029/250 1234/1030/251
f 1234/1030/251 1236/1032/252 1235/1031/251
f 1237/1033/252 1235/1031/251 1236/1032/252
f 1236/1032/252 1238/1034/253 1237/1033/252
f 1239/1035/253 1237/1033/252 1238/1034/253
f 1238/1034/253 1240/1036/254 1239/1035/253
f 1241/1037/254 1239/1035/253 1240/1036/254
f 1244/1038/255 1243/1039/256 1242/1040/255
f 1245/1041/257 1242/1040/255 1243/1039/256
f 1243/1039/256 1246/320/3 1245/1041/257
f 1247/1042/3 1245/1041/257 1246/320/3
f 1247/1042/3 1246/320/3 1248/1043/258
f 1249/1044/259 1248/1043/258 1246/320/3
f 1248/1043/258 1249/1044/259 1250/1045/260
f 1251/1046/260 1250/1045/260 1249/1044/259
f 1254/1047/8 1253/1048/8 1252/1049/8
f 1255/1050/8 1252/1049/8 1253/1048/8
f 1255/1050/8 1256/1051/8 1252/1049/8
f 1257/1052/8 1252/1049/8 1256/1051/8
f 1260/1053/43 1259/1054/43 1258/1055/43
f 1261/1056/43 1258/1055/43 1259/1054/43
f 1264/1057/1 1263/7/1 1262/1058/1
f 1265/8/1 1262/1058/1 1263/7/1
f 1265/8/1 1266/9/1 1262/1058/1
f 1267/1059/1 1262/1058/1 1266/9/1
f 1270/6/1 1269/1060/1 1268/5/1
f 1271/1061/1 1268/5/1 1269/1060/1
f 1268/5/1 1271/1061/1 1272/4/1
f 1273/1062/1 1272/4/1 1271/1061/1
f 1276/1063/261 1275/1064/261 1274/1065/261
f 1277/1066/261 1274/1065/261 1275/1064/261
f 1280/1067/8 1279/1068/8 1278/1069/8
f 1281/1070/8 1278/1069/8 1279/1068/8
f 1278/1069/8 1281/1070/8 1282/1071/8
f 1283/1072/8 1282/1071/8 1281/1070/8
f 1286/1073/262 1285/1074/262 1284/1075/262
f 1287/1076/262 1284/1075/262 1285/1074/262
f 1290/1077/263 1289/1078/263 1288/1079/264
f 1291/1080/265 1288/1079/264 1289/1078/263
f 1291/1080/265 1292/1081/266 1288/1079/264
f 1288/1079/264 1292/1081/266 1293/1082/267
f 1294/1083/267 1293/1082/267 1292/1081/266
f 1293/1082/267 1294/1083/267 1295/1084/268
f 1296/1085/268 1295/1084/268 1294/1083/267
f 1295/1084/268 1296/1085/268 1297/1086/269
f 1298/1087/269 1297/1086/269 1296/1085/268
f 1297/1086/269 1298/1087/269 1299/1088/270
f 1300/1089/270 1299/1088/270 1298/1087/269
f 1303/1090/6 1302/1091/6 1301/1092/6
f 1304/1093/6 1301/1092/6 1302/1091/6
f 1307/10/1 1306/11/1 1305/1094/1
f 1308/1095/1 1305/1094/1 1306/11/1
f 1306/11/1 1309/12/1 1308/1095/1
f 1310/1096/1 1308/1095/1 1309/12/1
f 1313/1097/271 1312/1098/271 1311/1099/271
f 1314/1100/271 1311/1099/271 1312/1098/271
f 1317/1101/8 1316/1102/8 1315/1103/8
f 1318/1104/8 1315/1103/8 1316/1102/8
f 1316/1102/8 1319/1105/8 1318/1104/8
f 1320/1106/8 1318/1104/8 1319/1105/8
f 1323/1107/272 1322/1108/272 1321/1109/272
f 1324/1110/272 1321/1109/272 1322/1108/272
g Litt_Deckhouse_C1_Tower_Upper_Platform_mod_details_2
usemtl details_2
f 1327/309/273 1326/1111/3 1325/306/273
f 1328/308/3 1325/306/273 1326/1111/3
f 1328/308/3 1326/1111/3 1329/310/274
f 1330/314/274 1329/310/274 1326/1111/3
f 1333/1112/275 1332/1113/72 1331/1114/275
f 1334/1115/72 1331/1114/275 1332/1113/72
f 1332/1113/72 1335/1116/70 1334/1115/72
f 1336/1117/70 1334/1115/72 1335/1116/70
f 1339/1118/228 1338/1119/228 1337/1120/102
f 1340/1121/102 1337/1120/102 1338/1119/228
f 1337/1120/102 1340/1121/102 1341/1122/100
f 1342/1123/100 1341/1122/100 1340/1121/102
f 1345/1124/43 1344/1125/43 1343/1126/43
f 1344/1125/43 1346/1127/43 1343/1126/43
f 1343/1126/43 1346/1127/43 1347/1128/43
f 1348/1129/244 1346/1127/43 1344/1125/43
f 1351/1130/276 1350/1131/6 1349/1132/6
f 1350/1131/6 1352/1133/6 1349/1132/6
f 1349/1132/6 1352/1133/6 1353/1134/6
f 1354/1135/6 1352/1133/6 1350/1131/6
f 1357/1136/277 1356/1137/278 1355/1138/279
f 1358/1139/280 1355/1138/279 1356/1137/278
f 1355/1138/279 1358/1139/280 1359/1140/281
f 1360/1141/282 1359/1140/281 1358/1139/280
f 1359/1140/281 1360/1141/282 1361/1142/283
f 1362/1143/284 1361/1142/283 1360/1141/282
f 1365/1144/285 1364/1145/285 1363/1146/285
f 1366/1147/285 1363/1146/285 1364/1145/285
f 1369/1148/286 1368/1149/287 1367/1150/288
f 1370/1151/289 1367/1150/288 1368/1149/287
f 1367/1150/288 1370/1151/289 1371/1152/290
f 1372/1153/291 1371/1152/290 1370/1151/289
f 1371/1152/290 1372/1153/291 1373/1154/292
f 1374/1155/293 1373/1154/292 1372/1153/291
f 1377/1156/294 1376/1157/294 1375/1158/294
f 1378/1159/294 1375/1158/294 1376/1157/294
f 1381/1160/3 1380/1161/3 1379/1162/3
f 1382/1163/3 1379/1162/3 1380/1161/3
f 1385/1164/12 1384/1165/12 1383/1166/12
f 1386/1167/12 1383/1166/12 1384/1165/12
f 1389/1168/295 1388/1169/295 1387/1170/295
f 1390/1171/295 1387/1170/295 1388/1169/295
f 1393/1172/296 1392/1173/296 1391/1174/296
f 1394/1175/296 1391/1174/296 1392/1173/296
f 1397/1176/43 1396/964/297 1395/963/298
f 1397/1176/43 1395/963/298 1398/966/299
f 1397/1176/43 1399/965/300 1396/964/297
f 1397/1176/43 1398/966/299 1400/968/301
f 1397/1176/43 1401/967/302 1399/965/300
f 1397/1176/43 1400/968/301 1402/970/303
f 1397/1176/43 1403/969/304 1401/967/302
f 1397/1176/43 1402/970/303 1403/969/304
f 1406/971/305 1405/1177/6 1404/972/306
f 1404/972/306 1405/1177/6 1407/974/307
f 1408/973/308 1405/1177/6 1406/971/305
f 1407/974/307 1405/1177/6 1409/976/309
f 1410/975/310 1405/1177/6 1408/973/308
f 1409/976/309 1405/1177/6 1411/978/311
f 1412/977/312 1405/1177/6 1410/975/310
f 1411/978/311 1405/1177/6 1412/977/312
g Litt_Deckhouse_C1_Tower_Upper_Platform_mod_details_4
usemtl details_4
f 1415/1178/313 1414/1179/314 1413/1180/313
f 1416/447/314 1413/1180/313 1414/1179/314
f 1414/1179/314 1417/1181/315 1416/447/314
f 1418/1182/316 1416/447/314 1417/1181/315
f 1421/1183/317 1420/1184/318 1419/1185/317
f 1422/1186/319 1419/1185/317 1420/1184/318
f 1420/1184/318 1423/455/320 1422/1186/319
f 1424/1187/320 1422/1186/319 1423/455/320
f 1423/455/320 1425/1188/321 1424/1187/320
f 1426/1189/321 1424/1187/320 1425/1188/321
f 1425/1188/321 1427/1190/322 1426/1189/321
f 1428/1191/322 1426/1189/321 1427/1190/322
f 1431/1192/323 1430/417/324 1429/1193/325
f 1432/1194/324 1429/1193/325 1430/417/324
f 1430/417/324 1433/1195/326 1432/1194/324
f 1434/1196/327 1432/1194/324 1433/1195/326
f 1437/1197/328 1436/1198/329 1435/1199/330
f 1438/1200/331 1435/1199/330 1436/1198/329
f 1436/1198/329 1439/439/332 1438/1200/331
f 1440/1201/332 1438/1200/331 1439/439/332
f 1439/439/332 1441/1202/333 1440/1201/332
f 1442/1203/333 1440/1201/332 1441/1202/333
f 1441/1202/333 1443/1204/334 1442/1203/333
f 1444/1205/335 1442/1203/333 1443/1204/334
f 1447/1206/336 1446/1207/336 1445/1208/337
f 1448/661/337 1445/1208/337 1446/1207/336
f 1445/1208/337 1448/661/337 1449/1209/338
f 1450/1210/339 1449/1209/338 1448/661/337
f 1453/1211/340 1452/1212/340 1451/1213/341
f 1454/1214/342 1451/1213/341 1452/1212/340
f 1451/1213/341 1454/1214/342 1455/669/343
f 1456/1215/343 1455/669/343 1454/1214/342
f 1455/669/343 1456/1215/343 1457/1216/344
f 1458/1217/344 1457/1216/344 1456/1215/343
f 1457/1216/344 1458/1217/344 1459/1218/345
f 1460/1219/345 1459/1218/345 1458/1217/344
f 1463/1220/346 1462/1221/347 1461/632/348
f 1464/1222/348 1461/632/348 1462/1221/347
f 1461/632/348 1464/1222/348 1465/1223/349
f 1466/1224/349 1465/1223/349 1464/1222/348
f 1469/1225/350 1468/1226/351 1467/1227/352
f 1470/1228/353 1467/1227/352 1468/1226/351
f 1467/1227/352 1470/1228/353 1471/653/354
f 1472/1229/354 1471/653/354 1470/1228/353
f 1471/653/354 1472/1229/354 1473/1230/355
f 1474/1231/355 1473/1230/355 1472/1229/354
f 1473/1230/355 1474/1231/355 1475/1232/356
f 1476/1233/356 1475/1232/356 1474/1231/355
l 362 363
l 374 375
l 319 320
l 326 327
l 315 317
l 892 893
l 896 897
l 900 901
l 904 905
l 359 362
l 375 376
l 305 306
l 306 307
l 894 895
l 898 899
l 902 903
l 906 907
l 318 319
l 324 326
l 384 386
