# Blender 5.1.0
# www.blender.org
mtllib Litt_Deckhouse_A1_Tower_Main_mod.mtl
o Litt_Deckhouse_A1_Tower_Main_mod
v 4.584860 10.923924 2.485489
v 4.584864 10.923923 2.583752
v -0.000006 10.923925 4.099675
v -4.584873 10.923924 2.485489
v -4.584873 10.923923 2.583752
v 4.584864 10.923923 2.583752
v 1.123279 10.923925 4.277588
v 4.593010 10.923923 2.583588
v 2.136608 10.923925 4.793900
v 2.940791 10.923925 5.598083
v 3.457107 10.923925 6.611412
v 3.635018 10.923925 7.734695
v 4.593021 10.923924 8.548649
v 4.580221 10.923924 8.687355
v 3.504259 10.923925 8.560261
v 4.500798 10.923924 8.873291
v 4.627931 10.923925 9.121555
v 4.380232 10.923924 9.121536
v -4.584873 10.923923 2.583752
v -1.123291 10.923925 4.277588
v -4.608976 10.923923 2.583588
v -2.136620 10.923925 4.793900
v -2.940803 10.923925 5.598083
v -3.457120 10.923925 6.611412
v -3.635031 10.923925 7.734695
v -4.608989 10.923924 8.548649
v -4.589652 10.923924 8.687355
v -3.504271 10.923925 8.560261
v -4.500812 10.923924 8.873291
v -4.627944 10.923925 9.121555
v -4.380245 10.923924 9.121536
v 5.087293 12.924481 9.121532
v 4.381513 12.924498 9.121578
v 5.087278 12.924510 7.734779
v 3.416715 12.924535 7.734695
v 3.277408 12.924527 8.614620
v 5.022054 12.924536 6.939281
v 3.249489 12.924535 6.678875
v 4.836164 12.924536 6.163330
v 4.530458 12.924536 5.426308
v 2.764180 12.924535 5.726398
v 4.113886 12.924536 4.745778
v 2.008292 12.924535 4.970509
v 2.725697 12.924536 2.835145
v 1.055819 12.924535 4.485203
v -0.000006 12.924535 4.317975
v 0.400237 12.924536 2.835072
v -0.400249 12.924536 2.835072
v 0.400237 12.924536 2.741936
v -0.400249 12.924536 2.741936
v -2.725709 12.924536 2.835145
v -0.400249 12.924536 2.835072
v -1.055831 12.924535 4.485203
v -2.008304 12.924535 4.970509
v -4.113898 12.924536 4.745778
v -2.764192 12.924535 5.726398
v -4.530471 12.924536 5.426308
v -3.249502 12.924535 6.678875
v -4.836177 12.924536 6.163330
v -5.022068 12.924536 6.939281
v -3.416727 12.924535 7.734695
v -5.087290 12.924510 7.734779
v -4.381526 12.924498 9.121578
v -3.277421 12.924527 8.614620
v -5.087306 12.924481 9.121532
v 2.717153 10.923917 11.474537
v -0.000006 10.923914 9.243168
v 4.370457 10.923914 9.243168
v -0.000008 10.923915 12.357399
v -2.717168 10.923917 11.474537
v -4.370471 10.923914 9.243168
v 2.590410 12.924592 11.300091
v -0.000006 12.924522 9.176666
v 4.157028 12.923898 9.177032
v -0.000008 12.924592 12.141777
v -2.590425 12.924592 11.300091
v -4.157042 12.923898 9.177032
v 0.441675 15.191806 13.867794
v 0.992445 15.191805 13.177151
v 0.795878 15.191806 13.585323
v 0.992446 15.191805 12.724030
v -0.000008 15.191806 13.968605
v 0.772786 15.191797 12.266483
v 0.644607 15.191792 12.234798
v -0.000008 15.191797 11.538280
v 0.587277 15.191797 11.421459
v 1.360870 15.191819 11.866272
v 1.085153 15.191797 11.088791
v 2.063037 15.191813 11.324955
v 1.417823 15.191797 10.590912
v 2.614174 15.191826 10.566597
v 3.371734 15.191872 8.588387
v 1.548736 15.191797 9.749657
v 2.056423 15.191799 6.487225
v 3.506970 15.191765 7.734695
v 3.335327 15.191769 6.650982
v 1.899886 15.191799 5.700260
v 2.837197 15.191769 5.673347
v 1.454109 15.191799 5.033108
v 2.061343 15.191769 4.897496
v 2.120854 15.191739 4.815583
v 0.786955 15.191799 4.587330
v 2.120854 15.191737 2.845608
v -0.000006 15.191737 2.845315
v -0.000006 15.191799 4.430794
v -0.786967 15.191799 4.587330
v -2.120866 15.191737 2.845608
v -2.120866 15.191739 4.815583
v -1.454121 15.191799 5.033108
v -2.061355 15.191769 4.897496
v -2.837210 15.191769 5.673347
v -1.899899 15.191799 5.700260
v -3.335339 15.191769 6.650982
v -2.056435 15.191799 6.487225
v -3.506982 15.191765 7.734695
v -3.371747 15.191872 8.588387
v -1.548751 15.191797 9.749657
v -1.417838 15.191797 10.590912
v -2.614189 15.191826 10.566597
v -2.063051 15.191813 11.324955
v -1.085168 15.191797 11.088791
v -1.360885 15.191819 11.866272
v -0.587293 15.191797 11.421459
v -0.644622 15.191792 12.234798
v -0.772802 15.191797 12.266483
v -0.992461 15.191805 12.724030
v -0.441691 15.191806 13.867794
v -0.992461 15.191805 13.177151
v -0.795894 15.191806 13.585323
v 0.393474 17.191813 3.540478
v 2.516727 17.191813 -2.634048
v 3.979700 17.191813 0.303124
v 4.159394 17.191813 1.532780
v 0.393475 17.191813 4.509060
v 4.159394 17.191813 3.005623
v 4.014721 17.191813 3.363972
v 1.827952 17.191813 5.630795
v -0.000006 17.191816 7.521801
v -0.000006 17.191811 4.430794
v -0.393487 17.191813 4.509060
v -1.827964 17.191813 5.630795
v -4.014733 17.191813 3.363972
v -4.159406 17.191813 3.005623
v -4.159406 17.191813 1.532780
v -0.393486 17.191813 3.540478
v -3.979712 17.191813 0.303120
v -2.521497 17.191813 -2.634048
v -0.002385 17.191813 -2.634048
v -0.000006 17.191813 3.540478
v 0.393474 17.191813 3.540478
v 2.516727 17.191813 -2.634048
v 1.899886 17.191813 5.700260
v 2.056423 17.191813 6.487225
v -0.000006 17.191816 7.665680
v 1.548736 17.191816 9.749657
v 1.417823 17.191816 10.590912
v 1.085153 17.191816 11.088791
v 0.587277 17.191816 11.421459
v -0.000008 17.191816 11.538280
v -0.587293 17.191816 11.421459
v -1.085168 17.191816 11.088791
v -1.417838 17.191816 10.590912
v -1.548751 17.191816 9.749657
v -2.056435 17.191813 6.487225
v -1.899899 17.191813 5.700260
v 4.584860 10.923924 2.485489
v -0.000006 10.923925 4.099675
v 4.584857 10.923924 2.586285
v 4.584857 10.923924 2.484326
v -0.000006 10.923921 -0.909488
v -4.584869 10.923924 2.484326
v -4.584869 10.923924 2.586285
v -4.584873 10.923924 2.485489
v 4.475469 4.923819 2.272828
v -0.000004 4.923817 -2.995338
v 4.475471 4.923817 -2.995338
v 3.636002 4.923819 2.272828
v -0.000006 4.923820 3.444962
v 1.325595 4.923820 3.654915
v 2.521438 4.923820 4.264225
v 3.470464 4.923820 5.213253
v 3.636001 4.923821 5.538136
v -3.636014 4.923819 2.272828
v -1.325607 4.923820 3.654915
v -2.521450 4.923820 4.264225
v -3.470476 4.923820 5.213253
v -3.636013 4.923821 5.538136
v -4.475483 4.923819 2.272828
v -4.475480 4.923817 -2.995338
v 1.355887 10.923923 -0.909490
v 3.814740 10.923923 -0.910970
v -0.000006 10.923921 -0.909488
v 4.364940 10.923923 -0.512836
v 4.732571 10.923923 0.083012
v 4.861667 10.923923 0.785866
v -1.355898 10.923923 -0.909490
v -3.814750 10.923923 -0.910972
v -4.364950 10.923923 -0.512840
v -4.732582 10.923923 0.083010
v -4.861677 10.923923 0.785864
v -0.000006 10.923921 -0.909488
v 4.584375 10.923924 2.482701
v 4.584857 10.923924 2.484326
v 4.617895 10.923924 2.084572
v 4.732572 10.923924 1.488724
v 4.861667 10.923923 0.785866
v -4.584869 10.923924 2.484326
v -4.584386 10.923924 2.482701
v -4.617905 10.923924 2.084572
v -4.732583 10.923924 1.488724
v -4.861677 10.923923 0.785864
v -0.000006 24.541216 5.937054
v -2.355644 24.541220 7.401436
v -2.355643 24.541216 5.937050
v -1.889081 24.541220 8.370262
v -1.048363 24.541220 9.040714
v -0.000007 24.541220 9.279999
v 1.048349 24.541220 9.040718
v 1.889068 24.541220 8.370266
v 2.355631 24.541220 7.401440
v 2.355631 24.541216 5.937054
v -0.000006 25.465010 5.937050
v 2.355632 25.465010 4.075390
v 2.355632 25.465010 5.937054
v 0.644609 25.465004 4.075387
v 0.643991 25.465010 1.358513
v -0.000004 25.465017 -0.059923
v 0.827041 25.465017 0.977221
v 0.368066 25.465017 0.024085
v 0.827041 25.465017 0.599623
v 0.663234 25.465017 0.259476
v -0.643999 25.465010 1.358513
v -0.644619 25.465004 4.075383
v -2.355643 25.465010 5.937050
v -2.355642 25.465010 4.075387
v -0.827048 25.465017 0.977221
v -0.368073 25.465017 0.024085
v -0.827048 25.465017 0.599623
v -0.663242 25.465017 0.259476
v 1.265737 7.847606 6.564606
v -0.000006 7.847606 6.564606
v 1.265737 7.847605 1.172825
v 1.365737 7.847605 -1.040227
v 2.191377 7.847605 -1.040227
v 2.191377 7.847605 1.172825
v -0.000004 7.847602 -2.995338
v 1.365737 7.847605 -1.140228
v 1.365738 7.847605 -2.995338
v -1.265748 7.847605 1.172825
v -1.265749 7.847606 6.564606
v -1.365748 7.847605 -1.040227
v -2.191421 7.847605 1.172825
v -2.191420 7.847605 -1.040227
v -1.365748 7.847605 -1.140228
v -1.365746 7.847605 -2.995338
v 3.647019 2.923820 5.084980
v 4.287328 2.923820 6.341656
v 3.636001 4.923821 5.538136
v 3.472925 10.771505 6.606274
v 3.651650 10.771505 7.734695
v 2.954246 10.771505 5.588306
v 4.507964 2.923820 7.734695
v 3.470464 4.923820 5.213253
v 2.146384 10.771505 4.780446
v 2.521438 4.923820 4.264225
v 3.472927 10.771505 8.863113
v 4.287330 2.923820 9.127731
v 3.293902 6.923923 10.127857
v 2.954247 10.771505 9.881081
v 3.647022 2.923821 10.384411
v 2.393159 6.923923 11.028603
v 2.649715 2.923821 11.381718
v 2.649715 2.923821 11.381718
v 1.258157 6.923925 11.606915
v 2.393159 6.923923 11.028603
v 1.393036 2.923821 12.022030
v -0.000008 2.923821 12.242668
v -0.000008 6.923923 11.806187
v -1.258172 6.923925 11.606915
v -1.393052 2.923821 12.022030
v -2.649729 2.923821 11.381718
v -2.393174 6.923923 11.028603
v 2.940791 10.923925 5.598083
v 2.018407 12.771516 4.956593
v 2.136608 10.923925 4.793900
v 2.778102 12.771516 5.716286
v 3.457107 10.923925 6.611412
v 3.265855 12.771516 6.673557
v 3.635018 10.923925 7.734695
v 3.433923 12.771516 7.734695
v 3.504259 10.923925 8.560261
v 3.321436 12.771516 8.442532
v 1.061137 12.771516 4.468838
v 2.136608 10.923925 4.793900
v 2.018407 12.771516 4.956593
v 1.123279 10.923925 4.277588
v -0.000006 12.771516 4.300766
v -0.000006 10.923925 4.099675
v -1.123291 10.923925 4.277588
v -1.061149 12.771516 4.468838
v -2.136620 10.923925 4.793900
v -2.018419 12.771516 4.956593
v 4.380232 11.885831 9.121593
v 4.577052 11.885831 9.221867
v 4.627931 11.885831 9.121601
v 4.471725 11.885831 9.221867
v 4.591067 11.885831 8.973621
v 4.500798 11.885831 8.873348
v 4.573684 11.885831 8.687412
v 4.661530 11.885831 8.787685
v 4.593021 11.885831 8.548706
v 4.677023 11.885831 8.648975
v 4.593010 11.885831 2.583649
v 4.677012 11.885831 2.485482
v 4.584864 11.885831 2.485489
v 4.584864 11.885831 2.583783
v 3.963212 12.924781 10.618805
v 2.874037 12.771513 11.690472
v 2.881475 12.924781 11.700546
v 3.955773 12.771513 10.608730
v 4.661898 12.771486 9.221844
v 4.674490 12.924761 9.221844
v 3.870807 12.662599 10.680470
v 2.945776 12.662599 11.605503
v 2.906320 11.890534 11.551197
v 2.822932 11.771509 11.620129
v 3.885432 11.771509 10.557625
v 2.771827 10.771504 11.549789
v 3.815091 10.771504 10.506519
v 4.468928 10.771512 9.221867
v 3.816499 11.890534 10.641014
v 4.565758 11.769423 9.221867
v 3.943419 11.890532 10.466290
v 3.997721 12.662596 10.505745
v 4.589726 12.662574 9.342941
v 4.527851 11.890560 9.319370
v 4.577052 11.885831 9.221867
v 4.627931 11.885831 9.121601
v 4.701168 12.771514 9.144688
v 4.468928 10.771512 9.221867
v 4.471725 11.885831 9.221867
v 4.471725 10.771512 9.221867
v 4.565758 11.769423 9.221867
v 4.577052 11.885831 9.221867
v 3.963212 12.924781 10.618805
v 4.286473 13.083312 9.221844
v 4.674490 12.924761 9.221844
v 3.681449 13.084044 10.409424
v 2.674731 13.084044 11.416145
v 2.881475 12.924781 11.700546
v 1.406188 13.084044 12.062504
v 1.518408 12.924783 12.395065
v -0.000008 12.924783 12.634380
v -0.000008 13.084045 12.285221
v -1.406203 13.084044 12.062504
v -1.518423 12.924783 12.395065
v -2.881490 12.924781 11.700546
v -2.674745 13.084044 11.416145
v -3.963226 12.924781 10.618805
v -3.681465 13.084044 10.409424
v -4.286486 13.083312 9.221844
v -4.674504 12.924761 9.221844
v 5.087293 13.886389 9.121593
v 4.332108 13.886394 9.221844
v 4.381513 13.886389 9.121601
v 5.186195 13.886389 9.221867
v 5.186192 13.886396 7.734879
v 5.087278 13.886392 7.734779
v 5.022054 13.886395 6.939281
v 5.121125 13.886395 6.923592
v 4.836164 13.886395 6.163330
v 4.931568 13.886395 6.132328
v 4.530458 13.886395 5.426308
v 4.619832 13.886395 5.380772
v 4.113886 13.886395 4.745778
v 4.195041 13.886395 4.686814
v 2.725726 13.886395 2.835145
v 2.782018 13.886395 2.741959
v 0.400237 13.886395 2.835145
v 0.400237 13.886395 2.741986
v 4.674490 12.924761 9.221844
v 5.186195 12.771457 9.221867
v 4.661898 12.771486 9.221844
v 5.186195 13.886389 9.221867
v 4.286473 13.083312 9.221844
v 4.325146 13.763865 9.221844
v 4.332108 13.886394 9.221844
v 5.186192 13.886396 7.734879
v 5.186195 12.771457 9.221867
v 5.186195 13.886389 9.221867
v 5.186203 12.771499 7.734879
v 5.121125 13.886395 6.923592
v 5.108642 12.771496 6.925568
v 4.919547 12.771498 6.136238
v 4.931568 13.886395 6.132328
v 4.619832 13.886395 5.380772
v 4.608571 12.771498 5.386509
v 4.184816 12.771498 4.694245
v 4.195041 13.886395 4.686814
v 2.782018 13.886395 2.741959
v 2.782018 12.771496 2.742047
v 2.008292 12.924535 4.970509
v 2.919108 14.923710 5.613838
v 2.120854 14.923710 4.815583
v 2.764180 12.924535 5.726398
v 3.431618 14.923710 6.619694
v 3.249489 12.924535 6.678875
v 3.416715 12.924535 7.734695
v 3.608216 14.923710 7.734695
v 3.277408 12.924527 8.614620
v 3.468859 14.923901 8.614422
v 2.120854 14.923710 4.815583
v 1.055819 12.924535 4.485203
v 2.008292 12.924535 4.970509
v 1.114996 14.923710 4.303074
v -0.000006 12.924535 4.317975
v -0.000006 14.923710 4.126473
v -1.115008 14.923710 4.303074
v -1.055831 12.924535 4.485203
v -2.120866 14.923710 4.815583
v -2.008304 12.924535 4.970509
v 3.785430 14.924153 10.485023
v 2.742792 14.771482 11.509827
v 2.750296 14.924153 11.520153
v 3.775131 14.771482 10.477489
v 4.480073 14.924041 9.121761
v 4.414973 14.771300 9.221832
v 4.381513 13.886389 9.121601
v 4.332108 13.886394 9.221844
v 4.378706 14.662211 9.275681
v 4.312908 13.887836 9.260220
v 3.818192 14.662441 10.375420
v 4.325146 13.763865 9.221844
v 3.775378 13.890762 10.344307
v 3.719333 13.766419 10.436947
v 4.286473 13.083312 9.221844
v 3.681449 13.084044 10.409424
v 2.674731 13.084044 11.416145
v 2.702253 13.766419 11.454029
v 2.784572 13.890787 11.383633
v 3.648935 13.890787 10.519264
v 2.815696 14.662416 11.426468
v 3.691773 14.662416 10.550388
v 1.457234 10.771505 12.219608
v 2.822932 11.771509 11.620129
v 2.771827 10.771504 11.549789
v 1.484102 11.771509 12.302296
v -0.000008 10.771505 12.450417
v 1.584710 11.890534 12.262508
v 2.731604 11.890534 11.678135
v 2.874037 12.771513 11.690472
v 2.771061 12.662599 11.732441
v 1.510970 12.771514 12.384991
v 1.605454 12.662599 12.326347
v 2.881475 12.924781 11.700546
v 1.518408 12.924783 12.395065
v -0.000008 12.771514 12.624306
v -0.000008 12.924783 12.634380
v -1.518423 12.924783 12.395065
v -1.510985 12.771514 12.384991
v -1.400079 12.662599 12.393085
v -2.881490 12.924781 11.700546
v -2.874052 12.771513 11.690472
v -0.107988 12.662599 12.597733
v -1.379335 11.890534 12.329243
v -1.484117 11.771509 12.302296
v -0.107988 11.890534 12.530605
v -0.000008 11.771509 12.537357
v 1.400063 12.662599 12.393085
v 0.107973 12.662599 12.597733
v 1.379320 11.890534 12.329243
v 0.107973 11.890534 12.530605
v -1.457250 10.771505 12.219608
v -2.822947 11.771509 11.620129
v -2.771841 10.771504 11.549789
v -1.584726 11.890534 12.262508
v -2.731620 11.890534 11.678135
v -1.605469 12.662599 12.326347
v -2.771076 12.662599 11.732441
v 1.406188 13.084044 12.062504
v 2.702253 13.766419 11.454029
v 2.674731 13.084044 11.416145
v 1.420658 13.766419 12.107037
v -0.000008 13.084045 12.285221
v 1.520702 13.890787 12.065521
v 2.609864 13.890787 11.510567
v 2.742792 14.771482 11.509827
v 2.640986 14.662416 11.553402
v 1.441971 14.771482 12.172630
v 1.537065 14.662416 12.115879
v 2.750296 14.924153 11.520153
v 1.445896 14.924103 12.184616
v 0.744575 14.924004 12.295803
v -0.000008 14.771549 12.401043
v -0.000008 14.924004 12.413746
v -0.744590 14.924004 12.295803
v -1.441986 14.771482 12.172630
v -1.331697 14.662422 12.182613
v -1.445911 14.924103 12.184616
v -2.750311 14.924153 11.520153
v -2.742808 14.771482 11.509827
v -0.107984 14.662478 12.376457
v -1.315334 13.890785 12.132259
v -1.420673 13.766419 12.107037
v -0.107984 13.890787 12.323494
v -0.000008 13.766452 12.332058
v 1.331681 14.662422 12.182613
v 0.107969 14.662478 12.376457
v 1.315319 13.890785 12.132259
v 0.107969 13.890787 12.323494
v -1.406203 13.084044 12.062504
v -2.702269 13.766419 11.454029
v -2.674745 13.084044 11.416145
v -1.520717 13.890787 12.065521
v -2.609878 13.890787 11.510567
v -1.537080 14.662416 12.115879
v -2.641001 14.662416 11.553402
v 1.379320 11.890534 12.329243
v 0.079159 11.906353 12.348686
v 1.350507 11.906352 12.147324
v 0.107973 11.890534 12.530605
v 0.107973 12.662599 12.597733
v 1.371250 12.678416 12.211166
v 0.079159 12.678416 12.415813
v 1.400063 12.662599 12.393085
v 1.400063 12.662599 12.393085
v 1.350507 11.906352 12.147324
v 1.371250 12.678416 12.211166
v 1.379320 11.890534 12.329243
v 2.731604 11.890534 11.678135
v 1.501091 11.906352 12.098392
v 2.647985 11.906352 11.514023
v 1.584710 11.890534 12.262508
v 1.584710 11.890534 12.262508
v 1.521834 12.678413 12.162239
v 1.501091 11.906352 12.098392
v 1.605454 12.662599 12.326347
v 1.605454 12.662599 12.326347
v 2.687441 12.678413 11.568329
v 1.521834 12.678413 12.162239
v 2.771061 12.662599 11.732441
v 2.771061 12.662599 11.732441
v 2.647985 11.906352 11.514023
v 2.687441 12.678413 11.568329
v 2.731604 11.890534 11.678135
v 3.816499 11.890534 10.641014
v 2.776079 11.906352 11.420956
v 3.686260 11.906352 10.510773
v 2.906320 11.890534 11.551197
v 2.906320 11.890534 11.551197
v 2.815536 12.678413 11.475262
v 2.776079 11.906352 11.420956
v 2.945776 12.662599 11.605503
v 2.945776 12.662599 11.605503
v 3.740566 12.678413 10.550232
v 2.815536 12.678413 11.475262
v 3.870807 12.662599 10.680470
v 3.870807 12.662599 10.680470
v 3.686260 11.906352 10.510773
v 3.740566 12.678413 10.550232
v 3.816499 11.890534 10.641014
v 4.527851 11.890560 9.319370
v 3.779289 11.906294 10.382690
v 4.363723 11.906322 9.235771
v 3.943419 11.890532 10.466290
v 3.943419 11.890532 10.466290
v 3.833592 12.678357 10.422146
v 3.779289 11.906294 10.382690
v 3.997721 12.662596 10.505745
v 3.997721 12.662596 10.505745
v 4.425598 12.678335 9.259346
v 3.833592 12.678357 10.422146
v 4.589726 12.662574 9.342941
v 4.589726 12.662574 9.342941
v 4.363723 11.906322 9.235771
v 4.425598 12.678335 9.259346
v 4.527851 11.890560 9.319370
v 0.107969 14.662478 12.376457
v 1.302826 14.674924 12.000446
v 0.079113 14.674981 12.194290
v 1.331681 14.662422 12.182613
v 1.331681 14.662422 12.182613
v 1.286463 13.903289 11.950085
v 1.302826 14.674924 12.000446
v 1.315319 13.890785 12.132259
v 1.315319 13.890785 12.132259
v 0.079113 13.903289 12.141319
v 1.286463 13.903289 11.950085
v 0.107969 13.890787 12.323494
v 1.520702 13.890787 12.065521
v 1.453329 14.674916 11.951542
v 1.436967 13.903287 11.901184
v 1.537065 14.662416 12.115879
v 1.537065 14.662416 12.115879
v 2.557251 14.674916 11.389065
v 1.453329 14.674916 11.951542
v 2.640986 14.662416 11.553402
v 2.640986 14.662416 11.553402
v 2.526129 13.903287 11.346230
v 2.557251 14.674916 11.389065
v 2.609864 13.890787 11.510567
v 2.609864 13.890787 11.510567
v 1.436967 13.903287 11.901184
v 2.526129 13.903287 11.346230
v 1.520702 13.890787 12.065521
v 2.784572 13.890787 11.383633
v 2.685275 14.674916 11.296047
v 2.654151 13.903287 11.253212
v 2.815696 14.662416 11.426468
v 2.815696 14.662416 11.426468
v 3.561352 14.674916 10.419968
v 2.685275 14.674916 11.296047
v 3.691773 14.662416 10.550388
v 3.691773 14.662416 10.550388
v 3.518514 13.903287 10.388844
v 3.561352 14.674916 10.419968
v 3.648935 13.890787 10.519264
v 3.648935 13.890787 10.519264
v 2.654151 13.903287 11.253212
v 3.518514 13.903287 10.388844
v 2.784572 13.890787 11.383633
v 3.775378 13.890762 10.344307
v 3.653517 14.676505 10.292599
v 3.610701 13.904825 10.261486
v 3.818192 14.662441 10.375420
v 3.818192 14.662441 10.375420
v 4.214030 14.676274 9.192863
v 3.653517 14.676505 10.292599
v 4.378706 14.662211 9.275681
v 4.378706 14.662211 9.275681
v 4.148232 13.901901 9.177399
v 4.214030 14.676274 9.192863
v 4.312908 13.887836 9.260220
v 4.312908 13.887836 9.260220
v 3.610701 13.904825 10.261486
v 4.148232 13.901901 9.177399
v 3.775378 13.890762 10.344307
v 3.608216 14.923710 7.734695
v 3.468859 14.923901 8.614422
v 3.468865 15.191875 8.614372
v 3.468865 16.115669 8.614365
v 3.608216 16.115561 7.734684
v 2.702835 16.115623 10.614693
v 2.702835 15.191829 10.614700
v 2.135478 16.115610 11.395367
v 2.135478 15.191814 11.395374
v 3.431618 16.115559 6.619682
v 3.431618 14.923710 6.619694
v 2.919108 14.923710 5.613838
v 2.919108 16.115559 5.613827
v 2.120854 15.191739 4.815583
v 2.120854 16.115559 4.815575
v 2.120854 14.923710 4.815583
v 1.414715 15.191821 11.951027
v 1.445896 14.924103 12.184616
v 0.744575 14.924004 12.295803
v 2.750296 14.924153 11.520153
v 2.624399 15.191875 11.334694
v 2.624399 15.191875 11.334694
v 3.785430 14.924153 10.485023
v 2.750296 14.924153 11.520153
v 3.584492 15.191875 10.374603
v 4.282197 15.191142 9.022320
v 3.785430 14.924153 10.485023
v 3.584492 15.191875 10.374603
v 4.480073 14.924041 9.121761
v 1.414715 15.191821 11.951027
v 2.135478 15.191814 11.395374
v 2.624399 15.191875 11.334694
v 2.702835 15.191829 10.614700
v 3.584492 15.191875 10.374603
v 3.468865 15.191875 8.614372
v 4.282197 15.191142 9.022320
v 1.085153 16.550011 11.088791
v 1.417823 15.191797 10.590912
v 1.085153 15.191797 11.088791
v 1.417823 16.550011 10.590912
v 1.548736 16.550011 9.749657
v 1.548736 15.191797 9.749657
v 2.056423 15.191799 6.487225
v 2.056423 17.191813 6.487225
v 1.899886 15.191799 5.700260
v 1.548736 16.840313 9.749657
v 1.548736 17.191816 9.749657
v 1.417823 17.191816 10.590912
v 1.417823 16.840313 10.590912
v 1.085153 16.840313 11.088791
v 1.085153 17.191816 11.088791
v 1.899886 17.039375 5.700260
v 1.899886 17.191813 5.700260
v 1.454109 15.191799 5.033108
v 1.454109 17.039375 5.033108
v 1.454109 17.039375 5.033108
v 0.786955 15.191799 4.587330
v 1.454109 15.191799 5.033108
v 0.786955 17.039375 4.587330
v -0.000006 15.191799 4.430794
v 0.393475 17.039375 4.509060
v -0.000006 17.039375 4.430794
v -0.000006 17.191811 4.430794
v 0.393475 17.191813 4.509060
v -0.393487 17.039375 4.509060
v -0.393487 17.191813 4.509060
v -0.786967 17.039375 4.587330
v -0.786967 15.191799 4.587330
v -1.454121 17.039375 5.033108
v -1.454121 15.191799 5.033108
v 2.120854 16.115559 4.815575
v 2.837197 16.115561 5.673336
v 2.061343 16.115561 4.897484
v 2.919108 16.115559 5.613827
v 3.335327 16.115561 6.650970
v 3.431618 16.115559 6.619682
v 3.506970 16.115561 7.734684
v 3.608216 16.115561 7.734684
v 3.371734 16.115667 8.588379
v 3.468865 16.115669 8.614365
v 2.614174 16.115620 10.566589
v 2.702835 16.115623 10.614693
v 2.063037 16.115608 11.324947
v 2.135478 16.115610 11.395367
v 1.360870 16.115616 11.866261
v 1.414715 16.115618 11.951015
v 0.644607 16.115585 12.234783
v 0.744575 16.115587 12.295811
v 0.772786 16.115593 12.266472
v 0.892801 16.115593 12.239189
v 0.992446 15.815566 12.724018
v 1.112445 15.815566 12.696705
v 0.992445 15.815566 13.177135
v 1.112445 15.815566 13.204525
v 0.795878 15.815567 13.585316
v 0.892110 15.815567 13.662056
v 0.441675 15.815567 13.867783
v 0.495080 15.815567 13.978676
v -0.000008 15.815567 13.968594
v -0.000008 15.815567 14.091679
v -0.495096 15.815567 13.978676
v -0.441691 15.815567 13.867783
v -0.892126 15.815567 13.662056
v -0.795894 15.815567 13.585316
v -1.112461 15.815566 13.204525
v -0.992461 15.815566 13.177135
v -1.112461 15.815566 12.696705
v -0.992461 15.815566 12.724018
v -0.892816 16.115593 12.239189
v -0.772802 16.115593 12.266472
v -0.744590 16.115587 12.295811
v -0.644622 16.115585 12.234783
v -1.414731 16.115618 11.951015
v -1.360885 16.115616 11.866261
v -2.135493 16.115610 11.395367
v -2.063051 16.115608 11.324947
v -2.702851 16.115623 10.614693
v -2.614189 16.115620 10.566589
v -3.468877 16.115669 8.614365
v -3.371747 16.115667 8.588379
v -3.608229 16.115561 7.734684
v -3.506982 16.115561 7.734684
v -3.431630 16.115559 6.619682
v -3.335339 16.115561 6.650970
v -2.919120 16.115559 5.613827
v -2.837210 16.115561 5.673336
v -2.120866 16.115559 4.815575
v -2.061355 16.115561 4.897484
v 2.135478 15.191814 11.395374
v 1.414715 16.115618 11.951015
v 2.135478 16.115610 11.395367
v 1.414715 15.191821 11.951027
v 0.744575 16.115587 12.295811
v 0.744575 14.924004 12.295803
v 0.892801 14.924004 12.239201
v 0.744575 16.115587 12.295811
v 0.744575 14.924004 12.295803
v 0.892801 16.115593 12.239189
v 1.112445 14.924005 12.696720
v 0.892801 16.115593 12.239189
v 0.892801 14.924004 12.239201
v 1.112445 15.815566 12.696705
v 1.112445 14.924005 13.204540
v 1.112445 15.815566 13.204525
v 0.892110 14.924006 13.662067
v 0.892110 15.815567 13.662056
v 0.495080 14.924006 13.978691
v 0.892110 15.815567 13.662056
v 0.892110 14.924006 13.662067
v 0.495080 15.815567 13.978676
v -0.000008 14.924006 14.091690
v -0.000008 15.815567 14.091679
v -0.495096 15.815567 13.978676
v -0.495096 14.924006 13.978691
v -0.892126 15.815567 13.662056
v -0.892126 14.924006 13.662067
v 2.061343 15.191769 4.897496
v 2.120854 16.115559 4.815575
v 2.061343 16.115561 4.897484
v 2.120854 15.191739 4.815583
v 2.120854 15.191739 4.815583
v 2.120854 14.923709 2.745316
v 2.120854 14.923710 4.815583
v 2.120854 15.191737 2.845608
v 2.120854 16.115538 2.845608
v 2.120854 16.115538 2.745316
v 2.120854 16.115538 2.845608
v -0.000006 16.115538 2.745316
v 2.120854 16.115538 2.745316
v -0.000006 16.115538 2.845315
v -2.120866 16.115538 2.845608
v -2.120866 16.115538 2.745316
v 2.120854 16.115538 2.745316
v -0.000006 14.923709 2.745316
v 2.120854 14.923709 2.745316
v -0.000006 16.115538 2.745316
v -2.120866 16.115538 2.745316
v -2.120866 14.923709 2.745316
v 3.528143 10.771504 10.298042
v 3.293902 6.923923 10.127857
v 3.528143 6.923924 10.298042
v 2.954247 10.771505 9.881081
v 2.563346 6.923925 11.262840
v 1.347630 10.771504 11.882282
v 2.563346 10.771504 11.262840
v 1.347630 6.923925 11.882282
v -0.000008 10.771504 12.095726
v -0.000008 6.923925 12.095726
v -1.347645 6.923925 11.882282
v -1.347645 10.771504 11.882282
v -2.563361 6.923925 11.262840
v -2.563361 10.771504 11.262840
v 2.563346 10.771504 11.262840
v 3.528143 6.923924 10.298042
v 2.563346 6.923925 11.262840
v 3.528143 10.771504 10.298042
v 5.301793 12.959764 8.268494
v 5.350027 13.383428 8.352036
v 5.350027 12.959764 8.352036
v 5.301793 13.383428 8.268494
v 5.301793 13.383428 8.071049
v 5.301793 12.959764 8.071049
v 5.440679 13.383428 8.384975
v 5.350027 12.959764 8.352036
v 5.350027 13.383428 8.352036
v 5.440679 12.959764 8.384975
v 5.531331 13.383428 8.352036
v 5.531331 12.959764 8.352036
v 5.579564 13.383428 8.268494
v 5.531331 12.959764 8.352036
v 5.531331 13.383428 8.352036
v 5.579564 12.959764 8.268494
v 5.579564 12.959764 8.071049
v 5.579564 13.383428 8.071247
v 5.350027 13.383428 8.352036
v 5.531331 13.383428 8.352036
v 5.440679 13.383428 8.384975
v 5.301793 13.383428 8.268494
v 5.579564 13.383428 8.268494
v 5.579564 13.383428 8.071247
v 5.301793 13.383428 8.071049
v 5.617222 12.959761 8.347672
v 5.158556 12.959761 8.071049
v 5.617222 12.959761 8.071049
v 5.158556 12.959762 8.946358
v 5.158556 12.835022 8.946358
v 5.617222 12.835021 7.946827
v 5.158556 12.835021 7.946827
v 5.617222 12.835022 8.347672
v 5.617222 12.959761 8.347672
v 5.617222 12.835021 7.946827
v 5.617222 12.835022 8.347672
v 5.617222 12.959761 8.071049
v 5.617222 13.433969 7.946827
v 5.617222 13.433969 8.071049
v 5.617222 13.433969 7.946827
v 5.158556 13.433969 8.071049
v 5.158556 13.433969 7.946827
v 5.617222 13.433969 8.071049
v 5.617222 12.835021 7.946827
v 5.158556 13.433969 7.946827
v 5.158556 12.835021 7.946827
v 5.617222 13.433969 7.946827
v 5.158556 12.959761 8.071049
v 5.617222 13.433969 8.071049
v 5.617222 12.959761 8.071049
v 5.158556 13.433969 8.071049
v 5.617222 12.959761 8.347672
v 5.158556 12.835022 8.946358
v 5.158556 12.959762 8.946358
v 5.617222 12.835022 8.347672
v 4.677023 10.771512 8.648975
v 4.677012 10.923928 2.485482
v 4.677012 10.771512 2.485482
v 4.677012 11.885831 2.485482
v 4.677023 11.885831 8.648975
v 4.471725 10.771512 9.221867
v 4.591067 11.885831 8.973621
v 4.591067 10.771512 8.973621
v 4.471725 11.885831 9.221867
v 4.661530 11.885831 8.787685
v 4.591067 10.771512 8.973621
v 4.591067 11.885831 8.973621
v 4.666338 10.771512 8.787685
v 4.677023 11.885831 8.648975
v 4.677023 10.771512 8.648975
v 3.654174 10.226857 10.019779
v 4.379375 10.688721 10.151119
v 4.379375 10.688725 10.019779
v 3.654174 10.226854 10.151119
v 3.534622 10.420374 10.151119
v 4.259828 10.882238 10.019775
v 4.259828 10.882240 10.151115
v 3.534622 10.420371 10.019779
v 3.654174 10.226857 10.019779
v 3.613510 10.184425 10.151119
v 3.654174 10.226854 10.151119
v 3.613510 10.184425 10.019779
v 3.598533 10.127598 10.151119
v 3.598533 10.127598 10.019779
v 3.598533 2.993480 10.019779
v 3.598545 2.993485 10.151119
v 3.534622 10.420374 10.151119
v 3.415092 10.295653 10.019779
v 3.534622 10.420371 10.019779
v 3.415097 10.295651 10.151119
v 3.371070 10.128603 10.019779
v 3.371063 10.128606 10.151119
v 3.371070 2.994486 10.151119
v 3.371070 2.994487 10.019779
v 3.598533 10.127598 10.019779
v 3.484813 2.993984 9.954121
v 3.598533 2.993480 10.019779
v 3.484802 10.128101 9.954121
v 3.371070 2.994487 10.019779
v 3.371070 10.128603 10.019779
v 3.415092 10.295653 10.019779
v 3.514297 10.240038 9.954121
v 3.613510 10.184425 10.019779
v 3.534622 10.420371 10.019779
v 3.594398 10.323611 9.954121
v 3.654174 10.226857 10.019779
v 4.379375 10.688725 10.019779
v 4.319603 10.785483 9.954117
v 4.259828 10.882238 10.019775
v 4.300495 10.924664 10.019775
v 4.399706 10.869054 9.954117
v 4.498913 10.813439 10.019775
v 4.315475 10.981493 10.019775
v 4.429201 10.980994 9.954117
v 4.542933 10.980489 10.019775
v 4.542943 11.519143 10.019779
v 4.429206 11.519651 9.954121
v 4.315479 11.520147 10.019779
v 3.371063 10.128606 10.151119
v 3.484802 2.993985 10.216778
v 3.371070 2.994486 10.151119
v 3.484802 10.128103 10.216778
v 3.598545 2.993485 10.151119
v 3.598533 10.127598 10.151119
v 3.613510 10.184425 10.151119
v 3.514297 10.240046 10.216778
v 3.415097 10.295651 10.151119
v 3.654174 10.226854 10.151119
v 3.594398 10.323611 10.216778
v 3.534622 10.420374 10.151119
v 4.259828 10.882240 10.151115
v 4.319610 10.785483 10.216774
v 4.379375 10.688721 10.151119
v 4.498915 10.813441 10.151115
v 4.399700 10.869054 10.216774
v 4.300497 10.924666 10.151115
v 4.542933 10.980489 10.151115
v 4.429204 10.980989 10.216774
v 4.315473 10.981493 10.151115
v 4.315479 11.520150 10.151119
v 4.429210 11.519649 10.216778
v 4.542943 11.519146 10.151119
v 4.259828 10.882238 10.019775
v 4.300497 10.924666 10.151115
v 4.259828 10.882240 10.151115
v 4.300495 10.924664 10.019775
v 4.315473 10.981493 10.151115
v 4.315475 10.981493 10.019775
v 4.315479 11.520147 10.019779
v 4.315479 11.520150 10.151119
v 4.379375 10.688721 10.151119
v 4.498913 10.813439 10.019775
v 4.379375 10.688725 10.019779
v 4.498915 10.813441 10.151115
v 4.542933 10.980489 10.019775
v 4.542933 10.980489 10.151115
v 4.542943 11.519146 10.151119
v 4.542943 11.519143 10.019779
v 4.617143 11.611363 9.935566
v 4.562096 11.744255 10.368980
v 4.562098 11.744255 9.935566
v 4.617142 11.611363 10.368980
v 4.562098 11.478473 9.935566
v 4.562096 11.478473 10.368980
v 4.429206 11.799299 10.368980
v 4.562098 11.744255 9.935566
v 4.562096 11.744255 10.368980
v 4.429207 11.799299 9.935566
v 4.296313 11.744255 10.368980
v 4.296314 11.744255 9.935566
v 4.241268 11.611361 10.368980
v 4.296314 11.744255 9.935566
v 4.296313 11.744255 10.368980
v 4.241269 11.611363 9.935566
v 4.296313 11.478473 10.368980
v 4.296314 11.478473 9.935566
v 4.429206 11.423425 10.368980
v 4.296314 11.478473 9.935566
v 4.296313 11.478473 10.368980
v 4.429207 11.423425 9.935566
v 4.562096 11.478473 10.368980
v 4.562098 11.478473 9.935566
v 4.429204 11.707505 9.773991
v 4.525345 11.611365 9.773991
v 4.497187 11.679345 9.773991
v 4.429207 11.515225 9.773991
v 4.497187 11.543385 9.773991
v 4.361225 11.543385 9.773991
v 4.333066 11.611365 9.773991
v 4.361225 11.679345 9.773991
v 4.525345 11.611365 9.773991
v 4.562098 11.744255 9.935566
v 4.497187 11.679345 9.773991
v 4.617143 11.611363 9.935566
v 4.497187 11.543385 9.773991
v 4.562098 11.478473 9.935566
v 4.429207 11.515225 9.773991
v 4.562098 11.478473 9.935566
v 4.497187 11.543385 9.773991
v 4.429207 11.423425 9.935566
v 4.361225 11.543385 9.773991
v 4.296314 11.478473 9.935566
v 4.333066 11.611365 9.773991
v 4.296314 11.478473 9.935566
v 4.361225 11.543385 9.773991
v 4.241269 11.611363 9.935566
v 4.361225 11.679345 9.773991
v 4.296314 11.744255 9.935566
v 4.429204 11.707505 9.773991
v 4.296314 11.744255 9.935566
v 4.361225 11.679345 9.773991
v 4.429207 11.799299 9.935566
v 4.497187 11.679345 9.773991
v 4.562098 11.744255 9.935566
v 1.944890 12.924538 4.042504
v 2.120854 14.923709 4.042508
v 2.120854 12.924538 4.042511
v 1.944890 14.923709 4.042515
v 2.120854 12.924538 3.984288
v 1.944890 14.923709 3.984303
v 1.944890 12.924538 3.984299
v 2.120854 14.923709 3.984299
v 1.944890 12.924538 4.636136
v 2.120854 14.923709 4.636132
v 2.120854 12.924538 4.636136
v 1.944890 14.923709 4.636132
v 2.120854 12.924538 4.577912
v 1.944892 14.923709 4.577927
v 1.944901 12.924538 4.577927
v 2.120854 14.923709 4.577927
v 2.120854 12.924538 4.636136
v 2.120854 14.923709 4.577927
v 2.120854 12.924538 4.577912
v 2.120854 14.923709 4.636132
v 2.120854 12.924538 4.042511
v 2.120854 14.923709 3.984299
v 2.120854 12.924538 3.984288
v 2.120854 14.923709 4.042508
v 1.944901 12.924538 4.577927
v 1.944890 14.923709 4.636132
v 1.944890 12.924538 4.636136
v 1.944892 14.923709 4.577927
v 1.944890 12.924538 3.984299
v 1.944890 14.923709 4.042515
v 1.944890 12.924538 4.042504
v 1.944890 14.923709 3.984303
v 0.393475 17.039375 4.509060
v 0.393474 17.191813 3.540478
v 0.393475 17.191813 4.509060
v 0.393474 17.039375 3.540478
v 4.038826 18.115602 0.216408
v 2.516727 18.115602 -2.634048
v 2.516727 18.115602 -2.738407
v 3.979700 18.115602 0.303122
v 4.259395 18.115602 1.498307
v 4.159394 18.115602 1.532780
v 4.259395 18.115602 3.025052
v 4.159395 18.115602 3.005623
v 4.100177 18.115602 3.419419
v 4.014721 18.115602 3.363972
v 1.899886 18.115602 5.700260
v 1.827952 18.115602 5.630798
v -0.000006 18.115604 7.665680
v -0.000006 18.115604 7.521801
v -1.827964 18.115602 5.630798
v -1.899899 18.115602 5.700260
v -4.014733 18.115602 3.363972
v -4.100189 18.115602 3.419419
v -4.159406 18.115602 3.005623
v -4.259406 18.115602 3.025052
v -4.159406 18.115602 1.532780
v -4.259406 18.115602 1.498307
v -3.979712 18.115602 0.303120
v -4.038838 18.115602 0.216406
v -2.521497 18.115602 -2.634048
v -2.521497 18.115602 -2.738407
v -0.002385 18.115602 -2.634048
v -0.002385 18.115602 -2.738407
v 2.516727 18.115602 -2.634048
v 2.516727 18.115602 -2.738407
v 4.038826 17.039375 0.216410
v 4.259395 18.115602 1.498307
v 4.038826 18.115602 0.216408
v 4.259394 17.039375 1.498307
v 4.259395 18.115602 3.025052
v 4.259394 17.039375 3.025052
v 4.100177 18.115602 3.419419
v 4.100178 17.039375 3.419419
v 1.899886 17.039375 5.700260
v 1.899886 17.191813 5.700260
v 1.899886 18.115602 5.700260
v -0.000006 17.191816 7.665680
v -0.000006 18.115604 7.665680
v 2.516727 17.039375 -2.738407
v 4.038826 18.115602 0.216408
v 2.516727 18.115602 -2.738407
v 4.038826 17.039375 0.216410
v 0.645803 17.063435 11.562759
v 1.193297 17.363434 11.196934
v 1.193297 17.063435 11.196934
v 0.645803 17.363434 11.562759
v -0.000008 17.063435 11.691219
v -0.000008 17.363434 11.691219
v -0.645818 17.363434 11.562759
v -0.645818 17.063435 11.562759
v -1.193312 17.363434 11.196934
v -1.193312 17.063435 11.196934
v 0.528752 17.363434 11.280163
v 0.977009 17.132195 10.980648
v 0.977009 17.363434 10.980648
v 0.528752 17.132195 11.280163
v -0.000008 17.363434 11.385338
v -0.000008 17.132195 11.385338
v -0.528767 17.132195 11.280163
v -0.528767 17.363434 11.280163
v -0.977025 17.132195 10.980648
v -0.977025 17.363434 10.980648
v 2.208726 17.363432 6.484028
v 1.758589 17.363432 5.758785
v 2.012517 17.363432 5.496128
v 1.904120 17.363432 6.490421
v 1.560946 17.363434 10.646709
v 1.274700 17.363434 10.535122
v 1.193297 17.363434 11.196934
v 0.977009 17.363434 10.980648
v 0.645803 17.363434 11.562759
v 0.528752 17.363434 11.280163
v -0.000008 17.363434 11.691219
v -0.000008 17.363434 11.385338
v -0.528767 17.363434 11.280163
v -0.645818 17.363434 11.562759
v -0.977025 17.363434 10.980648
v -1.193312 17.363434 11.196934
v -1.274716 17.363434 10.535122
v -1.560961 17.363434 10.646709
v -1.904133 17.363432 6.490421
v -2.208738 17.363432 6.484028
v -1.758602 17.363432 5.758785
v -2.012529 17.363432 5.496128
v 2.208726 17.063433 6.484028
v 2.012517 17.363432 5.496128
v 2.012517 17.063433 5.496128
v 2.208726 17.363432 6.484028
v 1.560946 17.063435 10.646709
v 1.560946 17.363434 10.646709
v 1.193297 17.063435 11.196934
v 1.193297 17.363434 11.196934
v 1.904120 17.363432 6.490421
v 1.758589 17.132193 5.758785
v 1.758589 17.363432 5.758785
v 1.904120 17.132193 6.490421
v 1.274700 17.363434 10.535122
v 1.274700 17.132195 10.535122
v 0.977009 17.363434 10.980648
v 0.977009 17.132195 10.980648
v 2.012517 17.063433 5.496128
v -0.000006 17.063435 7.860962
v 2.208726 17.063433 6.484028
v 1.560946 17.063435 10.646709
v 1.193297 17.063435 11.196934
v 0.645803 17.063435 11.562759
v -0.000008 17.063435 11.691219
v -0.645818 17.063435 11.562759
v -1.193312 17.063435 11.196934
v -1.560961 17.063435 10.646709
v -2.208738 17.063433 6.484028
v -2.012529 17.063433 5.496128
v 3.013813 18.385296 2.707673
v 3.795682 18.638235 2.775448
v 3.795682 18.385296 2.707673
v 3.013813 18.638237 2.775448
v 3.795682 18.891174 2.707673
v 3.013813 18.891174 2.707673
v 3.013813 18.638237 2.775448
v 3.013813 18.385296 2.707673
v 3.013813 18.891174 2.707673
v 3.013813 18.200132 2.522507
v 3.013813 19.076342 2.522507
v 3.013813 18.132355 2.269566
v 3.013813 19.144117 2.269566
v 3.013813 18.200132 2.016629
v 3.013813 19.076344 2.016629
v 3.013813 18.385298 1.831460
v 3.013813 18.891174 1.831460
v 3.013813 18.638237 1.763684
v 3.795682 18.385296 2.707673
v 3.013813 18.200132 2.522507
v 3.013813 18.385296 2.707673
v 3.795682 18.200132 2.522511
v 3.013813 18.132355 2.269566
v 3.795682 18.132353 2.269566
v 3.013813 18.200132 2.016629
v 3.795682 18.200132 2.016629
v 3.013813 18.385298 1.831460
v 3.795682 18.385296 1.831463
v 3.795682 18.385296 1.831463
v 3.013813 18.638237 1.763684
v 3.013813 18.385298 1.831460
v 3.795669 18.638235 1.763688
v 3.013813 18.891174 1.831460
v 3.795682 18.891174 1.831460
v 3.795682 18.891174 1.831460
v 3.013813 19.076344 2.016629
v 3.013813 18.891174 1.831460
v 3.795682 19.076338 2.016629
v 3.013813 19.144117 2.269566
v 3.795682 19.144117 2.269566
v 3.013813 19.076342 2.522507
v 3.795682 19.076338 2.522507
v 3.013813 18.891174 2.707673
v 3.795682 18.891174 2.707673
v 3.134625 17.796982 2.498341
v 3.303346 17.191816 2.675351
v 3.062802 17.191816 2.597199
v 3.303346 17.796982 2.553158
v 3.543877 17.191816 2.597195
v 3.472055 17.796982 2.498341
v 3.062802 17.191816 2.597199
v 3.030321 17.796982 2.354821
v 3.134625 17.796982 2.498341
v 2.914136 17.191816 2.392579
v 3.030321 17.796982 2.177422
v 2.914136 17.191816 2.139664
v 3.134625 17.796982 2.033902
v 3.062802 17.191818 1.935044
v 3.062802 17.191818 1.935044
v 3.303346 17.796982 1.979084
v 3.134625 17.796982 2.033902
v 3.303346 17.191818 1.856888
v 3.472055 17.796982 2.033902
v 3.543877 17.191818 1.935044
v 3.543877 17.191818 1.935044
v 3.576334 17.796982 2.177422
v 3.472055 17.796982 2.033902
v 3.692544 17.191816 2.139664
v 3.576334 17.796982 2.354821
v 3.692544 17.191816 2.392579
v 3.472055 17.796982 2.498341
v 3.543877 17.191816 2.597195
v 3.576334 17.796982 2.354821
v 3.472055 17.796982 2.033902
v 3.576334 17.796982 2.177422
v 3.134625 17.796982 2.033902
v 3.303346 17.796982 1.979084
v 3.030321 17.796982 2.354821
v 3.030321 17.796982 2.177422
v 3.303346 17.796982 2.553158
v 3.472055 17.796982 2.498341
v 3.134625 17.796982 2.498341
v 3.770765 18.670834 1.812100
v 3.692804 18.670832 2.727036
v 3.692804 18.670784 1.812096
v 3.770765 18.670744 2.727040
v 3.770765 18.670744 2.727040
v 3.772489 18.624052 1.809678
v 3.772489 18.624052 2.729466
v 3.770765 18.670834 1.812100
v 3.692804 18.624052 1.809678
v 3.772489 18.624052 2.729466
v 3.772489 18.624052 1.809678
v 3.692804 18.624052 2.729466
v 3.770765 18.189974 2.246182
v 3.692804 19.104906 2.246178
v 3.692804 18.189970 2.246228
v 3.770778 19.104908 2.246270
v 3.770778 19.104908 2.246270
v 3.772489 18.187551 2.292962
v 3.772489 19.107334 2.292962
v 3.770765 18.189974 2.246182
v 3.692804 18.187548 2.292962
v 3.772489 19.107334 2.292962
v 3.772489 18.187551 2.292962
v 3.692804 19.107334 2.292962
v 3.227865 17.887686 2.605446
v 3.411854 18.057341 2.854481
v 3.227865 18.057341 2.854477
v 3.411854 17.887686 2.605446
v 3.411854 17.887686 1.933682
v 3.227865 17.887686 1.933682
v 3.411854 18.057341 1.684651
v 3.227865 18.057341 1.684647
v 3.411854 17.714796 2.686520
v 3.227865 17.984476 2.957913
v 3.411854 17.984474 2.957913
v 3.227865 17.714796 2.686520
v 3.411854 17.714796 1.852604
v 3.227865 17.714796 1.852604
v 3.227865 17.984480 1.581215
v 3.411854 17.984480 1.581215
v 3.227865 18.490597 2.957913
v 3.411854 17.984474 2.957913
v 3.227865 17.984476 2.957913
v 3.411854 18.490597 2.957913
v 3.181902 18.767145 2.998673
v 3.457867 18.490597 2.998669
v 3.181915 18.490597 2.998669
v 3.457854 18.767145 2.998669
v 3.411854 18.490597 2.854481
v 3.411854 17.984474 2.957913
v 3.411854 18.490597 2.957913
v 3.411854 18.057341 2.854481
v 3.411854 17.887686 2.605446
v 3.411854 17.714796 2.686520
v 3.411854 17.714796 1.852604
v 3.411854 17.887686 1.933682
v 3.411854 17.984480 1.581215
v 3.411854 18.057341 1.684651
v 3.411854 18.490601 1.684647
v 3.411854 18.490601 1.581215
v 3.227865 18.490597 2.957913
v 3.227865 18.057341 2.854477
v 3.227865 18.490597 2.854481
v 3.227865 17.984476 2.957913
v 3.227865 17.887686 2.605446
v 3.227865 17.714796 2.686520
v 3.227865 17.887686 1.933682
v 3.227865 17.714796 1.852604
v 3.227865 17.984480 1.581215
v 3.227865 18.057341 1.684647
v 3.227865 18.490601 1.581215
v 3.227865 18.490601 1.684651
v 3.457854 18.767147 1.540459
v 3.457867 18.490597 2.998669
v 3.457854 18.767145 2.998669
v 3.457854 18.490597 1.540459
v 3.411854 18.490597 2.854481
v 3.227865 18.057341 2.854477
v 3.411854 18.057341 2.854481
v 3.227865 18.490597 2.854481
v 3.457867 18.490597 2.998669
v 3.181915 18.490601 1.540459
v 3.181915 18.490597 2.998669
v 3.457854 18.490597 1.540459
v 3.227865 18.490601 1.581215
v 3.411854 17.984480 1.581215
v 3.411854 18.490601 1.581215
v 3.227865 17.984480 1.581215
v 3.181915 18.767149 1.540459
v 3.457854 18.490597 1.540459
v 3.457854 18.767147 1.540459
v 3.181915 18.490601 1.540459
v 3.457854 18.767147 1.540459
v 3.181902 18.767145 2.998673
v 3.181915 18.767149 1.540459
v 3.457854 18.767145 2.998669
v 3.181915 18.490601 1.540459
v 3.181902 18.767145 2.998673
v 3.181915 18.490597 2.998669
v 3.181915 18.767149 1.540459
v 3.411854 18.490601 1.684647
v 3.227865 18.057341 1.684647
v 3.227865 18.490601 1.684651
v 3.411854 18.057341 1.684651
v 0.107969 14.662478 12.376457
v 0.079113 13.903289 12.141319
v 0.107969 13.890787 12.323494
v 0.079113 14.674981 12.194290
v 0.107973 12.662599 12.597733
v 0.079159 11.906353 12.348686
v 0.107973 11.890534 12.530605
v 0.079159 12.678416 12.415813
v 3.293902 6.923923 10.127857
v 2.563346 6.923925 11.262840
v 3.528143 6.923924 10.298042
v 2.393159 6.923923 11.028603
v 1.347630 6.923925 11.882282
v 1.258157 6.923925 11.606915
v -0.000008 6.923925 12.095726
v -0.000008 6.923923 11.806187
v -1.258172 6.923925 11.606915
v -1.347645 6.923925 11.882282
v -2.393174 6.923923 11.028603
v -2.563361 6.923925 11.262840
v -3.293916 6.923923 10.127857
v -3.528157 6.923924 10.298042
v 5.019551 13.249264 9.285431
v 4.507847 13.717744 9.394386
v 5.019551 13.717744 9.394405
v 4.495254 13.249291 9.285408
v 4.507854 13.717744 9.221844
v 4.495254 13.249291 9.285408
v 4.495262 13.249291 9.221844
v 4.507847 13.717744 9.394386
v 4.495262 13.249291 9.221844
v 5.019551 13.249264 9.285431
v 5.019558 13.249264 9.221867
v 4.495254 13.249291 9.285408
v 5.019558 13.249264 9.221867
v 5.019551 13.717744 9.394405
v 5.019558 13.717744 9.221867
v 5.019551 13.249264 9.285431
v 5.019558 13.717744 9.221867
v 4.507847 13.717744 9.394386
v 4.507854 13.717744 9.221844
v 5.019551 13.717744 9.394405
v 4.719291 12.924533 8.628574
v 4.568593 14.024540 8.715565
v 4.568594 12.924533 8.715565
v 4.719290 14.024540 8.628563
v 4.869984 14.024540 8.715565
v 4.869987 12.924533 8.715565
v 4.568594 14.024540 8.889530
v 4.568594 12.924533 8.715565
v 4.568593 14.024540 8.715565
v 4.568594 12.924533 8.889530
v 4.719290 14.024540 8.976536
v 4.568594 12.924533 8.889530
v 4.568594 14.024540 8.889530
v 4.719291 12.924533 8.976536
v 4.869987 12.924533 8.889530
v 4.869984 14.024540 8.889530
v 4.869984 14.024540 8.889530
v 4.869987 12.924533 8.715565
v 4.869987 12.924533 8.889530
v 4.869984 14.024540 8.715565
v 4.621090 10.771512 4.981377
v -0.000006 10.535446 4.981377
v 4.621090 10.535441 4.981377
v -0.000006 10.771512 4.981377
v -4.621103 10.771512 4.981377
v -4.621103 10.535441 4.981377
v 4.621090 10.535441 5.208984
v -0.000006 10.771512 5.208984
v 4.621090 10.771512 5.208984
v -0.000006 10.535446 5.208984
v -4.621103 10.535441 5.208984
v -4.621103 10.771512 5.208984
v -0.000006 10.535446 4.981377
v 4.621090 10.535441 5.208984
v 4.621090 10.535441 4.981377
v -0.000006 10.535446 5.208984
v -4.621103 10.535441 5.208984
v -4.621103 10.535441 4.981377
v 4.621090 10.535441 4.981377
v 4.621090 10.771512 5.208984
v 4.621090 10.771512 4.981377
v 4.621090 10.535441 5.208984
v 4.621090 10.771511 7.753944
v -0.000006 10.535444 7.753944
v 4.621090 10.535439 7.753944
v -0.000006 10.771511 7.753944
v -4.621103 10.771511 7.753944
v -4.621103 10.535439 7.753944
v 4.621090 10.535439 7.981552
v -0.000006 10.771511 7.981552
v 4.621090 10.771511 7.981552
v -0.000006 10.535444 7.981552
v -4.621103 10.535439 7.981552
v -4.621103 10.771511 7.981552
v -0.000006 10.535444 7.753944
v 4.621090 10.535439 7.981552
v 4.621090 10.535439 7.753944
v -0.000006 10.535444 7.981552
v -4.621103 10.535439 7.981552
v -4.621103 10.535439 7.753944
v 4.621090 10.535439 7.753944
v 4.621090 10.771511 7.981552
v 4.621090 10.771511 7.753944
v 4.621090 10.535439 7.981552
v -0.117242 16.266678 0.727959
v 3.982257 17.039375 1.948102
v -0.117242 17.039375 0.727959
v 3.982257 16.889347 1.948102
v -0.156690 17.039375 0.860497
v 3.942811 16.889347 2.080636
v -0.156690 16.266678 0.860497
v 3.942811 17.039375 2.080636
v -0.117242 16.266678 0.727959
v 3.942811 16.889347 2.080636
v 3.982257 16.889347 1.948102
v -0.156690 16.266678 0.860497
v 3.982257 16.889347 1.948102
v 3.942811 17.039375 2.080636
v 3.982257 17.039375 1.948102
v 3.942811 16.889347 2.080636
v 1.001190 10.535438 12.120640
v 1.001192 10.771502 -0.865339
v 1.001190 10.771504 12.120640
v 1.001192 10.535430 -0.865339
v 1.228798 10.771504 12.120640
v 1.228800 10.535430 -0.865339
v 1.228798 10.535438 12.120640
v 1.228800 10.771502 -0.865339
v 1.001190 10.535438 12.120640
v 1.228800 10.535430 -0.865339
v 1.001192 10.535430 -0.865339
v 1.228798 10.535438 12.120640
v 1.001192 10.535430 -0.865339
v 1.228800 10.771502 -0.865339
v 1.001192 10.771502 -0.865339
v 1.228800 10.535430 -0.865339
v 1.001192 12.535430 8.137634
v 1.001192 12.771496 3.003083
v 1.001192 12.771496 8.137634
v 1.001192 12.535423 3.003083
v 1.228799 12.771496 8.137634
v 1.228800 12.535423 3.003083
v 1.228799 12.535430 8.137634
v 1.228800 12.771496 3.003083
v 1.001192 12.535430 8.137634
v 1.228800 12.535423 3.003083
v 1.001192 12.535423 3.003083
v 1.228799 12.535430 8.137634
v 1.001192 12.535423 3.003083
v 1.228800 12.771496 3.003083
v 1.001192 12.771496 3.003083
v 1.228800 12.535423 3.003083
v 1.001192 14.687641 8.137634
v 1.001192 14.923707 3.003083
v 1.001192 14.923707 8.137634
v 1.001192 14.687634 3.003083
v 1.228799 14.923707 8.137634
v 1.228800 14.687634 3.003083
v 1.228799 14.687641 8.137634
v 1.228800 14.923707 3.003083
v 1.001192 14.687641 8.137634
v 1.228800 14.687634 3.003083
v 1.001192 14.687634 3.003083
v 1.228799 14.687641 8.137634
v 1.001192 14.687634 3.003083
v 1.228800 14.923707 3.003083
v 1.001192 14.923707 3.003083
v 1.228800 14.687634 3.003083
v 4.677012 10.923928 2.485482
v 4.584860 10.771507 2.485489
v 4.677012 10.771512 2.485482
v 4.584860 10.923924 2.485489
v 4.584864 11.885831 2.485489
v 4.677012 11.885831 2.485482
v 4.584860 10.923924 2.485489
v 4.584857 10.771507 2.586285
v 4.584860 10.771507 2.485489
v 4.584857 10.923924 2.586285
v 4.584860 10.923924 2.485489
v 4.584864 11.885831 2.583783
v 4.584864 10.923923 2.583752
v 4.584864 11.885831 2.485489
v 1.949002 15.843700 2.906388
v 1.949001 15.191740 2.906388
v 1.949001 15.843700 3.635624
v 1.949001 15.552675 3.878823
v 1.949001 15.191740 3.878823
v 1.949002 15.843700 2.906388
v 1.544756 15.843700 3.635624
v 1.544757 15.843700 2.906388
v 1.949001 15.843700 3.635624
v 1.544756 15.552675 3.878823
v 1.949001 15.191740 3.878823
v 1.544756 15.191740 3.878823
v 1.949001 15.552675 3.878823
v 1.544756 15.191740 2.906388
v 1.949002 15.843700 2.906388
v 1.544757 15.843700 2.906388
v 1.949001 15.191740 2.906388
v 1.544757 15.843700 2.906388
v 1.544756 15.843700 3.635624
v 1.544756 15.191740 2.906388
v 1.544756 15.552675 3.878823
v 1.544756 15.191740 3.878823
v 1.949001 15.552675 3.878823
v 1.544756 15.843700 3.635624
v 1.949001 15.843700 3.635624
v 1.544756 15.552675 3.878823
v 1.229381 16.102446 3.388981
v 1.229381 15.191740 2.906388
v 1.229381 15.191740 3.388981
v 1.229382 16.102446 2.906388
v 1.229382 16.102446 2.906388
v 0.825136 16.102446 3.388981
v 0.825137 16.102446 2.906388
v 1.229381 16.102446 3.388981
v 0.825136 15.191740 2.906388
v 1.229382 16.102446 2.906388
v 0.825137 16.102446 2.906388
v 1.229381 15.191740 2.906388
v 0.825136 15.191740 2.906388
v 0.825136 16.102446 3.388981
v 0.825136 15.191740 3.388981
v 0.825137 16.102446 2.906388
v 0.825136 16.102446 3.388981
v 1.229381 15.191740 3.388981
v 0.825136 15.191740 3.388981
v 1.229381 16.102446 3.388981
v 1.128418 10.771505 4.261761
v 2.521438 4.923820 4.264225
v 2.146384 10.771505 4.780446
v 1.325595 4.923820 3.654915
v -0.000006 10.771504 4.083043
v -0.000006 4.923820 3.444962
v -1.325607 4.923820 3.654915
v -1.128430 10.771505 4.261761
v -2.521450 4.923820 4.264225
v -2.146396 10.771505 4.780446
v 4.475469 4.923819 2.272828
v 4.475471 2.923819 -2.995338
v 4.475469 2.923820 2.272828
v 4.475471 4.923817 -2.995338
v 3.636001 4.923821 5.538136
v 3.636002 2.923820 2.272828
v 3.647019 2.923820 5.084980
v 3.636002 4.923819 2.272828
v 3.636002 4.923819 2.272828
v 4.475469 2.923820 2.272828
v 3.636002 2.923820 2.272828
v 4.475469 4.923819 2.272828
v 4.475471 4.923817 -2.995338
v -0.000004 2.923819 -2.995338
v 4.475471 2.923819 -2.995338
v -0.000004 4.923817 -2.995338
v -4.475480 4.923817 -2.995338
v -4.475480 2.923819 -2.995338
v 1.228798 10.771504 12.120640
v 1.001190 10.535438 12.120640
v 1.001190 10.771504 12.120640
v 1.228798 10.535438 12.120640
v 4.737744 10.771511 0.704026
v -0.000006 10.054890 0.668078
v 4.737744 10.591514 0.704026
v -0.000006 10.771511 0.668078
v -4.737756 10.771511 0.704024
v -4.737756 10.591514 0.704024
v 4.737744 10.591514 0.867709
v -0.000006 10.771511 0.816880
v 4.737744 10.771511 0.867709
v -0.000006 10.054890 0.816880
v -4.737756 10.591514 0.867707
v -4.737756 10.771511 0.867707
v -0.000006 10.054890 0.668078
v 4.737744 10.591514 0.867709
v 4.737744 10.591514 0.704026
v -0.000006 10.054890 0.816880
v -4.737756 10.591514 0.867707
v -4.737756 10.591514 0.704024
v 4.737744 10.591514 0.704026
v 4.737744 10.771511 0.867709
v 4.737744 10.771511 0.704026
v 4.737744 10.591514 0.867709
v 4.584374 11.885832 2.482701
v 4.584857 11.885832 2.586285
v 4.584857 11.885832 2.484326
v 4.670538 11.885832 2.584721
v 4.617893 11.885832 2.084572
v 4.694168 11.885832 2.162648
v 4.732572 11.885832 1.488724
v 4.826769 11.885832 1.530976
v 4.861665 11.885830 0.785866
v 4.963624 11.885830 0.785866
v 4.732571 11.885830 0.083012
v 4.963624 11.885830 0.785866
v 4.861665 11.885830 0.785866
v 4.826769 11.885830 0.040759
v 4.364940 11.885830 -0.512836
v 4.437036 11.885830 -0.590915
v 3.814739 11.885830 -0.910970
v 3.853759 11.885830 -1.012983
v 1.355886 11.885830 -0.909490
v 1.365735 11.885830 -1.009490
v -0.000006 11.885827 -0.909488
v 1.365735 11.885830 -1.009490
v 1.355886 11.885830 -0.909490
v -0.000006 11.885827 -1.009485
v -1.365746 11.885830 -1.009492
v -1.355897 11.885830 -0.909492
v -0.000006 11.885827 -1.009485
v 1.365736 10.771506 -1.009490
v 1.365735 11.885830 -1.009490
v -0.000006 10.771502 -1.009485
v -1.365747 10.771506 -1.009490
v -1.365746 11.885830 -1.009492
v 4.584857 10.923924 2.484326
v 4.584857 11.885832 2.586285
v 4.584857 10.923924 2.586285
v 4.584857 11.885832 2.484326
v 4.670538 11.885832 2.584721
v 4.584857 10.923924 2.586285
v 4.584857 11.885832 2.586285
v 4.670539 10.771507 2.584721
v 4.584857 10.771507 2.586285
v 4.694168 11.885832 2.162648
v 4.694169 10.771507 2.162648
v 4.826769 11.885832 1.530976
v 4.694169 10.771507 2.162648
v 4.694168 11.885832 2.162648
v 4.826769 10.771507 1.530976
v 4.963624 11.885830 0.785866
v 4.963625 10.771506 0.785866
v 4.826769 11.885830 0.040759
v 4.963625 10.771506 0.785866
v 4.963624 11.885830 0.785866
v 4.826769 10.771506 0.040759
v 4.437036 11.885830 -0.590915
v 4.437036 10.771506 -0.590915
v 3.853759 11.885830 -1.012983
v 4.437036 10.771506 -0.590915
v 4.437036 11.885830 -0.590915
v 3.853759 10.771506 -1.012983
v 1.365735 11.885830 -1.009490
v 1.365736 10.771506 -1.009490
v -3.647031 2.923820 5.084980
v -3.636013 4.923821 5.538136
v -4.287341 2.923820 6.341656
v -3.472938 10.771505 6.606274
v -3.651662 10.771505 7.734695
v -2.954258 10.771505 5.588306
v -4.507977 2.923820 7.734695
v -3.470476 4.923820 5.213253
v -2.146396 10.771505 4.780446
v -2.521450 4.923820 4.264225
v -3.472939 10.771505 8.863113
v -4.287344 2.923820 9.127731
v -3.293916 6.923923 10.127857
v -2.954262 10.771505 9.881081
v -3.647036 2.923821 10.384411
v -2.393174 6.923923 11.028603
v -2.649729 2.923821 11.381718
v -2.018419 12.771516 4.956593
v -2.940803 10.923925 5.598083
v -2.136620 10.923925 4.793900
v -2.778114 12.771516 5.716286
v -3.457120 10.923925 6.611412
v -3.265867 12.771516 6.673557
v -3.635031 10.923925 7.734695
v -3.433936 12.771516 7.734695
v -3.504271 10.923925 8.560261
v -3.321448 12.771516 8.442532
v -4.577065 11.885831 9.221867
v -4.380245 11.885831 9.121593
v -4.627944 11.885831 9.121601
v -4.471739 11.885831 9.221867
v -4.591080 11.885831 8.973621
v -4.500812 11.885831 8.873348
v -4.589652 11.885831 8.687412
v -4.677497 11.885831 8.787685
v -4.608989 11.885831 8.548706
v -4.692991 11.885831 8.648975
v -4.608976 11.885831 2.583649
v -4.692978 11.885831 2.485482
v -4.584873 11.885831 2.485489
v -4.584873 11.885831 2.583783
v -2.874052 12.771513 11.690472
v -3.963226 12.924781 10.618805
v -2.881490 12.924781 11.700546
v -3.955788 12.771513 10.608730
v -4.661911 12.771486 9.221844
v -4.674504 12.924761 9.221844
v -3.870821 12.662599 10.680470
v -2.945791 12.662599 11.605503
v -2.906335 11.890534 11.551197
v -2.822947 11.771509 11.620129
v -3.885447 11.771509 10.557625
v -2.771841 10.771504 11.549789
v -3.815106 10.771504 10.506519
v -4.468940 10.771512 9.221867
v -3.816514 11.890534 10.641014
v -4.565770 11.769423 9.221867
v -3.943433 11.890532 10.466290
v -3.997736 12.662596 10.505745
v -4.589740 12.662574 9.342941
v -4.527864 11.890560 9.319370
v -4.577065 11.885831 9.221867
v -4.627944 11.885831 9.121601
v -4.701181 12.771514 9.144688
v -4.471739 11.885831 9.221867
v -4.577065 11.885831 9.221867
v -4.565770 11.769423 9.221867
v -4.468940 10.771512 9.221867
v -4.471739 10.771512 9.221867
v -4.332122 13.886394 9.221844
v -5.087306 13.886389 9.121593
v -4.381526 13.886389 9.121601
v -5.186207 13.886389 9.221867
v -5.186205 13.886396 7.734879
v -5.087290 13.886392 7.734779
v -5.022068 13.886395 6.939281
v -5.121137 13.886395 6.923592
v -4.836177 13.886395 6.163330
v -4.931581 13.886395 6.132328
v -4.530471 13.886395 5.426308
v -4.619845 13.886395 5.380772
v -4.113898 13.886395 4.745778
v -4.195053 13.886395 4.686814
v -2.725738 13.886395 2.835145
v -2.782030 13.886395 2.741959
v -0.400249 13.886395 2.835145
v -0.400249 13.886395 2.741986
v -5.186207 12.771457 9.221867
v -4.674504 12.924761 9.221844
v -4.661911 12.771486 9.221844
v -5.186207 13.886389 9.221867
v -4.286486 13.083312 9.221844
v -4.325160 13.763865 9.221844
v -4.332122 13.886394 9.221844
v -5.186207 12.771457 9.221867
v -5.186205 13.886396 7.734879
v -5.186207 13.886389 9.221867
v -5.186216 12.771499 7.734879
v -5.121137 13.886395 6.923592
v -5.108655 12.771496 6.925568
v -4.919560 12.771498 6.136238
v -4.931581 13.886395 6.132328
v -4.619845 13.886395 5.380772
v -4.608584 12.771498 5.386509
v -4.184827 12.771498 4.694245
v -4.195053 13.886395 4.686814
v -2.782030 13.886395 2.741959
v -2.782030 12.771496 2.742047
v -2.919120 14.923710 5.613838
v -2.008304 12.924535 4.970509
v -2.120866 14.923710 4.815583
v -2.764192 12.924535 5.726398
v -3.431630 14.923710 6.619694
v -3.249502 12.924535 6.678875
v -3.416727 12.924535 7.734695
v -3.608229 14.923710 7.734695
v -3.277421 12.924527 8.614620
v -3.468872 14.923901 8.614422
v -2.742808 14.771482 11.509827
v -3.785444 14.924153 10.485023
v -2.750311 14.924153 11.520153
v -3.775145 14.771482 10.477489
v -4.480086 14.924041 9.121761
v -4.414986 14.771300 9.221832
v -4.381526 13.886389 9.121601
v -4.332122 13.886394 9.221844
v -4.378719 14.662211 9.275681
v -4.312922 13.887836 9.260220
v -3.818207 14.662441 10.375420
v -4.325160 13.763865 9.221844
v -3.775392 13.890762 10.344307
v -3.719347 13.766419 10.436947
v -4.286486 13.083312 9.221844
v -3.681465 13.084044 10.409424
v -2.674745 13.084044 11.416145
v -2.702269 13.766419 11.454029
v -2.784587 13.890787 11.383633
v -3.648950 13.890787 10.519264
v -2.815711 14.662416 11.426468
v -3.691787 14.662416 10.550388
v -1.379335 11.890534 12.329243
v -0.079175 11.906353 12.348686
v -0.107988 11.890534 12.530605
v -1.350522 11.906352 12.147324
v -0.107988 12.662599 12.597733
v -1.371265 12.678416 12.211166
v -1.400079 12.662599 12.393085
v -0.079175 12.678416 12.415813
v -1.400079 12.662599 12.393085
v -1.350522 11.906352 12.147324
v -1.379335 11.890534 12.329243
v -1.371265 12.678416 12.211166
v -2.731620 11.890534 11.678135
v -1.501106 11.906352 12.098392
v -1.584726 11.890534 12.262508
v -2.648000 11.906352 11.514023
v -1.584726 11.890534 12.262508
v -1.521850 12.678413 12.162239
v -1.605469 12.662599 12.326347
v -1.501106 11.906352 12.098392
v -1.605469 12.662599 12.326347
v -2.687456 12.678413 11.568329
v -2.771076 12.662599 11.732441
v -1.521850 12.678413 12.162239
v -2.771076 12.662599 11.732441
v -2.648000 11.906352 11.514023
v -2.731620 11.890534 11.678135
v -2.687456 12.678413 11.568329
v -3.816514 11.890534 10.641014
v -2.776093 11.906352 11.420956
v -2.906335 11.890534 11.551197
v -3.686274 11.906352 10.510773
v -2.906335 11.890534 11.551197
v -2.815551 12.678413 11.475262
v -2.945791 12.662599 11.605503
v -2.776093 11.906352 11.420956
v -2.945791 12.662599 11.605503
v -3.740581 12.678413 10.550232
v -3.870821 12.662599 10.680470
v -2.815551 12.678413 11.475262
v -3.870821 12.662599 10.680470
v -3.686274 11.906352 10.510773
v -3.816514 11.890534 10.641014
v -3.740581 12.678413 10.550232
v -4.527864 11.890560 9.319370
v -3.779304 11.906294 10.382690
v -3.943433 11.890532 10.466290
v -4.363735 11.906322 9.235771
v -3.943433 11.890532 10.466290
v -3.833608 12.678357 10.422146
v -3.997736 12.662596 10.505745
v -3.779304 11.906294 10.382690
v -3.997736 12.662596 10.505745
v -4.425611 12.678335 9.259346
v -4.589740 12.662574 9.342941
v -3.833608 12.678357 10.422146
v -4.589740 12.662574 9.342941
v -4.363735 11.906322 9.235771
v -4.527864 11.890560 9.319370
v -4.425611 12.678335 9.259346
v -0.107984 14.662478 12.376457
v -1.302841 14.674924 12.000446
v -1.331697 14.662422 12.182613
v -0.079129 14.674981 12.194290
v -1.331697 14.662422 12.182613
v -1.286479 13.903289 11.950085
v -1.315334 13.890785 12.132259
v -1.302841 14.674924 12.000446
v -1.315334 13.890785 12.132259
v -0.079129 13.903289 12.141319
v -0.107984 13.890787 12.323494
v -1.286479 13.903289 11.950085
v -1.520717 13.890787 12.065521
v -1.453345 14.674916 11.951542
v -1.537080 14.662416 12.115879
v -1.436982 13.903287 11.901184
v -1.537080 14.662416 12.115879
v -2.557266 14.674916 11.389065
v -2.641001 14.662416 11.553402
v -1.453345 14.674916 11.951542
v -2.641001 14.662416 11.553402
v -2.526143 13.903287 11.346230
v -2.609878 13.890787 11.510567
v -2.557266 14.674916 11.389065
v -2.609878 13.890787 11.510567
v -1.436982 13.903287 11.901184
v -1.520717 13.890787 12.065521
v -2.526143 13.903287 11.346230
v -2.784587 13.890787 11.383633
v -2.685290 14.674916 11.296047
v -2.815711 14.662416 11.426468
v -2.654166 13.903287 11.253212
v -2.815711 14.662416 11.426468
v -3.561367 14.674916 10.419968
v -3.691787 14.662416 10.550388
v -2.685290 14.674916 11.296047
v -3.691787 14.662416 10.550388
v -3.518528 13.903287 10.388844
v -3.648950 13.890787 10.519264
v -3.561367 14.674916 10.419968
v -3.648950 13.890787 10.519264
v -2.654166 13.903287 11.253212
v -2.784587 13.890787 11.383633
v -3.518528 13.903287 10.388844
v -3.775392 13.890762 10.344307
v -3.653531 14.676505 10.292599
v -3.818207 14.662441 10.375420
v -3.610717 13.904825 10.261486
v -3.818207 14.662441 10.375420
v -4.214042 14.676274 9.192863
v -4.378719 14.662211 9.275681
v -3.653531 14.676505 10.292599
v -4.378719 14.662211 9.275681
v -4.148245 13.901901 9.177399
v -4.312922 13.887836 9.260220
v -4.214042 14.676274 9.192863
v -4.312922 13.887836 9.260220
v -3.610717 13.904825 10.261486
v -3.775392 13.890762 10.344307
v -4.148245 13.901901 9.177399
v -3.608229 14.923710 7.734695
v -3.468877 15.191875 8.614372
v -3.468872 14.923901 8.614422
v -3.468877 16.115669 8.614365
v -3.608229 16.115561 7.734684
v -2.702851 16.115623 10.614693
v -2.702851 15.191829 10.614700
v -2.135493 16.115610 11.395367
v -2.135493 15.191814 11.395374
v -3.431630 16.115559 6.619682
v -3.431630 14.923710 6.619694
v -2.919120 14.923710 5.613838
v -2.919120 16.115559 5.613827
v -2.120866 15.191739 4.815583
v -2.120866 14.923710 4.815583
v -2.120866 16.115559 4.815575
v -1.414731 15.191821 11.951027
v -0.744590 14.924004 12.295803
v -1.445911 14.924103 12.184616
v -2.750311 14.924153 11.520153
v -2.624413 15.191875 11.334694
v -2.624413 15.191875 11.334694
v -3.785444 14.924153 10.485023
v -3.584507 15.191875 10.374603
v -2.750311 14.924153 11.520153
v -4.282211 15.191142 9.022320
v -3.785444 14.924153 10.485023
v -4.480086 14.924041 9.121761
v -3.584507 15.191875 10.374603
v -1.414731 15.191821 11.951027
v -2.624413 15.191875 11.334694
v -2.135493 15.191814 11.395374
v -2.702851 15.191829 10.614700
v -3.584507 15.191875 10.374603
v -3.468877 15.191875 8.614372
v -4.282211 15.191142 9.022320
v -1.417838 15.191797 10.590912
v -1.085168 16.550011 11.088791
v -1.085168 15.191797 11.088791
v -1.417838 16.550011 10.590912
v -1.548751 15.191797 9.749657
v -1.548751 16.550011 9.749657
v -2.056435 15.191799 6.487225
v -2.056435 17.191813 6.487225
v -1.899899 15.191799 5.700260
v -1.548751 16.840313 9.749657
v -1.548751 17.191816 9.749657
v -1.417838 17.191816 10.590912
v -1.417838 16.840313 10.590912
v -1.085168 17.191816 11.088791
v -1.085168 16.840313 11.088791
v -1.899899 17.039375 5.700260
v -1.899899 17.191813 5.700260
v -1.454121 15.191799 5.033108
v -1.454121 17.039375 5.033108
v -1.414731 16.115618 11.951015
v -2.135493 15.191814 11.395374
v -2.135493 16.115610 11.395367
v -1.414731 15.191821 11.951027
v -0.744590 16.115587 12.295811
v -0.744590 14.924004 12.295803
v -0.892816 14.924004 12.239201
v -0.744590 16.115587 12.295811
v -0.892816 16.115593 12.239189
v -0.744590 14.924004 12.295803
v -0.892816 16.115593 12.239189
v -1.112461 14.924005 12.696720
v -0.892816 14.924004 12.239201
v -1.112461 15.815566 12.696705
v -1.112461 14.924005 13.204540
v -1.112461 15.815566 13.204525
v -0.892126 14.924006 13.662067
v -0.892126 15.815567 13.662056
v -2.061355 15.191769 4.897496
v -2.120866 16.115559 4.815575
v -2.120866 15.191739 4.815583
v -2.061355 16.115561 4.897484
v -2.120866 14.923709 2.745316
v -2.120866 15.191739 4.815583
v -2.120866 14.923710 4.815583
v -2.120866 15.191737 2.845608
v -2.120866 16.115538 2.845608
v -2.120866 16.115538 2.745316
v -3.528157 10.771504 10.298042
v -3.293916 6.923923 10.127857
v -2.954262 10.771505 9.881081
v -3.528157 6.923924 10.298042
v -2.563361 10.771504 11.262840
v -3.528157 6.923924 10.298042
v -3.528157 10.771504 10.298042
v -2.563361 6.923925 11.262840
v -5.350040 13.383428 8.352036
v -5.301806 12.959764 8.268494
v -5.350040 12.959764 8.352036
v -5.301806 13.383428 8.268494
v -5.301806 13.383428 8.071049
v -5.301806 12.959764 8.071049
v -5.350040 12.959764 8.352036
v -5.440692 13.383428 8.384975
v -5.350040 13.383428 8.352036
v -5.440692 12.959764 8.384975
v -5.531344 13.383428 8.352036
v -5.531344 12.959764 8.352036
v -5.531344 12.959764 8.352036
v -5.579577 13.383428 8.268494
v -5.531344 13.383428 8.352036
v -5.579577 12.959764 8.268494
v -5.579577 12.959764 8.071049
v -5.579577 13.383428 8.071247
v -5.531344 13.383428 8.352036
v -5.350040 13.383428 8.352036
v -5.440692 13.383428 8.384975
v -5.301806 13.383428 8.268494
v -5.579577 13.383428 8.268494
v -5.579577 13.383428 8.071247
v -5.301806 13.383428 8.071049
v -5.617235 12.959761 8.347672
v -5.158569 12.959761 8.071049
v -5.158569 12.959762 8.946358
v -5.617235 12.959761 8.071049
v -5.158569 12.835022 8.946358
v -5.617235 12.835021 7.946827
v -5.617235 12.835022 8.347672
v -5.158569 12.835021 7.946827
v -5.617235 12.835021 7.946827
v -5.617235 12.959761 8.347672
v -5.617235 12.835022 8.347672
v -5.617235 12.959761 8.071049
v -5.617235 13.433969 7.946827
v -5.617235 13.433969 8.071049
v -5.617235 13.433969 7.946827
v -5.158569 13.433969 8.071049
v -5.617235 13.433969 8.071049
v -5.158569 13.433969 7.946827
v -5.617235 12.835021 7.946827
v -5.158569 13.433969 7.946827
v -5.617235 13.433969 7.946827
v -5.158569 12.835021 7.946827
v -5.158569 12.959761 8.071049
v -5.617235 13.433969 8.071049
v -5.158569 13.433969 8.071049
v -5.617235 12.959761 8.071049
v -5.617235 12.959761 8.347672
v -5.158569 12.835022 8.946358
v -5.617235 12.835022 8.347672
v -5.158569 12.959762 8.946358
v -4.692991 10.771512 8.648975
v -4.692978 11.885831 2.485482
v -4.692991 11.885831 8.648975
v -4.692978 10.923928 2.485482
v -4.692978 10.771512 2.485482
v -4.471739 10.771512 9.221867
v -4.591080 11.885831 8.973621
v -4.471739 11.885831 9.221867
v -4.591080 10.771512 8.973621
v -4.591080 10.771512 8.973621
v -4.677497 11.885831 8.787685
v -4.591080 11.885831 8.973621
v -4.677497 10.771512 8.787685
v -4.692991 11.885831 8.648975
v -4.692991 10.771512 8.648975
v -3.654189 10.226857 10.019779
v -4.379388 10.688721 10.151119
v -3.654189 10.226854 10.151119
v -4.379388 10.688725 10.019779
v -3.534636 10.420374 10.151119
v -4.259841 10.882238 10.019775
v -3.534636 10.420371 10.019779
v -4.259841 10.882240 10.151115
v -3.613525 10.184425 10.151119
v -3.654189 10.226857 10.019779
v -3.654189 10.226854 10.151119
v -3.613525 10.184425 10.019779
v -3.598547 10.127598 10.151119
v -3.598547 10.127598 10.019779
v -3.598547 2.993480 10.019779
v -3.598560 2.993485 10.151119
v -3.415107 10.295653 10.019779
v -3.534636 10.420374 10.151119
v -3.534636 10.420371 10.019779
v -3.415111 10.295651 10.151119
v -3.371086 10.128603 10.019779
v -3.371078 10.128606 10.151119
v -3.371086 2.994486 10.151119
v -3.371086 2.994487 10.019779
v -3.484828 2.993984 9.954121
v -3.598547 10.127598 10.019779
v -3.598547 2.993480 10.019779
v -3.484816 10.128101 9.954121
v -3.371086 2.994487 10.019779
v -3.371086 10.128603 10.019779
v -3.415107 10.295653 10.019779
v -3.514312 10.240038 9.954121
v -3.613525 10.184425 10.019779
v -3.534636 10.420371 10.019779
v -3.594413 10.323611 9.954121
v -3.654189 10.226857 10.019779
v -4.379388 10.688725 10.019779
v -4.319617 10.785483 9.954117
v -4.259841 10.882238 10.019775
v -4.300508 10.924664 10.019775
v -4.399718 10.869054 9.954117
v -4.498925 10.813439 10.019775
v -4.315488 10.981493 10.019775
v -4.429214 10.980994 9.954117
v -4.542947 10.980489 10.019775
v -4.542956 11.519143 10.019779
v -4.429219 11.519651 9.954121
v -4.315492 11.520147 10.019779
v -3.484816 2.993985 10.216778
v -3.371078 10.128606 10.151119
v -3.371086 2.994486 10.151119
v -3.484816 10.128103 10.216778
v -3.598560 2.993485 10.151119
v -3.598547 10.127598 10.151119
v -3.613525 10.184425 10.151119
v -3.514312 10.240046 10.216778
v -3.415111 10.295651 10.151119
v -3.654189 10.226854 10.151119
v -3.594413 10.323611 10.216778
v -3.534636 10.420374 10.151119
v -4.259841 10.882240 10.151115
v -4.319623 10.785483 10.216774
v -4.379388 10.688721 10.151119
v -4.498927 10.813441 10.151115
v -4.399713 10.869054 10.216774
v -4.300510 10.924666 10.151115
v -4.542947 10.980489 10.151115
v -4.429217 10.980989 10.216774
v -4.315486 10.981493 10.151115
v -4.315492 11.520150 10.151119
v -4.429224 11.519649 10.216778
v -4.542956 11.519146 10.151119
v -4.300510 10.924666 10.151115
v -4.259841 10.882238 10.019775
v -4.259841 10.882240 10.151115
v -4.300508 10.924664 10.019775
v -4.315486 10.981493 10.151115
v -4.315488 10.981493 10.019775
v -4.315492 11.520147 10.019779
v -4.315492 11.520150 10.151119
v -4.498925 10.813439 10.019775
v -4.379388 10.688721 10.151119
v -4.379388 10.688725 10.019779
v -4.498927 10.813441 10.151115
v -4.542947 10.980489 10.019775
v -4.542947 10.980489 10.151115
v -4.542956 11.519146 10.151119
v -4.542956 11.519143 10.019779
v -4.562112 11.744255 10.368980
v -4.617157 11.611363 9.935566
v -4.562111 11.744255 9.935566
v -4.617158 11.611363 10.368980
v -4.562111 11.478473 9.935566
v -4.562112 11.478473 10.368980
v -4.562111 11.744255 9.935566
v -4.429221 11.799299 10.368980
v -4.562112 11.744255 10.368980
v -4.429220 11.799299 9.935566
v -4.296328 11.744255 10.368980
v -4.296327 11.744255 9.935566
v -4.296327 11.744255 9.935566
v -4.241284 11.611361 10.368980
v -4.296328 11.744255 10.368980
v -4.241282 11.611363 9.935566
v -4.296328 11.478473 10.368980
v -4.296327 11.478473 9.935566
v -4.296327 11.478473 9.935566
v -4.429221 11.423425 10.368980
v -4.296328 11.478473 10.368980
v -4.429220 11.423425 9.935566
v -4.562112 11.478473 10.368980
v -4.562111 11.478473 9.935566
v -4.525358 11.611365 9.773991
v -4.429218 11.707505 9.773991
v -4.497200 11.679345 9.773991
v -4.429220 11.515225 9.773991
v -4.497200 11.543385 9.773991
v -4.361238 11.543385 9.773991
v -4.333079 11.611365 9.773991
v -4.361238 11.679345 9.773991
v -4.562111 11.744255 9.935566
v -4.525358 11.611365 9.773991
v -4.497200 11.679345 9.773991
v -4.617157 11.611363 9.935566
v -4.497200 11.543385 9.773991
v -4.562111 11.478473 9.935566
v -4.562111 11.478473 9.935566
v -4.429220 11.515225 9.773991
v -4.497200 11.543385 9.773991
v -4.429220 11.423425 9.935566
v -4.361238 11.543385 9.773991
v -4.296327 11.478473 9.935566
v -4.296327 11.478473 9.935566
v -4.333079 11.611365 9.773991
v -4.361238 11.543385 9.773991
v -4.241282 11.611363 9.935566
v -4.361238 11.679345 9.773991
v -4.296327 11.744255 9.935566
v -4.296327 11.744255 9.935566
v -4.429218 11.707505 9.773991
v -4.361238 11.679345 9.773991
v -4.429220 11.799299 9.935566
v -4.497200 11.679345 9.773991
v -4.562111 11.744255 9.935566
v -1.944902 12.924538 4.042504
v -2.120866 14.923709 4.042508
v -1.944902 14.923709 4.042515
v -2.120866 12.924538 4.042511
v -2.120866 12.924538 3.984288
v -1.944902 14.923709 3.984303
v -2.120866 14.923709 3.984299
v -1.944902 12.924538 3.984299
v -1.944902 12.924538 4.636136
v -2.120866 14.923709 4.636132
v -1.944902 14.923709 4.636132
v -2.120866 12.924538 4.636136
v -2.120866 12.924538 4.577912
v -1.944904 14.923709 4.577927
v -2.120866 14.923709 4.577927
v -1.944913 12.924538 4.577927
v -2.120866 12.924538 4.636136
v -2.120866 14.923709 4.577927
v -2.120866 14.923709 4.636132
v -2.120866 12.924538 4.577912
v -2.120866 12.924538 4.042511
v -2.120866 14.923709 3.984299
v -2.120866 14.923709 4.042508
v -2.120866 12.924538 3.984288
v -1.944913 12.924538 4.577927
v -1.944902 14.923709 4.636132
v -1.944904 14.923709 4.577927
v -1.944902 12.924538 4.636136
v -1.944902 12.924538 3.984299
v -1.944902 14.923709 4.042515
v -1.944902 14.923709 3.984303
v -1.944902 12.924538 4.042504
v -0.393487 17.039375 4.509060
v -0.393486 17.191813 3.540478
v -0.393486 17.039375 3.540478
v -0.393487 17.191813 4.509060
v -4.259406 18.115602 1.498307
v -4.038838 17.039375 0.216406
v -4.038838 18.115602 0.216406
v -4.259406 17.039375 1.498307
v -4.259406 18.115602 3.025052
v -4.259406 17.039375 3.025052
v -4.100189 18.115602 3.419419
v -4.100189 17.039375 3.419419
v -1.899899 17.039375 5.700260
v -1.899899 17.191813 5.700260
v -1.899899 18.115602 5.700260
v -0.000006 17.191816 7.665680
v -0.000006 18.115604 7.665680
v -2.521497 17.039375 -2.738407
v -4.038838 18.115602 0.216406
v -4.038838 17.039375 0.216406
v -2.521497 18.115602 -2.738407
v -0.002385 18.115602 -2.738407
v -0.002385 17.039375 -2.738407
v 2.516727 18.115602 -2.738407
v 2.516727 17.039375 -2.738407
v -2.012529 17.363432 5.496128
v -2.208738 17.063433 6.484028
v -2.012529 17.063433 5.496128
v -2.208738 17.363432 6.484028
v -1.560961 17.063435 10.646709
v -1.560961 17.363434 10.646709
v -1.193312 17.063435 11.196934
v -1.193312 17.363434 11.196934
v -1.758602 17.132193 5.758785
v -1.904133 17.363432 6.490421
v -1.758602 17.363432 5.758785
v -1.904133 17.132193 6.490421
v -1.274716 17.363434 10.535122
v -1.274716 17.132195 10.535122
v -0.977025 17.363434 10.980648
v -0.977025 17.132195 10.980648
v -3.795694 18.638235 2.775448
v -3.013825 18.385296 2.707673
v -3.795694 18.385296 2.707673
v -3.013825 18.638237 2.775448
v -3.795694 18.891174 2.707673
v -3.013825 18.891174 2.707673
v -3.013825 18.638237 2.775448
v -3.013825 18.891174 2.707673
v -3.013825 18.385296 2.707673
v -3.013825 18.200132 2.522507
v -3.013825 19.076342 2.522507
v -3.013825 18.132355 2.269566
v -3.013825 19.144117 2.269566
v -3.013825 18.200132 2.016629
v -3.013825 19.076344 2.016629
v -3.013825 18.385298 1.831460
v -3.013825 18.891174 1.831460
v -3.013825 18.638237 1.763684
v -3.013825 18.200132 2.522507
v -3.795694 18.385296 2.707673
v -3.013825 18.385296 2.707673
v -3.795694 18.200132 2.522511
v -3.013825 18.132355 2.269566
v -3.795694 18.132353 2.269566
v -3.013825 18.200132 2.016629
v -3.795694 18.200132 2.016629
v -3.013825 18.385298 1.831460
v -3.795694 18.385296 1.831463
v -3.013825 18.638237 1.763684
v -3.795694 18.385296 1.831463
v -3.013825 18.385298 1.831460
v -3.795681 18.638235 1.763688
v -3.013825 18.891174 1.831460
v -3.795694 18.891174 1.831460
v -3.013825 19.076344 2.016629
v -3.795694 18.891174 1.831460
v -3.013825 18.891174 1.831460
v -3.795694 19.076338 2.016629
v -3.013825 19.144117 2.269566
v -3.795694 19.144117 2.269566
v -3.013825 19.076342 2.522507
v -3.795694 19.076338 2.522507
v -3.013825 18.891174 2.707673
v -3.795694 18.891174 2.707673
v -3.303358 17.191816 2.675351
v -3.134636 17.796982 2.498341
v -3.062814 17.191816 2.597199
v -3.303358 17.796982 2.553158
v -3.543889 17.191816 2.597195
v -3.472067 17.796982 2.498341
v -3.030332 17.796982 2.354821
v -3.062814 17.191816 2.597199
v -3.134636 17.796982 2.498341
v -2.914147 17.191816 2.392579
v -3.030332 17.796982 2.177422
v -2.914147 17.191816 2.139664
v -3.134636 17.796982 2.033902
v -3.062814 17.191818 1.935044
v -3.303358 17.796982 1.979084
v -3.062814 17.191818 1.935044
v -3.134636 17.796982 2.033902
v -3.303358 17.191818 1.856888
v -3.472067 17.796982 2.033902
v -3.543889 17.191818 1.935044
v -3.576346 17.796982 2.177422
v -3.543889 17.191818 1.935044
v -3.472067 17.796982 2.033902
v -3.692556 17.191816 2.139664
v -3.576346 17.796982 2.354821
v -3.692556 17.191816 2.392579
v -3.472067 17.796982 2.498341
v -3.543889 17.191816 2.597195
v -3.303358 17.796982 2.553158
v -3.030332 17.796982 2.354821
v -3.134636 17.796982 2.498341
v -3.576346 17.796982 2.354821
v -3.472067 17.796982 2.498341
v -3.134636 17.796982 2.033902
v -3.030332 17.796982 2.177422
v -3.472067 17.796982 2.033902
v -3.303358 17.796982 1.979084
v -3.576346 17.796982 2.177422
v -3.770777 18.670834 1.812100
v -3.692816 18.670832 2.727036
v -3.770777 18.670744 2.727040
v -3.692816 18.670784 1.812096
v -3.770777 18.670744 2.727040
v -3.772501 18.624052 1.809678
v -3.770777 18.670834 1.812100
v -3.772501 18.624052 2.729466
v -3.692816 18.624052 1.809678
v -3.772501 18.624052 2.729466
v -3.692816 18.624052 2.729466
v -3.772501 18.624052 1.809678
v -3.770777 18.189974 2.246182
v -3.692816 19.104906 2.246178
v -3.770790 19.104908 2.246270
v -3.692816 18.189970 2.246228
v -3.770790 19.104908 2.246270
v -3.772501 18.187551 2.292962
v -3.770777 18.189974 2.246182
v -3.772501 19.107334 2.292962
v -3.692816 18.187548 2.292962
v -3.772501 19.107334 2.292962
v -3.692816 19.107334 2.292962
v -3.772501 18.187551 2.292962
v -3.411866 18.057341 2.854481
v -3.227877 17.887686 2.605446
v -3.227877 18.057341 2.854477
v -3.411866 17.887686 2.605446
v -3.411866 17.887686 1.933682
v -3.227877 17.887686 1.933682
v -3.411866 18.057341 1.684651
v -3.227877 18.057341 1.684647
v -3.227877 17.984476 2.957913
v -3.411866 17.714796 2.686520
v -3.411866 17.984474 2.957913
v -3.227877 17.714796 2.686520
v -3.411866 17.714796 1.852604
v -3.227877 17.714796 1.852604
v -3.227877 17.984480 1.581215
v -3.411866 17.984480 1.581215
v -3.227877 18.490597 2.957913
v -3.411866 17.984474 2.957913
v -3.411866 18.490597 2.957913
v -3.227877 17.984476 2.957913
v -3.181914 18.767145 2.998673
v -3.457878 18.490597 2.998669
v -3.457866 18.767145 2.998669
v -3.181926 18.490597 2.998669
v -3.411866 17.984474 2.957913
v -3.411866 18.490597 2.854481
v -3.411866 18.490597 2.957913
v -3.411866 18.057341 2.854481
v -3.411866 17.887686 2.605446
v -3.411866 17.714796 2.686520
v -3.411866 17.714796 1.852604
v -3.411866 17.887686 1.933682
v -3.411866 17.984480 1.581215
v -3.411866 18.057341 1.684651
v -3.411866 18.490601 1.684647
v -3.411866 18.490601 1.581215
v -3.227877 18.057341 2.854477
v -3.227877 18.490597 2.957913
v -3.227877 18.490597 2.854481
v -3.227877 17.984476 2.957913
v -3.227877 17.887686 2.605446
v -3.227877 17.714796 2.686520
v -3.227877 17.887686 1.933682
v -3.227877 17.714796 1.852604
v -3.227877 17.984480 1.581215
v -3.227877 18.057341 1.684647
v -3.227877 18.490601 1.581215
v -3.227877 18.490601 1.684651
v -3.457866 18.767147 1.540459
v -3.457878 18.490597 2.998669
v -3.457866 18.490597 1.540459
v -3.457866 18.767145 2.998669
v -3.411866 18.490597 2.854481
v -3.227877 18.057341 2.854477
v -3.227877 18.490597 2.854481
v -3.411866 18.057341 2.854481
v -3.457878 18.490597 2.998669
v -3.181926 18.490601 1.540459
v -3.457866 18.490597 1.540459
v -3.181926 18.490597 2.998669
v -3.227877 18.490601 1.581215
v -3.411866 17.984480 1.581215
v -3.227877 17.984480 1.581215
v -3.411866 18.490601 1.581215
v -3.181926 18.767149 1.540459
v -3.457866 18.490597 1.540459
v -3.181926 18.490601 1.540459
v -3.457866 18.767147 1.540459
v -3.457866 18.767147 1.540459
v -3.181914 18.767145 2.998673
v -3.457866 18.767145 2.998669
v -3.181926 18.767149 1.540459
v -3.181926 18.490601 1.540459
v -3.181914 18.767145 2.998673
v -3.181926 18.767149 1.540459
v -3.181926 18.490597 2.998669
v -3.411866 18.490601 1.684647
v -3.227877 18.057341 1.684647
v -3.411866 18.057341 1.684651
v -3.227877 18.490601 1.684651
v -0.107984 14.662478 12.376457
v -0.079129 13.903289 12.141319
v -0.079129 14.674981 12.194290
v -0.107984 13.890787 12.323494
v -0.107988 12.662599 12.597733
v -0.079175 11.906353 12.348686
v -0.079175 12.678416 12.415813
v -0.107988 11.890534 12.530605
v -5.019563 13.249264 9.285431
v -4.507860 13.717744 9.394386
v -4.495267 13.249291 9.285408
v -5.019563 13.717744 9.394405
v -4.507867 13.717744 9.221844
v -4.495267 13.249291 9.285408
v -4.507860 13.717744 9.394386
v -4.495275 13.249291 9.221844
v -4.495275 13.249291 9.221844
v -5.019563 13.249264 9.285431
v -4.495267 13.249291 9.285408
v -5.019571 13.249264 9.221867
v -5.019571 13.249264 9.221867
v -5.019563 13.717744 9.394405
v -5.019563 13.249264 9.285431
v -5.019571 13.717744 9.221867
v -5.019571 13.717744 9.221867
v -4.507860 13.717744 9.394386
v -5.019563 13.717744 9.394405
v -4.507867 13.717744 9.221844
v -4.568606 14.024540 8.715565
v -4.719303 12.924533 8.628574
v -4.568607 12.924533 8.715565
v -4.719302 14.024540 8.628563
v -4.869998 14.024540 8.715565
v -4.870000 12.924533 8.715565
v -4.568607 14.024540 8.889530
v -4.568607 12.924533 8.715565
v -4.568607 12.924533 8.889530
v -4.568606 14.024540 8.715565
v -4.568607 12.924533 8.889530
v -4.719303 14.024540 8.976536
v -4.568607 14.024540 8.889530
v -4.719303 12.924533 8.976536
v -4.870000 12.924533 8.889530
v -4.869998 14.024540 8.889530
v -4.869998 14.024540 8.889530
v -4.870000 12.924533 8.715565
v -4.869998 14.024540 8.715565
v -4.870000 12.924533 8.889530
v -4.621103 10.535441 4.981377
v -4.621103 10.771512 5.208984
v -4.621103 10.535441 5.208984
v -4.621103 10.771512 4.981377
v -4.621103 10.535439 7.753944
v -4.621103 10.771511 7.981552
v -4.621103 10.535439 7.981552
v -4.621103 10.771511 7.753944
v 0.117231 16.266678 0.727959
v -3.982269 17.039375 1.948102
v -3.982269 16.889347 1.948102
v 0.117231 17.039375 0.727959
v 0.156678 17.039375 0.860497
v -3.942823 16.889347 2.080636
v -3.942823 17.039375 2.080636
v 0.156678 16.266678 0.860497
v 0.117231 16.266678 0.727959
v -3.942823 16.889347 2.080636
v 0.156678 16.266678 0.860497
v -3.982269 16.889347 1.948102
v -3.982269 16.889347 1.948102
v -3.942823 17.039375 2.080636
v -3.942823 16.889347 2.080636
v -3.982269 17.039375 1.948102
v -1.001206 10.535438 12.120640
v -1.001204 10.771502 -0.865339
v -1.001204 10.535430 -0.865339
v -1.001206 10.771504 12.120640
v -1.228813 10.771504 12.120640
v -1.228811 10.535430 -0.865339
v -1.228811 10.771502 -0.865339
v -1.228813 10.535438 12.120640
v -1.001206 10.535438 12.120640
v -1.228811 10.535430 -0.865339
v -1.228813 10.535438 12.120640
v -1.001204 10.535430 -0.865339
v -1.001204 10.535430 -0.865339
v -1.228811 10.771502 -0.865339
v -1.228811 10.535430 -0.865339
v -1.001204 10.771502 -0.865339
v -1.001204 12.535430 8.137634
v -1.001204 12.771496 3.003083
v -1.001204 12.535423 3.003083
v -1.001204 12.771496 8.137634
v -1.228812 12.771496 8.137634
v -1.228812 12.535423 3.003083
v -1.228812 12.771496 3.003083
v -1.228812 12.535430 8.137634
v -1.001204 12.535430 8.137634
v -1.228812 12.535423 3.003083
v -1.228812 12.535430 8.137634
v -1.001204 12.535423 3.003083
v -1.001204 12.535423 3.003083
v -1.228812 12.771496 3.003083
v -1.228812 12.535423 3.003083
v -1.001204 12.771496 3.003083
v -1.001204 14.687641 8.137634
v -1.001204 14.923707 3.003083
v -1.001204 14.687634 3.003083
v -1.001204 14.923707 8.137634
v -1.228812 14.923707 8.137634
v -1.228812 14.687634 3.003083
v -1.228812 14.923707 3.003083
v -1.228812 14.687641 8.137634
v -1.001204 14.687641 8.137634
v -1.228812 14.687634 3.003083
v -1.228812 14.687641 8.137634
v -1.001204 14.687634 3.003083
v -1.001204 14.687634 3.003083
v -1.228812 14.923707 3.003083
v -1.228812 14.687634 3.003083
v -1.001204 14.923707 3.003083
v -4.584873 10.771507 2.485489
v -4.692978 10.923928 2.485482
v -4.692978 10.771512 2.485482
v -4.584873 10.923924 2.485489
v -4.584873 11.885831 2.485489
v -4.692978 11.885831 2.485482
v -4.584873 10.923924 2.485489
v -4.584869 10.771507 2.586285
v -4.584869 10.923924 2.586285
v -4.584873 10.771507 2.485489
v -4.584873 10.923924 2.485489
v -4.584873 11.885831 2.583783
v -4.584873 11.885831 2.485489
v -4.584873 10.923923 2.583752
v -1.949013 15.843700 2.906388
v -1.949013 15.843700 3.635624
v -1.949013 15.191740 2.906388
v -1.949013 15.552675 3.878823
v -1.949013 15.191740 3.878823
v -1.949013 15.843700 2.906388
v -1.544768 15.843700 3.635624
v -1.949013 15.843700 3.635624
v -1.544768 15.843700 2.906388
v -1.544768 15.552675 3.878823
v -1.949013 15.191740 3.878823
v -1.949013 15.552675 3.878823
v -1.544768 15.191740 3.878823
v -1.544768 15.191740 2.906388
v -1.949013 15.843700 2.906388
v -1.949013 15.191740 2.906388
v -1.544768 15.843700 2.906388
v -1.544768 15.843700 2.906388
v -1.544768 15.191740 2.906388
v -1.544768 15.843700 3.635624
v -1.544768 15.552675 3.878823
v -1.544768 15.191740 3.878823
v -1.949013 15.552675 3.878823
v -1.544768 15.843700 3.635624
v -1.544768 15.552675 3.878823
v -1.949013 15.843700 3.635624
v -1.229393 16.102446 3.388981
v -1.229393 15.191740 2.906388
v -1.229394 16.102446 2.906388
v -1.229393 15.191740 3.388981
v -1.229394 16.102446 2.906388
v -0.825148 16.102446 3.388981
v -1.229393 16.102446 3.388981
v -0.825148 16.102446 2.906388
v -0.825148 15.191740 2.906388
v -1.229394 16.102446 2.906388
v -1.229393 15.191740 2.906388
v -0.825148 16.102446 2.906388
v -0.825148 15.191740 2.906388
v -0.825148 16.102446 3.388981
v -0.825148 16.102446 2.906388
v -0.825148 15.191740 3.388981
v -0.825148 16.102446 3.388981
v -1.229393 15.191740 3.388981
v -1.229393 16.102446 3.388981
v -0.825148 15.191740 3.388981
v -4.475483 4.923819 2.272828
v -4.475480 2.923819 -2.995338
v -4.475480 4.923817 -2.995338
v -4.475483 2.923820 2.272828
v -3.636013 4.923821 5.538136
v -3.636014 2.923820 2.272828
v -3.636014 4.923819 2.272828
v -3.647031 2.923820 5.084980
v -3.636014 4.923819 2.272828
v -4.475483 2.923820 2.272828
v -4.475483 4.923819 2.272828
v -3.636014 2.923820 2.272828
v -1.228813 10.771504 12.120640
v -1.001206 10.535438 12.120640
v -1.228813 10.535438 12.120640
v -1.001206 10.771504 12.120640
v -4.737756 10.591514 0.704024
v -4.737756 10.771511 0.867707
v -4.737756 10.591514 0.867707
v -4.737756 10.771511 0.704024
v -4.584866 11.885832 2.586285
v -4.584386 11.885832 2.482701
v -4.584869 11.885832 2.484326
v -4.670550 11.885832 2.584721
v -4.617905 11.885832 2.084572
v -4.694179 11.885832 2.162648
v -4.732582 11.885832 1.488724
v -4.826780 11.885832 1.530976
v -4.861677 11.885830 0.785864
v -4.963636 11.885830 0.785864
v -4.963636 11.885830 0.785864
v -4.732581 11.885830 0.083010
v -4.861677 11.885830 0.785864
v -4.826779 11.885830 0.040755
v -4.364950 11.885830 -0.512840
v -4.437046 11.885830 -0.590917
v -3.814750 11.885830 -0.910972
v -3.853769 11.885830 -1.012985
v -1.355897 11.885830 -0.909492
v -1.365746 11.885830 -1.009492
v -4.584869 10.923924 2.484326
v -4.584866 11.885832 2.586285
v -4.584869 11.885832 2.484326
v -4.584869 10.923924 2.586285
v -4.584869 10.923924 2.586285
v -4.670550 11.885832 2.584721
v -4.584866 11.885832 2.586285
v -4.670550 10.771507 2.584721
v -4.584869 10.771507 2.586285
v -4.694179 11.885832 2.162648
v -4.694179 10.771507 2.162648
v -4.694179 10.771507 2.162648
v -4.826780 11.885832 1.530976
v -4.694179 11.885832 2.162648
v -4.826781 10.771507 1.530976
v -4.963636 11.885830 0.785864
v -4.963636 10.771506 0.785864
v -4.963636 10.771506 0.785864
v -4.826779 11.885830 0.040755
v -4.963636 11.885830 0.785864
v -4.826780 10.771506 0.040755
v -4.437046 11.885830 -0.590917
v -4.437046 10.771506 -0.590917
v -4.437046 10.771506 -0.590917
v -3.853769 11.885830 -1.012985
v -4.437046 11.885830 -0.590917
v -3.853769 10.771506 -1.012985
v -1.365746 11.885830 -1.009492
v -1.365747 10.771506 -1.009490
v -0.710838 17.191811 5.632584
v -0.000006 18.843512 5.442116
v -0.710838 18.843512 5.632584
v -0.000006 17.191811 5.442116
v 0.710826 18.843512 5.632584
v 0.710826 17.191811 5.632584
v -0.710838 18.843512 5.632584
v -1.231202 17.191811 6.152950
v -0.710838 17.191811 5.632584
v -1.231202 18.843512 6.152950
v -1.421669 17.191811 6.863781
v -1.421669 18.843512 6.863781
v -1.231202 17.191813 7.574612
v -1.231202 18.843513 7.574612
v -0.710838 17.191813 8.094975
v -0.710838 18.843513 8.094975
v -0.710838 18.843513 8.094975
v -0.000007 17.191813 8.285442
v -0.710838 17.191813 8.094975
v -0.000007 18.843513 8.285442
v 0.710824 17.191813 8.094975
v 0.710824 18.843513 8.094975
v 0.710824 18.843513 8.094975
v 1.231189 17.191813 7.574612
v 0.710824 17.191813 8.094975
v 1.231189 18.843513 7.574612
v 1.421656 17.191811 6.863781
v 1.421656 18.843512 6.863781
v 1.231190 17.191811 6.152950
v 1.231190 18.843512 6.152950
v 0.710826 17.191811 5.632584
v 0.710826 18.843512 5.632584
v -0.000006 18.843512 5.442116
v -0.926733 19.391529 5.258644
v -0.710838 18.843512 5.632584
v -0.000006 19.391529 5.010326
v 0.710826 18.843512 5.632584
v 0.926722 19.391529 5.258644
v -1.605145 19.391529 5.937054
v -0.710838 18.843512 5.632584
v -0.926733 19.391529 5.258644
v -1.231202 18.843512 6.152950
v -1.853460 19.391529 6.863781
v -1.231202 18.843512 6.152950
v -1.605145 19.391529 5.937054
v -1.421669 18.843512 6.863781
v -1.605145 19.391533 7.790508
v -1.231202 18.843513 7.574612
v -0.926734 19.391533 8.468918
v -1.231202 18.843513 7.574612
v -1.605145 19.391533 7.790508
v -0.710838 18.843513 8.094975
v -0.000007 19.391533 8.717236
v -0.710838 18.843513 8.094975
v -0.926734 19.391533 8.468918
v -0.000007 18.843513 8.285442
v 0.926720 19.391533 8.468918
v 0.710824 18.843513 8.094975
v 1.605131 19.391533 7.790508
v 0.710824 18.843513 8.094975
v 0.926720 19.391533 8.468918
v 1.231189 18.843513 7.574612
v 1.853447 19.391529 6.863781
v 1.231189 18.843513 7.574612
v 1.605131 19.391533 7.790508
v 1.421656 18.843512 6.863781
v 1.605132 19.391529 5.937054
v 1.231190 18.843512 6.152950
v 0.926722 19.391529 5.258644
v 1.231190 18.843512 6.152950
v 1.605132 19.391529 5.937054
v 0.710826 18.843512 5.632584
v -0.926733 25.741201 5.258640
v -1.605145 19.391529 5.937054
v -0.926733 19.391529 5.258644
v -1.605145 25.741201 5.937050
v -1.853460 19.391529 6.863781
v -1.605145 26.279568 5.937050
v -1.853460 26.279568 6.863773
v -0.926733 26.279568 5.258640
v -1.853460 25.741201 6.863777
v -1.605145 19.391533 7.790508
v -1.605145 25.741205 7.790504
v -0.926734 19.391533 8.468918
v -0.926734 25.741205 8.468914
v -0.926734 26.279572 8.468914
v -1.605145 26.541220 5.937046
v -0.926733 26.541220 5.258640
v -1.490919 26.795221 6.002995
v -0.860785 26.795221 5.372864
v -1.721564 26.795221 6.863773
v -1.853460 26.541220 6.863773
v -1.490919 26.795225 7.724552
v -1.605145 26.541224 7.790501
v -0.860785 26.795225 8.354691
v -0.926734 26.541224 8.468914
v -1.605145 26.279572 7.790504
v -1.823443 26.154224 6.975800
v -1.635162 26.154228 7.678478
v -1.823443 25.866545 6.975803
v -1.635162 25.866549 7.678478
v -0.926734 25.741205 8.468914
v -0.000007 19.391533 8.717236
v -0.926734 19.391533 8.468918
v -0.000007 25.741205 8.717232
v 0.926720 19.391533 8.468918
v 0.926720 25.741205 8.468918
v -0.112032 25.866549 8.687214
v -0.814708 25.866549 8.498932
v -0.926734 26.279572 8.468914
v -0.112032 26.154228 8.687214
v -0.000007 26.279572 8.717232
v -0.814708 26.154228 8.498932
v -0.000007 26.541224 8.717232
v -0.926734 26.541224 8.468914
v -0.000007 26.795225 8.585335
v -0.860785 26.795225 8.354691
v 0.860772 26.795225 8.354691
v 0.926720 26.541224 8.468914
v 0.926720 26.279572 8.468918
v 0.814695 26.154228 8.498936
v 0.814695 25.866549 8.498936
v 0.112018 26.154228 8.687214
v 0.112018 25.866549 8.687214
v 0.926720 25.741205 8.468918
v 1.605131 19.391533 7.790508
v 0.926720 19.391533 8.468918
v 1.605131 25.741205 7.790508
v 1.605131 26.279572 7.790508
v 1.853447 19.391529 6.863781
v 1.853447 25.741201 6.863781
v 0.926720 26.279572 8.468918
v 1.605132 19.391529 5.937054
v 1.605131 26.541224 7.790508
v 0.926720 26.541224 8.468914
v 1.490906 26.795225 7.724560
v 0.860772 26.795225 8.354691
v 1.721551 26.795221 6.863781
v 1.853447 26.541220 6.863781
v 1.490907 26.795221 6.003002
v 1.605132 26.541220 5.937054
v 0.860773 26.795221 5.372864
v 0.926722 26.541220 5.258640
v 1.853447 26.279568 6.863781
v 1.605132 26.279568 5.937054
v 0.926722 26.279568 5.258644
v 1.605132 25.741201 5.937054
v 0.926722 25.741201 5.258644
v 0.926722 19.391529 5.258644
v 1.635148 26.154228 7.678482
v 1.823430 26.154224 6.975807
v 1.635148 25.866549 7.678482
v 1.823430 25.866545 6.975807
v 0.926722 25.741201 5.258644
v -0.000006 19.391529 5.010326
v 0.926722 19.391529 5.258644
v -0.000006 25.741201 5.010323
v -0.926733 19.391529 5.258644
v -0.926733 25.741201 5.258640
v -0.926733 26.279568 5.258640
v -0.000006 26.279568 5.010323
v 0.926722 26.279568 5.258644
v -0.926733 26.541220 5.258640
v -0.000006 26.541220 5.010323
v -0.860785 26.795221 5.372864
v 0.926722 26.541220 5.258640
v -0.000006 26.795221 5.142220
v 0.860773 26.795221 5.372864
v 0.267701 15.191739 3.283700
v 0.267699 17.039375 3.459664
v 0.267696 15.191739 3.459664
v 0.267690 17.039375 3.283700
v 0.325917 15.191739 3.459664
v 0.325903 17.039375 3.283700
v 0.325905 15.191739 3.283700
v 0.325906 17.039375 3.459664
v -0.325931 15.191739 3.283700
v -0.325927 17.039375 3.459664
v -0.325930 15.191739 3.459664
v -0.325927 17.039375 3.283700
v -0.267707 15.191739 3.459664
v -0.267723 17.039375 3.283700
v -0.267719 15.191739 3.283711
v -0.267719 17.039375 3.459664
v -0.325930 15.191739 3.459664
v -0.267719 17.039375 3.459664
v -0.267707 15.191739 3.459664
v -0.325927 17.039375 3.459664
v 0.267696 15.191739 3.459664
v 0.325906 17.039375 3.459664
v 0.325917 15.191739 3.459664
v 0.267699 17.039375 3.459664
v -0.267719 15.191739 3.283711
v -0.325927 17.039375 3.283700
v -0.325931 15.191739 3.283700
v -0.267723 17.039375 3.283700
v 0.325905 15.191739 3.283700
v 0.267690 17.039375 3.283700
v 0.267701 15.191739 3.283700
v 0.325903 17.039375 3.283700
v -1.969274 25.465014 8.434216
v -1.092868 24.388788 9.133125
v -1.969275 24.388788 8.434216
v -1.092867 25.465014 9.133125
v -0.000007 24.388788 9.382568
v -0.000007 25.465014 9.382565
v 1.092854 25.465014 9.133133
v 1.092854 24.388788 9.133133
v 1.969262 25.465014 8.434219
v 1.969261 24.388788 8.434219
v -1.969275 24.388788 8.434216
v -2.455643 25.465014 7.424255
v -1.969274 25.465014 8.434216
v -2.455644 24.388788 7.424259
v -2.455643 24.388784 5.796825
v -2.455643 25.465010 5.937046
v -2.455643 25.312588 5.796825
v -2.455643 26.388796 3.973057
v -2.455643 26.388796 5.937046
v -2.455643 25.312588 3.973061
v -2.455643 25.312588 5.796825
v -2.455643 25.465014 7.424255
v -2.455643 25.465010 5.937046
v -2.355643 25.465014 7.401436
v -1.969274 25.465014 8.434216
v -1.889081 25.465014 8.370262
v -1.092867 25.465014 9.133125
v -1.048363 25.465014 9.040714
v -0.000007 25.465014 9.382565
v -0.000007 25.465014 9.279995
v 1.048349 25.465014 9.040718
v 1.092854 25.465014 9.133133
v 1.889068 25.465014 8.370266
v 1.969262 25.465014 8.434219
v 2.355631 25.465014 7.401440
v 2.455631 25.465014 7.424263
v 2.455632 25.465010 5.937054
v 2.455631 25.465014 7.424263
v 1.969261 24.388788 8.434219
v 1.969262 25.465014 8.434219
v 2.455631 24.388788 7.424263
v 2.455632 24.388784 5.796829
v 2.455632 25.465010 5.937054
v 2.455632 26.388796 3.973065
v 2.455632 26.388796 5.937054
v 2.455632 25.312588 3.973065
v 2.455632 25.312588 5.796829
v 2.455632 24.388784 5.796829
v 0.744003 25.312586 1.381249
v 0.744577 26.388800 3.973057
v 0.744003 26.388805 1.381257
v 0.744576 25.312588 3.973065
v 0.744003 26.388805 1.381257
v 0.927040 25.312586 0.999983
v 0.744003 25.312586 1.381249
v 0.927041 26.388811 0.999991
v 0.927041 26.388811 0.576811
v 0.927040 25.312586 0.576798
v 0.743428 25.312586 0.195523
v 0.743428 26.388811 0.195536
v 0.743428 26.388811 0.195536
v 0.412570 25.312586 -0.068328
v 0.743428 25.312586 0.195523
v 0.412570 26.388811 -0.068315
v -0.000004 25.312586 -0.162496
v -0.000003 26.388811 -0.162483
v -0.412577 26.388811 -0.068315
v -0.412577 25.312586 -0.068328
v -0.743435 26.388811 0.195536
v -0.743435 25.312586 0.195523
v -0.744011 25.312586 1.381245
v -0.744587 26.388800 3.973057
v -0.744587 25.312588 3.973061
v -0.744011 26.388805 1.381257
v -0.927048 25.312586 0.999983
v -0.744011 26.388805 1.381257
v -0.744011 25.312586 1.381245
v -0.927048 26.388811 0.999991
v -0.927048 25.312586 0.576798
v -0.927048 26.388811 0.576811
v -0.743435 25.312586 0.195523
v -0.743435 26.388811 0.195536
v -2.355643 25.465010 5.937050
v -2.455643 26.388796 5.937046
v -2.355643 26.388796 5.937046
v -2.455643 25.465010 5.937046
v 2.455632 25.465010 5.937054
v 2.355632 26.388796 5.937054
v 2.455632 26.388796 5.937054
v 2.355632 25.465010 5.937054
v 2.355632 26.388796 4.075390
v 2.455632 26.388796 5.937054
v 2.355632 26.388796 5.937054
v 2.455632 26.388796 3.973065
v 0.744577 26.388800 3.973057
v 0.644609 26.388792 4.075387
v 0.643991 26.388805 1.358521
v 0.744003 26.388805 1.381257
v 0.827041 26.388811 0.977232
v 0.927041 26.388811 0.999991
v 0.827041 26.388811 0.599635
v 0.927041 26.388811 0.576811
v 0.663234 26.388811 0.259488
v 0.743428 26.388811 0.195536
v 0.368066 26.388811 0.024098
v 0.412570 26.388811 -0.068315
v -0.000004 26.388811 -0.059913
v -0.000003 26.388811 -0.162483
v -0.412577 26.388811 -0.068315
v -0.368073 26.388811 0.024098
v -0.743435 26.388811 0.195536
v -0.663242 26.388811 0.259488
v -0.927048 26.388811 0.576811
v -0.827048 26.388811 0.599635
v -0.927048 26.388811 0.999991
v -0.827048 26.388811 0.977232
v -0.744011 26.388805 1.381257
v -0.643999 26.388805 1.358521
v -0.744587 26.388800 3.973057
v -0.644619 26.388792 4.075387
v -2.355643 26.388796 4.075383
v -2.455643 26.388796 3.973057
v -2.455643 26.388796 5.937046
v -2.355643 26.388796 5.937046
v 0.744576 25.312588 3.973065
v 2.455632 26.388796 3.973065
v 0.744577 26.388800 3.973057
v 2.455632 25.312588 3.973065
v -0.744587 26.388800 3.973057
v -2.455643 25.312588 3.973061
v -0.744587 25.312588 3.973061
v -2.455643 26.388796 3.973057
v -0.000005 12.924592 11.205093
v -0.150702 14.024599 11.292084
v -0.150702 12.924592 11.292084
v -0.000006 14.024599 11.205082
v 0.150689 14.024599 11.292084
v 0.150691 12.924592 11.292084
v -0.150702 14.024599 11.466049
v -0.150702 12.924592 11.292084
v -0.150702 14.024599 11.292084
v -0.150702 12.924592 11.466049
v -0.000006 14.024599 11.553055
v -0.150702 12.924592 11.466049
v -0.150702 14.024599 11.466049
v -0.000005 12.924592 11.553055
v 0.150691 12.924592 11.466049
v 0.150689 14.024599 11.466049
v -0.257029 13.675012 11.138565
v -0.354007 12.924592 11.082584
v -0.257028 12.924592 11.138565
v -0.354006 13.675012 11.082584
v -0.450982 12.924592 11.138565
v -0.450983 13.675008 11.138565
v -0.257029 13.675012 11.250549
v -0.257028 12.924592 11.138565
v -0.257028 12.924592 11.250549
v -0.257029 13.675012 11.138565
v -0.257028 12.924592 11.250549
v -0.354006 13.675014 11.306545
v -0.257029 13.675012 11.250549
v -0.354007 12.924592 11.306545
v -0.450983 13.675014 11.250549
v -0.450982 12.924592 11.250549
v -0.450983 13.675008 11.138565
v -0.450982 12.924592 11.250549
v -0.450982 12.924592 11.138565
v -0.450983 13.675014 11.250549
v 0.150689 14.024599 11.466049
v 0.150691 12.924592 11.292084
v 0.150691 12.924592 11.466049
v 0.150689 14.024599 11.292084
v 0.353995 12.924592 11.082584
v 0.257015 13.675012 11.138565
v 0.257018 12.924592 11.138565
v 0.353994 13.675012 11.082584
v 0.450972 12.924592 11.138565
v 0.450971 13.675008 11.138565
v 0.257015 13.675012 11.250549
v 0.257018 12.924592 11.138565
v 0.257015 13.675012 11.138565
v 0.257018 12.924592 11.250549
v 0.353994 13.675014 11.306545
v 0.257018 12.924592 11.250549
v 0.257015 13.675012 11.250549
v 0.353995 12.924592 11.306545
v 0.450969 13.675014 11.250549
v 0.450972 12.924592 11.250549
v 0.450971 13.675008 11.138565
v 0.450972 12.924592 11.250549
v 0.450969 13.675014 11.250549
v 0.450972 12.924592 11.138565
v -0.225632 17.602209 8.521091
v 0.225618 17.602209 8.177631
v 0.225618 17.602207 8.521091
v -0.225631 17.602207 8.177631
v 0.225618 17.191813 8.734352
v -0.225631 17.388947 8.734352
v 0.225618 17.388947 8.734352
v -0.225632 17.191813 8.734352
v -0.225631 17.388947 8.734352
v -0.225631 17.602207 8.177631
v -0.225632 17.602209 8.521091
v -0.225632 17.191813 8.734352
v -0.225631 17.191813 8.177631
v -0.225631 17.191813 8.177631
v 0.225618 17.602209 8.177631
v -0.225631 17.602207 8.177631
v 0.225618 17.191813 8.177631
v 0.225618 17.191813 8.177631
v 0.225618 17.602207 8.521091
v 0.225618 17.602209 8.177631
v 0.225618 17.191813 8.734352
v 0.225618 17.388947 8.734352
v 0.225618 17.602207 8.521091
v -0.225631 17.388947 8.734352
v -0.225632 17.602209 8.521091
v 0.225618 17.388947 8.734352
v 0.495238 2.923820 0.788395
v 0.255863 25.312588 0.532523
v 0.350185 2.923819 0.438206
v 0.361847 25.312588 0.788392
v 0.350184 2.923820 1.138585
v 0.255862 25.312586 1.044262
v -0.000006 25.312588 0.426539
v 0.350185 2.923819 0.438206
v 0.255863 25.312588 0.532523
v -0.000006 2.923819 0.293152
v -0.255874 25.312588 0.532523
v -0.350196 2.923819 0.438206
v -0.361858 25.312588 0.788392
v -0.350196 2.923819 0.438206
v -0.255874 25.312588 0.532523
v -0.495250 2.923820 0.788395
v -0.255874 25.312586 1.044262
v -0.350196 2.923820 1.138585
v -0.000006 25.312588 1.150246
v -0.350196 2.923820 1.138585
v -0.255874 25.312586 1.044262
v -0.000006 2.923820 1.283637
v 0.255862 25.312586 1.044262
v 0.350184 2.923820 1.138585
v 6.244197 25.416613 0.866683
v 6.244195 25.312582 0.710097
v 6.244197 25.312582 0.866683
v 6.244196 25.416613 0.710097
v 0.927044 25.416616 0.398945
v 6.244195 25.312582 0.710097
v 6.244196 25.416613 0.710097
v 0.927043 25.312586 0.398945
v 0.927044 25.312586 1.177838
v 6.244197 25.416613 0.866683
v 6.244197 25.312582 0.866683
v 0.927044 25.416616 1.177838
v 0.927044 25.416616 1.177838
v 6.244196 25.416613 0.710097
v 6.244197 25.416613 0.866683
v 0.927044 25.416616 0.398945
v -6.244204 25.416616 0.866679
v -6.244202 25.312586 0.710093
v -6.244203 25.416616 0.710093
v -6.244204 25.312586 0.866679
v -0.927050 25.416616 0.398945
v -6.244202 25.312586 0.710093
v -0.927050 25.312586 0.398945
v -6.244203 25.416616 0.710093
v -0.927051 25.312586 1.177838
v -6.244204 25.416616 0.866679
v -0.927051 25.416616 1.177838
v -6.244204 25.312586 0.866679
v -0.927051 25.416616 1.177838
v -6.244203 25.416616 0.710093
v -0.927050 25.416616 0.398945
v -6.244204 25.416616 0.866679
v 0.927044 25.416616 1.177838
v 0.927043 25.312586 0.398945
v 0.927044 25.416616 0.398945
v 0.927044 25.312586 1.177838
v -0.927051 25.312586 1.177838
v -0.927050 25.416616 0.398945
v -0.927050 25.312586 0.398945
v -0.927051 25.416616 1.177838
v 3.955128 25.416613 -4.044116
v 3.832716 25.312582 -4.141763
v 3.955128 25.312582 -4.044116
v 3.832717 25.416613 -4.141763
v 0.273665 25.416616 -0.179180
v 3.832716 25.312582 -4.141763
v 3.832717 25.416613 -4.141763
v 0.273664 25.312586 -0.179180
v 0.882555 25.312586 0.306546
v 3.955128 25.416613 -4.044116
v 3.955128 25.312582 -4.044116
v 0.882555 25.416616 0.306542
v 0.882555 25.416616 0.306542
v 3.832717 25.416613 -4.141763
v 3.955128 25.416613 -4.044116
v 0.273665 25.416616 -0.179180
v 0.882555 25.416616 0.306542
v 0.273664 25.312586 -0.179180
v 0.273665 25.416616 -0.179180
v 0.882555 25.312586 0.306546
v -3.955133 25.416613 -4.044116
v -3.832722 25.312582 -4.141763
v -3.832722 25.416613 -4.141763
v -3.955133 25.312582 -4.044116
v -0.273672 25.416616 -0.179180
v -3.832722 25.312582 -4.141763
v -0.273672 25.312586 -0.179176
v -3.832722 25.416613 -4.141763
v -0.882562 25.312586 0.306546
v -3.955133 25.416613 -4.044116
v -0.882562 25.416616 0.306546
v -3.955133 25.312582 -4.044116
v -0.882562 25.416616 0.306546
v -3.832722 25.416613 -4.141763
v -0.273672 25.416616 -0.179180
v -3.955133 25.416613 -4.044116
v -0.882562 25.416616 0.306546
v -0.273672 25.312586 -0.179176
v -0.882562 25.312586 0.306546
v -0.273672 25.416616 -0.179180
v -0.144498 17.457855 -0.008312
v -0.000019 39.956593 0.043278
v -0.086631 39.956589 0.071358
v -0.000024 17.457855 -0.055145
v 0.086592 39.956589 0.071358
v 0.144450 17.457855 -0.008312
v -0.086631 39.956589 0.071358
v -0.233789 17.457855 0.114718
v -0.144498 17.457855 -0.008312
v -0.140160 39.956589 0.144978
v -0.233789 17.457855 0.266524
v -0.140160 39.956589 0.236161
v -0.144500 17.457855 0.389555
v -0.086632 39.956589 0.309781
v -0.086632 39.956589 0.309781
v -0.000025 17.457855 0.436387
v -0.144500 17.457855 0.389555
v -0.000020 39.956589 0.337960
v 0.144449 17.457855 0.389555
v 0.086591 39.956589 0.309781
v 0.086591 39.956589 0.309781
v 0.233739 17.457855 0.266524
v 0.144449 17.457855 0.389555
v 0.140120 39.956589 0.236161
v 0.233740 17.457855 0.114718
v 0.140120 39.956589 0.144978
v 0.144450 17.457855 -0.008312
v 0.086592 39.956589 0.071358
v 6.179990 32.983665 0.699315
v 6.179990 32.794075 0.699315
v 6.179993 32.888874 0.754183
v 6.179987 32.888874 0.535109
v 6.179987 32.983665 0.589877
v 6.179987 32.794075 0.589877
v -6.179974 32.888878 0.535504
v -6.179971 32.794086 0.699612
v -6.179974 32.794086 0.590073
v -6.179971 32.983677 0.699612
v -6.179974 32.983677 0.590073
v -6.179971 32.888878 0.754181
v 1.072650 33.031597 0.562294
v 6.179987 32.888874 0.535109
v 6.179987 32.983665 0.589877
v 1.072650 32.888874 0.479844
v 6.179987 32.794075 0.589877
v 1.072649 32.746155 0.562294
v -6.179974 32.983677 0.590073
v -1.072683 32.888878 0.479844
v -1.072683 33.031601 0.562294
v -6.179974 32.888878 0.535504
v -1.072683 32.746159 0.562294
v -6.179974 32.794086 0.590073
v 6.179987 32.983665 0.589877
v 1.072650 33.031597 0.727295
v 1.072650 33.031597 0.562294
v 6.179990 32.983665 0.699315
v -6.179971 32.983677 0.699612
v -1.072683 33.031601 0.562294
v -1.072683 33.031597 0.727295
v -6.179974 32.983677 0.590073
v 6.179990 32.983665 0.699315
v 1.072651 32.888874 0.809647
v 1.072650 33.031597 0.727295
v 6.179993 32.888874 0.754183
v 1.072650 32.746155 0.727295
v 6.179990 32.794075 0.699315
v -1.072683 33.031597 0.727295
v -6.179971 32.888878 0.754181
v -6.179971 32.983677 0.699612
v -1.072682 32.888874 0.809647
v -6.179971 32.794086 0.699612
v -1.072683 32.746159 0.727295
v 6.179990 32.794075 0.699315
v 1.072649 32.746155 0.562294
v 1.072650 32.746155 0.727295
v 6.179987 32.794075 0.589877
v -6.179974 32.794086 0.590073
v -1.072683 32.746159 0.727295
v -1.072683 32.746159 0.562294
v -6.179971 32.794086 0.699612
v -0.087046 39.036613 0.743863
v 0.087028 38.703289 0.743863
v -0.087046 38.703289 0.743863
v 0.087028 39.036613 0.743863
v -0.087046 38.703289 0.743863
v 0.087028 38.438850 0.166905
v -0.087046 38.438850 0.166905
v 0.087028 38.703289 0.743863
v 0.087028 39.036621 0.166905
v 0.087028 38.703289 0.743863
v 0.087028 39.036613 0.743863
v 0.087028 38.438850 0.166905
v -0.087046 38.438850 0.166905
v -0.087046 39.036613 0.743863
v -0.087046 38.703289 0.743863
v -0.087046 39.036621 0.166905
v 0.087028 39.036613 0.743863
v -0.087046 39.036621 0.166905
v 0.087028 39.036621 0.166905
v -0.087046 39.036613 0.743863
v 3.888871 38.904064 0.518141
v 0.716160 38.947651 0.401459
v 3.888871 38.882675 0.466547
v 0.716160 38.995941 0.518139
v 0.716160 38.947651 0.634722
v 3.888871 38.882675 0.569735
v 0.716160 38.831039 0.353238
v 3.888871 38.882675 0.466547
v 0.716160 38.947651 0.401459
v 3.888871 38.831039 0.445216
v 0.716160 38.714443 0.401461
v 3.888871 38.779419 0.466547
v 0.716160 38.666138 0.518141
v 3.888871 38.779419 0.466547
v 0.716160 38.714443 0.401461
v 3.888871 38.758026 0.518141
v 0.716160 38.714443 0.634724
v 3.888871 38.779419 0.569735
v 0.716160 38.831039 0.683041
v 3.888871 38.779419 0.569735
v 0.716160 38.714443 0.634724
v 3.888871 38.831039 0.591168
v 0.716160 38.947651 0.634722
v 3.888871 38.882675 0.569735
v 3.888871 38.882675 0.569735
v 3.888871 38.779419 0.569735
v 3.888871 38.831039 0.591168
v 3.888871 38.882675 0.466547
v 3.888871 38.904064 0.518141
v 3.888871 38.779419 0.466547
v 3.888871 38.758026 0.518141
v 3.888871 38.831039 0.445216
v -3.888891 38.831039 0.445212
v -3.888891 38.758026 0.518137
v -3.888891 38.779419 0.466544
v -3.888891 38.904064 0.518137
v -3.888891 38.882675 0.466544
v -3.888891 38.831039 0.591164
v -3.888891 38.779419 0.569731
v -3.888891 38.882675 0.569731
v -0.716180 38.995941 0.518139
v -3.888891 38.882675 0.466544
v -0.716180 38.947651 0.401459
v -3.888891 38.904064 0.518137
v -3.888891 38.882675 0.569731
v -0.716180 38.947651 0.634722
v -3.888891 38.831039 0.445212
v -0.716180 38.947651 0.401459
v -3.888891 38.882675 0.466544
v -0.716180 38.831039 0.353238
v -3.888891 38.779419 0.466544
v -0.716180 38.714443 0.401459
v -3.888891 38.758026 0.518137
v -0.716180 38.714443 0.401459
v -3.888891 38.779419 0.466544
v -0.716180 38.666138 0.518139
v -3.888891 38.779419 0.569731
v -0.716180 38.714443 0.634722
v -3.888891 38.831039 0.591164
v -0.716180 38.714443 0.634722
v -3.888891 38.779419 0.569731
v -0.716180 38.831039 0.683041
v -3.888891 38.882675 0.569731
v -0.716180 38.947651 0.634722
v 0.107912 38.503387 -0.114578
v 0.029122 44.015659 -0.165082
v 0.053953 38.503387 -0.208141
v 0.058247 44.015659 -0.114580
v 0.053953 38.503387 -0.021213
v 0.029123 44.015659 -0.064176
v 0.053953 38.503387 -0.208141
v -0.029126 44.015659 -0.165082
v -0.053964 38.503387 -0.208141
v 0.029122 44.015659 -0.165082
v -0.058250 44.015659 -0.114580
v -0.053964 38.503387 -0.208141
v -0.029126 44.015659 -0.165082
v -0.107923 38.503387 -0.114578
v -0.029126 44.015659 -0.064176
v -0.053964 38.503387 -0.021213
v -0.053964 38.503387 -0.021213
v 0.029123 44.015659 -0.064176
v 0.053953 38.503387 -0.021213
v -0.029126 44.015659 -0.064176
v 0.029122 44.015659 -0.165082
v -0.058250 44.015659 -0.114580
v -0.029126 44.015659 -0.165082
v 0.029123 44.015659 -0.064176
v 0.058247 44.015659 -0.114580
v -0.029126 44.015659 -0.064176
v 6.143264 25.312588 0.841897
v 6.143263 25.208557 0.734868
v 6.143263 25.208557 0.841893
v 6.143263 25.312588 0.734869
v 6.143263 25.208557 0.841893
v -0.000002 25.312588 0.841902
v 6.143264 25.312588 0.841897
v -0.000002 24.361139 0.841902
v -6.143267 25.208557 0.841889
v -6.143268 25.312592 0.841893
v -0.000002 25.312588 0.734875
v 6.143263 25.208557 0.734868
v 6.143263 25.312588 0.734869
v -0.000002 24.361139 0.734875
v -6.143266 25.208557 0.734860
v -6.143267 25.312592 0.734868
v -0.000002 24.361139 0.734875
v 6.143263 25.208557 0.841893
v 6.143263 25.208557 0.734868
v -0.000002 24.361139 0.841902
v -6.143268 25.312592 0.841893
v -6.143266 25.208557 0.734860
v -6.143267 25.312592 0.734868
v -6.143267 25.208557 0.841889
v -0.000002 24.361139 0.734875
v -6.143267 25.208557 0.841889
v -0.000002 24.361139 0.841902
v -6.143266 25.208557 0.734860
v 3.872810 25.312588 -3.980669
v 3.789139 25.208557 -4.047412
v 3.872806 25.208557 -3.980669
v 3.789142 25.312588 -4.047409
v 0.041830 25.312588 0.821761
v 3.872806 25.208557 -3.980669
v 0.041830 24.361139 0.821761
v 3.872810 25.312588 -3.980669
v -0.041836 25.312588 0.755017
v 3.789139 25.208557 -4.047412
v 3.789142 25.312588 -4.047409
v -0.041837 24.361139 0.755021
v -0.041837 24.361139 0.755021
v 3.872806 25.208557 -3.980669
v 3.789139 25.208557 -4.047412
v 0.041830 24.361139 0.821761
v -3.872810 25.312588 -3.980669
v -3.789139 25.208557 -4.047412
v -3.789142 25.312588 -4.047409
v -3.872806 25.208557 -3.980672
v 0.041832 25.312588 0.755017
v -3.789139 25.208557 -4.047412
v 0.041832 24.361139 0.755021
v -3.789142 25.312588 -4.047409
v 0.041832 24.361139 0.755021
v -3.872806 25.208557 -3.980672
v -0.041835 24.361139 0.821761
v -3.789139 25.208557 -4.047412
v -3.872806 25.208557 -3.980672
v -0.041834 25.312588 0.821761
v -0.041835 24.361139 0.821761
v -3.872810 25.312588 -3.980669
v -0.053511 25.312588 4.863106
v 0.053519 25.208557 4.863110
v -0.053508 25.208557 4.863106
v 0.053515 25.312588 4.863110
v 0.053514 24.342112 0.756043
v 0.053515 25.312588 4.863110
v 0.053512 25.312588 0.756043
v 0.053519 25.208557 4.863110
v 0.053514 24.342112 0.756043
v -0.053508 25.208557 4.863106
v 0.053519 25.208557 4.863110
v -0.053512 24.342112 0.756043
v -0.053514 25.312588 0.756043
v -0.053508 25.208557 4.863106
v -0.053512 24.342112 0.756043
v -0.053511 25.312588 4.863106
v 1.834299 25.416616 0.786231
v 1.728947 25.679350 0.658946
v 1.744880 25.416616 0.631350
v 1.802426 25.679350 0.786219
v 1.744881 25.416616 0.941111
v 1.728948 25.679350 0.913504
v 1.744880 25.416616 0.631350
v 1.581988 25.679350 0.658946
v 1.566044 25.416616 0.631350
v 1.728947 25.679350 0.658946
v 1.508510 25.679350 0.786219
v 1.566044 25.416616 0.631350
v 1.581988 25.679350 0.658946
v 1.476626 25.416616 0.786231
v 1.581989 25.679350 0.913504
v 1.566044 25.416616 0.941111
v 1.566044 25.416616 0.941111
v 1.728948 25.679350 0.913504
v 1.744881 25.416616 0.941111
v 1.581989 25.679350 0.913504
v 1.728947 25.679350 0.658946
v 1.508510 25.679350 0.786219
v 1.581988 25.679350 0.658946
v 1.728948 25.679350 0.913504
v 1.802426 25.679350 0.786219
v 1.581989 25.679350 0.913504
v 1.744881 25.416616 0.941111
v 1.476626 25.416616 0.786231
v 1.566044 25.416616 0.941111
v 1.744880 25.416616 0.631350
v 1.834299 25.416616 0.786231
v 1.566044 25.416616 0.631350
v 3.097248 25.416616 0.786231
v 2.991897 25.679350 0.658946
v 3.007829 25.416616 0.631350
v 3.065376 25.679350 0.786219
v 3.007831 25.416616 0.941111
v 2.991897 25.679350 0.913504
v 3.007829 25.416616 0.631350
v 2.844939 25.679350 0.658946
v 2.828994 25.416616 0.631350
v 2.991897 25.679350 0.658946
v 2.771459 25.679350 0.786219
v 2.828994 25.416616 0.631350
v 2.844939 25.679350 0.658946
v 2.739576 25.416616 0.786231
v 2.844938 25.679350 0.913504
v 2.828993 25.416616 0.941111
v 2.828993 25.416616 0.941111
v 2.991897 25.679350 0.913504
v 3.007831 25.416616 0.941111
v 2.844938 25.679350 0.913504
v 2.991897 25.679350 0.658946
v 2.771459 25.679350 0.786219
v 2.844939 25.679350 0.658946
v 2.991897 25.679350 0.913504
v 3.065376 25.679350 0.786219
v 2.844938 25.679350 0.913504
v 3.007831 25.416616 0.941111
v 2.739576 25.416616 0.786231
v 2.828993 25.416616 0.941111
v 3.007829 25.416616 0.631350
v 3.097248 25.416616 0.786231
v 2.828994 25.416616 0.631350
v -1.728958 25.679350 0.658946
v -1.834310 25.416616 0.786231
v -1.744891 25.416616 0.631350
v -1.802438 25.679350 0.786219
v -1.744892 25.416616 0.941111
v -1.728959 25.679350 0.913504
v -1.744891 25.416616 0.631350
v -1.582000 25.679350 0.658946
v -1.728958 25.679350 0.658946
v -1.566055 25.416616 0.631350
v -1.566055 25.416616 0.631350
v -1.508521 25.679350 0.786219
v -1.582000 25.679350 0.658946
v -1.476637 25.416616 0.786231
v -1.582001 25.679350 0.913504
v -1.566056 25.416616 0.941111
v -1.566056 25.416616 0.941111
v -1.728959 25.679350 0.913504
v -1.582001 25.679350 0.913504
v -1.744892 25.416616 0.941111
v -1.728959 25.679350 0.913504
v -1.508521 25.679350 0.786219
v -1.582001 25.679350 0.913504
v -1.728958 25.679350 0.658946
v -1.802438 25.679350 0.786219
v -1.582000 25.679350 0.658946
v -1.744891 25.416616 0.631350
v -1.476637 25.416616 0.786231
v -1.566055 25.416616 0.631350
v -1.744892 25.416616 0.941111
v -1.834310 25.416616 0.786231
v -1.566056 25.416616 0.941111
v -2.991908 25.679350 0.658946
v -3.097260 25.416616 0.786231
v -3.007841 25.416616 0.631350
v -3.065388 25.679350 0.786219
v -3.007842 25.416616 0.941111
v -2.991908 25.679350 0.913504
v -3.007841 25.416616 0.631350
v -2.844950 25.679350 0.658946
v -2.991908 25.679350 0.658946
v -2.829005 25.416616 0.631350
v -2.829005 25.416616 0.631350
v -2.771471 25.679350 0.786219
v -2.844950 25.679350 0.658946
v -2.739587 25.416616 0.786231
v -2.844950 25.679350 0.913504
v -2.829005 25.416616 0.941111
v -2.829005 25.416616 0.941111
v -2.991908 25.679350 0.913504
v -2.844950 25.679350 0.913504
v -3.007842 25.416616 0.941111
v -2.991908 25.679350 0.913504
v -2.771471 25.679350 0.786219
v -2.844950 25.679350 0.913504
v -2.991908 25.679350 0.658946
v -3.065388 25.679350 0.786219
v -2.844950 25.679350 0.658946
v -3.007841 25.416616 0.631350
v -2.739587 25.416616 0.786231
v -2.829005 25.416616 0.631350
v -3.007842 25.416616 0.941111
v -3.097260 25.416616 0.786231
v -2.829005 25.416616 0.941111
v 6.044526 25.416616 0.786231
v 5.989900 26.963881 0.720232
v 5.998162 25.416616 0.705924
v 6.028000 26.963881 0.786225
v 5.998163 25.416616 0.866536
v 5.989900 26.963881 0.852225
v 5.998162 25.416616 0.705924
v 5.913702 26.963881 0.720232
v 5.905434 25.416616 0.705924
v 5.989900 26.963881 0.720232
v 5.875602 26.963881 0.786225
v 5.905434 25.416616 0.705924
v 5.913702 26.963881 0.720232
v 5.859071 25.416616 0.786231
v 5.913702 26.963881 0.852225
v 5.905434 25.416616 0.866536
v 5.905434 25.416616 0.866536
v 5.989900 26.963881 0.852225
v 5.998163 25.416616 0.866536
v 5.913702 26.963881 0.852225
v 5.989900 26.963881 0.720232
v 5.875602 26.963881 0.786225
v 5.913702 26.963881 0.720232
v 5.989900 26.963881 0.852225
v 6.028000 26.963881 0.786225
v 5.913702 26.963881 0.852225
v 5.998163 25.416616 0.866536
v 5.859071 25.416616 0.786231
v 5.905434 25.416616 0.866536
v 5.998162 25.416616 0.705924
v 6.044526 25.416616 0.786231
v 5.905434 25.416616 0.705924
v -5.989912 26.963881 0.720232
v -6.044538 25.416616 0.786231
v -5.998173 25.416616 0.705924
v -6.028012 26.963881 0.786225
v -5.998174 25.416616 0.866536
v -5.989912 26.963881 0.852225
v -5.998173 25.416616 0.705924
v -5.913714 26.963881 0.720232
v -5.989912 26.963881 0.720232
v -5.905446 25.416616 0.705924
v -5.905446 25.416616 0.705924
v -5.875614 26.963881 0.786225
v -5.913714 26.963881 0.720232
v -5.859082 25.416616 0.786231
v -5.913714 26.963881 0.852225
v -5.905446 25.416616 0.866536
v -5.905446 25.416616 0.866536
v -5.989912 26.963881 0.852225
v -5.913714 26.963881 0.852225
v -5.998174 25.416616 0.866536
v -5.989912 26.963881 0.852225
v -5.875614 26.963881 0.786225
v -5.913714 26.963881 0.852225
v -5.989912 26.963881 0.720232
v -6.028012 26.963881 0.786225
v -5.913714 26.963881 0.720232
v -5.998173 25.416616 0.705924
v -5.859082 25.416616 0.786231
v -5.905446 25.416616 0.705924
v -5.998174 25.416616 0.866536
v -6.044538 25.416616 0.786231
v -5.905446 25.416616 0.866536
v 3.466193 4.923821 2.602662
v 2.777539 5.795716 2.602662
v 2.572505 4.923822 2.602662
v 3.019360 5.895862 2.602662
v 3.261057 5.795718 2.602662
v 3.466193 4.923820 3.917389
v 3.019360 5.895858 3.917389
v 3.261107 5.795716 3.917389
v 2.572505 4.923822 3.917389
v 2.777539 5.795715 3.917389
v 3.261057 5.795718 2.602662
v 3.019360 5.895862 2.732811
v 3.019360 5.895862 2.602662
v 3.261057 5.795716 2.732811
v 3.466193 4.923821 2.602662
v 3.261057 5.795716 2.732811
v 3.261057 5.795718 2.602662
v 3.466193 4.923821 2.732811
v 2.777539 5.795716 2.602662
v 2.572505 4.923822 2.732811
v 2.572505 4.923822 2.602662
v 2.777539 5.795716 2.732811
v 3.019360 5.895862 2.602662
v 2.777539 5.795716 2.732811
v 2.777539 5.795716 2.602662
v 3.019360 5.895862 2.732811
v 2.572505 4.923822 3.917389
v 2.777539 5.795715 3.787240
v 2.777539 5.795715 3.917389
v 2.572505 4.923822 3.787243
v 3.261107 5.795716 3.917389
v 3.466193 4.923820 3.787243
v 3.466193 4.923820 3.917389
v 3.261107 5.795716 3.787243
v 3.019360 5.895858 3.917389
v 3.261107 5.795716 3.787243
v 3.261107 5.795716 3.917389
v 3.019360 5.895858 3.787243
v 2.777539 5.795715 3.917389
v 3.019360 5.895858 3.787243
v 3.019360 5.895858 3.917389
v 2.777539 5.795715 3.787240
v 2.777539 5.795715 3.787240
v 3.466193 4.923820 3.787243
v 3.261107 5.795716 3.787243
v 2.572505 4.923822 3.787243
v 3.261057 5.795716 2.732811
v 2.572505 4.923822 2.732811
v 2.777539 5.795716 2.732811
v 3.466193 4.923821 2.732811
v -3.466205 4.923821 2.602662
v -3.019372 5.895862 2.602662
v -3.261069 5.795718 2.602662
v -2.777551 5.795716 2.602662
v -2.572517 4.923822 2.602662
v -2.572517 4.923822 3.917389
v -3.019372 5.895858 3.917389
v -2.777551 5.795715 3.917389
v -3.466205 4.923820 3.917389
v -3.261118 5.795716 3.917389
v -3.261069 5.795718 2.602662
v -3.019372 5.895862 2.732808
v -3.261069 5.795716 2.732808
v -3.019372 5.895862 2.602662
v -3.466205 4.923821 2.602662
v -3.261069 5.795716 2.732808
v -3.466205 4.923821 2.732808
v -3.261069 5.795718 2.602662
v -2.777551 5.795716 2.602662
v -2.572517 4.923822 2.732808
v -2.777551 5.795716 2.732808
v -2.572517 4.923822 2.602662
v -3.019372 5.895862 2.602662
v -2.777551 5.795716 2.732808
v -3.019372 5.895862 2.732808
v -2.777551 5.795716 2.602662
v -2.572517 4.923822 3.917389
v -2.777551 5.795715 3.787236
v -2.572517 4.923822 3.787243
v -2.777551 5.795715 3.917389
v -3.261118 5.795716 3.917389
v -3.466205 4.923820 3.787240
v -3.261118 5.795716 3.787240
v -3.466205 4.923820 3.917389
v -3.019372 5.895858 3.917389
v -3.261118 5.795716 3.787240
v -3.019372 5.895858 3.787240
v -3.261118 5.795716 3.917389
v -2.777551 5.795715 3.917389
v -3.019372 5.895858 3.787240
v -2.777551 5.795715 3.787236
v -3.019372 5.895858 3.917389
v -2.777551 5.795715 3.787236
v -3.466205 4.923820 3.787240
v -2.572517 4.923822 3.787243
v -3.261118 5.795716 3.787240
v -3.261069 5.795716 2.732808
v -2.572517 4.923822 2.732808
v -3.466205 4.923821 2.732808
v -2.777551 5.795716 2.732808
v 0.350184 2.923820 1.138585
v -0.350196 2.923820 1.138585
v -0.000006 2.923820 1.283637
v 0.350185 2.923819 0.438206
v 0.495238 2.923820 0.788395
v -0.350196 2.923819 0.438206
v -0.495250 2.923820 0.788395
v -0.000006 2.923819 0.293152
v -1.188243 12.850790 0.788393
v -1.094362 12.850790 0.335095
v -0.000006 13.202092 0.788393
v -0.840217 12.850790 -0.051818
v -0.453303 12.850790 -0.305963
v -0.000006 12.850790 -0.399847
v 0.453292 12.850790 -0.305961
v 0.840205 12.850790 -0.051816
v 1.094351 12.850790 0.335097
v 1.188232 12.850790 0.788395
v -1.094362 10.923923 0.335097
v -1.188243 12.850790 0.788393
v -1.188243 10.923923 0.788395
v -1.094362 12.850790 0.335095
v -0.840217 12.850790 -0.051818
v -0.840217 10.923923 -0.051816
v -0.453303 10.923923 -0.305961
v -0.840217 12.850790 -0.051818
v -0.840217 10.923923 -0.051816
v -0.453303 12.850790 -0.305963
v -0.000006 12.850790 -0.399847
v -0.000006 10.923923 -0.399845
v 0.453292 10.923923 -0.305961
v 0.453292 12.850790 -0.305961
v 0.840205 12.850790 -0.051816
v 0.840205 10.923923 -0.051816
v 1.094351 10.923923 0.335097
v 0.840205 12.850790 -0.051816
v 0.840205 10.923923 -0.051816
v 1.094351 12.850790 0.335097
v 1.188232 12.850790 0.788395
v 1.188232 10.923923 0.788395
v 1.001190 7.459120 11.120640
v 1.001194 7.695183 -2.951192
v 1.001190 7.695185 11.120640
v 1.001194 7.459110 -2.951192
v 1.228798 7.695185 11.120640
v 1.228802 7.459110 -2.951192
v 1.228798 7.459120 11.120640
v 1.228802 7.695183 -2.951192
v 1.001190 7.459120 11.120640
v 1.228802 7.459110 -2.951192
v 1.001194 7.459110 -2.951192
v 1.228798 7.459120 11.120640
v 1.001194 7.459110 -2.951192
v 1.228802 7.695183 -2.951192
v 1.001194 7.695183 -2.951192
v 1.228802 7.459110 -2.951192
v -1.001206 7.459120 11.120640
v -1.001202 7.695183 -2.951192
v -1.001202 7.459110 -2.951192
v -1.001206 7.695185 11.120640
v -1.228813 7.695185 11.120640
v -1.228810 7.459110 -2.951192
v -1.228810 7.695183 -2.951192
v -1.228813 7.459120 11.120640
v -1.001206 7.459120 11.120640
v -1.228810 7.459110 -2.951192
v -1.228813 7.459120 11.120640
v -1.001202 7.459110 -2.951192
v -1.001202 7.459110 -2.951192
v -1.228810 7.695183 -2.951192
v -1.228810 7.459110 -2.951192
v -1.001202 7.695183 -2.951192
v 1.365738 7.847605 -2.995338
v -0.000004 7.695183 -2.995338
v 1.365738 7.695189 -2.995338
v -0.000004 7.847602 -2.995338
v -1.365746 7.695189 -2.995338
v -1.365746 7.847605 -2.995338
v 2.037421 7.695189 0.712826
v -0.000006 6.978569 0.712826
v 2.037421 7.515192 0.712826
v -0.000006 7.695189 0.712826
v -2.037437 7.695189 0.712826
v -2.037437 7.515192 0.712826
v 2.037421 7.515192 0.863966
v -0.000006 7.695189 0.863966
v 2.037421 7.695189 0.863966
v -0.000006 6.978569 0.863966
v -2.037437 7.515192 0.863966
v -2.037437 7.695189 0.863966
v -0.000006 6.978569 0.712826
v 2.037421 7.515192 0.863966
v 2.037421 7.515192 0.712826
v -0.000006 6.978569 0.863966
v -2.037437 7.515192 0.863966
v -2.037437 7.515192 0.712826
v -3.814750 11.053436 -0.910972
v -0.000006 11.053432 -0.707937
v -3.814750 11.053436 -0.834630
v -1.355897 11.053434 -0.909490
v -0.000006 11.053432 -0.909488
v -0.000006 11.053432 -0.707937
v 1.355888 11.053434 -0.909490
v 3.814740 11.053436 -0.834627
v 3.814740 11.053436 -0.910970
v 3.814740 10.923923 -0.834627
v -0.000006 11.053432 -0.707937
v 3.814740 11.053436 -0.834627
v -0.000006 10.923921 -0.707937
v -3.814750 11.053436 -0.834630
v -3.814751 10.923923 -0.834630
v -0.000006 11.053432 -0.707937
v 3.814740 11.053436 -0.834627
v 3.814740 10.923923 -0.910970
v 3.814740 10.923923 -0.834627
v 3.814740 11.053436 -0.910970
v -3.814751 10.923923 -0.834630
v -3.814750 11.053436 -0.910972
v -3.814750 11.053436 -0.834630
v -3.814751 10.923923 -0.910972
v 1.188230 11.575885 1.636113
v 1.188230 10.923924 1.014853
v 1.188230 10.923924 1.636113
v 1.188230 11.575885 1.014853
v 0.602244 11.575885 1.014853
v 1.188230 11.575885 1.636113
v 0.602243 11.575885 1.636113
v 1.188230 11.575885 1.014853
v 0.602243 11.575885 1.636113
v 1.188230 10.923924 1.636113
v 0.602243 10.923924 1.636113
v 1.188230 11.575885 1.636113
v 0.602244 10.923924 1.014853
v 1.188230 11.575885 1.014853
v 0.602244 11.575885 1.014853
v 1.188230 10.923924 1.014853
v 0.602244 10.923924 1.014853
v 0.602243 11.575885 1.636113
v 0.602243 10.923924 1.636113
v 0.602244 11.575885 1.014853
v -0.602256 11.575885 1.636113
v -0.602256 10.923924 1.014853
v -0.602256 10.923924 1.636113
v -0.602256 11.575885 1.014853
v -1.188243 11.575885 1.014851
v -0.602256 11.575885 1.636113
v -1.188244 11.575885 1.636113
v -0.602256 11.575885 1.014853
v -1.188244 11.575885 1.636113
v -0.602256 10.923924 1.636113
v -1.188244 10.923924 1.636113
v -0.602256 11.575885 1.636113
v -1.188243 10.923924 1.014853
v -0.602256 11.575885 1.014853
v -1.188243 11.575885 1.014851
v -0.602256 10.923924 1.014853
v -1.188243 10.923924 1.014853
v -1.188244 11.575885 1.636113
v -1.188244 10.923924 1.636113
v -1.188243 11.575885 1.014851
v 1.365738 7.695189 -2.995338
v 1.365737 7.847605 -1.140228
v 1.365738 7.847605 -2.995338
v 1.365737 7.695188 -1.140228
v 2.270577 7.695188 -1.140228
v 1.365737 7.847605 -1.140228
v 1.365737 7.695188 -1.140228
v 1.365737 8.771397 -1.140228
v 2.270577 8.771395 -1.140228
v -1.365746 7.847605 -2.995338
v -1.365748 7.695188 -1.140228
v -1.365746 7.695189 -2.995338
v -1.365748 7.847605 -1.140228
v -2.270620 7.695188 -1.140228
v -1.365748 7.695188 -1.140228
v -1.365748 7.847605 -1.140228
v -2.270620 8.771395 -1.140228
v -1.365748 8.771397 -1.140228
v 1.265737 8.771398 1.172825
v 1.365737 8.771396 6.564606
v 1.265737 8.771396 6.564606
v 1.365737 8.771398 1.272826
v 2.191377 8.771396 1.172825
v 2.270577 8.771396 1.272826
v 2.191377 8.771395 -1.040227
v 2.270577 8.771395 -1.140228
v 1.365737 8.771397 -1.040227
v 2.270577 8.771395 -1.140228
v 1.365737 8.771397 -1.140228
v -1.365748 8.771397 -1.140228
v -2.191420 8.771395 -1.040227
v -2.270620 8.771395 -1.140228
v -1.365748 8.771397 -1.040227
v -2.191421 8.771396 1.172825
v -2.270620 8.771395 -1.140228
v -2.270621 8.771396 1.272826
v -1.265748 8.771398 1.172825
v -1.365748 8.771398 1.272826
v -1.265749 8.771396 6.564606
v -1.365749 8.771396 6.564606
v 1.365737 7.695189 6.564606
v 1.365737 8.771398 1.272826
v 1.365737 7.695188 1.272826
v 1.365737 8.771396 6.564606
v 2.270577 7.695188 1.272826
v 1.365737 8.771398 1.272826
v 2.270577 8.771396 1.272826
v 1.365737 7.695188 1.272826
v 2.270577 7.695188 -1.140228
v 2.270577 8.771396 1.272826
v 2.270577 8.771395 -1.140228
v 2.270577 7.695188 1.272826
v 1.365737 7.847605 -1.140228
v 1.365737 8.771397 -1.040227
v 1.365737 7.847605 -1.040227
v 1.365737 8.771397 -1.140228
v -1.365748 7.847605 -1.040227
v -1.365748 8.771397 -1.140228
v -1.365748 7.847605 -1.140228
v -1.365748 8.771397 -1.040227
v -2.270620 7.695188 -1.140228
v -2.270621 8.771396 1.272826
v -2.270621 7.695188 1.272826
v -2.270620 8.771395 -1.140228
v -1.365748 7.695188 1.272826
v -2.270621 8.771396 1.272826
v -1.365748 8.771398 1.272826
v -2.270621 7.695188 1.272826
v -1.365749 7.695189 6.564606
v -1.365748 8.771398 1.272826
v -1.365749 8.771396 6.564606
v -1.365748 7.695188 1.272826
v 2.037421 7.515192 0.863966
v 2.037421 7.695189 0.712826
v 2.037421 7.515192 0.712826
v 2.037421 7.695189 0.863966
v -2.037437 7.695189 0.863966
v -2.037437 7.515192 0.712826
v -2.037437 7.695189 0.712826
v -2.037437 7.515192 0.863966
v -0.000006 9.906108 4.550663
v 1.194414 9.906111 3.634858
v 1.194414 9.906111 4.550663
v -0.000006 9.906108 3.634858
v -1.194426 9.906111 4.550663
v -1.194426 9.906111 3.634858
v 1.194414 9.906111 3.634858
v 1.194414 7.847607 4.550663
v 1.194414 9.906111 4.550663
v 1.194414 7.847607 3.634858
v -0.000006 9.906108 3.634858
v 1.194414 7.847607 3.634858
v 1.194414 9.906111 3.634858
v -0.000006 7.847604 3.634858
v -1.194426 9.906111 3.634858
v -1.194426 7.847607 3.634858
v -1.194426 9.906111 4.550663
v -1.194426 7.847607 3.634858
v -1.194426 9.906111 3.634858
v -1.194426 7.847607 4.550663
v -0.000006 6.448997 0.172144
v 0.901216 6.448999 -0.743659
v 0.901216 6.448999 0.172144
v -0.000006 6.448996 -0.743656
v -0.901227 6.448999 0.172144
v -0.901227 6.448999 -0.743659
v 0.901216 6.448999 -0.743659
v 0.901216 4.923820 0.172144
v 0.901216 6.448999 0.172144
v 0.901216 4.923819 -0.743659
v -0.000006 6.448996 -0.743656
v 0.901216 4.923819 -0.743659
v 0.901216 6.448999 -0.743659
v -0.000006 4.923815 -0.743656
v -0.901227 6.448999 -0.743659
v -0.901227 4.923819 -0.743659
v -0.901227 6.448999 0.172144
v -0.901227 4.923819 -0.743659
v -0.901227 6.448999 -0.743659
v -0.901227 4.923820 0.172144
v -0.000006 4.923819 0.172144
v 0.901216 6.448999 0.172144
v 0.901216 4.923820 0.172144
v -0.000006 6.448997 0.172144
v -0.901227 4.923820 0.172144
v -0.901227 6.448999 0.172144
v -0.873302 4.923821 0.823950
v -1.477670 5.562461 0.824013
v -0.873302 5.562461 0.823941
v -1.477670 4.923821 0.823966
v -1.332919 4.923819 0.356528
v -1.477670 5.562461 0.824013
v -1.477670 4.923821 0.823966
v -1.477670 5.562458 0.356528
v -1.477670 4.923819 0.356528
v -0.873302 5.562458 0.356528
v -1.477670 5.562458 0.356528
v -0.873302 4.923819 0.356528
v -0.873302 4.923819 0.356528
v -0.873302 5.562461 0.823941
v -0.873302 5.562458 0.356528
v -0.873302 4.923821 0.823950
v -1.477670 5.562458 0.356528
v -0.873302 5.562461 0.823941
v -1.477670 5.562461 0.824013
v -0.873302 5.562458 0.356528
v 0.873291 4.923821 0.823950
v 1.477658 5.562461 0.824013
v 1.477658 4.923821 0.823966
v 0.873291 5.562461 0.823941
v 1.477658 4.923819 0.356528
v 1.477658 5.562461 0.824013
v 1.477658 5.562458 0.356528
v 1.477658 4.923821 0.823966
v 1.477658 4.923819 0.356528
v 0.873291 5.562458 0.356528
v 0.873291 4.923819 0.356528
v 1.477658 5.562458 0.356528
v 0.873291 4.923819 0.356528
v 0.873291 5.562461 0.823941
v 0.873291 4.923821 0.823950
v 0.873291 5.562458 0.356528
v 1.477658 5.562458 0.356528
v 0.873291 5.562461 0.823941
v 0.873291 5.562458 0.356528
v 1.477658 5.562461 0.824013
v 0.231256 17.191813 9.934322
v 0.374183 17.530054 10.131023
v 0.231256 17.530054 9.934322
v 0.374183 17.191813 10.131023
v 0.374183 17.530054 10.374184
v 0.374183 17.191813 10.374184
v 0.231254 17.530054 10.570911
v 0.231254 17.191813 10.570911
v 0.231254 17.191813 10.570911
v -0.000009 17.530054 10.646072
v 0.231254 17.530054 10.570911
v -0.000009 17.191813 10.646072
v -0.231271 17.530054 10.570911
v -0.231271 17.191813 10.570911
v -0.231271 17.191813 10.570911
v -0.374198 17.530054 10.374184
v -0.231271 17.530054 10.570911
v -0.374197 17.191813 10.374184
v -0.374198 17.530054 10.131023
v -0.374197 17.191813 10.131023
v -0.231270 17.530054 9.934322
v -0.231270 17.191813 9.934322
v -0.231270 17.191813 9.934322
v -0.000008 17.530054 9.859165
v -0.231270 17.530054 9.934322
v -0.000008 17.191813 9.859165
v 0.231256 17.191813 9.934322
v 0.231256 17.530054 9.934322
v 0.374183 17.530054 10.374184
v 0.231256 17.530054 9.934322
v 0.374183 17.530054 10.131023
v 0.231254 17.530054 10.570911
v -0.000009 17.530054 10.646072
v -0.000008 17.530054 9.859165
v -0.231271 17.530054 10.570911
v -0.231270 17.530054 9.934322
v -0.374198 17.530054 10.374184
v -0.374198 17.530054 10.131023
v -0.587293 17.191816 11.421459
v -1.085168 16.840313 11.088791
v -1.085168 17.191816 11.088791
v -0.587293 16.840313 11.421459
v -0.000008 17.191816 11.538280
v -0.000008 16.840313 11.538280
v 0.587277 17.191816 11.421459
v -0.587293 16.550011 11.421459
v 0.587277 16.840313 11.421459
v -1.085168 16.550011 11.088791
v -1.085168 15.191797 11.088791
v -0.587293 15.191797 11.421459
v 1.085153 17.191816 11.088791
v 1.085153 16.840313 11.088791
v 1.085153 16.550011 11.088791
v -0.000008 16.550011 11.538280
v -0.000008 15.191797 11.538280
v 0.587277 15.191797 11.421459
v 0.587277 16.550011 11.421459
v 1.085153 15.191797 11.088791
v 1.022228 4.610494 -0.602157
v 1.022243 7.541647 -1.971921
v 1.022243 7.615266 -1.758131
v 1.022230 4.536875 -0.815975
v 1.022230 4.536875 -0.815975
v 1.207824 7.541647 -1.971921
v 1.022243 7.541647 -1.971921
v 1.207809 4.536874 -0.815975
v 1.207809 4.536874 -0.815975
v 1.207824 7.615266 -1.758131
v 1.207824 7.541647 -1.971921
v 1.207809 4.610494 -0.602157
v 1.207809 4.610494 -0.602157
v 1.022243 7.615266 -1.758131
v 1.207824 7.615266 -1.758131
v 1.022228 4.610494 -0.602157
v 1.184241 5.020537 -0.863996
v -1.022230 7.431159 -1.899591
v 1.184241 4.987632 -0.959545
v -1.022230 7.464062 -1.804044
v 1.184241 4.987632 -0.959545
v -1.184266 7.361593 -1.872827
v 1.022204 4.918072 -0.932804
v -1.022230 7.431159 -1.899591
v 1.022204 4.918072 -0.932804
v -1.184266 7.394499 -1.777256
v 1.022204 4.950974 -0.837232
v -1.184266 7.361593 -1.872827
v 1.022204 4.950974 -0.837232
v -1.022230 7.464062 -1.804044
v 1.184241 5.020537 -0.863996
v -1.184266 7.394499 -1.777256
v -1.184301 5.042968 -0.798858
v 1.022231 7.452744 -1.836885
v 1.022231 7.486487 -1.738906
v -1.184301 5.009226 -0.896837
v -1.184301 5.009226 -0.896837
v 1.184260 7.383182 -1.810121
v 1.022231 7.452744 -1.836885
v -1.022268 4.939664 -0.870098
v -1.022268 4.939664 -0.870098
v 1.184260 7.416922 -1.712142
v 1.184260 7.383182 -1.810121
v -1.022268 4.973403 -0.772094
v -1.022268 4.973403 -0.772094
v 1.022231 7.486487 -1.738906
v 1.184260 7.416922 -1.712142
v -1.184301 5.042968 -0.798858
v -1.207837 4.610490 -0.602157
v -1.207823 7.541639 -1.971921
v -1.207823 7.615261 -1.758131
v -1.207837 4.536870 -0.815950
v -1.207837 4.536870 -0.815950
v -1.022241 7.541639 -1.971921
v -1.207823 7.541639 -1.971921
v -1.022254 4.536870 -0.815950
v -1.022254 4.536870 -0.815950
v -1.022241 7.615261 -1.758131
v -1.022241 7.541639 -1.971921
v -1.022254 4.610490 -0.602157
v -1.022254 4.610490 -0.602157
v -1.207823 7.615261 -1.758131
v -1.022241 7.615261 -1.758131
v -1.207837 4.610490 -0.602157
v 1.189772 4.923816 -2.845224
v 1.365737 7.695188 -2.845220
v 1.365736 4.923816 -2.845220
v 1.189772 7.695188 -2.845214
v 1.365736 4.923816 -2.903440
v 1.189772 7.695188 -2.903425
v 1.189772 4.923816 -2.903427
v 1.365737 7.695188 -2.903430
v 1.189772 4.923817 -2.251590
v 1.365737 7.695188 -2.251594
v 1.365737 4.923817 -2.251594
v 1.189772 7.695188 -2.251594
v 1.365736 4.923817 -2.309818
v 1.189774 7.695188 -2.309799
v 1.189783 4.923817 -2.309804
v 1.365737 7.695188 -2.309804
v 1.365737 4.923817 -2.251594
v 1.365737 7.695188 -2.309804
v 1.365736 4.923817 -2.309818
v 1.365737 7.695188 -2.251594
v 1.365736 4.923816 -2.845220
v 1.365737 7.695188 -2.903430
v 1.365736 4.923816 -2.903440
v 1.365737 7.695188 -2.845220
v 1.189783 4.923817 -2.309804
v 1.189772 7.695188 -2.251594
v 1.189772 4.923817 -2.251590
v 1.189774 7.695188 -2.309799
v 1.189772 4.923816 -2.903427
v 1.189772 7.695188 -2.845214
v 1.189772 4.923816 -2.845224
v 1.189772 7.695188 -2.903425
v -1.189783 4.923816 -2.845224
v -1.365747 7.695188 -2.845220
v -1.189783 7.695188 -2.845214
v -1.365746 4.923816 -2.845220
v -1.365746 4.923816 -2.903440
v -1.189783 7.695188 -2.903425
v -1.365747 7.695188 -2.903430
v -1.189783 4.923816 -2.903427
v -1.189783 4.923817 -2.251590
v -1.365748 7.695188 -2.251594
v -1.189783 7.695188 -2.251594
v -1.365748 4.923817 -2.251594
v -1.365747 4.923817 -2.309818
v -1.189786 7.695188 -2.309799
v -1.365748 7.695188 -2.309804
v -1.189794 4.923817 -2.309804
v -1.365748 4.923817 -2.251594
v -1.365748 7.695188 -2.309804
v -1.365748 7.695188 -2.251594
v -1.365747 4.923817 -2.309818
v -1.365746 4.923816 -2.845220
v -1.365747 7.695188 -2.903430
v -1.365747 7.695188 -2.845220
v -1.365746 4.923816 -2.903440
v -1.189794 4.923817 -2.309804
v -1.189783 7.695188 -2.251594
v -1.189786 7.695188 -2.309799
v -1.189783 4.923817 -2.251590
v -1.189783 4.923816 -2.903427
v -1.189783 7.695188 -2.845214
v -1.189783 7.695188 -2.903425
v -1.189783 4.923816 -2.845224
v -0.000006 5.485749 -1.290248
v 0.607894 5.485750 -2.995338
v 0.607893 5.485751 -1.290248
v -0.000004 5.485747 -2.995338
v -0.607904 5.485751 -1.290248
v -0.607903 5.485750 -2.995338
v 0.607894 5.485750 -2.995338
v 0.607893 4.923820 -1.290248
v 0.607893 5.485751 -1.290248
v 0.607894 4.923817 -2.995338
v -0.000004 5.485747 -2.995338
v 0.607894 4.923817 -2.995338
v 0.607894 5.485750 -2.995338
v -0.000004 4.923814 -2.995338
v -0.607903 5.485750 -2.995338
v -0.607903 4.923817 -2.995338
v -0.607904 5.485751 -1.290248
v -0.607903 4.923817 -2.995338
v -0.607903 5.485750 -2.995338
v -0.607904 4.923820 -1.290248
v -0.000006 4.923819 -1.290248
v 0.607893 5.485751 -1.290248
v 0.607893 4.923820 -1.290248
v -0.000006 5.485749 -1.290248
v -0.607904 4.923820 -1.290248
v -0.607904 5.485751 -1.290248
v -0.000006 6.448997 3.996388
v 0.901216 6.448999 3.538487
v 0.901216 6.448999 3.996388
v -0.000006 6.448997 3.538487
v -0.901228 6.448999 3.996388
v -0.901228 6.448999 3.538487
v 0.901216 6.448999 3.538487
v 0.901216 4.923820 3.996388
v 0.901216 6.448999 3.996388
v 0.901216 5.770882 3.080586
v 0.901216 4.923819 3.080586
v -0.000006 5.770878 3.080586
v 0.901216 4.923819 3.080586
v 0.901216 5.770882 3.080586
v -0.000006 4.923816 3.080586
v -0.901227 5.770882 3.080586
v -0.901227 4.923819 3.080586
v -0.901228 6.448999 3.538487
v -0.901227 4.923819 3.080586
v -0.901227 5.770882 3.080586
v -0.901228 6.448999 3.996388
v -0.901228 4.923820 3.996388
v -0.000006 6.448997 3.538487
v 0.901216 5.770882 3.080586
v 0.901216 6.448999 3.538487
v -0.000006 5.770878 3.080586
v -0.901228 6.448999 3.538487
v -0.901227 5.770882 3.080586
v -0.000006 5.485750 3.260907
v 0.401373 5.485752 2.663384
v 0.401373 5.485752 3.260903
v -0.000006 5.485748 2.663384
v -0.401385 5.485752 3.260903
v -0.401384 5.485752 2.663384
v 0.401373 5.485752 2.663384
v 0.401373 4.923820 3.260903
v 0.401373 5.485752 3.260903
v 0.401373 4.923819 2.663384
v -0.000006 5.485748 2.663384
v 0.401373 4.923819 2.663384
v 0.401373 5.485752 2.663384
v -0.000006 4.923816 2.663384
v -0.401384 5.485752 2.663384
v -0.401384 4.923819 2.663384
v -0.401385 5.485752 3.260903
v -0.401384 4.923819 2.663384
v -0.401384 5.485752 2.663384
v -0.401385 4.923820 3.260903
v -0.000005 8.409537 -2.011802
v 0.607894 8.409539 -2.791423
v 0.607893 8.409539 -2.011802
v -0.000004 8.409536 -2.791420
v -0.607903 8.409539 -2.011802
v -0.607903 8.409539 -2.791423
v 0.607894 8.409539 -2.791423
v 0.607893 7.847609 -2.011802
v 0.607893 8.409539 -2.011802
v 0.607894 7.847606 -2.791423
v -0.000004 8.409536 -2.791420
v 0.607894 7.847606 -2.791423
v 0.607894 8.409539 -2.791423
v -0.000004 7.847603 -2.791420
v -0.607903 8.409539 -2.791423
v -0.607903 7.847606 -2.791423
v -0.607903 8.409539 -2.011802
v -0.607903 7.847606 -2.791423
v -0.607903 8.409539 -2.791423
v -0.607903 7.847609 -2.011802
v -0.000005 7.847608 -2.011802
v 0.607893 8.409539 -2.011802
v 0.607893 7.847609 -2.011802
v -0.000005 8.409537 -2.011802
v -0.607903 7.847609 -2.011802
v -0.607903 8.409539 -2.011802
v -0.525844 16.234184 12.580723
v -0.607176 16.537714 13.518967
v -0.525844 16.234184 13.518967
v -0.607173 16.537716 12.580723
v -0.525844 16.841242 13.518967
v -0.525844 16.841242 12.580723
v -0.607173 16.537716 12.580723
v -0.525844 16.234184 12.580723
v -0.525844 16.841242 12.580723
v -0.303645 16.011990 12.580723
v -0.303645 17.063442 12.580723
v -0.000118 15.930657 12.580723
v -0.000117 17.144773 12.580723
v 0.303411 16.011990 12.580723
v 0.303411 17.063444 12.580723
v 0.525612 16.234190 12.580723
v 0.525613 16.841242 12.580723
v 0.606942 16.537716 12.580723
v -0.525844 16.234184 13.518967
v -0.303645 16.011990 12.580723
v -0.525844 16.234184 12.580723
v -0.303646 16.011990 13.518967
v -0.000118 15.930657 12.580723
v -0.000118 15.930656 13.518967
v 0.303411 16.011990 12.580723
v 0.303411 16.011990 13.518967
v 0.525612 16.234190 12.580723
v 0.525608 16.234184 13.518967
v 0.525608 16.234184 13.518967
v 0.606942 16.537716 12.580723
v 0.525612 16.234190 12.580723
v 0.606940 16.537714 13.518955
v 0.525613 16.841242 12.580723
v 0.525612 16.841242 13.518967
v 0.525612 16.841242 13.518967
v 0.303411 17.063444 12.580723
v 0.525613 16.841242 12.580723
v 0.303411 17.063438 13.518967
v -0.000117 17.144773 12.580723
v -0.000118 17.144773 13.518967
v -0.303645 17.063442 12.580723
v -0.303645 17.063438 13.518967
v -0.525844 16.841242 12.580723
v -0.525844 16.841242 13.518967
v -0.274642 15.528209 12.725697
v -0.487055 15.195622 12.928165
v -0.393269 15.195627 12.639511
v -0.340425 15.528209 12.928165
v -0.393268 15.195622 13.216805
v -0.274642 15.528209 13.130619
v -0.393269 15.195627 12.639511
v -0.102418 15.528209 12.600533
v -0.274642 15.528209 12.725697
v -0.147728 15.195627 12.461113
v 0.110460 15.528209 12.600533
v 0.155773 15.195627 12.461113
v 0.282685 15.528209 12.725697
v 0.401311 15.195627 12.639511
v 0.401311 15.195627 12.639511
v 0.348466 15.528209 12.928165
v 0.282685 15.528209 12.725697
v 0.495100 15.195627 12.928165
v 0.282685 15.528209 13.130619
v 0.401312 15.195627 13.216805
v 0.401312 15.195627 13.216805
v 0.110460 15.528209 13.255753
v 0.282685 15.528209 13.130619
v 0.155772 15.195622 13.395203
v -0.102418 15.528209 13.255753
v -0.147730 15.195622 13.395203
v -0.274642 15.528209 13.130619
v -0.393268 15.195622 13.216805
v -0.102418 15.528209 13.255753
v 0.282685 15.528209 13.130619
v 0.110460 15.528209 13.255753
v 0.282685 15.528209 12.725697
v 0.348466 15.528209 12.928165
v -0.102418 15.528209 12.600533
v 0.110460 15.528209 12.600533
v -0.340425 15.528209 12.928165
v -0.274642 15.528209 13.130619
v -0.274642 15.528209 12.725697
v 0.548844 16.576832 13.489071
v -0.549077 16.576830 13.395519
v 0.548848 16.576773 13.395519
v -0.549083 16.576725 13.489071
v -0.549083 16.576725 13.489071
v 0.551751 16.520695 13.491142
v -0.551991 16.520695 13.491142
v 0.548844 16.576832 13.489071
v 0.551751 16.520695 13.395519
v -0.551991 16.520695 13.491142
v 0.551751 16.520695 13.491142
v -0.551991 16.520695 13.395519
v 0.027947 15.999802 13.489071
v 0.027948 17.097719 13.395519
v 0.027889 15.999797 13.395519
v 0.027839 17.097725 13.489086
v 0.027839 17.097725 13.489086
v -0.028188 15.996895 13.491142
v -0.028188 17.100634 13.491142
v 0.027947 15.999802 13.489071
v -0.028189 15.996892 13.395519
v -0.028188 17.100634 13.491142
v -0.028188 15.996895 13.491142
v -0.028189 17.100634 13.395519
v -0.403170 15.637055 12.837585
v -0.702009 15.840641 13.058376
v -0.702008 15.840641 12.837585
v -0.403171 15.637055 13.058376
v 0.402950 15.637055 13.058376
v 0.402951 15.637055 12.837585
v 0.701786 15.840641 13.058376
v 0.701787 15.840641 12.837585
v -0.500460 15.429588 13.058376
v -0.826128 15.753203 12.837585
v -0.826128 15.753203 13.058376
v -0.500460 15.429588 12.837585
v 0.500240 15.429588 13.058376
v 0.500242 15.429588 12.837585
v 0.825907 15.753208 12.837585
v 0.825906 15.753208 13.058376
v -0.826128 16.360548 12.837585
v -0.826128 15.753203 13.058376
v -0.826128 15.753203 12.837585
v -0.826128 16.360548 13.058376
v -0.875040 16.692406 12.782433
v -0.875040 16.360548 13.113590
v -0.875039 16.360548 12.782444
v -0.875040 16.692406 13.113579
v -0.702009 16.360548 13.058376
v -0.826128 15.753203 13.058376
v -0.826128 16.360548 13.058376
v -0.702009 15.840641 13.058376
v -0.403171 15.637055 13.058376
v -0.500460 15.429588 13.058376
v 0.500240 15.429588 13.058376
v 0.402950 15.637055 13.058376
v 0.825906 15.753208 13.058376
v 0.701786 15.840641 13.058376
v 0.701786 16.360554 13.058376
v 0.825906 16.360554 13.058376
v -0.826128 16.360548 12.837585
v -0.702008 15.840641 12.837585
v -0.702009 16.360548 12.837585
v -0.826128 15.753203 12.837585
v -0.403170 15.637055 12.837585
v -0.500460 15.429588 12.837585
v 0.402951 15.637055 12.837585
v 0.500242 15.429588 12.837585
v 0.825907 15.753208 12.837585
v 0.701787 15.840641 12.837585
v 0.825906 16.360554 12.837585
v 0.701786 16.360554 12.837585
v 0.874815 16.692410 13.113579
v -0.875040 16.360548 13.113590
v -0.875040 16.692406 13.113579
v 0.874815 16.360548 13.113579
v -0.702009 16.360548 13.058376
v -0.702008 15.840641 12.837585
v -0.702009 15.840641 13.058376
v -0.702009 16.360548 12.837585
v -0.875040 16.360548 13.113590
v 0.874817 16.360554 12.782444
v -0.875039 16.360548 12.782444
v 0.874815 16.360548 13.113579
v 0.825906 16.360554 12.837585
v 0.825906 15.753208 13.058376
v 0.825906 16.360554 13.058376
v 0.825907 15.753208 12.837585
v 0.874816 16.692413 12.782444
v 0.874815 16.360548 13.113579
v 0.874815 16.692410 13.113579
v 0.874817 16.360554 12.782444
v 0.874815 16.692410 13.113579
v -0.875040 16.692406 12.782433
v 0.874816 16.692413 12.782444
v -0.875040 16.692406 13.113579
v 0.874817 16.360554 12.782444
v -0.875040 16.692406 12.782433
v -0.875039 16.360548 12.782444
v 0.874816 16.692413 12.782444
v 0.701786 16.360554 13.058376
v 0.701787 15.840641 12.837585
v 0.701786 16.360554 12.837585
v 0.701786 15.840641 13.058376
v 1.555990 17.858366 0.685772
v 1.555994 17.191813 1.431901
v 1.555989 17.858366 1.431901
v 1.555994 17.191813 0.685774
v 0.906346 17.858366 0.685772
v 1.555994 17.191813 0.685774
v 1.555990 17.858366 0.685772
v 0.906349 17.191813 0.685772
v 0.906349 17.191813 1.431901
v 1.555989 17.858366 1.431901
v 1.555994 17.191813 1.431901
v 0.906346 17.858366 1.431901
v 0.906346 17.858366 1.431901
v 1.555990 17.858366 0.685772
v 1.555989 17.858366 1.431901
v 0.906346 17.858366 0.685772
v -1.556001 17.858366 0.685772
v -1.556006 17.191813 1.431901
v -1.556006 17.191813 0.685772
v -1.556002 17.858366 1.431901
v -0.906358 17.858366 0.685772
v -1.556006 17.191813 0.685772
v -0.906361 17.191813 0.685772
v -1.556001 17.858366 0.685772
v -0.906361 17.191813 1.431901
v -1.556002 17.858366 1.431901
v -0.906358 17.858366 1.431901
v -1.556006 17.191813 1.431901
v -0.906358 17.858366 1.431901
v -1.556001 17.858366 0.685772
v -0.906358 17.858366 0.685772
v -1.556002 17.858366 1.431901
v -0.906358 17.858366 1.431901
v -0.906361 17.191813 0.685772
v -0.906361 17.191813 1.431901
v -0.906358 17.858366 0.685772
v 0.906349 17.191813 1.431901
v 0.906346 17.858366 0.685772
v 0.906346 17.858366 1.431901
v 0.906349 17.191813 0.685772
v -0.151099 33.641094 0.706793
v 0.151086 33.641094 0.489455
v 0.151086 33.641094 0.706793
v -0.151098 33.641094 0.489455
v 0.151085 33.182369 0.841740
v -0.151098 33.474461 0.841740
v 0.151086 33.474461 0.841740
v -0.151099 33.182369 0.841740
v -0.151098 33.474461 0.841740
v -0.151098 33.641094 0.489455
v -0.151099 33.641094 0.706793
v -0.151099 33.182369 0.841740
v -0.151098 33.182369 0.489455
v -0.151098 33.182369 0.489455
v 0.151086 33.641094 0.489455
v -0.151098 33.641094 0.489455
v 0.151086 33.182369 0.489455
v 0.151086 33.182369 0.489455
v 0.151086 33.641094 0.706793
v 0.151086 33.641094 0.489455
v 0.151085 33.182369 0.841740
v 0.151086 33.474461 0.841740
v 0.151086 33.641094 0.706793
v -0.151098 33.474461 0.841740
v -0.151099 33.641094 0.706793
v 0.151086 33.474461 0.841740
v -3.786014 5.073818 2.422829
v -3.486013 5.073821 7.291206
v -3.786014 5.073821 7.291206
v -3.486014 5.073818 2.122830
v -4.640493 5.073782 2.422890
v -4.310494 5.073855 2.122891
v -4.640551 5.073781 -3.145351
v -4.310550 5.073855 -2.845352
v -0.000041 5.073781 -3.145376
v -0.000041 5.073855 -2.845376
v 4.640481 5.073781 -3.145401
v 4.310482 5.073855 -2.845401
v 4.640538 5.073782 2.422841
v 4.310538 5.073855 2.122841
v 3.786075 5.073746 2.422902
v 3.486075 5.073893 2.122902
v 3.786074 5.073748 7.291206
v 3.486074 5.073894 7.291206
v -3.786014 4.773819 2.422829
v -3.786014 5.073821 7.291206
v -3.786014 4.773821 7.291206
v -3.786014 5.073818 2.422829
v -3.486014 4.773819 2.122830
v -3.786014 4.773821 7.291206
v -3.486013 4.773821 7.291206
v -3.786014 4.773819 2.422829
v -4.310471 4.773855 2.122769
v -4.640471 4.773783 2.422768
v -4.310412 4.773854 -2.845327
v -4.640413 4.773781 -3.145326
v 0.000032 4.773854 -2.845302
v 0.000032 4.773781 -3.145301
v 4.310458 4.773854 -2.845277
v 4.640457 4.773781 -3.145277
v 4.310400 4.773855 2.122818
v 4.640400 4.773783 2.422818
v 3.485929 4.773891 2.122754
v 3.785929 4.773746 2.422757
v 3.485927 4.773894 7.291206
v 3.785928 4.773748 7.291206
v -3.486014 5.073818 2.122830
v -3.486013 4.773821 7.291206
v -3.486013 5.073821 7.291206
v -3.486014 4.773819 2.122830
v -4.640471 4.773783 2.422768
v -3.786014 5.073818 2.422829
v -3.786014 4.773819 2.422829
v -4.640493 5.073782 2.422890
v -4.310494 5.073855 2.122891
v -3.486014 4.773819 2.122830
v -3.486014 5.073818 2.122830
v -4.310471 4.773855 2.122769
v -4.640413 4.773781 -3.145326
v -4.640493 5.073782 2.422890
v -4.640471 4.773783 2.422768
v -4.640551 5.073781 -3.145351
v -4.310550 5.073855 -2.845352
v -4.310471 4.773855 2.122769
v -4.310494 5.073855 2.122891
v -4.310412 4.773854 -2.845327
v 0.000032 4.773781 -3.145301
v -4.640551 5.073781 -3.145351
v -4.640413 4.773781 -3.145326
v -0.000041 5.073781 -3.145376
v 4.640457 4.773781 -3.145277
v 4.640481 5.073781 -3.145401
v -0.000041 5.073855 -2.845376
v -4.310412 4.773854 -2.845327
v -4.310550 5.073855 -2.845352
v 0.000032 4.773854 -2.845302
v 4.310482 5.073855 -2.845401
v 4.310458 4.773854 -2.845277
v 4.640400 4.773783 2.422818
v 4.640481 5.073781 -3.145401
v 4.640457 4.773781 -3.145277
v 4.640538 5.073782 2.422841
v 4.310538 5.073855 2.122841
v 4.310458 4.773854 -2.845277
v 4.310482 5.073855 -2.845401
v 4.310400 4.773855 2.122818
v 3.785929 4.773746 2.422757
v 4.640538 5.073782 2.422841
v 4.640400 4.773783 2.422818
v 3.786075 5.073746 2.422902
v 3.486075 5.073893 2.122902
v 4.310400 4.773855 2.122818
v 4.310538 5.073855 2.122841
v 3.485929 4.773891 2.122754
v 3.785928 4.773748 7.291206
v 3.786075 5.073746 2.422902
v 3.785929 4.773746 2.422757
v 3.786074 5.073748 7.291206
v 3.486074 5.073894 7.291206
v 3.485929 4.773891 2.122754
v 3.486075 5.073893 2.122902
v 3.485927 4.773894 7.291206
v 0.393474 17.039375 3.540478
v -0.000006 17.191813 3.540478
v 0.393474 17.191813 3.540478
v -0.000006 17.039375 3.540478
v -0.393486 17.191813 3.540478
v -0.393486 17.039375 3.540478
v 3.212955 18.604855 3.784462
v 3.538344 18.748650 3.851197
v 3.538344 18.604855 3.784462
v 3.212955 18.748650 3.851197
v 3.538344 18.892445 3.784462
v 3.212955 18.892447 3.784462
v 3.212955 18.748650 3.851197
v 3.212955 18.604855 3.784462
v 3.212955 18.892447 3.784462
v 3.212955 18.538118 3.640664
v 3.212955 18.959185 3.640664
v 3.212955 18.604855 3.496869
v 3.212955 18.892447 3.496869
v 3.212955 18.748650 3.430130
v 3.538344 18.604855 3.784462
v 3.212955 18.538118 3.640664
v 3.212955 18.604855 3.784462
v 3.538344 18.538116 3.640664
v 3.212955 18.604855 3.496869
v 3.538344 18.604855 3.496869
v 3.538344 18.604855 3.496869
v 3.212955 18.748650 3.430130
v 3.212955 18.604855 3.496869
v 3.538339 18.748650 3.430134
v 3.212955 18.892447 3.496869
v 3.538344 18.892445 3.496869
v 3.538344 18.892445 3.496869
v 3.212955 18.959185 3.640664
v 3.212955 18.892447 3.496869
v 3.538344 18.959185 3.640664
v 3.212955 18.892447 3.784462
v 3.538344 18.892445 3.784462
v 3.383500 17.191816 3.793274
v 3.241529 18.398548 3.706009
v 3.368555 18.398548 3.747281
v 3.202408 17.191816 3.734437
v 3.202408 17.191816 3.734437
v 3.241529 18.398548 3.572453
v 3.241529 18.398548 3.706009
v 3.202408 17.191816 3.544026
v 3.202408 17.191816 3.544026
v 3.368555 18.398548 3.531182
v 3.241529 18.398548 3.572453
v 3.383500 17.191816 3.485184
v 3.383500 17.191816 3.485184
v 3.447059 18.398548 3.639233
v 3.368555 18.398548 3.531182
v 3.495421 17.191816 3.639233
v 3.368555 18.398548 3.747281
v 3.383500 17.191816 3.793274
v 3.447059 18.398548 3.639233
v 3.241529 18.398548 3.572453
v 3.368555 18.398548 3.531182
v 3.241529 18.398548 3.706009
v 3.368555 18.398548 3.747281
v 3.302037 18.436295 3.780449
v 3.378607 18.506901 3.884087
v 3.302037 18.506901 3.884087
v 3.378607 18.436295 3.780449
v 3.378607 18.436295 3.500878
v 3.302037 18.436295 3.500878
v 3.378607 18.506901 3.397240
v 3.302037 18.506901 3.397240
v 3.378607 18.364344 3.814190
v 3.302037 18.476576 3.927132
v 3.378607 18.476576 3.927132
v 3.302037 18.364344 3.814190
v 3.378607 18.364344 3.467137
v 3.302037 18.364344 3.467137
v 3.302037 18.476576 3.354195
v 3.378607 18.476576 3.354195
v 3.302037 18.687206 3.927132
v 3.378607 18.476576 3.927132
v 3.302037 18.476576 3.927132
v 3.378607 18.687206 3.927132
v 3.282909 18.802298 3.944096
v 3.397756 18.687206 3.944096
v 3.282914 18.687206 3.944096
v 3.397751 18.802298 3.944096
v 3.378607 18.687206 3.884087
v 3.378607 18.476576 3.927132
v 3.378607 18.687206 3.927132
v 3.378607 18.506901 3.884087
v 3.378607 18.436295 3.780449
v 3.378607 18.364344 3.814190
v 3.378607 18.364344 3.467137
v 3.378607 18.436295 3.500878
v 3.378607 18.476576 3.354195
v 3.378607 18.506901 3.397240
v 3.378607 18.687208 3.397240
v 3.378607 18.687208 3.354195
v 3.302037 18.687206 3.927132
v 3.302037 18.506901 3.884087
v 3.302037 18.687206 3.884087
v 3.302037 18.476576 3.927132
v 3.302037 18.436295 3.780449
v 3.302037 18.364344 3.814190
v 3.302037 18.436295 3.500878
v 3.302037 18.364344 3.467137
v 3.302037 18.476576 3.354195
v 3.302037 18.506901 3.397240
v 3.302037 18.687208 3.354195
v 3.302037 18.687208 3.397240
v 3.397751 18.802299 3.337231
v 3.397756 18.687206 3.944096
v 3.397751 18.802298 3.944096
v 3.397751 18.687206 3.337231
v 3.378607 18.687206 3.884087
v 3.302037 18.506901 3.884087
v 3.378607 18.506901 3.884087
v 3.302037 18.687206 3.884087
v 3.397756 18.687206 3.944096
v 3.282914 18.687208 3.337231
v 3.282914 18.687206 3.944096
v 3.397751 18.687206 3.337231
v 3.302037 18.687208 3.354195
v 3.378607 18.476576 3.354195
v 3.378607 18.687208 3.354195
v 3.302037 18.476576 3.354195
v 3.282914 18.802299 3.337231
v 3.397751 18.687206 3.337231
v 3.397751 18.802299 3.337231
v 3.282914 18.687208 3.337231
v 3.397751 18.802299 3.337231
v 3.282909 18.802298 3.944096
v 3.282914 18.802299 3.337231
v 3.397751 18.802298 3.944096
v 3.282914 18.687208 3.337231
v 3.282909 18.802298 3.944096
v 3.282914 18.687206 3.944096
v 3.282914 18.802299 3.337231
v 3.378607 18.687208 3.397240
v 3.302037 18.506901 3.397240
v 3.302037 18.687208 3.397240
v 3.378607 18.506901 3.397240
v 0.400237 12.924536 2.835072
v 0.400237 13.886395 2.741986
v 0.400237 13.886395 2.835145
v 0.400237 12.924536 2.741936
v -0.400249 13.886395 2.835145
v -0.400249 12.924536 2.741936
v -0.400249 12.924536 2.835072
v -0.400249 13.886395 2.741986
v 0.400237 13.886395 2.741986
v 2.782018 12.771496 2.742047
v 2.782018 13.886395 2.741959
v 0.400237 12.924536 2.741936
v -2.782030 13.886395 2.741959
v -0.400249 12.924536 2.741936
v -0.400249 13.886395 2.741986
v -2.782030 12.771496 2.742047
v 0.400237 12.924536 2.741936
v -2.782030 12.771496 2.742047
v 2.782018 12.771496 2.742047
v -0.400249 12.924536 2.741936
v -0.267714 10.923924 2.917939
v -0.267713 12.771494 2.741974
v -0.267709 10.923924 2.741974
v -0.267704 12.771494 2.917939
v -0.325930 10.923924 2.741974
v -0.325916 12.771494 2.917939
v -0.325918 10.923924 2.917939
v -0.325919 12.771494 2.741974
v 0.325918 10.923924 2.917939
v 0.325914 12.771494 2.741974
v 0.325917 10.923924 2.741974
v 0.325914 12.771494 2.917939
v 0.267694 10.923924 2.741974
v 0.267709 12.771494 2.917935
v 0.267706 10.923924 2.917923
v 0.267706 12.771494 2.741974
v 0.325917 10.923924 2.741974
v 0.267706 12.771494 2.741974
v 0.267694 10.923924 2.741974
v 0.325914 12.771494 2.741974
v -0.267709 10.923924 2.741974
v -0.325919 12.771494 2.741974
v -0.325930 10.923924 2.741974
v -0.267713 12.771494 2.741974
v 0.267706 10.923924 2.917923
v 0.325914 12.771494 2.917939
v 0.325918 10.923924 2.917939
v 0.267709 12.771494 2.917935
v -0.325918 10.923924 2.917939
v -0.267704 12.771494 2.917939
v -0.267714 10.923924 2.917939
v -0.325916 12.771494 2.917939
v -1.959969 6.232600 -2.098444
v -2.404578 5.650440 -1.183738
v -2.404573 5.650438 -2.098444
v -1.959971 6.232601 -1.183740
v -2.404578 4.923817 -2.098444
v -2.404578 5.650440 -1.183738
v -2.404578 4.923819 -1.183738
v -2.404573 5.650438 -2.098444
v -2.404578 4.923819 -1.183738
v -1.515362 6.232597 -1.183740
v -1.515362 4.923813 -1.183740
v -1.959971 6.232601 -1.183740
v -2.404578 5.650440 -1.183738
v -1.515362 4.923813 -1.183740
v -1.515360 6.232597 -2.098444
v -1.515360 4.923816 -2.098444
v -1.515362 6.232597 -1.183740
v -1.515360 4.923816 -2.098444
v -2.404573 5.650438 -2.098444
v -2.404578 4.923817 -2.098444
v -1.959969 6.232600 -2.098444
v -1.515360 6.232597 -2.098444
v -1.515360 6.232597 -2.098444
v -1.959971 6.232601 -1.183740
v -1.959969 6.232600 -2.098444
v -1.515362 6.232597 -1.183740
v 1.959958 6.232600 -2.098444
v 2.404568 5.650440 -1.183740
v 1.959960 6.232601 -1.183740
v 2.404563 5.650438 -2.098444
v 2.404568 4.923817 -2.098444
v 2.404568 5.650440 -1.183740
v 2.404563 5.650438 -2.098444
v 2.404568 4.923819 -1.183740
v 2.404568 4.923819 -1.183740
v 1.959960 6.232601 -1.183740
v 2.404568 5.650440 -1.183740
v 1.515351 6.232597 -1.183740
v 1.515351 4.923813 -1.183740
v 1.515351 4.923813 -1.183740
v 1.515349 6.232597 -2.098444
v 1.515351 6.232597 -1.183740
v 1.515349 4.923816 -2.098444
v 1.515349 4.923816 -2.098444
v 1.959958 6.232600 -2.098444
v 1.515349 6.232597 -2.098444
v 2.404563 5.650438 -2.098444
v 2.404568 4.923817 -2.098444
v 1.515349 6.232597 -2.098444
v 1.959960 6.232601 -1.183740
v 1.515351 6.232597 -1.183740
v 1.959958 6.232600 -2.098444
v -3.212967 18.604855 3.496869
v -3.538356 18.748650 3.430130
v -3.538356 18.604855 3.496865
v -3.212967 18.748650 3.430130
v -3.538356 18.892447 3.496869
v -3.212967 18.892447 3.496869
v -3.212967 18.748650 3.430130
v -3.212967 18.604855 3.496869
v -3.212967 18.892447 3.496869
v -3.212967 18.538120 3.640664
v -3.212967 18.959185 3.640664
v -3.212967 18.604855 3.784462
v -3.212967 18.892447 3.784462
v -3.212967 18.748650 3.851197
v -3.538356 18.604855 3.496865
v -3.212967 18.538120 3.640664
v -3.212967 18.604855 3.496869
v -3.538356 18.538116 3.640664
v -3.212967 18.604855 3.784462
v -3.538356 18.604855 3.784459
v -3.538356 18.604855 3.784459
v -3.212967 18.748650 3.851197
v -3.212967 18.604855 3.784462
v -3.538350 18.748650 3.851197
v -3.212967 18.892447 3.784462
v -3.538356 18.892447 3.784462
v -3.538356 18.892447 3.784462
v -3.212967 18.959185 3.640664
v -3.212967 18.892447 3.784462
v -3.538356 18.959185 3.640664
v -3.212967 18.892447 3.496869
v -3.538356 18.892447 3.496869
v -3.383512 17.191816 3.488053
v -3.241541 18.398548 3.575322
v -3.368567 18.398548 3.534047
v -3.202420 17.191816 3.546891
v -3.202420 17.191816 3.546891
v -3.241541 18.398548 3.708874
v -3.241541 18.398548 3.575322
v -3.202420 17.191816 3.737305
v -3.202420 17.191816 3.737305
v -3.368567 18.398548 3.750145
v -3.241541 18.398548 3.708874
v -3.383512 17.191816 3.796143
v -3.383512 17.191816 3.796143
v -3.447071 18.398548 3.642098
v -3.368567 18.398548 3.750145
v -3.495433 17.191816 3.642098
v -3.368567 18.398548 3.534047
v -3.383512 17.191816 3.488053
v -3.447071 18.398548 3.642098
v -3.241541 18.398548 3.708874
v -3.368567 18.398548 3.750145
v -3.241541 18.398548 3.575322
v -3.368567 18.398548 3.534047
v -3.302050 18.436296 3.500882
v -3.378619 18.506901 3.397240
v -3.302049 18.506901 3.397244
v -3.378619 18.436296 3.500882
v -3.378619 18.436296 3.780449
v -3.302050 18.436296 3.780449
v -3.378619 18.506901 3.884087
v -3.302050 18.506901 3.884091
v -3.378619 18.364346 3.467141
v -3.302049 18.476576 3.354195
v -3.378619 18.476576 3.354195
v -3.302050 18.364346 3.467141
v -3.378619 18.364346 3.814190
v -3.302050 18.364346 3.814194
v -3.302050 18.476576 3.927136
v -3.378619 18.476576 3.927136
v -3.302049 18.687208 3.354195
v -3.378619 18.476576 3.354195
v -3.302049 18.476576 3.354195
v -3.378619 18.687208 3.354195
v -3.282921 18.802299 3.337231
v -3.397768 18.687208 3.337231
v -3.282926 18.687208 3.337235
v -3.397763 18.802299 3.337231
v -3.378619 18.687208 3.397240
v -3.378619 18.476576 3.354195
v -3.378619 18.687208 3.354195
v -3.378619 18.506901 3.397240
v -3.378619 18.436296 3.500882
v -3.378619 18.364346 3.467141
v -3.378619 18.364346 3.814190
v -3.378619 18.436296 3.780449
v -3.378619 18.476576 3.927136
v -3.378619 18.506901 3.884087
v -3.378619 18.687208 3.884091
v -3.378619 18.687208 3.927136
v -3.302049 18.687208 3.354195
v -3.302049 18.506901 3.397244
v -3.302049 18.687208 3.397240
v -3.302049 18.476576 3.354195
v -3.302050 18.436296 3.500882
v -3.302050 18.364346 3.467141
v -3.302050 18.436296 3.780449
v -3.302050 18.364346 3.814194
v -3.302050 18.476576 3.927136
v -3.302050 18.506901 3.884091
v -3.302050 18.687208 3.927136
v -3.302050 18.687208 3.884087
v -3.397763 18.802299 3.944096
v -3.397768 18.687208 3.337231
v -3.397763 18.802299 3.337231
v -3.397763 18.687208 3.944096
v -3.378619 18.687208 3.397240
v -3.302049 18.506901 3.397244
v -3.378619 18.506901 3.397240
v -3.302049 18.687208 3.397240
v -3.397768 18.687208 3.337231
v -3.282926 18.687208 3.944096
v -3.282926 18.687208 3.337235
v -3.397763 18.687208 3.944096
v -3.302050 18.687208 3.927136
v -3.378619 18.476576 3.927136
v -3.378619 18.687208 3.927136
v -3.302050 18.476576 3.927136
v -3.282926 18.802299 3.944096
v -3.397763 18.687208 3.944096
v -3.397763 18.802299 3.944096
v -3.282926 18.687208 3.944096
v -3.397763 18.802299 3.944096
v -3.282921 18.802299 3.337231
v -3.282926 18.802299 3.944096
v -3.397763 18.802299 3.337231
v -3.282926 18.687208 3.944096
v -3.282921 18.802299 3.337231
v -3.282926 18.687208 3.337235
v -3.282926 18.802299 3.944096
v -3.378619 18.687208 3.884091
v -3.302050 18.506901 3.884091
v -3.302050 18.687208 3.884087
v -3.378619 18.506901 3.884087
v 3.795682 18.385296 2.707673
v 3.795682 18.638235 2.707814
v 3.795682 18.419111 2.649102
v 3.795682 18.638235 2.775448
v 3.795682 18.200132 2.522511
v 3.795682 18.857355 2.649098
v 3.795682 18.258705 2.488694
v 3.795682 18.891174 2.707673
v 3.795682 18.132353 2.269566
v 3.795682 19.017761 2.488694
v 3.795682 18.199991 2.269566
v 3.795682 19.076338 2.522507
v 3.795682 18.200132 2.016629
v 3.795682 19.076479 2.269566
v 3.795682 18.258705 2.050446
v 3.795682 19.144117 2.269566
v 3.795682 18.385296 1.831463
v 3.795682 19.017761 2.050446
v 3.795682 18.419115 1.890038
v 3.795682 19.076338 2.016629
v 3.795669 18.638235 1.763688
v 3.795682 18.857357 1.890038
v 3.795669 18.638235 1.831326
v 3.795682 18.891174 1.831460
v -3.795694 18.638235 2.707814
v -3.795694 18.385296 2.707673
v -3.795694 18.419111 2.649102
v -3.795694 18.638235 2.775448
v -3.795694 18.200132 2.522511
v -3.795694 18.857355 2.649098
v -3.795694 18.258705 2.488694
v -3.795694 18.891174 2.707673
v -3.795694 18.132353 2.269566
v -3.795694 19.017761 2.488694
v -3.795694 18.199991 2.269566
v -3.795694 19.076338 2.522507
v -3.795694 18.200132 2.016629
v -3.795694 19.076479 2.269566
v -3.795694 18.258705 2.050446
v -3.795694 19.144117 2.269566
v -3.795694 18.385296 1.831463
v -3.795694 19.017761 2.050446
v -3.795694 18.419115 1.890038
v -3.795694 19.076338 2.016629
v -3.795681 18.638235 1.763688
v -3.795694 18.857357 1.890038
v -3.795681 18.638235 1.831326
v -3.795694 18.891174 1.831460
v -0.525844 16.234184 13.518967
v -0.526012 16.537714 13.518967
v -0.455555 16.274763 13.518967
v -0.607176 16.537714 13.518967
v -0.303646 16.011990 13.518967
v -0.455553 16.800659 13.518967
v -0.263064 16.082275 13.518967
v -0.525844 16.841242 13.518967
v -0.000118 15.930656 13.518967
v -0.263064 16.993145 13.518967
v -0.000118 16.011822 13.518967
v -0.303645 17.063438 13.518967
v 0.303411 16.011990 13.518967
v -0.000118 17.063610 13.518967
v 0.262829 16.082275 13.518967
v -0.000118 17.144773 13.518967
v 0.525608 16.234184 13.518967
v 0.262829 16.993145 13.518967
v 0.455319 16.274773 13.518967
v 0.303411 17.063438 13.518967
v 0.606940 16.537714 13.518955
v 0.455321 16.800659 13.518967
v 0.525776 16.537714 13.518955
v 0.525612 16.841242 13.518967
v 3.538344 18.604855 3.784462
v 3.538344 18.748650 3.823048
v 3.538344 18.624079 3.765233
v 3.538344 18.748650 3.851197
v 3.538344 18.538116 3.640664
v 3.538344 18.873219 3.765233
v 3.538344 18.566265 3.640664
v 3.538344 18.892445 3.784462
v 3.538344 18.604855 3.496869
v 3.538344 18.931034 3.640664
v 3.538344 18.624081 3.516095
v 3.538344 18.959185 3.640664
v 3.538339 18.748650 3.430134
v 3.538344 18.873219 3.516095
v 3.538339 18.748650 3.458283
v 3.538344 18.892445 3.496869
v -3.538356 18.604855 3.496865
v -3.538356 18.748650 3.458279
v -3.538356 18.624081 3.516095
v -3.538356 18.748650 3.430130
v -3.538356 18.538116 3.640664
v -3.538356 18.873219 3.516095
v -3.538356 18.566267 3.640664
v -3.538356 18.892447 3.496869
v -3.538356 18.604855 3.784459
v -3.538356 18.931034 3.640664
v -3.538356 18.624081 3.765233
v -3.538356 18.959185 3.640664
v -3.538350 18.748650 3.851197
v -3.538356 18.873219 3.765233
v -3.538350 18.748650 3.823048
v -3.538356 18.892447 3.784462
v -0.000006 26.795221 5.142220
v -0.716994 26.918205 5.621922
v -0.860785 26.795221 5.372864
v -0.000007 26.918205 5.429802
v 0.860773 26.795221 5.372864
v -1.241865 26.918205 6.146786
v -1.490919 26.795221 6.002995
v 0.716982 26.918205 5.621922
v 1.490907 26.795221 6.003002
v -0.716994 26.918209 8.105637
v -1.433981 26.918205 6.863773
v -1.721564 26.795221 6.863773
v -1.241865 26.918209 7.580761
v -1.490919 26.795225 7.724552
v -0.860785 26.795225 8.354691
v -0.000007 26.918209 8.297749
v -0.000007 26.795225 8.585335
v 0.716980 26.918209 8.105637
v 0.860772 26.795225 8.354691
v 1.241852 26.918205 6.146790
v 1.721551 26.795221 6.863781
v 1.241851 26.918209 7.580765
v 1.490906 26.795225 7.724560
v 1.433968 26.918205 6.863781
v 4.627931 10.923925 9.121555
v 4.380232 11.885831 9.121593
v 4.627931 11.885831 9.121601
v 4.380232 10.923924 9.121536
v 4.381513 12.924498 9.121578
v 5.087293 13.886389 9.121593
v 4.381513 13.886389 9.121601
v 5.087293 12.924481 9.121532
v 5.087293 12.924481 9.121532
v 5.087278 13.886392 7.734779
v 5.087293 13.886389 9.121593
v 5.087278 12.924510 7.734779
v 5.022054 12.924536 6.939281
v 5.022054 13.886395 6.939281
v 4.836164 12.924536 6.163330
v 4.836164 13.886395 6.163330
v 4.530458 12.924536 5.426308
v 4.530458 13.886395 5.426308
v 4.113886 12.924536 4.745778
v 4.113886 13.886395 4.745778
v 2.725697 12.924536 2.835145
v 2.725726 13.886395 2.835145
v 5.186195 12.771457 9.221867
v 4.701168 12.771514 9.144688
v 4.661898 12.771486 9.221844
v 5.186203 12.771499 7.734879
v 3.321436 12.771516 8.442532
v 3.433923 12.771516 7.734695
v 5.108642 12.771496 6.925568
v 3.265855 12.771516 6.673557
v 4.919547 12.771498 6.136238
v 4.608571 12.771498 5.386509
v 2.778102 12.771516 5.716286
v 4.184816 12.771498 4.694245
v 2.782018 12.771496 2.742047
v 2.018407 12.771516 4.956593
v 1.061137 12.771516 4.468838
v -0.000006 12.771516 4.300766
v -2.782030 12.771496 2.742047
v -2.782030 12.771496 2.742047
v -1.061149 12.771516 4.468838
v -2.018419 12.771516 4.956593
v -2.778114 12.771516 5.716286
v -4.184827 12.771498 4.694245
v -4.608584 12.771498 5.386509
v -3.265867 12.771516 6.673557
v -4.919560 12.771498 6.136238
v -5.108655 12.771496 6.925568
v -3.433936 12.771516 7.734695
v -5.186216 12.771499 7.734879
v -3.321448 12.771516 8.442532
v -4.701181 12.771514 9.144688
v -5.186207 12.771457 9.221867
v -4.661911 12.771486 9.221844
v 3.321436 12.771516 8.442532
v 4.627931 11.885831 9.121601
v 4.701168 12.771514 9.144688
v 3.504259 10.923925 8.560261
v 4.627931 10.923925 9.121555
v 4.381513 13.886389 9.121601
v 3.277408 12.924527 8.614620
v 4.381513 12.924498 9.121578
v 4.480073 14.924041 9.121761
v 3.468859 14.923901 8.614422
v 4.282197 15.191142 9.022320
v 3.468865 15.191875 8.614372
v 4.425598 12.678335 9.259346
v 4.363723 11.906322 9.235771
v -0.000006 12.611203 9.259171
v -0.000006 10.923914 9.243168
v 4.370457 10.923914 9.243168
v -4.363735 11.906322 9.235771
v -4.370471 10.923914 9.243168
v -4.425611 12.678335 9.259346
v 3.833592 12.678357 10.422146
v 4.425598 12.678335 9.259346
v -0.000006 12.611203 9.259171
v 3.740566 12.678413 10.550232
v 2.815536 12.678413 11.475262
v 2.687441 12.678413 11.568329
v 1.521834 12.678413 12.162239
v 1.371250 12.678416 12.211166
v 0.079159 12.678416 12.415813
v -0.000008 12.678416 12.415813
v -0.079175 12.678416 12.415813
v -1.371265 12.678416 12.211166
v -1.521850 12.678413 12.162239
v -2.687456 12.678413 11.568329
v -2.815551 12.678413 11.475262
v -3.740581 12.678413 10.550232
v -3.833608 12.678357 10.422146
v -4.425611 12.678335 9.259346
v 4.214030 14.676274 9.192863
v 4.148232 13.901901 9.177399
v -0.000006 14.673264 9.191990
v -0.000006 12.924522 9.176666
v 4.157028 12.923898 9.177032
v -4.148245 13.901901 9.177399
v -4.157042 12.923898 9.177032
v -4.214042 14.676274 9.192863
v 3.518514 13.903287 10.388844
v 3.653517 14.676505 10.292599
v 3.561352 14.674916 10.419968
v 3.610701 13.904825 10.261486
v 2.590410 12.924592 11.300091
v 2.654151 13.903287 11.253212
v 4.157028 12.923898 9.177032
v 4.148232 13.901901 9.177399
v 2.526129 13.903287 11.346230
v 2.685275 14.674916 11.296047
v 2.557251 14.674916 11.389065
v 2.654151 13.903287 11.253212
v 2.590410 12.924592 11.300091
v 1.436967 13.903287 11.901184
v -0.000008 12.924592 12.141777
v 1.286463 13.903289 11.950085
v 1.453329 14.674916 11.951542
v 1.302826 14.674924 12.000446
v 0.079113 13.903289 12.141319
v -0.000008 13.903289 12.141319
v 0.079113 14.674981 12.194290
v -0.000008 14.674981 12.194290
v -0.079129 14.674981 12.194290
v -0.079129 13.903289 12.141319
v -1.286479 13.903289 11.950085
v -1.436982 13.903287 11.901184
v -2.590425 12.924592 11.300091
v -1.453345 14.674916 11.951542
v -1.302841 14.674924 12.000446
v -2.526143 13.903287 11.346230
v -2.654166 13.903287 11.253212
v -2.685290 14.674916 11.296047
v -2.557266 14.674916 11.389065
v 3.653517 14.676505 10.292599
v 4.214030 14.676274 9.192863
v -0.000006 14.673264 9.191990
v 3.561352 14.674916 10.419968
v 2.685275 14.674916 11.296047
v 2.557251 14.674916 11.389065
v 1.453329 14.674916 11.951542
v 1.302826 14.674924 12.000446
v 0.079113 14.674981 12.194290
v -0.000008 14.674981 12.194290
v -0.079129 14.674981 12.194290
v -1.302841 14.674924 12.000446
v -1.453345 14.674916 11.951542
v -2.557266 14.674916 11.389065
v -2.685290 14.674916 11.296047
v -3.561367 14.674916 10.419968
v -3.653531 14.676505 10.292599
v -4.214042 14.676274 9.192863
v 3.686260 11.906352 10.510773
v 3.833592 12.678357 10.422146
v 3.740566 12.678413 10.550232
v 3.779289 11.906294 10.382690
v 2.717153 10.923917 11.474537
v 2.776079 11.906352 11.420956
v 4.370457 10.923914 9.243168
v 4.363723 11.906322 9.235771
v 2.647985 11.906352 11.514023
v 2.815536 12.678413 11.475262
v 2.687441 12.678413 11.568329
v 2.776079 11.906352 11.420956
v 2.717153 10.923917 11.474537
v 1.501091 11.906352 12.098392
v -0.000008 10.923915 12.357399
v 1.350507 11.906352 12.147324
v 1.521834 12.678413 12.162239
v 1.371250 12.678416 12.211166
v 0.079159 11.906353 12.348686
v -0.000008 11.906353 12.348686
v 0.079159 12.678416 12.415813
v -0.000008 12.678416 12.415813
v -0.079175 12.678416 12.415813
v -0.079175 11.906353 12.348686
v -1.350522 11.906352 12.147324
v -1.501106 11.906352 12.098392
v -2.717168 10.923917 11.474537
v -1.521850 12.678413 12.162239
v -1.371265 12.678416 12.211166
v -2.648000 11.906352 11.514023
v -2.776093 11.906352 11.420956
v -2.815551 12.678413 11.475262
v -2.687456 12.678413 11.568329
v -0.000008 14.924004 12.413746
v 0.892801 14.924004 12.239201
v 0.744575 14.924004 12.295803
v -0.000008 14.924006 14.091690
v 0.495080 14.924006 13.978691
v 1.112445 14.924005 12.696720
v 0.892110 14.924006 13.662067
v 1.112445 14.924005 13.204540
v -0.892816 14.924004 12.239201
v -0.744590 14.924004 12.295803
v -0.495096 14.924006 13.978691
v -1.112461 14.924005 12.696720
v -0.892126 14.924006 13.662067
v -1.112461 14.924005 13.204540
v 2.061343 16.115561 4.897484
v 2.837197 15.191769 5.673347
v 2.061343 15.191769 4.897496
v 2.837197 16.115561 5.673336
v 3.335327 15.191769 6.650982
v 3.335327 16.115561 6.650970
v 3.506970 15.191765 7.734695
v 3.506970 16.115561 7.734684
v 3.371734 15.191872 8.588387
v 3.371734 16.115667 8.588379
v 2.614174 15.191826 10.566597
v 2.614174 16.115620 10.566589
v 2.063037 15.191813 11.324955
v 2.063037 16.115608 11.324947
v 0.795878 15.815567 13.585316
v 0.441675 15.191806 13.867794
v 0.795878 15.191806 13.585323
v 0.441675 15.815567 13.867783
v -0.000008 15.191806 13.968605
v -0.000008 15.815567 13.968594
v -0.441691 15.815567 13.867783
v -0.441691 15.191806 13.867794
v -0.795894 15.815567 13.585316
v -0.795894 15.191806 13.585323
v 0.795878 15.191806 13.585323
v 0.992445 15.815566 13.177135
v 0.795878 15.815567 13.585316
v 0.992445 15.191805 13.177151
v 0.992446 15.815566 12.724018
v 0.992446 15.191805 12.724030
v 0.772786 16.115593 12.266472
v 0.772786 15.191797 12.266483
v 0.772786 15.191797 12.266483
v 0.644607 16.115585 12.234783
v 0.772786 16.115593 12.266472
v 0.644607 15.191792 12.234798
v 0.644607 15.191792 12.234798
v 1.360870 16.115616 11.866261
v 0.644607 16.115585 12.234783
v 1.360870 15.191819 11.866272
v 2.063037 16.115608 11.324947
v 2.063037 15.191813 11.324955
v 2.120854 14.923709 2.745316
v 1.114996 14.923710 4.303074
v 2.120854 14.923710 4.815583
v -0.000006 14.923709 2.745316
v -0.000006 14.923710 4.126473
v -1.115008 14.923710 4.303074
v -2.120866 14.923709 2.745316
v -2.120866 14.923710 4.815583
v 2.725726 13.886395 2.835145
v 0.400237 12.924536 2.835072
v 0.400237 13.886395 2.835145
v 2.725697 12.924536 2.835145
v 2.120854 15.191737 2.845608
v -0.000006 16.115538 2.845315
v 2.120854 16.115538 2.845608
v -0.000006 15.191737 2.845315
v -2.120866 15.191737 2.845608
v -2.120866 16.115538 2.845608
v 3.528143 10.771504 10.298042
v 3.472927 10.771505 8.863113
v 2.954247 10.771505 9.881081
v 4.468928 10.771512 9.221867
v 3.815091 10.771504 10.506519
v 2.771827 10.771504 11.549789
v 2.563346 10.771504 11.262840
v 1.457234 10.771505 12.219608
v 1.347630 10.771504 11.882282
v -0.000008 10.771505 12.450417
v -0.000008 10.771504 12.095726
v -1.347645 10.771504 11.882282
v -1.457250 10.771505 12.219608
v -2.563361 10.771504 11.262840
v -2.771841 10.771504 11.549789
v -3.528157 10.771504 10.298042
v -3.815106 10.771504 10.506519
v -4.468940 10.771512 9.221867
v -3.472939 10.771505 8.863113
v -2.954262 10.771505 9.881081
v -4.591080 10.771512 8.973621
v -4.471739 10.771512 9.221867
v -4.677497 10.771512 8.787685
v -3.651662 10.771505 7.734695
v -4.692991 10.771512 8.648975
v -4.692978 10.771512 2.485482
v -3.472938 10.771505 6.606274
v -2.954258 10.771505 5.588306
v -2.146396 10.771505 4.780446
v -1.128430 10.771505 4.261761
v -4.584873 10.771507 2.485489
v -0.000006 10.771504 4.083043
v -4.584869 10.771507 2.586285
v -0.000006 10.771502 -1.009485
v 4.584857 10.771507 2.586285
v 4.584860 10.771507 2.485489
v 1.128418 10.771505 4.261761
v 4.677012 10.771512 2.485482
v 2.146384 10.771505 4.780446
v 2.954246 10.771505 5.588306
v 3.472925 10.771505 6.606274
v 3.651650 10.771505 7.734695
v 4.677023 10.771512 8.648975
v 4.666338 10.771512 8.787685
v 4.591067 10.771512 8.973621
v 4.471725 10.771512 9.221867
v 4.593021 11.885831 8.548706
v 4.593010 10.923923 2.583588
v 4.593010 11.885831 2.583649
v 4.593021 10.923924 8.548649
v 4.380232 11.885831 9.121593
v 4.500798 10.923924 8.873291
v 4.500798 11.885831 8.873348
v 4.380232 10.923924 9.121536
v 4.580221 10.923924 8.687355
v 4.500798 11.885831 8.873348
v 4.500798 10.923924 8.873291
v 4.573684 11.885831 8.687412
v 4.593021 10.923924 8.548649
v 4.593021 11.885831 8.548706
v 4.100178 17.039375 3.419419
v 1.454109 17.039375 5.033108
v 1.899886 17.039375 5.700260
v 4.259394 17.039375 3.025052
v 0.786955 17.039375 4.587330
v 4.259394 17.039375 1.498307
v 0.393474 17.039375 3.540478
v 0.393475 17.039375 4.509060
v 4.038826 17.039375 0.216410
v 2.516727 17.039375 -2.738407
v 1.827952 17.191813 5.630795
v -0.000006 18.115604 7.521801
v -0.000006 17.191816 7.521801
v 1.827952 18.115602 5.630798
v 4.014721 17.191813 3.363972
v 4.014721 18.115602 3.363972
v 4.159394 17.191813 3.005623
v 4.159395 18.115602 3.005623
v 4.159394 17.191813 1.532780
v 4.159394 18.115602 1.532780
v 3.979700 17.191813 0.303124
v 3.979700 18.115602 0.303122
v 2.516727 17.191813 -2.634048
v 3.979700 18.115602 0.303122
v 3.979700 17.191813 0.303124
v 2.516727 18.115602 -2.634048
v 4.593010 10.923923 2.583588
v 4.584864 11.885831 2.583783
v 4.593010 11.885831 2.583649
v 4.584864 10.923923 2.583752
v -0.000006 10.771502 -1.009485
v 3.853759 10.771506 -1.012983
v 1.365736 10.771506 -1.009490
v 4.437036 10.771506 -0.590915
v 4.826769 10.771506 0.040759
v 4.963625 10.771506 0.785866
v -1.365747 10.771506 -1.009490
v -3.853769 10.771506 -1.012985
v -4.437046 10.771506 -0.590917
v -4.826780 10.771506 0.040755
v -4.963636 10.771506 0.785864
v 4.584857 10.771507 2.586285
v 4.670539 10.771507 2.584721
v -0.000006 10.771502 -1.009485
v 4.694169 10.771507 2.162648
v 4.826769 10.771507 1.530976
v 4.963625 10.771506 0.785866
v -4.584869 10.771507 2.586285
v -4.670550 10.771507 2.584721
v -4.694179 10.771507 2.162648
v -4.826781 10.771507 1.530976
v -4.963636 10.771506 0.785864
v -0.000006 10.923921 -0.909488
v 1.355886 11.885830 -0.909490
v 1.355887 10.923923 -0.909490
v -0.000006 11.885827 -0.909488
v -1.355897 11.885830 -0.909492
v -1.355898 10.923923 -0.909490
v 3.814739 11.885830 -0.910970
v 1.355887 10.923923 -0.909490
v 1.355886 11.885830 -0.909490
v 3.814740 10.923923 -0.910970
v 4.364940 11.885830 -0.512836
v 4.364940 10.923923 -0.512836
v 4.732571 11.885830 0.083012
v 4.364940 10.923923 -0.512836
v 4.364940 11.885830 -0.512836
v 4.732571 10.923923 0.083012
v 4.861665 11.885830 0.785866
v 4.861667 10.923923 0.785866
v 4.732572 11.885832 1.488724
v 4.861667 10.923923 0.785866
v 4.861665 11.885830 0.785866
v 4.732572 10.923924 1.488724
v 4.617893 11.885832 2.084572
v 4.617895 10.923924 2.084572
v 4.584374 11.885832 2.482701
v 4.617895 10.923924 2.084572
v 4.617893 11.885832 2.084572
v 4.584375 10.923924 2.482701
v 4.584857 11.885832 2.484326
v 4.584857 10.923924 2.484326
v -4.627944 10.923925 9.121555
v -4.380245 11.885831 9.121593
v -4.380245 10.923924 9.121536
v -4.627944 11.885831 9.121601
v -4.381526 12.924498 9.121578
v -5.087306 13.886389 9.121593
v -5.087306 12.924481 9.121532
v -4.381526 13.886389 9.121601
v -5.087290 13.886392 7.734779
v -5.087306 12.924481 9.121532
v -5.087306 13.886389 9.121593
v -5.087290 12.924510 7.734779
v -5.022068 12.924536 6.939281
v -5.022068 13.886395 6.939281
v -4.836177 12.924536 6.163330
v -4.836177 13.886395 6.163330
v -4.530471 12.924536 5.426308
v -4.530471 13.886395 5.426308
v -4.113898 12.924536 4.745778
v -4.113898 13.886395 4.745778
v -2.725709 12.924536 2.835145
v -2.725738 13.886395 2.835145
v -4.627944 11.885831 9.121601
v -3.321448 12.771516 8.442532
v -4.701181 12.771514 9.144688
v -3.504271 10.923925 8.560261
v -4.627944 10.923925 9.121555
v -4.381526 13.886389 9.121601
v -4.381526 12.924498 9.121578
v -3.277421 12.924527 8.614620
v -4.480086 14.924041 9.121761
v -3.468872 14.923901 8.614422
v -4.282211 15.191142 9.022320
v -3.468877 15.191875 8.614372
v -3.653531 14.676505 10.292599
v -3.518528 13.903287 10.388844
v -3.561367 14.674916 10.419968
v -3.610717 13.904825 10.261486
v -2.590425 12.924592 11.300091
v -2.654166 13.903287 11.253212
v -4.157042 12.923898 9.177032
v -4.148245 13.901901 9.177399
v -3.833608 12.678357 10.422146
v -3.686274 11.906352 10.510773
v -3.740581 12.678413 10.550232
v -3.779304 11.906294 10.382690
v -2.717168 10.923917 11.474537
v -2.776093 11.906352 11.420956
v -4.370471 10.923914 9.243168
v -4.363735 11.906322 9.235771
v -2.837210 15.191769 5.673347
v -2.061355 16.115561 4.897484
v -2.061355 15.191769 4.897496
v -2.837210 16.115561 5.673336
v -3.335339 15.191769 6.650982
v -3.335339 16.115561 6.650970
v -3.506982 15.191765 7.734695
v -3.506982 16.115561 7.734684
v -3.371747 15.191872 8.588387
v -3.371747 16.115667 8.588379
v -2.614189 15.191826 10.566597
v -2.614189 16.115620 10.566589
v -2.063051 15.191813 11.324955
v -2.063051 16.115608 11.324947
v -0.992461 15.815566 13.177135
v -0.795894 15.191806 13.585323
v -0.795894 15.815567 13.585316
v -0.992461 15.191805 13.177151
v -0.992461 15.815566 12.724018
v -0.992461 15.191805 12.724030
v -0.772802 16.115593 12.266472
v -0.772802 15.191797 12.266483
v -0.772802 15.191797 12.266483
v -0.644622 16.115585 12.234783
v -0.644622 15.191792 12.234798
v -0.772802 16.115593 12.266472
v -1.360885 16.115616 11.866261
v -0.644622 15.191792 12.234798
v -0.644622 16.115585 12.234783
v -1.360885 15.191819 11.866272
v -2.063051 16.115608 11.324947
v -2.063051 15.191813 11.324955
v -2.725738 13.886395 2.835145
v -0.400249 12.924536 2.835072
v -2.725709 12.924536 2.835145
v -0.400249 13.886395 2.835145
v -4.608989 11.885831 8.548706
v -4.608976 10.923923 2.583588
v -4.608989 10.923924 8.548649
v -4.608976 11.885831 2.583649
v -4.380245 11.885831 9.121593
v -4.500812 10.923924 8.873291
v -4.380245 10.923924 9.121536
v -4.500812 11.885831 8.873348
v -4.500812 11.885831 8.873348
v -4.589652 10.923924 8.687355
v -4.500812 10.923924 8.873291
v -4.589652 11.885831 8.687412
v -4.608989 10.923924 8.548649
v -4.608989 11.885831 8.548706
v -1.454121 17.039375 5.033108
v -4.100189 17.039375 3.419419
v -1.899899 17.039375 5.700260
v -4.259406 17.039375 3.025052
v -0.786967 17.039375 4.587330
v -4.259406 17.039375 1.498307
v -0.393486 17.039375 3.540478
v -0.393487 17.039375 4.509060
v -4.038838 17.039375 0.216406
v -2.521497 17.039375 -2.738407
v -0.002385 17.039375 -2.738407
v -0.000006 17.039375 3.540478
v 0.393474 17.039375 3.540478
v 2.516727 17.039375 -2.738407
v -0.000006 18.115604 7.521801
v -1.827964 17.191813 5.630795
v -0.000006 17.191816 7.521801
v -1.827964 18.115602 5.630798
v -4.014733 17.191813 3.363972
v -4.014733 18.115602 3.363972
v -4.159406 17.191813 3.005623
v -4.159406 18.115602 3.005623
v -4.159406 17.191813 1.532780
v -4.159406 18.115602 1.532780
v -3.979712 17.191813 0.303120
v -3.979712 18.115602 0.303120
v -3.979712 18.115602 0.303120
v -2.521497 17.191813 -2.634048
v -3.979712 17.191813 0.303120
v -2.521497 18.115602 -2.634048
v -0.002385 17.191813 -2.634048
v -0.002385 18.115602 -2.634048
v 2.516727 17.191813 -2.634048
v 2.516727 18.115602 -2.634048
v -4.608976 10.923923 2.583588
v -4.584873 11.885831 2.583783
v -4.584873 10.923923 2.583752
v -4.608976 11.885831 2.583649
v -1.355898 10.923923 -0.909490
v -3.814750 11.885830 -0.910972
v -1.355897 11.885830 -0.909492
v -3.814750 10.923923 -0.910972
v -4.364950 11.885830 -0.512840
v -4.364950 10.923923 -0.512840
v -4.364950 10.923923 -0.512840
v -4.732581 11.885830 0.083010
v -4.364950 11.885830 -0.512840
v -4.732582 10.923923 0.083010
v -4.861677 11.885830 0.785864
v -4.861677 10.923923 0.785864
v -4.861677 10.923923 0.785864
v -4.732582 11.885832 1.488724
v -4.861677 11.885830 0.785864
v -4.732583 10.923924 1.488724
v -4.617905 11.885832 2.084572
v -4.617905 10.923924 2.084572
v -4.617905 10.923924 2.084572
v -4.584386 11.885832 2.482701
v -4.617905 11.885832 2.084572
v -4.584386 10.923924 2.482701
v -4.584869 11.885832 2.484326
v -4.584869 10.923924 2.484326
v -1.635162 25.866549 7.678478
v -1.368931 26.154228 7.607140
v -1.635162 26.154228 7.678478
v -1.368931 25.866549 7.607140
v -1.635162 26.154228 7.678478
v -1.557213 26.154224 6.904465
v -1.823443 26.154224 6.975800
v -1.368931 26.154228 7.607140
v -1.823443 26.154224 6.975800
v -1.557213 25.866545 6.904465
v -1.823443 25.866545 6.975803
v -1.557213 26.154224 6.904465
v -1.823443 25.866545 6.975803
v -1.368931 25.866549 7.607140
v -1.635162 25.866549 7.678478
v -1.557213 25.866545 6.904465
v -0.112032 25.866549 8.687214
v -0.040696 26.154228 8.420982
v -0.112032 26.154228 8.687214
v -0.040696 25.866549 8.420982
v -0.112032 26.154228 8.687214
v -0.743372 26.154228 8.232704
v -0.814708 26.154228 8.498932
v -0.040696 26.154228 8.420982
v -0.814708 26.154228 8.498932
v -0.743372 25.866549 8.232704
v -0.814708 25.866549 8.498932
v -0.743372 26.154228 8.232704
v -0.814708 25.866549 8.498932
v -0.040696 25.866549 8.420982
v -0.112032 25.866549 8.687214
v -0.743372 25.866549 8.232704
v 0.814695 25.866549 8.498936
v 0.743359 26.154228 8.232704
v 0.814695 26.154228 8.498936
v 0.743359 25.866549 8.232708
v 0.814695 26.154228 8.498936
v 0.040682 26.154228 8.420982
v 0.112018 26.154228 8.687214
v 0.743359 26.154228 8.232704
v 0.112018 26.154228 8.687214
v 0.040682 25.866549 8.420982
v 0.112018 25.866549 8.687214
v 0.040682 26.154228 8.420982
v 0.112018 25.866549 8.687214
v 0.743359 25.866549 8.232708
v 0.814695 25.866549 8.498936
v 0.040682 25.866549 8.420982
v 1.823430 25.866545 6.975807
v 1.557200 26.154224 6.904472
v 1.823430 26.154224 6.975807
v 1.557200 25.866545 6.904469
v 1.823430 26.154224 6.975807
v 1.368918 26.154228 7.607143
v 1.635148 26.154228 7.678482
v 1.557200 26.154224 6.904472
v 1.635148 26.154228 7.678482
v 1.368918 25.866549 7.607143
v 1.635148 25.866549 7.678482
v 1.368918 26.154228 7.607143
v 1.635148 25.866549 7.678482
v 1.557200 25.866545 6.904469
v 1.823430 25.866545 6.975807
v 1.368918 25.866549 7.607143
v -1.889081 24.541220 8.370262
v -1.048363 25.465014 9.040714
v -1.889081 25.465014 8.370262
v -1.048363 24.541220 9.040714
v -0.000007 25.465014 9.279995
v -0.000007 24.541220 9.279999
v 1.048349 24.541220 9.040718
v 1.048349 25.465014 9.040718
v 1.889068 24.541220 8.370266
v 1.889068 25.465014 8.370266
v -1.889081 25.465014 8.370262
v -2.355644 24.541220 7.401436
v -1.889081 24.541220 8.370262
v -2.355643 25.465014 7.401436
v -2.355643 25.465010 5.937050
v -2.355643 24.541216 5.937050
v -2.355643 26.388796 5.937046
v -2.355642 25.465010 4.075387
v -2.355643 26.388796 4.075383
v 2.355631 24.541220 7.401440
v 1.889068 25.465014 8.370266
v 1.889068 24.541220 8.370266
v 2.355631 25.465014 7.401440
v 2.355632 25.465010 5.937054
v 2.355631 24.541216 5.937054
v 2.355632 26.388796 4.075390
v 2.355632 26.388796 5.937054
v 2.355632 25.465010 4.075390
v -2.455643 24.388784 5.796825
v -2.455644 24.388788 7.424259
v -0.000005 24.388784 5.796829
v -1.969275 24.388788 8.434216
v -1.092868 24.388788 9.133125
v -0.000007 24.388788 9.382568
v 1.092854 24.388788 9.133133
v 1.969261 24.388788 8.434219
v 2.455631 24.388788 7.424263
v 2.455632 24.388784 5.796829
v -0.000006 24.541216 5.937054
v -2.355643 24.541216 5.937050
v -0.000006 25.465010 5.937050
v 2.355631 24.541216 5.937054
v 0.368066 25.465017 0.024085
v 0.663234 26.388811 0.259488
v 0.663234 25.465017 0.259476
v 0.368066 26.388811 0.024098
v -0.000004 25.465017 -0.059923
v -0.000004 26.388811 -0.059913
v -0.368073 26.388811 0.024098
v -0.368073 25.465017 0.024085
v -0.663242 26.388811 0.259488
v -0.663242 25.465017 0.259476
v 0.827041 26.388811 0.599635
v 0.663234 25.465017 0.259476
v 0.663234 26.388811 0.259488
v 0.827041 25.465017 0.599623
v 0.827041 26.388811 0.977232
v 0.827041 25.465017 0.977221
v 0.643991 26.388805 1.358521
v 0.643991 25.465010 1.358513
v 0.643991 25.465010 1.358513
v 0.644609 26.388792 4.075387
v 0.644609 25.465004 4.075387
v 0.643991 26.388805 1.358521
v 0.743428 25.312586 0.195523
v 0.927040 25.312586 0.999983
v 0.927040 25.312586 0.576798
v 0.412570 25.312586 -0.068328
v 0.744003 25.312586 1.381249
v -0.000004 25.312586 -0.162496
v -0.000006 25.312588 5.796825
v 0.744576 25.312588 3.973065
v -0.744011 25.312586 1.381245
v -0.744587 25.312588 3.973061
v -0.412577 25.312586 -0.068328
v -0.927048 25.312586 0.999983
v -0.743435 25.312586 0.195523
v -0.927048 25.312586 0.576798
v -0.663242 25.465017 0.259476
v -0.827048 26.388811 0.599635
v -0.663242 26.388811 0.259488
v -0.827048 25.465017 0.599623
v -0.827048 26.388811 0.977232
v -0.827048 25.465017 0.977221
v -0.643999 26.388805 1.358521
v -0.643999 25.465010 1.358513
v -0.643999 25.465010 1.358513
v -0.644619 26.388792 4.075387
v -0.643999 26.388805 1.358521
v -0.644619 25.465004 4.075383
v -0.644619 25.465004 4.075383
v -2.355643 26.388796 4.075383
v -0.644619 26.388792 4.075387
v -2.355642 25.465010 4.075387
v 2.355632 25.465010 4.075390
v 0.644609 26.388792 4.075387
v 2.355632 26.388796 4.075390
v 0.644609 25.465004 4.075387
v -2.455643 25.312588 3.973061
v -0.000006 25.312588 5.796825
v -0.744587 25.312588 3.973061
v -2.455643 25.312588 5.796825
v 2.455632 25.312588 5.796829
v 0.744576 25.312588 3.973065
v -0.000006 25.312588 5.796825
v 2.455632 25.312588 3.973065
v -0.000005 24.388784 5.796829
v -2.455643 25.312588 5.796825
v -2.455643 24.388784 5.796825
v -0.000006 25.312588 5.796825
v 2.455632 24.388784 5.796829
v 2.455632 25.312588 5.796829
v 0.927043 25.312586 0.398945
v 6.244197 25.312582 0.866683
v 6.244195 25.312582 0.710097
v 0.927044 25.312586 1.177838
v -0.927050 25.312586 0.398945
v -6.244204 25.312586 0.866679
v -0.927051 25.312586 1.177838
v -6.244202 25.312586 0.710093
v 0.273664 25.312586 -0.179180
v 3.955128 25.312582 -4.044116
v 3.832716 25.312582 -4.141763
v 0.882555 25.312586 0.306546
v -0.273672 25.312586 -0.179176
v -3.955133 25.312582 -4.044116
v -0.882562 25.312586 0.306546
v -3.832722 25.312582 -4.141763
v -0.000006 10.923923 0.788395
v 1.188232 12.850790 0.788395
v 1.188232 10.923923 0.788395
v -0.000006 13.202092 0.788393
v -1.188243 10.923923 0.788395
v -1.188243 12.850790 0.788393
v 1.365737 7.695189 6.564606
v 1.365737 7.695188 1.272826
v -0.000006 7.695186 6.564606
v -0.000004 7.695183 -2.995338
v 1.365737 7.695188 -1.140228
v 2.270577 7.695188 1.272826
v 2.270577 7.695188 -1.140228
v 1.365738 7.695189 -2.995338
v -1.365748 7.695188 -1.140228
v -1.365746 7.695189 -2.995338
v -1.365748 7.695188 1.272826
v -1.365749 7.695189 6.564606
v -2.270620 7.695188 -1.140228
v -2.270621 7.695188 1.272826
v 1.365737 7.847605 -1.040227
v 2.191377 8.771395 -1.040227
v 2.191377 7.847605 -1.040227
v 1.365737 8.771397 -1.040227
v 2.191377 7.847605 -1.040227
v 2.191377 8.771396 1.172825
v 2.191377 7.847605 1.172825
v 2.191377 8.771395 -1.040227
v 2.191377 7.847605 1.172825
v 1.265737 8.771398 1.172825
v 1.265737 7.847605 1.172825
v 2.191377 8.771396 1.172825
v 1.265737 7.847605 1.172825
v 1.265737 8.771396 6.564606
v 1.265737 7.847606 6.564606
v 1.265737 8.771398 1.172825
v -1.265749 7.847606 6.564606
v -1.265748 8.771398 1.172825
v -1.265748 7.847605 1.172825
v -1.265749 8.771396 6.564606
v -1.265748 7.847605 1.172825
v -2.191421 8.771396 1.172825
v -2.191421 7.847605 1.172825
v -1.265748 8.771398 1.172825
v -2.191421 7.847605 1.172825
v -2.191420 8.771395 -1.040227
v -2.191420 7.847605 -1.040227
v -2.191421 8.771396 1.172825
v -2.191420 7.847605 -1.040227
v -1.365748 8.771397 -1.040227
v -1.365748 7.847605 -1.040227
v -2.191420 8.771395 -1.040227
v -0.000008 16.550011 11.538280
v 0.587277 16.550011 11.197598
v 0.587277 16.550011 11.421459
v -0.000008 16.550011 11.314415
v -0.587293 16.550011 11.421459
v -0.587292 16.550011 11.197598
v 0.587277 16.550011 11.421459
v 0.587277 16.840313 11.197598
v 0.587277 16.840313 11.421459
v 0.587277 16.550011 11.197598
v -0.000008 16.840313 11.314415
v 0.587277 16.840313 11.421459
v 0.587277 16.840313 11.197598
v -0.000008 16.840313 11.538280
v -0.587292 16.840313 11.197598
v -0.587293 16.840313 11.421459
v -0.587293 16.840313 11.421459
v -0.587292 16.550011 11.197598
v -0.587293 16.550011 11.421459
v -0.587292 16.840313 11.197598
v 1.206277 16.550011 10.517681
v 1.085153 16.550011 11.088791
v 0.873607 16.550011 11.015556
v 1.417823 16.550011 10.590912
v 1.337189 16.550011 9.676422
v 1.548736 16.550011 9.749657
v 1.548736 16.550011 9.749657
v 1.337189 16.840313 9.676422
v 1.548736 16.840313 9.749657
v 1.337189 16.550011 9.676422
v 1.206277 16.840313 10.517681
v 1.548736 16.840313 9.749657
v 1.337189 16.840313 9.676422
v 1.417823 16.840313 10.590912
v 0.873607 16.840313 11.015556
v 1.085153 16.840313 11.088791
v 1.085153 16.840313 11.088791
v 0.873607 16.550011 11.015556
v 1.085153 16.550011 11.088791
v 0.873607 16.840313 11.015556
v -1.417838 16.550011 10.590912
v -0.873622 16.550011 11.015556
v -1.085168 16.550011 11.088791
v -1.206292 16.550011 10.517681
v -1.548751 16.550011 9.749657
v -1.337205 16.550011 9.676422
v -1.085168 16.550011 11.088791
v -0.873622 16.840313 11.015556
v -1.085168 16.840313 11.088791
v -0.873622 16.550011 11.015556
v -1.206292 16.840313 10.517681
v -1.085168 16.840313 11.088791
v -0.873622 16.840313 11.015556
v -1.417838 16.840313 10.590912
v -1.337205 16.840313 9.676422
v -1.548751 16.840313 9.749657
v -1.548751 16.840313 9.749657
v -1.337205 16.550011 9.676422
v -1.548751 16.550011 9.749657
v -1.337205 16.840313 9.676422
v 2.101474 14.399614 4.042508
v 2.101459 14.449718 4.577916
v 2.101459 14.449718 4.042508
v 2.101474 14.399614 4.577916
v 2.101459 14.449718 4.042508
v 1.964282 14.449721 4.577916
v 1.964283 14.449721 4.042508
v 2.101459 14.449718 4.577916
v 1.964283 14.399616 4.042508
v 2.101474 14.399614 4.577916
v 2.101474 14.399614 4.042508
v 1.964282 14.399616 4.577916
v 2.101459 14.082323 4.042508
v 2.101474 14.132425 4.577916
v 2.101459 14.132428 4.042508
v 2.101474 14.082321 4.577916
v 2.101459 14.132428 4.042508
v 1.964282 14.132428 4.577916
v 1.964283 14.132428 4.042508
v 2.101474 14.132425 4.577916
v 1.964283 14.082324 4.042508
v 2.101474 14.082321 4.577916
v 2.101459 14.082323 4.042508
v 1.964282 14.082323 4.577916
v 2.101476 13.765029 4.042508
v 2.101474 13.815133 4.577916
v 2.101460 13.815134 4.042508
v 2.101474 13.765026 4.577912
v 2.101460 13.815134 4.042508
v 1.964282 13.815136 4.577916
v 1.964283 13.815138 4.042508
v 2.101474 13.815133 4.577916
v 1.964284 13.765031 4.042508
v 2.101474 13.765026 4.577912
v 2.101476 13.765029 4.042508
v 1.964282 13.765031 4.577912
v 2.101459 14.716903 4.042508
v 2.101473 14.767007 4.577916
v 2.101459 14.767007 4.042508
v 2.101473 14.716901 4.577916
v 2.101459 14.767007 4.042508
v 1.964282 14.767008 4.577916
v 1.964282 14.767008 4.042508
v 2.101473 14.767007 4.577916
v 1.964282 14.716904 4.042508
v 2.101473 14.716901 4.577916
v 2.101459 14.716903 4.042508
v 1.964282 14.716904 4.577916
v 2.101476 13.439598 4.042508
v 2.101460 13.489700 4.577912
v 2.101460 13.489703 4.042508
v 2.101476 13.439594 4.577912
v 2.101460 13.489703 4.042508
v 1.964284 13.489705 4.577912
v 1.964284 13.489705 4.042508
v 2.101460 13.489700 4.577912
v 1.964284 13.439599 4.042508
v 2.101476 13.439594 4.577912
v 2.101476 13.439598 4.042508
v 1.964284 13.439599 4.577912
v 2.101460 13.122305 4.042504
v 2.101460 13.172409 4.577912
v 2.101460 13.172412 4.042504
v 2.101460 13.122305 4.577912
v 2.101460 13.172412 4.042504
v 1.964284 13.172414 4.577912
v 1.964284 13.172414 4.042504
v 2.101460 13.172409 4.577912
v 1.964284 13.122309 4.042504
v 2.101460 13.122305 4.577912
v 2.101460 13.122305 4.042504
v 1.964284 13.122307 4.577912
v 1.964282 14.716904 4.577916
v 1.964282 14.767008 4.042508
v 1.964282 14.767008 4.577916
v 1.964282 14.716904 4.042508
v 1.964282 14.399616 4.577916
v 1.964283 14.449721 4.042508
v 1.964282 14.449721 4.577916
v 1.964283 14.399616 4.042508
v 1.964282 14.082323 4.577916
v 1.964283 14.132428 4.042508
v 1.964282 14.132428 4.577916
v 1.964283 14.082324 4.042508
v 1.964282 13.765031 4.577912
v 1.964283 13.815138 4.042508
v 1.964282 13.815136 4.577916
v 1.964284 13.765031 4.042508
v 1.964284 13.439599 4.577912
v 1.964284 13.489705 4.042508
v 1.964284 13.489705 4.577912
v 1.964284 13.439599 4.042508
v 1.964284 13.122307 4.577912
v 1.964284 13.172414 4.042504
v 1.964284 13.172414 4.577912
v 1.964284 13.122309 4.042504
v 3.534166 18.390650 2.698399
v 3.534166 18.390652 1.840741
v 3.534166 18.143066 2.269566
v 3.534166 19.133404 2.269566
v 3.534178 18.885815 2.698399
v 3.534191 18.885815 1.840737
v -2.101486 14.399614 4.042508
v -2.101471 14.449718 4.577916
v -2.101486 14.399614 4.577916
v -2.101471 14.449718 4.042508
v -2.101471 14.449718 4.042508
v -1.964295 14.449721 4.577916
v -2.101471 14.449718 4.577916
v -1.964295 14.449721 4.042508
v -1.964295 14.399616 4.042508
v -2.101486 14.399614 4.577916
v -1.964295 14.399616 4.577916
v -2.101486 14.399614 4.042508
v -2.101471 14.082323 4.042508
v -2.101486 14.132425 4.577916
v -2.101486 14.082321 4.577916
v -2.101471 14.132428 4.042508
v -2.101471 14.132428 4.042508
v -1.964295 14.132428 4.577916
v -2.101486 14.132425 4.577916
v -1.964295 14.132428 4.042508
v -1.964295 14.082324 4.042508
v -2.101486 14.082321 4.577916
v -1.964295 14.082323 4.577916
v -2.101471 14.082323 4.042508
v -2.101488 13.765029 4.042508
v -2.101486 13.815133 4.577916
v -2.101486 13.765026 4.577912
v -2.101472 13.815134 4.042508
v -2.101472 13.815134 4.042508
v -1.964295 13.815136 4.577916
v -2.101486 13.815133 4.577916
v -1.964295 13.815138 4.042508
v -1.964296 13.765031 4.042508
v -2.101486 13.765026 4.577912
v -1.964295 13.765031 4.577912
v -2.101488 13.765029 4.042508
v -2.101471 14.716903 4.042508
v -2.101486 14.767007 4.577916
v -2.101486 14.716901 4.577916
v -2.101471 14.767007 4.042508
v -2.101471 14.767007 4.042508
v -1.964294 14.767008 4.577916
v -2.101486 14.767007 4.577916
v -1.964294 14.767008 4.042508
v -1.964294 14.716904 4.042508
v -2.101486 14.716901 4.577916
v -1.964294 14.716904 4.577916
v -2.101471 14.716903 4.042508
v -2.101488 13.439598 4.042508
v -2.101472 13.489700 4.577912
v -2.101488 13.439594 4.577912
v -2.101472 13.489703 4.042508
v -2.101472 13.489703 4.042508
v -1.964296 13.489705 4.577912
v -2.101472 13.489700 4.577912
v -1.964296 13.489705 4.042508
v -1.964296 13.439599 4.042508
v -2.101488 13.439594 4.577912
v -1.964296 13.439599 4.577912
v -2.101488 13.439598 4.042508
v -2.101472 13.122305 4.042504
v -2.101472 13.172409 4.577912
v -2.101472 13.122305 4.577912
v -2.101472 13.172412 4.042504
v -2.101472 13.172412 4.042504
v -1.964296 13.172414 4.577912
v -2.101472 13.172409 4.577912
v -1.964296 13.172414 4.042504
v -1.964296 13.122309 4.042504
v -2.101472 13.122305 4.577912
v -1.964296 13.122307 4.577912
v -2.101472 13.122305 4.042504
v -1.964294 14.716904 4.577916
v -1.964294 14.767008 4.042508
v -1.964294 14.716904 4.042508
v -1.964294 14.767008 4.577916
v -1.964295 14.399616 4.577916
v -1.964295 14.449721 4.042508
v -1.964295 14.399616 4.042508
v -1.964295 14.449721 4.577916
v -1.964295 14.082323 4.577916
v -1.964295 14.132428 4.042508
v -1.964295 14.082324 4.042508
v -1.964295 14.132428 4.577916
v -1.964295 13.765031 4.577912
v -1.964295 13.815138 4.042508
v -1.964296 13.765031 4.042508
v -1.964295 13.815136 4.577916
v -1.964296 13.439599 4.577912
v -1.964296 13.489705 4.042508
v -1.964296 13.439599 4.042508
v -1.964296 13.489705 4.577912
v -1.964296 13.122307 4.577912
v -1.964296 13.172414 4.042504
v -1.964296 13.122309 4.042504
v -1.964296 13.172414 4.577912
v -3.534178 19.133404 2.269566
v -3.534178 18.390652 1.840741
v -3.534202 18.885815 1.840737
v -3.534178 18.390650 2.698399
v -3.534190 18.885815 2.698399
v -3.534178 18.143066 2.269566
v -1.368931 26.154228 7.607140
v -1.557213 25.866545 6.904465
v -1.557213 26.154224 6.904465
v -1.368931 25.866549 7.607140
v -0.040696 26.154228 8.420982
v -0.743372 25.866549 8.232704
v -0.743372 26.154228 8.232704
v -0.040696 25.866549 8.420982
v 0.743359 26.154228 8.232704
v 0.040682 25.866549 8.420982
v 0.040682 26.154228 8.420982
v 0.743359 25.866549 8.232708
v 1.557200 26.154224 6.904472
v 1.368918 25.866549 7.607143
v 1.368918 26.154228 7.607143
v 1.557200 25.866545 6.904469
v 0.267699 16.740835 3.440285
v -0.267710 16.790939 3.440270
v 0.267699 16.790939 3.440270
v -0.267710 16.740835 3.440285
v 0.267699 16.790939 3.440270
v -0.267710 16.790943 3.303093
v 0.267699 16.790943 3.303093
v -0.267710 16.790939 3.440270
v 0.267699 16.740837 3.303093
v -0.267710 16.740835 3.440285
v 0.267699 16.740835 3.440285
v -0.267710 16.740837 3.303093
v 0.267699 16.423544 3.440270
v -0.267710 16.473648 3.440285
v 0.267699 16.473650 3.440270
v -0.267710 16.423542 3.440285
v 0.267699 16.473650 3.440270
v -0.267710 16.473650 3.303093
v 0.267699 16.473650 3.303093
v -0.267710 16.473648 3.440285
v 0.267699 16.423546 3.303093
v -0.267710 16.423542 3.440285
v 0.267699 16.423544 3.440270
v -0.267710 16.423546 3.303093
v 0.267700 16.106251 3.440285
v -0.267710 16.156355 3.440285
v 0.267699 16.156355 3.440270
v -0.267709 16.106247 3.440285
v 0.267699 16.156355 3.440270
v -0.267710 16.156359 3.303093
v 0.267699 16.156359 3.303093
v -0.267710 16.156355 3.440285
v 0.267700 16.106253 3.303093
v -0.267709 16.106247 3.440285
v 0.267700 16.106251 3.440285
v -0.267709 16.106253 3.303093
v 0.267700 15.780821 3.440285
v -0.267709 15.830924 3.440270
v 0.267700 15.830928 3.440270
v -0.267709 15.780819 3.440285
v 0.267700 15.830928 3.440270
v -0.267709 15.830929 3.303093
v 0.267700 15.830929 3.303093
v -0.267709 15.830924 3.440270
v 0.267700 15.780824 3.303093
v -0.267709 15.780819 3.440285
v 0.267700 15.780821 3.440285
v -0.267709 15.780822 3.303093
v 0.267701 15.463530 3.440270
v -0.267707 15.513634 3.440270
v 0.267701 15.513636 3.440270
v -0.267707 15.463530 3.440270
v 0.267701 15.513636 3.440270
v -0.267707 15.513638 3.303093
v 0.267702 15.513638 3.303093
v -0.267707 15.513634 3.440270
v 0.267702 15.463531 3.303093
v -0.267707 15.463530 3.440270
v 0.267701 15.463530 3.440270
v -0.267707 15.463531 3.303093
v -0.267710 16.740837 3.303093
v 0.267699 16.790943 3.303093
v -0.267710 16.790943 3.303093
v 0.267699 16.740837 3.303093
v -0.267710 16.423546 3.303093
v 0.267699 16.473650 3.303093
v -0.267710 16.473650 3.303093
v 0.267699 16.423546 3.303093
v -0.267709 16.106253 3.303093
v 0.267699 16.156359 3.303093
v -0.267710 16.156359 3.303093
v 0.267700 16.106253 3.303093
v -0.267709 15.780822 3.303093
v 0.267700 15.830929 3.303093
v -0.267709 15.830929 3.303093
v 0.267700 15.780824 3.303093
v -0.267707 15.463531 3.303093
v 0.267702 15.513638 3.303093
v -0.267707 15.513638 3.303093
v 0.267702 15.463531 3.303093
v -0.296358 33.113590 -0.152080
v -0.191163 32.692722 -0.152080
v -0.191164 33.113590 -0.152080
v -0.296357 32.692722 -0.152080
v -0.191160 33.113594 0.859751
v -0.296353 32.692726 0.859751
v -0.296353 33.113598 0.859751
v -0.191161 32.692726 0.859751
v -0.191161 32.692726 0.859751
v -0.191164 33.113590 -0.152080
v -0.191163 32.692722 -0.152080
v -0.191160 33.113594 0.859751
v -0.296353 32.692726 0.859751
v -0.191163 32.692722 -0.152080
v -0.296357 32.692722 -0.152080
v -0.191161 32.692726 0.859751
v -0.296353 33.113598 0.859751
v -0.296357 32.692722 -0.152080
v -0.296358 33.113590 -0.152080
v -0.296353 32.692726 0.859751
v 0.191134 33.182365 0.896266
v -0.191158 33.182365 0.396004
v 0.191138 33.182365 0.396004
v -0.191160 33.182365 0.896266
v -0.191158 32.640945 0.396004
v 0.191138 33.182365 0.396004
v -0.191158 33.182365 0.396004
v 0.191137 32.640945 0.396004
v -0.191158 33.182365 0.396004
v -0.191160 32.640945 0.896266
v -0.191158 32.640945 0.396004
v -0.191160 33.182365 0.896266
v 0.191134 33.182365 0.896266
v -0.191160 32.640945 0.896266
v -0.191160 33.182365 0.896266
v 0.191134 32.640945 0.896266
v 0.191134 33.182365 0.896266
v 0.191137 32.640945 0.396004
v 0.191134 32.640945 0.896266
v 0.191138 33.182365 0.396004
v -0.191160 32.640945 0.896266
v 0.191137 32.640945 0.396004
v -0.191158 32.640945 0.396004
v 0.191134 32.640945 0.896266
v 0.191130 33.113590 -0.152080
v 0.296323 32.692722 -0.152080
v 0.296322 33.113590 -0.152080
v 0.191130 32.692722 -0.152080
v 0.296327 33.113594 0.859751
v 0.191133 32.692722 0.859751
v 0.191134 33.113594 0.859751
v 0.296327 32.692722 0.859751
v 0.296327 32.692722 0.859751
v 0.296322 33.113590 -0.152080
v 0.296323 32.692722 -0.152080
v 0.296327 33.113594 0.859751
v 0.191133 32.692722 0.859751
v 0.296323 32.692722 -0.152080
v 0.191130 32.692722 -0.152080
v 0.296327 32.692722 0.859751
v 0.191134 33.113594 0.859751
v 0.191130 32.692722 -0.152080
v 0.191130 33.113590 -0.152080
v 0.191133 32.692722 0.859751
v -0.191160 33.113594 0.859751
v -0.296358 33.113590 -0.152080
v -0.191164 33.113590 -0.152080
v -0.296353 33.113598 0.859751
v 0.296327 33.113594 0.859751
v 0.191130 33.113590 -0.152080
v 0.296322 33.113590 -0.152080
v 0.191134 33.113594 0.859751
v 0.198279 38.503395 0.432911
v -0.198231 38.503395 -0.314901
v 0.198279 38.503395 -0.314901
v -0.198231 38.503395 0.432911
v -0.198231 38.503395 0.432911
v 0.198279 38.251297 0.432911
v -0.198231 38.251297 0.432911
v 0.198279 38.503395 0.432911
v 0.198279 38.503395 -0.314901
v 0.198279 38.251297 0.432911
v 0.198279 38.503395 0.432911
v 0.198279 38.251297 -0.314901
v -0.198231 38.503395 -0.314901
v 0.198279 38.251297 -0.314901
v 0.198279 38.503395 -0.314901
v -0.198231 38.251297 -0.314901
v -0.198231 38.503395 0.432911
v -0.198231 38.251297 -0.314901
v -0.198231 38.503395 -0.314901
v -0.198231 38.251297 0.432911
v -0.198231 38.251297 -0.314901
v 0.198279 38.251297 0.432911
v 0.198279 38.251297 -0.314901
v -0.198231 38.251297 0.432911
v 0.477341 32.692719 0.345799
v 0.295024 32.692719 -0.215284
v 0.477343 32.692719 0.035542
v 0.000022 32.692719 0.692469
v 0.295021 32.692719 0.596625
v 0.000026 32.692719 -0.311327
v -0.294977 32.692719 0.596625
v -0.477293 32.692719 0.035542
v -0.294973 32.692719 -0.215284
v -0.477295 32.692719 0.345799
v 0.477341 32.692719 0.345799
v 0.295021 32.440632 0.596625
v 0.295021 32.692719 0.596625
v 0.477341 32.440620 0.345799
v 0.477343 32.692719 0.035542
v 0.477343 32.440620 0.035542
v 0.295024 32.692719 -0.215284
v 0.295024 32.440620 -0.215284
v 0.000026 32.692719 -0.311327
v 0.295024 32.440620 -0.215284
v 0.295024 32.692719 -0.215284
v 0.000026 32.440613 -0.311227
v -0.294973 32.692719 -0.215284
v -0.294973 32.440620 -0.215284
v -0.477293 32.692719 0.035542
v -0.294973 32.440620 -0.215284
v -0.294973 32.692719 -0.215284
v -0.477293 32.440620 0.035542
v -0.477295 32.692719 0.345799
v -0.477295 32.440620 0.345799
v -0.294977 32.692719 0.596625
v -0.294976 32.440620 0.596625
v 0.000022 32.692719 0.692469
v -0.294976 32.440620 0.596625
v -0.294977 32.692719 0.596625
v 0.000022 32.440632 0.692469
v 0.295021 32.692719 0.596625
v 0.295021 32.440632 0.596625
v 0.295024 32.440620 -0.215284
v 0.477341 32.440620 0.345799
v 0.477343 32.440620 0.035542
v 0.000026 32.440613 -0.311227
v 0.000022 32.440632 0.692469
v 0.295021 32.440632 0.596625
v -0.294973 32.440620 -0.215284
v -0.477295 32.440620 0.345799
v -0.294976 32.440620 0.596625
v -0.477293 32.440620 0.035542
v 0.198279 40.208683 0.432911
v -0.198231 40.208683 -0.314901
v 0.198279 40.208683 -0.314901
v -0.198231 40.208683 0.432911
v -0.198231 40.208683 0.432911
v 0.198279 39.956589 0.432911
v -0.198231 39.956589 0.432911
v 0.198279 40.208683 0.432911
v 0.198279 40.208683 -0.314901
v 0.198279 39.956589 0.432911
v 0.198279 40.208683 0.432911
v 0.198279 39.956589 -0.314901
v -0.198231 40.208683 -0.314901
v 0.198279 39.956589 -0.314901
v 0.198279 40.208683 -0.314901
v -0.198231 39.956589 -0.314901
v -0.198231 40.208683 0.432911
v -0.198231 39.956589 -0.314901
v -0.198231 40.208683 -0.314901
v -0.198231 39.956589 0.432911
v -0.198231 39.956589 -0.314901
v 0.198279 39.956589 0.432911
v 0.198279 39.956589 -0.314901
v -0.198231 39.956589 0.432911
v 2.823434 17.132702 0.078690
v 4.996610 32.796658 0.625710
v 4.986852 32.796658 0.654078
v 2.843458 17.132702 0.047970
v 2.880779 17.127541 0.089104
v 4.986852 32.796658 0.654078
v 5.014798 32.791496 0.663693
v 2.823434 17.132702 0.078690
v 2.900803 17.127541 0.058379
v 5.014798 32.791496 0.663693
v 5.024556 32.791496 0.635325
v 2.880779 17.127541 0.089104
v 2.843458 17.132702 0.047970
v 5.024556 32.791496 0.635325
v 4.996610 32.796658 0.625710
v 2.900803 17.127541 0.058379
v 1.972679 17.131626 0.072882
v 2.805549 32.795582 0.623906
v 2.788680 32.795582 0.648715
v 2.007297 17.131636 0.046013
v 2.023327 17.128605 0.091057
v 2.788680 32.795582 0.648715
v 2.813362 32.792568 0.665497
v 1.972679 17.131626 0.072882
v 2.057944 17.128614 0.064190
v 2.813362 32.792568 0.665497
v 2.830232 32.792568 0.640690
v 2.023327 17.128605 0.091057
v 2.007297 17.131636 0.046013
v 2.830232 32.792568 0.640690
v 2.805549 32.795582 0.623906
v 2.057944 17.128614 0.064190
v 3.618658 17.134201 0.078358
v 5.568661 25.233753 0.784787
v 5.558269 25.233753 0.812930
v 3.639985 17.134201 0.047883
v 3.674230 17.126040 0.089190
v 5.558269 25.233753 0.812930
v 5.585350 25.225592 0.822930
v 3.618658 17.134201 0.078358
v 3.695555 17.126040 0.058711
v 5.585350 25.225592 0.822930
v 5.595743 25.225592 0.794789
v 3.674230 17.126040 0.089190
v 3.639985 17.134201 0.047883
v 5.595743 25.225592 0.794789
v 5.568661 25.233753 0.784787
v 3.695555 17.126040 0.058711
v 2.833852 25.329012 -2.846094
v 2.797589 38.783054 0.512419
v 2.767595 38.783054 0.511826
v 2.863846 25.329012 -2.845500
v 2.833278 25.321749 -2.816991
v 2.767595 38.783054 0.511826
v 2.767021 38.775787 0.540928
v 2.833852 25.329012 -2.846094
v 2.863272 25.321749 -2.816398
v 2.767021 38.775787 0.540928
v 2.797015 38.775787 0.541520
v 2.833278 25.321749 -2.816991
v 2.863846 25.329012 -2.845500
v 2.797015 38.775787 0.541520
v 2.797589 38.783054 0.512419
v 2.863272 25.321749 -2.816398
v 2.309938 25.376387 5.815079
v 0.884799 38.816170 0.478377
v 0.914672 38.816170 0.475621
v 2.265129 25.376387 5.817833
v 2.306341 25.361609 5.789082
v 0.914672 38.816170 0.475621
v 0.912273 38.801395 0.449625
v 2.309938 25.376387 5.815079
v 2.261532 25.361609 5.791840
v 0.912273 38.801395 0.449625
v 0.882400 38.801395 0.452378
v 2.306341 25.361609 5.789082
v 2.265129 25.376387 5.817833
v 0.882400 38.801395 0.452378
v 0.884799 38.816170 0.478377
v 2.261532 25.361609 5.791840
v -2.829475 17.132702 0.078690
v -4.996622 32.796658 0.625708
v -2.849499 17.132702 0.047970
v -4.986863 32.796658 0.654076
v -2.886821 17.127541 0.089104
v -4.986863 32.796658 0.654076
v -2.829475 17.132702 0.078690
v -5.014810 32.791496 0.663691
v -2.906846 17.127541 0.058379
v -5.014810 32.791496 0.663691
v -2.886821 17.127541 0.089104
v -5.024568 32.791496 0.635323
v -2.849499 17.132702 0.047970
v -5.024568 32.791496 0.635323
v -2.906846 17.127541 0.058379
v -4.996622 32.796658 0.625708
v -1.978720 17.131626 0.072882
v -2.805560 32.795582 0.623906
v -2.013337 17.131636 0.046013
v -2.788691 32.795582 0.648715
v -2.029370 17.128605 0.091057
v -2.788691 32.795582 0.648715
v -1.978720 17.131626 0.072882
v -2.813374 32.792568 0.665497
v -2.063985 17.128614 0.064190
v -2.813374 32.792568 0.665497
v -2.029370 17.128605 0.091057
v -2.830243 32.792568 0.640690
v -2.013337 17.131636 0.046013
v -2.830243 32.792568 0.640690
v -2.063985 17.128614 0.064190
v -2.805560 32.795582 0.623906
v -3.624701 17.134201 0.078356
v -5.568672 25.233753 0.784787
v -3.646026 17.134201 0.047881
v -5.558281 25.233753 0.812930
v -3.680271 17.126040 0.089188
v -5.558281 25.233753 0.812930
v -3.624701 17.134201 0.078356
v -5.585362 25.225592 0.822930
v -3.701596 17.126040 0.058711
v -5.585362 25.225592 0.822930
v -3.680271 17.126040 0.089188
v -5.595754 25.225592 0.794789
v -3.646026 17.134201 0.047881
v -5.595754 25.225592 0.794789
v -3.701596 17.126040 0.058711
v -5.568672 25.233753 0.784787
v -2.833861 25.329012 -2.846094
v -2.797601 38.783054 0.512415
v -2.863855 25.329012 -2.845500
v -2.767607 38.783054 0.511822
v -2.833287 25.321749 -2.816991
v -2.767607 38.783054 0.511822
v -2.833861 25.329012 -2.846094
v -2.767033 38.775787 0.540925
v -2.863281 25.321749 -2.816398
v -2.767033 38.775787 0.540925
v -2.833287 25.321749 -2.816991
v -2.797027 38.775787 0.541516
v -2.863855 25.329012 -2.845500
v -2.797027 38.775787 0.541516
v -2.863281 25.321749 -2.816398
v -2.797601 38.783054 0.512415
v -2.309952 25.376387 5.815071
v -0.884811 38.816170 0.478375
v -2.265143 25.376387 5.817825
v -0.914684 38.816170 0.475619
v -2.306354 25.361609 5.789074
v -0.914684 38.816170 0.475619
v -2.309952 25.376387 5.815071
v -0.912285 38.801395 0.449624
v -2.261544 25.361609 5.791832
v -0.912285 38.801395 0.449624
v -2.306354 25.361609 5.789074
v -0.882412 38.801395 0.452376
v -2.265143 25.376387 5.817825
v -0.882412 38.801395 0.452376
v -2.261544 25.361609 5.791832
v -0.884811 38.816170 0.478375
v 3.019360 5.977526 2.819714
v 2.719819 5.853464 3.700337
v 2.719819 5.853463 2.819714
v 3.019360 5.977526 3.700337
v 3.318827 5.853465 2.819714
v 3.318827 5.853466 3.700337
v 2.595770 5.553952 3.700337
v 2.719819 5.853463 2.819714
v 2.719819 5.853464 3.700337
v 2.595770 5.553951 2.819714
v 2.719820 5.254439 3.700337
v 2.719820 5.254441 2.819714
v 3.019362 5.130380 3.700337
v 2.719820 5.254441 2.819714
v 2.719820 5.254439 3.700337
v 3.019362 5.130380 2.819714
v 3.318829 5.254439 3.700337
v 3.318829 5.254441 2.819714
v 3.442900 5.553950 3.700337
v 3.318829 5.254441 2.819714
v 3.318829 5.254439 3.700337
v 3.442900 5.553951 2.819714
v 3.318827 5.853466 3.700337
v 3.318827 5.853465 2.819714
v 2.656792 5.191419 2.732811
v 2.656790 5.916487 2.732811
v 2.506622 5.553951 2.732811
v 3.381857 5.191421 2.732811
v 3.019362 5.041254 2.732811
v 3.381856 5.916488 2.732811
v 3.019360 6.066652 2.732811
v 3.532024 5.553951 2.732811
v 3.532048 5.553950 3.787243
v 3.019311 6.066650 3.787243
v 3.381856 5.916488 3.787243
v 3.019312 5.041253 3.787243
v 3.381857 5.191418 3.787243
v 2.506622 5.553952 3.787243
v 2.656815 5.916487 3.787243
v 2.656816 5.191419 3.787243
v 3.019360 6.066652 2.819718
v 3.381856 5.916488 2.732811
v 3.381856 5.916488 2.819718
v 3.019360 6.066652 2.732811
v 2.656790 5.916487 2.819718
v 2.656790 5.916487 2.732811
v 3.532024 5.553951 2.732811
v 3.381856 5.916488 2.819718
v 3.381856 5.916488 2.732811
v 3.532024 5.553951 2.819718
v 3.381857 5.191421 2.732811
v 3.381857 5.191421 2.819718
v 3.019362 5.041254 2.732811
v 3.381857 5.191421 2.819718
v 3.381857 5.191421 2.732811
v 3.019362 5.041254 2.819718
v 2.656792 5.191419 2.732811
v 2.656792 5.191419 2.819718
v 2.506622 5.553951 2.732811
v 2.656792 5.191419 2.819718
v 2.656792 5.191419 2.732811
v 2.506622 5.553951 2.819718
v 2.656790 5.916487 2.732811
v 2.656790 5.916487 2.819718
v 2.506622 5.553952 3.787243
v 2.656790 5.916487 3.700337
v 2.656815 5.916487 3.787243
v 2.506622 5.553952 3.700337
v 2.656816 5.191419 3.787243
v 2.656816 5.191419 3.700337
v 3.019312 5.041253 3.787243
v 2.656816 5.191419 3.700337
v 2.656816 5.191419 3.787243
v 3.019312 5.041253 3.700337
v 3.381857 5.191418 3.787243
v 3.381857 5.191418 3.700337
v 3.532048 5.553950 3.787243
v 3.381857 5.191418 3.700337
v 3.381857 5.191418 3.787243
v 3.532048 5.553950 3.700337
v 3.381856 5.916488 3.787243
v 3.381856 5.916487 3.700337
v 3.019311 6.066650 3.787243
v 3.381856 5.916487 3.700337
v 3.381856 5.916488 3.787243
v 3.019311 6.066650 3.700337
v 2.656815 5.916487 3.787243
v 2.656790 5.916487 3.700337
v 3.381857 5.191421 2.819718
v 3.381856 5.916488 2.819718
v 3.532024 5.553951 2.819718
v 2.656792 5.191419 2.819718
v 3.019362 5.041254 2.819718
v 2.656790 5.916487 2.819718
v 3.019360 6.066652 2.819718
v 2.506622 5.553951 2.819718
v 3.019312 5.041253 3.700337
v 2.506622 5.553952 3.700337
v 2.656816 5.191419 3.700337
v 3.532048 5.553950 3.700337
v 3.381857 5.191418 3.700337
v 3.019311 6.066650 3.700337
v 2.656790 5.916487 3.700337
v 3.381856 5.916487 3.700337
v -2.719830 5.853464 3.700333
v -3.019372 5.977526 2.819714
v -2.719830 5.853463 2.819714
v -3.019372 5.977526 3.700333
v -3.318839 5.853465 2.819714
v -3.318839 5.853466 3.700333
v -2.719830 5.853463 2.819714
v -2.595782 5.553952 3.700333
v -2.719830 5.853464 3.700333
v -2.595782 5.553951 2.819714
v -2.719832 5.254439 3.700333
v -2.719832 5.254441 2.819714
v -2.719832 5.254441 2.819714
v -3.019374 5.130380 3.700333
v -2.719832 5.254439 3.700333
v -3.019374 5.130380 2.819714
v -3.318840 5.254439 3.700333
v -3.318840 5.254441 2.819714
v -3.318840 5.254441 2.819714
v -3.442912 5.553950 3.700333
v -3.318840 5.254439 3.700333
v -3.442912 5.553951 2.819714
v -3.318839 5.853466 3.700333
v -3.318839 5.853465 2.819714
v -2.656803 5.191419 2.732808
v -3.381869 5.191421 2.732808
v -3.019374 5.041254 2.732808
v -2.656802 5.916487 2.732808
v -2.506634 5.553951 2.732808
v -3.381868 5.916488 2.732808
v -3.532035 5.553951 2.732808
v -3.019372 6.066652 2.732808
v -3.532060 5.553950 3.787240
v -3.019324 5.041253 3.787243
v -3.381869 5.191418 3.787240
v -3.019322 6.066650 3.787240
v -3.381868 5.916488 3.787240
v -2.506634 5.553952 3.787243
v -2.656828 5.191419 3.787243
v -2.656827 5.916487 3.787243
v -3.381868 5.916488 2.732808
v -3.019372 6.066652 2.819714
v -3.381868 5.916488 2.819714
v -3.019372 6.066652 2.732808
v -2.656802 5.916487 2.819714
v -2.656802 5.916487 2.732808
v -3.381868 5.916488 2.819714
v -3.532035 5.553951 2.732808
v -3.381868 5.916488 2.732808
v -3.532035 5.553951 2.819714
v -3.381869 5.191421 2.732808
v -3.381869 5.191421 2.819714
v -3.381869 5.191421 2.819714
v -3.019374 5.041254 2.732808
v -3.381869 5.191421 2.732808
v -3.019374 5.041254 2.819714
v -2.656803 5.191419 2.732808
v -2.656803 5.191419 2.819714
v -2.656803 5.191419 2.819714
v -2.506634 5.553951 2.732808
v -2.656803 5.191419 2.732808
v -2.506634 5.553951 2.819714
v -2.656802 5.916487 2.732808
v -2.656802 5.916487 2.819714
v -2.656802 5.916487 3.700337
v -2.506634 5.553952 3.787243
v -2.656827 5.916487 3.787243
v -2.506634 5.553952 3.700337
v -2.656828 5.191419 3.787243
v -2.656828 5.191419 3.700337
v -2.656828 5.191419 3.700337
v -3.019324 5.041253 3.787243
v -2.656828 5.191419 3.787243
v -3.019324 5.041253 3.700337
v -3.381869 5.191418 3.787240
v -3.381869 5.191418 3.700337
v -3.381869 5.191418 3.700337
v -3.532060 5.553950 3.787240
v -3.381869 5.191418 3.787240
v -3.532060 5.553950 3.700337
v -3.381868 5.916488 3.787240
v -3.381868 5.916487 3.700337
v -3.381868 5.916487 3.700337
v -3.019322 6.066650 3.787240
v -3.381868 5.916488 3.787240
v -3.019322 6.066650 3.700337
v -2.656827 5.916487 3.787243
v -2.656802 5.916487 3.700337
v -3.381869 5.191421 2.819714
v -2.656803 5.191419 2.819714
v -3.019374 5.041254 2.819714
v -3.381868 5.916488 2.819714
v -3.532035 5.553951 2.819714
v -2.656802 5.916487 2.819714
v -2.506634 5.553951 2.819714
v -3.019372 6.066652 2.819714
v -3.019324 5.041253 3.700337
v -3.532060 5.553950 3.700337
v -3.381869 5.191418 3.700337
v -2.506634 5.553952 3.700337
v -2.656828 5.191419 3.700337
v -3.019322 6.066650 3.700337
v -3.381868 5.916487 3.700337
v -2.656802 5.916487 3.700337
v 0.587277 16.550011 11.197598
v -0.000008 16.840313 11.314415
v 0.587277 16.840313 11.197598
v -0.000008 16.550011 11.314415
v -0.587292 16.840313 11.197598
v -0.587292 16.550011 11.197598
v 0.873607 16.840313 11.015556
v 1.206277 16.550011 10.517681
v 0.873607 16.550011 11.015556
v 1.206277 16.840313 10.517681
v 1.337189 16.550011 9.676422
v 1.337189 16.840313 9.676422
v -0.873622 16.550011 11.015556
v -1.206292 16.840313 10.517681
v -0.873622 16.840313 11.015556
v -1.206292 16.550011 10.517681
v -1.337205 16.840313 9.676422
v -1.337205 16.550011 9.676422
v 1.346341 7.358917 -2.845224
v 1.346340 7.409021 -2.309814
v 1.346341 7.409022 -2.845224
v 1.346356 7.358917 -2.309814
v 1.346341 7.409022 -2.845224
v 1.209164 7.409026 -2.309814
v 1.209165 7.409026 -2.845224
v 1.346340 7.409021 -2.309814
v 1.209165 7.358923 -2.845224
v 1.346356 7.358917 -2.309814
v 1.346341 7.358917 -2.845224
v 1.209164 7.358923 -2.309814
v 1.346357 6.398892 -2.845224
v 1.346341 6.448998 -2.309814
v 1.346341 6.448998 -2.845224
v 1.346356 6.398892 -2.309814
v 1.346341 6.448998 -2.845224
v 1.209165 6.448999 -2.309814
v 1.209165 6.448999 -2.845224
v 1.346341 6.448998 -2.309814
v 1.209165 6.398895 -2.845224
v 1.346356 6.398892 -2.309814
v 1.346357 6.398892 -2.845224
v 1.209165 6.398895 -2.309814
v 1.346341 6.081601 -2.845224
v 1.346356 6.131703 -2.309814
v 1.346341 6.131707 -2.845224
v 1.346356 6.081600 -2.309814
v 1.346341 6.131707 -2.845224
v 1.209165 6.131707 -2.309814
v 1.209165 6.131707 -2.845224
v 1.346356 6.131703 -2.309814
v 1.209165 6.081603 -2.845224
v 1.346356 6.081600 -2.309814
v 1.346341 6.081601 -2.845224
v 1.209165 6.081601 -2.309814
v 1.346359 5.764308 -2.845224
v 1.346356 5.814411 -2.309814
v 1.346344 5.814413 -2.845224
v 1.346356 5.764304 -2.309814
v 1.346344 5.814413 -2.845224
v 1.209165 5.814415 -2.309814
v 1.209165 5.814416 -2.845224
v 1.346356 5.814411 -2.309814
v 1.209167 5.764309 -2.845224
v 1.346356 5.764304 -2.309814
v 1.346359 5.764308 -2.845224
v 1.209165 5.764309 -2.309814
v 1.346357 7.033470 -2.845224
v 1.346340 7.083576 -2.309814
v 1.346341 7.083576 -2.845224
v 1.346356 7.033470 -2.309814
v 1.346341 7.083576 -2.845224
v 1.209164 7.083577 -2.309814
v 1.209165 7.083577 -2.845224
v 1.346340 7.083576 -2.309814
v 1.209165 7.033475 -2.845224
v 1.346356 7.033470 -2.309814
v 1.346357 7.033470 -2.845224
v 1.209164 7.033475 -2.309814
v 1.346341 6.716181 -2.845224
v 1.346356 6.766285 -2.309814
v 1.346341 6.766285 -2.845224
v 1.346356 6.716179 -2.309814
v 1.346341 6.766285 -2.845224
v 1.209164 6.766286 -2.309814
v 1.209165 6.766286 -2.845224
v 1.346356 6.766285 -2.309814
v 1.209165 6.716183 -2.845224
v 1.346356 6.716179 -2.309814
v 1.346341 6.716181 -2.845224
v 1.209164 6.716183 -2.309814
v 1.346359 5.438876 -2.845224
v 1.346342 5.488978 -2.309814
v 1.346344 5.488982 -2.845224
v 1.346358 5.438873 -2.309814
v 1.346344 5.488982 -2.845224
v 1.209166 5.488983 -2.309814
v 1.209167 5.488983 -2.845224
v 1.346342 5.488978 -2.309814
v 1.209167 5.438878 -2.845224
v 1.346358 5.438873 -2.309814
v 1.346359 5.438876 -2.845224
v 1.209166 5.438878 -2.309814
v 1.346344 5.121584 -2.845224
v 1.346342 5.171688 -2.309818
v 1.346344 5.171691 -2.845224
v 1.346342 5.121584 -2.309818
v 1.346344 5.171691 -2.845224
v 1.209166 5.171692 -2.309818
v 1.209167 5.171692 -2.845226
v 1.346342 5.171688 -2.309818
v 1.209167 5.121587 -2.845226
v 1.346342 5.121584 -2.309818
v 1.346344 5.121584 -2.845224
v 1.209166 5.121585 -2.309818
v 1.209164 7.358923 -2.309814
v 1.209165 7.409026 -2.845224
v 1.209164 7.409026 -2.309814
v 1.209165 7.358923 -2.845224
v 1.209164 7.033475 -2.309814
v 1.209165 7.083577 -2.845224
v 1.209164 7.083577 -2.309814
v 1.209165 7.033475 -2.845224
v 1.209164 6.716183 -2.309814
v 1.209165 6.766286 -2.845224
v 1.209164 6.766286 -2.309814
v 1.209165 6.716183 -2.845224
v 1.209165 6.398895 -2.309814
v 1.209165 6.448999 -2.845224
v 1.209165 6.448999 -2.309814
v 1.209165 6.398895 -2.845224
v 1.209165 6.081601 -2.309814
v 1.209165 6.131707 -2.845224
v 1.209165 6.131707 -2.309814
v 1.209165 6.081603 -2.845224
v 1.209165 5.764309 -2.309814
v 1.209165 5.814416 -2.845224
v 1.209165 5.814415 -2.309814
v 1.209167 5.764309 -2.845224
v 1.209166 5.438878 -2.309814
v 1.209167 5.488983 -2.845224
v 1.209166 5.488983 -2.309814
v 1.209167 5.438878 -2.845224
v 1.209166 5.121585 -2.309818
v 1.209167 5.171692 -2.845226
v 1.209166 5.171692 -2.309818
v 1.209167 5.121587 -2.845226
v -1.346352 7.358917 -2.845224
v -1.346351 7.409021 -2.309814
v -1.346367 7.358917 -2.309814
v -1.346352 7.409022 -2.845224
v -1.346352 7.409022 -2.845224
v -1.209175 7.409026 -2.309814
v -1.346351 7.409021 -2.309814
v -1.209175 7.409026 -2.845224
v -1.209175 7.358923 -2.845224
v -1.346367 7.358917 -2.309814
v -1.209175 7.358923 -2.309814
v -1.346352 7.358917 -2.845224
v -1.346367 6.398892 -2.845224
v -1.346352 6.448998 -2.309814
v -1.346368 6.398892 -2.309814
v -1.346352 6.448998 -2.845224
v -1.346352 6.448998 -2.845224
v -1.209176 6.448999 -2.309814
v -1.346352 6.448998 -2.309814
v -1.209175 6.448999 -2.845224
v -1.209175 6.398895 -2.845224
v -1.346368 6.398892 -2.309814
v -1.209176 6.398895 -2.309814
v -1.346367 6.398892 -2.845224
v -1.346352 6.081601 -2.845224
v -1.346368 6.131703 -2.309814
v -1.346368 6.081600 -2.309814
v -1.346352 6.131707 -2.845224
v -1.346352 6.131707 -2.845224
v -1.209176 6.131707 -2.309814
v -1.346368 6.131703 -2.309814
v -1.209175 6.131707 -2.845224
v -1.209175 6.081603 -2.845224
v -1.346368 6.081600 -2.309814
v -1.209176 6.081601 -2.309814
v -1.346352 6.081601 -2.845224
v -1.346369 5.764308 -2.845224
v -1.346368 5.814411 -2.309814
v -1.346368 5.764304 -2.309814
v -1.346354 5.814413 -2.845224
v -1.346354 5.814413 -2.845224
v -1.209176 5.814415 -2.309814
v -1.346368 5.814411 -2.309814
v -1.209175 5.814416 -2.845224
v -1.209177 5.764309 -2.845224
v -1.346368 5.764304 -2.309814
v -1.209176 5.764309 -2.309814
v -1.346369 5.764308 -2.845224
v -1.346367 7.033470 -2.845224
v -1.346351 7.083576 -2.309814
v -1.346367 7.033470 -2.309814
v -1.346352 7.083576 -2.845224
v -1.346352 7.083576 -2.845224
v -1.209175 7.083577 -2.309814
v -1.346351 7.083576 -2.309814
v -1.209175 7.083577 -2.845224
v -1.209175 7.033475 -2.845224
v -1.346367 7.033470 -2.309814
v -1.209175 7.033475 -2.309814
v -1.346367 7.033470 -2.845224
v -1.346352 6.716181 -2.845224
v -1.346367 6.766285 -2.309814
v -1.346367 6.716179 -2.309814
v -1.346352 6.766285 -2.845224
v -1.346352 6.766285 -2.845224
v -1.209175 6.766286 -2.309814
v -1.346367 6.766285 -2.309814
v -1.209175 6.766286 -2.845224
v -1.209175 6.716183 -2.845224
v -1.346367 6.716179 -2.309814
v -1.209175 6.716183 -2.309814
v -1.346352 6.716181 -2.845224
v -1.346369 5.438876 -2.845224
v -1.346354 5.488978 -2.309814
v -1.346369 5.438873 -2.309814
v -1.346354 5.488982 -2.845224
v -1.346354 5.488982 -2.845224
v -1.209178 5.488983 -2.309814
v -1.346354 5.488978 -2.309814
v -1.209177 5.488983 -2.845224
v -1.209177 5.438878 -2.845224
v -1.346369 5.438873 -2.309814
v -1.209178 5.438878 -2.309814
v -1.346369 5.438876 -2.845224
v -1.346354 5.121584 -2.845224
v -1.346354 5.171688 -2.309818
v -1.346354 5.121584 -2.309818
v -1.346354 5.171691 -2.845224
v -1.346354 5.171691 -2.845224
v -1.209178 5.171692 -2.309818
v -1.346354 5.171688 -2.309818
v -1.209177 5.171692 -2.845226
v -1.209177 5.121587 -2.845226
v -1.346354 5.121584 -2.309818
v -1.209178 5.121585 -2.309818
v -1.346354 5.121584 -2.845224
v -1.209175 7.358923 -2.309814
v -1.209175 7.409026 -2.845224
v -1.209175 7.358923 -2.845224
v -1.209175 7.409026 -2.309814
v -1.209175 7.033475 -2.309814
v -1.209175 7.083577 -2.845224
v -1.209175 7.033475 -2.845224
v -1.209175 7.083577 -2.309814
v -1.209175 6.716183 -2.309814
v -1.209175 6.766286 -2.845224
v -1.209175 6.716183 -2.845224
v -1.209175 6.766286 -2.309814
v -1.209176 6.398895 -2.309814
v -1.209175 6.448999 -2.845224
v -1.209175 6.398895 -2.845224
v -1.209176 6.448999 -2.309814
v -1.209176 6.081601 -2.309814
v -1.209175 6.131707 -2.845224
v -1.209175 6.081603 -2.845224
v -1.209176 6.131707 -2.309814
v -1.209176 5.764309 -2.309814
v -1.209175 5.814416 -2.845224
v -1.209177 5.764309 -2.845224
v -1.209176 5.814415 -2.309814
v -1.209178 5.438878 -2.309814
v -1.209177 5.488983 -2.845224
v -1.209177 5.438878 -2.845224
v -1.209178 5.488983 -2.309814
v -1.209178 5.121585 -2.309818
v -1.209177 5.171692 -2.845226
v -1.209177 5.121587 -2.845226
v -1.209178 5.171692 -2.309818
v -0.514709 16.240612 13.205154
v 0.514478 16.240616 13.205154
v -0.000116 15.943515 13.205154
v -0.000116 17.131916 13.205154
v -0.514708 16.834812 13.205166
v 0.514480 16.834812 13.205181
v -0.267713 12.468173 2.761353
v 0.267696 12.518279 2.761368
v -0.267713 12.518279 2.761368
v 0.267696 12.468173 2.761353
v -0.267713 12.518279 2.761368
v 0.267696 12.518280 2.898545
v -0.267713 12.518280 2.898545
v 0.267696 12.518279 2.761368
v -0.267713 12.468176 2.898545
v 0.267696 12.468173 2.761353
v -0.267713 12.468173 2.761353
v 0.267696 12.468176 2.898545
v -0.267713 12.150883 2.761368
v 0.267696 12.200985 2.761353
v -0.267713 12.200988 2.761368
v 0.267696 12.150881 2.761353
v -0.267713 12.200988 2.761368
v 0.267696 12.200988 2.898545
v -0.267713 12.200988 2.898545
v 0.267696 12.200985 2.761353
v -0.267713 12.150884 2.898545
v 0.267696 12.150881 2.761353
v -0.267713 12.150883 2.761368
v 0.267696 12.150883 2.898545
v -0.267714 11.833589 2.761353
v 0.267696 11.883693 2.761353
v -0.267713 11.883694 2.761368
v 0.267696 11.833586 2.761353
v -0.267713 11.883694 2.761368
v 0.267696 11.883696 2.898545
v -0.267713 11.883698 2.898545
v 0.267696 11.883693 2.761353
v -0.267714 11.833591 2.898545
v 0.267696 11.833586 2.761353
v -0.267714 11.833589 2.761353
v 0.267696 11.833591 2.898545
v -0.267714 11.508158 2.761353
v 0.267696 11.558260 2.761368
v -0.267714 11.558263 2.761368
v 0.267696 11.508154 2.761353
v -0.267714 11.558263 2.761368
v 0.267696 11.558265 2.898545
v -0.267714 11.558265 2.898545
v 0.267696 11.558260 2.761368
v -0.267714 11.508159 2.898545
v 0.267696 11.508154 2.761353
v -0.267714 11.508158 2.761353
v 0.267696 11.508159 2.898545
v -0.267714 11.190866 2.761368
v 0.267694 11.240969 2.761368
v -0.267714 11.240973 2.761368
v 0.267694 11.190866 2.761368
v -0.267714 11.240973 2.761368
v 0.267694 11.240973 2.898545
v -0.267715 11.240973 2.898545
v 0.267694 11.240969 2.761368
v -0.267715 11.190869 2.898545
v 0.267694 11.190866 2.761368
v -0.267714 11.190866 2.761368
v 0.267694 11.190866 2.898545
v 0.267696 12.468176 2.898545
v -0.267713 12.518280 2.898545
v 0.267696 12.518280 2.898545
v -0.267713 12.468176 2.898545
v 0.267696 12.150883 2.898545
v -0.267713 12.200988 2.898545
v 0.267696 12.200988 2.898545
v -0.267713 12.150884 2.898545
v 0.267696 11.833591 2.898545
v -0.267713 11.883698 2.898545
v 0.267696 11.883696 2.898545
v -0.267714 11.833591 2.898545
v 0.267696 11.508159 2.898545
v -0.267714 11.558265 2.898545
v 0.267696 11.558265 2.898545
v -0.267714 11.508159 2.898545
v 0.267694 11.190866 2.898545
v -0.267715 11.240973 2.898545
v 0.267694 11.240973 2.898545
v -0.267715 11.190869 2.898545
v 0.276215 17.457855 0.602847
v -0.276168 17.457855 -0.144966
v 0.276216 17.457855 -0.144966
v -0.276168 17.457855 0.602847
v 0.276216 17.457855 -0.144966
v 0.276215 17.205759 0.602847
v 0.276215 17.457855 0.602847
v 0.276216 17.205759 -0.144966
v -0.276168 17.457855 -0.144966
v 0.276216 17.205759 -0.144966
v 0.276216 17.457855 -0.144966
v -0.276168 17.205759 -0.144966
v -0.276168 17.457855 0.602847
v -0.276168 17.205759 -0.144966
v -0.276168 17.457855 -0.144966
v -0.276168 17.205759 0.602847
v -0.276168 17.205759 -0.144966
v 0.276215 17.205759 0.602847
v 0.276216 17.205759 -0.144966
v -0.276168 17.205759 0.602847
v 4.617142 11.611363 10.368980
v 4.429206 11.611361 10.276756
v 4.562096 11.744255 10.368980
v 4.562096 11.478473 10.368980
v 4.429206 11.799299 10.368980
v 4.429206 11.423425 10.368980
v 4.296313 11.744255 10.368980
v 4.296313 11.478473 10.368980
v 4.241268 11.611361 10.368980
v -4.617158 11.611363 10.368980
v -4.562112 11.744255 10.368980
v -4.429221 11.611361 10.276756
v -4.562112 11.478473 10.368980
v -4.429221 11.799299 10.368980
v -4.429221 11.423425 10.368980
v -4.296328 11.744255 10.368980
v -4.296328 11.478473 10.368980
v -4.241284 11.611361 10.368980
v 3.538344 18.624079 3.765233
v 3.538344 18.748650 3.823048
v 3.419761 18.748648 3.640664
v 3.538344 18.566265 3.640664
v 3.538344 18.873219 3.765233
v 3.538344 18.624081 3.516095
v 3.538344 18.931034 3.640664
v 3.538339 18.748650 3.458283
v 3.538344 18.873219 3.516095
v -3.538356 18.624081 3.516095
v -3.538356 18.748650 3.458279
v -3.419773 18.748650 3.640664
v -3.538356 18.566267 3.640664
v -3.538356 18.873219 3.516095
v -3.538356 18.624081 3.765233
v -3.538356 18.931034 3.640664
v -3.538350 18.748650 3.823048
v -3.538356 18.873219 3.765233
v 3.795682 18.419111 2.649102
v 3.510738 18.638235 2.665036
v 3.510738 18.440500 2.612053
v 3.795682 18.638235 2.707814
v 3.510738 18.835966 2.612053
v 3.795682 18.857355 2.649098
v 3.510738 18.440500 2.612053
v 3.795682 18.258705 2.488694
v 3.795682 18.419111 2.649102
v 3.510738 18.295748 2.467301
v 3.795682 18.199991 2.269566
v 3.510750 18.242767 2.269566
v 3.795682 18.258705 2.050446
v 3.510750 18.295748 2.071835
v 3.795682 18.419115 1.890038
v 3.510738 18.440502 1.927083
v 3.510738 18.440502 1.927083
v 3.795669 18.638235 1.831326
v 3.795682 18.419115 1.890038
v 3.510738 18.638235 1.874100
v 3.795682 18.857357 1.890038
v 3.510738 18.835970 1.927079
v 3.510738 18.835970 1.927079
v 3.795682 19.017761 2.050446
v 3.795682 18.857357 1.890038
v 3.510738 18.980717 2.071835
v 3.795682 19.076479 2.269566
v 3.510738 19.033701 2.269566
v 3.795682 19.017761 2.488694
v 3.510738 18.980717 2.467305
v 3.795682 18.857355 2.649098
v 3.510738 18.835966 2.612053
v -3.510750 18.638235 2.665036
v -3.795694 18.419111 2.649102
v -3.510750 18.440500 2.612053
v -3.795694 18.638235 2.707814
v -3.510750 18.835966 2.612053
v -3.795694 18.857355 2.649098
v -3.795694 18.258705 2.488694
v -3.510750 18.440500 2.612053
v -3.795694 18.419111 2.649102
v -3.510750 18.295748 2.467301
v -3.795694 18.199991 2.269566
v -3.510762 18.242767 2.269566
v -3.795694 18.258705 2.050446
v -3.510762 18.295748 2.071835
v -3.795694 18.419115 1.890038
v -3.510750 18.440502 1.927083
v -3.795681 18.638235 1.831326
v -3.510750 18.440502 1.927083
v -3.795694 18.419115 1.890038
v -3.510750 18.638235 1.874100
v -3.795694 18.857357 1.890038
v -3.510750 18.835970 1.927079
v -3.795694 19.017761 2.050446
v -3.510750 18.835970 1.927079
v -3.795694 18.857357 1.890038
v -3.510750 18.980717 2.071835
v -3.795694 19.076479 2.269566
v -3.510750 19.033701 2.269566
v -3.795694 19.017761 2.488694
v -3.510750 18.980717 2.467305
v -3.795694 18.857355 2.649098
v -3.510750 18.835966 2.612053
v -0.455555 16.274763 13.518967
v -0.474678 16.537714 13.177036
v -0.411100 16.300432 13.177036
v -0.526012 16.537714 13.518967
v -0.411101 16.774990 13.177036
v -0.455553 16.800659 13.518967
v -0.411100 16.300432 13.177036
v -0.263064 16.082275 13.518967
v -0.455555 16.274763 13.518967
v -0.237398 16.126730 13.177036
v -0.000118 16.011822 13.518967
v -0.000118 16.063152 13.177052
v 0.262829 16.082275 13.518967
v 0.237164 16.126730 13.177052
v 0.455319 16.274773 13.518967
v 0.410865 16.300432 13.177036
v 0.410865 16.300432 13.177036
v 0.525776 16.537714 13.518955
v 0.455319 16.274773 13.518967
v 0.474445 16.537714 13.177036
v 0.455321 16.800659 13.518967
v 0.410868 16.774998 13.177036
v 0.410868 16.774998 13.177036
v 0.262829 16.993145 13.518967
v 0.455321 16.800659 13.518967
v 0.237163 16.948692 13.177036
v -0.000118 17.063610 13.518967
v -0.000117 17.012274 13.177036
v -0.263064 16.993145 13.518967
v -0.237399 16.948692 13.177036
v -0.455553 16.800659 13.518967
v -0.411101 16.774990 13.177036
v -0.354006 13.675012 11.082584
v -0.450983 13.675014 11.250549
v -0.450983 13.675008 11.138565
v -0.257029 13.675012 11.250549
v -0.257029 13.675012 11.138565
v -0.354006 13.675014 11.306545
v 0.353994 13.675012 11.082584
v 0.257015 13.675012 11.250549
v 0.257015 13.675012 11.138565
v 0.450969 13.675014 11.250549
v 0.450971 13.675008 11.138565
v 0.353994 13.675014 11.306545
v -0.000008 10.982168 12.576942
v 1.152987 11.542170 12.443016
v 1.141251 10.982168 12.396187
v -0.000008 11.542170 12.625633
v -1.141267 10.982168 12.396187
v -1.153003 11.542170 12.443016
v 1.141252 10.991507 12.288780
v 1.152987 11.542170 12.443016
v 1.152987 11.551508 12.335613
v 1.141251 10.982168 12.396187
v -0.000008 11.542170 12.625633
v 1.152987 11.551508 12.335613
v 1.152987 11.542170 12.443016
v -0.000008 11.551508 12.518230
v -1.153003 11.542170 12.443016
v -1.153003 11.551508 12.335613
v -1.153003 11.551508 12.335613
v -1.141267 10.982168 12.396187
v -1.141267 10.991507 12.288780
v -1.153003 11.542170 12.443016
v -0.000008 10.982168 12.576942
v -1.141267 10.991507 12.288780
v -1.141267 10.982168 12.396187
v -0.000008 10.991507 12.469543
v 1.141251 10.982168 12.396187
v 1.141252 10.991507 12.288780
v 4.719290 14.024540 8.628563
v 4.719290 14.093748 8.802544
v 4.568593 14.024540 8.715565
v 4.869984 14.024540 8.715565
v 4.568594 14.024540 8.889530
v 4.869984 14.024540 8.889530
v 4.719290 14.024540 8.976536
v -4.719302 14.024540 8.628563
v -4.568606 14.024540 8.715565
v -4.719303 14.093748 8.802544
v -4.869998 14.024540 8.715565
v -4.568607 14.024540 8.889530
v -4.869998 14.024540 8.889530
v -4.719303 14.024540 8.976536
v -0.000006 14.024599 11.205082
v -0.000006 14.093807 11.379059
v -0.150702 14.024599 11.292084
v 0.150689 14.024599 11.292084
v -0.150702 14.024599 11.466049
v 0.150689 14.024599 11.466049
v -0.000006 14.024599 11.553055
vn -0.0000 1.0000 -0.0000
vn -0.0003 1.0000 -0.0000
vn -0.0001 1.0000 -0.0000
vn -0.0000 -1.0000 -0.0000
vn 0.0002 1.0000 -0.0002
vn -0.0000 1.0000 -0.0001
vn 0.0001 1.0000 -0.0001
vn -0.0001 1.0000 -0.0001
vn -0.0002 1.0000 -0.0002
vn -0.0000 1.0000 -0.0002
vn 0.4791 -0.8778 -0.0000
vn -0.2688 -0.9632 -0.0000
vn -0.0000 -1.0000 0.0035
vn -0.0013 1.0000 -0.0000
vn -0.0009 1.0000 -0.0000
vn 0.0009 1.0000 -0.0000
vn 0.0013 1.0000 -0.0000
vn 0.8859 0.1072 -0.4514
vn 0.9454 0.1085 -0.3072
vn 0.9941 0.1085 -0.0000
vn 0.8042 0.1085 -0.5843
vn 0.5852 0.1085 -0.8036
vn 0.9454 0.1085 0.3072
vn 0.8335 0.1083 0.5417
vn 0.8859 0.1072 0.4514
vn 0.8042 0.1085 0.5843
vn 0.5852 0.1085 0.8036
vn 0.5835 0.1085 0.8049
vn 0.3072 0.1085 0.9454
vn -0.0000 0.1085 0.9941
vn -0.3072 0.1085 0.9454
vn -0.5835 0.1085 0.8049
vn 0.5851 0.1082 -0.8037
vn 0.8043 0.1082 -0.5843
vn 0.9455 0.1082 -0.3072
vn 0.9941 0.1082 -0.0000
vn 0.9941 0.1083 0.0002
vn 0.9820 0.1069 0.1557
vn 0.9819 0.1071 0.1560
vn 0.5835 0.1082 -0.8049
vn 0.5834 0.1082 -0.8049
vn 0.3072 0.1082 -0.9455
vn -0.0000 0.1082 -0.9941
vn -0.3072 0.1082 -0.9455
vn -0.5834 0.1082 -0.8049
vn -0.5835 0.1082 -0.8049
vn 0.0001 1.0000 -0.0000
vn 0.0003 1.0000 -0.0000
vn 0.5867 -0.0814 0.8057
vn 0.5865 -0.0840 0.8056
vn 0.8052 -0.0777 0.5878
vn 0.8071 -0.0821 0.5847
vn 0.8882 -0.0811 0.4522
vn 0.8888 -0.0730 0.4525
vn 0.7045 -0.0856 0.7045
vn 0.5864 -0.0866 0.8054
vn 0.8060 -0.0867 0.5855
vn 0.8061 -0.0866 0.5854
vn 0.8878 -0.0859 0.4521
vn 0.8877 -0.0862 0.4523
vn 0.8878 -0.0855 0.4522
vn 0.8879 -0.0855 0.4521
vn 0.8878 -0.0854 0.4523
vn 0.8878 -0.0858 0.4523
vn 0.8881 -0.0854 0.4517
vn 0.8885 -0.0851 0.4509
vn 0.8880 -0.0852 0.4519
vn -0.0000 -0.0000 1.0000
vn -0.0000 -0.0000 -1.0000
vn 0.3714 0.9090 0.1891
vn 0.3716 0.9089 0.1891
vn 0.3341 0.9107 0.2429
vn 0.3347 0.9106 0.2423
vn 0.2425 0.9109 0.3338
vn 0.1271 0.9106 0.3933
vn 0.1279 0.9106 0.3929
vn -0.0000 0.9099 0.4148
vn -0.0000 0.9098 0.4150
vn -0.1271 0.9106 0.3933
vn -0.1279 0.9106 0.3929
vn -0.2425 0.9109 0.3338
vn -0.3341 0.9107 0.2429
vn -0.3347 0.9106 0.2423
vn -0.3716 0.9089 0.1891
vn -0.3714 0.9090 0.1891
vn 1.0000 -0.0000 -0.0000
vn 0.9992 -0.0000 -0.0400
vn 0.9990 -0.0034 -0.0446
vn 0.9871 -0.0079 -0.1600
vn 0.9863 -0.0113 -0.1646
vn 0.9510 -0.0113 -0.3090
vn 0.8909 -0.0113 -0.4540
vn 0.8320 -0.0098 -0.5547
vn 0.8315 -0.0113 -0.5553
vn 0.8112 -0.0032 -0.5847
vn 0.8121 -0.0000 -0.5835
vn 0.5860 -0.0953 -0.8047
vn 0.8053 -0.0954 -0.5851
vn 0.5860 -0.0954 -0.8047
vn 0.9467 -0.0954 -0.3076
vn 0.9954 -0.0954 -0.0000
vn 0.9954 -0.0953 -0.0000
vn 0.9833 -0.0942 0.1557
vn 0.9833 -0.0941 0.1558
vn 0.5843 -0.0953 -0.8059
vn 0.3076 -0.0954 -0.9467
vn 0.5843 -0.0954 -0.8059
vn -0.0000 -0.0954 -0.9954
vn -0.3076 -0.0954 -0.9467
vn -0.5843 -0.0953 -0.8059
vn -0.5843 -0.0954 -0.8059
vn 0.5866 -0.0833 0.8056
vn 0.5869 -0.0759 0.8061
vn 0.8062 -0.0833 0.5858
vn 0.8070 -0.0766 0.5855
vn 0.8885 -0.0830 0.4513
vn 0.8894 -0.0815 0.4497
vn 0.8935 -0.0838 0.4412
vn 0.8922 -0.0729 0.4456
vn 0.8933 -0.0787 0.4426
vn 0.8926 -0.0615 0.4466
vn 0.8900 -0.0703 0.4506
vn 0.8940 -0.0508 0.4453
vn 0.8920 -0.0686 0.4469
vn 0.8086 -0.0676 0.5845
vn 0.8924 -0.0558 0.4479
vn 0.8071 -0.0685 0.5864
vn 0.5873 -0.0685 0.8065
vn 0.7055 -0.0676 0.7055
vn 0.5847 -0.0866 0.8066
vn 0.3079 -0.0866 0.9475
vn -0.0000 -0.0866 0.9962
vn 0.4523 -0.0856 0.8877
vn 0.5848 -0.0840 0.8068
vn 0.3067 -0.0819 0.9483
vn 0.5851 -0.0814 0.8069
vn 0.3105 -0.0771 0.9475
vn -0.0000 -0.0731 0.9973
vn -0.0000 -0.0656 0.9978
vn -0.3105 -0.0771 0.9474
vn -0.3067 -0.0819 0.9483
vn -0.1559 -0.0856 0.9841
vn -0.5851 -0.0814 0.8069
vn -0.5848 -0.0840 0.8068
vn -0.3079 -0.0866 0.9475
vn 0.1559 -0.0856 0.9841
vn -0.5847 -0.0866 0.8066
vn -0.4523 -0.0856 0.8877
vn 0.5855 -0.0685 0.8077
vn 0.5856 -0.0684 0.8077
vn 0.3083 -0.0685 0.9488
vn -0.0000 -0.0685 0.9977
vn 0.4530 -0.0676 0.8890
vn 0.5852 -0.0760 0.8073
vn 0.4529 -0.0676 0.8890
vn 0.3081 -0.0755 0.9483
vn 0.5850 -0.0833 0.8068
vn 0.3080 -0.0824 0.9478
vn 0.1559 -0.0820 0.9844
vn -0.0000 -0.0779 0.9970
vn -0.0000 -0.0830 0.9965
vn -0.1559 -0.0820 0.9844
vn -0.3081 -0.0755 0.9483
vn -0.1561 -0.0676 0.9854
vn -0.3080 -0.0823 0.9478
vn -0.5850 -0.0833 0.8068
vn -0.5852 -0.0760 0.8073
vn -0.3083 -0.0685 0.9488
vn -0.1561 -0.0677 0.9854
vn 0.1561 -0.0676 0.9854
vn 0.1561 -0.0677 0.9854
vn -0.5856 -0.0684 0.8077
vn -0.5856 -0.0685 0.8077
vn -0.4530 -0.0676 0.8890
vn -0.4529 -0.0676 0.8890
vn 0.0134 0.9963 0.0845
vn -0.0134 -0.9963 -0.0845
vn -0.9874 0.0135 0.1576
vn 0.0388 0.9963 0.0762
vn 0.8915 0.0135 -0.4529
vn 0.8914 0.0135 -0.4529
vn -0.0388 -0.9963 -0.0762
vn -0.8904 0.0135 0.4550
vn 0.0605 0.9963 0.0605
vn 0.7079 0.0135 -0.7062
vn -0.0605 -0.9963 -0.0605
vn -0.7062 0.0135 0.7079
vn 0.0760 0.9964 0.0387
vn 0.4549 0.0135 -0.8905
vn -0.0760 -0.9964 -0.0387
vn -0.4531 0.0091 0.8914
vn -0.4532 0.0091 0.8914
vn -0.0106 -0.9977 -0.0668
vn -0.9875 0.0107 0.1572
vn 0.0106 0.9977 0.0668
vn 0.8913 0.0107 -0.4533
vn -0.0307 -0.9977 -0.0602
vn -0.8906 0.0107 0.4546
vn 0.0307 0.9977 0.0602
vn 0.7076 0.0107 -0.7066
vn -0.0478 -0.9977 -0.0478
vn -0.7066 0.0107 0.7076
vn 0.0478 0.9977 0.0478
vn 0.4500 0.0110 -0.8929
vn -0.0679 -0.9971 -0.0344
vn -0.4478 0.0202 0.8939
vn 0.0692 0.9971 0.0316
vn 0.9745 -0.0000 0.2246
vn 0.9877 -0.0000 0.1565
vn 0.9660 -0.0000 0.2584
vn 0.8790 -0.0000 0.4769
vn 0.7178 -0.0000 0.6963
vn 0.7178 0.0001 0.6963
vn 0.9511 -0.0000 -0.3090
vn 0.8090 -0.0000 -0.5878
vn 0.7071 -0.0000 -0.7071
vn 0.1175 0.6606 0.7415
vn 0.2256 0.6553 0.7209
vn 0.2632 0.6515 0.7115
vn 0.4487 0.6418 0.6219
vn 0.4514 0.6417 0.6200
vn 0.4504 0.6418 0.6207
vn 0.6189 0.6468 0.4457
vn 0.4529 0.6417 0.6189
vn 0.6112 0.6469 0.4561
vn 0.6123 0.6470 0.4544
vn 0.6200 0.6469 0.4440
vn 0.6844 0.6400 0.3493
vn 0.6859 0.6383 0.3495
vn -0.0001 1.0000 -0.0002
vn 0.0006 1.0000 -0.0000
vn 0.0009 1.0000 -0.0001
vn 0.7078 -0.0000 0.7064
vn 0.9317 -0.0000 0.3632
vn 0.6595 -0.0000 0.7517
vn 0.9881 -0.0000 0.1538
vn 0.9998 -0.0000 -0.0210
vn 0.9239 -0.0000 -0.3827
vn 0.7079 -0.0000 0.7064
vn 0.9472 -0.0000 -0.3207
vn 0.9808 -0.0000 -0.1951
vn 0.7078 -0.0000 -0.7064
vn 0.7064 -0.0000 -0.7078
vn 0.3827 -0.0000 -0.9239
vn 0.1951 -0.0000 -0.9808
vn -0.1951 -0.0000 -0.9808
vn -0.3827 -0.0000 -0.9239
vn -0.7064 -0.0000 -0.7078
vn 0.0002 -1.0000 -0.0023
vn 0.0625 -0.9594 0.2750
vn 0.1233 0.8312 0.5422
vn 0.0592 0.9638 0.2601
vn 0.0604 0.9622 0.2655
vn -0.0604 0.9622 0.2655
vn -0.0592 0.9638 0.2601
vn -0.1233 0.8312 0.5422
vn -0.0625 -0.9594 0.2750
vn -0.0002 -1.0000 -0.0023
vn 0.7164 -0.0000 0.6977
vn 0.5362 -0.0000 0.8441
vn 0.5287 -0.0000 0.8488
vn 0.4575 -0.0000 0.8892
vn -0.3567 -0.0000 -0.9342
vn -0.3568 -0.0000 -0.9342
vn 0.9015 -0.0000 -0.4328
vn 0.9751 -0.0000 -0.2219
vn 0.9672 -0.0000 -0.2540
vn 0.9749 -0.0000 0.2225
vn 0.7825 -0.0000 0.6226
vn 0.7811 -0.0000 0.6243
vn 0.7811 -0.0000 0.6244
vn 0.4339 -0.0000 0.9010
vn -0.4339 -0.0000 0.9010
vn -0.7811 -0.0000 0.6244
vn -0.7811 0.0001 0.6243
vn -0.8090 -0.0000 -0.5878
vn 0.5878 -0.0000 -0.8090
vn 0.5869 -0.0000 0.8096
vn 0.3090 -0.0000 0.9511
vn -0.3090 -0.0000 0.9511
vn -0.5869 -0.0000 0.8096
vn 0.5886 -0.0000 0.8084
vn 0.7071 -0.0000 0.7071
vn -0.6433 -0.0000 0.7656
vn -0.6433 -0.0004 0.7656
vn -0.9659 -0.0000 0.2588
vn -1.0000 -0.0000 -0.0000
vn -0.6419 -0.0000 0.7668
vn 0.6419 -0.0000 0.7668
vn 0.6433 -0.0000 0.7656
vn 0.6434 -0.0000 0.7656
vn 0.9659 -0.0000 0.2588
vn 0.7938 -0.0000 0.6082
vn 0.8499 -0.0000 0.5269
vn 0.9013 -0.0000 0.4333
vn 0.9676 -0.0000 0.2527
vn 0.9623 0.0035 0.2720
vn 0.9718 0.0024 0.2358
vn 0.9732 0.0022 0.2300
vn 0.9941 0.0039 0.1083
vn 0.9970 -0.0000 0.0768
vn 0.5535 -0.6786 -0.4828
vn 0.5535 -0.6786 0.4828
vn 0.5458 -0.6609 -0.5152
vn 0.5457 -0.6609 0.5152
vn -0.5456 0.6609 0.5152
vn -0.5457 0.6609 -0.5152
vn -0.5537 0.6785 0.4828
vn -0.5537 0.6785 -0.4828
vn 0.5458 -0.6608 0.5152
vn 0.7353 -0.4121 0.5380
vn 0.5458 -0.6608 -0.5152
vn 0.7352 -0.4122 -0.5381
vn 0.8486 -0.1128 0.5168
vn 0.8486 -0.1130 -0.5168
vn 0.8663 -0.0000 -0.4994
vn 0.8664 -0.0000 0.4994
vn -0.5536 0.6786 -0.4828
vn -0.7707 0.4321 -0.4683
vn -0.5536 0.6786 0.4828
vn -0.7708 0.4320 0.4683
vn -0.8692 0.1104 -0.4819
vn -0.8693 0.1105 0.4818
vn -0.8657 -0.0000 0.5006
vn -0.8656 -0.0000 -0.5007
vn 0.8663 -0.0000 -0.4995
vn 0.0015 -0.0000 -1.0000
vn 0.8486 -0.1129 -0.5168
vn -0.0407 0.0105 -0.9991
vn -0.8657 -0.0000 -0.5006
vn -0.7708 0.4320 -0.4683
vn -0.0699 0.0392 -0.9968
vn 0.7353 -0.4121 -0.5380
vn -0.0286 0.0267 -0.9992
vn 0.0287 -0.0267 -0.9992
vn -0.7352 0.4122 -0.5381
vn 0.0699 -0.0392 -0.9968
vn 0.7708 -0.4320 -0.4683
vn -0.8486 0.1129 -0.5168
vn 0.0406 -0.0105 -0.9991
vn 0.8693 -0.1104 -0.4819
vn 0.8657 -0.0000 -0.5006
vn -0.0014 -0.0000 -1.0000
vn -0.8664 -0.0000 -0.4994
vn 0.0014 -0.0000 1.0000
vn -0.8692 0.1104 0.4819
vn -0.0406 0.0105 0.9991
vn 0.8663 -0.0000 0.4995
vn 0.8486 -0.1129 0.5168
vn -0.0699 0.0392 0.9968
vn -0.7707 0.4321 0.4683
vn -0.0287 0.0267 0.9992
vn -0.5457 0.6609 0.5152
vn 0.0287 -0.0267 0.9992
vn 0.5536 -0.6786 0.4828
vn 0.7707 -0.4321 0.4683
vn 0.0699 -0.0392 0.9968
vn -0.7353 0.4122 0.5380
vn 0.8692 -0.1104 0.4819
vn 0.0407 -0.0105 0.9991
vn -0.8486 0.1130 0.5168
vn -0.8664 -0.0000 0.4994
vn -0.0014 -0.0000 1.0000
vn 0.8657 -0.0000 0.5006
vn -0.7352 0.4122 0.5380
vn -0.8486 0.1129 0.5168
vn 0.5536 -0.6786 -0.4828
vn 0.8692 -0.1105 0.4819
vn 0.8656 -0.0000 -0.5007
vn 0.7078 0.7064 -0.0000
vn 0.7078 -0.7064 -0.0000
vn 0.7064 0.7078 -0.0000
vn 0.7064 0.7078 0.0001
vn -0.7064 0.7078 -0.0000
vn -0.7078 0.7064 -0.0000
vn -0.7078 -0.7064 -0.0000
vn -0.7064 -0.7078 -0.0000
vn 0.7064 -0.7078 -0.0000
vn 0.6155 0.6141 -0.4940
vn 0.8695 -0.0000 -0.4940
vn 0.6155 -0.6141 -0.4940
vn 0.6156 -0.6140 -0.4940
vn 0.6141 -0.6156 -0.4939
vn 0.6141 -0.6155 -0.4940
vn -0.0000 -0.8695 -0.4940
vn -0.6141 -0.6155 -0.4940
vn -0.6155 -0.6141 -0.4940
vn -0.8695 -0.0000 -0.4940
vn -0.6156 0.6141 -0.4939
vn -0.6156 0.6140 -0.4940
vn -0.6141 0.6155 -0.4940
vn -0.0000 0.8695 -0.4940
vn 0.6141 0.6156 -0.4939
vn 0.6141 0.6155 -0.4940
vn -0.0001 -0.0000 -1.0000
vn -1.0000 -0.0000 -0.0002
vn 0.8880 -0.0000 -0.4598
vn 0.9964 -0.0000 -0.0851
vn 0.9817 -0.0000 0.1907
vn 0.8389 -0.0000 0.5443
vn 0.7197 -0.0000 0.6943
vn 0.7195 -0.0000 0.6945
vn 0.7193 -0.0000 0.6947
vn 0.7190 -0.0000 0.6950
vn 0.8141 -0.0000 -0.5807
vn 0.9859 -0.0000 -0.1675
vn 0.7064 -0.0000 0.7078
vn 0.7064 -0.0001 0.7078
vn 0.3827 -0.0000 0.9239
vn -0.3827 -0.0000 0.9239
vn -0.7064 -0.0000 0.7078
vn 0.9808 -0.0000 -0.1948
vn 0.9998 -0.0000 -0.0208
vn 0.7078 0.0001 0.7064
vn -0.9808 -0.0000 0.1951
vn -0.9998 -0.0000 0.0210
vn -0.9317 -0.0000 -0.3632
vn -0.7078 -0.0000 -0.7064
vn -0.0000 -0.4990 0.8666
vn -0.0000 -0.4991 0.8665
vn -0.0000 0.4991 0.8665
vn 0.0001 0.4990 0.8666
vn -0.0000 -0.5010 0.8655
vn -0.0000 -0.8660 0.5000
vn -0.0000 -0.5009 0.8655
vn -0.0000 -0.8660 -0.5000
vn -0.0000 -0.5009 -0.8655
vn -0.0000 -0.5010 -0.8655
vn -0.0000 -0.4992 -0.8665
vn -0.0000 -0.4991 -0.8665
vn -0.0000 0.4991 -0.8665
vn -0.0000 0.4990 -0.8666
vn -0.0000 0.5010 -0.8655
vn -0.0000 0.8660 -0.5000
vn -0.0000 0.5009 -0.8655
vn -0.0000 0.8660 0.5000
vn -0.0000 0.5010 0.8655
vn -0.5754 0.1979 0.7936
vn -0.0000 0.1979 0.9802
vn -0.5753 0.1979 0.7937
vn 0.5754 0.1979 0.7936
vn 0.5753 0.1979 0.7936
vn -0.5769 0.1979 0.7925
vn -0.9322 0.1979 0.3030
vn -0.5770 0.1979 0.7924
vn -0.9322 0.1979 0.3029
vn -0.9322 0.1979 -0.3030
vn -0.9322 0.1979 -0.3029
vn -0.5769 0.1979 -0.7925
vn -0.5770 0.1979 -0.7924
vn -0.5753 0.1979 -0.7936
vn -0.0000 0.1979 -0.9802
vn -0.5754 0.1979 -0.7936
vn 0.5754 0.1979 -0.7936
vn 0.5769 0.1979 -0.7924
vn 0.9322 0.1979 -0.3029
vn 0.5770 0.1979 -0.7924
vn 0.9322 0.1979 0.3029
vn 0.5770 0.1979 0.7924
vn -0.0006 1.0000 -0.0001
vn 0.0010 1.0000 0.0001
vn -0.0005 1.0000 -0.0000
vn 0.0011 1.0000 0.0001
vn 0.9993 0.0369 -0.0000
vn 0.9993 0.0368 -0.0000
vn -0.0006 -0.0001 -1.0000
vn 0.0011 0.0001 -1.0000
vn -0.0005 -0.0000 -1.0000
vn 0.0012 0.0001 -1.0000
vn 0.9993 -0.0000 -0.0366
vn 0.9993 -0.0000 -0.0368
vn -0.0000 0.4674 -0.8840
vn -0.0000 0.9556 -0.2946
vn -0.0000 0.9556 0.2946
vn -0.0000 0.4674 0.8840
vn -0.0000 -0.3851 0.9229
vn 0.0002 -0.3851 0.9229
vn -0.0000 -0.9245 0.3812
vn -0.0000 -0.9245 -0.3812
vn -0.0000 -0.3851 -0.9229
vn -0.0000 -0.3850 -0.9229
vn -0.0000 -0.3832 0.9237
vn -0.0000 0.4674 -0.8841
vn -0.0000 -0.3832 -0.9237
vn -0.0000 0.4674 0.8841
vn -0.0000 0.4675 0.8840
vn 0.9877 0.0107 -0.1557
vn 0.9878 0.0135 -0.1553
vn -0.0000 -0.2266 0.9740
vn -0.0001 -0.2266 0.9740
vn -0.9996 0.0269 -0.0001
vn -0.9996 0.0269 -0.0000
vn -0.0001 -1.0000 -0.0000
vn 1.0000 -0.0000 0.0001
vn -0.8660 -0.0000 -0.5000
vn 0.8660 -0.0000 -0.5000
vn 0.8660 -0.0002 -0.5000
vn -0.8660 -0.0000 0.5000
vn 0.8660 -0.0000 0.5000
vn 0.2853 -0.0000 -0.9584
vn -0.2853 -0.0000 0.9584
vn 0.1381 -0.9896 0.0411
vn 0.9584 -0.0000 0.2853
vn 0.9585 -0.0000 0.2853
vn -0.0000 0.6412 0.7673
vn 0.5835 0.1085 -0.8048
vn 0.5835 0.1085 -0.8049
vn 0.3072 0.1085 -0.9454
vn -0.0000 0.1085 -0.9941
vn -0.3072 0.1085 -0.9454
vn -0.5835 0.1085 -0.8049
vn -0.5835 0.1085 -0.8048
vn 1.0000 0.0064 -0.0039
vn 1.0000 0.0066 -0.0035
vn 1.0000 0.0057 -0.0032
vn 0.0076 -0.0000 -1.0000
vn -0.0076 -0.0000 -1.0000
vn -0.0107 -0.0000 0.9999
vn 0.0107 -0.0000 0.9999
vn 0.1125 -0.9936 -0.0000
vn -0.1125 -0.9936 -0.0000
vn 0.0970 -0.0000 -0.9953
vn -0.0970 -0.0000 -0.9953
vn 0.0183 -0.0000 0.9998
vn 0.6937 -0.0000 0.7203
vn 0.6936 -0.0000 0.7203
vn 0.9903 -0.0000 -0.1389
vn 0.9202 -0.0000 0.3915
vn 0.9812 -0.0000 0.1931
vn 0.9999 -0.0000 -0.0136
vn 0.9999 -0.0000 0.0136
vn 0.9333 -0.0000 -0.3590
vn 0.7330 -0.0001 -0.6803
vn 0.7330 -0.0000 -0.6803
vn 0.7323 -0.0000 -0.6810
vn 0.3074 -0.0000 -0.9516
vn -0.0984 -0.0000 -0.9952
vn -0.0985 -0.0000 -0.9951
vn -0.9454 0.1085 -0.3072
vn -0.8859 0.1072 -0.4514
vn -0.9941 0.1085 -0.0000
vn -0.8042 0.1085 -0.5843
vn -0.5852 0.1085 -0.8036
vn -0.9454 0.1085 0.3072
vn -0.8335 0.1083 0.5417
vn -0.8859 0.1072 0.4514
vn -0.8042 0.1085 0.5843
vn -0.5852 0.1085 0.8036
vn -0.5851 0.1082 -0.8037
vn -0.8043 0.1082 -0.5843
vn -0.9455 0.1082 -0.3072
vn -0.9941 0.1082 -0.0000
vn -0.9941 0.1083 0.0002
vn -0.9820 0.1069 0.1557
vn -0.9819 0.1071 0.1560
vn -0.5867 -0.0814 0.8057
vn -0.8052 -0.0777 0.5878
vn -0.5865 -0.0840 0.8056
vn -0.8071 -0.0821 0.5847
vn -0.8882 -0.0811 0.4522
vn -0.8888 -0.0730 0.4525
vn -0.7045 -0.0856 0.7045
vn -0.5864 -0.0866 0.8054
vn -0.8060 -0.0867 0.5855
vn -0.8061 -0.0866 0.5854
vn -0.8878 -0.0859 0.4521
vn -0.8877 -0.0862 0.4523
vn -0.8878 -0.0855 0.4522
vn -0.8879 -0.0855 0.4521
vn -0.8878 -0.0854 0.4523
vn -0.8877 -0.0858 0.4523
vn -0.8880 -0.0854 0.4517
vn -0.8885 -0.0851 0.4509
vn -0.8880 -0.0852 0.4519
vn -0.9992 -0.0000 -0.0400
vn -0.9990 -0.0034 -0.0446
vn -0.9871 -0.0079 -0.1600
vn -0.9863 -0.0113 -0.1646
vn -0.9510 -0.0113 -0.3090
vn -0.8909 -0.0113 -0.4540
vn -0.8320 -0.0098 -0.5547
vn -0.8315 -0.0113 -0.5553
vn -0.8112 -0.0032 -0.5847
vn -0.8121 -0.0000 -0.5835
vn -0.5860 -0.0953 -0.8047
vn -0.5860 -0.0954 -0.8047
vn -0.8053 -0.0954 -0.5851
vn -0.9467 -0.0954 -0.3076
vn -0.9954 -0.0954 -0.0000
vn -0.9954 -0.0953 -0.0000
vn -0.9833 -0.0942 0.1557
vn -0.9833 -0.0941 0.1558
vn -0.5866 -0.0833 0.8056
vn -0.8062 -0.0833 0.5858
vn -0.5869 -0.0759 0.8061
vn -0.8070 -0.0766 0.5855
vn -0.8885 -0.0830 0.4513
vn -0.8894 -0.0815 0.4497
vn -0.8935 -0.0838 0.4412
vn -0.8922 -0.0729 0.4457
vn -0.8933 -0.0787 0.4426
vn -0.8926 -0.0615 0.4466
vn -0.8900 -0.0703 0.4506
vn -0.8940 -0.0508 0.4453
vn -0.8920 -0.0686 0.4469
vn -0.8086 -0.0676 0.5845
vn -0.8924 -0.0558 0.4479
vn -0.8071 -0.0685 0.5864
vn -0.5873 -0.0685 0.8065
vn -0.7055 -0.0676 0.7055
vn -0.0134 0.9963 0.0845
vn 0.0134 -0.9963 -0.0845
vn 0.9874 0.0135 0.1576
vn -0.0388 0.9963 0.0762
vn -0.8914 0.0135 -0.4529
vn -0.8915 0.0135 -0.4529
vn 0.0388 -0.9963 -0.0762
vn 0.8904 0.0135 0.4550
vn -0.0605 0.9963 0.0605
vn -0.7079 0.0135 -0.7062
vn 0.0605 -0.9963 -0.0605
vn 0.7062 0.0135 0.7079
vn -0.0760 0.9964 0.0387
vn -0.4549 0.0135 -0.8905
vn 0.0760 -0.9964 -0.0387
vn 0.4532 0.0091 0.8914
vn 0.4531 0.0091 0.8914
vn 0.0106 -0.9977 -0.0668
vn 0.9875 0.0107 0.1571
vn 0.9875 0.0107 0.1572
vn -0.0106 0.9977 0.0668
vn -0.8913 0.0107 -0.4533
vn 0.0307 -0.9977 -0.0602
vn 0.8906 0.0107 0.4546
vn -0.0307 0.9977 0.0602
vn -0.7076 0.0107 -0.7066
vn 0.0478 -0.9977 -0.0478
vn 0.7066 0.0107 0.7076
vn -0.0478 0.9977 0.0478
vn -0.4500 0.0110 -0.8929
vn 0.0679 -0.9971 -0.0344
vn 0.4478 0.0202 0.8939
vn -0.0692 0.9971 0.0316
vn -0.9877 -0.0000 0.1565
vn -0.9745 -0.0000 0.2246
vn -0.9660 -0.0000 0.2584
vn -0.8790 -0.0000 0.4769
vn -0.7178 -0.0000 0.6963
vn -0.9511 -0.0000 -0.3090
vn -0.7071 -0.0000 -0.7071
vn -0.2256 0.6553 0.7209
vn -0.1175 0.6606 0.7415
vn -0.2632 0.6515 0.7115
vn -0.4488 0.6418 0.6219
vn -0.4514 0.6418 0.6200
vn -0.6112 0.6469 0.4561
vn -0.6189 0.6468 0.4458
vn -0.4529 0.6417 0.6189
vn -0.4504 0.6418 0.6207
vn -0.6859 0.6383 0.3495
vn -0.6200 0.6469 0.4440
vn -0.6844 0.6400 0.3493
vn -0.6123 0.6470 0.4544
vn 0.0001 1.0000 -0.0002
vn -0.0006 1.0000 -0.0000
vn -0.0009 1.0000 -0.0001
vn -0.7078 -0.0000 0.7064
vn -0.6595 -0.0000 0.7517
vn -0.9317 -0.0000 0.3632
vn -0.9881 -0.0000 0.1538
vn -0.9998 -0.0000 -0.0210
vn -0.9239 -0.0000 -0.3827
vn -0.9472 -0.0000 -0.3207
vn -0.9808 -0.0000 -0.1951
vn -0.7078 0.0001 -0.7064
vn -0.7164 -0.0000 0.6977
vn -0.5362 -0.0000 0.8441
vn -0.5287 -0.0000 0.8488
vn -0.4575 -0.0000 0.8892
vn 0.3568 -0.0000 -0.9342
vn 0.3567 -0.0000 -0.9342
vn -0.9015 -0.0000 -0.4328
vn -0.9751 -0.0000 -0.2219
vn -0.9672 -0.0000 -0.2540
vn -0.9749 -0.0000 0.2225
vn -0.7825 -0.0000 0.6226
vn -0.5878 -0.0000 -0.8090
vn -0.7071 -0.0000 0.7071
vn -0.5886 -0.0000 0.8084
vn 0.6433 0.0002 0.7656
vn -0.6434 -0.0000 0.7655
vn -0.7938 -0.0000 0.6082
vn -0.9013 -0.0000 0.4333
vn -0.8499 -0.0000 0.5269
vn -0.9466 -0.0000 0.3224
vn -0.9629 -0.0000 0.2698
vn -0.9938 -0.0000 0.1110
vn -0.5458 -0.6608 0.5152
vn -0.5535 -0.6786 0.4828
vn -0.5457 -0.6609 -0.5152
vn -0.5535 -0.6786 -0.4828
vn 0.5537 0.6785 -0.4828
vn 0.5456 0.6609 -0.5152
vn 0.5536 0.6785 0.4828
vn 0.5457 0.6609 0.5152
vn -0.5458 -0.6608 -0.5152
vn -0.7353 -0.4121 0.5380
vn -0.7352 -0.4122 -0.5381
vn -0.8486 -0.1129 0.5168
vn -0.8486 -0.1128 -0.5168
vn -0.8663 -0.0001 -0.4994
vn 0.5536 0.6786 -0.4828
vn 0.5536 0.6786 0.4828
vn 0.7708 0.4320 -0.4683
vn 0.7707 0.4321 0.4683
vn 0.8692 0.1104 -0.4819
vn 0.8693 0.1103 0.4818
vn -0.8663 -0.0000 -0.4995
vn -0.8486 -0.1130 -0.5168
vn -0.0015 -0.0000 -1.0000
vn 0.0407 0.0105 -0.9991
vn 0.8693 0.1104 -0.4819
vn 0.7707 0.4321 -0.4683
vn 0.0699 0.0392 -0.9968
vn -0.7353 -0.4122 -0.5380
vn 0.0286 0.0267 -0.9992
vn -0.5458 -0.6609 -0.5152
vn -0.0287 -0.0268 -0.9992
vn 0.5457 0.6609 -0.5152
vn 0.7352 0.4122 -0.5381
vn -0.0699 -0.0392 -0.9968
vn -0.7707 -0.4321 -0.4683
vn 0.8486 0.1130 -0.5168
vn -0.0406 -0.0105 -0.9991
vn -0.8693 -0.1104 -0.4819
vn 0.0014 -0.0000 -1.0000
vn 0.8664 -0.0000 -0.4994
vn 0.8692 0.1104 0.4819
vn 0.0406 0.0105 0.9991
vn -0.8663 -0.0000 0.4995
vn -0.8486 -0.1128 0.5168
vn -0.7353 -0.4122 0.5380
vn 0.0699 0.0392 0.9968
vn -0.5457 -0.6609 0.5152
vn 0.0287 0.0267 0.9992
vn -0.0287 -0.0267 0.9992
vn -0.7708 -0.4320 0.4683
vn -0.0699 -0.0392 0.9968
vn 0.7353 0.4122 0.5380
vn -0.8692 -0.1104 0.4819
vn -0.0407 -0.0105 0.9991
vn 0.8486 0.1129 0.5168
vn 0.5458 0.6608 0.5152
vn 0.8486 0.1129 -0.5168
vn -0.5537 -0.6785 -0.4828
vn -0.5536 -0.6786 0.4828
vn -0.8693 -0.1103 0.4819
vn -0.7078 0.7064 0.0002
vn 0.7078 0.7064 -0.0002
vn -0.6155 0.6141 -0.4940
vn -0.6156 -0.6140 -0.4940
vn -0.6141 -0.6156 -0.4939
vn 0.6156 0.6140 -0.4940
vn 0.0001 -0.0000 -1.0000
vn 1.0000 -0.0000 -0.0002
vn -0.8880 -0.0000 -0.4598
vn -0.9964 -0.0000 -0.0851
vn -0.9817 -0.0000 0.1907
vn -0.8389 -0.0000 0.5443
vn -0.7197 -0.0000 0.6943
vn -0.7195 -0.0000 0.6945
vn -0.7193 -0.0000 0.6947
vn -0.7190 -0.0000 0.6950
vn -0.9861 -0.0000 -0.1663
vn -0.5211 -0.0000 -0.8535
vn -0.5212 -0.0000 -0.8535
vn 0.1435 -0.0000 -0.9896
vn -0.9808 -0.0000 -0.1948
vn -0.9998 -0.0000 -0.0208
vn 0.9808 -0.0000 0.1951
vn 0.9998 -0.0000 0.0210
vn 0.9317 -0.0000 -0.3632
vn 0.0001 0.4991 0.8665
vn -0.0000 0.4990 0.8666
vn -0.0001 -0.5009 -0.8655
vn -0.0002 0.4991 -0.8665
vn -0.0001 0.5010 0.8655
vn 0.5753 0.1979 0.7937
vn 0.5769 0.1979 0.7925
vn 0.9322 0.1979 0.3030
vn 0.9322 0.1979 -0.3030
vn 0.5769 0.1979 -0.7925
vn -0.5769 0.1979 -0.7924
vn -0.0011 1.0000 0.0001
vn -0.0010 1.0000 0.0001
vn 0.0005 1.0000 -0.0000
vn 0.0006 1.0000 -0.0001
vn -0.9993 0.0368 -0.0000
vn -0.9993 0.0369 -0.0000
vn -0.0012 0.0001 -1.0000
vn -0.0011 0.0001 -1.0000
vn 0.0005 -0.0000 -1.0000
vn 0.0006 -0.0001 -1.0000
vn -0.9993 -0.0000 -0.0368
vn -0.9993 -0.0000 -0.0366
vn -0.9877 0.0107 -0.1557
vn -0.9878 0.0135 -0.1553
vn 0.0001 -0.2266 0.9740
vn 0.9996 0.0269 -0.0000
vn 0.9996 0.0269 -0.0001
vn 0.0001 -1.0000 -0.0000
vn -1.0000 -0.0000 0.0001
vn -0.2853 -0.0000 -0.9584
vn 0.2853 -0.0000 0.9584
vn -0.1381 -0.9896 0.0411
vn -0.9585 -0.0000 0.2853
vn -0.9584 -0.0000 0.2853
vn -1.0000 0.0003 -0.0005
vn -1.0000 -0.0004 -0.0004
vn -1.0000 0.0064 -0.0039
vn -0.0183 -0.0000 0.9998
vn -0.6937 -0.0000 0.7203
vn -0.9903 -0.0000 -0.1389
vn -0.9202 -0.0000 0.3915
vn -0.9812 -0.0000 0.1931
vn -0.9999 -0.0000 -0.0136
vn -0.9999 0.0001 -0.0136
vn -0.9999 -0.0000 0.0136
vn -0.9333 -0.0000 -0.3590
vn -0.7330 -0.0000 -0.6803
vn -0.7323 -0.0000 -0.6810
vn -0.3074 -0.0000 -0.9516
vn 0.0984 -0.0000 -0.9952
vn 0.0985 -0.0000 -0.9951
vn -0.4990 -0.0000 -0.8666
vn 0.4990 -0.0000 -0.8666
vn -0.5010 0.0001 -0.8655
vn -0.5010 -0.0000 -0.8655
vn -0.5010 -0.0000 0.8655
vn -0.4990 -0.0000 0.8666
vn 0.4990 -0.0000 0.8666
vn 0.5010 -0.0000 0.8655
vn 0.5010 -0.0000 -0.8655
vn 0.5010 -0.0002 -0.8655
vn -0.3918 -0.6189 -0.6808
vn -0.0000 -0.6189 -0.7855
vn 0.3918 -0.6189 -0.6808
vn -0.3937 -0.6189 -0.6797
vn -0.6797 -0.6189 -0.3937
vn -0.6808 -0.6189 -0.3918
vn -0.7855 -0.6189 -0.0000
vn -0.6808 -0.6189 0.3918
vn -0.6797 -0.6189 0.3937
vn -0.3937 -0.6189 0.6797
vn -0.3918 -0.6189 0.6808
vn -0.0000 -0.6189 0.7855
vn 0.3918 -0.6189 0.6808
vn 0.3937 -0.6189 0.6797
vn 0.6797 -0.6189 0.3937
vn 0.6808 -0.6189 0.3918
vn 0.7855 -0.6189 -0.0000
vn 0.6808 -0.6189 -0.3918
vn 0.6797 -0.6189 -0.3937
vn 0.3937 -0.6189 -0.6797
vn -0.8431 0.2286 -0.4868
vn -0.4878 0.2286 -0.8425
vn -0.6139 0.7054 -0.3544
vn -0.3548 0.7056 -0.6133
vn -0.7088 0.7054 -0.0000
vn -0.9735 0.2286 -0.0000
vn -0.6138 0.7054 0.3545
vn -0.8431 0.2287 0.4867
vn -0.3548 0.7055 0.6134
vn -0.4878 0.2287 0.8425
vn -0.2588 -0.0000 0.9659
vn -0.0000 0.2286 0.9735
vn -0.4857 0.2286 0.8437
vn -0.0000 0.7054 0.7088
vn -0.3538 0.7056 0.6140
vn 0.3537 0.7056 0.6140
vn 0.4858 0.2287 0.8436
vn 0.2588 -0.0000 0.9659
vn 0.5010 0.0001 0.8655
vn 0.8431 0.2286 0.4868
vn 0.4878 0.2286 0.8425
vn 0.6139 0.7053 0.3544
vn 0.3548 0.7056 0.6133
vn 0.7089 0.7054 -0.0000
vn 0.9735 0.2286 -0.0000
vn 0.6139 0.7053 -0.3545
vn 0.8431 0.2286 -0.4868
vn 0.3548 0.7055 -0.6134
vn 0.4878 0.2286 -0.8425
vn 0.4991 -0.0000 -0.8666
vn -0.4858 0.2287 -0.8436
vn -0.0000 0.2286 -0.9735
vn -0.3537 0.7056 -0.6140
vn 0.4859 0.2286 -0.8436
vn -0.0000 0.7054 -0.7088
vn 0.3538 0.7056 -0.6140
vn 1.0000 -0.0000 -0.0001
vn 0.0002 -0.0000 -1.0000
vn -0.7812 -0.0000 0.6243
vn 0.7812 -0.0000 0.6243
vn 0.9015 -0.0000 0.4328
vn 0.9751 -0.0000 0.2219
vn 0.9749 -0.0000 -0.2225
vn 0.7825 -0.0000 -0.6226
vn 0.7825 -0.0001 -0.6226
vn 0.7811 0.0001 -0.6244
vn 0.4339 -0.0000 -0.9010
vn 0.7811 -0.0000 -0.6244
vn -0.4339 -0.0000 -0.9010
vn -0.7811 -0.0000 -0.6244
vn -0.9015 -0.0000 0.4328
vn -0.9751 -0.0000 0.2219
vn -0.9749 -0.0000 -0.2225
vn -0.7825 -0.0000 -0.6226
vn -0.8660 -0.0000 -0.5001
vn 0.8660 -0.0000 -0.5001
vn -0.8661 -0.0003 -0.4999
vn -0.8660 0.0003 0.5000
vn -0.8660 0.0001 0.5000
vn 0.8661 -0.0000 -0.4999
vn -0.0000 0.7071 0.7071
vn 0.7078 0.0060 -0.7064
vn 1.0000 0.0060 -0.0000
vn 0.7078 0.0060 0.7064
vn 0.7064 0.0060 -0.7078
vn -0.0000 0.0060 -1.0000
vn -0.7064 0.0060 -0.7078
vn -0.7078 0.0060 -0.7064
vn -0.7078 0.0059 -0.7064
vn -1.0000 0.0060 -0.0000
vn -0.7078 0.0059 0.7064
vn -0.7078 0.0060 0.7064
vn -0.7064 0.0060 0.7078
vn -0.0000 0.0060 1.0000
vn 0.7064 0.0060 0.7078
vn 0.0584 -0.0000 -0.9983
vn 0.0584 -0.0000 0.9983
vn -0.0584 -0.0000 -0.9983
vn -0.0584 -0.0000 0.9983
vn 0.6236 -0.0000 -0.7818
vn 0.6236 -0.0000 -0.7817
vn -0.7440 -0.0000 -0.6682
vn 0.8168 -0.0000 0.5769
vn -0.6236 -0.0000 0.7817
vn -0.6236 -0.0000 -0.7817
vn -0.6236 -0.0000 -0.7818
vn 0.7440 -0.0000 -0.6682
vn -0.8168 -0.0000 0.5769
vn 0.6236 -0.0000 0.7817
vn -0.5865 0.0042 -0.8099
vn -0.0000 0.0044 -1.0000
vn -0.5869 0.0044 -0.8096
vn 0.5865 0.0044 -0.8099
vn 0.5868 0.0044 -0.8097
vn -0.5885 0.0044 -0.8085
vn -0.9511 0.0044 -0.3088
vn -0.5882 0.0044 -0.8087
vn -0.9510 0.0044 -0.3092
vn -0.9511 0.0044 0.3088
vn -0.9510 0.0044 0.3092
vn -0.5886 0.0044 0.8084
vn -0.5869 0.0044 0.8097
vn -0.0000 0.0044 1.0000
vn -0.5870 0.0044 0.8096
vn 0.5868 0.0044 0.8097
vn 0.5870 0.0044 0.8096
vn 0.5885 0.0044 0.8085
vn 0.9511 0.0044 0.3088
vn 0.5886 0.0044 0.8084
vn 0.9510 0.0044 0.3092
vn 0.9511 0.0044 -0.3088
vn 0.9510 0.0044 -0.3092
vn 0.5886 0.0044 -0.8084
vn 0.5882 0.0044 -0.8087
vn 0.0108 0.8661 -0.4998
vn 0.0108 -0.0000 -0.9999
vn 0.0054 0.8661 -0.4999
vn 0.0054 -0.0000 -1.0000
vn 0.0108 -0.8661 -0.4997
vn 0.0054 -0.8661 -0.4999
vn -0.0054 0.8661 -0.4999
vn -0.0054 -0.0000 -1.0000
vn -0.0109 0.8657 -0.5005
vn -0.0109 -0.0000 -0.9999
vn -0.0054 -0.8661 -0.4998
vn -0.0109 -0.8656 -0.5006
vn 0.0054 0.8659 0.5001
vn 0.0108 0.8660 -0.5000
vn 0.0109 0.8663 0.4994
vn -0.0054 0.8659 0.5001
vn -0.0108 0.8657 0.5005
vn -0.0108 0.8656 -0.5006
vn 0.0054 0.8660 0.5001
vn 0.0054 -0.0000 1.0000
vn 0.0108 0.8662 0.4995
vn 0.0109 -0.0000 0.9999
vn 0.0054 -0.8659 0.5001
vn 0.0109 -0.8663 0.4994
vn -0.0108 -0.0000 0.9999
vn -0.0054 0.8660 0.5001
vn -0.0054 -0.0000 1.0000
vn -0.0109 -0.8657 0.5005
vn -0.0054 -0.8660 0.5001
vn 0.0054 -0.8661 -0.4998
vn 0.0109 -0.8663 0.4995
vn 0.0108 -0.8660 -0.4999
vn -0.0054 -0.8661 -0.4999
vn -0.0109 -0.8657 -0.5005
vn -0.0108 -0.8656 0.5006
vn -0.0000 -0.9091 0.4167
vn 0.0290 0.7071 -0.7066
vn 0.0144 0.7077 -0.7063
vn 0.0290 0.9996 -0.0000
vn 0.0144 0.9999 0.0001
vn 0.0144 0.7078 0.7063
vn 0.0289 0.7076 0.7060
vn 0.0144 0.7062 -0.7079
vn 0.0290 0.7056 -0.7081
vn 0.0144 -0.0000 -0.9999
vn 0.0290 -0.0001 -0.9996
vn 0.0144 -0.7062 -0.7079
vn 0.0290 -0.7057 -0.7080
vn 0.0144 -0.7076 -0.7065
vn 0.0289 -0.7071 -0.7065
vn 0.0144 -0.9999 0.0001
vn 0.0290 -0.9996 -0.0000
vn 0.0144 -0.7078 0.7063
vn 0.0290 -0.7076 0.7060
vn 0.0144 -0.7063 0.7078
vn 0.0289 -0.7063 0.7073
vn 0.0144 -0.0000 0.9999
vn 0.0290 -0.0001 0.9996
vn 0.0144 0.7064 0.7077
vn 0.0290 0.7062 0.7074
vn -0.0144 0.7077 -0.7064
vn -0.0289 0.7070 -0.7066
vn -0.0144 0.9999 0.0001
vn -0.0289 0.9996 -0.0000
vn -0.0289 0.7076 0.7060
vn -0.0144 0.7078 0.7063
vn -0.0290 0.7057 -0.7079
vn -0.0144 0.7062 -0.7079
vn -0.0290 -0.0000 -0.9996
vn -0.0144 -0.0000 -0.9999
vn -0.0290 -0.7057 -0.7080
vn -0.0144 -0.7062 -0.7079
vn -0.0290 -0.7071 -0.7065
vn -0.0144 -0.7076 -0.7065
vn -0.0290 -0.9996 -0.0000
vn -0.0144 -0.9999 0.0001
vn -0.0289 -0.7077 0.7059
vn -0.0144 -0.7078 0.7063
vn -0.0290 -0.7062 0.7074
vn -0.0144 -0.7064 0.7077
vn -0.0290 -0.0000 0.9996
vn -0.0144 -0.0000 0.9999
vn -0.0289 0.7062 0.7074
vn -0.0144 0.7064 0.7077
vn 0.5002 0.0090 -0.8658
vn 0.5002 0.0090 -0.8659
vn 1.0000 0.0090 0.0005
vn 1.0000 0.0090 0.0004
vn 0.4998 0.0090 0.8661
vn -0.5002 0.0090 -0.8659
vn -1.0000 0.0090 0.0004
vn -1.0000 0.0090 0.0005
vn -0.4998 0.0090 0.8661
vn -0.0000 0.0001 -1.0000
vn 0.1366 -0.9906 -0.0000
vn -0.1366 -0.9906 -0.0000
vn 0.7817 -0.0000 0.6236
vn -0.7817 -0.0000 -0.6236
vn 0.0852 -0.9906 -0.1068
vn 0.7817 -0.0000 -0.6236
vn -0.0852 -0.9906 -0.1068
vn -0.7817 -0.0000 0.6236
vn -0.7817 -0.0001 0.6236
vn -0.0000 -0.9785 0.2064
vn 0.4964 0.1204 -0.8597
vn 0.4963 0.1204 -0.8597
vn 0.9927 0.1204 -0.0000
vn 0.4964 0.1205 0.8597
vn -0.4964 0.1204 -0.8597
vn -0.4963 0.1204 -0.8597
vn -0.4964 0.1205 -0.8597
vn -0.9927 0.1205 -0.0000
vn -0.4964 0.1205 0.8597
vn -0.4964 0.1204 0.8597
vn 0.4964 0.1204 0.8597
vn 0.4963 0.1204 -0.8598
vn -0.9927 0.1204 -0.0000
vn 0.9927 0.1205 -0.0000
vn -0.4963 0.1204 -0.8598
vn 0.5000 0.0107 -0.8660
vn 0.9999 0.0107 -0.0000
vn 0.5000 0.0107 0.8660
vn 0.5000 0.0107 0.8659
vn -0.5000 0.0107 -0.8660
vn -0.9999 0.0107 -0.0000
vn -0.4999 0.0107 0.8660
vn -0.5000 0.0107 0.8660
vn -0.5000 0.0107 -0.8659
vn -0.5000 0.0107 0.8659
vn 0.3828 0.9238 -0.0000
vn 0.9734 0.2290 -0.0000
vn -0.9734 0.2289 -0.0000
vn -0.3826 0.9239 -0.0000
vn 0.3827 0.9239 -0.0000
vn -0.3828 0.9238 -0.0000
vn -0.9734 0.2290 -0.0000
vn 0.9734 0.2289 -0.0000
vn 0.3826 0.9239 -0.0000
vn -0.3827 0.9239 -0.0000
vn -0.0000 0.9817 -0.1902
vn -0.2627 0.9587 -0.1088
vn -0.2830 0.9573 -0.0586
vn -0.2005 0.9590 -0.2005
vn -0.1088 0.9587 -0.2627
vn -0.0000 0.9590 -0.2835
vn 0.1088 0.9587 -0.2627
vn 0.2005 0.9590 -0.2005
vn 0.2627 0.9587 -0.1088
vn 0.2830 0.9573 -0.0586
vn -0.9792 -0.0000 -0.2028
vn -0.7079 -0.0000 -0.7064
vn -0.7064 -0.0001 -0.7078
vn 0.7064 0.0001 -0.7079
vn 0.7079 -0.0000 -0.7064
vn 0.9792 -0.0000 -0.2028
vn 0.2547 -0.9670 -0.0000
vn -0.2547 -0.9670 -0.0000
vn 0.0332 -0.0000 0.9994
vn -0.0332 -0.0000 0.9994
vn 0.0001 -0.0000 1.0000
vn -0.0000 -0.0001 1.0000
vn -0.9552 -0.0000 -0.2958
vn -0.9835 -0.1332 -0.1226
vn -0.9796 -0.0907 -0.1795
vn -0.9753 -0.2210 -0.0000
vn -0.0001 -0.0000 1.0000
vn 0.5886 -0.0000 -0.8084
vn 0.9510 -0.0000 -0.3090
vn 0.5887 -0.0000 -0.8084
vn 0.9511 -0.0000 0.3090
vn 0.5887 -0.0000 0.8084
vn 0.5870 -0.0000 0.8096
vn -0.5870 -0.0000 0.8096
vn -0.5886 -0.0002 0.8084
vn -0.9511 -0.0000 0.3090
vn -0.5887 -0.0000 0.8084
vn -0.9510 -0.0000 -0.3090
vn -0.5886 -0.0000 -0.8084
vn -0.5887 0.0001 -0.8084
vn -0.5870 -0.0001 -0.8096
vn -0.5870 -0.0000 -0.8096
vn 0.5870 -0.0000 -0.8096
vn -0.6580 -0.0000 0.7530
vn -0.4430 -0.0000 0.8965
vn 0.4430 -0.0000 0.8965
vn 0.6580 -0.0000 0.7530
vn 0.7064 -0.0000 0.7079
vn -0.0000 -0.3591 -0.9333
vn -0.0000 0.3591 0.9333
vn 0.7645 0.6095 -0.2099
vn 0.0001 -0.3590 -0.9333
vn -0.7645 -0.6096 0.2098
vn -0.7645 -0.6096 0.2099
vn 0.0001 0.3591 0.9333
vn -0.7644 0.6095 -0.2099
vn -0.7644 0.6096 -0.2099
vn -0.0001 -0.3590 -0.9333
vn 0.7644 -0.6096 0.2099
vn -0.0000 0.5596 -0.8288
vn -0.8666 -0.4990 -0.0000
vn -0.8666 0.4990 -0.0000
vn -0.8655 -0.5010 0.0001
vn -0.5000 -0.8660 -0.0000
vn -0.8655 -0.5010 -0.0000
vn 0.5000 -0.8660 -0.0000
vn 0.8655 -0.5010 -0.0000
vn 0.8666 -0.4990 0.0001
vn 0.8666 -0.4990 -0.0000
vn 0.8666 0.4990 -0.0000
vn 0.8655 0.5010 -0.0000
vn 0.5000 0.8660 -0.0000
vn -0.5000 0.8660 -0.0000
vn -0.8655 0.5010 -0.0000
vn -0.8655 0.5009 -0.0000
vn -0.7409 0.4034 -0.5370
vn -0.9150 0.4034 -0.0000
vn -0.7409 0.4034 0.5369
vn -0.7397 0.4034 -0.5386
vn -0.2828 0.4034 -0.8702
vn -0.7397 0.4034 -0.5387
vn -0.2828 0.4033 -0.8703
vn 0.2828 0.4033 -0.8702
vn 0.2828 0.4034 -0.8702
vn 0.7397 0.4034 -0.5387
vn 0.7397 0.4034 -0.5386
vn 0.7409 0.4034 -0.5370
vn 0.9150 0.4034 -0.0000
vn 0.7409 0.4034 0.5369
vn 0.7409 0.4034 0.5370
vn 0.7396 0.4034 0.5388
vn 0.2828 0.4034 0.8702
vn 0.7397 0.4034 0.5387
vn -0.2828 0.4034 0.8702
vn -0.7397 0.4034 0.5386
vn -0.7397 0.4034 0.5387
vn 0.0001 1.0000 -0.0006
vn -0.0001 1.0000 0.0010
vn -0.0000 1.0000 -0.0005
vn -0.0001 1.0000 0.0011
vn -0.0000 0.0369 0.9993
vn 1.0000 -0.0001 -0.0006
vn 1.0000 0.0001 0.0011
vn 1.0000 -0.0000 -0.0005
vn 1.0000 0.0001 0.0012
vn 0.0367 -0.0000 0.9993
vn 0.0369 -0.0000 0.9993
vn 0.8840 0.4674 -0.0000
vn 0.2946 0.9556 -0.0000
vn -0.2946 0.9556 -0.0000
vn -0.8840 0.4674 -0.0000
vn -0.9229 -0.3851 -0.0000
vn -0.3812 -0.9245 -0.0000
vn 0.3812 -0.9245 -0.0000
vn 0.9229 -0.3851 -0.0000
vn 0.9229 -0.3851 -0.0002
vn -0.9237 -0.3832 -0.0000
vn 0.9237 -0.3832 -0.0000
vn -0.0000 0.6293 0.7771
vn -0.0001 1.0000 0.0001
vn 0.0001 1.0000 0.0001
vn 0.0001 1.0000 0.0002
vn 0.0003 1.0000 0.0002
vn 0.0001 -1.0000 -0.0001
vn 0.0001 -1.0000 0.0001
vn -0.0000 -1.0000 0.0002
vn -0.0001 -1.0000 0.0001
vn -0.0001 -1.0000 -0.0001
vn -0.0002 -1.0000 -0.0002
vn -0.0002 -1.0000 -0.0003
vn -0.0005 -1.0000 -0.0000
vn -0.0000 -0.0003 1.0000
vn 0.0001 -0.0004 1.0000
vn -0.0000 0.0003 -1.0000
vn 0.0001 0.0004 -1.0000
vn -1.0000 -0.0001 -0.0000
vn -1.0000 -0.0004 -0.0000
vn -1.0000 -0.0005 -0.0000
vn 1.0000 0.0001 -0.0000
vn 1.0000 0.0004 -0.0000
vn 1.0000 0.0005 -0.0000
vn -0.0000 -0.0001 -1.0000
vn -0.0000 -0.0002 -1.0000
vn -0.0000 -0.0003 -1.0000
vn -0.0000 -0.0004 -1.0000
vn -0.0000 0.0001 1.0000
vn -0.0000 0.0002 1.0000
vn -0.0000 0.0003 1.0000
vn -0.0000 0.0004 1.0000
vn 1.0000 -0.0001 -0.0000
vn 1.0000 -0.0004 -0.0000
vn 1.0000 -0.0005 -0.0000
vn -1.0000 0.0001 -0.0000
vn -1.0000 0.0004 -0.0000
vn -1.0000 0.0005 -0.0000
vn -0.0001 -0.0001 1.0000
vn -0.0000 -0.0002 1.0000
vn -0.0000 -0.0004 1.0000
vn 0.0001 -0.0005 1.0000
vn -0.0001 0.0001 -1.0000
vn -0.0000 0.0002 -1.0000
vn -0.0000 0.0004 -1.0000
vn 0.0001 0.0005 -1.0000
vn -0.0000 -0.7064 0.7078
vn -0.0000 0.7064 0.7078
vn -0.0000 -0.7078 0.7064
vn -0.0000 -0.7078 -0.7064
vn -0.0000 -0.7064 -0.7078
vn -0.0000 -0.7063 -0.7079
vn -0.0000 0.7064 -0.7078
vn -0.0000 0.7063 -0.7079
vn -0.0000 0.7078 -0.7064
vn -0.0000 0.7078 0.7064
vn 0.3097 0.0400 0.9500
vn -0.8090 0.0400 0.5864
vn 0.3098 0.0401 0.9500
vn -0.8090 0.0400 0.5865
vn -0.8078 0.0400 0.5881
vn -0.8078 0.0400 -0.5881
vn -0.8078 0.0401 0.5881
vn -0.8089 0.0400 -0.5866
vn 0.3098 0.0400 -0.9500
vn -0.8090 0.0400 -0.5865
vn 0.3097 0.0400 -0.9500
vn 0.3078 0.0400 -0.9506
vn 0.9992 0.0400 -0.0000
vn 0.3077 0.0401 -0.9506
vn 0.3078 0.0400 0.9506
vn -0.0000 0.4675 -0.8840
vn -0.0000 -0.0007 -1.0000
vn -0.0003 -0.0000 1.0000
vn -0.7947 0.6070 -0.0000
vn 0.7947 0.6070 -0.0000
vn 0.0002 0.7064 0.7078
vn -0.3098 0.0400 -0.9500
vn 0.8090 0.0400 -0.5864
vn -0.3097 0.0401 -0.9500
vn 0.8078 0.0400 -0.5881
vn 0.8078 0.0400 0.5881
vn 0.8078 0.0401 -0.5881
vn 0.8089 0.0400 0.5866
vn -0.3098 0.0400 0.9500
vn 0.8090 0.0401 0.5865
vn -0.3097 0.0400 0.9500
vn -0.3078 0.0400 0.9506
vn -0.9992 0.0400 -0.0000
vn -0.3078 0.0401 0.9506
vn -0.3077 0.0400 -0.9506
vn -0.3079 0.0400 -0.9506
vn -0.0000 -0.3852 -0.9228
vn -0.0000 -0.3852 0.9229
vn 0.0002 -0.3852 0.9228
vn 0.0001 0.4673 0.8841
vn -0.3536 0.7069 -0.6126
vn -0.1162 0.9726 -0.2012
vn -0.0000 0.7069 -0.7073
vn -0.0000 0.9726 -0.2323
vn 0.3537 0.7069 -0.6125
vn -0.2012 0.9726 -0.1162
vn -0.6125 0.7069 -0.3537
vn 0.1162 0.9726 -0.2012
vn 0.6126 0.7069 -0.3536
vn -0.1162 0.9726 0.2012
vn -0.2323 0.9726 -0.0000
vn -0.7073 0.7069 -0.0000
vn -0.2012 0.9726 0.1162
vn -0.6126 0.7069 0.3536
vn -0.3537 0.7069 0.6125
vn -0.0000 0.9726 0.2323
vn -0.0000 0.7069 0.7073
vn 0.1162 0.9726 0.2012
vn 0.3536 0.7069 0.6126
vn 0.2012 0.9726 -0.1162
vn 0.7073 0.7069 -0.0000
vn 0.2012 0.9726 0.1162
vn 0.6125 0.7069 0.3537
vn 0.2323 0.9726 -0.0000
vn -0.9992 -0.0000 0.0409
vn -0.9875 -0.0000 0.1578
vn -0.8910 -0.0000 0.4540
vn -0.8316 -0.0000 0.5554
vn -0.8090 -0.0000 0.5878
vn -0.0001 -1.0000 -0.0004
vn -0.0001 -1.0000 -0.0002
vn 0.0001 -1.0000 -0.0002
vn 0.0001 -1.0000 -0.0004
vn 0.4535 -0.0143 -0.8911
vn 0.4521 -0.0093 -0.8919
vn 0.4544 -0.0127 -0.8907
vn 0.4518 -0.0072 -0.8921
vn 0.4469 -0.0000 -0.8946
vn 0.4173 -0.0000 -0.9088
vn 0.4341 -0.0235 -0.9005
vn 0.4389 -0.0305 -0.8980
vn 0.4477 -0.0428 -0.8931
vn 0.4480 -0.0430 -0.8930
vn 0.4484 -0.0005 -0.8938
vn 0.4483 -0.0002 -0.8939
vn -0.0000 -0.0306 0.9995
vn 0.0004 -0.0305 0.9995
vn 0.0004 -0.0306 0.9995
vn 0.0038 -0.0095 0.9999
vn -0.0000 0.0075 1.0000
vn -0.0004 -0.0305 0.9995
vn -0.0004 -0.0306 0.9995
vn -0.0000 -0.9999 0.0159
vn 0.0152 -0.9999 0.0077
vn 0.0148 -0.9999 0.0090
vn 0.0139 -0.9998 0.0117
vn 0.0125 -0.9998 0.0144
vn 0.0106 -0.9998 0.0168
vn 0.0079 -0.9998 0.0190
vn 0.0051 -0.9998 0.0204
vn 0.0016 -0.9998 0.0212
vn -0.0000 -0.9998 0.0213
vn -0.0016 -0.9998 0.0212
vn -0.0051 -0.9998 0.0204
vn -0.0079 -0.9998 0.0190
vn -0.0106 -0.9998 0.0168
vn -0.0125 -0.9998 0.0144
vn -0.0139 -0.9998 0.0117
vn -0.0148 -0.9999 0.0090
vn -0.0152 -0.9999 0.0077
vn -0.0000 -0.0101 0.9999
vn 0.0001 -0.0104 0.9999
vn -0.0002 -0.0199 0.9998
vn -0.0000 -0.0075 1.0000
vn -0.0001 -0.0004 1.0000
vn -0.0001 -0.0104 0.9999
vn 0.0002 -0.0200 0.9998
vn -0.8087 0.0685 -0.5843
vn -0.8086 0.0685 -0.5843
vn -0.7897 0.1416 -0.5969
vn -0.8152 0.1305 -0.5642
vn -0.5848 0.0968 -0.8054
vn -0.6320 0.0269 -0.7745
vn -0.8563 0.0861 -0.5093
vn -0.8959 -0.0079 -0.4442
vn -0.5864 0.0685 -0.8071
vn -0.5422 0.0270 -0.8398
vn -0.6312 0.0270 -0.7752
vn -0.5832 0.0970 -0.8065
vn -0.3265 0.1387 -0.9350
vn -0.0000 0.0992 -0.9951
vn -0.2854 0.1387 -0.9483
vn -0.3083 0.0685 -0.9488
vn -0.0550 0.0270 -0.9981
vn -0.0000 0.0340 -0.9994
vn -0.0000 0.0685 -0.9977
vn 0.0550 0.0270 -0.9981
vn 0.2854 0.1387 -0.9483
vn 0.3265 0.1387 -0.9350
vn 0.5832 0.0972 -0.8065
vn 0.3083 0.0685 -0.9488
vn 0.5422 0.0270 -0.8398
vn 0.6312 0.0270 -0.7752
vn 0.5864 0.0685 -0.8071
vn 0.0007 -1.0000 0.0006
vn 0.0020 -1.0000 -0.0037
vn 0.0025 -1.0000 -0.0059
vn 0.0003 -1.0000 0.0004
vn 0.0002 -1.0000 0.0005
vn 0.0001 -1.0000 0.0006
vn -0.0000 -1.0000 0.0006
vn -0.0001 -1.0000 0.0006
vn -0.0002 -1.0000 0.0005
vn -0.0003 -1.0000 0.0004
vn -0.0025 -1.0000 -0.0059
vn -0.0020 -1.0000 -0.0037
vn -0.0007 -1.0000 0.0006
vn -0.8061 0.0866 -0.5855
vn -0.7880 0.1454 -0.5982
vn -0.8120 0.1368 -0.5674
vn -0.5849 0.0889 -0.8062
vn -0.6320 0.0273 -0.7745
vn -0.8547 0.0805 -0.5128
vn -0.8910 -0.0095 -0.4540
vn -0.5856 0.0866 -0.8060
vn -0.5422 0.0275 -0.8398
vn -0.6312 0.0275 -0.7751
vn -0.5832 0.0891 -0.8074
vn -0.3255 0.1453 -0.9343
vn -0.0000 0.0918 -0.9958
vn -0.2858 0.1453 -0.9472
vn -0.3079 0.0866 -0.9475
vn -0.0550 0.0275 -0.9981
vn -0.0000 0.0389 -0.9992
vn -0.0000 0.0866 -0.9962
vn 0.0550 0.0275 -0.9981
vn 0.2858 0.1453 -0.9472
vn 0.3255 0.1453 -0.9343
vn 0.5832 0.0892 -0.8074
vn 0.3079 0.0866 -0.9475
vn 0.5422 0.0275 -0.8398
vn 0.6312 0.0275 -0.7751
vn 0.5856 0.0866 -0.8060
vn -0.9660 -0.0000 -0.2584
vn -0.8790 -0.0000 -0.4769
vn -0.7178 -0.0000 -0.6963
vn -0.7812 -0.0000 -0.6243
vn 0.7812 -0.0000 -0.6243
vn -0.7825 -0.0000 -0.6227
vn -0.9672 -0.0000 0.2540
vn -0.2400 -0.0000 0.9708
vn -0.4575 -0.0000 -0.8892
vn -0.5362 -0.0000 -0.8441
vn -0.7164 -0.0000 -0.6977
vn 0.0001 -1.0000 0.0002
vn -0.8478 0.0001 -0.5303
vn -0.8478 -0.0000 -0.5303
vn -0.8995 -0.0000 -0.4369
vn -0.9563 -0.0000 -0.2925
vn -0.9635 -0.0054 -0.2677
vn -0.9700 -0.0038 -0.2433
vn -0.9679 -0.0035 -0.2513
vn -0.9953 -0.0061 -0.0962
vn -0.9904 -0.0000 -0.1381
vn 0.0011 -0.0000 -1.0000
vn -0.7193 -0.0000 -0.6947
vn -0.8389 -0.0000 -0.5443
vn -0.9817 -0.0000 -0.1907
vn -0.9974 -0.0000 0.0725
vn -0.8994 -0.0000 0.4372
vn -0.9880 -0.0000 0.1542
vn -0.8219 -0.0000 0.5696
vn 0.0164 -0.0001 0.9999
vn 0.0201 -0.0000 0.9998
vn -0.0000 1.0000 -0.0020
vn -0.0970 -0.0000 0.9953
vn 0.0970 -0.0000 0.9953
vn 0.0976 -0.0000 0.9952
vn -0.3078 -0.0000 0.9514
vn -0.7323 -0.0000 0.6810
vn -0.7330 -0.0000 0.6803
vn -0.9333 -0.0000 0.3590
vn -0.9828 -0.0000 -0.1848
vn -0.9266 -0.0000 -0.3760
vn -0.9938 -0.0000 0.1111
vn -0.9947 -0.0000 0.1025
vn -0.9948 -0.0000 0.1019
vn -0.9587 -0.0000 0.2843
vn 0.0001 -0.0001 1.0000
vn 0.0001 0.0001 -1.0000
vn 0.9992 -0.0000 0.0409
vn 0.9875 -0.0000 0.1578
vn 0.8910 -0.0000 0.4540
vn 0.8316 -0.0000 0.5554
vn 0.8090 -0.0000 0.5878
vn -0.4535 -0.0143 -0.8911
vn -0.4544 -0.0127 -0.8907
vn -0.4521 -0.0093 -0.8919
vn -0.4518 -0.0072 -0.8921
vn -0.4469 -0.0000 -0.8946
vn -0.4341 -0.0235 -0.9005
vn -0.4173 -0.0000 -0.9088
vn -0.4389 -0.0305 -0.8980
vn -0.4477 -0.0428 -0.8931
vn -0.4480 -0.0430 -0.8930
vn -0.4483 -0.0000 -0.8939
vn -0.4483 -0.0002 -0.8939
vn 0.8087 0.0685 -0.5843
vn 0.7897 0.1416 -0.5969
vn 0.8086 0.0685 -0.5843
vn 0.8152 0.1305 -0.5642
vn 0.5848 0.0970 -0.8054
vn 0.6320 0.0269 -0.7745
vn 0.8563 0.0861 -0.5093
vn 0.8959 -0.0079 -0.4442
vn 0.8061 0.0866 -0.5855
vn 0.7880 0.1454 -0.5982
vn 0.8120 0.1368 -0.5674
vn 0.5849 0.0891 -0.8062
vn 0.6320 0.0273 -0.7745
vn 0.8547 0.0805 -0.5128
vn 0.8910 -0.0095 -0.4540
vn 0.9660 -0.0000 -0.2584
vn 0.8790 -0.0000 -0.4769
vn 0.7178 -0.0000 -0.6963
vn 0.7825 -0.0000 -0.6227
vn 0.9672 -0.0000 0.2540
vn 0.2400 -0.0000 0.9708
vn 0.4575 -0.0000 -0.8892
vn 0.5362 -0.0000 -0.8441
vn 0.7164 -0.0000 -0.6977
vn 0.8995 -0.0000 -0.4369
vn 0.8478 -0.0000 -0.5303
vn 0.9431 -0.0000 -0.3324
vn 0.9576 -0.0000 -0.2880
vn 0.9431 -0.0000 -0.3325
vn 0.9904 -0.0000 -0.1381
vn -0.0011 -0.0000 -1.0000
vn 0.7193 -0.0000 -0.6947
vn 0.8389 -0.0000 -0.5443
vn 0.9817 -0.0000 -0.1907
vn 0.9974 -0.0000 0.0725
vn 0.8994 -0.0000 0.4372
vn 0.9882 -0.0000 0.1529
vn 0.5269 -0.0000 0.8499
vn -0.1435 -0.0000 0.9896
vn -0.0068 -0.0000 1.0000
vn -0.0056 -0.0001 1.0000
vn -0.0055 -0.0001 1.0000
vn -0.0976 -0.0000 0.9952
vn 0.3078 -0.0000 0.9514
vn 0.7323 -0.0000 0.6810
vn 0.7330 -0.0000 0.6803
vn 0.9333 -0.0000 0.3590
vn 0.9828 -0.0000 -0.1848
vn 0.9266 -0.0000 -0.3760
vn 0.9938 -0.0000 0.1111
vn 0.9948 -0.0000 0.1020
vn 0.9947 -0.0000 0.1025
vn 0.9587 -0.0000 0.2843
vn -0.2588 -0.0000 -0.9659
vn -0.9659 -0.0000 -0.2588
vn 0.9659 -0.0000 -0.2588
vn 0.2588 -0.0000 -0.9659
vn -0.7811 -0.0000 0.6243
vn -1.0000 -0.0000 0.0002
vn 0.7825 -0.0000 0.6227
vn 1.0000 -0.0000 0.0002
vn -0.3271 -0.0000 0.9450
vn 0.3271 -0.0000 -0.9450
vn -0.3271 -0.0000 -0.9450
vn 0.3271 -0.0000 0.9450
vn 1.0000 0.0003 -0.0000
vn 1.0000 -0.0001 0.0001
vn -1.0000 0.0003 -0.0000
vn 0.5886 -0.0000 0.8085
vn 0.5885 0.0002 0.8085
vn 0.9510 -0.0000 0.3091
vn 0.9510 -0.0000 -0.3091
vn 0.5887 -0.0000 -0.8083
vn 0.5887 -0.0001 -0.8083
vn 0.5871 -0.0000 -0.8095
vn -0.0001 -0.0003 -1.0000
vn -0.5870 -0.0003 -0.8096
vn -0.5887 -0.0001 -0.8083
vn -0.5887 -0.0000 -0.8084
vn -0.9510 -0.0000 -0.3091
vn -0.9510 -0.0000 0.3091
vn -0.5886 -0.0000 0.8085
vn -0.5869 -0.0000 0.8097
vn 0.5868 -0.0000 0.8097
vn -0.0000 -1.0000 0.0001
vn -0.8896 0.1020 0.4453
vn -0.4326 0.0973 -0.8963
vn -0.9713 0.1136 0.2087
vn -0.2003 0.0761 -0.9768
vn 0.4318 -0.1001 0.8964
vn -0.8883 0.1141 0.4448
vn 0.5655 -0.0953 0.8192
vn -0.8201 0.0804 0.5665
vn 0.8931 -0.1007 -0.4385
vn 0.4294 -0.0953 0.8981
vn 0.9700 -0.1117 -0.2159
vn 0.2040 -0.0759 0.9760
vn -0.4345 0.1011 -0.8950
vn 0.8918 -0.1139 -0.4379
vn -0.5624 0.0960 -0.8212
vn 0.8162 -0.0782 -0.5725
vn -0.9803 0.0425 0.1928
vn -0.1847 0.0476 -0.9816
vn -0.9908 0.0497 -0.1261
vn 0.1274 0.0360 -0.9912
vn 0.1854 -0.0557 0.9811
vn -0.9800 0.0533 0.1918
vn 0.4262 -0.0546 0.9030
vn -0.9059 0.0316 0.4223
vn 0.9819 -0.0403 -0.1851
vn 0.1835 -0.0460 0.9819
vn 0.9918 -0.0481 0.1182
vn -0.1258 -0.0359 0.9914
vn -0.1871 0.0559 -0.9808
vn 0.9815 -0.0528 -0.1840
vn -0.4250 0.0554 -0.9035
vn 0.9025 -0.0292 -0.4296
vn -0.8858 0.1704 0.4316
vn -0.3971 0.1797 -0.9000
vn -0.9631 0.1952 0.1855
vn -0.1587 0.1445 -0.9767
vn 0.3944 -0.1825 0.9006
vn -0.8843 0.1790 0.4313
vn 0.5422 -0.1784 0.8211
vn -0.8214 0.1218 0.5572
vn 0.8910 -0.1686 -0.4215
vn 0.3933 -0.1760 0.9024
vn 0.9618 -0.1912 -0.1958
vn 0.1639 -0.1446 0.9758
vn -0.3988 0.1841 -0.8984
vn 0.8890 -0.1793 -0.4213
vn -0.5377 0.1795 -0.8238
vn 0.8161 -0.1170 -0.5660
vn -0.6941 0.1711 -0.6992
vn 0.7213 0.1710 -0.6712
vn -0.6940 0.1711 -0.6993
vn 0.7213 0.1711 -0.6711
vn -0.7198 -0.1715 0.6727
vn -0.6926 0.1714 -0.7006
vn -0.7198 -0.1715 0.6726
vn -0.6927 0.1714 -0.7006
vn 0.6941 -0.1711 0.6992
vn -0.7213 -0.1711 0.6711
vn 0.6944 -0.1710 0.6990
vn -0.7210 -0.1711 0.6714
vn 0.7198 0.1715 -0.6727
vn 0.6927 -0.1715 0.7006
vn 0.7197 0.1715 -0.6727
vn 0.6926 -0.1719 0.7005
vn 0.7633 0.2923 0.5762
vn -0.6433 0.2385 0.7275
vn 0.7451 0.2961 0.5976
vn -0.6648 0.2323 0.7100
vn 0.6372 -0.2558 -0.7270
vn 0.7630 0.3324 0.5544
vn 0.6060 -0.2668 -0.7494
vn 0.7877 0.3226 0.5249
vn -0.7633 -0.2915 -0.5765
vn 0.6433 -0.2381 -0.7276
vn -0.7453 -0.2955 -0.5977
vn 0.6645 -0.2320 -0.7104
vn -0.6372 0.2564 0.7268
vn -0.7630 -0.3319 -0.5547
vn -0.6061 0.2675 0.7491
vn -0.7877 -0.3217 -0.5253
vn 0.2004 0.0760 -0.9768
vn 0.4325 0.0971 -0.8964
vn 0.9714 0.1133 0.2088
vn 0.8896 0.1018 0.4452
vn 0.8202 0.0802 0.5665
vn 0.8884 0.1138 0.4448
vn -0.5654 -0.0952 0.8193
vn -0.4318 -0.1000 0.8964
vn -0.2039 -0.0758 0.9761
vn -0.4295 -0.0951 0.8981
vn -0.9701 -0.1114 -0.2157
vn -0.8931 -0.1004 -0.4385
vn -0.8162 -0.0780 -0.5724
vn -0.8918 -0.1136 -0.4379
vn 0.5625 0.0958 -0.8212
vn 0.4345 0.1009 -0.8950
vn -0.1274 0.0359 -0.9912
vn 0.1847 0.0475 -0.9816
vn 0.9908 0.0494 -0.1261
vn 0.9803 0.0421 0.1928
vn 0.9059 0.0313 0.4223
vn 0.9800 0.0530 0.1918
vn -0.4261 -0.0545 0.9030
vn -0.1853 -0.0555 0.9811
vn 0.1258 -0.0358 0.9914
vn -0.1835 -0.0458 0.9820
vn -0.9918 -0.0477 0.1183
vn -0.9819 -0.0400 -0.1851
vn -0.9025 -0.0290 -0.4296
vn -0.9815 -0.0524 -0.1840
vn 0.4251 0.0553 -0.9035
vn 0.1870 0.0559 -0.9808
vn 0.1588 0.1443 -0.9767
vn 0.3972 0.1793 -0.9001
vn 0.9632 0.1946 0.1854
vn 0.8860 0.1698 0.4315
vn 0.8215 0.1214 0.5571
vn 0.8844 0.1785 0.4313
vn -0.5423 -0.1782 0.8210
vn -0.3946 -0.1823 0.9006
vn -0.1639 -0.1444 0.9759
vn -0.3933 -0.1757 0.9025
vn -0.9620 -0.1906 -0.1957
vn -0.8912 -0.1680 -0.4214
vn -0.8162 -0.1167 -0.5658
vn -0.8892 -0.1788 -0.4212
vn 0.5376 0.1793 -0.8239
vn 0.3989 0.1839 -0.8984
vn -0.7214 0.1711 -0.6710
vn -0.7213 0.1707 -0.6713
vn 0.6939 0.1712 -0.6994
vn 0.6941 0.1711 -0.6992
vn 0.6926 0.1715 -0.7006
vn 0.6927 0.1714 -0.7006
vn 0.7199 -0.1718 0.6725
vn 0.7198 -0.1714 0.6727
vn 0.7210 -0.1711 0.6714
vn 0.7214 -0.1711 0.6710
vn -0.6944 -0.1704 0.6991
vn -0.6940 -0.1712 0.6993
vn -0.6926 -0.1715 0.7006
vn -0.6927 -0.1715 0.7006
vn -0.7198 0.1714 -0.6727
vn 0.6646 0.2324 0.7102
vn 0.6435 0.2385 0.7274
vn -0.7452 0.2960 0.5975
vn -0.7631 0.2924 0.5763
vn -0.7877 0.3224 0.5249
vn -0.7630 0.3325 0.5543
vn -0.6060 -0.2665 -0.7495
vn -0.6372 -0.2559 -0.7270
vn -0.6642 -0.2320 -0.7106
vn -0.6433 -0.2383 -0.7276
vn 0.7455 -0.2954 -0.5975
vn 0.7632 -0.2919 -0.5765
vn 0.7878 -0.3216 -0.5254
vn 0.7630 -0.3318 -0.5547
vn 0.6061 0.2675 0.7490
vn 0.6372 0.2564 0.7268
vn 0.7064 -0.7078 -0.0002
vn -0.7064 0.7078 -0.0002
vn 0.7079 0.7063 -0.0000
vn -0.7078 0.7064 0.0001
vn -0.7078 -0.7064 -0.0003
vn -0.7064 -0.7078 0.0001
vn 0.7064 -0.7079 -0.0000
vn 0.7063 0.7079 -0.0000
vn 0.7063 0.7079 0.0003
vn -0.7063 0.7079 0.0001
vn -0.7064 0.7078 0.0002
vn -0.7064 0.7078 -0.0001
vn -0.7064 -0.7078 0.0002
vn -0.7078 -0.7064 -0.0002
vn 0.7064 0.7078 0.0002
vn 0.7078 -0.7064 0.0001
vn 0.7078 0.7064 0.0003
vn 0.7078 0.7064 0.0002
vn 0.7078 -0.7064 0.0002
vn 0.7064 -0.7078 -0.0001
vn -0.7064 -0.7079 -0.0000
vn -0.7063 -0.7080 -0.0000
vn -0.7077 0.7065 -0.0000
vn 0.1951 -0.0000 0.9808
vn -0.1951 -0.0000 0.9808
vn 0.8315 -0.0000 0.5556
vn -0.8315 -0.0000 0.5556
vn -0.3115 -0.3115 0.8977
vn -0.4405 -0.0000 0.8977
vn -0.3115 0.3115 0.8977
vn -0.0000 -0.4405 0.8977
vn -0.0000 0.4405 0.8977
vn 0.3115 -0.3115 0.8977
vn 0.3115 0.3115 0.8977
vn 0.4405 -0.0000 0.8977
vn 0.8384 -0.0000 -0.5451
vn 0.8296 0.3949 -0.3948
vn 0.8384 0.5451 -0.0000
vn 0.8296 -0.3949 -0.3949
vn 0.8296 0.3949 0.3948
vn 0.8384 -0.5451 -0.0000
vn 0.8384 -0.0000 0.5451
vn 0.8296 -0.3949 0.3948
vn -0.8384 -0.0000 0.5451
vn -0.8296 0.3949 0.3949
vn -0.8384 0.5451 -0.0000
vn -0.8296 -0.3949 0.3949
vn -0.8296 0.3949 -0.3948
vn -0.8384 -0.5451 -0.0000
vn -0.8384 -0.0000 -0.5451
vn -0.8296 -0.3949 -0.3948
vn 0.1485 0.4935 -0.8570
vn 0.1485 -0.0000 -0.9889
vn 0.1485 0.4936 -0.8569
vn 0.1485 -0.4935 -0.8570
vn 0.1485 0.4953 -0.8559
vn 0.1485 0.8564 -0.4945
vn 0.1485 0.8564 -0.4944
vn 0.1485 0.9889 -0.0000
vn 0.1485 0.8564 0.4945
vn 0.1484 0.8564 0.4945
vn 0.1485 0.4954 0.8559
vn 0.1485 0.4953 0.8559
vn 0.1484 0.4935 0.8570
vn 0.1485 -0.0000 0.9889
vn 0.1485 0.4935 0.8570
vn 0.1484 -0.4936 0.8569
vn 0.1484 -0.4935 0.8570
vn 0.1484 -0.4954 0.8559
vn 0.1484 -0.8564 0.4945
vn 0.1485 -0.4954 0.8559
vn 0.1485 -0.8564 0.4944
vn 0.1485 -0.9889 -0.0000
vn 0.1484 -0.8564 -0.4945
vn 0.1485 -0.4954 -0.8559
vn 0.1485 -0.4953 -0.8559
vn -0.1485 0.4935 -0.8570
vn -0.1485 -0.0000 -0.9889
vn -0.1485 -0.4935 -0.8570
vn -0.1485 0.4953 -0.8559
vn -0.1485 0.8564 -0.4945
vn -0.1485 0.8564 -0.4944
vn -0.1485 0.9889 -0.0000
vn -0.1485 0.8564 0.4945
vn -0.1484 0.8564 0.4945
vn -0.1485 0.4953 0.8559
vn -0.1484 0.4935 0.8570
vn -0.1485 -0.0000 0.9889
vn -0.1484 -0.4936 0.8570
vn -0.1484 -0.4935 0.8570
vn -0.1484 -0.4954 0.8559
vn -0.1485 -0.4954 0.8559
vn -0.1484 -0.8564 0.4945
vn -0.1485 -0.8564 0.4944
vn -0.1485 -0.9889 -0.0000
vn -0.1484 -0.8564 -0.4945
vn -0.1485 -0.4954 -0.8559
vn -0.1485 -0.4953 -0.8559
vn 0.8570 0.4935 0.1485
vn 0.9889 -0.0000 0.1485
vn 0.8569 0.4936 0.1485
vn 0.8570 -0.4935 0.1485
vn 0.8559 0.4953 0.1485
vn 0.4945 0.8564 0.1485
vn 0.4944 0.8564 0.1485
vn -0.0000 0.9889 0.1485
vn -0.4945 0.8564 0.1485
vn -0.8559 0.4954 0.1485
vn -0.8570 0.4935 0.1484
vn -0.9889 -0.0000 0.1485
vn -0.8570 0.4935 0.1485
vn -0.8569 -0.4936 0.1485
vn -0.8570 -0.4935 0.1484
vn -0.8559 -0.4954 0.1484
vn -0.4945 -0.8564 0.1485
vn -0.8559 -0.4954 0.1485
vn -0.4944 -0.8564 0.1485
vn -0.0000 -0.9889 0.1485
vn 0.4945 -0.8564 0.1485
vn 0.8559 -0.4953 0.1485
vn 0.8559 -0.4954 0.1484
vn 0.9998 -0.0208 -0.0018
vn 0.0137 0.9961 0.0866
vn -0.0137 0.9961 0.0866
vn -0.9998 -0.0208 -0.0018
vn 0.0137 -0.9961 -0.0866
vn -0.0137 -0.9961 -0.0866
vn -0.3201 0.9292 -0.1848
vn -0.0000 0.9292 -0.3696
vn 0.3201 0.9292 -0.1848
vn -0.3201 0.9292 0.1848
vn 0.3201 0.9292 0.1848
vn -0.0000 0.9292 0.3696
vt 0.480321 3.529377
vt 0.501099 3.536799
vt 0.501099 3.538279
vt 0.459543 3.536799
vt 0.459543 3.538279
vt 0.497410 3.526698
vt 0.562737 3.536802
vt 0.512827 3.518925
vt 0.525062 3.506818
vt 0.532917 3.491563
vt 0.535624 3.474652
vt 0.562737 3.462398
vt 0.558800 3.460310
vt 0.533634 3.462223
vt 0.555345 3.457510
vt 0.550730 3.453773
vt 0.552358 3.453773
vt 0.463231 3.526698
vt 0.397905 3.536802
vt 0.447815 3.518925
vt 0.435580 3.506818
vt 0.427725 3.491563
vt 0.425018 3.474652
vt 0.397905 3.462398
vt 0.401841 3.460310
vt 0.427007 3.462223
vt 0.405297 3.457510
vt 0.409912 3.453773
vt 0.408284 3.453773
vt 0.557718 3.474650
vt 0.546981 3.453772
vt 0.557719 3.453773
vt 0.532303 3.474652
vt 0.530183 3.461404
vt 0.556726 3.486627
vt 0.529758 3.490547
vt 0.553898 3.498308
vt 0.549247 3.509404
vt 0.522375 3.504886
vt 0.542909 3.519650
vt 0.510875 3.516266
vt 0.521790 3.548414
vt 0.496384 3.523572
vt 0.480321 3.526090
vt 0.486410 3.548415
vt 0.474232 3.548415
vt 0.486410 3.549817
vt 0.474232 3.549817
vt 0.438852 3.548414
vt 0.464258 3.523572
vt 0.449767 3.516266
vt 0.417732 3.519650
vt 0.438267 3.504886
vt 0.411395 3.509404
vt 0.430883 3.490547
vt 0.406744 3.498308
vt 0.403916 3.486627
vt 0.428339 3.474652
vt 0.402923 3.474650
vt 0.413661 3.453772
vt 0.430458 3.461404
vt 0.402923 3.453773
vt 0.546813 3.451942
vt 0.480321 3.451942
vt 0.521659 3.418349
vt 0.480321 3.405057
vt 0.438982 3.418349
vt 0.413829 3.451942
vt 0.543566 3.452937
vt 0.480321 3.452943
vt 0.519731 3.420975
vt 0.480321 3.408303
vt 0.440910 3.420975
vt 0.417076 3.452937
vt 0.490411 3.372539
vt 0.492903 3.377660
vt 0.485920 3.368995
vt 0.492903 3.383345
vt 0.480321 3.367730
vt 0.490118 3.389085
vt 0.490128 3.406903
vt 0.480321 3.417389
vt 0.489256 3.419147
vt 0.501025 3.412451
vt 0.496830 3.424156
vt 0.511708 3.420600
vt 0.501891 3.431651
vt 0.520093 3.432018
vt 0.531618 3.461799
vt 0.503883 3.444316
vt 0.511607 3.493432
vt 0.533676 3.474652
vt 0.531064 3.490967
vt 0.509226 3.505280
vt 0.523486 3.505685
vt 0.502444 3.515324
vt 0.511682 3.517365
vt 0.512587 3.518599
vt 0.492294 3.522035
vt 0.512588 3.548256
vt 0.480321 3.548261
vt 0.480321 3.524392
vt 0.468348 3.522035
vt 0.448054 3.548256
vt 0.448054 3.518599
vt 0.458198 3.515324
vt 0.448960 3.517365
vt 0.437156 3.505685
vt 0.451416 3.505280
vt 0.429577 3.490967
vt 0.449034 3.493432
vt 0.426966 3.474652
vt 0.429023 3.461799
vt 0.456758 3.444316
vt 0.458750 3.431651
vt 0.440549 3.432018
vt 0.448934 3.420600
vt 0.463811 3.424156
vt 0.459616 3.412451
vt 0.471386 3.419147
vt 0.470514 3.406903
vt 0.470523 3.389085
vt 0.467738 3.383345
vt 0.474721 3.368995
vt 0.467738 3.377660
vt 0.470230 3.372539
vt 0.540868 3.571479
vt 0.493096 3.585588
vt 0.486307 3.537795
vt 0.543602 3.568021
vt 0.486307 3.523213
vt 0.543602 3.545847
vt 0.541401 3.540452
vt 0.508131 3.506326
vt 0.480321 3.477857
vt 0.474335 3.523213
vt 0.452510 3.506326
vt 0.419241 3.540452
vt 0.417040 3.545847
vt 0.417040 3.568021
vt 0.474335 3.537795
vt 0.419774 3.571479
vt 0.467546 3.585588
vt 0.480321 3.585588
vt 0.480321 3.537795
vt 0.480321 3.475691
vt 0.501099 3.552161
vt 0.501099 3.553696
vt 0.480321 3.604789
vt 0.459543 3.553696
vt 0.459543 3.552161
vt 0.542221 3.636192
vt 0.480321 3.636192
vt 0.542221 3.571935
vt 0.535639 3.571935
vt 0.480321 3.539233
vt 0.500489 3.536072
vt 0.518682 3.526899
vt 0.533120 3.512612
vt 0.535639 3.507721
vt 0.425003 3.571935
vt 0.460153 3.536072
vt 0.441960 3.526899
vt 0.427521 3.512612
vt 0.425003 3.507721
vt 0.418421 3.571935
vt 0.418422 3.636192
vt 0.510973 3.602816
vt 0.500950 3.604789
vt 0.519344 3.597282
vt 0.524937 3.588998
vt 0.526901 3.579228
vt 0.449669 3.602816
vt 0.459693 3.604789
vt 0.441298 3.597282
vt 0.435705 3.588998
vt 0.433741 3.579228
vt 0.510973 3.555639
vt 0.519344 3.561174
vt 0.524937 3.569457
vt 0.449669 3.555639
vt 0.441298 3.561174
vt 0.435705 3.569457
vt 0.444482 3.501715
vt 0.444482 3.479669
vt 0.480321 3.501715
vt 0.451581 3.465083
vt 0.464371 3.454989
vt 0.480321 3.451387
vt 0.496270 3.454989
vt 0.509061 3.465083
vt 0.516159 3.479669
vt 0.516159 3.501715
vt 0.516159 3.529742
vt 0.490128 3.529742
vt 0.490119 3.570645
vt 0.480321 3.591999
vt 0.492904 3.576385
vt 0.485921 3.590734
vt 0.492904 3.582070
vt 0.490412 3.587190
vt 0.470523 3.570645
vt 0.470514 3.529742
vt 0.444482 3.529742
vt 0.467738 3.576385
vt 0.474721 3.590734
vt 0.467738 3.582070
vt 0.470231 3.587190
vt 0.499578 3.573440
vt 0.480321 3.492267
vt 0.499578 3.492267
vt 0.501099 3.606757
vt 0.522416 3.606757
vt 0.522416 3.573440
vt 0.501099 3.608263
vt 0.501099 3.636192
vt 0.461064 3.573440
vt 0.461064 3.492267
vt 0.459543 3.606757
vt 0.438225 3.573440
vt 0.438225 3.606757
vt 0.459543 3.608263
vt 0.459543 3.636192
vt 3.507721 0.432483
vt 3.495624 0.401956
vt 3.514543 0.401956
vt 3.491640 0.521738
vt 3.474652 0.521738
vt 3.506965 0.521738
vt 3.474652 0.401956
vt 3.512612 0.432483
vt 3.519128 0.521738
vt 3.526899 0.432483
vt 3.457663 0.521738
vt 3.453680 0.401956
vt 3.438623 0.463011
vt 3.442338 0.521738
vt 3.434760 0.401956
vt 3.425062 0.463011
vt 3.419746 0.401956
vt 0.516730 0.463011
vt 0.499462 0.463011
vt 0.520633 0.401956
vt 0.501514 0.401956
vt 0.480321 0.401956
vt 0.480321 0.463011
vt 0.461179 0.463011
vt 0.459127 0.401956
vt 0.440008 0.401956
vt 0.443911 0.463011
vt 3.518925 0.524065
vt 3.516476 0.552265
vt 3.506818 0.524065
vt 3.505039 0.552265
vt 3.491563 0.524065
vt 3.490627 0.552265
vt 3.474652 0.524065
vt 3.474652 0.552265
vt 3.462223 0.524065
vt 3.463995 0.552265
vt 0.488971 0.552265
vt 0.487173 0.524065
vt 0.503535 0.552265
vt 0.502590 0.524065
vt 0.519679 0.552265
vt 0.519679 0.524065
vt 0.536769 0.524065
vt 0.535823 0.552265
vt 0.552185 0.524065
vt 0.550387 0.552265
vt 0.550730 3.453772
vt 0.549956 3.452262
vt 0.552358 3.453772
vt 0.553863 3.452262
vt 0.556850 3.456000
vt 0.555345 3.457509
vt 0.558800 3.460309
vt 0.560305 3.458799
vt 0.562737 3.462397
vt 0.564242 3.460887
vt 0.562737 3.536801
vt 0.564242 3.538279
vt 3.414946 0.554605
vt 3.415098 0.552265
vt 3.431231 0.554605
vt 3.431383 0.552265
vt 3.452263 0.552265
vt 3.452263 0.554604
vt 3.430303 0.550603
vt 3.416377 0.550603
vt 3.417194 0.538818
vt 3.416157 0.537002
vt 3.432153 0.537002
vt 3.417216 0.521738
vt 3.432922 0.521738
vt 3.452262 0.521738
vt 3.430897 0.538818
vt 3.452262 0.536970
vt 3.433528 0.538818
vt 3.432934 0.550603
vt 3.450439 0.550602
vt 3.450794 0.538819
vt 3.452262 0.538747
vt 3.453772 0.538747
vt 3.453424 0.552265
vt 0.553863 0.521738
vt 0.553863 0.538747
vt 0.548311 0.521738
vt 0.549784 0.536970
vt 0.549956 0.538747
vt 0.551438 3.452263
vt 0.545535 3.452263
vt 0.540617 3.431231
vt 0.536330 3.434384
vt 0.521014 3.419228
vt 0.524159 3.414946
vt 0.501714 3.409497
vt 0.503422 3.404490
vt 0.480321 3.400887
vt 0.480321 3.406144
vt 0.458927 3.409497
vt 0.457220 3.404490
vt 0.436482 3.414946
vt 0.439627 3.419228
vt 0.420025 3.431231
vt 0.424311 3.434384
vt 0.415107 3.452263
vt 0.409203 3.452263
vt 0.546229 3.452263
vt 0.557719 3.453772
vt 0.559223 3.452262
vt 0.559223 3.474649
vt 0.558233 3.486863
vt 0.555349 3.498775
vt 0.550607 3.510090
vt 0.544144 3.520537
vt 0.522646 3.549817
vt 0.486410 3.548414
vt 0.551247 0.552265
vt 0.559223 0.552264
vt 0.551438 0.554604
vt 0.559223 0.569282
vt 0.545535 0.557024
vt 0.546123 0.567412
vt 0.546229 0.569282
vt 3.452262 0.569282
vt 3.452262 0.552264
vt 3.474649 0.569282
vt 3.474649 0.552265
vt 3.486863 0.569282
vt 3.486833 0.552265
vt 3.498716 0.552265
vt 3.498775 0.569282
vt 3.510090 0.569282
vt 3.510003 0.552265
vt 3.520425 0.552265
vt 3.520537 0.569282
vt 3.549817 0.569282
vt 3.549816 0.552265
vt 3.518599 0.585115
vt 3.506581 0.585115
vt 3.516266 0.554601
vt 3.504886 0.554601
vt 3.491438 0.585115
vt 3.490547 0.554601
vt 3.474652 0.554601
vt 3.474652 0.585115
vt 3.461404 0.554601
vt 3.461407 0.585118
vt 0.489125 0.554601
vt 0.503616 0.554601
vt 0.487413 0.585115
vt 0.502716 0.585115
vt 0.519679 0.554601
vt 0.519679 0.585115
vt 0.536643 0.585115
vt 0.535742 0.554601
vt 0.551946 0.585115
vt 0.550233 0.554601
vt 3.417662 0.585122
vt 3.417817 0.582791
vt 3.433246 0.585122
vt 3.433359 0.582791
vt 3.453769 0.585120
vt 3.452263 0.582789
vt 3.453772 0.569282
vt 3.452263 0.569282
vt 3.451452 0.581124
vt 3.451685 0.569304
vt 3.434896 0.581127
vt 3.452263 0.567412
vt 3.435364 0.569349
vt 3.433969 0.567451
vt 3.452263 0.557024
vt 3.434384 0.557035
vt 3.419228 0.557035
vt 3.418657 0.567451
vt 3.419717 0.569349
vt 3.432730 0.569349
vt 3.419072 0.581127
vt 3.432261 0.581127
vt 0.522491 0.521738
vt 0.523269 0.537002
vt 0.502491 0.521738
vt 0.502900 0.537002
vt 0.480321 0.521738
vt 0.504430 0.538818
vt 0.521879 0.538818
vt 0.524046 0.552265
vt 0.522479 0.550603
vt 0.503309 0.552265
vt 0.504746 0.550603
vt 0.524159 0.554605
vt 0.503422 0.554605
vt 0.480321 0.552265
vt 0.480321 0.554605
vt 0.457220 0.554605
vt 0.457333 0.552265
vt 0.459020 0.550603
vt 0.436482 0.554605
vt 0.436595 0.552265
vt 0.478678 0.550603
vt 0.459336 0.538818
vt 0.457741 0.537002
vt 0.478678 0.538818
vt 0.480321 0.537002
vt 0.501621 0.550603
vt 0.481963 0.550603
vt 0.501306 0.538818
vt 0.481963 0.538818
vt 0.458150 0.521738
vt 0.437373 0.537002
vt 0.438150 0.521738
vt 0.456211 0.538818
vt 0.438762 0.538818
vt 0.455895 0.550603
vt 0.438162 0.550603
vt 0.521014 0.557035
vt 0.521433 0.567451
vt 0.501714 0.557035
vt 0.501935 0.567451
vt 0.480321 0.557035
vt 0.503457 0.569349
vt 0.520027 0.569349
vt 0.522049 0.582791
vt 0.520501 0.581127
vt 0.502259 0.582791
vt 0.503706 0.581127
vt 0.522164 0.585122
vt 0.502319 0.585121
vt 0.491649 0.585119
vt 0.480321 0.582793
vt 0.480321 0.585119
vt 0.468993 0.585119
vt 0.458382 0.582791
vt 0.460060 0.581127
vt 0.458323 0.585121
vt 0.438478 0.585122
vt 0.438592 0.582791
vt 0.478678 0.581128
vt 0.460309 0.569349
vt 0.458707 0.567451
vt 0.478678 0.569349
vt 0.480321 0.567451
vt 0.500581 0.581127
vt 0.481963 0.581128
vt 0.500332 0.569349
vt 0.481963 0.569349
vt 0.458927 0.557035
vt 0.439209 0.567451
vt 0.439627 0.557035
vt 0.457185 0.569349
vt 0.440614 0.569349
vt 0.456936 0.581127
vt 0.440141 0.581127
vt 0.500867 3.408220
vt 0.481525 3.405188
vt 0.501306 3.405481
vt 0.481963 3.402450
vt 0.518475 3.404178
vt 0.498817 3.407259
vt 0.518037 3.401439
vt 0.498379 3.404520
vt -2.407259 0.550844
vt -2.408220 0.539060
vt -2.404520 0.550603
vt -2.405481 0.538818
vt 0.520607 3.417754
vt 0.503158 3.408957
vt 0.521879 3.415283
vt 0.504430 3.406486
vt 3.408957 0.539060
vt 3.407995 0.550844
vt 3.406486 0.538818
vt 3.405524 0.550603
vt 0.496526 3.407995
vt 0.478793 3.416936
vt 0.495254 3.405524
vt 0.477521 3.414466
vt -2.416936 0.550844
vt -2.417754 0.539060
vt -2.414466 0.550603
vt -2.415283 0.538818
vt 0.536403 3.432858
vt 0.522556 3.419155
vt 0.538385 3.430897
vt 0.524537 3.417194
vt 3.419155 0.539060
vt 3.418338 0.550844
vt 0.476844 3.418338
vt 0.462770 3.432264
vt 0.474862 3.416377
vt 0.460789 3.430303
vt -2.432264 0.550844
vt -2.432858 0.539060
vt -2.430303 0.550603
vt -2.430897 0.538818
vt 0.546710 3.452053
vt 0.537819 3.434786
vt 0.549207 3.450794
vt 0.540316 3.433528
vt 0.462181 0.539059
vt 0.461355 0.550843
vt 0.459684 0.538818
vt 0.458858 0.550603
vt 0.461355 3.434192
vt 0.452348 3.451698
vt 0.458858 3.432934
vt 0.449851 3.450439
vt 0.547652 0.550843
vt 0.546710 0.539059
vt 0.550149 0.550602
vt 0.549207 0.538819
vt 0.518476 3.407513
vt 0.499858 3.410431
vt 0.518037 3.404770
vt 0.499419 3.407689
vt -2.410431 0.581318
vt -2.411189 0.569540
vt -2.407689 0.581127
vt -2.408447 0.569349
vt 0.499893 3.411189
vt 0.481524 3.408310
vt 0.500332 3.408447
vt 0.481963 3.405568
vt 3.411925 0.569540
vt 3.411167 0.581318
vt 3.409451 0.569349
vt 3.408693 0.581127
vt 0.497568 3.411167
vt 0.480773 3.419635
vt 0.496294 3.408693
vt 0.479499 3.417161
vt -2.419635 0.581318
vt -2.420280 0.569540
vt -2.417161 0.581127
vt -2.417806 0.569349
vt 0.518753 3.420280
vt 0.502183 3.411925
vt 0.520027 3.417806
vt 0.503457 3.409451
vt 3.421680 0.569540
vt 3.421036 0.581318
vt 0.478826 3.421036
vt 0.465497 3.434225
vt 0.476841 3.419072
vt 0.463513 3.432261
vt -2.434225 0.581318
vt -2.434694 0.569540
vt -2.432261 0.581127
vt -2.432730 0.569349
vt 0.533851 3.434694
vt 0.520701 3.421680
vt 0.535835 3.432730
vt 0.522685 3.419717
vt 0.464746 0.569563
vt 0.464095 0.581342
vt 0.462241 0.569349
vt 0.461589 0.581127
vt 0.464095 3.436142
vt 0.455567 3.452699
vt 0.461589 3.434896
vt 0.453062 3.451452
vt 0.544433 0.581338
vt 0.543432 0.569519
vt 0.546938 0.581124
vt 0.545937 0.569304
vt 0.543432 3.452932
vt 0.535254 3.436611
vt 0.545937 3.451685
vt 0.537759 3.435364
vt 3.461408 0.589208
vt 3.461408 0.603308
vt 3.474652 0.603307
vt 3.431293 0.603308
vt 3.431293 0.589207
vt 3.419540 0.603307
vt 3.419540 0.589207
vt 3.491438 0.603307
vt 3.506581 0.603307
vt 3.518599 0.589206
vt 3.518599 0.603307
vt 0.501844 0.589207
vt 0.520248 0.589208
vt 0.522164 3.417662
vt 0.537912 3.433246
vt 0.520248 3.420454
vt 0.534855 3.434908
vt 3.434908 0.589208
vt 3.455266 0.589197
vt 0.512810 3.419540
vt 0.501844 3.411175
vt 0.521442 3.431293
vt 0.533096 3.461408
vt 0.545470 3.455266
vt 3.424156 0.589207
vt 3.431651 0.589207
vt 3.424156 0.609938
vt 3.431651 0.609938
vt 3.444316 0.609938
vt 3.444316 0.589207
vt 3.493432 0.589207
vt 3.493432 0.619734
vt 3.505280 0.589207
vt 3.444316 0.614369
vt 3.444316 0.619734
vt 3.431651 0.619734
vt 3.431651 0.614369
vt 3.424156 0.614369
vt 3.424156 0.619734
vt 3.505280 0.617407
vt 3.505280 0.619734
vt 3.515324 0.589207
vt 3.515324 0.617407
vt 0.497556 0.589207
vt 0.507706 0.589207
vt 0.497556 0.617407
vt 0.507706 0.617407
vt 0.519679 0.589207
vt 0.513693 0.617407
vt 0.519679 0.617407
vt 0.519679 0.619734
vt 0.513693 0.619734
vt 0.525666 0.617407
vt 0.525666 0.619734
vt 0.531652 0.617407
vt 0.531652 0.589207
vt 0.541802 0.617407
vt 0.541802 0.589207
vt 0.511682 3.517366
vt 0.524732 3.506581
vt 0.532529 3.491438
vt 0.535216 3.474652
vt 0.511708 3.420601
vt 0.491649 3.405984
vt 0.491640 3.389427
vt 0.494425 3.383687
vt 0.494425 3.377316
vt 0.491631 3.371576
vt 0.486597 3.367604
vt 0.480321 3.367731
vt 0.480321 3.366186
vt 0.474044 3.367604
vt 0.469010 3.371576
vt 0.466217 3.377316
vt 0.466217 3.383687
vt 0.469001 3.389427
vt 0.468993 3.405984
vt 0.458797 3.411175
vt 0.447832 3.419540
vt 0.448934 3.420601
vt 0.439200 3.431293
vt 0.427546 3.461408
vt 0.425426 3.474652
vt 0.428112 3.491438
vt 0.435910 3.506581
vt 0.448960 3.517366
vt 0.512810 0.603307
vt 0.501844 0.603308
vt 0.512810 0.589207
vt 0.491649 0.603307
vt 3.405984 0.585119
vt 3.405984 0.603307
vt 3.389427 0.585119
vt 3.389427 0.603307
vt 3.383687 0.585119
vt 3.383687 0.603307
vt 3.377316 0.585119
vt 3.377316 0.603307
vt 3.371576 0.585119
vt 3.371576 0.603307
vt 0.491631 0.585119
vt 0.491631 0.603307
vt 0.486597 0.585119
vt 0.486597 0.603307
vt 0.480321 0.603307
vt 0.474044 0.603307
vt 0.474044 0.585119
vt 0.469010 0.603307
vt 0.469010 0.585119
vt -2.517366 0.603307
vt -2.518599 0.603307
vt -2.517365 0.589206
vt -2.518599 0.589206
vt 3.549766 0.585115
vt 3.548256 0.589206
vt 3.548256 0.603306
vt 3.549766 0.603306
vt 0.512588 3.549766
vt 0.480321 3.549766
vt 0.448054 3.549766
vt 0.487412 0.585115
vt 0.487412 0.603306
vt 0.519679 0.603306
vt 0.551946 0.603306
vt 0.466002 0.463011
vt 0.469566 0.463011
vt 0.466002 0.521738
vt 0.474733 0.521738
vt 0.519319 0.521738
vt 0.500823 0.521738
vt 0.519319 0.463011
vt 0.500823 0.463011
vt 0.459818 0.463011
vt 0.459818 0.521738
vt 0.441322 0.463011
vt 0.441322 0.521738
vt 3.421536 0.463011
vt 3.436061 0.463011
vt 3.421536 0.521738
vt 3.436061 0.521738
vt -2.465358 0.555138
vt -2.465358 0.561605
vt -2.466615 0.555138
vt -2.466615 0.561605
vt -2.469588 0.561605
vt -2.469588 0.555138
vt 0.561716 0.561605
vt 0.561716 0.555138
vt 0.563095 0.561605
vt 0.563095 0.555138
vt 0.564474 0.561605
vt 0.564474 0.555138
vt 3.465358 0.561605
vt 3.465358 0.555138
vt 3.466615 0.561605
vt 3.466615 0.555138
vt 3.469588 0.555138
vt 3.469585 0.561605
vt 0.563095 3.464862
vt 0.564474 3.465358
vt 0.561716 3.465358
vt 0.560982 3.466615
vt 0.565208 3.466615
vt 0.565208 3.469585
vt 0.560982 3.469588
vt 0.565781 3.469588
vt 0.558803 3.469588
vt 0.565781 3.465423
vt 0.558803 3.456410
vt 0.441197 3.471458
vt 0.434219 3.471458
vt 0.441197 3.456410
vt 0.434219 3.465423
vt 3.465423 0.553235
vt 3.471458 0.553235
vt 3.465423 0.555138
vt 3.471458 0.562376
vt 3.469588 0.562376
vt 0.558803 3.471458
vt 0.565781 3.471458
vt 0.441197 0.553235
vt 0.441197 0.562376
vt 0.434219 0.553235
vt 0.434219 0.562376
vt 0.565781 0.555138
vt 0.565781 0.562376
vt 0.558803 0.555138
vt 0.558803 0.562376
vt 3.456410 0.555138
vt 3.456410 0.553235
vt 3.538279 0.521738
vt 3.538279 0.524065
vt 3.460887 0.521738
vt 3.538279 0.538747
vt 3.460887 0.538747
vt 3.456000 0.521738
vt 3.456000 0.538747
vt 0.556850 0.538747
vt 0.556850 0.521738
vt 0.560305 0.538747
vt 0.560305 0.521738
vt 0.564242 0.538747
vt 0.564242 0.521738
vt 0.453052 3.440250
vt 0.453052 3.438272
vt 0.464085 3.440250
vt 0.464085 3.438272
vt 0.545130 3.438272
vt 0.545130 3.440250
vt 0.534096 3.438272
vt 0.534096 3.440250
vt 3.438272 0.513425
vt 3.438272 0.512777
vt 3.440250 0.513425
vt 3.440250 0.512777
vt 3.438272 0.511910
vt 3.440250 0.511910
vt 3.440250 0.448809
vt 3.438272 0.448809
vt -2.440250 0.516379
vt -2.440250 0.514475
vt -2.438272 0.516379
vt -2.438272 0.514475
vt -2.440250 0.511925
vt -2.438272 0.511925
vt -2.438272 0.448825
vt -2.440250 0.448825
vt 0.464931 0.448809
vt 0.466661 0.448817
vt 0.464931 0.511910
vt 0.466662 0.511918
vt 0.468392 0.448825
vt 0.468392 0.511925
vt 0.467722 0.514475
vt 0.466213 0.513626
vt 0.464704 0.512777
vt 0.465904 0.516379
vt 0.464994 0.514902
vt 0.464085 0.513425
vt 0.453052 0.520475
vt 0.453961 0.521952
vt 0.454870 0.523428
vt 0.454252 0.524076
vt 0.452742 0.523227
vt 0.451233 0.522378
vt 0.454024 0.524943
vt 0.452294 0.524936
vt 0.450563 0.524928
vt 0.450563 0.533150
vt 0.452294 0.533157
vt 0.454024 0.533165
vt 0.531608 0.448825
vt 0.533338 0.448817
vt 0.531608 0.511925
vt 0.533338 0.511918
vt 0.535069 0.448809
vt 0.535069 0.511910
vt 0.535296 0.512777
vt 0.533787 0.513626
vt 0.532278 0.514475
vt 0.535915 0.513425
vt 0.535006 0.514902
vt 0.534096 0.516379
vt 0.545130 0.523428
vt 0.546039 0.521952
vt 0.546948 0.520475
vt 0.548767 0.522378
vt 0.547258 0.523227
vt 0.545748 0.524076
vt 0.549437 0.524928
vt 0.547706 0.524936
vt 0.545976 0.524943
vt 0.545976 0.533165
vt 0.547706 0.533157
vt 0.549437 0.533150
vt -2.438272 0.523428
vt -2.438272 0.524076
vt -2.440250 0.523428
vt -2.440250 0.524076
vt -2.438272 0.524943
vt -2.440250 0.524943
vt -2.440250 0.533165
vt -2.438272 0.533165
vt 3.440250 0.520475
vt 3.440250 0.522378
vt 3.438272 0.520475
vt 3.438272 0.522378
vt 3.440250 0.524928
vt 3.438272 0.524928
vt 3.438272 0.533150
vt 3.440250 0.533150
vt 3.441518 0.536586
vt 3.434993 0.536586
vt 3.441518 0.534557
vt 3.434993 0.534557
vt 3.441518 0.532529
vt 3.434993 0.532529
vt 0.549728 3.434993
vt 0.549728 3.441518
vt 0.547706 3.434993
vt 0.547706 3.441518
vt 0.545685 3.434993
vt 0.545685 3.441518
vt -2.434993 0.536586
vt -2.441518 0.536586
vt -2.434993 0.534557
vt -2.441518 0.534557
vt -2.434993 0.532529
vt -2.441518 0.532529
vt 0.454315 3.434993
vt 0.454315 3.441518
vt 0.452294 3.434993
vt 0.452294 3.441518
vt 0.450272 3.434993
vt 0.450272 3.441518
vt 0.451259 0.535595
vt 0.450831 0.534557
vt 0.452294 0.536025
vt 0.452294 0.533090
vt 0.451259 0.533520
vt 0.453328 0.533520
vt 0.453756 0.534557
vt 0.453328 0.535595
vt 3.443950 0.535595
vt 3.443950 0.534557
vt 3.443950 0.533520
vt 0.451259 3.443950
vt 0.452294 3.443950
vt 0.453328 3.443950
vt -2.443950 0.533520
vt -2.443950 0.534557
vt -2.443950 0.535595
vt 0.546672 3.443950
vt 0.547706 3.443950
vt 0.548741 3.443950
vt 0.512588 0.554601
vt 0.512588 0.585115
vt 0.509910 0.554601
vt 0.509910 0.585115
vt 0.490090 0.554601
vt 0.490090 0.585115
vt 0.487412 0.554601
vt 0.512587 0.554601
vt 0.512587 0.585115
vt 0.490089 0.554601
vt 0.487413 0.554601
vt 3.522177 0.554601
vt 3.522177 0.585115
vt 3.521300 0.554601
vt 3.521300 0.585115
vt 3.531114 0.554601
vt 3.531114 0.585115
vt 3.530237 0.554601
vt 3.530237 0.585115
vt -2.521300 0.554601
vt -2.521300 0.585115
vt -2.522177 0.554601
vt -2.522177 0.585115
vt -2.530237 0.554601
vt -2.530237 0.585115
vt -2.531114 0.554601
vt -2.531114 0.585115
vt -2.523213 0.619734
vt -2.537795 0.619734
vt -2.523213 0.617407
vt -2.537795 0.617407
vt 0.493096 3.587159
vt 0.541767 3.572784
vt 0.545123 3.568540
vt 0.545123 3.545555
vt 0.542701 3.539618
vt 0.417941 3.539618
vt 0.415519 3.545555
vt 0.415519 3.568540
vt 0.418874 3.572784
vt 0.467546 3.587159
vt 0.480321 3.587159
vt 3.572784 0.633834
vt 3.568540 0.633834
vt 3.572784 0.617407
vt 3.568540 0.617407
vt 3.545555 0.633834
vt 3.545555 0.617407
vt 3.539618 0.633834
vt 3.539618 0.617407
vt 3.505280 0.633834
vt 3.475691 0.619734
vt 3.475691 0.633834
vt 0.506904 0.633834
vt 0.458233 0.633834
vt 0.506904 0.617407
vt 0.458233 0.617407
vt 0.498476 0.617774
vt 0.498476 0.622353
vt 0.490146 0.617774
vt 0.490146 0.622353
vt 0.480321 0.617774
vt 0.480321 0.622353
vt 0.470495 0.622353
vt 0.470495 0.617774
vt 0.462166 0.622353
vt 0.462166 0.617774
vt 0.504815 0.622353
vt 0.504815 0.618824
vt 0.511635 0.622353
vt 0.511635 0.618824
vt 0.519679 0.622353
vt 0.519679 0.618824
vt 0.527724 0.618824
vt 0.527724 0.622353
vt 0.534544 0.618824
vt 0.534544 0.622353
vt 0.510939 3.508353
vt 0.507076 3.504399
vt 0.513924 3.493480
vt 0.509290 3.493384
vt 0.504069 3.430811
vt 0.499714 3.432491
vt 0.498476 3.422528
vt 0.495185 3.425784
vt 0.490146 3.417020
vt 0.488365 3.421275
vt 0.480321 3.415086
vt 0.480321 3.419691
vt 0.472276 3.421275
vt 0.470495 3.417020
vt 0.465456 3.425784
vt 0.462166 3.422528
vt 0.460927 3.432491
vt 0.456572 3.430811
vt 0.451352 3.493384
vt 0.446717 3.493480
vt 0.453566 3.504399
vt 0.449702 3.508353
vt 3.508353 0.617774
vt 3.508353 0.622353
vt 3.493480 0.617774
vt 3.493480 0.622353
vt 3.430811 0.617774
vt 3.430811 0.622353
vt 3.422528 0.617774
vt 3.422528 0.622353
vt -2.504399 0.622353
vt -2.504399 0.618824
vt -2.493384 0.622353
vt -2.493384 0.618824
vt -2.432491 0.622353
vt -2.432491 0.618824
vt -2.425784 0.622353
vt -2.425784 0.618824
vt 0.486076 3.493480
vt 0.519679 3.472751
vt 0.489061 3.508353
vt 0.495931 3.430811
vt 0.501524 3.422528
vt 0.509854 3.417020
vt 0.519679 3.415086
vt 0.529505 3.417020
vt 0.537834 3.422528
vt 0.543428 3.430811
vt 0.553283 3.493480
vt 0.550297 3.508353
vt 0.538068 0.637951
vt 0.538068 0.641811
vt 0.526173 0.637951
vt 0.526173 0.641811
vt 0.538068 0.645672
vt 0.526173 0.645672
vt -2.550333 0.645672
vt -2.550333 0.637951
vt -2.549313 0.641811
vt -2.553121 0.635124
vt -2.553121 0.648498
vt -2.556929 0.634090
vt -2.556929 0.649533
vt -2.560737 0.635124
vt -2.560737 0.648498
vt -2.563524 0.637951
vt -2.563524 0.645672
vt -2.564545 0.641811
vt 0.473827 3.550333
vt 0.473827 3.553121
vt 0.461932 3.550333
vt 0.461932 3.553121
vt 0.473827 3.556929
vt 0.461932 3.556929
vt 0.473827 3.560737
vt 0.461932 3.560737
vt 0.473827 3.563524
vt 0.461932 3.563524
vt 0.473827 0.637951
vt 0.473827 0.641811
vt 0.461932 0.637951
vt 0.461932 0.641811
vt 0.473827 0.645672
vt 0.461932 0.645672
vt 0.526173 3.563524
vt 0.526173 3.560737
vt 0.538068 3.563524
vt 0.538068 3.560737
vt 0.526173 3.556929
vt 0.538068 3.556929
vt 0.526173 3.553121
vt 0.538068 3.553121
vt 0.526173 3.550333
vt 0.538068 3.550333
vt 0.526918 0.619734
vt 0.530578 0.619734
vt 0.528011 0.628971
vt 0.530578 0.628971
vt 0.534237 0.619734
vt 0.533145 0.628971
vt -2.553485 0.628971
vt -2.555645 0.628971
vt -2.551996 0.619734
vt -2.555077 0.619734
vt -2.558316 0.628971
vt -2.558884 0.619734
vt -2.560477 0.628971
vt -2.561965 0.619734
vt 0.471989 0.628971
vt 0.469422 0.628971
vt 0.473082 0.619734
vt 0.469422 0.619734
vt 0.466855 0.628971
vt 0.465763 0.619734
vt 3.560477 0.628971
vt 3.558316 0.628971
vt 3.561965 0.619734
vt 3.558884 0.619734
vt 3.555645 0.628971
vt 3.555077 0.619734
vt 3.553485 0.628971
vt 3.551996 0.619734
vt 0.534731 3.558316
vt 0.533145 3.560477
vt 0.534731 3.555645
vt 0.528011 3.560477
vt 0.530578 3.561302
vt 0.526424 3.555645
vt 0.526424 3.558316
vt 0.530578 3.552659
vt 0.533145 3.553485
vt 0.528011 3.553485
vt 0.536503 3.563816
vt 0.536503 3.550042
vt 0.537689 3.563816
vt 0.537689 3.550041
vt 3.550005 0.641595
vt 3.563852 0.641595
vt 3.550041 0.642308
vt 3.563816 0.642309
vt 0.462285 3.563852
vt 0.462285 3.550005
vt 0.463497 3.563852
vt 0.463497 3.550005
vt 0.463497 0.634969
vt 0.463497 0.648934
vt 0.462311 0.634969
vt 0.462311 0.648934
vt 3.556576 0.648971
vt 3.556576 0.634932
vt 3.557280 0.648934
vt 3.557281 0.634969
vt 0.537715 0.634932
vt 0.537715 0.648971
vt 0.536503 0.634932
vt 0.536503 0.648971
vt 0.529430 3.548123
vt 0.532229 3.548123
vt 0.529430 3.551872
vt 0.532229 3.551872
vt 0.532229 3.561985
vt 0.529430 3.561985
vt 0.532229 3.565735
vt 0.529430 3.565735
vt 0.467771 3.546566
vt 0.470570 3.546566
vt 0.467771 3.550652
vt 0.470570 3.550652
vt 0.467771 3.563206
vt 0.470570 3.563206
vt 0.470570 3.567292
vt 0.467771 3.567292
vt 0.529430 0.631833
vt 0.532229 0.631833
vt 0.529430 0.639558
vt 0.532229 0.639558
vt 0.528730 0.639558
vt 0.532929 0.639558
vt 0.528730 0.643779
vt 0.532929 0.643779
vt 3.546566 0.639558
vt 3.546566 0.631833
vt 3.548123 0.639558
vt 3.548123 0.632945
vt 3.551872 0.630355
vt 3.550652 0.627716
vt 3.563206 0.627716
vt 3.561985 0.630355
vt 3.567292 0.631833
vt 3.565735 0.632945
vt 3.565735 0.639558
vt 3.567292 0.639558
vt -2.548123 0.639558
vt -2.548123 0.632945
vt -2.546566 0.639558
vt -2.546566 0.631833
vt -2.551872 0.630355
vt -2.550652 0.627716
vt -2.561985 0.630355
vt -2.563206 0.627716
vt -2.567292 0.631833
vt -2.565735 0.632945
vt -2.567292 0.639558
vt -2.565735 0.639558
vt 3.545952 0.643779
vt 3.545952 0.639558
vt 3.567905 0.643779
vt 3.567905 0.639558
vt 0.467771 0.632945
vt 0.470570 0.632945
vt 0.467771 0.639558
vt 0.470570 0.639558
vt 0.471270 3.545952
vt 0.471269 3.567905
vt 0.467071 3.545952
vt 0.467071 3.567905
vt 0.467771 0.631833
vt 0.470570 0.631833
vt 0.467071 0.643779
vt 0.467071 0.639558
vt 0.471269 0.643779
vt 0.471269 0.639558
vt 0.528731 3.567905
vt 0.528730 3.545952
vt 0.532929 3.567905
vt 0.532929 3.545952
vt -2.545952 0.639558
vt -2.545952 0.643779
vt -2.567905 0.639558
vt -2.567905 0.643779
vt 0.529430 0.632945
vt 0.532229 0.632945
vt 3.405568 0.569349
vt 3.408310 0.569540
vt 3.404770 0.581128
vt 3.407513 0.581319
vt 3.402450 0.538818
vt 3.405188 0.539060
vt 3.401439 0.550603
vt 3.404178 0.550844
vt 0.466002 3.436061
vt 0.480681 3.421536
vt 0.469566 3.438623
vt 0.483270 3.425062
vt 0.499177 3.412210
vt 0.500538 3.416356
vt 0.519679 3.408997
vt 0.519679 3.413356
vt 0.538821 3.416356
vt 0.540182 3.412210
vt 0.556089 3.425062
vt 0.558678 3.421536
vt 0.569793 3.438623
vt 0.573356 3.436061
vt 0.556688 0.566708
vt 0.548903 0.566708
vt 0.556688 0.559557
vt 0.548711 0.559558
vt -2.452263 0.559558
vt -2.451306 0.559558
vt -2.452263 0.566708
vt -2.449665 0.566708
vt 0.443312 3.452262
vt 0.443312 3.451305
vt 0.451289 3.452263
vt 0.451289 3.451306
vt 3.452262 0.566708
vt 3.449665 0.566708
vt 3.452262 0.559557
vt 3.451305 0.559557
vt 0.548903 3.452263
vt 0.548903 3.449665
vt 0.556688 3.452262
vt 0.556688 3.449665
vt 0.450173 0.554601
vt 0.450173 0.571391
vt 0.447880 0.554601
vt 0.447880 0.571391
vt 0.445588 0.571391
vt 0.445588 0.554601
vt -2.459885 0.571391
vt -2.459885 0.554601
vt -2.457266 0.571391
vt -2.457266 0.554601
vt 0.549827 0.571391
vt 0.549827 0.554601
vt 0.552120 0.571391
vt 0.552120 0.554601
vt 0.554412 0.554601
vt 0.554412 0.571391
vt 3.457266 0.554601
vt 3.459885 0.554601
vt 3.457266 0.571391
vt 3.459885 0.571391
vt 0.441562 0.518135
vt 0.519679 0.518135
vt 0.441562 0.521738
vt 0.519679 0.521738
vt 0.597796 0.521738
vt 0.597796 0.518135
vt 0.558438 0.521738
vt 0.558438 0.518135
vt 0.480321 0.518135
vt 0.402204 0.518135
vt 0.402204 0.521738
vt 0.441562 3.516103
vt 0.441562 3.512676
vt 0.519679 3.516103
vt 0.519679 3.512676
vt 0.597796 3.512676
vt 0.597796 3.516103
vt 3.516103 0.521738
vt 3.512676 0.521738
vt 3.516103 0.518135
vt 3.512676 0.518135
vt 0.441562 3.474362
vt 0.441562 3.470935
vt 0.519679 3.474362
vt 0.519679 3.470935
vt 0.597796 3.470935
vt 0.597796 3.474362
vt 3.474362 0.521738
vt 3.470935 0.521738
vt 3.474362 0.518135
vt 3.470935 0.518135
vt 0.521463 0.617407
vt 0.459093 0.617407
vt 0.521463 0.605613
vt 0.459093 0.615117
vt 0.477937 0.605613
vt 0.540307 0.615117
vt 0.477937 0.617407
vt 0.540307 0.617407
vt 0.459093 3.561769
vt 0.459693 3.559773
vt 0.521463 3.580137
vt 0.522063 3.578142
vt 3.561769 0.617407
vt 3.559773 0.617407
vt 3.561769 0.615117
vt 3.559773 0.615117
vt -2.408622 0.521738
vt -2.604125 0.521738
vt -2.408622 0.518135
vt -2.604125 0.518135
vt 3.408622 0.518135
vt 3.604125 0.518135
vt 3.408622 0.521738
vt 3.604125 0.521738
vt 0.504447 3.604125
vt 0.500984 3.604125
vt 0.504447 3.408622
vt 0.500984 3.408622
vt 0.504447 0.521738
vt 0.500984 0.521738
vt 0.504447 0.518135
vt 0.500984 0.518135
vt -2.468585 0.552265
vt -2.545886 0.552265
vt -2.468585 0.548662
vt -2.545886 0.548662
vt 3.468585 0.548662
vt 3.545886 0.548662
vt 3.468585 0.552265
vt 3.545886 0.552265
vt 0.504447 3.545886
vt 0.500984 3.545886
vt 0.504447 3.468585
vt 0.500984 3.468585
vt 0.504447 0.552265
vt 0.500984 0.552265
vt 0.504447 0.548662
vt 0.500984 0.548662
vt -2.468585 0.585115
vt -2.545886 0.585115
vt -2.468585 0.581512
vt -2.545886 0.581512
vt 3.468585 0.581512
vt 3.545886 0.581512
vt 3.468585 0.585115
vt 3.545886 0.585115
vt 0.504447 0.585115
vt 0.500984 0.585115
vt 0.504447 0.581512
vt 0.500984 0.581512
vt 0.435758 0.521738
vt 0.498901 0.521738
vt 0.435758 0.524065
vt 0.498901 0.524065
vt 0.498901 0.538747
vt 0.435758 0.538747
vt 3.552161 0.521738
vt 3.552161 0.524065
vt -2.536799 0.524065
vt -2.536799 0.538747
vt -2.538279 0.524065
vt -2.538279 0.538747
vt 3.536363 0.599157
vt 3.547341 0.589206
vt 3.547341 0.599157
vt 3.532701 0.594715
vt 3.532701 0.589206
vt 0.503823 3.547341
vt 0.503823 3.536363
vt 0.509973 3.547341
vt 0.509973 3.536363
vt 0.503823 0.589206
vt 0.509973 0.589206
vt 0.503823 0.594715
vt 0.509973 0.594715
vt 0.496177 0.599157
vt 0.490027 0.599157
vt 0.496177 0.589206
vt 0.490027 0.589206
vt -2.547341 0.589206
vt -2.536363 0.599157
vt -2.547341 0.599157
vt -2.532701 0.594715
vt -2.532701 0.589206
vt 0.509973 0.599157
vt 0.503823 0.599157
vt 3.540076 0.589206
vt 3.540076 0.603107
vt 3.547341 0.603107
vt 0.492875 3.547341
vt 0.492875 3.540076
vt 0.499025 3.547341
vt 0.499025 3.540076
vt 0.507125 0.603107
vt 0.500975 0.603107
vt 0.507125 0.589206
vt 0.500975 0.589206
vt -2.540076 0.589206
vt -2.540076 0.603107
vt -2.547341 0.603107
vt 0.492875 0.589206
vt 0.499025 0.589206
vt 0.492875 0.603107
vt 0.499025 0.603107
vt 0.487024 0.521738
vt 0.481318 0.432483
vt 0.502511 0.521738
vt 0.499511 0.432483
vt 0.519679 0.432483
vt 0.539847 0.432483
vt 0.536847 0.521738
vt 0.558040 0.432483
vt 0.552334 0.521738
vt 3.571935 0.401956
vt 3.636192 0.401956
vt 3.571935 0.432483
vt 3.636192 0.432483
vt 0.535639 0.401956
vt 0.542221 0.401956
vt 0.535639 0.432483
vt 0.542221 0.432483
vt 0.457779 0.401956
vt 0.519679 0.401956
vt 0.457779 0.432483
vt 0.581578 0.432483
vt 0.581578 0.401956
vt 0.495553 0.521738
vt 0.495553 0.518135
vt 0.499016 0.521738
vt 0.499016 0.518135
vt 0.474984 0.518991
vt 0.519679 0.510800
vt 0.474984 0.521738
vt 0.564374 0.521738
vt 0.564374 0.518991
vt 0.525016 0.521738
vt 0.525016 0.518991
vt 0.480321 0.510800
vt 0.435626 0.518991
vt 0.435626 0.521738
vt 0.474984 3.580365
vt 0.474984 3.578090
vt 0.519679 3.580365
vt 0.519679 3.578090
vt 0.564374 3.578090
vt 0.564374 3.580365
vt 3.580365 0.521738
vt 3.578090 0.521738
vt 3.580365 0.518991
vt 3.578090 0.518991
vt 0.511567 3.554221
vt 0.520441 3.560088
vt 0.526370 3.568870
vt 0.528452 3.579228
vt 0.526370 3.589586
vt 0.520441 3.598367
vt 0.511567 3.604234
vt 0.501099 3.606295
vt 0.480321 3.606295
vt 0.459543 3.606295
vt 0.519679 0.538747
vt 0.540457 0.521738
vt 0.540457 0.538747
vt -2.552161 0.524065
vt -2.552161 0.538747
vt -2.553696 0.524065
vt -2.553696 0.538747
vt 0.501099 0.538747
vt 0.501099 0.524065
vt 0.511567 0.538747
vt 0.511567 0.521738
vt 0.501099 0.521738
vt 0.520441 0.538747
vt 0.520441 0.521738
vt 3.560088 0.538747
vt 3.560088 0.521738
vt 3.568870 0.538747
vt 3.568870 0.521738
vt 3.579228 0.538747
vt 3.579228 0.521738
vt 3.589586 0.538747
vt 3.589586 0.521738
vt 3.598367 0.538747
vt 3.598367 0.521738
vt 0.479559 0.538747
vt 0.479559 0.521738
vt 0.488433 0.538747
vt 0.488433 0.521738
vt -2.495624 0.401956
vt -2.507721 0.432483
vt -2.514543 0.401956
vt -2.491640 0.521738
vt -2.474652 0.521738
vt -2.506965 0.521738
vt -2.474652 0.401956
vt -2.512612 0.432483
vt -2.519128 0.521738
vt -2.526899 0.432483
vt -2.457663 0.521738
vt -2.453680 0.401956
vt -2.438623 0.463011
vt -2.442338 0.521738
vt -2.434760 0.401956
vt -2.425062 0.463011
vt -2.419746 0.401956
vt -2.518925 0.524065
vt -2.506818 0.524065
vt -2.516476 0.552265
vt -2.505039 0.552265
vt -2.491563 0.524065
vt -2.490627 0.552265
vt -2.474652 0.524065
vt -2.474652 0.552265
vt -2.462223 0.524065
vt -2.463995 0.552265
vt 0.409912 3.453772
vt 0.408284 3.453772
vt 0.410686 3.452262
vt 0.406779 3.452262
vt 0.403792 3.456000
vt 0.405297 3.457509
vt 0.401841 3.460309
vt 0.400337 3.458799
vt 0.397905 3.462397
vt 0.396400 3.460887
vt 0.397905 3.536801
vt 0.396400 3.538279
vt -2.414946 0.554605
vt -2.431231 0.554605
vt -2.415098 0.552265
vt -2.431383 0.552265
vt -2.452263 0.552265
vt -2.452263 0.554604
vt -2.416377 0.550603
vt -2.417194 0.538818
vt -2.416157 0.537002
vt -2.432153 0.537002
vt -2.417216 0.521738
vt -2.432922 0.521738
vt -2.452262 0.521738
vt -2.452262 0.536970
vt -2.433528 0.538818
vt -2.432934 0.550603
vt -2.450439 0.550602
vt -2.450794 0.538819
vt -2.452262 0.538747
vt -2.453772 0.538747
vt -2.453424 0.552265
vt 0.410857 0.536970
vt 0.410686 0.538747
vt 0.406779 0.538747
vt 0.412331 0.521738
vt 0.406779 0.521738
vt 0.402923 3.453772
vt 0.414412 3.452263
vt 0.401418 3.452262
vt 0.401418 3.474649
vt 0.402408 3.486863
vt 0.405292 3.498775
vt 0.410035 3.510090
vt 0.416498 3.520537
vt 0.437995 3.549817
vt 0.474232 3.548414
vt 0.409395 0.552265
vt 0.409203 0.554604
vt 0.401418 0.552264
vt 0.401418 0.569282
vt 0.415107 0.557024
vt 0.414518 0.567412
vt 0.414412 0.569282
vt -2.452262 0.569282
vt -2.474649 0.569282
vt -2.452262 0.552264
vt -2.474649 0.552265
vt -2.486863 0.569282
vt -2.486833 0.552265
vt -2.498716 0.552265
vt -2.498775 0.569282
vt -2.510090 0.569282
vt -2.510003 0.552265
vt -2.520425 0.552265
vt -2.520537 0.569282
vt -2.549817 0.569282
vt -2.549816 0.552265
vt -2.518599 0.585115
vt -2.516266 0.554601
vt -2.506581 0.585115
vt -2.504886 0.554601
vt -2.491438 0.585115
vt -2.490547 0.554601
vt -2.474652 0.554601
vt -2.474652 0.585115
vt -2.461404 0.554601
vt -2.461407 0.585118
vt -2.417662 0.585122
vt -2.433246 0.585122
vt -2.417817 0.582791
vt -2.433359 0.582791
vt -2.453769 0.585120
vt -2.452263 0.582789
vt -2.453772 0.569282
vt -2.452263 0.569282
vt -2.451452 0.581124
vt -2.451685 0.569304
vt -2.434896 0.581127
vt -2.452263 0.567412
vt -2.435364 0.569349
vt -2.433969 0.567451
vt -2.452263 0.557024
vt -2.434384 0.557035
vt -2.419228 0.557035
vt -2.418657 0.567451
vt -2.419717 0.569349
vt -2.419072 0.581127
vt 0.478678 3.402450
vt 0.479116 3.405188
vt 0.459336 3.405481
vt 0.459774 3.408220
vt 0.540980 3.404520
vt 0.540542 3.407259
vt 0.521322 3.401439
vt 0.520884 3.404178
vt 3.405481 0.538818
vt 3.408220 0.539060
vt 3.404520 0.550603
vt 3.407259 0.550844
vt 0.456211 3.406486
vt 0.457483 3.408957
vt 0.438762 3.415283
vt 0.440034 3.417754
vt -2.405524 0.550603
vt -2.407995 0.550844
vt -2.406486 0.538818
vt -2.408957 0.539060
vt 0.561838 3.414466
vt 0.560566 3.416936
vt 0.544105 3.405524
vt 0.542833 3.407995
vt 3.415283 0.538818
vt 3.417754 0.539060
vt 3.414466 0.550603
vt 3.416936 0.550844
vt 0.436104 3.417194
vt 0.438085 3.419155
vt 0.422257 3.430897
vt 0.424238 3.432858
vt -2.418338 0.550844
vt -2.419155 0.539060
vt 0.578570 3.430303
vt 0.576588 3.432264
vt 0.564496 3.416377
vt 0.562515 3.418338
vt 3.432858 0.539060
vt 3.432264 0.550844
vt 0.420326 3.433528
vt 0.422823 3.434786
vt 0.411434 3.450794
vt 0.413931 3.452053
vt 0.580500 0.550603
vt 0.578003 0.550843
vt 0.579674 0.538818
vt 0.577177 0.539059
vt 0.589507 3.450439
vt 0.587010 3.451698
vt 0.580500 3.432934
vt 0.578003 3.434192
vt 0.411434 0.538819
vt 0.413931 0.539059
vt 0.410493 0.550602
vt 0.412990 0.550843
vt 0.539940 3.407689
vt 0.539501 3.410431
vt 0.521322 3.404770
vt 0.520883 3.407513
vt 3.408447 0.569349
vt 3.411189 0.569540
vt 3.407689 0.581127
vt 3.410431 0.581318
vt 0.478678 3.405568
vt 0.479117 3.408310
vt 0.460309 3.408447
vt 0.460748 3.411189
vt -2.408693 0.581127
vt -2.411167 0.581318
vt -2.409451 0.569349
vt -2.411925 0.569540
vt 0.559859 3.417161
vt 0.558585 3.419635
vt 0.543064 3.408693
vt 0.541790 3.411167
vt 3.417806 0.569349
vt 3.420280 0.569540
vt 3.417161 0.581127
vt 3.419635 0.581318
vt 0.457185 3.409451
vt 0.458459 3.411925
vt 0.440614 3.417806
vt 0.441888 3.420280
vt -2.421036 0.581318
vt -2.421680 0.569540
vt 0.575846 3.432261
vt 0.573862 3.434225
vt 0.562517 3.419072
vt 0.560533 3.421036
vt 3.434694 0.569540
vt 3.434225 0.581318
vt 0.437956 3.419717
vt 0.439940 3.421680
vt 0.424806 3.432730
vt 0.426790 3.434694
vt 0.577769 0.581127
vt 0.575264 0.581342
vt 0.577118 0.569349
vt 0.574612 0.569563
vt 0.586297 3.451452
vt 0.583791 3.452699
vt 0.577769 3.434896
vt 0.575264 3.436142
vt 0.414704 0.569304
vt 0.417210 0.569519
vt 0.413703 0.581124
vt 0.416209 0.581338
vt 0.422882 3.435364
vt 0.425388 3.436611
vt 0.414704 3.451685
vt 0.417210 3.452932
vt -2.461408 0.589208
vt -2.461408 0.603308
vt -2.474652 0.603307
vt -2.431293 0.603308
vt -2.431293 0.589207
vt -2.419540 0.603307
vt -2.419540 0.589207
vt -2.491438 0.603307
vt -2.506581 0.603307
vt 0.458797 0.589207
vt 0.440393 0.589208
vt 0.425786 3.434908
vt 0.422729 3.433246
vt 0.440393 3.420454
vt 0.438478 3.417662
vt -2.455266 0.589197
vt -2.434908 0.589208
vt 0.415172 3.455266
vt -2.424156 0.589207
vt -2.424156 0.609938
vt -2.431651 0.589207
vt -2.431651 0.609938
vt -2.444316 0.589207
vt -2.444316 0.609938
vt -2.493432 0.589207
vt -2.493432 0.619734
vt -2.505280 0.589207
vt -2.444316 0.614369
vt -2.444316 0.619734
vt -2.431651 0.619734
vt -2.431651 0.614369
vt -2.424156 0.619734
vt -2.424156 0.614369
vt -2.505280 0.617407
vt -2.505280 0.619734
vt -2.515324 0.589207
vt -2.515324 0.617407
vt 0.447832 0.603307
vt 0.447832 0.589207
vt 0.458797 0.603308
vt 0.468993 0.603307
vt -2.389427 0.603307
vt -2.405984 0.603307
vt -2.389427 0.585119
vt -2.405984 0.585119
vt -2.383687 0.585119
vt -2.383687 0.603307
vt -2.377316 0.585119
vt -2.377316 0.603307
vt -2.371576 0.585119
vt -2.371576 0.603307
vt 3.517365 0.589206
vt 3.517366 0.603307
vt -2.549766 0.585115
vt -2.548256 0.589206
vt -2.548256 0.603306
vt -2.549766 0.603306
vt 0.564625 0.521738
vt 0.569793 0.463011
vt 0.573356 0.521738
vt 0.573356 0.463011
vt -2.436061 0.521738
vt -2.436061 0.463011
vt -2.421536 0.521738
vt -2.421536 0.463011
vt 3.469588 0.561605
vt 0.398926 0.561605
vt 0.397547 0.561605
vt 0.398926 0.555138
vt 0.397547 0.555138
vt 0.396167 0.561605
vt 0.396167 0.555138
vt -2.469585 0.561605
vt 0.397547 3.464862
vt 0.398926 3.465358
vt 0.396167 3.465358
vt 0.399660 3.466615
vt 0.395434 3.466615
vt 0.395434 3.469585
vt 0.399660 3.469588
vt 0.401839 3.456410
vt 0.401839 3.469588
vt 0.394861 3.465423
vt 0.394861 3.469588
vt 0.605139 3.465423
vt 0.605139 3.471458
vt 0.598161 3.456410
vt 0.598161 3.471458
vt -2.465423 0.553235
vt -2.465423 0.555138
vt -2.471458 0.553235
vt -2.471458 0.562376
vt -2.469588 0.562376
vt 0.394861 3.471458
vt 0.401839 3.471458
vt 0.605139 0.562376
vt 0.598161 0.562376
vt 0.605139 0.553235
vt 0.598161 0.553235
vt 0.401839 0.562376
vt 0.394861 0.562376
vt 0.401839 0.555138
vt 0.394861 0.555138
vt -2.456410 0.553235
vt -2.456410 0.555138
vt -2.460887 0.538747
vt -2.460887 0.521738
vt -2.538279 0.521738
vt -2.456000 0.538747
vt -2.456000 0.521738
vt 0.403792 0.538747
vt 0.400337 0.538747
vt 0.403792 0.521738
vt 0.400337 0.521738
vt 0.396400 0.538747
vt 0.396400 0.521738
vt 0.575274 3.438272
vt 0.586307 3.438272
vt 0.575274 3.440250
vt 0.586307 3.440250
vt 0.426545 3.440250
vt 0.415512 3.440250
vt 0.426545 3.438272
vt 0.415512 3.438272
vt -2.438272 0.513425
vt -2.440250 0.513425
vt -2.438272 0.512777
vt -2.440250 0.512777
vt -2.438272 0.511910
vt -2.440250 0.511910
vt -2.440250 0.448809
vt -2.438272 0.448809
vt 3.440250 0.516379
vt 3.438272 0.516379
vt 3.440250 0.514475
vt 3.438272 0.514475
vt 3.440250 0.511925
vt 3.438272 0.511925
vt 3.438272 0.448825
vt 3.440250 0.448825
vt 0.574427 0.448809
vt 0.574427 0.511910
vt 0.572697 0.448817
vt 0.572697 0.511918
vt 0.570967 0.448825
vt 0.570967 0.511925
vt 0.571636 0.514475
vt 0.573146 0.513626
vt 0.574655 0.512777
vt 0.573455 0.516379
vt 0.574364 0.514902
vt 0.575274 0.513425
vt 0.586307 0.520475
vt 0.585398 0.521952
vt 0.584488 0.523428
vt 0.585107 0.524076
vt 0.586616 0.523227
vt 0.588126 0.522378
vt 0.585335 0.524943
vt 0.587065 0.524936
vt 0.588795 0.524928
vt 0.588795 0.533150
vt 0.587065 0.533157
vt 0.585335 0.533165
vt 0.429033 0.448825
vt 0.429033 0.511925
vt 0.427303 0.448817
vt 0.427303 0.511918
vt 0.425573 0.448809
vt 0.425573 0.511910
vt 0.425345 0.512777
vt 0.426854 0.513626
vt 0.428364 0.514475
vt 0.424726 0.513425
vt 0.425636 0.514902
vt 0.426545 0.516379
vt 0.415512 0.523428
vt 0.414602 0.521952
vt 0.413693 0.520475
vt 0.411874 0.522378
vt 0.413384 0.523227
vt 0.414893 0.524076
vt 0.411205 0.524928
vt 0.412935 0.524936
vt 0.414665 0.524943
vt 0.414665 0.533165
vt 0.412935 0.533157
vt 0.411205 0.533150
vt 3.438272 0.523428
vt 3.440250 0.523428
vt 3.438272 0.524076
vt 3.440250 0.524076
vt 3.438272 0.524943
vt 3.440250 0.524943
vt 3.440250 0.533165
vt 3.438272 0.533165
vt -2.440250 0.520475
vt -2.438272 0.520475
vt -2.440250 0.522378
vt -2.438272 0.522378
vt -2.440250 0.524928
vt -2.438272 0.524928
vt -2.438272 0.533150
vt -2.440250 0.533150
vt 0.410913 3.434993
vt 0.412935 3.434993
vt 0.410913 3.441518
vt 0.412935 3.441518
vt 0.414957 3.434993
vt 0.414957 3.441518
vt 0.585043 3.434993
vt 0.587065 3.434993
vt 0.585043 3.441518
vt 0.587065 3.441518
vt 0.589087 3.434993
vt 0.589087 3.441518
vt 0.588099 0.535595
vt 0.587065 0.536025
vt 0.588528 0.534557
vt 0.587065 0.533090
vt 0.588099 0.533520
vt 0.586031 0.533520
vt 0.585602 0.534557
vt 0.586031 0.535595
vt 0.588099 3.443950
vt 0.587065 3.443950
vt 0.586031 3.443950
vt 0.413969 3.443950
vt 0.412935 3.443950
vt 0.411901 3.443950
vt 0.450731 0.585115
vt 0.448054 0.585115
vt 0.450731 0.554601
vt 0.448054 0.554601
vt 0.549269 0.585115
vt 0.551946 0.554601
vt 0.549269 0.554601
vt 3.537795 0.617407
vt 3.537795 0.619734
vt 3.523213 0.617407
vt 3.523213 0.619734
vt -2.572784 0.633834
vt -2.572784 0.617407
vt -2.568540 0.633834
vt -2.568540 0.617407
vt -2.545555 0.633834
vt -2.545555 0.617407
vt -2.539618 0.633834
vt -2.539618 0.617407
vt -2.505280 0.633834
vt -2.475691 0.619734
vt -2.475691 0.633834
vt 0.581125 0.617407
vt 0.581125 0.633834
vt 0.532454 0.617407
vt 0.532454 0.633834
vt 0.519679 0.633834
vt -2.508353 0.617774
vt -2.493480 0.617774
vt -2.508353 0.622353
vt -2.493480 0.622353
vt -2.430811 0.617774
vt -2.430811 0.622353
vt -2.422528 0.617774
vt -2.422528 0.622353
vt 3.504399 0.622353
vt 3.493384 0.622353
vt 3.504399 0.618824
vt 3.493384 0.618824
vt 3.432491 0.622353
vt 3.432491 0.618824
vt 3.425784 0.622353
vt 3.425784 0.618824
vt 0.422574 0.637951
vt 0.434469 0.637951
vt 0.422574 0.641811
vt 0.434469 0.641811
vt 0.422574 0.645672
vt 0.434469 0.645672
vt 3.550333 0.637951
vt 3.550333 0.645672
vt 3.549313 0.641811
vt 3.553121 0.635124
vt 3.553121 0.648498
vt 3.556929 0.634090
vt 3.556929 0.649533
vt 3.560737 0.635124
vt 3.560737 0.648498
vt 3.563524 0.637951
vt 3.563524 0.645672
vt 3.564545 0.641811
vt 0.565531 3.550333
vt 0.577426 3.550333
vt 0.565531 3.553121
vt 0.577426 3.553121
vt 0.565531 3.556929
vt 0.577426 3.556929
vt 0.565531 3.560737
vt 0.577426 3.560737
vt 0.565531 3.563524
vt 0.577426 3.563524
vt 0.565531 0.637951
vt 0.577426 0.637951
vt 0.565531 0.641811
vt 0.577426 0.641811
vt 0.565531 0.645672
vt 0.577426 0.645672
vt 0.434469 3.563524
vt 0.422574 3.563524
vt 0.434469 3.560737
vt 0.422574 3.560737
vt 0.434469 3.556929
vt 0.422574 3.556929
vt 0.434469 3.553121
vt 0.422574 3.553121
vt 0.434469 3.550333
vt 0.422574 3.550333
vt 0.433724 0.619734
vt 0.432631 0.628971
vt 0.430064 0.619734
vt 0.430064 0.628971
vt 0.426405 0.619734
vt 0.427497 0.628971
vt 0.567369 0.628971
vt 0.566276 0.619734
vt 0.569936 0.628971
vt 0.569936 0.619734
vt 0.572503 0.628971
vt 0.573595 0.619734
vt 0.432631 3.553485
vt 0.434218 3.555645
vt 0.430064 3.552659
vt 0.425911 3.555645
vt 0.427497 3.553485
vt 0.432631 3.560477
vt 0.434218 3.558316
vt 0.427497 3.560477
vt 0.430064 3.561302
vt 0.425911 3.558316
vt 0.422953 3.550041
vt 0.424139 3.550042
vt 0.422953 3.563816
vt 0.424139 3.563816
vt -2.563816 0.642309
vt -2.563852 0.641595
vt -2.550041 0.642308
vt -2.550005 0.641595
vt 0.575861 3.550005
vt 0.577074 3.550005
vt 0.575861 3.563852
vt 0.577074 3.563852
vt 0.577047 0.648934
vt 0.575861 0.648934
vt 0.577047 0.634969
vt 0.575861 0.634969
vt -2.557281 0.634969
vt -2.556576 0.634932
vt -2.557280 0.648934
vt -2.556576 0.648971
vt 0.424139 0.648971
vt 0.422926 0.648971
vt 0.424139 0.634932
vt 0.422926 0.634932
vt 0.431212 3.548123
vt 0.431212 3.551872
vt 0.428413 3.548123
vt 0.428413 3.551872
vt 0.428413 3.561985
vt 0.431212 3.561985
vt 0.428413 3.565735
vt 0.431212 3.565735
vt 0.571587 3.546566
vt 0.571587 3.550652
vt 0.568788 3.546566
vt 0.568788 3.550652
vt 0.571587 3.563206
vt 0.568788 3.563206
vt 0.568788 3.567292
vt 0.571587 3.567292
vt 0.428413 0.639558
vt 0.428413 0.631833
vt 0.431212 0.639558
vt 0.431212 0.631833
vt 0.427713 0.643779
vt 0.427713 0.639558
vt 0.431912 0.643779
vt 0.431911 0.639558
vt 0.568788 0.639558
vt 0.568788 0.632945
vt 0.571587 0.639558
vt 0.571587 0.632945
vt 0.572287 3.567905
vt 0.568089 3.567905
vt 0.572287 3.545952
vt 0.568089 3.545952
vt 0.568788 0.631833
vt 0.571587 0.631833
vt 0.568089 0.639558
vt 0.572287 0.639558
vt 0.568089 0.643779
vt 0.572287 0.643779
vt 0.427713 3.545952
vt 0.431912 3.545952
vt 0.427713 3.567905
vt 0.431911 3.567905
vt 0.428413 0.632945
vt 0.431212 0.632945
vt -2.407513 0.581319
vt -2.408310 0.569540
vt -2.404770 0.581128
vt -2.405568 0.569349
vt -2.404178 0.550844
vt -2.405188 0.539060
vt -2.401439 0.550603
vt -2.402450 0.538818
vt 0.411930 0.559558
vt 0.411739 0.566708
vt 0.403954 0.559557
vt 0.403954 0.566708
vt 3.451306 0.559558
vt 3.452263 0.566708
vt 3.452263 0.559558
vt 0.588070 3.451306
vt 0.596046 3.451305
vt 0.588070 3.452263
vt 0.596047 3.452262
vt -2.451305 0.559557
vt -2.452262 0.559557
vt -2.452262 0.566708
vt 0.403954 3.449665
vt 0.411739 3.449665
vt 0.403953 3.452262
vt 0.411738 3.452263
vt 0.589186 0.554601
vt 0.591478 0.554601
vt 0.589186 0.571391
vt 0.591478 0.571391
vt 0.593771 0.571391
vt 0.593771 0.554601
vt 0.410814 0.571391
vt 0.408522 0.571391
vt 0.410814 0.554601
vt 0.408522 0.554601
vt 0.406229 0.554601
vt 0.406229 0.571391
vt -2.512676 0.518135
vt -2.512676 0.521738
vt -2.516103 0.518135
vt -2.516103 0.521738
vt -2.470935 0.518135
vt -2.470935 0.521738
vt -2.474362 0.518135
vt -2.474362 0.521738
vt 0.580265 0.615117
vt 0.580265 0.617407
vt 0.517895 0.605613
vt 0.517895 0.617407
vt 0.420335 0.617407
vt 0.420335 0.615117
vt 0.482705 0.617407
vt 0.482705 0.605613
vt 0.517295 3.578142
vt 0.579665 3.559773
vt 0.517895 3.580137
vt 0.580265 3.561769
vt -2.559773 0.615117
vt -2.559773 0.617407
vt -2.561769 0.615117
vt -2.561769 0.617407
vt 0.538374 3.408622
vt 0.538374 3.604125
vt 0.534912 3.408622
vt 0.534911 3.604125
vt 0.538374 0.518135
vt 0.538374 0.521738
vt 0.534911 0.518135
vt 0.534911 0.521738
vt 0.538374 3.468585
vt 0.538374 3.545886
vt 0.534911 3.468585
vt 0.534911 3.545886
vt 0.538374 0.548662
vt 0.538374 0.552265
vt 0.534911 0.548662
vt 0.534911 0.552265
vt 0.538374 0.581512
vt 0.538374 0.585115
vt 0.534911 0.581512
vt 0.534911 0.585115
vt 0.603600 0.521738
vt 0.603600 0.524065
vt 0.540457 0.524065
vt 0.603600 0.538747
vt -2.552161 0.521738
vt 3.536799 0.538747
vt 3.536799 0.524065
vt 0.450669 3.536363
vt 0.456819 3.536363
vt 0.450669 3.547341
vt 0.456819 3.547341
vt 0.450669 0.594715
vt 0.450669 0.589206
vt 0.456819 0.594715
vt 0.456819 0.589206
vt 0.549331 0.589206
vt 0.549331 0.599157
vt 0.543181 0.589206
vt 0.543181 0.599157
vt 0.456819 0.599157
vt 0.450669 0.599157
vt 0.461617 3.540076
vt 0.467767 3.540076
vt 0.461617 3.547341
vt 0.467767 3.547341
vt 0.538383 0.589206
vt 0.538383 0.603107
vt 0.532233 0.589206
vt 0.532233 0.603107
vt 0.461617 0.603107
vt 0.461617 0.589206
vt 0.467767 0.603107
vt 0.467767 0.589206
vt -2.636192 0.432483
vt -2.636192 0.401956
vt -2.571935 0.432483
vt -2.571935 0.401956
vt 0.418421 0.432483
vt 0.418421 0.401956
vt 0.425003 0.432483
vt 0.425003 0.401956
vt 0.461626 0.518135
vt 0.465088 0.518135
vt 0.461626 0.521738
vt 0.465088 0.521738
vt -2.578090 0.518991
vt -2.578090 0.521738
vt -2.580365 0.518991
vt -2.580365 0.521738
vt 0.449075 3.554221
vt 0.440201 3.560088
vt 0.434272 3.568870
vt 0.432190 3.579228
vt 0.434272 3.589586
vt 0.440201 3.598367
vt 0.449075 3.604234
vt 3.553696 0.538747
vt 3.552161 0.538747
vt 3.553696 0.524065
vt 0.459543 0.538747
vt 0.449075 0.538747
vt 0.459543 0.524065
vt 0.449075 0.521738
vt 0.459543 0.521738
vt 0.440201 0.538747
vt 0.440201 0.521738
vt -2.560088 0.538747
vt -2.568870 0.538747
vt -2.560088 0.521738
vt -2.568870 0.521738
vt -2.579228 0.538747
vt -2.579228 0.521738
vt -2.589586 0.538747
vt -2.589586 0.521738
vt -2.598367 0.538747
vt -2.598367 0.521738
vt 0.559799 0.538747
vt 0.550925 0.538747
vt 0.559799 0.521738
vt 0.550925 0.521738
vt 0.530494 0.644945
vt 0.519679 0.644945
vt 0.530494 0.619734
vt 0.508865 0.644945
vt 0.508865 0.619734
vt -2.506299 0.619734
vt -2.498465 0.619734
vt -2.506299 0.644945
vt -2.498465 0.644945
vt -2.487763 0.619734
vt -2.487763 0.644945
vt -2.477062 0.619734
vt -2.477062 0.644945
vt -2.469228 0.619734
vt -2.469228 0.644945
vt 0.469506 0.619734
vt 0.480321 0.619734
vt 0.469506 0.644945
vt 0.480321 0.644945
vt 0.491135 0.619734
vt 0.491135 0.644945
vt 3.469228 0.619734
vt 3.477062 0.619734
vt 3.469228 0.644945
vt 3.477062 0.644945
vt 3.487763 0.619734
vt 3.487763 0.644945
vt 3.498465 0.619734
vt 3.498465 0.644945
vt 3.506299 0.619734
vt 3.506299 0.644945
vt 0.533778 0.653309
vt 0.519679 0.653309
vt 0.505580 0.653309
vt 0.533778 3.511928
vt 0.530494 3.506299
vt 0.544100 3.501715
vt 0.538411 3.498465
vt -2.501715 0.653309
vt -2.487763 0.653309
vt -2.473811 0.653309
vt 0.544100 3.473811
vt 0.538411 3.477062
vt 0.533778 3.463598
vt 0.530494 3.469228
vt 0.466222 0.653309
vt 0.480321 0.653309
vt 0.494420 0.653309
vt 0.505580 3.463598
vt 0.508865 3.469228
vt 0.495259 3.473811
vt 0.500948 3.477062
vt 3.473811 0.653309
vt 3.487763 0.653309
vt 3.501715 0.653309
vt 0.495259 3.501715
vt 0.500948 3.498465
vt 0.505580 3.511928
vt 0.508865 3.506299
vt -2.511928 0.653309
vt -2.511928 0.750227
vt -2.501715 0.750227
vt -2.501715 0.758444
vt -2.487763 0.758444
vt -2.511928 0.758444
vt -2.487763 0.750227
vt -2.473811 0.750227
vt -2.463598 0.653309
vt -2.463598 0.750227
vt -2.463598 0.758444
vt -2.501715 0.762438
vt -2.511928 0.762438
vt -2.500722 0.766315
vt -2.510209 0.766315
vt -2.487763 0.766315
vt -2.487763 0.762438
vt -2.474804 0.766315
vt -2.473811 0.762438
vt -2.465317 0.766315
vt -2.463598 0.762438
vt -2.473811 0.758444
vt -2.486077 0.756531
vt -2.475498 0.756531
vt -2.486077 0.752140
vt -2.475498 0.752140
vt 0.466222 0.750227
vt 0.480321 0.750227
vt 0.494420 0.750227
vt 0.478616 0.752140
vt 0.467926 0.752140
vt 0.466222 0.758444
vt 0.478616 0.756531
vt 0.480321 0.758444
vt 0.467926 0.756531
vt 0.480321 0.762438
vt 0.466222 0.762438
vt 0.480321 0.766315
vt 0.467225 0.766315
vt 0.493417 0.766315
vt 0.494420 0.762438
vt 0.494420 0.758444
vt 0.492716 0.756531
vt 0.492716 0.752140
vt 0.482025 0.756531
vt 0.482025 0.752140
vt 3.463598 0.653309
vt 3.463598 0.750227
vt 3.473811 0.750227
vt 3.473811 0.758444
vt 3.487763 0.750227
vt 3.463598 0.758444
vt 3.473811 0.762438
vt 3.463598 0.762438
vt 3.474804 0.766315
vt 3.465317 0.766315
vt 3.487763 0.766315
vt 3.487763 0.762438
vt 3.500722 0.766315
vt 3.501715 0.762438
vt 3.510209 0.766315
vt 3.511928 0.762438
vt 3.487763 0.758444
vt 3.501715 0.758444
vt 3.511928 0.758444
vt 3.501715 0.750227
vt 3.511928 0.750227
vt 3.511928 0.653309
vt 3.475498 0.756531
vt 3.486077 0.756531
vt 3.475498 0.752140
vt 3.486077 0.752140
vt 0.505580 0.750227
vt 0.519679 0.750227
vt 0.533778 0.750227
vt 0.533778 0.758444
vt 0.519679 0.758444
vt 0.505580 0.758444
vt 0.533778 0.762438
vt 0.519679 0.762438
vt 0.532775 0.766315
vt 0.505580 0.762438
vt 0.519679 0.766315
vt 0.506583 0.766315
vt -2.539012 0.589206
vt -2.539012 0.617407
vt -2.541661 0.589206
vt -2.541661 0.617407
vt 3.541661 0.589206
vt 3.541661 0.617407
vt 3.539012 0.589206
vt 3.539012 0.617407
vt 0.476248 0.589206
vt 0.476248 0.617407
vt 0.475362 0.589206
vt 0.475362 0.617407
vt 0.485280 0.589206
vt 0.485279 0.617407
vt 0.484394 0.589206
vt 0.484394 0.617407
vt 0.524638 0.589206
vt 0.524638 0.617407
vt 0.523752 0.589206
vt 0.523752 0.617407
vt 0.515606 0.589206
vt 0.515606 0.617407
vt 0.514721 0.589206
vt 0.514721 0.617407
vt 0.450360 0.729584
vt 0.463694 0.729584
vt 0.450360 0.746011
vt 0.463694 0.746011
vt 0.480321 0.729584
vt 0.480321 0.746011
vt 0.496947 0.746011
vt 0.496947 0.729584
vt 0.510281 0.746011
vt 0.510281 0.729584
vt -2.464120 0.746011
vt -2.479325 0.746011
vt -2.464120 0.729584
vt -2.479325 0.729584
vt -2.503826 0.729584
vt -2.501715 0.746011
vt -2.503826 0.743685
vt -2.501715 0.760111
vt -2.531283 0.760111
vt -2.531283 0.743685
vt 0.442961 3.501715
vt 0.442961 3.479325
vt 0.450360 3.464120
vt 0.463694 3.453598
vt 0.480321 3.449843
vt 0.496947 3.453598
vt 0.510281 3.464120
vt 0.517681 3.479325
vt 0.517681 3.501715
vt 3.464120 0.746011
vt 3.464120 0.729584
vt 3.479325 0.746011
vt 3.479325 0.729584
vt 3.503826 0.729584
vt 3.501715 0.746011
vt 3.501715 0.760111
vt 3.531283 0.760111
vt 3.531283 0.743685
vt 3.503826 0.743685
vt 3.570302 0.760111
vt 3.570302 0.743685
vt 3.576042 0.743685
vt 3.576042 0.760112
vt 3.582413 0.760112
vt 3.582413 0.743685
vt 3.588153 0.743685
vt 3.588153 0.760112
vt 0.508368 0.743685
vt 0.513402 0.743685
vt 0.508368 0.760112
vt 0.513402 0.760112
vt 0.519679 0.743685
vt 0.519679 0.760112
vt 0.525956 0.760112
vt 0.525956 0.743685
vt 0.530989 0.760112
vt 0.530989 0.743685
vt -2.570302 0.743685
vt -2.570302 0.760111
vt -2.576042 0.743685
vt -2.576042 0.760112
vt -2.582413 0.743685
vt -2.582413 0.760112
vt -2.588153 0.743685
vt -2.588153 0.760112
vt 0.444482 0.760111
vt 0.442961 0.760111
vt 0.444482 0.746011
vt 0.442961 0.746011
vt 0.517681 0.760111
vt 0.516159 0.760111
vt 0.517681 0.746011
vt 0.516159 0.746011
vt 0.517681 3.531283
vt 0.491649 3.531283
vt 0.490119 3.570644
vt 0.491640 3.570302
vt 0.494425 3.576042
vt 0.492904 3.582069
vt 0.494425 3.582413
vt 0.491632 3.588153
vt 0.486598 3.592125
vt 0.480321 3.593543
vt 0.474044 3.592125
vt 0.469011 3.588153
vt 0.466217 3.582413
vt 0.467738 3.582069
vt 0.466217 3.576042
vt 0.469002 3.570302
vt 0.470523 3.570644
vt 0.468993 3.531283
vt 0.442961 3.531283
vt 0.508351 0.760111
vt 0.482319 0.760111
vt 0.508351 0.743685
vt 0.482319 0.743685
vt 0.531007 0.743685
vt 0.557039 0.743685
vt 0.531007 0.760111
vt 0.557039 0.760111
vt 0.521972 0.554602
vt 0.521972 0.571391
vt 0.519679 0.554602
vt 0.519679 0.571391
vt 0.517387 0.571391
vt 0.517387 0.554602
vt -2.421095 0.571391
vt -2.421095 0.554602
vt -2.418476 0.571391
vt -2.418476 0.554602
vt 0.478028 0.571391
vt 0.478028 0.554602
vt 0.480321 0.571391
vt 0.480321 0.554602
vt 0.482613 0.554602
vt 0.482613 0.571391
vt 0.523590 0.554602
vt 0.525065 0.554602
vt 0.523590 0.566056
vt 0.525065 0.566056
vt 0.526540 0.554602
vt 0.526540 0.566056
vt 3.421721 0.554602
vt 3.423407 0.554602
vt 3.421721 0.566056
vt 3.423407 0.566056
vt 0.476410 0.566056
vt 0.474935 0.566056
vt 0.476410 0.554602
vt 0.474935 0.554602
vt 0.473460 0.566056
vt 0.473460 0.554602
vt -2.423407 0.554602
vt -2.421721 0.554602
vt -2.423407 0.566056
vt -2.421721 0.566056
vt 3.418476 0.554602
vt 3.421095 0.554602
vt 3.418476 0.571391
vt 3.421095 0.571391
vt 0.515769 0.554602
vt 0.515769 0.566056
vt 0.514294 0.554602
vt 0.514294 0.566056
vt 0.512818 0.554602
vt 0.512818 0.566056
vt 0.484231 0.566056
vt 0.484231 0.554602
vt 0.485706 0.566056
vt 0.485706 0.554602
vt 0.487182 0.566056
vt 0.487182 0.554602
vt 0.483753 3.459160
vt 0.483753 3.464331
vt 0.476888 3.459160
vt 0.476888 3.464331
vt 0.483753 0.622743
vt 0.476888 0.622743
vt 0.483753 0.619734
vt 0.476888 0.619734
vt -2.459160 0.625998
vt -2.464331 0.625998
vt -2.455950 0.622743
vt -2.455950 0.619734
vt -2.464331 0.619734
vt 0.523112 0.625998
vt 0.516247 0.625998
vt 0.523112 0.619734
vt 0.516247 0.619734
vt 3.464331 0.625998
vt 3.459160 0.625998
vt 3.464331 0.619734
vt 3.455950 0.619734
vt 3.455950 0.622743
vt 0.476888 3.455950
vt 0.483753 3.455950
vt 3.584500 0.401956
vt 3.583080 0.743685
vt 3.579228 0.401956
vt 3.579228 0.743685
vt 3.573956 0.401956
vt 3.575376 0.743685
vt 0.515786 0.743685
vt 0.514351 0.401956
vt 0.523572 0.743685
vt 0.525007 0.401956
vt -2.583080 0.743685
vt -2.584500 0.401956
vt -2.579228 0.743685
vt -2.579228 0.401956
vt -2.575376 0.743685
vt -2.573956 0.401956
vt 0.476428 0.743685
vt 0.474993 0.401956
vt 0.480321 0.743685
vt 0.484214 0.743685
vt 0.485649 0.401956
vt 3.578049 0.743685
vt 3.580406 0.743685
vt 3.578049 0.745272
vt 3.580406 0.745272
vt 0.424680 0.745272
vt 0.424680 0.743685
vt 0.505575 0.745273
vt 0.505575 0.743685
vt 0.575320 0.743685
vt 0.575320 0.745272
vt 0.494425 0.743685
vt 0.494425 0.745273
vt 0.575320 3.578049
vt 0.575320 3.580406
vt 0.494425 3.573364
vt 0.494425 3.585091
vt -2.580406 0.745273
vt -2.580406 0.743685
vt -2.578049 0.745273
vt -2.578049 0.743685
vt 0.533783 0.743685
vt 0.614678 0.743685
vt 0.533783 0.745273
vt 0.614678 0.745273
vt 0.466217 0.745273
vt 0.385322 0.745273
vt 0.466217 0.743685
vt 0.385322 0.743685
vt 0.466217 3.585091
vt 0.385322 3.580406
vt 0.466217 3.573364
vt 0.385322 3.578049
vt -2.585091 0.745273
vt -2.585091 0.743685
vt -2.573364 0.745273
vt -2.573364 0.743685
vt 3.585091 0.743685
vt 3.585091 0.745273
vt 3.573364 0.743685
vt 3.573364 0.745273
vt 0.459506 0.743685
vt 0.461368 0.743685
vt 0.459506 0.745272
vt 0.461368 0.745272
vt -2.653451 0.745272
vt -2.653451 0.743685
vt -2.593794 0.745273
vt -2.593794 0.743685
vt 3.651981 0.743685
vt 3.651981 0.745272
vt 3.586482 0.743685
vt 3.586482 0.745273
vt 0.540494 3.651981
vt 0.538632 3.653451
vt 0.493748 3.586482
vt 0.484485 3.593794
vt 0.484485 0.745273
vt 0.484485 0.743685
vt 0.493748 0.745273
vt 0.493748 0.743685
vt 0.577990 0.745272
vt 0.577990 0.743685
vt 0.579852 0.745272
vt 0.579852 0.743685
vt 3.593794 0.743685
vt 3.653451 0.743685
vt 3.593794 0.745273
vt 3.653451 0.745272
vt -2.586482 0.745273
vt -2.651981 0.745272
vt -2.586482 0.743685
vt -2.651981 0.743685
vt 0.476157 3.593794
vt 0.422010 3.653451
vt 0.466894 3.586482
vt 0.420148 3.651981
vt 0.466894 0.743685
vt 0.476157 0.743685
vt 0.466894 0.745273
vt 0.476157 0.745273
vt 0.520997 0.967202
vt 0.519679 0.967202
vt 0.521877 0.693341
vt 0.519679 0.693341
vt 0.518361 0.967202
vt 0.517481 0.693341
vt -2.591222 0.693341
vt -2.589370 0.693341
vt -2.590023 0.967202
vt -2.588914 0.967202
vt -2.587084 0.693341
vt -2.587541 0.967202
vt -2.585232 0.693341
vt -2.586433 0.967202
vt 0.478123 0.693341
vt 0.480321 0.693341
vt 0.479003 0.967202
vt 0.480321 0.967202
vt 0.482519 0.693341
vt 0.481638 0.967202
vt 3.585232 0.693341
vt 3.587084 0.693341
vt 3.586433 0.967202
vt 3.587541 0.967202
vt 3.589370 0.693341
vt 3.588914 0.967202
vt 3.591222 0.693341
vt 3.590023 0.967202
vt 3.579743 0.859325
vt 3.580569 0.857878
vt 3.580569 0.860771
vt 3.583041 0.859325
vt 3.582216 0.860771
vt 3.582216 0.857878
vt -2.582213 0.857878
vt -2.580564 0.857878
vt -2.583035 0.859325
vt -2.580564 0.860772
vt -2.582213 0.860772
vt -2.579743 0.859325
vt 0.425657 0.860771
vt 0.425657 0.859325
vt 0.503360 0.861503
vt 0.503360 0.859325
vt 0.425657 0.857878
vt 0.503360 0.857146
vt 0.535999 0.861503
vt 0.535999 0.859325
vt 0.613701 0.860772
vt 0.613701 0.859325
vt 0.535999 0.857146
vt 0.613701 0.857878
vt 0.496640 3.582632
vt 0.496640 3.580148
vt 0.574343 3.582216
vt 0.574343 3.580569
vt 0.464001 3.580148
vt 0.464001 3.582632
vt 0.386299 3.580564
vt 0.386299 3.582213
vt 0.496640 0.861503
vt 0.496640 0.859325
vt 0.574343 0.860771
vt 0.574343 0.859325
vt 0.496640 0.857146
vt 0.574343 0.857878
vt 0.386299 0.860772
vt 0.386299 0.859325
vt 0.464001 0.861503
vt 0.464001 0.859325
vt 0.386299 0.857878
vt 0.464001 0.857146
vt 0.503360 3.580148
vt 0.503360 3.582632
vt 0.425657 3.580569
vt 0.425657 3.582216
vt 0.535999 3.582632
vt 0.535999 3.580148
vt 0.613701 3.582213
vt 0.613701 3.580564
vt 0.478997 0.948072
vt 0.481645 0.948072
vt 0.478997 0.953160
vt 0.481645 0.953160
vt 0.521003 3.588584
vt 0.518355 3.588584
vt 0.521003 3.579898
vt 0.518355 3.579898
vt 3.579898 0.953160
vt 3.579898 0.948072
vt 3.588584 0.953160
vt 3.588584 0.944036
vt -2.579898 0.948072
vt -2.579898 0.953160
vt -2.588584 0.944036
vt -2.588584 0.953160
vt 0.481645 3.588584
vt 0.478997 3.588584
vt 0.481645 3.579898
vt 0.478997 3.579898
vt 0.539486 3.584073
vt 0.491217 3.585053
vt 0.539486 3.583296
vt 0.491217 3.583296
vt 0.491217 3.581541
vt 0.539486 3.582520
vt 0.508783 0.951802
vt 0.460514 0.950810
vt 0.508783 0.950022
vt 0.460514 0.950022
vt 0.508783 0.948243
vt 0.460514 0.949234
vt 0.508783 3.585053
vt 0.460514 3.584073
vt 0.508783 3.583296
vt 0.460514 3.583296
vt 0.508783 3.581541
vt 0.460514 3.582520
vt 0.491217 0.948243
vt 0.539486 0.949234
vt 0.491217 0.950022
vt 0.539486 0.950022
vt 0.491217 0.951802
vt 0.539486 0.950810
vt 3.582197 0.950022
vt 3.582520 0.949234
vt 3.582520 0.950810
vt 3.584073 0.950810
vt 3.583296 0.951137
vt 3.584073 0.949234
vt 3.583296 0.948908
vt 3.584394 0.950022
vt -2.584073 0.949234
vt -2.583296 0.948908
vt -2.584394 0.950022
vt -2.583296 0.951137
vt -2.584073 0.950810
vt -2.582197 0.950022
vt -2.582520 0.949234
vt -2.582520 0.950810
vt 0.469425 3.585053
vt 0.421156 3.584073
vt 0.469425 3.583296
vt 0.421156 3.583296
vt 0.421156 3.582520
vt 0.469425 3.581541
vt 0.578844 0.950810
vt 0.530575 0.951802
vt 0.578844 0.950022
vt 0.530575 0.950022
vt 0.578844 0.949234
vt 0.530575 0.948243
vt 0.578844 3.584073
vt 0.530575 3.585053
vt 0.578844 3.583296
vt 0.530575 3.583296
vt 0.578844 3.582520
vt 0.530575 3.581541
vt 0.421156 0.949234
vt 0.469425 0.948243
vt 0.421156 0.950022
vt 0.469425 0.950022
vt 0.421156 0.950810
vt 0.469425 0.951802
vt 3.594230 0.945021
vt 3.593582 1.029157
vt 3.592822 0.945021
vt 3.592822 1.029157
vt 3.591416 0.945021
vt 3.592063 1.029157
vt 0.520500 0.945021
vt 0.520122 1.029157
vt 0.518858 0.945021
vt 0.519236 1.029157
vt -2.593582 1.029157
vt -2.594230 0.945021
vt -2.592822 1.029157
vt -2.592822 0.945021
vt -2.592063 1.029157
vt -2.591416 0.945021
vt 0.481142 0.945021
vt 0.480764 1.029157
vt 0.479500 0.945021
vt 0.479878 1.029157
vt 0.479878 3.593582
vt 0.479435 3.592822
vt 0.480764 3.593582
vt 0.480764 3.592063
vt 0.481207 3.592822
vt 0.479878 3.592063
vt 3.578422 0.742097
vt 3.580034 0.742097
vt 3.578422 0.743685
vt 3.580034 0.743685
vt 0.573784 0.743685
vt 0.573784 0.742097
vt 0.480321 0.729162
vt 0.386858 0.742097
vt 0.386858 0.743685
vt 0.426216 0.743685
vt 0.426216 0.742097
vt 0.519679 0.729162
vt 0.613142 0.742097
vt 0.613142 0.743685
vt 0.426216 3.580034
vt 0.426216 3.578422
vt 0.519679 3.580033
vt 0.519679 3.578422
vt -2.580034 0.743685
vt -2.580034 0.742097
vt -2.578422 0.743685
vt -2.578422 0.742097
vt 0.613142 3.578422
vt 0.613142 3.580034
vt 0.460758 0.742097
vt 0.462031 0.742097
vt 0.460758 0.743685
vt 0.462031 0.743685
vt 3.578725 0.729162
vt 3.651026 0.742097
vt 3.578725 0.743685
vt 3.651026 0.743685
vt -2.652030 0.743685
vt -2.652030 0.742097
vt -2.579730 0.743685
vt -2.579730 0.729162
vt 0.462031 3.652030
vt 0.460758 3.651026
vt 0.520315 3.579730
vt 0.519042 3.578725
vt 0.577327 0.743685
vt 0.577326 0.742097
vt 0.578599 0.743685
vt 0.578599 0.742097
vt 3.579730 0.729162
vt 3.652030 0.742097
vt 3.579730 0.743685
vt 3.652030 0.743685
vt 0.520315 3.578725
vt 0.578599 3.651026
vt 0.519042 3.579730
vt 0.577326 3.652030
vt -2.578725 0.729162
vt -2.578725 0.743685
vt -2.651026 0.742097
vt -2.651026 0.743685
vt 0.479507 0.742097
vt 0.481135 0.742097
vt 0.479507 0.743685
vt 0.481135 0.743685
vt 3.579715 0.743685
vt 3.517883 0.743685
vt 3.579715 0.728872
vt 3.517883 0.742097
vt 0.518865 3.517883
vt 0.520493 3.517883
vt 0.518865 3.579715
vt 0.520493 3.579715
vt -2.579715 0.728872
vt -2.517883 0.742097
vt -2.579715 0.743685
vt -2.517883 0.743685
vt 3.581592 0.745273
vt 3.581177 0.749283
vt 3.579260 0.745273
vt 3.579260 0.749283
vt 3.576929 0.745273
vt 3.577344 0.749283
vt 0.495853 0.745273
vt 0.495611 0.749283
vt 0.493132 0.745273
vt 0.493375 0.749283
vt -2.581177 0.749283
vt -2.581592 0.745273
vt -2.579260 0.749283
vt -2.579260 0.745273
vt -2.577344 0.749283
vt -2.576929 0.745273
vt 0.506868 0.745273
vt 0.506625 0.749283
vt 0.504147 0.745273
vt 0.504389 0.749283
vt 0.504389 3.581177
vt 0.503271 3.579260
vt 0.506625 3.581177
vt 0.506625 3.577344
vt 0.507743 3.579260
vt 0.504389 3.577344
vt 0.495853 3.576929
vt 0.497214 3.579260
vt 0.493132 3.576929
vt 0.493132 3.581592
vt 0.491772 3.579260
vt 0.495853 3.581592
vt 0.476639 0.745273
vt 0.476396 0.749283
vt 0.473918 0.745273
vt 0.474160 0.749283
vt 0.526082 0.745273
vt 0.525840 0.749283
vt 0.523361 0.745273
vt 0.523604 0.749283
vt 0.523604 3.581177
vt 0.522486 3.579260
vt 0.525840 3.581177
vt 0.525840 3.577344
vt 0.526958 3.579260
vt 0.523604 3.577344
vt 0.476639 3.576929
vt 0.477999 3.579260
vt 0.473918 3.576929
vt 0.473918 3.581592
vt 0.472558 3.579260
vt 0.476639 3.581592
vt 0.545983 0.749283
vt 0.543747 0.749283
vt 0.546226 0.745273
vt 0.543505 0.745273
vt 0.456253 0.749283
vt 0.454017 0.749283
vt 0.456495 0.745273
vt 0.453774 0.745273
vt 0.456253 3.577344
vt 0.457371 3.579260
vt 0.454017 3.577344
vt 0.454017 3.581177
vt 0.452899 3.579260
vt 0.456253 3.581177
vt 0.543505 3.581592
vt 0.542144 3.579260
vt 0.546226 3.581592
vt 0.546226 3.576929
vt 0.547586 3.579260
vt 0.543505 3.576929
vt 0.565198 0.749283
vt 0.562962 0.749283
vt 0.565440 0.745273
vt 0.562719 0.745273
vt 0.437038 0.749283
vt 0.434802 0.749283
vt 0.437281 0.745273
vt 0.434560 0.745273
vt 0.437038 3.577344
vt 0.438156 3.579260
vt 0.434802 3.577344
vt 0.434802 3.581177
vt 0.433684 3.579260
vt 0.437038 3.581177
vt 0.562719 3.581592
vt 0.561359 3.579260
vt 0.565440 3.581592
vt 0.565440 3.576929
vt 0.566800 3.579260
vt 0.562719 3.576929
vt 3.580469 0.745273
vt 3.580254 0.768889
vt 3.579260 0.768889
vt 3.578051 0.745273
vt 3.578267 0.768889
vt 0.429834 0.745273
vt 0.429708 0.768889
vt 0.428423 0.745273
vt 0.428549 0.768889
vt -2.580254 0.768889
vt -2.580469 0.745273
vt -2.579260 0.768889
vt -2.578267 0.768889
vt -2.578051 0.745273
vt 0.571577 0.745273
vt 0.571451 0.768889
vt 0.570166 0.745273
vt 0.570292 0.768889
vt 0.570292 3.580254
vt 0.569712 3.579260
vt 0.571451 3.580254
vt 0.571451 3.578267
vt 0.572031 3.579260
vt 0.570292 3.578267
vt 0.429834 3.578051
vt 0.430539 3.579260
vt 0.428423 3.578051
vt 0.428423 3.580469
vt 0.427718 3.579260
vt 0.429834 3.580469
vt 0.610809 0.768889
vt 0.609650 0.768889
vt 0.610935 0.745273
vt 0.609524 0.745273
vt 0.390350 0.768889
vt 0.389191 0.768889
vt 0.390476 0.745273
vt 0.389065 0.745273
vt 0.390350 3.578267
vt 0.390930 3.579260
vt 0.389191 3.578267
vt 0.389191 3.580254
vt 0.388611 3.579260
vt 0.390350 3.580254
vt 0.609524 3.580469
vt 0.608819 3.579260
vt 0.610935 3.580469
vt 0.610935 3.578051
vt 0.611640 3.579260
vt 0.609524 3.578051
vt 0.480541 0.432483
vt 0.477422 0.445791
vt 0.466945 0.432483
vt 0.473743 0.447319
vt 0.470065 0.445791
vt 0.529935 0.445791
vt 0.526257 0.447319
vt 0.533055 0.432483
vt 0.519459 0.432483
vt 0.522578 0.445791
vt 0.526257 3.565162
vt 0.526257 3.563202
vt 0.529935 3.565162
vt 0.529935 3.563202
vt 3.565162 0.445791
vt 3.563202 0.445791
vt 3.565162 0.432483
vt 3.563202 0.432483
vt -2.565162 0.432483
vt -2.563202 0.432483
vt -2.565162 0.445791
vt -2.563202 0.445791
vt 0.522578 3.565162
vt 0.522578 3.563202
vt -2.545369 0.445791
vt -2.547328 0.445791
vt -2.545369 0.432483
vt -2.547328 0.432483
vt 3.545369 0.432483
vt 3.547328 0.432483
vt 3.545369 0.445791
vt 3.547328 0.445791
vt 0.529935 3.545369
vt 0.529935 3.547328
vt 0.526257 3.545369
vt 0.526257 3.547328
vt 0.522578 3.545369
vt 0.522578 3.547328
vt 0.569293 0.445791
vt 0.565615 0.447319
vt 0.572414 0.432483
vt 0.561936 0.445791
vt 0.558817 0.432483
vt 0.438064 0.445791
vt 0.434384 0.447319
vt 0.441183 0.432483
vt 0.427586 0.432483
vt 0.430707 0.445791
vt 0.430707 3.563202
vt 0.434385 3.563202
vt 0.430707 3.565162
vt 0.434385 3.565162
vt 0.438064 3.563202
vt 0.438064 3.565162
vt 0.434384 3.547328
vt 0.430707 3.547328
vt 0.434384 3.545369
vt 0.430707 3.545369
vt 0.438064 3.547328
vt 0.438064 3.545369
vt 0.519679 3.571772
vt 0.525007 3.573956
vt 0.514351 3.573956
vt 0.514351 3.584500
vt 0.512144 3.579228
vt 0.525007 3.584500
vt 0.527214 3.579228
vt 0.519679 3.586684
vt 0.480321 3.579228
vt 0.463672 3.586052
vt 0.462243 3.579228
vt 0.467538 3.591877
vt 0.473425 3.595703
vt 0.480321 3.597116
vt 0.487217 3.595703
vt 0.493104 3.591877
vt 0.496970 3.586052
vt 0.498399 3.579228
vt -2.579228 0.524065
vt -2.579228 0.553475
vt -2.586052 0.524065
vt -2.586052 0.553475
vt -2.591877 0.553475
vt -2.591877 0.524065
vt 0.532462 0.524065
vt 0.532462 0.553475
vt 0.526575 0.524065
vt 0.526575 0.553475
vt 0.519679 0.553475
vt 0.512783 0.524065
vt 0.512783 0.553475
vt 0.506896 0.553475
vt 0.506896 0.524065
vt 3.591877 0.524065
vt 3.591877 0.553475
vt 3.586052 0.524065
vt 3.586052 0.553475
vt 3.579228 0.553475
vt 3.579228 0.524065
vt -2.408622 0.474783
vt -2.635527 0.474783
vt -2.408622 0.471180
vt -2.635527 0.471180
vt 3.408622 0.471180
vt 3.635527 0.471180
vt 3.408622 0.474783
vt 3.635527 0.474783
vt 0.504447 3.635527
vt 0.500984 3.635527
vt 0.504447 0.474783
vt 0.500984 0.474783
vt 0.504447 0.471180
vt 0.500984 0.471180
vt 0.538374 3.635527
vt 0.534911 3.635527
vt 0.538374 0.471180
vt 0.538374 0.474783
vt 0.534911 0.471180
vt 0.534911 0.474783
vt 0.498901 0.474783
vt 0.519679 0.474783
vt 0.498901 0.477110
vt 0.519679 0.477110
vt 0.540457 0.474783
vt 0.540457 0.477110
vt 0.480541 0.472036
vt 0.519679 0.463845
vt 0.480541 0.474783
vt 0.558817 0.474783
vt 0.558817 0.472036
vt 0.519459 0.474783
vt 0.480321 0.474783
vt 0.519459 0.472036
vt 0.480321 0.463845
vt 0.441183 0.472036
vt 0.441183 0.474783
vt 0.480541 3.580365
vt 0.480541 3.578090
vt 0.558817 3.578090
vt 0.558817 3.580365
vt 0.449669 3.601755
vt 0.480321 3.601755
vt 0.510973 3.601755
vt 0.510973 0.526042
vt 0.480321 0.526041
vt 0.510973 0.524065
vt 0.480321 0.524065
vt 0.449669 0.524065
vt 0.449669 0.526042
vt 3.601755 0.524065
vt 3.602816 0.524065
vt 3.601755 0.526042
vt 3.602816 0.526042
vt -2.601755 0.526042
vt -2.602816 0.526042
vt -2.601755 0.524065
vt -2.602816 0.524065
vt 3.566465 0.524065
vt 3.575818 0.524065
vt 3.566465 0.534016
vt 3.575818 0.534016
vt 0.489484 3.566465
vt 0.498399 3.566465
vt 0.489484 3.575818
vt 0.498399 3.575818
vt 0.489484 0.524065
vt 0.498399 0.524065
vt 0.489484 0.534016
vt 0.498399 0.534016
vt 0.510516 0.534016
vt 0.501601 0.534016
vt 0.510516 0.524065
vt 0.501601 0.524065
vt -2.566465 0.524065
vt -2.566465 0.534016
vt -2.575818 0.524065
vt -2.575818 0.534016
vt 0.462243 3.566465
vt 0.471158 3.566465
vt 0.462243 3.575818
vt 0.471158 3.575818
vt 0.462243 0.524065
vt 0.471158 0.524065
vt 0.462243 0.534016
vt 0.471158 0.534016
vt 0.537757 0.534016
vt 0.528842 0.534016
vt 0.537757 0.524065
vt 0.528842 0.524065
vt 3.636192 0.477110
vt 3.608263 0.477110
vt 3.636192 0.474783
vt 3.608263 0.474783
vt 0.476062 0.474783
vt 0.498901 0.491210
vt 0.476062 0.491210
vt -2.636192 0.474783
vt -2.608263 0.474783
vt -2.636192 0.477110
vt -2.608263 0.477110
vt 0.563296 0.474783
vt 0.563296 0.491210
vt 0.540457 0.491210
vt 0.501099 3.492267
vt 0.501099 3.571935
vt 0.523938 3.571935
vt 0.523938 3.608263
vt 0.436704 3.608263
vt 0.436704 3.571935
vt 0.459543 3.571935
vt 0.459542 3.492267
vt 3.571935 0.474783
vt 3.571935 0.491210
vt 3.492267 0.474783
vt 3.492267 0.491210
vt 0.523938 0.491210
vt 0.501099 0.491210
vt 0.523938 0.474783
vt 0.501099 0.474783
vt 3.608263 0.491210
vt -2.606757 0.477110
vt -2.606757 0.491210
vt -2.608263 0.491210
vt 3.606757 0.477110
vt 3.606757 0.491210
vt -2.571935 0.474783
vt -2.571935 0.491210
vt 0.459543 0.491210
vt 0.436704 0.491210
vt 0.459543 0.474783
vt 0.436704 0.474783
vt -2.492267 0.491210
vt -2.492267 0.474783
vt 3.580365 0.472036
vt 3.580365 0.474783
vt 3.578090 0.472036
vt 3.578090 0.474783
vt -2.580365 0.474783
vt -2.580365 0.472036
vt -2.578090 0.474783
vt -2.578090 0.472036
vt 0.498493 3.522587
vt 0.498493 3.536375
vt 0.480321 3.522587
vt 0.480321 3.536375
vt 0.462149 3.522587
vt 0.462149 3.536375
vt 3.522587 0.508529
vt 3.522587 0.477110
vt 3.536375 0.508529
vt 3.536375 0.477110
vt 0.501507 0.508529
vt 0.501507 0.477110
vt 0.519679 0.508529
vt 0.537851 0.508529
vt 0.537851 0.477110
vt -2.536375 0.508529
vt -2.536375 0.477110
vt -2.522587 0.508529
vt -2.522587 0.477110
vt 0.494032 3.588505
vt 0.494032 3.602293
vt 0.480321 3.588505
vt 0.480321 3.602293
vt 0.466610 3.588505
vt 0.466610 3.602293
vt 3.588505 0.455762
vt 3.588505 0.432483
vt 3.602293 0.455762
vt 3.602293 0.432483
vt 0.505968 0.455762
vt 0.505968 0.432483
vt 0.519679 0.455762
vt 0.533390 0.455762
vt 0.533390 0.432483
vt -2.602293 0.455762
vt -2.602293 0.432483
vt -2.588505 0.455762
vt -2.588505 0.432483
vt 0.494032 0.432483
vt 0.494032 0.455762
vt 0.480321 0.432483
vt 0.480321 0.455762
vt 0.466610 0.432483
vt 0.466610 0.455762
vt 0.467035 0.442231
vt 0.457840 0.442231
vt 0.467035 0.432483
vt 0.457840 0.432483
vt -2.578692 0.432483
vt -2.578691 0.442231
vt -2.585730 0.432483
vt -2.585730 0.442230
vt 0.542160 0.442230
vt 0.532965 0.442230
vt 0.542160 0.432483
vt 0.532965 0.432483
vt 3.585730 0.442230
vt 3.578693 0.442231
vt 3.585730 0.432483
vt 3.578692 0.432483
vt 0.457840 3.578691
vt 0.467035 3.578693
vt 0.457840 3.585730
vt 0.467035 3.585730
vt 0.502802 0.432483
vt 0.502802 0.442231
vt 0.493607 0.432483
vt 0.493607 0.442231
vt 3.578691 0.442231
vt 0.506393 0.432483
vt 0.506393 0.442230
vt 0.497198 0.432483
vt 0.497198 0.442230
vt -2.578693 0.442231
vt 0.493607 3.585730
vt 0.493607 3.578693
vt 0.502802 3.585730
vt 0.502802 3.578691
vt 3.435713 0.624897
vt 3.432752 0.624897
vt 3.435713 0.619734
vt 3.432752 0.619734
vt 3.429091 0.624897
vt 3.429091 0.619734
vt 3.426130 0.624897
vt 3.426130 0.619734
vt 0.483839 0.624897
vt 0.480321 0.624897
vt 0.483839 0.619734
vt 0.476802 0.624897
vt 0.476802 0.619734
vt -2.426130 0.624897
vt -2.429091 0.624897
vt -2.426130 0.619734
vt -2.429091 0.619734
vt -2.432752 0.624897
vt -2.432752 0.619734
vt -2.435713 0.624897
vt -2.435713 0.619734
vt 0.523198 0.624897
vt 0.519679 0.624897
vt 0.523198 0.619734
vt 0.516161 0.619734
vt 0.516161 0.624897
vt 0.486014 3.432752
vt 0.483839 3.435713
vt 0.486014 3.429091
vt 0.483839 3.426130
vt 0.480321 3.424998
vt 0.480321 3.436845
vt 0.476802 3.426130
vt 0.476802 3.435713
vt 0.474628 3.429091
vt 0.474628 3.432752
vt 0.463811 0.619734
vt 0.463811 0.614369
vt 0.471386 0.619734
vt 0.471386 0.614369
vt 0.480321 0.614369
vt 0.489256 0.619734
vt 0.471386 0.609938
vt 0.489256 0.614369
vt 0.463811 0.609938
vt 0.463811 0.589207
vt 0.471386 0.589207
vt 0.496830 0.619734
vt 0.496830 0.614369
vt 0.496830 0.609938
vt 0.480321 0.609938
vt 0.480321 0.589207
vt 0.489256 0.589207
vt 0.489256 0.609938
vt 0.496830 0.589207
vt -2.617565 0.473563
vt -2.620784 0.472440
vt -2.600163 0.427700
vt -2.603381 0.426577
vt 0.504126 0.472440
vt 0.501303 0.472440
vt 0.504127 0.426577
vt 0.501303 0.426577
vt 3.620784 0.472440
vt 3.617565 0.473563
vt 3.603381 0.426577
vt 3.600163 0.427700
vt 0.498697 0.473563
vt 0.495873 0.473563
vt 0.498697 0.427700
vt 0.495873 0.427700
vt 3.605543 0.433457
vt 3.619695 0.470753
vt 3.604105 0.433959
vt 3.618257 0.471255
vt 0.504127 0.432395
vt 0.537696 0.469691
vt 0.501662 0.433457
vt 0.535231 0.470753
vt -2.603701 0.432897
vt -2.617853 0.470194
vt -2.605140 0.432395
vt -2.619292 0.469691
vt 0.498338 0.433959
vt 0.464769 0.471255
vt 0.495873 0.432897
vt 0.462304 0.470194
vt -2.617276 0.471598
vt -2.618751 0.471083
vt -2.603124 0.434301
vt -2.604599 0.433786
vt 0.504127 0.471083
vt 0.501662 0.470021
vt 0.537697 0.433786
vt 0.535232 0.432725
vt 3.618348 0.470021
vt 3.616873 0.470536
vt 3.604196 0.432725
vt 3.602721 0.433239
vt 0.498338 0.470536
vt 0.495873 0.471598
vt 0.464768 0.433239
vt 0.462303 0.434301
vt 0.538055 0.472440
vt 0.535231 0.472440
vt 0.538055 0.426577
vt 0.535231 0.426577
vt 0.464769 0.473563
vt 0.461945 0.473563
vt 0.464769 0.427700
vt 0.461945 0.427700
vt 0.501099 0.432483
vt 0.498422 0.432483
vt 0.498422 0.474783
vt 0.501578 0.432483
vt 0.501578 0.474783
vt 0.498901 0.432483
vt 3.610816 0.432483
vt 3.610816 0.474783
vt 3.609940 0.432483
vt 3.609940 0.474783
vt 3.619753 0.432483
vt 3.619753 0.474783
vt 3.618877 0.432483
vt 3.618877 0.474783
vt -2.609940 0.432483
vt -2.609940 0.474783
vt -2.610816 0.432483
vt -2.610816 0.474783
vt -2.618877 0.432483
vt -2.618876 0.474783
vt -2.619753 0.432483
vt -2.619753 0.474783
vt 0.462220 0.474783
vt 0.462220 0.432483
vt 0.459543 0.432483
vt 0.537780 0.474783
vt 0.540457 0.432483
vt 0.537780 0.432483
vt -2.618877 0.474783
vt 3.618876 0.474783
vt 0.489570 3.610522
vt 0.489570 3.636192
vt 0.480321 3.610522
vt 0.471073 3.610522
vt 0.471073 3.636192
vt 3.610522 0.441060
vt 3.610522 0.432483
vt 3.636192 0.441060
vt 0.510430 0.441060
vt 0.510430 0.432483
vt 0.519679 0.441060
vt 0.528927 0.441060
vt 0.528927 0.432483
vt -2.636192 0.441060
vt -2.610522 0.441060
vt -2.610522 0.432483
vt 0.489570 0.432483
vt 0.489570 0.441060
vt 0.480321 0.441060
vt 0.471073 0.432483
vt 0.471073 0.441060
vt 0.494032 3.530931
vt 0.494032 3.537825
vt 0.480321 3.530931
vt 0.480321 3.537825
vt 0.466610 3.530931
vt 0.466610 3.537825
vt 3.530931 0.455762
vt 3.530931 0.432483
vt 3.537825 0.455762
vt 3.544719 0.445412
vt 3.544719 0.432483
vt 0.505968 0.445412
vt 0.519679 0.445412
vt 0.533390 0.445412
vt -2.544719 0.445412
vt -2.544719 0.432483
vt -2.537825 0.455762
vt -2.530931 0.455762
vt -2.530931 0.432483
vt 0.486427 3.542004
vt 0.486427 3.551000
vt 0.480321 3.542004
vt 0.480321 3.551000
vt 0.474214 3.542004
vt 0.474214 3.551000
vt 3.542004 0.441060
vt 3.542004 0.432483
vt 3.551000 0.441060
vt 3.551000 0.432483
vt 0.513573 0.441060
vt 0.513573 0.432483
vt 0.525786 0.441060
vt 0.525786 0.432483
vt -2.551000 0.441060
vt -2.551000 0.432483
vt -2.542004 0.441060
vt -2.542004 0.432483
vt 0.489570 3.621385
vt 0.489570 3.633122
vt 0.480321 3.621385
vt 0.480321 3.633121
vt 0.471073 3.621385
vt 0.471073 3.633122
vt 3.621385 0.485687
vt 3.621385 0.477110
vt 3.633122 0.485687
vt 3.633122 0.477110
vt 0.510430 0.485687
vt 0.510430 0.477110
vt 0.519679 0.485687
vt 0.528927 0.485687
vt 0.528927 0.477110
vt -2.633122 0.485687
vt -2.633122 0.477110
vt -2.621385 0.485687
vt -2.621385 0.477110
vt 0.489570 0.477110
vt 0.489570 0.485687
vt 0.480321 0.477110
vt 0.480321 0.485687
vt 0.471073 0.477110
vt 0.471073 0.485687
vt -2.439170 0.632944
vt -2.439170 0.636805
vt -2.450941 0.632944
vt -2.450941 0.636805
vt -2.439170 0.640665
vt -2.450941 0.640665
vt 0.526345 0.640665
vt 0.526345 0.632944
vt 0.527376 0.636805
vt 0.523528 0.630118
vt 0.523528 0.643492
vt 0.519679 0.629083
vt 0.519679 0.644526
vt 0.515831 0.630118
vt 0.515831 0.643492
vt 0.513014 0.632944
vt 0.513014 0.640665
vt 0.511983 0.636805
vt 0.526345 3.450941
vt 0.523528 3.450941
vt 0.526345 3.439170
vt 0.523528 3.439170
vt 0.519679 3.450941
vt 0.519679 3.439170
vt 0.515831 3.450941
vt 0.515831 3.439170
vt 0.513014 3.450941
vt 0.513014 3.439170
vt 3.450941 0.632944
vt 3.450941 0.636805
vt 3.439170 0.632944
vt 3.439170 0.636805
vt 3.450941 0.640665
vt 3.439170 0.640665
vt 0.486986 3.450941
vt 0.484169 3.450941
vt 0.486986 3.439170
vt 0.484169 3.439170
vt 0.480321 3.450941
vt 0.480321 3.439170
vt 0.476472 3.450941
vt 0.476472 3.439170
vt 0.473655 3.450941
vt 0.473655 3.439170
vt -2.450203 0.619734
vt -2.446582 0.619734
vt -2.449122 0.623964
vt -2.446582 0.623964
vt -2.442961 0.619734
vt -2.444042 0.623964
vt 0.523160 0.623964
vt 0.520976 0.623964
vt 0.524664 0.619734
vt 0.521551 0.619734
vt 0.518277 0.623964
vt 0.517703 0.619734
vt 0.516094 0.623964
vt 0.514590 0.619734
vt 3.449122 0.623964
vt 3.446582 0.623964
vt 3.450203 0.619734
vt 3.446582 0.619734
vt 3.444042 0.623964
vt 3.442961 0.619734
vt 0.483906 0.623964
vt 0.481723 0.623964
vt 0.485410 0.619734
vt 0.482297 0.619734
vt 0.479024 0.623964
vt 0.478449 0.619734
vt 0.476840 0.623964
vt 0.475336 0.619734
vt 0.481723 3.442472
vt 0.483906 3.444042
vt 0.479024 3.442472
vt 0.483906 3.449122
vt 0.484740 3.446582
vt 0.479024 3.450692
vt 0.481723 3.450692
vt 0.476006 3.446582
vt 0.476840 3.444042
vt 0.476840 3.449122
vt 0.487281 3.440719
vt 0.473361 3.440719
vt 0.487281 3.439545
vt 0.473361 3.439545
vt 0.473324 0.636588
vt 0.487317 0.636588
vt 0.473361 0.637301
vt 0.487281 0.637302
vt 0.512683 3.439519
vt 0.526676 3.439519
vt 0.512683 3.440719
vt 0.526676 3.440719
vt 3.440719 0.629963
vt 3.440719 0.643928
vt 3.439545 0.629963
vt 3.439545 0.643928
vt 0.479965 0.643965
vt 0.479965 0.629926
vt 0.480675 0.643928
vt 0.480676 0.629963
vt -2.439519 0.629926
vt -2.439519 0.643965
vt -2.440719 0.629926
vt -2.440719 0.643965
vt 0.471422 3.447718
vt 0.471422 3.444948
vt 0.475211 3.447718
vt 0.475211 3.444948
vt 0.485431 3.444948
vt 0.485431 3.447718
vt 0.489220 3.444948
vt 0.489220 3.447718
vt 0.530152 3.444948
vt 0.530152 3.447718
vt 0.526023 3.444948
vt 0.526023 3.447718
vt 0.513336 3.444948
vt 0.513336 3.447718
vt 0.509207 3.447718
vt 0.509207 3.444948
vt -2.447718 0.626826
vt -2.444948 0.626826
vt -2.447718 0.634551
vt -2.444948 0.634551
vt -2.448410 0.634551
vt -2.444255 0.634551
vt -2.448410 0.638772
vt -2.444256 0.638772
vt 0.469848 0.634551
vt 0.469848 0.626826
vt 0.471422 0.634551
vt 0.471422 0.627938
vt 0.475211 0.625349
vt 0.473977 0.622710
vt 0.486664 0.622710
vt 0.485431 0.625349
vt 0.490793 0.626826
vt 0.489220 0.627938
vt 0.489220 0.634551
vt 0.490793 0.634551
vt 0.528578 0.634551
vt 0.528578 0.627938
vt 0.530152 0.634551
vt 0.530152 0.626826
vt 0.524789 0.625349
vt 0.526023 0.622710
vt 0.514569 0.625349
vt 0.513336 0.622710
vt 0.509207 0.626826
vt 0.510780 0.627938
vt 0.509207 0.634551
vt 0.510780 0.634551
vt 0.469228 0.638772
vt 0.469228 0.634551
vt 0.491413 0.638772
vt 0.491413 0.634551
vt 3.444948 0.627938
vt 3.447718 0.627938
vt 3.444948 0.634551
vt 3.447718 0.634551
vt 0.530772 3.448410
vt 0.508587 3.448410
vt 0.530772 3.444255
vt 0.508587 3.444256
vt 3.444948 0.626826
vt 3.447718 0.626826
vt 3.444256 0.638772
vt 3.444256 0.634551
vt 3.448410 0.638772
vt 3.448410 0.634551
vt 0.491413 3.448410
vt 0.469228 3.448410
vt 0.491413 3.444256
vt 0.469228 3.444256
vt 0.530772 0.634551
vt 0.530772 0.638772
vt 0.508587 0.634551
vt 0.508587 0.638772
vt -2.447718 0.627938
vt -2.444948 0.627938
vt 3.569540 0.629908
vt 3.569540 0.619734
vt 3.580773 0.629908
vt 3.580773 0.619734
vt 0.496006 0.629908
vt 0.496006 0.619734
vt 0.505890 0.629908
vt 0.505890 0.619734
vt 0.503994 0.619734
vt 0.503994 0.629908
vt 0.494110 0.619734
vt 0.494110 0.629908
vt 0.503994 3.569540
vt 0.503994 3.580773
vt 0.494110 3.569540
vt 0.494110 3.580773
vt -2.580773 0.619734
vt -2.569540 0.619734
vt -2.580773 0.629908
vt -2.569540 0.629908
vt 0.533468 0.619734
vt 0.543352 0.619734
vt 0.533468 0.629908
vt 0.543352 0.629908
vt 0.466532 0.629908
vt 0.456648 0.629908
vt 0.466532 0.619734
vt 0.456648 0.619734
vt 0.466532 3.580773
vt 0.456648 3.580773
vt 0.466532 3.569540
vt 0.456648 3.569540
vt 0.482620 3.580456
vt 0.482620 3.583728
vt 0.478022 3.580456
vt 0.478022 3.583728
vt 0.482620 0.868263
vt 0.478022 0.868263
vt 0.482620 0.863804
vt 0.478022 0.863804
vt -2.580456 0.870806
vt -2.583728 0.870806
vt -2.578424 0.868263
vt -2.578424 0.863804
vt -2.583728 0.863804
vt 0.521978 0.870806
vt 0.517380 0.870806
vt 0.521978 0.863804
vt 0.517380 0.863804
vt 3.583728 0.870806
vt 3.580456 0.870806
vt 3.583728 0.863804
vt 3.578424 0.863804
vt 3.578424 0.868263
vt 0.478022 0.870806
vt 0.482620 0.870806
vt 0.422721 3.481328
vt 0.427285 3.481328
vt 0.422721 3.569676
vt 0.427285 3.574193
vt 0.416139 3.569675
vt 0.420703 3.574192
vt 0.416138 3.638450
vt 0.420703 3.633934
vt 0.480321 3.638450
vt 0.480321 3.633934
vt 0.544503 3.638451
vt 0.539939 3.633934
vt 0.544504 3.569676
vt 0.539939 3.574193
vt 0.537922 3.569675
vt 0.533358 3.574192
vt 0.537922 3.481328
vt 0.533358 3.481328
vt -2.481328 0.430193
vt -2.481328 0.434772
vt -2.569676 0.430193
vt -2.569676 0.434772
vt 0.572715 3.481328
vt 0.577279 3.481328
vt 0.572715 3.574193
vt 0.577279 3.569676
vt 0.579296 3.574194
vt 0.583861 3.569677
vt 0.579296 3.633933
vt 0.583860 3.638450
vt 0.519678 3.633933
vt 0.519678 3.638449
vt 0.460062 3.633932
vt 0.455497 3.638449
vt 0.460062 3.574193
vt 0.455498 3.569677
vt 0.466644 3.574194
vt 0.462080 3.569677
vt 0.466644 3.481328
vt 0.462080 3.481328
vt 3.481328 0.434772
vt 3.481328 0.430193
vt 3.574193 0.434772
vt 3.574193 0.430193
vt 0.422721 0.430193
vt 0.422721 0.434772
vt 0.416139 0.430193
vt 0.416139 0.434772
vt 0.572715 0.434772
vt 0.572715 0.430193
vt 0.579297 0.434773
vt 0.579296 0.430194
vt -2.569677 0.430193
vt -2.569675 0.434772
vt -2.638450 0.430193
vt -2.638450 0.434772
vt 3.574192 0.434773
vt 3.574194 0.430194
vt 3.633934 0.434773
vt 3.633933 0.430194
vt 0.583860 0.430193
vt 0.583862 0.434772
vt 0.519678 0.430193
vt 0.519679 0.434772
vt 0.455497 0.430193
vt 0.455497 0.434772
vt 0.420703 0.434773
vt 0.420705 0.430194
vt 0.480321 0.434773
vt 0.480322 0.430194
vt 0.539939 0.434773
vt 0.539938 0.430194
vt 3.638449 0.430193
vt 3.638451 0.434772
vt 3.569677 0.430193
vt 3.569676 0.434772
vt -2.633934 0.434773
vt -2.633932 0.430194
vt -2.574193 0.434773
vt -2.574193 0.430194
vt 0.544502 0.430193
vt 0.544504 0.434772
vt 0.537920 0.430192
vt 0.537922 0.434771
vt 0.460061 0.434773
vt 0.460062 0.430194
vt 0.466642 0.434773
vt 0.466644 0.430194
vt 3.569677 0.430192
vt 3.569675 0.434771
vt 3.481328 0.430192
vt 3.481328 0.434771
vt -2.574192 0.434773
vt -2.574194 0.430194
vt -2.481328 0.434773
vt -2.481328 0.430194
vt 0.486307 0.619734
vt 0.486307 0.617407
vt 0.480321 0.617407
vt 0.474335 0.619734
vt 0.474335 0.617407
vt 0.534153 0.641302
vt 0.534153 0.643497
vt 0.529203 0.641302
vt 0.529203 0.643497
vt 0.534153 0.645691
vt 0.529203 0.645691
vt -2.534122 0.645691
vt -2.534122 0.641302
vt -2.533117 0.643497
vt -2.536287 0.640283
vt -2.536287 0.646710
vt -2.538452 0.641302
vt -2.538452 0.645691
vt -2.539456 0.643497
vt 0.470797 3.534122
vt 0.470797 3.536287
vt 0.465847 3.534122
vt 0.465847 3.536287
vt 0.470797 3.538452
vt 0.465847 3.538452
vt 0.470797 0.641302
vt 0.470797 0.643497
vt 0.465847 0.641302
vt 0.465847 0.643497
vt 0.470797 0.645691
vt 0.465847 0.645691
vt 0.529203 3.538452
vt 0.529203 3.536287
vt 0.534153 3.538452
vt 0.534153 3.536287
vt 0.529203 3.534122
vt 0.534153 3.534122
vt 0.531570 0.638153
vt 0.529637 0.638153
vt 0.531797 0.619734
vt 0.529042 0.619734
vt -2.535303 0.638153
vt -2.537314 0.638153
vt -2.534875 0.619734
vt -2.537742 0.619734
vt 0.470363 0.638153
vt 0.468430 0.638153
vt 0.470958 0.619734
vt 0.468203 0.619734
vt 3.537935 0.638153
vt 3.536309 0.638153
vt 3.538628 0.619734
vt 3.536309 0.619734
vt 3.534682 0.638153
vt 3.533989 0.619734
vt 0.531570 3.537935
vt 0.529637 3.537314
vt 0.532764 3.536309
vt 0.529637 3.535303
vt 0.531570 3.534682
vt 0.530558 3.532622
vt 0.531723 3.532622
vt 0.530558 3.534183
vt 0.531723 3.534183
vt 0.531723 3.538391
vt 0.530558 3.538391
vt 0.531723 3.539952
vt 0.530558 3.539952
vt 0.468277 3.531974
vt 0.469442 3.531974
vt 0.468277 3.533674
vt 0.469442 3.533674
vt 0.468277 3.538899
vt 0.469442 3.538899
vt 0.469442 3.540600
vt 0.468277 3.540600
vt 0.530558 0.639344
vt 0.531723 0.639344
vt 0.530558 0.642559
vt 0.531723 0.642559
vt 0.530267 0.642559
vt 0.532014 0.642559
vt 0.530267 0.644315
vt 0.532014 0.644315
vt 3.531974 0.642559
vt 3.531974 0.639344
vt 3.532622 0.642559
vt 3.532622 0.639807
vt 3.534183 0.638729
vt 3.533674 0.637631
vt 3.538899 0.637631
vt 3.538391 0.638729
vt 3.540600 0.639344
vt 3.539952 0.639807
vt 3.539952 0.642559
vt 3.540600 0.642559
vt -2.532622 0.642559
vt -2.532622 0.639807
vt -2.531974 0.642559
vt -2.531974 0.639344
vt -2.534183 0.638729
vt -2.533674 0.637631
vt -2.538391 0.638729
vt -2.538899 0.637631
vt -2.540600 0.639344
vt -2.539952 0.639807
vt -2.540600 0.642559
vt -2.539952 0.642559
vt 3.531719 0.644315
vt 3.531719 0.642559
vt 3.540855 0.644315
vt 3.540855 0.642559
vt 0.468277 0.639807
vt 0.469442 0.639807
vt 0.468277 0.642559
vt 0.469442 0.642559
vt 0.469733 3.531719
vt 0.469733 3.540855
vt 0.467986 3.531719
vt 0.467986 3.540855
vt 0.468277 0.639344
vt 0.469442 0.639344
vt 0.467986 0.644315
vt 0.467986 0.642559
vt 0.469733 0.644315
vt 0.469733 0.642559
vt 0.530267 3.540855
vt 0.530267 3.531719
vt 0.532014 3.540855
vt 0.532014 3.531719
vt -2.531719 0.642559
vt -2.531719 0.644315
vt -2.540855 0.642559
vt -2.540855 0.644315
vt 0.530558 0.639807
vt 0.531723 0.639807
vt -2.548414 0.569282
vt -2.548415 0.554601
vt -2.549817 0.554601
vt 3.548415 0.554601
vt 3.549817 0.554601
vt 3.548414 0.569282
vt 0.477354 0.569282
vt 0.477354 0.552265
vt 0.513590 0.569282
vt 0.513590 0.554601
vt 0.525768 0.569282
vt 0.525768 0.554601
vt 0.562005 0.569282
vt 0.562005 0.552265
vt 3.549817 0.524065
vt 3.549817 0.552265
vt 3.547168 0.524065
vt 3.547168 0.552265
vt -2.547168 0.524065
vt -2.547168 0.552265
vt -2.549817 0.524065
vt -2.549817 0.552265
vt 0.515606 0.524065
vt 0.515606 0.552265
vt 0.514720 0.524065
vt 0.514721 0.552265
vt 0.524638 0.524065
vt 0.524637 0.552265
vt 0.523752 0.524065
vt 0.523752 0.552265
vt 0.485280 0.524065
vt 0.485279 0.552265
vt 0.484394 0.524065
vt 0.484394 0.552265
vt 0.476248 0.524065
vt 0.476248 0.552265
vt 0.475363 0.524065
vt 0.475363 0.552265
vt 0.437581 3.599133
vt 0.423665 3.599133
vt 0.437581 3.587977
vt 0.423665 3.587977
vt 0.576335 0.432483
vt 0.576335 0.443573
vt 0.562419 0.432483
vt 0.562419 0.443573
vt -2.576821 0.432483
vt -2.576821 0.452459
vt -2.599133 0.432483
vt -2.587977 0.452459
vt -2.599133 0.443573
vt 0.437581 0.432483
vt 0.437581 0.452459
vt 0.423665 0.432483
vt 0.423665 0.452459
vt 3.599133 0.432483
vt 3.599133 0.443573
vt 3.576821 0.432483
vt 3.587977 0.452459
vt 3.576821 0.452459
vt 0.437581 3.576821
vt 0.423665 3.576821
vt 0.536977 3.587977
vt 0.536977 3.599133
vt 0.523061 3.587977
vt 0.523061 3.599133
vt 0.476939 0.443573
vt 0.463023 0.443573
vt 0.476939 0.432483
vt 0.463023 0.432483
vt 0.536977 0.452459
vt 0.523061 0.452459
vt 0.536977 0.432483
vt 0.523061 0.432483
vt 0.536977 3.576821
vt 0.523061 3.576821
vt 0.573511 0.641302
vt 0.573511 0.643497
vt 0.568561 0.641302
vt 0.568561 0.643497
vt 0.573511 0.645691
vt 0.568561 0.645691
vt 3.538452 0.645691
vt 3.538452 0.641302
vt 3.539456 0.643497
vt 3.536287 0.640283
vt 3.536287 0.646710
vt 3.534122 0.641302
vt 3.534122 0.645691
vt 3.533117 0.643497
vt 0.568561 3.538452
vt 0.568561 3.536287
vt 0.573511 3.538452
vt 0.573511 3.536287
vt 0.568561 3.534122
vt 0.573511 3.534122
vt 0.431439 0.641302
vt 0.431439 0.643497
vt 0.426489 0.641302
vt 0.426489 0.643497
vt 0.431439 0.645691
vt 0.426489 0.645691
vt 0.431439 3.534122
vt 0.431439 3.536287
vt 0.426489 3.534122
vt 0.426489 3.536287
vt 0.431439 3.538452
vt 0.426489 3.538452
vt 0.570928 0.638153
vt 0.568996 0.638153
vt 0.571156 0.619734
vt 0.568400 0.619734
vt 3.537271 0.638153
vt 3.535260 0.638153
vt 3.537699 0.619734
vt 3.534832 0.619734
vt 0.431004 0.638153
vt 0.429072 0.638153
vt 0.431600 0.619734
vt 0.428844 0.619734
vt -2.534639 0.638153
vt -2.536265 0.638153
vt -2.533946 0.619734
vt -2.536265 0.619734
vt -2.537892 0.638153
vt -2.538584 0.619734
vt 0.429072 3.534639
vt 0.431004 3.535260
vt 0.427877 3.536265
vt 0.431004 3.537271
vt 0.429072 3.537892
vt 0.430084 3.539952
vt 0.428919 3.539952
vt 0.430084 3.538391
vt 0.428919 3.538391
vt 0.428919 3.534183
vt 0.430084 3.534183
vt 0.428919 3.532622
vt 0.430084 3.532622
vt 0.571081 3.540600
vt 0.569916 3.540600
vt 0.571081 3.538899
vt 0.569916 3.538899
vt 0.571081 3.533674
vt 0.569916 3.533674
vt 0.569916 3.531974
vt 0.571081 3.531974
vt 0.569916 0.639344
vt 0.571081 0.639344
vt 0.569916 0.642559
vt 0.571081 0.642559
vt 0.569625 0.642559
vt 0.571372 0.642559
vt 0.569625 0.644315
vt 0.571372 0.644315
vt 0.428919 0.639807
vt 0.430084 0.639807
vt 0.428919 0.642559
vt 0.430084 0.642559
vt 0.569625 3.540855
vt 0.569625 3.531719
vt 0.571372 3.540855
vt 0.571372 3.531719
vt 0.428919 0.639344
vt 0.430084 0.639344
vt 0.428628 0.644315
vt 0.428628 0.642559
vt 0.430375 0.644315
vt 0.430375 0.642559
vt 0.430375 3.531719
vt 0.430375 3.540855
vt 0.428628 3.531719
vt 0.428628 3.540855
vt 0.569916 0.639807
vt 0.571081 0.639807
vt 3.551215 0.638467
vt 3.550331 0.641811
vt 3.551215 0.645156
vt 3.553630 0.636018
vt 3.553630 0.647604
vt 3.556929 0.635122
vt 3.556929 0.648500
vt 3.560228 0.636018
vt 3.560228 0.647604
vt 3.562643 0.638467
vt 3.562643 0.645156
vt 3.563526 0.641811
vt -2.551215 0.638467
vt -2.550331 0.641811
vt -2.551215 0.645156
vt -2.553630 0.636018
vt -2.553630 0.647604
vt -2.556929 0.635122
vt -2.556929 0.648500
vt -2.560228 0.636018
vt -2.560228 0.647604
vt -2.562643 0.638467
vt -2.562643 0.645156
vt -2.563526 0.641811
vt 0.474546 0.633460
vt 0.473653 0.636805
vt 0.473655 0.632944
vt 0.472624 0.636805
vt 0.476472 0.630118
vt 0.474547 0.640149
vt 0.476987 0.631012
vt 0.473655 0.640665
vt 0.480321 0.629083
vt 0.476987 0.642598
vt 0.480321 0.630116
vt 0.476472 0.643492
vt 0.484169 0.630118
vt 0.480321 0.643494
vt 0.483654 0.631012
vt 0.480321 0.644526
vt 0.486986 0.632944
vt 0.483654 0.642598
vt 0.486095 0.633460
vt 0.484169 0.643492
vt 0.488017 0.636805
vt 0.486095 0.640149
vt 0.486988 0.636805
vt 0.486986 0.640665
vt 3.534411 0.641595
vt 3.533541 0.643497
vt 3.534411 0.645398
vt 3.536287 0.640713
vt 3.536287 0.646280
vt 3.538162 0.641595
vt 3.538162 0.645398
vt 3.539033 0.643497
vt -2.538162 0.641595
vt -2.539033 0.643497
vt -2.538162 0.645398
vt -2.536287 0.640713
vt -2.536287 0.646280
vt -2.534411 0.641595
vt -2.534411 0.645398
vt -2.533541 0.643497
vt 0.467225 3.510209
vt 0.469413 3.506459
vt 0.480321 3.513681
vt 0.480321 3.509351
vt 0.493417 3.510209
vt 0.461427 3.498557
vt 0.457638 3.500722
vt 0.491229 3.506459
vt 0.503003 3.500722
vt 0.469413 3.469067
vt 0.458504 3.487763
vt 0.454129 3.487763
vt 0.461427 3.476969
vt 0.457638 3.474804
vt 0.467225 3.465317
vt 0.480321 3.466175
vt 0.480321 3.461845
vt 0.491229 3.469067
vt 0.493417 3.465317
vt 0.499214 3.498557
vt 0.506512 3.487763
vt 0.499214 3.476969
vt 0.503003 3.474804
vt 0.502137 3.487763
vt 0.449270 0.538747
vt 0.447642 0.538747
vt 0.449270 0.524065
vt 0.447642 0.524065
vt 0.453019 0.569282
vt 0.442281 0.569282
vt 0.453019 0.554600
vt 0.442281 0.554600
vt -2.474650 0.569282
vt -2.453773 0.554600
vt -2.474650 0.554600
vt -2.486627 0.554601
vt -2.486627 0.569282
vt -2.498308 0.554601
vt -2.498308 0.569282
vt -2.509404 0.554601
vt -2.509404 0.569282
vt -2.519650 0.554601
vt -2.519650 0.569282
vt -2.548414 0.554601
vt 0.448753 3.452263
vt 0.448156 3.453424
vt 0.440777 3.452262
vt 0.440777 3.474649
vt 0.469147 3.463995
vt 0.467436 3.474652
vt 0.441957 3.486833
vt 0.469993 3.490627
vt 0.444833 3.498716
vt 0.449565 3.510003
vt 0.477413 3.505039
vt 0.456012 3.520425
vt 0.477354 3.549816
vt 0.488971 3.516476
vt 0.503535 3.523819
vt 0.519679 3.526349
vt 0.562005 3.549816
vt 0.535823 3.523819
vt 0.550387 3.516476
vt 0.561945 3.505039
vt 0.583347 3.520425
vt 0.589794 3.510003
vt 0.569366 3.490627
vt 0.594525 3.498716
vt 0.597402 3.486833
vt 0.571923 3.474652
vt 0.598582 3.474649
vt 0.570211 3.463995
vt 0.591203 3.453424
vt 0.598582 3.452262
vt 0.590605 3.452263
vt 0.448156 0.552265
vt 0.469147 0.552265
vt 0.466366 0.524065
vt 0.469817 0.554601
vt 0.451520 0.585120
vt 0.466904 0.585118
vt 0.454530 0.589197
vt 0.466904 0.589208
vt 0.480321 0.549818
vt 0.480321 0.524064
vt 0.546813 0.524064
vt 0.413829 0.524064
vt 0.519679 3.451701
vt 0.519679 3.404178
vt 0.480321 0.581292
vt 0.480321 0.554601
vt 0.543566 0.554591
vt 0.417076 0.554591
vt -2.436142 0.581342
vt -2.436611 0.569563
vt -2.420975 0.554602
vt -2.452937 0.554591
vt -2.452932 0.569519
vt 0.480773 0.581318
vt 0.478826 0.581318
vt 0.481247 0.569540
vt 0.479299 0.569540
vt 0.480269 0.554602
vt 0.497817 0.569540
vt 0.500107 0.569540
vt 0.497568 0.581318
vt 0.499858 0.581318
vt 0.518476 0.569540
vt 0.519679 0.569540
vt 0.518476 0.581319
vt 0.519679 0.581319
vt 0.520883 0.581319
vt 0.520883 0.569540
vt 0.539252 0.569540
vt 0.541541 0.569540
vt 0.559090 0.554602
vt 0.541790 0.581318
vt 0.539501 0.581318
vt 0.558112 0.569540
vt 0.560060 0.569540
vt 0.560533 0.581318
vt 0.558585 0.581318
vt 0.519679 3.452712
vt 0.519679 3.407513
vt -2.434192 0.550843
vt -2.434786 0.539059
vt -2.418349 0.524065
vt -2.451942 0.524064
vt -2.452053 0.539059
vt 0.478793 0.550844
vt 0.476844 0.550844
vt 0.479393 0.539060
vt 0.477444 0.539060
vt 0.478341 0.524065
vt 0.496842 0.539060
vt 0.519679 0.524064
vt 0.499133 0.539060
vt 0.496526 0.550844
vt 0.498817 0.550844
vt 0.518475 0.539060
vt 0.519679 0.539060
vt 0.518475 0.550844
vt 0.519679 0.550844
vt 0.520884 0.550844
vt 0.520884 0.539060
vt 0.540226 0.539060
vt 0.542517 0.539060
vt 0.561018 0.524065
vt 0.542833 0.550844
vt 0.540542 0.550844
vt 0.559966 0.539060
vt 0.561915 0.539060
vt 0.562515 0.550844
vt 0.560566 0.550844
vt 0.508351 3.405984
vt 0.508360 3.389427
vt 0.519679 3.404209
vt 0.519679 3.366186
vt 0.513403 3.367604
vt 0.505575 3.383687
vt 0.508369 3.371576
vt 0.505575 3.377316
vt 0.530999 3.389427
vt 0.531007 3.405984
vt 0.525956 3.367604
vt 0.533783 3.383687
vt 0.530990 3.371576
vt 0.533783 3.377316
vt -2.505685 0.589206
vt -2.505685 0.603307
vt -2.490967 0.589206
vt -2.490967 0.603307
vt -2.474652 0.589206
vt -2.461799 0.589208
vt -2.461799 0.603308
vt -2.432018 0.589207
vt -2.432018 0.603308
vt -2.420600 0.589207
vt -2.420601 0.603307
vt 0.509589 0.589207
vt 0.514080 0.589207
vt 0.509589 0.603307
vt 0.514080 0.603307
vt 0.519679 0.603307
vt 0.525279 0.603307
vt 0.525279 0.589207
vt 0.529770 0.603307
vt 0.529770 0.589207
vt -2.372539 0.603307
vt -2.377660 0.603307
vt -2.372539 0.589207
vt -2.377660 0.589207
vt -2.383345 0.603307
vt -2.383345 0.589207
vt -2.389085 0.603307
vt -2.389085 0.589207
vt -2.406903 0.603307
vt -2.406903 0.589207
vt 0.509872 0.603307
vt 0.498975 0.603308
vt 0.509872 0.589207
vt 0.498975 0.589207
vt 0.488292 0.603307
vt 0.488292 0.589207
vt 0.487413 3.518599
vt 0.502716 3.526314
vt 0.487412 3.549766
vt 0.519679 3.549766
vt 0.519679 3.528973
vt 0.536643 3.526314
vt 0.551946 3.549766
vt 0.551946 3.518599
vt 0.486410 0.569282
vt 0.486410 0.554601
vt 0.521790 0.569282
vt 0.521790 0.554601
vt 0.512588 0.603306
vt 0.480321 0.603306
vt 0.512588 0.589206
vt 0.480321 0.589206
vt 0.448054 0.589206
vt 0.448054 0.603306
vt 0.474733 3.442338
vt 0.466842 3.457663
vt 0.451689 3.452262
vt 0.461637 3.432922
vt 0.477509 3.417216
vt 0.497509 3.407132
vt 0.519679 3.403657
vt 0.541850 3.407132
vt 0.561850 3.417216
vt 0.577722 3.432922
vt 0.587669 3.452262
vt 0.572516 3.457663
vt 0.564625 3.442338
vt 0.596208 3.456000
vt 0.593221 3.452262
vt 0.599663 3.458799
vt 0.575235 3.474652
vt 0.603600 3.460887
vt 0.603600 3.538279
vt 0.572516 3.491640
vt 0.564625 3.506965
vt 0.552334 3.519128
vt 0.536847 3.526937
vt 0.540457 3.538279
vt 0.519679 3.529627
vt 0.540457 3.552161
vt 0.519679 3.606295
vt 0.498901 3.552161
vt 0.498901 3.538279
vt 0.502511 3.526937
vt 0.435758 3.538279
vt 0.487024 3.519128
vt 0.474733 3.506965
vt 0.466842 3.491640
vt 0.464123 3.474652
vt 0.435758 3.460887
vt 0.439695 3.458799
vt 0.443150 3.456000
vt 0.446137 3.452262
vt -2.536801 0.538747
vt -2.536802 0.524065
vt -2.462397 0.538747
vt -2.462398 0.524065
vt -2.457509 0.538747
vt -2.457510 0.524065
vt -2.453773 0.524065
vt 0.444655 0.524065
vt 0.444655 0.538747
vt 0.441200 0.524065
vt 0.441200 0.538747
vt 0.437263 0.524065
vt 0.437263 0.538747
vt 0.490774 3.505280
vt 0.497556 3.515324
vt 0.457299 3.539618
vt 0.454877 3.545555
vt 0.507706 3.522035
vt 0.454877 3.568540
vt 0.513693 3.537795
vt 0.513693 3.523213
vt 0.458233 3.572784
vt 0.506904 3.587159
vt -2.477857 0.619734
vt -2.477857 0.633834
vt -2.506326 0.619734
vt -2.506326 0.633834
vt -2.540452 0.619734
vt -2.540452 0.633834
vt -2.545847 0.619734
vt -2.545847 0.633834
vt -2.568021 0.619734
vt -2.568021 0.633834
vt -2.571479 0.619734
vt -2.571479 0.633834
vt 0.540868 0.619734
vt 0.540868 0.633834
vt 0.493096 0.619734
vt 0.493096 0.633834
vt 0.562737 0.538747
vt 0.562737 0.524065
vt 0.498901 3.606295
vt 0.488433 3.604234
vt 0.479559 3.598367
vt 0.473630 3.589586
vt 0.471548 3.579228
vt 0.550925 3.604234
vt 0.540457 3.606295
vt 0.559799 3.598367
vt 0.565728 3.589586
vt 0.567810 3.579228
vt 0.488433 3.554221
vt 0.479559 3.560088
vt 0.473630 3.568870
vt 0.550925 3.554221
vt 0.559799 3.560088
vt 0.565728 3.568870
vt 0.500950 0.524065
vt 0.500950 0.538747
vt 0.480321 0.538747
vt 0.459693 0.538747
vt 0.459693 0.524065
vt 0.510973 0.538747
vt 0.519344 0.538747
vt 0.519344 0.524065
vt -2.597282 0.538747
vt -2.597282 0.524065
vt -2.588998 0.538747
vt -2.588998 0.524065
vt -2.569457 0.538747
vt -2.569457 0.524065
vt -2.561174 0.538747
vt -2.561174 0.524065
vt 0.480656 0.538747
vt 0.480656 0.524065
vt 0.489027 0.538747
vt 0.489027 0.524065
vt 0.591716 0.524065
vt 0.591716 0.538747
vt 0.590088 0.524065
vt 0.590088 0.538747
vt 0.597077 0.554600
vt 0.597077 0.569282
vt 0.586339 0.554600
vt 0.586339 0.569282
vt 3.453773 0.554600
vt 3.474650 0.569282
vt 3.474650 0.554600
vt 3.486627 0.554601
vt 3.486627 0.569282
vt 3.498308 0.554601
vt 3.498308 0.569282
vt 3.509404 0.554601
vt 3.509404 0.569282
vt 3.519650 0.554601
vt 3.519650 0.569282
vt 3.548414 0.554601
vt 0.591203 0.552265
vt 0.570211 0.552265
vt 0.572993 0.524065
vt 0.569542 0.554601
vt 0.587839 0.585120
vt 0.572454 0.585118
vt 0.584828 0.589197
vt 0.572454 0.589208
vt 3.436142 0.581342
vt 3.436611 0.569563
vt 3.420975 0.554602
vt 3.452937 0.554591
vt 3.452932 0.569519
vt 3.434192 0.550843
vt 3.434786 0.539059
vt 3.418349 0.524065
vt 3.451942 0.524064
vt 3.452053 0.539059
vt 3.505685 0.589206
vt 3.505685 0.603307
vt 3.490967 0.589206
vt 3.490967 0.603307
vt 3.474652 0.589206
vt 3.461799 0.589208
vt 3.461799 0.603308
vt 3.432018 0.589207
vt 3.432018 0.603308
vt 3.420600 0.589207
vt 3.420601 0.603307
vt 3.372539 0.603307
vt 3.372539 0.589207
vt 3.377660 0.603307
vt 3.377660 0.589207
vt 3.383345 0.603307
vt 3.383345 0.589207
vt 3.389085 0.603307
vt 3.389085 0.589207
vt 3.406903 0.589207
vt 3.406903 0.603307
vt 0.529486 0.603307
vt 0.529486 0.589207
vt 0.540384 0.603308
vt 0.540384 0.589207
vt 0.551066 0.603307
vt 0.551066 0.589207
vt 0.438852 0.554601
vt 0.474232 0.554601
vt 0.438852 0.569282
vt 0.474232 0.569282
vt 3.462398 0.524065
vt 3.536802 0.524065
vt 3.462397 0.538747
vt 3.536801 0.538747
vt 3.453773 0.524065
vt 3.457510 0.524065
vt 3.457509 0.538747
vt 0.594703 0.524065
vt 0.598159 0.524065
vt 0.594703 0.538747
vt 0.598159 0.538747
vt 0.602095 0.524065
vt 0.602095 0.538747
vt 0.548584 3.505280
vt 0.582059 3.539618
vt 0.541802 3.515324
vt 0.584481 3.545555
vt 0.531652 3.522035
vt 0.584481 3.568540
vt 0.525665 3.537795
vt 0.525666 3.523213
vt 0.581125 3.572784
vt 0.532454 3.587159
vt 0.519679 3.587159
vt 0.519679 3.537795
vt 3.477857 0.619734
vt 3.506326 0.619734
vt 3.477857 0.633834
vt 3.506326 0.633834
vt 3.540452 0.619734
vt 3.540452 0.633834
vt 3.545847 0.619734
vt 3.545847 0.633834
vt 3.568021 0.619734
vt 3.568021 0.633834
vt 3.571479 0.619734
vt 3.571479 0.633834
vt 0.419774 0.619734
vt 0.467546 0.619734
vt 0.419774 0.633834
vt 0.467546 0.633834
vt 0.480321 0.633834
vt 0.397905 0.524065
vt 0.397905 0.538747
vt 0.449669 0.538747
vt 0.441298 0.538747
vt 0.441298 0.524065
vt 3.597282 0.538747
vt 3.588998 0.538747
vt 3.597282 0.524065
vt 3.588998 0.524065
vt 3.569457 0.538747
vt 3.569457 0.524065
vt 3.561174 0.538747
vt 3.561174 0.524065
vt 0.558702 0.538747
vt 0.550331 0.538747
vt 0.558702 0.524065
vt 0.550331 0.524065
vt 0.544556 0.756531
vt 0.540506 0.756531
vt 0.544556 0.752140
vt 0.540506 0.752140
vt 0.547421 3.486077
vt 0.543370 3.487151
vt 0.544556 3.475498
vt 0.540506 3.476572
vt 0.452579 0.752140
vt 0.456630 0.752140
vt 0.452579 0.756531
vt 0.456630 0.756531
vt 0.455444 3.475498
vt 0.459494 3.476572
vt 0.452579 3.486077
vt 0.456630 3.487151
vt -2.460311 0.756531
vt -2.464319 0.756531
vt -2.460311 0.752140
vt -2.464319 0.752140
vt 0.532074 3.463146
vt 0.530989 3.467154
vt 0.521384 3.460311
vt 0.520298 3.464319
vt 3.463146 0.752140
vt 3.467154 0.752140
vt 3.463146 0.756531
vt 3.467154 0.756531
vt 0.478616 3.460311
vt 0.479702 3.464319
vt 0.467926 3.463146
vt 0.469011 3.467154
vt -2.463146 0.756531
vt -2.467154 0.756531
vt -2.463146 0.752140
vt -2.467154 0.752140
vt 0.517975 3.460311
vt 0.519060 3.464319
vt 0.507284 3.463146
vt 0.508370 3.467154
vt 3.460311 0.752140
vt 3.464319 0.752140
vt 3.460311 0.756531
vt 3.464319 0.756531
vt 0.492716 3.463146
vt 0.491630 3.467154
vt 0.482025 3.460311
vt 0.480940 3.464319
vt 0.508062 0.756531
vt 0.504012 0.756531
vt 0.508062 0.752140
vt 0.504012 0.752140
vt 0.494802 3.475498
vt 0.498852 3.476572
vt 0.491938 3.486077
vt 0.495988 3.487151
vt 0.494802 0.752140
vt 0.498852 0.752140
vt 0.494802 0.756531
vt 0.498852 0.756531
vt 0.508062 3.486077
vt 0.504012 3.487151
vt 0.505198 3.475498
vt 0.501148 3.476572
vt 0.548419 0.746011
vt 0.535629 0.746011
vt 0.548419 0.731911
vt 0.535629 0.731911
vt 0.519679 0.746011
vt 0.519679 0.731911
vt 0.503730 0.731911
vt 0.503730 0.746011
vt 0.490939 0.731911
vt 0.490939 0.746011
vt 3.465083 0.731911
vt 3.479669 0.731911
vt 3.465083 0.746011
vt 3.479669 0.746011
vt 3.501715 0.731911
vt 3.529742 0.746011
vt 3.529742 0.760111
vt -2.465083 0.731911
vt -2.465083 0.746011
vt -2.479669 0.731911
vt -2.479669 0.746011
vt -2.501715 0.731911
vt -2.529742 0.760111
vt -2.529742 0.746011
vt 0.519679 3.503826
vt 0.557039 3.479325
vt 0.557039 3.503826
vt 0.549640 3.464120
vt 0.536306 3.453598
vt 0.519679 3.449843
vt 0.503053 3.453598
vt 0.489719 3.464120
vt 0.482319 3.479325
vt 0.482319 3.503826
vt 0.444482 0.731911
vt 0.480321 0.731911
vt 0.516159 0.731911
vt 0.490412 0.746011
vt 0.490412 0.760112
vt 0.485921 0.746011
vt 0.485921 0.760112
vt 0.480321 0.760112
vt 0.474721 0.760112
vt 0.474721 0.746011
vt 0.470231 0.760112
vt 0.470231 0.746011
vt -2.587190 0.760112
vt -2.587190 0.746011
vt -2.582069 0.760112
vt -2.582070 0.746011
vt -2.576385 0.760112
vt -2.576385 0.746011
vt -2.570644 0.760111
vt -2.570645 0.746011
vt 0.505575 3.582413
vt 0.505575 3.576042
vt 0.508368 3.588153
vt 0.513402 3.592125
vt 0.508360 3.570302
vt 0.519679 3.593543
vt 0.508351 3.531283
vt 0.530998 3.570302
vt 0.531007 3.531283
vt 0.525956 3.592125
vt 0.533783 3.576042
vt 0.530989 3.588153
vt 0.533783 3.582413
vt 3.587190 0.760112
vt 3.582069 0.760112
vt 3.587190 0.746011
vt 3.582070 0.746011
vt 3.576385 0.760112
vt 3.576385 0.746011
vt 3.570644 0.760111
vt 3.570645 0.746011
vt 0.470514 0.760111
vt 0.470514 0.746011
vt 0.490128 0.760111
vt 0.490128 0.746011
vt 0.557039 3.531283
vt 0.482319 3.531283
vt 0.557039 0.729584
vt 0.519679 0.729584
vt 0.482319 0.729584
vt 0.424680 3.580406
vt 0.424680 3.578049
vt 0.505575 3.585091
vt 0.505575 3.573364
vt 0.533783 3.573364
vt 0.614678 3.578049
vt 0.533783 3.585091
vt 0.614678 3.580406
vt 0.461368 3.653451
vt 0.459506 3.651981
vt 0.515515 3.593794
vt 0.506252 3.586482
vt 0.533106 3.586482
vt 0.579852 3.651981
vt 0.523843 3.593794
vt 0.577990 3.653451
vt 0.498399 0.553475
vt 0.480321 0.558837
vt 0.462243 0.553475
vt 0.519679 3.492267
vt 0.498901 3.571935
vt 0.498901 3.492267
vt 0.519679 3.636192
vt 0.498901 3.608263
vt 0.476062 3.571935
vt 0.476062 3.608263
vt 0.498901 3.636192
vt 0.540457 3.608263
vt 0.540457 3.636192
vt 0.540457 3.571935
vt 0.540457 3.492267
vt 0.563296 3.608263
vt 0.563296 3.571935
vt 0.522416 0.477110
vt 0.522416 0.491210
vt 0.501099 0.477110
vt -2.573440 0.477110
vt -2.573440 0.491210
vt 0.500422 0.477110
vt 0.500422 0.491210
vt 0.477584 0.477110
vt 0.477584 0.491210
vt -2.492267 0.477110
vt 3.573440 0.477110
vt 3.573440 0.491210
vt 3.492267 0.477110
vt 0.561775 0.477110
vt 0.561775 0.491210
vt 0.538936 0.477110
vt 0.538936 0.491210
vt 0.459543 0.477110
vt 0.438225 0.477110
vt 0.438225 0.491210
vt 0.489256 3.422518
vt 0.480321 3.420759
vt 0.471386 3.422518
vt -2.419147 0.614369
vt -2.422518 0.614369
vt -2.419147 0.609938
vt -2.422518 0.609938
vt 0.510744 3.422518
vt 0.510744 3.419147
vt 0.519679 3.420759
vt 0.519679 3.417389
vt 0.528614 3.422518
vt 0.528614 3.419147
vt 3.419147 0.609938
vt 3.422518 0.609938
vt 3.419147 0.614369
vt 3.422518 0.614369
vt 0.493612 3.425258
vt 0.498673 3.432754
vt 0.500665 3.445419
vt 0.503883 0.614369
vt 0.500665 0.614369
vt 0.503883 0.609938
vt 0.500665 0.609938
vt 0.499335 3.445419
vt 0.496117 3.444316
vt 0.501327 3.432754
vt 0.498109 3.431651
vt 0.506388 3.425258
vt 0.503170 3.424156
vt 0.503170 0.609938
vt 0.506388 0.609938
vt 0.503170 0.614369
vt 0.506388 0.614369
vt 0.467030 3.425258
vt 0.461968 3.432754
vt 0.459977 3.445419
vt 0.536189 0.614369
vt 0.532970 0.614369
vt 0.536189 0.609938
vt 0.532970 0.609938
vt 0.532970 3.425258
vt 0.536189 3.424156
vt 0.538032 3.432754
vt 0.541250 3.431651
vt 0.540023 3.445419
vt 0.543242 3.444316
vt 0.456758 0.609938
vt 0.459977 0.609938
vt 0.456758 0.614369
vt 0.459977 0.614369
vt 3.530237 0.577880
vt 3.522177 0.577880
vt 3.530237 0.577116
vt 3.522177 0.577116
vt 0.510205 3.530237
vt 0.510205 3.522177
vt 0.512292 3.530237
vt 0.512292 3.522177
vt 0.487707 3.530237
vt 0.487707 3.522177
vt 0.489795 3.530237
vt 0.489795 3.522177
vt 3.530237 0.573037
vt 3.522177 0.573037
vt 3.530237 0.572273
vt 3.522177 0.572273
vt 0.512293 3.522177
vt 0.487708 3.530237
vt 3.530237 0.568194
vt 3.522177 0.568194
vt 3.530237 0.567430
vt 3.522177 0.567430
vt 0.489794 3.530237
vt 3.530237 0.582723
vt 3.522177 0.582723
vt 3.530237 0.581958
vt 3.522177 0.581958
vt 3.530237 0.563227
vt 3.522177 0.563227
vt 3.530237 0.562462
vt 3.522177 0.562462
vt 0.510206 3.530237
vt 3.530237 0.558384
vt 3.522177 0.558384
vt 3.530237 0.557619
vt 3.522177 0.557619
vt 0.487708 3.522177
vt -2.522177 0.582723
vt -2.530237 0.582723
vt -2.522177 0.581958
vt -2.530237 0.581958
vt -2.522177 0.577880
vt -2.530237 0.577880
vt -2.522177 0.577116
vt -2.530237 0.577116
vt -2.522177 0.573037
vt -2.530237 0.573037
vt -2.522177 0.572273
vt -2.530237 0.572273
vt -2.522177 0.568194
vt -2.530237 0.568194
vt -2.522177 0.567430
vt -2.530237 0.567430
vt -2.522177 0.563227
vt -2.530237 0.563227
vt -2.522177 0.562462
vt -2.530237 0.562462
vt -2.522177 0.558384
vt -2.530237 0.558384
vt -2.522177 0.557619
vt -2.530237 0.557619
vt 3.556929 0.634253
vt 3.563385 0.638032
vt 3.550473 0.638032
vt 3.556929 0.649369
vt 3.550473 0.645590
vt 3.563385 0.645590
vt 0.448349 3.522177
vt 0.450436 3.522177
vt 0.448349 3.530237
vt 0.450436 3.530237
vt 0.549564 3.522177
vt 0.551651 3.522177
vt 0.549564 3.530237
vt 0.551651 3.530237
vt -2.563385 0.645590
vt -2.563385 0.638032
vt -2.556929 0.649369
vt -2.550473 0.638032
vt -2.550473 0.645590
vt -2.556929 0.634253
vt -2.487151 0.756531
vt -2.487151 0.752140
vt -2.476572 0.756531
vt -2.476572 0.752140
vt 0.469011 0.756531
vt 0.469011 0.752140
vt 0.479702 0.756531
vt 0.479702 0.752140
vt 0.480940 0.756531
vt 0.480940 0.752140
vt 0.491630 0.756531
vt 0.491630 0.752140
vt 3.476572 0.756531
vt 3.476572 0.752140
vt 3.487151 0.756531
vt 3.487151 0.752140
vt 0.484394 0.613615
vt 0.476248 0.613615
vt 0.484394 0.612851
vt 0.476248 0.612851
vt 0.484394 3.541369
vt 0.476248 3.541369
vt 0.484394 3.539304
vt 0.476248 3.539304
vt 0.515606 3.539304
vt 0.523752 3.539304
vt 0.515606 3.541369
vt 0.523752 3.541369
vt 0.484394 0.608772
vt 0.476248 0.608772
vt 0.484394 0.608008
vt 0.476248 0.608008
vt 0.484394 0.603929
vt 0.476248 0.603929
vt 0.484394 0.603165
vt 0.476248 0.603165
vt 0.484394 0.598962
vt 0.476248 0.598962
vt 0.484394 0.598197
vt 0.476248 0.598197
vt 0.484394 0.594119
vt 0.476248 0.594119
vt 0.484394 0.593354
vt 0.476248 0.593354
vt 0.523752 0.613615
vt 0.515606 0.613615
vt 0.523752 0.612851
vt 0.515606 0.612851
vt 0.523752 0.608772
vt 0.515606 0.608772
vt 0.523752 0.608008
vt 0.515606 0.608008
vt 0.523752 0.603929
vt 0.515606 0.603929
vt 0.523752 0.603165
vt 0.515606 0.603165
vt 0.523752 0.598962
vt 0.515606 0.598962
vt 0.523752 0.598197
vt 0.515606 0.598197
vt 0.523752 0.594119
vt 0.515606 0.594119
vt 0.523752 0.593355
vt 0.515606 0.593355
vt 0.522587 0.862755
vt 0.522587 0.856331
vt 0.524188 0.862755
vt 0.524188 0.856331
vt 0.475812 0.862755
vt 0.475812 0.856331
vt 0.477413 0.862755
vt 0.477413 0.856331
vt 3.593386 0.856331
vt 3.593386 0.862755
vt 3.578153 0.856331
vt 3.578153 0.862755
vt 0.524188 3.593386
vt 0.522587 3.593386
vt 0.524188 3.578153
vt 0.522587 3.578153
vt -2.593386 0.862755
vt -2.593386 0.856331
vt -2.578153 0.862755
vt -2.578153 0.856331
vt 0.483229 3.585135
vt 0.477413 3.585135
vt 0.483229 3.577604
vt 0.477413 3.577604
vt 0.522587 0.863804
vt 0.516771 0.863804
vt 0.522587 0.855540
vt 0.516771 0.855540
vt -2.585135 0.855540
vt -2.577604 0.855540
vt -2.585135 0.863804
vt -2.577604 0.863804
vt 0.477413 0.863804
vt 0.477413 0.855540
vt 0.483229 0.863804
vt 0.483229 0.855540
vt 3.577604 0.855540
vt 3.585135 0.855540
vt 3.577604 0.863804
vt 3.585135 0.863804
vt 0.522587 3.585135
vt 0.516771 3.585135
vt 0.522587 3.577604
vt 0.516771 3.577604
vt 0.515171 0.862755
vt 0.515171 0.856331
vt 0.516771 0.862755
vt 0.516771 0.856331
vt 0.483229 0.862755
vt 0.483229 0.856331
vt 0.484829 0.862755
vt 0.484829 0.856331
vt 0.516771 3.593386
vt 0.515171 3.593386
vt 0.516771 3.578153
vt 0.515171 3.578153
vt 0.477413 3.593386
vt 0.475812 3.593386
vt 0.477413 3.578153
vt 0.475812 3.578153
vt 0.484829 3.593386
vt 0.483229 3.593386
vt 0.484829 3.578153
vt 0.483229 3.578153
vt 0.483338 3.595838
vt 0.477305 3.595838
vt 0.483338 3.584579
vt 0.477305 3.584579
vt 0.477305 0.941173
vt 0.483338 0.941173
vt 0.477305 0.945021
vt 0.483338 0.945021
vt 3.584579 0.945021
vt 3.584579 0.941173
vt 3.595838 0.945021
vt 3.595838 0.941173
vt 0.516662 0.945021
vt 0.516662 0.941173
vt 0.522695 0.945021
vt 0.522695 0.941173
vt -2.595838 0.945021
vt -2.595838 0.941173
vt -2.584579 0.945021
vt -2.584579 0.941173
vt 0.516662 3.595838
vt 0.516662 3.584579
vt 0.522695 3.595838
vt 0.522695 3.584579
vt 0.487583 3.590562
vt 0.484810 3.594338
vt 0.487583 3.585891
vt 0.480321 3.580672
vt 0.484810 3.582115
vt 0.480322 3.595784
vt 0.475833 3.582115
vt 0.473060 3.590562
vt 0.475833 3.594338
vt 0.473060 3.585891
vt 3.582115 0.856331
vt 3.582115 0.852483
vt 3.585891 0.856331
vt 3.585891 0.852483
vt 3.590562 0.856331
vt 3.590562 0.852483
vt 3.594338 0.856331
vt 3.594338 0.852483
vt 0.515190 0.856331
vt 0.515190 0.852483
vt 0.519678 0.856331
vt 0.519678 0.852483
vt 0.524167 0.856331
vt 0.524167 0.852483
vt -2.594338 0.856331
vt -2.594338 0.852483
vt -2.590562 0.856331
vt -2.590562 0.852483
vt -2.585891 0.856331
vt -2.585891 0.852483
vt -2.582115 0.856331
vt -2.582115 0.852483
vt 0.475833 0.856331
vt 0.475833 0.852483
vt 0.480321 0.856331
vt 0.480321 0.852483
vt 0.484810 0.856331
vt 0.484810 0.852483
vt 0.512417 3.590562
vt 0.512417 3.585891
vt 0.515190 3.594338
vt 0.519678 3.595782
vt 0.519679 3.580672
vt 0.515190 3.582115
vt 0.524167 3.594338
vt 0.526940 3.585891
vt 0.524167 3.582115
vt 0.526940 3.590562
vt 0.477305 0.967202
vt 0.483338 0.967202
vt 0.477305 0.971050
vt 0.483338 0.971050
vt 3.584579 0.971050
vt 3.584579 0.967202
vt 3.595838 0.971050
vt 3.595838 0.967202
vt 0.516662 0.971050
vt 0.516662 0.967202
vt 0.522695 0.971050
vt 0.522695 0.967202
vt -2.595838 0.971050
vt -2.595838 0.967202
vt -2.584579 0.971050
vt -2.584579 0.967202
vt -2.581250 0.857917
vt -2.581677 0.857917
vt -2.602960 0.524104
vt -2.603387 0.524104
vt 0.556616 0.857838
vt 0.556191 0.857917
vt 0.501702 0.524025
vt 0.501277 0.524104
vt 3.581532 0.857838
vt 3.581105 0.857838
vt 3.603242 0.524025
vt 3.602815 0.524025
vt 0.443661 0.857917
vt 0.443236 0.857838
vt 0.498575 0.524104
vt 0.498149 0.524025
vt -2.581331 0.857901
vt -2.581704 0.857901
vt -2.603041 0.524088
vt -2.603414 0.524088
vt 0.523123 0.857855
vt 0.522748 0.857901
vt 0.495345 0.524042
vt 0.494969 0.524088
vt 3.581451 0.857855
vt 3.581078 0.857855
vt 3.603162 0.524042
vt 3.602788 0.524042
vt 0.476995 0.857901
vt 0.476620 0.857855
vt 0.504774 0.524088
vt 0.504399 0.524042
vt -2.578858 0.742481
vt -2.579282 0.742481
vt -2.602965 0.524127
vt -2.603388 0.524127
vt 0.565296 0.742357
vt 0.564884 0.742481
vt 0.507585 0.524002
vt 0.507173 0.524127
vt 3.579131 0.742357
vt 3.578708 0.742357
vt 3.603238 0.524002
vt 3.602814 0.524002
vt 0.434958 0.742481
vt 0.434546 0.742357
vt 0.492669 0.524127
vt 0.492257 0.524002
vt 0.477573 0.949290
vt 0.477117 0.949290
vt 0.476565 0.743935
vt 0.476108 0.743935
vt -2.582953 0.949179
vt -2.583391 0.949290
vt -2.633507 0.743824
vt -2.633945 0.743935
vt 0.522875 0.949179
vt 0.522418 0.949179
vt 0.523883 0.743824
vt 0.523426 0.743824
vt 3.583382 0.949290
vt 3.582944 0.949179
vt 3.633936 0.743935
vt 3.633497 0.743824
vt 0.494237 0.949795
vt 0.493782 0.949795
vt 0.503750 0.766271
vt 0.503295 0.766271
vt 3.584328 0.949570
vt 3.583936 0.949795
vt 3.482296 0.766046
vt 3.481905 0.766271
vt 0.506254 0.949570
vt 0.505800 0.949570
vt 0.496741 0.766046
vt 0.496287 0.766046
vt -2.583895 0.949795
vt -2.584286 0.949570
vt -2.481863 0.766271
vt -2.482255 0.766046
vt 3.603387 0.524104
vt 3.581677 0.857917
vt 3.602960 0.524104
vt 3.581250 0.857917
vt 0.459365 0.524104
vt 0.404451 0.857917
vt 0.458940 0.524025
vt 0.404026 0.857838
vt -2.602815 0.524025
vt -2.581105 0.857838
vt -2.603242 0.524025
vt -2.581532 0.857838
vt 0.541209 0.524025
vt 0.596122 0.857838
vt 0.540783 0.524104
vt 0.595697 0.857917
vt 3.603414 0.524088
vt 3.581704 0.857901
vt 3.603041 0.524088
vt 3.581331 0.857901
vt 0.465673 0.524088
vt 0.437894 0.857901
vt 0.465297 0.524042
vt 0.437519 0.857855
vt -2.602788 0.524042
vt -2.581078 0.857855
vt -2.603162 0.524042
vt -2.581451 0.857855
vt 0.534959 0.524042
vt 0.562738 0.857855
vt 0.534584 0.524088
vt 0.562363 0.857901
vt 3.603388 0.524127
vt 3.579282 0.742481
vt 3.602965 0.524127
vt 3.578858 0.742481
vt 0.453469 0.524127
vt 0.395758 0.742481
vt 0.453057 0.524002
vt 0.395346 0.742357
vt -2.602814 0.524002
vt -2.578708 0.742357
vt -2.603238 0.524002
vt -2.579131 0.742357
vt 0.547101 0.524002
vt 0.604812 0.742357
vt 0.546689 0.524127
vt 0.604400 0.742481
vt 0.563249 0.743935
vt 0.562241 0.949290
vt 0.562793 0.743935
vt 0.561785 0.949290
vt 3.633945 0.743935
vt 3.583391 0.949290
vt 3.633507 0.743824
vt 3.582953 0.949179
vt 0.437216 0.743824
vt 0.438224 0.949179
vt 0.436759 0.743824
vt 0.437767 0.949179
vt -2.633497 0.743824
vt -2.582944 0.949179
vt -2.633936 0.743935
vt -2.583382 0.949290
vt 0.457346 0.766271
vt 0.466860 0.949795
vt 0.456892 0.766271
vt 0.466405 0.949795
vt -2.481905 0.766271
vt -2.583936 0.949795
vt -2.482296 0.766046
vt -2.584328 0.949570
vt 0.543072 0.766046
vt 0.533558 0.949570
vt 0.542617 0.766046
vt 0.533104 0.949570
vt 3.482255 0.766046
vt 3.584286 0.949570
vt 3.481863 0.766271
vt 3.583895 0.949795
vt 0.521700 3.561894
vt 0.521700 3.548636
vt 0.526257 3.561894
vt 0.526257 3.548636
vt 0.530813 3.561894
vt 0.530813 3.548636
vt -2.548636 0.446672
vt -2.561894 0.446672
vt -2.548636 0.442101
vt -2.561894 0.442101
vt -2.548636 0.437529
vt -2.561894 0.437529
vt 0.478300 3.548636
vt 0.478300 3.561894
vt 0.473743 3.548636
vt 0.473743 3.561894
vt 0.469187 3.548636
vt 0.469186 3.561894
vt 3.548636 0.437529
vt 3.561894 0.437529
vt 3.548636 0.442101
vt 3.561894 0.442101
vt 3.548636 0.446672
vt 3.561894 0.446672
vt 0.481543 0.442101
vt 0.479259 0.447634
vt 0.479259 0.436567
vt 0.468228 0.436567
vt 0.473743 0.434275
vt 0.468228 0.447634
vt 0.473743 0.449926
vt 0.465943 0.442101
vt 0.531772 0.447634
vt 0.526257 0.449926
vt 0.534057 0.442101
vt 0.526257 0.434275
vt 0.531772 0.436567
vt 0.518457 0.442101
vt 0.520742 0.447634
vt 0.520742 0.436567
vt 0.531772 3.561894
vt 0.531772 3.563202
vt 0.520741 3.561894
vt 0.520741 3.563202
vt 3.563202 0.447634
vt 3.561894 0.447634
vt 3.563202 0.442101
vt 3.563202 0.436567
vt 3.561894 0.436567
vt 0.468228 3.563202
vt 0.468228 3.561894
vt 0.473743 3.563202
vt 0.479259 3.563202
vt 0.479259 3.561894
vt -2.563202 0.436567
vt -2.561894 0.436567
vt -2.563202 0.442101
vt -2.563202 0.447634
vt -2.561894 0.447634
vt -2.547328 0.447634
vt -2.548636 0.447634
vt -2.547328 0.442101
vt -2.547328 0.436567
vt -2.548636 0.436567
vt 0.479258 3.547328
vt 0.479258 3.548636
vt 0.473743 3.547328
vt 0.468228 3.547328
vt 0.468228 3.548636
vt 3.547328 0.436567
vt 3.548636 0.436567
vt 3.547328 0.442101
vt 3.547328 0.447634
vt 3.548636 0.447634
vt 0.531772 3.547328
vt 0.531772 3.548636
vt 0.520742 3.547328
vt 0.520741 3.548636
vt 0.520741 0.436567
vt 0.520741 0.447634
vt 0.479258 0.436567
vt 0.438942 3.561894
vt 0.434385 3.561894
vt 0.438942 3.548636
vt 0.434385 3.548636
vt 0.429828 3.561894
vt 0.429828 3.548636
vt 0.561058 3.548636
vt 0.565616 3.548636
vt 0.561058 3.561894
vt 0.565615 3.561894
vt 0.570172 3.548636
vt 0.570172 3.561894
vt 0.565615 0.434275
vt 0.571130 0.436567
vt 0.560099 0.436567
vt 0.560099 0.447634
vt 0.557815 0.442101
vt 0.571130 0.447634
vt 0.573415 0.442101
vt 0.565615 0.449926
vt 0.428869 0.436567
vt 0.434385 0.434275
vt 0.426584 0.442101
vt 0.434385 0.449926
vt 0.428870 0.447634
vt 0.442185 0.442101
vt 0.439900 0.436567
vt 0.439900 0.447634
vt 0.428870 3.561894
vt 0.428870 3.563202
vt 0.439901 3.561894
vt 0.439901 3.563202
vt 0.571130 3.563202
vt 0.565615 3.563202
vt 0.571130 3.561894
vt 0.560099 3.563202
vt 0.560099 3.561894
vt 0.560100 3.547328
vt 0.565615 3.547328
vt 0.560100 3.548636
vt 0.565615 3.548636
vt 0.571131 3.547328
vt 0.571131 3.548636
vt 0.428870 3.547328
vt 0.434385 3.547328
vt 0.428870 3.548636
vt 0.439900 3.547328
vt 0.439901 3.548636
vt 0.439901 0.436567
vt 0.428870 0.436567
vt 0.426585 0.442101
vt 0.439901 0.447634
vt 0.571131 0.436567
vt 0.573416 0.442101
vt 0.560100 0.436567
vt 0.571131 0.447634
vt 3.425258 0.609938
vt 3.432754 0.609938
vt 3.425258 0.614369
vt 3.432754 0.614369
vt 3.445419 0.609938
vt 3.445419 0.614369
vt -2.425258 0.614369
vt -2.432754 0.614369
vt -2.425258 0.609938
vt -2.432754 0.609938
vt -2.445419 0.614369
vt -2.445419 0.609938
vt 3.618877 0.470415
vt 3.610816 0.470415
vt 3.618877 0.469651
vt 3.610816 0.469651
vt 0.498717 3.618877
vt 0.498717 3.610816
vt 0.500804 3.618877
vt 0.500804 3.610816
vt 0.499196 3.618877
vt 0.499195 3.610816
vt 0.501283 3.618877
vt 0.501283 3.610816
vt 3.618877 0.455762
vt 3.610816 0.455762
vt 3.618877 0.454997
vt 3.610816 0.454997
vt 0.499195 3.618877
vt 3.618877 0.450919
vt 3.610816 0.450919
vt 3.618877 0.450154
vt 3.610816 0.450154
vt 0.500805 3.610816
vt 3.618877 0.446076
vt 3.610816 0.446076
vt 3.618877 0.445311
vt 3.610816 0.445311
vt 3.618877 0.465448
vt 3.610816 0.465448
vt 3.618877 0.464683
vt 3.610816 0.464683
vt 3.618877 0.460605
vt 3.610816 0.460605
vt 3.618877 0.459840
vt 3.610816 0.459840
vt 3.618877 0.441109
vt 3.610816 0.441109
vt 3.618877 0.440344
vt 3.610816 0.440344
vt 3.618877 0.436266
vt 3.610816 0.436266
vt 3.618877 0.435501
vt 3.610816 0.435501
vt 0.499196 3.610816
vt -2.610816 0.470415
vt -2.618877 0.470415
vt -2.610816 0.469651
vt -2.618877 0.469651
vt -2.610816 0.465448
vt -2.618877 0.465448
vt -2.610816 0.464683
vt -2.618877 0.464683
vt -2.610816 0.460605
vt -2.618877 0.460605
vt -2.610816 0.459840
vt -2.618877 0.459840
vt -2.610816 0.455762
vt -2.618877 0.455762
vt -2.610816 0.454997
vt -2.618877 0.454997
vt -2.610816 0.450919
vt -2.618877 0.450919
vt -2.610816 0.450154
vt -2.618877 0.450154
vt -2.610816 0.446076
vt -2.618877 0.446076
vt -2.610816 0.445311
vt -2.618877 0.445311
vt -2.610816 0.441109
vt -2.618877 0.441109
vt -2.610816 0.440344
vt -2.618877 0.440344
vt -2.610816 0.436266
vt -2.618877 0.436266
vt -2.610816 0.435501
vt -2.618877 0.435501
vt 0.459838 3.610816
vt 0.461925 3.610816
vt 0.459838 3.618877
vt 0.461925 3.618877
vt 0.538075 3.610816
vt 0.540162 3.610816
vt 0.538075 3.618877
vt 0.540162 3.618877
vt 0.480321 0.629247
vt 0.486845 0.633026
vt 0.473797 0.633026
vt 0.480321 0.644363
vt 0.473797 0.640584
vt 0.486845 0.640584
vt 0.523752 0.548400
vt 0.515606 0.548400
vt 0.523752 0.547635
vt 0.515606 0.547635
vt 0.476248 3.547460
vt 0.484394 3.547460
vt 0.476248 3.549525
vt 0.484394 3.549525
vt 0.523752 3.549525
vt 0.515606 3.549525
vt 0.523752 3.547460
vt 0.515606 3.547460
vt 0.523752 0.543557
vt 0.515606 0.543557
vt 0.523752 0.542792
vt 0.515606 0.542792
vt 0.523752 0.538714
vt 0.515606 0.538714
vt 0.523752 0.537949
vt 0.515606 0.537949
vt 0.523752 0.533747
vt 0.515606 0.533747
vt 0.523752 0.532982
vt 0.515606 0.532982
vt 0.523752 0.528904
vt 0.515606 0.528904
vt 0.523752 0.528139
vt 0.515606 0.528139
vt 0.484394 0.548400
vt 0.476248 0.548400
vt 0.484394 0.547635
vt 0.476248 0.547635
vt 0.484394 0.543557
vt 0.476248 0.543557
vt 0.484394 0.542792
vt 0.476248 0.542792
vt 0.484394 0.538714
vt 0.476248 0.538714
vt 0.484394 0.537949
vt 0.476248 0.537949
vt 0.484394 0.533747
vt 0.476248 0.533747
vt 0.484394 0.532982
vt 0.476248 0.532982
vt 0.484394 0.528904
vt 0.476248 0.528904
vt 0.484394 0.528139
vt 0.476248 0.528139
vt 0.484523 3.593279
vt 0.476120 3.593279
vt 0.484523 3.582021
vt 0.476119 3.582021
vt 3.582021 0.693341
vt 3.582021 0.689493
vt 3.593279 0.693341
vt 3.593279 0.689493
vt 0.515477 0.693341
vt 0.515477 0.689493
vt 0.523880 0.693341
vt 0.523880 0.689493
vt -2.593279 0.693341
vt -2.593279 0.689493
vt -2.582021 0.693341
vt -2.582021 0.689493
vt 0.515477 3.593279
vt 0.515477 3.582021
vt 0.523880 3.593279
vt 0.523880 3.582021
vt 0.549728 0.536586
vt 0.547706 0.534557
vt 0.550566 0.534557
vt 0.549728 0.532529
vt 0.547706 0.537426
vt 0.547706 0.531689
vt 0.545685 0.536586
vt 0.545685 0.532529
vt 0.544847 0.534557
vt 0.412935 0.534557
vt 0.410913 0.536586
vt 0.410076 0.534557
vt 0.410913 0.532529
vt 0.412935 0.537426
vt 0.412935 0.531689
vt 0.414957 0.536586
vt 0.414957 0.532529
vt 0.415794 0.534557
vt 3.536287 0.643497
vt -2.536287 0.643497
vt 0.466267 0.638793
vt 0.466267 0.641811
vt 0.461932 0.638467
vt 0.466267 0.644829
vt 0.461932 0.645156
vt 0.538068 3.551215
vt 0.538068 3.553630
vt 0.533733 3.551773
vt 0.533733 3.553952
vt 0.533733 3.556929
vt 0.538068 3.560228
vt 0.533733 3.559906
vt 0.538068 3.562643
vt 0.533733 3.562085
vt 0.538068 0.638467
vt 0.533733 0.638793
vt 0.533733 0.641811
vt 0.538068 0.645156
vt 0.533733 0.644829
vt 0.461932 3.562643
vt 0.461932 3.560228
vt 0.466267 3.562085
vt 0.466267 3.559906
vt 0.466267 3.556929
vt 0.461932 3.553630
vt 0.466267 3.553952
vt 0.461932 3.551215
vt 0.466267 3.551773
vt 0.573091 0.638793
vt 0.577426 0.638467
vt 0.573091 0.641811
vt 0.573091 0.644829
vt 0.577426 0.645156
vt 0.422574 3.551215
vt 0.426909 3.551773
vt 0.422574 3.553630
vt 0.426909 3.553952
vt 0.426909 3.556929
vt 0.422574 3.560228
vt 0.426909 3.559906
vt 0.422574 3.562643
vt 0.426909 3.562085
vt 0.422574 0.638467
vt 0.426909 0.638793
vt 0.426909 0.641811
vt 0.422574 0.645156
vt 0.426909 0.644829
vt 0.577426 3.562643
vt 0.573091 3.562085
vt 0.577426 3.560228
vt 0.573091 3.559906
vt 0.573091 3.556929
vt 0.577426 3.553630
vt 0.573091 3.553952
vt 0.577426 3.551215
vt 0.573091 3.551773
vt 3.443460 0.633787
vt 3.443460 0.636805
vt 3.439170 0.633460
vt 3.443460 0.639823
vt 3.439170 0.640149
vt 0.474546 3.439170
vt 0.476987 3.439170
vt 0.475110 3.443460
vt 0.477312 3.443460
vt 0.480321 3.443459
vt 0.483654 3.439170
vt 0.483329 3.443459
vt 0.486095 3.439170
vt 0.485531 3.443460
vt -2.439170 0.633460
vt -2.443460 0.633787
vt -2.443460 0.636805
vt -2.439170 0.640149
vt -2.443460 0.639823
vt 0.513905 3.439170
vt 0.516346 3.439170
vt 0.514469 3.443460
vt 0.516671 3.443460
vt 0.519679 3.443460
vt 0.523013 3.439170
vt 0.522688 3.443460
vt 0.525453 3.439170
vt 0.524890 3.443460
vt 0.473460 3.423407
vt 0.473460 3.421721
vt 0.474935 3.424249
vt 0.476410 3.421721
vt 0.476410 3.423407
vt 0.474935 3.420878
vt 0.484231 3.423407
vt 0.484231 3.421721
vt 0.485706 3.424249
vt 0.487182 3.421721
vt 0.487182 3.423407
vt 0.485706 3.420878
vt 0.497684 0.524954
vt 0.497862 0.533501
vt 0.480321 0.524954
vt 0.480321 0.533501
vt 0.462958 0.524954
vt 0.462779 0.533501
vt 3.405385 0.533644
vt 3.403768 0.533501
vt 3.406090 0.525096
vt 3.404473 0.524954
vt 0.497862 3.403768
vt 0.497862 3.405385
vt 0.480321 3.401019
vt 0.480321 3.402636
vt 0.462779 3.403768
vt 0.462779 3.405385
vt -2.406090 0.525096
vt -2.404473 0.524954
vt -2.405385 0.533644
vt -2.403768 0.533501
vt 0.537042 3.404473
vt 0.537042 3.406090
vt 0.519679 3.401752
vt 0.519679 3.403369
vt 0.502316 3.404473
vt 0.502316 3.406090
vt 0.549827 3.459885
vt 0.552120 3.458575
vt 0.552120 3.461195
vt 0.554412 3.459885
vt 0.549827 3.457266
vt 0.554412 3.457266
vt 0.552120 3.455956
vt 0.408522 3.458575
vt 0.410814 3.459885
vt 0.408522 3.461195
vt 0.406229 3.459885
vt 0.410814 3.457266
vt 0.406229 3.457266
vt 0.408522 3.455956
vt 0.478028 3.421095
vt 0.480321 3.419786
vt 0.480321 3.422405
vt 0.482613 3.421095
vt 0.478028 3.418476
vt 0.482613 3.418476
vt 0.480321 3.417166
s 1
g Litt_Deckhouse_A1_Tower_Main_mod_steel_deck_1
usemtl steel_deck_1
f 3/1/1 2/2/1 1/3/1
f 5/4/1 3/1/1 4/5/1
f 3/1/1 7/6/1 6/2/2
f 6/2/2 7/6/1 8/7/3
f 7/6/1 9/8/1 8/7/3
f 9/8/1 10/9/1 8/7/3
f 8/7/3 10/9/1 11/10/1
f 11/10/1 12/11/1 8/7/3
f 13/12/1 8/7/3 12/11/1
f 14/13/1 13/12/1 12/11/1
f 12/11/1 15/14/1 14/13/1
f 16/15/1 14/13/1 15/14/1
f 16/15/1 15/14/1 17/16/4
f 18/17/4 16/15/1 17/16/4
f 20/18/1 3/1/1 19/4/1
f 20/18/1 19/4/1 21/19/1
f 22/20/1 20/18/1 21/19/1
f 23/21/1 22/20/1 21/19/1
f 23/21/1 21/19/1 24/22/1
f 24/22/1 21/19/1 25/23/1
f 26/24/1 25/23/1 21/19/1
f 26/24/1 27/25/1 25/23/1
f 25/23/1 27/25/1 28/26/1
f 29/27/1 28/26/1 27/25/1
f 28/26/1 29/27/1 30/28/4
f 29/27/1 31/29/4 30/28/4
f 34/30/1 33/31/1 32/32/1
f 34/30/1 35/33/1 33/31/1
f 36/34/1 33/31/1 35/33/1
f 37/35/1 35/33/1 34/30/1
f 38/36/1 35/33/1 37/35/1
f 37/35/1 39/37/1 38/36/1
f 40/38/1 38/36/1 39/37/1
f 41/39/1 38/36/1 40/38/1
f 40/38/1 42/40/1 41/39/1
f 41/39/1 42/40/1 43/41/1
f 44/42/1 43/41/1 42/40/1
f 45/43/1 43/41/1 44/42/1
f 45/43/1 44/42/1 46/44/1
f 47/45/1 46/44/1 44/42/1
f 48/46/1 46/44/1 47/45/1
f 47/45/1 49/47/1 48/46/1
f 50/48/1 48/46/1 49/47/1
f 52/46/1 51/49/1 46/44/1
f 53/50/1 46/44/1 51/49/1
f 54/51/1 53/50/1 51/49/1
f 51/49/1 55/52/1 54/51/1
f 56/53/1 54/51/1 55/52/1
f 55/52/1 57/54/1 56/53/1
f 58/55/1 56/53/1 57/54/1
f 58/55/1 57/54/1 59/56/1
f 59/56/1 60/57/1 58/55/1
f 61/58/1 58/55/1 60/57/1
f 61/58/1 60/57/1 62/59/1
f 62/59/1 63/60/1 61/58/1
f 64/61/1 61/58/1 63/60/1
f 63/60/1 62/59/1 65/62/1
f 68/63/1 67/64/1 66/65/1
f 69/66/1 66/65/1 67/64/1
f 69/66/1 67/64/1 70/67/1
f 71/68/1 70/67/1 67/64/1
f 74/69/5 73/70/6 72/71/7
f 75/72/1 72/71/7 73/70/6
f 75/72/1 73/70/6 76/73/8
f 77/74/9 76/73/8 73/70/6
f 80/75/1 79/76/1 78/77/1
f 81/78/1 78/77/1 79/76/1
f 78/77/1 81/78/1 82/79/1
f 83/80/1 82/79/1 81/78/1
f 83/80/1 84/81/1 82/79/1
f 85/82/1 82/79/1 84/81/1
f 86/83/1 85/82/1 84/81/1
f 84/81/1 87/84/1 86/83/1
f 88/85/1 86/83/1 87/84/1
f 87/84/1 89/86/1 88/85/1
f 90/87/1 88/85/1 89/86/1
f 90/87/1 89/86/1 91/88/1
f 91/88/1 92/89/1 90/87/1
f 93/90/1 90/87/1 92/89/1
f 93/90/1 92/89/1 94/91/1
f 95/92/7 94/91/1 92/89/1
f 94/91/1 95/92/7 96/93/1
f 94/91/1 96/93/1 97/94/1
f 98/95/1 97/94/1 96/93/1
f 97/94/1 98/95/1 99/96/7
f 100/97/10 99/96/7 98/95/1
f 100/97/10 101/98/6 99/96/7
f 102/99/1 99/96/7 101/98/6
f 103/100/1 102/99/1 101/98/6
f 103/100/1 104/101/1 102/99/1
f 105/102/1 102/99/1 104/101/1
f 105/102/1 104/101/1 106/103/1
f 107/104/1 106/103/1 104/101/1
f 106/103/1 107/104/1 108/105/6
f 106/103/1 108/105/6 109/106/8
f 110/107/10 109/106/8 108/105/6
f 110/107/10 111/108/1 109/106/8
f 112/109/1 109/106/8 111/108/1
f 111/108/1 113/110/1 112/109/1
f 114/111/1 112/109/1 113/110/1
f 115/112/8 114/111/1 113/110/1
f 115/112/8 116/113/1 114/111/1
f 117/114/1 114/111/1 116/113/1
f 117/114/1 116/113/1 118/115/1
f 119/116/1 118/115/1 116/113/1
f 120/117/1 118/115/1 119/116/1
f 118/115/1 120/117/1 121/118/1
f 122/119/1 121/118/1 120/117/1
f 121/118/1 122/119/1 123/120/1
f 124/121/1 123/120/1 122/119/1
f 85/82/1 123/120/1 124/121/1
f 85/82/1 124/121/1 82/79/1
f 125/122/1 82/79/1 124/121/1
f 125/122/1 126/123/1 82/79/1
f 127/124/1 82/79/1 126/123/1
f 126/123/1 128/125/1 127/124/1
f 129/126/1 127/124/1 128/125/1
f 132/127/1 131/128/1 130/129/1
f 132/127/1 130/129/1 133/130/1
f 130/129/1 134/131/1 133/130/1
f 133/130/1 134/131/1 135/132/1
f 135/132/1 134/131/1 136/133/1
f 137/134/1 136/133/1 134/131/1
f 138/135/1 137/134/1 134/131/1
f 139/102/1 138/135/1 134/131/1
f 138/135/1 139/102/1 140/136/1
f 141/137/1 138/135/1 140/136/1
f 141/137/1 140/136/1 142/138/1
f 143/139/1 142/138/1 140/136/1
f 140/136/1 144/140/1 143/139/1
f 145/141/1 144/140/1 140/136/1
f 146/142/1 144/140/1 145/141/1
f 146/142/1 145/141/1 147/143/1
f 147/143/1 145/141/1 148/144/1
f 149/145/1 148/144/1 145/141/1
f 149/145/1 150/129/1 148/144/1
f 151/128/1 148/144/1 150/129/1
f 154/146/1 153/91/1 152/94/1
f 154/146/1 155/90/1 153/91/1
f 156/87/1 155/90/1 154/146/1
f 154/146/1 157/85/1 156/87/1
f 154/146/1 158/83/1 157/85/1
f 154/146/1 159/82/1 158/83/1
f 159/82/1 154/146/1 160/120/1
f 160/120/1 154/146/1 161/118/1
f 161/118/1 154/146/1 162/115/1
f 163/114/1 162/115/1 154/146/1
f 163/114/1 154/146/1 164/111/1
f 164/111/1 154/146/1 165/109/1
f 168/147/11 167/1/1 166/3/4
f 168/147/11 169/148/1 167/1/1
f 170/149/1 167/1/1 169/148/1
f 170/149/1 171/150/1 167/1/1
f 172/151/12 167/1/1 171/150/1
f 167/1/1 172/151/12 173/5/4
f 176/152/1 175/153/1 174/154/1
f 177/155/1 174/154/1 175/153/1
f 175/153/1 178/156/1 177/155/1
f 179/157/1 177/155/1 178/156/1
f 179/157/1 180/158/1 177/155/1
f 180/158/1 181/159/1 177/155/1
f 182/160/1 177/155/1 181/159/1
f 175/153/1 183/161/1 178/156/1
f 184/162/1 178/156/1 183/161/1
f 185/163/1 184/162/1 183/161/1
f 186/164/1 185/163/1 183/161/1
f 183/161/1 187/165/1 186/164/1
f 183/161/1 175/153/1 188/166/1
f 189/167/1 188/166/1 175/153/1
f 192/149/1 191/168/1 190/169/13
f 192/149/1 193/170/1 191/168/1
f 192/149/1 194/171/1 193/170/1
f 192/149/1 195/172/1 194/171/1
f 197/173/1 192/149/1 196/174/13
f 198/175/1 192/149/1 197/173/1
f 199/176/1 192/149/1 198/175/1
f 200/177/1 192/149/1 199/176/1
f 203/148/14 202/178/15 201/149/1
f 202/178/15 204/179/1 201/149/1
f 204/179/1 205/180/1 201/149/1
f 205/180/1 206/172/1 201/149/1
f 208/181/16 207/150/17 201/149/1
f 209/182/1 208/181/16 201/149/1
f 210/183/1 209/182/1 201/149/1
f 211/177/1 210/183/1 201/149/1
f 214/184/1 213/185/1 212/186/1
f 213/185/1 215/187/1 212/186/1
f 212/186/1 215/187/1 216/188/1
f 212/186/1 216/188/1 217/189/1
f 218/190/1 212/186/1 217/189/1
f 219/191/1 212/186/1 218/190/1
f 219/191/1 220/192/1 212/186/1
f 212/186/1 220/192/1 221/193/1
f 224/193/1 223/194/1 222/186/1
f 225/195/1 222/186/1 223/194/1
f 225/195/1 226/196/1 222/186/1
f 227/197/1 222/186/1 226/196/1
f 226/196/1 228/198/1 227/197/1
f 229/199/1 227/197/1 228/198/1
f 228/198/1 230/200/1 229/199/1
f 231/201/1 229/199/1 230/200/1
f 227/197/1 232/202/1 222/186/1
f 233/203/1 222/186/1 232/202/1
f 222/186/1 233/203/1 234/184/1
f 235/204/1 234/184/1 233/203/1
f 232/202/1 227/197/1 236/205/1
f 237/206/1 236/205/1 227/197/1
f 236/205/1 237/206/1 238/207/1
f 239/208/1 238/207/1 237/206/1
f 242/209/1 241/210/1 240/211/1
f 242/209/1 243/212/1 241/210/1
f 243/212/1 242/209/1 244/213/1
f 245/214/1 244/213/1 242/209/1
f 246/153/1 241/210/1 243/212/1
f 246/153/1 243/212/1 247/215/1
f 248/216/1 246/153/1 247/215/1
f 241/210/1 246/153/1 249/217/1
f 241/210/1 249/217/1 250/218/1
f 251/219/1 249/217/1 246/153/1
f 249/217/1 251/219/1 252/220/1
f 253/221/1 252/220/1 251/219/1
f 254/222/1 251/219/1 246/153/1
f 255/223/1 254/222/1 246/153/1
g Litt_Deckhouse_A1_Tower_Main_mod_steel_4
usemtl steel_4
f 258/224/18 257/225/19 256/226/18
f 257/225/19 258/224/18 259/227/19
f 259/227/19 260/228/20 257/225/19
f 259/227/19 258/224/18 261/229/21
f 262/230/20 257/225/19 260/228/20
f 263/231/21 261/229/21 258/224/18
f 261/229/21 263/231/21 264/232/22
f 265/233/22 264/232/22 263/231/21
f 260/228/20 266/234/23 262/230/20
f 267/235/23 262/230/20 266/234/23
f 266/234/23 268/236/24 267/235/23
f 269/237/25 268/236/24 266/234/23
f 268/236/24 270/238/26 267/235/23
f 268/236/24 271/239/27 270/238/26
f 272/240/27 270/238/26 271/239/27
f 275/241/28 274/242/29 273/243/28
f 276/244/29 273/243/28 274/242/29
f 276/244/29 274/242/29 277/245/30
f 278/246/30 277/245/30 274/242/29
f 278/246/30 279/247/31 277/245/30
f 280/248/31 277/245/30 279/247/31
f 280/248/31 279/247/31 281/249/32
f 282/250/32 281/249/32 279/247/31
f 285/251/33 284/252/33 283/253/34
f 286/254/34 283/253/34 284/252/33
f 283/253/34 286/254/34 287/255/35
f 288/256/35 287/255/35 286/254/34
f 287/255/35 288/256/35 289/257/36
f 290/258/37 289/257/36 288/256/35
f 289/257/36 290/258/37 291/259/38
f 292/260/39 291/259/38 290/258/37
f 295/261/40 294/262/41 293/263/42
f 296/264/42 293/263/42 294/262/41
f 293/263/42 296/264/42 297/265/43
f 298/266/43 297/265/43 296/264/42
f 298/266/43 299/267/44 297/265/43
f 300/268/44 297/265/43 299/267/44
f 299/267/44 301/269/45 300/268/44
f 302/270/46 300/268/44 301/269/45
f 305/271/4 304/272/4 303/273/1
f 306/274/4 303/273/1 304/272/4
f 306/274/4 307/275/1 303/273/1
f 308/276/1 303/273/1 307/275/1
f 308/276/1 307/275/1 309/277/1
f 310/278/1 309/277/1 307/275/1
f 309/277/1 310/278/1 311/279/1
f 312/280/1 311/279/1 310/278/1
f 311/279/1 312/280/1 313/281/47
f 314/282/1 313/281/47 312/280/1
f 314/282/1 315/3/1 313/281/47
f 316/2/48 313/281/47 315/3/1
f 319/283/49 318/284/50 317/285/51
f 320/286/52 317/285/51 318/284/50
f 320/286/52 321/287/53 317/285/51
f 322/288/54 317/285/51 321/287/53
f 320/286/52 318/284/50 323/289/55
f 324/290/55 323/289/55 318/284/50
f 324/290/55 318/284/50 325/291/55
f 326/292/56 325/291/55 318/284/50
f 326/292/56 327/293/57 325/291/55
f 326/292/56 328/294/56 327/293/57
f 329/295/58 327/293/57 328/294/56
f 329/295/58 330/296/59 327/293/57
f 323/289/55 331/297/55 320/286/52
f 331/297/55 325/291/55 327/293/57
f 327/293/57 320/286/52 331/297/55
f 332/298/60 327/293/57 330/296/59
f 327/293/57 332/298/60 333/299/61
f 327/293/57 333/299/61 320/286/52
f 334/300/62 320/286/52 333/299/61
f 334/300/62 335/301/63 320/286/52
f 336/302/64 333/299/61 332/298/60
f 321/287/53 320/286/52 335/301/63
f 335/301/63 336/302/64 321/287/53
f 336/302/64 332/298/60 337/303/65
f 337/303/65 321/287/53 336/302/64
f 337/303/65 338/304/66 321/287/53
f 339/305/67 321/287/53 338/304/66
f 342/306/68 341/307/69 340/308/68
f 343/309/69 340/308/68 341/307/69
f 344/310/69 343/309/69 341/307/69
f 347/311/70 346/312/71 345/313/72
f 348/314/73 345/313/72 346/312/71
f 348/314/73 349/315/74 345/313/72
f 350/316/74 345/313/72 349/315/74
f 349/315/74 351/317/75 350/316/74
f 352/318/76 350/316/74 351/317/75
f 352/318/76 351/317/75 353/319/77
f 354/320/78 353/319/77 351/317/75
f 354/320/78 355/321/79 353/319/77
f 356/322/80 353/319/77 355/321/79
f 356/322/80 355/321/79 357/323/81
f 358/324/81 357/323/81 355/321/79
f 357/323/81 358/324/81 359/325/82
f 360/326/83 359/325/82 358/324/81
f 360/326/83 361/327/84 359/325/82
f 362/328/85 359/325/82 361/327/84
f 365/31/1 364/329/1 363/330/1
f 366/331/1 363/330/1 364/329/1
f 366/331/1 367/332/1 363/330/1
f 368/30/3 363/330/1 367/332/1
f 368/30/3 367/332/1 369/35/1
f 370/333/1 369/35/1 367/332/1
f 369/35/1 370/333/1 371/37/1
f 372/334/1 371/37/1 370/333/1
f 371/37/1 372/334/1 373/38/1
f 374/335/1 373/38/1 372/334/1
f 373/38/1 374/335/1 375/40/1
f 376/336/1 375/40/1 374/335/1
f 375/40/1 376/336/1 377/42/1
f 378/337/1 377/42/1 376/336/1
f 377/42/1 378/337/1 379/338/1
f 380/47/1 379/338/1 378/337/1
f 383/339/68 382/340/68 381/341/68
f 384/342/68 381/341/68 382/340/68
f 385/343/68 381/341/68 384/342/68
f 386/344/68 385/343/68 384/342/68
f 387/345/68 386/344/68 384/342/68
f 390/346/86 389/347/86 388/348/87
f 391/349/88 388/348/87 389/347/86
f 388/348/87 391/349/88 392/350/89
f 393/351/90 392/350/89 391/349/88
f 393/351/90 394/352/91 392/350/89
f 395/353/91 392/350/89 394/352/91
f 395/353/91 394/352/91 396/354/92
f 397/355/92 396/354/92 394/352/91
f 397/355/92 398/356/93 396/354/92
f 399/357/94 396/354/92 398/356/93
f 399/357/94 398/356/93 400/358/95
f 401/359/96 400/358/95 398/356/93
f 404/360/97 403/361/98 402/362/99
f 405/363/98 402/362/99 403/361/98
f 403/361/98 406/364/100 405/363/98
f 407/365/100 405/363/98 406/364/100
f 407/365/100 406/364/100 408/366/101
f 409/367/102 408/366/101 406/364/100
f 408/366/101 409/367/102 410/368/103
f 411/369/104 410/368/103 409/367/102
f 414/370/105 413/371/106 412/372/107
f 415/373/106 412/372/107 413/371/106
f 413/371/106 416/374/108 415/373/106
f 417/375/108 415/373/106 416/374/108
f 417/375/108 416/374/108 418/376/109
f 419/377/109 418/376/109 416/374/108
f 418/376/109 419/377/109 420/378/110
f 421/379/111 420/378/110 419/377/109
f 424/380/112 423/381/113 422/382/114
f 425/383/115 422/382/114 423/381/113
f 422/382/114 425/383/115 426/384/116
f 427/385/117 426/384/116 425/383/115
f 426/384/116 427/385/117 428/386/118
f 429/387/119 428/386/118 427/385/117
f 427/385/117 430/388/120 429/387/119
f 427/385/117 425/383/115 430/388/120
f 431/389/121 429/387/119 430/388/120
f 432/390/122 430/388/120 425/383/115
f 431/389/121 433/391/123 429/387/119
f 431/389/121 434/392/124 433/391/123
f 432/390/122 425/383/115 434/392/124
f 435/393/125 433/391/123 434/392/124
f 435/393/125 434/392/124 425/383/115
f 433/391/123 435/393/125 436/394/126
f 437/395/127 436/394/126 435/393/125
f 437/395/127 435/393/125 438/396/128
f 439/397/128 438/396/128 435/393/125
f 439/397/128 435/393/125 440/398/129
f 439/397/128 440/398/129 423/381/113
f 441/399/129 440/398/129 435/393/125
f 435/393/125 425/383/115 441/399/129
f 442/400/129 423/381/113 440/398/129
f 443/401/129 441/399/129 425/383/115
f 442/400/129 443/401/129 423/381/113
f 425/383/115 423/381/113 443/401/129
f 446/402/130 445/403/130 444/404/131
f 447/405/131 444/404/131 445/403/130
f 444/404/131 447/405/131 448/406/132
f 447/405/131 445/403/130 449/407/133
f 450/408/133 449/407/133 445/403/130
f 445/403/130 451/409/134 450/408/133
f 452/410/133 450/408/133 451/409/134
f 451/409/134 453/411/135 452/410/133
f 447/405/131 449/407/133 453/411/135
f 454/412/133 452/410/133 453/411/135
f 454/412/133 453/411/135 449/407/133
f 451/409/134 455/413/136 453/411/135
f 456/414/137 453/411/135 455/413/136
f 453/411/135 456/414/137 457/415/138
f 458/416/139 457/415/138 456/414/137
f 458/416/139 459/417/140 457/415/138
f 460/418/141 457/415/138 459/417/140
f 460/418/141 461/419/142 457/415/138
f 459/417/140 462/420/143 460/418/141
f 463/421/144 460/418/141 462/420/143
f 464/422/142 457/415/138 461/419/142
f 461/419/142 460/418/141 465/423/142
f 466/424/145 465/423/142 460/418/141
f 464/422/142 467/425/142 457/415/138
f 465/423/142 466/424/145 467/425/142
f 468/426/132 457/415/138 467/425/142
f 468/426/132 467/425/142 466/424/145
f 453/411/135 457/415/138 469/427/146
f 470/428/146 469/427/146 457/415/138
f 469/427/146 471/429/146 453/411/135
f 470/428/146 457/415/138 472/430/146
f 468/426/132 472/430/146 457/415/138
f 447/405/131 453/411/135 471/429/146
f 471/429/146 472/430/146 447/405/131
f 468/426/132 447/405/131 472/430/146
f 468/426/132 448/406/132 447/405/131
f 468/426/132 466/424/145 448/406/132
f 473/431/145 448/406/132 466/424/145
f 466/424/145 474/432/147 473/431/145
f 475/433/147 473/431/145 474/432/147
f 466/424/145 476/434/148 474/432/147
f 466/424/145 460/418/141 476/434/148
f 477/435/148 474/432/147 476/434/148
f 478/436/148 476/434/148 460/418/141
f 474/432/147 477/435/148 463/421/144
f 478/436/148 460/418/141 479/437/148
f 463/421/144 479/437/148 460/418/141
f 479/437/148 463/421/144 477/435/148
f 482/438/149 481/439/150 480/440/151
f 483/441/151 480/440/151 481/439/150
f 480/440/151 483/441/151 484/442/152
f 483/441/151 481/439/150 485/443/153
f 486/444/153 485/443/153 481/439/150
f 481/439/150 487/445/154 486/444/153
f 488/446/155 486/444/153 487/445/154
f 487/445/154 489/447/156 488/446/155
f 483/441/151 485/443/153 489/447/156
f 490/448/153 488/446/155 489/447/156
f 490/448/153 489/447/156 485/443/153
f 487/445/154 491/449/157 489/447/156
f 492/450/158 489/447/156 491/449/157
f 489/447/156 492/450/158 493/451/159
f 489/447/156 493/451/159 494/452/160
f 495/453/161 494/452/160 493/451/159
f 495/453/161 496/454/162 494/452/160
f 497/455/163 494/452/160 496/454/162
f 497/455/163 498/456/164 494/452/160
f 499/457/165 497/455/163 496/454/162
f 499/457/165 500/458/166 497/455/163
f 501/459/167 497/455/163 500/458/166
f 502/460/164 494/452/160 498/456/164
f 498/456/164 497/455/163 503/461/164
f 504/462/168 503/461/164 497/455/163
f 502/460/164 505/463/169 494/452/160
f 503/461/164 504/462/168 505/463/169
f 506/464/152 494/452/160 505/463/169
f 506/464/152 505/463/169 504/462/168
f 489/447/156 494/452/160 507/465/170
f 508/466/170 507/465/170 494/452/160
f 507/465/170 509/467/170 489/447/156
f 508/466/170 494/452/160 510/468/171
f 506/464/152 510/468/171 494/452/160
f 483/441/151 489/447/156 509/467/170
f 509/467/170 510/468/171 483/441/151
f 506/464/152 483/441/151 510/468/171
f 506/464/152 484/442/152 483/441/151
f 506/464/152 504/462/168 484/442/152
f 511/469/168 484/442/152 504/462/168
f 504/462/168 512/470/172 511/469/168
f 513/471/173 511/469/168 512/470/172
f 504/462/168 514/472/174 512/470/172
f 504/462/168 497/455/163 514/472/174
f 515/473/174 512/470/172 514/472/174
f 516/474/174 514/472/174 497/455/163
f 512/470/172 515/473/174 501/459/167
f 516/474/174 497/455/163 517/475/175
f 501/459/167 517/475/175 497/455/163
f 517/475/175 501/459/167 515/473/174
f 520/476/176 519/477/176 518/478/176
f 521/479/176 518/478/176 519/477/176
f 524/480/177 523/481/177 522/482/177
f 525/483/177 522/482/177 523/481/177
f 528/484/178 527/485/178 526/486/178
f 529/487/178 526/486/178 527/485/178
f 532/488/179 531/489/179 530/490/179
f 533/491/179 530/490/179 531/489/179
f 536/492/180 535/493/181 534/494/180
f 537/495/181 534/494/180 535/493/181
f 540/496/182 539/497/182 538/498/182
f 541/499/182 538/498/182 539/497/182
f 544/500/183 543/501/183 542/502/183
f 545/503/183 542/502/183 543/501/183
f 548/504/184 547/505/184 546/506/184
f 549/507/184 546/506/184 547/505/184
f 552/508/185 551/509/185 550/291/185
f 553/290/185 550/291/185 551/509/185
f 556/510/186 555/511/186 554/512/186
f 557/513/186 554/512/186 555/511/186
f 560/514/187 559/515/187 558/516/187
f 561/517/187 558/516/187 559/515/187
f 564/518/188 563/519/188 562/520/188
f 565/521/188 562/520/188 563/519/188
f 568/522/189 567/523/189 566/524/189
f 569/525/189 566/524/189 567/523/189
f 572/526/190 571/527/190 570/528/190
f 573/529/190 570/528/190 571/527/190
f 576/530/191 575/531/192 574/532/191
f 577/533/192 574/532/191 575/531/192
f 580/534/193 579/535/193 578/536/193
f 581/537/193 578/536/193 579/535/193
f 584/538/194 583/539/194 582/540/194
f 585/541/194 582/540/194 583/539/194
f 588/542/195 587/543/195 586/544/195
f 589/545/195 586/544/195 587/543/195
f 592/546/196 591/547/196 590/548/196
f 593/549/196 590/548/196 591/547/196
f 596/550/197 595/551/197 594/552/197
f 597/553/197 594/552/197 595/551/197
f 600/554/198 599/555/198 598/556/198
f 601/557/198 598/556/198 599/555/198
f 604/558/199 603/559/199 602/560/199
f 605/561/199 602/560/199 603/559/199
f 608/562/200 607/563/200 606/398/200
f 609/400/200 606/398/200 607/563/200
f 612/564/201 611/565/201 610/566/201
f 613/567/201 610/566/201 611/565/201
f 616/568/202 615/569/202 614/570/202
f 617/571/202 614/570/202 615/569/202
f 620/572/203 619/573/203 618/574/203
f 621/575/203 618/574/203 619/573/203
f 624/576/204 623/577/204 622/578/204
f 625/579/204 622/578/204 623/577/204
f 628/580/205 627/581/205 626/582/205
f 629/583/205 626/582/205 627/581/205
f 632/584/206 631/585/206 630/586/206
f 633/587/206 630/586/206 631/585/206
f 636/588/207 635/589/207 634/590/207
f 637/591/207 634/590/207 635/589/207
f 640/592/208 639/369/209 638/367/86
f 640/592/208 638/367/86 641/593/210
f 642/594/86 641/593/210 638/367/86
f 641/593/210 643/595/211 640/592/208
f 644/596/211 640/592/208 643/595/211
f 643/595/211 645/597/212 644/596/211
f 646/598/213 644/596/211 645/597/212
f 642/594/86 638/367/86 647/599/214
f 648/364/214 647/599/214 638/367/86
f 648/364/214 649/361/215 647/599/214
f 650/600/215 647/599/214 649/361/215
f 649/361/215 651/601/216 650/600/215
f 652/602/216 650/600/215 651/601/216
f 651/601/216 649/361/215 653/360/216
f 656/451/217 655/450/218 654/603/219
f 655/450/218 657/449/220 654/603/219
f 658/604/221 654/603/219 657/449/220
f 661/605/222 660/606/223 659/607/224
f 662/608/225 659/607/224 660/606/223
f 665/609/226 664/382/227 663/610/228
f 666/384/229 663/610/228 664/382/227
f 669/607/8 668/611/230 667/612/230
f 669/607/8 670/613/8 668/611/230
f 669/607/8 671/608/47 670/613/8
f 670/613/8 671/608/47 672/614/231
f 673/615/232 672/614/231 671/608/47
f 676/616/233 675/617/234 674/618/235
f 677/619/234 674/618/235 675/617/234
f 677/619/234 675/617/234 678/620/236
f 679/621/236 678/620/236 675/617/234
f 678/620/236 679/621/236 680/622/237
f 680/622/237 681/623/237 678/620/236
f 680/622/237 682/624/238 681/623/237
f 683/625/236 678/620/236 681/623/237
f 684/626/236 683/625/236 681/623/237
f 684/626/236 685/627/234 683/625/236
f 686/628/234 683/625/236 685/627/234
f 686/628/234 685/627/234 687/629/235
f 688/630/239 687/629/235 685/627/234
f 689/631/240 681/623/237 682/624/238
f 690/632/241 681/623/237 689/631/240
f 682/624/238 691/633/242 689/631/240
f 692/634/242 689/631/240 691/633/242
f 695/635/243 694/636/244 693/637/243
f 696/638/244 693/637/243 694/636/244
f 694/636/244 697/639/69 696/638/244
f 698/640/245 696/638/244 697/639/69
f 699/641/69 698/640/245 697/639/69
f 699/641/69 700/642/69 698/640/245
f 701/643/245 698/640/245 700/642/69
f 699/641/69 702/644/246 700/642/69
f 702/644/246 699/641/69 697/639/69
f 703/645/246 700/642/69 702/644/246
f 702/644/246 697/639/69 704/646/247
f 705/647/247 704/646/247 697/639/69
f 704/646/247 705/647/247 706/648/248
f 707/649/248 706/648/248 705/647/247
f 710/650/1 709/95/1 708/98/1
f 711/651/1 708/98/1 709/95/1
f 709/95/1 712/93/1 711/651/1
f 713/652/1 711/651/1 712/93/1
f 712/93/1 714/92/6 713/652/1
f 715/653/6 713/652/1 714/92/6
f 714/92/6 716/89/6 715/653/6
f 717/614/6 715/653/6 716/89/6
f 716/89/6 718/88/1 717/614/6
f 719/613/1 717/614/6 718/88/1
f 718/88/1 720/654/1 719/613/1
f 721/611/1 719/613/1 720/654/1
f 720/654/1 722/84/1 721/611/1
f 723/612/1 721/611/1 722/84/1
f 722/84/1 724/81/1 723/612/1
f 725/655/249 723/612/1 724/81/1
f 724/81/1 726/80/250 725/655/249
f 727/656/251 725/655/249 726/80/250
f 726/80/250 728/78/252 727/656/251
f 729/657/253 727/656/251 728/78/252
f 728/78/252 730/76/1 729/657/253
f 731/658/1 729/657/253 730/76/1
f 730/76/1 732/75/1 731/658/1
f 733/659/1 731/658/1 732/75/1
f 732/75/1 734/77/1 733/659/1
f 735/660/1 733/659/1 734/77/1
f 734/77/1 736/661/1 735/660/1
f 737/662/1 735/660/1 736/661/1
f 737/662/1 736/661/1 738/663/1
f 739/124/1 738/663/1 736/661/1
f 738/663/1 739/124/1 740/664/1
f 741/126/1 740/664/1 739/124/1
f 740/664/1 741/126/1 742/665/1
f 743/125/1 742/665/1 741/126/1
f 742/665/1 743/125/1 744/666/254
f 745/123/255 744/666/254 743/125/1
f 744/666/254 745/123/255 746/667/256
f 747/122/257 746/667/256 745/123/255
f 746/667/256 747/122/257 748/668/258
f 749/121/1 748/668/258 747/122/257
f 748/668/258 749/121/1 750/669/1
f 751/119/1 750/669/1 749/121/1
f 750/669/1 751/119/1 752/670/1
f 753/671/1 752/670/1 751/119/1
f 752/670/1 753/671/1 754/672/1
f 755/116/1 754/672/1 753/671/1
f 754/672/1 755/116/1 756/673/6
f 757/113/6 756/673/6 755/116/1
f 756/673/6 757/113/6 758/674/6
f 759/112/6 758/674/6 757/113/6
f 758/674/6 759/112/6 760/675/1
f 761/110/1 760/675/1 759/112/6
f 760/675/1 761/110/1 762/676/1
f 763/108/1 762/676/1 761/110/1
f 762/676/1 763/108/1 764/105/1
f 765/677/1 764/105/1 763/108/1
f 768/678/259 767/679/260 766/680/259
f 769/603/261 766/680/259 767/679/260
f 767/679/260 770/681/262 769/603/261
f 771/451/262 769/603/261 770/681/262
f 774/682/263 773/683/264 772/684/263
f 775/685/264 772/684/263 773/683/264
f 778/684/265 777/685/265 776/686/266
f 779/687/267 776/686/266 777/685/265
f 776/686/266 779/687/267 780/688/268
f 781/689/268 780/688/268 779/687/267
f 780/688/268 781/689/268 782/690/269
f 783/691/269 782/690/269 781/689/268
f 786/692/270 785/693/271 784/694/272
f 787/695/272 784/694/272 785/693/271
f 784/694/272 787/695/272 788/453/68
f 789/696/68 788/453/68 787/695/272
f 789/696/68 790/697/273 788/453/68
f 791/698/273 788/453/68 790/697/273
f 790/697/273 792/699/274 791/698/273
f 793/700/275 791/698/273 792/699/274
f 796/701/276 795/702/276 794/703/276
f 797/704/276 794/703/276 795/702/276
f 800/360/86 799/705/86 798/601/86
f 801/706/86 798/601/86 799/705/86
f 801/706/86 799/705/86 802/707/86
f 803/708/86 802/707/86 799/705/86
f 806/709/1 805/710/1 804/100/1
f 807/101/1 804/100/1 805/710/1
f 807/101/1 805/710/1 808/104/1
f 809/711/1 808/104/1 805/710/1
f 812/712/69 811/375/69 810/713/69
f 813/714/69 810/713/69 811/375/69
f 813/714/69 811/375/69 814/715/69
f 815/378/69 814/715/69 811/375/69
f 818/716/277 817/717/277 816/718/277
f 819/719/277 816/718/277 817/717/277
f 822/720/278 821/721/279 820/722/278
f 823/723/279 820/722/278 821/721/279
f 821/721/279 824/406/68 823/723/279
f 825/246/68 823/723/279 824/406/68
f 825/246/68 824/406/68 826/724/280
f 827/725/280 826/724/280 824/406/68
f 826/724/280 827/725/280 828/726/281
f 829/727/281 828/726/281 827/725/280
f 832/728/282 831/729/283 830/730/282
f 833/731/283 830/730/282 831/729/283
f 836/732/284 835/733/285 834/734/286
f 837/735/286 834/734/286 835/733/285
f 837/735/286 838/736/287 834/734/286
f 839/737/287 834/734/286 838/736/287
f 842/738/288 841/739/288 840/740/68
f 843/741/68 840/740/68 841/739/288
f 840/740/68 843/741/68 844/742/289
f 845/743/289 844/742/289 843/741/68
f 848/744/290 847/745/291 846/746/292
f 849/747/292 846/746/292 847/745/291
f 849/747/292 850/748/86 846/746/292
f 851/749/86 846/746/292 850/748/86
f 854/750/1 853/751/1 852/752/1
f 852/752/1 853/751/1 855/753/1
f 855/753/1 853/751/1 856/754/1
f 856/754/1 857/755/1 855/753/1
f 858/756/1 855/753/1 857/755/1
f 861/757/1 860/758/1 859/759/1
f 862/760/1 859/759/1 860/758/1
f 865/761/4 864/762/4 863/763/4
f 866/764/4 863/763/4 864/762/4
f 869/765/86 868/766/86 867/767/86
f 870/748/86 867/767/86 868/766/86
f 868/766/86 871/768/86 870/748/86
f 872/769/86 870/748/86 871/768/86
f 875/770/1 874/758/1 873/771/1
f 876/757/1 873/771/1 874/758/1
f 879/772/69 878/773/69 877/774/69
f 880/775/69 877/774/69 878/773/69
f 883/776/68 882/777/68 881/778/68
f 884/779/68 881/778/68 882/777/68
f 887/780/293 886/781/293 885/767/293
f 888/765/293 885/767/293 886/781/293
f 891/782/86 890/783/86 889/784/86
f 890/783/86 892/785/86 889/784/86
f 892/785/86 893/786/86 889/784/86
f 896/787/294 895/788/294 894/296/295
f 897/303/295 894/296/295 895/788/294
f 900/789/296 899/790/297 898/791/298
f 901/792/299 898/791/298 899/790/297
f 898/791/298 901/792/299 902/793/300
f 903/794/301 902/793/300 901/792/299
f 906/795/302 905/796/303 904/797/304
f 907/798/305 904/797/304 905/796/303
f 910/799/306 909/800/307 908/801/308
f 911/802/309 908/801/308 909/800/307
f 914/803/310 913/804/311 912/805/312
f 915/806/313 912/805/312 913/804/311
f 913/804/311 916/807/314 915/806/313
f 917/808/315 915/806/313 916/807/314
f 917/808/315 916/807/314 918/809/316
f 919/810/317 918/809/316 916/807/314
f 922/811/318 921/812/319 920/813/320
f 923/814/321 920/813/320 921/812/319
f 921/812/319 924/815/322 923/814/321
f 925/816/323 923/814/321 924/815/322
f 925/816/323 924/815/322 926/817/324
f 927/818/325 926/817/324 924/815/322
f 930/819/326 929/820/327 928/821/328
f 931/822/329 928/821/328 929/820/327
f 929/820/327 932/823/330 931/822/329
f 933/824/322 931/822/329 932/823/330
f 933/824/322 934/825/331 931/822/329
f 931/822/329 935/826/332 928/821/328
f 935/826/332 931/822/329 934/825/331
f 936/827/333 928/821/328 935/826/332
f 934/825/331 937/828/318 935/826/332
f 935/826/332 938/829/334 936/827/333
f 938/829/334 935/826/332 937/828/318
f 939/830/312 936/827/333 938/829/334
f 939/830/312 938/829/334 940/831/302
f 938/829/334 937/828/318 941/832/335
f 941/832/335 940/831/302 938/829/334
f 942/833/307 941/832/335 937/828/318
f 942/833/307 943/834/336 941/832/335
f 941/832/335 944/835/337 940/831/302
f 944/835/337 941/832/335 943/834/336
f 945/836/338 940/831/302 944/835/337
f 943/834/336 946/837/339 944/835/337
f 944/835/337 947/838/340 945/836/338
f 947/838/340 944/835/337 946/837/339
f 948/839/341 945/836/338 947/838/340
f 948/839/341 947/838/340 949/840/342
f 950/841/343 949/840/342 947/838/340
f 947/838/340 946/837/339 950/841/343
f 951/842/344 950/841/343 946/837/339
f 954/843/324 953/844/345 952/845/346
f 955/846/347 952/845/346 953/844/345
f 953/844/345 956/847/348 955/846/347
f 957/848/349 955/846/347 956/847/348
f 957/848/349 958/849/311 955/846/347
f 955/846/347 959/850/350 952/845/346
f 959/850/350 955/846/347 958/849/311
f 960/851/351 952/845/346 959/850/350
f 958/849/311 961/852/305 959/850/350
f 959/850/350 962/853/352 960/851/351
f 962/853/352 959/850/350 961/852/305
f 963/854/320 960/851/351 962/853/352
f 963/854/320 962/853/352 964/855/353
f 962/853/352 961/852/305 965/856/354
f 965/856/354 964/855/353 962/853/352
f 966/857/355 965/856/354 961/852/305
f 966/857/355 967/858/356 965/856/354
f 965/856/354 968/859/357 964/855/353
f 968/859/357 965/856/354 967/858/356
f 969/860/358 964/855/353 968/859/357
f 967/858/356 970/861/359 968/859/357
f 968/859/357 971/862/360 969/860/358
f 971/862/360 968/859/357 970/861/359
f 972/863/361 969/860/358 971/862/360
f 972/863/361 971/862/360 973/864/362
f 974/865/363 973/864/362 971/862/360
f 971/862/360 970/861/359 974/865/363
f 975/866/364 974/865/363 970/861/359
f 978/867/353 977/868/365 976/869/307
f 979/870/336 976/869/307 977/868/365
f 977/868/365 980/871/366 979/870/336
f 981/872/339 979/870/336 980/871/366
f 981/872/339 980/871/366 982/873/344
f 983/874/362 982/873/344 980/871/366
f 986/875/367 985/876/338 984/877/355
f 987/878/356 984/877/355 985/876/338
f 985/876/338 988/879/341 987/878/356
f 989/880/368 987/878/356 988/879/341
f 989/880/368 988/879/341 990/881/364
f 991/882/369 990/881/364 988/879/341
f 994/883/370 993/884/370 992/885/86
f 995/886/86 992/885/86 993/884/370
f 992/885/86 995/886/86 996/887/371
f 997/888/371 996/887/371 995/886/86
f 1000/889/372 999/890/373 998/891/1
f 1001/892/1 998/891/1 999/890/373
f 998/891/1 1001/892/1 1002/893/374
f 1003/894/374 1002/893/374 1001/892/1
f 1006/895/375 1005/896/375 1004/897/287
f 1007/898/287 1004/897/287 1005/896/375
f 1004/897/287 1007/898/287 1008/899/376
f 1009/900/376 1008/899/376 1007/898/287
f 1012/901/377 1011/902/377 1010/903/4
f 1013/904/4 1010/903/4 1011/902/377
f 1010/903/4 1013/904/4 1014/905/378
f 1015/906/378 1014/905/378 1013/904/4
f 1018/907/69 1017/908/69 1016/909/69
f 1016/909/69 1017/908/69 1019/910/69
f 1019/910/69 1017/908/69 1020/911/69
f 1021/912/69 1016/909/69 1019/910/69
f 1022/913/69 1016/909/69 1021/912/69
f 1023/914/69 1016/909/69 1022/913/69
f 1026/915/379 1025/883/379 1024/916/380
f 1027/885/380 1024/916/380 1025/883/379
f 1024/916/380 1027/885/380 1028/917/381
f 1029/887/382 1028/917/381 1027/885/380
f 1032/918/383 1031/906/384 1030/919/385
f 1033/904/385 1030/919/385 1031/906/384
f 1030/919/385 1033/904/385 1034/920/386
f 1035/902/386 1034/920/386 1033/904/385
f 1038/921/387 1037/900/387 1036/922/388
f 1039/898/388 1036/922/388 1037/900/387
f 1036/922/388 1039/898/388 1040/923/389
f 1041/896/390 1040/923/389 1039/898/388
f 1044/924/391 1043/894/391 1042/925/392
f 1045/892/392 1042/925/392 1043/894/391
f 1042/925/392 1045/892/392 1046/926/393
f 1047/890/394 1046/926/393 1045/892/392
f 1050/927/68 1049/928/68 1048/929/68
f 1051/930/68 1048/929/68 1049/928/68
f 1054/931/395 1053/932/69 1052/933/395
f 1055/712/69 1052/933/395 1053/932/69
f 1058/934/68 1057/935/68 1056/929/68
f 1059/930/68 1056/929/68 1057/935/68
f 1062/936/395 1061/932/69 1060/937/395
f 1063/372/69 1060/937/395 1061/932/69
f 1066/938/86 1065/939/86 1064/940/86
f 1067/941/86 1064/940/86 1065/939/86
f 1070/942/86 1069/943/86 1068/944/86
f 1071/945/86 1068/944/86 1069/943/86
f 1074/946/396 1073/947/287 1072/948/396
f 1075/949/287 1072/948/396 1073/947/287
f 1078/950/287 1077/951/287 1076/952/287
f 1079/953/287 1076/952/287 1077/951/287
f 1082/954/287 1081/955/287 1080/956/287
f 1083/957/287 1080/956/287 1081/955/287
f 1086/958/1 1085/128/1 1084/959/1
f 1087/127/1 1084/959/1 1085/128/1
f 1084/959/1 1087/127/1 1088/960/1
f 1089/130/1 1088/960/1 1087/127/1
f 1088/960/1 1089/130/1 1090/961/1
f 1091/132/1 1090/961/1 1089/130/1
f 1090/961/1 1091/132/1 1092/962/1
f 1093/133/1 1092/962/1 1091/132/1
f 1092/962/1 1093/133/1 1094/94/1
f 1095/134/1 1094/94/1 1093/133/1
f 1094/94/1 1095/134/1 1096/146/1
f 1097/135/1 1096/146/1 1095/134/1
f 1097/135/1 1098/137/1 1096/146/1
f 1099/109/1 1096/146/1 1098/137/1
f 1098/137/1 1100/138/1 1099/109/1
f 1101/963/1 1099/109/1 1100/138/1
f 1100/138/1 1102/139/1 1101/963/1
f 1103/964/1 1101/963/1 1102/139/1
f 1102/139/1 1104/140/1 1103/964/1
f 1105/965/1 1103/964/1 1104/140/1
f 1104/140/1 1106/142/1 1105/965/1
f 1107/966/1 1105/965/1 1106/142/1
f 1106/142/1 1108/143/1 1107/966/1
f 1109/967/1 1107/966/1 1108/143/1
f 1108/143/1 1110/144/1 1109/967/1
f 1111/968/1 1109/967/1 1110/144/1
f 1110/144/1 1112/128/1 1111/968/1
f 1113/958/1 1111/968/1 1112/128/1
f 1116/969/397 1115/970/398 1114/971/397
f 1117/972/398 1114/971/397 1115/970/398
f 1115/970/398 1118/973/399 1117/972/398
f 1119/974/399 1117/972/398 1118/973/399
f 1118/973/399 1120/975/400 1119/974/399
f 1121/976/400 1119/974/399 1120/975/400
f 1121/976/400 1120/975/400 1122/631/401
f 1123/632/402 1122/631/401 1120/975/400
f 1120/975/400 1124/977/403 1123/632/402
f 1123/632/402 1124/977/403 1125/978/404
f 1126/979/404 1125/978/404 1124/977/403
f 1129/980/405 1128/981/406 1127/982/405
f 1130/983/406 1127/982/405 1128/981/406
f 1133/984/407 1132/985/408 1131/986/409
f 1134/987/409 1131/986/409 1132/985/408
f 1131/986/409 1134/987/409 1135/988/68
f 1136/989/68 1135/988/68 1134/987/409
f 1136/989/68 1137/990/410 1135/988/68
f 1138/991/410 1135/988/68 1137/990/410
f 1137/990/410 1139/992/411 1138/991/410
f 1140/993/411 1138/991/410 1139/992/411
f 1143/994/248 1142/995/248 1141/996/247
f 1144/997/247 1141/996/247 1142/995/248
f 1141/996/247 1144/997/247 1145/998/69
f 1146/999/69 1145/998/69 1144/997/247
f 1146/999/69 1147/1000/244 1145/998/69
f 1148/1001/244 1145/998/69 1147/1000/244
f 1147/1000/244 1149/1002/243 1148/1001/244
f 1150/1003/243 1148/1001/244 1149/1002/243
f 1153/1004/1 1152/1005/1 1151/1006/1
f 1154/1007/1 1151/1006/1 1152/1005/1
f 1151/1006/1 1154/1007/1 1155/1008/1
f 1156/1009/1 1155/1008/1 1154/1007/1
f 1155/1008/1 1156/1009/1 1157/1010/1
f 1158/1011/1 1157/1010/1 1156/1009/1
f 1157/1010/1 1158/1011/1 1159/1012/1
f 1160/1013/1 1159/1012/1 1158/1011/1
f 1159/1012/1 1160/1013/1 1161/1014/1
f 1162/1015/1 1161/1014/1 1160/1013/1
f 1162/1015/1 1163/1016/1 1161/1014/1
f 1164/1017/1 1161/1014/1 1163/1016/1
f 1163/1016/1 1165/1018/1 1164/1017/1
f 1166/1019/1 1164/1017/1 1165/1018/1
f 1165/1018/1 1167/1020/1 1166/1019/1
f 1168/1021/1 1166/1019/1 1167/1020/1
f 1167/1020/1 1169/1022/1 1168/1021/1
f 1170/1023/1 1168/1021/1 1169/1022/1
f 1169/1022/1 1171/1024/1 1170/1023/1
f 1172/1025/1 1170/1023/1 1171/1024/1
f 1175/1026/412 1174/1027/412 1173/1028/413
f 1176/1029/413 1173/1028/413 1174/1027/412
f 1173/1028/413 1176/1029/413 1177/1030/234
f 1178/1031/234 1177/1030/234 1176/1029/413
f 1177/1030/234 1178/1031/234 1179/1032/414
f 1180/1033/233 1179/1032/414 1178/1031/234
f 1183/1034/415 1182/1035/415 1181/1036/416
f 1184/1037/416 1181/1036/416 1182/1035/415
f 1181/1036/416 1184/1037/416 1185/1038/417
f 1186/1039/417 1185/1038/417 1184/1037/416
f 1185/1038/417 1186/1039/417 1187/1040/418
f 1188/1041/418 1187/1040/418 1186/1039/417
f 1191/1042/4 1190/1043/4 1189/1044/4
f 1192/1045/4 1190/1043/4 1191/1042/4
f 1193/1046/4 1190/1043/4 1192/1045/4
f 1194/1047/4 1190/1043/4 1193/1046/4
f 1195/1048/4 1190/1043/4 1194/1047/4
f 1190/1043/4 1195/1048/4 1196/1049/4
f 1190/1043/4 1196/1049/4 1197/1050/4
f 1190/1043/4 1197/1050/4 1198/1051/4
f 1190/1043/4 1198/1051/4 1199/1052/4
f 1190/1043/4 1199/1052/4 1200/1053/4
f 1203/1054/419 1202/1055/68 1201/1056/420
f 1204/1057/68 1201/1056/420 1202/1055/68
f 1202/1055/68 1205/1058/421 1204/1057/68
f 1206/1059/422 1204/1057/68 1205/1058/421
f 1209/1060/287 1208/1061/287 1207/1062/287
f 1208/1061/287 1209/1060/287 1210/1063/287
f 1211/1064/287 1210/1063/287 1209/1060/287
f 1210/1063/287 1211/1064/287 1212/1065/287
f 1213/1066/287 1212/1065/287 1211/1064/287
f 1212/1065/287 1213/1066/287 1214/1067/287
f 1215/1068/287 1214/1067/287 1213/1066/287
f 1214/1067/287 1215/1068/287 1216/1069/287
f 1217/1070/287 1216/1069/287 1215/1068/287
f 1217/1070/287 1218/1071/287 1216/1069/287
f 1221/1072/423 1220/1073/424 1219/1074/425
f 1222/1075/424 1219/1074/425 1220/1073/424
f 1220/1073/424 1223/1076/4 1222/1075/424
f 1224/1077/4 1222/1075/424 1223/1076/4
f 1223/1076/4 1225/1078/426 1224/1077/4
f 1226/1079/426 1224/1077/4 1225/1078/426
f 1225/1078/426 1227/1080/427 1226/1079/426
f 1228/1081/428 1226/1079/426 1227/1080/427
f 1231/1082/429 1230/1083/69 1229/1084/430
f 1232/1085/69 1229/1084/430 1230/1083/69
f 1230/1083/69 1233/1086/431 1232/1085/69
f 1234/1087/432 1232/1085/69 1233/1086/431
f 1237/1088/433 1236/1089/434 1235/1090/435
f 1238/1091/434 1235/1090/435 1236/1089/434
f 1236/1089/434 1239/1092/1 1238/1091/434
f 1240/1093/1 1238/1091/434 1239/1092/1
f 1239/1092/1 1241/1094/436 1240/1093/1
f 1242/1095/436 1240/1093/1 1241/1094/436
f 1241/1094/436 1243/1096/437 1242/1095/436
f 1244/1097/437 1242/1095/436 1243/1096/437
f 1247/1098/438 1246/1099/439 1245/1100/440
f 1248/1101/439 1245/1100/440 1246/1099/439
f 1246/1099/439 1249/1102/441 1248/1101/439
f 1250/1103/442 1248/1101/439 1249/1102/441
f 1253/1104/443 1252/1105/444 1251/1106/445
f 1254/1107/446 1251/1106/445 1252/1105/444
f 1252/1105/444 1255/1108/447 1254/1107/446
f 1256/1109/448 1254/1107/446 1255/1108/447
f 1255/1108/447 1257/1110/449 1256/1109/448
f 1258/1111/450 1256/1109/448 1257/1110/449
f 1261/1112/451 1260/1113/452 1259/1114/453
f 1262/1115/452 1259/1114/453 1260/1113/452
f 1260/1113/452 1263/1116/454 1262/1115/452
f 1264/1117/454 1262/1115/452 1263/1116/454
f 1267/1118/455 1266/1119/456 1265/1120/457
f 1268/1121/456 1265/1120/457 1266/1119/456
f 1266/1119/456 1269/1122/458 1268/1121/456
f 1270/1123/458 1268/1121/456 1269/1122/458
f 1269/1122/458 1271/1124/459 1270/1123/458
f 1272/1125/459 1270/1123/458 1271/1124/459
f 1275/1126/1 1274/1127/1 1273/1128/1
f 1274/1127/1 1276/1129/1 1273/1128/1
f 1277/1130/1 1276/1129/1 1274/1127/1
f 1276/1129/1 1278/1131/1 1273/1128/1
f 1279/1132/1 1278/1131/1 1276/1129/1
f 1278/1131/1 1280/1133/1 1273/1128/1
f 1273/1128/1 1280/1133/1 1281/1134/1
f 1282/1135/1 1280/1133/1 1278/1131/1
f 1285/1136/460 1284/1137/461 1283/1138/462
f 1286/1139/463 1283/1138/462 1284/1137/461
f 1289/1140/464 1288/1141/465 1287/1142/464
f 1290/1143/465 1287/1142/464 1288/1141/465
f 1293/1144/4 1292/1145/4 1291/1146/4
f 1294/1147/4 1291/1146/4 1292/1145/4
f 1297/1148/466 1296/1149/467 1295/1150/468
f 1298/1151/469 1295/1150/468 1296/1149/467
f 1301/1152/470 1300/1153/471 1299/1154/470
f 1302/1155/471 1299/1154/470 1300/1153/471
f 1305/1156/68 1304/1157/68 1303/1158/68
f 1306/1159/68 1303/1158/68 1304/1157/68
f 1309/1160/472 1308/1161/472 1307/1162/473
f 1310/1163/473 1307/1162/473 1308/1161/472
f 1310/1163/473 1311/1164/474 1307/1162/473
f 1312/1165/474 1307/1162/473 1311/1164/474
f 1311/1164/474 1313/1166/475 1312/1165/474
f 1314/1167/475 1312/1165/474 1313/1166/475
f 1317/1168/476 1316/1169/477 1315/1170/478
f 1318/1171/478 1315/1170/478 1316/1169/477
f 1315/1170/478 1318/1171/478 1319/1172/479
f 1320/1173/479 1319/1172/479 1318/1171/478
f 1320/1173/479 1321/1174/480 1319/1172/479
f 1322/1175/481 1319/1172/479 1321/1174/480
f 1325/1176/482 1324/1177/482 1323/1178/68
f 1326/1179/68 1323/1178/68 1324/1177/482
f 1329/1180/68 1328/1181/68 1327/1182/68
f 1330/1183/68 1327/1182/68 1328/1181/68
f 1333/1184/86 1332/1185/86 1331/1186/86
f 1334/1187/86 1331/1186/86 1332/1185/86
f 1334/1187/86 1332/1185/86 1335/1188/86
f 1336/1189/86 1335/1188/86 1332/1185/86
f 1336/1189/86 1337/1190/86 1335/1188/86
f 1338/1191/86 1335/1188/86 1337/1190/86
f 1337/1190/86 1339/1192/86 1338/1191/86
f 1340/1193/86 1338/1191/86 1339/1192/86
f 1340/1193/86 1339/1192/86 1341/1194/86
f 1342/1195/86 1341/1194/86 1339/1192/86
f 1345/1196/287 1344/1197/287 1343/1198/287
f 1346/1199/287 1343/1198/287 1344/1197/287
f 1344/1197/287 1347/1200/287 1346/1199/287
f 1348/1201/287 1346/1199/287 1347/1200/287
f 1347/1200/287 1349/1202/287 1348/1201/287
f 1350/1203/287 1348/1201/287 1349/1202/287
f 1350/1203/287 1349/1202/287 1351/1204/287
f 1352/1205/287 1351/1204/287 1349/1202/287
f 1351/1204/287 1352/1205/287 1353/1206/287
f 1354/1207/287 1353/1206/287 1352/1205/287
f 1357/1208/86 1356/1209/86 1355/1210/86
f 1358/1211/86 1355/1210/86 1356/1209/86
f 1361/1212/472 1360/1213/483 1359/1214/69
f 1362/1215/69 1359/1214/69 1360/1213/483
f 1365/1216/4 1364/1217/4 1363/1218/4
f 1366/1219/4 1363/1218/4 1364/1217/4
f 1369/1214/69 1368/1220/484 1367/1215/69
f 1370/1221/484 1367/1215/69 1368/1220/484
f 1373/1222/69 1372/1223/69 1371/1224/69
f 1374/1225/69 1371/1224/69 1372/1223/69
f 1377/1226/1 1376/1227/1 1375/1228/1
f 1378/1229/1 1375/1228/1 1376/1227/1
f 1381/1230/287 1380/1231/287 1379/1232/287
f 1382/1233/287 1379/1232/287 1380/1231/287
f 1385/1178/68 1384/1234/485 1383/1179/68
f 1386/1235/486 1383/1179/68 1384/1234/485
f 1389/1236/487 1388/1237/487 1387/1238/487
f 1390/1239/487 1387/1238/487 1388/1237/487
f 1393/1240/488 1392/1241/488 1391/1242/488
f 1394/1243/488 1391/1242/488 1392/1241/488
f 1397/1244/4 1396/1245/4 1395/1246/4
f 1398/1247/4 1395/1246/4 1396/1245/4
f 1396/1245/4 1399/1248/4 1398/1247/4
f 1400/1249/4 1398/1247/4 1399/1248/4
f 1399/1248/4 1401/1250/4 1400/1249/4
f 1402/1251/4 1400/1249/4 1401/1250/4
f 1402/1251/4 1401/1250/4 1403/1252/4
f 1404/1253/4 1403/1252/4 1401/1250/4
f 1403/1252/4 1404/1253/4 1405/1254/4
f 1406/1255/4 1405/1254/4 1404/1253/4
f 1405/1254/4 1406/1255/4 1407/1256/4
f 1408/1257/4 1407/1256/4 1406/1255/4
f 1411/1258/489 1410/1259/489 1409/1260/489
f 1412/1261/490 1409/1260/489 1410/1259/489
f 1415/1262/491 1414/1263/491 1413/1264/491
f 1416/1265/492 1413/1264/491 1414/1263/491
f 1419/1266/493 1418/1267/493 1417/1268/493
f 1420/1269/493 1417/1268/493 1418/1267/493
f 1423/1270/86 1422/1271/86 1421/1272/494
f 1424/1273/494 1421/1272/494 1422/1271/86
f 1427/1274/1 1426/1275/1 1425/1276/1
f 1428/1277/1 1425/1276/1 1426/1275/1
f 1431/1278/495 1430/1279/495 1429/1280/69
f 1432/1281/69 1429/1280/69 1430/1279/495
f 1432/1281/69 1433/1282/496 1429/1280/69
f 1434/1283/497 1429/1280/69 1433/1282/496
f 1437/1284/495 1436/1285/495 1435/1286/498
f 1438/1287/498 1435/1286/498 1436/1285/495
f 1441/1288/498 1440/1289/498 1439/1290/68
f 1442/1291/68 1439/1290/68 1440/1289/498
f 1442/1291/68 1443/1292/499 1439/1290/68
f 1444/1293/499 1439/1290/68 1443/1292/499
f 1447/1294/499 1446/1295/496 1445/1296/499
f 1448/1297/496 1445/1296/499 1446/1295/496
f 1451/1298/69 1450/1299/69 1449/1300/69
f 1452/1301/69 1449/1300/69 1450/1299/69
f 1452/1301/69 1450/1299/69 1453/1302/69
f 1454/1303/69 1453/1302/69 1450/1299/69
f 1457/1304/68 1456/406/68 1455/1305/68
f 1458/1306/68 1455/1305/68 1456/406/68
f 1458/1306/68 1456/406/68 1459/1307/68
f 1460/1308/68 1459/1307/68 1456/406/68
f 1463/1309/4 1462/1310/4 1461/1311/4
f 1464/1312/4 1461/1311/4 1462/1310/4
f 1464/1312/4 1465/1313/4 1461/1311/4
f 1466/1314/4 1461/1311/4 1465/1313/4
f 1469/1315/86 1468/1316/86 1467/1317/86
f 1470/1318/86 1467/1317/86 1468/1316/86
f 1473/1298/69 1472/1299/69 1471/1300/69
f 1474/1301/69 1471/1300/69 1472/1299/69
f 1474/1301/69 1472/1299/69 1475/1302/69
f 1476/1303/69 1475/1302/69 1472/1299/69
f 1479/1304/68 1478/406/68 1477/1305/68
f 1480/1306/68 1477/1305/68 1478/406/68
f 1480/1306/68 1478/406/68 1481/1307/68
f 1482/1308/68 1481/1307/68 1478/406/68
f 1485/1319/4 1484/1320/4 1483/1321/4
f 1486/1322/4 1483/1321/4 1484/1320/4
f 1486/1322/4 1487/1323/4 1483/1321/4
f 1488/1324/4 1483/1321/4 1487/1323/4
f 1491/1325/86 1490/1326/86 1489/1327/86
f 1492/1328/86 1489/1327/86 1490/1326/86
f 1495/1329/500 1494/1330/500 1493/1331/500
f 1496/1332/500 1493/1331/500 1494/1330/500
f 1499/1333/501 1498/1334/501 1497/1335/501
f 1500/1336/501 1497/1335/501 1498/1334/501
f 1503/1337/502 1502/1338/502 1501/1339/502
f 1504/1340/502 1501/1339/502 1502/1338/502
f 1507/1341/503 1506/1342/504 1505/1343/504
f 1508/1344/504 1505/1343/504 1506/1342/504
f 1511/1345/287 1510/1346/287 1509/1347/287
f 1512/1348/287 1509/1347/287 1510/1346/287
f 1515/1349/86 1514/1350/86 1513/1351/86
f 1516/1352/86 1513/1351/86 1514/1350/86
f 1519/1353/4 1518/1354/4 1517/1355/4
f 1520/1356/4 1517/1355/4 1518/1354/4
f 1523/1357/69 1522/1358/69 1521/1359/69
f 1524/1360/69 1521/1359/69 1522/1358/69
f 1527/1361/287 1526/1362/287 1525/1363/287
f 1528/1364/287 1525/1363/287 1526/1362/287
f 1531/1365/86 1530/1366/86 1529/1367/86
f 1532/1368/86 1529/1367/86 1530/1366/86
f 1535/1369/4 1534/1370/4 1533/1371/4
f 1536/1372/4 1533/1371/4 1534/1370/4
f 1539/1373/69 1538/1374/69 1537/1375/69
f 1540/1376/69 1537/1375/69 1538/1374/69
f 1543/1377/287 1542/1378/287 1541/1379/287
f 1544/1380/287 1541/1379/287 1542/1378/287
f 1547/1381/86 1546/1382/86 1545/1383/86
f 1548/1384/86 1545/1383/86 1546/1382/86
f 1551/1369/4 1550/1370/4 1549/1371/4
f 1552/1372/4 1549/1371/4 1550/1370/4
f 1555/1385/69 1554/1386/69 1553/1387/69
f 1556/1388/69 1553/1387/69 1554/1386/69
f 1559/1389/395 1558/1390/395 1557/1391/395
f 1560/1392/395 1557/1391/395 1558/1390/395
f 1560/1392/395 1561/1393/395 1557/1391/395
f 1562/1394/395 1557/1391/395 1561/1393/395
f 1565/782/287 1564/1395/287 1563/783/287
f 1566/1396/287 1563/783/287 1564/1395/287
f 1569/1397/287 1568/1398/287 1567/1399/287
f 1570/1400/287 1567/1399/287 1568/1398/287
f 1573/1401/86 1572/1402/86 1571/1403/86
f 1573/1401/86 1574/1404/86 1572/1402/86
f 1574/1404/86 1575/1405/86 1572/1402/86
f 1578/1406/1 1577/1407/1 1576/1408/1
f 1579/1409/1 1576/1408/1 1577/1407/1
f 1582/1410/68 1581/1411/68 1580/1412/68
f 1583/1413/68 1580/1412/68 1581/1411/68
f 1586/1414/69 1585/1415/69 1584/1416/69
f 1587/1417/69 1584/1416/69 1585/1415/69
f 1590/1418/287 1589/1419/287 1588/1420/287
f 1590/1418/287 1591/1421/287 1589/1419/287
f 1592/1422/287 1591/1421/287 1590/1418/287
f 1595/1423/505 1594/1424/505 1593/1413/505
f 1596/1412/505 1593/1413/505 1594/1424/505
f 1599/1425/86 1598/1402/86 1597/1426/86
f 1600/1427/86 1597/1426/86 1598/1402/86
f 1603/1428/1 1602/1429/1 1601/1430/1
f 1604/1431/1 1601/1430/1 1602/1429/1
f 1607/1432/69 1606/1433/69 1605/1434/69
f 1608/1435/69 1605/1434/69 1606/1433/69
f 1611/1436/287 1610/1437/287 1609/1418/287
f 1612/1438/287 1609/1418/287 1610/1437/287
f 1615/1439/68 1614/1440/68 1613/1441/68
f 1616/1442/68 1613/1441/68 1614/1440/68
f 1619/1443/506 1618/1444/507 1617/1445/508
f 1620/1446/508 1617/1445/508 1618/1444/507
f 1617/1445/508 1620/1446/508 1621/1301/509
f 1622/1447/509 1621/1301/509 1620/1446/508
f 1622/1447/509 1623/1448/510 1621/1301/509
f 1624/1449/510 1621/1301/509 1623/1448/510
f 1623/1448/510 1625/1450/511 1624/1449/510
f 1626/1451/512 1624/1449/510 1625/1450/511
f 1629/1452/86 1628/1453/86 1627/1454/86
f 1630/1455/86 1627/1454/86 1628/1453/86
f 1633/226/513 1632/1452/514 1631/224/515
f 1634/1454/86 1631/224/515 1632/1452/514
f 1637/1456/68 1636/1457/68 1635/1458/68
f 1638/1459/68 1635/1458/68 1636/1457/68
f 1641/1460/69 1640/1461/69 1639/1462/69
f 1642/1447/69 1639/1462/69 1640/1461/69
f 1642/1447/69 1640/1461/69 1643/1463/69
f 1644/1464/69 1643/1463/69 1640/1461/69
f 1647/1465/68 1646/1466/68 1645/1467/68
f 1648/1468/68 1645/1467/68 1646/1466/68
f 1651/1469/516 1650/1470/69 1649/1471/516
f 1652/1301/69 1649/1471/516 1650/1470/69
f 1652/1301/69 1650/1470/69 1653/1472/517
f 1654/1473/517 1653/1472/517 1650/1470/69
f 1657/1474/518 1656/406/68 1655/1475/518
f 1658/1476/68 1655/1475/518 1656/406/68
f 1658/1476/68 1656/406/68 1659/1477/519
f 1660/1478/519 1659/1477/519 1656/406/68
f 1663/1479/520 1662/1480/520 1661/1481/4
f 1664/1482/4 1661/1481/4 1662/1480/520
f 1664/1482/4 1665/1483/521 1661/1481/4
f 1666/1484/521 1661/1481/4 1665/1483/521
f 1669/1485/86 1668/1486/86 1667/1487/86
f 1670/1488/86 1667/1487/86 1668/1486/86
f 1673/148/4 1672/147/1 1671/178/1
f 1674/1489/1 1671/178/1 1672/147/1
f 1671/178/1 1674/1489/1 1675/179/1
f 1676/1490/1 1675/179/1 1674/1489/1
f 1675/179/1 1676/1490/1 1677/180/1
f 1678/1491/1 1677/180/1 1676/1490/1
f 1677/180/1 1678/1491/1 1679/172/1
f 1680/1492/1 1679/172/1 1678/1491/1
f 1683/172/1 1682/1492/1 1681/171/1
f 1684/1493/1 1681/171/1 1682/1492/1
f 1681/171/1 1684/1493/1 1685/170/1
f 1686/1494/1 1685/170/1 1684/1493/1
f 1685/170/1 1686/1494/1 1687/168/1
f 1688/1495/1 1687/168/1 1686/1494/1
f 1687/168/1 1688/1495/1 1689/169/1
f 1690/1496/1 1689/169/1 1688/1495/1
f 1693/169/1 1692/1496/1 1691/149/1
f 1694/1497/1 1691/149/1 1692/1496/1
f 1694/1497/1 1695/1498/1 1691/149/1
f 1696/174/1 1691/149/1 1695/1498/1
f 1699/1393/522 1698/1390/522 1697/1499/69
f 1700/1301/69 1697/1499/69 1698/1390/522
f 1700/1301/69 1701/1500/523 1697/1499/69
f 1702/1501/523 1697/1499/69 1701/1500/523
f 1705/1502/287 1704/1503/287 1703/1504/287
f 1706/1505/287 1703/1504/287 1704/1503/287
f 1709/1506/524 1708/1507/524 1707/1508/525
f 1710/1509/526 1707/1508/525 1708/1507/524
f 1711/1510/524 1710/1509/526 1708/1507/524
f 1707/1508/525 1710/1509/526 1712/1511/527
f 1713/1512/527 1712/1511/527 1710/1509/526
f 1716/1513/528 1715/1514/528 1714/1515/529
f 1717/1516/529 1714/1515/529 1715/1514/528
f 1714/1515/529 1717/1516/529 1718/1517/530
f 1719/1518/530 1718/1517/530 1717/1516/529
f 1722/1517/531 1721/1518/531 1720/1519/532
f 1723/1520/532 1720/1519/532 1721/1518/531
f 1720/1519/532 1723/1520/532 1724/1521/533
f 1725/1522/534 1724/1521/533 1723/1520/532
f 1728/1523/535 1727/1524/535 1726/1525/536
f 1729/1526/536 1726/1525/536 1727/1524/535
f 1726/1525/536 1729/1526/536 1730/1393/537
f 1731/1390/538 1730/1393/537 1729/1526/536
f 1734/1527/539 1733/1528/540 1732/1529/540
f 1733/1528/540 1734/1527/539 1735/1530/539
f 1735/1530/539 1734/1527/539 1736/1531/541
f 1735/1530/539 1737/1532/542 1733/1528/540
f 1738/1533/541 1736/1531/541 1734/1527/539
f 1739/1534/542 1733/1528/540 1737/1532/542
f 1737/1532/542 1740/1535/543 1739/1534/542
f 1741/1536/543 1739/1534/542 1740/1535/543
f 1736/1531/541 1738/1533/541 1742/1537/544
f 1743/1538/544 1742/1537/544 1738/1533/541
f 1744/1539/545 1742/1537/544 1743/1538/544
f 1745/1540/546 1742/1537/544 1744/1539/545
f 1746/1541/547 1744/1539/545 1743/1538/544
f 1744/1539/545 1746/1541/547 1747/1542/548
f 1748/1543/548 1747/1542/548 1746/1541/547
f 1751/1544/549 1750/1545/550 1749/1546/549
f 1752/1547/550 1749/1546/549 1750/1545/550
f 1750/1545/550 1753/1548/551 1752/1547/550
f 1754/1549/551 1752/1547/550 1753/1548/551
f 1753/1548/551 1755/1550/552 1754/1549/551
f 1756/1551/553 1754/1549/551 1755/1550/552
f 1755/1550/552 1757/1552/554 1756/1551/553
f 1758/1553/555 1756/1551/553 1757/1552/554
f 1761/1554/4 1760/1555/1 1759/1556/4
f 1762/1557/4 1759/1556/4 1760/1555/1
f 1762/1557/4 1760/1555/1 1763/1558/1
f 1764/1559/1 1763/1558/1 1760/1555/1
f 1764/1559/1 1765/1560/1 1763/1558/1
f 1766/1561/1 1763/1558/1 1765/1560/1
f 1765/1560/1 1767/1562/1 1766/1561/1
f 1768/1563/1 1766/1561/1 1767/1562/1
f 1767/1562/1 1769/1564/1 1768/1563/1
f 1770/1565/1 1768/1563/1 1769/1564/1
f 1770/1565/1 1769/1564/1 1771/5/1
f 1772/4/3 1771/5/1 1769/1564/1
f 1775/1566/556 1774/1567/557 1773/1568/558
f 1776/1569/559 1773/1568/558 1774/1567/557
f 1776/1569/559 1774/1567/557 1777/1570/560
f 1778/1571/561 1777/1570/560 1774/1567/557
f 1776/1569/559 1779/516/562 1773/1568/558
f 1780/1572/562 1773/1568/558 1779/516/562
f 1780/1572/562 1781/1573/562 1773/1568/558
f 1782/1574/563 1773/1568/558 1781/1573/562
f 1782/1574/563 1781/1573/562 1783/1575/564
f 1782/1574/563 1783/1575/564 1784/1576/563
f 1785/1577/565 1784/1576/563 1783/1575/564
f 1785/1577/565 1783/1575/564 1786/1578/566
f 1779/516/562 1776/1569/559 1787/517/562
f 1787/517/562 1783/1575/564 1781/1573/562
f 1783/1575/564 1787/517/562 1776/1569/559
f 1788/1579/567 1786/1578/566 1783/1575/564
f 1783/1575/564 1789/1580/568 1788/1579/567
f 1783/1575/564 1776/1569/559 1789/1580/568
f 1790/1581/569 1789/1580/568 1776/1569/559
f 1790/1581/569 1776/1569/559 1791/1582/570
f 1792/1583/571 1788/1579/567 1789/1580/568
f 1777/1570/560 1791/1582/570 1776/1569/559
f 1791/1582/570 1777/1570/560 1792/1583/571
f 1788/1579/567 1792/1583/571 1793/1584/572
f 1793/1584/572 1792/1583/571 1777/1570/560
f 1793/1584/572 1777/1570/560 1794/1585/573
f 1795/1586/574 1794/1585/573 1777/1570/560
f 1798/1587/69 1797/1588/69 1796/1589/69
f 1798/1587/69 1796/1589/69 1799/1590/68
f 1800/1591/68 1799/1590/68 1796/1589/69
f 1803/60/1 1802/1592/1 1801/1593/1
f 1804/1594/1 1801/1593/1 1802/1592/1
f 1804/1594/1 1802/1592/1 1805/1595/1
f 1806/59/47 1805/1595/1 1802/1592/1
f 1806/59/47 1807/57/1 1805/1595/1
f 1808/1596/1 1805/1595/1 1807/57/1
f 1807/57/1 1809/56/1 1808/1596/1
f 1810/1597/1 1808/1596/1 1809/56/1
f 1809/56/1 1811/54/1 1810/1597/1
f 1812/1598/1 1810/1597/1 1811/54/1
f 1811/54/1 1813/52/1 1812/1598/1
f 1814/1599/1 1812/1598/1 1813/52/1
f 1813/52/1 1815/49/1 1814/1599/1
f 1816/1600/1 1814/1599/1 1815/49/1
f 1815/49/1 1817/1601/1 1816/1600/1
f 1818/48/1 1816/1600/1 1817/1601/1
f 1821/1602/68 1820/1603/68 1819/1604/68
f 1822/1605/68 1819/1604/68 1820/1603/68
f 1820/1603/68 1823/1606/68 1822/1605/68
f 1823/1606/68 1824/1607/68 1822/1605/68
f 1824/1607/68 1825/1608/68 1822/1605/68
f 1828/1609/287 1827/1610/575 1826/1611/287
f 1829/1612/576 1826/1611/287 1827/1610/575
f 1827/1610/575 1830/1613/577 1829/1612/576
f 1831/1614/578 1829/1612/576 1830/1613/577
f 1831/1614/578 1830/1613/577 1832/1615/579
f 1833/1616/579 1832/1615/579 1830/1613/577
f 1833/1616/579 1834/1617/580 1832/1615/579
f 1835/1618/580 1832/1615/579 1834/1617/580
f 1835/1618/580 1834/1617/580 1836/1619/581
f 1837/1620/582 1836/1619/581 1834/1617/580
f 1837/1620/582 1838/1621/583 1836/1619/581
f 1839/1622/584 1836/1619/581 1838/1621/583
f 1842/1623/585 1841/1624/586 1840/1625/587
f 1843/1626/587 1840/1625/587 1841/1624/586
f 1840/1625/587 1843/1626/587 1844/1627/588
f 1845/1628/588 1844/1627/588 1843/1626/587
f 1845/1628/588 1846/1629/589 1844/1627/588
f 1847/1630/590 1844/1627/588 1846/1629/589
f 1846/1629/589 1848/1631/591 1847/1630/590
f 1849/1632/592 1847/1630/590 1848/1631/591
f 1852/1633/593 1851/1634/594 1850/1635/595
f 1853/1636/596 1850/1635/595 1851/1634/594
f 1851/1634/594 1854/1637/597 1853/1636/596
f 1855/1638/598 1853/1636/596 1854/1637/597
f 1854/1637/597 1856/1639/599 1855/1638/598
f 1857/1640/600 1855/1638/598 1856/1639/599
f 1855/1638/598 1857/1640/600 1858/1641/601
f 1855/1638/598 1858/1641/601 1853/1636/596
f 1859/1642/602 1858/1641/601 1857/1640/600
f 1860/1643/603 1853/1636/596 1858/1641/601
f 1861/1644/604 1859/1642/602 1857/1640/600
f 1859/1642/602 1861/1644/604 1862/1645/605
f 1860/1643/603 1862/1645/605 1853/1636/596
f 1863/1646/606 1862/1645/605 1861/1644/604
f 1863/1646/606 1853/1636/596 1862/1645/605
f 1861/1644/604 1864/1647/607 1863/1646/606
f 1865/1648/608 1863/1646/606 1864/1647/607
f 1865/1648/608 1866/1649/609 1863/1646/606
f 1867/1650/609 1863/1646/606 1866/1649/609
f 1867/1650/609 1868/1651/610 1863/1646/606
f 1867/1650/609 1850/1635/595 1868/1651/610
f 1869/571/610 1863/1646/606 1868/1651/610
f 1863/1646/606 1869/571/610 1853/1636/596
f 1870/1652/610 1868/1651/610 1850/1635/595
f 1871/570/610 1853/1636/596 1869/571/610
f 1853/1636/596 1871/570/610 1850/1635/595
f 1870/1652/610 1850/1635/595 1871/570/610
f 1874/1653/611 1873/1654/611 1872/1655/611
f 1875/1656/611 1872/1655/611 1873/1654/611
f 1878/1657/612 1877/1658/612 1876/1659/612
f 1879/1660/612 1876/1659/612 1877/1658/612
f 1882/1661/613 1881/1662/613 1880/1663/613
f 1883/1664/613 1880/1663/613 1881/1662/613
f 1886/1665/614 1885/1666/614 1884/1667/614
f 1887/1668/614 1884/1667/614 1885/1666/614
f 1890/1669/615 1889/1670/615 1888/1671/616
f 1891/1672/616 1888/1671/616 1889/1670/615
f 1894/1673/617 1893/1674/617 1892/1675/617
f 1895/1676/617 1892/1675/617 1893/1674/617
f 1898/1677/618 1897/1678/618 1896/1679/618
f 1899/1680/618 1896/1679/618 1897/1678/618
f 1902/1681/619 1901/1682/619 1900/1683/619
f 1903/1684/619 1900/1683/619 1901/1682/619
f 1906/1572/620 1905/1685/620 1904/1573/620
f 1907/1686/620 1904/1573/620 1905/1685/620
f 1910/1687/621 1909/1688/621 1908/1689/621
f 1911/1690/621 1908/1689/621 1909/1688/621
f 1914/297/622 1913/1691/622 1912/289/622
f 1915/1692/622 1912/289/622 1913/1691/622
f 1918/1693/623 1917/1694/623 1916/1695/623
f 1919/1696/623 1916/1695/623 1917/1694/623
f 1922/1697/624 1921/1698/624 1920/1699/624
f 1923/1700/624 1920/1699/624 1921/1698/624
f 1926/1701/625 1925/1702/625 1924/1703/625
f 1927/1704/625 1924/1703/625 1925/1702/625
f 1930/1705/626 1929/1706/626 1928/1707/627
f 1931/1708/627 1928/1707/627 1929/1706/626
f 1934/1709/628 1933/1710/628 1932/1711/628
f 1935/1712/628 1932/1711/628 1933/1710/628
f 1938/1713/629 1937/1714/630 1936/1715/630
f 1939/1716/630 1936/1715/630 1937/1714/630
f 1942/1717/631 1941/1718/631 1940/1719/631
f 1943/1720/631 1940/1719/631 1941/1718/631
f 1946/1721/632 1945/1722/632 1944/1723/632
f 1947/1724/632 1944/1723/632 1945/1722/632
f 1950/1725/633 1949/1726/633 1948/1727/633
f 1951/1728/633 1948/1727/633 1949/1726/633
f 1954/1729/634 1953/1730/634 1952/1731/634
f 1955/1732/634 1952/1731/634 1953/1730/634
f 1958/1733/635 1957/1734/635 1956/1735/635
f 1959/1736/635 1956/1735/635 1957/1734/635
f 1962/1652/636 1961/1737/636 1960/1651/636
f 1963/1738/636 1960/1651/636 1961/1737/636
f 1966/1739/637 1965/1740/637 1964/1741/637
f 1967/1742/637 1964/1741/637 1965/1740/637
f 1970/399/638 1969/1743/638 1968/401/638
f 1971/1744/638 1968/401/638 1969/1743/638
f 1974/1745/639 1973/1746/639 1972/1747/639
f 1975/1748/639 1972/1747/639 1973/1746/639
f 1978/1749/640 1977/1750/640 1976/1751/640
f 1979/1752/640 1976/1751/640 1977/1750/640
f 1982/1753/641 1981/1754/641 1980/1755/641
f 1983/1756/641 1980/1755/641 1981/1754/641
f 1986/1757/642 1985/1758/642 1984/1759/642
f 1987/1760/642 1984/1759/642 1985/1758/642
f 1990/1761/643 1989/1762/643 1988/1763/643
f 1991/1764/643 1988/1763/643 1989/1762/643
f 1994/1632/644 1993/1765/645 1992/1630/287
f 1993/1765/645 1995/1766/646 1992/1630/287
f 1996/1767/287 1992/1630/287 1995/1766/646
f 1995/1766/646 1993/1765/645 1997/1768/647
f 1998/1769/647 1997/1768/647 1993/1765/645
f 1997/1768/647 1998/1769/647 1999/1770/648
f 2000/1771/648 1999/1770/648 1998/1769/647
f 1996/1767/287 2001/1772/649 1992/1630/287
f 2002/1627/649 1992/1630/287 2001/1772/649
f 2002/1627/649 2001/1772/649 2003/1625/276
f 2004/1773/276 2003/1625/276 2001/1772/649
f 2003/1625/276 2004/1773/276 2005/704/650
f 2003/1625/276 2005/704/650 2006/1623/650
f 2007/702/650 2005/704/650 2004/1773/276
f 2010/457/651 2009/454/652 2008/1774/653
f 2010/457/651 2008/1774/653 2011/458/654
f 2012/1775/655 2011/458/654 2008/1774/653
f 2015/1776/656 2014/1777/657 2013/1778/658
f 2016/1779/659 2013/1778/658 2014/1777/657
f 2019/1637/660 2018/1634/661 2017/1780/662
f 2020/1781/663 2017/1780/662 2018/1634/661
f 2023/670/664 2022/1778/7 2021/669/664
f 2024/672/7 2022/1778/7 2023/670/664
f 2025/1776/3 2022/1778/7 2024/672/7
f 2024/672/7 2026/673/665 2025/1776/3
f 2027/1782/666 2025/1776/3 2026/673/665
f 2030/1783/667 2029/1784/668 2028/1785/669
f 2031/1786/669 2028/1785/669 2029/1784/668
f 2028/1785/669 2031/1786/669 2032/1787/670
f 2033/1788/670 2032/1787/670 2031/1786/669
f 2032/1787/670 2033/1788/670 2034/1789/671
f 2034/1789/671 2033/1788/670 2035/1790/671
f 2034/1789/671 2035/1790/671 2036/1791/672
f 2037/1792/670 2035/1790/671 2033/1788/670
f 2038/1793/670 2035/1790/671 2037/1792/670
f 2038/1793/670 2037/1792/670 2039/1794/669
f 2040/1795/669 2039/1794/669 2037/1792/670
f 2039/1794/669 2040/1795/669 2041/1796/667
f 2042/1797/668 2041/1796/667 2040/1795/669
f 2043/1798/673 2036/1791/672 2035/1790/671
f 2035/1790/671 2044/1799/674 2043/1798/673
f 2036/1791/672 2043/1798/673 2045/1800/675
f 2046/1801/418 2045/1800/675 2043/1798/673
f 2049/1802/676 2048/1803/676 2047/1804/677
f 2050/1774/678 2047/1804/677 2048/1803/676
f 2047/1804/677 2050/1774/678 2051/1805/679
f 2052/454/679 2051/1805/679 2050/1774/678
f 2055/1806/680 2054/1807/680 2053/1808/681
f 2056/1809/681 2053/1808/681 2054/1807/680
f 2059/1808/682 2058/1810/683 2057/1806/682
f 2060/1811/684 2057/1806/682 2058/1810/683
f 2058/1810/683 2061/1812/685 2060/1811/684
f 2062/1813/685 2060/1811/684 2061/1812/685
f 2061/1812/685 2063/1814/686 2062/1813/685
f 2064/1815/686 2062/1813/685 2063/1814/686
f 2067/601/215 2066/602/215 2065/1816/215
f 2068/1817/215 2065/1816/215 2066/602/215
f 2071/1623/287 2070/704/287 2069/1818/287
f 2072/1819/287 2069/1818/287 2070/704/287
f 2072/1819/287 2073/1820/287 2069/1818/287
f 2074/1821/287 2069/1818/287 2073/1820/287
f 2077/1822/687 2076/1823/687 2075/1824/687
f 2078/1825/687 2075/1824/687 2076/1823/687
f 2081/1826/688 2080/1827/688 2079/1828/689
f 2082/1829/689 2079/1828/689 2080/1827/688
f 2085/745/690 2084/747/292 2083/744/291
f 2086/746/292 2083/744/291 2084/747/292
f 2086/746/292 2084/747/292 2087/1830/86
f 2088/748/86 2087/1830/86 2084/747/292
f 2091/1831/289 2090/1832/68 2089/1833/289
f 2092/1834/68 2089/1833/289 2090/1832/68
f 2090/1832/68 2093/1835/288 2092/1834/68
f 2094/1836/288 2092/1834/68 2093/1835/288
f 2097/733/284 2096/735/286 2095/732/691
f 2098/734/286 2095/732/691 2096/735/286
f 2098/734/286 2096/735/286 2099/737/287
f 2100/1837/287 2099/737/287 2096/735/286
f 2103/1838/1 2102/1839/1 2101/1840/1
f 2102/1839/1 2104/1841/1 2101/1840/1
f 2101/1840/1 2104/1841/1 2105/1842/1
f 2105/1842/1 2104/1841/1 2106/1843/1
f 2107/1844/1 2106/1843/1 2104/1841/1
f 2110/1845/1 2109/1846/1 2108/1847/1
f 2111/1848/1 2108/1847/1 2109/1846/1
f 2114/1849/4 2113/1850/4 2112/1851/4
f 2115/1852/4 2112/1851/4 2113/1850/4
f 2118/1853/287 2117/1854/287 2116/1855/287
f 2119/737/287 2116/1855/287 2117/1854/287
f 2116/1855/287 2119/737/287 2120/1856/287
f 2121/1857/287 2120/1856/287 2119/737/287
f 2124/1848/1 2123/1846/1 2122/1858/1
f 2125/1859/1 2122/1858/1 2123/1846/1
f 2128/1860/69 2127/1861/69 2126/1862/69
f 2129/1863/69 2126/1862/69 2127/1861/69
f 2132/1864/68 2131/1865/68 2130/1866/68
f 2133/1867/68 2130/1866/68 2131/1865/68
f 2136/1853/692 2135/1868/692 2134/1854/692
f 2137/1869/692 2134/1854/692 2135/1868/692
f 2140/1870/287 2139/1400/287 2138/1871/287
f 2139/1400/287 2141/1399/287 2138/1871/287
f 2141/1399/287 2142/1872/287 2138/1871/287
f 2145/1584/693 2144/1873/694 2143/1578/693
f 2146/1874/694 2143/1578/693 2144/1873/694
f 2149/1875/695 2148/1876/696 2147/1877/695
f 2150/1878/696 2147/1877/695 2148/1876/696
f 2148/1876/696 2151/1879/697 2150/1878/696
f 2152/1880/697 2150/1878/696 2151/1879/697
f 2155/1881/698 2154/1882/699 2153/1883/700
f 2156/1884/701 2153/1883/700 2154/1882/699
f 2159/1885/702 2158/1886/703 2157/1887/704
f 2160/1888/705 2157/1887/704 2158/1886/703
f 2163/1889/698 2162/1890/706 2161/1891/707
f 2164/1892/708 2161/1891/707 2162/1890/706
f 2161/1891/707 2164/1892/708 2165/1893/709
f 2166/1894/710 2165/1893/709 2164/1892/708
f 2166/1894/710 2167/1895/711 2165/1893/709
f 2168/1896/362 2165/1893/709 2167/1895/711
f 2171/1897/712 2170/1898/713 2169/1899/714
f 2172/1900/715 2169/1899/714 2170/1898/713
f 2169/1899/714 2172/1900/715 2173/1901/716
f 2174/1902/717 2173/1901/716 2172/1900/715
f 2174/1902/717 2175/1903/364 2173/1901/716
f 2176/1904/369 2173/1901/716 2175/1903/364
f 2179/1905/718 2178/1906/719 2177/1907/720
f 2180/1908/721 2177/1907/720 2178/1906/719
f 2177/1907/720 2180/1908/721 2181/1909/342
f 2182/1910/722 2181/1909/342 2180/1908/721
f 2182/1910/722 2180/1908/721 2183/1911/723
f 2180/1908/721 2178/1906/719 2184/1912/724
f 2184/1912/724 2183/1911/723 2180/1908/721
f 2185/1913/725 2184/1912/724 2178/1906/719
f 2183/1911/723 2184/1912/724 2186/1914/712
f 2184/1912/724 2185/1913/725 2187/1915/726
f 2187/1915/726 2186/1914/712 2184/1912/724
f 2188/1916/727 2187/1915/726 2185/1913/725
f 2188/1916/727 2189/1917/701 2187/1915/726
f 2187/1915/726 2190/1918/728 2186/1914/712
f 2190/1918/728 2187/1915/726 2189/1917/701
f 2191/1919/729 2186/1914/712 2190/1918/728
f 2191/1919/729 2190/1918/728 2192/1920/730
f 2190/1918/728 2189/1917/701 2193/1921/731
f 2193/1921/731 2192/1920/730 2190/1918/728
f 2194/1922/732 2193/1921/731 2189/1917/701
f 2192/1920/730 2193/1921/731 2195/1923/733
f 2193/1921/731 2194/1922/732 2196/1924/734
f 2196/1924/734 2195/1923/733 2193/1921/731
f 2197/1925/735 2196/1924/734 2194/1922/732
f 2197/1925/735 2198/1926/330 2196/1924/734
f 2199/1927/736 2196/1924/734 2198/1926/330
f 2196/1924/734 2199/1927/736 2195/1923/733
f 2200/1928/737 2195/1923/733 2199/1927/736
f 2203/1929/364 2202/1930/738 2201/1931/363
f 2204/1932/739 2201/1931/363 2202/1930/738
f 2201/1931/363 2204/1932/739 2205/1933/740
f 2206/1934/741 2205/1933/740 2204/1932/739
f 2206/1934/741 2204/1932/739 2207/1935/742
f 2204/1932/739 2202/1930/738 2208/1936/743
f 2208/1936/743 2207/1935/742 2204/1932/739
f 2209/1937/715 2208/1936/743 2202/1930/738
f 2207/1935/742 2208/1936/743 2210/1938/744
f 2208/1936/743 2209/1937/715 2211/1939/745
f 2211/1939/745 2210/1938/744 2208/1936/743
f 2212/1940/713 2211/1939/745 2209/1937/715
f 2212/1940/713 2213/1941/705 2211/1939/745
f 2211/1939/745 2214/1942/746 2210/1938/744
f 2214/1942/746 2211/1939/745 2213/1941/705
f 2215/1943/699 2210/1938/744 2214/1942/746
f 2215/1943/699 2214/1942/746 2216/1944/747
f 2214/1942/746 2213/1941/705 2217/1945/748
f 2217/1945/748 2216/1944/747 2214/1942/746
f 2218/1946/749 2217/1945/748 2213/1941/705
f 2216/1944/747 2217/1945/748 2219/1947/750
f 2217/1945/748 2218/1946/749 2220/1948/751
f 2220/1948/751 2219/1947/750 2217/1945/748
f 2221/1949/752 2220/1948/751 2218/1946/749
f 2221/1949/752 2222/1950/317 2220/1948/751
f 2223/1951/345 2220/1948/751 2222/1950/317
f 2220/1948/751 2223/1951/345 2219/1947/750
f 2224/1952/324 2219/1947/750 2223/1951/345
f 2227/1953/753 2226/1954/729 2225/1955/749
f 2228/1956/730 2225/1955/749 2226/1954/729
f 2225/1955/749 2228/1956/730 2229/1957/752
f 2230/1958/754 2229/1957/752 2228/1956/730
f 2230/1958/754 2231/1959/737 2229/1957/752
f 2232/1960/317 2229/1957/752 2231/1959/737
f 2235/1961/755 2234/1962/756 2233/1963/732
f 2236/1964/747 2233/1963/732 2234/1962/756
f 2233/1963/732 2236/1964/747 2237/1965/735
f 2238/1966/757 2237/1965/735 2236/1964/747
f 2238/1966/757 2239/1967/324 2237/1965/735
f 2240/1968/325 2237/1965/735 2239/1967/324
f 2243/896/758 2242/898/287 2241/895/375
f 2244/897/287 2241/895/375 2242/898/287
f 2242/898/287 2245/900/376 2244/897/287
f 2246/899/376 2244/897/287 2245/900/376
f 2249/1969/374 2248/1970/1 2247/1971/374
f 2250/1972/1 2247/1971/374 2248/1970/1
f 2248/1970/1 2251/1973/372 2250/1972/1
f 2252/1974/372 2250/1972/1 2251/1973/372
f 2255/884/759 2254/886/86 2253/883/370
f 2256/885/86 2253/883/370 2254/886/86
f 2254/886/86 2257/888/371 2256/885/86
f 2258/887/371 2256/885/86 2257/888/371
f 2261/1975/378 2260/1976/4 2259/1977/378
f 2262/1978/4 2259/1977/378 2260/1976/4
f 2260/1976/4 2263/1979/377 2262/1978/4
f 2264/1980/377 2262/1978/4 2263/1979/377
f 2267/1981/69 2266/1982/69 2265/1983/69
f 2266/1982/69 2268/1984/69 2265/1983/69
f 2265/1983/69 2268/1984/69 2269/1985/69
f 2266/1982/69 2270/1986/69 2268/1984/69
f 2271/1987/69 2270/1986/69 2266/1982/69
f 2272/1988/69 2271/1987/69 2266/1982/69
f 2275/923/760 2274/922/388 2273/896/760
f 2276/898/388 2273/896/760 2274/922/388
f 2274/922/388 2277/921/387 2276/898/388
f 2278/900/761 2276/898/388 2277/921/387
f 2281/1989/762 2280/1990/385 2279/1980/386
f 2282/1978/385 2279/1980/386 2280/1990/385
f 2280/1990/385 2283/1991/384 2282/1978/385
f 2284/1977/384 2282/1978/385 2283/1991/384
f 2287/917/381 2286/916/380 2285/887/381
f 2288/885/380 2285/887/381 2286/916/380
f 2286/916/380 2289/915/379 2288/885/380
f 2290/883/763 2288/885/380 2289/915/379
f 2293/1992/393 2292/1993/392 2291/1974/394
f 2294/1972/392 2291/1974/394 2292/1993/392
f 2292/1993/392 2295/1994/391 2294/1972/392
f 2296/1971/391 2294/1972/392 2295/1994/391
f 2299/1995/68 2298/1996/68 2297/1997/68
f 2300/1998/68 2297/1997/68 2298/1996/68
f 2303/378/69 2302/1999/69 2301/2000/764
f 2304/2001/764 2301/2000/764 2302/1999/69
f 2307/1995/68 2306/1996/68 2305/1997/68
f 2308/1998/68 2305/1997/68 2306/1996/68
f 2311/378/69 2310/1999/69 2309/2000/764
f 2312/2001/764 2309/2000/764 2310/1999/69
f 2315/947/287 2314/949/287 2313/946/287
f 2316/948/287 2313/946/287 2314/949/287
f 2319/951/287 2318/953/287 2317/950/287
f 2320/952/287 2317/950/287 2318/953/287
f 2323/939/86 2322/941/86 2321/938/765
f 2324/940/765 2321/938/765 2322/941/86
f 2327/943/86 2326/945/86 2325/942/86
f 2328/944/86 2325/942/86 2326/945/86
f 2331/2002/86 2330/2003/86 2329/2004/86
f 2332/2005/86 2329/2004/86 2330/2003/86
f 2335/2006/766 2334/2007/766 2333/2008/767
f 2336/2009/767 2333/2008/767 2334/2007/766
f 2333/2008/767 2336/2009/767 2337/2010/768
f 2338/2011/768 2337/2010/768 2336/2009/767
f 2337/2010/768 2338/2011/768 2339/2012/769
f 2340/2013/769 2339/2012/769 2338/2011/768
f 2340/2013/769 2341/1798/770 2339/2012/769
f 2342/1799/771 2339/2012/769 2341/1798/770
f 2343/2014/772 2339/2012/769 2342/1799/771
f 2342/1799/771 2344/2015/773 2343/2014/772
f 2345/2016/773 2343/2014/772 2344/2015/773
f 2348/2017/774 2347/2018/774 2346/2019/775
f 2349/2020/776 2346/2019/775 2347/2018/774
f 2349/2020/776 2350/2021/69 2346/2019/775
f 2351/641/69 2346/2019/775 2350/2021/69
f 2350/2021/69 2352/980/777 2351/641/69
f 2353/982/777 2351/641/69 2352/980/777
f 2356/2022/778 2355/2023/779 2354/2024/778
f 2357/2025/779 2354/2024/778 2355/2023/779
f 2355/2023/779 2358/2026/669 2357/2025/779
f 2359/2027/669 2357/2025/779 2358/2026/669
f 2358/2026/669 2360/2028/667 2359/2027/669
f 2361/2029/667 2359/2027/669 2360/2028/667
f 2364/2030/780 2363/2031/781 2362/2032/780
f 2365/2033/781 2362/2032/780 2363/2031/781
f 2363/2031/781 2366/2034/782 2365/2033/781
f 2367/2035/782 2365/2033/781 2366/2034/782
f 2366/2034/782 2368/2036/242 2367/2035/782
f 2369/2037/242 2367/2035/782 2368/2036/242
f 2372/2038/419 2371/2039/420 2370/2040/68
f 2373/2041/68 2370/2040/68 2371/2039/420
f 2370/2040/68 2373/2041/68 2374/2042/783
f 2375/2043/784 2374/2042/783 2373/2041/68
f 2378/2044/86 2377/2045/86 2376/2046/86
f 2378/2044/86 2379/2047/86 2377/2045/86
f 2380/2048/86 2377/2045/86 2379/2047/86
f 2379/2047/86 2381/2049/86 2380/2048/86
f 2382/2050/86 2380/2048/86 2381/2049/86
f 2381/2049/86 2383/2051/86 2382/2050/86
f 2384/2052/86 2382/2050/86 2383/2051/86
f 2383/2051/86 2385/2053/86 2384/2052/86
f 2386/2054/86 2384/2052/86 2385/2053/86
f 2387/2055/86 2386/2054/86 2385/2053/86
f 2390/2056/423 2389/2057/425 2388/2058/424
f 2391/2059/424 2388/2058/424 2389/2057/425
f 2388/2058/424 2391/2059/424 2392/2060/4
f 2393/2061/4 2392/2060/4 2391/2059/424
f 2392/2060/4 2393/2061/4 2394/2062/426
f 2395/2063/426 2394/2062/426 2393/2061/4
f 2394/2062/426 2395/2063/426 2396/2064/785
f 2397/2065/428 2396/2064/785 2395/2063/426
f 2400/2066/429 2399/2067/430 2398/2068/69
f 2401/2069/69 2398/2068/69 2399/2067/430
f 2398/2068/69 2401/2069/69 2402/2070/786
f 2403/2071/432 2402/2070/786 2401/2069/69
f 2406/2072/433 2405/2073/435 2404/2074/434
f 2407/2075/434 2404/2074/434 2405/2073/435
f 2404/2074/434 2407/2075/434 2408/2076/1
f 2409/2077/1 2408/2076/1 2407/2075/434
f 2408/2076/1 2409/2077/1 2410/2078/436
f 2411/2079/436 2410/2078/436 2409/2077/1
f 2410/2078/436 2411/2079/436 2412/2080/787
f 2413/2081/437 2412/2080/787 2411/2079/436
f 2416/2082/442 2415/2083/788 2414/2084/439
f 2417/2085/439 2414/2084/439 2415/2083/788
f 2414/2084/439 2417/2085/439 2418/2086/438
f 2419/2087/438 2418/2086/438 2417/2085/439
f 2422/1124/789 2421/1125/459 2420/1122/790
f 2423/1123/458 2420/1122/790 2421/1125/459
f 2420/1122/790 2423/1123/458 2424/1119/791
f 2425/1121/456 2424/1119/791 2423/1123/458
f 2424/1119/791 2425/1121/456 2426/1118/792
f 2427/1120/457 2426/1118/792 2425/1121/456
f 2430/2088/454 2429/2089/454 2428/2090/452
f 2431/2091/452 2428/2090/452 2429/2089/454
f 2428/2090/452 2431/2091/452 2432/2092/453
f 2433/2093/453 2432/2092/453 2431/2091/452
f 2436/1110/793 2435/1111/450 2434/1108/448
f 2437/1109/448 2434/1108/448 2435/1111/450
f 2434/1108/448 2437/1109/448 2438/1105/446
f 2439/1107/446 2438/1105/446 2437/1109/448
f 2438/1105/446 2439/1107/446 2440/1104/445
f 2441/1106/445 2440/1104/445 2439/1107/446
f 2444/2094/1 2443/2095/1 2442/2096/1
f 2443/2095/1 2445/2097/1 2442/2096/1
f 2442/2096/1 2445/2097/1 2446/2098/1
f 2447/2099/1 2445/2097/1 2443/2095/1
f 2448/2100/1 2447/2099/1 2443/2095/1
f 2449/2101/1 2445/2097/1 2447/2099/1
f 2450/2102/1 2449/2101/1 2447/2099/1
f 2451/2103/1 2445/2097/1 2449/2101/1
f 2454/2104/794 2453/2105/795 2452/2106/796
f 2455/2107/797 2452/2106/796 2453/2105/795
f 2458/2108/798 2457/2109/798 2456/2110/799
f 2459/2111/799 2456/2110/799 2457/2109/798
f 2462/2112/4 2461/2113/4 2460/2114/4
f 2463/2115/4 2460/2114/4 2461/2113/4
f 2466/2116/800 2465/2117/801 2464/2118/802
f 2467/2119/803 2464/2118/802 2465/2117/801
f 2470/2120/804 2469/2121/804 2468/2122/805
f 2471/2123/805 2468/2122/805 2469/2121/804
f 2474/2124/68 2473/2125/68 2472/2126/68
f 2475/2127/68 2472/2126/68 2473/2125/68
f 2478/2128/472 2477/2129/473 2476/2130/472
f 2479/2131/473 2476/2130/472 2477/2129/473
f 2479/2131/473 2477/2129/473 2480/2132/474
f 2481/2133/474 2480/2132/474 2477/2129/473
f 2480/2132/474 2481/2133/474 2482/2134/475
f 2483/2135/475 2482/2134/475 2481/2133/474
f 2486/2136/476 2485/2137/478 2484/2138/476
f 2487/2139/478 2484/2138/476 2485/2137/478
f 2485/2137/478 2488/2140/479 2487/2139/478
f 2489/2141/479 2487/2139/478 2488/2140/479
f 2489/2141/479 2488/2140/479 2490/2142/480
f 2491/2143/480 2490/2142/480 2488/2140/479
f 2494/2144/68 2493/2145/482 2492/2146/68
f 2495/2147/482 2492/2146/68 2493/2145/482
f 2498/2148/68 2497/2149/68 2496/2150/68
f 2499/2151/68 2496/2150/68 2497/2149/68
f 2502/1198/287 2501/1196/287 2500/1199/287
f 2503/1197/287 2500/1199/287 2501/1196/287
f 2503/1197/287 2504/1200/287 2500/1199/287
f 2505/1201/287 2500/1199/287 2504/1200/287
f 2505/1201/287 2504/1200/287 2506/1203/287
f 2507/1202/287 2506/1203/287 2504/1200/287
f 2506/1203/287 2507/1202/287 2508/1204/287
f 2509/1205/287 2508/1204/287 2507/1202/287
f 2509/1205/287 2510/1207/287 2508/1204/287
f 2511/1206/287 2508/1204/287 2510/1207/287
f 2514/1186/86 2513/1184/86 2512/1187/86
f 2515/1185/86 2512/1187/86 2513/1184/86
f 2512/1187/86 2515/1185/86 2516/1188/86
f 2517/1189/86 2516/1188/86 2515/1185/86
f 2516/1188/86 2517/1189/86 2518/1191/86
f 2519/1190/86 2518/1191/86 2517/1189/86
f 2519/1190/86 2520/1192/86 2518/1191/86
f 2521/1193/86 2518/1191/86 2520/1192/86
f 2520/1192/86 2522/1195/86 2521/1193/86
f 2523/1194/86 2521/1193/86 2522/1195/86
f 2526/1232/287 2525/1230/287 2524/1233/287
f 2527/1231/287 2524/1233/287 2525/1230/287
f 2530/2152/69 2529/2153/483 2528/2154/69
f 2531/2155/472 2528/2154/69 2529/2153/483
f 2534/2156/4 2533/2157/4 2532/2158/4
f 2535/2159/4 2532/2158/4 2533/2157/4
f 2538/2160/484 2537/2161/484 2536/2152/69
f 2539/2154/69 2536/2152/69 2537/2161/484
f 2542/2162/69 2541/2163/69 2540/2164/69
f 2543/2165/69 2540/2164/69 2541/2163/69
f 2546/2166/1 2545/2167/1 2544/2168/1
f 2547/2169/1 2544/2168/1 2545/2167/1
f 2550/1210/86 2549/1208/86 2548/1211/86
f 2551/1209/86 2548/1211/86 2549/1208/86
f 2554/2170/486 2553/2171/485 2552/2144/68
f 2555/2146/68 2552/2144/68 2553/2171/485
f 2558/2172/806 2557/2173/806 2556/2174/806
f 2559/2175/806 2556/2174/806 2557/2173/806
f 2562/2176/807 2561/2177/807 2560/2178/807
f 2563/2179/807 2560/2178/807 2561/2177/807
f 2566/2180/808 2565/2181/489 2564/2182/489
f 2567/2183/489 2564/2182/489 2565/2181/489
f 2570/1271/809 2569/2184/810 2568/2185/809
f 2571/2186/810 2568/2185/809 2569/2184/810
f 2574/2187/811 2573/2188/811 2572/2189/811
f 2575/2190/811 2572/2189/811 2573/2188/811
f 2578/2191/812 2577/1265/812 2576/2192/812
f 2579/2193/287 2576/2192/812 2577/1265/812
f 2582/2194/1 2581/2195/1 2580/2196/1
f 2583/2197/1 2580/2196/1 2581/2195/1
f 2586/2198/496 2585/2199/69 2584/2200/496
f 2587/2201/69 2584/2200/496 2585/2199/69
f 2587/2201/69 2585/2199/69 2588/2202/495
f 2589/2203/495 2588/2202/495 2585/2199/69
f 2592/1294/499 2591/1295/496 2590/1296/499
f 2593/1297/496 2590/1296/499 2591/1295/496
f 2596/2204/499 2595/2205/68 2594/2206/499
f 2597/2207/68 2594/2206/499 2595/2205/68
f 2597/2207/68 2595/2205/68 2598/2208/498
f 2599/2209/498 2598/2208/498 2595/2205/68
f 2602/1284/495 2601/1285/495 2600/1286/498
f 2603/1287/498 2600/1286/498 2601/1285/495
f 2606/2210/287 2605/2211/287 2604/2212/287
f 2607/2213/287 2604/2212/287 2605/2211/287
f 2610/2214/287 2609/2215/287 2608/2216/287
f 2611/2217/287 2608/2216/287 2609/2215/287
f 2614/2218/813 2613/2219/813 2612/2220/813
f 2615/2221/813 2612/2220/813 2613/2219/813
f 2618/2222/814 2617/2223/814 2616/2224/814
f 2619/2225/814 2616/2224/814 2617/2223/814
f 2622/2226/815 2621/2227/815 2620/2228/815
f 2623/2229/815 2620/2228/815 2621/2227/815
f 2626/2230/816 2625/2231/817 2624/2232/817
f 2627/2233/817 2624/2232/817 2625/2231/817
f 2630/1350/86 2629/1352/86 2628/1349/86
f 2631/1351/86 2628/1349/86 2629/1352/86
f 2634/1346/287 2633/1348/287 2632/1345/287
f 2635/1347/287 2632/1345/287 2633/1348/287
f 2638/2234/4 2637/2235/4 2636/2236/4
f 2639/2237/4 2636/2236/4 2637/2235/4
f 2642/2238/69 2641/2239/69 2640/2240/69
f 2643/2241/69 2640/2240/69 2641/2239/69
f 2646/1366/86 2645/1368/86 2644/1365/86
f 2647/1367/86 2644/1365/86 2645/1368/86
f 2650/1362/287 2649/1364/287 2648/1361/287
f 2651/1363/287 2648/1361/287 2649/1364/287
f 2654/2242/4 2653/2243/4 2652/2244/4
f 2655/2245/4 2652/2244/4 2653/2243/4
f 2658/2246/69 2657/2247/69 2656/2248/69
f 2659/2249/69 2656/2248/69 2657/2247/69
f 2662/1382/86 2661/1384/86 2660/1381/86
f 2663/1383/86 2660/1381/86 2661/1384/86
f 2666/1378/287 2665/1380/287 2664/1377/287
f 2667/1379/287 2664/1377/287 2665/1380/287
f 2670/2242/4 2669/2243/4 2668/2244/4
f 2671/2245/4 2668/2244/4 2669/2243/4
f 2674/2250/69 2673/2251/69 2672/2252/69
f 2675/2253/69 2672/2252/69 2673/2251/69
f 2678/2254/764 2677/2255/764 2676/1500/764
f 2679/2256/764 2676/1500/764 2677/2255/764
f 2679/2256/764 2677/2255/764 2680/1501/764
f 2681/2257/764 2680/1501/764 2677/2255/764
f 2684/1502/86 2683/2258/86 2682/1399/86
f 2685/1872/86 2682/1399/86 2683/2258/86
f 2688/785/86 2687/2259/86 2686/783/86
f 2689/2260/86 2686/783/86 2687/2259/86
f 2692/1418/287 2691/1419/287 2690/1420/287
f 2693/1421/287 2691/1419/287 2692/1418/287
f 2694/1422/287 2693/1421/287 2692/1418/287
f 2697/2261/1 2696/2262/1 2695/2263/1
f 2698/2264/1 2695/2263/1 2696/2262/1
f 2701/2265/68 2700/2266/68 2699/2267/68
f 2702/2268/68 2699/2267/68 2700/2266/68
f 2705/2269/69 2704/2270/69 2703/2271/69
f 2706/2272/69 2703/2271/69 2704/2270/69
f 2709/1401/86 2708/1402/86 2707/1403/86
f 2710/1404/86 2708/1402/86 2709/1401/86
f 2710/1404/86 2711/1405/86 2708/1402/86
f 2714/2267/505 2713/2273/505 2712/2265/505
f 2715/2274/505 2712/2265/505 2713/2273/505
f 2718/1438/287 2717/1418/287 2716/1437/287
f 2719/1436/287 2716/1437/287 2717/1418/287
f 2722/2275/1 2721/2276/1 2720/2277/1
f 2723/2278/1 2720/2277/1 2721/2276/1
f 2726/2279/69 2725/2280/69 2724/2281/69
f 2727/2282/69 2724/2281/69 2725/2280/69
f 2730/1427/86 2729/1426/86 2728/1402/86
f 2731/1425/86 2728/1402/86 2729/1426/86
f 2734/2283/68 2733/2284/68 2732/2285/68
f 2735/2286/68 2732/2285/68 2733/2284/68
f 2738/2287/287 2737/2288/287 2736/2289/287
f 2739/2290/287 2736/2289/287 2737/2288/287
f 2742/2289/287 2741/2290/818 2740/1528/819
f 2743/1529/820 2740/1528/819 2741/2290/818
f 2746/2291/68 2745/2292/68 2744/2293/68
f 2747/2294/68 2744/2293/68 2745/2292/68
f 2750/2295/68 2749/2296/68 2748/2297/68
f 2751/2298/68 2748/2297/68 2749/2296/68
f 2754/2299/287 2753/2300/287 2752/2301/287
f 2755/2302/287 2752/2301/287 2753/2300/287
f 2758/150/4 2757/181/1 2756/151/1
f 2759/2303/1 2756/151/1 2757/181/1
f 2757/181/1 2760/182/1 2759/2303/1
f 2761/2304/1 2759/2303/1 2760/182/1
f 2760/182/1 2762/183/1 2761/2304/1
f 2763/2305/1 2761/2304/1 2762/183/1
f 2762/183/1 2764/177/1 2763/2305/1
f 2765/2306/1 2763/2305/1 2764/177/1
f 2768/177/1 2767/176/1 2766/2306/1
f 2769/2307/1 2766/2306/1 2767/176/1
f 2767/176/1 2770/175/1 2769/2307/1
f 2771/2308/1 2769/2307/1 2770/175/1
f 2770/175/1 2772/173/1 2771/2308/1
f 2773/2309/1 2771/2308/1 2772/173/1
f 2772/173/1 2774/174/1 2773/2309/1
f 2775/1498/1 2773/2309/1 2774/174/1
f 2778/2310/86 2777/2311/86 2776/2312/86
f 2779/1396/86 2776/2312/86 2777/2311/86
f 2782/2313/821 2781/2314/822 2780/2315/821
f 2783/2316/822 2780/2315/821 2781/2314/822
f 2783/2316/822 2784/2317/821 2780/2315/821
f 2781/2314/822 2785/2318/823 2783/2316/822
f 2786/2319/823 2783/2316/822 2785/2318/823
f 2789/2320/824 2788/2321/825 2787/2322/824
f 2790/2323/825 2787/2322/824 2788/2321/825
f 2788/2321/825 2791/2324/826 2790/2323/825
f 2792/2325/827 2790/2323/825 2791/2324/826
f 2795/2324/828 2794/2326/829 2793/2325/828
f 2796/2327/829 2793/2325/828 2794/2326/829
f 2794/2326/829 2797/2328/830 2796/2327/829
f 2798/2329/830 2796/2327/829 2797/2328/830
f 2801/2330/831 2800/2331/832 2799/2332/831
f 2802/2333/832 2799/2332/831 2800/2331/832
f 2800/2331/832 2803/1501/833 2802/2333/832
f 2804/1500/834 2802/2333/832 2803/1501/833
f 2807/2334/835 2806/2335/69 2805/2336/835
f 2808/642/69 2805/2336/835 2806/2335/69
f 2806/2335/69 2809/2337/836 2808/642/69
f 2810/2338/836 2808/642/69 2809/2337/836
f 2813/2339/837 2812/2340/495 2811/2341/838
f 2814/2342/495 2811/2341/838 2812/2340/495
f 2812/2340/495 2815/2343/287 2814/2342/495
f 2816/2344/287 2814/2342/495 2815/2343/287
f 2815/2343/287 2817/2345/498 2816/2344/287
f 2818/2346/498 2816/2344/287 2817/2345/498
f 2817/2345/498 2819/2347/839 2818/2346/498
f 2820/2348/839 2818/2346/498 2819/2347/839
f 2823/2349/840 2822/2350/68 2821/2351/840
f 2824/2352/68 2821/2351/840 2822/2350/68
f 2822/2350/68 2825/2353/841 2824/2352/68
f 2826/2354/841 2824/2352/68 2825/2353/841
f 2829/2355/842 2828/2356/499 2827/2357/842
f 2830/2358/499 2827/2357/842 2828/2356/499
f 2828/2356/499 2831/2359/86 2830/2358/499
f 2832/2360/86 2830/2358/499 2831/2359/86
f 2831/2359/86 2833/2361/496 2832/2360/86
f 2834/2362/496 2832/2360/86 2833/2361/496
f 2833/2361/496 2835/2363/843 2834/2362/496
f 2836/2364/844 2834/2362/496 2835/2363/843
f 2839/2334/845 2838/2365/845 2837/2335/846
f 2840/2366/846 2837/2335/846 2838/2365/845
f 2837/2335/846 2840/2366/846 2841/2337/847
f 2842/2367/847 2841/2337/847 2840/2366/846
f 2845/2368/848 2844/2369/848 2843/2370/849
f 2846/2371/849 2843/2370/849 2844/2369/848
f 2849/2372/850 2848/2342/850 2847/2373/851
f 2850/2344/851 2847/2373/851 2848/2342/850
f 2847/2373/851 2850/2344/851 2851/2374/852
f 2852/2346/852 2851/2374/852 2850/2344/851
f 2855/2375/853 2854/2376/853 2853/2377/854
f 2856/2378/854 2853/2377/854 2854/2376/853
f 2859/2379/855 2858/2351/855 2857/2380/856
f 2860/2352/856 2857/2380/856 2858/2351/855
f 2857/2380/856 2860/2352/856 2861/2381/857
f 2862/2354/857 2861/2381/857 2860/2352/856
f 2865/2382/858 2864/2383/858 2863/2384/859
f 2866/2385/859 2863/2384/859 2864/2383/858
f 2869/2386/860 2868/2358/860 2867/2387/861
f 2870/2360/861 2867/2387/861 2868/2358/860
f 2867/2387/861 2870/2360/861 2871/2388/862
f 2872/2362/862 2871/2388/862 2870/2360/861
f 2875/2389/863 2874/2390/863 2873/2391/864
f 2876/2392/864 2873/2391/864 2874/2390/863
f 2879/2393/838 2878/2372/495 2877/2394/838
f 2880/2395/495 2877/2394/838 2878/2372/495
f 2878/2372/495 2881/2373/287 2880/2395/495
f 2880/2395/495 2882/2396/495 2877/2394/838
f 2882/2396/495 2880/2395/495 2883/2397/287
f 2884/2398/838 2877/2394/838 2882/2396/495
f 2885/2399/287 2880/2395/495 2881/2373/287
f 2885/2399/287 2883/2397/287 2880/2395/495
f 2881/2373/287 2886/2374/498 2885/2399/287
f 2887/2400/498 2885/2399/287 2886/2374/498
f 2886/2374/498 2888/2401/839 2887/2400/498
f 2889/2402/839 2887/2400/498 2888/2401/839
f 2889/2402/839 2890/2403/839 2887/2400/498
f 2882/2396/495 2891/2404/865 2884/2398/838
f 2892/2405/866 2884/2398/838 2891/2404/865
f 2891/2404/865 2893/2406/867 2892/2405/866
f 2894/2407/868 2892/2405/866 2893/2406/867
f 2893/2406/867 2891/2404/865 2895/2408/869
f 2891/2404/865 2882/2396/495 2896/2409/870
f 2896/2409/870 2895/2408/869 2891/2404/865
f 2883/2397/287 2896/2409/870 2882/2396/495
f 2895/2408/869 2896/2409/870 2897/2410/871
f 2898/2411/872 2897/2410/871 2896/2409/870
f 2896/2409/870 2883/2397/287 2898/2411/872
f 2897/2410/871 2898/2411/872 2899/2412/873
f 2900/2413/874 2899/2412/873 2898/2411/872
f 2890/2403/839 2900/2413/874 2901/2414/498
f 2898/2411/872 2901/2414/498 2900/2413/874
f 2901/2414/498 2898/2411/872 2883/2397/287
f 2901/2414/498 2887/2400/498 2890/2403/839
f 2883/2397/287 2902/2415/286 2901/2414/498
f 2903/2416/286 2901/2414/498 2902/2415/286
f 2901/2414/498 2903/2416/286 2887/2400/498
f 2902/2415/286 2883/2397/287 2904/2417/286
f 2905/2418/286 2887/2400/498 2903/2416/286
f 2885/2399/287 2904/2417/286 2883/2397/287
f 2887/2400/498 2905/2418/286 2885/2399/287
f 2904/2417/286 2885/2399/287 2905/2418/286
f 2908/2379/840 2907/2380/68 2906/2419/840
f 2909/2420/68 2906/2419/840 2907/2380/68
f 2907/2380/68 2910/2381/841 2909/2420/68
f 2911/2421/841 2909/2420/68 2910/2381/841
f 2909/2420/68 2912/2422/875 2906/2419/840
f 2913/2423/875 2906/2419/840 2912/2422/875
f 2906/2419/840 2913/2423/875 2914/2424/840
f 2912/2422/875 2909/2420/68 2915/2425/875
f 2916/2426/68 2915/2425/875 2909/2420/68
f 2915/2425/875 2916/2426/68 2917/2427/875
f 2917/2427/875 2914/2424/840 2913/2423/875
f 2914/2424/840 2917/2427/875 2916/2426/68
f 2916/2426/68 2918/2428/876 2914/2424/840
f 2919/2429/877 2914/2424/840 2918/2428/876
f 2918/2428/876 2920/2430/878 2919/2429/877
f 2921/2431/879 2919/2429/877 2920/2430/878
f 2920/2430/878 2918/2428/876 2922/2432/880
f 2923/2433/881 2922/2432/880 2918/2428/876
f 2918/2428/876 2916/2426/68 2923/2433/881
f 2924/2434/841 2923/2433/881 2916/2426/68
f 2924/2434/841 2925/2435/882 2911/2421/841
f 2926/2436/882 2911/2421/841 2925/2435/882
f 2911/2421/841 2926/2436/882 2909/2420/68
f 2925/2435/882 2924/2434/841 2927/2437/882
f 2916/2426/68 2927/2437/882 2924/2434/841
f 2928/2438/882 2909/2420/68 2926/2436/882
f 2927/2437/882 2916/2426/68 2928/2438/882
f 2909/2420/68 2928/2438/882 2916/2426/68
f 2931/2439/883 2930/2386/499 2929/2440/842
f 2932/2441/499 2929/2440/842 2930/2386/499
f 2932/2441/499 2933/2442/499 2929/2440/842
f 2930/2386/499 2934/2387/86 2932/2441/499
f 2935/2443/86 2932/2441/499 2934/2387/86
f 2936/2444/842 2929/2440/842 2933/2442/499
f 2934/2387/86 2937/2388/496 2935/2443/86
f 2933/2442/499 2938/2445/884 2936/2444/842
f 2939/2446/885 2936/2444/842 2938/2445/884
f 2938/2445/884 2940/2447/886 2939/2446/885
f 2941/2448/887 2939/2446/885 2940/2447/886
f 2940/2447/886 2938/2445/884 2942/2449/888
f 2943/2450/889 2942/2449/888 2938/2445/884
f 2938/2445/884 2933/2442/499 2943/2450/889
f 2942/2449/888 2943/2450/889 2944/2451/890
f 2945/2452/891 2944/2451/890 2943/2450/889
f 2944/2451/890 2945/2452/891 2946/2453/892
f 2947/2454/893 2946/2453/892 2945/2452/891
f 2943/2450/889 2948/2455/86 2945/2452/891
f 2948/2455/86 2943/2450/889 2933/2442/499
f 2945/2452/891 2949/2456/496 2947/2454/893
f 2949/2456/496 2945/2452/891 2948/2455/86
f 2950/2457/843 2947/2454/893 2949/2456/496
f 2949/2456/496 2951/2458/496 2950/2457/843
f 2952/2459/843 2950/2457/843 2951/2458/496
f 2952/2459/843 2951/2458/496 2953/2460/843
f 2937/2388/496 2953/2460/843 2951/2458/496
f 2951/2458/496 2935/2443/86 2937/2388/496
f 2951/2458/496 2949/2456/496 2935/2443/86
f 2948/2455/86 2935/2443/86 2949/2456/496
f 2933/2442/499 2954/2461/292 2948/2455/86
f 2955/2462/292 2948/2455/86 2954/2461/292
f 2948/2455/86 2955/2462/292 2935/2443/86
f 2954/2461/292 2933/2442/499 2956/2463/292
f 2957/2464/292 2935/2443/86 2955/2462/292
f 2932/2441/499 2956/2463/292 2933/2442/499
f 2935/2443/86 2957/2464/292 2932/2441/499
f 2956/2463/292 2932/2441/499 2957/2464/292
f 2960/2367/836 2959/2366/69 2958/2465/894
f 2961/2466/69 2958/2465/894 2959/2366/69
f 2959/2366/69 2962/2365/835 2961/2466/69
f 2963/2467/835 2961/2466/69 2962/2365/835
f 2963/2467/835 2964/2468/835 2961/2466/69
f 2961/2466/69 2965/2469/69 2958/2465/894
f 2965/2469/69 2961/2466/69 2964/2468/835
f 2966/2470/836 2958/2465/894 2965/2469/69
f 2964/2468/835 2967/2471/895 2965/2469/69
f 2965/2469/69 2968/2472/896 2966/2470/836
f 2968/2472/896 2965/2469/69 2967/2471/895
f 2967/2471/895 2969/2473/897 2968/2472/896
f 2970/2474/898 2966/2470/836 2968/2472/896
f 2971/2475/899 2968/2472/896 2969/2473/897
f 2968/2472/896 2971/2475/899 2970/2474/898
f 2972/2476/900 2970/2474/898 2971/2475/899
f 2975/2477/287 2974/2478/287 2973/2479/287
f 2976/2480/812 2973/2479/287 2974/2478/287
f 2979/2481/901 2978/2482/86 2977/2483/901
f 2980/2484/86 2977/2483/901 2978/2482/86
f 2983/2477/287 2982/2478/287 2981/2479/287
f 2984/2480/287 2981/2479/287 2982/2478/287
f 2987/2481/901 2986/2482/86 2985/2483/901
f 2988/2484/86 2985/2483/901 2986/2482/86
f 2991/2485/68 2990/2486/68 2989/2487/68
f 2992/2488/68 2989/2487/68 2990/2486/68
f 2995/2489/68 2994/2490/68 2993/2491/68
f 2996/2492/68 2993/2491/68 2994/2490/68
f 2999/2493/902 2998/2494/69 2997/2495/902
f 3000/2496/69 2997/2495/902 2998/2494/69
f 3003/2497/69 3002/2498/69 3001/2499/69
f 3004/2500/69 3001/2499/69 3002/2498/69
f 3007/2501/903 3006/2502/273 3005/2503/903
f 3008/2504/273 3005/2503/903 3006/2502/273
f 3006/2502/273 3009/2505/68 3008/2504/273
f 3010/2506/68 3008/2504/273 3009/2505/68
f 3010/2506/68 3009/2505/68 3011/2507/272
f 3012/2508/272 3011/2507/272 3009/2505/68
f 3011/2507/272 3012/2508/272 3013/2509/904
f 3014/2510/904 3013/2509/904 3012/2508/272
f 3017/2511/686 3016/2512/685 3015/2513/686
f 3018/2514/685 3015/2513/686 3016/2512/685
f 3018/2514/685 3016/2512/685 3019/2515/287
f 3020/2516/287 3019/2515/287 3016/2512/685
f 3020/2516/287 3021/2517/287 3019/2515/287
f 3023/2518/287 3022/2519/287 3020/2516/287
f 3022/2519/287 3024/2520/287 3020/2516/287
f 3025/2517/287 3020/2516/287 3024/2520/287
f 3027/2521/47 3026/2522/1 234/184/1
f 3028/185/1 234/184/1 3026/2522/1
f 3026/2522/1 3029/2523/1 3028/185/1
f 3030/187/1 3028/185/1 3029/2523/1
f 3029/2523/1 3031/2524/1 3030/187/1
f 3032/188/1 3030/187/1 3031/2524/1
f 3031/2524/1 3033/2525/1 3032/188/1
f 3034/189/1 3032/188/1 3033/2525/1
f 3034/189/1 3033/2525/1 3035/190/1
f 3036/2526/1 3035/190/1 3033/2525/1
f 3035/190/1 3036/2526/1 3037/191/1
f 3038/2527/1 3037/191/1 3036/2526/1
f 3037/191/1 3038/2527/1 3039/192/1
f 3040/2528/1 3039/192/1 3038/2527/1
f 3039/192/1 3040/2528/1 224/193/1
f 3041/2529/1 224/193/1 3040/2528/1
f 3044/2530/269 3043/2531/269 3042/2532/268
f 3045/2533/268 3042/2532/268 3043/2531/269
f 3045/2533/268 3046/2534/86 3042/2532/268
f 3047/2535/86 3042/2532/268 3046/2534/86
f 3049/2536/86 3047/2535/86 3048/2537/86
f 3048/2537/86 3047/2535/86 3050/2538/86
f 3051/2539/86 3050/2538/86 3047/2535/86
f 3052/2534/86 3051/2539/86 3047/2535/86
f 3055/2540/765 3054/2537/765 3053/2541/765
f 3056/2538/765 3053/2541/765 3054/2537/765
f 3059/2541/905 3058/2542/906 3057/2540/905
f 3060/2543/906 3057/2540/905 3058/2542/906
f 3060/2543/906 3058/2542/906 3061/2544/907
f 3062/2545/907 3061/2544/907 3058/2542/906
f 3062/2545/907 3063/2546/908 3061/2544/907
f 3064/2547/909 3061/2544/907 3063/2546/908
f 3067/2548/910 3066/2549/911 3065/2550/912
f 3068/2551/911 3065/2550/912 3066/2549/911
f 3066/2549/911 3069/2552/69 3068/2551/911
f 3070/2553/69 3068/2551/911 3069/2552/69
f 3070/2553/69 3069/2552/69 3071/2554/913
f 3072/2555/913 3071/2554/913 3069/2552/69
f 3071/2554/913 3072/2555/913 3073/2556/914
f 3074/2557/914 3073/2556/914 3072/2555/913
f 3077/2520/396 3076/2519/396 3075/2558/396
f 3078/2559/396 3075/2558/396 3076/2519/396
f 3081/2558/915 3080/2559/915 3079/2560/916
f 3082/2561/916 3079/2560/916 3080/2559/915
f 3079/2560/916 3082/2561/916 3083/2562/917
f 3084/2563/917 3083/2562/917 3082/2561/916
f 3083/2562/917 3084/2563/917 3085/2564/918
f 3086/2565/918 3085/2564/918 3084/2563/917
f 3089/2566/68 3088/2567/68 3087/2568/68
f 3090/2569/68 3087/2568/68 3088/2567/68
f 3093/2570/68 3092/2571/68 3091/2572/68
f 3094/2573/68 3091/2572/68 3092/2571/68
f 3097/193/1 3096/2529/1 3095/194/1
f 3098/2574/1 3095/194/1 3096/2529/1
f 3098/2574/1 3099/2575/1 3095/194/1
f 3100/195/1 3095/194/1 3099/2575/1
f 3100/195/1 3099/2575/1 3101/2576/1
f 3102/2577/1 3101/2576/1 3099/2575/1
f 3101/2576/1 3102/2577/1 3103/198/1
f 3104/2578/1 3103/198/1 3102/2577/1
f 3103/198/1 3104/2578/1 3105/2579/1
f 3106/2580/1 3105/2579/1 3104/2578/1
f 3105/2579/1 3106/2580/1 3107/201/1
f 3108/2581/1 3107/201/1 3106/2580/1
f 3107/201/1 3108/2581/1 3109/199/1
f 3110/2582/1 3109/199/1 3108/2581/1
f 3109/199/1 3110/2582/1 3111/197/1
f 3112/2583/1 3111/197/1 3110/2582/1
f 3112/2583/1 3113/2584/1 3111/197/1
f 3114/206/1 3111/197/1 3113/2584/1
f 3113/2584/1 3115/2585/1 3114/206/1
f 3116/208/1 3114/206/1 3115/2585/1
f 3115/2585/1 3117/2586/1 3116/208/1
f 3118/2587/1 3116/208/1 3117/2586/1
f 3117/2586/1 3119/2588/1 3118/2587/1
f 3120/205/1 3118/2587/1 3119/2588/1
f 3119/2588/1 3121/2589/1 3120/205/1
f 3122/2590/1 3120/205/1 3121/2589/1
f 3121/2589/1 3123/2591/1 3122/2590/1
f 3124/203/1 3122/2590/1 3123/2591/1
f 3124/203/1 3123/2591/1 3125/204/1
f 3126/2592/1 3125/204/1 3123/2591/1
f 3126/2592/1 3127/2521/1 3125/204/1
f 3128/184/1 3125/204/1 3127/2521/1
f 3131/2593/69 3130/2594/69 3129/2595/69
f 3132/2596/69 3129/2595/69 3130/2594/69
f 3135/2597/69 3134/2598/69 3133/2599/69
f 3136/2600/69 3133/2599/69 3134/2598/69
f 3139/2601/919 3138/2602/495 3137/2603/69
f 3140/2604/69 3137/2603/69 3138/2602/495
f 3140/2604/69 3141/2605/496 3137/2603/69
f 3142/2606/920 3137/2603/69 3141/2605/496
f 3145/2607/495 3144/2608/495 3143/2609/498
f 3146/2610/498 3143/2609/498 3144/2608/495
f 3149/2611/498 3148/2612/498 3147/2613/68
f 3150/2614/68 3147/2613/68 3148/2612/498
f 3150/2614/68 3151/2615/499 3147/2613/68
f 3152/2616/499 3147/2613/68 3151/2615/499
f 3155/2617/496 3154/2618/69 3153/2619/496
f 3156/2620/69 3153/2619/496 3154/2618/69
f 3154/2618/69 3157/2621/495 3156/2620/69
f 3158/2622/921 3156/2620/69 3157/2621/495
f 3161/2623/499 3160/2624/496 3159/2625/499
f 3162/2626/496 3159/2625/499 3160/2624/496
f 3165/2627/499 3164/2628/68 3163/2629/499
f 3166/2630/68 3163/2629/499 3164/2628/68
f 3164/2628/68 3167/2631/498 3166/2630/68
f 3168/2632/922 3166/2630/68 3167/2631/498
f 3171/2633/495 3170/2634/498 3169/2635/495
f 3172/2636/923 3169/2635/495 3170/2634/498
f 3175/2637/499 3174/2638/496 3173/2639/499
f 3176/2640/496 3173/2639/499 3174/2638/496
f 3179/2641/495 3178/2642/495 3177/2643/69
f 3180/2644/69 3177/2643/69 3178/2642/495
f 3177/2643/69 3180/2644/69 3181/2645/496
f 3182/2646/924 3181/2645/496 3180/2644/69
f 3185/2635/495 3184/2633/495 3183/2636/498
f 3186/2634/498 3183/2636/498 3184/2633/495
f 3189/2647/498 3188/2648/498 3187/2649/68
f 3190/2650/68 3187/2649/68 3188/2648/498
f 3187/2649/68 3190/2650/68 3191/2651/499
f 3192/2652/499 3191/2651/499 3190/2650/68
f 3195/2625/499 3194/2623/499 3193/2626/496
f 3196/2624/496 3193/2626/496 3194/2623/499
f 3199/2653/1 3198/2654/1 3197/2655/1
f 3200/2656/1 3197/2655/1 3198/2654/1
f 3203/2657/68 3202/2658/68 3201/2659/68
f 3204/2660/68 3201/2659/68 3202/2658/68
f 3207/2661/287 3206/2662/287 3205/2663/287
f 3205/2663/287 3206/2662/287 3208/2664/287
f 3206/2662/287 3209/2665/287 3208/2664/287
f 3212/2666/69 3211/2667/69 3210/2668/69
f 3213/2669/69 3210/2668/69 3211/2667/69
f 3216/2670/86 3215/2671/86 3214/2672/86
f 3215/2671/86 3217/2673/86 3214/2672/86
f 3218/2674/86 3217/2673/86 3215/2671/86
f 3221/2655/925 3220/2675/925 3219/2653/925
f 3222/2676/925 3219/2653/925 3220/2675/925
f 3225/2677/926 3224/2678/926 3223/2679/927
f 3226/2680/927 3223/2679/927 3224/2678/926
f 3223/2679/927 3226/2680/927 3227/2681/928
f 3228/2682/928 3227/2681/928 3226/2680/927
f 3231/2683/929 3230/2684/929 3229/2552/930
f 3232/1461/930 3229/2552/930 3230/2684/929
f 3229/2552/930 3232/1461/930 3233/2685/931
f 3234/2686/931 3233/2685/931 3232/1461/930
f 3237/2687/932 3236/2688/933 3235/2689/934
f 3238/2690/934 3235/2689/934 3236/2688/933
f 3235/2689/934 3238/2690/934 3239/2691/935
f 3240/2692/936 3239/2691/935 3238/2690/934
f 3243/2693/937 3242/2694/937 3241/2695/938
f 3244/245/938 3241/2695/938 3242/2694/937
f 3241/2695/938 3244/245/938 3245/2696/939
f 3246/2697/939 3245/2696/939 3244/245/938
f 3249/2698/86 3248/2699/86 3247/2700/86
f 3250/2701/86 3247/2700/86 3248/2699/86
f 3253/2702/940 3252/2703/940 3251/2704/940
f 3254/2705/940 3251/2704/940 3252/2703/940
f 3257/2706/941 3256/2707/941 3255/2708/941
f 3258/2709/941 3255/2708/941 3256/2707/941
f 3261/2710/1 3260/2711/1 3259/2712/1
f 3262/2713/1 3259/2712/1 3260/2711/1
f 3265/2714/287 3264/2715/287 3263/2716/287
f 3266/2717/287 3263/2716/287 3264/2715/287
f 3269/2718/942 3268/2719/942 3267/2720/942
f 3270/2721/942 3267/2720/942 3268/2719/942
f 3273/2722/943 3272/2723/943 3271/2724/943
f 3274/2725/943 3271/2724/943 3272/2723/943
f 3277/2726/1 3276/2727/1 3275/2728/1
f 3278/2729/1 3275/2728/1 3276/2727/1
f 3281/2730/287 3280/2731/287 3279/2732/287
f 3282/2733/287 3279/2732/287 3280/2731/287
f 3285/2734/86 3284/2735/86 3283/2736/86
f 3286/2737/86 3283/2736/86 3284/2735/86
f 3289/2738/944 3288/2739/945 3287/2740/945
f 3290/2741/945 3287/2740/945 3288/2739/945
f 3293/2742/946 3292/2743/946 3291/2744/946
f 3294/2745/946 3291/2744/946 3292/2743/946
f 3297/2746/947 3296/2747/947 3295/2748/947
f 3298/2749/947 3295/2748/947 3296/2747/947
f 3301/2750/1 3300/2751/1 3299/2752/1
f 3302/2753/1 3299/2752/1 3300/2751/1
f 3305/2754/948 3304/2755/948 3303/2756/948
f 3306/2757/948 3303/2756/948 3304/2755/948
f 3309/2758/949 3308/2759/949 3307/2760/949
f 3310/2761/950 3307/2760/949 3308/2759/949
f 3313/2762/951 3312/2763/951 3311/2764/951
f 3314/2765/951 3311/2764/951 3312/2763/951
f 3317/2766/952 3316/2767/952 3315/2768/952
f 3318/2769/952 3315/2768/952 3316/2767/952
f 3321/2770/1 3320/2771/1 3319/2772/1
f 3322/2773/1 3319/2772/1 3320/2771/1
f 3325/2774/953 3324/2775/953 3323/2776/953
f 3326/2777/953 3323/2776/953 3324/2775/953
f 3329/2778/954 3328/2779/955 3327/2780/956
f 3330/2781/955 3327/2780/956 3328/2779/955
f 3328/2779/955 3331/2782/957 3330/2781/955
f 3332/2783/958 3330/2781/955 3331/2782/957
f 3335/2784/959 3334/2785/960 3333/2786/961
f 3336/2787/962 3333/2786/961 3334/2785/960
f 3334/2785/960 3337/2788/963 3336/2787/962
f 3338/2789/964 3336/2787/962 3337/2788/963
f 3337/2788/963 3339/2790/965 3338/2789/964
f 3340/2791/965 3338/2789/964 3339/2790/965
f 3343/2792/966 3342/2793/967 3341/2794/968
f 3344/2795/967 3341/2794/968 3342/2793/967
f 3342/2793/967 3345/2796/969 3344/2795/967
f 3346/2797/970 3344/2795/967 3345/2796/969
f 3349/2798/971 3348/2799/972 3347/2800/973
f 3350/2801/974 3347/2800/973 3348/2799/972
f 3348/2799/972 3351/2802/975 3350/2801/974
f 3352/2803/976 3350/2801/974 3351/2802/975
f 3351/2802/975 3353/2804/977 3352/2803/976
f 3354/2805/978 3352/2803/976 3353/2804/977
f 3357/2806/86 3356/2807/86 3355/2808/86
f 3356/2807/86 3358/2809/86 3355/2808/86
f 3355/2808/86 3358/2809/86 3359/2810/86
f 3360/2811/86 3358/2809/86 3356/2807/86
f 3363/2812/287 3362/2813/287 3361/2814/287
f 3362/2813/287 3364/2815/287 3361/2814/287
f 3361/2814/287 3364/2815/287 3365/2816/287
f 3366/2817/287 3364/2815/287 3362/2813/287
f 3369/2818/979 3368/2819/980 3367/2820/981
f 3370/2821/982 3367/2820/981 3368/2819/980
f 3368/2819/980 3371/2822/983 3370/2821/982
f 3372/2823/984 3370/2821/982 3371/2822/983
f 3375/2824/985 3374/2825/986 3373/2826/987
f 3376/2827/988 3373/2826/987 3374/2825/986
f 3374/2825/986 3377/2828/989 3376/2827/988
f 3378/2829/990 3376/2827/988 3377/2828/989
f 3381/2830/981 3380/2831/991 3379/2832/992
f 3382/2833/993 3379/2832/992 3380/2831/991
f 3385/2834/994 3384/2835/985 3383/2836/995
f 3386/2837/996 3383/2836/995 3384/2835/985
f 3389/2838/997 3388/2839/998 3387/2840/999
f 3390/2841/1000 3387/2840/999 3388/2839/998
f 3388/2839/998 3391/2842/1001 3390/2841/1000
f 3392/2843/1002 3390/2841/1000 3391/2842/1001
f 3395/2844/995 3394/2845/1003 3393/2846/1004
f 3396/2847/1005 3393/2846/1004 3394/2845/1003
f 3394/2845/1003 3397/2848/1006 3396/2847/1005
f 3398/2849/1007 3396/2847/1005 3397/2848/1006
f 3401/2850/1001 3400/2851/1008 3399/2852/1009
f 3402/2853/1010 3399/2852/1009 3400/2851/1008
f 3405/2854/1011 3404/2855/1007 3403/2856/1012
f 3406/2857/1013 3403/2856/1012 3404/2855/1007
f 3409/2858/68 3408/2859/68 3407/2860/68
f 3410/2861/68 3407/2860/68 3408/2859/68
f 3413/2862/1014 3412/2863/1014 3411/2864/1014
f 3414/2865/1014 3411/2864/1014 3412/2863/1014
f 3417/2866/86 3416/2867/86 3415/2868/86
f 3418/2869/86 3415/2868/86 3416/2867/86
f 3421/2870/287 3420/2871/287 3419/2872/287
f 3422/2873/287 3419/2872/287 3420/2871/287
f 3425/2874/1 3424/2875/1 3423/2876/1
f 3426/2877/1 3423/2876/1 3424/2875/1
f 3429/2878/1015 3428/2879/1016 3427/2880/1017
f 3430/2881/1018 3427/2880/1017 3428/2879/1016
f 3430/2881/1018 3431/2882/1019 3427/2880/1017
f 3432/2883/1020 3427/2880/1017 3431/2882/1019
f 3435/2884/1021 3434/2885/1022 3433/2886/1023
f 3436/2887/1024 3433/2886/1023 3434/2885/1022
f 3433/2886/1023 3436/2887/1024 3437/2888/1025
f 3438/2889/1026 3437/2888/1025 3436/2887/1024
f 3441/2890/1027 3440/2891/1028 3439/2892/1029
f 3442/2893/1030 3439/2892/1029 3440/2891/1028
f 3439/2892/1029 3442/2893/1030 3443/2894/1031
f 3444/2895/1032 3443/2894/1031 3442/2893/1030
f 3447/2896/1033 3446/2897/1034 3445/2898/1035
f 3448/2899/1036 3445/2898/1035 3446/2897/1034
f 3445/2898/1035 3448/2899/1036 3449/2900/1037
f 3450/2901/1038 3449/2900/1037 3448/2899/1036
f 3453/2902/86 3452/2903/86 3451/2904/86
f 3452/2903/86 3454/2905/86 3451/2904/86
f 3451/2904/86 3454/2905/86 3455/2906/86
f 3456/2907/86 3454/2905/86 3452/2903/86
f 3457/2908/86 3456/2907/86 3452/2903/86
f 3458/2909/86 3454/2905/86 3456/2907/86
f 3461/2910/287 3460/2911/287 3459/2912/287
f 3460/2911/287 3462/2913/287 3459/2912/287
f 3459/2912/287 3462/2913/287 3463/2914/287
f 3464/2915/287 3462/2913/287 3460/2911/287
f 3465/2916/287 3464/2915/287 3460/2911/287
f 3466/2917/287 3462/2913/287 3464/2915/287
f 3469/2918/1039 3468/2919/1040 3467/2920/1041
f 3470/2921/1042 3467/2920/1041 3468/2919/1040
f 3470/2921/1042 3471/2922/1043 3467/2920/1041
f 3472/2923/1044 3467/2920/1041 3471/2922/1043
f 3475/2924/1045 3474/2925/1046 3473/2926/1047
f 3476/2927/1048 3473/2926/1047 3474/2925/1046
f 3473/2926/1047 3476/2927/1048 3477/2928/1049
f 3478/2929/1050 3477/2928/1049 3476/2927/1048
f 3481/2930/1051 3480/2931/1052 3479/2932/1053
f 3482/2933/1054 3479/2932/1053 3480/2931/1052
f 3479/2932/1053 3482/2933/1054 3483/2934/1055
f 3484/2935/1056 3483/2934/1055 3482/2933/1054
f 3487/2936/1057 3486/2937/1058 3485/2938/1059
f 3488/2939/1060 3485/2938/1059 3486/2937/1058
f 3485/2938/1059 3488/2939/1060 3489/2940/1061
f 3490/2941/1062 3489/2940/1061 3488/2939/1060
f 3493/2942/1063 3492/2943/1064 3491/2944/1065
f 3494/2945/1066 3491/2944/1065 3492/2943/1064
f 3491/2944/1065 3494/2945/1066 3495/2946/1067
f 3496/2947/1067 3495/2946/1067 3494/2945/1066
f 3499/2948/1068 3498/2949/1068 3497/2950/1064
f 3500/2951/1064 3497/2950/1064 3498/2949/1068
f 3503/2952/1068 3502/2953/1068 3501/2954/1069
f 3504/2955/1070 3501/2954/1069 3502/2953/1068
f 3501/2954/1069 3504/2955/1070 3505/2956/1071
f 3506/2957/1071 3505/2956/1071 3504/2955/1070
f 3509/2958/1067 3508/2959/1067 3507/2960/1071
f 3510/2961/1071 3507/2960/1071 3508/2959/1067
f 3513/2962/1 3512/2963/1 3511/2964/1
f 3512/2963/1 3514/2965/1 3511/2964/1
f 3511/2964/1 3514/2965/1 3515/2966/1
f 3516/2967/1 3514/2965/1 3512/2963/1
f 3519/2968/86 3518/2969/86 3517/2970/86
f 3520/2971/86 3517/2970/86 3518/2969/86
f 3523/2972/68 3522/2695/68 3521/2973/68
f 3524/2974/68 3521/2973/68 3522/2695/68
f 3524/2974/68 3522/2695/68 3525/2975/68
f 3526/2976/68 3525/2975/68 3522/2695/68
f 3529/2977/69 3528/2978/69 3527/2552/69
f 3530/2979/69 3527/2552/69 3528/2978/69
f 3530/2979/69 3531/2980/1072 3527/2552/69
f 3532/2981/1072 3527/2552/69 3531/2980/1072
f 3535/2982/1073 3534/2983/1073 3533/2984/1073
f 3536/2985/1073 3533/2984/1073 3534/2983/1073
f 3539/2986/287 3538/2987/287 3537/2988/287
f 3540/2989/287 3537/2988/287 3538/2987/287
f 3543/2985/1074 3542/2990/1074 3541/2984/1074
f 3544/2991/1074 3541/2984/1074 3542/2990/1074
f 3547/2992/945 3546/2993/945 3545/2994/945
f 3548/2995/944 3545/2994/945 3546/2993/945
f 3551/2996/1075 3550/2997/1075 3549/2998/1075
f 3552/2999/1075 3549/2998/1075 3550/2997/1075
f 3555/3000/1076 3554/3001/1076 3553/3002/1076
f 3556/3003/1076 3553/3002/1076 3554/3001/1076
f 3559/3004/1077 3558/3005/1077 3557/3006/1077
f 3560/3007/1077 3557/3006/1077 3558/3005/1077
f 3563/3008/950 3562/3009/950 3561/3010/950
f 3564/3011/950 3561/3010/950 3562/3009/950
f 3567/3012/1078 3566/3013/1078 3565/3014/1078
f 3568/3015/1078 3565/3014/1078 3566/3013/1078
f 3571/3016/1079 3570/3017/1079 3569/3018/1079
f 3572/3019/1079 3569/3018/1079 3570/3017/1079
f 3575/3020/1080 3574/3021/1080 3573/3022/1080
f 3576/3023/1081 3573/3022/1080 3574/3021/1080
f 3579/3024/68 3578/3025/68 3577/3026/68
f 3580/3027/68 3577/3026/68 3578/3025/68
f 3583/3028/86 3582/3029/86 3581/3030/86
f 3584/3031/86 3581/3030/86 3582/3029/86
f 3587/3032/1082 3586/3033/1082 3585/3034/1082
f 3588/3035/1082 3585/3034/1082 3586/3033/1082
f 3591/3036/287 3590/3037/287 3589/3038/287
f 3592/3039/287 3589/3038/287 3590/3037/287
f 3595/3040/1083 3594/3041/1084 3593/3042/1085
f 3596/3043/1085 3593/3042/1085 3594/3041/1084
f 3593/3042/1085 3596/3043/1085 3597/3044/1086
f 3598/3045/1086 3597/3044/1086 3596/3043/1085
f 3601/3046/1087 3600/3047/1088 3599/3048/1083
f 3602/3049/1083 3599/3048/1083 3600/3047/1088
f 3605/3050/1089 3604/3051/1089 3603/3052/1090
f 3606/3053/1090 3603/3052/1090 3604/3051/1089
f 3603/3052/1090 3606/3053/1090 3607/3054/1091
f 3608/3055/1092 3607/3054/1091 3606/3053/1090
f 3611/3056/1086 3610/3057/1093 3609/3058/1091
f 3612/3059/1091 3609/3058/1091 3610/3057/1093
f 3615/3060/1 3614/3061/1 3613/3062/1
f 3614/3061/1 3616/3063/1 3613/3062/1
f 3613/3062/1 3616/3063/1 3617/3064/1
f 3618/3065/1 3616/3063/1 3614/3061/1
f 3621/3066/4 3620/3067/4 3619/3068/4
f 3620/3067/4 3622/3069/4 3619/3068/4
f 3619/3068/4 3622/3069/4 3623/3070/4
f 3624/3071/4 3622/3069/4 3620/3067/4
f 3627/3040/1083 3626/3041/1094 3625/3042/1085
f 3628/3043/1085 3625/3042/1085 3626/3041/1094
f 3625/3042/1085 3628/3043/1085 3629/3044/1086
f 3630/3045/1086 3629/3044/1086 3628/3043/1085
f 3633/3072/1089 3632/3073/1088 3631/3074/1083
f 3634/3075/1083 3631/3074/1083 3632/3073/1088
f 3637/3050/1089 3636/3051/1087 3635/3052/1090
f 3638/3053/1090 3635/3052/1090 3636/3051/1087
f 3635/3052/1090 3638/3053/1090 3639/3054/1091
f 3640/3055/1092 3639/3054/1091 3638/3053/1090
f 3643/3076/1086 3642/3077/1093 3641/3078/1091
f 3644/3079/1091 3641/3078/1091 3642/3077/1093
f 3647/3080/1 3646/3081/1 3645/3082/1
f 3646/3081/1 3648/3083/1 3645/3082/1
f 3645/3082/1 3648/3083/1 3649/3084/1
f 3650/3085/1 3648/3083/1 3646/3081/1
f 3653/3086/4 3652/3087/4 3651/3088/4
f 3652/3087/4 3654/3089/4 3651/3088/4
f 3651/3088/4 3654/3089/4 3655/3090/4
f 3656/3091/4 3654/3089/4 3652/3087/4
f 3659/3051/1087 3658/3053/1095 3657/3050/1088
f 3660/3052/1095 3657/3050/1088 3658/3053/1095
f 3658/3053/1095 3661/3055/1092 3660/3052/1095
f 3662/3054/1092 3660/3052/1095 3661/3055/1092
f 3665/3092/1087 3664/3093/1084 3663/3094/1087
f 3666/3095/1083 3663/3094/1087 3664/3093/1084
f 3669/3041/1083 3668/3043/1096 3667/3040/1083
f 3670/3042/1096 3667/3040/1083 3668/3043/1096
f 3668/3043/1096 3671/3045/1086 3670/3042/1096
f 3672/3044/1086 3670/3042/1096 3671/3045/1086
f 3675/3096/1086 3674/3097/1091 3673/3098/1086
f 3676/3099/1092 3673/3098/1086 3674/3097/1091
f 3679/3100/1 3678/3101/1 3677/3102/1
f 3678/3101/1 3680/3103/1 3677/3102/1
f 3677/3102/1 3680/3103/1 3681/3104/1
f 3682/3105/1 3680/3103/1 3678/3101/1
f 3685/3106/4 3684/3107/4 3683/3108/4
f 3684/3107/4 3686/3109/4 3683/3108/4
f 3683/3108/4 3686/3109/4 3687/3110/4
f 3688/3111/4 3686/3109/4 3684/3107/4
f 3691/3051/1087 3690/3053/1095 3689/3050/1097
f 3692/3052/1095 3689/3050/1097 3690/3053/1095
f 3690/3053/1095 3693/3055/1092 3692/3052/1095
f 3694/3054/1092 3692/3052/1095 3693/3055/1092
f 3697/3112/1087 3696/3113/1084 3695/3114/1087
f 3698/3115/1083 3695/3114/1087 3696/3113/1084
f 3701/3041/1083 3700/3043/1096 3699/3040/1083
f 3702/3042/1096 3699/3040/1083 3700/3043/1096
f 3700/3043/1096 3703/3045/1086 3702/3042/1096
f 3704/3044/1086 3702/3042/1096 3703/3045/1086
f 3707/3116/1086 3706/3117/1091 3705/3118/1086
f 3708/3119/1091 3705/3118/1086 3706/3117/1091
f 3711/3120/1 3710/3121/1 3709/3122/1
f 3710/3121/1 3712/3123/1 3709/3122/1
f 3709/3122/1 3712/3123/1 3713/3124/1
f 3714/3125/1 3712/3123/1 3710/3121/1
f 3717/3126/4 3716/3127/4 3715/3128/4
f 3716/3127/4 3718/3129/4 3715/3128/4
f 3715/3128/4 3718/3129/4 3719/3130/4
f 3720/3131/4 3718/3129/4 3716/3127/4
f 3723/3132/1098 3722/3133/1098 3721/3042/1099
f 3724/3134/1099 3721/3042/1099 3722/3133/1098
f 3721/3042/1099 3724/3134/1099 3725/3135/1100
f 3726/3136/1101 3725/3135/1100 3724/3134/1099
f 3729/3137/1102 3728/3138/1102 3727/3139/1098
f 3730/3140/1098 3727/3139/1098 3728/3138/1102
f 3733/3141/1102 3732/3142/1102 3731/3143/1103
f 3734/3053/1103 3731/3143/1103 3732/3142/1102
f 3731/3143/1103 3734/3053/1103 3735/3144/1104
f 3736/3145/1105 3735/3144/1104 3734/3053/1103
f 3739/3146/1100 3738/3147/1100 3737/3148/1105
f 3740/3149/1105 3737/3148/1105 3738/3147/1100
f 3743/3150/1 3742/3151/1 3741/3152/1
f 3742/3151/1 3744/3153/1 3741/3152/1
f 3741/3152/1 3744/3153/1 3745/3154/1
f 3746/3155/1 3744/3153/1 3742/3151/1
f 3749/3156/4 3748/3157/4 3747/3158/4
f 3748/3157/4 3750/3159/4 3747/3158/4
f 3747/3158/4 3750/3159/4 3751/3160/4
f 3752/3161/4 3750/3159/4 3748/3157/4
f 3755/3142/1102 3754/3053/1103 3753/3141/1106
f 3756/3143/1103 3753/3141/1106 3754/3053/1103
f 3754/3053/1103 3757/3145/1105 3756/3143/1103
f 3758/3144/1107 3756/3143/1103 3757/3145/1105
f 3761/3162/1102 3760/3163/1098 3759/3164/1102
f 3762/3165/1098 3759/3164/1102 3760/3163/1098
f 3765/3133/1098 3764/3134/1099 3763/3132/1098
f 3766/3042/1099 3763/3132/1098 3764/3134/1099
f 3764/3134/1099 3767/3136/1100 3766/3042/1099
f 3768/3135/1100 3766/3042/1099 3767/3136/1100
f 3771/3166/1100 3770/3167/1105 3769/3168/1100
f 3772/3169/1105 3769/3168/1100 3770/3167/1105
f 3775/3170/1 3774/3171/1 3773/3172/1
f 3774/3171/1 3776/3173/1 3773/3172/1
f 3773/3172/1 3776/3173/1 3777/3174/1
f 3778/3175/1 3776/3173/1 3774/3171/1
f 3781/3176/4 3780/3177/4 3779/3178/4
f 3780/3177/4 3782/3179/4 3779/3178/4
f 3779/3178/4 3782/3179/4 3783/3180/4
f 3784/3181/4 3782/3179/4 3780/3177/4
f 3787/3182/69 3786/3183/69 3785/3184/69
f 3786/3183/69 3788/3185/69 3785/3184/69
f 3788/3185/69 3789/3186/69 3785/3184/69
f 3792/3187/68 3791/3188/68 3790/3189/68
f 3791/3188/68 3793/3190/68 3790/3189/68
f 3794/3191/68 3793/3190/68 3791/3188/68
f 3797/3192/1108 3796/3193/1108 3795/3194/1108
f 3798/3195/1108 3795/3194/1108 3796/3193/1108
f 3801/3196/1109 3800/3197/1109 3799/3198/1109
f 3802/3199/1109 3799/3198/1109 3800/3197/1109
f 3805/3200/1110 3804/3201/1110 3803/3202/1110
f 3806/3203/1110 3803/3202/1110 3804/3201/1110
f 3809/3204/1111 3808/3205/1111 3807/3192/1111
f 3810/3193/1111 3807/3192/1111 3808/3205/1111
f 3813/3206/1110 3812/3207/1110 3811/3208/1110
f 3814/3209/1110 3811/3208/1110 3812/3207/1110
f 3817/3210/1109 3816/3211/1109 3815/3212/1109
f 3818/3213/1109 3815/3212/1109 3816/3211/1109
f 3821/3214/1112 3820/3215/1112 3819/3216/1112
f 3822/3217/1112 3819/3216/1112 3820/3215/1112
f 3825/3216/1111 3824/3217/1111 3823/3218/1111
f 3826/3219/1111 3823/3218/1111 3824/3217/1111
f 3829/3186/69 3828/3184/69 3827/3183/69
f 3830/3182/69 3827/3183/69 3828/3184/69
f 3833/3191/68 3832/3190/68 3831/3187/68
f 3834/3189/68 3831/3187/68 3832/3190/68
f 3837/3220/69 3836/3221/69 3835/3222/69
f 3836/3221/69 3838/3223/69 3835/3222/69
f 3838/3223/69 3839/3224/69 3835/3222/69
f 3842/3225/68 3841/3226/68 3840/3227/68
f 3840/3227/68 3841/3226/68 3843/3228/68
f 3841/3226/68 3844/3229/68 3843/3228/68
f 3847/3230/1113 3846/3231/1113 3845/3232/1113
f 3848/3233/1113 3845/3232/1113 3846/3231/1113
f 3851/3201/1114 3850/3203/1114 3849/3200/1114
f 3852/3202/1114 3849/3200/1114 3850/3203/1114
f 3855/3197/1115 3854/3199/1115 3853/3196/1115
f 3856/3198/1115 3853/3196/1115 3854/3199/1115
f 3859/3231/1116 3858/3234/1116 3857/3233/1116
f 3860/3235/1116 3857/3233/1116 3858/3234/1116
f 3863/3211/1115 3862/3213/1115 3861/3210/1115
f 3864/3212/1115 3861/3210/1115 3862/3213/1115
f 3867/3207/1114 3866/3209/1114 3865/3206/1114
f 3868/3208/1114 3865/3206/1114 3866/3209/1114
f 3871/3236/1117 3870/3237/1117 3869/3238/1117
f 3872/3239/1117 3869/3238/1117 3870/3237/1117
f 3875/3240/1116 3874/3236/1116 3873/3241/1116
f 3876/3238/1116 3873/3241/1116 3874/3236/1116
f 3879/3224/69 3878/3222/69 3877/3223/69
f 3880/3220/69 3877/3223/69 3878/3222/69
f 3883/3228/68 3882/3227/68 3881/3229/68
f 3884/3225/68 3881/3229/68 3882/3227/68
f 3887/3242/4 3886/3243/4 3885/3244/4
f 3886/3243/4 3888/3245/4 3885/3244/4
f 3885/3244/4 3888/3245/4 3889/3246/4
f 3890/3247/4 3888/3245/4 3886/3243/4
f 3891/3248/4 3890/3247/4 3886/3243/4
f 3892/3249/4 3888/3245/4 3890/3247/4
f 3895/3250/1118 3894/3251/1119 3893/3252/1120
f 3894/3251/1119 3895/3250/1118 3896/3253/1121
f 3895/3250/1118 3897/3254/1122 3896/3253/1121
f 3897/3254/1122 3895/3250/1118 3898/3255/1123
f 3895/3250/1118 3899/3256/1124 3898/3255/1123
f 3899/3256/1124 3895/3250/1118 3900/3257/1125
f 3895/3250/1118 3901/3258/1126 3900/3257/1125
f 3901/3258/1126 3895/3250/1118 3902/3259/1127
f 3905/3260/1128 3904/3261/1128 3903/3262/672
f 3906/3263/672 3903/3262/672 3904/3261/1128
f 3906/3263/672 3907/3264/1129 3903/3262/672
f 3908/3265/418 3903/3262/672 3907/3264/1129
f 3911/3266/248 3910/3267/1130 3909/3268/247
f 3912/3269/247 3909/3268/247 3910/3267/1130
f 3912/3269/247 3913/3270/69 3909/3268/247
f 3914/266/69 3909/3268/247 3913/3270/69
f 3914/266/69 3913/3270/69 3915/3271/244
f 3916/3272/244 3915/3271/244 3913/3270/69
f 3916/3272/244 3917/3273/243 3915/3271/244
f 3918/3274/1131 3915/3271/244 3917/3273/243
f 3921/3275/1132 3920/3276/1132 3919/3277/238
f 3922/3278/238 3919/3277/238 3920/3276/1132
f 3922/3278/238 3923/3279/1133 3919/3277/238
f 3924/3280/1133 3919/3277/238 3923/3279/1133
f 3927/3281/287 3926/3282/287 3925/3283/287
f 3928/3284/287 3925/3283/287 3926/3282/287
f 3931/3285/86 3930/3286/86 3929/3287/86
f 3932/3288/86 3929/3287/86 3930/3286/86
f 3935/3289/4 3934/3290/4 3933/1355/4
f 3936/1356/4 3933/1355/4 3934/3290/4
f 3939/3291/69 3938/3292/69 3937/3293/69
f 3940/3294/69 3937/3293/69 3938/3292/69
f 3943/3286/86 3942/3288/86 3941/3285/86
f 3944/3287/86 3941/3285/86 3942/3288/86
f 3947/3282/287 3946/3284/287 3945/3281/287
f 3948/3283/287 3945/3281/287 3946/3284/287
f 3951/2234/4 3950/3295/4 3949/2236/4
f 3952/3296/4 3949/2236/4 3950/3295/4
f 3955/3297/69 3954/3298/69 3953/3299/69
f 3956/3300/69 3953/3299/69 3954/3298/69
f 3959/3301/69 3958/3302/69 3957/3303/69
f 3960/3304/69 3957/3303/69 3958/3302/69
f 3958/3302/69 3961/3305/69 3960/3304/69
f 3962/3306/69 3960/3304/69 3961/3305/69
f 3965/3307/69 3964/3308/69 3963/3309/69
f 3966/3302/69 3963/3309/69 3964/3308/69
f 3966/3302/69 3964/3308/69 3967/3310/69
f 3968/3311/69 3967/3310/69 3964/3308/69
f 3971/3312/68 3970/3313/68 3969/3314/68
f 3972/3315/68 3969/3314/68 3970/3313/68
f 3972/3315/68 3970/3313/68 3973/3316/68
f 3974/3317/68 3973/3316/68 3970/3313/68
f 3977/3318/1134 3976/3319/1134 3975/1481/4
f 3978/1482/4 3975/1481/4 3976/3319/1134
f 3978/1482/4 3979/3320/1135 3975/1481/4
f 3980/3321/1135 3975/1481/4 3979/3320/1135
f 3983/3322/1 3982/3323/1 3981/173/1
f 3984/174/1 3981/173/1 3982/3323/1
f 3985/149/1 3984/174/1 3982/3323/1
f 3987/169/1 3985/149/1 3986/3323/1
f 3986/3323/1 3988/3324/1 3987/169/1
f 3989/168/1 3987/169/1 3988/3324/1
f 3992/3325/1136 3991/3326/1136 3990/3327/1136
f 3993/3328/1136 3990/3327/1136 3991/3326/1136
f 3995/3329/1137 3993/3328/1137 3994/3330/1137
f 3996/3326/1137 3994/3330/1137 3993/3328/1137
f 3999/3331/86 3998/3332/86 3997/3333/86
f 4000/3334/86 3997/3333/86 3998/3332/86
f 4003/3335/287 4002/3336/287 4001/3337/287
f 4004/3338/287 4001/3337/287 4002/3336/287
f 4007/3339/86 4006/3340/86 4005/3341/86
f 4008/3342/86 4005/3341/86 4006/3340/86
f 4011/3343/1 4010/3344/1 4009/3345/1
f 4012/3346/1 4009/3345/1 4010/3344/1
f 4015/3347/68 4014/3348/68 4013/3349/68
f 4016/3350/68 4013/3349/68 4014/3348/68
f 4019/3351/69 4018/3352/69 4017/3353/69
f 4020/3354/69 4017/3353/69 4018/3352/69
f 4023/3355/287 4022/3356/287 4021/3357/287
f 4024/3358/287 4021/3357/287 4022/3356/287
f 4027/3339/86 4026/3340/86 4025/3341/86
f 4028/3342/86 4025/3341/86 4026/3340/86
f 4031/3359/1 4030/3360/1 4029/3361/1
f 4032/3362/1 4029/3361/1 4030/3360/1
f 4035/3363/68 4034/3364/68 4033/3365/68
f 4036/3366/68 4033/3365/68 4034/3364/68
f 4039/3367/69 4038/3368/69 4037/3369/69
f 4040/3370/69 4037/3369/69 4038/3368/69
f 4043/3355/287 4042/3356/287 4041/3357/287
f 4044/3358/287 4041/3357/287 4042/3356/287
f 4047/3371/86 4046/3372/86 4045/3373/86
f 4048/3374/86 4045/3373/86 4046/3372/86
f 4051/3301/69 4050/3303/69 4049/3375/69
f 4050/3303/69 4052/3376/69 4049/3375/69
f 4053/3377/69 4049/3375/69 4052/3376/69
f 4056/3378/287 4055/3379/287 4054/3380/287
f 4057/3381/287 4054/3380/287 4055/3379/287
f 4060/3306/69 4059/3305/69 4058/3382/69
f 4058/3382/69 4061/3383/69 4060/3306/69
f 4062/3384/69 4060/3306/69 4061/3383/69
f 4065/211/1 4064/3385/1 4063/209/1
f 4066/3386/1 4063/209/1 4064/3385/1
f 4063/209/1 4066/3386/1 4067/214/1
f 4068/3387/1 4067/214/1 4066/3386/1
f 4067/214/1 4068/3387/1 4069/213/1
f 4070/3388/1 4069/213/1 4068/3387/1
f 4069/213/1 4072/3388/1 4071/212/1
f 4073/215/1 4071/212/1 4072/3388/1
f 4076/3389/1 4075/221/1 4074/222/1
f 4077/219/1 4074/222/1 4075/221/1
f 4075/221/1 4079/3389/1 4078/220/1
f 4080/3390/1 4078/220/1 4079/3389/1
f 4078/220/1 4080/3390/1 4081/217/1
f 4082/3391/1 4081/217/1 4080/3390/1
f 4081/217/1 4082/3391/1 4083/218/1
f 4084/3392/1 4083/218/1 4082/3391/1
f 4087/3393/86 4086/3394/86 4085/3395/86
f 4088/3396/86 4085/3395/86 4086/3394/86
f 4091/3397/68 4090/3398/68 4089/3399/68
f 4092/3400/68 4089/3399/68 4090/3398/68
f 4095/3401/86 4094/3394/86 4093/3374/86
f 4096/3393/86 4093/3374/86 4094/3394/86
f 4099/3402/287 4098/3403/287 4097/3381/287
f 4100/3404/287 4097/3381/287 4098/3403/287
f 4103/3372/86 4102/3401/86 4101/3405/86
f 4104/3406/86 4101/3405/86 4102/3401/86
f 4107/3407/287 4106/3408/287 4105/3379/287
f 4108/3404/287 4105/3379/287 4106/3408/287
f 4111/3409/68 4110/3410/68 4109/3411/68
f 4112/3412/68 4109/3411/68 4110/3410/68
f 4115/3413/287 4114/3408/287 4113/3414/287
f 4116/3407/287 4113/3414/287 4114/3408/287
f 4119/3415/86 4118/3416/86 4117/3417/86
f 4120/3418/86 4117/3417/86 4118/3416/86
f 4123/3419/287 4122/3420/287 4121/3421/287
f 4124/3422/287 4121/3421/287 4122/3420/287
f 4127/3423/1 4126/3424/1 4125/3425/1
f 4128/3426/1 4125/3425/1 4126/3424/1
f 4125/3425/1 4128/3426/1 4129/3427/1
f 4130/3428/1 4129/3427/1 4128/3426/1
f 4133/3429/86 4132/3430/86 4131/3431/86
f 4134/3432/86 4131/3431/86 4132/3430/86
f 4137/3433/69 4136/3434/69 4135/3435/69
f 4138/3304/69 4135/3435/69 4136/3434/69
f 4135/3435/69 4138/3304/69 4139/3436/69
f 4140/3437/69 4139/3436/69 4138/3304/69
f 4143/3438/287 4142/3439/287 4141/3440/287
f 4144/3441/287 4141/3440/287 4142/3439/287
f 4147/3442/1 4146/3443/1 4145/3444/1
f 4148/3445/1 4145/3444/1 4146/3443/1
f 4145/3444/1 4148/3445/1 4149/3446/1
f 4150/3447/1 4149/3446/1 4148/3445/1
f 4153/3448/86 4152/3449/86 4151/3450/86
f 4154/3451/86 4151/3450/86 4152/3449/86
f 4157/3452/69 4156/3453/69 4155/3454/69
f 4158/1447/69 4155/3454/69 4156/3453/69
f 4155/3454/69 4158/1447/69 4159/3455/69
f 4160/3456/69 4159/3455/69 4158/1447/69
f 4163/3457/287 4162/3458/287 4161/3459/287
f 4164/3460/287 4161/3459/287 4162/3458/287
f 4167/3461/68 4166/3462/68 4165/3463/68
f 4168/3464/68 4165/3463/68 4166/3462/68
f 4165/3463/68 4168/3464/68 4169/3465/68
f 4170/3466/68 4169/3465/68 4168/3464/68
f 4173/3467/1138 4172/3468/1138 4171/3469/1138
f 4174/3470/1139 4171/3469/1138 4172/3468/1138
f 4177/3471/1140 4176/3472/1141 4175/3473/1142
f 4178/3474/1143 4175/3473/1142 4176/3472/1141
f 4181/3475/69 4180/3476/69 4179/3477/69
f 4182/3478/69 4179/3477/69 4180/3476/69
f 4185/3479/86 4184/3480/86 4183/3481/86
f 4186/3482/86 4183/3481/86 4184/3480/86
f 4189/3483/1 4188/3484/1 4187/3485/1
f 4190/3486/1 4187/3485/1 4188/3484/1
f 4193/3487/1139 4192/3488/1144 4191/3489/1144
f 4194/3490/1144 4191/3489/1144 4192/3488/1144
f 4197/3479/86 4196/3491/86 4195/3481/86
f 4198/3482/86 4195/3481/86 4196/3491/86
f 4201/3492/69 4200/3493/69 4199/3494/69
f 4202/3495/69 4199/3494/69 4200/3493/69
f 4205/3471/287 4204/3496/287 4203/3473/287
f 4206/3474/287 4203/3473/287 4204/3496/287
f 4209/3497/1 4208/3498/1 4207/3499/1
f 4210/3500/1 4207/3499/1 4208/3498/1
f 4213/3501/1145 4212/3502/1146 4211/3503/1147
f 4214/3504/214 4211/3503/1147 4212/3502/1146
f 4212/3502/1146 4215/3505/1148 4214/3504/214
f 4216/3506/1148 4214/3504/214 4215/3505/1148
f 4215/3505/1148 4217/3507/1149 4216/3506/1148
f 4218/3508/282 4216/3506/1148 4217/3507/1149
f 4221/3509/278 4220/3510/68 4219/3511/1150
f 4222/2350/68 4219/3511/1150 4220/3510/68
f 4220/3510/68 4223/3512/1151 4222/2350/68
f 4224/3513/281 4222/2350/68 4223/3512/1151
f 4227/3514/1152 4226/3515/1153 4225/3516/1154
f 4228/3517/1153 4225/3516/1154 4226/3515/1153
f 4226/3515/1153 4229/3518/1155 4228/3517/1153
f 4230/3519/1155 4228/3517/1153 4229/3518/1155
f 4229/3518/1155 4231/3520/1156 4230/3519/1155
f 4232/3521/1157 4230/3519/1155 4231/3520/1156
f 4235/3522/1158 4234/3523/69 4233/3524/1159
f 4236/642/69 4233/3524/1159 4234/3523/69
f 4236/642/69 4234/3523/69 4237/3525/1160
f 4238/3526/1160 4237/3525/1160 4234/3523/69
f 4241/3527/1 4240/3528/1 4239/3529/1
f 4242/3530/1 4239/3529/1 4240/3528/1
f 4242/3530/1 4240/3528/1 4243/3531/1
f 4244/3532/1 4243/3531/1 4240/3528/1
f 4243/3531/1 4244/3532/1 4245/3533/1
f 4246/3534/1 4245/3533/1 4244/3532/1
f 4245/3533/1 4246/3534/1 4247/3535/1
f 4248/3536/1 4247/3535/1 4246/3534/1
f 4251/3537/411 4250/3538/1161 4249/3539/410
f 4252/3540/1162 4249/3539/410 4250/3538/1161
f 4249/3539/410 4252/3540/1162 4253/2350/68
f 4254/3541/68 4253/2350/68 4252/3540/1162
f 4253/2350/68 4254/3541/68 4255/3542/409
f 4252/3540/1162 4250/3538/1161 4256/3543/1162
f 4257/3544/1163 4255/3542/409 4254/3541/68
f 4258/3545/1161 4256/3543/1162 4250/3538/1161
f 4258/3545/1161 4259/3546/411 4256/3543/1162
f 4260/3547/410 4256/3543/1162 4259/3546/411
f 4255/3542/409 4257/3544/1163 4261/3548/407
f 4262/3549/1164 4261/3548/407 4257/3544/1163
f 4262/3549/1164 4257/3544/1163 4263/3550/1164
f 4256/3543/1162 4260/3547/410 4264/3551/68
f 4265/3552/68 4264/3551/68 4260/3547/410
f 4265/3552/68 4266/3553/409 4264/3551/68
f 4267/3554/1163 4263/3550/1164 4257/3544/1163
f 4267/3554/1163 4264/3551/68 4266/3553/409
f 4263/3550/1164 4267/3554/1163 4268/3555/1165
f 4266/3553/409 4268/3555/1165 4267/3554/1163
f 4271/3556/287 4270/3557/287 4269/3558/287
f 4272/3559/287 4269/3558/287 4270/3557/287
f 4275/3560/1166 4274/3561/1166 4273/3562/1166
f 4276/3563/1166 4273/3562/1166 4274/3561/1166
f 4279/3564/86 4278/3565/86 4277/3566/86
f 4280/3567/86 4277/3566/86 4278/3565/86
f 4283/3568/1167 4282/3569/1167 4281/3570/1167
f 4284/3571/1167 4281/3570/1167 4282/3569/1167
f 4287/3572/1168 4286/3573/1168 4285/3574/1168
f 4288/3575/1168 4285/3574/1168 4286/3573/1168
f 4291/3576/1169 4290/3577/1166 4289/3578/1169
f 4292/3579/1166 4289/3578/1169 4290/3577/1166
f 4295/3580/1170 4294/3581/1171 4293/3582/1170
f 4296/3583/1171 4293/3582/1170 4294/3581/1171
f 4299/3584/1167 4298/3585/1172 4297/3586/1167
f 4300/3587/1172 4297/3586/1167 4298/3585/1172
f 4303/3588/1173 4302/3589/1173 4301/3590/1174
f 4304/3591/1174 4301/3590/1174 4302/3589/1173
f 4307/3592/1166 4306/3593/1166 4305/3594/1175
f 4308/3595/1175 4305/3594/1175 4306/3593/1166
f 4311/3596/1176 4310/3597/1176 4309/3598/1176
f 4312/3599/1176 4309/3598/1176 4310/3597/1176
f 4315/3600/1167 4314/3601/1167 4313/3602/1167
f 4316/3603/1167 4313/3602/1167 4314/3601/1167
f 4319/3556/287 4318/3557/287 4317/3558/287
f 4320/3559/287 4317/3558/287 4318/3557/287
f 4323/3604/1166 4322/3605/1166 4321/3606/1166
f 4324/3607/1166 4321/3606/1166 4322/3605/1166
f 4327/3564/86 4326/3565/86 4325/3566/86
f 4328/3567/86 4325/3566/86 4326/3565/86
f 4331/3608/1167 4330/3609/1167 4329/3610/1167
f 4332/3611/1167 4329/3610/1167 4330/3609/1167
f 4335/3612/68 4334/3400/68 4333/3613/68
f 4336/3614/68 4333/3613/68 4334/3400/68
f 4339/3615/395 4338/3616/69 4337/3617/395
f 4340/3301/69 4337/3617/395 4338/3616/69
f 4343/3612/68 4342/3400/68 4341/3613/68
f 4344/3614/68 4341/3613/68 4342/3400/68
f 4347/3615/395 4346/3616/69 4345/3617/395
f 4348/3301/69 4345/3617/395 4346/3616/69
f 4351/3618/86 4350/3619/86 4349/3620/86
f 4352/3621/86 4349/3620/86 4350/3619/86
f 4355/3622/86 4354/3623/86 4353/3624/86
f 4356/3625/86 4353/3624/86 4354/3623/86
f 4359/3626/396 4358/3627/287 4357/3628/396
f 4360/3629/287 4357/3628/396 4358/3627/287
f 4363/3630/287 4362/3631/287 4361/3632/287
f 4364/3633/287 4361/3632/287 4362/3631/287
f 4367/3634/68 4366/3411/68 4365/3635/68
f 4368/3636/68 4365/3635/68 4366/3411/68
f 4371/3305/69 4370/3637/69 4369/3638/764
f 4372/3639/764 4369/3638/764 4370/3637/69
f 4375/3634/68 4374/3411/68 4373/3635/68
f 4376/3636/68 4373/3635/68 4374/3411/68
f 4379/3305/69 4378/3637/69 4377/3638/764
f 4380/3639/764 4377/3638/764 4378/3637/69
f 4383/3627/287 4382/3629/287 4381/3626/287
f 4384/3628/287 4381/3626/287 4382/3629/287
f 4387/3640/287 4386/3633/287 4385/3630/287
f 4388/3632/287 4385/3630/287 4386/3633/287
f 4391/3619/86 4390/3621/86 4389/3618/765
f 4392/3620/765 4389/3618/765 4390/3621/86
f 4395/3623/86 4394/3641/86 4393/3622/86
f 4396/3624/86 4393/3622/86 4394/3641/86
f 4399/3642/1 4398/3643/1 4397/3644/1
f 4400/153/1 4397/3644/1 4398/3643/1
f 4397/3644/1 4400/153/1 4401/3645/1
f 4402/3646/1 4401/3645/1 4400/153/1
f 4405/3647/86 4404/3648/86 4403/3649/86
f 4406/1455/86 4403/3649/86 4404/3648/86
f 4409/3650/69 4408/3651/69 4407/3652/69
f 4410/1447/69 4407/3652/69 4408/3651/69
f 4407/3652/69 4410/1447/69 4411/3653/69
f 4412/3654/69 4411/3653/69 4410/1447/69
f 4415/3655/287 4414/2287/287 4413/3656/287
f 4416/3657/287 4413/3656/287 4414/2287/287
f 4419/3658/68 4418/3659/68 4417/3463/68
f 4420/3660/68 4417/3463/68 4418/3659/68
f 4417/3463/68 4420/3660/68 4421/3661/68
f 4422/3662/68 4421/3661/68 4420/3660/68
f 4425/3663/1 4424/3664/1 4423/3665/1
f 4426/3666/1 4423/3665/1 4424/3664/1
f 4423/3665/1 4426/3666/1 4427/3667/1
f 4428/3668/1 4427/3667/1 4426/3666/1
f 4431/3669/86 4430/3670/86 4429/3671/86
f 4429/3671/86 4430/3670/86 4432/3672/86
f 4430/3670/86 4433/3673/86 4432/3672/86
f 4436/3674/69 4435/3453/69 4434/3675/69
f 4437/1447/69 4434/3675/69 4435/3453/69
f 4434/3675/69 4437/1447/69 4438/3676/69
f 4439/3456/69 4438/3676/69 4437/1447/69
f 4442/3677/287 4441/3678/287 4440/3679/287
f 4440/3679/287 4441/3678/287 4443/3680/287
f 4441/3678/287 4444/3681/287 4443/3680/287
f 4447/3452/1177 4446/3674/1177 4445/3454/1177
f 4448/3675/1177 4445/3454/1177 4446/3674/1177
f 4445/3454/1177 4448/3675/1177 4449/3455/1177
f 4450/3676/1177 4449/3455/1177 4448/3675/1177
f 4453/3682/1 4452/3683/1 4451/3684/1
f 4454/3685/1 4451/3684/1 4452/3683/1
f 4451/3684/1 4454/3685/1 4455/3686/1
f 4456/3687/1 4455/3686/1 4454/3685/1
f 4459/3688/86 4458/3689/86 4457/3690/86
f 4460/3691/86 4457/3690/86 4458/3689/86
f 4463/3692/69 4462/3693/69 4461/3652/69
f 4464/1447/69 4461/3652/69 4462/3693/69
f 4461/3652/69 4464/1447/69 4465/3694/69
f 4466/3695/69 4465/3694/69 4464/1447/69
f 4469/3696/287 4468/3697/287 4467/3698/287
f 4470/3699/287 4467/3698/287 4468/3697/287
f 4473/3700/1 4472/3701/1 4471/3702/1
f 4474/3703/1 4471/3702/1 4472/3701/1
f 4471/3702/1 4474/3703/1 4475/3704/1
f 4476/3705/1 4475/3704/1 4474/3703/1
f 4479/3706/86 4478/3707/86 4477/3708/86
f 4480/3709/86 4477/3708/86 4478/3707/86
f 4483/3710/69 4482/3711/69 4481/3712/69
f 4484/3304/69 4481/3712/69 4482/3711/69
f 4481/3712/69 4484/3304/69 4485/3713/69
f 4486/3714/69 4485/3713/69 4484/3304/69
f 4489/3715/287 4488/3716/287 4487/3717/287
f 4490/3718/287 4487/3717/287 4488/3716/287
f 4493/3719/68 4492/3720/68 4491/3721/68
f 4494/3722/68 4491/3721/68 4492/3720/68
f 4491/3721/68 4494/3722/68 4495/3723/68
f 4496/3724/68 4495/3723/68 4494/3722/68
f 4499/3725/1178 4498/3726/287 4497/3727/1178
f 4500/3728/287 4497/3727/1178 4498/3726/287
f 4498/3726/287 4501/3729/1179 4500/3728/287
f 4502/3730/1179 4500/3728/287 4501/3729/1179
f 4505/3731/69 4504/3732/69 4503/3733/69
f 4504/3732/69 4505/3731/69 4506/3734/69
f 4507/3735/69 4506/3734/69 4505/3731/69
f 4506/3734/69 4507/3735/69 4508/3736/69
f 4509/3737/69 4508/3736/69 4507/3735/69
f 4508/3736/69 4509/3737/69 4510/3738/69
f 4511/3739/69 4510/3738/69 4509/3737/69
f 4510/3738/69 4511/3739/69 4512/3740/69
f 4513/3741/69 4512/3740/69 4511/3739/69
f 4513/3741/69 4514/3742/69 4512/3740/69
f 4517/3743/1180 4516/3744/1181 4515/3745/1182
f 4518/3746/1181 4515/3745/1182 4516/3744/1181
f 4516/3744/1181 4519/3747/4 4518/3746/1181
f 4520/3748/4 4518/3746/1181 4519/3747/4
f 4519/3747/4 4521/3749/1183 4520/3748/4
f 4522/3750/1183 4520/3748/4 4521/3749/1183
f 4521/3749/1183 4523/3751/1184 4522/3750/1183
f 4524/3752/1184 4522/3750/1183 4523/3751/1184
f 4527/3753/1185 4526/3754/86 4525/3755/1186
f 4528/3756/86 4525/3755/1186 4526/3754/86
f 4526/3754/86 4529/3757/1187 4528/3756/86
f 4530/3758/1187 4528/3756/86 4529/3757/1187
f 4533/3759/1188 4532/3760/1189 4531/3761/1188
f 4534/3762/1189 4531/3761/1188 4532/3760/1189
f 4532/3760/1189 4535/3763/1 4534/3762/1189
f 4536/3764/1 4534/3762/1189 4535/3763/1
f 4535/3763/1 4537/3765/1190 4536/3764/1
f 4538/3766/1190 4536/3764/1 4537/3765/1190
f 4537/3765/1190 4539/3767/1191 4538/3766/1190
f 4540/3768/1192 4538/3766/1190 4539/3767/1191
f 4543/3769/1193 4542/3770/1194 4541/3771/1193
f 4544/3772/1194 4541/3771/1193 4542/3770/1194
f 4542/3770/1194 4545/3773/1195 4544/3772/1194
f 4546/3774/1195 4544/3772/1194 4545/3773/1195
f 4549/3775/1196 4548/3776/1197 4547/3777/1198
f 4550/3778/1199 4547/3777/1198 4548/3776/1197
f 4548/3776/1197 4551/3779/1200 4550/3778/1199
f 4552/3780/1201 4550/3778/1199 4551/3779/1200
f 4551/3779/1200 4553/3781/1202 4552/3780/1201
f 4554/3782/1203 4552/3780/1201 4553/3781/1202
f 4557/3783/1204 4556/3784/1205 4555/3785/1204
f 4558/3786/1205 4555/3785/1204 4556/3784/1205
f 4556/3784/1205 4559/3787/1206 4558/3786/1205
f 4560/3788/1207 4558/3786/1205 4559/3787/1206
f 4563/3789/1208 4562/3790/1209 4561/3791/1210
f 4564/3792/1209 4561/3791/1210 4562/3790/1209
f 4562/3790/1209 4565/3793/1211 4564/3792/1209
f 4566/3794/1211 4564/3792/1209 4565/3793/1211
f 4565/3793/1211 4567/3795/1212 4566/3794/1211
f 4568/3796/1213 4566/3794/1211 4567/3795/1212
f 4571/3797/1 4570/3798/1 4569/3799/1
f 4570/3798/1 4572/3800/1 4569/3799/1
f 4573/3801/1 4572/3800/1 4570/3798/1
f 4572/3800/1 4574/3802/1 4569/3799/1
f 4575/3803/1 4574/3802/1 4572/3800/1
f 4574/3802/1 4576/3804/1 4569/3799/1
f 4569/3799/1 4576/3804/1 4577/3805/1
f 4578/3806/1 4576/3804/1 4574/3802/1
f 4581/3807/1214 4580/3808/1215 4579/3809/1216
f 4582/3810/1217 4579/3809/1216 4580/3808/1215
f 4585/3811/1218 4584/3812/1218 4583/3813/1218
f 4586/3814/1218 4583/3813/1218 4584/3812/1218
f 4589/3815/4 4588/3816/4 4587/3817/4
f 4590/3818/4 4587/3817/4 4588/3816/4
f 4593/3819/1219 4592/3820/1220 4591/3821/1221
f 4594/3822/1222 4591/3821/1221 4592/3820/1220
f 4597/3823/1223 4596/3824/1224 4595/3825/1223
f 4598/3826/1224 4595/3825/1223 4596/3824/1224
f 4601/3827/287 4600/3828/287 4599/3829/287
f 4602/3830/287 4599/3829/287 4600/3828/287
f 4605/3831/1225 4604/3832/1225 4603/3833/1226
f 4606/3834/1226 4603/3833/1226 4604/3832/1225
f 4606/3834/1226 4607/3835/1227 4603/3833/1226
f 4608/3836/1227 4603/3833/1226 4607/3835/1227
f 4607/3835/1227 4609/3837/1228 4608/3836/1227
f 4610/3838/1228 4608/3836/1227 4609/3837/1228
f 4613/3839/1229 4612/3840/1229 4611/3841/1230
f 4614/3842/1230 4611/3841/1230 4612/3840/1229
f 4611/3841/1230 4614/3842/1230 4615/3843/1231
f 4616/3844/1231 4615/3843/1231 4614/3842/1230
f 4616/3844/1231 4617/3845/1232 4615/3843/1231
f 4618/3846/1233 4615/3843/1231 4617/3845/1232
f 4621/3847/1234 4620/3848/1234 4619/3849/287
f 4622/3850/287 4619/3849/287 4620/3848/1234
f 4625/3851/287 4624/3852/287 4623/3853/287
f 4626/3854/287 4623/3853/287 4624/3852/287
f 4629/3855/68 4628/3856/68 4627/3857/68
f 4630/3858/68 4627/3857/68 4628/3856/68
f 4630/3858/68 4628/3856/68 4631/3859/68
f 4632/3860/68 4631/3859/68 4628/3856/68
f 4632/3860/68 4633/3861/68 4631/3859/68
f 4634/3862/68 4631/3859/68 4633/3861/68
f 4633/3861/68 4635/3863/68 4634/3862/68
f 4636/3864/68 4634/3862/68 4635/3863/68
f 4636/3864/68 4635/3863/68 4637/3865/68
f 4638/3866/68 4637/3865/68 4635/3863/68
f 4641/3867/69 4640/3868/69 4639/3869/69
f 4642/3870/69 4639/3869/69 4640/3868/69
f 4640/3868/69 4643/3871/69 4642/3870/69
f 4644/3872/69 4642/3870/69 4643/3871/69
f 4643/3871/69 4645/3873/69 4644/3872/69
f 4646/3874/69 4644/3872/69 4645/3873/69
f 4646/3874/69 4645/3873/69 4647/3875/69
f 4648/3876/69 4647/3875/69 4645/3873/69
f 4647/3875/69 4648/3876/69 4649/3877/69
f 4650/3878/69 4649/3877/69 4648/3876/69
f 4653/3879/68 4652/3880/68 4651/3881/68
f 4654/3882/68 4651/3881/68 4652/3880/68
f 4657/3883/1225 4656/3884/1225 4655/3885/86
f 4658/3886/86 4655/3885/86 4656/3884/1225
f 4661/3887/4 4660/3888/4 4659/3889/4
f 4662/3890/4 4659/3889/4 4660/3888/4
f 4665/3885/86 4664/3891/1235 4663/3886/86
f 4666/3892/1235 4663/3886/86 4664/3891/1235
f 4669/3893/86 4668/3894/86 4667/3895/86
f 4670/3896/86 4667/3895/86 4668/3894/86
f 4673/3897/1 4672/3898/1 4671/3899/1
f 4674/3900/1 4671/3899/1 4672/3898/1
f 4677/3901/69 4676/3902/69 4675/3903/69
f 4678/3904/69 4675/3903/69 4676/3902/69
f 4681/3849/287 4680/3905/1228 4679/3850/287
f 4682/3906/1228 4679/3850/287 4680/3905/1228
f 4685/3907/86 4684/3908/86 4683/3909/86
f 4686/3910/86 4683/3909/86 4684/3908/86
f 4689/3911/69 4688/3912/69 4687/3913/69
f 4690/3914/69 4687/3913/69 4688/3912/69
f 4693/3915/68 4692/3916/68 4691/3917/68
f 4694/3918/68 4691/3917/68 4692/3916/68
f 4697/3919/1 4696/3920/1 4695/3921/1
f 4698/3922/1 4695/3921/1 4696/3920/1
f 4701/3923/287 4700/3924/287 4699/3925/287
f 4702/3926/287 4699/3925/287 4700/3924/287
f 4705/3927/69 4704/3928/69 4703/3929/69
f 4706/3930/69 4703/3929/69 4704/3928/69
f 4709/3931/68 4708/3932/68 4707/3933/68
f 4710/3934/68 4707/3933/68 4708/3932/68
f 4713/3935/1 4712/3936/1 4711/3937/1
f 4714/3938/1 4711/3937/1 4712/3936/1
f 4717/3908/86 4716/3910/86 4715/3907/86
f 4718/3909/86 4715/3907/86 4716/3910/86
f 4721/3926/287 4720/3925/287 4719/3924/287
f 4722/3923/287 4719/3924/287 4720/3925/287
f 4725/3939/1 4724/3940/1 4723/3941/1
f 4726/3942/1 4723/3941/1 4724/3940/1
f 4729/3943/68 4728/3944/68 4727/3945/68
f 4730/3946/68 4727/3945/68 4728/3944/68
f 4733/3947/287 4732/3948/287 4731/3949/287
f 4731/3949/287 4732/3948/287 4734/3950/287
f 4732/3948/287 4735/3951/287 4734/3950/287
f 4738/3952/69 4737/3953/69 4736/3954/69
f 4739/3955/69 4736/3954/69 4737/3953/69
f 4742/3956/86 4741/3957/86 4740/3958/86
f 4741/3957/86 4743/3959/86 4740/3958/86
f 4744/3960/86 4743/3959/86 4741/3957/86
f 4747/3961/1236 4746/3944/1236 4745/3962/1236
f 4748/3943/1236 4745/3962/1236 4746/3944/1236
f 4751/3963/1 4750/3964/1 4749/3965/1
f 4752/3966/1 4749/3965/1 4750/3964/1
f 4749/3965/1 4752/3966/1 4753/3967/1237
f 4754/3968/1237 4753/3967/1237 4752/3966/1
f 4753/3967/1237 4754/3968/1237 4755/3969/8
f 4756/3970/8 4755/3969/8 4754/3968/1237
f 4755/3969/8 4756/3970/8 4757/3971/10
f 4758/3972/10 4757/3971/10 4756/3970/8
f 4757/3971/10 4758/3972/10 4759/3973/7
f 4760/3974/7 4759/3973/7 4758/3972/10
f 4759/3973/7 4760/3974/7 4761/3975/1238
f 4762/3976/1239 4761/3975/1238 4760/3974/7
f 4761/3975/1238 4762/3976/1239 4763/3977/1240
f 4764/3978/1240 4763/3977/1240 4762/3976/1239
f 4763/3977/1240 4764/3978/1240 4765/3979/796
f 4766/3980/796 4765/3979/796 4764/3978/1240
f 4769/3981/287 4768/3982/287 4767/3983/287
f 4770/3984/287 4767/3983/287 4768/3982/287
f 4773/3985/4 4772/3986/4 4771/3987/4
f 4774/3988/4 4771/3987/4 4772/3986/4
f 4771/3987/4 4774/3988/4 4775/3989/1241
f 4776/3990/1241 4775/3989/1241 4774/3988/4
f 4775/3989/1241 4776/3990/1241 4777/3991/1242
f 4778/3992/1242 4777/3991/1242 4776/3990/1241
f 4777/3991/1242 4778/3992/1242 4779/3993/1243
f 4780/3994/1243 4779/3993/1243 4778/3992/1242
f 4779/3993/1243 4780/3994/1243 4781/3995/1244
f 4782/3996/1244 4781/3995/1244 4780/3994/1243
f 4781/3995/1244 4782/3996/1244 4783/3997/1245
f 4784/3998/1245 4783/3997/1245 4782/3996/1244
f 4783/3997/1245 4784/3998/1245 4785/3999/1246
f 4786/4000/1247 4785/3999/1246 4784/3998/1245
f 4785/3999/1246 4786/4000/1247 4787/4001/1248
f 4788/4002/1248 4787/4001/1248 4786/4000/1247
f 4791/4003/86 4790/4004/86 4789/4005/86
f 4792/4006/86 4789/4005/86 4790/4004/86
f 4795/4007/1144 4794/4008/1139 4793/4009/1249
f 4796/4010/1250 4793/4009/1249 4794/4008/1139
f 4799/4011/395 4798/4012/1072 4797/4013/1251
f 4800/4014/1252 4797/4013/1251 4798/4012/1072
f 4803/4015/1253 4802/4016/1253 4801/4017/1254
f 4804/4018/1255 4801/4017/1254 4802/4016/1253
f 4807/4019/1256 4806/4020/1256 4805/4021/1257
f 4808/4022/1258 4805/4021/1257 4806/4020/1256
f 4811/4023/1259 4810/4024/1259 4809/4025/1260
f 4812/4026/1261 4809/4025/1260 4810/4024/1259
f 4809/4025/1260 4812/4026/1261 4813/4027/1262
f 4814/4028/1262 4813/4027/1262 4812/4026/1261
f 4817/4029/1263 4816/4030/1263 4815/4031/1264
f 4818/4032/1265 4815/4031/1264 4816/4030/1263
f 4815/4031/1264 4818/4032/1265 4819/4033/1266
f 4820/4034/1266 4819/4033/1266 4818/4032/1265
f 4823/4035/1267 4822/4036/1267 4821/4037/1268
f 4824/4038/1269 4821/4037/1268 4822/4036/1267
f 4827/4039/1270 4826/4040/1270 4825/4041/1271
f 4828/4042/1272 4825/4041/1271 4826/4040/1270
f 4831/4043/1273 4830/4044/1274 4829/4045/1275
f 4832/4046/1276 4829/4045/1275 4830/4044/1274
f 4835/4047/1277 4834/4048/1278 4833/4049/1279
f 4836/4050/1280 4833/4049/1279 4834/4048/1278
f 4839/4051/1269 4838/4052/1269 4837/4053/1269
f 4840/4054/1269 4837/4053/1269 4838/4052/1269
f 4843/4055/1272 4842/4056/1272 4841/4057/1272
f 4844/4058/1272 4841/4057/1272 4842/4056/1272
f 4847/4059/68 4846/2350/68 4845/4060/68
f 4848/4061/68 4845/4060/68 4846/2350/68
f 4846/2350/68 4849/4062/68 4848/4061/68
f 4850/4063/68 4848/4061/68 4849/4062/68
f 4853/4064/1281 4852/4065/68 4851/4066/1281
f 4854/4067/68 4851/4066/1281 4852/4065/68
f 4852/4065/68 4855/4068/1282 4854/4067/68
f 4856/4069/1282 4854/4067/68 4855/4068/1282
f 4859/4070/287 4858/4071/287 4857/4072/287
f 4858/4071/287 4859/4070/287 4860/4073/287
f 4861/4074/287 4860/4073/287 4859/4070/287
f 4860/4073/287 4861/4074/287 4862/4075/287
f 4863/4076/287 4862/4075/287 4861/4074/287
f 4863/4076/287 4864/4077/287 4862/4075/287
f 4867/4078/1283 4866/4079/4 4865/4080/1283
f 4868/4081/4 4865/4080/1283 4866/4079/4
f 4866/4079/4 4869/4082/1284 4868/4081/4
f 4870/4083/1284 4868/4081/4 4869/4082/1284
f 4873/4084/1285 4872/4085/69 4871/4086/1286
f 4874/4087/69 4871/4086/1286 4872/4085/69
f 4872/4085/69 4875/4088/1287 4874/4087/69
f 4876/4089/1288 4874/4087/69 4875/4088/1287
f 4879/4090/1289 4878/4091/1 4877/4092/1289
f 4880/4093/1 4877/4092/1289 4878/4091/1
f 4878/4091/1 4881/4094/1290 4880/4093/1
f 4882/4095/1290 4880/4093/1 4881/4094/1290
f 4885/4096/1291 4884/4097/1292 4883/4098/1293
f 4886/4099/1294 4883/4098/1293 4884/4097/1292
f 4889/4100/1295 4888/4101/1296 4887/4102/1297
f 4890/4103/1296 4887/4102/1297 4888/4101/1296
f 4893/4104/1298 4892/4105/1299 4891/4106/1300
f 4894/4107/1301 4891/4106/1300 4892/4105/1299
f 4897/4108/1302 4896/4109/1303 4895/4110/1304
f 4898/4111/1303 4895/4110/1304 4896/4109/1303
f 4896/4109/1303 4899/4112/1305 4898/4111/1303
f 4900/4113/1305 4898/4111/1303 4899/4112/1305
f 4903/4114/1 4902/4115/1 4901/4116/1
f 4902/4115/1 4904/4117/1 4901/4116/1
f 4901/4116/1 4904/4117/1 4905/4118/1
f 4908/4119/1306 4907/4120/472 4906/4121/473
f 4909/4122/473 4906/4121/473 4907/4120/472
f 4909/4122/473 4910/4123/474 4906/4121/473
f 4911/4124/474 4906/4121/473 4910/4123/474
f 4910/4123/474 4912/4125/475 4911/4124/474
f 4913/4126/486 4911/4124/474 4912/4125/475
f 4916/4127/476 4915/4128/476 4914/4129/478
f 4917/4130/478 4914/4129/478 4915/4128/476
f 4914/4129/478 4917/4130/478 4918/4131/479
f 4919/4132/479 4918/4131/479 4917/4130/478
f 4919/4132/479 4920/4133/480 4918/4131/479
f 4921/4134/480 4918/4131/479 4920/4133/480
f 4924/4135/482 4923/4136/482 4922/4137/68
f 4925/4138/68 4922/4137/68 4923/4136/482
f 4928/4139/68 4927/4140/68 4926/4141/68
f 4929/4142/68 4926/4141/68 4927/4140/68
f 4932/4143/86 4931/4144/86 4930/4145/86
f 4933/4146/86 4930/4145/86 4931/4144/86
f 4933/4146/86 4931/4144/86 4934/4147/86
f 4935/4148/86 4934/4147/86 4931/4144/86
f 4935/4148/86 4936/4149/86 4934/4147/86
f 4937/4150/86 4934/4147/86 4936/4149/86
f 4936/4149/86 4938/4151/86 4937/4150/86
f 4939/4152/86 4937/4150/86 4938/4151/86
f 4939/4152/86 4938/4151/86 4940/4153/86
f 4941/4154/86 4940/4153/86 4938/4151/86
f 4944/4155/287 4943/4156/287 4942/4157/287
f 4945/4158/287 4942/4157/287 4943/4156/287
f 4943/4156/287 4946/4159/287 4945/4158/287
f 4947/4160/287 4945/4158/287 4946/4159/287
f 4946/4159/287 4948/4161/287 4947/4160/287
f 4949/4162/287 4947/4160/287 4948/4161/287
f 4949/4162/287 4948/4161/287 4950/4163/287
f 4951/4164/287 4950/4163/287 4948/4161/287
f 4950/4163/287 4951/4164/287 4952/4165/287
f 4953/4166/287 4952/4165/287 4951/4164/287
f 4956/4167/86 4955/4168/86 4954/4169/86
f 4957/4170/86 4954/4169/86 4955/4168/86
f 4960/4171/472 4959/4172/472 4958/4173/69
f 4961/4174/69 4958/4173/69 4959/4172/472
f 4964/4175/4 4963/4176/4 4962/4177/4
f 4965/4178/4 4962/4177/4 4963/4176/4
f 4968/4173/69 4967/4179/484 4966/4174/69
f 4969/4180/484 4966/4174/69 4967/4179/484
f 4972/4181/69 4971/4182/69 4970/4183/69
f 4973/4184/69 4970/4183/69 4971/4182/69
f 4976/4185/1 4975/4186/1 4974/4187/1
f 4977/4188/1 4974/4187/1 4975/4186/1
f 4980/4189/287 4979/4190/287 4978/4191/287
f 4981/4192/287 4978/4191/287 4979/4190/287
f 4984/4137/68 4983/4193/475 4982/4138/68
f 4985/4194/475 4982/4138/68 4983/4193/475
f 4988/4195/287 4987/1621/287 4986/4196/287
f 4989/4197/287 4986/4196/287 4987/1621/287
f 4992/4198/86 4991/4199/86 4990/4200/86
f 4993/358/86 4990/4200/86 4991/4199/86
f 4996/4201/1259 4995/4202/69 4994/4203/69
f 4997/4204/1072 4994/4203/69 4995/4202/69
f 5000/4205/1072 4999/4206/69 4998/4207/69
f 5001/4208/1259 4998/4207/69 4999/4206/69
f 5004/4202/1307 5003/4208/1307 5002/4204/1307
f 5005/4206/1307 5002/4204/1307 5003/4208/1307
f 5008/4209/86 5007/4210/86 5006/4211/86
f 5009/4212/901 5006/4211/86 5007/4210/86
f 5012/4213/812 5011/4214/287 5010/4215/812
f 5013/4216/287 5010/4215/812 5011/4214/287
f 5016/4209/86 5015/4210/86 5014/4211/86
f 5017/4212/86 5014/4211/86 5015/4210/86
f 5020/4213/812 5019/4214/287 5018/4215/812
f 5021/4216/287 5018/4215/812 5019/4214/287
f 5024/4217/69 5023/4218/69 5022/4219/69
f 5025/4220/69 5022/4219/69 5023/4218/69
f 5028/4221/69 5027/4222/69 5026/4223/69
f 5029/4224/69 5026/4223/69 5027/4222/69
f 5032/4225/1308 5031/4226/1144 5030/4227/1308
f 5033/4228/1144 5030/4227/1308 5031/4226/1144
f 5036/4229/68 5035/4230/68 5034/4231/68
f 5037/4232/68 5034/4231/68 5035/4230/68
f 5040/4233/1309 5039/4234/1309 5038/4235/1309
f 5041/4236/1309 5038/4235/1309 5039/4234/1309
f 5044/4237/287 5043/4238/287 5042/4239/287
f 5045/4240/287 5042/4239/287 5043/4238/287
f 5048/4241/68 5047/4242/68 5046/4243/68
f 5047/4242/68 5049/4244/68 5046/4243/68
f 5049/4244/68 5050/4245/68 5046/4243/68
f 5053/4246/86 5052/4247/86 5051/4248/86
f 5054/4249/86 5051/4248/86 5052/4247/86
f 5057/4250/69 5056/4251/69 5055/4252/69
f 5056/4251/69 5058/4253/69 5055/4252/69
f 5058/4253/69 5059/4254/69 5055/4252/69
f 5062/4235/1 5061/4236/1 5060/4255/1
f 5063/4256/1 5060/4255/1 5061/4236/1
f 5066/4257/1310 5065/4258/1310 5064/4259/1310
f 5067/4260/1310 5064/4259/1310 5065/4258/1310
f 5070/4261/86 5069/4262/86 5068/4263/86
f 5071/4264/86 5068/4263/86 5069/4262/86
f 5074/4251/68 5073/4253/68 5072/4250/68
f 5073/4253/68 5075/4254/68 5072/4250/68
f 5075/4254/68 5076/4252/68 5072/4250/68
f 5079/4265/287 5078/4266/287 5077/4267/287
f 5080/4268/287 5077/4267/287 5078/4266/287
f 5083/4242/69 5082/4244/69 5081/4241/69
f 5082/4244/69 5084/4245/69 5081/4241/69
f 5084/4245/69 5085/4243/69 5081/4241/69
f 5088/4269/1 5087/4257/1 5086/4270/1
f 5089/4259/1 5086/4270/1 5087/4257/1
f 5092/4271/1285 5091/4272/69 5090/4273/1285
f 5093/4274/69 5090/4273/1285 5091/4272/69
f 5091/4272/69 5094/4275/1287 5093/4274/69
f 5095/4276/1287 5093/4274/69 5094/4275/1287
f 5098/4277/86 5097/4278/86 5096/4279/86
f 5097/4278/86 5098/4277/86 5099/4280/86
f 5100/4281/86 5099/4280/86 5098/4277/86
f 5099/4280/86 5100/4281/86 5101/4282/86
f 5102/4283/86 5101/4282/86 5100/4281/86
f 5102/4283/86 5103/4284/86 5101/4282/86
f 5106/4285/1284 5105/4286/4 5104/4287/1284
f 5107/4288/4 5104/4287/1284 5105/4286/4
f 5105/4286/4 5108/4289/1283 5107/4288/4
f 5109/4290/1283 5107/4288/4 5108/4289/1283
f 5112/4291/1281 5111/4292/68 5110/4293/1281
f 5113/4294/68 5110/4293/1281 5111/4292/68
f 5111/4292/68 5114/4295/1282 5113/4294/68
f 5115/4296/1311 5113/4294/68 5114/4295/1282
f 5118/4297/1290 5117/4298/1 5116/4299/1290
f 5119/4300/1 5116/4299/1290 5117/4298/1
f 5117/4298/1 5120/4301/1289 5119/4300/1
f 5121/4302/1289 5119/4300/1 5120/4301/1289
f 5124/4303/1312 5123/4304/1313 5122/4305/1314
f 5125/4306/1313 5122/4305/1314 5123/4304/1313
f 5128/4307/1315 5127/4308/1316 5126/4309/1317
f 5129/4310/1316 5126/4309/1317 5127/4308/1316
f 5132/4311/1318 5131/4312/1319 5130/4313/1320
f 5133/4314/1321 5130/4313/1320 5131/4312/1319
f 5136/4315/1322 5135/4316/1323 5134/4317/1324
f 5137/4318/1323 5134/4317/1324 5135/4316/1323
f 5135/4316/1323 5138/4319/1325 5137/4318/1323
f 5139/4320/1326 5137/4318/1323 5138/4319/1325
f 5142/4321/1 5141/4322/1 5140/4323/1
f 5141/4322/1 5143/4324/1 5140/4323/1
f 5140/4323/1 5143/4324/1 5144/4325/1
f 5147/4326/475 5146/4327/475 5145/4328/474
f 5148/4329/474 5145/4328/474 5146/4327/475
f 5148/4329/474 5149/4330/473 5145/4328/474
f 5150/4331/473 5145/4328/474 5149/4330/473
f 5149/4330/473 5151/4332/472 5150/4331/473
f 5152/4333/472 5150/4331/473 5151/4332/472
f 5155/4334/1327 5154/4335/480 5153/4336/479
f 5156/4337/479 5153/4336/479 5154/4335/480
f 5153/4336/479 5156/4337/479 5157/4338/478
f 5158/4339/478 5157/4338/478 5156/4337/479
f 5158/4339/478 5159/4340/1328 5157/4338/478
f 5160/4341/1329 5157/4338/478 5159/4340/1328
f 5163/4342/484 5162/4343/484 5161/4344/69
f 5164/4345/69 5161/4344/69 5162/4343/484
f 5167/4346/69 5166/4347/69 5165/4348/69
f 5168/4349/69 5165/4348/69 5166/4347/69
f 5171/4165/287 5170/4163/287 5169/4166/287
f 5172/4164/287 5169/4166/287 5170/4163/287
f 5172/4164/287 5170/4163/287 5173/4161/287
f 5174/4162/287 5173/4161/287 5170/4163/287
f 5174/4162/287 5175/4160/287 5173/4161/287
f 5176/4159/287 5173/4161/287 5175/4160/287
f 5175/4160/287 5177/4158/287 5176/4159/287
f 5178/4156/287 5176/4159/287 5177/4158/287
f 5178/4156/287 5177/4158/287 5179/4155/287
f 5180/4157/287 5179/4155/287 5177/4158/287
f 5183/4153/86 5182/4152/86 5181/4154/86
f 5184/4151/86 5181/4154/86 5182/4152/86
f 5182/4152/86 5185/4150/86 5184/4151/86
f 5186/4149/86 5184/4151/86 5185/4150/86
f 5185/4150/86 5187/4147/86 5186/4149/86
f 5188/4148/86 5186/4149/86 5187/4147/86
f 5188/4148/86 5187/4147/86 5189/4144/86
f 5190/4146/86 5189/4144/86 5187/4147/86
f 5189/4144/86 5190/4146/86 5191/4143/86
f 5192/4145/86 5191/4143/86 5190/4146/86
f 5195/4192/287 5194/4191/287 5193/4190/287
f 5196/4189/287 5193/4190/287 5194/4191/287
f 5199/4350/1330 5198/4351/475 5197/4352/68
f 5200/4353/68 5197/4352/68 5198/4351/475
f 5203/4354/4 5202/4355/4 5201/4356/4
f 5204/4357/4 5201/4356/4 5202/4355/4
f 5207/4352/68 5206/4358/482 5205/4353/68
f 5208/4359/482 5205/4353/68 5206/4358/482
f 5211/4360/68 5210/4361/68 5209/4362/68
f 5212/4363/68 5209/4362/68 5210/4361/68
f 5215/4364/1 5214/4365/1 5213/4366/1
f 5216/4367/1 5213/4366/1 5214/4365/1
f 5219/4170/86 5218/4169/86 5217/4168/86
f 5220/4167/86 5217/4168/86 5218/4169/86
f 5223/4344/69 5222/4368/472 5221/4345/69
f 5224/4369/472 5221/4345/69 5222/4368/472
f 5227/4370/86 5226/4371/86 5225/2044/86
f 5228/2046/86 5225/2044/86 5226/4371/86
f 5225/2044/86 5229/2047/86 5227/4370/86
f 5226/4371/86 5230/4372/86 5228/2046/86
f 5231/4373/86 5227/4370/86 5229/2047/86
f 5232/2045/86 5228/2046/86 5230/4372/86
f 5229/2047/86 5233/2049/86 5231/4373/86
f 5230/4372/86 5234/4374/86 5232/2045/86
f 5235/4375/86 5231/4373/86 5233/2049/86
f 5236/2048/86 5232/2045/86 5234/4374/86
f 5233/2049/86 5237/2051/86 5235/4375/86
f 5234/4374/86 5238/4376/86 5236/2048/86
f 5239/4377/86 5235/4375/86 5237/2051/86
f 5240/2050/86 5236/2048/86 5238/4376/86
f 5237/2051/86 5241/2053/86 5239/4377/86
f 5238/4376/86 5242/4378/86 5240/2050/86
f 5243/4379/86 5239/4377/86 5241/2053/86
f 5244/2052/86 5240/2050/86 5242/4378/86
f 5241/2053/86 5245/2055/86 5243/4379/86
f 5242/4378/86 5246/4380/86 5244/2052/86
f 5247/4381/86 5243/4379/86 5245/2055/86
f 5248/2054/86 5244/2052/86 5246/4380/86
f 5245/2055/86 5248/2054/86 5247/4381/86
f 5246/4380/86 5247/4381/86 5248/2054/86
f 5251/4382/287 5250/1061/287 5249/4383/287
f 5252/1062/287 5249/4383/287 5250/1061/287
f 5250/1061/287 5251/4382/287 5253/1063/287
f 5249/4383/287 5252/1062/287 5254/4384/287
f 5255/4385/287 5253/1063/287 5251/4382/287
f 5256/1060/287 5254/4384/287 5252/1062/287
f 5253/1063/287 5255/4385/287 5257/1065/287
f 5254/4384/287 5256/1060/287 5258/4386/287
f 5259/4387/287 5257/1065/287 5255/4385/287
f 5260/1064/287 5258/4386/287 5256/1060/287
f 5257/1065/287 5259/4387/287 5261/1067/287
f 5258/4386/287 5260/1064/287 5262/4388/287
f 5263/4389/287 5261/1067/287 5259/4387/287
f 5264/1066/287 5262/4388/287 5260/1064/287
f 5261/1067/287 5263/4389/287 5265/1069/287
f 5262/4388/287 5264/1066/287 5266/4390/287
f 5267/4391/287 5265/1069/287 5263/4389/287
f 5268/1068/287 5266/4390/287 5264/1066/287
f 5265/1069/287 5267/4391/287 5269/1071/287
f 5266/4390/287 5268/1068/287 5270/4392/287
f 5271/4393/287 5269/1071/287 5267/4391/287
f 5272/1070/287 5270/4392/287 5268/1068/287
f 5269/1071/287 5271/4393/287 5272/1070/287
f 5270/4392/287 5272/1070/287 5271/4393/287
f 5275/4394/68 5274/4395/68 5273/4396/68
f 5276/4397/68 5273/4396/68 5274/4395/68
f 5273/4396/68 5277/4398/68 5275/4394/68
f 5274/4395/68 5278/4399/68 5276/4397/68
f 5279/4400/68 5275/4394/68 5277/4398/68
f 5280/4401/68 5276/4397/68 5278/4399/68
f 5277/4398/68 5281/4402/68 5279/4400/68
f 5278/4399/68 5282/4403/68 5280/4401/68
f 5283/4404/68 5279/4400/68 5281/4402/68
f 5284/4405/68 5280/4401/68 5282/4403/68
f 5281/4402/68 5285/4406/68 5283/4404/68
f 5282/4403/68 5286/4407/68 5284/4405/68
f 5287/4408/68 5283/4404/68 5285/4406/68
f 5288/4409/68 5284/4405/68 5286/4407/68
f 5285/4406/68 5289/4410/68 5287/4408/68
f 5286/4407/68 5290/4411/68 5288/4409/68
f 5291/4412/68 5287/4408/68 5289/4410/68
f 5292/4413/68 5288/4409/68 5290/4411/68
f 5289/4410/68 5293/4414/68 5291/4412/68
f 5290/4411/68 5294/4415/68 5292/4413/68
f 5295/4416/68 5291/4412/68 5293/4414/68
f 5296/4417/68 5292/4413/68 5294/4415/68
f 5293/4414/68 5296/4417/68 5295/4416/68
f 5294/4415/68 5295/4416/68 5296/4417/68
f 5299/4418/86 5298/4419/86 5297/4282/86
f 5300/4284/86 5297/4282/86 5298/4419/86
f 5297/4282/86 5301/4280/86 5299/4418/86
f 5298/4419/86 5302/4420/86 5300/4284/86
f 5303/4421/86 5299/4418/86 5301/4280/86
f 5304/4283/86 5300/4284/86 5302/4420/86
f 5301/4280/86 5305/4278/86 5303/4421/86
f 5302/4420/86 5306/4422/86 5304/4283/86
f 5307/4423/86 5303/4421/86 5305/4278/86
f 5308/4281/86 5304/4283/86 5306/4422/86
f 5305/4278/86 5309/4279/86 5307/4423/86
f 5306/4422/86 5310/4424/86 5308/4281/86
f 5311/4425/86 5307/4423/86 5309/4279/86
f 5312/4277/86 5308/4281/86 5310/4424/86
f 5309/4279/86 5312/4277/86 5311/4425/86
f 5310/4424/86 5311/4425/86 5312/4277/86
f 5315/4426/287 5314/4427/287 5313/4075/287
f 5316/4077/287 5313/4075/287 5314/4427/287
f 5313/4075/287 5317/4073/287 5315/4426/287
f 5314/4427/287 5318/4428/287 5316/4077/287
f 5319/4429/287 5315/4426/287 5317/4073/287
f 5320/4076/287 5316/4077/287 5318/4428/287
f 5317/4073/287 5321/4071/287 5319/4429/287
f 5318/4428/287 5322/4430/287 5320/4076/287
f 5323/4431/287 5319/4429/287 5321/4071/287
f 5324/4074/287 5320/4076/287 5322/4430/287
f 5321/4071/287 5325/4072/287 5323/4431/287
f 5322/4430/287 5326/4432/287 5324/4074/287
f 5327/4433/287 5323/4431/287 5325/4072/287
f 5328/4070/287 5324/4074/287 5326/4432/287
f 5325/4072/287 5328/4070/287 5327/4433/287
f 5326/4432/287 5327/4433/287 5328/4070/287
f 5331/4434/1331 5330/4435/1332 5329/4436/1333
f 5332/4437/1334 5329/4436/1333 5330/4435/1332
f 5329/4436/1333 5332/4437/1334 5333/4438/1335
f 5330/4435/1332 5331/4434/1331 5334/4439/1336
f 5335/4440/1337 5334/4439/1336 5331/4434/1331
f 5336/4441/1338 5333/4438/1335 5332/4437/1334
f 5333/4438/1335 5336/4441/1338 5337/4442/1339
f 5330/4435/1332 5338/4443/1340 5332/4437/1334
f 5330/4435/1332 5334/4439/1336 5338/4443/1340
f 5334/4439/1336 5335/4440/1337 5339/4444/1341
f 5340/4445/1342 5339/4444/1341 5335/4440/1337
f 5334/4439/1336 5339/4444/1341 5341/4446/1343
f 5339/4444/1341 5340/4445/1342 5341/4446/1343
f 5341/4446/1343 5338/4443/1340 5334/4439/1336
f 5342/4447/1344 5341/4446/1343 5340/4445/1342
f 5341/4446/1343 5342/4447/1344 5338/4443/1340
f 5343/4448/1345 5338/4443/1340 5342/4447/1344
f 5344/4449/1346 5332/4437/1334 5338/4443/1340
f 5338/4443/1340 5343/4448/1345 5344/4449/1346
f 5332/4437/1334 5344/4449/1346 5336/4441/1338
f 5345/4450/1347 5344/4449/1346 5343/4448/1345
f 5344/4449/1346 5345/4450/1347 5346/4451/1348
f 5346/4451/1348 5336/4441/1338 5344/4449/1346
f 5347/4452/1349 5346/4451/1348 5345/4450/1347
f 5336/4441/1338 5346/4451/1348 5348/4453/1350
f 5348/4453/1350 5337/4442/1339 5336/4441/1338
f 5337/4442/1339 5348/4453/1350 5349/4454/1351
f 5346/4451/1348 5347/4452/1349 5350/4455/1352
f 5350/4455/1352 5348/4453/1350 5346/4451/1348
f 5351/4456/1353 5350/4455/1352 5347/4452/1349
f 5349/4454/1351 5352/4457/1354 5351/4456/1353
f 5352/4457/1354 5349/4454/1351 5348/4453/1350
f 5350/4455/1352 5351/4456/1353 5352/4457/1354
f 5350/4455/1352 5352/4457/1354 5348/4453/1350
g Litt_Deckhouse_A1_Tower_Main_mod_steel_3
usemtl steel_3
f 5355/4458/68 5354/4459/68 5353/4460/1273
f 5356/4461/1273 5353/4460/1273 5354/4459/68
f 5359/4462/69 5358/4463/69 5357/4464/69
f 5360/4465/1277 5357/4464/69 5358/4463/69
f 5363/1639/287 5362/4466/1355 5361/4467/287
f 5364/4468/1355 5361/4467/287 5362/4466/1355
f 5364/4468/1355 5362/4466/1355 5365/4469/1356
f 5366/4470/1356 5365/4469/1356 5362/4466/1355
f 5365/4469/1356 5366/4470/1356 5367/4471/1153
f 5368/4472/1153 5367/4471/1153 5366/4470/1356
f 5367/4471/1153 5368/4472/1153 5369/4473/1357
f 5370/4474/1357 5369/4473/1357 5368/4472/1153
f 5369/4473/1357 5370/4474/1357 5371/4475/1358
f 5372/4476/1358 5371/4475/1358 5370/4474/1357
f 5371/4475/1358 5372/4476/1358 5373/4477/1359
f 5374/4195/1359 5373/4477/1359 5372/4476/1358
f 5377/4478/1360 5376/4479/1361 5375/4480/1245
f 5375/4480/1245 5376/4479/1361 5378/4481/4
f 5376/4479/1361 5379/4482/4 5378/4481/4
f 5380/4483/4 5378/4481/4 5379/4482/4
f 5381/4484/4 5378/4481/4 5380/4483/4
f 5382/4485/4 5381/4484/4 5380/4483/4
f 5381/4484/4 5382/4485/4 5383/4486/4
f 5384/4487/4 5383/4486/4 5382/4485/4
f 5385/4488/4 5384/4487/4 5382/4485/4
f 5384/4487/4 5385/4488/4 5386/4489/4
f 5386/4489/4 5385/4488/4 5387/4490/4
f 5388/4491/4 5387/4490/4 5385/4488/4
f 5389/4492/4 5387/4490/4 5388/4491/4
f 5389/4492/4 5390/4493/4 5387/4490/4
f 5390/4493/4 5391/4494/4 5387/4490/4
f 5390/4493/4 5393/4495/4 5392/4494/4
f 5392/4494/4 5393/4495/4 5394/4496/4
f 5394/4496/4 5395/4497/4 5392/4494/4
f 5396/4498/4 5392/4494/4 5395/4497/4
f 5395/4497/4 5397/4499/4 5396/4498/4
f 5397/4499/4 5395/4497/4 5398/4500/4
f 5399/4501/4 5397/4499/4 5398/4500/4
f 5398/4500/4 5400/4502/4 5399/4501/4
f 5400/4502/4 5398/4500/4 5401/4503/4
f 5402/4504/4 5400/4502/4 5401/4503/4
f 5401/4503/4 5403/4505/4 5402/4504/4
f 5404/4506/1362 5402/4504/4 5403/4505/4
f 5404/4506/1362 5405/4507/1241 5402/4504/4
f 5404/4506/1362 5406/4508/1363 5405/4507/1241
f 5409/4509/1364 5408/4458/1365 5407/4510/1366
f 5410/4511/1367 5407/4510/1366 5408/4458/1365
f 5410/4511/1367 5408/4458/1365 5411/4460/1368
f 5414/4464/1369 5413/4512/1370 5412/4462/1371
f 5412/4462/1371 5413/4512/1370 5415/4513/1372
f 5416/4514/1373 5415/4513/1372 5413/4512/1370
f 5415/4513/1372 5416/4514/1373 5417/4515/1374
f 5418/4516/1375 5417/4515/1374 5416/4514/1373
f 5421/4517/1376 5420/531/1377 5419/530/1378
f 5421/4517/1376 5422/4518/1379 5420/531/1377
f 5423/4519/1380 5420/531/1377 5422/4518/1379
f 5421/4517/1376 5424/1706/1381 5422/4518/1379
f 5425/4520/1380 5422/4518/1379 5424/1706/1381
f 5424/1706/1381 5421/4517/1376 5426/1708/1382
f 5429/4521/1383 5428/527/1384 5427/526/1385
f 5429/4521/1383 5427/526/1385 5430/511/1386
f 5429/4521/1383 5430/511/1386 5431/510/1387
f 5429/4521/1383 5431/510/1387 5432/497/1388
f 5429/4521/1383 5432/497/1388 5433/496/1389
f 5429/4521/1383 5433/496/1389 5434/481/1390
f 5429/4521/1383 5434/481/1390 5435/480/1391
f 5435/480/1391 5436/4522/1392 5429/4521/1383
f 5436/4522/1392 5437/1660/1393 5429/4521/1383
f 5438/1658/1394 5429/4521/1383 5437/1660/1393
f 5439/1676/1395 5429/4521/1383 5438/1658/1394
f 5440/1674/1396 5429/4521/1383 5439/1676/1395
f 5441/1690/1397 5429/4521/1383 5440/1674/1396
f 5442/1688/1398 5429/4521/1383 5441/1690/1397
f 5443/1704/1399 5429/4521/1383 5442/1688/1398
f 5444/1702/1400 5429/4521/1383 5443/1704/1399
f 5447/4523/1401 5446/585/1402 5445/584/1403
f 5447/4523/1401 5448/4524/1404 5446/585/1402
f 5449/4525/1405 5446/585/1402 5448/4524/1404
f 5447/4523/1401 5450/1758/1406 5448/4524/1404
f 5451/4526/1250 5448/4524/1404 5450/1758/1406
f 5450/1758/1406 5447/4523/1401 5452/1760/1407
f 5455/568/1408 5454/4527/1409 5453/569/1410
f 5456/4528/1411 5453/569/1410 5454/4527/1409
f 5453/569/1410 5456/4528/1411 5457/4529/1412
f 5457/4529/1412 5458/1738/1413 5453/569/1410
f 5459/4530/1414 5457/4529/1412 5456/4528/1411
f 5459/4530/1414 5456/4528/1411 5460/4531/1415
f 5463/4532/1416 5462/4533/1416 5461/4534/1417
f 5464/4535/1418 5461/4534/1417 5462/4533/1416
f 5465/4536/1419 5461/4534/1417 5464/4535/1418
f 5465/4536/1419 5466/4537/1420 5461/4534/1417
f 5465/4536/1419 5467/2603/1421 5466/4537/1420
f 5468/4538/1422 5466/4537/1420 5467/2603/1421
f 5466/4537/1420 5468/4538/1422 5469/4539/1423
f 5470/4540/1423 5469/4539/1423 5468/4538/1422
f 5467/2603/1421 5471/4541/1424 5468/4538/1422
f 5467/2603/1421 5472/4542/1425 5471/4541/1424
f 5471/4541/1424 5472/4542/1425 5473/4543/1426
f 5474/4544/1426 5473/4543/1426 5472/4542/1425
f 5474/4544/1426 5472/4542/1425 5475/4545/1426
f 5476/4546/1427 5475/4545/1426 5472/4542/1425
f 5472/4542/1425 5467/2603/1421 5476/4546/1427
f 5476/4546/1427 5467/2603/1421 5477/4547/1428
f 5477/4547/1428 5467/2603/1421 5478/4548/1429
f 5479/4549/1430 5478/4548/1429 5467/2603/1421
f 5478/4548/1429 5480/4550/1431 5477/4547/1428
f 5481/4551/1431 5477/4547/1428 5480/4550/1431
f 5478/4548/1429 5479/4549/1430 5482/4552/1432
f 5482/4552/1432 5479/4549/1430 5483/4553/1433
f 5483/4553/1433 5484/4554/1434 5482/4552/1432
f 5485/4555/1434 5482/4552/1432 5484/4554/1434
f 5488/4556/1243 5487/581/1435 5486/580/1436
f 5488/4556/1243 5486/580/1436 5489/565/1437
f 5488/4556/1243 5489/565/1437 5490/564/1438
f 5488/4556/1243 5490/564/1438 5491/551/1438
f 5488/4556/1243 5491/551/1438 5492/550/1439
f 5488/4556/1243 5492/550/1439 5493/535/1440
f 5488/4556/1243 5493/535/1440 5494/534/1441
f 5495/4557/1441 5488/4556/1243 5494/534/1441
f 5488/4556/1243 5495/4557/1441 5496/1712/1441
f 5497/1710/1442 5488/4556/1243 5496/1712/1441
f 5498/1728/1443 5488/4556/1243 5497/1710/1442
f 5499/1726/1444 5488/4556/1243 5498/1728/1443
f 5500/1742/1444 5488/4556/1243 5499/1726/1444
f 5501/1740/1445 5488/4556/1243 5500/1742/1444
f 5502/1756/1446 5488/4556/1243 5501/1740/1445
f 5503/1754/1447 5488/4556/1243 5502/1756/1446
f 5506/514/1448 5505/4558/1448 5504/515/1449
f 5507/4559/1450 5504/515/1449 5505/4558/1448
f 5504/515/1449 5507/4559/1450 5508/4560/1451
f 5508/4560/1451 5509/1686/1452 5504/515/1449
f 5510/4561/1453 5508/4560/1451 5507/4559/1450
f 5510/4561/1453 5507/4559/1450 5511/4562/1454
f 5514/4563/1455 5513/4564/1455 5512/4565/1456
f 5515/4566/1457 5512/4565/1456 5513/4564/1455
f 5516/4567/1458 5512/4565/1456 5515/4566/1457
f 5516/4567/1458 5517/4568/1459 5512/4565/1456
f 5516/4567/1458 5518/4569/1460 5517/4568/1459
f 5519/4570/1461 5517/4568/1459 5518/4569/1460
f 5517/4568/1459 5519/4570/1461 5520/4571/1462
f 5521/4572/1462 5520/4571/1462 5519/4570/1461
f 5518/4569/1460 5522/4573/1463 5519/4570/1461
f 5518/4569/1460 5523/4574/1464 5522/4573/1463
f 5522/4573/1463 5523/4574/1464 5524/4575/1465
f 5525/4576/1465 5524/4575/1465 5523/4574/1464
f 5525/4576/1465 5523/4574/1464 5526/4577/1465
f 5527/4578/1466 5526/4577/1465 5523/4574/1464
f 5523/4574/1464 5518/4569/1460 5527/4578/1466
f 5527/4578/1466 5518/4569/1460 5528/4579/1467
f 5528/4579/1467 5518/4569/1460 5529/4580/1468
f 5530/4581/1469 5529/4580/1468 5518/4569/1460
f 5529/4580/1468 5531/4582/1470 5528/4579/1467
f 5532/4583/1470 5528/4579/1467 5531/4582/1470
f 5529/4580/1468 5530/4581/1469 5533/4584/1471
f 5533/4584/1471 5530/4581/1469 5534/4585/1472
f 5534/4585/1472 5535/4586/1473 5533/4584/1471
f 5536/4587/1473 5533/4584/1471 5535/4586/1473
f 5539/4588/1 5538/4589/4 5537/4590/4
f 5540/4591/4 5537/4590/4 5538/4589/4
f 5540/4591/4 5538/4589/4 5541/4592/4
f 5542/4593/4 5541/4592/4 5538/4589/4
f 5541/4592/4 5542/4593/4 5543/4594/4
f 5544/4595/4 5543/4594/4 5542/4593/4
f 5540/4591/4 5545/4596/4 5537/4590/4
f 5546/4597/1 5537/4590/4 5545/4596/4
f 5540/4591/4 5547/4598/4 5545/4596/4
f 5548/4599/4 5545/4596/4 5547/4598/4
f 5547/4598/4 5549/4600/4 5548/4599/4
f 5550/4601/4 5548/4599/4 5549/4600/4
f 5553/703/688 5552/4602/1359 5551/701/688
f 5554/4603/1359 5551/701/688 5552/4602/1359
f 5552/4602/1359 5555/4604/1153 5554/4603/1359
f 5556/4605/1153 5554/4603/1359 5555/4604/1153
f 5555/4604/1153 5557/4606/287 5556/4605/1153
f 5558/1767/287 5556/4605/1153 5557/4606/287
f 5557/4606/287 5559/4607/1474 5558/1767/287
f 5560/4608/1474 5558/1767/287 5559/4607/1474
f 5559/4607/1474 5561/4609/1475 5560/4608/1474
f 5562/4610/1475 5560/4608/1474 5561/4609/1475
f 5561/4609/1475 5563/4611/1476 5562/4610/1475
f 5564/4612/1476 5562/4610/1475 5563/4611/1476
f 5567/4613/1477 5566/4614/913 5565/4615/1477
f 5568/4616/913 5565/4615/1477 5566/4614/913
f 5566/4614/913 5569/639/69 5568/4616/913
f 5570/4617/69 5568/4616/913 5569/639/69
f 5570/4617/69 5569/639/69 5571/4618/911
f 5572/4619/911 5571/4618/911 5569/639/69
f 5571/4618/911 5572/4619/911 5573/4620/1478
f 5574/4621/1478 5573/4620/1478 5572/4619/911
f 5577/4622/1479 5576/4623/917 5575/4624/918
f 5578/4625/917 5575/4624/918 5576/4623/917
f 5576/4623/917 5579/4626/1480 5578/4625/917
f 5580/4627/916 5578/4625/917 5579/4626/1480
f 5579/4626/1480 5581/4628/915 5580/4627/916
f 5582/4629/915 5580/4627/916 5581/4628/915
f 5585/4628/1481 5584/4630/1481 5583/4629/1481
f 5586/4631/1481 5583/4629/1481 5584/4630/1481
f 5589/4632/1482 5588/4633/1483 5587/4634/1482
f 5590/4635/1483 5587/4634/1482 5588/4633/1483
f 5588/4633/1483 5591/4636/1484 5590/4635/1483
f 5592/4637/1484 5590/4635/1483 5591/4636/1484
f 5595/4638/4 5594/4639/4 5593/4640/4
f 5596/4641/4 5593/4640/4 5594/4639/4
f 5596/4641/4 5594/4639/4 5597/4642/4
f 5598/4643/4 5596/4641/4 5597/4642/4
f 5596/4641/4 5598/4643/4 5599/4644/4
f 5600/4645/4 5599/4644/4 5598/4643/4
f 5603/4646/1139 5602/4647/1139 5601/4648/68
f 5604/4649/68 5601/4648/68 5602/4647/1139
f 5607/4650/1144 5606/4651/68 5605/4652/1144
f 5608/4653/68 5605/4652/1144 5606/4651/68
f 5608/4653/68 5606/4651/68 5609/4654/1138
f 5610/4655/1138 5609/4654/1138 5606/4651/68
f 5613/4656/4 5612/4657/4 5611/1244/4
f 5614/4658/4 5611/1244/4 5612/4657/4
f 5611/1244/4 5614/4658/4 5615/4659/4
f 5615/4659/4 5616/4660/4 5611/1244/4
f 5617/1245/4 5611/1244/4 5616/4660/4
f 5616/4660/4 5618/4661/4 5617/1245/4
f 5619/1248/4 5617/1245/4 5618/4661/4
f 5618/4661/4 5620/4662/4 5619/1248/4
f 5621/1250/4 5619/1248/4 5620/4662/4
f 5621/1250/4 5620/4662/4 5622/1253/4
f 5623/4663/4 5622/1253/4 5620/4662/4
f 5622/1253/4 5623/4663/4 5624/1255/4
f 5625/4664/4 5624/1255/4 5623/4663/4
f 5624/1255/4 5625/4664/4 5626/1257/4
f 5627/4665/4 5626/1257/4 5625/4664/4
f 5628/4666/4 5626/1257/4 5627/4665/4
f 5628/4666/4 5629/4667/4 5626/1257/4
f 5630/4668/4 5626/1257/4 5629/4667/4
f 5631/4669/4 5629/4667/4 5628/4666/4
f 5632/4670/4 5631/4669/4 5628/4666/4
f 5631/4669/4 5633/4671/4 5629/4667/4
f 5634/4672/4 5629/4667/4 5633/4671/4
f 5634/4672/4 5633/4671/4 5635/4673/4
f 5635/4673/4 5636/4674/4 5634/4672/4
f 5637/4675/4 5634/4672/4 5636/4674/4
f 5637/4675/4 5636/4674/4 5638/4676/4
f 5636/4674/4 5639/4677/4 5638/4676/4
f 5636/4674/4 5640/4678/4 5639/4677/4
f 5641/4679/1244 5640/4678/4 5636/4674/4
f 5641/4679/1244 5642/4680/4 5640/4678/4
f 5643/4681/1 5642/4680/4 5641/4679/1244
f 5644/4682/4 5642/4680/4 5643/4681/1
f 5642/4680/4 5644/4682/4 5645/4683/1
f 5642/4680/4 5645/4683/1 5646/4684/1485
f 5642/4680/4 5646/4684/1485 5647/4685/4
f 5647/4685/4 5646/4684/1485 5648/4686/4
f 5647/4685/4 5648/4686/4 5649/4687/4
f 5649/4687/4 5648/4686/4 5650/4688/4
f 5648/4686/4 5651/4689/4 5650/4688/4
f 5651/4689/4 5648/4686/4 5652/4690/4
f 5653/4691/4 5652/4690/4 5648/4686/4
f 5654/4692/4 5652/4690/4 5653/4691/4
f 5652/4690/4 5654/4692/4 5612/4657/4
f 5655/4693/4 5612/4657/4 5654/4692/4
f 5612/4657/4 5655/4693/4 5614/4658/4
f 5655/4693/4 5656/4694/4 5614/4658/4
f 5659/4695/287 5658/4696/287 5657/4697/287
f 5660/4698/287 5657/4697/287 5658/4696/287
f 5663/4699/1486 5662/4700/1487 5661/1585/1488
f 5664/4701/1488 5661/1585/1488 5662/4700/1487
f 5667/4702/1489 5666/4703/1490 5665/4704/1491
f 5668/4705/1492 5665/4704/1491 5666/4703/1490
f 5665/4704/1491 5668/4705/1492 5669/4706/1493
f 5670/4707/1494 5669/4706/1493 5668/4705/1492
f 5673/4708/4 5672/4709/4 5671/4710/4
f 5674/4711/4 5671/4710/4 5672/4709/4
f 5672/4709/4 5675/4712/4 5674/4711/4
f 5676/4713/4 5674/4711/4 5675/4712/4
f 5675/4712/4 5677/4714/4 5676/4713/4
f 5678/4715/4 5677/4714/4 5675/4712/4
f 5679/4716/4 5676/4713/4 5677/4714/4
f 5680/4717/4 5679/4716/4 5677/4714/4
f 5683/4718/1495 5682/4719/1495 5681/4720/1496
f 5684/4721/1496 5681/4720/1496 5682/4719/1495
f 5681/4720/1496 5684/4721/1496 5685/4722/1497
f 5686/4723/1497 5685/4722/1497 5684/4721/1496
f 5685/4722/1497 5686/4723/1497 5687/4724/1498
f 5688/4725/1498 5687/4724/1498 5686/4723/1497
f 5687/4724/1498 5688/4725/1498 5689/4726/1499
f 5690/4727/1499 5689/4726/1499 5688/4725/1498
f 5689/4726/1499 5690/4727/1499 5691/4728/1500
f 5692/4729/1500 5691/4728/1500 5690/4727/1499
f 5695/4730/1501 5694/4731/1501 5693/4732/1502
f 5696/4733/1502 5693/4732/1502 5694/4731/1501
f 5699/4734/1503 5698/1506/1503 5697/4735/1504
f 5700/1507/1504 5697/4735/1504 5698/1506/1503
f 5703/4736/1505 5702/4737/4 5701/4682/4
f 5702/4737/4 5704/4738/4 5701/4682/4
f 5704/4738/4 5705/4739/4 5701/4682/4
f 5705/4739/4 5706/4740/4 5701/4682/4
f 5708/4741/4 5707/4742/1505 5701/4682/4
f 5709/4743/4 5708/4741/4 5701/4682/4
f 5710/4744/4 5709/4743/4 5701/4682/4
f 5711/4745/4 5710/4744/4 5701/4682/4
f 5714/4682/4 5713/4746/4 5712/4683/4
f 5714/4682/4 5715/4747/4 5713/4746/4
f 5714/4682/4 5716/4748/4 5715/4747/4
f 5714/4682/4 5717/4740/4 5716/4748/4
f 5719/4749/4 5714/4682/4 5718/4681/4
f 5720/4750/4 5714/4682/4 5719/4749/4
f 5721/4751/4 5714/4682/4 5720/4750/4
f 5722/4745/4 5714/4682/4 5721/4751/4
f 5725/4752/1506 5724/4753/1506 5723/3328/68
f 5726/4754/68 5723/3328/68 5724/4753/1506
f 5726/4754/68 5727/4755/1507 5723/3328/68
f 5728/4756/1507 5723/3328/68 5727/4755/1507
f 5731/4753/1508 5730/4752/1508 5729/4757/1509
f 5732/3327/1509 5729/4757/1509 5730/4752/1508
f 5729/4757/1509 5732/3327/1509 5733/4758/1510
f 5734/4759/1510 5733/4758/1510 5732/3327/1509
f 5737/4760/1511 5736/4761/1511 5735/4762/1512
f 5738/4763/1512 5735/4762/1512 5736/4761/1511
f 5735/4762/1512 5738/4763/1512 5739/2324/826
f 5740/3260/826 5739/2324/826 5738/4763/1512
f 5743/2324/828 5742/3260/828 5741/4764/1513
f 5744/4765/1513 5741/4764/1513 5742/3260/828
f 5741/4764/1513 5744/4765/1513 5745/4766/1514
f 5746/4767/1514 5745/4766/1514 5744/4765/1513
f 5749/4768/1515 5748/4769/1515 5747/4770/1516
f 5750/4771/1517 5747/4770/1516 5748/4769/1515
f 5747/4770/1516 5750/4771/1517 5751/1393/817
f 5752/1392/1518 5751/1393/817 5750/4771/1517
f 5755/4772/1519 5754/4773/68 5753/4774/1519
f 5756/4775/68 5753/4774/1519 5754/4773/68
f 5759/4776/1520 5758/4777/69 5757/4778/69
f 5760/4779/69 5757/4778/69 5758/4777/69
f 5763/386/86 5762/4780/86 5761/4781/1521
f 5764/4782/1521 5761/4781/1521 5762/4780/86
f 5764/4782/1521 5765/4783/1522 5761/4781/1521
f 5766/4784/1522 5761/4781/1521 5765/4783/1522
f 5765/4783/1522 5767/4785/1148 5766/4784/1522
f 5768/4786/1148 5766/4784/1522 5767/4785/1148
f 5767/4785/1148 5769/4787/1523 5768/4786/1148
f 5770/4788/1523 5768/4786/1148 5769/4787/1523
f 5769/4787/1523 5771/4789/1524 5770/4788/1523
f 5772/4790/1524 5770/4788/1523 5771/4789/1524
f 5771/4789/1524 5773/4791/1525 5772/4790/1524
f 5774/4200/1525 5772/4790/1524 5773/4791/1525
f 5777/4792/1526 5776/4793/1527 5775/4775/1528
f 5778/4794/1529 5775/4775/1528 5776/4793/1527
f 5775/4775/1528 5778/4794/1529 5779/4774/1530
f 5782/4795/1531 5781/4778/1532 5780/4779/1533
f 5780/4779/1533 5783/4796/1534 5782/4795/1531
f 5784/4797/1535 5782/4795/1531 5783/4796/1534
f 5783/4796/1534 5785/4798/1536 5784/4797/1535
f 5786/4799/1537 5784/4797/1535 5785/4798/1536
f 5789/1744/1538 5788/1743/1539 5787/4800/1540
f 5790/4801/1541 5787/4800/1540 5788/1743/1539
f 5788/1743/1539 5791/4802/1542 5790/4801/1541
f 5792/562/1543 5791/4802/1542 5788/1743/1539
f 5793/4803/1544 5790/4801/1541 5791/4802/1542
f 5790/4801/1541 5793/4803/1544 5794/4804/1545
f 5797/1692/1546 5796/1691/1547 5795/4805/1546
f 5798/4806/1548 5795/4805/1546 5796/1691/1547
f 5796/1691/1547 5799/4807/1549 5798/4806/1548
f 5800/508/1550 5799/4807/1549 5796/1691/1547
f 5801/4808/1551 5798/4806/1548 5799/4807/1549
f 5798/4806/1548 5801/4808/1551 5802/4809/1552
f 5805/1816/283 5804/1817/283 5803/4810/1525
f 5806/4811/1525 5803/4810/1525 5804/1817/283
f 5803/4810/1525 5806/4811/1525 5807/4812/1148
f 5808/4813/1148 5807/4812/1148 5806/4811/1525
f 5807/4812/1148 5808/4813/1148 5809/4814/86
f 5810/594/86 5809/4814/86 5808/4813/1148
f 5809/4814/86 5810/594/86 5811/4815/1553
f 5812/4816/1553 5811/4815/1553 5810/594/86
f 5811/4815/1553 5812/4816/1553 5813/4817/1554
f 5814/4818/1554 5813/4817/1554 5812/4816/1553
f 5813/4817/1554 5814/4818/1554 5815/4819/1555
f 5816/4820/1555 5815/4819/1555 5814/4818/1554
f 5819/4821/1556 5818/4822/908 5817/4823/907
f 5820/4824/907 5817/4823/907 5818/4822/908
f 5817/4823/907 5820/4824/907 5821/4825/1557
f 5822/4826/906 5821/4825/1557 5820/4824/907
f 5821/4825/1557 5822/4826/906 5823/4827/905
f 5824/4828/905 5823/4827/905 5822/4826/906
f 5827/4829/1558 5826/4830/1558 5825/4828/1558
f 5828/4827/1558 5825/4828/1558 5826/4830/1558
f 5831/4831/1559 5830/4832/1559 5829/4833/1560
f 5832/4834/1560 5829/4833/1560 5830/4832/1559
f 5829/4833/1560 5832/4834/1560 5833/4835/1561
f 5834/4836/1561 5833/4835/1561 5832/4834/1560
f 5837/4837/68 5836/4838/1139 5835/4839/68
f 5838/4840/1139 5835/4839/68 5836/4838/1139
f 5841/4841/86 5840/4842/86 5839/4843/86
f 5842/4844/86 5839/4843/86 5840/4842/86
f 5845/4845/1562 5844/4846/1563 5843/304/1562
f 5846/4847/1563 5843/304/1562 5844/4846/1563
f 5849/4848/1564 5848/4849/1565 5847/4850/1566
f 5850/4851/1565 5847/4850/1566 5848/4849/1565
f 5848/4849/1565 5851/4852/1567 5850/4851/1565
f 5852/4853/1567 5850/4851/1565 5851/4852/1567
f 5855/4854/4 5854/4855/4 5853/4856/4
f 5856/4857/4 5853/4856/4 5854/4855/4
f 5853/4856/4 5856/4857/4 5857/4858/4
f 5858/4859/4 5857/4858/4 5856/4857/4
f 5857/4858/4 5858/4859/4 5859/4860/4
f 5859/4860/4 5860/4861/4 5857/4858/4
f 5861/4862/4 5859/4860/4 5858/4859/4
f 5862/4863/4 5859/4860/4 5861/4862/4
f 5862/4863/4 5863/4864/4 5859/4860/4
f 5864/4865/4 5859/4860/4 5863/4864/4
f 5864/4865/4 5863/4864/4 5865/4714/4
f 5866/4717/4 5865/4714/4 5863/4864/4
f 5869/4866/1568 5868/4867/1569 5867/4868/1568
f 5870/4869/1569 5867/4868/1568 5868/4867/1569
f 5868/4867/1569 5871/4870/1570 5870/4869/1569
f 5872/4871/1570 5870/4869/1569 5871/4870/1570
f 5871/4870/1570 5873/4872/1571 5872/4871/1570
f 5874/4873/1571 5872/4871/1570 5873/4872/1571
f 5873/4872/1571 5875/4874/1572 5874/4873/1571
f 5876/4875/1572 5874/4873/1571 5875/4874/1572
f 5875/4874/1572 5877/4876/1573 5876/4875/1572
f 5878/4877/1573 5876/4875/1572 5877/4876/1573
f 5881/4878/1574 5880/4879/1575 5879/4880/1574
f 5882/4881/1575 5879/4880/1574 5880/4879/1575
f 5880/4879/1575 5883/2350/68 5882/4881/1575
f 5884/4882/68 5882/4881/1575 5883/2350/68
f 5883/2350/68 5885/4732/1576 5884/4882/68
f 5886/4733/1576 5884/4882/68 5885/4732/1576
f 5889/2315/1577 5888/2313/1578 5887/4883/1577
f 5890/4884/1579 5887/4883/1577 5888/2313/1578
f 5893/4755/1580 5892/4885/1581 5891/4756/1580
f 5894/3329/1581 5891/4756/1580 5892/4885/1581
f 5892/4885/1581 5895/4886/1582 5894/3329/1581
f 5896/4887/1582 5894/3329/1581 5895/4886/1582
f 5899/4888/1583 5898/4889/1584 5897/4890/1583
f 5900/4891/1584 5897/4890/1583 5898/4889/1584
f 5898/4889/1584 5901/1517/530 5900/4891/1584
f 5902/3280/530 5900/4891/1584 5901/1517/530
f 5905/1517/531 5904/4892/1585 5903/3280/531
f 5906/4893/1585 5903/3280/531 5904/4892/1585
f 5904/4892/1585 5907/4894/1586 5906/4893/1585
f 5908/4895/1586 5906/4893/1585 5907/4894/1586
f 5911/4896/1587 5910/4897/1588 5909/4898/1587
f 5912/4899/1589 5909/4898/1587 5910/4897/1588
f 5910/4897/1588 5913/1501/1590 5912/4899/1589
f 5914/2256/503 5912/4899/1589 5913/1501/1590
f 5917/4900/1591 5916/4901/1591 5915/4902/1591
f 5918/4903/1591 5915/4902/1591 5916/4901/1591
f 5921/4904/4 5920/4905/4 5919/4906/4
f 5922/4907/4 5919/4906/4 5920/4905/4
f 5925/4908/882 5924/4909/882 5923/4910/882
f 5926/4911/882 5923/4910/882 5924/4909/882
f 5929/4912/1 5928/4913/1 5927/4914/1
f 5930/4915/1 5927/4914/1 5928/4913/1
f 5933/4916/1592 5932/4917/1592 5931/4918/1592
f 5934/4919/1592 5931/4918/1592 5932/4917/1592
f 5937/4920/4 5936/4921/4 5935/4922/4
f 5938/4923/4 5935/4922/4 5936/4921/4
f 5941/4924/292 5940/4925/292 5939/4926/292
f 5942/4927/292 5939/4926/292 5940/4925/292
f 5945/4928/1 5944/4929/1 5943/4930/1
f 5946/4931/1 5943/4930/1 5944/4929/1
f 5949/4932/286 5948/4933/286 5947/4934/286
f 5950/4935/286 5947/4934/286 5948/4933/286
f 5953/4936/4 5952/4937/4 5951/4938/4
f 5954/4939/4 5951/4938/4 5952/4937/4
f 5957/4940/1593 5956/4941/1593 5955/4942/1593
f 5958/4943/1593 5955/4942/1593 5956/4941/1593
f 5961/4944/1 5960/4945/1 5959/4946/1
f 5962/4947/1 5959/4946/1 5960/4945/1
f 5965/4948/875 5964/4949/875 5963/4950/875
f 5966/4951/875 5963/4950/875 5964/4949/875
f 5969/4952/4 5968/4953/4 5967/4954/4
f 5970/4955/4 5967/4954/4 5968/4953/4
f 5973/4956/1594 5972/4957/1594 5971/4958/1594
f 5974/4959/1594 5971/4958/1594 5972/4957/1594
f 5977/4960/1 5976/4961/1 5975/4962/1
f 5978/4963/1 5975/4962/1 5976/4961/1
f 5981/4964/1478 5980/4965/911 5979/4966/1478
f 5982/4967/911 5979/4966/1478 5980/4965/911
f 5980/4965/911 5983/4968/69 5982/4967/911
f 5984/4969/69 5982/4967/911 5983/4968/69
f 5984/4969/69 5983/4968/69 5985/4970/913
f 5986/4971/913 5985/4970/913 5983/4968/69
f 5985/4970/913 5986/4971/913 5987/4972/1477
f 5988/4973/1477 5987/4972/1477 5986/4971/913
f 5991/4974/908 5990/4975/907 5989/4976/908
f 5992/4977/907 5989/4976/908 5990/4975/907
f 5992/4977/907 5990/4975/907 5993/2535/86
f 5994/4978/86 5993/2535/86 5990/4975/907
f 5993/2535/86 5996/4979/86 5995/2536/86
f 5997/4980/86 5995/2536/86 5996/4979/86
f 6000/4981/918 5999/4982/918 5998/4983/917
f 6001/4984/917 5998/4983/917 5999/4982/918
f 6001/4984/917 6002/2516/287 5998/4983/917
f 6003/4985/287 5998/4983/917 6002/2516/287
f 6005/2518/287 6004/4986/287 6002/2516/287
f 6006/4987/287 6002/2516/287 6004/4986/287
f 6009/4988/4 6008/4989/4 6007/4990/4
f 6009/4988/4 6010/4991/4 6008/4989/4
f 6009/4988/4 6011/4992/4 6010/4991/4
f 6009/4988/4 6012/4993/4 6011/4992/4
f 6012/4993/4 6009/4988/4 6013/4994/4
f 6013/4994/4 6009/4988/4 6014/4995/4
f 6014/4995/4 6009/4988/4 6015/4996/4
f 6016/4997/4 6015/4996/4 6009/4988/4
f 6018/4998/68 6017/4999/68 3087/2568/68
f 6019/2506/68 3087/2568/68 6017/4999/68
f 6017/4999/68 6020/5000/68 6019/2506/68
f 3094/2573/68 6019/2506/68 6020/5000/68
f 6023/5001/1595 6022/5002/903 6021/5003/273
f 6024/5004/273 6021/5003/273 6022/5002/903
f 6021/5003/273 6024/5004/273 6025/2506/68
f 6026/5005/68 6025/2506/68 6024/5004/273
f 6026/5005/68 6027/5006/272 6025/2506/68
f 6028/5007/272 6025/2506/68 6027/5006/272
f 6027/5006/272 6029/5008/904 6028/5007/272
f 6030/5009/270 6028/5007/272 6029/5008/904
f 6033/5010/686 6032/5011/686 6031/5012/685
f 6034/5013/685 6031/5012/685 6032/5011/686
f 6031/5012/685 6034/5013/685 6035/5014/683
f 6036/5015/683 6035/5014/683 6034/5013/685
f 6035/5014/683 6036/5015/683 6037/5016/682
f 6038/5017/682 6037/5016/682 6036/5015/683
f 6041/4987/1596 6040/4986/1596 6039/5017/1596
f 6042/5016/1596 6039/5017/1596 6040/4986/1596
f 6045/5018/4 6044/5019/4 6043/5020/4
f 6046/5021/4 6043/5020/4 6044/5019/4
f 6044/5019/4 6047/5022/4 6046/5021/4
f 6048/5023/4 6046/5021/4 6047/5022/4
f 6048/5023/4 6047/5022/4 6049/4988/4
f 6050/5024/4 6049/4988/4 6047/5022/4
f 6048/5023/4 6049/4988/4 6051/5025/4
f 6052/5026/4 6051/5025/4 6049/4988/4
f 6048/5023/4 6051/5025/4 6053/5027/4
f 6054/5028/4 6053/5027/4 6051/5025/4
f 6053/5027/4 6054/5028/4 6055/5029/4
f 6056/5030/4 6055/5029/4 6054/5028/4
f 6059/5031/1597 6058/5032/268 6057/5033/269
f 6060/5034/268 6057/5033/269 6058/5032/268
f 6058/5032/268 6061/5035/266 6060/5034/268
f 6062/5036/266 6060/5034/268 6061/5035/266
f 6061/5035/266 6063/5037/265 6062/5036/266
f 6064/5038/265 6062/5036/266 6063/5037/265
f 6067/5037/1598 6066/4980/1598 6065/5038/1598
f 6068/4979/1598 6065/5038/1598 6066/4980/1598
f 6071/5039/68 6070/2566/68 6069/5040/68
f 6072/2568/68 6069/5040/68 6070/2566/68
f 6075/2571/68 6074/5041/68 6073/2573/68
f 6076/5042/68 6073/2573/68 6074/5041/68
f 6079/5026/4 6078/4988/4 6077/5043/4
f 6080/4990/4 6077/5043/4 6078/4988/4
f 6083/4988/4 6082/5024/4 6081/4997/4
f 6084/5044/4 6081/4997/4 6082/5024/4
f 6087/5045/69 6086/2598/69 6085/5046/69
f 6088/2552/69 6085/5046/69 6086/2598/69
f 6085/5046/69 6088/2552/69 6089/5047/69
f 6090/2596/69 6089/5047/69 6088/2552/69
f 6093/5048/4 6092/5049/4 6091/5050/4
f 6094/5051/4 6091/5050/4 6092/5049/4
f 6097/5052/4 6096/5053/4 6095/5054/4
f 6098/5055/4 6095/5054/4 6096/5053/4
f 6101/5056/4 6100/5057/4 6099/5058/4
f 6102/5059/4 6099/5058/4 6100/5057/4
f 6105/5060/4 6104/5061/4 6103/5062/4
f 6106/5063/4 6103/5062/4 6104/5061/4
f 6109/3348/68 6108/5064/68 6107/3328/68
f 6110/5065/68 6107/3328/68 6108/5064/68
f 6107/3328/68 6110/5065/68 6111/3363/68
f 6112/5066/68 6111/3363/68 6110/5065/68
f 6115/5067/4 6114/5068/4 6113/5069/4
f 6115/5067/4 6116/5070/4 6114/5068/4
f 6117/5071/4 6114/5068/4 6116/5070/4
f 6114/5068/4 6117/5071/4 6118/5072/4
f 6119/5073/4 6118/5072/4 6117/5071/4
f 6120/5074/4 6117/5071/4 6116/5070/4
f 6116/5070/4 6115/5067/4 6121/5075/4
f 6122/5076/4 6116/5070/4 6121/5075/4
f 6123/5077/4 6121/5075/4 6115/5067/4
f 6123/5077/4 6115/5067/4 6124/5078/4
f 6121/5075/4 6123/5077/4 6125/5079/4
f 6126/5080/4 6125/5079/4 6123/5077/4
f 6129/5081/68 6128/5082/68 6127/5083/68
f 6130/3398/68 6127/5083/68 6128/5082/68
f 6133/5084/287 6132/5085/287 6131/3402/287
f 6134/3403/287 6131/3402/287 6132/5085/287
f 6137/5086/69 6136/5087/69 6135/5088/69
f 6138/5089/69 6135/5088/69 6136/5087/69
f 6141/5090/287 6140/3413/287 6139/5084/287
f 6142/5085/287 6139/5084/287 6140/3413/287
f 6145/5091/86 6144/5092/86 6143/5093/86
f 6146/3396/86 6143/5093/86 6144/5092/86
f 6149/5094/69 6148/5095/69 6147/5096/69
f 6150/5097/69 6147/5096/69 6148/5095/69
f 6153/3405/86 6152/3406/86 6151/5091/86
f 6154/5092/86 6151/5091/86 6152/3406/86
f 6157/5098/68 6156/3409/68 6155/5099/68
f 6158/5100/68 6155/5099/68 6156/3409/68
f 6161/83/1 6160/5101/1 6159/82/1
f 6162/5102/1 6159/82/1 6160/5101/1
f 6159/82/1 6162/5102/1 6163/120/1
f 6164/5103/1 6163/120/1 6162/5102/1
f 6167/5104/287 6166/5105/287 6165/5106/287
f 6168/5107/287 6165/5106/287 6166/5105/287
f 6171/5108/4 6170/5109/4 6169/5110/4
f 6172/5111/4 6169/5110/4 6170/5109/4
f 6169/5110/4 6172/5111/4 6173/5112/4
f 6174/5113/4 6173/5112/4 6172/5111/4
f 6177/5114/86 6176/5115/86 6175/5116/86
f 6178/5117/86 6175/5116/86 6176/5115/86
f 6181/5118/1 6180/85/1 6179/5119/1
f 6182/87/1 6179/5119/1 6180/85/1
f 6179/5119/1 6182/87/1 6183/5120/1
f 6184/90/1 6183/5120/1 6182/87/1
f 6187/5121/1599 6186/5122/1599 6185/5123/1599
f 6188/5124/1599 6185/5123/1599 6186/5122/1599
f 6191/5125/4 6190/5126/4 6189/5127/4
f 6192/5128/4 6189/5127/4 6190/5126/4
f 6189/5127/4 6192/5128/4 6193/5129/4
f 6194/5130/4 6193/5129/4 6192/5128/4
f 6197/5131/1600 6196/5132/1600 6195/5133/1600
f 6198/5134/1600 6195/5133/1600 6196/5132/1600
f 6201/118/1 6200/5135/1 6199/115/1
f 6202/5136/1 6199/115/1 6200/5135/1
f 6199/115/1 6202/5136/1 6203/114/1
f 6204/5137/1 6203/114/1 6202/5136/1
f 6207/5138/1601 6206/5139/1601 6205/5140/1601
f 6208/5141/1601 6205/5140/1601 6206/5139/1601
f 6211/5142/4 6210/5143/4 6209/5144/4
f 6212/5145/4 6209/5144/4 6210/5143/4
f 6209/5144/4 6212/5145/4 6213/5146/4
f 6214/5147/4 6213/5146/4 6212/5145/4
f 6217/5148/1602 6216/5149/1602 6215/5150/1602
f 6218/5151/1602 6215/5150/1602 6216/5149/1602
g Litt_Deckhouse_A1_Tower_Main_mod_details_2
usemtl details_2
f 6221/5152/1603 6220/5153/1603 6219/5154/1603
f 6222/5155/1603 6219/5154/1603 6220/5153/1603
f 6225/5156/1 6224/5157/1 6223/5158/1
f 6226/5159/1 6223/5158/1 6224/5157/1
f 6229/5160/4 6228/5161/4 6227/5162/4
f 6230/5163/4 6227/5162/4 6228/5161/4
f 6233/5164/86 6232/5165/86 6231/5166/86
f 6234/5167/86 6231/5166/86 6232/5165/86
f 6237/5156/1 6236/5157/1 6235/5158/1
f 6238/5168/1 6235/5158/1 6236/5157/1
f 6241/5169/4 6240/5161/4 6239/5162/4
f 6242/5163/4 6239/5162/4 6240/5161/4
f 6245/5170/1603 6244/5171/86 6243/5172/1603
f 6246/5173/86 6243/5172/1603 6244/5171/86
f 6249/5156/1 6248/5157/1 6247/5158/1
f 6250/5168/1 6247/5158/1 6248/5157/1
f 6253/5160/4 6252/5161/4 6251/5174/4
f 6254/5163/4 6251/5174/4 6252/5161/4
f 6257/5175/86 6256/5176/86 6255/5177/86
f 6258/5178/86 6255/5177/86 6256/5176/86
f 6261/5156/1 6260/5157/1 6259/5158/1
f 6262/5168/1 6259/5158/1 6260/5157/1
f 6265/5169/4 6264/5161/4 6263/5162/4
f 6266/5163/4 6263/5162/4 6264/5161/4
f 6269/5179/1603 6268/5180/1603 6267/5181/1603
f 6270/5182/1603 6267/5181/1603 6268/5180/1603
f 6273/5183/1 6272/5157/1 6271/5158/1
f 6274/5159/1 6271/5158/1 6272/5157/1
f 6277/5160/4 6276/5161/4 6275/5174/4
f 6278/5163/4 6275/5174/4 6276/5161/4
f 6281/5184/86 6280/5185/86 6279/5186/86
f 6282/5187/86 6279/5186/86 6280/5185/86
f 6285/5183/1 6284/5157/1 6283/5158/1
f 6286/5159/1 6283/5158/1 6284/5157/1
f 6289/5169/4 6288/5188/4 6287/5174/4
f 6290/5163/4 6287/5174/4 6288/5188/4
f 6293/5189/287 6292/5190/287 6291/5191/287
f 6294/5192/287 6291/5191/287 6292/5190/287
f 6297/5193/287 6296/5194/287 6295/5195/287
f 6298/5196/287 6295/5195/287 6296/5194/287
f 6301/5197/287 6300/5198/287 6299/5199/287
f 6302/5200/287 6299/5199/287 6300/5198/287
f 6305/5201/287 6304/5202/287 6303/5203/287
f 6306/5204/287 6303/5203/287 6304/5202/287
f 6309/5205/287 6308/5206/287 6307/5207/287
f 6310/5208/287 6307/5207/287 6308/5206/287
f 6313/5209/287 6312/5210/287 6311/5211/287
f 6314/5212/287 6311/5211/287 6312/5210/287
f 6317/5213/86 6316/5214/86 6315/5215/86
f 6316/5214/86 6318/5216/86 6315/5215/86
f 6315/5215/86 6318/5216/86 6319/5217/86
f 6320/5218/1604 6318/5216/86 6316/5214/86
f 6323/5195/1605 6322/5193/1605 6321/5196/1605
f 6324/5194/1605 6321/5196/1605 6322/5193/1605
f 6327/5219/1 6326/5220/1 6325/5221/1
f 6328/5222/1 6325/5221/1 6326/5220/1
f 6331/5223/4 6330/5224/4 6329/5225/4
f 6332/5226/4 6329/5225/4 6330/5224/4
f 6335/5199/287 6334/5197/287 6333/5200/287
f 6336/5198/287 6333/5200/287 6334/5197/287
f 6339/5219/1 6338/5220/1 6337/5221/1
f 6340/5222/1 6337/5221/1 6338/5220/1
f 6343/5223/4 6342/5224/4 6341/5225/4
f 6344/5226/4 6341/5225/4 6342/5224/4
f 6347/5203/287 6346/5201/287 6345/5204/1605
f 6348/5202/1605 6345/5204/1605 6346/5201/287
f 6351/5219/1 6350/5220/1 6349/5221/1
f 6352/5222/1 6349/5221/1 6350/5220/1
f 6355/5223/4 6354/5224/4 6353/5225/4
f 6356/5226/4 6353/5225/4 6354/5224/4
f 6359/5191/287 6358/5189/287 6357/5192/287
f 6360/5190/287 6357/5192/287 6358/5189/287
f 6363/5219/1 6362/5220/1 6361/5221/1
f 6364/5222/1 6361/5221/1 6362/5220/1
f 6367/5223/4 6366/5224/4 6365/5225/4
f 6368/5226/4 6365/5225/4 6366/5224/4
f 6371/5207/1605 6370/5205/1605 6369/5208/1605
f 6372/5206/1605 6369/5208/1605 6370/5205/1605
f 6375/5219/1 6374/5220/1 6373/5221/1
f 6376/5222/1 6373/5221/1 6374/5220/1
f 6379/5223/4 6378/5224/4 6377/5225/4
f 6380/5226/4 6377/5225/4 6378/5224/4
f 6383/5211/287 6382/5209/287 6381/5212/287
f 6384/5210/287 6381/5212/287 6382/5209/287
f 6387/5219/1 6386/5220/1 6385/5221/1
f 6388/5222/1 6385/5221/1 6386/5220/1
f 6391/5223/4 6390/5224/4 6389/5225/4
f 6392/5226/4 6389/5225/4 6390/5224/4
f 6395/5177/86 6394/5175/86 6393/5178/86
f 6396/5176/86 6393/5178/86 6394/5175/86
f 6399/5154/86 6398/5152/86 6397/5155/86
f 6400/5153/86 6397/5155/86 6398/5152/86
f 6403/5166/86 6402/5164/86 6401/5167/86
f 6404/5165/86 6401/5167/86 6402/5164/86
f 6407/5172/86 6406/5170/86 6405/5173/86
f 6408/5171/86 6405/5173/86 6406/5170/86
f 6411/5181/86 6410/5179/86 6409/5182/86
f 6412/5180/86 6409/5182/86 6410/5179/86
f 6415/5186/86 6414/5184/86 6413/5187/86
f 6416/5185/86 6413/5187/86 6414/5184/86
f 6419/5227/812 6418/5228/287 6417/5229/287
f 6418/5228/287 6420/5230/287 6417/5229/287
f 6417/5229/287 6420/5230/287 6421/5231/287
f 6422/5232/287 6420/5230/287 6418/5228/287
f 6425/5233/286 6424/5234/286 6423/5235/286
f 6426/5236/286 6423/5235/286 6424/5234/286
f 6429/5237/875 6428/5238/875 6427/5239/875
f 6430/5240/875 6427/5239/875 6428/5238/875
f 6433/5241/882 6432/5242/882 6431/5243/882
f 6434/5244/882 6431/5243/882 6432/5242/882
f 6437/5245/292 6436/5246/292 6435/5247/292
f 6438/5248/292 6435/5247/292 6436/5246/292
f 6441/5249/1265 6440/5250/1265 6439/5251/1265
f 6442/5252/1265 6439/5251/1265 6440/5250/1265
f 6445/5253/1 6444/5254/1 6443/5255/1
f 6446/5256/1 6443/5255/1 6444/5254/1
f 6449/5257/4 6448/5258/4 6447/5259/4
f 6450/5260/4 6447/5259/4 6448/5258/4
f 6453/5261/68 6452/5262/68 6451/5263/68
f 6454/5264/68 6451/5263/68 6452/5262/68
f 6457/5253/1 6456/5254/1 6455/5255/1
f 6458/5256/1 6455/5255/1 6456/5254/1
f 6461/5257/4 6460/5258/4 6459/5259/4
f 6462/5260/4 6459/5259/4 6460/5258/4
f 6465/5265/1265 6464/5266/68 6463/5267/1265
f 6466/5268/68 6463/5267/1265 6464/5266/68
f 6469/5253/1 6468/5254/1 6467/5255/1
f 6470/5256/1 6467/5255/1 6468/5254/1
f 6473/5257/4 6472/5258/4 6471/5259/4
f 6474/5260/4 6471/5259/4 6472/5258/4
f 6477/5269/1265 6476/5270/1265 6475/5271/1265
f 6478/5272/1265 6475/5271/1265 6476/5270/1265
f 6481/5253/1 6480/5254/1 6479/5255/1
f 6482/5256/1 6479/5255/1 6480/5254/1
f 6485/5257/4 6484/5258/4 6483/5259/4
f 6486/5260/4 6483/5259/4 6484/5258/4
f 6489/5273/68 6488/5274/68 6487/5275/68
f 6490/5276/68 6487/5275/68 6488/5274/68
f 6493/5253/1 6492/5254/1 6491/5255/1
f 6494/5256/1 6491/5255/1 6492/5254/1
f 6497/5257/4 6496/5258/4 6495/5259/4
f 6498/5260/4 6495/5259/4 6496/5258/4
f 6501/5277/69 6500/5278/69 6499/5279/69
f 6502/5280/69 6499/5279/69 6500/5278/69
f 6505/5281/69 6504/5282/69 6503/5283/69
f 6506/5284/69 6503/5283/69 6504/5282/69
f 6509/5285/69 6508/5286/69 6507/5287/69
f 6510/5288/69 6507/5287/69 6508/5286/69
f 6513/5289/69 6512/5290/69 6511/5291/69
f 6514/5292/69 6511/5291/69 6512/5290/69
f 6517/5293/69 6516/5294/69 6515/5295/69
f 6518/5296/69 6515/5295/69 6516/5294/69
f 6521/5297/69 6520/5298/69 6519/5299/69
f 6522/5300/69 6519/5299/69 6520/5298/69
f 6525/5301/68 6524/5302/68 6523/5303/68
f 6526/5304/68 6523/5303/68 6524/5302/68
f 6529/5305/86 6528/5306/86 6527/5307/86
f 6530/5308/86 6527/5307/86 6528/5306/86
f 6533/5309/4 6532/5310/4 6531/5311/4
f 6534/5312/4 6531/5311/4 6532/5310/4
f 6537/5313/287 6536/5314/287 6535/5315/287
f 6538/5316/287 6535/5315/287 6536/5314/287
f 6541/5317/1 6540/5318/1 6539/5319/1
f 6542/5320/1 6539/5319/1 6540/5318/1
f 6545/5321/69 6544/5322/69 6543/5323/69
f 6546/5324/69 6543/5323/69 6544/5322/69
f 6549/5325/287 6548/5326/287 6547/5327/287
f 6550/5328/287 6547/5327/287 6548/5326/287
f 6553/5329/68 6552/5330/68 6551/5331/68
f 6554/5332/68 6551/5331/68 6552/5330/68
f 6557/5333/86 6556/5334/86 6555/5335/86
f 6558/5336/86 6555/5335/86 6556/5334/86
f 6561/5337/4 6560/5338/4 6559/5339/4
f 6562/5340/4 6559/5339/4 6560/5338/4
f 6565/5341/69 6564/5342/69 6563/5343/69
f 6566/5344/69 6563/5343/69 6564/5342/69
f 6569/5345/68 6568/5346/68 6567/5347/68
f 6570/5348/68 6567/5347/68 6568/5346/68
f 6573/5305/86 6572/5306/86 6571/5307/86
f 6574/5308/86 6571/5307/86 6572/5306/86
f 6577/5349/4 6576/5350/4 6575/5351/4
f 6578/5352/4 6575/5351/4 6576/5350/4
f 6581/5313/287 6580/5314/287 6579/5315/287
f 6582/5316/287 6579/5315/287 6580/5314/287
f 6585/5353/1 6584/5354/1 6583/5355/1
f 6586/5356/1 6583/5355/1 6584/5354/1
f 6589/5357/1 6588/5358/1 6587/5359/1
f 6590/5360/1 6587/5359/1 6588/5358/1
f 3367/2820/981 3370/2821/982 3375/2824/985
f 3374/2825/986 3375/2824/985 3370/2821/982
f 3370/2821/982 3372/2823/984 3374/2825/986
f 3377/2828/989 3374/2825/986 3372/2823/984
f 3384/2835/985 3385/2834/994 3381/2830/981
f 3380/2831/991 3381/2830/981 3385/2834/994
f 3393/2846/1004 3396/2847/1005 3389/2838/997
f 3388/2839/998 3389/2838/997 3396/2847/1005
f 3396/2847/1005 3398/2849/1007 3388/2839/998
f 3391/2842/1001 3388/2839/998 3398/2849/1007
f 3404/2855/1007 3405/2854/1011 3401/2850/1001
f 3400/2851/1008 3401/2850/1001 3405/2854/1011
f 6593/5361/1 6592/5362/1 6591/5363/1
f 6594/5364/1 6591/5363/1 6592/5362/1
f 6597/5365/68 6596/5366/68 6595/5367/68
f 6598/5368/68 6595/5367/68 6596/5366/68
f 6601/5369/86 6600/5370/86 6599/5371/86
f 6602/5372/86 6599/5371/86 6600/5370/86
f 6605/5373/69 6604/5374/69 6603/5375/69
f 6606/5376/69 6603/5375/69 6604/5374/69
f 6609/5377/287 6608/5378/287 6607/5379/287
f 6610/5380/287 6607/5379/287 6608/5378/287
f 6613/5381/4 6612/5382/4 6611/5383/4
f 6614/5384/4 6611/5383/4 6612/5382/4
f 3428/2879/1016 3469/2918/1039 3430/2881/1018
f 3467/2920/1041 3430/2881/1018 3469/2918/1039
f 3430/2881/1018 3467/2920/1041 3431/2882/1019
f 3472/2923/1044 3431/2882/1019 3467/2920/1041
f 3474/2925/1046 3435/2884/1021 3476/2927/1048
f 3433/2886/1023 3476/2927/1048 3435/2884/1021
f 3476/2927/1048 3433/2886/1023 3478/2929/1050
f 3437/2888/1025 3478/2929/1050 3433/2886/1023
f 3480/2931/1052 3441/2890/1027 3482/2933/1054
f 3439/2892/1029 3482/2933/1054 3441/2890/1027
f 3482/2933/1054 3439/2892/1029 3484/2935/1056
f 3443/2894/1031 3484/2935/1056 3439/2892/1029
f 3486/2937/1058 3447/2896/1033 3488/2939/1060
f 3445/2898/1035 3488/2939/1060 3447/2896/1033
f 3488/2939/1060 3445/2898/1035 3490/2941/1062
f 3449/2900/1037 3490/2941/1062 3445/2898/1035
f 6617/5385/1 6616/5386/1 6615/5387/1
f 6616/5386/1 6618/5388/1 6615/5387/1
f 6615/5387/1 6618/5388/1 6619/5389/1
f 6620/5390/1 6618/5388/1 6616/5386/1
f 6620/5390/1 6621/5391/1 6618/5388/1
f 6622/5392/1 6621/5391/1 6620/5390/1
f 6623/5393/1 6622/5392/1 6620/5390/1
f 6624/5394/1 6621/5391/1 6622/5392/1
f 6627/5395/1606 6626/5396/1607 6625/5397/1608
f 6628/5398/1608 6625/5397/1608 6626/5396/1607
f 6625/5397/1608 6628/5398/1608 6629/5399/1609
f 6630/5400/1609 6629/5399/1609 6628/5398/1608
f 6629/5399/1609 6630/5400/1609 6631/5401/1610
f 6632/5402/1611 6631/5401/1610 6630/5400/1609
f 6635/5403/1612 6634/5404/1160 6633/5405/1613
f 6636/5406/1613 6633/5405/1613 6634/5404/1160
f 6633/5405/1613 6636/5406/1613 6637/5407/1614
f 6638/5408/1159 6637/5407/1614 6636/5406/1613
f 6641/5409/1615 6640/5410/1616 6639/5411/1617
f 6642/5412/1617 6639/5411/1617 6640/5410/1616
f 6639/5411/1617 6642/5412/1617 6643/5413/1618
f 6644/5414/1618 6643/5413/1618 6642/5412/1617
f 6643/5413/1618 6644/5414/1618 6645/5415/1619
f 6646/5416/1619 6645/5415/1619 6644/5414/1618
f 6649/5417/1620 6648/5418/1620 6647/5419/68
f 6650/5420/68 6647/5419/68 6648/5418/1620
f 6647/5419/68 6650/5420/68 6651/5421/1621
f 6652/5422/1621 6651/5421/1621 6650/5420/68
f 6655/5423/4 6654/5424/4 6653/5425/4
f 6653/5425/4 6654/5424/4 6656/5426/4
f 6656/5426/4 6654/5424/4 6657/5427/4
f 6657/5427/4 6654/5424/4 6658/5428/1622
f 6657/5427/4 6659/5429/4 6656/5426/4
f 6660/5430/4 6659/5429/4 6657/5427/4
f 6661/5431/811 6660/5430/4 6657/5427/4
f 6662/5432/4 6659/5429/4 6660/5430/4
f 6665/5361/1 6664/5362/1 6663/5363/1
f 6666/5364/1 6663/5363/1 6664/5362/1
f 6669/5433/667 6668/5434/233 6667/5435/667
f 6670/5436/233 6667/5435/667 6668/5434/233
f 6673/5437/407 6672/5438/407 6671/5439/243
f 6674/5440/243 6671/5439/243 6672/5438/407
f 6677/5441/242 6676/5442/242 6675/5443/418
f 6678/5444/418 6675/5443/418 6676/5442/242
f 6681/5445/248 6680/5446/248 6679/5447/411
f 6682/5448/411 6679/5447/411 6680/5446/248
f 6685/5381/4 6684/5382/4 6683/5383/4
f 6686/5384/4 6683/5383/4 6684/5382/4
f 6689/5449/1623 6688/5450/1624 6687/5451/1625
f 6690/5452/1626 6687/5451/1625 6688/5450/1624
f 6693/5453/1627 6692/5454/1628 6691/5455/1629
f 6694/5456/1630 6691/5455/1629 6692/5454/1628
f 6697/5457/1631 6696/5458/1632 6695/5459/1633
f 6698/5460/1634 6695/5459/1633 6696/5458/1632
f 6701/5461/1635 6700/5462/1636 6699/5463/1637
f 6702/5464/1638 6699/5463/1637 6700/5462/1636
f 6705/5465/1639 6704/5466/1640 6703/5467/1641
f 6706/5468/1642 6703/5467/1641 6704/5466/1640
f 6709/5469/1643 6708/5470/1644 6707/5471/1645
f 6710/5472/1646 6707/5471/1645 6708/5470/1644
f 6713/5473/1647 6712/5474/1648 6711/5475/1649
f 6714/5476/1650 6711/5475/1649 6712/5474/1648
f 6717/5477/1651 6716/5478/1652 6715/5479/1653
f 6718/5480/1654 6715/5479/1653 6716/5478/1652
f 6721/5481/1655 6720/5482/1656 6719/5483/1657
f 6722/5484/1658 6719/5483/1657 6720/5482/1656
f 6725/5485/1659 6724/5486/1660 6723/5487/1661
f 6726/5488/1662 6723/5487/1661 6724/5486/1660
f 6729/5489/1663 6728/5490/1664 6727/5491/1665
f 6730/5492/1666 6727/5491/1665 6728/5490/1664
f 6733/5493/1667 6732/5494/1668 6731/5495/1669
f 6734/5496/1670 6731/5495/1669 6732/5494/1668
f 6737/5497/1671 6736/5498/1672 6735/5499/1673
f 6738/5500/1674 6735/5499/1673 6736/5498/1672
f 6741/5501/1675 6740/5502/1676 6739/5503/1677
f 6742/5504/1678 6739/5503/1677 6740/5502/1676
f 6745/5505/1679 6744/5506/1680 6743/5507/1681
f 6746/5508/1682 6743/5507/1681 6744/5506/1680
f 6749/5509/1683 6748/5510/1684 6747/5511/1685
f 6750/5512/1686 6747/5511/1685 6748/5510/1684
f 6753/5513/1687 6752/5514/1688 6751/5515/1689
f 6754/5516/1690 6751/5515/1689 6752/5514/1688
f 6757/5517/1691 6756/5518/1692 6755/5519/1693
f 6758/5520/1694 6755/5519/1693 6756/5518/1692
f 6761/5521/1695 6760/5522/1696 6759/5523/1697
f 6762/5524/1698 6759/5523/1697 6760/5522/1696
f 6765/5525/1699 6764/5526/1700 6763/5527/1701
f 6766/5528/1702 6763/5527/1701 6764/5526/1700
f 6769/5529/1703 6768/5530/1704 6767/5531/1705
f 6770/5532/1706 6767/5531/1705 6768/5530/1704
f 6773/5533/1707 6772/5534/1708 6771/5535/1709
f 6774/5536/1710 6771/5535/1709 6772/5534/1708
f 6777/5537/1711 6776/5538/1712 6775/5539/1713
f 6778/5540/1714 6775/5539/1713 6776/5538/1712
f 6781/5541/1715 6780/5542/1716 6779/5543/1717
f 6782/5544/1718 6779/5543/1717 6780/5542/1716
f 6785/5545/1719 6784/5546/1720 6783/5547/1721
f 6786/5548/1722 6783/5547/1721 6784/5546/1720
f 6789/5549/1723 6788/5550/1724 6787/5551/1725
f 6790/5552/1726 6787/5551/1725 6788/5550/1724
f 6793/5553/1727 6792/5554/1728 6791/5555/1729
f 6794/5556/1730 6791/5555/1729 6792/5554/1728
f 6797/5557/1731 6796/5558/1732 6795/5559/1733
f 6798/5560/1734 6795/5559/1733 6796/5558/1732
f 6801/5561/1735 6800/5562/1736 6799/5563/1737
f 6802/5564/1738 6799/5563/1737 6800/5562/1736
f 6805/5565/1739 6804/5566/1740 6803/5567/1741
f 6806/5568/1742 6803/5567/1741 6804/5566/1740
f 6809/5569/1743 6808/5570/1744 6807/5571/1745
f 6810/5572/1746 6807/5571/1745 6808/5570/1744
f 6813/5573/1747 6812/5574/1748 6811/5575/1749
f 6814/5576/1750 6811/5575/1749 6812/5574/1748
f 6817/5577/1751 6816/5578/1752 6815/5579/1753
f 6818/5580/1754 6815/5579/1753 6816/5578/1752
f 6821/5581/1755 6820/5582/1756 6819/5583/1757
f 6822/5584/1758 6819/5583/1757 6820/5582/1756
f 6825/5585/1759 6824/5586/1760 6823/5587/1761
f 6826/5588/1762 6823/5587/1761 6824/5586/1760
f 6829/5589/1763 6828/5590/1764 6827/5591/1765
f 6830/5592/1765 6827/5591/1765 6828/5590/1764
f 6833/5593/1766 6832/5594/1767 6831/5595/1768
f 6834/5596/1769 6831/5595/1768 6832/5594/1767
f 6837/5597/1770 6836/5598/1771 6835/5599/1772
f 6838/5600/1773 6835/5599/1772 6836/5598/1771
f 6841/5601/1774 6840/5602/1775 6839/5603/1776
f 6842/5604/1777 6839/5603/1776 6840/5602/1775
f 6845/5605/1778 6844/5606/1779 6843/5607/1780
f 6846/5608/1781 6843/5607/1780 6844/5606/1779
f 6849/5609/374 6848/5610/374 6847/5611/47
f 6850/5612/1 6847/5611/47 6848/5610/374
f 6847/5611/47 6850/5612/1 6851/5613/372
f 6852/5614/372 6851/5613/372 6850/5612/1
f 6855/5615/375 6854/5616/375 6853/5617/287
f 6856/5618/287 6853/5617/287 6854/5616/375
f 6853/5617/287 6856/5618/287 6857/5619/376
f 6858/5620/376 6857/5619/376 6856/5618/287
f 6861/5621/377 6860/5622/377 6859/5623/811
f 6862/5624/4 6859/5623/811 6860/5622/377
f 6859/5623/811 6862/5624/4 6863/5625/1782
f 6864/5626/378 6863/5625/1782 6862/5624/4
f 6867/5627/371 6866/5628/371 6865/5629/86
f 6868/5630/86 6865/5629/86 6866/5628/371
f 6865/5629/86 6868/5630/86 6869/5631/370
f 6870/5632/370 6869/5631/370 6868/5630/86
f 6873/5633/69 6872/5634/69 6871/5635/69
f 6872/5634/69 6874/5636/69 6871/5635/69
f 6874/5636/69 6875/5637/69 6871/5635/69
f 6876/5638/69 6874/5636/69 6872/5634/69
f 6877/5639/69 6876/5638/69 6872/5634/69
f 6878/5640/69 6874/5636/69 6876/5638/69
f 6881/5641/68 6880/5642/68 6879/5643/68
f 6880/5642/68 6882/5644/68 6879/5643/68
f 6882/5644/68 6883/5645/68 6879/5643/68
f 6884/5646/68 6882/5644/68 6880/5642/68
f 6885/5647/68 6884/5646/68 6880/5642/68
f 6886/5648/68 6882/5644/68 6884/5646/68
f 6889/5649/372 6888/5650/372 6887/5611/1
f 6890/3193/1 6887/5611/1 6888/5650/372
f 6887/5611/1 6890/3193/1 6891/5651/1783
f 6892/5652/374 6891/5651/1783 6890/3193/1
f 6895/5653/1784 6894/5654/759 6893/5655/86
f 6896/5630/86 6893/5655/86 6894/5654/759
f 6893/5655/86 6896/5630/86 6897/5656/371
f 6898/5657/371 6897/5656/371 6896/5630/86
f 6901/5658/378 6900/5659/378 6899/5660/4
f 6902/5624/4 6899/5660/4 6900/5659/378
f 6899/5660/4 6902/5624/4 6903/5661/377
f 6904/5662/377 6903/5661/377 6902/5624/4
f 6907/5663/376 6906/5664/376 6905/5665/287
f 6908/5618/287 6905/5665/287 6906/5664/376
f 6905/5665/287 6908/5618/287 6909/5666/375
f 6910/5667/375 6909/5666/375 6908/5618/287
f 6913/5668/758 6912/5669/1785 6911/5670/287
f 6914/5617/287 6911/5670/287 6912/5669/1785
f 6911/5670/287 6914/5617/287 6915/5671/1786
f 6916/5672/376 6915/5671/1786 6914/5617/287
f 6919/5673/377 6918/5674/1787 6917/5675/4
f 6920/5623/4 6917/5675/4 6918/5674/1787
f 6917/5675/4 6920/5623/4 6921/5676/1788
f 6922/5677/1788 6921/5676/1788 6920/5623/4
f 6925/5678/371 6924/5679/371 6923/5680/86
f 6926/5629/86 6923/5680/86 6924/5679/371
f 6923/5680/86 6926/5629/86 6927/5681/370
f 6928/5682/370 6927/5681/370 6926/5629/86
f 6931/5683/1789 6930/5684/1790 6929/3217/1
f 6932/5612/1 6929/3217/1 6930/5684/1790
f 6929/3217/1 6932/5612/1 6933/5685/1791
f 6934/5686/1792 6933/5685/1791 6932/5612/1
f 6937/5643/68 6936/5641/68 6935/5645/68
f 6936/5641/68 6938/5687/68 6935/5645/68
f 6938/5687/68 6939/5644/68 6935/5645/68
f 6940/5688/68 6938/5687/68 6936/5641/68
f 6941/5642/68 6940/5688/68 6936/5641/68
f 6942/5646/68 6938/5687/68 6940/5688/68
f 6945/5689/69 6944/5633/69 6943/5637/69
f 6944/5633/69 6946/5640/69 6943/5637/69
f 6946/5640/69 6947/5636/69 6943/5637/69
f 6948/5639/69 6946/5640/69 6944/5633/69
f 6949/5634/69 6948/5639/69 6944/5633/69
f 6950/5638/69 6946/5640/69 6948/5639/69
f 6953/5690/372 6952/5691/3 6951/5692/372
f 6954/5693/1 6951/5692/372 6952/5691/3
f 6952/5691/3 6955/5694/374 6954/5693/1
f 6956/5695/1793 6954/5693/1 6955/5694/374
f 6959/5631/759 6958/5629/86 6957/5632/370
f 6960/5630/86 6957/5632/370 6958/5629/86
f 6958/5629/86 6961/5627/371 6960/5630/86
f 6962/5628/371 6960/5630/86 6961/5627/371
f 6965/5696/378 6964/5697/493 6963/5698/378
f 6966/5699/4 6963/5698/378 6964/5697/493
f 6964/5697/493 6967/5700/377 6966/5699/4
f 6968/5701/1794 6966/5699/4 6967/5700/377
f 6971/5619/1795 6970/5617/287 6969/5620/376
f 6972/5618/287 6969/5620/376 6970/5617/287
f 6970/5617/287 6973/5615/375 6972/5618/287
f 6974/5616/375 6972/5618/287 6973/5615/375
f 6977/5702/69 6976/5703/69 6975/5704/69
f 6976/5703/69 6978/5705/69 6975/5704/69
f 6978/5705/69 6979/5706/69 6975/5704/69
f 6980/5707/69 6978/5705/69 6976/5703/69
f 6981/5708/69 6980/5707/69 6976/5703/69
f 6982/5709/69 6978/5705/69 6980/5707/69
f 6985/5710/68 6984/5711/68 6983/5712/68
f 6984/5711/68 6986/5713/68 6983/5712/68
f 6986/5713/68 6987/5714/68 6983/5712/68
f 6988/5715/68 6986/5713/68 6984/5711/68
f 6989/5716/68 6988/5715/68 6984/5711/68
f 6990/5717/68 6986/5713/68 6988/5715/68
f 6993/5718/374 6992/5691/1 6991/5719/374
f 6994/3231/1 6991/5719/374 6992/5691/1
f 6992/5691/1 6995/5720/372 6994/3231/1
f 6996/5721/1796 6994/3231/1 6995/5720/372
f 6999/5666/375 6998/5665/287 6997/5667/375
f 7000/5618/287 6997/5667/375 6998/5665/287
f 6998/5665/287 7001/5663/376 7000/5618/287
f 7002/5664/376 7000/5618/287 7001/5663/376
f 7005/5722/1787 7004/5723/4 7003/5724/377
f 7006/5699/4 7003/5724/377 7004/5723/4
f 7004/5723/4 7007/5725/378 7006/5699/4
f 7008/5726/378 7006/5699/4 7007/5725/378
f 7011/5656/1797 7010/5655/86 7009/5657/371
f 7012/5630/86 7009/5657/371 7010/5655/86
f 7010/5655/86 7013/5653/370 7012/5630/86
f 7014/5654/370 7012/5630/86 7013/5653/370
f 7017/5681/1798 7016/5680/86 7015/5682/1799
f 7018/5629/86 7015/5682/1799 7016/5680/86
f 7016/5680/86 7019/5678/371 7018/5629/86
f 7020/5679/1800 7018/5629/86 7019/5678/371
f 7023/5727/1801 7022/5728/4 7021/5729/378
f 7024/5730/4 7021/5729/378 7022/5728/4
f 7022/5728/4 7025/5731/1802 7024/5730/4
f 7026/5732/1803 7024/5730/4 7025/5731/1802
f 7029/5671/376 7028/5670/287 7027/5672/376
f 7030/5617/287 7027/5672/376 7028/5670/287
f 7028/5670/287 7031/5668/375 7030/5617/287
f 7032/5669/1804 7030/5617/287 7031/5668/375
f 7035/5733/1793 7034/5734/1 7033/5735/374
f 7036/5693/1 7033/5735/374 7034/5734/1
f 7034/5734/1 7037/5736/1796 7036/5693/1
f 7038/5737/373 7036/5693/1 7037/5736/1796
f 7041/5711/68 7040/5738/68 7039/5739/68
f 7040/5738/68 7042/5714/68 7039/5739/68
f 7042/5714/68 7043/5740/68 7039/5739/68
f 7044/5741/68 7042/5714/68 7040/5738/68
f 7045/5715/68 7044/5741/68 7040/5738/68
f 7046/5713/68 7042/5714/68 7044/5741/68
f 7049/5742/69 7048/5743/69 7047/5702/69
f 7048/5743/69 7050/5706/69 7047/5702/69
f 7050/5706/69 7051/5744/69 7047/5702/69
f 7052/5709/69 7050/5706/69 7048/5743/69
f 7053/5745/69 7052/5709/69 7048/5743/69
f 7054/5705/69 7050/5706/69 7052/5709/69
f 7057/3544/1805 7056/3541/68 7055/3554/1805
f 7058/3551/68 7055/3554/1805 7056/3541/68
f 7056/3541/68 7059/3540/1806 7058/3551/68
f 7060/3543/1806 7058/3551/68 7059/3540/1806
f 7063/5746/1807 7062/5747/234 7061/5748/1807
f 7064/5749/234 7061/5748/1807 7062/5747/234
f 7062/5747/234 7065/5750/236 7064/5749/234
f 7066/5751/236 7064/5749/234 7065/5750/236
f 7069/5752/1808 7068/5753/669 7067/5754/1808
f 7070/5755/669 7067/5754/1808 7068/5753/669
f 7068/5753/669 7071/5756/670 7070/5755/669
f 7072/5757/670 7070/5755/669 7071/5756/670
f 7075/5758/86 7074/5759/1603 7073/5760/86
f 7076/5761/1603 7073/5760/86 7074/5759/1603
f 7079/5762/1 7078/5763/1 7077/5764/1
f 7080/5765/1 7077/5764/1 7078/5763/1
f 7083/5766/4 7082/5767/4 7081/5768/4
f 7084/5769/4 7081/5768/4 7082/5767/4
f 7087/5770/1603 7086/5771/1603 7085/5772/1603
f 7088/5773/1603 7085/5772/1603 7086/5771/1603
f 7091/5762/1 7090/5763/1 7089/5764/1
f 7092/5765/1 7089/5764/1 7090/5763/1
f 7095/5774/4 7094/5767/4 7093/5768/4
f 7096/5769/4 7093/5768/4 7094/5767/4
f 7099/5775/86 7098/5776/86 7097/5777/86
f 7100/5778/86 7097/5777/86 7098/5776/86
f 7103/5762/1 7102/5763/1 7101/5764/1
f 7104/5779/1 7101/5764/1 7102/5763/1
f 7107/5766/4 7106/5767/4 7105/5768/4
f 7108/5769/4 7105/5768/4 7106/5767/4
f 7111/5780/1603 7110/5781/86 7109/5782/1603
f 7112/5783/86 7109/5782/1603 7110/5781/86
f 7115/5762/1 7114/5763/1 7113/5764/1
f 7116/5779/1 7113/5764/1 7114/5763/1
f 7119/5774/4 7118/5767/4 7117/5768/4
f 7120/5769/4 7117/5768/4 7118/5767/4
f 7123/5784/1603 7122/5785/1603 7121/5786/1603
f 7124/5787/1603 7121/5786/1603 7122/5785/1603
f 7127/5762/1 7126/5763/1 7125/5764/1
f 7128/5765/1 7125/5764/1 7126/5763/1
f 7131/5774/4 7130/5767/4 7129/5768/4
f 7132/5769/4 7129/5768/4 7130/5767/4
f 7135/5788/86 7134/5789/86 7133/5790/86
f 7136/5791/86 7133/5790/86 7134/5789/86
f 7139/5762/1 7138/5763/1 7137/5764/1
f 7140/5779/1 7137/5764/1 7138/5763/1
f 7143/5766/4 7142/5767/4 7141/5768/4
f 7144/5769/4 7141/5768/4 7142/5767/4
f 7147/5792/1603 7146/5793/1603 7145/5794/1603
f 7148/5795/1603 7145/5794/1603 7146/5793/1603
f 7151/5762/1 7150/5763/1 7149/5764/1
f 7152/5765/1 7149/5764/1 7150/5763/1
f 7155/5774/4 7154/5767/4 7153/5768/4
f 7156/5769/4 7153/5768/4 7154/5767/4
f 7159/5796/86 7158/5797/86 7157/5798/86
f 7160/5799/86 7157/5798/86 7158/5797/86
f 7163/5762/1 7162/5763/1 7161/5764/1
f 7164/5765/1 7161/5764/1 7162/5763/1
f 7167/5766/4 7166/5800/4 7165/5768/4
f 7168/5769/4 7165/5768/4 7166/5800/4
f 7171/5801/287 7170/5802/287 7169/5803/287
f 7172/5804/287 7169/5803/287 7170/5802/287
f 7175/5805/287 7174/5806/287 7173/5807/287
f 7176/5808/287 7173/5807/287 7174/5806/287
f 7179/5809/287 7178/5810/287 7177/5811/287
f 7180/5812/287 7177/5811/287 7178/5810/287
f 7183/5813/287 7182/5814/287 7181/5815/287
f 7184/5816/287 7181/5815/287 7182/5814/287
f 7187/5817/287 7186/5818/287 7185/5819/287
f 7188/5820/287 7185/5819/287 7186/5818/287
f 7191/5821/287 7190/5822/287 7189/5823/287
f 7192/5824/287 7189/5823/287 7190/5822/287
f 7195/5825/287 7194/5826/287 7193/5827/287
f 7196/5828/287 7193/5827/287 7194/5826/287
f 7199/5829/287 7198/5830/287 7197/5831/287
f 7200/5832/287 7197/5831/287 7198/5830/287
f 7203/5803/1605 7202/5801/1605 7201/5804/287
f 7204/5802/287 7201/5804/287 7202/5801/1605
f 7207/5833/1 7206/5834/1 7205/5835/1
f 7208/5836/1 7205/5835/1 7206/5834/1
f 7211/5837/4 7210/5838/4 7209/5839/4
f 7212/5840/4 7209/5839/4 7210/5838/4
f 7215/5815/1605 7214/5813/1605 7213/5816/1605
f 7216/5814/1605 7213/5816/1605 7214/5813/1605
f 7219/5833/1 7218/5834/1 7217/5835/1
f 7220/5836/1 7217/5835/1 7218/5834/1
f 7223/5837/4 7222/5838/4 7221/5839/4
f 7224/5840/4 7221/5839/4 7222/5838/4
f 7227/5819/287 7226/5817/287 7225/5820/287
f 7228/5818/287 7225/5820/287 7226/5817/287
f 7231/5833/1 7230/5834/1 7229/5835/1
f 7232/5836/1 7229/5835/1 7230/5834/1
f 7235/5837/4 7234/5838/4 7233/5839/4
f 7236/5840/4 7233/5839/4 7234/5838/4
f 7239/5823/287 7238/5821/287 7237/5824/1605
f 7240/5822/1605 7237/5824/1605 7238/5821/287
f 7243/5833/1 7242/5834/1 7241/5835/1
f 7244/5836/1 7241/5835/1 7242/5834/1
f 7247/5837/4 7246/5838/4 7245/5839/4
f 7248/5840/4 7245/5839/4 7246/5838/4
f 7251/5807/1605 7250/5805/1605 7249/5808/1605
f 7252/5806/1605 7249/5808/1605 7250/5805/1605
f 7255/5833/1 7254/5834/1 7253/5835/1
f 7256/5836/1 7253/5835/1 7254/5834/1
f 7259/5837/4 7258/5838/4 7257/5839/4
f 7260/5840/4 7257/5839/4 7258/5838/4
f 7263/5811/287 7262/5809/287 7261/5812/287
f 7264/5810/287 7261/5812/287 7262/5809/287
f 7267/5833/1 7266/5834/1 7265/5835/1
f 7268/5836/1 7265/5835/1 7266/5834/1
f 7271/5837/4 7270/5838/4 7269/5839/4
f 7272/5840/4 7269/5839/4 7270/5838/4
f 7275/5827/1605 7274/5825/1605 7273/5828/1605
f 7276/5826/1605 7273/5828/1605 7274/5825/1605
f 7279/5833/1 7278/5834/1 7277/5835/1
f 7280/5836/1 7277/5835/1 7278/5834/1
f 7283/5837/4 7282/5838/4 7281/5839/4
f 7284/5840/4 7281/5839/4 7282/5838/4
f 7287/5831/287 7286/5829/287 7285/5832/287
f 7288/5830/287 7285/5832/287 7286/5829/287
f 7291/5833/1 7290/5834/1 7289/5835/1
f 7292/5836/1 7289/5835/1 7290/5834/1
f 7295/5837/4 7294/5838/4 7293/5839/4
f 7296/5840/4 7293/5839/4 7294/5838/4
f 7299/5760/86 7298/5758/86 7297/5761/86
f 7300/5759/86 7297/5761/86 7298/5758/86
f 7303/5786/86 7302/5784/86 7301/5787/86
f 7304/5785/86 7301/5787/86 7302/5784/86
f 7307/5790/86 7306/5788/86 7305/5791/86
f 7308/5789/86 7305/5791/86 7306/5788/86
f 7311/5772/86 7310/5770/86 7309/5773/86
f 7312/5771/86 7309/5773/86 7310/5770/86
f 7315/5777/86 7314/5775/86 7313/5778/86
f 7316/5776/86 7313/5778/86 7314/5775/86
f 7319/5782/86 7318/5780/86 7317/5783/86
f 7320/5781/86 7317/5783/86 7318/5780/86
f 7323/5794/86 7322/5792/86 7321/5795/86
f 7324/5793/86 7321/5795/86 7322/5792/86
f 7327/5798/86 7326/5796/86 7325/5799/86
f 7328/5797/86 7325/5799/86 7326/5796/86
f 7331/5841/68 7330/5842/68 7329/5843/68
f 7330/5842/68 7332/5844/68 7329/5843/68
f 7329/5843/68 7332/5844/68 7333/5845/68
f 7334/5846/1144 7332/5844/68 7330/5842/68
f 7337/5847/1251 7336/5848/1251 7335/5849/1251
f 7338/5850/1251 7335/5849/1251 7336/5848/1251
f 7341/5851/1 7340/5852/1 7339/5853/1
f 7342/5854/1 7339/5853/1 7340/5852/1
f 7345/5855/4 7344/5856/4 7343/5857/4
f 7346/5858/4 7343/5857/4 7344/5856/4
f 7349/5859/69 7348/5860/69 7347/5861/69
f 7350/5862/69 7347/5861/69 7348/5860/69
f 7353/5851/1 7352/5852/1 7351/5853/1
f 7354/5854/1 7351/5853/1 7352/5852/1
f 7357/5855/4 7356/5856/4 7355/5857/4
f 7358/5858/4 7355/5857/4 7356/5856/4
f 7361/5863/1251 7360/5864/69 7359/5865/1251
f 7362/5866/69 7359/5865/1251 7360/5864/69
f 7365/5851/1 7364/5852/1 7363/5853/1
f 7366/5854/1 7363/5853/1 7364/5852/1
f 7369/5855/4 7368/5856/4 7367/5857/4
f 7370/5858/4 7367/5857/4 7368/5856/4
f 7373/5867/1251 7372/5868/1251 7371/5869/1251
f 7374/5870/1251 7371/5869/1251 7372/5868/1251
f 7377/5851/1 7376/5852/1 7375/5853/1
f 7378/5854/1 7375/5853/1 7376/5852/1
f 7381/5855/4 7380/5856/4 7379/5857/4
f 7382/5858/4 7379/5857/4 7380/5856/4
f 7385/5871/69 7384/5872/69 7383/5873/69
f 7386/5874/69 7383/5873/69 7384/5872/69
f 7389/5851/1 7388/5852/1 7387/5853/1
f 7390/5854/1 7387/5853/1 7388/5852/1
f 7393/5855/4 7392/5856/4 7391/5857/4
f 7394/5858/4 7391/5857/4 7392/5856/4
f 7397/5875/68 7396/5876/68 7395/5877/68
f 7398/5878/68 7395/5877/68 7396/5876/68
f 7401/5879/68 7400/5880/68 7399/5881/68
f 7402/5882/68 7399/5881/68 7400/5880/68
f 7405/5883/68 7404/5884/68 7403/5885/68
f 7406/5886/68 7403/5885/68 7404/5884/68
f 7409/5887/68 7408/5888/68 7407/5889/68
f 7410/5890/68 7407/5889/68 7408/5888/68
f 7413/5891/68 7412/5892/68 7411/5893/68
f 7414/5894/68 7411/5893/68 7412/5892/68
f 7417/5895/1 7416/5896/1 7415/5897/1
f 7418/5898/1 7415/5897/1 7416/5896/1
f 7421/5899/86 7420/5900/86 7419/5901/86
f 7422/5902/86 7419/5901/86 7420/5900/86
f 7425/5903/69 7424/5904/69 7423/5905/69
f 7426/5906/69 7423/5905/69 7424/5904/69
f 7429/5907/287 7428/5908/287 7427/5909/287
f 7430/5910/287 7427/5909/287 7428/5908/287
f 7433/5911/4 7432/5912/4 7431/5913/4
f 7434/5914/4 7431/5913/4 7432/5912/4
f 7437/5915/1809 7436/5916/68 7435/5917/1810
f 7435/5917/1810 7436/5916/68 7438/5918/1811
f 7439/5919/1812 7436/5916/68 7437/5915/1809
f 7438/5918/1811 7436/5916/68 7440/5920/1813
f 7441/5921/1814 7436/5916/68 7439/5919/1812
f 7440/5920/1813 7436/5916/68 7442/5922/1815
f 7443/5923/1816 7436/5916/68 7441/5921/1814
f 7442/5922/1815 7436/5916/68 7443/5923/1816
f 7446/5924/68 7445/5925/1814 7444/5926/1816
f 7446/5924/68 7444/5926/1816 7447/5927/1815
f 7446/5924/68 7448/5928/1812 7445/5925/1814
f 7446/5924/68 7447/5927/1815 7449/5929/1813
f 7446/5924/68 7450/5930/1809 7448/5928/1812
f 7446/5924/68 7449/5929/1813 7451/5931/1811
f 7446/5924/68 7452/5932/1810 7450/5930/1809
f 7446/5924/68 7451/5931/1811 7452/5932/1810
f 7455/5933/86 7454/4419/1817 7453/4418/1818
f 7455/5933/86 7453/4418/1818 7456/4421/1819
f 7455/5933/86 7457/4420/1820 7454/4419/1817
f 7455/5933/86 7456/4421/1819 7458/4423/1821
f 7455/5933/86 7459/4422/1822 7457/4420/1820
f 7455/5933/86 7458/4423/1821 7460/4425/1823
f 7455/5933/86 7461/4424/1824 7459/4422/1822
f 7455/5933/86 7460/4425/1823 7461/4424/1824
f 7464/5934/287 7463/4427/1825 7462/4426/1826
f 7464/5934/287 7462/4426/1826 7465/4429/1827
f 7464/5934/287 7466/4428/1828 7463/4427/1825
f 7464/5934/287 7465/4429/1827 7467/4431/1829
f 7464/5934/287 7468/4430/1830 7466/4428/1828
f 7464/5934/287 7467/4431/1829 7469/4433/1831
f 7464/5934/287 7470/4432/1832 7468/4430/1830
f 7464/5934/287 7469/4433/1831 7470/4432/1832
g Litt_Deckhouse_A1_Tower_Main_mod_details_4
usemtl details_4
f 7473/5935/1833 7472/5936/1834 7471/5937/1835
f 7474/1085/1834 7471/5937/1835 7472/5936/1834
f 7472/5936/1834 7475/5938/1836 7474/1085/1834
f 7476/5939/1836 7474/1085/1834 7475/5938/1836
f 7479/5940/1837 7478/5941/1838 7477/5942/1837
f 7480/5943/1839 7477/5942/1837 7478/5941/1838
f 7478/5941/1838 7481/1093/1840 7480/5943/1839
f 7482/5944/1840 7480/5943/1839 7481/1093/1840
f 7481/1093/1840 7483/5945/1841 7482/5944/1840
f 7484/5946/1842 7482/5944/1840 7483/5945/1841
f 7483/5945/1841 7485/5947/1843 7484/5946/1842
f 7486/5948/1844 7484/5946/1842 7485/5947/1843
f 7489/5949/1845 7488/1055/1846 7487/5950/1847
f 7490/5951/1846 7487/5950/1847 7488/1055/1846
f 7488/1055/1846 7491/5952/1848 7490/5951/1846
f 7492/5953/1849 7490/5951/1846 7491/5952/1848
f 7495/5954/1850 7494/5955/1851 7493/5956/1852
f 7496/5957/1853 7493/5956/1852 7494/5955/1851
f 7494/5955/1851 7497/1077/1854 7496/5957/1853
f 7498/5958/1854 7496/5957/1853 7497/1077/1854
f 7497/1077/1854 7499/5959/1855 7498/5958/1854
f 7500/5960/1855 7498/5958/1854 7499/5959/1855
f 7499/5959/1855 7501/5961/1856 7500/5960/1855
f 7502/5962/1857 7500/5960/1855 7501/5961/1856
f 7505/5963/1858 7504/5964/1858 7503/5965/1859
f 7506/2069/1859 7503/5965/1859 7504/5964/1858
f 7503/5965/1859 7506/2069/1859 7507/5966/1860
f 7508/5967/1860 7507/5966/1860 7506/2069/1859
f 7511/5968/1861 7510/5969/1861 7509/5970/1862
f 7512/5971/1863 7509/5970/1862 7510/5969/1861
f 7509/5970/1862 7512/5971/1863 7513/2077/1864
f 7514/5972/1864 7513/2077/1864 7512/5971/1863
f 7513/2077/1864 7514/5972/1864 7515/5973/1865
f 7516/5974/1866 7515/5973/1865 7514/5972/1864
f 7515/5973/1865 7516/5974/1866 7517/5975/1867
f 7518/5976/1867 7517/5975/1867 7516/5974/1866
f 7521/5977/1868 7520/5978/1868 7519/2040/1869
f 7522/5979/1869 7519/2040/1869 7520/5978/1868
f 7519/2040/1869 7522/5979/1869 7523/5980/1870
f 7524/5981/1871 7523/5980/1870 7522/5979/1869
f 7527/5982/1872 7526/5983/1873 7525/5984/1874
f 7528/5985/1875 7525/5984/1874 7526/5983/1873
f 7525/5984/1874 7528/5985/1875 7529/2061/1876
f 7530/5986/1876 7529/2061/1876 7528/5985/1875
f 7529/2061/1876 7530/5986/1876 7531/5987/1877
f 7532/5988/1877 7531/5987/1877 7530/5986/1876
f 7531/5987/1877 7532/5988/1877 7533/5989/1878
f 7534/5990/1879 7533/5989/1878 7532/5988/1877
f 7537/5991/1880 7536/5992/1881 7535/5993/1882
f 7538/3756/1881 7535/5993/1882 7536/5992/1881
f 7536/5992/1881 7539/5994/1883 7538/3756/1881
f 7540/5995/1883 7538/3756/1881 7539/5994/1883
f 7543/5996/1884 7542/5997/1885 7541/5998/1884
f 7544/5999/1886 7541/5998/1884 7542/5997/1885
f 7542/5997/1885 7545/3764/1887 7544/5999/1886
f 7546/6000/1887 7544/5999/1886 7545/3764/1887
f 7545/3764/1887 7547/6001/1888 7546/6000/1887
f 7548/6002/1888 7546/6000/1887 7547/6001/1888
f 7547/6001/1888 7549/6003/1889 7548/6002/1888
f 7550/6004/1889 7548/6002/1888 7549/6003/1889
f 7553/6005/1890 7552/3726/1891 7551/6006/1892
f 7554/6007/1891 7551/6006/1892 7552/3726/1891
f 7552/3726/1891 7555/6008/1893 7554/6007/1891
f 7556/6009/1894 7554/6007/1891 7555/6008/1893
f 7559/6010/1895 7558/6011/1896 7557/6012/1897
f 7560/6013/1898 7557/6012/1897 7558/6011/1896
f 7558/6011/1896 7561/3748/1899 7560/6013/1898
f 7562/6014/1899 7560/6013/1898 7561/3748/1899
f 7561/3748/1899 7563/6015/1900 7562/6014/1899
f 7564/6016/1900 7562/6014/1899 7563/6015/1900
f 7563/6015/1900 7565/6017/1901 7564/6016/1900
f 7566/6018/1902 7564/6016/1900 7565/6017/1901
g Litt_Deckhouse_A1_Tower_Main_mod_details_3
usemtl details_3
f 7569/6019/8 7568/6020/1 7567/6021/1
f 7568/6020/1 7570/6022/1 7567/6021/1
f 7570/6022/1 7571/6023/1 7567/6021/1
f 7572/6024/1 7570/6022/1 7568/6020/1
f 7575/6025/1 7574/6026/1 7573/6027/1
f 7574/6026/1 7576/6028/1 7573/6027/1
f 7576/6028/1 7577/6029/7 7573/6027/1
f 7578/6030/1 7576/6028/1 7574/6026/1
f 7581/6031/146 7580/6032/146 7579/6033/132
f 7582/6034/132 7579/6033/132 7580/6032/146
f 7579/6033/132 7582/6034/132 7583/6035/142
f 7584/6036/142 7583/6035/142 7582/6034/132
f 7587/6037/1903 7586/6038/1903 7585/6039/1903
f 7588/6040/1903 7585/6039/1903 7586/6038/1903
f 7591/6041/1904 7590/6042/1904 7589/6043/1904
f 7592/6044/1904 7589/6043/1904 7590/6042/1904
f 7589/6043/1904 7592/6044/1904 7593/6045/1905
f 7594/6046/1905 7593/6045/1905 7592/6044/1904
f 7597/6047/1906 7596/6048/1906 7595/6049/1906
f 7598/6050/1906 7595/6049/1906 7596/6048/1906
f 7601/6051/1907 7600/6052/1907 7599/6053/1907
f 7602/6054/1907 7599/6053/1907 7600/6052/1907
f 7599/6053/1907 7602/6054/1907 7603/6055/1908
f 7604/6056/1908 7603/6055/1908 7602/6054/1907
f 7607/6057/1909 7606/6058/1 7605/6059/1910
f 7606/6058/1 7608/6060/1911 7605/6059/1910
f 7609/6061/1912 7606/6058/1 7607/6057/1909
f 7606/6058/1 7610/6062/1913 7608/6060/1911
f 7611/6063/1914 7606/6058/1 7609/6061/1912
f 7606/6058/1 7611/6063/1914 7610/6062/1913
f 7614/6064/1 7613/6065/1911 7612/6066/1910
f 7615/6067/1909 7614/6064/1 7612/6066/1910
f 7614/6064/1 7616/6068/1913 7613/6065/1911
f 7617/6069/1912 7614/6064/1 7615/6067/1909
f 7614/6064/1 7618/6070/1914 7616/6068/1913
f 7618/6070/1914 7614/6064/1 7617/6069/1912
f 7621/6071/1909 7620/6072/1 7619/6073/1910
f 7620/6072/1 7622/6074/1911 7619/6073/1910
f 7623/6075/1912 7620/6072/1 7621/6071/1909
f 7620/6072/1 7624/6076/1913 7622/6074/1911
f 7625/6077/1914 7620/6072/1 7623/6075/1912
f 7620/6072/1 7625/6077/1914 7624/6076/1913
