g Ariz_gun_cal356х4_001
v -2.7061293 2.674726 1.8807468
v -2.7061288 0.6056964 3.2949748
v -3.0364964 0.6056959 3.024573
v 1.05919E-08 0.60569465 -0.8343574
v -3.706269 0.60569304 -2.7451453
v -4.2063394 0.6056938 -0.83433616
v 4.2063394 0.60569507 -0.8343366
v 3.706269 0.60569423 -2.7451453
v 2.7061293 2.6747267 1.8807466
v 3.0364969 0.6056969 3.0245726
v 2.7061293 0.6056971 3.2949746
v 3.7816823 0.27512547 -2.5242302
v 3.217246 0.60569346 -3.213341
v 3.2172458 0.27512515 -3.2133408
v 3.7816832 0.60569364 -2.5242302
v 4.2023363 0.60569394 -1.7390482
v 4.2023363 0.27512562 -1.7390481
v 4.460098 0.27512592 -0.8863942
v 4.4600973 0.60569423 -0.8863943
v 4.5482545 0.60569453 -3.6266777E-06
v 4.548255 0.27512622 -3.4690504E-06
v 4.4600983 0.27512652 0.8863837
v 4.460098 0.60569465 0.886387
v 4.2023373 0.6056949 1.7390378
v 4.202337 0.27512667 1.7390379
v 3.7816842 0.2751268 2.5242198
v 3.7816842 0.605695 2.5242195
v 3.2172472 0.6056952 3.2133305
v 3.2172465 0.2751269 3.213331
v 3.217246 0.60569346 -3.213341
v 2.5281365 0.27512515 -3.7777758
v 3.2172458 0.27512515 -3.2133408
v 2.5281372 0.6056932 -3.7777798
v 1.742955 0.6056933 -4.1984286
v 1.7429547 0.27512482 -4.1984286
v 0.89030033 0.2751247 -4.4561915
v 0.89030033 0.605693 -4.4561915
v -3.4579486E-08 0.6056929 -4.5443473
v -1.35643035E-08 0.27512464 -4.544347
v -0.8903001 0.2751247 -4.4561915
v -0.89030033 0.605693 -4.4561915
v -1.742955 0.605693 -4.1984286
v -1.7429547 0.27512455 -4.1984286
v -2.528136 0.27512476 -3.7777767
v -2.5281365 0.605693 -3.777777
v -3.2172458 0.6056932 -3.213342
v -3.2172458 0.27512482 -3.2133417
v 2.5281374 0.27512705 3.777766
v 3.2172472 0.6056952 3.2133305
v 3.2172465 0.2751269 3.213331
v 2.5281377 0.60569525 3.7777672
v 1.7429556 0.6056954 4.198419
v 1.7429556 0.27512714 4.1984196
v 0.89030075 0.27512702 4.4561825
v 0.8903008 0.6056955 4.456182
v -3.4447837E-08 0.60569555 4.5443397
v -1.3432597E-08 0.27512708 4.54434
v -0.89030063 0.27512702 4.45618
v -0.8903008 0.6056955 4.45618
v -1.7429556 0.6056952 4.1984196
v -1.7429556 0.2751269 4.19842
v -2.5281372 0.2751268 3.7777658
v -2.5281374 0.605695 3.7777655
v -3.2172465 0.605695 3.2133303
v -3.2172463 0.27512655 3.2133305
v -3.2172458 0.6056932 -3.213342
v -3.781681 0.27512488 -2.524231
v -3.2172458 0.27512482 -3.2133417
v -3.781682 0.6056932 -2.5242312
v -4.2023344 0.6056934 -1.7390492
v -4.202334 0.27512515 -1.7390491
v -4.460095 0.27512544 -0.8863946
v -4.4600954 0.60569364 -0.8863948
v -4.548253 0.60569394 -4.1035146E-06
v -4.5482526 0.27512562 -3.9458873E-06
v -4.4600964 0.27512592 0.88638335
v -4.460097 0.6056941 0.8863866
v -4.202337 0.6056944 1.7390376
v -4.202335 0.2751261 1.7390378
v -3.7816827 0.27512622 2.5242195
v -3.7816832 0.6056946 2.5242195
v -3.2172465 0.605695 3.2133303
v -3.2172463 0.27512655 3.2133305
v -0.08579164 0.73503774 4.483887
v 0.093320794 0.8643928 3.482289
v 0.0933242 0.7350379 4.4838862
v -0.08579506 0.8643926 3.4822893
v -0.08579504 0.60570705 3.482289
v -0.08579164 0.73503774 4.483887
v -0.08579163 0.60569626 4.4838862
v -0.08579506 0.8643926 3.4822893
v -0.08579163 0.60569626 4.4838862
v 0.0933242 0.7350379 4.4838862
v 0.093324214 0.60569626 4.4838862
v -0.08579164 0.73503774 4.483887
v 0.093324214 0.60569626 4.4838862
v 0.093320794 0.8643928 3.482289
v 0.09332082 0.6057073 3.4822884
v 0.0933242 0.7350379 4.4838862
v 0.7906877 0.73503774 4.415203
v 0.77095467 0.86439306 3.3979082
v 0.9663621 0.7350379 4.380259
v 0.5952871 0.86439276 3.4328516
v 0.5952837 0.6057072 3.4328504
v 0.7906877 0.73503774 4.415203
v 0.7906877 0.6056964 4.415202
v 0.5952871 0.86439276 3.4328516
v 0.7906877 0.6056964 4.415202
v 0.9663621 0.7350379 4.380259
v 0.9663621 0.6056964 4.3802586
v 0.7906877 0.73503774 4.415203
v 0.9663621 0.6056964 4.3802586
v 0.77095467 0.86439306 3.3979082
v 0.77095455 0.6057073 3.3979073
v 0.9663621 0.7350379 4.380259
v 1.6369239 0.7350382 4.1768394
v 1.4573125 0.86439306 3.275175
v 1.8024081 0.7350382 4.1082945
v 1.2918314 0.86439276 3.3437197
v 1.2918316 0.6057073 3.3437188
v 1.6369239 0.7350382 4.1768394
v 1.6369239 0.6056965 4.1768394
v 1.2918314 0.86439276 3.3437197
v 1.6369239 0.6056965 4.1768394
v 1.8024081 0.7350382 4.1082945
v 1.8024081 0.60569656 4.1082945
v 1.6369239 0.7350382 4.1768394
v 1.8024081 0.60569656 4.1082945
v 1.4573125 0.86439306 3.275175
v 1.4573091 0.6057075 3.2751744
v 1.8024081 0.7350382 4.1082945
v 3.111 0.73503774 3.2338946
v 2.6000066 0.9797917 2.469601
v 3.2376513 0.7350379 3.1072412
v 2.4733555 0.9797914 2.5962546
v 2.4733553 0.60570693 2.5962527
v 3.111 0.73503774 3.2338946
v 3.1109996 0.60569626 3.2338946
v 2.4733555 0.9797914 2.5962546
v 3.1109996 0.60569626 3.2338946
v 3.2376513 0.7350379 3.1072412
v 3.2376473 0.60569626 3.1072412
v 3.111 0.73503774 3.2338946
v 3.2376473 0.60569626 3.1072412
v 2.6000066 0.9797917 2.469601
v 2.6000066 0.60570717 2.4695995
v 3.2376513 0.7350379 3.1072412
v 3.6821904 0.73503745 2.5655658
v 3.0319092 0.97979134 1.915646
v 3.7816994 0.7350375 2.416638
v 2.9324002 0.9797912 2.0645754
v 2.9324002 0.6057069 2.0645735
v 3.6821904 0.73503745 2.5655658
v 3.6821904 0.60569596 2.5655658
v 2.9324002 0.9797912 2.0645754
v 3.6821904 0.60569596 2.5655658
v 3.7816994 0.7350375 2.416638
v 3.7816994 0.6056959 2.416638
v 3.6821904 0.73503745 2.5655658
v 3.7816994 0.6056959 2.416638
v 3.0319092 0.97979134 1.915646
v 3.0319088 0.6057069 1.915646
v 3.7816994 0.7350375 2.416638
v 4.112025 0.73503697 1.7986379
v 3.3474464 0.9797908 1.2880712
v 4.180571 0.73503715 1.6331563
v 3.2789004 0.9797906 1.4535508
v 3.2789001 0.6057063 1.453549
v 4.112025 0.73503697 1.7986379
v 4.112025 0.6056955 1.7986379
v 3.2789004 0.9797906 1.4535508
v 4.112025 0.6056955 1.7986379
v 4.180571 0.73503715 1.6331563
v 4.180571 0.60569555 1.6331563
v 4.112025 0.73503697 1.7986379
v 4.180571 0.60569555 1.6331563
v 3.3474464 0.9797908 1.2880712
v 3.3474462 0.60570633 1.2880692
v 4.180571 0.73503715 1.6331563
v 4.3839765 0.7350366 0.9625973
v 3.534481 0.9797908 0.6110003
v 4.4189205 0.73503673 0.7869229
v 3.4995406 0.9797906 0.78667295
v 3.4995403 0.605706 0.7866731
v 4.3839765 0.7350366 0.9625973
v 4.3839765 0.6056952 0.9625974
v 3.4995406 0.9797906 0.78667295
v 4.3839765 0.6056952 0.9625974
v 4.4189205 0.73503673 0.7869229
v 4.4189205 0.6056951 0.786923
v 4.3839765 0.7350366 0.9625973
v 4.4189205 0.6056951 0.786923
v 3.534481 0.9797908 0.6110003
v 3.534481 0.60570604 0.6110005
v 4.4189205 0.73503673 0.7869229
v 4.487598 0.7350362 0.089558244
v 3.585834 0.9797904 -0.08955358
v 4.487598 0.7350363 -0.089557044
v 3.5858343 0.97979033 0.0895598
v 3.585834 0.60570574 0.08955998
v 4.487598 0.7350362 0.089558244
v 4.487598 0.6056948 0.08955831
v 3.5858343 0.97979033 0.0895598
v 4.487598 0.6056948 0.08955831
v 4.487598 0.7350363 -0.089557044
v 4.487598 0.6056947 -0.08955698
v 4.487598 0.7350362 0.089558244
v 4.487598 0.6056947 -0.08955698
v 3.585834 0.9797904 -0.08955358
v 3.5858335 0.6057059 -0.0895534
v 4.487598 0.7350363 -0.089557044
v -0.7832102 0.73503834 4.4152055
v -0.7634804 0.86439353 3.39791
v -0.58780944 0.8643933 3.432854
v -0.95888454 0.7350385 4.380262
v -0.58780944 0.6057077 3.4328532
v -0.7832102 0.73503834 4.4152055
v -0.58780944 0.8643933 3.432854
v -0.7832102 0.60569686 4.415205
v -0.7832102 0.60569686 4.415205
v -0.95888454 0.7350385 4.380262
v -0.7832102 0.73503834 4.4152055
v -0.95888454 0.605697 4.380261
v -0.95888454 0.605697 4.380261
v -0.7634804 0.86439353 3.39791
v -0.95888454 0.7350385 4.380262
v -0.7634771 0.6057078 3.3979092
v -1.6294463 0.7350386 4.1768427
v -1.4498348 0.8643933 3.2751782
v -1.2843537 0.8643931 3.3437223
v -1.7949274 0.7350386 4.1082973
v -1.2843537 0.6057077 3.3437216
v -1.6294463 0.7350386 4.1768427
v -1.2843537 0.8643931 3.3437223
v -1.629446 0.605697 4.1768417
v -1.629446 0.605697 4.1768417
v -1.7949274 0.7350386 4.1082973
v -1.6294463 0.7350386 4.1768427
v -1.7949271 0.6056969 4.1082973
v -1.7949271 0.6056969 4.1082973
v -1.4498348 0.8643933 3.2751782
v -1.7949274 0.7350386 4.1082973
v -1.4498314 0.6057079 3.2751772
v -3.103522 0.7350381 3.2338977
v -2.5925288 0.97979176 2.4696035
v -2.465876 0.9797918 2.5962572
v -3.2301736 0.7350383 3.1072438
v -2.465876 0.6057074 2.5962555
v -3.103522 0.7350381 3.2338977
v -2.465876 0.9797918 2.5962572
v -3.1035223 0.6056966 3.2338977
v -3.1035223 0.6056966 3.2338977
v -3.2301736 0.7350383 3.1072438
v -3.103522 0.7350381 3.2338977
v -3.2301702 0.60569656 3.1072438
v -3.2301702 0.60569656 3.1072438
v -2.5925288 0.97979176 2.4696035
v -3.2301736 0.7350383 3.1072438
v -2.5925293 0.6057075 2.4696016
v -3.6747124 0.7350376 2.5655682
v -3.024433 0.9797915 1.9156488
v -2.9249225 0.97979146 2.0645785
v -3.7742229 0.7350376 2.4166405
v -2.9249227 0.605707 2.0645766
v -3.6747124 0.7350376 2.5655682
v -2.9249225 0.97979146 2.0645785
v -3.6747124 0.60569596 2.5655682
v -3.6747124 0.60569596 2.5655682
v -3.7742229 0.7350376 2.4166405
v -3.6747124 0.7350376 2.5655682
v -3.7742229 0.605696 2.4166405
v -3.7742229 0.605696 2.4166405
v -3.024433 0.9797915 1.9156488
v -3.7742229 0.7350376 2.4166405
v -3.0244331 0.6057071 1.9156488
v -4.1045446 0.7350371 1.7986406
v -3.3399684 0.97979116 1.2880737
v -3.2714221 0.979791 1.4535534
v -4.173091 0.7350372 1.6331592
v -3.2714224 0.60570663 1.4535517
v -4.1045446 0.7350371 1.7986406
v -3.2714221 0.979791 1.4535534
v -4.1045446 0.6056956 1.7986406
v -4.1045446 0.6056956 1.7986406
v -4.173091 0.7350372 1.6331592
v -4.1045446 0.7350371 1.7986406
v -4.173091 0.60569555 1.6331592
v -4.173091 0.60569555 1.6331592
v -3.3399684 0.97979116 1.2880737
v -4.173091 0.7350372 1.6331592
v -3.3399684 0.6057067 1.2880719
v -4.376498 0.7350367 0.96260005
v -3.527003 0.97979087 0.6110034
v -3.4920604 0.9797908 0.78667575
v -4.411441 0.73503685 0.7869256
v -3.4920607 0.6057062 0.78667593
v -4.376498 0.7350367 0.96260005
v -3.4920604 0.9797908 0.78667575
v -4.376498 0.6056952 0.9626002
v -4.376498 0.6056952 0.9626002
v -4.411441 0.73503685 0.7869256
v -4.376498 0.7350367 0.96260005
v -4.411441 0.6056951 0.78692573
v -4.411441 0.6056951 0.78692573
v -3.527003 0.97979087 0.6110034
v -4.411441 0.73503685 0.7869256
v -3.527003 0.6057064 0.6110036
v -4.4801207 0.73503643 0.08956087
v -3.5783563 0.97979057 -0.08955024
v -3.578356 0.97979057 0.0895629
v -4.4801207 0.7350364 -0.08955418
v -3.5783563 0.6057059 0.08956308
v -4.4801207 0.73503643 0.08956087
v -3.578356 0.97979057 0.0895629
v -4.4801207 0.6056948 0.08956093
v -4.4801207 0.6056948 0.08956093
v -4.4801207 0.7350364 -0.08955418
v -4.4801207 0.73503643 0.08956087
v -4.4801207 0.60569483 -0.089554116
v -4.4801207 0.60569483 -0.089554116
v -3.5783563 0.97979057 -0.08955024
v -4.4801207 0.7350364 -0.08955418
v -3.5783565 0.60570604 -0.0895503
v -4.3764977 0.7350358 -0.9625484
v -3.527003 0.9797903 -0.6109511
v -4.4114404 0.7350361 -0.7868737
v -3.4920607 0.97979003 -0.78662366
v -3.4920611 0.6057055 -0.78662354
v -4.3764977 0.7350358 -0.9625484
v -4.3764977 0.6056943 -0.96254826
v -3.4920607 0.97979003 -0.78662366
v -4.3764977 0.6056943 -0.96254826
v -4.4114404 0.7350361 -0.7868737
v -4.4114404 0.60569435 -0.78687364
v -4.3764977 0.7350358 -0.9625484
v -4.4114404 0.60569435 -0.78687364
v -3.527003 0.9797903 -0.6109511
v -3.5270033 0.6057058 -0.610951
v -4.4114404 0.7350361 -0.7868737
v 4.383977 0.7350357 -0.96254295
v 3.534481 0.97979015 -0.61094636
v 3.4995403 0.97978985 -0.78661895
v 4.418921 0.735036 -0.7868685
v 3.49954 0.6057052 -0.78661877
v 4.383977 0.7350357 -0.96254295
v 3.4995403 0.97978985 -0.78661895
v 4.383977 0.6056943 -0.96254283
v 4.383977 0.6056943 -0.96254283
v 4.418921 0.735036 -0.7868685
v 4.383977 0.7350357 -0.96254295
v 4.418921 0.60569435 -0.7868684
v 4.418921 0.60569435 -0.7868684
v 3.534481 0.97979015 -0.61094636
v 4.418921 0.735036 -0.7868685
v 3.5344808 0.6057054 -0.61094624
v -2.2964234 2.894866 2.1505442
v -2.593662 2.7160394 2.2423155
v -2.6153045 2.7778218 2.2302432
v -2.2762606 2.8326323 2.1624973
v -1.8402625 2.9737482 2.065856
v -1.857426 3.036787 2.0539668
v -1.4050071 3.1452127 1.9803208
v -1.3920062 3.081281 1.9921333
v -0.93401456 3.1559188 1.9409186
v -0.9424251 3.2206159 1.9291744
v -0.47293875 3.2634702 1.9000959
v -0.4688104 3.19835 1.9118004
v -2.5196726E-07 3.2115133 1.9027653
v -2.623303E-07 3.27676 1.8910737
v 0.4729382 3.2634706 1.9000959
v 0.46880993 3.1983504 1.9118004
v 0.934014 3.1559193 1.9409182
v 0.9424246 3.220616 1.9291743
v 1.405007 3.145213 1.9803206
v 1.3920062 3.0812817 1.9921331
v 1.8402628 2.9737487 2.0658557
v 1.8574263 3.036788 2.0539665
v 2.2964234 2.894867 2.1505437
v 2.2762606 2.8326333 2.162497
v 2.593662 2.7160404 2.2423155
v 2.6153045 2.7778227 2.2302427
v -2.593662 2.7160392 2.1208532
v -2.2964234 2.894866 2.0532353
v -2.6153045 2.7778218 2.132773
v -2.2762606 2.8326323 2.041282
v -1.8402624 2.9737482 1.9450119
v -1.8574259 3.036787 1.9569011
v -1.4050071 3.1452127 1.8835455
v -1.3920062 3.081281 1.871733
v -0.93401426 3.1559188 1.8209149
v -0.9424251 3.2206159 1.8326591
v -0.47293863 3.2634697 1.8037318
v -0.46881035 3.19835 1.7920272
v -2.5512753E-07 3.2115133 1.7830659
v -2.6446844E-07 3.27676 1.7947576
v 0.4729383 3.2634706 1.8037314
v 0.46881 3.1983504 1.7920271
v 0.934014 3.1559193 1.8209147
v 0.9424246 3.220616 1.832659
v 1.405007 3.145213 1.8835452
v 1.3920062 3.0812817 1.8717326
v 1.8402628 2.9737487 1.9450117
v 1.8574263 3.036788 1.956901
v 2.2964234 2.894867 2.053235
v 2.2762606 2.8326333 2.0412817
v 2.593662 2.71604 2.120853
v 2.6153042 2.7778227 2.1327724
v -2.2964234 2.894866 2.0532353
v -2.6153045 2.7778218 2.2302432
v -2.6153045 2.7778218 2.132773
v -2.2964234 2.894866 2.1505442
v -1.857426 3.036787 2.0539668
v -1.8574259 3.036787 1.9569011
v -1.4050071 3.1452127 1.8835455
v -1.4050071 3.1452127 1.9803208
v -0.9424251 3.2206159 1.9291744
v -0.9424251 3.2206159 1.8326591
v -0.47293863 3.2634697 1.8037318
v -0.47293875 3.2634702 1.9000959
v -2.623303E-07 3.27676 1.8910737
v -2.6446844E-07 3.27676 1.7947576
v 0.4729383 3.2634706 1.8037314
v 0.4729382 3.2634706 1.9000959
v 0.9424246 3.220616 1.9291743
v 0.9424246 3.220616 1.832659
v 1.405007 3.145213 1.8835452
v 1.405007 3.145213 1.9803206
v 1.8574263 3.036788 2.0539665
v 1.8574263 3.036788 1.956901
v 2.2964234 2.894867 2.053235
v 2.2964234 2.894867 2.1505437
v 2.6153045 2.7778227 2.2302427
v 2.6153042 2.7778227 2.1327724
v 2.6153045 2.7778227 2.2302427
v 2.593662 2.71604 2.120853
v 2.593662 2.7160404 2.2423155
v 2.6153042 2.7778227 2.1327724
v -2.6153045 2.7778218 2.132773
v -2.593662 2.7160394 2.2423155
v -2.593662 2.7160392 2.1208532
v -2.6153045 2.7778218 2.2302432
v -2.6787274 2.6414459 0.47146335
v -2.733532 2.8003302 0.26396927
v -2.7335315 2.794305 0.47146353
v -2.6787276 2.647471 0.26396912
v 2.7335315 2.800331 0.2639688
v 2.6787274 2.6414468 0.47146335
v 2.7335317 2.794306 0.47146305
v 2.6787274 2.647472 0.26396912
v -2.678906 2.8100579 -4.7184052
v -2.733354 2.9690676 -4.9259
v -2.7333581 2.9630425 -4.7184052
v -2.6789017 2.8160827 -4.9258986
v 2.7333531 2.9690685 -4.9259
v 2.678905 2.810058 -4.7184052
v 2.7333574 2.9630435 -4.7184052
v 2.6789007 2.8160837 -4.9258986
v -2.6788418 2.7533777 -2.9737942
v -2.7334185 2.9123454 -3.1812875
v -2.733413 2.90632 -2.973793
v -2.6788473 2.7594028 -3.1812885
v 2.7334173 2.9123464 -3.1812875
v 2.6788409 2.7533782 -2.9737942
v 2.7334118 2.906321 -2.973793
v 2.6788464 2.7594037 -3.1812885
v 2.6787856 2.702724 -1.4366763
v 2.733473 2.8495986 -1.229182
v 2.7334743 2.8556244 -1.436676
v 2.6787841 2.6966987 -1.2291821
v -2.733474 2.849598 -1.2291814
v -2.6787856 2.7027228 -1.4366763
v -2.7334752 2.8556235 -1.436676
v -2.6787844 2.6966977 -1.2291821
v 0.31253985 3.3462079 0.6004062
v -0.31254038 3.3242939 1.2898797
v -0.31254038 3.3462079 0.6004062
v 0.31253982 3.3242939 1.28988
v -0.3125404 3.21443 1.2870138
v -0.31254038 3.3462079 0.6004062
v -0.31254038 3.3242939 1.2898797
v -0.31254044 3.2363443 0.59754026
v -0.31254044 3.2363443 0.59754026
v 0.31253985 3.3462079 0.6004062
v -0.31254038 3.3462079 0.6004062
v 0.31253982 3.2363443 0.59754026
v 0.31253982 3.2363443 0.59754026
v 0.31253982 3.3242939 1.28988
v 0.31253985 3.3462079 0.6004062
v 0.31253982 3.21443 1.2870138
v 0.31253982 3.21443 1.2870138
v -0.31254038 3.3242939 1.2898797
v 0.31253982 3.3242939 1.28988
v -0.3125404 3.21443 1.2870138
v -3.6041574 1.556387 1.4317175
v 3.6041567 1.7067456 1.5409591
v -3.6041577 1.7067454 1.5409592
v 3.604157 1.5563873 1.4317175
v -3.6041577 1.406029 1.5409592
v 3.6041567 1.4060292 1.5409592
v -3.6041577 1.7067454 1.5409592
v 3.6041567 1.6493139 1.7177159
v -3.6041577 1.6493138 1.7177159
v 3.6041567 1.7067456 1.5409591
v -3.6041577 1.6493138 1.7177159
v 3.6041567 1.4634609 1.7177157
v -3.6041577 1.4634607 1.7177159
v 3.6041567 1.6493139 1.7177159
v -3.6041577 1.4634607 1.7177159
v 3.6041567 1.4060292 1.5409592
v -3.6041577 1.406029 1.5409592
v 3.6041567 1.4634609 1.7177157
v 3.8863063 2.1374185 -6.0445623
v 2.6743288 2.1374176 -5.430543
v 3.8863068 2.1374173 -5.430543
v 2.6743288 2.137419 -6.0445642
v 3.886305 2.258887 -6.2235565
v 2.6743288 2.137419 -6.0445642
v 3.8863063 2.1374185 -6.0445623
v 2.6743283 2.258887 -6.2235575
v 3.8863063 2.8027587 -5.430543
v 2.6743286 2.8027582 -6.0445633
v 3.886306 2.8027577 -6.0445623
v 2.6743288 2.8027587 -5.430543
v 2.6743293 2.47009 -6.290767
v 3.886305 2.6812918 -6.2235565
v 2.6743279 2.6812923 -6.2235575
v 3.8863075 2.4700894 -6.2907653
v 2.6743283 2.258887 -6.2235575
v 3.886305 2.258887 -6.2235565
v 3.886306 2.8027577 -6.0445623
v 2.6743279 2.6812923 -6.2235575
v 3.886305 2.6812918 -6.2235565
v 2.6743286 2.8027582 -6.0445633
v 3.8863058 2.2588854 -5.2515364
v 2.6743288 2.1374176 -5.430543
v 2.6743286 2.258886 -5.251537
v 3.8863068 2.1374173 -5.430543
v 3.8863058 2.6812909 -5.2515364
v 2.6743298 2.470089 -5.184329
v 2.6743279 2.681291 -5.251537
v 3.8863082 2.4700878 -5.1843286
v 2.6743286 2.258886 -5.251537
v 3.8863058 2.2588854 -5.2515364
v 3.8863063 2.8027587 -5.430543
v 2.6743279 2.681291 -5.251537
v 2.6743288 2.8027587 -5.430543
v 3.8863058 2.6812909 -5.2515364
v 3.8863075 2.4700894 -6.2907653
v 3.886306 2.8027577 -6.0445623
v 3.886305 2.6812918 -6.2235565
v 3.886305 2.258887 -6.2235565
v 3.8863063 2.1374185 -6.0445623
v 3.8863068 2.1374173 -5.430543
v 3.8863063 2.8027587 -5.430543
v 3.8863082 2.4700878 -5.1843286
v 3.8863058 2.2588854 -5.2515364
v 3.8863058 2.6812909 -5.2515364
v 3.7994268 2.1743917 -4.949933
v 3.2349107 2.174392 -5.5508056
v 3.2349107 2.1743917 -4.949933
v 3.7994266 2.174392 -5.5508056
v 3.7994266 2.765781 -4.9499335
v 3.7994266 2.174392 -5.5508056
v 3.7994268 2.1743917 -4.949933
v 3.799426 2.765781 -5.5508056
v 3.2349107 2.1743917 -4.949933
v 3.2349105 2.765781 -5.5508056
v 3.2349105 2.765781 -4.9499335
v 3.2349107 2.174392 -5.5508056
v 3.2349105 2.765781 -4.9499335
v 3.799426 2.765781 -5.5508056
v 3.7994266 2.765781 -4.9499335
v 3.2349105 2.765781 -5.5508056
v 2.8919225 1.9766021 -4.894372
v 3.3445485 0.50746435 -4.8108897
v 3.1656525 0.60569245 -4.810889
v 3.1296148 1.6152856 -4.8738394
v 3.0595138 1.9766017 -4.89437
v 3.249544 1.7918396 -4.883873
v 3.2674675 1.6994581 -4.878623
v 2.7227545 2.0242648 -6.4171133
v 3.0595138 1.9766017 -4.89437
v 2.8919225 1.9766021 -4.894372
v 2.8903453 2.0242643 -6.417112
v 3.0478165 1.8236144 -6.417111
v 3.0595138 1.9766017 -4.89437
v 2.8903453 2.0242643 -6.417112
v 3.249544 1.7918396 -4.883873
v 2.2022252 0.50746375 -6.4171066
v 2.745294 0.60569173 -6.4171124
v 2.2022252 0.60569173 -6.4171066
v 2.9151971 0.50746375 -6.4171104
v 2.8966558 1.6391163 -6.417111
v 2.7227545 2.0242648 -6.4171133
v 2.8903453 2.0242643 -6.417112
v 3.0494604 1.723289 -6.417111
v 3.0478165 1.8236144 -6.417111
v 2.622584 0.60569245 -4.810889
v 3.3445485 0.50746435 -4.8108897
v 2.622584 0.5074641 -4.810889
v 3.1656525 0.60569245 -4.810889
v 2.2022252 0.60569173 -6.4171066
v 2.622584 0.5074641 -4.810889
v 2.2022252 0.50746375 -6.4171066
v 2.622584 0.60569245 -4.810889
v 2.622584 0.5074641 -4.810889
v 2.9151971 0.50746375 -6.4171104
v 2.2022252 0.50746375 -6.4171066
v 3.3445485 0.50746435 -4.8108897
v 2.9151971 0.50746375 -6.4171104
v 3.1296148 1.6152856 -4.8738394
v 2.8966558 1.6391163 -6.417111
v 3.3445485 0.50746435 -4.8108897
v 2.8966558 1.6391163 -6.417111
v 3.2674675 1.6994581 -4.878623
v 3.0494604 1.723289 -6.417111
v 3.1296148 1.6152856 -4.8738394
v 3.0494604 1.723289 -6.417111
v 3.249544 1.7918396 -4.883873
v 3.0478165 1.8236144 -6.417111
v 3.2674675 1.6994581 -4.878623
v -3.893784 2.1374178 -6.044562
v -2.6818068 2.1374168 -5.430543
v -2.6818066 2.1374183 -6.0445633
v -3.8937838 2.1374164 -5.430542
v -3.8937829 2.258886 -6.2235556
v -2.6818066 2.1374183 -6.0445633
v -2.681806 2.2588866 -6.2235565
v -3.893784 2.1374178 -6.044562
v -3.893784 2.8027575 -5.430542
v -2.6818068 2.8027573 -6.0445623
v -2.6818068 2.8027582 -5.430543
v -3.893784 2.8027568 -6.044562
v -3.8937829 2.6812909 -6.2235556
v -2.6818068 2.470089 -6.2907653
v -2.6818054 2.6812913 -6.2235565
v -3.8937857 2.4700885 -6.290763
v -2.681806 2.2588866 -6.2235565
v -3.8937829 2.258886 -6.2235556
v -3.893784 2.8027568 -6.044562
v -2.6818054 2.6812913 -6.2235565
v -2.6818068 2.8027573 -6.0445623
v -3.8937829 2.6812909 -6.2235556
v -3.8937829 2.2588844 -5.251535
v -2.6818068 2.1374168 -5.430543
v -3.8937838 2.1374164 -5.430542
v -2.6818063 2.258885 -5.2515364
v -2.6818073 2.4700878 -5.1843286
v -3.8937829 2.6812901 -5.251535
v -2.6818056 2.6812901 -5.2515364
v -3.8937852 2.4700868 -5.1843286
v -2.6818063 2.258885 -5.2515364
v -3.8937829 2.2588844 -5.251535
v -3.893784 2.8027575 -5.430542
v -2.6818056 2.6812901 -5.2515364
v -3.8937829 2.6812901 -5.251535
v -2.6818068 2.8027582 -5.430543
v -3.8069036 2.1743908 -4.949933
v -3.2423892 2.174391 -5.550804
v -3.8069043 2.174391 -5.550804
v -3.2423885 2.1743908 -4.949933
v -3.8069036 2.76578 -4.9499335
v -3.8069043 2.174391 -5.550804
v -3.8069046 2.76578 -5.550804
v -3.8069036 2.1743908 -4.949933
v -3.2423885 2.1743908 -4.949933
v -3.2423894 2.76578 -5.550804
v -3.2423892 2.174391 -5.550804
v -3.2423887 2.76578 -4.9499335
v -3.2423887 2.76578 -4.9499335
v -3.8069046 2.76578 -5.550804
v -3.2423894 2.76578 -5.550804
v -3.8069036 2.76578 -4.9499335
v -3.3520262 0.5074638 -4.810889
v -2.8994 1.9766014 -4.894371
v -3.17313 0.60569197 -4.810889
v -3.137092 1.615285 -4.8738394
v -3.0669916 1.9766008 -4.894369
v -3.2570217 1.7918386 -4.883872
v -3.2749453 1.6994572 -4.878622
v -2.7302322 2.024264 -6.4171124
v -3.0669916 1.9766008 -4.894369
v -2.8978233 2.0242636 -6.41711
v -2.8994 1.9766014 -4.894371
v -3.055294 1.8236134 -6.417109
v -3.0669916 1.9766008 -4.894369
v -3.2570217 1.7918386 -4.883872
v -2.8978233 2.0242636 -6.41711
v -2.7527719 0.6056912 -6.417111
v -2.2097025 0.5074633 -6.4171042
v -2.2097025 0.6056912 -6.4171042
v -2.9226744 0.5074629 -6.4171085
v -2.9041336 1.6391155 -6.417109
v -2.7302322 2.024264 -6.4171124
v -2.8978233 2.0242636 -6.41711
v -3.0569377 1.7232882 -6.417109
v -3.055294 1.8236134 -6.417109
v -2.6300616 0.60569197 -4.810889
v -3.3520262 0.5074638 -4.810889
v -3.17313 0.60569197 -4.810889
v -2.6300616 0.5074637 -4.810889
v -2.2097025 0.6056912 -6.4171042
v -2.6300616 0.5074637 -4.810889
v -2.6300616 0.60569197 -4.810889
v -2.2097025 0.5074633 -6.4171042
v -2.6300616 0.5074637 -4.810889
v -2.9226744 0.5074629 -6.4171085
v -3.3520262 0.5074638 -4.810889
v -2.2097025 0.5074633 -6.4171042
v -2.9226744 0.5074629 -6.4171085
v -3.137092 1.615285 -4.8738394
v -3.3520262 0.5074638 -4.810889
v -2.9041336 1.6391155 -6.417109
v -2.9041336 1.6391155 -6.417109
v -3.2749453 1.6994572 -4.878622
v -3.137092 1.615285 -4.8738394
v -3.0569377 1.7232882 -6.417109
v -3.0569377 1.7232882 -6.417109
v -3.2570217 1.7918386 -4.883872
v -3.2749453 1.6994572 -4.878622
v -3.055294 1.8236134 -6.417109
v -3.8937838 2.1374164 -5.430542
v -3.8937852 2.4700868 -5.1843286
v -3.8937829 2.2588844 -5.251535
v -3.893784 2.8027575 -5.430542
v -3.8937829 2.6812901 -5.251535
v -3.893784 2.8027568 -6.044562
v -3.893784 2.1374178 -6.044562
v -3.8937829 2.258886 -6.2235556
v -3.8937857 2.4700885 -6.290763
v -3.8937829 2.6812909 -6.2235556
v 2.6169446 2.7662692 -3.6962564
v 3.51636 0.7366404 -3.7102182
v 3.3522995 0.6791949 -3.6958745
v 2.7833405 2.823711 -3.7106006
v 2.7833405 2.823711 -3.7106006
v 3.5065503 0.73507637 -3.7682402
v 3.51636 0.7366404 -3.7102182
v 2.782955 2.8221502 -3.7686195
v 2.6162996 2.7647052 -3.754275
v 3.5065503 0.73507637 -3.7682402
v 2.782955 2.8221502 -3.7686195
v 3.34223 0.6776309 -3.753896
v 2.6162996 2.7647052 -3.754275
v 2.7833405 2.823711 -3.7106006
v 2.6169446 2.7662692 -3.6962564
v 2.782955 2.8221502 -3.7686195
v 2.622136 2.780418 -3.1713045
v 3.6044846 0.7507894 -3.1852582
v 3.4427617 0.69334 -3.170915
v 2.7861931 2.8378596 -3.1856472
v 2.7861931 2.8378596 -3.1856472
v 3.5948002 0.74922156 -3.2432828
v 3.6044846 0.7507894 -3.1852582
v 2.7859337 2.836296 -3.2436714
v 2.6216192 2.7788544 -3.229328
v 3.5948002 0.74922156 -3.2432828
v 2.7859337 2.836296 -3.2436714
v 3.4328167 0.6917779 -3.2289388
v 2.6216192 2.7788544 -3.229328
v 2.7861931 2.8378596 -3.1856472
v 2.622136 2.780418 -3.1713045
v 2.7859337 2.836296 -3.2436714
v 3.5065503 0.73507637 -3.7682402
v 3.3522995 0.6791949 -3.6958745
v 3.51636 0.7366404 -3.7102182
v 3.34223 0.6776309 -3.753896
v 3.5948002 0.74922156 -3.2432828
v 3.4427617 0.69334 -3.170915
v 3.6044846 0.7507894 -3.1852582
v 3.4328167 0.6917779 -3.2289388
v -2.616945 2.766269 -3.6962574
v -3.5163596 0.73664 -3.7102187
v -2.783341 2.8237107 -3.7106013
v -3.3522997 0.6791947 -3.6958754
v -2.783341 2.8237107 -3.7106013
v -3.5065496 0.73507595 -3.7682407
v -2.7829552 2.82215 -3.7686203
v -3.5163596 0.73664 -3.7102187
v -2.6163006 2.764705 -3.754276
v -3.5065496 0.73507595 -3.7682407
v -3.34223 0.67763054 -3.753897
v -2.7829552 2.82215 -3.7686203
v -2.6163006 2.764705 -3.754276
v -2.783341 2.8237107 -3.7106013
v -2.7829552 2.82215 -3.7686203
v -2.616945 2.766269 -3.6962574
v -2.6221373 2.7804177 -3.1713045
v -3.604484 0.7507889 -3.185259
v -2.786194 2.8378592 -3.1856477
v -3.4427617 0.6933396 -3.1709154
v -2.786194 2.8378592 -3.1856477
v -3.5948 0.74922097 -3.2432835
v -2.7859347 2.8362954 -3.2436714
v -3.604484 0.7507889 -3.185259
v -2.6216204 2.7788537 -3.2293282
v -3.5948 0.74922097 -3.2432835
v -3.4328167 0.69177747 -3.2289395
v -2.7859347 2.8362954 -3.2436714
v -2.6216204 2.7788537 -3.2293282
v -2.786194 2.8378592 -3.1856477
v -2.7859347 2.8362954 -3.2436714
v -2.6221373 2.7804177 -3.1713045
v -3.5065496 0.73507595 -3.7682407
v -3.3522997 0.6791947 -3.6958754
v -3.34223 0.67763054 -3.753897
v -3.5163596 0.73664 -3.7102187
v -3.5948 0.74922097 -3.2432835
v -3.4427617 0.6933396 -3.1709154
v -3.4328167 0.69177747 -3.2289395
v -3.604484 0.7507889 -3.185259
v -0.5963305 2.3384497 -6.686653
v -0.812275 3.5766203 -6.095523
v -0.87494767 3.5766203 -6.2040744
v -0.2550408 2.3384502 -6.0955224
v -0.87494767 3.5766208 -5.986971
v -0.5963305 2.3384504 -5.5043907
v -1.27891 2.3384497 -6.686653
v -0.87494767 3.5766203 -6.2040744
v -1.000293 3.5766203 -6.2040744
v -0.5963305 2.3384497 -6.686653
v -1.000293 3.5766203 -6.2040744
v -1.6201997 2.3384502 -6.0955224
v -1.27891 2.3384497 -6.686653
v -1.0629656 3.5766203 -6.095523
v -1.27891 2.3384504 -5.5043907
v -1.000293 3.5766208 -5.986971
v -0.5963305 2.3384504 -5.5043907
v -1.000293 3.5766208 -5.986971
v -0.87494767 3.5766208 -5.986971
v -1.27891 2.3384504 -5.5043907
v -0.88663954 4.1780066 -6.1838245
v -1.039582 4.1780066 -6.095523
v -0.9886015 4.1780066 -6.1838245
v -0.8866395 4.178007 -6.0072207
v -0.8356585 4.1780066 -6.095523
v -0.9886012 4.178007 -6.0072207
v -0.812275 3.5766203 -6.095523
v -0.88663954 4.1780066 -6.1838245
v -0.87494767 3.5766203 -6.2040744
v -0.8356585 4.1780066 -6.095523
v -0.87494767 3.5766208 -5.986971
v -0.8866395 4.178007 -6.0072207
v -0.9886015 4.1780066 -6.1838245
v -0.87494767 3.5766203 -6.2040744
v -0.88663954 4.1780066 -6.1838245
v -1.000293 3.5766203 -6.2040744
v -1.039582 4.1780066 -6.095523
v -1.000293 3.5766203 -6.2040744
v -0.9886015 4.1780066 -6.1838245
v -1.0629656 3.5766203 -6.095523
v -0.9886012 4.178007 -6.0072207
v -1.000293 3.5766208 -5.986971
v -0.8866395 4.178007 -6.0072207
v -1.000293 3.5766208 -5.986971
v -0.9886012 4.178007 -6.0072207
v -0.87494767 3.5766208 -5.986971
v 1.2789102 2.3384502 -6.686653
v 1.0629658 3.5766203 -6.095523
v 1.000293 3.5766203 -6.2040744
v 1.6201998 2.3384504 -6.0955224
v 1.000293 3.5766208 -5.986971
v 1.27891 2.3384507 -5.5043907
v 0.5963307 2.3384497 -6.686653
v 1.000293 3.5766203 -6.2040744
v 0.8749478 3.5766203 -6.2040744
v 1.2789102 2.3384502 -6.686653
v 0.8749478 3.5766203 -6.2040744
v 0.255041 2.3384502 -6.0955224
v 0.5963307 2.3384497 -6.686653
v 0.8122752 3.5766203 -6.095523
v 0.59633076 2.3384504 -5.5043907
v 0.8749478 3.5766208 -5.986971
v 1.27891 2.3384507 -5.5043907
v 0.8749478 3.5766208 -5.986971
v 1.000293 3.5766208 -5.986971
v 0.59633076 2.3384504 -5.5043907
v 0.988601 4.1780066 -6.1838245
v 0.8356586 4.1780066 -6.095523
v 0.8866393 4.1780066 -6.1838245
v 0.9886012 4.178007 -6.0072207
v 1.0395821 4.1780066 -6.095523
v 0.88663936 4.178007 -6.0072207
v 1.0629658 3.5766203 -6.095523
v 0.988601 4.1780066 -6.1838245
v 1.000293 3.5766203 -6.2040744
v 1.0395821 4.1780066 -6.095523
v 1.000293 3.5766208 -5.986971
v 0.9886012 4.178007 -6.0072207
v 0.8866393 4.1780066 -6.1838245
v 1.000293 3.5766203 -6.2040744
v 0.988601 4.1780066 -6.1838245
v 0.8749478 3.5766203 -6.2040744
v 0.8356586 4.1780066 -6.095523
v 0.8749478 3.5766203 -6.2040744
v 0.8866393 4.1780066 -6.1838245
v 0.8122752 3.5766203 -6.095523
v 0.88663936 4.178007 -6.0072207
v 0.8749478 3.5766208 -5.986971
v 0.9886012 4.178007 -6.0072207
v 0.8749478 3.5766208 -5.986971
v 0.88663936 4.178007 -6.0072207
v 1.000293 3.5766208 -5.986971
v -2.7061286 0.60569656 3.7653441
v 2.2756143E-07 0.60569674 3.2949746
v -2.7061288 0.6056964 3.2949748
v 4.1253932E-07 0.60569704 3.765344
v 2.7061293 0.6056975 3.765344
v 2.7061293 0.6056971 3.2949746
v -2.7061293 2.674726 1.8807468
v -1.846392 2.9905388 2.135249
v -2.7061288 2.674726 2.3511157
v -1.8463922 2.9905396 1.6648797
v -0.9376205 3.1720226 2.0112028
v -0.9376206 3.1720223 1.5408332
v -2.5389383E-07 3.224677 1.9752101
v -2.4614297E-07 3.2246768 1.504841
v 0.93762004 3.172023 1.5408332
v 0.93762004 3.1720233 2.0112026
v 1.846392 2.9905398 1.6648794
v 1.8463922 2.9905398 2.135249
v 2.7061293 2.6747267 1.8807466
v 2.706129 2.6747272 2.3511152
v -2.7061288 2.674726 2.3511157
v -2.7061288 0.6056964 3.2949748
v -2.7061293 2.674726 1.8807468
v -2.7061286 0.60569656 3.7653441
v -3.0364964 0.6056959 3.024573
v -3.56777 0.6056954 2.3759627
v -2.7061293 2.674726 1.8807468
v -3.963716 0.6056949 1.6368977
v -2.7061298 0.60569155 -6.5667624
v -1.8463928 3.265089 -6.895779
v -2.7061303 2.9492764 -6.566764
v -1.8463923 0.60569155 -6.895777
v -0.93762106 3.4465725 -7.084842
v -0.9376206 0.6056915 -7.084841
v -6.6546437E-07 3.4992268 -7.139701
v -2.2855279E-07 0.6056916 -7.139699
v 0.93762004 0.60569173 -7.084841
v 0.9376197 3.4465728 -7.084842
v 1.8463919 0.605692 -6.895777
v 1.8463914 3.2650898 -6.895779
v 2.7061293 0.60569227 -6.5667624
v 2.7061288 2.949277 -6.566764
v -3.963716 0.6056949 1.6368977
v -4.2063355 0.6056946 0.83430845
v -2.7061293 2.674726 1.8807468
v -2.7061298 2.7239008 0.367716
v -4.289311 0.60569423 -7.0030433E-06
v -4.2063394 0.6056938 -0.83433616
v -2.70613 2.7791731 -1.3329293
v -2.70613 2.8358738 -3.0775409
v -3.706269 0.60569304 -2.7451453
v -3.2061996 0.60569227 -4.6559544
v -2.70613 2.8925748 -4.822152
v -2.7505844 0.6056916 -6.396899
v -2.7061303 2.943635 -6.3931866
v -2.7061298 0.60569155 -6.5667624
v -2.7505844 0.6056916 -6.396899
v -2.7061303 2.9492764 -6.566764
v 2.706129 2.6747272 2.3511152
v 2.7061293 0.6056971 3.2949746
v 2.7061293 0.6056975 3.765344
v 2.7061293 2.6747267 1.8807466
v 3.0364969 0.6056969 3.0245726
v 2.7061293 2.6747267 1.8807466
v 3.5677702 0.6056967 2.3759627
v 3.9637163 0.60569614 1.6368974
v 3.9637163 0.60569614 1.6368974
v 2.7061293 2.6747267 1.8807466
v 4.206336 0.6056958 0.83430797
v 2.7061293 2.7239015 0.367716
v 4.2893114 0.6056955 -7.479882E-06
v 4.2063394 0.60569507 -0.8343366
v 2.706129 2.7791739 -1.3329293
v 2.706129 2.8358746 -3.0775409
v 3.706269 0.60569423 -2.7451453
v 3.2061996 0.6056932 -4.6559544
v 2.706129 2.892576 -4.822152
v 2.7505834 0.6056923 -6.396899
v 2.7061288 2.9436355 -6.3931875
v 2.7061293 0.60569227 -6.5667624
v 2.7505834 0.6056923 -6.396899
v 2.7061288 2.949277 -6.566764
v -2.7061303 2.9492764 -6.566764
v -1.8463928 3.2595224 -6.722202
v -2.7061303 2.943635 -6.3931866
v -1.8463928 3.265089 -6.895779
v -0.93762106 3.441048 -6.911265
v -0.93762106 3.4465725 -7.084842
v -6.570447E-07 3.4937139 -6.9661236
v -6.6546437E-07 3.4992268 -7.139701
v 0.9376197 3.4465728 -7.084842
v 0.9376197 3.441048 -6.911265
v 1.8463914 3.2650898 -6.895779
v 1.8463916 3.259523 -6.7222033
v 2.7061288 2.949277 -6.566764
v 2.7061288 2.9436355 -6.3931875
v 0.93762004 3.1720233 2.0112026
v 1.8258485 2.6250412 2.3850744
v 1.6724072 2.5404658 2.4428854
v 1.552031 2.4075785 2.5337172
v 1.4484468 2.2510407 2.6407127
v 1.8463922 2.9905398 2.135249
v 1.9959115 2.6551988 2.364461
v 2.1659753 2.625042 2.385074
v 2.3194168 2.5404668 2.4428847
v 2.706129 2.6747272 2.3511152
v 2.4397929 2.407579 2.5337162
v 2.5433772 2.2510414 2.640712
v 2.543376 1.0191777 3.4827197
v 2.7061293 0.6056975 3.765344
v 1.4484473 1.0191772 3.4827197
v 4.1253932E-07 0.60569704 3.765344
v 1.2127726 1.0191776 3.4827194
v 1.2127721 2.2510407 2.6407135
v 0.66530174 1.0191776 3.48272
v 1.1091869 2.4075785 2.5337172
v 0.98881096 2.5404663 2.442885
v 0.83536994 2.625042 2.3850746
v -2.5389383E-07 3.224677 1.9752101
v 0.66530126 2.6551976 2.3644624
v 0.49524394 2.6250412 2.385075
v 0.3418025 2.540465 2.4428859
v 0.22142643 2.4075775 2.5337176
v 0.11784208 2.2510407 2.6407144
v 0.117842555 1.0191767 3.4827206
v -0.11783165 1.0191773 3.4827206
v -0.11783182 2.2510407 2.6407144
v -0.665302 1.0191773 3.4827206
v -0.22141647 2.4075785 2.5337172
v -1.2127609 1.0191771 3.4827206
v -0.3417924 2.5404668 2.442885
v -0.49523363 2.6250417 2.3850756
v -0.6653024 2.6551976 2.364463
v -0.8353596 2.6250412 2.3850758
v -0.9376205 3.1720226 2.0112028
v -0.9888011 2.540465 2.4428864
v -1.1091772 2.4075775 2.5337176
v -2.7061286 0.60569656 3.7653441
v -1.2127618 2.2510402 2.6407146
v -1.4484411 1.0191774 3.4827206
v -1.4484414 2.2510407 2.6407142
v -2.5433707 1.0191765 3.482721
v -2.5433698 2.2510402 2.6407142
v -1.552026 2.4075775 2.5337176
v -1.6724021 2.540465 2.4428864
v -1.8258433 2.6250412 2.3850765
v -2.7061288 2.674726 2.3511157
v -2.4397845 2.407578 2.5337179
v -2.3194096 2.5404658 2.4428859
v -1.846392 2.9905388 2.135249
v -1.9959064 2.6551988 2.364463
v -2.1659687 2.625042 2.385076
v 4.4600973 0.60569423 -0.8863943
v -3.4515452E-08 0.6057056 2.0215173E-05
v 4.2023363 0.60569394 -1.7390482
v 4.5482545 0.60569453 -3.6266777E-06
v 3.7816832 0.60569364 -2.5242302
v 4.460098 0.60569465 0.886387
v 3.217246 0.60569346 -3.213341
v 4.2023373 0.6056949 1.7390378
v 2.5281372 0.6056932 -3.7777798
v 3.7816842 0.605695 2.5242195
v 1.742955 0.6056933 -4.1984286
v 3.2172472 0.6056952 3.2133305
v 0.89030033 0.605693 -4.4561915
v 2.5281377 0.60569525 3.7777672
v -3.4579486E-08 0.6056929 -4.5443473
v 1.7429556 0.6056954 4.198419
v -0.89030033 0.605693 -4.4561915
v 0.8903008 0.6056955 4.456182
v -1.742955 0.605693 -4.1984286
v -3.4447837E-08 0.60569555 4.5443397
v -2.5281365 0.605693 -3.777777
v -0.8903008 0.6056955 4.45618
v -3.2172458 0.6056932 -3.213342
v -1.7429556 0.6056952 4.1984196
v -3.781682 0.6056932 -2.5242312
v -2.5281374 0.605695 3.7777655
v -4.2023344 0.6056934 -1.7390492
v -3.2172465 0.605695 3.2133303
v -4.4600954 0.60569364 -0.8863948
v -3.7816832 0.6056946 2.5242195
v -4.548253 0.60569394 -4.1035146E-06
v -4.202337 0.6056944 1.7390376
v -4.460097 0.6056941 0.8863866
v -3.6041577 1.406029 1.5409592
v -3.6041574 1.556387 1.4317175
v -3.679984 1.5563872 1.5898135
v -3.6041577 1.4634607 1.7177159
v -3.6041577 1.7067454 1.5409592
v -3.6041577 1.6493138 1.7177159
v 3.604157 1.5563873 1.4317175
v 3.6041567 1.4060292 1.5409592
v 3.6799834 1.5563874 1.5898137
v 3.6041567 1.7067456 1.5409591
v 3.6041567 1.4634609 1.7177157
v 3.6041567 1.6493139 1.7177159
v 3.7486327 2.2337937 -4.94993
v 3.2349107 2.1743917 -4.949933
v 3.4919407 2.2337937 -4.94993
v 3.7994268 2.1743917 -4.949933
v 3.2349105 2.765781 -4.9499335
v 3.7486324 2.7063787 -4.9499283
v 3.4919405 2.7063787 -4.9499283
v 3.7994266 2.765781 -4.9499335
v -3.2423885 2.1743908 -4.949933
v -3.7561095 2.2337928 -4.949929
v -3.4994185 2.2337928 -4.949929
v -3.8069036 2.1743908 -4.949933
v -3.2423887 2.76578 -4.9499335
v -3.7561095 2.7063777 -4.949928
v -3.499419 2.7063777 -4.949928
v -3.8069036 2.76578 -4.9499335
v 2.3478677 -1.6629652E-07 -2.348749
v 3.0679076 0.2751182 -1.271134
v 2.3478682 0.2751177 -2.3487504
v 3.067907 2.2834138E-07 -1.2711334
v 3.3207529 0.27511835 -3.696052E-07
v 3.3207529 5.9604633E-07 -2.3841886E-07
v 3.0679083 0.27511883 1.2711326
v 3.0679076 1.0829604E-06 1.2711326
v 2.347869 0.2751191 2.3487487
v 2.3478684 1.2391797E-06 2.3487482
v 2.3478682 0.2751177 -2.3487504
v 1.2702527 -3.9042874E-07 -3.0687883
v 2.3478677 -1.6629652E-07 -2.348749
v 1.2702531 0.27511758 -3.068789
v -0.0037390422 -5.109949E-07 -3.3216338
v -0.0037390592 0.27511725 -3.3216338
v -1.2777312 -5.09638E-07 -3.0687883
v -1.2777312 0.27511725 -3.0687883
v -2.3553462 -4.0471488E-07 -2.3487487
v -2.355347 0.27511734 -2.3487499
v 2.3478684 1.2391797E-06 2.3487482
v 1.2702534 0.27511922 3.068789
v 2.347869 0.2751191 2.3487487
v 1.2702533 1.2248936E-06 3.068788
v -0.0037390592 0.27511922 3.3216338
v -0.003739042 1.3454599E-06 3.3216338
v -1.2777315 0.27511898 3.068788
v -1.2777315 1.2248936E-06 3.068788
v -2.3553476 0.27511877 2.3487482
v -2.3553472 8.815517E-07 2.348748
v -2.355347 0.27511734 -2.3487499
v -3.0753853 -2.4849598E-07 -1.2711339
v -2.3553462 -4.0471488E-07 -2.3487487
v -3.075386 0.27511773 -1.2711345
v -3.3282306 1.1920929E-07 -5.684342E-14
v -3.3282309 0.27511808 -1.3118652E-07
v -3.075386 4.8691396E-07 1.2711326
v -3.0753872 0.27511835 1.2711326
v -2.3553472 8.815517E-07 2.348748
v -2.3553476 0.27511877 2.3487482
v -2.733532 2.8003302 0.26396927
v -1.8679882 3.1046274 0.47146288
v -2.7335315 2.794305 0.47146353
v -1.8679882 3.1106524 0.26396865
v -0.9476621 3.2841017 0.47146282
v -0.9476621 3.2901268 0.2639686
v -3.2811457E-07 3.336082 0.4714628
v -3.181947E-07 3.342107 0.26396853
v 0.9476614 3.2841022 0.47146282
v 0.9476614 3.2901273 0.2639686
v 1.8679873 3.1046278 0.47146288
v 1.8679875 3.110653 0.26396865
v 2.7335317 2.794306 0.47146305
v 2.7335315 2.800331 0.2639688
v -2.7335315 2.794305 0.47146353
v -1.8247966 2.9476044 0.47146297
v -2.6787274 2.6414459 0.47146335
v -1.8679882 3.1046274 0.47146288
v -0.92757934 3.1225727 0.47146288
v -0.9476621 3.2841017 0.47146282
v -2.840254E-07 3.1734512 0.47146285
v -3.2811457E-07 3.336082 0.4714628
v 0.9275785 3.122573 0.47146288
v 0.9476614 3.2841022 0.47146282
v 1.8247961 2.947605 0.47146297
v 1.8679873 3.1046278 0.47146288
v 2.6787274 2.6414468 0.47146335
v 2.7335317 2.794306 0.47146305
v -2.6787276 2.647471 0.26396912
v -1.8679882 3.1106524 0.26396865
v -2.733532 2.8003302 0.26396927
v -1.8247966 2.9536295 0.26396874
v -0.9476621 3.2901268 0.2639686
v -0.9275792 3.1285977 0.26396865
v -3.181947E-07 3.342107 0.26396853
v -2.7410553E-07 3.1794763 0.26396865
v 0.9476614 3.2901273 0.2639686
v 0.9275786 3.128598 0.26396865
v 1.8679875 3.110653 0.26396865
v 1.8247961 2.95363 0.26396874
v 2.7335315 2.800331 0.2639688
v 2.6787274 2.647472 0.26396912
v -2.733354 2.9690676 -4.9259
v -1.8678449 3.2711086 -4.718387
v -2.7333581 2.9630425 -4.7184052
v -1.8678447 3.2771325 -4.925882
v -0.947593 3.4492986 -4.718387
v -0.94759303 3.4553223 -4.925882
v -6.7139456E-07 3.5009105 -4.718387
v -6.57986E-07 3.5069344 -4.925882
v 0.9475918 3.4492989 -4.718387
v 0.9475916 3.4553225 -4.925882
v 1.8678436 3.2711093 -4.718387
v 1.8678433 3.2771327 -4.925882
v 2.7333574 2.9630435 -4.7184052
v 2.7333531 2.9690685 -4.9259
v -2.7333581 2.9630425 -4.7184052
v -1.8249408 3.114013 -4.7183867
v -2.678906 2.8100579 -4.7184052
v -1.8678449 3.2711086 -4.718387
v -0.92764866 3.2877572 -4.7183867
v -0.947593 3.4492986 -4.718387
v -4.477231E-07 3.338283 -4.7183867
v -6.7139456E-07 3.5009105 -4.718387
v 0.927648 3.2877574 -4.7183867
v 0.9475918 3.4492989 -4.718387
v 1.8249398 3.114014 -4.7183867
v 1.8678436 3.2711093 -4.718387
v 2.678905 2.810058 -4.7184052
v 2.7333574 2.9630435 -4.7184052
v -2.6789017 2.8160827 -4.9258986
v -1.8678447 3.2771325 -4.925882
v -2.733354 2.9690676 -4.9259
v -1.8249404 3.1200368 -4.9258814
v -0.94759303 3.4553223 -4.925882
v -0.9276487 3.293781 -4.9258814
v -6.57986E-07 3.5069344 -4.925882
v -4.3431444E-07 3.344307 -4.9258814
v 0.9475916 3.4553225 -4.925882
v 0.9276478 3.293781 -4.9258814
v 1.8678433 3.2771327 -4.925882
v 1.8249394 3.1200376 -4.9258814
v 2.7333531 2.9690685 -4.9259
v 2.6789007 2.8160837 -4.9258986
v -2.7334185 2.9123454 -3.1812875
v -1.8678902 3.2151456 -2.973816
v -2.733413 2.90632 -2.973793
v -1.8678955 3.221171 -3.18131
v -0.9476159 3.3937662 -2.9738164
v -0.94761616 3.399793 -3.18131
v -4.83408E-07 3.4455023 -2.9738164
v -5.117092E-07 3.4515283 -3.18131
v 0.94761497 3.3937666 -2.9738164
v 0.947615 3.399793 -3.18131
v 1.867889 3.2151458 -2.973816
v 1.8678943 3.2211711 -3.18131
v 2.7334118 2.906321 -2.973793
v 2.7334173 2.9123464 -3.1812875
v -2.733413 2.90632 -2.973793
v -1.8248897 3.058074 -2.9738164
v -2.6788418 2.7533777 -2.9737942
v -1.8678902 3.2151456 -2.973816
v -0.9276255 3.232229 -2.9738164
v -0.9476159 3.3937662 -2.9738164
v -4.2475182E-07 3.2828734 -2.9738164
v -4.83408E-07 3.4455023 -2.9738164
v 0.9276247 3.2322295 -2.9738164
v 0.94761497 3.3937666 -2.9738164
v 1.8248891 3.0580745 -2.9738164
v 1.867889 3.2151458 -2.973816
v 2.6788409 2.7533782 -2.9737942
v 2.7334118 2.906321 -2.973793
v -2.6788473 2.7594028 -3.1812885
v -1.8678955 3.221171 -3.18131
v -2.7334185 2.9123454 -3.1812875
v -1.8248947 3.0640996 -3.1813114
v -0.94761616 3.399793 -3.18131
v -0.9276257 3.2382555 -3.1813114
v -5.117092E-07 3.4515283 -3.18131
v -4.53053E-07 3.2888997 -3.1813114
v 0.947615 3.399793 -3.18131
v 0.9276249 3.2382557 -3.1813114
v 1.8678943 3.2211711 -3.18131
v 1.8248942 3.0641 -3.1813114
v 2.7334173 2.9123464 -3.1812875
v 2.6788464 2.7594037 -3.1812885
v 2.733473 2.8495986 -1.229182
v 1.8679404 3.165207 -1.4366817
v 2.7334743 2.8556244 -1.436676
v 1.8679407 3.159181 -1.2291876
v 0.94763875 3.3442602 -1.4366817
v 0.9476387 3.3382344 -1.2291877
v -4.1523487E-07 3.3961194 -1.436682
v -4.0578306E-07 3.3900938 -1.2291877
v -0.9476396 3.34426 -1.4366817
v -0.9476396 3.3382342 -1.2291877
v -1.8679415 3.1652062 -1.4366817
v -1.8679414 3.1591806 -1.2291876
v -2.7334752 2.8556235 -1.436676
v -2.733474 2.849598 -1.2291814
v 2.7334743 2.8556244 -1.436676
v 1.8248428 3.0081604 -1.4366821
v 2.6787856 2.702724 -1.4366763
v 1.8679404 3.165207 -1.4366817
v 0.9276012 3.182727 -1.4366822
v 0.94763875 3.3442602 -1.4366817
v -3.6142427E-07 3.23349 -1.4366822
v -4.1523487E-07 3.3961194 -1.436682
v -0.92760193 3.1827266 -1.4366822
v -0.9476396 3.34426 -1.4366817
v -1.8248435 3.00816 -1.4366821
v -1.8679415 3.1652062 -1.4366817
v -2.6787856 2.7027228 -1.4366763
v -2.7334752 2.8556235 -1.436676
v 2.6787841 2.6966987 -1.2291821
v 1.8679407 3.159181 -1.2291876
v 2.733473 2.8495986 -1.229182
v 1.8248429 3.0021346 -1.229188
v 0.9476387 3.3382344 -1.2291877
v 0.92760116 3.1767013 -1.2291881
v -4.0578306E-07 3.3900938 -1.2291877
v -3.5197243E-07 3.227464 -1.2291881
v -0.9476396 3.3382342 -1.2291877
v -0.92760193 3.176701 -1.2291881
v -1.8679414 3.1591806 -1.2291876
v -1.8248433 3.002134 -1.229188
v -2.733474 2.849598 -1.2291814
v -2.6787844 2.6966977 -1.2291821
v -2.7061298 2.7239008 0.367716
v -1.8463923 3.0321414 0.36771563
v -2.70613 2.7791731 -1.3329293
v -0.9376207 3.2093627 0.36771557
v -1.8463923 3.086683 -1.332935
v -2.70613 2.8358738 -3.0775409
v -1.8463926 3.1426349 -3.077564
v -2.70613 2.8925748 -4.822152
v -0.93762076 3.2634933 -1.332935
v -3.0130155E-07 3.2607918 0.3677155
v -1.8463928 3.198585 -4.8221345
v -0.9376208 3.3190234 -3.077564
v -0.937621 3.374552 -4.8221345
v -3.8379514E-07 3.3148043 -1.332935
v 0.93762 3.2093627 0.36771557
v -5.5304605E-07 3.425621 -4.8221345
v -4.68422E-07 3.3702135 -3.077564
v 0.93761975 3.3745522 -4.8221345
v 0.93762 3.2634933 -1.332935
v 0.93761986 3.3190236 -3.077564
v 1.8463916 3.1985855 -4.8221345
v 2.706129 2.892576 -4.822152
v 1.8463916 3.1426353 -3.077564
v 2.706129 2.8358746 -3.0775409
v 1.8463919 3.0866833 -1.332935
v 2.706129 2.7791739 -1.3329293
v 1.8463919 3.0321417 0.36771563
v 2.7061293 2.7239015 0.367716
v 2.372859 3.3257475 -6.4424725
v 2.4623766 3.0057166 1.2075762
v 2.3879867 3.0806763 1.2101004
v 2.447249 3.2507875 -6.444997
v 2.3879807 2.9307525 1.2053467
v 2.372853 3.1758232 -6.4472256
v 2.3879867 3.0806763 1.2101004
v 2.298463 3.2507837 -6.444702
v 2.372859 3.3257475 -6.4424725
v 2.3135908 3.0057125 1.2078702
v 2.372853 3.1758232 -6.4472256
v 2.3879807 2.9307525 1.2053467
v 2.3135908 3.0057125 1.2078702
v 2.4623766 3.0057166 1.2075762
v 2.3879807 2.9307525 1.2053467
v 2.3879867 3.0806763 1.2101004
v 2.447249 3.2507875 -6.444997
v 2.298463 3.2507837 -6.444702
v 2.372853 3.1758232 -6.4472256
v 2.372859 3.3257475 -6.4424725
v 2.369933 2.798128 -6.284827
v 2.4108632 3.245561 -6.243476
v 2.3768497 3.2460558 -6.277767
v 2.4039462 2.7976348 -6.2505383
v 2.3768475 3.245201 -6.2091894
v 2.3699305 2.797275 -6.2162504
v 2.3768497 3.2460558 -6.277767
v 2.3359172 2.7977686 -6.2505403
v 2.369933 2.798128 -6.284827
v 2.342834 3.2456963 -6.2434783
v 2.3699305 2.797275 -6.2162504
v 2.3768475 3.245201 -6.2091894
v 2.3764353 2.7008562 -2.4913685
v 2.4173653 3.1482894 -2.4500165
v 2.3833516 3.1487844 -2.4843078
v 2.4104483 2.7003634 -2.4570792
v 2.3833494 3.1479294 -2.4157295
v 2.376433 2.7000034 -2.4227908
v 2.3833516 3.1487844 -2.4843078
v 2.3424196 2.7004964 -2.4570806
v 2.3764353 2.7008562 -2.4913685
v 2.3493361 3.1484246 -2.450019
v 2.376433 2.7000034 -2.4227908
v 2.3833494 3.1479294 -2.4157295
v 2.3846314 2.564848 1.0106286
v 2.425561 3.0122805 1.051981
v 2.3915482 3.012776 1.0176895
v 2.4186444 2.564355 1.0449181
v 2.3915453 3.0119228 1.0862682
v 2.3846288 2.5639954 1.0792063
v 2.3915482 3.012776 1.0176895
v 2.3506155 2.5644882 1.0449169
v 2.3846314 2.564848 1.0106286
v 2.357532 3.0124164 1.0519787
v 2.3846288 2.5639954 1.0792063
v 2.3915453 3.0119228 1.0862682
v -2.4698536 3.0057158 1.2075762
v -2.3803353 3.3257473 -6.4424725
v -2.3954635 3.0806763 1.2101004
v -2.454726 3.250787 -6.444997
v -2.3954575 2.9307525 1.2053467
v -2.3803298 3.1758232 -6.4472256
v -2.3059397 3.2507832 -6.444702
v -2.3954635 3.0806763 1.2101004
v -2.3803353 3.3257473 -6.4424725
v -2.3210676 3.0057123 1.2078702
v -2.3803298 3.1758232 -6.4472256
v -2.3954575 2.9307525 1.2053467
v -2.3210676 3.0057123 1.2078702
v -2.4698536 3.0057158 1.2075762
v -2.3954635 3.0806763 1.2101004
v -2.3954575 2.9307525 1.2053467
v -2.454726 3.250787 -6.444997
v -2.3059397 3.2507832 -6.444702
v -2.3803353 3.3257473 -6.4424725
v -2.3803298 3.1758232 -6.4472256
v -2.4183397 3.2455602 -6.243476
v -2.37741 2.7981277 -6.284827
v -2.3843265 3.2460556 -6.277767
v -2.4114232 2.7976341 -6.2505383
v -2.3843243 3.2452006 -6.2091894
v -2.3774076 2.7972748 -6.2162504
v -2.343394 2.797768 -6.2505403
v -2.3843265 3.2460556 -6.277767
v -2.37741 2.7981277 -6.284827
v -2.3503108 3.2456958 -6.2434783
v -2.3774076 2.7972748 -6.2162504
v -2.3843243 3.2452006 -6.2091894
v -2.424842 3.1482887 -2.4500165
v -2.383912 2.7008562 -2.4913685
v -2.3908288 3.1487842 -2.4843078
v -2.4179251 2.7003627 -2.4570792
v -2.3908262 3.147929 -2.4157295
v -2.3839092 2.700003 -2.4227908
v -2.349896 2.7004964 -2.4570806
v -2.3908288 3.1487842 -2.4843078
v -2.383912 2.7008562 -2.4913685
v -2.3568127 3.1484244 -2.450019
v -2.3839092 2.700003 -2.4227908
v -2.3908262 3.147929 -2.4157295
v -2.433038 3.0122802 1.051981
v -2.392108 2.5648477 1.0106286
v -2.399025 3.0127754 1.0176895
v -2.4261208 2.5643544 1.0449181
v -2.399022 3.0119228 1.0862682
v -2.3921046 2.563995 1.0792065
v -2.358092 2.564488 1.0449169
v -2.399025 3.0127754 1.0176895
v -2.392108 2.5648477 1.0106286
v -2.3650088 3.0124161 1.0519787
v -2.3921046 2.563995 1.0792065
v -2.399022 3.0119228 1.0862682
v 3.4919407 2.2337937 -4.94993
v 3.6202865 2.4700866 -5.1510344
v 3.7486327 2.2337937 -4.94993
v 3.7486324 2.7063787 -4.9499283
v 3.4919405 2.7063787 -4.9499283
v 3.7486327 2.2337937 -4.94993
v 3.6202865 2.4700866 -5.1510344
v 3.7486324 2.7063787 -4.9499283
v 3.4919405 2.7063787 -4.9499283
v 3.6202865 2.4700866 -5.1510344
v 3.4919407 2.2337937 -4.94993
v -3.4994185 2.2337928 -4.949929
v -3.7561095 2.2337928 -4.949929
v -3.6277633 2.4700856 -5.1510344
v -3.7561095 2.7063777 -4.949928
v -3.499419 2.7063777 -4.949928
v -3.7561095 2.2337928 -4.949929
v -3.7561095 2.7063777 -4.949928
v -3.6277633 2.4700856 -5.1510344
v -3.499419 2.7063777 -4.949928
v -3.4994185 2.2337928 -4.949929
v -3.6277633 2.4700856 -5.1510344
v 2.8765264 2.0874493 -3.6977074
v 3.033371 2.1448247 -3.241947
v 2.9058702 2.1000345 -3.2307646
v 3.0056524 2.1322358 -3.708891
v 3.0056524 2.1322358 -3.708891
v 3.051737 2.0974844 -3.2419393
v 3.033371 2.1448247 -3.241947
v 3.0222893 2.0848975 -3.708882
v 3.0222893 2.0848975 -3.708882
v 2.9242568 2.052696 -3.2307553
v 3.051737 2.0974844 -3.2419393
v 2.893192 2.0401108 -3.6976986
v 2.982108 1.7876657 -3.6976528
v 3.1495993 1.8450426 -3.2418926
v 3.0223475 1.8002546 -3.23071
v 3.110976 1.8324561 -3.7088351
v 3.110976 1.8324561 -3.7088351
v 3.1679518 1.7976968 -3.241884
v 3.1495993 1.8450426 -3.2418926
v 3.1276097 1.7851117 -3.7088265
v 3.1276097 1.7851117 -3.7088265
v 3.0407503 1.7529104 -3.2307022
v 3.1679518 1.7976968 -3.241884
v 2.9987907 1.7403271 -3.6976442
v 3.0877175 1.4878801 -3.6975992
v 3.2658238 1.5452533 -3.2418377
v 3.13885 1.5004652 -3.2306561
v 3.21631 1.5326723 -3.7087812
v 3.21631 1.5326723 -3.7087812
v 3.2841823 1.497913 -3.2418294
v 3.2658238 1.5452533 -3.2418377
v 3.2329435 1.4853282 -3.708773
v 3.2329435 1.4853282 -3.708773
v 3.1572304 1.4531248 -3.2306464
v 3.2841823 1.497913 -3.2418294
v 3.1043713 1.4405377 -3.6975884
v 3.193307 1.1880966 -3.6975467
v 3.382062 1.2454737 -3.2417877
v 3.2553334 1.2006814 -3.230604
v 3.3216522 1.2328886 -3.7087297
v 3.3216522 1.2328886 -3.7087297
v 3.4004161 1.1981257 -3.2417755
v 3.382062 1.2454737 -3.2417877
v 3.338279 1.1855426 -3.7087185
v 3.338279 1.1855426 -3.7087185
v 3.2737207 1.153339 -3.2305923
v 3.4004161 1.1981257 -3.2417755
v 3.2099786 1.1407562 -3.6975355
v 3.2989082 0.88831276 -3.6974897
v 3.4982898 0.94568413 -3.241729
v 3.3718252 0.9008958 -3.2305467
v 3.4269817 0.93309754 -3.7086718
v 3.4269817 0.93309754 -3.7086718
v 3.5166354 0.89834374 -3.24172
v 3.4982898 0.94568413 -3.241729
v 3.4436116 0.8857607 -3.7086627
v 3.4436116 0.8857607 -3.7086627
v 3.390221 0.8535573 -3.2305384
v 3.5166354 0.89834374 -3.24172
v 3.3155758 0.8409705 -3.6974804
v 2.6655228 2.68708 -3.6978314
v 2.8011162 2.7444549 -3.2420719
v 2.6730764 2.6996667 -3.2308886
v 2.795184 2.731872 -3.7090151
v 2.795184 2.731872 -3.7090151
v 2.8194692 2.6971185 -3.2420638
v 2.8011162 2.7444549 -3.2420719
v 2.8118117 2.6845353 -3.7090065
v 2.8118117 2.6845353 -3.7090065
v 2.6914685 2.6523263 -3.2308795
v 2.8194692 2.6971185 -3.2420638
v 2.6821938 2.6397414 -3.697822
v 2.7711205 2.3872998 -3.6977804
v 2.9173489 2.4446695 -3.2420218
v 2.7895727 2.399883 -3.2308376
v 2.9005175 2.432083 -3.708964
v 2.9005175 2.432083 -3.708964
v 2.9356847 2.397331 -3.242009
v 2.9173489 2.4446695 -3.2420218
v 2.9171312 2.3847458 -3.7089517
v 2.9171312 2.3847458 -3.7089517
v 2.8079567 2.3525388 -3.2308257
v 2.9356847 2.397331 -3.242009
v 2.7877834 2.3399577 -3.6977684
v -2.8765264 2.087449 -3.6977081
v -3.0333714 2.1448247 -3.2419477
v -3.0056527 2.1322355 -3.7088919
v -2.9058712 2.1000342 -3.2307653
v -3.0056527 2.1322355 -3.7088919
v -3.0517375 2.0974839 -3.24194
v -3.0222893 2.084897 -3.7088833
v -3.0333714 2.1448247 -3.2419477
v -3.0222893 2.084897 -3.7088833
v -2.924257 2.0526955 -3.230756
v -2.893192 2.0401103 -3.6976988
v -3.0517375 2.0974839 -3.24194
v -2.9821084 1.7876652 -3.6976538
v -3.1495998 1.8450422 -3.2418935
v -3.1109762 1.8324558 -3.708836
v -3.022348 1.8002542 -3.2307103
v -3.1109762 1.8324558 -3.708836
v -3.1679525 1.7976965 -3.241885
v -3.1276097 1.7851112 -3.7088275
v -3.1495998 1.8450422 -3.2418935
v -3.1276097 1.7851112 -3.7088275
v -3.040751 1.75291 -3.2307022
v -2.9987907 1.7403266 -3.6976452
v -3.1679525 1.7976965 -3.241885
v -3.0877178 1.4878796 -3.6976001
v -3.2658243 1.5452528 -3.241838
v -3.21631 1.5326718 -3.7087817
v -3.138851 1.5004648 -3.2306566
v -3.21631 1.5326718 -3.7087817
v -3.2841825 1.4979125 -3.2418303
v -3.232944 1.4853277 -3.7087731
v -3.2658243 1.5452528 -3.241838
v -3.232944 1.4853277 -3.7087731
v -3.157231 1.4531244 -3.2306466
v -3.1043713 1.4405372 -3.697589
v -3.2841825 1.4979125 -3.2418303
v -3.1933072 1.1880962 -3.6975474
v -3.3820627 1.2454731 -3.2417877
v -3.3216522 1.2328882 -3.7087307
v -3.2553341 1.2006811 -3.230605
v -3.3216522 1.2328882 -3.7087307
v -3.400417 1.1981252 -3.241776
v -3.338279 1.1855422 -3.7087195
v -3.3820627 1.2454731 -3.2417877
v -3.338279 1.1855422 -3.7087195
v -3.2737212 1.1533386 -3.2305923
v -3.2099786 1.1407558 -3.697536
v -3.400417 1.1981252 -3.241776
v -3.298908 0.88831246 -3.6974912
v -3.4982898 0.94568366 -3.2417293
v -3.4269812 0.93309706 -3.7086728
v -3.3718252 0.90089536 -3.2305467
v -3.4269812 0.93309706 -3.7086728
v -3.5166354 0.8983433 -3.2417204
v -3.4436114 0.8857604 -3.7086635
v -3.4982898 0.94568366 -3.2417293
v -3.4436114 0.8857604 -3.7086635
v -3.390221 0.8535569 -3.2305384
v -3.3155756 0.8409702 -3.6974814
v -3.5166354 0.8983433 -3.2417204
v -2.665523 2.6870794 -3.6978323
v -2.8011172 2.7444546 -3.2420719
v -2.7951849 2.7318718 -3.7090154
v -2.6730766 2.6996665 -3.2308888
v -2.7951849 2.7318718 -3.7090154
v -2.8194695 2.6971183 -3.2420642
v -2.8118117 2.6845353 -3.7090075
v -2.8011172 2.7444546 -3.2420719
v -2.8118117 2.6845353 -3.7090075
v -2.6914687 2.652326 -3.2308803
v -2.6821942 2.639741 -3.697823
v -2.8194695 2.6971183 -3.2420642
v -2.7711205 2.3872995 -3.6977813
v -2.917349 2.4446692 -3.2420223
v -2.9005175 2.4320827 -3.708965
v -2.789573 2.3998826 -3.2308385
v -2.9005175 2.4320827 -3.708965
v -2.9356852 2.3973305 -3.2420092
v -2.9171312 2.3847456 -3.7089527
v -2.917349 2.4446692 -3.2420223
v -2.9171312 2.3847456 -3.7089527
v -2.8079576 2.3525386 -3.2308261
v -2.7877834 2.3399572 -3.6977694
v -2.9356852 2.3973305 -3.2420092
v 2.5433764 1.8062937 1.1931503
v 1.9959114 2.2104514 1.19315
v 2.3194158 2.0957193 1.1931498
v 2.5433764 1.0191766 1.1931506
v 1.4484469 1.0191765 1.1931504
v 1.4484465 1.8062932 1.1931503
v 1.672407 2.0957181 1.1931504
v -0.117832236 1.8062932 1.1931504
v -0.6653027 2.2104502 1.1931504
v -0.34179282 2.0957189 1.1931505
v -0.117832124 1.0191766 1.1931509
v -1.2127614 1.0191761 1.1931514
v -1.2127616 1.8062931 1.1931509
v -0.98880124 2.0957177 1.1931508
v -1.4484413 1.8062931 1.1931511
v -1.9959062 2.2104511 1.1931503
v -1.672402 2.0957181 1.1931505
v -1.448441 1.0191764 1.1931511
v -2.54337 1.0191759 1.1931509
v -2.5433702 1.8062929 1.1931506
v -2.3194098 2.0957186 1.1931505
v 1.2127714 1.8062929 1.1931503
v 0.66530097 2.2104497 1.1931503
v 0.988811 2.0957186 1.1931503
v 1.2127721 1.0191764 1.1931508
v 0.11784177 1.0191761 1.1931511
v 0.11784196 1.8062931 1.1931506
v 0.34180236 2.0957177 1.1931505
v -3.2061996 0.60569227 -4.6559544
v -2.7505844 0.6056916 -6.396899
v -2.7061298 0.60569155 -6.5667624
v -1.8463923 0.60569155 -6.895777
v -0.9376206 0.6056915 -7.084841
v -2.2855279E-07 0.6056916 -7.139699
v 0.93762004 0.60569173 -7.084841
v 1.8463919 0.605692 -6.895777
v 2.7061293 0.60569227 -6.5667624
v 2.7505834 0.6056923 -6.396899
v 3.2061996 0.6056932 -4.6559544
v 1.6724072 2.5404658 2.4428854
v 1.9959114 2.2104514 1.19315
v 1.672407 2.0957181 1.1931504
v 1.8258485 2.6250412 2.3850744
v 1.9959115 2.6551988 2.364461
v 2.1659753 2.625042 2.385074
v 2.3194158 2.0957193 1.1931498
v 2.3194168 2.5404668 2.4428847
v 1.672407 2.0957181 1.1931504
v 1.552031 2.4075785 2.5337172
v 1.6724072 2.5404658 2.4428854
v 1.4484465 1.8062932 1.1931503
v 1.4484468 2.2510407 2.6407127
v 1.4484473 1.0191772 3.4827197
v 1.4484465 1.8062932 1.1931503
v 1.4484469 1.0191765 1.1931504
v 1.4484468 2.2510407 2.6407127
v 2.543376 1.0191777 3.4827197
v 1.4484469 1.0191765 1.1931504
v 2.5433764 1.0191766 1.1931506
v 1.4484473 1.0191772 3.4827197
v 2.5433772 2.2510414 2.640712
v 2.5433764 1.0191766 1.1931506
v 2.5433764 1.8062937 1.1931503
v 2.543376 1.0191777 3.4827197
v 2.4397929 2.407579 2.5337162
v 2.5433772 2.2510414 2.640712
v 2.5433764 1.8062937 1.1931503
v 2.3194168 2.5404668 2.4428847
v 2.3194158 2.0957193 1.1931498
v -0.9888011 2.540465 2.4428864
v -0.6653027 2.2104502 1.1931504
v -0.98880124 2.0957177 1.1931508
v -0.8353596 2.6250412 2.3850758
v -0.6653024 2.6551976 2.364463
v -0.49523363 2.6250417 2.3850756
v -0.34179282 2.0957189 1.1931505
v -0.3417924 2.5404668 2.442885
v -0.98880124 2.0957177 1.1931508
v -1.1091772 2.4075775 2.5337176
v -0.9888011 2.540465 2.4428864
v -1.2127616 1.8062931 1.1931509
v -1.2127618 2.2510402 2.6407146
v -1.2127609 1.0191771 3.4827206
v -1.2127616 1.8062931 1.1931509
v -1.2127614 1.0191761 1.1931514
v -1.2127618 2.2510402 2.6407146
v -0.11783165 1.0191773 3.4827206
v -1.2127614 1.0191761 1.1931514
v -0.117832124 1.0191766 1.1931509
v -0.665302 1.0191773 3.4827206
v -1.2127609 1.0191771 3.4827206
v -0.11783182 2.2510407 2.6407144
v -0.117832124 1.0191766 1.1931509
v -0.117832236 1.8062932 1.1931504
v -0.11783165 1.0191773 3.4827206
v -0.22141647 2.4075785 2.5337172
v -0.11783182 2.2510407 2.6407144
v -0.117832236 1.8062932 1.1931504
v -0.3417924 2.5404668 2.442885
v -0.34179282 2.0957189 1.1931505
v -1.672402 2.0957181 1.1931505
v -1.8258433 2.6250412 2.3850765
v -1.6724021 2.540465 2.4428864
v -1.9959062 2.2104511 1.1931503
v -1.9959064 2.6551988 2.364463
v -2.1659687 2.625042 2.385076
v -2.3194096 2.5404658 2.4428859
v -2.3194098 2.0957186 1.1931505
v -1.6724021 2.540465 2.4428864
v -1.4484413 1.8062931 1.1931511
v -1.672402 2.0957181 1.1931505
v -1.552026 2.4075775 2.5337176
v -1.4484414 2.2510407 2.6407142
v -1.4484414 2.2510407 2.6407142
v -1.448441 1.0191764 1.1931511
v -1.4484413 1.8062931 1.1931511
v -1.4484411 1.0191774 3.4827206
v -1.4484411 1.0191774 3.4827206
v -2.54337 1.0191759 1.1931509
v -1.448441 1.0191764 1.1931511
v -2.5433707 1.0191765 3.482721
v -2.5433707 1.0191765 3.482721
v -2.5433702 1.8062929 1.1931506
v -2.54337 1.0191759 1.1931509
v -2.5433698 2.2510402 2.6407142
v -2.5433698 2.2510402 2.6407142
v -2.4397845 2.407578 2.5337179
v -2.5433702 1.8062929 1.1931506
v -2.3194098 2.0957186 1.1931505
v -2.3194096 2.5404658 2.4428859
v 0.3418025 2.540465 2.4428859
v 0.66530097 2.2104497 1.1931503
v 0.34180236 2.0957177 1.1931505
v 0.49524394 2.6250412 2.385075
v 0.66530126 2.6551976 2.3644624
v 0.83536994 2.625042 2.3850746
v 0.988811 2.0957186 1.1931503
v 0.98881096 2.5404663 2.442885
v 0.34180236 2.0957177 1.1931505
v 0.22142643 2.4075775 2.5337176
v 0.3418025 2.540465 2.4428859
v 0.11784196 1.8062931 1.1931506
v 0.11784208 2.2510407 2.6407144
v 0.117842555 1.0191767 3.4827206
v 0.11784196 1.8062931 1.1931506
v 0.11784177 1.0191761 1.1931511
v 0.11784208 2.2510407 2.6407144
v 0.11784177 1.0191761 1.1931511
v 0.66530174 1.0191776 3.48272
v 0.117842555 1.0191767 3.4827206
v 1.2127721 1.0191764 1.1931508
v 1.2127726 1.0191776 3.4827194
v 1.2127721 2.2510407 2.6407135
v 1.2127721 1.0191764 1.1931508
v 1.2127714 1.8062929 1.1931503
v 1.2127726 1.0191776 3.4827194
v 1.1091869 2.4075785 2.5337172
v 1.2127721 2.2510407 2.6407135
v 1.2127714 1.8062929 1.1931503
v 0.98881096 2.5404663 2.442885
v 0.988811 2.0957186 1.1931503
v 4.2023363 0.27512562 -1.7390481
v 3.7816823 0.27512547 -2.5242302
v 2.1377348E-07 0.2751261 -5.13798E-06
v 4.460098 0.27512592 -0.8863942
v 3.2172458 0.27512515 -3.2133408
v 4.548255 0.27512622 -3.4690504E-06
v 2.5281365 0.27512515 -3.7777758
v 4.4600983 0.27512652 0.8863837
v 1.7429547 0.27512482 -4.1984286
v 4.202337 0.27512667 1.7390379
v 0.89030033 0.2751247 -4.4561915
v 3.7816842 0.2751268 2.5242198
v -1.35643035E-08 0.27512464 -4.544347
v 3.2172465 0.2751269 3.213331
v -0.8903001 0.2751247 -4.4561915
v 2.5281374 0.27512705 3.777766
v -1.7429547 0.27512455 -4.1984286
v 1.7429556 0.27512714 4.1984196
v -2.528136 0.27512476 -3.7777767
v 0.89030075 0.27512702 4.4561825
v -3.2172458 0.27512482 -3.2133417
v -1.3432597E-08 0.27512708 4.54434
v -3.781681 0.27512488 -2.524231
v -0.89030063 0.27512702 4.45618
v -4.202334 0.27512515 -1.7390491
v -1.7429556 0.2751269 4.19842
v -4.460095 0.27512544 -0.8863946
v -2.5281372 0.2751268 3.7777658
v -4.5482526 0.27512562 -3.9458873E-06
v -3.2172463 0.27512655 3.2133305
v -4.4600964 0.27512592 0.88638335
v -3.7816827 0.27512622 2.5242195
v -4.202335 0.2751261 1.7390378
vt 0.4589184 0.54056996
vt 0.4589184 0.50918716
vt 0.45390242 0.5091871
vt 0.49999458 4.125813
vt 0.55626655 4.1548414
vt 0.5638591 4.1258125
vt 0.43613 4.1258125
vt 0.4437225 4.154841
vt 0.54109234 0.54056996
vt 0.54610825 0.50918716
vt 0.54109234 0.50918716
vt 4.151485 0.50417304
vt 4.161954 0.5091871
vt 4.161954 0.50417304
vt 4.151485 0.5091871
vt 4.139557 0.5091871
vt 4.139557 0.5041731
vt 4.1266036 0.5041731
vt 4.1266036 0.5091871
vt 4.1131377 0.5091871
vt 4.1131377 0.5041731
vt 4.0996723 0.5041731
vt 4.0996723 0.5091871
vt 4.0867186 0.5091871
vt 4.0867186 0.5041731
vt 4.074791 0.5041731
vt 4.074791 0.5091871
vt 4.0643215 0.5091871
vt 4.0643215 0.5041731
vt 0.45114726 0.5091871
vt 0.46160996 0.50417304
vt 0.45114726 0.50417304
vt 0.46160996 0.5091871
vt 0.4735313 0.5091871
vt 0.4735313 0.50417304
vt 0.48647714 0.50417304
vt 0.48647714 0.5091871
vt 0.49999446 0.5091871
vt 0.49999446 0.50417304
vt 0.51351184 0.50417304
vt 0.51351184 0.5091871
vt 0.52645767 0.5091871
vt 0.52645767 0.50417304
vt 0.538379 0.50417304
vt 0.538379 0.5091871
vt 0.5488417 0.5091871
vt 0.5488417 0.50417304
vt 0.53838986 0.5041731
vt 0.54885256 0.5091871
vt 0.54885256 0.5041731
vt 0.53838986 0.5091871
vt 0.5264685 0.5091871
vt 0.5264685 0.5041731
vt 0.5135227 0.5041731
vt 0.5135227 0.5091871
vt 0.5000053 0.5091871
vt 0.5000053 0.5041731
vt 0.48648795 0.5041731
vt 0.48648795 0.5091871
vt 0.47354215 0.5091871
vt 0.47354215 0.5041731
vt 0.4616208 0.5041731
vt 0.4616208 0.5091871
vt 0.4511581 0.5091871
vt 0.4511581 0.5041731
vt -3.161954 0.5091871
vt -3.151485 0.50417304
vt -3.161954 0.50417304
vt -3.151485 0.5091871
vt -3.139557 0.5091871
vt -3.139557 0.50417304
vt -3.1266036 0.50417304
vt -3.1266036 0.5091871
vt -3.1131377 0.5091871
vt -3.1131377 0.5041731
vt -3.0996723 0.5041731
vt -3.0996723 0.5091871
vt -3.0867186 0.5091871
vt -3.0867186 0.5041731
vt -3.074791 0.5041731
vt -3.074791 0.5091871
vt -3.064322 0.5091871
vt -3.0643215 0.5041731
vt 0.49870276 4.04502
vt 0.5014222 4.060236
vt 0.5014222 4.04502
vt 0.49870273 4.060236
vt -3.060236 0.5091873
vt -3.04502 0.511149
vt -3.04502 0.50918716
vt -3.060236 0.513111
vt 0.49870276 0.50918716
vt 0.5014222 0.511149
vt 0.5014222 0.50918716
vt 0.49870276 0.511149
vt 4.04502 0.50918716
vt 4.060236 0.513111
vt 4.060236 0.5091873
vt 4.04502 0.511149
vt 0.5120103 4.0460634
vt 0.5117107 4.0615177
vt 0.5146775 4.0465946
vt 0.5090436 4.060987
vt -3.060987 0.5091873
vt -3.0460634 0.511149
vt -3.0460634 0.50918716
vt -3.060987 0.513111
vt 0.5120103 0.50918716
vt 0.5146775 0.511149
vt 0.5146775 0.50918716
vt 0.5120103 0.511149
vt 4.0465946 0.50918716
vt 4.0615177 0.513111
vt 4.0615177 0.5091873
vt 4.0465946 0.511149
vt 0.52485865 4.0496845
vt 0.5221316 4.063382
vt 0.52737117 4.050726
vt 0.5196191 4.0623407
vt -3.0623407 0.5091873
vt -3.0496845 0.511149
vt -3.0496845 0.50918716
vt -3.0623407 0.513111
vt 0.52485865 0.50918716
vt 0.52737117 0.511149
vt 0.52737117 0.50918716
vt 0.52485865 0.511149
vt 4.050726 0.50918716
vt 4.063382 0.513111
vt 4.063382 0.5091873
vt 4.050726 0.511149
vt 0.5472394 4.0640097
vt 0.5394811 4.0756207
vt 0.5491624 4.065933
vt 0.53755814 4.073696
vt 0.53755814 0.5091873
vt 0.5472394 0.511149
vt 0.5472394 0.50918716
vt 0.53755814 0.51486135
vt 0.5472394 0.50918716
vt 0.5491624 0.511149
vt 0.5491623 0.50918716
vt 0.5472394 0.511149
vt 0.45083767 0.50918716
vt 0.4605189 0.51486135
vt 0.4605189 0.5091873
vt 0.4508376 0.511149
vt 0.5559118 4.0741625
vt 0.5460386 4.084036
vt 0.55742264 4.0764246
vt 0.5445278 4.0817733
vt 0.5445278 0.5091873
vt 0.5559118 0.511149
vt 0.5559118 0.5091871
vt 0.5445278 0.51486135
vt 4.0741625 0.5091871
vt 4.0764246 0.511149
vt 4.0764246 0.5091871
vt 4.0741625 0.511149
vt 0.44257736 0.5091871
vt 0.45396137 0.51486135
vt 0.45396137 0.5091873
vt 0.44257736 0.511149
vt 0.56243795 4.0858135
vt 0.5508294 4.0935698
vt 0.5634787 4.0883274
vt 0.5497887 4.091056
vt 0.5497887 0.5091873
vt 0.56243795 0.5111489
vt 0.56243795 0.5091871
vt 0.5497887 0.51486135
vt 4.0858135 0.5091871
vt 4.0883274 0.511149
vt 4.0883274 0.5091871
vt 4.0858135 0.5111489
vt 0.4365213 0.5091871
vt 0.4491706 0.51486135
vt 0.4491706 0.5091873
vt 0.4365213 0.511149
vt 0.566567 4.0985146
vt 0.5536692 4.1038556
vt 0.56709754 4.101183
vt 0.5531387 4.1011868
vt 0.5531387 0.5091873
vt 0.566567 0.5111489
vt 0.566567 0.5091871
vt 0.5531387 0.51486135
vt 4.0985146 0.5091871
vt 4.101183 0.5111489
vt 4.101183 0.5091871
vt 4.0985146 0.5111489
vt 0.43290246 0.5091871
vt 0.4463308 0.51486135
vt 0.4463308 0.5091873
vt 0.43290246 0.5111489
vt 0.5681403 4.1117773
vt 0.5544489 4.114498
vt 0.5681403 4.114498
vt 0.5544489 4.1117773
vt 0.5544489 0.5091873
vt 0.5681403 0.5111489
vt 0.5681403 0.5091871
vt 0.5544489 0.51486135
vt 4.1117773 0.5091871
vt 4.114498 0.5111489
vt 4.114498 0.5091871
vt 4.1117773 0.5111489
vt 0.43185967 0.5091871
vt 0.4455511 0.51486135
vt 0.4455511 0.5091873
vt 0.43185967 0.5111489
vt 0.4881139 4.0460634
vt 0.48841348 4.0615177
vt 0.49108067 4.060987
vt 0.48544663 4.046594
vt 4.060987 0.5091873
vt 4.0460634 0.511149
vt 4.060987 0.513111
vt 4.0460634 0.50918716
vt 0.4881139 0.50918716
vt 0.48544663 0.511149
vt 0.4881139 0.511149
vt 0.48544663 0.50918716
vt -3.0465941 0.50918716
vt -3.0615177 0.513111
vt -3.0465941 0.511149
vt -3.0615177 0.5091873
vt 0.47526556 4.0496845
vt 0.4779926 4.063382
vt 0.48050508 4.0623407
vt 0.47275308 4.050726
vt 4.0623407 0.5091873
vt 4.0496845 0.511149
vt 4.0623407 0.513111
vt 4.0496845 0.50918716
vt 0.47526556 0.50918716
vt 0.47275308 0.511149
vt 0.47526556 0.511149
vt 0.47275308 0.50918716
vt -3.050726 0.50918716
vt -3.0633821 0.513111
vt -3.050726 0.511149
vt -3.0633821 0.5091873
vt 0.4528848 4.0640097
vt 0.46064317 4.0756207
vt 0.46256614 4.073696
vt 0.45096186 4.065933
vt 0.46256614 0.5091873
vt 0.4528848 0.511149
vt 0.46256614 0.51486135
vt 0.4528848 0.50918716
vt 0.4528848 0.50918716
vt 0.45096186 0.511149
vt 0.4528848 0.511149
vt 0.4509619 0.50918716
vt 0.5490381 0.50918716
vt 0.5393568 0.51486135
vt 0.5490382 0.511149
vt 0.5393568 0.5091873
vt 0.44421247 4.0741625
vt 0.45408562 4.084036
vt 0.45559648 4.0817733
vt 0.4427016 4.0764246
vt 0.45559648 0.5091873
vt 0.44421247 0.511149
vt 0.45559648 0.51486135
vt 0.44421247 0.5091871
vt -3.0741625 0.5091871
vt -3.0764246 0.511149
vt -3.0741625 0.511149
vt -3.0764246 0.5091871
vt 0.5572984 0.5091871
vt 0.5459144 0.51486135
vt 0.5572984 0.511149
vt 0.5459144 0.5091873
vt 0.43768638 4.0858135
vt 0.4492949 4.0935698
vt 0.45033562 4.091056
vt 0.43664563 4.0883274
vt 0.45033562 0.5091873
vt 0.43768638 0.5111489
vt 0.45033562 0.51486135
vt 0.43768638 0.5091871
vt -3.0858135 0.5091871
vt -3.0883274 0.511149
vt -3.0858135 0.5111489
vt -3.0883274 0.5091871
vt 0.5633544 0.5091871
vt 0.5507051 0.51486135
vt 0.5633544 0.511149
vt 0.5507051 0.5091873
vt 0.43355733 4.0985146
vt 0.44645518 4.1038556
vt 0.4469857 4.1011868
vt 0.43302682 4.101183
vt 0.4469857 0.5091873
vt 0.43355733 0.5111489
vt 0.4469857 0.51486135
vt 0.43355733 0.5091871
vt -3.0985146 0.5091871
vt -3.101183 0.5111489
vt -3.0985146 0.5111489
vt -3.101183 0.5091871
vt 0.5669732 0.5091871
vt 0.5535448 0.51486135
vt 0.5669732 0.5111489
vt 0.5535448 0.5091873
vt 0.43198407 4.1117773
vt 0.4456755 4.114498
vt 0.4456755 4.1117773
vt 0.43198407 4.114498
vt 0.4456755 0.5091873
vt 0.43198407 0.5111489
vt 0.4456755 0.51486135
vt 0.43198407 0.5091871
vt -3.1117773 0.5091871
vt -3.1144981 0.5111489
vt -3.1117773 0.5111489
vt -3.1144981 0.5091871
vt 0.56801593 0.5091871
vt 0.5543245 0.51486135
vt 0.56801593 0.5111489
vt 0.5543245 0.5091873
vt 0.4335574 4.1277604
vt 0.44645518 4.1224194
vt 0.43302685 4.1250916
vt 0.44698572 4.1250877
vt 0.5530143 0.5091873
vt 0.5664426 0.5111489
vt 0.5664426 0.5091871
vt 0.5530143 0.51486135
vt -3.1277604 0.5091871
vt -3.1250916 0.5111489
vt -3.1250916 0.5091871
vt -3.1277604 0.5111489
vt 0.43302685 0.5091871
vt 0.44645518 0.51486135
vt 0.44645518 0.5091873
vt 0.43302685 0.5111489
vt 0.56656706 4.1277604
vt 0.5536692 4.1224194
vt 0.55313873 4.1250877
vt 0.5670976 4.1250916
vt 0.44686127 0.5091873
vt 0.43343294 0.5111489
vt 0.44686127 0.51486135
vt 0.43343294 0.5091871
vt 4.1277604 0.5091871
vt 4.1250916 0.5111489
vt 4.1277604 0.5111489
vt 4.1250916 0.5091871
vt 0.5670976 0.5091871
vt 0.5536692 0.51486135
vt 0.5670976 0.5111489
vt 0.5536692 0.5091873
vt 0.46513894 0.543909
vt 0.46062598 0.5411966
vt 0.46029738 0.5421337
vt 0.46544507 0.54296505
vt 0.4720648 0.54510546
vt 0.4718042 0.54606164
vt 0.47867325 0.54770625
vt 0.47887063 0.54673654
vt 0.4858243 0.5478686
vt 0.4856966 0.54884994
vt 0.4928248 0.5495
vt 0.49288747 0.5485122
vt 0.50000536 0.5487119
vt 0.50000536 0.5497016
vt 0.507186 0.5495
vt 0.5071233 0.5485122
vt 0.51418644 0.54786867
vt 0.5143142 0.54884994
vt 0.5213375 0.54770625
vt 0.5211401 0.54673654
vt 0.52794594 0.5451055
vt 0.5282065 0.5460617
vt 0.5348718 0.543909
vt 0.5345657 0.54296505
vt 0.5393848 0.5411966
vt 0.5397134 0.5421337
vt 0.539374 0.5411966
vt 0.5348611 0.543909
vt 0.5397026 0.5421337
vt 0.53455496 0.54296505
vt 0.5279352 0.54510546
vt 0.5281958 0.54606164
vt 0.5213268 0.54770625
vt 0.52112937 0.54673654
vt 0.51417565 0.5478686
vt 0.5143034 0.54884994
vt 0.5071752 0.5494999
vt 0.5071125 0.5485122
vt 0.49999464 0.5487119
vt 0.49999464 0.5497016
vt 0.492814 0.5495
vt 0.4928767 0.5485122
vt 0.48581356 0.54786867
vt 0.48568583 0.54884994
vt 0.4786625 0.54770625
vt 0.4788599 0.54673654
vt 0.47205406 0.5451055
vt 0.47179347 0.5460617
vt 0.46512818 0.543909
vt 0.4654343 0.54296505
vt 0.46061522 0.5411966
vt 0.46028662 0.5421337
vt 0.46513894 4.0819454
vt 0.46029738 4.0792565
vt 0.4602974 4.080737
vt 0.46513894 4.080467
vt 0.4718042 4.0819345
vt 0.4718042 4.0834093
vt 0.47867325 4.084523
vt 0.47867325 4.0830536
vt 0.4856966 4.0838304
vt 0.4856966 4.0852966
vt 0.4928248 4.0857363
vt 0.4928248 4.0842724
vt 0.50000536 4.084409
vt 0.50000536 4.0858727
vt 0.507186 4.0857363
vt 0.507186 4.0842724
vt 0.5143142 4.0838304
vt 0.5143142 4.0852966
vt 0.5213375 4.084523
vt 0.5213375 4.0830536
vt 0.5282065 4.0819345
vt 0.5282065 4.0834093
vt 0.5348718 4.0819454
vt 0.5348718 4.080467
vt 0.5397134 4.0792565
vt 0.5397134 4.080737
vt 4.0792565 0.5421337
vt 4.0809183 0.5411966
vt 4.079073 0.5411966
vt 4.080737 0.5421337
vt -3.080737 0.5421337
vt -3.079073 0.5411966
vt -3.0809183 0.5411966
vt -3.0792565 0.5421337
vt -3.1059752 0.54006517
vt -3.1091275 0.5424751
vt -3.1059752 0.54238373
vt -3.1091275 0.54015654
vt 4.1091275 0.5424751
vt 4.105975 0.54006517
vt 4.105975 0.54238373
vt 4.1091275 0.54015654
vt -3.1848183 0.5426226
vt -3.1879702 0.54503447
vt -3.1848183 0.5449431
vt -3.1879702 0.54271406
vt 4.18797 0.5450345
vt 4.1848183 0.5426227
vt 4.1848183 0.5449431
vt 4.18797 0.54271406
vt -3.1583147 0.54176295
vt -3.1614666 0.54417413
vt -3.1583147 0.54408276
vt -3.1614666 0.5418543
vt 4.1614666 0.54417413
vt 4.1583147 0.54176295
vt 4.1583147 0.54408276
vt 4.1614666 0.5418543
vt 4.134963 0.54099464
vt 4.131811 0.5432224
vt 4.134963 0.5433138
vt 4.131811 0.5409032
vt -3.1318111 0.54322237
vt -3.134963 0.5409946
vt -3.134963 0.5433138
vt -3.1318111 0.5409032
vt 0.50475067 4.1040163
vt 0.49526012 4.093542
vt 0.49526012 4.1040163
vt 0.50475067 4.093542
vt -3.093586 0.5487561
vt -3.1040163 0.5507549
vt -3.093542 0.55042255
vt -3.1040602 0.54908854
vt 0.5047399 0.54908854
vt 0.49524933 0.5507549
vt 0.5047399 0.5507549
vt 0.49524933 0.54908854
vt 4.10406 0.54908854
vt 4.093542 0.55042255
vt 4.1040163 0.5507549
vt 4.093586 0.5487561
vt 0.50475067 0.5487561
vt 0.49526012 0.55042255
vt 0.50475067 0.55042255
vt 0.49526012 0.5487561
vt 0.5547163 0.52360713
vt 0.44527292 0.5258877
vt 0.5547163 0.5258877
vt 0.44527292 0.52360713
vt 0.5547163 0.5213265
vt 0.44527292 0.5213265
vt 0.4452837 4.089728
vt 0.554727 4.087043
vt 0.4452837 4.087043
vt 0.5547271 4.089728
vt 0.4452837 0.5250166
vt 0.554727 0.5221976
vt 0.4452837 0.5221976
vt 0.554727 0.5250166
vt 0.5547163 4.087043
vt 0.44527292 4.089728
vt 0.5547163 4.089728
vt 0.44527298 4.087043
vt 0.4409889 4.2049646
vt 0.45939028 4.1956367
vt 0.4409889 4.1956367
vt 0.45939028 4.2049646
vt 0.44098896 4.207684
vt 0.45939028 4.2049646
vt 0.4409889 4.2049646
vt 0.45939028 4.207684
vt 0.55901104 4.1956367
vt 0.5406097 4.2049646
vt 0.5590111 4.2049646
vt 0.5406097 4.1956367
vt 0.45939028 0.53746605
vt 0.44098896 0.54066956
vt 0.45939028 0.54066956
vt 0.4409889 0.53746605
vt 0.45939028 0.53426254
vt 0.44098896 0.53426254
vt 0.5590111 4.2049646
vt 0.5406097 4.207684
vt 0.55901104 4.207684
vt 0.5406097 4.2049646
vt 0.44098896 4.1929173
vt 0.45939028 4.1956367
vt 0.45939028 4.1929173
vt 0.4409889 4.1956367
vt 0.55901104 0.5406695
vt 0.5406097 0.53746605
vt 0.54060966 0.54066956
vt 0.5590111 0.53746605
vt 0.5406097 0.53426254
vt 0.55901104 0.53426254
vt 0.55901104 4.1956367
vt 0.54060966 4.1929173
vt 0.5406097 4.1956367
vt 0.55901104 4.1929173
vt 4.208705 0.53746605
vt 4.2049646 0.54251194
vt 4.207684 0.54066956
vt 4.207684 0.53426254
vt 4.2049646 0.53242016
vt 4.1956367 0.5324201
vt 4.1956367 0.54251194
vt 4.1918964 0.53746605
vt 4.1929173 0.53426254
vt 4.1929173 0.5406695
vt 0.442308 4.1883354
vt 0.45087904 4.197464
vt 0.45087904 4.1883354
vt 0.442308 4.197464
vt 4.1883354 0.54195106
vt 4.197464 0.5329809
vt 4.1883354 0.5329809
vt 4.197464 0.54195106
vt -3.1883354 0.5329809
vt -3.197464 0.54195106
vt -3.1883354 0.54195106
vt -3.197464 0.5329809
vt 0.54912096 4.1883354
vt 0.557692 4.197464
vt 0.55769193 4.1883354
vt 0.54912096 4.197464
vt 0.54391336 0.5299809
vt 0.5507856 0.50769717
vt 0.5480694 0.5091871
vt 0.54752225 0.5245005
vt 0.54645795 0.5299809
vt 0.5493431 0.5271784
vt 0.54961526 0.5257772
vt 0.54134494 4.2106247
vt 0.54645795 4.1874914
vt 0.54391336 4.1874914
vt 0.54388946 4.2106247
vt 4.2106247 0.52766037
vt 4.1874914 0.5299809
vt 4.2106247 0.53070384
vt 4.187332 0.5271784
vt 0.46655822 0.50769717
vt 0.4583128 0.50918704
vt 0.46655822 0.50918704
vt 0.45573318 0.50769717
vt 0.4560147 0.52486193
vt 0.45865506 0.53070384
vt 0.45611054 0.53070384
vt 0.4536947 0.52613866
vt 0.45371962 0.52766037
vt 0.53982407 0.5091871
vt 0.5507856 0.50769717
vt 0.53982407 0.50769717
vt 0.5480694 0.5091871
vt -3.2106242 0.50918704
vt -3.186223 0.50769717
vt -3.2106242 0.50769717
vt -3.186223 0.5091871
vt 0.46017593 4.186223
vt 0.45573318 4.210624
vt 0.46655822 4.210624
vt 0.4492144 4.186223
vt 4.210624 0.50769717
vt 4.1871796 0.5245005
vt 4.2106247 0.52486193
vt 4.186223 0.50769717
vt 0.4560147 4.2106247
vt 0.45038474 4.187252
vt 0.4536947 4.2106247
vt 0.45247775 4.1871796
vt 4.2106247 0.52613866
vt 4.187332 0.5271784
vt 4.2106247 0.52766037
vt 4.187252 0.5257772
vt 0.5591135 4.2049646
vt 0.5407121 4.1956367
vt 0.5407121 4.2049646
vt 0.5591135 4.1956367
vt 0.5591135 4.207684
vt 0.5407121 4.2049646
vt 0.5407121 4.207684
vt 0.5591135 4.2049646
vt 0.4408865 4.1956367
vt 0.45928788 4.2049646
vt 0.45928785 4.1956367
vt 0.4408865 4.2049646
vt 0.5591135 0.5406695
vt 0.5407121 0.53746605
vt 0.5407121 0.54066956
vt 0.5591135 0.53746605
vt 0.5407121 0.53426254
vt 0.5591135 0.53426254
vt 0.4408865 4.2049646
vt 0.4592879 4.207684
vt 0.45928788 4.2049646
vt 0.44088653 4.207684
vt 0.5591135 4.1929173
vt 0.5407121 4.1956367
vt 0.5591135 4.1956367
vt 0.5407121 4.1929173
vt 0.45928785 0.53746605
vt 0.4408865 0.5406695
vt 0.45928788 0.5406695
vt 0.44088647 0.537466
vt 0.45928788 0.53426254
vt 0.4408865 0.53426254
vt 0.4408865 4.1956367
vt 0.45928788 4.1929173
vt 0.4408865 4.1929173
vt 0.45928785 4.1956367
vt 0.55779445 4.1883354
vt 0.5492234 4.197464
vt 0.55779445 4.197464
vt 0.5492234 4.1883354
vt -3.1883354 0.54195106
vt -3.197464 0.5329809
vt -3.197464 0.54195106
vt -3.1883354 0.5329809
vt 4.1883354 0.5329809
vt 4.197464 0.54195106
vt 4.197464 0.5329809
vt 4.1883354 0.54195106
vt 0.45077658 4.1883354
vt 0.44220558 4.197464
vt 0.45077658 4.197464
vt 0.44220558 4.1883354
vt 0.44911194 0.50769717
vt 0.45598415 0.5299809
vt 0.45182812 0.50918704
vt 0.4523753 0.5245005
vt 0.45343962 0.52998084
vt 0.4505544 0.5271784
vt 0.45028228 0.52577716
vt 0.45855266 4.2106247
vt 0.45343962 4.1874914
vt 0.4560081 4.2106247
vt 0.45598415 4.1874914
vt -3.2106242 0.52766037
vt -3.1874914 0.52998084
vt -3.1873322 0.5271784
vt -3.2106247 0.5307038
vt 0.54178953 0.50918704
vt 0.5335442 0.50769717
vt 0.5335442 0.50918704
vt 0.5443692 0.50769717
vt 0.54408765 0.52486193
vt 0.54144734 0.53070384
vt 0.5439919 0.5307038
vt 0.5464077 0.52613866
vt 0.5463828 0.52766037
vt 0.4600735 0.50918704
vt 0.44911194 0.50769717
vt 0.45182812 0.50918704
vt 0.4600735 0.50769717
vt 4.210624 0.50918704
vt 4.186223 0.50769717
vt 4.186223 0.50918704
vt 4.210624 0.50769717
vt 0.5399265 4.186223
vt 0.5443692 4.210624
vt 0.55088806 4.186223
vt 0.5335442 4.210624
vt -3.2106242 0.50769717
vt -3.1871796 0.5245005
vt -3.186223 0.50769717
vt -3.2106242 0.52486193
vt 0.54408765 4.210624
vt 0.5497177 4.187252
vt 0.5476247 4.1871796
vt 0.5464077 4.210624
vt -3.2106242 0.52613866
vt -3.1873322 0.5271784
vt -3.187252 0.52577716
vt -3.2106242 0.52766037
vt -3.1956367 0.5324201
vt -3.1918964 0.537466
vt -3.1929173 0.53426254
vt -3.1956367 0.54251194
vt -3.1929173 0.5406695
vt -3.2049646 0.54251194
vt -3.2049646 0.5324201
vt -3.207684 0.53426254
vt -3.208705 0.53746605
vt -3.207684 0.5406695
vt 0.5397384 0.54195845
vt 0.55339414 0.51117325
vt 0.55090326 0.51030195
vt 0.54226476 0.54282975
vt 4.169508 0.54282975
vt 4.1703835 0.5111495
vt 4.1695023 0.51117325
vt 4.170389 0.5428061
vt 0.46027142 0.5419347
vt 0.4467548 0.5111495
vt 0.45774108 0.5428061
vt 0.44924963 0.5102782
vt 0.5397286 4.1701717
vt 0.54226476 4.169508
vt 0.5397384 4.16929
vt 0.5422589 4.170389
vt 0.5398172 0.5421731
vt 0.55473214 0.5113879
vt 0.55227673 0.5105165
vt 0.5423081 0.5430443
vt 4.1615334 0.5430443
vt 4.162409 0.5113641
vt 4.161527 0.5113879
vt 4.1624146 0.5430206
vt 0.46019065 0.54214936
vt 0.4454149 0.5113641
vt 0.45769584 0.5430206
vt 0.4478743 0.5104928
vt 0.53980935 4.1621966
vt 0.5423081 4.1615334
vt 0.5398172 4.161315
vt 0.54230416 4.1624146
vt 0.4467548 4.1703835
vt 0.44909674 4.169284
vt 0.44660586 4.1695023
vt 0.44924963 4.170166
vt 0.4454149 4.162409
vt 0.44772327 4.1613092
vt 0.44526786 4.161527
vt 0.4478743 4.1621904
vt 0.4602726 0.54195845
vt 0.44661686 0.51117325
vt 0.45774624 0.54282975
vt 0.44910777 0.51030195
vt -3.169508 0.54282975
vt -3.1703835 0.5111495
vt -3.1703892 0.5428061
vt -3.1695023 0.51117325
vt 0.5397176 0.5419347
vt 0.5532342 0.5111495
vt 0.55073935 0.5102782
vt 0.5422479 0.5428061
vt 0.4602824 4.1701717
vt 0.45774624 4.169508
vt 0.4577521 4.170389
vt 0.4602726 4.16929
vt 0.46019375 0.5421731
vt 0.44527885 0.5113879
vt 0.4577029 0.5430443
vt 0.4477343 0.5105165
vt -3.1615334 0.5430443
vt -3.1624088 0.5113641
vt -3.1624146 0.5430206
vt -3.1615272 0.5113879
vt 0.5397984 0.54214936
vt 0.55457413 0.5113641
vt 0.5521147 0.5104928
vt 0.5422932 0.5430206
vt 0.46020162 4.1621966
vt 0.4577029 4.1615334
vt 0.45770684 4.1624146
vt 0.46019375 4.161315
vt 0.5532342 4.1703835
vt 0.55089223 4.1692843
vt 0.55073935 4.170166
vt 0.5533831 4.1695023
vt 0.55457413 4.162409
vt 0.5522657 4.1613092
vt 0.5521147 4.1621904
vt 0.5547211 4.161527
vt 4.214719 0.53546935
vt 4.205739 0.55424976
vt 4.207388 0.55424976
vt 4.205739 0.53546935
vt 4.20409 0.55424976
vt 4.1967583 0.53546935
vt 0.51941204 0.53546935
vt 0.5132787 0.55424976
vt 0.5151818 0.55424976
vt 0.50904846 0.53546935
vt -3.207388 0.55424976
vt -3.205739 0.53546935
vt -3.2147188 0.53546935
vt -3.205739 0.55424976
vt -3.1967583 0.53546935
vt -3.20409 0.55424976
vt 0.4909515 0.53546935
vt 0.4848182 0.55424976
vt 0.48672128 0.55424976
vt 0.48058796 0.53546935
vt 0.48654377 4.2070804
vt 0.48422167 4.205739
vt 0.4849957 4.2070804
vt 0.48654377 4.204397
vt 0.48731783 4.205739
vt 0.4849957 4.204397
vt 4.205739 0.55424976
vt 4.2070804 0.56337154
vt 4.207388 0.55424976
vt 4.205739 0.56337154
vt 4.20409 0.55424976
vt 4.204397 0.56337154
vt 0.5150043 0.56337154
vt 0.5132787 0.55424976
vt 0.5134562 0.56337154
vt 0.5151818 0.55424976
vt -3.205739 0.56337154
vt -3.207388 0.55424976
vt -3.2070804 0.56337154
vt -3.205739 0.55424976
vt -3.2043972 0.56337154
vt -3.20409 0.55424976
vt 0.48654377 0.56337154
vt 0.4848182 0.55424976
vt 0.4849957 0.56337154
vt 0.48672128 0.55424976
vt 4.214719 0.53546935
vt 4.205739 0.55424976
vt 4.207388 0.55424976
vt 4.205739 0.53546935
vt 4.20409 0.55424976
vt 4.1967583 0.53546935
vt 0.4909404 0.53546935
vt 0.48480707 0.55424976
vt 0.4867102 0.55424976
vt 0.4805768 0.53546935
vt -3.207388 0.55424976
vt -3.205739 0.53546935
vt -3.2147188 0.53546935
vt -3.205739 0.55424976
vt -3.1967583 0.53546935
vt -3.20409 0.55424976
vt 0.5194231 0.53546935
vt 0.5132898 0.55424976
vt 0.5151929 0.55424976
vt 0.5090596 0.53546935
vt 0.5150154 4.2070804
vt 0.5126933 4.205739
vt 0.5134674 4.2070804
vt 0.5150154 4.204397
vt 0.51578945 4.205739
vt 0.5134674 4.204397
vt 4.205739 0.55424976
vt 4.2070804 0.56337154
vt 4.207388 0.55424976
vt 4.205739 0.56337154
vt 4.20409 0.55424976
vt 4.204397 0.56337154
vt 0.48653263 0.56337154
vt 0.48480707 0.55424976
vt 0.48498458 0.56337154
vt 0.4867102 0.55424976
vt -3.205739 0.56337154
vt -3.207388 0.55424976
vt -3.2070804 0.56337154
vt -3.205739 0.55424976
vt -3.2043972 0.56337154
vt -3.20409 0.55424976
vt 0.5150154 0.56337154
vt 0.5132898 0.55424976
vt 0.5134674 0.56337154
vt 0.5151929 0.55424976
vt 0.5410816 4.055936
vt 0.49999464 4.0630817
vt 0.5410816 4.0630817
vt 0.49999464 4.055936
vt 0.45890766 4.055936
vt 0.45890766 4.0630817
vt 0.4589184 4.084566
vt 0.47197172 4.0807
vt 0.4589184 4.07742
vt 0.47197175 4.0878453
vt 0.48576954 4.0825844
vt 0.48576957 4.08973
vt 0.50000536 4.083131
vt 0.50000536 4.0902767
vt 0.5142412 4.08973
vt 0.5142412 4.0825844
vt 0.52803904 4.0878453
vt 0.52803904 4.0807
vt 0.54109234 4.084566
vt 0.54109234 4.07742
vt -3.0774202 0.54056996
vt -3.0630817 0.50918716
vt -3.084566 0.54056996
vt -3.0559359 0.50918716
vt -3.0671892 0.5091871
vt -3.0770426 0.5091871
vt -3.084566 0.54056996
vt -3.0882702 0.5091871
vt 0.5410814 0.50918704
vt 0.5280281 0.54952455
vt 0.5410814 0.5447343
vt 0.5280281 0.50918704
vt 0.51423025 0.5522772
vt 0.51423025 0.50918704
vt 0.4999944 0.5530759
vt 0.4999944 0.50918704
vt 0.4857586 0.50918704
vt 0.4857586 0.55227727
vt 0.47196078 0.50918704
vt 0.47196078 0.54952455
vt 0.45890743 0.50918704
vt 0.45890749 0.5447343
vt -3.0882702 0.5091871
vt -3.100463 0.5091871
vt -3.084566 0.54056996
vt -3.1075516 0.54131585
vt -3.1131377 0.5091871
vt -3.1258125 0.5091871
vt -3.133387 0.5421542
vt -3.1598907 0.5430142
vt -3.1548414 0.5091871
vt -3.1838694 0.50918704
vt -3.1863942 0.54387426
vt -3.2103176 0.50918704
vt -3.2102609 0.5446487
vt -3.2128978 0.50918704
vt -3.2103176 0.50918704
vt -3.2128978 0.5447343
vt 4.07742 0.54056996
vt 4.0630817 0.50918716
vt 4.055936 0.50918716
vt 4.084566 0.54056996
vt 4.067189 0.50918716
vt 4.084566 0.54056996
vt 4.0770426 0.50918716
vt 4.08827 0.5091871
vt 4.08827 0.5091871
vt 4.084566 0.54056996
vt 4.100463 0.5091871
vt 4.1075516 0.54131585
vt 4.1131377 0.5091871
vt 4.1258125 0.5091871
vt 4.133387 0.5421542
vt 4.1598907 0.5430142
vt 4.154841 0.5091871
vt 4.1838694 0.5091871
vt 4.186394 0.54387426
vt 4.2103176 0.50918704
vt 4.210261 0.54464877
vt 4.212898 0.50918704
vt 4.2103176 0.50918704
vt 4.212898 0.5447343
vt 0.45891857 4.212898
vt 0.47197193 4.2152596
vt 0.45891857 4.210261
vt 0.47197193 4.2178965
vt 0.48576975 4.218131
vt 0.48576975 4.220768
vt 0.50000554 4.2189646
vt 0.5000056 4.2216015
vt 0.5142414 4.220768
vt 0.5142414 4.218131
vt 0.5280392 4.2178965
vt 0.5280392 4.2152596
vt 0.5410925 4.212898
vt 0.5410925 4.210261
vt 0.5142412 0.5481129
vt 0.5277271 0.5398163
vt 0.5253974 0.5385335
vt 0.52356976 0.53651786
vt 0.52199703 0.53414357
vt 0.52803904 0.5453602
vt 0.53030914 0.5402738
vt 0.5328912 0.5398164
vt 0.5352209 0.5385335
vt 0.54109234 0.54056996
vt 0.5370486 0.5365179
vt 0.5386213 0.53414357
vt 0.53862125 0.51545876
vt 0.54109234 0.50918716
vt 0.52199703 0.51545876
vt 0.50000536 0.50918716
vt 0.5184188 0.51545876
vt 0.5184188 0.53414357
vt 0.51010656 0.51545876
vt 0.51684606 0.53651786
vt 0.5150184 0.5385335
vt 0.51268876 0.5398164
vt 0.50000536 0.5489116
vt 0.51010656 0.5402737
vt 0.5075246 0.5398163
vt 0.5051949 0.5385335
vt 0.50336725 0.53651786
vt 0.5017946 0.53414357
vt 0.5017945 0.51545876
vt 0.4982163 0.51545876
vt 0.49821633 0.53414357
vt 0.4899041 0.51545876
vt 0.4966436 0.53651786
vt 0.4815921 0.51545876
vt 0.49481595 0.5385335
vt 0.49248627 0.5398163
vt 0.48990414 0.5402737
vt 0.48732215 0.5398163
vt 0.48576954 0.54811287
vt 0.48499247 0.5385335
vt 0.48316482 0.53651786
vt 0.4589184 0.50918716
vt 0.4815921 0.5341435
vt 0.47801375 0.51545876
vt 0.47801378 0.53414357
vt 0.46138954 0.51545876
vt 0.46138957 0.5341435
vt 0.47644106 0.53651786
vt 0.4746134 0.5385335
vt 0.47228372 0.5398163
vt 0.4589184 0.54056996
vt 0.46296227 0.53651786
vt 0.46478993 0.5385335
vt 0.47197172 0.54536015
vt 0.46970165 0.5402738
vt 0.46711963 0.5398164
vt 0.5677228 4.1266036
vt 0.5000054 4.1131372
vt 0.5638092 4.139557
vt 0.5690613 4.1131377
vt 0.5574225 4.151485
vt 0.56772274 4.0996723
vt 0.54885274 4.161954
vt 0.56380916 4.0867186
vt 0.53839004 4.1705284
vt 0.5574224 4.074791
vt 0.5264687 4.176919
vt 0.54885256 4.0643215
vt 0.51352286 4.180835
vt 0.53838986 4.055747
vt 0.50000554 4.1821737
vt 0.5264685 4.0493565
vt 0.48648816 4.180835
vt 0.5135227 4.0454407
vt 0.47354236 4.176919
vt 0.5000053 4.0441017
vt 0.461621 4.1705284
vt 0.48648795 4.0454407
vt 0.4511583 4.161954
vt 0.47354215 4.0493565
vt 0.44258845 4.151485
vt 0.4616208 4.055747
vt 0.43620172 4.139557
vt 0.4511581 4.064322
vt 0.4322881 4.1266036
vt 0.44258833 4.074791
vt 0.43094963 4.1131377
vt 0.4362016 4.0867186
vt 0.43228805 4.0996723
vt -3.0897279 0.5213265
vt -3.0913877 0.52360713
vt -3.088986 0.52360713
vt -3.0870428 0.5221976
vt -3.0897279 0.5258877
vt -3.0870428 0.5250166
vt 4.0913877 0.52360713
vt 4.089728 0.5213265
vt 4.0889854 0.52360713
vt 4.089728 0.5258877
vt 4.087043 0.5221976
vt 4.087043 0.5250166
vt 0.55692077 0.53388196
vt 0.54912096 0.5329809
vt 0.55302346 0.53388196
vt 0.557692 0.5329809
vt 0.54912096 0.54195106
vt 0.55692077 0.5410501
vt 0.5530234 0.5410501
vt 0.55769193 0.54195106
vt 0.45077658 0.5329809
vt 0.44297677 0.5338819
vt 0.4468741 0.5338819
vt 0.44220558 0.5329809
vt 0.45077658 0.54195106
vt 0.44297677 0.54105
vt 0.4468741 0.54105
vt 0.44220558 0.54195106
vt 4.148819 0.5
vt 4.132448 0.504173
vt 4.148819 0.504173
vt 4.132448 0.5
vt 4.1131377 0.504173
vt 4.1131377 0.5
vt 4.0938272 0.504173
vt 4.0938272 0.5
vt 4.0774565 0.504173
vt 4.0774565 0.5
vt 0.464347 0.504173
vt 0.48070836 0.5
vt 0.464347 0.5
vt 0.48070836 0.5041729
vt 0.50005126 0.5
vt 0.50005126 0.5041729
vt 0.5193942 0.5
vt 0.5193942 0.5041729
vt 0.5357556 0.5
vt 0.53575563 0.5041729
vt 0.5356529 0.5
vt 0.5192915 0.504173
vt 0.5356529 0.504173
vt 0.5192915 0.5
vt 0.4999486 0.504173
vt 0.4999486 0.5
vt 0.48060563 0.504173
vt 0.48060563 0.5
vt 0.4642443 0.504173
vt 0.4642443 0.5
vt -3.148819 0.5041729
vt -3.1324482 0.5
vt -3.148819 0.5
vt -3.1324482 0.504173
vt -3.1131377 0.5
vt -3.1131377 0.504173
vt -3.0938272 0.5
vt -3.0938272 0.504173
vt -3.0774565 0.5
vt -3.0774565 0.504173
vt 0.45850238 4.1091275
vt 0.47164387 4.105975
vt 0.4585024 4.105975
vt 0.4716439 4.1091275
vt 0.48561713 4.105975
vt 0.48561713 4.1091275
vt 0.5000054 4.105975
vt 0.5000054 4.1091275
vt 0.5143937 4.105975
vt 0.5143937 4.1091275
vt 0.5283669 4.105975
vt 0.5283669 4.1091275
vt 0.54150844 4.105975
vt 0.54150844 4.1091275
vt 0.4585024 0.54238373
vt 0.47229967 0.54470897
vt 0.4593345 0.54006517
vt 0.47164387 0.54709065
vt 0.48592204 0.54736286
vt 0.48561713 0.5498129
vt 0.5000054 0.54813457
vt 0.5000054 0.5506013
vt 0.51408875 0.54736286
vt 0.5143937 0.5498129
vt 0.52771115 0.54470897
vt 0.5283669 0.54709065
vt 0.54067636 0.54006517
vt 0.54150844 0.54238373
vt 0.5406655 0.54015654
vt 0.5283561 0.547182
vt 0.5414976 0.5424751
vt 0.5277003 0.54480034
vt 0.51438284 0.5499043
vt 0.51407796 0.54745424
vt 0.49999458 0.55069274
vt 0.49999458 0.54822594
vt 0.4856063 0.5499043
vt 0.48591125 0.54745424
vt 0.47163308 0.547182
vt 0.47228885 0.54480034
vt 0.45849156 0.5424751
vt 0.45932364 0.54015654
vt 0.4585052 4.18797
vt 0.47164616 4.184818
vt 0.45850515 4.1848183
vt 0.4716462 4.18797
vt 0.4856183 4.184818
vt 0.4856183 4.18797
vt 0.50000554 4.184818
vt 0.50000554 4.18797
vt 0.51439273 4.184818
vt 0.51439273 4.18797
vt 0.5283649 4.184818
vt 0.5283649 4.18797
vt 0.54150593 4.1848183
vt 0.5415059 4.18797
vt 0.45850515 0.5449431
vt 0.47229758 0.547233
vt 0.4593319 0.5426226
vt 0.47164616 0.5496158
vt 0.4859211 0.54986835
vt 0.4856183 0.5523186
vt 0.50000554 0.55063474
vt 0.50000554 0.5531014
vt 0.51408994 0.54986835
vt 0.51439273 0.5523186
vt 0.5277135 0.54723305
vt 0.5283649 0.54961586
vt 0.54067916 0.5426227
vt 0.54150593 0.5449431
vt 0.540668 0.54271406
vt 0.5283538 0.5497072
vt 0.5414948 0.54503447
vt 0.52770245 0.54732436
vt 0.5143817 0.55240995
vt 0.51407886 0.5499597
vt 0.49999446 0.5531928
vt 0.49999446 0.55072606
vt 0.48560727 0.55240995
vt 0.48591006 0.5499597
vt 0.4716351 0.5497072
vt 0.47228652 0.5473244
vt 0.45849413 0.5450345
vt 0.4593209 0.54271406
vt 0.4585042 4.1614666
vt 0.47164544 4.1583147
vt 0.45850426 4.1583147
vt 0.47164536 4.161467
vt 0.4856179 4.1583147
vt 0.4856179 4.161467
vt 0.5000055 4.1583147
vt 0.5000055 4.161467
vt 0.5143931 4.1583147
vt 0.5143931 4.161467
vt 0.5283655 4.1583147
vt 0.5283656 4.161467
vt 0.5415067 4.1583147
vt 0.54150677 4.1614666
vt 0.45850426 0.54408276
vt 0.47229832 0.5463845
vt 0.45933282 0.54176295
vt 0.47164544 0.548767
vt 0.4859214 0.5490261
vt 0.4856179 0.5514763
vt 0.5000055 0.54979426
vt 0.5000055 0.552261
vt 0.5140895 0.54902613
vt 0.5143931 0.5514763
vt 0.52771264 0.5463846
vt 0.5283655 0.548767
vt 0.54067814 0.54176295
vt 0.5415067 0.54408276
vt 0.5406673 0.5418543
vt 0.52835464 0.54885834
vt 0.5414958 0.54417413
vt 0.52770174 0.54647595
vt 0.5143821 0.5515677
vt 0.5140786 0.5491175
vt 0.49999452 0.5523524
vt 0.49999452 0.5498857
vt 0.4856069 0.5515677
vt 0.48591042 0.5491175
vt 0.4716344 0.5488584
vt 0.47228724 0.54647595
vt 0.45849323 0.54417413
vt 0.45932174 0.5418543
vt 0.5415076 4.131811
vt 0.52836627 4.134963
vt 0.5415076 4.134963
vt 0.52836627 4.131811
vt 0.5143934 4.134963
vt 0.5143934 4.131811
vt 0.5000054 4.134963
vt 0.5000054 4.131811
vt 0.48561752 4.134963
vt 0.48561752 4.131811
vt 0.47164464 4.134963
vt 0.47164464 4.131811
vt 0.4585033 4.134963
vt 0.4585033 4.131811
vt 0.4584924 0.5433138
vt 0.47228807 0.5456275
vt 0.45932275 0.54099464
vt 0.47163373 0.5480095
vt 0.48591083 0.54827523
vt 0.4856066 0.5507254
vt 0.49999458 0.5490452
vt 0.49999458 0.55151194
vt 0.51407826 0.54827523
vt 0.5143825 0.55072534
vt 0.527701 0.5456275
vt 0.52835536 0.5480095
vt 0.54066634 0.5409946
vt 0.5414967 0.5433138
vt 0.54067725 0.5409032
vt 0.52836627 0.54791814
vt 0.5415076 0.5432224
vt 0.5277119 0.54553604
vt 0.5143934 0.55063397
vt 0.51408917 0.54818386
vt 0.5000054 0.55142057
vt 0.5000054 0.54895383
vt 0.48561752 0.55063397
vt 0.48592174 0.54818386
vt 0.47164464 0.5479181
vt 0.47229898 0.54553604
vt 0.4585033 0.54322237
vt 0.45933366 0.5409032
vt 0.45891845 4.1075516
vt 0.47197178 4.1075516
vt 0.45891848 4.133387
vt 0.48576957 4.1075516
vt 0.4719718 4.1333876
vt 0.4589185 4.1598907
vt 0.47197184 4.159891
vt 0.45891854 4.186394
vt 0.48576963 4.1333876
vt 0.5000054 4.1075516
vt 0.47197187 4.1863937
vt 0.48576966 4.159891
vt 0.4857697 4.1863937
vt 0.5000054 4.1333876
vt 0.5142412 4.1075516
vt 0.50000554 4.1863937
vt 0.5000055 4.159891
vt 0.51424134 4.1863937
vt 0.5142413 4.1333876
vt 0.51424134 4.159891
vt 0.52803916 4.1863937
vt 0.5410925 4.186394
vt 0.5280391 4.159891
vt 0.54109246 4.1598907
vt 0.5280391 4.1333876
vt 0.5410924 4.133387
vt 0.52803904 4.1075516
vt 0.5410924 4.1075516
vt 4.21101 0.5504446
vt 4.0947924 0.5455904
vt 4.094754 0.54672736
vt 4.211048 0.5493076
vt 4.0948267 0.5444533
vt 4.2110815 0.54817057
vt -3.0947542 0.54672736
vt -3.2110434 0.5493075
vt -3.21101 0.5504446
vt -3.094788 0.54559034
vt -3.2110815 0.54817057
vt -3.0948267 0.5444533
vt 0.53513247 0.54559034
vt 0.5373915 0.5455904
vt 0.5362619 0.5444533
vt 0.53626204 0.54672736
vt 0.462838 0.5493076
vt 0.465097 0.5493075
vt 0.46396756 0.54817057
vt 0.4639675 0.5504446
vt 4.208615 0.5424417
vt 4.207987 0.5492283
vt 4.2085075 0.5492358
vt 4.2080936 0.5424342
vt 4.2074656 0.5492228
vt 4.207573 0.54242873
vt -3.2085075 0.5492358
vt -3.2080936 0.54243624
vt -3.2086148 0.5424417
vt -3.2079868 0.5492304
vt -3.207573 0.54242873
vt -3.2074656 0.5492228
vt 4.1509857 0.5409663
vt 4.1503572 0.5477529
vt 4.1508784 0.5477604
vt 4.150465 0.5409588
vt 4.1498365 0.54774743
vt 4.1499443 0.54095334
vt -3.1508784 0.5477604
vt -3.150465 0.54096085
vt -3.1509857 0.5409663
vt -3.1503572 0.54775494
vt -3.1499443 0.54095334
vt -3.1498365 0.54774743
vt 4.0977845 0.53890336
vt 4.0971565 0.54568994
vt 4.097677 0.54569745
vt 4.0972633 0.53889585
vt 4.096636 0.5456845
vt 4.0967426 0.5388904
vt -3.0976772 0.54569745
vt -3.0972633 0.5388979
vt -3.0977845 0.53890336
vt -3.0971565 0.545692
vt -3.0967426 0.5388904
vt -3.0966358 0.5456845
vt -3.0947924 0.5455904
vt -3.21101 0.5504446
vt -3.0947542 0.54672736
vt -3.2110481 0.5493076
vt -3.0948267 0.5444533
vt -3.2110815 0.54817057
vt 4.2110434 0.5493075
vt 4.094754 0.54672736
vt 4.21101 0.5504446
vt 4.094788 0.54559034
vt 4.2110815 0.54817057
vt 4.0948267 0.5444533
vt 0.4647648 0.54559034
vt 0.4625058 0.5455904
vt 0.46363524 0.54672736
vt 0.46363533 0.5444533
vt 0.53726435 0.5493076
vt 0.53500533 0.5493075
vt 0.5361349 0.5504446
vt 0.53613484 0.54817057
vt -3.2079868 0.5492283
vt -3.2086148 0.5424417
vt -3.2085075 0.5492358
vt -3.2080936 0.5424342
vt -3.2074656 0.5492228
vt -3.207573 0.54242873
vt 4.2080936 0.54243624
vt 4.2085075 0.5492358
vt 4.208615 0.5424417
vt 4.207987 0.54923034
vt 4.207573 0.54242873
vt 4.2074656 0.5492228
vt -3.1503572 0.5477529
vt -3.1509857 0.5409663
vt -3.1508784 0.5477604
vt -3.150465 0.5409588
vt -3.1498365 0.54774743
vt -3.1499443 0.54095334
vt 4.150465 0.54096085
vt 4.1508784 0.5477604
vt 4.1509857 0.5409663
vt 4.1503577 0.54775494
vt 4.1499443 0.54095334
vt 4.1498365 0.54774743
vt -3.0971565 0.54568994
vt -3.0977845 0.53890336
vt -3.0976772 0.54569745
vt -3.0972633 0.53889585
vt -3.0966358 0.5456845
vt -3.0967426 0.5388904
vt 4.097264 0.5388979
vt 4.097677 0.54569745
vt 4.0977845 0.53890336
vt 4.0971565 0.54569197
vt 4.0967426 0.5388904
vt 4.096636 0.5456845
vt 0.55302346 0.53388196
vt 0.5549721 0.537466
vt 0.55692077 0.53388196
vt 0.55692077 0.5410501
vt 0.5530234 0.5410501
vt -3.1883354 0.53388196
vt -3.1913905 0.537466
vt -3.1883354 0.5410501
vt 4.1883354 0.5410501
vt 4.1913905 0.537466
vt 4.1883354 0.53388196
vt 0.4468741 0.5338819
vt 0.44297677 0.5338819
vt 0.44492546 0.537466
vt 0.44297677 0.54105
vt 0.4468741 0.54105
vt 4.1883354 0.5338819
vt 4.1883354 0.54105
vt 4.1913905 0.537466
vt -3.1883354 0.54105
vt -3.1883354 0.5338819
vt -3.1913905 0.537466
vt 0.5436796 4.169312
vt 0.546061 4.1623883
vt 0.54412514 4.162218
vt 0.5456401 4.169482
vt 4.169482 0.53234154
vt 4.162388 0.5318144
vt 4.1623883 0.53253245
vt 4.1694818 0.5316235
vt 0.45410728 4.1694818
vt 0.45559573 4.162218
vt 0.4536602 4.162388
vt 0.45606738 4.169312
vt 0.54528266 4.1693115
vt 0.54782563 4.1623874
vt 0.5458936 4.1622176
vt 0.54723924 4.1694813
vt 4.1694813 0.5277945
vt 4.1623874 0.5272673
vt 4.1623874 0.5279854
vt 4.1694813 0.52707636
vt 0.4525082 4.1694813
vt 0.45382702 4.162217
vt 0.4518957 4.1623874
vt 0.45446408 4.169311
vt 0.5468861 4.1693106
vt 0.5495903 4.162387
vt 0.54766244 4.1622167
vt 0.5488385 4.1694803
vt 4.1694803 0.5232474
vt 4.1623864 0.52272016
vt 4.162387 0.5234382
vt 4.1694803 0.5225293
vt 0.45090896 4.1694803
vt 0.4520585 4.1622167
vt 0.450131 4.1623864
vt 0.452861 4.1693106
vt 0.5484893 4.1693096
vt 0.5513551 4.162386
vt 0.549431 4.162216
vt 0.5504379 4.1694794
vt 4.1694794 0.5187003
vt 4.162386 0.51817304
vt 4.162386 0.5188912
vt 4.1694794 0.5179822
vt 0.44930965 4.1694794
vt 0.45028985 4.1622157
vt 0.44836622 4.162386
vt 0.4512576 4.1693096
vt 0.5500926 4.1693087
vt 0.5531198 4.162385
vt 0.5511997 4.162215
vt 0.5520371 4.1694784
vt 4.1694784 0.5141531
vt 4.162385 0.513626
vt 4.162385 0.51434404
vt 4.1694784 0.5134351
vt 0.4477104 4.1694784
vt 0.44852102 4.162215
vt 0.4466017 4.162385
vt 0.44965434 4.1693087
vt 0.54047596 4.169314
vt 0.54253465 4.16239
vt 0.54059064 4.16222
vt 0.5424446 4.169484
vt 4.169484 0.54143673
vt 4.1623898 0.5409096
vt 4.16239 0.5416276
vt 4.1694837 0.54071873
vt 0.45730293 4.1694837
vt 0.4591301 4.16222
vt 0.4571867 4.1623898
vt 0.45927095 4.169314
vt 0.5420792 4.1693134
vt 0.5442994 4.1623898
vt 0.5423594 4.1622195
vt 0.54404384 4.169483
vt 4.169483 0.53688955
vt 4.1623893 0.53636247
vt 4.1623898 0.53708047
vt 4.169483 0.53617156
vt 0.4557039 4.169483
vt 0.45736146 4.162219
vt 0.45542222 4.1623893
vt 0.45766777 4.169313
vt 0.4563314 4.169312
vt 0.45395002 4.1623883
vt 0.4543709 4.169482
vt 0.45588586 4.1622186
vt -3.1694822 0.53234154
vt -3.1623883 0.5318144
vt -3.1694818 0.5316235
vt -3.1623883 0.53253245
vt 0.5458817 4.1694818
vt 0.5443933 4.162218
vt 0.5439216 4.169312
vt 0.5463288 4.1623883
vt 0.45472836 4.1693115
vt 0.45218533 4.162388
vt 0.45277178 4.1694813
vt 0.4541174 4.1622176
vt -3.1694813 0.5277945
vt -3.1623874 0.5272673
vt -3.1694813 0.52707636
vt -3.1623878 0.5279854
vt 0.54748076 4.1694813
vt 0.546162 4.162217
vt 0.54552495 4.169311
vt 0.5480933 4.1623874
vt 0.4531249 4.1693106
vt 0.4504207 4.162387
vt 0.4511725 4.1694803
vt 0.45234853 4.162217
vt -3.1694803 0.5232474
vt -3.162387 0.52272016
vt -3.1694803 0.5225293
vt -3.162387 0.5234382
vt 0.54908 4.1694803
vt 0.5479305 4.1622167
vt 0.54712796 4.1693106
vt 0.54985803 4.162387
vt 0.45152175 4.1693096
vt 0.44865587 4.162386
vt 0.4495731 4.1694794
vt 0.45058 4.162216
vt -3.1694794 0.5187003
vt -3.162386 0.51817304
vt -3.1694794 0.5179822
vt -3.162386 0.5188912
vt 0.5506793 4.1694794
vt 0.5496992 4.1622157
vt 0.5487314 4.1693096
vt 0.5516228 4.162386
vt 0.44991842 4.1693087
vt 0.44689122 4.162385
vt 0.4479739 4.1694784
vt 0.44881132 4.162215
vt -3.1694784 0.5141531
vt -3.162385 0.513626
vt -3.1694784 0.5134351
vt -3.162385 0.51434404
vt 0.55227864 4.1694784
vt 0.551468 4.162215
vt 0.55033463 4.1693087
vt 0.55338734 4.162385
vt 0.45953506 4.169314
vt 0.45747632 4.16239
vt 0.4575664 4.169484
vt 0.45942035 4.16222
vt -3.1694841 0.54143673
vt -3.1623898 0.5409096
vt -3.1694837 0.54071873
vt -3.1623902 0.5416276
vt 0.54268605 4.1694837
vt 0.54085886 4.16222
vt 0.5407181 4.169314
vt 0.54280233 4.1623898
vt 0.4579318 4.1693134
vt 0.4557116 4.1623898
vt 0.45596716 4.169483
vt 0.45765162 4.1622195
vt -3.1694832 0.53688955
vt -3.1623893 0.53636247
vt -3.1694832 0.53617156
vt -3.1623898 0.53708047
vt 0.54428506 4.169483
vt 0.5426275 4.162219
vt 0.5423212 4.169313
vt 0.5445668 4.1623893
vt 0.5386213 0.5273977
vt 0.5303092 0.5335279
vt 0.5352209 0.53178763
vt 0.5386213 0.51545876
vt 0.52199703 0.51545876
vt 0.52199703 0.52739763
vt 0.5253974 0.53178763
vt 0.49821636 0.52739763
vt 0.48990417 0.53352785
vt 0.49481598 0.53178763
vt 0.49821636 0.51545876
vt 0.48159212 0.51545876
vt 0.48159212 0.52739763
vt 0.4849925 0.53178763
vt 0.4780138 0.52739763
vt 0.46970168 0.53352785
vt 0.47461343 0.53178763
vt 0.4780138 0.51545876
vt 0.4613896 0.51545876
vt 0.4613896 0.52739763
vt 0.46478996 0.53178763
vt 0.5184188 0.52739763
vt 0.5101066 0.53352785
vt 0.51501846 0.53178763
vt 0.51841885 0.51545876
vt 0.5017946 0.51545876
vt 0.5017946 0.52739763
vt 0.50519496 0.53178763
vt 0.548674 4.1838694
vt 0.5417564 4.2103176
vt 0.5410814 4.212898
vt 0.5280281 4.217896
vt 0.51423025 4.220768
vt 0.4999944 4.2216015
vt 0.4857586 4.220768
vt 0.47196078 4.217896
vt 0.45890743 4.212898
vt 0.45823252 4.2103176
vt 0.451315 4.1838694
vt 0.47460258 4.076026
vt 0.4696908 4.0950117
vt 0.47460258 4.0950117
vt 0.47227287 4.0769043
vt 0.46969086 4.0772176
vt 0.4671088 4.0769043
vt 0.46477908 4.0950117
vt 0.46477908 4.076026
vt 4.0950117 0.53178763
vt 4.074646 0.53651786
vt 4.076026 0.5385335
vt 4.0950117 0.52739763
vt 4.073021 0.53414357
vt 4.0602293 0.51545876
vt 4.0950117 0.52739763
vt 4.0950117 0.51545876
vt 4.073021 0.53414357
vt 0.53862125 4.0602293
vt 0.52199703 4.0950117
vt 0.5386213 4.0950117
vt 0.52199703 4.0602293
vt -3.073021 0.53414357
vt -3.0950117 0.51545876
vt -3.0950117 0.5273977
vt -3.0602293 0.51545876
vt -3.074646 0.5365179
vt -3.073021 0.53414357
vt -3.0950117 0.5273977
vt -3.076026 0.5385335
vt -3.0950117 0.53178763
vt 0.5150075 4.076026
vt 0.51009583 4.0950117
vt 0.5150075 4.0950117
vt 0.51267785 4.0769043
vt 0.51009583 4.0772176
vt 0.50751376 4.0769043
vt 0.50518405 4.0950117
vt 0.50518405 4.076026
vt 4.0950117 0.53178763
vt 4.074646 0.53651786
vt 4.076026 0.5385335
vt 4.0950117 0.52739763
vt 4.073021 0.5341435
vt 4.0602293 0.51545876
vt 4.0950117 0.52739763
vt 4.0950117 0.51545876
vt 4.073021 0.5341435
vt 0.4982163 4.0602293
vt 0.48159212 4.0950117
vt 0.49821636 4.0950117
vt 0.4899041 4.0602293
vt 0.4815921 4.0602293
vt -3.073021 0.53414357
vt -3.0950117 0.51545876
vt -3.0950117 0.52739763
vt -3.0602293 0.51545876
vt -3.074646 0.53651786
vt -3.073021 0.53414357
vt -3.0950117 0.52739763
vt -3.076026 0.5385335
vt -3.0950117 0.53178763
vt 0.5253866 4.0950117
vt 0.5277163 4.0769043
vt 0.5253866 4.076026
vt 0.53029835 4.0950117
vt 0.53029835 4.0772176
vt 0.53288037 4.0769043
vt 0.5352101 4.076026
vt 0.53521 4.0950117
vt -3.076026 0.5385335
vt -3.0950117 0.52739763
vt -3.0950117 0.53178763
vt -3.074646 0.53651786
vt -3.073021 0.53414357
vt -3.073021 0.53414357
vt -3.0950117 0.51545876
vt -3.0950117 0.52739763
vt -3.0602293 0.51545876
vt 0.47801375 4.0602293
vt 0.4613896 4.0950117
vt 0.4780138 4.0950117
vt 0.46138954 4.0602293
vt 4.0602293 0.51545876
vt 4.0950117 0.52739763
vt 4.0950117 0.51545876
vt 4.073021 0.5341435
vt 4.073021 0.5341435
vt 4.074646 0.53651786
vt 4.0950117 0.52739763
vt 4.0950117 0.53178763
vt 4.076026 0.5385335
vt 0.4948051 4.076026
vt 0.48989338 4.0950117
vt 0.49480504 4.0950117
vt 0.4924754 4.0769043
vt 0.48989344 4.0772176
vt 0.48731124 4.0769043
vt 0.48498154 4.0950117
vt 0.4849816 4.076026
vt 4.0950117 0.53178763
vt 4.074646 0.53651786
vt 4.076026 0.5385335
vt 4.0950117 0.52739763
vt 4.073021 0.53414357
vt 4.0602293 0.51545876
vt 4.0950117 0.52739763
vt 4.0950117 0.51545876
vt 4.073021 0.53414357
vt 0.5017946 4.0950117
vt 0.51010656 4.0602293
vt 0.5017945 4.0602293
vt 0.51841885 4.0950117
vt 0.5184188 4.0602293
vt -3.073021 0.53414357
vt -3.0950117 0.51545876
vt -3.0950117 0.52739763
vt -3.0602293 0.51545876
vt -3.074646 0.53651786
vt -3.073021 0.53414357
vt -3.0950117 0.52739763
vt -3.076026 0.5385335
vt -3.0950117 0.53178763
vt 0.43619078 4.139557
vt 0.44257748 4.151485
vt 0.49999458 4.1131377
vt 0.4322772 4.1266036
vt 0.45114726 4.161954
vt 0.43093872 4.1131377
vt 0.46160996 4.1705284
vt 0.43227726 4.0996723
vt 0.4735313 4.176919
vt 0.43619084 4.0867186
vt 0.48647714 4.180835
vt 0.4425776 4.074791
vt 0.49999446 4.1821737
vt 0.45114744 4.0643215
vt 0.51351184 4.180835
vt 0.46161014 4.055747
vt 0.52645767 4.176919
vt 0.47353148 4.0493565
vt 0.538379 4.1705284
vt 0.48647732 4.0454407
vt 0.5488417 4.161954
vt 0.4999947 4.0441017
vt 0.55741155 4.151485
vt 0.513512 4.0454407
vt 0.5637983 4.139557
vt 0.52645785 4.0493565
vt 0.56771183 4.1266036
vt 0.5383792 4.055747
vt 0.5690504 4.1131377
vt 0.5488419 4.0643215
vt 0.56771195 4.0996723
vt 0.5574117 4.074791
vt 0.56379837 4.0867186
vn -0.716909 0.4413564 0.53967214
vn -0.55988336 0.46756017 0.6840454
vn -0.6209695 0.45284632 0.6397867
vn 1.995188E-07 -1 4.714546E-07
vn 1.995188E-07 -1 4.7145463E-07
vn 1.9951875E-07 -1 4.7145468E-07
vn -0 -1 4.154699E-07
vn 1.3603132E-07 -1 5.0342186E-07
vn 0.7169091 0.44135645 0.5396719
vn 0.6209695 0.45284644 0.6397867
vn 0.5598835 0.46756017 0.68404526
vn 0.8314697 -2.1527078E-06 -0.55557007
vn 0.7071068 -2.5086283E-06 -0.70710677
vn 0.7071066 -1.305581E-06 -0.70710695
vn 0.8314699 -2.5592503E-06 -0.5555699
vn 0.9238793 -3.5369627E-07 -0.3826839
vn 0.9238793 -1.7664414E-07 -0.38268408
vn 0.98078525 8.1919603E-07 -0.19509068
vn 0.98078525 8.153941E-07 -0.1950906
vn 1 1.6251092E-06 -1.5729739E-07
vn 1 1.8463704E-06 -1.3823107E-07
vn 0.98078537 0 0.19509006
vn 0.98078513 -1.252401E-07 0.19509126
vn 0.9238795 -1.2840029E-06 0.38268352
vn 0.92387944 -1.5291803E-06 0.38268355
vn 0.83146995 0 0.55556977
vn 0.83146995 2.5644695E-07 0.55556977
vn 0.70710665 -8.298429E-07 0.7071068
vn 0.7071065 -6.5278965E-07 0.70710707
vn 0.7071068 -2.5086283E-06 -0.70710677
vn 0.55556965 -9.0032045E-06 -0.83147
vn 0.7071066 -1.305581E-06 -0.70710695
vn 0.55556905 -1.1261056E-05 -0.8314704
vn 0.38268387 -2.3601756E-06 -0.92387944
vn 0.38268423 -1.2061995E-06 -0.9238792
vn 0.19487856 -9.351376E-07 -0.98082745
vn 0.19487853 -9.054855E-07 -0.98082745
vn -0 -9.309091E-07 -1
vn -0 -9.231852E-07 -1
vn -0.19487853 -1.0409937E-06 -0.98082745
vn -0.1948786 -1.0404174E-06 -0.98082745
vn -0.38268387 -1.223386E-06 -0.9238793
vn -0.3826839 -1.2061994E-06 -0.9238793
vn -0.55556905 -1.4124441E-06 -0.8314704
vn -0.55556923 -1.5369413E-06 -0.83147025
vn -0.7071068 -9.628327E-07 -0.70710677
vn -0.7071069 -6.527902E-07 -0.70710665
vn 0.55556965 -2.5335498E-06 0.83147
vn 0.70710665 -8.298429E-07 0.7071068
vn 0.7071065 -6.5278965E-07 0.70710707
vn 0.5555694 -3.3268518E-06 0.8314702
vn 0.38268438 3.5803902E-07 0.9238791
vn 0.38268453 8.5291146E-07 0.9238791
vn 0.19487979 8.7138113E-07 0.9808272
vn 0.19487981 8.605072E-07 0.9808271
vn -1.1963623E-06 9.1546065E-07 1
vn -1.1868296E-06 9.2318464E-07 1
vn -0.1948795 8.351504E-07 0.9808272
vn -0.19487958 8.1553E-07 0.9808272
vn -0.38268366 7.8817254E-07 0.92387944
vn -0.3826837 8.5291197E-07 0.92387944
vn -0.5555701 3.0425343E-07 0.8314697
vn -0.5555702 2.5470644E-07 0.8314696
vn -0.7071068 -1.14429966E-07 0.70710677
vn -0.70710677 0 0.70710677
vn -0.7071068 -9.628327E-07 -0.70710677
vn -0.83147025 -2.1640228E-06 -0.5555693
vn -0.7071069 -6.527902E-07 -0.70710665
vn -0.8314704 -2.55925E-06 -0.55556905
vn -0.9238796 -1.315006E-06 -0.38268316
vn -0.9238796 -1.0295558E-06 -0.38268328
vn -0.98078513 -1.800687E-06 -0.19509098
vn -0.98078513 -1.900946E-06 -0.195091
vn -1 -1.8561877E-06 -6.7328057E-07
vn -1 -1.8463708E-06 -6.530225E-07
vn -0.98078537 -2.9547382E-06 0.19508974
vn -0.98078525 -2.7965496E-06 0.19509082
vn -0.9238796 -4.4026087E-06 0.38268328
vn -0.9238795 -4.9408286E-06 0.38268352
vn -0.83146995 -1.5342788E-06 0.55556977
vn -0.8314699 -1.2787543E-06 0.5555698
vn -0.7071068 -1.14429966E-07 0.70710677
vn -0.70710677 0 0.70710677
vn -1.9018891E-07 0.99176323 0.12808487
vn -1.9018893E-07 0.99176323 0.12808488
vn -1.9018891E-07 0.99176323 0.12808488
vn -1.0490877E-06 0.99176323 0.12808473
vn -1 0 3.399187E-06
vn -1 0 3.399187E-06
vn -1 0 3.399187E-06
vn -1 0 3.3991846E-06
vn -0 0 1
vn -0 0 1
vn -0 0 1
vn 5.111376E-06 -7.0783744E-06 1
vn 1 0 -3.3896636E-06
vn 1 0 -3.3896636E-06
vn 1 0 -3.3896636E-06
vn 1 0 -3.3896658E-06
vn 0.024987563 0.99176323 0.1256241
vn 0.024987567 0.99176323 0.1256241
vn 0.024987565 0.99176323 0.12562412
vn 0.024987027 0.99176323 0.1256241
vn -0.9807849 -1.380937E-06 0.19509228
vn -0.9807849 -1.380937E-06 0.19509228
vn -0.9807849 -1.380937E-06 0.19509229
vn -0.98078525 1.1951566E-05 0.19509062
vn 0.19508882 -2.3141213E-06 0.98078555
vn 0.19508882 -2.3141213E-06 0.98078555
vn 0.19508885 -2.3141213E-06 0.98078555
vn 0.1950921 -6.9423663E-06 0.9807849
vn 0.9807842 4.012114E-07 -0.19509584
vn 0.9807842 4.0121134E-07 -0.19509584
vn 0.9807842 4.0121134E-07 -0.19509584
vn 0.9807842 4.6032014E-07 -0.19509579
vn 0.05433776 0.9898677 0.13118462
vn 0.054337766 0.9898677 0.13118462
vn 0.054337766 0.9898677 0.13118464
vn 0.05433678 0.9898677 0.1311848
vn -0.9238786 0 0.38268572
vn -0.9238786 0 0.38268572
vn -0.9238786 0 0.38268572
vn -0.9238784 -2.4443E-06 0.38268605
vn 0.3826793 0 0.92388123
vn 0.38267934 0 0.92388123
vn 0.3826793 0 0.92388123
vn 0.3826793 0 0.92388123
vn 0.92387587 -1.1086097E-05 -0.3826923
vn 0.92387587 -1.1086098E-05 -0.38269234
vn 0.92387587 -1.1086098E-05 -0.38269234
vn 0.92387706 0 -0.38268936
vn 0.18522075 0.965084 0.18521881
vn 0.18522076 0.965084 0.1852188
vn 0.18522076 0.965084 0.18521883
vn 0.18522036 0.96508414 0.1852191
vn -0.7071053 1.6683854E-06 0.7071082
vn -0.70710534 1.6683854E-06 0.70710814
vn -0.7071053 1.6683855E-06 0.7071082
vn -0.7071048 -2.8842771E-06 0.7071087
vn 0.7071229 -2.1689519E-05 0.7070906
vn 0.7071229 -2.1689519E-05 0.7070906
vn 0.707123 -2.1689519E-05 0.70709056
vn 0.7071127 -1.6684028E-06 0.70710075
vn 0.7071074 2.8842635E-06 -0.7071061
vn 0.7071073 2.8842635E-06 -0.7071062
vn 0.7071073 2.8842635E-06 -0.7071062
vn 0.7071001 -2.168882E-05 -0.7071134
vn 0.21779577 0.96508425 0.14552496
vn 0.21779577 0.96508414 0.14552495
vn 0.21779577 0.96508425 0.14552498
vn 0.21779676 0.96508414 0.14552398
vn -0.55556893 0 0.83147055
vn -0.55556893 0 0.83147055
vn -0.55556893 0 0.83147055
vn -0.5555684 -4.0698533E-06 0.83147085
vn 0.8314732 0 0.55556494
vn 0.8314732 0 0.55556494
vn 0.8314732 0 0.55556494
vn 0.8314732 0 0.55556494
vn 0.5555685 -4.5322943E-07 -0.83147067
vn 0.5555686 -4.5322943E-07 -0.83147067
vn 0.55556864 -4.5322943E-07 -0.83147067
vn 0.55556875 0 -0.8314706
vn 0.2419995 0.96508425 0.10024246
vn 0.2419995 0.96508425 0.10024246
vn 0.2419995 0.96508425 0.10024246
vn 0.24199894 0.96508425 0.100243345
vn -0.38268083 0 0.92388064
vn -0.38268083 0 0.92388064
vn -0.38268083 0 0.92388064
vn -0.38268027 -4.20999E-06 0.9238808
vn 0.92387664 0 0.3826902
vn 0.92387664 0 0.38269025
vn 0.92387664 0 0.38269025
vn 0.92387664 0 0.38269028
vn 0.38267908 4.2099928E-06 -0.92388135
vn 0.3826791 4.2099923E-06 -0.92388135
vn 0.3826791 4.2099923E-06 -0.92388135
vn 0.3826775 0 -0.92388195
vn 0.25690633 0.96508425 0.05110317
vn 0.25690636 0.96508425 0.051103175
vn 0.25690636 0.96508425 0.051103175
vn 0.2569081 0.965084 0.051098693
vn -0.1950893 5.785309E-07 0.9807854
vn -0.19508928 5.7853083E-07 0.9807854
vn -0.19508928 5.7853083E-07 0.9807854
vn -0.1950893 5.592117E-07 0.9807854
vn 0.9807849 1.1507778E-07 0.19509208
vn 0.9807849 1.15077775E-07 0.1950921
vn 0.9807849 1.1507778E-07 0.1950921
vn 0.9807849 1.1507798E-07 0.1950921
vn 0.19508664 -4.000592E-07 -0.980786
vn 0.19508664 -4.000592E-07 -0.980786
vn 0.19508666 -4.0005924E-07 -0.980786
vn 0.19508658 -5.785302E-07 -0.980786
vn 0.2619402 0.96508414 4.1107643E-07
vn 0.26194018 0.96508414 4.110764E-07
vn 0.2619402 0.96508414 4.110764E-07
vn 0.26194027 0.96508414 0
vn 1.850745E-06 5.1613165E-07 1
vn 1.850745E-06 5.1613165E-07 1
vn 1.850745E-06 5.1613165E-07 1
vn 1.8552994E-06 4.843759E-07 1
vn 1 0 0
vn 1 0 0
vn 1 0 0
vn 1 0 0
vn -3.965874E-06 -4.843743E-07 -1
vn -3.965874E-06 -4.843743E-07 -1
vn -3.965874E-06 -4.8437437E-07 -1
vn -3.979048E-06 -5.16131E-07 -1
vn -0.024987377 0.99176323 0.12562397
vn -0.024987377 0.99176323 0.12562397
vn -0.02498738 0.99176323 0.12562397
vn -0.024987113 0.99176323 0.12562397
vn 0.9807854 -4.6029996E-07 0.19508915
vn 0.9807854 -4.6030004E-07 0.19508916
vn 0.9807854 -4.6029996E-07 0.19508915
vn 0.9807854 -9.206094E-07 0.19508922
vn -0.19508891 -4.6282435E-06 0.98078555
vn -0.19508891 -4.6282435E-06 0.98078555
vn -0.19508891 -4.6282435E-06 0.98078555
vn -0.19509055 -6.942362E-06 0.98078525
vn -0.9807849 1.3809351E-06 -0.19509223
vn -0.9807849 1.380935E-06 -0.19509222
vn -0.9807849 1.380935E-06 -0.19509222
vn -0.9807842 -1.2037047E-05 -0.19509563
vn -0.054337323 0.9898677 0.13118452
vn -0.05433733 0.9898677 0.13118453
vn -0.054337326 0.9898677 0.13118452
vn -0.054339055 0.9898677 0.13118416
vn 0.9238786 -1.3543835E-06 0.38268584
vn 0.9238785 -1.3543834E-06 0.3826858
vn 0.9238786 -1.3543835E-06 0.38268584
vn 0.9238785 -1.6188656E-06 0.38268587
vn -0.3826883 -6.9910116E-06 0.9238776
vn -0.38268828 -6.9910116E-06 0.9238776
vn -0.38268828 -6.9910116E-06 0.9238776
vn -0.3826839 -4.5146268E-07 0.9238793
vn -0.9238782 -1.0899245E-06 -0.3826866
vn -0.9238782 -1.0899245E-06 -0.38268661
vn -0.9238782 -1.0899244E-06 -0.3826866
vn -0.92387706 -1.1179619E-05 -0.3826893
vn -0.18522051 0.96508414 0.18521857
vn -0.18522051 0.96508414 0.18521859
vn -0.18522052 0.96508414 0.18521859
vn -0.18522051 0.96508414 0.18521857
vn 0.7071044 -3.4611319E-06 0.7071091
vn 0.7071044 -3.4611319E-06 0.7071091
vn 0.7071044 -3.4611319E-06 0.7071091
vn 0.70710456 -1.668383E-06 0.707109
vn -0.7071127 1.6684021E-06 0.70710075
vn -0.7071128 1.6684023E-06 0.70710075
vn -0.7071127 1.6684021E-06 0.70710075
vn -0.7071229 -1.8352664E-05 0.7070906
vn -0.7071008 -1.8352092E-05 -0.70711267
vn -0.7071008 -1.8352092E-05 -0.70711267
vn -0.7071008 -1.8352092E-05 -0.70711267
vn -0.7071074 4.0379723E-06 -0.7071061
vn -0.21779603 0.965084 0.14552543
vn -0.21779601 0.965084 0.14552543
vn -0.21779601 0.965084 0.14552541
vn -0.21779512 0.96508414 0.1455264
vn 0.5555683 -4.862236E-06 0.8314709
vn 0.5555683 -4.862236E-06 0.8314709
vn 0.5555683 -4.862236E-06 0.8314709
vn 0.5555688 0 0.83147055
vn -0.83146894 0 0.55557126
vn -0.83146894 0 0.55557126
vn -0.83146894 0 0.55557126
vn -0.83146894 0 0.5555712
vn -0.5555688 0 -0.8314706
vn -0.5555688 0 -0.8314706
vn -0.5555688 0 -0.83147055
vn -0.55556905 4.5322977E-07 -0.83147043
vn -0.24199954 0.96508414 0.10024402
vn -0.2419995 0.96508414 0.10024403
vn -0.24199954 0.96508414 0.10024402
vn -0.24200022 0.965084 0.10024285
vn 0.38268134 -4.8343663E-06 0.92388046
vn 0.38268134 -4.8343663E-06 0.92388046
vn 0.38268134 -4.834367E-06 0.92388046
vn 0.38268197 0 0.9238801
vn -0.9238766 0 0.38269058
vn -0.9238766 0 0.38269055
vn -0.9238766 0 0.3826905
vn -0.9238766 0 0.38269058
vn -0.3826786 0 -0.92388153
vn -0.38267863 0 -0.92388153
vn -0.38267866 0 -0.92388153
vn -0.3826804 4.5221773E-06 -0.92388076
vn -0.2569072 0.96508414 0.051101286
vn -0.25690717 0.96508414 0.051101282
vn -0.25690717 0.96508414 0.051101286
vn -0.25690722 0.96508414 0.051101122
vn 0.19508892 2.4090707E-07 0.98078555
vn 0.19508891 2.4090704E-07 0.98078555
vn 0.19508892 2.4090707E-07 0.98078555
vn 0.19508895 5.7853066E-07 0.98078555
vn -0.9807866 1.1507309E-07 0.19508393
vn -0.9807866 1.1507311E-07 0.19508396
vn -0.9807866 1.1507311E-07 0.19508395
vn -0.9807866 1.1507289E-07 0.19508393
vn -0.19508664 -5.785299E-07 -0.980786
vn -0.1950866 -5.785298E-07 -0.980786
vn -0.19508661 -5.785298E-07 -0.980786
vn -0.19508669 -4.0005952E-07 -0.980786
vn -0.26194012 0.96508414 4.4629763E-07
vn -0.26194012 0.96508414 4.4629763E-07
vn -0.26194015 0.96508414 4.4629763E-07
vn -0.2619403 0.965084 -4.1107694E-07
vn -2.3840817E-06 4.8437926E-07 1
vn -2.3840814E-06 4.843792E-07 1
vn -2.3840814E-06 4.8437926E-07 1
vn -2.3795278E-06 5.161308E-07 1
vn -1 0 0
vn -1 0 0
vn -1 0 0
vn -1 0 0
vn 4.5078305E-06 -5.161312E-07 -1
vn 4.5078305E-06 -5.161312E-07 -1
vn 4.5078305E-06 -5.161312E-07 -1
vn 4.2302595E-06 1.5295787E-07 -1
vn -0.2569073 0.965084 -0.051101908
vn -0.2569073 0.965084 -0.051101904
vn -0.2569073 0.965084 -0.051101904
vn -0.25690734 0.965084 -0.051101673
vn 0.19508962 -5.785305E-07 -0.9807854
vn 0.19508962 -5.785305E-07 -0.9807854
vn 0.19508964 -5.785305E-07 -0.9807854
vn 0.19508967 -5.5921214E-07 -0.9807854
vn -0.9807866 -1.1507273E-07 -0.19508366
vn -0.9807866 -1.1507274E-07 -0.19508368
vn -0.9807866 -1.1507274E-07 -0.19508368
vn -0.9807866 -1.1507296E-07 -0.19508372
vn -0.19508733 5.5921055E-07 0.9807859
vn -0.19508734 5.592106E-07 0.9807859
vn -0.19508734 5.592106E-07 0.9807859
vn -0.19508733 5.785298E-07 0.9807859
vn 0.25690776 0.965084 -0.051099934
vn 0.25690776 0.965084 -0.05109993
vn 0.25690776 0.965084 -0.051099934
vn 0.2569063 0.96508425 -0.051103562
vn -0.19508891 -2.4090699E-07 -0.98078555
vn -0.19508891 -2.4090693E-07 -0.98078555
vn -0.19508888 -2.4090696E-07 -0.98078555
vn -0.19508885 -5.785309E-07 -0.98078555
vn 0.98078525 -1.15077015E-07 -0.19509044
vn 0.98078525 -1.1507702E-07 -0.19509047
vn 0.98078525 -1.1507702E-07 -0.19509047
vn 0.98078525 -1.15076816E-07 -0.19509047
vn 0.19508636 5.7853026E-07 0.980786
vn 0.19508632 5.7853015E-07 0.980786
vn 0.19508633 5.785302E-07 0.980786
vn 0.19508623 2.409093E-07 0.98078614
vn 0.1466722 0.23215197 0.96155745
vn 0.15186241 0.23967579 0.9589021
vn 0.15140186 0.24038728 0.9587969
vn 0.1473935 0.2324056 0.96138585
vn 0.12467892 0.21653348 0.96828115
vn 0.12371385 0.21633376 0.96844965
vn 0.093980074 0.19943354 0.97539437
vn 0.09462621 0.19945127 0.97532815
vn 0.061004523 0.1861185 0.9806316
vn 0.060710225 0.18591128 0.98068917
vn 0.029467558 0.17877778 0.98344815
vn 0.029593132 0.17864025 0.98346937
vn -1.12223866E-07 0.17650092 0.98430055
vn -1.1855986E-07 0.17638068 0.984322
vn -0.029467367 0.17877766 0.98344815
vn -0.029592933 0.17864022 0.98346937
vn -0.061004277 0.18611737 0.9806318
vn -0.060710043 0.18590996 0.98068947
vn -0.09397955 0.19943607 0.9753938
vn -0.09462571 0.19945414 0.9753277
vn -0.1246783 0.21653478 0.9682809
vn -0.123713285 0.21633482 0.9684494
vn -0.1466708 0.23215592 0.9615567
vn -0.14739208 0.23240972 0.9613851
vn -0.15186115 0.2396799 0.95890135
vn -0.1514006 0.24039136 0.958796
vn -0.27221602 0.09022979 -0.95799637
vn -0.26081482 0.09996822 -0.96019894
vn -0.27188212 0.089617155 -0.95814866
vn -0.2605618 0.10002033 -0.96026224
vn -0.21840559 0.1231194 -0.96806026
vn -0.2192397 0.1228555 -0.9679052
vn -0.16348617 0.14688028 -0.97555035
vn -0.16265787 0.14719099 -0.9756419
vn -0.104561515 0.16431472 -0.98085046
vn -0.10519522 0.16436125 -0.9807749
vn -0.05035837 0.17348252 -0.9835486
vn -0.050030123 0.17360888 -0.98354304
vn -4.8891945E-07 0.17630075 -0.9843364
vn -4.819068E-07 0.1763829 -0.9843217
vn 0.05035794 0.17347984 -0.983549
vn 0.050029676 0.17360587 -0.98354363
vn 0.104561746 0.16431563 -0.9808503
vn 0.10519534 0.16436234 -0.9807747
vn 0.16348626 0.14688125 -0.97555023
vn 0.16265799 0.14719206 -0.9756418
vn 0.21840554 0.12311903 -0.96806026
vn 0.21923965 0.12285494 -0.96790534
vn 0.26081535 0.09996985 -0.9601986
vn 0.26056245 0.10002237 -0.9602618
vn 0.27221486 0.09022759 -0.9579969
vn 0.27188063 0.08961443 -0.9581493
vn -0.32356596 0.94620556 0
vn -0.34456864 0.9387611 0
vn -0.3445686 0.9387611 0
vn -0.32870045 0.94443417 0
vn -0.27478167 0.96150666 -3.781177E-07
vn -0.2661639 0.9639278 -4.1841116E-07
vn -0.19401412 0.9809988 0
vn -0.20011032 0.9797734 0
vn -0.12783916 0.9917949 -2.0313023E-07
vn -0.124052346 0.99227566 0
vn -0.05871159 0.99827504 -2.8137183E-06
vn -0.06032129 0.99817896 -3.2327716E-06
vn -9.399744E-07 1 -2.0151084E-07
vn -9.666137E-07 1 0
vn 0.058711164 0.99827504 0
vn 0.06032081 0.9981791 0
vn 0.12783967 0.9917949 0
vn 0.12405299 0.99227566 0
vn 0.19401345 0.98099893 0
vn 0.20010953 0.9797736 0
vn 0.27478105 0.9615068 0
vn 0.26616314 0.96392804 0
vn 0.32356608 0.94620556 0
vn 0.32870054 0.94443417 0
vn 0.3445691 0.93876106 -8.77671E-07
vn 0.34456918 0.93876094 -1.0788334E-06
vn 0.94377065 -0.3306012 -3.3379712E-07
vn 0.94377124 -0.3305993 -1.4869726E-06
vn 0.9437699 -0.33060297 8.3064293E-07
vn 0.943772 -0.33059698 -2.9549153E-06
vn -0.94377023 -0.33060223 5.7509743E-07
vn -0.94377 -0.3306026 3.2225785E-07
vn -0.9437703 -0.33060178 8.3064E-07
vn -0.9437699 -0.3306031 0
vn -0.9412832 -0.33747584 -0.009797225
vn -0.9412831 -0.33747607 -0.009797443
vn -0.94128346 -0.3374751 -0.009796616
vn -0.9412829 -0.33747682 -0.009798051
vn 0.9412831 -0.33747584 -0.009799993
vn 0.94128305 -0.3374761 -0.009800214
vn 0.9412828 -0.3374768 -0.00980082
vn 0.94128346 -0.33747515 -0.009799387
vn -0.94205755 -0.33530954 -0.0097549
vn -0.94205743 -0.33530968 -0.009755049
vn -0.94205767 -0.33530903 -0.009754491
vn -0.94205725 -0.33531013 -0.009755457
vn 0.9420573 -0.3353099 -0.009756209
vn 0.94205743 -0.3353098 -0.0097561255
vn 0.94205755 -0.33530954 -0.009755892
vn 0.94205725 -0.33531013 -0.009756444
vn -0.9417971 -0.33604112 -0.009733092
vn -0.9417971 -0.33604103 -0.009733016
vn -0.94179696 -0.33604133 -0.0097333025
vn -0.94179714 -0.33604077 -0.009732805
vn 0.9417978 -0.33603913 -0.009733247
vn 0.9417978 -0.33603913 -0.009733245
vn 0.9417978 -0.33603913 -0.009733238
vn 0.9417978 -0.3360391 -0.009733252
vn 0.9415376 -0.33676594 -0.00977346
vn 0.94153756 -0.3367663 -0.009773176
vn 0.941538 -0.33676496 -0.009774228
vn 0.9415372 -0.33676735 -0.009772407
vn -0.94153625 -0.33676976 -0.00977357
vn -0.94153625 -0.33676973 -0.009773641
vn -0.94153637 -0.33676943 -0.009773835
vn -0.9415362 -0.33677006 -0.009773377
vn -0 0.99949527 0.031767715
vn -0 0.99949527 0.031767707
vn -0 0.99949527 0.031767715
vn -0 0.99949527 0.031767707
vn -1 3.469336E-07 0
vn -1 3.469336E-07 0
vn -1 3.469336E-07 0
vn -1 5.1967936E-07 0
vn -0 0.026077513 -0.9996599
vn -0 0.026077515 -0.9996599
vn -0 0.026077515 -0.9996599
vn -0 0.026077515 -0.9996599
vn 1 -1.7418785E-07 0
vn 1 -1.7418786E-07 0
vn 1 -1.7418785E-07 0
vn 1 0 0
vn -4.880525E-07 -0.026079943 0.9996598
vn -4.880525E-07 -0.02607994 0.9996598
vn -4.880525E-07 -0.02607994 0.9996598
vn -0 -0.026077166 0.9996599
vn -0 -6.097413E-07 -1
vn -0 0.95105624 -0.3090179
vn -0 0.95105654 -0.30901664
vn -0 -6.8009746E-07 -1
vn -0 -0.9510568 -0.30901623
vn -0 -0.95105666 -0.30901638
vn -0 0.95105654 -0.30901664
vn -0 0.58778524 0.809017
vn -0 0.5877853 0.8090169
vn -0 0.95105624 -0.3090179
vn -0 0.5877853 0.8090169
vn -0 -0.5877852 0.80901706
vn -0 -0.58778554 0.80901676
vn -0 0.58778524 0.809017
vn -0 -0.58778554 0.80901676
vn -0 -0.95105666 -0.30901638
vn -0 -0.9510568 -0.30901623
vn -0 -0.5877852 0.80901706
vn -2.8938405E-07 -1 -2.310746E-06
vn -3.4011194E-07 -1 -2.410875E-06
vn -2.517998E-07 -1 -2.2365605E-06
vn -3.7769604E-07 -1 -2.4850603E-06
vn 7.9310314E-07 -0.59825873 -0.8013029
vn 5.622255E-07 -0.82745826 -0.56152725
vn 5.358243E-07 -0.8274582 -0.5615274
vn 9.602487E-07 -0.59825987 -0.8013021
vn 1.7663028E-07 1 -1.3426649E-06
vn -0 1 -1.1424004E-06
vn 2.5180134E-07 1 -1.4910405E-06
vn -0 1 -9.94025E-07
vn 1.2879932E-06 4.081586E-07 -1
vn 1.333029E-06 0.5982623 -0.8013002
vn 1.0105069E-06 0.5982645 -0.8012986
vn 1.3588943E-06 -3.0487723E-07 -1
vn 9.602487E-07 -0.59825987 -0.8013021
vn 7.9310314E-07 -0.59825873 -0.8013029
vn 9.588451E-07 0.8274635 -0.56151956
vn 1.0105069E-06 0.5982645 -0.8012986
vn 1.333029E-06 0.5982623 -0.8013002
vn 7.739166E-07 0.82746404 -0.5615186
vn -4.7417973E-07 -0.5982701 0.8012945
vn -6.4426246E-07 -0.82747614 0.5615009
vn -7.5844133E-07 -0.5982697 0.80129474
vn -2.083587E-07 -0.8274775 0.5614989
vn -1.6351795E-07 0.5982702 0.80129445
vn -5.922238E-07 8.561339E-07 1
vn -2.1794163E-07 0.5982716 0.80129343
vn -4.5042535E-07 -6.5704046E-07 1
vn -7.5844133E-07 -0.5982697 0.80129474
vn -4.7417973E-07 -0.5982701 0.8012945
vn -0 0.8274782 0.56149787
vn -2.1794163E-07 0.5982716 0.80129343
vn -0 0.82747793 0.5614982
vn -1.6351795E-07 0.5982702 0.80129445
vn 1 1.681924E-05 -1.6528442E-05
vn 1 1.681924E-05 -1.6528442E-05
vn 1 1.681924E-05 -1.6528442E-05
vn 1 -6.704542E-06 1.5256796E-05
vn 1 4.58677E-07 -6.508528E-06
vn 1 4.5867546E-07 -6.81709E-06
vn 1 1.6126749E-05 1.4352703E-05
vn 1 1.6126749E-05 1.4352703E-05
vn 1 -1.6818723E-05 1.6527109E-05
vn 1 1.6126749E-05 1.4352703E-05
vn -0 -1 -2.539439E-07
vn -0 -1 -2.539439E-07
vn -0 -1 -2.5394388E-07
vn -0 -1 -2.5394388E-07
vn 1 5.160318E-07 -5.0788765E-07
vn 1 5.1603183E-07 -5.078876E-07
vn 1 5.1603183E-07 -5.0788765E-07
vn 1 5.1603223E-07 -5.07888E-07
vn -1 -5.160321E-07 0
vn -1 -5.160322E-07 0
vn -1 -5.160321E-07 0
vn -1 -5.160323E-07 0
vn -0 1 0
vn -0 1 0
vn -0 1 0
vn -0 1 0
vn 0.037445866 0.06818831 0.9969695
vn 0.03744586 0.06818831 0.9969695
vn 0.03744586 0.06818831 0.9969695
vn -8.993092E-06 0.056729566 0.9983896
vn 9.201953E-06 0.056732267 0.9983895
vn 1.2667356E-06 0.056737635 0.9983891
vn 1.2667356E-06 0.056737643 0.9983891
vn 2.3882822E-06 0.9995105 0.03128497
vn 2.388282E-06 0.9995105 0.031284966
vn 2.3882822E-06 0.9995105 0.03128497
vn 2.3882862E-06 0.9995105 0.03128497
vn 0.77641964 0.62643844 -0.068901554
vn 0.7062753 0.7038311 -0.076138236
vn 0.7848499 0.6159534 -0.0679129
vn 0.69721335 0.71272045 -0.07696173
vn -5.1364004E-06 -2.7525204E-05 -1
vn 1.2575743E-05 -6.606991E-07 -1
vn -1.0115039E-05 0 -1
vn 1.0565325E-05 -3.6624064E-07 -1
vn 1.2575743E-05 -6.606991E-07 -1
vn 1.2575744E-05 -6.6069913E-07 -1
vn 3.958616E-06 0 -1
vn 3.958616E-06 0 -1
vn 3.958616E-06 0 -1
vn 1.268106E-06 0 1
vn 1.2681062E-06 0 1
vn 1.268106E-06 0 1
vn -0 -9.320421E-06 1
vn -0.96741897 0 0.25318065
vn -0.96741897 0 0.25318065
vn -0.96741897 0 0.25318065
vn -0.96741897 0 0.25318065
vn 2.4133251E-07 -1 2.8145973E-07
vn -0 -1 2.5141048E-07
vn -0 -1 2.3749527E-07
vn 3.1702686E-07 -1 2.9524938E-07
vn 0.9783754 0.07768167 -0.19169575
vn 0.96997136 0.11259263 -0.21558858
vn 0.9887051 0.016199093 -0.14899625
vn 0.95197916 0.17023845 -0.25446925
vn 0.48087993 -0.8729751 -0.08166396
vn 0.48087987 -0.8729751 -0.081663944
vn 0.48087993 -0.8729751 -0.08166396
vn 0.5166564 -0.8513286 -0.09113593
vn 0.99121034 0.022555301 -0.13035882
vn 0.9752578 0.1749922 -0.13509247
vn 0.9913681 0.016245067 -0.13009731
vn 0.97408605 0.18130489 -0.1352218
vn 3.7769735E-07 -1 -2.236558E-06
vn 3.7769684E-07 -1 -2.2365568E-06
vn 3.7769644E-07 -1 -2.236556E-06
vn 3.7769777E-07 -1 -2.2365587E-06
vn -4.431759E-07 -0.59825546 -0.80130553
vn -0 -0.82745653 -0.5615297
vn -8.5159746E-07 -0.59825754 -0.80130386
vn -5.358243E-07 -0.8274582 -0.5615274
vn -3.2697133E-07 1 -1.1424012E-06
vn -4.2843038E-07 1 -1.3426651E-06
vn -5.0360137E-07 1 -1.4910405E-06
vn -2.5180043E-07 1 -9.94026E-07
vn -1.3609739E-06 0.5982595 -0.8013024
vn -1.3637051E-06 -3.5838283E-07 -1
vn -6.0697283E-07 0.59826314 -0.8012997
vn -1.3459812E-06 -6.27175E-07 -1
vn -8.5159746E-07 -0.59825754 -0.80130386
vn -4.431759E-07 -0.59825546 -0.80130553
vn -6.7606356E-07 0.8274635 -0.5615195
vn -6.0697283E-07 0.59826314 -0.8012997
vn -4.9113606E-07 0.82746404 -0.5615186
vn -1.3609739E-06 0.5982595 -0.8013024
vn 1.0330313E-06 -0.5982679 0.8012961
vn 8.7808013E-07 -0.8274775 0.5614989
vn 8.780799E-07 -0.8274775 0.5614988
vn 6.3729834E-07 -0.5982705 0.8012942
vn 5.519616E-07 3.484269E-07 1
vn 2.5046685E-07 0.5982693 0.8012951
vn 6.1136586E-07 0.5982716 0.80129343
vn 3.9243818E-07 -1.0739111E-06 1
vn 6.3729834E-07 -0.5982705 0.8012942
vn 1.0330313E-06 -0.5982679 0.8012961
vn 5.1867977E-07 0.8274793 0.5614961
vn 6.1136586E-07 0.5982716 0.80129343
vn 2.5046685E-07 0.5982693 0.8012951
vn 1.4882264E-07 0.8274782 0.56149787
vn -0 -1 -2.539444E-07
vn -0 -1 -2.5394442E-07
vn -0 -1 -2.5394442E-07
vn -0 -1 -2.5394442E-07
vn -1 -5.1603223E-07 1.5236673E-06
vn -1 -5.1603223E-07 1.5236673E-06
vn -1 -5.1603223E-07 1.5236672E-06
vn -1 0 1.0157777E-06
vn 1 5.1603223E-07 -1.0157775E-06
vn 1 5.1603223E-07 -1.0157775E-06
vn 1 5.160323E-07 -1.0157775E-06
vn 1 5.1603155E-07 -1.015778E-06
vn -0 1 0
vn -0 1 0
vn -0 1 0
vn -0 1 0
vn 1.805183E-06 0.056731775 0.9983895
vn 1.8051832E-06 0.056731775 0.9983895
vn -0.037439782 0.068186484 0.9969699
vn 1.805183E-06 0.056731775 0.9983895
vn -6.2280697E-06 0.056729212 0.9983896
vn -6.2280697E-06 0.056729216 0.9983896
vn 4.548877E-06 0.056736514 0.99838924
vn -3.1843751E-06 0.9995105 0.031284995
vn -3.1843754E-06 0.9995105 0.031285
vn -3.1843754E-06 0.9995105 0.031285
vn -3.2983069E-06 0.9995105 0.03128498
vn -0.77642035 0.6264375 -0.06890152
vn -0.70627546 0.7038309 -0.07613828
vn -0.6972134 0.7127204 -0.076961786
vn -0.78485066 0.6159523 -0.067912854
vn -1.4192055E-05 -3.0682332E-07 -1
vn 1.2362815E-05 0 -1
vn 1.2362815E-05 0 -1
vn -1.4192055E-05 -3.0682332E-07 -1
vn -1.4192055E-05 -3.0682332E-07 -1
vn -1.6213513E-05 -6.028987E-07 -1
vn -8.6514063E-07 -1.5705447E-06 -1
vn -8.6514063E-07 -1.5705447E-06 -1
vn -3.9586084E-06 0 -1
vn -0 0 1
vn -0 0 1
vn -0 0 1
vn -0 0 1
vn 0.96741885 0 0.25318107
vn 0.96741885 0 0.25318113
vn 0.96741885 0 0.25318107
vn 0.96741885 0 0.2531811
vn -0 -1 4.760277E-07
vn 3.2732262E-07 -1 4.1536077E-07
vn -1.5851319E-07 -1 5.038678E-07
vn 4.815352E-07 -1 3.872671E-07
vn -0.9783754 0.07768156 -0.19169587
vn -0.96997136 0.11259252 -0.21558875
vn -0.95197904 0.17023845 -0.25446957
vn -0.9887051 0.016198829 -0.14899622
vn -0.51665455 -0.8513298 -0.091135524
vn -0.51665455 -0.8513298 -0.091135524
vn -0.51665455 -0.85132974 -0.091135524
vn -0.48088133 -0.8729743 -0.08166438
vn -0.99121034 0.022552123 -0.13035895
vn -0.9752577 0.17499225 -0.1350927
vn -0.9740859 0.18130484 -0.135222
vn -0.9913681 0.016242074 -0.13009743
vn -1 0 4.97013E-07
vn -1 -1.6818602E-05 1.6527027E-05
vn -1 -1.6818602E-05 1.6527027E-05
vn -1 -4.586757E-07 0
vn -1 1.7510352E-05 1.8701161E-05
vn -1 0 4.97013E-07
vn -1 0 4.9701305E-07
vn -1 -7.715083E-06 1.6622358E-05
vn -1 1.935391E-05 -1.9953426E-05
vn -1 1.935391E-05 -1.9953426E-05
vn 0.07662011 0.027097419 0.99669206
vn 0.07745913 0.027469741 0.996617
vn 0.07750647 0.02749075 0.9966127
vn 0.07657318 0.027076595 0.99669623
vn 0.9446564 0.32758445 -0.017685927
vn 0.93080795 0.32681784 -0.16366597
vn 0.9304006 0.3267443 -0.16611156
vn 0.94471884 0.32753432 -0.01508645
vn -0.07662255 -0.02675079 -0.9967012
vn -0.07746341 -0.027120134 -0.99662626
vn -0.0765755 -0.026730126 -0.9967055
vn -0.077510886 -0.02714099 -0.99662197
vn -0.32784963 0.94447154 -0.022095429
vn -0.32764375 0.94452256 -0.022951746
vn -0.32791692 0.9444547 -0.021815324
vn -0.32757643 0.944539 -0.023231188
vn 0.076600716 0.030223474 0.9966036
vn 0.07744493 0.030632602 0.99652594
vn 0.0774921 0.030655466 0.9965216
vn 0.07655397 0.030200813 0.996608
vn 0.932274 0.36137938 -0.016437946
vn 0.91893846 0.36019635 -0.16065739
vn 0.9185526 0.36011255 -0.1630342
vn 0.93233335 0.3613325 -0.0139057245
vn -0.076607145 -0.029879838 -0.99661356
vn -0.07744949 -0.03028427 -0.99653625
vn -0.07656043 -0.029857416 -0.99661785
vn -0.07749663 -0.0303069 -0.99653184
vn -0.33205473 0.9429858 -0.0227493
vn -0.33183867 0.94304 -0.023636768
vn -0.33212668 0.94296753 -0.022453692
vn -0.33176675 0.94305784 -0.023931684
vn 0.32787117 -0.9442372 -0.03027586
vn 0.32752347 -0.94433135 -0.031089747
vn 0.32798824 -0.94420534 -0.030001683
vn 0.3274066 -0.9443628 -0.03136316
vn 0.33209872 -0.94275856 -0.030275984
vn 0.3317216 -0.9428629 -0.031149082
vn 0.3322286 -0.9427225 -0.029975403
vn 0.33159202 -0.9428985 -0.031448822
vn -0.076620005 0.02709748 0.99669206
vn -0.07745796 0.027469328 0.99661714
vn -0.07657314 0.027076688 0.99669623
vn -0.077505246 0.027490309 0.99661285
vn -0.9446565 0.32758403 -0.017691318
vn -0.93080807 0.32681733 -0.16366647
vn -0.9447189 0.3275339 -0.015091487
vn -0.9304006 0.32674375 -0.16611241
vn 0.07662106 -0.026750384 -0.9967013
vn 0.0774605 -0.027119093 -0.9966266
vn 0.07750789 -0.027139915 -0.9966223
vn 0.07657409 -0.026729753 -0.9967056
vn 0.3278499 0.9444714 -0.022096487
vn 0.32764447 0.9445223 -0.022950787
vn 0.3275774 0.9445387 -0.023229573
vn 0.32791704 0.9444546 -0.021817045
vn -0.076604106 0.030224605 0.99660337
vn -0.07744688 0.030633043 0.9965257
vn -0.076557435 0.030201986 0.99660766
vn -0.07749398 0.030655868 0.9965215
vn -0.9322742 0.36137888 -0.016438093
vn -0.91893846 0.36019582 -0.16065788
vn -0.93233347 0.361332 -0.013905857
vn -0.9185526 0.36011195 -0.16303514
vn 0.07660596 -0.029878914 -0.9966137
vn 0.07745121 -0.030284734 -0.99653614
vn 0.0774985 -0.030307442 -0.9965318
vn 0.07655909 -0.02985641 -0.996618
vn 0.3320544 0.9429858 -0.022753224
vn 0.33183897 0.94303983 -0.023637928
vn 0.33176738 0.94305766 -0.023931928
vn 0.33212605 0.94296753 -0.022458537
vn -0.32787204 -0.9442369 -0.030275999
vn -0.32752457 -0.94433093 -0.031089379
vn -0.32740784 -0.9443625 -0.031362627
vn -0.32798907 -0.944205 -0.030001992
vn -0.33209893 -0.94275856 -0.030274034
vn -0.33172113 -0.9428631 -0.031148493
vn -0.33159137 -0.94289887 -0.031448703
vn -0.3322289 -0.94272244 -0.029972982
vn 0.45595253 0.41039962 -0.7897338
vn 0.9119055 0.41040027 -1.2316582E-06
vn 0.45595178 0.41039973 -0.7897341
vn 0.91190565 0.4103999 -4.6911177E-07
vn 0.45595285 0.41040054 0.7897332
vn 0.45595303 0.4104005 0.7897331
vn -0.45595282 0.41039965 -0.7897335
vn 0.45595178 0.41039973 -0.7897341
vn -0.45595232 0.4103994 -0.78973407
vn 0.45595253 0.41039962 -0.7897338
vn -0.45595232 0.4103994 -0.78973407
vn -0.91190565 0.4103999 -3.9504144E-07
vn -0.45595282 0.41039965 -0.7897335
vn -0.9119057 0.41039973 -1.3690354E-06
vn -0.45595285 0.41040045 0.7897332
vn -0.4559532 0.41040042 0.78973293
vn 0.45595303 0.4104005 0.7897331
vn -0.4559532 0.41040042 0.78973293
vn 0.45595285 0.41040054 0.7897332
vn -0.45595285 0.41040045 0.7897332
vn 2.494182E-07 1 -1.2960221E-06
vn -4.9883914E-07 1 -1.7280237E-06
vn -0 1 0
vn 2.4941673E-07 1 -2.1600363E-06
vn 2.9930231E-06 1 -1.7280304E-06
vn -0 1 -3.4560462E-06
vn 0.9992449 0.038853236 -1.707709E-06
vn 0.49962145 0.038852785 -0.86537206
vn 0.4996216 0.038852755 -0.865372
vn 0.9992449 0.038853105 -1.2711204E-06
vn 0.49962312 0.038852826 0.8653711
vn 0.49962258 0.03885269 0.86537147
vn -0.49962384 0.03885243 -0.86537075
vn 0.4996216 0.038852755 -0.865372
vn 0.49962145 0.038852785 -0.86537206
vn -0.49962205 0.038852867 -0.8653717
vn -0.9992449 0.038852993 0
vn -0.49962205 0.038852867 -0.8653717
vn -0.49962384 0.03885243 -0.86537075
vn -0.9992449 0.038853258 -1.8407767E-06
vn -0.4996234 0.038853005 0.865371
vn -0.49962324 0.038852688 0.865371
vn 0.49962258 0.03885269 0.86537147
vn -0.49962324 0.038852688 0.865371
vn -0.4996234 0.038853005 0.865371
vn 0.49962312 0.038852826 0.8653711
vn 0.4559524 0.41039968 -0.7897338
vn 0.9119054 0.41040036 -1.1179666E-06
vn 0.45595142 0.41039973 -0.78973424
vn 0.91190565 0.4103999 -6.4194273E-07
vn 0.45595267 0.41040054 0.78973323
vn 0.45595285 0.41040054 0.7897332
vn -0.45595294 0.4103997 -0.7897335
vn 0.45595142 0.41039973 -0.78973424
vn -0.45595217 0.41039935 -0.7897342
vn 0.4559524 0.41039968 -0.7897338
vn -0.45595217 0.41039935 -0.7897342
vn -0.91190565 0.41039994 -5.431819E-07
vn -0.45595294 0.4103997 -0.7897335
vn -0.9119057 0.4103998 -1.4543042E-06
vn -0.45595297 0.41040045 0.7897332
vn -0.455953 0.41040048 0.7897331
vn 0.45595285 0.41040054 0.7897332
vn -0.455953 0.41040048 0.7897331
vn 0.45595267 0.41040054 0.78973323
vn -0.45595297 0.41040045 0.7897332
vn 2.4941832E-07 1 -1.2960222E-06
vn -4.988393E-07 1 -1.7280257E-06
vn -0 1 0
vn 2.4941718E-07 1 -2.1600363E-06
vn 2.9930252E-06 1 -1.7280317E-06
vn -0 1 -3.4560458E-06
vn 0.9992449 0.038853444 -1.6411758E-06
vn 0.49962145 0.038852915 -0.8653722
vn 0.49962145 0.038852815 -0.86537206
vn 0.9992449 0.038853228 -1.4631403E-06
vn 0.499623 0.03885293 0.86537117
vn 0.4996228 0.038852684 0.8653713
vn -0.499623 0.038852435 -0.86537117
vn 0.49962145 0.038852815 -0.86537206
vn 0.49962145 0.038852915 -0.8653722
vn -0.49962175 0.038852748 -0.8653719
vn -0.9992449 0.038852885 -1.0168947E-06
vn -0.49962175 0.038852748 -0.8653719
vn -0.499623 0.038852435 -0.86537117
vn -0.9992449 0.038852956 -1.8185992E-06
vn -0.4996234 0.03885287 0.865371
vn -0.4996228 0.03885249 0.8653713
vn 0.4996228 0.038852684 0.8653713
vn -0.4996228 0.03885249 0.8653713
vn -0.4996234 0.03885287 0.865371
vn 0.499623 0.03885293 0.86537117
vn 1.2686863E-07 -1 3.2440016E-07
vn 1.2686863E-07 -1 3.2440016E-07
vn 1.2686863E-07 -1 3.2440016E-07
vn 1.6915821E-07 -1 5.6770034E-07
vn 1.8325463E-07 -1 5.677003E-07
vn 1.409651E-07 -1 8.1100063E-07
vn -0.344809 0.9386728 6.9346504E-07
vn -0.27953026 0.96013683 1.1992869E-06
vn -0.344809 0.9386728 4.474249E-07
vn -0.26217464 0.9650204 1.0234384E-06
vn -0.12997441 0.9915173 -3.2726354E-07
vn -0.1223242 0.99249023 -6.256411E-07
vn -3.3158565E-07 1 -6.474658E-07
vn -3.213812E-07 1 -6.488006E-07
vn 0.12232396 0.99249023 -6.437847E-07
vn 0.12997419 0.9915174 -5.5624565E-07
vn 0.26217443 0.96502054 -1.7767043E-07
vn 0.27953 0.96013695 -1.332142E-07
vn 0.34480885 0.9386729 -3.090599E-07
vn 0.34480882 0.9386729 -3.8529973E-07
vn -1 5.9194605E-07 1.2976021E-06
vn -1 5.91946E-07 1.2976021E-06
vn -1 5.91946E-07 1.297602E-06
vn -1 2.9597268E-07 6.4880044E-07
vn -0.6209695 0.45284632 0.6397867
vn -0.75066227 0.43221208 0.49969876
vn -0.716909 0.4413564 0.53967214
vn -0.794631 0.43281478 0.42571458
vn -0.35741404 -6.780427E-07 -0.933946
vn -0.2679864 -6.716018E-07 -0.96342266
vn -0.3574143 -5.7954765E-07 -0.93394595
vn -0.2814521 -6.9098E-07 -0.9595753
vn -0.12535757 -6.757071E-07 -0.99211156
vn -0.13139795 -6.5518714E-07 -0.99132967
vn -0 -6.427303E-07 -1
vn -0 -6.3280874E-07 -1
vn 0.13139796 -6.162162E-07 -0.99132967
vn 0.12535757 -6.351489E-07 -0.99211156
vn 0.28145206 -5.9807434E-07 -0.9595753
vn 0.2679864 -5.6022594E-07 -0.96342266
vn 0.35741404 -5.416078E-07 -0.933946
vn 0.35741445 -3.9338124E-07 -0.93394595
vn -0.83954203 0.48037478 0.2537898
vn -0.82300687 0.5534478 0.12788737
vn -0.82334334 0.5637189 0.06577777
vn -0.8141112 0.58049613 0.015727514
vn -0.8004251 0.5993964 -0.0066012917
vn -0.83748484 0.5402267 -0.08230696
vn -0.82085365 0.5708371 0.018552655
vn -0.91981107 0.3809846 -0.09379922
vn -0.89942753 0.36827123 -0.2353856
vn -0.9475335 0.2559812 -0.19145197
vn -0.9875488 0.1485021 -0.051907983
vn -0.9795197 0.1267629 -0.15643656
vn -0.9998191 0.019009743 0.00061802997
vn -0.9702181 0.017934497 -0.24156801
vn -0.96724796 0.018793406 -0.25313693
vn -1 -2.6043503E-07 0
vn 1 1.4749696E-07 0
vn 1 1.4749698E-07 0
vn 1 1.4749696E-07 0
vn 1 4.4347004E-07 6.4880106E-07
vn 0.6209695 0.45284644 0.6397867
vn 0.7169091 0.44135645 0.5396719
vn 0.75066227 0.43221223 0.49969876
vn 0.794631 0.43281502 0.42571443
vn 0.8395419 0.48037487 0.25379
vn 0.82334316 0.56371915 0.06577778
vn 0.82300663 0.5534482 0.12788738
vn 0.81411093 0.58049643 0.015727255
vn 0.8004249 0.5993967 -0.006601589
vn 0.8374845 0.54022706 -0.08230723
vn 0.8208535 0.5708374 0.018552491
vn 0.91981095 0.38098502 -0.093799196
vn 0.89942735 0.36827165 -0.23538558
vn 0.9475334 0.25598162 -0.19145219
vn 0.9875488 0.14850244 -0.051908202
vn 0.9795196 0.12676315 -0.15643698
vn 0.9998191 0.01901001 0.0006176422
vn 0.97021896 0.01793465 -0.24156496
vn 0.96724874 0.018793538 -0.25313365
vn 1 2.6043503E-07 0
vn -0.33438194 0.9419415 0.030577116
vn -0.2491345 0.96797454 0.030938832
vn -0.33469665 0.9418381 0.030316873
vn -0.2490044 0.9680052 0.031029696
vn -0.11611235 0.9927342 0.031570148
vn -0.116067976 0.99273866 0.03159266
vn -0 0.999496 0.03174392
vn -1.6546133E-07 0.999496 0.03174507
vn 0.11606758 0.99273866 0.031594303
vn 0.11611209 0.9927343 0.03157006
vn 0.24900399 0.9680053 0.031029802
vn 0.2491343 0.96797466 0.030938843
vn 0.33438194 0.9419415 0.030577298
vn 0.3346964 0.9418382 0.030316826
vn -4.1951844E-06 0.5642943 0.82557374
vn 1.1101424E-06 0.5642955 0.82557285
vn 6.336137E-06 0.56430125 0.825569
vn -4.195185E-06 0.5642942 0.82557374
vn -4.1951844E-06 0.5642943 0.82557374
vn -6.7159334E-07 0.5642953 0.82557297
vn -6.7159334E-07 0.56429535 0.82557297
vn -6.7159334E-07 0.5642953 0.82557297
vn -5.594537E-07 0.5642956 0.8255728
vn -5.594538E-07 0.5642956 0.82557285
vn -5.594538E-07 0.5642956 0.82557285
vn 2.1793323E-06 0.5642936 0.8255741
vn -5.7460497E-06 0.564297 0.82557184
vn -5.74605E-06 0.564297 0.82557184
vn -2.6711913E-07 0.5642985 0.8255708
vn -0 0.56429726 0.8255717
vn 9.203944E-07 0.56429684 0.82557195
vn 8.18493E-06 0.5642978 0.82557124
vn 9.203945E-07 0.56429684 0.82557195
vn -5.022765E-06 0.5642958 0.8255727
vn -5.0227645E-06 0.5642958 0.8255727
vn -2.216847E-06 0.5642953 0.825573
vn -6.464889E-07 0.56429857 0.8255708
vn 3.6636314E-07 0.56429756 0.8255714
vn 3.663632E-07 0.5642976 0.8255714
vn 3.819764E-06 0.5642995 0.8255701
vn -0 0.5642981 0.8255712
vn 4.7466318E-07 0.5642969 0.82557195
vn 1.4614214E-06 0.56429666 0.8255721
vn -0 0.56429726 0.8255717
vn 3.6535596E-07 0.5642969 0.8255719
vn -0 0.56429726 0.82557166
vn 1.2618643E-06 0.564298 0.8255712
vn -2.671219E-07 0.5642969 0.8255719
vn -6.021379E-07 0.56429857 0.8255708
vn -6.4648884E-07 0.56429857 0.82557076
vn -6.4648884E-07 0.56429857 0.8255708
vn -6.234552E-07 0.56429857 0.8255708
vn 6.451522E-06 0.5642955 0.82557297
vn -3.0572628E-06 0.5642969 0.82557195
vn 6.451522E-06 0.56429553 0.82557297
vn 1.6758732E-06 0.5642971 0.82557184
vn 6.451522E-06 0.56429553 0.82557297
vn -1.4073305E-06 0.56429714 0.82557184
vn -1.4073305E-06 0.56429714 0.82557184
vn -0 0.5642972 0.8255717
vn -3.7047816E-06 0.56429565 0.8255728
vn -4.5974807E-07 0.5642968 0.8255721
vn -7.603394E-07 0.56429714 0.8255717
vn -7.603394E-07 0.56429714 0.8255717
vn 2.5453264E-07 0.564299 0.82557046
vn -3.7047816E-06 0.56429565 0.8255728
vn 2.5453264E-07 0.56429905 0.82557046
vn 2.5453264E-07 0.56429905 0.82557046
vn -5.516692E-07 0.56430006 0.8255698
vn -4.6393448E-06 0.5643025 0.82556814
vn 2.3372227E-06 1 -1.0644653E-06
vn 2.3372227E-06 1 -1.0644652E-06
vn 2.337223E-06 1 -1.0644652E-06
vn 2.4322787E-06 1 0
vn 2.1584515E-06 1 -1.496453E-06
vn 2.3494488E-06 1 4.8655295E-07
vn 1.9218419E-06 1 -1.8509277E-06
vn 2.153731E-06 1 9.595047E-07
vn 1.485995E-06 1 -2.287301E-06
vn 1.9259658E-06 1 1.3007358E-06
vn 1.3656863E-06 1 -2.3678135E-06
vn 1.4835683E-06 1 1.7436755E-06
vn 4.7026714E-07 1 -2.7395397E-06
vn 1.2579582E-06 1 1.8946577E-06
vn 2.331073E-07 1 -2.7869216E-06
vn 6.8892155E-07 1 2.130892E-06
vn -7.6560195E-07 1 -2.6805353E-06
vn 2.622886E-07 1 2.2161296E-06
vn -1.3538242E-06 1 -2.4363387E-06
vn 2.6228858E-07 1 2.2161298E-06
vn -1.5180424E-06 1 -2.3264436E-06
vn -2.62294E-07 1 2.2161294E-06
vn -2.1434396E-06 1 -1.7002905E-06
vn -9.842506E-07 1 2.071889E-06
vn -2.2715028E-06 1 -1.5084329E-06
vn -1.2858378E-06 1 1.9466856E-06
vn -2.4914773E-06 1 -9.768802E-07
vn -1.4852071E-06 1 1.8132639E-06
vn -2.4914773E-06 1 -9.768803E-07
vn -2.147561E-06 1 1.1500988E-06
vn -2.5664742E-06 1 0
vn -2.2428935E-06 1 1.0072738E-06
vn -2.4956346E-06 1 3.9652687E-07
vn -0.9016556 -0.41128877 -0.13363658
vn -0.901655 -3.5490905E-07 -0.43245584
vn -1 -1.7367127E-07 -7.753181E-07
vn -0.90165573 -0.2541904 0.34986302
vn -0.9016558 0.41128838 -0.13363667
vn -0.9016559 0.25419033 0.34986284
vn 0.9016559 -2.9318556E-07 -0.43245414
vn 0.90165514 -0.41129026 -0.13363503
vn 1 1.2405107E-07 1.1040545E-06
vn 0.901655 0.41129035 -0.13363557
vn 0.90165484 -0.2541916 0.34986454
vn 0.901655 0.25419134 0.3498644
vn -0 -5.1374653E-05 1
vn -0 -5.137466E-05 1
vn -0 -5.137466E-05 1
vn -0 -5.137466E-05 1
vn -0 8.219925E-05 1
vn 9.552605E-05 5.160814E-07 1
vn -0 8.219925E-05 1
vn 9.552605E-05 5.160814E-07 1
vn -0 -6.6787055E-05 1
vn -0 -6.678705E-05 1
vn -0 -6.6787055E-05 1
vn -0 -6.678706E-05 1
vn -0 9.247415E-05 1
vn -7.5084514E-05 -2.5830338E-06 1
vn -0 9.247414E-05 1
vn -0.00010754231 5.160321E-07 1
vn 0.70710707 -4.2616216E-06 -0.7071064
vn 0.92387944 -2.9509872E-06 -0.38268372
vn 0.7071068 -4.188764E-06 -0.70710677
vn 0.92387944 -2.7278436E-06 -0.38268355
vn 1 -1.7077801E-07 -4.352501E-07
vn 1 -1.5402695E-07 -3.6754452E-07
vn 0.9238795 -1.8956094E-06 0.38268352
vn 0.92387944 -2.1020016E-06 0.38268366
vn 0.70710695 -2.6928992E-06 0.7071066
vn 0.70710707 -2.7660408E-06 0.7071064
vn 0.7071068 -4.188764E-06 -0.70710677
vn 0.38248533 -2.8114557E-06 -0.9239615
vn 0.70710707 -4.2616216E-06 -0.7071064
vn 0.3824855 -2.516049E-06 -0.9239615
vn -1.7408519E-07 -1.7015685E-07 -1
vn -2.2727785E-07 0 -1
vn -0.38248566 0 -0.92396146
vn -0.3824856 -3.5505127E-07 -0.92396146
vn -0.70710665 -4.7433164E-06 -0.7071068
vn -0.70710635 -4.983374E-06 -0.7071071
vn 0.70710707 -2.7660408E-06 0.7071064
vn 0.3824854 -3.2660848E-06 0.9239615
vn 0.70710695 -2.6928992E-06 0.7071066
vn 0.38248557 -3.0575875E-06 0.92396146
vn -0 -2.2924425E-07 1
vn -0 0 1
vn -0.3824855 0 0.9239615
vn -0.3824856 -1.2537112E-07 0.92396146
vn -0.7071068 -1.835538E-06 0.70710665
vn -0.7071069 -2.0755976E-06 0.70710665
vn -0.70710635 -4.983374E-06 -0.7071071
vn -0.9238795 -3.0135984E-06 -0.38268346
vn -0.70710665 -4.7433164E-06 -0.7071068
vn -0.92387944 -2.8016993E-06 -0.3826837
vn -1 -1.2061765E-06 0
vn -1 -1.3371363E-06 0
vn -0.9238795 -3.8713883E-06 0.38268328
vn -0.92387974 -3.9845772E-06 0.38268307
vn -0.7071069 -2.0755976E-06 0.70710665
vn -0.7071068 -1.835538E-06 0.70710665
vn -0.33736727 0.9409765 0.027324326
vn -0.26546642 0.9637139 0.02798378
vn -0.33736724 0.9409765 0.027324462
vn -0.26475072 0.96391064 0.027989421
vn -0.123485036 0.99192834 0.028802983
vn -0.123173654 0.991967 0.028804107
vn -1.518563E-07 0.99957865 0.029025126
vn -1.5929663E-07 0.99957865 0.02902513
vn 0.123484716 0.99192834 0.028802983
vn 0.12317333 0.991967 0.028804116
vn 0.26546595 0.963714 0.027983896
vn 0.26475036 0.96391064 0.027989566
vn 0.33736673 0.94097674 0.027323095
vn 0.33736673 0.94097674 0.027322989
vn 7.61935E-07 -7.8403747E-07 1
vn 2.7155636E-07 4.7088326E-07 1
vn 7.9224986E-07 -9.637387E-07 1
vn 2.5711176E-07 5.5589214E-07 1
vn -0 4.7334552E-07 1
vn -0 4.7241429E-07 1
vn -0 4.693904E-07 1
vn -0 4.6940434E-07 1
vn -0 4.7251945E-07 1
vn -0 4.7343394E-07 1
vn -1.1863337E-07 5.1784906E-07 1
vn -0 5.9275027E-07 1
vn 3.9724105E-07 1.6836239E-06 1
vn 4.780434E-07 1.8250581E-06 1
vn -8.6475285E-07 5.253354E-07 -1
vn -1.5897326E-07 -4.4743604E-07 -1
vn -9.419738E-07 6.605007E-07 -1
vn -1.18632876E-07 -5.1784923E-07 -1
vn -0 -4.7343391E-07 -1
vn -0 -4.7865063E-07 -1
vn -0 -5.8005367E-07 -1
vn -0 -5.80368E-07 -1
vn -0 -4.779671E-07 -1
vn -0 -4.7207598E-07 -1
vn -0 -4.841665E-07 -1
vn -0 -5.6149264E-07 -1
vn -2.1131555E-07 -1.7503309E-06 -1
vn -2.3841496E-07 -1.9109723E-06 -1
vn -0.33520192 0.9417496 0.02733953
vn -0.26371184 0.9641953 0.027991528
vn -0.33520186 0.9417496 0.027339483
vn -0.26300594 0.96438783 0.027997063
vn -0.122632906 0.99203414 0.028798804
vn -0.12232585 0.99207205 0.028799923
vn -3.0845376E-07 0.9995789 0.029019075
vn -2.971868E-07 0.9995789 0.02901907
vn 0.12263289 0.99203414 0.028798694
vn 0.12232578 0.99207205 0.028799685
vn 0.26371136 0.9641955 0.027990151
vn 0.26300555 0.9643881 0.02799577
vn 0.33520117 0.9417499 0.027338913
vn 0.3352012 0.9417499 0.027338997
vn -1.9689274E-05 -4.8330235E-06 1
vn -1.0120929E-05 -9.063705E-07 1
vn -1.9660998E-05 -5.003176E-06 1
vn -1.01344085E-05 -8.251847E-07 1
vn -2.297331E-07 1.8607851E-06 1
vn -2.297334E-07 1.8607851E-06 1
vn -0 1.8765317E-06 1
vn -0 1.8765317E-06 1
vn 2.2973241E-07 1.8607861E-06 1
vn 2.2973236E-07 1.8607865E-06 1
vn 1.0264814E-05 -8.6077176E-07 1
vn 1.0220013E-05 -9.3950734E-07 1
vn 1.9492292E-05 -4.7628723E-06 1
vn 1.9407058E-05 -4.9128093E-06 1
vn 2.0855638E-05 -2.8291936E-07 -1
vn 1.0337798E-05 -1.1996877E-06 -1
vn 2.0984751E-05 -5.100547E-07 -1
vn 1.0270006E-05 -1.0803944E-06 -1
vn 4.5946803E-07 -3.7215766E-06 -1
vn 4.594673E-07 -3.7215768E-06 -1
vn -0 -3.7530633E-06 -1
vn -0 -3.7530633E-06 -1
vn -4.594661E-07 -3.7215716E-06 -1
vn -4.5946646E-07 -3.7215723E-06 -1
vn -1.0467487E-05 -1.026482E-06 -1
vn -1.0487948E-05 -1.1494595E-06 -1
vn -2.055724E-05 -3.892086E-07 -1
vn -2.0600077E-05 -6.4697304E-07 -1
vn -0.33593026 0.94148976 0.027348557
vn -0.2643014 0.9640336 0.028001059
vn -0.33593026 0.94148976 0.02734862
vn -0.26359263 0.96422744 0.028006827
vn -0.12291957 0.99199826 0.0288138
vn -0.12261096 0.9920364 0.02881479
vn 1.0202746E-07 0.99957854 0.029029928
vn 1.5691609E-07 0.99957854 0.029029725
vn 0.122919045 0.9919984 0.028810887
vn 0.122610435 0.9920366 0.028812118
vn 0.26430124 0.9640336 0.028001009
vn 0.26359245 0.96422744 0.028006665
vn 0.3359296 0.94149 0.027348563
vn 0.33592963 0.94149 0.027348632
vn 2.5632524E-05 1.3889891E-06 1
vn 1.3052082E-05 -4.1833297E-07 1
vn 2.5667921E-05 1.1770885E-06 1
vn 1.3031197E-05 0 1
vn 3.2746124E-07 -1.5946604E-07 1
vn 3.2383525E-07 0 1
vn -0 0 1
vn -0 0 1
vn -0 0 1
vn -0 -2.0341734E-07 1
vn -1.3116742E-05 0 1
vn -1.32435225E-05 -3.7359024E-07 1
vn -2.5877827E-05 1.476517E-06 1
vn -2.5984116E-05 1.2898553E-06 1
vn -2.5251762E-05 -2.5760112E-06 -1
vn -1.4076668E-05 3.691902E-06 -1
vn -2.5039766E-05 -2.9483137E-06 -1
vn -1.4188031E-05 3.8874505E-06 -1
vn -9.2106353E-07 7.442797E-06 -1
vn -9.2106455E-07 7.442798E-06 -1
vn -0 7.5060834E-06 -1
vn -0 7.5060852E-06 -1
vn 9.210643E-07 7.4428135E-06 -1
vn 9.2106603E-07 7.4428117E-06 -1
vn 1.3864192E-05 3.976174E-06 -1
vn 1.3830587E-05 3.7745256E-06 -1
vn 2.5740997E-05 -2.750638E-06 -1
vn 2.5670402E-05 -3.173279E-06 -1
vn 0.33665738 0.94123036 0.027335305
vn 0.26417863 0.9640673 0.027996775
vn 0.3366573 0.9412304 0.027335621
vn 0.2648918 0.9638718 0.027990952
vn 0.1228955 0.9920014 0.028808067
vn 0.12320552 0.9919629 0.028806861
vn -0 0.99957865 0.029026696
vn -0 0.99957865 0.029026695
vn -0.12289595 0.9920014 0.028807933
vn -0.12320603 0.9919629 0.028806929
vn -0.2641788 0.9640673 0.027996996
vn -0.26489192 0.9638718 0.027991349
vn -0.3366577 0.94123036 0.027334128
vn -0.33665773 0.94123036 0.027334167
vn 6.6619277E-06 -3.2961427E-07 -1
vn 3.6224803E-06 9.221512E-07 -1
vn 6.6528564E-06 -3.8365107E-07 -1
vn 3.6278711E-06 1.00402E-06 -1
vn 3.4524675E-07 2.7397664E-06 -1
vn 3.5244418E-07 2.7375056E-06 -1
vn -0 1.925872E-06 -1
vn -0 1.9284373E-06 -1
vn -4.981475E-07 2.7226858E-06 -1
vn -4.8921254E-07 2.7185515E-06 -1
vn -3.605716E-06 1.0062909E-06 -1
vn -3.5732517E-06 9.33707E-07 -1
vn -6.599372E-06 -3.072595E-07 -1
vn -6.572227E-06 -3.5485067E-07 -1
vn -6.2059207E-06 9.970827E-07 1
vn -3.7356049E-06 -1.2905044E-06 1
vn -6.0994835E-06 1.1836939E-06 1
vn -3.79173E-06 -1.3891325E-06 1
vn -3.297635E-07 -2.3199661E-06 1
vn -3.3001345E-07 -2.320619E-06 1
vn -0 -2.3456298E-06 1
vn -0 -2.3456296E-06 1
vn 3.2897427E-07 -2.3207476E-06 1
vn 3.2896185E-07 -2.3201073E-06 1
vn 3.9111333E-06 -1.3564013E-06 1
vn 3.923487E-06 -1.4295387E-06 1
vn 7.4972345E-06 -1.6451082E-06 1
vn 7.523218E-06 -1.7998875E-06 1
vn -0.33744273 0.94085324 0.030454526
vn -0.26505974 0.9637353 0.030944074
vn -0.33673915 0.9411055 0.030446656
vn -0.123293824 0.9918669 0.03160173
vn -0.26448882 0.96389216 0.030943017
vn -0.33601195 0.9413652 0.030453585
vn -0.26390082 0.9640532 0.030947817
vn -0.33528402 0.9416245 0.03046229
vn -0.123016044 0.99190146 0.03160084
vn -0 0.99949527 0.03176751
vn -0.26331338 0.9642138 0.030950252
vn -0.1227305 0.9919368 0.031601902
vn -0.12244438 0.9919721 0.031604435
vn -0 0.99949527 0.031767655
vn 0.12329357 0.991867 0.031601537
vn -1.3894352E-07 0.99949527 0.031769317
vn -1.5972677E-07 0.99949527 0.03176771
vn 0.122444175 0.9919721 0.031604405
vn 0.12301585 0.99190146 0.031600907
vn 0.12273024 0.9919368 0.031601913
vn 0.26331294 0.9642139 0.030950153
vn 0.3352832 0.94162476 0.030462021
vn 0.26390058 0.9640532 0.03094785
vn 0.33601186 0.9413652 0.030453764
vn 0.2644886 0.9638923 0.030943053
vn 0.336739 0.9411056 0.030446617
vn 0.26505935 0.96373534 0.030943932
vn 0.33744204 0.94085354 0.03045435
vn 3.8746948E-05 0.99948764 0.03200821
vn 0.9999981 -0.00011833056 -0.0019805601
vn 4.1539955E-05 0.99948764 0.032008197
vn 0.9999981 0.00016803615 -0.0019713917
vn -3.5742476E-05 -0.99948764 -0.032008164
vn -3.803533E-05 -0.99948764 -0.032008164
vn 4.1539955E-05 0.99948764 0.032008197
vn -0.9999981 0.00011833039 0.001980596
vn 3.8746948E-05 0.99948764 0.03200821
vn -0.9999981 -0.00016757728 0.0019714446
vn -3.803533E-05 -0.99948764 -0.032008164
vn -3.5742476E-05 -0.99948764 -0.032008164
vn 0.001977116 -0.031691704 0.99949574
vn 0.0019771156 -0.0316917 0.99949574
vn 0.0019771166 -0.031687576 0.99949586
vn 0.0019771154 -0.03169583 0.9994956
vn -0.001981215 0.031689536 -0.99949574
vn -0.0019812153 0.031689536 -0.99949574
vn -0.0019812162 0.031685416 -0.999496
vn -0.0019812149 0.03169367 -0.9994956
vn -0.006026295 0.015854638 -0.9998561
vn 0.9998796 -0.015463936 0.0013371754
vn 0.0061464957 0.01566591 -0.9998584
vn 0.99987984 -0.015412936 -0.0016583682
vn 0.006012742 -0.015855974 0.99985623
vn -0.0061520254 -0.015667683 0.9998584
vn 0.0061464957 0.01566591 -0.9998584
vn -0.9998796 0.015459194 -0.001331549
vn -0.006026295 0.015854638 -0.9998561
vn -0.99987984 0.015414634 0.001655145
vn -0.0061520254 -0.015667683 0.9998584
vn 0.006012742 -0.015855974 0.99985623
vn -0.006030249 0.015855119 -0.9998561
vn 0.9998796 -0.015462567 0.0013304574
vn 0.006141865 0.01566721 -0.9998584
vn 0.99987984 -0.015412285 -0.001659564
vn 0.006013392 -0.015856622 0.99985623
vn -0.006150898 -0.015667545 0.9998584
vn 0.006141865 0.01566721 -0.9998584
vn -0.9998796 0.015458929 -0.0013288548
vn -0.006030249 0.015855119 -0.9998561
vn -0.99987984 0.015413832 0.0016520622
vn -0.006150898 -0.015667545 0.9998584
vn 0.006013392 -0.015856622 0.99985623
vn -0.006028958 0.015856477 -0.9998561
vn 0.9998795 -0.015463068 0.001351173
vn 0.006149817 0.015666777 -0.9998584
vn 0.99987984 -0.015412107 -0.0016579845
vn 0.0060089095 -0.01585721 0.99985623
vn -0.006151202 -0.015668381 0.9998584
vn 0.006149817 0.015666777 -0.9998584
vn -0.9998796 0.015459405 -0.0013280524
vn -0.006028958 0.015856477 -0.9998561
vn -0.99987984 0.015413054 0.0016612288
vn -0.006151202 -0.015668381 0.9998584
vn 0.0060089095 -0.01585721 0.99985623
vn -0.9999981 -0.00012244622 -0.0019807501
vn -3.7184116E-05 0.99948764 0.032008197
vn -4.159138E-05 0.99948764 0.032008167
vn -0.9999981 0.00016651182 -0.0019714488
vn 3.7722773E-05 -0.99948764 -0.032008175
vn 3.8573897E-05 -0.99948764 -0.03200814
vn 0.9999981 0.0001156048 0.0019805422
vn -4.159138E-05 0.99948764 0.032008167
vn -3.7184116E-05 0.99948764 0.032008197
vn 0.9999981 -0.00016953182 0.0019713987
vn 3.8573897E-05 -0.99948764 -0.03200814
vn 3.7722773E-05 -0.99948764 -0.032008175
vn -0.0019770465 -0.0316917 0.99949574
vn -0.0019770467 -0.031691704 0.99949574
vn -0.001977047 -0.03169563 0.9994956
vn -0.0019770465 -0.031687777 0.99949586
vn 0.001981144 0.031689595 -0.99949574
vn 0.001981144 0.0316896 -0.99949574
vn 0.0019811438 0.031693596 -0.9994956
vn 0.0019811445 0.03168561 -0.999496
vn -0.9998796 -0.015462896 0.0013362508
vn 0.0060205567 0.015854547 -0.99985623
vn -0.006146166 0.015666407 -0.9998584
vn -0.99987984 -0.015412248 -0.0016573176
vn -0.0060147117 -0.01585568 0.99985623
vn 0.0061487244 -0.015667573 0.9998584
vn 0.9998796 0.0154587375 -0.0013326282
vn -0.006146166 0.015666407 -0.9998584
vn 0.0060205567 0.015854547 -0.99985623
vn 0.99987984 0.015414462 0.0016565676
vn 0.0061487244 -0.015667573 0.9998584
vn -0.0060147117 -0.01585568 0.99985623
vn -0.9998796 -0.015462909 0.0013336173
vn 0.006023193 0.015855663 -0.9998561
vn -0.006149588 0.015666941 -0.9998584
vn -0.99987984 -0.015412662 -0.0016541468
vn -0.006013954 -0.015855994 0.99985623
vn 0.006150983 -0.0156677 0.9998584
vn 0.9998796 0.015459797 -0.0013299328
vn -0.006149588 0.015666941 -0.9998584
vn 0.006023193 0.015855663 -0.9998561
vn 0.99987984 0.015414732 0.0016488166
vn 0.006150983 -0.0156677 0.9998584
vn -0.006013954 -0.015855994 0.99985623
vn -0.9998795 -0.015464175 0.0013535967
vn 0.006026211 0.015855798 -0.9998561
vn -0.0061477195 0.01566697 -0.9998584
vn -0.99987984 -0.01541369 -0.0016548245
vn -0.006007087 -0.01585701 0.99985623
vn 0.0061571947 -0.01566857 0.99985826
vn 0.9998796 0.015460011 -0.0013333715
vn -0.0061477195 0.01566697 -0.9998584
vn 0.006026211 0.015855798 -0.9998561
vn 0.99987984 0.015414344 0.0016629708
vn 0.0061571947 -0.01566857 0.99985826
vn -0.006007087 -0.01585701 0.99985623
vn 0.3997479 0.45842323 0.79375666
vn 4.976561E-07 -2.5969189E-06 1
vn -0.399748 0.4584225 0.7937571
vn -0.3997471 -0.45842746 0.79375476
vn 0.3997473 -0.45842737 0.79375464
vn -0.399748 0.4584225 0.7937571
vn 4.976561E-07 -2.5969189E-06 1
vn -0.3997471 -0.45842746 0.79375476
vn 0.3997473 -0.45842737 0.79375464
vn 4.976561E-07 -2.5969189E-06 1
vn 0.3997479 0.45842323 0.79375666
vn -0.39974916 0.45842537 0.7937549
vn 0.39974865 0.45842394 0.79375595
vn -2.7785982E-06 -2.468522E-06 1
vn 0.39974838 -0.45842785 0.79375374
vn -0.39974874 -0.45842978 0.79375255
vn 0.39974865 0.45842394 0.79375595
vn 0.39974838 -0.45842785 0.79375374
vn -2.7785982E-06 -2.468522E-06 1
vn -0.39974874 -0.45842978 0.79375255
vn -0.39974916 0.45842537 0.7937549
vn -2.7785982E-06 -2.468522E-06 1
vn -0.32880065 0.94438195 -0.005735043
vn -0.3311353 0.943571 -0.0048295055
vn -0.3317914 0.9433416 -0.004574841
vn -0.32814944 0.9446068 -0.0059874477
vn 0.94051737 0.3328608 -0.06804982
vn 0.9311032 0.35888422 -0.06518401
vn 0.9303322 0.36091945 -0.06495644
vn 0.94123393 0.33078256 -0.06827521
vn 0.32872036 -0.94441974 0.0037926768
vn 0.33113334 -0.943574 0.0043443735
vn 0.3318222 -0.94333124 0.004501972
vn 0.32803747 -0.9446576 0.003636637
vn -0.32881612 0.94439197 0.0019473842
vn -0.33110332 0.94359016 0.0028888641
vn -0.33175078 0.9433618 0.0031555505
vn -0.3281735 0.94461596 0.0016830347
vn 0.93892705 0.3321823 -0.08983784
vn 0.9296686 0.3580292 -0.08678413
vn 0.92890763 0.36005756 -0.08654032
vn 0.9396338 0.3301125 -0.09007816
vn 0.32873794 -0.9444131 -0.0038845097
vn 0.3311686 -0.94356555 -0.0033858418
vn 0.33185035 -0.9433265 -0.0032458873
vn 0.32806218 -0.9446476 -0.0040230653
vn -0.32884613 0.94433445 0.009632453
vn -0.33112395 0.9435274 0.0106242
vn -0.3317726 0.9432964 0.01090678
vn -0.32820234 0.9445612 0.009352342
vn 0.93685794 0.3314585 -0.111500755
vn 0.92766166 0.3573924 -0.10823356
vn 0.92690355 0.35943267 -0.10797149
vn 0.93756104 0.3293775 -0.111757845
vn 0.3287133 -0.944359 -0.011552601
vn 0.3311476 -0.9435135 -0.011110183
vn 0.3318179 -0.9432795 -0.010988273
vn 0.32804897 -0.9445886 -0.0116732735
vn -0.3287866 0.94424593 0.017294448
vn -0.33107227 0.943427 0.018344177
vn -0.33172652 0.94319135 0.018644802
vn -0.3281373 0.94447714 0.016996425
vn 0.93440837 0.33043715 -0.13301262
vn 0.9253332 0.35633454 -0.1295539
vn 0.9245834 0.35837603 -0.12927546
vn 0.935103 0.32835588 -0.13328473
vn 0.3286606 -0.9442525 -0.019221807
vn 0.33110002 -0.94340765 -0.018835515
vn 0.33175868 -0.9431783 -0.018731138
vn 0.32800764 -0.9444774 -0.019325117
vn -0.32871392 0.94409966 0.0249586
vn -0.33099476 0.9432726 0.026060518
vn -0.3316501 0.9430337 0.026377277
vn -0.3280635 0.94433415 0.024644557
vn 0.9314579 0.32950506 -0.15431361
vn 0.9225711 0.35518032 -0.1506964
vn 0.9218362 0.35720652 -0.15040448
vn 0.9321384 0.32744065 -0.15459791
vn 0.32862964 -0.944076 -0.026890071
vn 0.33109495 -0.9432237 -0.026557371
vn 0.33174694 -0.942997 -0.02646929
vn 0.3279833 -0.9442982 -0.026977213
vn -0.32872087 0.94419223 -0.021064783
vn -0.3310361 0.9434002 -0.020276295
vn -0.3316755 0.9431803 -0.02005839
vn -0.32808632 0.94440806 -0.021280728
vn 0.9424846 0.33337203 -0.024205059
vn 0.93293375 0.35938933 -0.021771953
vn 0.93215847 0.36140668 -0.021581482
vn 0.9432064 0.33131024 -0.024396045
vn 0.3287209 -0.94423336 0.019130247
vn 0.33108804 -0.94339246 0.019782685
vn 0.33178574 -0.9431432 0.019975096
vn 0.3280293 -0.9444777 0.018939711
vn -0.32872567 0.9443304 -0.013399823
vn -0.3310608 0.94352597 -0.012549348
vn -0.33171174 0.9433005 -0.012312113
vn -0.3280796 0.9445517 -0.013634945
vn 0.9418452 0.3328617 -0.046159707
vn 0.93239325 0.3588164 -0.043516252
vn 0.93162245 0.36083812 -0.043307744
vn 0.9425623 0.33079666 -0.0463674
vn 0.32874468 -0.94434935 0.011452735
vn 0.3311551 -0.9434992 0.012060385
vn 0.3318546 -0.94325113 0.012236828
vn 0.3280513 -0.94459254 0.0112780295
vn 0.3287998 0.9443823 -0.0057349536
vn 0.3311371 0.9435703 -0.0048283497
vn 0.32814783 0.94460744 -0.005987654
vn 0.33179402 0.9433408 -0.004573386
vn -0.9405194 0.33285517 -0.0680509
vn -0.93110406 0.3588818 -0.0651847
vn -0.941236 0.3307765 -0.06827631
vn -0.9303329 0.3609174 -0.06495711
vn -0.32872027 -0.94441974 0.0037924356
vn -0.3311327 -0.94357425 0.004344019
vn -0.32803747 -0.9446576 0.003636426
vn -0.3318215 -0.9433315 0.0045015863
vn 0.3288163 0.94439185 0.0019473634
vn 0.33110404 0.9435898 0.0028890984
vn 0.32817355 0.94461596 0.0016829427
vn 0.33175176 0.94336146 0.0031558564
vn -0.9389287 0.33217722 -0.08983917
vn -0.9296686 0.3580288 -0.0867849
vn -0.9396356 0.3301071 -0.090079516
vn -0.92890763 0.36005753 -0.08654103
vn -0.3287381 -0.9444131 -0.0038848913
vn -0.33116943 -0.9435652 -0.0033860942
vn -0.32806212 -0.9446476 -0.0040234826
vn -0.3318514 -0.9433262 -0.0032461034
vn 0.32884693 0.94433415 0.009632802
vn 0.3311252 0.943527 0.0106247375
vn 0.32820305 0.9445608 0.0093526365
vn 0.33177397 0.94329584 0.0109073715
vn -0.93685615 0.33146358 -0.11150086
vn -0.92766106 0.35739395 -0.10823412
vn -0.9375591 0.32938287 -0.11175792
vn -0.92690307 0.35943392 -0.10797208
vn -0.32871288 -0.94435924 -0.011552898
vn -0.331148 -0.9435134 -0.011110319
vn -0.32804823 -0.94458884 -0.011673612
vn -0.3318186 -0.94327927 -0.010988366
vn 0.32878718 0.9442456 0.017295208
vn 0.331071 0.94342744 0.018344073
vn 0.32813844 0.9444767 0.016997436
vn 0.33172467 0.943192 0.018644448
vn -0.93440795 0.33043763 -0.13301426
vn -0.92533034 0.3563417 -0.12955458
vn -0.9351027 0.32835585 -0.13328643
vn -0.9245803 0.35838372 -0.12927607
vn -0.3286608 -0.9442524 -0.019222451
vn -0.33109978 -0.9434077 -0.018836241
vn -0.32800806 -0.94447726 -0.019325742
vn -0.33175832 -0.9431784 -0.018731885
vn 0.3287136 0.9440998 0.024958925
vn 0.33099425 0.94327277 0.026060754
vn 0.32806325 0.94433427 0.024644908
vn 0.3316495 0.9430339 0.026377482
vn -0.9314558 0.3295109 -0.1543139
vn -0.9225703 0.355182 -0.15069726
vn -0.93213624 0.327447 -0.15459818
vn -0.9218356 0.35720786 -0.15040544
vn -0.32862958 -0.944076 -0.026890386
vn -0.3310948 -0.9432237 -0.026557697
vn -0.32798326 -0.9442982 -0.026977526
vn -0.33174685 -0.942997 -0.026469627
vn 0.32872105 0.9441921 -0.021064874
vn 0.33103493 0.9434006 -0.0202768
vn 0.3280869 0.9444078 -0.021280702
vn 0.33167398 0.94318086 -0.020059012
vn -0.9424895 0.33335817 -0.024205111
vn -0.9329378 0.35937876 -0.021771725
vn -0.9432114 0.3312962 -0.024396116
vn -0.9321624 0.3613963 -0.021581234
vn -0.32872474 -0.944232 0.019130474
vn -0.33108878 -0.9433922 0.01978208
vn -0.328034 -0.94447595 0.01894019
vn -0.33178568 -0.9431433 0.019974241
vn 0.3287248 0.94433075 -0.013399276
vn 0.33106053 0.943526 -0.012548581
vn 0.32807863 0.944552 -0.013634457
vn 0.33171168 0.9433005 -0.0123112835
vn -0.9418452 0.33286178 -0.046160154
vn -0.93239325 0.35881612 -0.043516714
vn -0.9425623 0.33079666 -0.046367846
vn -0.93162245 0.36083785 -0.043308202
vn -0.3287454 -0.9443491 0.011452569
vn -0.33115473 -0.9434994 0.012059952
vn -0.32805234 -0.94459224 0.011277939
vn -0.331854 -0.9432514 0.012236317
vn -0 5.8156996E-07 1
vn -0 5.8157E-07 1
vn 1.2943212E-06 2.3195837E-06 1
vn -0 5.8156996E-07 1
vn 2.0340778E-07 2.907852E-07 1
vn 2.33679E-06 -2.599053E-06 1
vn 2.33679E-06 -2.5990532E-06 1
vn 4.2933019E-07 5.8157036E-07 1
vn 4.2933013E-07 5.815703E-07 1
vn -4.5387344E-07 -6.148166E-07 1
vn 4.2933019E-07 5.815703E-07 1
vn 4.0682144E-07 5.8157013E-07 1
vn 1.0424782E-06 -2.794714E-07 1
vn 1.0424783E-06 -2.794714E-07 1
vn -1.532945E-06 0 1
vn -1.532945E-06 0 1
vn -3.981981E-07 1.5371064E-06 1
vn -1.532945E-06 0 1
vn 6.214845E-07 2.9078512E-07 1
vn 1.0424559E-06 -2.7945305E-07 1
vn 1.0424559E-06 -2.7945308E-07 1
vn 2.8997343E-07 5.8157065E-07 1
vn 2.8997343E-07 5.815706E-07 1
vn -3.250285E-07 -2.5151013E-07 1
vn 2.8997343E-07 5.8157065E-07 1
vn 4.0682193E-07 5.8156996E-07 1
vn 1.042478E-06 -2.794716E-07 1
vn 1.042478E-06 -2.794716E-07 1
vn 1.995188E-07 -1 4.7145463E-07
vn 2.6189227E-07 -1 4.1912506E-07
vn 1.768732E-07 -1 4.6218122E-07
vn 1.768732E-07 -1 4.6218122E-07
vn 1.503723E-07 -1 4.839956E-07
vn -0 -1 4.839956E-07
vn -0 -1 4.839956E-07
vn 1.2717732E-07 -1 4.7927836E-07
vn 1.2717732E-07 -1 4.7927836E-07
vn -0 -1 4.6000076E-07
vn 1.3603132E-07 -1 5.0342186E-07
vn 0.67784095 -0.6836985 0.27034834
vn 0.012136947 -0.93453574 0.35566223
vn 0.5955128 -0.7575739 0.26729447
vn 0.40786085 -0.8427448 0.351327
vn 3.3262831E-06 -0.93487644 0.35497317
vn -0.38435885 -0.8656817 0.32072356
vn -0.60105217 -0.74788624 0.28178427
vn -0.68785506 -0.68495274 0.24019809
vn 0.5955128 -0.7575739 0.26729447
vn 0.83302546 -0.52510965 0.1741506
vn 0.67784095 -0.6836985 0.27034834
vn 0.7845456 -0.586148 0.20228395
vn 0.86798984 -0.47468323 0.14584094
vn 1 5.815702E-07 -1.9993459E-07
vn 1 5.8157013E-07 -1.9993459E-07
vn 1 5.8157013E-07 -1.9993459E-07
vn 1 2.903869E-07 -3.000386E-07
vn -3.8881754E-07 1 -3.4721623E-07
vn -2.382967E-07 1 -4.19199E-07
vn -1.3935855E-07 1 -4.665137E-07
vn -4.877557E-07 1 -2.9990153E-07
vn -1 1.9385686E-07 3.6208075E-07
vn -1 1.9385686E-07 3.6208075E-07
vn -1 1.9385686E-07 3.6208075E-07
vn -1 8.5427996E-07 -1.9993482E-07
vn -0.8338504 -0.524843 0.17097776
vn -0.8679898 -0.47468305 0.1458416
vn -0.78570485 -0.5838023 0.20455493
vn -0.68785506 -0.68495274 0.24019809
vn -0.60105217 -0.74788624 0.28178427
vn 0.67784137 -0.68369824 0.2703475
vn 0.012143026 -0.9345357 0.35566223
vn 0.5955139 -0.7575732 0.267294
vn 0.40786013 -0.84274566 0.35132587
vn 8.738532E-06 -0.9348767 0.3549728
vn -0.38435212 -0.8656843 0.32072443
vn -0.6010498 -0.74788785 0.28178516
vn -0.6878549 -0.6849529 0.24019785
vn 0.5955139 -0.7575732 0.267294
vn 0.8330254 -0.5251098 0.17415059
vn 0.67784137 -0.68369824 0.2703475
vn 0.7845456 -0.5861479 0.20228378
vn 0.8679894 -0.47468388 0.14584123
vn 1 2.9078493E-07 -1.9993453E-07
vn 1 2.9078493E-07 -1.9993453E-07
vn 1 2.9078493E-07 -1.9993453E-07
vn 1 6.225779E-07 0
vn -1.1872569E-07 1 -4.4305844E-07
vn -3.618187E-07 1 -3.4174226E-07
vn -4.1807613E-07 1 -2.9990144E-07
vn -1.7780604E-07 1 -4.573208E-07
vn -4.180804E-07 1 -3.9986875E-07
vn -1 -1.4539238E-07 3.34548E-07
vn -1 -1.4539238E-07 3.3454802E-07
vn -1 -1.4539239E-07 3.3454802E-07
vn -1 0 2.0826498E-07
vn -0.83385104 -0.52484214 0.1709769
vn -0.8679898 -0.4746833 0.1458413
vn -0.78570527 -0.5838019 0.20455462
vn -0.6878549 -0.6849529 0.24019785
vn -0.6010498 -0.74788785 0.28178516
vn -0.60105306 -0.74788594 0.2817832
vn -0.38436228 -0.8656805 0.32072246
vn -0.6878551 -0.684953 0.2401973
vn 0.0121342335 -0.934536 0.3556616
vn -2.4054477E-06 -0.9348767 0.35497287
vn 0.4078598 -0.84274524 0.35132733
vn 0.67784363 -0.6836959 0.2703475
vn 0.59551334 -0.75757366 0.2672937
vn -0.6878551 -0.684953 0.2401973
vn -0.78570443 -0.5838032 0.20455427
vn -0.60105306 -0.74788594 0.2817832
vn -0.83384955 -0.5248445 0.17097747
vn -0.8679887 -0.4746851 0.14584155
vn -1 -3.8771353E-07 0
vn -1 -3.877135E-07 0
vn -1 -3.8771347E-07 0
vn -1 -2.9328825E-07 0
vn -7.871058E-07 1 -3.2335683E-07
vn -6.06481E-07 1 -4.0973606E-07
vn -4.877554E-07 1 -4.6651363E-07
vn -9.058314E-07 1 -2.6657932E-07
vn 1 1.9385676E-07 2.6657904E-07
vn 1 1.9385676E-07 2.6657904E-07
vn 1 1.9385676E-07 2.6657904E-07
vn 1 -7.92853E-07 0
vn 0.8679884 -0.47468555 0.1458415
vn 0.83302593 -0.525109 0.17415003
vn 0.78454673 -0.58614695 0.20228282
vn 0.59551334 -0.75757366 0.2672937
vn 0.67784363 -0.6836959 0.2703475
vn 0.6778419 -0.68369764 0.27034754
vn 0.012142933 -0.93453556 0.35566264
vn 0.59551364 -0.7575733 0.26729405
vn 0.4078607 -0.84274524 0.35132623
vn 9.866085E-06 -0.93487644 0.35497314
vn -0.38435388 -0.86568356 0.32072425
vn -0.6010503 -0.74788755 0.28178504
vn -0.6878565 -0.68495166 0.2401973
vn 0.59551364 -0.7575733 0.26729405
vn 0.83302546 -0.5251097 0.17415053
vn 0.6778419 -0.68369764 0.27034754
vn 0.7845453 -0.58614826 0.20228383
vn 0.8679893 -0.47468403 0.1458412
vn 1 -2.3020502E-07 -3.4155454E-07
vn 1 -2.3020499E-07 -3.4155454E-07
vn 1 -2.30205E-07 -3.4155454E-07
vn 1 2.71524E-07 -1.6906837E-07
vn -4.0685435E-07 1 -5.025202E-07
vn -6.8319014E-07 1 -3.9393043E-07
vn -1.5329609E-06 1 -2.3325627E-07
vn -1.778036E-07 1 -5.423516E-07
vn -0 1 -4.9983606E-07
vn -1 -8.723554E-07 7.423675E-07
vn -1 -8.723553E-07 7.4236743E-07
vn -1 -8.723553E-07 7.423675E-07
vn -1 -2.3494295E-07 1.9993456E-07
vn -0.8338498 -0.52484393 0.17097779
vn -0.8679883 -0.47468555 0.14584234
vn -0.7857054 -0.58380187 0.20455429
vn -0.6878565 -0.68495166 0.2401973
vn -0.6010503 -0.74788755 0.28178504
vn -0 -1 2.068365E-07
vn -0 -1 2.068365E-07
vn -0 -1 2.068365E-07
vn -0 -1 3.4137076E-07
vn -0 -1 3.8968122E-07
vn -0 -1 3.2569304E-07
vn -1.15682695E-07 -1 1.750272E-07
vn -0 -1 2.1674553E-07
vn 2.0442539E-07 -1 3.8924793E-07
vn -0 -1 2.0088531E-07
vn -0 -1 3.1994765E-07
vn -0 -1 1.9096846E-07
vn -0 -1 3.1898674E-07
vn -0 -1 2.6204043E-07
vn -0 -1 3.189868E-07
vn -0 -1 2.3740324E-07
vn 2.3674535E-07 -1 2.6515724E-07
vn 1.8636423E-07 -1 1.7249737E-07
vn -0 -1 3.8806309E-07
vn -0 -1 2.182539E-07
vn 1.4855735E-07 -1 2.4895564E-07
vn -0 -1 2.1825396E-07
vn 1.5765575E-07 -1 2.3984612E-07
vn -0 -1 2.2307339E-07
vn -0 -1 3.7589606E-07
vn -0 -1 2.0105564E-07
vn -0 -1 3.5799036E-07
vn 1.48793E-07 -1 2.9143152E-07
vn 1.0483969E-07 -1 2.0409033E-07
vn 1.802318E-07 -1 3.229086E-07
vn 1.04839735E-07 -1 3.3386485E-07
vn -0 -1 1.391849E-07
vn -0 -1 1.7894004E-07
g Ariz_gun_cal356х4_001_0
f 3/3/3 2/2/2 1/1/1
f 6/6/6 5/5/5 4/4/4
f 8/8/8 7/7/7 4/4/4
f 11/11/11 10/10/10 9/9/9
f 14/14/14 13/13/13 12/12/12
f 15/15/15 12/12/12 13/13/13
f 15/15/15 16/16/16 12/12/12
f 17/17/17 12/12/12 16/16/16
f 17/17/17 16/16/16 18/18/18
f 19/19/19 18/18/18 16/16/16
f 19/19/19 20/20/20 18/18/18
f 21/21/21 18/18/18 20/20/20
f 21/21/21 20/20/20 22/22/22
f 23/23/23 22/22/22 20/20/20
f 23/23/23 24/24/24 22/22/22
f 25/25/25 22/22/22 24/24/24
f 25/25/25 24/24/24 26/26/26
f 27/27/27 26/26/26 24/24/24
f 27/27/27 28/28/28 26/26/26
f 29/29/29 26/26/26 28/28/28
f 32/32/32 31/31/31 30/30/30
f 33/33/33 30/30/30 31/31/31
f 33/33/33 31/31/31 34/34/34
f 35/35/35 34/34/34 31/31/31
f 35/35/35 36/36/36 34/34/34
f 37/37/37 34/34/34 36/36/36
f 37/37/37 36/36/36 38/38/38
f 39/39/39 38/38/38 36/36/36
f 39/39/39 40/40/40 38/38/38
f 41/41/41 38/38/38 40/40/40
f 41/41/41 40/40/40 42/42/42
f 43/43/43 42/42/42 40/40/40
f 43/43/43 44/44/44 42/42/42
f 45/45/45 42/42/42 44/44/44
f 45/45/45 44/44/44 46/46/46
f 47/47/47 46/46/46 44/44/44
f 50/50/50 49/49/49 48/48/48
f 51/51/51 48/48/48 49/49/49
f 51/51/51 52/52/52 48/48/48
f 53/53/53 48/48/48 52/52/52
f 53/53/53 52/52/52 54/54/54
f 55/55/55 54/54/54 52/52/52
f 55/55/55 56/56/56 54/54/54
f 57/57/57 54/54/54 56/56/56
f 57/57/57 56/56/56 58/58/58
f 59/59/59 58/58/58 56/56/56
f 59/59/59 60/60/60 58/58/58
f 61/61/61 58/58/58 60/60/60
f 61/61/61 60/60/60 62/62/62
f 63/63/63 62/62/62 60/60/60
f 63/63/63 64/64/64 62/62/62
f 65/65/65 62/62/62 64/64/64
f 68/68/68 67/67/67 66/66/66
f 69/69/69 66/66/66 67/67/67
f 69/69/69 67/67/67 70/70/70
f 71/71/71 70/70/70 67/67/67
f 71/71/71 72/72/72 70/70/70
f 73/73/73 70/70/70 72/72/72
f 73/73/73 72/72/72 74/74/74
f 75/75/75 74/74/74 72/72/72
f 75/75/75 76/76/76 74/74/74
f 77/77/77 74/74/74 76/76/76
f 77/77/77 76/76/76 78/78/78
f 79/79/79 78/78/78 76/76/76
f 79/79/79 80/80/80 78/78/78
f 81/81/81 78/78/78 80/80/80
f 81/81/81 80/80/80 82/82/82
f 83/83/83 82/82/82 80/80/80
f 86/86/86 85/85/85 84/84/84
f 87/87/87 84/84/84 85/85/85
f 90/90/90 89/89/89 88/88/88
f 91/91/91 88/88/88 89/89/89
f 94/94/94 93/93/93 92/92/92
f 95/95/95 92/92/92 93/93/93
f 98/98/98 97/97/97 96/96/96
f 99/99/99 96/96/96 97/97/97
f 102/102/102 101/101/101 100/100/100
f 103/103/103 100/100/100 101/101/101
f 106/106/106 105/105/105 104/104/104
f 107/107/107 104/104/104 105/105/105
f 110/110/110 109/109/109 108/108/108
f 111/111/111 108/108/108 109/109/109
f 114/114/114 113/113/113 112/112/112
f 115/115/115 112/112/112 113/113/113
f 118/118/118 117/117/117 116/116/116
f 119/119/119 116/116/116 117/117/117
f 122/122/122 121/121/121 120/120/120
f 123/123/123 120/120/120 121/121/121
f 126/126/126 125/125/125 124/124/124
f 127/127/127 124/124/124 125/125/125
f 130/130/130 129/129/129 128/128/128
f 131/131/131 128/128/128 129/129/129
f 134/134/134 133/133/133 132/132/132
f 135/135/135 132/132/132 133/133/133
f 138/138/138 137/137/137 136/136/136
f 139/139/139 136/136/136 137/137/137
f 142/142/142 141/141/141 140/140/140
f 143/143/143 140/140/140 141/141/141
f 146/146/146 145/145/145 144/144/144
f 147/147/147 144/144/144 145/145/145
f 150/150/150 149/149/149 148/148/148
f 151/151/151 148/148/148 149/149/149
f 154/154/154 153/153/153 152/152/152
f 155/155/155 152/152/152 153/153/153
f 158/158/158 157/157/157 156/156/156
f 159/159/159 156/156/156 157/157/157
f 162/162/162 161/161/161 160/160/160
f 163/163/163 160/160/160 161/161/161
f 166/166/166 165/165/165 164/164/164
f 167/167/167 164/164/164 165/165/165
f 170/170/170 169/169/169 168/168/168
f 171/171/171 168/168/168 169/169/169
f 174/174/174 173/173/173 172/172/172
f 175/175/175 172/172/172 173/173/173
f 178/178/178 177/177/177 176/176/176
f 179/179/179 176/176/176 177/177/177
f 182/182/182 181/181/181 180/180/180
f 183/183/183 180/180/180 181/181/181
f 186/186/186 185/185/185 184/184/184
f 187/187/187 184/184/184 185/185/185
f 190/190/190 189/189/189 188/188/188
f 191/191/191 188/188/188 189/189/189
f 194/194/194 193/193/193 192/192/192
f 195/195/195 192/192/192 193/193/193
f 198/198/198 197/197/197 196/196/196
f 199/199/199 196/196/196 197/197/197
f 202/202/202 201/201/201 200/200/200
f 203/203/203 200/200/200 201/201/201
f 206/206/206 205/205/205 204/204/204
f 207/207/207 204/204/204 205/205/205
f 210/210/210 209/209/209 208/208/208
f 211/211/211 208/208/208 209/209/209
f 214/214/214 213/213/213 212/212/212
f 215/215/215 212/212/212 213/213/213
f 218/218/218 217/217/217 216/216/216
f 219/219/219 216/216/216 217/217/217
f 222/222/222 221/221/221 220/220/220
f 223/223/223 220/220/220 221/221/221
f 226/226/226 225/225/225 224/224/224
f 227/227/227 224/224/224 225/225/225
f 230/230/230 229/229/229 228/228/228
f 231/231/231 228/228/228 229/229/229
f 234/234/234 233/233/233 232/232/232
f 235/235/235 232/232/232 233/233/233
f 238/238/238 237/237/237 236/236/236
f 239/239/239 236/236/236 237/237/237
f 242/242/242 241/241/241 240/240/240
f 243/243/243 240/240/240 241/241/241
f 246/246/246 245/245/245 244/244/244
f 247/247/247 244/244/244 245/245/245
f 250/250/250 249/249/249 248/248/248
f 251/251/251 248/248/248 249/249/249
f 254/254/254 253/253/253 252/252/252
f 255/255/255 252/252/252 253/253/253
f 258/258/258 257/257/257 256/256/256
f 259/259/259 256/256/256 257/257/257
f 262/262/262 261/261/261 260/260/260
f 263/263/263 260/260/260 261/261/261
f 266/266/266 265/265/265 264/264/264
f 267/267/267 264/264/264 265/265/265
f 270/270/270 269/269/269 268/268/268
f 271/271/271 268/268/268 269/269/269
f 274/274/274 273/273/273 272/272/272
f 275/275/275 272/272/272 273/273/273
f 278/278/278 277/277/277 276/276/276
f 279/279/279 276/276/276 277/277/277
f 282/282/282 281/281/281 280/280/280
f 283/283/283 280/280/280 281/281/281
f 286/286/286 285/285/285 284/284/284
f 287/287/287 284/284/284 285/285/285
f 290/290/290 289/289/289 288/288/288
f 291/291/291 288/288/288 289/289/289
f 294/294/294 293/293/293 292/292/292
f 295/295/295 292/292/292 293/293/293
f 298/298/298 297/297/297 296/296/296
f 299/299/299 296/296/296 297/297/297
f 302/302/302 301/301/301 300/300/300
f 303/303/303 300/300/300 301/301/301
f 306/306/306 305/305/305 304/304/304
f 307/307/307 304/304/304 305/305/305
f 310/310/310 309/309/309 308/308/308
f 311/311/311 308/308/308 309/309/309
f 314/314/314 313/313/313 312/312/312
f 315/315/315 312/312/312 313/313/313
f 318/318/318 317/317/317 316/316/316
f 319/319/319 316/316/316 317/317/317
f 322/322/322 321/321/321 320/320/320
f 323/323/323 320/320/320 321/321/321
f 326/326/326 325/325/325 324/324/324
f 327/327/327 324/324/324 325/325/325
f 330/330/330 329/329/329 328/328/328
f 331/331/331 328/328/328 329/329/329
f 334/334/334 333/333/333 332/332/332
f 335/335/335 332/332/332 333/333/333
f 338/338/338 337/337/337 336/336/336
f 339/339/339 336/336/336 337/337/337
f 342/342/342 341/341/341 340/340/340
f 343/343/343 340/340/340 341/341/341
f 346/346/346 345/345/345 344/344/344
f 347/347/347 344/344/344 345/345/345
f 350/350/350 349/349/349 348/348/348
f 351/351/351 348/348/348 349/349/349
f 354/354/354 353/353/353 352/352/352
f 355/355/355 352/352/352 353/353/353
f 358/358/358 357/357/357 356/356/356
f 359/359/359 356/356/356 357/357/357
f 359/359/359 360/360/360 356/356/356
f 361/361/361 356/356/356 360/360/360
f 361/361/361 360/360/360 362/362/362
f 363/363/363 362/362/362 360/360/360
f 363/363/363 364/364/364 362/362/362
f 365/365/365 362/362/362 364/364/364
f 365/365/365 364/364/364 366/366/366
f 367/367/367 366/366/366 364/364/364
f 367/367/367 368/368/368 366/366/366
f 369/369/369 366/366/366 368/368/368
f 369/369/369 368/368/368 370/370/370
f 371/371/371 370/370/370 368/368/368
f 371/371/371 372/372/372 370/370/370
f 373/373/373 370/370/370 372/372/372
f 373/373/373 372/372/372 374/374/374
f 375/375/375 374/374/374 372/372/372
f 375/375/375 376/376/376 374/374/374
f 377/377/377 374/374/374 376/376/376
f 377/377/377 376/376/376 378/378/378
f 379/379/379 378/378/378 376/376/376
f 379/379/379 380/380/380 378/378/378
f 381/381/381 378/378/378 380/380/380
f 384/384/384 383/383/383 382/382/382
f 385/385/385 382/382/382 383/383/383
f 385/385/385 383/383/383 386/386/386
f 387/387/387 386/386/386 383/383/383
f 387/387/387 388/388/388 386/386/386
f 389/389/389 386/386/386 388/388/388
f 389/389/389 388/388/388 390/390/390
f 391/391/391 390/390/390 388/388/388
f 391/391/391 392/392/392 390/390/390
f 393/393/393 390/390/390 392/392/392
f 393/393/393 392/392/392 394/394/394
f 395/395/395 394/394/394 392/392/392
f 395/395/395 396/396/396 394/394/394
f 397/397/397 394/394/394 396/396/396
f 397/397/397 396/396/396 398/398/398
f 399/399/399 398/398/398 396/396/396
f 399/399/399 400/400/400 398/398/398
f 401/401/401 398/398/398 400/400/400
f 401/401/401 400/400/400 402/402/402
f 403/403/403 402/402/402 400/400/400
f 403/403/403 404/404/404 402/402/402
f 405/405/405 402/402/402 404/404/404
f 405/405/405 404/404/404 406/406/406
f 407/407/407 406/406/406 404/404/404
f 410/410/410 409/409/409 408/408/408
f 411/411/411 408/408/408 409/409/409
f 411/411/411 412/412/412 408/408/408
f 413/413/413 408/408/408 412/412/412
f 413/413/413 412/412/412 414/414/414
f 415/415/415 414/414/414 412/412/412
f 415/415/415 416/416/416 414/414/414
f 417/417/417 414/414/414 416/416/416
f 417/417/417 416/416/416 418/418/418
f 419/419/419 418/418/418 416/416/416
f 419/419/419 420/420/420 418/418/418
f 421/421/421 418/418/418 420/420/420
f 421/421/421 420/420/420 422/422/422
f 423/423/423 422/422/422 420/420/420
f 423/423/423 424/424/424 422/422/422
f 425/425/425 422/422/422 424/424/424
f 425/425/425 424/424/424 426/426/426
f 427/427/427 426/426/426 424/424/424
f 427/427/427 428/428/428 426/426/426
f 429/429/429 426/426/426 428/428/428
f 429/429/429 428/428/428 430/430/430
f 431/431/431 430/430/430 428/428/428
f 431/431/431 432/432/432 430/430/430
f 433/433/433 430/430/430 432/432/432
f 436/436/436 435/435/435 434/434/434
f 437/437/437 434/434/434 435/435/435
f 440/440/440 439/439/439 438/438/438
f 441/441/441 438/438/438 439/439/439
f 444/444/444 443/443/443 442/442/442
f 445/445/445 442/442/442 443/443/443
f 448/448/448 447/447/447 446/446/446
f 449/449/449 446/446/446 447/447/447
f 452/452/452 451/451/451 450/450/450
f 453/453/453 450/450/450 451/451/451
f 456/456/456 455/455/455 454/454/454
f 457/457/457 454/454/454 455/455/455
f 460/460/460 459/459/459 458/458/458
f 461/461/461 458/458/458 459/459/459
f 464/464/464 463/463/463 462/462/462
f 465/465/465 462/462/462 463/463/463
f 468/468/468 467/467/467 466/466/466
f 469/469/469 466/466/466 467/467/467
f 472/472/472 471/471/471 470/470/470
f 473/473/473 470/470/470 471/471/471
f 476/476/476 475/475/475 474/474/474
f 477/477/477 474/474/474 475/475/475
f 480/480/480 479/479/479 478/478/478
f 481/481/481 478/478/478 479/479/479
f 484/484/484 483/483/483 482/482/482
f 485/485/485 482/482/482 483/483/483
f 488/488/488 487/487/487 486/486/486
f 489/489/489 486/486/486 487/487/487
f 492/492/492 491/491/491 490/490/490
f 493/493/493 490/490/490 491/491/491
f 496/496/496 495/495/495 494/494/494
f 497/497/497 494/494/494 495/495/495
f 494/494/494 497/497/497 498/498/498
f 499/499/499 498/498/498 497/497/497
f 502/502/502 501/501/501 500/500/500
f 503/503/503 500/500/500 501/501/501
f 506/506/506 505/505/505 504/504/504
f 507/507/507 504/504/504 505/505/505
f 510/510/510 509/509/509 508/508/508
f 511/511/511 508/508/508 509/509/509
f 514/514/514 513/513/513 512/512/512
f 515/515/515 512/512/512 513/513/513
f 518/518/518 517/517/517 516/516/516
f 519/519/519 516/516/516 517/517/517
f 522/522/522 521/521/521 520/520/520
f 523/523/523 520/520/520 521/521/521
f 526/526/526 525/525/525 524/524/524
f 527/527/527 524/524/524 525/525/525
f 524/524/524 527/527/527 528/528/528
f 529/529/529 528/528/528 527/527/527
f 532/532/532 531/531/531 530/530/530
f 533/533/533 530/530/530 531/531/531
f 536/536/536 535/535/535 534/534/534
f 537/537/537 534/534/534 535/535/535
f 540/540/540 539/539/539 538/538/538
f 541/541/541 538/538/538 539/539/539
f 539/539/539 542/542/542 541/541/541
f 543/543/543 541/541/541 542/542/542
f 546/546/546 545/545/545 544/544/544
f 547/547/547 544/544/544 545/545/545
f 550/550/550 549/549/549 548/548/548
f 548/548/548 549/549/549 551/551/551
f 551/551/551 549/549/549 552/552/552
f 552/552/552 549/549/549 553/553/553
f 554/554/554 553/553/553 549/549/549
f 554/554/554 555/555/555 553/553/553
f 555/555/555 556/556/556 553/553/553
f 557/557/557 555/555/555 554/554/554
f 560/560/560 559/559/559 558/558/558
f 561/561/561 558/558/558 559/559/559
f 564/564/564 563/563/563 562/562/562
f 565/565/565 562/562/562 563/563/563
f 568/568/568 567/567/567 566/566/566
f 569/569/569 566/566/566 567/567/567
f 572/572/572 571/571/571 570/570/570
f 573/573/573 570/570/570 571/571/571
f 576/576/576 575/575/575 574/574/574
f 577/577/577 574/574/574 575/575/575
f 577/577/577 578/578/578 574/574/574
f 578/578/578 577/577/577 579/579/579
f 580/580/580 579/579/579 577/577/577
f 583/583/583 582/582/582 581/581/581
f 584/584/584 581/581/581 582/582/582
f 587/587/587 586/586/586 585/585/585
f 588/588/588 585/585/585 586/586/586
f 591/591/591 590/590/590 589/589/589
f 592/592/592 589/589/589 590/590/590
f 592/592/592 590/590/590 593/593/593
f 594/594/594 593/593/593 590/590/590
f 594/594/594 595/595/595 593/593/593
f 593/593/593 595/595/595 596/596/596
f 597/597/597 596/596/596 595/595/595
f 600/600/600 599/599/599 598/598/598
f 601/601/601 598/598/598 599/599/599
f 604/604/604 603/603/603 602/602/602
f 605/605/605 602/602/602 603/603/603
f 608/608/608 607/607/607 606/606/606
f 609/609/609 606/606/606 607/607/607
f 612/612/612 611/611/611 610/610/610
f 613/613/613 610/610/610 611/611/611
f 616/616/616 615/615/615 614/614/614
f 617/617/617 614/614/614 615/615/615
f 620/620/620 619/619/619 618/618/618
f 621/621/621 618/618/618 619/619/619
f 624/624/624 623/623/623 622/622/622
f 625/625/625 622/622/622 623/623/623
f 628/628/628 627/627/627 626/626/626
f 629/629/629 626/626/626 627/627/627
f 632/632/632 631/631/631 630/630/630
f 633/633/633 630/630/630 631/631/631
f 636/636/636 635/635/635 634/634/634
f 637/637/637 634/634/634 635/635/635
f 635/635/635 638/638/638 637/637/637
f 639/639/639 637/637/637 638/638/638
f 642/642/642 641/641/641 640/640/640
f 643/643/643 640/640/640 641/641/641
f 646/646/646 645/645/645 644/644/644
f 647/647/647 644/644/644 645/645/645
f 650/650/650 649/649/649 648/648/648
f 651/651/651 648/648/648 649/649/649
f 648/648/648 651/651/651 652/652/652
f 653/653/653 652/652/652 651/651/651
f 656/656/656 655/655/655 654/654/654
f 657/657/657 654/654/654 655/655/655
f 660/660/660 659/659/659 658/658/658
f 661/661/661 658/658/658 659/659/659
f 664/664/664 663/663/663 662/662/662
f 665/665/665 662/662/662 663/663/663
f 668/668/668 667/667/667 666/666/666
f 669/669/669 666/666/666 667/667/667
f 672/672/672 671/671/671 670/670/670
f 673/673/673 670/670/670 671/671/671
f 676/676/676 675/675/675 674/674/674
f 677/677/677 674/674/674 675/675/675
f 678/678/678 677/677/677 675/675/675
f 678/678/678 679/679/679 677/677/677
f 680/680/680 677/677/677 679/679/679
f 683/683/683 682/682/682 681/681/681
f 684/684/684 681/681/681 682/682/682
f 687/687/687 686/686/686 685/685/685
f 688/688/688 685/685/685 686/686/686
f 691/691/691 690/690/690 689/689/689
f 692/692/692 689/689/689 690/690/690
f 692/692/692 693/693/693 689/689/689
f 694/694/694 689/689/689 693/693/693
f 695/695/695 694/694/694 693/693/693
f 693/693/693 696/696/696 695/695/695
f 697/697/697 695/695/695 696/696/696
f 700/700/700 699/699/699 698/698/698
f 701/701/701 698/698/698 699/699/699
f 704/704/704 703/703/703 702/702/702
f 705/705/705 702/702/702 703/703/703
f 708/708/708 707/707/707 706/706/706
f 709/709/709 706/706/706 707/707/707
f 712/712/712 711/711/711 710/710/710
f 713/713/713 710/710/710 711/711/711
f 716/716/716 715/715/715 714/714/714
f 717/717/717 714/714/714 715/715/715
f 720/720/720 719/719/719 718/718/718
f 721/721/721 718/718/718 719/719/719
f 724/724/724 723/723/723 722/722/722
f 722/722/722 723/723/723 725/725/725
f 723/723/723 726/726/726 725/725/725
f 725/725/725 727/727/727 722/722/722
f 728/728/728 722/722/722 727/727/727
f 727/727/727 729/729/729 728/728/728
f 730/730/730 729/729/729 727/727/727
f 731/731/731 730/730/730 727/727/727
f 734/734/734 733/733/733 732/732/732
f 735/735/735 732/732/732 733/733/733
f 738/738/738 737/737/737 736/736/736
f 739/739/739 736/736/736 737/737/737
f 742/742/742 741/741/741 740/740/740
f 743/743/743 740/740/740 741/741/741
f 746/746/746 745/745/745 744/744/744
f 747/747/747 744/744/744 745/745/745
f 750/750/750 749/749/749 748/748/748
f 751/751/751 748/748/748 749/749/749
f 754/754/754 753/753/753 752/752/752
f 755/755/755 752/752/752 753/753/753
f 758/758/758 757/757/757 756/756/756
f 759/759/759 756/756/756 757/757/757
f 762/762/762 761/761/761 760/760/760
f 763/763/763 760/760/760 761/761/761
f 766/766/766 765/765/765 764/764/764
f 767/767/767 764/764/764 765/765/765
f 770/770/770 769/769/769 768/768/768
f 771/771/771 768/768/768 769/769/769
f 774/774/774 773/773/773 772/772/772
f 775/775/775 772/772/772 773/773/773
f 778/778/778 777/777/777 776/776/776
f 779/779/779 776/776/776 777/777/777
f 782/782/782 781/781/781 780/780/780
f 783/783/783 780/780/780 781/781/781
f 786/786/786 785/785/785 784/784/784
f 787/787/787 784/784/784 785/785/785
f 790/790/790 789/789/789 788/788/788
f 791/791/791 788/788/788 789/789/789
f 794/794/794 793/793/793 792/792/792
f 795/795/795 792/792/792 793/793/793
f 798/798/798 797/797/797 796/796/796
f 799/799/799 796/796/796 797/797/797
f 802/802/802 801/801/801 800/800/800
f 803/803/803 800/800/800 801/801/801
f 806/806/806 805/805/805 804/804/804
f 807/807/807 804/804/804 805/805/805
f 810/810/810 809/809/809 808/808/808
f 811/811/811 808/808/808 809/809/809
f 814/814/814 813/813/813 812/812/812
f 815/815/815 812/812/812 813/813/813
f 813/813/813 816/816/816 815/815/815
f 817/817/817 815/815/815 816/816/816
f 820/820/820 819/819/819 818/818/818
f 821/821/821 818/818/818 819/819/819
f 824/824/824 823/823/823 822/822/822
f 825/825/825 822/822/822 823/823/823
f 823/823/823 826/826/826 825/825/825
f 827/827/827 825/825/825 826/826/826
f 830/830/830 829/829/829 828/828/828
f 831/831/831 828/828/828 829/829/829
f 834/834/834 833/833/833 832/832/832
f 833/833/833 835/835/835 832/832/832
f 832/832/832 835/835/835 836/836/836
f 837/837/837 835/835/835 833/833/833
f 840/840/840 839/839/839 838/838/838
f 841/841/841 838/838/838 839/839/839
f 838/838/838 841/841/841 842/842/842
f 843/843/843 842/842/842 841/841/841
f 846/846/846 845/845/845 844/844/844
f 847/847/847 844/844/844 845/845/845
f 850/850/850 849/849/849 848/848/848
f 851/851/851 848/848/848 849/849/849
f 848/848/848 851/851/851 852/852/852
f 853/853/853 852/852/852 851/851/851
f 856/856/856 855/855/855 854/854/854
f 857/857/857 854/854/854 855/855/855
f 860/860/860 859/859/859 858/858/858
f 861/861/861 858/858/858 859/859/859
f 859/859/859 862/862/862 861/861/861
f 863/863/863 861/861/861 862/862/862
f 866/866/866 865/865/865 864/864/864
f 867/867/867 864/864/864 865/865/865
f 870/870/870 869/869/869 868/868/868
f 871/871/871 868/868/868 869/869/869
f 869/869/869 872/872/872 871/871/871
f 873/873/873 871/871/871 872/872/872
f 876/876/876 875/875/875 874/874/874
f 877/877/877 874/874/874 875/875/875
f 880/880/880 879/879/879 878/878/878
f 879/879/879 881/881/881 878/878/878
f 878/878/878 881/881/881 882/882/882
f 883/883/883 881/881/881 879/879/879
f 886/886/886 885/885/885 884/884/884
f 887/887/887 884/884/884 885/885/885
f 884/884/884 887/887/887 888/888/888
f 889/889/889 888/888/888 887/887/887
f 892/892/892 891/891/891 890/890/890
f 893/893/893 890/890/890 891/891/891
f 896/896/896 895/895/895 894/894/894
f 897/897/897 894/894/894 895/895/895
f 894/894/894 897/897/897 898/898/898
f 899/899/899 898/898/898 897/897/897
f 902/902/902 901/901/901 900/900/900
f 903/903/903 900/900/900 901/901/901
f 906/906/906 905/905/905 904/904/904
f 907/907/907 904/904/904 905/905/905
f 907/907/907 905/905/905 908/908/908
f 909/909/909 908/908/908 905/905/905
f 912/912/912 911/911/911 910/910/910
f 913/913/913 910/910/910 911/911/911
f 911/911/911 914/914/914 913/913/913
f 915/915/915 913/913/913 914/914/914
f 914/914/914 916/916/916 915/915/915
f 917/917/917 915/915/915 916/916/916
f 917/917/917 916/916/916 918/918/918
f 919/919/919 918/918/918 916/916/916
f 918/918/918 919/919/919 920/920/920
f 921/921/921 920/920/920 919/919/919
f 920/920/920 921/921/921 922/922/922
f 923/923/923 922/922/922 921/921/921
f 926/926/926 925/925/925 924/924/924
f 927/927/927 924/924/924 925/925/925
f 930/930/930 929/929/929 928/928/928
f 930/930/930 931/931/931 929/929/929
f 934/934/934 933/933/933 932/932/932
f 935/935/935 932/932/932 933/933/933
f 933/933/933 936/936/936 935/935/935
f 937/937/937 935/935/935 936/936/936
f 936/936/936 938/938/938 937/937/937
f 939/939/939 937/937/937 938/938/938
f 939/939/939 938/938/938 940/940/940
f 941/941/941 940/940/940 938/938/938
f 940/940/940 941/941/941 942/942/942
f 943/943/943 942/942/942 941/941/941
f 942/942/942 943/943/943 944/944/944
f 945/945/945 944/944/944 943/943/943
f 948/948/948 947/947/947 946/946/946
f 948/948/948 949/949/949 947/947/947
f 950/950/950 947/947/947 949/949/949
f 950/950/950 949/949/949 951/951/951
f 952/952/952 951/951/951 949/949/949
f 952/952/952 953/953/953 951/951/951
f 954/954/954 951/951/951 953/953/953
f 954/954/954 953/953/953 955/955/955
f 956/956/956 955/955/955 953/953/953
f 955/955/955 956/956/956 957/957/957
f 958/958/958 957/957/957 956/956/956
f 960/960/960 958/958/958 959/959/959
f 961/961/961 959/959/959 958/958/958
f 964/964/964 963/963/963 962/962/962
f 965/965/965 962/962/962 963/963/963
f 968/968/968 967/967/967 966/966/966
f 969/969/969 967/967/967 968/968/968
f 972/972/972 971/971/971 970/970/970
f 973/973/973 971/971/971 972/972/972
f 974/974/974 973/973/973 972/972/972
f 974/974/974 975/975/975 973/973/973
f 976/976/976 973/973/973 975/975/975
f 976/976/976 975/975/975 977/977/977
f 978/978/978 977/977/977 975/975/975
f 978/978/978 979/979/979 977/977/977
f 980/980/980 977/977/977 979/979/979
f 979/979/979 981/981/981 980/980/980
f 982/982/982 980/980/980 981/981/981
f 984/984/984 983/983/983 982/982/982
f 985/985/985 982/982/982 983/983/983
f 988/988/988 987/987/987 986/986/986
f 989/989/989 986/986/986 987/987/987
f 987/987/987 990/990/990 989/989/989
f 991/991/991 989/989/989 990/990/990
f 990/990/990 992/992/992 991/991/991
f 993/993/993 991/991/991 992/992/992
f 993/993/993 992/992/992 994/994/994
f 995/995/995 994/994/994 992/992/992
f 994/994/994 995/995/995 996/996/996
f 997/997/997 996/996/996 995/995/995
f 996/996/996 997/997/997 998/998/998
f 999/999/999 998/998/998 997/997/997
f 1002/1002/1002 1001/1001/1001 1000/1000/1000
f 1003/1003/1003 1002/1002/1002 1000/1000/1000
f 1004/1004/1004 1003/1003/1003 1000/1000/1000
f 1001/1001/1001 1005/1005/1005 1000/1000/1000
f 1006/1006/1006 1005/1005/1005 1001/1001/1001
f 1005/1005/1005 1006/1006/1006 1007/1007/1007
f 1007/1007/1007 1008/1008/1008 1005/1005/1005
f 1009/1009/1009 1005/1005/1005 1008/1008/1008
f 1009/1009/1009 1008/1008/1008 1010/1010/1010
f 1009/1009/1009 1010/1010/1010 1011/1011/1011
f 1011/1011/1011 1012/1012/1012 1009/1009/1009
f 1013/1013/1013 1009/1009/1009 1012/1012/1012
f 1013/1013/1013 1012/1012/1012 1014/1014/1014
f 1013/1013/1013 1014/1014/1014 1015/1015/1015
f 1014/1014/1014 1004/1004/1004 1016/1016/1016
f 1016/1016/1016 1015/1015/1015 1014/1014/1014
f 1017/1017/1017 1016/1016/1016 1004/1004/1004
f 1004/1004/1004 1000/1000/1000 1017/1017/1017
f 1018/1018/1018 1015/1015/1015 1016/1016/1016
f 1017/1017/1017 1000/1000/1000 1019/1019/1019
f 1019/1019/1019 1000/1000/1000 1020/1020/1020
f 1020/1020/1020 1000/1000/1000 1021/1021/1021
f 1021/1021/1021 1000/1000/1000 1022/1022/1022
f 1023/1023/1023 1021/1021/1021 1022/1022/1022
f 1024/1024/1024 1023/1023/1023 1022/1022/1022
f 1025/1025/1025 1024/1024/1024 1022/1022/1022
f 1025/1025/1025 1022/1022/1022 1026/1026/1026
f 1027/1027/1027 1026/1026/1026 1022/1022/1022
f 1028/1028/1028 1015/1015/1015 1018/1018/1018
f 1028/1028/1028 1027/1027/1027 1029/1029/1029
f 1029/1029/1029 1015/1015/1015 1028/1028/1028
f 1030/1030/1030 1029/1029/1029 1027/1027/1027
f 1030/1030/1030 1027/1027/1027 1022/1022/1022
f 1031/1031/1031 1015/1015/1015 1029/1029/1029
f 1032/1032/1032 1030/1030/1030 1022/1022/1022
f 1015/1015/1015 1031/1031/1031 1033/1033/1033
f 1034/1034/1034 1032/1032/1032 1022/1022/1022
f 1035/1035/1035 1034/1034/1034 1022/1022/1022
f 1035/1035/1035 1022/1022/1022 1036/1036/1036
f 1037/1037/1037 1036/1036/1036 1022/1022/1022
f 1037/1037/1037 1022/1022/1022 1038/1038/1038
f 1039/1039/1039 1037/1037/1037 1038/1038/1038
f 1040/1040/1040 1039/1039/1039 1038/1038/1038
f 1015/1015/1015 1033/1033/1033 1041/1041/1041
f 1040/1040/1040 1038/1038/1038 1042/1042/1042
f 1033/1033/1033 1042/1042/1042 1043/1043/1043
f 1043/1043/1043 1041/1041/1041 1033/1033/1033
f 1044/1044/1044 1043/1043/1043 1042/1042/1042
f 1042/1042/1042 1038/1038/1038 1044/1044/1044
f 1041/1041/1041 1043/1043/1043 1045/1045/1045
f 1045/1045/1045 1046/1046/1046 1041/1041/1041
f 1038/1038/1038 1047/1047/1047 1044/1044/1044
f 1038/1038/1038 1048/1048/1048 1047/1047/1047
f 1038/1038/1038 1049/1049/1049 1048/1048/1048
f 1050/1050/1050 1041/1041/1041 1046/1046/1046
f 1050/1050/1050 1046/1046/1046 1051/1051/1051
f 1051/1051/1051 1052/1052/1052 1050/1050/1050
f 1038/1038/1038 1053/1053/1053 1049/1049/1049
f 1050/1050/1050 1052/1052/1052 1053/1053/1053
f 1053/1053/1053 1054/1054/1054 1049/1049/1049
f 1055/1055/1055 1053/1053/1053 1052/1052/1052
f 1055/1055/1055 1054/1054/1054 1053/1053/1053
f 1058/1058/1058 1057/1057/1057 1056/1056/1056
f 1056/1056/1056 1057/1057/1057 1059/1059/1059
f 1060/1060/1060 1057/1057/1057 1058/1058/1058
f 1059/1059/1059 1057/1057/1057 1061/1061/1061
f 1062/1062/1062 1057/1057/1057 1060/1060/1060
f 1061/1061/1061 1057/1057/1057 1063/1063/1063
f 1064/1064/1064 1057/1057/1057 1062/1062/1062
f 1063/1063/1063 1057/1057/1057 1065/1065/1065
f 1066/1066/1066 1057/1057/1057 1064/1064/1064
f 1065/1065/1065 1057/1057/1057 1067/1067/1067
f 1068/1068/1068 1057/1057/1057 1066/1066/1066
f 1067/1067/1067 1057/1057/1057 1069/1069/1069
f 1070/1070/1070 1057/1057/1057 1068/1068/1068
f 1069/1069/1069 1057/1057/1057 1071/1071/1071
f 1057/1057/1057 1070/1070/1070 1072/1072/1072
f 1071/1071/1071 1057/1057/1057 1073/1073/1073
f 1057/1057/1057 1072/1072/1072 1074/1074/1074
f 1073/1073/1073 1057/1057/1057 1075/1075/1075
f 1057/1057/1057 1074/1074/1074 1076/1076/1076
f 1057/1057/1057 1077/1077/1077 1075/1075/1075
f 1057/1057/1057 1076/1076/1076 1078/1078/1078
f 1057/1057/1057 1079/1079/1079 1077/1077/1077
f 1057/1057/1057 1078/1078/1078 1080/1080/1080
f 1057/1057/1057 1081/1081/1081 1079/1079/1079
f 1057/1057/1057 1080/1080/1080 1082/1082/1082
f 1057/1057/1057 1083/1083/1083 1081/1081/1081
f 1057/1057/1057 1082/1082/1082 1084/1084/1084
f 1057/1057/1057 1085/1085/1085 1083/1083/1083
f 1057/1057/1057 1084/1084/1084 1086/1086/1086
f 1057/1057/1057 1087/1087/1087 1085/1085/1085
f 1057/1057/1057 1086/1086/1086 1088/1088/1088
f 1057/1057/1057 1088/1088/1088 1087/1087/1087
f 1091/1091/1091 1090/1090/1090 1089/1089/1089
f 1091/1091/1091 1089/1089/1089 1092/1092/1092
f 1091/1091/1091 1093/1093/1093 1090/1090/1090
f 1091/1091/1091 1092/1092/1092 1094/1094/1094
f 1091/1091/1091 1094/1094/1094 1093/1093/1093
f 1097/1097/1097 1096/1096/1096 1095/1095/1095
f 1097/1097/1097 1095/1095/1095 1098/1098/1098
f 1097/1097/1097 1099/1099/1099 1096/1096/1096
f 1097/1097/1097 1098/1098/1098 1100/1100/1100
f 1097/1097/1097 1100/1100/1100 1099/1099/1099
f 1103/1103/1103 1102/1102/1102 1101/1101/1101
f 1104/1104/1104 1101/1101/1101 1102/1102/1102
f 1102/1102/1102 1103/1103/1103 1105/1105/1105
f 1101/1101/1101 1104/1104/1104 1106/1106/1106
f 1107/1107/1107 1105/1105/1105 1103/1103/1103
f 1108/1108/1108 1106/1106/1106 1104/1104/1104
f 1105/1105/1105 1107/1107/1107 1108/1108/1108
f 1106/1106/1106 1108/1108/1108 1107/1107/1107
f 1111/1111/1111 1110/1110/1110 1109/1109/1109
f 1112/1112/1112 1109/1109/1109 1110/1110/1110
f 1109/1109/1109 1113/1113/1113 1111/1111/1111
f 1110/1110/1110 1114/1114/1114 1112/1112/1112
f 1115/1115/1115 1111/1111/1111 1113/1113/1113
f 1116/1116/1116 1112/1112/1112 1114/1114/1114
f 1113/1113/1113 1116/1116/1116 1115/1115/1115
f 1114/1114/1114 1115/1115/1115 1116/1116/1116
g Ariz_gun_cal356х4_001_1
f 1119/1119/1119 1118/1118/1118 1117/1117/1117
f 1120/1120/1120 1117/1117/1117 1118/1118/1118
f 1118/1118/1118 1121/1121/1121 1120/1120/1120
f 1122/1122/1122 1120/1120/1120 1121/1121/1121
f 1121/1121/1121 1123/1123/1123 1122/1122/1122
f 1124/1124/1124 1122/1122/1122 1123/1123/1123
f 1123/1123/1123 1125/1125/1125 1124/1124/1124
f 1126/1126/1126 1124/1124/1124 1125/1125/1125
f 1129/1129/1129 1128/1128/1128 1127/1127/1127
f 1130/1130/1130 1127/1127/1127 1128/1128/1128
f 1128/1128/1128 1131/1131/1131 1130/1130/1130
f 1132/1132/1132 1130/1130/1130 1131/1131/1131
f 1131/1131/1131 1133/1133/1133 1132/1132/1132
f 1134/1134/1134 1132/1132/1132 1133/1133/1133
f 1133/1133/1133 1135/1135/1135 1134/1134/1134
f 1136/1136/1136 1134/1134/1134 1135/1135/1135
f 1139/1139/1139 1138/1138/1138 1137/1137/1137
f 1140/1140/1140 1137/1137/1137 1138/1138/1138
f 1138/1138/1138 1141/1141/1141 1140/1140/1140
f 1142/1142/1142 1140/1140/1140 1141/1141/1141
f 1141/1141/1141 1143/1143/1143 1142/1142/1142
f 1144/1144/1144 1142/1142/1142 1143/1143/1143
f 1143/1143/1143 1145/1145/1145 1144/1144/1144
f 1146/1146/1146 1144/1144/1144 1145/1145/1145
f 1149/1149/1149 1148/1148/1148 1147/1147/1147
f 1150/1150/1150 1147/1147/1147 1148/1148/1148
f 1148/1148/1148 1151/1151/1151 1150/1150/1150
f 1152/1152/1152 1150/1150/1150 1151/1151/1151
f 1151/1151/1151 1153/1153/1153 1152/1152/1152
f 1154/1154/1154 1152/1152/1152 1153/1153/1153
f 1153/1153/1153 1155/1155/1155 1154/1154/1154
f 1156/1156/1156 1154/1154/1154 1155/1155/1155
g Ariz_gun_cal356х4_001_2
f 1159/1159/1159 1158/1158/1158 1157/1157/1157
f 1160/1160/1160 1157/1157/1157 1158/1158/1158
f 1158/1158/1158 1161/1161/1161 1160/1160/1160
f 1162/1162/1162 1160/1160/1160 1161/1161/1161
f 1161/1161/1161 1163/1163/1163 1162/1162/1162
f 1164/1164/1164 1162/1162/1162 1163/1163/1163
f 1163/1163/1163 1165/1165/1165 1164/1164/1164
f 1166/1166/1166 1164/1164/1164 1165/1165/1165
f 1165/1165/1165 1167/1167/1167 1166/1166/1166
f 1168/1168/1168 1166/1166/1166 1167/1167/1167
f 1167/1167/1167 1169/1169/1169 1168/1168/1168
f 1170/1170/1170 1168/1168/1168 1169/1169/1169
f 1173/1173/1173 1172/1172/1172 1171/1171/1171
f 1174/1174/1174 1171/1171/1171 1172/1172/1172
f 1172/1172/1172 1175/1175/1175 1174/1174/1174
f 1176/1176/1176 1174/1174/1174 1175/1175/1175
f 1175/1175/1175 1177/1177/1177 1176/1176/1176
f 1178/1178/1178 1176/1176/1176 1177/1177/1177
f 1177/1177/1177 1179/1179/1179 1178/1178/1178
f 1180/1180/1180 1178/1178/1178 1179/1179/1179
f 1179/1179/1179 1181/1181/1181 1180/1180/1180
f 1182/1182/1182 1180/1180/1180 1181/1181/1181
f 1181/1181/1181 1183/1183/1183 1182/1182/1182
f 1184/1184/1184 1182/1182/1182 1183/1183/1183
f 1187/1187/1187 1186/1186/1186 1185/1185/1185
f 1188/1188/1188 1185/1185/1185 1186/1186/1186
f 1186/1186/1186 1189/1189/1189 1188/1188/1188
f 1190/1190/1190 1188/1188/1188 1189/1189/1189
f 1189/1189/1189 1191/1191/1191 1190/1190/1190
f 1192/1192/1192 1190/1190/1190 1191/1191/1191
f 1191/1191/1191 1193/1193/1193 1192/1192/1192
f 1194/1194/1194 1192/1192/1192 1193/1193/1193
f 1193/1193/1193 1195/1195/1195 1194/1194/1194
f 1196/1196/1196 1194/1194/1194 1195/1195/1195
f 1195/1195/1195 1197/1197/1197 1196/1196/1196
f 1198/1198/1198 1196/1196/1196 1197/1197/1197
f 1201/1201/1201 1200/1200/1200 1199/1199/1199
f 1202/1202/1202 1199/1199/1199 1200/1200/1200
f 1200/1200/1200 1203/1203/1203 1202/1202/1202
f 1204/1204/1204 1202/1202/1202 1203/1203/1203
f 1203/1203/1203 1205/1205/1205 1204/1204/1204
f 1206/1206/1206 1204/1204/1204 1205/1205/1205
f 1205/1205/1205 1207/1207/1207 1206/1206/1206
f 1208/1208/1208 1206/1206/1206 1207/1207/1207
f 1207/1207/1207 1209/1209/1209 1208/1208/1208
f 1210/1210/1210 1208/1208/1208 1209/1209/1209
f 1209/1209/1209 1211/1211/1211 1210/1210/1210
f 1212/1212/1212 1210/1210/1210 1211/1211/1211
f 1215/1215/1215 1214/1214/1214 1213/1213/1213
f 1216/1216/1216 1213/1213/1213 1214/1214/1214
f 1214/1214/1214 1217/1217/1217 1216/1216/1216
f 1218/1218/1218 1216/1216/1216 1217/1217/1217
f 1217/1217/1217 1219/1219/1219 1218/1218/1218
f 1220/1220/1220 1218/1218/1218 1219/1219/1219
f 1219/1219/1219 1221/1221/1221 1220/1220/1220
f 1222/1222/1222 1220/1220/1220 1221/1221/1221
f 1221/1221/1221 1223/1223/1223 1222/1222/1222
f 1224/1224/1224 1222/1222/1222 1223/1223/1223
f 1223/1223/1223 1225/1225/1225 1224/1224/1224
f 1226/1226/1226 1224/1224/1224 1225/1225/1225
f 1229/1229/1229 1228/1228/1228 1227/1227/1227
f 1230/1230/1230 1227/1227/1227 1228/1228/1228
f 1228/1228/1228 1231/1231/1231 1230/1230/1230
f 1232/1232/1232 1230/1230/1230 1231/1231/1231
f 1231/1231/1231 1233/1233/1233 1232/1232/1232
f 1234/1234/1234 1232/1232/1232 1233/1233/1233
f 1233/1233/1233 1235/1235/1235 1234/1234/1234
f 1236/1236/1236 1234/1234/1234 1235/1235/1235
f 1235/1235/1235 1237/1237/1237 1236/1236/1236
f 1238/1238/1238 1236/1236/1236 1237/1237/1237
f 1237/1237/1237 1239/1239/1239 1238/1238/1238
f 1240/1240/1240 1238/1238/1238 1239/1239/1239
f 1243/1243/1243 1242/1242/1242 1241/1241/1241
f 1244/1244/1244 1241/1241/1241 1242/1242/1242
f 1242/1242/1242 1245/1245/1245 1244/1244/1244
f 1246/1246/1246 1244/1244/1244 1245/1245/1245
f 1245/1245/1245 1247/1247/1247 1246/1246/1246
f 1248/1248/1248 1246/1246/1246 1247/1247/1247
f 1247/1247/1247 1249/1249/1249 1248/1248/1248
f 1250/1250/1250 1248/1248/1248 1249/1249/1249
f 1249/1249/1249 1251/1251/1251 1250/1250/1250
f 1252/1252/1252 1250/1250/1250 1251/1251/1251
f 1251/1251/1251 1253/1253/1253 1252/1252/1252
f 1254/1254/1254 1252/1252/1252 1253/1253/1253
f 1257/1257/1257 1256/1256/1256 1255/1255/1255
f 1258/1258/1258 1255/1255/1255 1256/1256/1256
f 1256/1256/1256 1259/1259/1259 1258/1258/1258
f 1260/1260/1260 1258/1258/1258 1259/1259/1259
f 1259/1259/1259 1261/1261/1261 1260/1260/1260
f 1262/1262/1262 1260/1260/1260 1261/1261/1261
f 1261/1261/1261 1263/1263/1263 1262/1262/1262
f 1264/1264/1264 1262/1262/1262 1263/1263/1263
f 1263/1263/1263 1265/1265/1265 1264/1264/1264
f 1266/1266/1266 1264/1264/1264 1265/1265/1265
f 1265/1265/1265 1267/1267/1267 1266/1266/1266
f 1268/1268/1268 1266/1266/1266 1267/1267/1267
f 1271/1271/1271 1270/1270/1270 1269/1269/1269
f 1272/1272/1272 1269/1269/1269 1270/1270/1270
f 1270/1270/1270 1273/1273/1273 1272/1272/1272
f 1274/1274/1274 1272/1272/1272 1273/1273/1273
f 1273/1273/1273 1275/1275/1275 1274/1274/1274
f 1276/1276/1276 1274/1274/1274 1275/1275/1275
f 1275/1275/1275 1277/1277/1277 1276/1276/1276
f 1278/1278/1278 1276/1276/1276 1277/1277/1277
f 1277/1277/1277 1279/1279/1279 1278/1278/1278
f 1280/1280/1280 1278/1278/1278 1279/1279/1279
f 1279/1279/1279 1281/1281/1281 1280/1280/1280
f 1282/1282/1282 1280/1280/1280 1281/1281/1281
f 1285/1285/1285 1284/1284/1284 1283/1283/1283
f 1286/1286/1286 1283/1283/1283 1284/1284/1284
f 1284/1284/1284 1287/1287/1287 1286/1286/1286
f 1288/1288/1288 1286/1286/1286 1287/1287/1287
f 1287/1287/1287 1289/1289/1289 1288/1288/1288
f 1290/1290/1290 1288/1288/1288 1289/1289/1289
f 1289/1289/1289 1291/1291/1291 1290/1290/1290
f 1292/1292/1292 1290/1290/1290 1291/1291/1291
f 1291/1291/1291 1293/1293/1293 1292/1292/1292
f 1294/1294/1294 1292/1292/1292 1293/1293/1293
f 1293/1293/1293 1295/1295/1295 1294/1294/1294
f 1296/1296/1296 1294/1294/1294 1295/1295/1295
f 1299/1299/1299 1298/1298/1298 1297/1297/1297
f 1300/1300/1300 1297/1297/1297 1298/1298/1298
f 1298/1298/1298 1301/1301/1301 1300/1300/1300
f 1302/1302/1302 1300/1300/1300 1301/1301/1301
f 1301/1301/1301 1303/1303/1303 1302/1302/1302
f 1304/1304/1304 1302/1302/1302 1303/1303/1303
f 1303/1303/1303 1305/1305/1305 1304/1304/1304
f 1306/1306/1306 1304/1304/1304 1305/1305/1305
f 1305/1305/1305 1307/1307/1307 1306/1306/1306
f 1308/1308/1308 1306/1306/1306 1307/1307/1307
f 1307/1307/1307 1309/1309/1309 1308/1308/1308
f 1310/1310/1310 1308/1308/1308 1309/1309/1309
f 1313/1313/1313 1312/1312/1312 1311/1311/1311
f 1314/1314/1314 1311/1311/1311 1312/1312/1312
f 1312/1312/1312 1315/1315/1315 1314/1314/1314
f 1316/1316/1316 1314/1314/1314 1315/1315/1315
f 1315/1315/1315 1317/1317/1317 1316/1316/1316
f 1318/1318/1318 1316/1316/1316 1317/1317/1317
f 1317/1317/1317 1319/1319/1319 1318/1318/1318
f 1320/1320/1320 1318/1318/1318 1319/1319/1319
f 1319/1319/1319 1321/1321/1321 1320/1320/1320
f 1322/1322/1322 1320/1320/1320 1321/1321/1321
f 1321/1321/1321 1323/1323/1323 1322/1322/1322
f 1324/1324/1324 1322/1322/1322 1323/1323/1323
f 910/910/910 913/913/913 1325/1325/1325
f 1326/1326/1326 1325/1325/1325 913/913/913
f 913/913/913 915/915/915 1326/1326/1326
f 1325/1325/1325 1326/1326/1326 1327/1327/1327
f 1328/1328/1328 1326/1326/1326 915/915/915
f 915/915/915 917/917/917 1328/1328/1328
f 1329/1329/1329 1327/1327/1327 1326/1326/1326
f 1326/1326/1326 1328/1328/1328 1329/1329/1329
f 1327/1327/1327 1329/1329/1329 1330/1330/1330
f 1331/1331/1331 1330/1330/1330 1329/1329/1329
f 1330/1330/1330 1331/1331/1331 1332/1332/1332
f 1333/1333/1333 1329/1329/1329 1328/1328/1328
f 1329/1329/1329 1333/1333/1333 1331/1331/1331
f 1334/1334/1334 1328/1328/1328 917/917/917
f 1328/1328/1328 1334/1334/1334 1333/1333/1333
f 1335/1335/1335 1332/1332/1332 1331/1331/1331
f 1332/1332/1332 1335/1335/1335 988/988/988
f 987/987/987 988/988/988 1335/1335/1335
f 1336/1336/1336 1331/1331/1331 1333/1333/1333
f 1331/1331/1331 1336/1336/1336 1335/1335/1335
f 1335/1335/1335 1337/1337/1337 987/987/987
f 1337/1337/1337 1335/1335/1335 1336/1336/1336
f 990/990/990 987/987/987 1337/1337/1337
f 1333/1333/1333 1338/1338/1338 1336/1336/1336
f 1338/1338/1338 1333/1333/1333 1334/1334/1334
f 1334/1334/1334 917/917/917 1339/1339/1339
f 918/918/918 1339/1339/1339 917/917/917
f 1337/1337/1337 1340/1340/1340 990/990/990
f 992/992/992 990/990/990 1340/1340/1340
f 992/992/992 1340/1340/1340 995/995/995
f 1336/1336/1336 1341/1341/1341 1337/1337/1337
f 1340/1340/1340 1337/1337/1337 1341/1341/1341
f 1341/1341/1341 1336/1336/1336 1338/1338/1338
f 1342/1342/1342 995/995/995 1340/1340/1340
f 1340/1340/1340 1341/1341/1341 1342/1342/1342
f 995/995/995 1342/1342/1342 997/997/997
f 1338/1338/1338 1334/1334/1334 1343/1343/1343
f 1339/1339/1339 1343/1343/1343 1334/1334/1334
f 1341/1341/1341 1338/1338/1338 1344/1344/1344
f 1344/1344/1344 1342/1342/1342 1341/1341/1341
f 1343/1343/1343 1344/1344/1344 1338/1338/1338
f 1345/1345/1345 997/997/997 1342/1342/1342
f 1342/1342/1342 1344/1344/1344 1345/1345/1345
f 997/997/997 1345/1345/1345 999/999/999
f 1346/1346/1346 999/999/999 1345/1345/1345
f 1347/1347/1347 1345/1345/1345 1344/1344/1344
f 1345/1345/1345 1347/1347/1347 1346/1346/1346
f 1344/1344/1344 1343/1343/1343 1347/1347/1347
f 1348/1348/1348 1346/1346/1346 1347/1347/1347
f 1349/1349/1349 1347/1347/1347 1343/1343/1343
f 1347/1347/1347 1349/1349/1349 1348/1348/1348
f 1343/1343/1343 1339/1339/1339 1349/1349/1349
f 1350/1350/1350 1348/1348/1348 1349/1349/1349
f 1351/1351/1351 1349/1349/1349 1339/1339/1339
f 1349/1349/1349 1351/1351/1351 1350/1350/1350
f 1339/1339/1339 918/918/918 1351/1351/1351
f 1352/1352/1352 1350/1350/1350 1351/1351/1351
f 920/920/920 1351/1351/1351 918/918/918
f 1351/1351/1351 920/920/920 1352/1352/1352
f 922/922/922 1352/1352/1352 920/920/920
g Ariz_gun_cal356х4_001_3
f 1355/1355/1355 1354/1354/1354 1353/1353/1353
f 1356/1356/1356 1353/1353/1353 1354/1354/1354
f 1354/1354/1354 1357/1357/1357 1356/1356/1356
f 1358/1358/1358 1356/1356/1356 1357/1357/1357
f 1361/1361/1361 1360/1360/1360 1359/1359/1359
f 1362/1362/1362 1359/1359/1359 1360/1360/1360
f 1360/1360/1360 1363/1363/1363 1362/1362/1362
f 1364/1364/1364 1362/1362/1362 1363/1363/1363
f 1367/1367/1367 1366/1366/1366 1365/1365/1365
f 1368/1368/1368 1365/1365/1365 1366/1366/1366
f 1371/1371/1371 1370/1370/1370 1369/1369/1369
f 1372/1372/1372 1369/1369/1369 1370/1370/1370
f 1375/1375/1375 1374/1374/1374 1373/1373/1373
f 1376/1376/1376 1373/1373/1373 1374/1374/1374
f 1374/1374/1374 1377/1377/1377 1376/1376/1376
f 1378/1378/1378 1376/1376/1376 1377/1377/1377
f 1381/1381/1381 1380/1380/1380 1379/1379/1379
f 1382/1382/1382 1379/1379/1379 1380/1380/1380
f 1380/1380/1380 1383/1383/1383 1382/1382/1382
f 1384/1384/1384 1382/1382/1382 1383/1383/1383
f 1387/1387/1387 1386/1386/1386 1385/1385/1385
f 1388/1388/1388 1385/1385/1385 1386/1386/1386
f 1386/1386/1386 1389/1389/1389 1388/1388/1388
f 1390/1390/1390 1388/1388/1388 1389/1389/1389
f 1393/1393/1393 1392/1392/1392 1391/1391/1391
f 1394/1394/1394 1391/1391/1391 1392/1392/1392
f 1392/1392/1392 1395/1395/1395 1394/1394/1394
f 1396/1396/1396 1394/1394/1394 1395/1395/1395
f 1399/1399/1399 1398/1398/1398 1397/1397/1397
f 1400/1400/1400 1397/1397/1397 1398/1398/1398
f 1398/1398/1398 1401/1401/1401 1400/1400/1400
f 1402/1402/1402 1400/1400/1400 1401/1401/1401
f 1405/1405/1405 1404/1404/1404 1403/1403/1403
f 1406/1406/1406 1403/1403/1403 1404/1404/1404
f 1404/1404/1404 1407/1407/1407 1406/1406/1406
f 1408/1408/1408 1406/1406/1406 1407/1407/1407
f 1411/1411/1411 1410/1410/1410 1409/1409/1409
f 1412/1412/1412 1409/1409/1409 1410/1410/1410
f 1409/1409/1409 1412/1412/1412 1413/1413/1413
f 1414/1414/1414 1413/1413/1413 1412/1412/1412
f 1417/1417/1417 1416/1416/1416 1415/1415/1415
f 1418/1418/1418 1415/1415/1415 1416/1416/1416
f 1415/1415/1415 1418/1418/1418 1419/1419/1419
f 1420/1420/1420 1419/1419/1419 1418/1418/1418
f 1423/1423/1423 1422/1422/1422 1421/1421/1421
f 1424/1424/1424 1421/1421/1421 1422/1422/1422
f 1427/1427/1427 1426/1426/1426 1425/1425/1425
f 1428/1428/1428 1425/1425/1425 1426/1426/1426
f 1431/1431/1431 1430/1430/1430 1429/1429/1429
f 1432/1432/1432 1429/1429/1429 1430/1430/1430
f 1429/1429/1429 1432/1432/1432 1433/1433/1433
f 1434/1434/1434 1433/1433/1433 1432/1432/1432
f 1437/1437/1437 1436/1436/1436 1435/1435/1435
f 1438/1438/1438 1435/1435/1435 1436/1436/1436
f 1435/1435/1435 1438/1438/1438 1439/1439/1439
f 1440/1440/1440 1439/1439/1439 1438/1438/1438
f 1443/1443/1443 1442/1442/1442 1441/1441/1441
f 1444/1444/1444 1441/1441/1441 1442/1442/1442
f 1441/1441/1441 1444/1444/1444 1445/1445/1445
f 1446/1446/1446 1445/1445/1445 1444/1444/1444
f 1449/1449/1449 1448/1448/1448 1447/1447/1447
f 1450/1450/1450 1447/1447/1447 1448/1448/1448
f 1447/1447/1447 1450/1450/1450 1451/1451/1451
f 1452/1452/1452 1451/1451/1451 1450/1450/1450
f 1455/1455/1455 1454/1454/1454 1453/1453/1453
f 1456/1456/1456 1453/1453/1453 1454/1454/1454
f 1453/1453/1453 1456/1456/1456 1457/1457/1457
f 1458/1458/1458 1457/1457/1457 1456/1456/1456
f 1461/1461/1461 1460/1460/1460 1459/1459/1459
f 1462/1462/1462 1459/1459/1459 1460/1460/1460
f 1459/1459/1459 1462/1462/1462 1463/1463/1463
f 1464/1464/1464 1463/1463/1463 1462/1462/1462
g Ariz_gun_cal356х4_001_4
f 1467/1467/1467 1466/1466/1466 1465/1465/1465
f 1469/1469/1469 1466/1466/1466 1468/1468/1468
f 1472/1472/1472 1471/1471/1471 1470/1470/1470
f 1475/1475/1475 1474/1474/1474 1473/1473/1473
f 1478/1478/1478 1477/1477/1477 1476/1476/1476
f 1478/1478/1478 1480/1480/1480 1479/1479/1479
f 1483/1483/1483 1482/1482/1482 1481/1481/1481
f 1486/1486/1486 1485/1485/1485 1484/1484/1484
f 1489/1489/1489 1488/1488/1488 1487/1487/1487
f 1490/1490/1490 1487/1487/1487 1488/1488/1488
f 1493/1493/1493 1492/1492/1492 1491/1491/1491
f 1494/1494/1494 1491/1491/1491 1492/1492/1492
f 1497/1497/1497 1496/1496/1496 1495/1495/1495
f 1498/1498/1498 1495/1495/1495 1496/1496/1496
f 1501/1501/1501 1500/1500/1500 1499/1499/1499
f 1502/1502/1502 1499/1499/1499 1500/1500/1500
f 1505/1505/1505 1504/1504/1504 1503/1503/1503
f 1506/1506/1506 1503/1503/1503 1504/1504/1504
f 1509/1509/1509 1508/1508/1508 1507/1507/1507
f 1510/1510/1510 1507/1507/1507 1508/1508/1508
f 1513/1513/1513 1512/1512/1512 1511/1511/1511
f 1514/1514/1514 1511/1511/1511 1512/1512/1512
f 1517/1517/1517 1516/1516/1516 1515/1515/1515
f 1518/1518/1518 1515/1515/1515 1516/1516/1516
f 1521/1521/1521 1520/1520/1520 1519/1519/1519
f 1522/1522/1522 1519/1519/1519 1520/1520/1520
f 1525/1525/1525 1524/1524/1524 1523/1523/1523
f 1526/1526/1526 1523/1523/1523 1524/1524/1524
f 1529/1529/1529 1528/1528/1528 1527/1527/1527
f 1530/1530/1530 1527/1527/1527 1528/1528/1528
f 1533/1533/1533 1532/1532/1532 1531/1531/1531
f 1534/1534/1534 1531/1531/1531 1532/1532/1532
f 1537/1537/1537 1536/1536/1536 1535/1535/1535
f 1538/1538/1538 1535/1535/1535 1536/1536/1536
f 1541/1541/1541 1540/1540/1540 1539/1539/1539
f 1542/1542/1542 1539/1539/1539 1540/1540/1540
f 1545/1545/1545 1544/1544/1544 1543/1543/1543
f 1546/1546/1546 1543/1543/1543 1544/1544/1544
f 1549/1549/1549 1548/1548/1548 1547/1547/1547
f 1550/1550/1550 1547/1547/1547 1548/1548/1548
f 1553/1553/1553 1552/1552/1552 1551/1551/1551
f 1554/1554/1554 1551/1551/1551 1552/1552/1552
f 1557/1557/1557 1556/1556/1556 1555/1555/1555
f 1558/1558/1558 1555/1555/1555 1556/1556/1556
f 1561/1561/1561 1560/1560/1560 1559/1559/1559
f 1562/1562/1562 1559/1559/1559 1560/1560/1560
f 1565/1565/1565 1564/1564/1564 1563/1563/1563
f 1566/1566/1566 1563/1563/1563 1564/1564/1564
f 1569/1569/1569 1568/1568/1568 1567/1567/1567
f 1570/1570/1570 1567/1567/1567 1568/1568/1568
f 1573/1573/1573 1572/1572/1572 1571/1571/1571
f 1574/1574/1574 1571/1571/1571 1572/1572/1572
f 1577/1577/1577 1576/1576/1576 1575/1575/1575
f 1578/1578/1578 1575/1575/1575 1576/1576/1576
f 1581/1581/1581 1580/1580/1580 1579/1579/1579
f 1582/1582/1582 1579/1579/1579 1580/1580/1580
f 1585/1585/1585 1584/1584/1584 1583/1583/1583
f 1586/1586/1586 1583/1583/1583 1584/1584/1584
f 1589/1589/1589 1588/1588/1588 1587/1587/1587
f 1590/1590/1590 1587/1587/1587 1588/1588/1588
f 1593/1593/1593 1592/1592/1592 1591/1591/1591
f 1594/1594/1594 1591/1591/1591 1592/1592/1592
f 1597/1597/1597 1596/1596/1596 1595/1595/1595
f 1598/1598/1598 1595/1595/1595 1596/1596/1596
f 1601/1601/1601 1600/1600/1600 1599/1599/1599
f 1602/1602/1602 1599/1599/1599 1600/1600/1600
f 1605/1605/1605 1604/1604/1604 1603/1603/1603
f 1606/1606/1606 1603/1603/1603 1604/1604/1604
f 1609/1609/1609 1608/1608/1608 1607/1607/1607
f 1610/1610/1610 1607/1607/1607 1608/1608/1608
f 1613/1613/1613 1612/1612/1612 1611/1611/1611
f 1614/1614/1614 1611/1611/1611 1612/1612/1612
f 1617/1617/1617 1616/1616/1616 1615/1615/1615
f 1618/1618/1618 1615/1615/1615 1616/1616/1616
f 1621/1621/1621 1620/1620/1620 1619/1619/1619
f 1622/1622/1622 1619/1619/1619 1620/1620/1620
f 1625/1625/1625 1624/1624/1624 1623/1623/1623
f 1626/1626/1626 1623/1623/1623 1624/1624/1624
f 1629/1629/1629 1628/1628/1628 1627/1627/1627
f 1630/1630/1630 1627/1627/1627 1628/1628/1628
f 1633/1633/1633 1632/1632/1632 1631/1631/1631
f 1634/1634/1634 1631/1631/1631 1632/1632/1632
f 1637/1637/1637 1636/1636/1636 1635/1635/1635
f 1638/1638/1638 1635/1635/1635 1636/1636/1636
f 1641/1641/1641 1640/1640/1640 1639/1639/1639
f 1642/1642/1642 1639/1639/1639 1640/1640/1640
f 1645/1645/1645 1644/1644/1644 1643/1643/1643
f 1646/1646/1646 1643/1643/1643 1644/1644/1644
f 1649/1649/1649 1648/1648/1648 1647/1647/1647
f 1650/1650/1650 1647/1647/1647 1648/1648/1648
f 1653/1653/1653 1652/1652/1652 1651/1651/1651
f 1654/1654/1654 1651/1651/1651 1652/1652/1652
f 1657/1657/1657 1656/1656/1656 1655/1655/1655
f 1658/1658/1658 1655/1655/1655 1656/1656/1656
f 1659/1659/1659 1658/1658/1658 1656/1656/1656
f 1659/1659/1659 1656/1656/1656 1660/1660/1660
f 1661/1661/1661 1660/1660/1660 1656/1656/1656
f 1664/1664/1664 1663/1663/1663 1662/1662/1662
f 1665/1665/1665 1662/1662/1662 1663/1663/1663
f 1666/1666/1666 1665/1665/1665 1663/1663/1663
f 1666/1666/1666 1663/1663/1663 1667/1667/1667
f 1668/1668/1668 1667/1667/1667 1663/1663/1663
f 1671/1671/1671 1670/1670/1670 1669/1669/1669
f 1672/1672/1672 1669/1669/1669 1670/1670/1670
f 1673/1673/1673 1672/1672/1672 1670/1670/1670
f 1673/1673/1673 1670/1670/1670 1674/1674/1674
f 1675/1675/1675 1674/1674/1674 1670/1670/1670
f 1678/1678/1678 1677/1677/1677 1676/1676/1676
f 1679/1679/1679 1676/1676/1676 1677/1677/1677
f 1680/1680/1680 1679/1679/1679 1677/1677/1677
f 1680/1680/1680 1677/1677/1677 1681/1681/1681
f 1682/1682/1682 1681/1681/1681 1677/1677/1677
g Ariz_gun_cal356х4_001_5
f 5/5/5 1683/1683/1683 4/4/4
f 1683/1683/1683 1684/1684/1684 4/4/4
f 1684/1684/1684 1685/1685/1685 4/4/4
f 1685/1685/1685 1686/1686/1686 4/4/4
f 1686/1686/1686 1687/1687/1687 4/4/4
f 1687/1687/1687 1688/1688/1688 4/4/4
f 1688/1688/1688 1689/1689/1689 4/4/4
f 1689/1689/1689 1690/1690/1690 4/4/4
f 1690/1690/1690 1691/1691/1691 4/4/4
f 4/4/4 1691/1691/1691 1692/1692/1692
f 4/4/4 1692/1692/1692 1693/1693/1693
f 1693/1693/1693 8/8/8 4/4/4
f 1696/1696/1696 1695/1695/1695 1694/1694/1694
f 1697/1697/1697 1694/1694/1694 1695/1695/1695
f 1695/1695/1695 1698/1698/1698 1697/1697/1697
f 1695/1695/1695 1699/1699/1699 1698/1698/1698
f 1695/1695/1695 1700/1700/1700 1699/1699/1699
f 1701/1701/1701 1699/1699/1699 1700/1700/1700
f 1704/1704/1704 1703/1703/1703 1702/1702/1702
f 1705/1705/1705 1702/1702/1702 1703/1703/1703
f 1705/1705/1705 1703/1703/1703 1706/1706/1706
f 1709/1709/1709 1708/1708/1708 1707/1707/1707
f 1710/1710/1710 1707/1707/1707 1708/1708/1708
f 1713/1713/1713 1712/1712/1712 1711/1711/1711
f 1714/1714/1714 1711/1711/1711 1712/1712/1712
f 1717/1717/1717 1716/1716/1716 1715/1715/1715
f 1718/1718/1718 1715/1715/1715 1716/1716/1716
f 1721/1721/1721 1720/1720/1720 1719/1719/1719
f 1719/1719/1719 1722/1722/1722 1721/1721/1721
f 1723/1723/1723 1721/1721/1721 1722/1722/1722
f 1726/1726/1726 1725/1725/1725 1724/1724/1724
f 1727/1727/1727 1724/1724/1724 1725/1725/1725
f 1725/1725/1725 1728/1728/1728 1727/1727/1727
f 1725/1725/1725 1729/1729/1729 1728/1728/1728
f 1725/1725/1725 1730/1730/1730 1729/1729/1729
f 1731/1731/1731 1729/1729/1729 1730/1730/1730
f 1734/1734/1734 1733/1733/1733 1732/1732/1732
f 1735/1735/1735 1732/1732/1732 1733/1733/1733
f 1735/1735/1735 1733/1733/1733 1736/1736/1736
f 1739/1739/1739 1738/1738/1738 1737/1737/1737
f 1740/1740/1740 1737/1737/1737 1738/1738/1738
f 1743/1743/1743 1742/1742/1742 1741/1741/1741
f 1742/1742/1742 1744/1744/1744 1741/1741/1741
f 1745/1745/1745 1744/1744/1744 1742/1742/1742
f 1748/1748/1748 1747/1747/1747 1746/1746/1746
f 1749/1749/1749 1746/1746/1746 1747/1747/1747
f 1752/1752/1752 1751/1751/1751 1750/1750/1750
f 1750/1750/1750 1753/1753/1753 1752/1752/1752
f 1754/1754/1754 1752/1752/1752 1753/1753/1753
f 1757/1757/1757 1756/1756/1756 1755/1755/1755
f 1758/1758/1758 1755/1755/1755 1756/1756/1756
f 1758/1758/1758 1756/1756/1756 1759/1759/1759
f 1758/1758/1758 1759/1759/1759 1760/1760/1760
f 1760/1760/1760 1761/1761/1761 1758/1758/1758
f 1762/1762/1762 1758/1758/1758 1761/1761/1761
f 1765/1765/1765 1764/1764/1764 1763/1763/1763
f 1766/1766/1766 1763/1763/1763 1764/1764/1764
f 1764/1764/1764 1767/1767/1767 1766/1766/1766
f 1770/1770/1770 1769/1769/1769 1768/1768/1768
f 1771/1771/1771 1768/1768/1768 1769/1769/1769
f 1774/1774/1774 1773/1773/1773 1772/1772/1772
f 1775/1775/1775 1772/1772/1772 1773/1773/1773
f 1778/1778/1778 1777/1777/1777 1776/1776/1776
f 1779/1779/1779 1776/1776/1776 1777/1777/1777
f 1782/1782/1782 1781/1781/1781 1780/1780/1780
f 1782/1782/1782 1783/1783/1783 1781/1781/1781
f 1784/1784/1784 1781/1781/1781 1783/1783/1783
f 1787/1787/1787 1786/1786/1786 1785/1785/1785
f 1788/1788/1788 1785/1785/1785 1786/1786/1786
f 1786/1786/1786 1789/1789/1789 1788/1788/1788
f 1786/1786/1786 1790/1790/1790 1789/1789/1789
f 1786/1786/1786 1791/1791/1791 1790/1790/1790
f 1792/1792/1792 1790/1790/1790 1791/1791/1791
f 1795/1795/1795 1794/1794/1794 1793/1793/1793
f 1796/1796/1796 1793/1793/1793 1794/1794/1794
f 1796/1796/1796 1794/1794/1794 1797/1797/1797
f 1800/1800/1800 1799/1799/1799 1798/1798/1798
f 1801/1801/1801 1798/1798/1798 1799/1799/1799
f 1804/1804/1804 1803/1803/1803 1802/1802/1802
f 1802/1802/1802 1803/1803/1803 1805/1805/1805
f 1805/1805/1805 1803/1803/1803 1806/1806/1806
f 1809/1809/1809 1808/1808/1808 1807/1807/1807
f 1810/1810/1810 1807/1807/1807 1808/1808/1808
f 1813/1813/1813 1812/1812/1812 1811/1811/1811
f 1811/1811/1811 1814/1814/1814 1813/1813/1813
f 1815/1815/1815 1813/1813/1813 1814/1814/1814
f 1818/1818/1818 1817/1817/1817 1816/1816/1816
f 1818/1818/1818 1816/1816/1816 1819/1819/1819
f 1818/1818/1818 1820/1820/1820 1817/1817/1817
f 1818/1818/1818 1819/1819/1819 1821/1821/1821
f 1818/1818/1818 1822/1822/1822 1820/1820/1820
f 1818/1818/1818 1821/1821/1821 1823/1823/1823
f 1818/1818/1818 1824/1824/1824 1822/1822/1822
f 1818/1818/1818 1823/1823/1823 1825/1825/1825
f 1818/1818/1818 1826/1826/1826 1824/1824/1824
f 1818/1818/1818 1825/1825/1825 1827/1827/1827
f 1818/1818/1818 1828/1828/1828 1826/1826/1826
f 1818/1818/1818 1827/1827/1827 1829/1829/1829
f 1818/1818/1818 1830/1830/1830 1828/1828/1828
f 1818/1818/1818 1829/1829/1829 1831/1831/1831
f 1818/1818/1818 1832/1832/1832 1830/1830/1830
f 1818/1818/1818 1831/1831/1831 1833/1833/1833
f 1818/1818/1818 1834/1834/1834 1832/1832/1832
f 1818/1818/1818 1833/1833/1833 1835/1835/1835
f 1818/1818/1818 1836/1836/1836 1834/1834/1834
f 1818/1818/1818 1835/1835/1835 1837/1837/1837
f 1818/1818/1818 1838/1838/1838 1836/1836/1836
f 1818/1818/1818 1837/1837/1837 1839/1839/1839
f 1818/1818/1818 1840/1840/1840 1838/1838/1838
f 1818/1818/1818 1839/1839/1839 1841/1841/1841
f 1818/1818/1818 1842/1842/1842 1840/1840/1840
f 1818/1818/1818 1841/1841/1841 1843/1843/1843
f 1818/1818/1818 1844/1844/1844 1842/1842/1842
f 1818/1818/1818 1843/1843/1843 1845/1845/1845
f 1818/1818/1818 1846/1846/1846 1844/1844/1844
f 1818/1818/1818 1845/1845/1845 1847/1847/1847
f 1818/1818/1818 1848/1848/1848 1846/1846/1846
f 1818/1818/1818 1847/1847/1847 1848/1848/1848
