# Blender 4.5.3 LTS
# www.blender.org
g Atlanta_gun_28_x4_base_Atlanta_gun_28_x4_001.001
v 0.252188 1.738159 -0.267401
v 0.120747 1.196344 -0.267401
v 0.120747 1.738159 -0.267401
v 0.252189 1.196344 -0.267402
v 0.120747 1.738159 -0.267401
v 0.252189 1.828113 -0.684715
v 0.252188 1.738159 -0.267401
v 0.120747 1.828113 -0.684714
v 0.252189 1.196344 -0.684716
v 0.120747 1.828113 -0.684714
v 0.120747 1.196344 -0.684714
v 0.252189 1.828113 -0.684715
v 0.120747 1.828113 -0.684714
v 0.120747 1.196344 -0.267401
v 0.120747 1.196344 -0.684714
v 0.120747 1.738159 -0.267401
v 0.252189 1.196344 -0.684716
v 0.252188 1.738159 -0.267401
v 0.252189 1.828113 -0.684715
v 0.252189 1.196344 -0.267402
v -0.258845 1.738159 -0.267402
v -0.127404 1.196344 -0.267401
v -0.258845 1.196344 -0.267403
v -0.127404 1.738159 -0.267401
v -0.127404 1.738159 -0.267401
v -0.258845 1.828113 -0.684715
v -0.127403 1.828113 -0.684715
v -0.258845 1.738159 -0.267402
v -0.258845 1.196344 -0.684716
v -0.127403 1.828113 -0.684715
v -0.258845 1.828113 -0.684715
v -0.127403 1.196344 -0.684715
v -0.127403 1.828113 -0.684715
v -0.127404 1.196344 -0.267401
v -0.127404 1.738159 -0.267401
v -0.127403 1.196344 -0.684715
v -0.258845 1.196344 -0.684716
v -0.258845 1.738159 -0.267402
v -0.258845 1.196344 -0.267403
v -0.258845 1.828113 -0.684715
v 0.000000 0.914934 0.226393
v -0.000001 0.961120 0.114890
v 0.000000 0.914934 0.003388
v 0.698591 0.426071 -0.109871
v 0.698590 0.537418 -0.109871
v 0.809939 0.537418 -0.109871
v 0.967408 0.537418 -0.109871
v 1.078755 0.537417 -0.109871
v 1.078755 0.426071 -0.109871
v 1.078755 0.268601 -0.109871
v 1.078755 0.157253 -0.109871
v 0.967408 0.157253 -0.109871
v 0.809939 0.157253 -0.109871
v 0.698591 0.157253 -0.109871
v 0.698591 0.268601 -0.109871
v 0.544646 0.157253 -1.106287
v 1.080000 0.000002 -0.797770
v 1.080000 0.157253 -0.797770
v 0.544646 0.000002 -1.106287
v 0.000001 0.157253 -1.214624
v 0.000001 0.000002 -1.214624
v -0.898776 0.157253 -1.106287
v -0.898776 0.000002 -1.106287
v -1.080000 0.157253 -0.797771
v -1.080000 0.000002 -0.797771
v -1.080000 0.000002 0.573648
v -1.080000 0.157253 -0.797771
v -1.080000 0.157253 0.573647
v -1.080000 0.000002 -0.797771
v 1.080000 0.000002 0.573648
v -1.080000 0.157253 0.573647
v 1.080000 0.157253 0.573648
v -1.080000 0.000002 0.573648
v 1.080000 0.000002 -0.797770
v 1.080000 0.157253 0.573648
v 1.080000 0.157253 -0.797770
v 1.080000 0.000002 0.573648
v 0.698582 1.351601 0.035052
v 0.698582 1.183661 -0.249663
v 0.698582 1.351601 -0.156059
v 0.698587 0.880701 0.309989
v 0.698588 0.729410 -0.055333
v 0.698587 0.666706 0.095958
v 0.698586 0.729358 0.247300
v 0.840601 1.183661 -0.249663
v 0.840601 1.351602 0.035053
v 0.840602 1.351602 -0.156058
v 0.840599 0.880701 0.309995
v 0.840600 0.729412 -0.055334
v 0.840598 0.729351 0.247304
v 0.840599 0.666703 0.095955
v 0.840601 1.183661 -0.249663
v 0.698582 1.351601 -0.156059
v 0.698582 1.183661 -0.249663
v 0.840602 1.351602 -0.156058
v 0.840602 1.351602 -0.156058
v 0.698582 1.351601 0.035052
v 0.698582 1.351601 -0.156059
v 0.840601 1.351602 0.035053
v 0.840601 1.351602 0.035053
v 0.698587 0.880701 0.309989
v 0.698582 1.351601 0.035052
v 0.840599 0.880701 0.309995
v 0.840598 0.729351 0.247304
v 0.698586 0.729358 0.247300
v 0.615070 1.738159 -0.267401
v 0.483628 1.196344 -0.267401
v 0.483628 1.738159 -0.267401
v 0.615070 1.196344 -0.267402
v 0.483628 1.738159 -0.267401
v 0.615070 1.828113 -0.684715
v 0.615070 1.738159 -0.267401
v 0.483628 1.828113 -0.684714
v 0.615070 1.196344 -0.684716
v 0.483628 1.828113 -0.684714
v 0.483629 1.196344 -0.684714
v 0.615070 1.828113 -0.684715
v 0.483628 1.828113 -0.684714
v 0.483628 1.196344 -0.267401
v 0.483629 1.196344 -0.684714
v 0.483628 1.738159 -0.267401
v 0.615070 1.196344 -0.684716
v 0.615070 1.738159 -0.267401
v 0.615070 1.828113 -0.684715
v 0.615070 1.196344 -0.267402
v -0.707854 1.351601 0.035051
v -0.707854 1.351601 -0.156060
v -0.707853 1.183661 -0.249664
v -0.707859 0.880701 0.309988
v -0.707857 0.729384 -0.055324
v -0.707861 0.729384 0.247310
v -0.707859 0.666706 0.095993
v -0.849873 1.183661 -0.249664
v -0.849873 1.351601 -0.156059
v -0.849873 1.351601 0.035052
v -0.849871 0.880701 0.309995
v -0.849870 0.729382 -0.055323
v -0.849871 0.666703 0.095997
v -0.849873 0.729381 0.247316
v -0.707854 1.351601 -0.156060
v -0.849873 1.183661 -0.249664
v -0.707853 1.183661 -0.249664
v -0.849873 1.351601 -0.156059
v -0.707854 1.351601 0.035051
v -0.849873 1.351601 -0.156059
v -0.707854 1.351601 -0.156060
v -0.849873 1.351601 0.035052
v -0.707859 0.880701 0.309988
v -0.849873 1.351601 0.035052
v -0.707854 1.351601 0.035051
v -0.849871 0.880701 0.309995
v -0.707861 0.729384 0.247310
v -0.849873 0.729381 0.247316
v -0.624337 1.738159 -0.267402
v -0.492896 1.196344 -0.267401
v -0.624338 1.196344 -0.267403
v -0.492896 1.738159 -0.267401
v -0.492896 1.738159 -0.267401
v -0.624337 1.828113 -0.684715
v -0.492896 1.828113 -0.684715
v -0.624337 1.738159 -0.267402
v -0.624338 1.196344 -0.684716
v -0.492896 1.828113 -0.684715
v -0.624337 1.828113 -0.684715
v -0.492896 1.196344 -0.684715
v -0.492896 1.828113 -0.684715
v -0.492896 1.196344 -0.267401
v -0.492896 1.738159 -0.267401
v -0.492896 1.196344 -0.684715
v -0.624338 1.196344 -0.684716
v -0.624337 1.738159 -0.267402
v -0.624338 1.196344 -0.267403
v -0.624337 1.828113 -0.684715
v -0.704629 0.349263 -0.199033
v -1.006168 0.349264 0.400130
v -1.006166 0.349264 -0.199033
v -0.704631 0.349263 0.400130
v -1.006170 0.157254 0.400131
v -1.006166 0.349264 -0.199033
v -1.006168 0.349264 0.400130
v -1.006166 0.157254 -0.199033
v -1.006166 0.349264 -0.199033
v -0.704629 0.157253 -0.199033
v -0.704629 0.349263 -0.199033
v -1.006166 0.157254 -0.199033
v -1.006170 0.157254 0.400131
v -0.704631 0.349263 0.400130
v -0.704632 0.157253 0.400131
v -1.006168 0.349264 0.400130
v -0.704632 0.157253 0.400131
v -0.704629 0.349263 -0.199033
v -0.704629 0.157253 -0.199033
v -0.704631 0.349263 0.400130
v -0.595673 0.157253 -0.639664
v -0.686536 0.550475 -0.480011
v -0.686536 0.157253 -0.639664
v -0.595674 0.550475 -0.480011
v -0.595674 0.157252 -0.042801
v -0.595674 0.550475 -0.480011
v -0.595673 0.157253 -0.639664
v -0.595674 0.709706 -0.042800
v -0.686536 0.157252 -0.042801
v -0.686536 0.550475 -0.480011
v -0.686536 0.709706 -0.042801
v -0.686536 0.157253 -0.639664
v 0.680497 0.550475 -0.480011
v 0.589631 0.157253 -0.639665
v 0.680497 0.157253 -0.639665
v 0.589631 0.550475 -0.480011
v 0.589631 0.157252 -0.042801
v 0.589631 0.550475 -0.480011
v 0.589632 0.709706 -0.042801
v 0.589631 0.157253 -0.639665
v 0.680497 0.157252 -0.042801
v 0.680497 0.550475 -0.480011
v 0.680497 0.157253 -0.639665
v 0.680497 0.709706 -0.042801
v -0.595674 0.709706 -0.042800
v -0.686536 0.550475 -0.480011
v -0.595674 0.550475 -0.480011
v -0.686536 0.709706 -0.042801
v 0.680497 0.709706 -0.042801
v 0.589631 0.550475 -0.480011
v 0.680497 0.550475 -0.480011
v 0.589632 0.709706 -0.042801
v 0.072186 0.464385 0.251424
v 0.339293 0.464384 0.401697
v 0.072186 0.464385 0.401697
v 0.339293 0.464384 0.251424
v 0.072186 0.464385 0.251424
v 0.072184 0.157254 0.504234
v 0.072186 0.157254 0.251424
v 0.072186 0.464385 0.401697
v 0.072185 0.323959 0.504233
v 0.072186 0.464385 0.251424
v 0.339293 0.157253 0.251424
v 0.339293 0.464384 0.251424
v 0.072186 0.157254 0.251424
v 0.072184 0.157254 0.504234
v 0.339292 0.323958 0.504233
v 0.339291 0.157253 0.504234
v 0.072185 0.323959 0.504233
v 0.339291 0.157253 0.504234
v 0.339293 0.464384 0.251424
v 0.339293 0.157253 0.251424
v 0.339293 0.464384 0.401697
v 0.339292 0.323958 0.504233
v 0.072185 0.323959 0.504233
v 0.339293 0.464384 0.401697
v 0.339292 0.323958 0.504233
v 0.072186 0.464385 0.401697
v 0.840601 1.183661 -0.249663
v 0.698588 0.729410 -0.055333
v 0.840600 0.729412 -0.055334
v 0.698582 1.183661 -0.249663
v 0.698587 0.666706 0.095958
v 0.840600 0.729412 -0.055334
v 0.698588 0.729410 -0.055333
v 0.840599 0.666703 0.095955
v 0.698586 0.729358 0.247300
v 0.840598 0.729351 0.247304
v -0.849873 1.183661 -0.249664
v -0.707857 0.729384 -0.055324
v -0.707853 1.183661 -0.249664
v -0.849870 0.729382 -0.055323
v -0.849871 0.666703 0.095997
v -0.707857 0.729384 -0.055324
v -0.849870 0.729382 -0.055323
v -0.707859 0.666706 0.095993
v -0.849873 0.729381 0.247316
v -0.707861 0.729384 0.247310
v -0.577579 0.448813 -0.042798
v -0.704628 0.157254 -0.042798
v -0.577579 0.157253 -0.042798
v -0.704630 0.803431 -0.042798
v -0.350000 0.642491 -0.042798
v 0.000000 0.803431 -0.042798
v 0.000000 0.690916 -0.042798
v 0.350000 0.642491 -0.042798
v 0.695358 0.803431 -0.042797
v 0.571539 0.448813 -0.042798
v 0.698589 0.157254 -0.042798
v 0.571540 0.157253 -0.042798
v -0.577580 0.448812 0.272574
v -0.350000 0.642491 -0.042798
v -0.577579 0.448813 -0.042798
v -0.350000 0.642491 0.272574
v -0.350000 0.642491 0.272574
v 0.000000 0.690916 -0.042798
v -0.350000 0.642491 -0.042798
v 0.000000 0.690916 0.272574
v 0.350000 0.642491 -0.042798
v 0.350000 0.642491 0.272574
v 0.571539 0.448812 0.272575
v 0.571540 0.157253 -0.042798
v 0.571539 0.448813 -0.042798
v 0.571540 0.157253 0.272575
v -0.577579 0.157253 0.272574
v -0.577579 0.448813 -0.042798
v -0.577579 0.157253 -0.042798
v -0.577580 0.448812 0.272574
v 0.350000 0.642491 0.272574
v 0.571539 0.448813 -0.042798
v 0.350000 0.642491 -0.042798
v 0.571539 0.448812 0.272575
v 0.571539 0.448812 0.272575
v 0.698589 0.157253 0.272575
v 0.571540 0.157253 0.272575
v 0.695358 0.803431 0.272584
v 0.350000 0.642491 0.272574
v 0.000000 0.803431 0.272579
v 0.000000 0.690916 0.272574
v -0.704630 0.803431 0.272584
v -0.350000 0.642491 0.272574
v -0.577580 0.448812 0.272574
v -0.704628 0.157253 0.272574
v -0.577579 0.157253 0.272574
v 0.695358 0.803431 0.272584
v 0.000000 0.914934 0.226393
v 0.695358 0.914939 0.226396
v 0.000000 0.803431 0.272579
v -0.704630 0.914935 0.226397
v -0.704630 0.803431 0.272584
v -0.704630 0.803431 -0.042798
v -0.704628 0.157253 0.272574
v -0.704628 0.157254 -0.042798
v -0.704630 0.803431 0.272584
v -0.704630 0.914935 0.226397
v -0.704630 0.914932 0.003387
v -0.704630 0.961119 0.114890
v -0.704630 0.961119 0.114890
v 0.000000 0.914934 0.226393
v -0.704630 0.914935 0.226397
v -0.000001 0.961120 0.114890
v 0.695358 0.914939 0.226396
v -0.704630 0.914932 0.003387
v 0.695357 0.961124 0.114891
v 0.000000 0.914934 0.003388
v 0.695358 0.914935 0.003389
v 0.695358 0.914935 0.003389
v 0.000000 0.803431 -0.042798
v 0.695358 0.803431 -0.042797
v 0.000000 0.914934 0.003388
v -0.704630 0.803431 -0.042798
v -0.704630 0.914932 0.003387
v 0.695358 0.803431 0.272584
v 0.698589 0.157254 -0.042798
v 0.698589 0.157253 0.272575
v 0.695358 0.803431 -0.042797
v 0.695358 0.914935 0.003389
v 0.695358 0.914939 0.226396
v 0.695357 0.961124 0.114891
v -0.704627 0.518625 -0.522223
v -0.920627 0.518625 -0.278929
v -0.920626 0.518625 -0.522223
v -0.704628 0.518625 -0.278928
v -0.920628 0.157254 -0.278927
v -0.920626 0.518625 -0.522223
v -0.920627 0.518625 -0.278929
v -0.920626 0.157254 -0.522223
v -0.920626 0.518625 -0.522223
v -0.704627 0.157253 -0.522223
v -0.704627 0.518625 -0.522223
v -0.920626 0.157254 -0.522223
v -0.920628 0.157254 -0.278927
v -0.704628 0.518625 -0.278928
v -0.704629 0.157253 -0.278927
v -0.920627 0.518625 -0.278929
v -0.704629 0.157253 -0.278927
v -0.704627 0.518625 -0.522223
v -0.704627 0.157253 -0.522223
v -0.704628 0.518625 -0.278928
v 0.809939 0.537418 -0.109871
v 0.698591 0.426069 0.441104
v 0.698591 0.426071 -0.109871
v 0.809938 0.537416 0.441104
v 0.967408 0.537418 -0.109871
v 0.967408 0.537417 0.441104
v 1.078755 0.426071 -0.109871
v 1.078754 0.426069 0.441103
v 1.078754 0.426069 0.441103
v 1.078755 0.268601 -0.109871
v 1.078754 0.268600 0.441104
v 1.078755 0.426071 -0.109871
v 0.967408 0.157253 -0.109871
v 1.078754 0.268600 0.441104
v 1.078755 0.268601 -0.109871
v 0.967407 0.157253 0.441103
v 0.809939 0.157253 -0.109871
v 0.809938 0.157252 0.441104
v 0.698591 0.268601 -0.109871
v 0.698591 0.268600 0.441103
v 0.698591 0.268600 0.441103
v 0.698591 0.426071 -0.109871
v 0.698591 0.426069 0.441104
v 0.698591 0.268601 -0.109871
v 0.698590 0.537418 -0.109871
v 0.698590 0.537418 -0.357522
v 0.809939 0.537418 -0.109871
v 1.078755 0.537417 -0.357522
v 0.967408 0.537418 -0.109871
v 1.078755 0.537417 -0.109871
v 0.698591 0.426071 -0.109871
v 0.698590 0.537418 -0.357522
v 0.698590 0.537418 -0.109871
v 0.698591 0.268601 -0.109871
v 0.698591 0.157253 -0.357522
v 0.698591 0.157253 -0.109871
v 1.078755 0.537417 -0.109871
v 1.078755 0.537417 -0.357522
v 1.078755 0.426071 -0.109871
v 1.078755 0.157253 -0.357522
v 1.078755 0.268601 -0.109871
v 1.078755 0.157253 -0.109871
v 1.078755 0.157253 -0.109871
v 1.078755 0.157253 -0.357522
v 0.967408 0.157253 -0.109871
v 0.698591 0.157253 -0.357522
v 0.809939 0.157253 -0.109871
v 0.698591 0.157253 -0.109871
v 1.078755 0.157253 -0.357522
v 0.698590 0.537418 -0.357522
v 0.698591 0.157253 -0.357522
v 1.078755 0.537417 -0.357522
v 0.698591 0.268600 0.441103
v 0.888673 0.347334 0.504230
v 0.809938 0.157252 0.441104
v 0.698591 0.426069 0.441104
v 0.967407 0.157253 0.441103
v 0.809938 0.537416 0.441104
v 1.078754 0.268600 0.441104
v 0.967408 0.537417 0.441104
v 1.078754 0.426069 0.441103
v -0.205746 0.268193 -0.000001
v -0.145486 0.157253 -0.145485
v -0.145486 0.268193 -0.145483
v -0.205747 0.157253 -0.000002
v -0.145486 0.268192 0.145481
v -0.145486 0.157253 0.145481
v -0.000003 0.157253 -0.205745
v -0.145486 0.268193 -0.145483
v -0.145486 0.157253 -0.145485
v -0.000003 0.268193 -0.205744
v 0.145479 0.157253 -0.145485
v 0.145479 0.268193 -0.145483
v 0.205740 0.157253 -0.000002
v 0.145479 0.268193 -0.145483
v 0.145479 0.157253 -0.145485
v 0.205740 0.268193 -0.000001
v 0.145479 0.157253 0.145481
v 0.145479 0.268192 0.145481
v -0.000003 0.157253 0.205742
v 0.145479 0.268192 0.145481
v 0.145479 0.157253 0.145481
v -0.000003 0.268193 0.205743
v -0.145486 0.157253 0.145481
v -0.145486 0.268192 0.145481
v -0.145486 0.268192 0.145481
v -0.000003 0.268193 -0.000001
v -0.000003 0.268193 0.205743
v -0.205746 0.268193 -0.000001
v 0.145479 0.268192 0.145481
v -0.145486 0.268193 -0.145483
v 0.205740 0.268193 -0.000001
v -0.000003 0.268193 -0.205744
v 0.145479 0.268193 -0.145483
vn -0.0000 -0.0000 1.0000
vn -0.0000 0.9775 0.2107
vn -0.0000 -0.0000 -1.0000
vn -1.0000 -0.0000 -0.0000
vn 1.0000 -0.0000 -0.0000
vn 0.4993 -0.0000 -0.8664
vn 0.1951 -0.0000 -0.9808
vn -0.1197 -0.0000 -0.9928
vn -0.8622 -0.0000 -0.5065
vn -0.0000 0.4869 -0.8735
vn -0.0000 1.0000 -0.0000
vn -0.0000 0.5042 0.8636
vn -0.0000 -0.3827 0.9239
vn -0.0000 0.3762 -0.9265
vn -0.0000 0.9396 -0.3422
vn -0.0000 0.5897 0.8076
vn -0.0000 -0.3933 -0.9194
vn -0.0000 -0.9238 -0.3829
vn -0.0000 -0.9240 0.3825
vn -0.0001 -0.9240 0.3825
vn -0.0000 -0.9239 -0.3827
vn -0.0000 -0.9239 0.3827
vn 0.6481 -0.7615 -0.0000
vn 0.1371 -0.9906 -0.0000
vn -0.1371 -0.9906 -0.0000
vn -0.6582 -0.7529 -0.0000
vn -0.0000 0.3827 0.9239
vn -0.0000 0.9239 0.3827
vn -0.0000 0.9239 -0.3827
vn -0.0000 0.3827 -0.9239
vn 1.0000 0.0050 -0.0000
vn -0.7071 0.7071 -0.0000
vn 0.7071 0.7071 -0.0000
vn 0.7071 -0.7071 -0.0000
vn -0.0000 -1.0000 -0.0000
vn -0.7071 -0.7071 -0.0000
vn -0.2229 -0.2229 0.9490
vn -0.3152 -0.0000 0.9490
vn -0.0000 -0.3152 0.9490
vn -0.2229 0.2229 0.9490
vn 0.2229 -0.2229 0.9490
vn -0.0000 0.3152 0.9490
vn 0.3152 -0.0000 0.9490
vn 0.2229 0.2229 0.9490
vn -0.9239 -0.0000 -0.3827
vn -0.9239 -0.0000 0.3827
vn -0.3827 -0.0000 -0.9239
vn 0.3827 -0.0000 -0.9239
vn 0.9239 -0.0000 -0.3827
vn 0.9239 -0.0000 0.3827
vn 0.3827 -0.0000 0.9239
vn -0.3827 -0.0000 0.9239
vt -0.104526 0.526413
vt -0.104526 0.518179
vt -0.102532 0.526413
vt -0.102532 0.518179
vt -0.102532 4.466526
vt -0.102532 4.472807
vt -0.104526 4.466526
vt -0.104526 4.472807
vt 1.104526 0.518179
vt 1.104526 0.527780
vt 1.102532 0.518179
vt 1.102532 0.527780
vt -3.472807 0.518179
vt -3.466526 0.518179
vt -3.472807 0.527780
vt -3.466526 0.526413
vt 4.472807 0.527780
vt 4.466526 0.526413
vt 4.472807 0.518179
vt 4.466526 0.518179
vt -0.110728 0.518179
vt -0.108735 0.518179
vt -0.110728 0.526413
vt -0.108735 0.526413
vt -0.108735 4.472807
vt -0.110728 4.472807
vt -0.108735 4.466526
vt -0.110728 4.466526
vt 1.110728 0.527780
vt 1.108735 0.527780
vt 1.110728 0.518179
vt 1.108735 0.518179
vt -0.099577 0.508166
vt -0.101266 0.508166
vt -0.101266 0.506474
vt -0.095500 0.506474
vt -0.095500 0.508166
vt -0.097189 0.508166
vt -0.097189 0.502390
vt -0.095500 0.502390
vt -0.095500 0.504082
vt -0.101266 0.504082
vt -0.101266 0.502390
vt -0.099577 0.502390
vt 1.091368 0.502390
vt 1.091368 0.500000
vt 1.098370 0.502390
vt 1.098370 0.500000
vt 1.106630 0.502390
vt 1.106630 0.500000
vt 1.114890 0.502390
vt 1.114890 0.500000
vt 1.121893 0.502390
vt 1.121893 0.500000
vt -3.453866 0.502390
vt -3.474509 0.502390
vt -3.453866 0.500000
vt -3.474509 0.500000
vt -0.091368 0.502390
vt -0.121893 0.502390
vt -0.091368 0.500000
vt -0.121893 0.500000
vt 4.474509 0.502390
vt 4.453866 0.502390
vt 4.474509 0.500000
vt 4.453866 0.500000
vt -3.464849 0.520539
vt -3.466259 0.517987
vt -3.461973 0.520539
vt -3.457835 0.513383
vt -3.463334 0.511084
vt -3.461057 0.510131
vt -3.458778 0.511083
vt 4.464849 0.520539
vt 4.461973 0.520539
vt 4.466259 0.517987
vt 4.457835 0.513383
vt 4.463334 0.511084
vt 4.458778 0.511083
vt 4.461057 0.510131
vt 1.101266 0.517987
vt 1.101266 0.520539
vt 1.099112 0.517987
vt 1.099112 0.520539
vt -0.101266 4.464849
vt -0.101266 4.461973
vt -0.099112 4.464849
vt -0.099112 4.461973
vt -0.101266 0.520539
vt -0.101266 0.513383
vt -0.099112 0.520539
vt -0.099112 0.513383
vt -0.099112 0.511083
vt -0.101266 0.511083
vt 4.464850 0.520539
vt 4.458778 0.511084
vt 4.461056 0.510131
vt -3.461056 0.510131
vt -3.458778 0.511084
vt 1.111995 0.517987
vt 1.114148 0.517987
vt 1.111995 0.520539
vt 1.114149 0.520539
vt -0.111995 4.464850
vt -0.114149 4.464849
vt -0.111995 4.461973
vt -0.114149 4.461973
vt -0.111995 0.520539
vt -0.114149 0.520539
vt -0.111995 0.513383
vt -0.114148 0.513383
vt -0.111995 0.511084
vt -0.114149 0.511084
vt -0.116519 4.465497
vt -0.116519 4.456478
vt -0.111946 4.465497
vt -0.111946 4.456478
vt -3.456478 0.505307
vt -3.465497 0.505307
vt -3.456478 0.502390
vt -3.465497 0.502390
vt 1.111946 0.505307
vt 1.111946 0.502390
vt 1.116519 0.505307
vt 1.116519 0.502390
vt -0.111946 0.502390
vt -0.111946 0.505307
vt -0.116519 0.502390
vt -0.116519 0.505307
vt 4.465497 0.502390
vt 4.465497 0.505307
vt 4.456478 0.502390
vt 4.456478 0.505307
vt 1.111671 0.502390
vt 1.111671 0.508365
vt 1.110293 0.502390
vt 1.110293 0.508365
vt 4.472129 0.502390
vt 4.469726 0.508365
vt 4.463145 0.502390
vt 4.463145 0.510785
vt -3.463145 0.510785
vt -3.469726 0.508365
vt -3.463145 0.502390
vt -3.472129 0.502390
vt 1.101540 0.502390
vt 1.102918 0.502390
vt 1.101540 0.508365
vt 1.102918 0.508365
vt -0.110293 4.469726
vt -0.111671 4.469726
vt -0.110293 4.463145
vt -0.111671 4.463145
vt -0.101540 4.469726
vt -0.102918 4.469726
vt -0.101540 4.463145
vt -0.102918 4.463145
vt -0.105535 4.456454
vt -0.101485 4.456454
vt -0.105535 4.458716
vt -0.101485 4.458716
vt -3.458716 0.502390
vt -3.454911 0.502390
vt -3.458716 0.507057
vt -3.456454 0.507057
vt -3.454911 0.504923
vt 1.101485 0.507057
vt 1.101485 0.502390
vt 1.105536 0.507057
vt 1.105536 0.502390
vt -0.101485 0.502390
vt -0.101485 0.504923
vt -0.105536 0.502390
vt -0.105535 0.504923
vt 4.458716 0.502390
vt 4.458716 0.507057
vt 4.454911 0.502390
vt 4.456454 0.507057
vt 4.454911 0.504923
vt -0.101485 0.507057
vt -0.105535 0.507057
vt 1.099112 0.511084
vt 1.101266 0.511084
vt 1.101266 4.463334
vt 1.099112 4.463334
vt 1.101266 4.461057
vt 1.099112 4.461057
vt 1.101266 4.458778
vt 1.099112 4.458778
vt 1.111995 0.511084
vt 1.114148 0.511084
vt 1.114148 4.463334
vt 1.111995 4.463334
vt 1.114148 4.461056
vt 1.111995 4.461056
vt 1.114149 4.458778
vt 1.111995 4.458778
vt 1.110019 0.502390
vt 1.110019 0.506820
vt 1.111946 0.512209
vt 1.109154 0.509763
vt 1.106630 0.512209
vt 1.106630 0.510499
vt 1.104106 0.509763
vt 1.101315 0.512209
vt 1.103193 0.506820
vt 1.101266 0.502390
vt 1.103193 0.502390
vt 4.463145 0.506820
vt 4.463145 0.509763
vt 4.458398 0.506820
vt 4.458398 0.509763
vt 1.109154 4.463145
vt 1.106630 4.463145
vt 1.109154 4.458398
vt 1.106630 4.458398
vt 1.104106 4.463145
vt 1.104106 4.458398
vt -3.463145 0.506820
vt -3.458398 0.506820
vt -3.458398 0.502390
vt 4.458398 0.502390
vt -3.463145 0.509763
vt -3.458398 0.509763
vt -0.103193 0.502390
vt -0.103193 0.506820
vt -0.101315 0.512209
vt -0.104106 0.509763
vt -0.106630 0.512209
vt -0.106630 0.510499
vt -0.111946 0.512209
vt -0.109154 0.509763
vt -0.110019 0.506820
vt -0.110019 0.502390
vt -0.101315 0.513903
vt -0.106630 0.513903
vt -0.111946 0.513903
vt -3.463145 0.512209
vt -3.458398 0.512209
vt -3.459093 0.513903
vt -3.462450 0.513903
vt -3.460772 0.514605
vt -0.111946 4.459093
vt -0.106630 4.459093
vt -0.111946 4.460772
vt -0.106630 4.460772
vt -0.101315 4.459093
vt -0.111946 4.462450
vt -0.101315 4.460772
vt -0.106630 4.462450
vt -0.101315 4.462450
vt 1.101315 0.513903
vt 1.106630 0.513903
vt 1.111946 0.513903
vt 4.458398 0.512209
vt 4.463145 0.512209
vt 4.462450 0.513903
vt 4.459093 0.513903
vt 4.460772 0.514605
vt -0.115222 4.470362
vt -0.115222 4.466700
vt -0.111946 4.470362
vt -0.111946 4.466700
vt -3.466700 0.507881
vt -3.470362 0.507881
vt -3.466700 0.502390
vt -3.470362 0.502390
vt 1.111946 0.507881
vt 1.115222 0.507881
vt 1.115222 0.502390
vt -0.111946 0.507881
vt -0.115222 0.502390
vt -0.115222 0.507881
vt 4.470362 0.502390
vt 4.470362 0.507881
vt 4.466700 0.502390
vt 4.466700 0.507881
vt -0.101266 4.464155
vt -0.101266 4.455861
vt -0.099577 4.464154
vt -0.099577 4.455861
vt -0.097189 4.464154
vt -0.097189 4.455861
vt -0.095500 4.464155
vt -0.095500 4.455861
vt 4.455861 0.504082
vt 4.464154 0.504082
vt 4.455861 0.506474
vt 4.464155 0.506474
vt 1.095500 4.464154
vt 1.095500 4.455861
vt 1.097189 4.464155
vt 1.097189 4.455861
vt 1.099577 4.464154
vt 1.099577 4.455861
vt 1.101266 4.464154
vt 1.101266 4.455861
vt -3.455861 0.506474
vt -3.464155 0.506474
vt -3.455861 0.504082
vt -3.464154 0.504082
vt -0.101266 4.467882
vt -0.095500 4.467882
vt -0.095500 4.464154
vt -3.464155 0.508166
vt -3.467882 0.508166
vt -3.467882 0.502390
vt -3.464154 0.502390
vt 4.467882 0.508166
vt 4.464154 0.508166
vt 4.467882 0.502390
vt 4.464155 0.502390
vt 1.095500 4.467882
vt 1.095500 4.464155
vt 1.101266 4.467882
vt 1.101266 0.508166
vt 1.095500 0.502390
vt 1.095500 0.508166
vt -0.098383 0.505278
vt -3.464691 0.504075
vt -3.464691 0.502390
vt -3.462501 0.504075
vt -3.462501 0.502390
vt -3.460311 0.504075
vt -3.460311 0.502390
vt 1.108837 0.502390
vt 1.108837 0.504075
vt 1.106630 0.504075
vt 1.104424 0.502390
vt 1.104424 0.504075
vt 4.464691 0.502390
vt 4.464691 0.504075
vt 4.462501 0.502390
vt 4.462501 0.504075
vt 4.460311 0.502390
vt 4.460311 0.504075
vt -0.104424 0.502390
vt -0.104424 0.504075
vt -0.106630 0.502390
vt -0.106630 0.504075
vt -0.108837 0.502390
vt -0.108837 0.504075
vt -0.106630 4.459404
vt -0.106630 4.462501
vt -0.108837 4.460311
vt -0.109751 4.462501
vt -0.104424 4.460311
vt -0.108837 4.464691
vt -0.103510 4.462501
vt -0.106630 4.465598
vt -0.104424 4.464691
s 0
f 3/1/1 2/2/1 1/3/1
f 4/4/1 1/3/1 2/2/1
f 7/5/2 6/6/2 5/7/2
f 8/8/2 5/7/2 6/6/2
f 11/9/3 10/10/3 9/11/3
f 12/12/3 9/11/3 10/10/3
f 15/13/4 14/14/4 13/15/4
f 16/16/4 13/15/4 14/14/4
f 19/17/5 18/18/5 17/19/5
f 20/20/5 17/19/5 18/18/5
f 23/21/1 22/22/1 21/23/1
f 24/24/1 21/23/1 22/22/1
f 27/25/2 26/26/2 25/27/2
f 28/28/2 25/27/2 26/26/2
f 31/29/3 30/30/3 29/31/3
f 32/32/3 29/31/3 30/30/3
f 35/18/5 34/20/5 33/17/5
f 36/19/5 33/17/5 34/20/5
f 39/14/4 38/16/4 37/13/4
f 40/15/4 37/13/4 38/16/4
f 46/33/1 45/34/1 44/35/1
f 49/36/1 48/37/1 47/38/1
f 52/39/1 51/40/1 50/41/1
f 55/42/1 54/43/1 53/44/1
f 58/45/6 57/46/6 56/47/6
f 59/48/6 56/47/6 57/46/6
f 56/47/7 59/48/7 60/49/7
f 61/50/7 60/49/7 59/48/7
f 60/49/8 61/50/8 62/51/8
f 63/52/8 62/51/8 61/50/8
f 62/51/9 63/52/9 64/53/9
f 65/54/9 64/53/9 63/52/9
f 68/55/4 67/56/4 66/57/4
f 69/58/4 66/57/4 67/56/4
f 72/59/1 71/60/1 70/61/1
f 73/62/1 70/61/1 71/60/1
f 76/63/5 75/64/5 74/65/5
f 77/66/5 74/65/5 75/64/5
f 80/67/4 79/68/4 78/69/4
f 78/69/4 79/68/4 81/70/4
f 82/71/4 81/70/4 79/68/4
f 82/71/4 83/72/4 81/70/4
f 84/73/4 81/70/4 83/72/4
f 87/74/5 86/75/5 85/76/5
f 86/75/5 88/77/5 85/76/5
f 89/78/5 85/76/5 88/77/5
f 88/77/5 90/79/5 89/78/5
f 91/80/5 89/78/5 90/79/5
f 94/81/10 93/82/10 92/83/10
f 95/84/10 92/83/10 93/82/10
f 98/85/11 97/86/11 96/87/11
f 99/88/11 96/87/11 97/86/11
f 102/89/12 101/90/12 100/91/12
f 103/92/12 100/91/12 101/90/12
f 103/92/13 101/90/13 104/93/13
f 105/94/13 104/93/13 101/90/13
f 108/1/1 107/2/1 106/3/1
f 109/4/1 106/3/1 107/2/1
f 112/5/2 111/6/2 110/7/2
f 113/8/2 110/7/2 111/6/2
f 116/9/3 115/10/3 114/11/3
f 117/12/3 114/11/3 115/10/3
f 120/13/4 119/14/4 118/15/4
f 121/16/4 118/15/4 119/14/4
f 124/17/5 123/18/5 122/19/5
f 125/20/5 122/19/5 123/18/5
f 128/76/5 127/95/5 126/75/5
f 126/75/5 129/77/5 128/76/5
f 130/78/5 128/76/5 129/77/5
f 129/77/5 131/96/5 130/78/5
f 132/97/5 130/78/5 131/96/5
f 135/69/4 134/67/4 133/68/4
f 135/69/4 133/68/4 136/70/4
f 137/71/4 136/70/4 133/68/4
f 137/71/4 138/98/4 136/70/4
f 139/99/4 136/70/4 138/98/4
f 142/100/10 141/101/10 140/102/10
f 143/103/10 140/102/10 141/101/10
f 146/104/11 145/105/11 144/106/11
f 147/107/11 144/106/11 145/105/11
f 150/108/12 149/109/12 148/110/12
f 151/111/12 148/110/12 149/109/12
f 148/110/13 151/111/13 152/112/13
f 153/113/13 152/112/13 151/111/13
f 156/21/1 155/22/1 154/23/1
f 157/24/1 154/23/1 155/22/1
f 160/25/2 159/26/2 158/27/2
f 161/28/2 158/27/2 159/26/2
f 164/29/3 163/30/3 162/31/3
f 165/32/3 162/31/3 163/30/3
f 168/18/5 167/20/5 166/17/5
f 169/19/5 166/17/5 167/20/5
f 172/14/4 171/16/4 170/13/4
f 173/15/4 170/13/4 171/16/4
f 176/114/11 175/115/11 174/116/11
f 177/117/11 174/116/11 175/115/11
f 180/118/4 179/119/4 178/120/4
f 181/121/4 178/120/4 179/119/4
f 184/122/3 183/123/3 182/124/3
f 185/125/3 182/124/3 183/123/3
f 188/126/1 187/127/1 186/128/1
f 189/129/1 186/128/1 187/127/1
f 192/130/5 191/131/5 190/132/5
f 193/133/5 190/132/5 191/131/5
f 196/134/14 195/135/14 194/136/14
f 197/137/14 194/136/14 195/135/14
f 200/138/5 199/139/5 198/140/5
f 201/141/5 198/140/5 199/139/5
f 204/142/4 203/143/4 202/144/4
f 205/145/4 202/144/4 203/143/4
f 208/146/14 207/147/14 206/148/14
f 209/149/14 206/148/14 207/147/14
f 212/142/4 211/143/4 210/144/4
f 213/145/4 210/144/4 211/143/4
f 216/138/5 215/139/5 214/140/5
f 217/141/5 214/140/5 215/139/5
f 220/150/15 219/151/15 218/152/15
f 221/153/15 218/152/15 219/151/15
f 224/154/15 223/155/15 222/156/15
f 225/157/15 222/156/15 223/155/15
f 228/158/11 227/159/11 226/160/11
f 229/161/11 226/160/11 227/159/11
f 232/162/4 231/163/4 230/164/4
f 230/164/4 231/163/4 233/165/4
f 233/165/4 231/163/4 234/166/4
f 237/167/3 236/168/3 235/169/3
f 238/170/3 235/169/3 236/168/3
f 241/171/1 240/172/1 239/173/1
f 242/174/1 239/173/1 240/172/1
f 245/175/5 244/176/5 243/177/5
f 244/176/5 246/178/5 243/177/5
f 243/177/5 246/178/5 247/179/5
f 250/172/16 249/180/16 248/174/16
f 251/181/16 248/174/16 249/180/16
f 254/182/17 253/183/17 252/83/17
f 255/81/17 252/83/17 253/183/17
f 258/184/18 257/185/18 256/186/18
f 259/187/18 256/186/18 257/185/18
f 256/186/19 259/187/19 260/188/19
f 261/189/20 260/188/20 259/187/20
f 264/100/17 263/190/17 262/101/17
f 265/191/17 262/101/17 263/190/17
f 268/192/21 267/193/21 266/194/21
f 269/195/21 266/194/21 267/193/21
f 266/194/22 269/195/22 270/196/22
f 271/197/22 270/196/22 269/195/22
f 274/198/3 273/123/3 272/199/3
f 275/200/3 272/199/3 273/123/3
f 276/201/3 272/199/3 275/200/3
f 275/200/3 277/202/3 276/201/3
f 278/203/3 276/201/3 277/202/3
f 278/203/3 277/202/3 279/204/3
f 280/205/3 279/204/3 277/202/3
f 281/206/3 279/204/3 280/205/3
f 280/205/3 282/207/3 281/206/3
f 283/208/3 281/206/3 282/207/3
f 286/209/23 285/210/23 284/211/23
f 287/212/23 284/211/23 285/210/23
f 290/213/24 289/214/24 288/215/24
f 291/216/24 288/215/24 289/214/24
f 289/214/25 292/217/25 291/216/25
f 293/218/25 291/216/25 292/217/25
f 296/219/4 295/144/4 294/220/4
f 297/221/4 294/220/4 295/144/4
f 300/140/5 299/209/5 298/222/5
f 301/211/5 298/222/5 299/209/5
f 304/223/26 303/219/26 302/224/26
f 305/220/26 302/224/26 303/219/26
f 308/225/1 307/43/1 306/226/1
f 309/227/1 306/226/1 307/43/1
f 306/226/1 309/227/1 310/228/1
f 309/227/1 311/229/1 310/228/1
f 312/230/1 310/228/1 311/229/1
f 311/229/1 313/231/1 312/230/1
f 314/232/1 312/230/1 313/231/1
f 315/233/1 314/232/1 313/231/1
f 313/231/1 316/126/1 315/233/1
f 317/234/1 315/233/1 316/126/1
f 320/235/27 319/236/27 318/227/27
f 321/229/27 318/227/27 319/236/27
f 319/236/27 322/237/27 321/229/27
f 323/231/27 321/229/27 322/237/27
f 326/144/4 325/221/4 324/238/4
f 327/239/4 324/238/4 325/221/4
f 327/239/4 328/240/4 324/238/4
f 329/241/4 324/238/4 328/240/4
f 330/242/4 329/241/4 328/240/4
f 333/243/28 332/244/28 331/245/28
f 334/246/28 331/245/28 332/244/28
f 332/244/28 335/247/28 334/246/28
f 331/245/29 334/246/29 336/248/29
f 337/249/28 334/246/28 335/247/28
f 338/250/29 336/248/29 334/246/29
f 334/246/29 337/249/29 338/250/29
f 339/251/29 338/250/29 337/249/29
f 342/205/30 341/202/30 340/252/30
f 343/253/30 340/252/30 341/202/30
f 341/202/30 344/200/30 343/253/30
f 345/254/30 343/253/30 344/200/30
f 348/222/31 347/140/31 346/255/31
f 349/256/31 346/255/31 347/140/31
f 349/256/5 350/257/5 346/255/5
f 351/258/5 346/255/5 350/257/5
f 352/259/5 351/258/5 350/257/5
f 355/260/11 354/261/11 353/262/11
f 356/263/11 353/262/11 354/261/11
f 359/264/4 358/265/4 357/266/4
f 360/267/4 357/266/4 358/265/4
f 363/268/3 362/123/3 361/269/3
f 364/270/3 361/269/3 362/123/3
f 367/126/1 366/271/1 365/272/1
f 368/273/1 365/272/1 366/271/1
f 371/274/5 370/275/5 369/276/5
f 372/277/5 369/276/5 370/275/5
f 375/278/32 374/279/32 373/280/32
f 376/281/32 373/280/32 374/279/32
f 373/280/11 376/281/11 377/282/11
f 378/283/11 377/282/11 376/281/11
f 377/282/33 378/283/33 379/284/33
f 380/285/33 379/284/33 378/283/33
f 383/286/5 382/287/5 381/288/5
f 384/289/5 381/288/5 382/287/5
f 387/290/34 386/291/34 385/292/34
f 388/293/34 385/292/34 386/291/34
f 385/292/35 388/293/35 389/294/35
f 390/295/35 389/294/35 388/293/35
f 389/294/36 390/295/36 391/296/36
f 392/297/36 391/296/36 390/295/36
f 395/298/4 394/299/4 393/300/4
f 396/301/4 393/300/4 394/299/4
f 399/280/11 398/302/11 397/278/11
f 398/302/11 399/280/11 400/303/11
f 401/282/11 400/303/11 399/280/11
f 402/304/11 400/303/11 401/282/11
f 405/305/4 404/306/4 403/299/4
f 403/299/4 404/306/4 406/301/4
f 407/307/4 406/301/4 404/306/4
f 406/301/4 407/307/4 408/308/4
f 411/289/5 410/309/5 409/310/5
f 410/309/5 411/289/5 412/311/5
f 413/287/5 412/311/5 411/289/5
f 414/312/5 412/311/5 413/287/5
f 417/292/35 416/313/35 415/314/35
f 416/313/35 417/292/35 418/315/35
f 419/294/35 418/315/35 417/292/35
f 420/296/35 418/315/35 419/294/35
f 423/207/3 422/316/3 421/317/3
f 424/318/3 421/317/3 422/316/3
f 427/44/37 426/319/37 425/42/37
f 425/42/38 426/319/38 428/35/38
f 429/39/39 426/319/39 427/44/39
f 428/35/40 426/319/40 430/33/40
f 431/41/41 426/319/41 429/39/41
f 430/33/42 426/319/42 432/38/42
f 433/36/43 426/319/43 431/41/43
f 432/38/44 426/319/44 433/36/44
f 436/320/45 435/321/45 434/322/45
f 437/323/45 434/322/45 435/321/45
f 434/322/46 437/323/46 438/324/46
f 439/325/46 438/324/46 437/323/46
f 442/326/47 441/327/47 440/49/47
f 443/328/47 440/49/47 441/327/47
f 440/49/48 443/328/48 444/329/48
f 445/330/48 444/329/48 443/328/48
f 448/331/49 447/332/49 446/333/49
f 449/334/49 446/333/49 447/332/49
f 446/333/50 449/334/50 450/335/50
f 451/336/50 450/335/50 449/334/50
f 454/337/51 453/338/51 452/339/51
f 455/340/51 452/339/51 453/338/51
f 452/339/52 455/340/52 456/341/52
f 457/342/52 456/341/52 455/340/52
f 460/343/11 459/344/11 458/345/11
f 458/345/11 459/344/11 461/346/11
f 462/347/11 459/344/11 460/343/11
f 461/346/11 459/344/11 463/348/11
f 464/349/11 459/344/11 462/347/11
f 463/348/11 459/344/11 465/350/11
f 466/351/11 459/344/11 464/349/11
f 465/350/11 459/344/11 466/351/11
l 41 42
l 42 43
g Atlanta_gun_28_x4_extd_Atlanta_gun_28_x4_001.002
v 0.239270 1.183661 2.152078
v 0.186464 1.183661 1.869443
v 0.223803 1.221000 2.152078
v 0.223804 1.146322 2.152078
v 0.223803 1.221000 2.152078
v 0.186464 1.183661 1.869443
v 0.186464 1.236466 2.152079
v 0.149126 1.221000 2.152078
v 0.149126 1.221000 2.152078
v 0.186464 1.183661 1.869443
v 0.133659 1.183661 2.152078
v 0.149126 1.146322 2.152078
v 0.149126 1.146322 2.152078
v 0.186464 1.183661 1.869443
v 0.186464 1.130856 2.152078
v 0.223804 1.146322 2.152078
v -0.245929 1.183661 2.152078
v -0.230462 1.221000 2.152078
v -0.193123 1.183661 1.869443
v -0.230462 1.146322 2.152078
v -0.230462 1.221000 2.152078
v -0.193123 1.236465 2.152078
v -0.193123 1.183661 1.869443
v -0.155784 1.221000 2.152078
v -0.155784 1.221000 2.152078
v -0.140318 1.183661 2.152078
v -0.193123 1.183661 1.869443
v -0.155784 1.146322 2.152078
v -0.155784 1.146322 2.152078
v -0.193123 1.130856 2.152078
v -0.193123 1.183661 1.869443
v -0.230462 1.146322 2.152078
v 0.186466 1.074967 0.301163
v 0.263324 1.106802 0.979971
v 0.263326 1.106802 0.301163
v 0.186465 1.074966 0.979971
v 0.109608 1.106803 0.301163
v 0.109605 1.106802 0.979971
v 0.077771 1.183662 0.301163
v 0.109605 1.106802 0.979971
v 0.109608 1.106803 0.301163
v 0.077769 1.183661 0.979971
v 0.109608 1.260522 0.301163
v 0.109605 1.260521 0.979971
v 0.186466 1.292358 0.301163
v 0.109605 1.260521 0.979971
v 0.109608 1.260522 0.301163
v 0.186465 1.292357 0.979971
v 0.263326 1.260521 0.301163
v 0.263324 1.260521 0.979971
v 0.295162 1.183662 0.301163
v 0.263324 1.260521 0.979971
v 0.263326 1.260521 0.301163
v 0.295160 1.183661 0.979971
v 0.263326 1.106802 0.301163
v 0.263324 1.106802 0.979971
v -0.269982 1.106802 0.979971
v -0.193123 1.074967 0.301163
v -0.269983 1.106803 0.301163
v -0.193123 1.074966 0.979971
v -0.116264 1.106803 0.301163
v -0.116263 1.106802 0.979971
v -0.116263 1.106802 0.979971
v -0.084428 1.183662 0.301163
v -0.116264 1.106803 0.301163
v -0.084427 1.183661 0.979971
v -0.116264 1.260522 0.301163
v -0.116263 1.260521 0.979971
v -0.116263 1.260521 0.979971
v -0.193123 1.292358 0.301163
v -0.116264 1.260522 0.301163
v -0.193122 1.292357 0.979971
v -0.269983 1.260521 0.301163
v -0.269982 1.260521 0.979971
v -0.269982 1.260521 0.979971
v -0.301819 1.183662 0.301163
v -0.269983 1.260521 0.301163
v -0.301818 1.183662 0.979971
v -0.269983 1.106803 0.301163
v -0.269982 1.106802 0.979971
v 0.268488 1.265682 -1.063690
v 0.104447 1.101642 -1.063688
v 0.268488 1.101641 -1.063690
v 0.104447 1.265683 -1.063688
v 0.104445 1.101641 -0.843204
v 0.268488 1.101641 -1.063690
v 0.104447 1.101642 -1.063688
v 0.268486 1.101641 -0.843204
v 0.104445 1.265682 -0.843204
v 0.104447 1.101642 -1.063688
v 0.104447 1.265683 -1.063688
v 0.104445 1.101641 -0.843204
v 0.268486 1.265682 -0.843204
v 0.104447 1.265683 -1.063688
v 0.268488 1.265682 -1.063690
v 0.104445 1.265682 -0.843204
v 0.268486 1.101641 -0.843204
v 0.268488 1.265682 -1.063690
v 0.268488 1.101641 -1.063690
v 0.268486 1.265682 -0.843204
v -0.111103 1.101642 -1.063689
v -0.275143 1.265682 -1.063690
v -0.275143 1.101642 -1.063690
v -0.111103 1.265682 -1.063689
v -0.275142 1.101641 -0.843205
v -0.111103 1.101642 -1.063689
v -0.275143 1.101642 -1.063690
v -0.111101 1.101641 -0.843205
v -0.111101 1.101641 -0.843205
v -0.111103 1.265682 -1.063689
v -0.111103 1.101642 -1.063689
v -0.111101 1.265682 -0.843204
v -0.111101 1.265682 -0.843204
v -0.275143 1.265682 -1.063690
v -0.111103 1.265682 -1.063689
v -0.275142 1.265682 -0.843204
v -0.275142 1.265682 -0.843204
v -0.275143 1.101642 -1.063690
v -0.275143 1.265682 -1.063690
v -0.275142 1.101641 -0.843205
v 0.263324 1.260521 0.979971
v 0.186465 1.183661 1.047724
v 0.186465 1.292357 0.979971
v 0.295160 1.183661 0.979971
v 0.109605 1.260521 0.979971
v 0.263324 1.106802 0.979971
v 0.077769 1.183661 0.979971
v 0.186465 1.074966 0.979971
v 0.109605 1.106802 0.979971
v 0.109608 1.260522 0.301163
v 0.186466 1.183662 0.233745
v 0.186466 1.292358 0.301163
v 0.077771 1.183662 0.301163
v 0.263326 1.260521 0.301163
v 0.109608 1.106803 0.301163
v 0.295162 1.183662 0.301163
v 0.186466 1.074967 0.301163
v 0.263326 1.106802 0.301163
v -0.269982 1.260521 0.979971
v -0.193122 1.292357 0.979971
v -0.193123 1.183661 1.047724
v -0.301818 1.183662 0.979971
v -0.116263 1.260521 0.979971
v -0.269982 1.106802 0.979971
v -0.084427 1.183661 0.979971
v -0.193123 1.074966 0.979971
v -0.116263 1.106802 0.979971
v -0.116264 1.260522 0.301163
v -0.193123 1.292358 0.301163
v -0.193123 1.183662 0.233745
v -0.084428 1.183662 0.301163
v -0.269983 1.260521 0.301163
v -0.116264 1.106803 0.301163
v -0.301819 1.183662 0.301163
v -0.193123 1.074967 0.301163
v -0.269983 1.106803 0.301163
v -0.766183 1.671300 -0.199396
v -0.871847 1.671300 -0.199396
v -0.819015 1.649416 -0.199396
v -0.871847 1.776965 -0.199396
v -0.893731 1.724133 -0.199396
v -0.766183 1.776965 -0.199396
v -0.744298 1.724133 -0.199396
v -0.819015 1.798849 -0.199396
v 0.602151 1.183661 2.152078
v 0.549346 1.183661 1.869443
v 0.586685 1.221000 2.152078
v 0.586685 1.146322 2.152078
v 0.586685 1.221000 2.152078
v 0.549346 1.183661 1.869443
v 0.549346 1.236466 2.152079
v 0.512007 1.221000 2.152078
v 0.512007 1.221000 2.152078
v 0.549346 1.183661 1.869443
v 0.496541 1.183661 2.152078
v 0.512007 1.146322 2.152078
v 0.512007 1.146322 2.152078
v 0.549346 1.183661 1.869443
v 0.549346 1.130856 2.152078
v 0.586685 1.146322 2.152078
v -0.611421 1.183661 2.152078
v -0.595955 1.221000 2.152078
v -0.558616 1.183661 1.869443
v -0.595955 1.146322 2.152078
v -0.595955 1.221000 2.152078
v -0.558616 1.236465 2.152078
v -0.558616 1.183661 1.869443
v -0.521277 1.221000 2.152078
v -0.521277 1.221000 2.152078
v -0.505810 1.183661 2.152078
v -0.558616 1.183661 1.869443
v -0.521277 1.146322 2.152078
v -0.521277 1.146322 2.152078
v -0.558616 1.130856 2.152078
v -0.558616 1.183661 1.869443
v -0.595955 1.146322 2.152078
v -0.744299 1.724132 0.194460
v -0.819015 1.798849 0.194460
v -0.766182 1.776964 0.194460
v -0.893731 1.724132 0.194460
v -0.871847 1.776964 0.194460
v -0.819015 1.649416 0.194460
v -0.766182 1.671300 0.194460
v -0.871847 1.671300 0.194460
v 0.549347 1.074967 0.301163
v 0.626205 1.106802 0.979971
v 0.626207 1.106802 0.301163
v 0.549347 1.074966 0.979971
v 0.472489 1.106803 0.301163
v 0.472487 1.106802 0.979971
v 0.440653 1.183662 0.301163
v 0.472487 1.106802 0.979971
v 0.472489 1.106803 0.301163
v 0.440651 1.183661 0.979971
v 0.472489 1.260522 0.301163
v 0.472487 1.260521 0.979971
v 0.549348 1.292358 0.301163
v 0.472487 1.260521 0.979971
v 0.472489 1.260522 0.301163
v 0.549346 1.292357 0.979971
v 0.626207 1.260521 0.301163
v 0.626205 1.260521 0.979971
v 0.658043 1.183662 0.301163
v 0.626205 1.260521 0.979971
v 0.626207 1.260521 0.301163
v 0.658042 1.183661 0.979971
v 0.626207 1.106802 0.301163
v 0.626205 1.106802 0.979971
v -0.635474 1.106802 0.979971
v -0.558615 1.074967 0.301163
v -0.635475 1.106803 0.301163
v -0.558615 1.074966 0.979971
v -0.481757 1.106803 0.301163
v -0.481756 1.106802 0.979971
v -0.481756 1.106802 0.979971
v -0.449920 1.183662 0.301163
v -0.481757 1.106803 0.301163
v -0.449919 1.183661 0.979971
v -0.481757 1.260522 0.301163
v -0.481756 1.260521 0.979971
v -0.481756 1.260521 0.979971
v -0.558616 1.292358 0.301163
v -0.481757 1.260522 0.301163
v -0.558615 1.292357 0.979971
v -0.635475 1.260521 0.301163
v -0.635474 1.260521 0.979971
v -0.635474 1.260521 0.979971
v -0.667311 1.183662 0.301163
v -0.635475 1.260521 0.301163
v -0.667310 1.183662 0.979971
v -0.635475 1.106803 0.301163
v -0.635474 1.106802 0.979971
v 0.631369 1.265682 -1.063690
v 0.467329 1.101642 -1.063688
v 0.631369 1.101641 -1.063690
v 0.467329 1.265683 -1.063688
v 0.467327 1.101641 -0.843204
v 0.631369 1.101641 -1.063690
v 0.467329 1.101642 -1.063688
v 0.631368 1.101641 -0.843204
v 0.467327 1.265682 -0.843204
v 0.467329 1.101642 -1.063688
v 0.467329 1.265683 -1.063688
v 0.467327 1.101641 -0.843204
v 0.631368 1.265682 -0.843204
v 0.467329 1.265683 -1.063688
v 0.631369 1.265682 -1.063690
v 0.467327 1.265682 -0.843204
v 0.631368 1.101641 -0.843204
v 0.631369 1.265682 -1.063690
v 0.631369 1.101641 -1.063690
v 0.631368 1.265682 -0.843204
v -0.476595 1.101642 -1.063689
v -0.640636 1.265682 -1.063690
v -0.640636 1.101642 -1.063690
v -0.476595 1.265682 -1.063689
v -0.640635 1.101641 -0.843205
v -0.476595 1.101642 -1.063689
v -0.640636 1.101642 -1.063690
v -0.476594 1.101641 -0.843205
v -0.476594 1.101641 -0.843205
v -0.476595 1.265682 -1.063689
v -0.476595 1.101642 -1.063689
v -0.476594 1.265682 -0.843204
v -0.476594 1.265682 -0.843204
v -0.640636 1.265682 -1.063690
v -0.476595 1.265682 -1.063689
v -0.640635 1.265682 -0.843204
v -0.640635 1.265682 -0.843204
v -0.640636 1.101642 -1.063690
v -0.640636 1.265682 -1.063690
v -0.640635 1.101641 -0.843205
v 0.626205 1.260521 0.979971
v 0.549347 1.183661 1.047724
v 0.549346 1.292357 0.979971
v 0.658042 1.183661 0.979971
v 0.472487 1.260521 0.979971
v 0.626205 1.106802 0.979971
v 0.440651 1.183661 0.979971
v 0.549347 1.074966 0.979971
v 0.472487 1.106802 0.979971
v 0.472489 1.260522 0.301163
v 0.549347 1.183662 0.233745
v 0.549348 1.292358 0.301163
v 0.440653 1.183662 0.301163
v 0.626207 1.260521 0.301163
v 0.472489 1.106803 0.301163
v 0.658043 1.183662 0.301163
v 0.549347 1.074967 0.301163
v 0.626207 1.106802 0.301163
v -0.635474 1.260521 0.979971
v -0.558615 1.292357 0.979971
v -0.558616 1.183661 1.047724
v -0.667310 1.183662 0.979971
v -0.481756 1.260521 0.979971
v -0.635474 1.106802 0.979971
v -0.449919 1.183661 0.979971
v -0.558615 1.074966 0.979971
v -0.481756 1.106802 0.979971
v -0.481757 1.260522 0.301163
v -0.558616 1.292358 0.301163
v -0.558615 1.183662 0.233745
v -0.449920 1.183662 0.301163
v -0.635475 1.260521 0.301163
v -0.481757 1.106803 0.301163
v -0.667311 1.183662 0.301163
v -0.558615 1.074967 0.301163
v -0.635475 1.106803 0.301163
vn -0.9104 -0.3771 0.1701
vn -0.9104 0.3771 0.1701
vn -0.3771 -0.9104 0.1701
vn 0.3771 -0.9104 0.1701
vn 0.9104 -0.3771 0.1701
vn 0.9104 0.3771 0.1701
vn 0.3771 0.9104 0.1701
vn -0.3771 0.9104 0.1701
vn 0.3827 -0.9239 -0.0000
vn -0.3827 -0.9239 -0.0000
vn -0.9239 -0.3827 -0.0000
vn -0.9239 0.3827 -0.0000
vn -0.3827 0.9239 -0.0000
vn 0.3827 0.9239 -0.0000
vn 0.9239 0.3827 -0.0000
vn 0.9239 -0.3827 -0.0000
vn -0.0000 -0.0000 -1.0000
vn -0.0000 -1.0000 -0.0000
vn -1.0000 -0.0000 -0.0000
vn -0.0000 1.0000 -0.0000
vn 1.0000 -0.0000 -0.0000
vn 0.2140 0.5167 0.8290
vn 0.5167 0.2140 0.8290
vn -0.2140 0.5167 0.8290
vn 0.5167 -0.2140 0.8290
vn -0.5167 0.2140 0.8290
vn 0.2140 -0.5167 0.8290
vn -0.5167 -0.2140 0.8290
vn -0.2140 -0.5167 0.8290
vn -0.2133 0.5150 -0.8303
vn -0.5150 0.2133 -0.8302
vn 0.2133 0.5150 -0.8303
vn -0.5150 -0.2133 -0.8302
vn 0.5150 0.2133 -0.8303
vn -0.2133 -0.5150 -0.8302
vn 0.5150 -0.2133 -0.8303
vn 0.2133 -0.5150 -0.8303
vn -0.5150 0.2133 -0.8303
vn -0.5150 -0.2133 -0.8303
vn -0.2133 -0.5150 -0.8303
vn -0.0000 -0.0000 1.0000
vn 0.5150 0.2133 -0.8302
vn 0.5150 -0.2133 -0.8302
vn 0.2133 -0.5150 -0.8302
vt -3.430108 0.518554
vt -3.434361 0.517987
vt -3.430108 0.517987
vt -3.430108 0.517419
vt 1.103529 4.430108
vt 1.103529 4.434361
vt 1.102963 4.430108
vt 1.104095 4.430108
vt 4.430108 0.517987
vt 4.434361 0.517987
vt 4.430108 0.518554
vt 4.430108 0.517419
vt -0.103529 4.430108
vt -0.103529 4.434361
vt -0.104095 4.430108
vt -0.102963 4.430108
vt 1.109731 4.434361
vt 1.109731 4.430108
vt 1.110298 4.430108
vt 1.109165 4.430108
vt -0.109731 4.434361
vt -0.109731 4.430108
vt -0.109165 4.430108
vt -0.110298 4.430108
vt 1.102363 4.457968
vt 1.102363 4.447750
vt 1.103529 4.457968
vt 1.103529 4.447750
vt 1.104695 4.457968
vt 1.104695 4.447750
vt -3.457968 0.516819
vt -3.447750 0.516819
vt -3.457968 0.517987
vt -3.447750 0.517987
vt -3.457968 0.519155
vt -3.447750 0.519155
vt -0.104695 4.457968
vt -0.104695 4.447750
vt -0.103529 4.457968
vt -0.103529 4.447750
vt -0.102363 4.457968
vt -0.102363 4.447750
vt 4.457968 0.519155
vt 4.447750 0.519155
vt 4.457968 0.517987
vt 4.447750 0.517987
vt 4.457968 0.516819
vt 4.447750 0.516819
vt 1.110897 4.457968
vt 1.109731 4.457968
vt 1.110897 4.447750
vt 1.109731 4.447750
vt 1.108566 4.457968
vt 1.108566 4.447750
vt -0.108566 4.457968
vt -0.109731 4.457968
vt -0.108566 4.447750
vt -0.109731 4.447750
vt -0.110897 4.457968
vt -0.110897 4.447750
vt 1.102285 0.516740
vt 1.104773 0.516740
vt 1.102285 0.519233
vt 1.104773 0.519233
vt 1.104773 4.478512
vt 1.102285 4.478512
vt 1.104773 4.475193
vt 1.102285 4.475193
vt -3.478512 0.519233
vt -3.478512 0.516740
vt -3.475193 0.519233
vt -3.475193 0.516740
vt -0.102285 4.478512
vt -0.104773 4.478512
vt -0.102285 4.475193
vt -0.104773 4.475193
vt 4.478512 0.516740
vt 4.478512 0.519233
vt 4.475193 0.516740
vt 4.475193 0.519233
vt 1.110975 0.516740
vt 1.110975 0.519233
vt 1.108487 0.516740
vt 1.108487 0.519233
vt 1.110975 4.478512
vt 1.108487 4.478512
vt 1.110975 4.475193
vt 1.108487 4.475193
vt -0.108487 4.478512
vt -0.110975 4.478512
vt -0.108487 4.475193
vt -0.110975 4.475193
vt -0.103529 0.519638
vt -0.103529 0.517987
vt -0.102363 0.519155
vt -0.101881 0.517987
vt -0.104695 0.519155
vt -0.102363 0.516819
vt -0.105178 0.517987
vt -0.103529 0.516335
vt -0.104695 0.516819
vt 1.103529 0.519638
vt 1.103529 0.517987
vt 1.104695 0.519155
vt 1.105178 0.517987
vt 1.102363 0.519155
vt 1.104695 0.516819
vt 1.101881 0.517987
vt 1.103529 0.516335
vt 1.102363 0.516819
vt -0.109731 0.517987
vt -0.109731 0.519638
vt -0.110897 0.519155
vt -0.111380 0.517987
vt -0.108566 0.519155
vt -0.110897 0.516819
vt -0.108083 0.517987
vt -0.109731 0.516335
vt -0.108566 0.516819
vt 1.109731 0.517987
vt 1.109731 0.519638
vt 1.108566 0.519155
vt 1.108083 0.517987
vt 1.110897 0.519155
vt 1.108566 0.516819
vt 1.111380 0.517987
vt 1.109731 0.516335
vt 1.110897 0.516819
vt 1.113681 0.525064
vt 1.114482 0.525397
vt 1.112879 0.525397
vt 1.114482 0.527002
vt 1.114814 0.526200
vt 1.112879 0.527002
vt 1.112547 0.526200
vt 1.113681 0.527335
vt -0.112879 0.527002
vt -0.113681 0.527335
vt -0.112547 0.526200
vt -0.114814 0.526200
vt -0.114482 0.527002
vt -0.113681 0.525064
vt -0.112879 0.525397
vt -0.114482 0.525397
s 0
f 469/352/53 468/353/53 467/354/53
f 467/354/54 468/353/54 470/355/54
f 473/356/55 472/357/55 471/358/55
f 474/359/56 472/357/56 473/356/56
f 477/360/57 476/361/57 475/362/57
f 478/363/58 476/361/58 477/360/58
f 481/364/59 480/365/59 479/366/59
f 482/367/60 480/365/60 481/364/60
f 485/361/57 484/362/57 483/360/57
f 485/361/58 483/360/58 486/363/58
f 489/368/56 488/369/56 487/370/56
f 489/368/55 490/371/55 488/369/55
f 493/353/53 492/354/53 491/352/53
f 493/353/54 494/355/54 492/354/54
f 497/372/60 496/373/60 495/374/60
f 497/372/59 498/375/59 496/373/59
f 501/376/61 500/377/61 499/378/61
f 502/379/61 499/378/61 500/377/61
f 499/378/62 502/379/62 503/380/62
f 504/381/62 503/380/62 502/379/62
f 507/382/63 506/383/63 505/384/63
f 508/385/63 505/384/63 506/383/63
f 505/384/64 508/385/64 509/386/64
f 510/387/64 509/386/64 508/385/64
f 513/388/65 512/389/65 511/390/65
f 514/391/65 511/390/65 512/389/65
f 511/390/66 514/391/66 515/392/66
f 516/393/66 515/392/66 514/391/66
f 519/394/67 518/395/67 517/396/67
f 520/397/67 517/396/67 518/395/67
f 517/396/68 520/397/68 521/398/68
f 522/399/68 521/398/68 520/397/68
f 525/400/62 524/401/62 523/402/62
f 526/403/62 523/402/62 524/401/62
f 524/401/61 527/404/61 526/403/61
f 528/405/61 526/403/61 527/404/61
f 531/398/68 530/396/68 529/399/68
f 532/397/68 529/399/68 530/396/68
f 530/396/67 533/394/67 532/397/67
f 534/395/67 532/397/67 533/394/67
f 537/406/66 536/407/66 535/408/66
f 538/409/66 535/408/66 536/407/66
f 536/407/65 539/410/65 538/409/65
f 540/411/65 538/409/65 539/410/65
f 543/386/64 542/384/64 541/387/64
f 544/385/64 541/387/64 542/384/64
f 542/384/63 545/382/63 544/385/63
f 546/383/63 544/385/63 545/382/63
f 549/412/69 548/413/69 547/414/69
f 550/415/69 547/414/69 548/413/69
f 553/416/70 552/417/70 551/418/70
f 554/419/70 551/418/70 552/417/70
f 557/420/71 556/421/71 555/422/71
f 558/423/71 555/422/71 556/421/71
f 561/424/72 560/425/72 559/426/72
f 562/427/72 559/426/72 560/425/72
f 565/428/73 564/429/73 563/430/73
f 566/431/73 563/430/73 564/429/73
f 569/432/69 568/433/69 567/434/69
f 570/435/69 567/434/69 568/433/69
f 573/436/70 572/437/70 571/438/70
f 574/439/70 571/438/70 572/437/70
f 577/428/73 576/429/73 575/430/73
f 578/431/73 575/430/73 576/429/73
f 581/440/72 580/441/72 579/442/72
f 582/443/72 579/442/72 580/441/72
f 585/420/71 584/421/71 583/422/71
f 586/423/71 583/422/71 584/421/71
f 589/444/74 588/445/74 587/446/74
f 587/446/75 588/445/75 590/447/75
f 591/448/76 588/445/76 589/444/76
f 590/447/77 588/445/77 592/449/77
f 593/450/78 588/445/78 591/448/78
f 592/449/79 588/445/79 594/451/79
f 595/452/80 588/445/80 593/450/80
f 594/451/81 588/445/81 595/452/81
f 598/453/82 597/454/82 596/455/82
f 596/455/83 597/454/83 599/456/83
f 600/457/84 597/454/84 598/453/84
f 599/456/85 597/454/85 601/458/85
f 602/459/86 597/454/86 600/457/86
f 601/458/87 597/454/87 603/460/87
f 604/461/88 597/454/88 602/459/88
f 603/460/89 597/454/89 604/461/89
f 607/462/76 606/463/76 605/464/76
f 607/462/78 605/464/78 608/465/78
f 607/462/74 609/466/74 606/463/74
f 607/462/80 608/465/80 610/467/80
f 607/462/75 611/468/75 609/466/75
f 607/462/81 610/467/81 612/469/81
f 607/462/77 613/470/77 611/468/77
f 607/462/79 612/469/79 613/470/79
f 616/471/84 615/472/84 614/473/84
f 616/471/86 614/473/86 617/474/86
f 616/471/82 618/475/82 615/472/82
f 616/471/88 617/474/88 619/476/88
f 616/471/90 620/477/90 618/475/90
f 616/471/89 619/476/89 621/478/89
f 616/471/91 622/479/91 620/477/91
f 616/471/92 621/478/92 622/479/92
f 625/480/69 624/481/69 623/482/69
f 624/481/69 626/483/69 623/482/69
f 627/484/69 626/483/69 624/481/69
f 626/483/69 628/485/69 623/482/69
f 623/482/69 628/485/69 629/486/69
f 630/487/69 628/485/69 626/483/69
f 633/352/53 632/353/53 631/354/53
f 631/354/54 632/353/54 634/355/54
f 637/356/55 636/357/55 635/358/55
f 638/359/56 636/357/56 637/356/56
f 641/360/57 640/361/57 639/362/57
f 642/363/58 640/361/58 641/360/58
f 645/364/59 644/365/59 643/366/59
f 646/367/60 644/365/60 645/364/60
f 649/361/57 648/362/57 647/360/57
f 649/361/58 647/360/58 650/363/58
f 653/368/56 652/369/56 651/370/56
f 653/368/55 654/371/55 652/369/55
f 657/353/53 656/354/53 655/352/53
f 657/353/54 658/355/54 656/354/54
f 661/372/60 660/373/60 659/374/60
f 661/372/59 662/375/59 660/373/59
f 665/488/93 664/489/93 663/490/93
f 664/489/93 666/491/93 663/490/93
f 667/492/93 666/491/93 664/489/93
f 666/491/93 668/493/93 663/490/93
f 663/490/93 668/493/93 669/494/93
f 670/495/93 668/493/93 666/491/93
f 673/376/61 672/377/61 671/378/61
f 674/379/61 671/378/61 672/377/61
f 671/378/62 674/379/62 675/380/62
f 676/381/62 675/380/62 674/379/62
f 679/382/63 678/383/63 677/384/63
f 680/385/63 677/384/63 678/383/63
f 677/384/64 680/385/64 681/386/64
f 682/387/64 681/386/64 680/385/64
f 685/388/65 684/389/65 683/390/65
f 686/391/65 683/390/65 684/389/65
f 683/390/66 686/391/66 687/392/66
f 688/393/66 687/392/66 686/391/66
f 691/394/67 690/395/67 689/396/67
f 692/397/67 689/396/67 690/395/67
f 689/396/68 692/397/68 693/398/68
f 694/399/68 693/398/68 692/397/68
f 697/400/62 696/401/62 695/402/62
f 698/403/62 695/402/62 696/401/62
f 696/401/61 699/404/61 698/403/61
f 700/405/61 698/403/61 699/404/61
f 703/398/68 702/396/68 701/399/68
f 704/397/68 701/399/68 702/396/68
f 702/396/67 705/394/67 704/397/67
f 706/395/67 704/397/67 705/394/67
f 709/406/66 708/407/66 707/408/66
f 710/409/66 707/408/66 708/407/66
f 708/407/65 711/410/65 710/409/65
f 712/411/65 710/409/65 711/410/65
f 715/386/64 714/384/64 713/387/64
f 716/385/64 713/387/64 714/384/64
f 714/384/63 717/382/63 716/385/63
f 718/383/63 716/385/63 717/382/63
f 721/412/69 720/413/69 719/414/69
f 722/415/69 719/414/69 720/413/69
f 725/416/70 724/417/70 723/418/70
f 726/419/70 723/418/70 724/417/70
f 729/420/71 728/421/71 727/422/71
f 730/423/71 727/422/71 728/421/71
f 733/424/72 732/425/72 731/426/72
f 734/427/72 731/426/72 732/425/72
f 737/428/73 736/429/73 735/430/73
f 738/431/73 735/430/73 736/429/73
f 741/432/69 740/433/69 739/434/69
f 742/435/69 739/434/69 740/433/69
f 745/436/70 744/437/70 743/438/70
f 746/439/70 743/438/70 744/437/70
f 749/428/73 748/429/73 747/430/73
f 750/431/73 747/430/73 748/429/73
f 753/440/72 752/441/72 751/442/72
f 754/443/72 751/442/72 752/441/72
f 757/420/71 756/421/71 755/422/71
f 758/423/71 755/422/71 756/421/71
f 761/444/74 760/445/74 759/446/74
f 759/446/75 760/445/75 762/447/75
f 763/448/76 760/445/76 761/444/76
f 762/447/77 760/445/77 764/449/77
f 765/450/78 760/445/78 763/448/78
f 764/449/79 760/445/79 766/451/79
f 767/452/80 760/445/80 765/450/80
f 766/451/81 760/445/81 767/452/81
f 770/453/82 769/454/82 768/455/82
f 768/455/83 769/454/83 771/456/83
f 772/457/84 769/454/84 770/453/84
f 771/456/85 769/454/85 773/458/85
f 774/459/86 769/454/86 772/457/86
f 773/458/92 769/454/92 775/460/92
f 776/461/88 769/454/88 774/459/88
f 775/460/89 769/454/89 776/461/89
f 779/462/76 778/463/76 777/464/76
f 779/462/78 777/464/78 780/465/78
f 779/462/74 781/466/74 778/463/74
f 779/462/80 780/465/80 782/467/80
f 779/462/75 783/468/75 781/466/75
f 779/462/81 782/467/81 784/469/81
f 779/462/77 785/470/77 783/468/77
f 779/462/79 784/469/79 785/470/79
f 788/471/84 787/472/84 786/473/84
f 788/471/94 786/473/94 789/474/94
f 788/471/82 790/475/82 787/472/82
f 788/471/95 789/474/95 791/476/95
f 788/471/90 792/477/90 790/475/90
f 788/471/96 791/476/96 793/478/96
f 788/471/91 794/479/91 792/477/91
f 788/471/92 793/478/92 794/479/92
g Atlanta_gun_28_x4_muzzle_Atlanta_gun_28_x4_001.003
v 0.252493 1.183661 2.125674
v 0.233154 1.230351 2.125674
v 0.233154 1.136972 2.125674
v 0.186464 1.249690 2.125674
v 0.233154 1.230351 2.125674
v 0.139774 1.230351 2.125674
v 0.139774 1.230351 2.125674
v 0.120435 1.183661 2.125674
v 0.139775 1.136972 2.125674
v 0.139775 1.136972 2.125674
v 0.186464 1.117632 2.125674
v 0.233154 1.136972 2.125674
v -0.259152 1.183661 2.125674
v -0.239813 1.230351 2.125674
v -0.239812 1.136972 2.125674
v -0.193123 1.249690 2.125674
v -0.239813 1.230351 2.125674
v -0.146433 1.230350 2.125674
v -0.146433 1.230350 2.125674
v -0.127094 1.183661 2.125674
v -0.146433 1.136972 2.125674
v -0.146433 1.136972 2.125674
v -0.193123 1.117632 2.125674
v -0.239812 1.136972 2.125674
v 0.223803 1.221000 2.152078
v 0.239270 1.183661 2.152078
v 0.223804 1.146322 2.152078
v 0.223803 1.221000 2.152078
v 0.186464 1.236466 2.152079
v 0.149126 1.221000 2.152078
v 0.133659 1.183661 2.152078
v 0.149126 1.221000 2.152078
v 0.149126 1.146322 2.152078
v 0.186464 1.130856 2.152078
v 0.149126 1.146322 2.152078
v 0.223804 1.146322 2.152078
v -0.230462 1.221000 2.152078
v -0.245929 1.183661 2.152078
v -0.230462 1.146322 2.152078
v -0.230462 1.221000 2.152078
v -0.193123 1.236465 2.152078
v -0.155784 1.221000 2.152078
v -0.140318 1.183661 2.152078
v -0.155784 1.221000 2.152078
v -0.155784 1.146322 2.152078
v -0.193123 1.130856 2.152078
v -0.155784 1.146322 2.152078
v -0.230462 1.146322 2.152078
v 0.615375 1.183661 2.125674
v 0.596035 1.230351 2.125674
v 0.596035 1.136972 2.125674
v 0.549345 1.249690 2.125674
v 0.596035 1.230351 2.125674
v 0.502656 1.230351 2.125674
v 0.502656 1.230351 2.125674
v 0.483317 1.183661 2.125674
v 0.502656 1.136972 2.125674
v 0.502656 1.136972 2.125674
v 0.549346 1.117632 2.125674
v 0.596035 1.136972 2.125674
v -0.624645 1.183661 2.125674
v -0.605305 1.230351 2.125674
v -0.605305 1.136972 2.125674
v -0.558615 1.249690 2.125674
v -0.605305 1.230351 2.125674
v -0.511926 1.230350 2.125674
v -0.511926 1.230350 2.125674
v -0.492587 1.183661 2.125674
v -0.511926 1.136972 2.125674
v -0.511926 1.136972 2.125674
v -0.558616 1.117632 2.125674
v -0.605305 1.136972 2.125674
v 0.586685 1.221000 2.152078
v 0.602151 1.183661 2.152078
v 0.586685 1.146322 2.152078
v 0.586685 1.221000 2.152078
v 0.549346 1.236466 2.152079
v 0.512007 1.221000 2.152078
v 0.496541 1.183661 2.152078
v 0.512007 1.221000 2.152078
v 0.512007 1.146322 2.152078
v 0.549346 1.130856 2.152078
v 0.512007 1.146322 2.152078
v 0.586685 1.146322 2.152078
v -0.595955 1.221000 2.152078
v -0.611421 1.183661 2.152078
v -0.595955 1.146322 2.152078
v -0.595955 1.221000 2.152078
v -0.558616 1.236465 2.152078
v -0.521277 1.221000 2.152078
v -0.505810 1.183661 2.152078
v -0.521277 1.221000 2.152078
v -0.521277 1.146322 2.152078
v -0.558616 1.130856 2.152078
v -0.521277 1.146322 2.152078
v -0.595955 1.146322 2.152078
vn 0.8385 0.3473 0.4199
vn 0.8385 -0.3473 0.4199
vn 0.3473 0.8385 0.4199
vn -0.3473 0.8385 0.4199
vn -0.3473 0.8385 0.4200
vn -0.8384 0.3473 0.4200
vn -0.8385 0.3473 0.4199
vn -0.8385 -0.3473 0.4199
vn -0.3473 -0.8385 0.4199
vn 0.3473 -0.8385 0.4199
vn 0.3473 0.8385 0.4200
vt 4.430505 0.518696
vt 4.430108 0.518554
vt 4.430505 0.517987
vt 4.430108 0.517987
vt 4.430505 0.517277
vt 4.430108 0.517419
vt -0.102821 4.430505
vt -0.103529 4.430505
vt -0.102963 4.430108
vt -0.103529 4.430108
vt -0.104095 4.430108
vt -0.104237 4.430505
vt -3.430108 0.518554
vt -3.430505 0.518696
vt -3.430108 0.517987
vt -3.430505 0.517987
vt -3.430108 0.517419
vt -3.430505 0.517277
vt 1.104095 4.430108
vt 1.104237 4.430505
vt 1.103529 4.430108
vt 1.103529 4.430505
vt 1.102963 4.430108
vt 1.102821 4.430505
vt -0.110439 4.430505
vt -0.110298 4.430108
vt -0.109731 4.430505
vt -0.109731 4.430108
vt -0.109165 4.430108
vt -0.109023 4.430505
vt 1.109165 4.430108
vt 1.109731 4.430108
vt 1.109023 4.430505
vt 1.109731 4.430505
vt 1.110298 4.430108
vt 1.110440 4.430505
s 0
f 796/496/97 819/497/97 795/498/97
f 820/499/97 795/498/97 819/497/97
f 795/498/98 820/499/98 797/500/98
f 821/501/98 797/500/98 820/499/98
f 799/502/99 798/503/99 822/504/99
f 823/505/99 822/504/99 798/503/99
f 823/505/100 798/503/100 824/506/100
f 800/507/101 824/506/101 798/503/101
f 826/508/102 801/509/102 825/510/102
f 802/511/103 825/510/103 801/509/103
f 825/510/104 802/511/104 827/512/104
f 803/513/104 827/512/104 802/511/104
f 829/514/105 804/515/105 828/516/105
f 805/517/105 828/516/105 804/515/105
f 828/516/106 805/517/106 830/518/106
f 806/519/106 830/518/106 805/517/106
f 808/509/103 807/511/103 831/508/103
f 832/510/103 831/508/103 807/511/103
f 807/511/104 809/513/104 832/510/104
f 833/512/104 832/510/104 809/513/104
f 811/520/100 834/521/100 810/522/100
f 835/523/101 810/522/101 834/521/101
f 835/523/107 836/524/107 810/522/107
f 812/525/99 810/522/99 836/524/99
f 838/497/97 837/499/97 813/496/97
f 814/498/97 813/496/97 837/499/97
f 837/499/98 839/501/98 814/498/98
f 815/500/98 814/498/98 839/501/98
f 841/526/106 840/527/106 816/528/106
f 817/529/106 816/528/106 840/527/106
f 840/527/105 842/530/105 817/529/105
f 818/531/105 817/529/105 842/530/105
f 844/496/97 867/497/97 843/498/97
f 868/499/97 843/498/97 867/497/97
f 843/498/98 868/499/98 845/500/98
f 869/501/98 845/500/98 868/499/98
f 847/502/99 846/503/99 870/504/99
f 871/505/99 870/504/99 846/503/99
f 871/505/100 846/503/100 872/506/100
f 848/507/100 872/506/100 846/503/100
f 874/508/103 849/509/103 873/510/103
f 850/511/103 873/510/103 849/509/103
f 873/510/104 850/511/104 875/512/104
f 851/513/104 875/512/104 850/511/104
f 877/514/105 852/515/105 876/516/105
f 853/517/105 876/516/105 852/515/105
f 876/516/106 853/517/106 878/518/106
f 854/519/106 878/518/106 853/517/106
f 856/509/103 855/511/103 879/508/103
f 880/510/103 879/508/103 855/511/103
f 855/511/104 857/513/104 880/510/104
f 881/512/104 880/510/104 857/513/104
f 859/520/100 882/521/100 858/522/100
f 883/523/101 858/522/101 882/521/101
f 883/523/107 884/524/107 858/522/107
f 860/525/99 858/522/99 884/524/99
f 886/497/97 885/499/97 861/496/97
f 862/498/97 861/496/97 885/499/97
f 885/499/98 887/501/98 862/498/98
f 863/500/98 862/498/98 887/501/98
f 889/526/106 888/527/106 864/528/106
f 865/529/106 864/528/106 888/527/106
f 888/527/105 890/530/105 865/529/105
f 866/531/105 865/529/105 890/530/105
g Atlanta_gun_28_x4_floor_Atlanta_gun_28_x4_001.004
v 1.080000 0.157253 -0.797770
v 0.000000 0.157253 -0.000001
v 0.544646 0.157253 -1.106287
v 1.080000 0.157253 0.573648
v 0.000001 0.157253 -1.214624
v -1.080000 0.157253 0.573647
v -0.898776 0.157253 -1.106287
v -1.080000 0.157253 -0.797771
vn -0.0000 1.0000 -0.0000
vt -0.098370 4.479153
vt -0.106630 4.462501
vt -0.091368 4.474509
vt -0.091368 4.453866
vt -0.106630 4.480783
vt -0.121893 4.453866
vt -0.114890 4.479153
vt -0.121893 4.474509
s 0
f 893/532/108 892/533/108 891/534/108
f 891/534/108 892/533/108 894/535/108
f 895/536/108 892/533/108 893/532/108
f 894/535/108 892/533/108 896/537/108
f 897/538/108 892/533/108 895/536/108
f 896/537/108 892/533/108 898/539/108
f 898/539/108 892/533/108 897/538/108
g Atlanta_gun_28_x4_gun_Atlanta_gun_28_x4_001.005
v -0.043880 1.183663 -0.370044
v -0.043880 1.183663 -0.190104
v -0.043880 1.064663 -0.345399
v -0.043880 0.963091 -0.278680
v -0.043880 0.896373 -0.177108
v -0.043880 0.871728 -0.058108
v -0.043880 1.183663 0.073888
v -0.043880 0.896373 0.060892
v -0.043880 0.963091 0.162464
v -0.043880 1.064664 0.229183
v -0.043880 1.183663 0.253829
v -0.043880 1.330663 0.073888
v -0.043880 1.330663 -0.190104
v 0.037227 1.183663 0.253829
v 0.037227 1.183663 0.073888
v 0.037227 1.064664 0.229183
v 0.037227 0.963091 0.162464
v 0.037227 0.896372 0.060892
v 0.037227 0.871727 -0.058108
v 0.037227 1.183663 -0.190104
v 0.037227 0.896372 -0.177108
v 0.037227 0.963091 -0.278680
v 0.037227 1.064664 -0.345399
v 0.037227 1.183663 -0.370044
v 0.037227 1.330663 -0.190104
v 0.037227 1.330663 0.073888
v -0.043880 1.330663 0.073888
v 0.037227 1.330663 -0.190104
v 0.037227 1.330663 0.073888
v -0.043880 1.330663 -0.190104
v -0.043880 1.183663 0.253829
v 0.037227 1.183663 0.073888
v 0.037227 1.183663 0.253829
v -0.043880 1.183663 0.073888
v 0.037227 1.183663 -0.370044
v -0.043880 1.183663 -0.190104
v -0.043880 1.183663 -0.370044
v 0.037227 1.183663 -0.190104
v -0.043880 1.183663 0.073888
v 0.037227 1.330663 0.073888
v 0.037227 1.183663 0.073888
v -0.043880 1.330663 0.073888
v 0.037227 1.183663 -0.190104
v -0.043880 1.330663 -0.190104
v -0.043880 1.183663 -0.190104
v 0.037227 1.330663 -0.190104
v 0.239376 1.236574 0.925586
v 0.252493 1.183661 2.125674
v 0.233154 1.230351 2.125674
v 0.261292 1.183663 0.925586
v 0.239376 1.130751 0.925586
v 0.233154 1.136972 2.125674
v 0.186464 1.249690 2.125674
v 0.239376 1.236574 0.925586
v 0.233154 1.230351 2.125674
v 0.186464 1.258491 0.925586
v 0.133552 1.236574 0.925586
v 0.139774 1.230351 2.125674
v 0.139774 1.230351 2.125674
v 0.111636 1.183663 0.925586
v 0.133552 1.236574 0.925586
v 0.120435 1.183661 2.125674
v 0.133552 1.130751 0.925586
v 0.139775 1.136972 2.125674
v 0.139775 1.136972 2.125674
v 0.186464 1.108835 0.925586
v 0.133552 1.130751 0.925586
v 0.186464 1.117632 2.125674
v 0.233154 1.136972 2.125674
v 0.239376 1.130751 0.925586
v 0.186466 1.040811 0.174576
v 0.287476 1.082651 0.395060
v 0.287478 1.082651 0.174574
v 0.186466 1.040810 0.395060
v 0.085456 1.082651 0.174576
v 0.085454 1.082650 0.395060
v 0.043616 1.183662 0.174576
v 0.085454 1.082650 0.395060
v 0.085456 1.082651 0.174576
v 0.043614 1.183662 0.395060
v 0.085456 1.284673 0.174576
v 0.085454 1.284672 0.395060
v 0.186467 1.326513 0.174574
v 0.085454 1.284672 0.395060
v 0.085456 1.284673 0.174576
v 0.186465 1.326513 0.395060
v 0.287478 1.284673 0.174574
v 0.287476 1.284672 0.395060
v 0.329318 1.183662 0.174574
v 0.287476 1.284672 0.395060
v 0.287478 1.284673 0.174574
v 0.329316 1.183662 0.395060
v 0.287478 1.082651 0.174574
v 0.287476 1.082651 0.395060
v 0.140050 1.407258 0.019638
v 0.140050 1.518915 0.172069
v 0.140050 1.407258 0.172113
v 0.140050 1.518915 0.019628
v 0.140050 1.407258 0.019638
v 0.232875 1.518915 0.019627
v 0.140050 1.518915 0.019628
v 0.232875 1.407258 0.019637
v 0.232875 1.518915 0.172069
v 0.140050 1.407258 0.172113
v 0.140050 1.518915 0.172069
v 0.232875 1.407258 0.172113
v 0.232875 1.407258 0.019637
v 0.232875 1.518915 0.172069
v 0.232875 1.518915 0.019627
v 0.232875 1.407258 0.172113
v -0.259152 1.183661 2.125674
v -0.246034 1.236574 0.925585
v -0.239813 1.230351 2.125674
v -0.267950 1.183663 0.925585
v -0.246034 1.130751 0.925585
v -0.239812 1.136972 2.125674
v -0.246034 1.236574 0.925585
v -0.193123 1.249690 2.125674
v -0.239813 1.230351 2.125674
v -0.193122 1.258491 0.925585
v -0.140210 1.236574 0.925585
v -0.146433 1.230350 2.125674
v -0.118294 1.183663 0.925585
v -0.146433 1.230350 2.125674
v -0.140210 1.236574 0.925585
v -0.127094 1.183661 2.125674
v -0.140210 1.130751 0.925585
v -0.146433 1.136972 2.125674
v -0.193122 1.108835 0.925585
v -0.146433 1.136972 2.125674
v -0.140210 1.130751 0.925585
v -0.193123 1.117632 2.125674
v -0.239812 1.136972 2.125674
v -0.246034 1.130751 0.925585
v -0.294133 1.082651 0.395059
v -0.193123 1.040811 0.174575
v -0.294135 1.082651 0.174574
v -0.193123 1.040810 0.395059
v -0.092113 1.082651 0.174575
v -0.092111 1.082651 0.395059
v -0.092111 1.082651 0.395059
v -0.050273 1.183662 0.174576
v -0.092113 1.082651 0.174575
v -0.050271 1.183662 0.395060
v -0.092113 1.284673 0.174575
v -0.092111 1.284672 0.395060
v -0.092111 1.284672 0.395060
v -0.193123 1.326513 0.174574
v -0.092113 1.284673 0.174575
v -0.193122 1.326513 0.395060
v -0.294135 1.284673 0.174574
v -0.294133 1.284673 0.395060
v -0.294133 1.284673 0.395060
v -0.335975 1.183662 0.174574
v -0.294135 1.284673 0.174574
v -0.335973 1.183662 0.395060
v -0.294135 1.082651 0.174574
v -0.294133 1.082651 0.395059
v -0.146707 1.407258 0.019638
v -0.146707 1.518915 0.172068
v -0.146707 1.518915 0.019628
v -0.146707 1.407258 0.172113
v -0.146707 1.407258 0.019638
v -0.239532 1.518915 0.019627
v -0.239532 1.407258 0.019637
v -0.146707 1.518915 0.019628
v -0.239532 1.518915 0.172068
v -0.146707 1.407258 0.172113
v -0.239532 1.407258 0.172112
v -0.146707 1.518915 0.172068
v -0.239532 1.407258 0.019637
v -0.239532 1.518915 0.172068
v -0.239532 1.407258 0.172112
v -0.239532 1.518915 0.019627
v 0.109391 0.954958 -0.115700
v 0.263536 0.880500 -0.794037
v 0.109391 0.880499 -0.794037
v 0.263536 0.954958 -0.115701
v -0.116050 0.954958 -0.115701
v -0.270194 0.880500 -0.794037
v -0.270194 0.954958 -0.115702
v -0.116049 0.880499 -0.794037
v 0.109391 1.040117 -0.115700
v 0.109391 0.880499 -0.794037
v 0.109391 1.040117 -0.794037
v 0.109391 0.954958 -0.115700
v 0.109391 1.040117 -0.794037
v 0.263536 0.880500 -0.794037
v 0.263536 1.040117 -0.794037
v 0.109391 0.880499 -0.794037
v 0.263536 1.040117 -0.794037
v 0.263536 0.954958 -0.115701
v 0.263536 1.040117 -0.115701
v 0.263536 0.880500 -0.794037
v 0.263536 1.040117 -0.115701
v 0.109391 0.954958 -0.115700
v 0.109391 1.040117 -0.115700
v 0.263536 0.954958 -0.115701
v -0.116050 1.040117 -0.115701
v -0.270194 0.954958 -0.115702
v -0.270194 1.040117 -0.115702
v -0.116050 0.954958 -0.115701
v -0.270194 1.040117 -0.115702
v -0.270194 0.880500 -0.794037
v -0.270194 1.040117 -0.794037
v -0.270194 0.954958 -0.115702
v -0.270194 1.040117 -0.794037
v -0.116049 0.880499 -0.794037
v -0.116049 1.040117 -0.794037
v -0.270194 0.880500 -0.794037
v -0.116049 1.040117 -0.794037
v -0.116050 0.954958 -0.115701
v -0.116050 1.040117 -0.115701
v -0.116049 0.880499 -0.794037
v 0.335703 1.280599 -0.916407
v 0.335703 1.040117 -0.916407
v 0.335703 1.040116 0.205713
v 0.335703 1.407259 -0.819951
v 0.335702 1.407258 0.205715
v 0.335702 1.407258 0.205715
v 0.037225 1.040117 0.205715
v 0.037225 1.407259 0.205715
v 0.335703 1.040116 0.205713
v 0.037225 1.040117 0.205715
v 0.037225 1.040117 -0.916407
v 0.037225 1.280599 -0.916407
v 0.037225 1.407259 0.205715
v 0.037225 1.407259 -0.819952
v 0.037225 1.407259 0.205715
v 0.335703 1.407259 -0.819951
v 0.335702 1.407258 0.205715
v 0.037225 1.407259 -0.819952
v 0.335703 1.280599 -0.916407
v 0.037225 1.040117 -0.916407
v 0.335703 1.040117 -0.916407
v 0.037225 1.280599 -0.916407
v 0.037225 1.040117 0.205715
v 0.335703 1.040117 -0.916407
v 0.037225 1.040117 -0.916407
v 0.335703 1.040116 0.205713
v 0.335703 1.280599 -0.916407
v 0.037225 1.407259 -0.819952
v 0.037225 1.280599 -0.916407
v 0.335703 1.407259 -0.819951
v -0.043881 1.280599 -0.916408
v -0.043881 1.040117 -0.916408
v -0.043881 1.040116 0.205713
v -0.043881 1.407259 -0.819951
v -0.043881 1.407258 0.205714
v -0.043881 1.407258 0.205714
v -0.342359 1.040117 0.205715
v -0.342359 1.407259 0.205715
v -0.043881 1.040116 0.205713
v -0.342359 1.040117 0.205715
v -0.342358 1.040117 -0.916408
v -0.342358 1.280599 -0.916408
v -0.342359 1.407259 0.205715
v -0.342358 1.407259 -0.819953
v -0.342359 1.407259 0.205715
v -0.043881 1.407259 -0.819951
v -0.043881 1.407258 0.205714
v -0.342358 1.407259 -0.819953
v -0.043881 1.280599 -0.916408
v -0.342358 1.040117 -0.916408
v -0.043881 1.040117 -0.916408
v -0.342358 1.280599 -0.916408
v -0.342359 1.040117 0.205715
v -0.043881 1.040117 -0.916408
v -0.342358 1.040117 -0.916408
v -0.043881 1.040116 0.205713
v -0.043881 1.280599 -0.916408
v -0.342358 1.407259 -0.819953
v -0.342358 1.280599 -0.916408
v -0.043881 1.407259 -0.819951
v 0.037227 1.064664 0.229183
v -0.043880 1.183663 0.253829
v 0.037227 1.183663 0.253829
v -0.043880 1.064664 0.229183
v -0.043880 0.963091 0.162464
v 0.037227 0.963091 0.162464
v 0.037227 0.896372 0.060892
v -0.043880 0.963091 0.162464
v 0.037227 0.963091 0.162464
v -0.043880 0.896373 0.060892
v -0.043880 0.871728 -0.058108
v 0.037227 0.871727 -0.058108
v 0.037227 0.896372 -0.177108
v -0.043880 0.896373 -0.177108
v -0.043880 0.963091 -0.278680
v 0.037227 0.963091 -0.278680
v 0.037227 1.064664 -0.345399
v -0.043880 0.963091 -0.278680
v 0.037227 0.963091 -0.278680
v -0.043880 1.064663 -0.345399
v -0.043880 1.183663 -0.370044
v 0.037227 1.183663 -0.370044
v 0.287476 1.284672 0.395060
v 0.186466 1.183661 0.500755
v 0.186465 1.326513 0.395060
v 0.329316 1.183662 0.395060
v 0.085454 1.284672 0.395060
v 0.287476 1.082651 0.395060
v 0.043614 1.183662 0.395060
v 0.186466 1.040810 0.395060
v 0.085454 1.082650 0.395060
v 0.085456 1.284673 0.174576
v 0.186466 1.183662 0.093460
v 0.186467 1.326513 0.174574
v 0.043616 1.183662 0.174576
v 0.287478 1.284673 0.174574
v 0.085456 1.082651 0.174576
v 0.329318 1.183662 0.174574
v 0.186466 1.040811 0.174576
v 0.287478 1.082651 0.174574
v -0.294133 1.284673 0.395060
v -0.193122 1.326513 0.395060
v -0.193123 1.183661 0.500754
v -0.335973 1.183662 0.395060
v -0.092111 1.284672 0.395060
v -0.294133 1.082651 0.395059
v -0.050271 1.183662 0.395060
v -0.193123 1.040810 0.395059
v -0.092111 1.082651 0.395059
v -0.092113 1.284673 0.174575
v -0.193123 1.326513 0.174574
v -0.193123 1.183662 0.093459
v -0.050273 1.183662 0.174576
v -0.294135 1.284673 0.174574
v -0.092113 1.082651 0.174575
v -0.335975 1.183662 0.174574
v -0.193123 1.040811 0.174575
v -0.294135 1.082651 0.174574
v -0.409372 1.183663 -0.370044
v -0.409372 1.183663 -0.190104
v -0.409372 1.064663 -0.345399
v -0.409372 0.963091 -0.278680
v -0.409372 0.896373 -0.177108
v -0.409372 0.871728 -0.058108
v -0.409372 1.183663 0.073888
v -0.409372 0.896373 0.060892
v -0.409372 0.963091 0.162464
v -0.409372 1.064664 0.229183
v -0.409372 1.183663 0.253829
v -0.409372 1.330663 0.073888
v -0.409372 1.330663 -0.190104
v 0.400109 1.183663 0.253829
v 0.400109 1.183663 0.073888
v 0.400109 1.064664 0.229183
v 0.400109 0.963091 0.162464
v 0.400109 0.896372 0.060892
v 0.400109 0.871727 -0.058108
v 0.400109 1.183663 -0.190104
v 0.400109 0.896372 -0.177108
v 0.400109 0.963091 -0.278680
v 0.400109 1.064664 -0.345399
v 0.400109 1.183663 -0.370044
v 0.400109 1.330663 -0.190104
v 0.400109 1.330663 0.073888
v -0.409372 1.330663 0.073888
v 0.400109 1.330663 -0.190104
v 0.400109 1.330663 0.073888
v -0.409372 1.330663 -0.190104
v -0.409372 1.183663 0.253829
v 0.400109 1.183663 0.073888
v 0.400109 1.183663 0.253829
v -0.409372 1.183663 0.073888
v 0.400109 1.183663 -0.370044
v -0.409372 1.183663 -0.190104
v -0.409372 1.183663 -0.370044
v 0.400109 1.183663 -0.190104
v -0.409372 1.183663 0.073888
v 0.400109 1.330663 0.073888
v 0.400109 1.183663 0.073888
v -0.409372 1.330663 0.073888
v 0.400109 1.183663 -0.190104
v -0.409372 1.330663 -0.190104
v -0.409372 1.183663 -0.190104
v 0.400109 1.330663 -0.190104
v 0.602257 1.236574 0.925586
v 0.615375 1.183661 2.125674
v 0.596035 1.230351 2.125674
v 0.624174 1.183663 0.925586
v 0.602257 1.130751 0.925586
v 0.596035 1.136972 2.125674
v 0.549345 1.249690 2.125674
v 0.602257 1.236574 0.925586
v 0.596035 1.230351 2.125674
v 0.549345 1.258491 0.925586
v 0.496434 1.236574 0.925586
v 0.502656 1.230351 2.125674
v 0.502656 1.230351 2.125674
v 0.474517 1.183663 0.925586
v 0.496434 1.236574 0.925586
v 0.483317 1.183661 2.125674
v 0.496434 1.130751 0.925586
v 0.502656 1.136972 2.125674
v 0.502656 1.136972 2.125674
v 0.549345 1.108835 0.925586
v 0.496434 1.130751 0.925586
v 0.549346 1.117632 2.125674
v 0.596035 1.136972 2.125674
v 0.602257 1.130751 0.925586
v 0.549348 1.040811 0.174576
v 0.650357 1.082651 0.395060
v 0.650359 1.082651 0.174574
v 0.549347 1.040810 0.395060
v 0.448338 1.082651 0.174576
v 0.448335 1.082650 0.395060
v 0.406497 1.183662 0.174576
v 0.448335 1.082650 0.395060
v 0.448338 1.082651 0.174576
v 0.406495 1.183662 0.395060
v 0.448338 1.284673 0.174576
v 0.448335 1.284672 0.395060
v 0.549348 1.326513 0.174574
v 0.448335 1.284672 0.395060
v 0.448338 1.284673 0.174576
v 0.549346 1.326513 0.395060
v 0.650359 1.284673 0.174574
v 0.650357 1.284672 0.395060
v 0.692199 1.183662 0.174574
v 0.650357 1.284672 0.395060
v 0.650359 1.284673 0.174574
v 0.692198 1.183662 0.395060
v 0.650359 1.082651 0.174574
v 0.650357 1.082651 0.395060
v -0.898467 1.183663 -0.132823
v 0.889196 1.236495 -0.110938
v -0.898467 1.236495 -0.110939
v 0.889196 1.183663 -0.132822
v -0.898467 1.130831 -0.110939
v 0.889196 1.130831 -0.110938
v 0.889196 1.258379 -0.058105
v -0.898467 1.236495 -0.110939
v 0.889196 1.236495 -0.110938
v -0.898467 1.258379 -0.058106
v 0.889196 1.236495 -0.005273
v -0.898467 1.236495 -0.005274
v 0.889196 1.183663 0.016611
v -0.898467 1.236495 -0.005274
v 0.889196 1.236495 -0.005273
v -0.898467 1.183663 0.016610
v 0.889196 1.130831 -0.005273
v -0.898467 1.130831 -0.005274
v 0.889196 1.108947 -0.058106
v -0.898467 1.130831 -0.005274
v 0.889196 1.130831 -0.005273
v -0.898467 1.108947 -0.058107
v 0.889196 1.130831 -0.110938
v -0.898467 1.130831 -0.110939
v -0.898467 1.108947 -0.058107
v -0.898467 1.183663 0.016610
v -0.898467 1.130831 -0.005274
v -0.898467 1.183663 -0.132823
v -0.898467 1.130831 -0.110939
v -0.898467 1.258379 -0.058106
v -0.898467 1.236495 -0.005274
v -0.898467 1.236495 -0.110939
v 0.889196 1.236495 -0.110938
v 0.889196 1.236495 -0.005273
v 0.889196 1.258379 -0.058105
v 0.889196 1.130831 -0.110938
v 0.889196 1.183663 -0.132822
v 0.889196 1.130831 -0.005273
v 0.889196 1.183663 0.016611
v 0.889196 1.108947 -0.058106
v 0.502932 1.407258 0.019638
v 0.502932 1.518915 0.172069
v 0.502932 1.407258 0.172113
v 0.502932 1.518915 0.019628
v 0.502932 1.407258 0.019638
v 0.595757 1.518915 0.019627
v 0.502932 1.518915 0.019628
v 0.595757 1.407258 0.019637
v 0.595757 1.518915 0.172069
v 0.502932 1.407258 0.172113
v 0.502932 1.518915 0.172069
v 0.595757 1.407258 0.172113
v 0.595757 1.407258 0.019637
v 0.595757 1.518915 0.172069
v 0.595757 1.518915 0.019627
v 0.595757 1.407258 0.172113
v -0.624645 1.183661 2.125674
v -0.611526 1.236574 0.925585
v -0.605305 1.230351 2.125674
v -0.633443 1.183663 0.925585
v -0.611526 1.130751 0.925585
v -0.605305 1.136972 2.125674
v -0.611526 1.236574 0.925585
v -0.558615 1.249690 2.125674
v -0.605305 1.230351 2.125674
v -0.558614 1.258491 0.925585
v -0.505703 1.236574 0.925585
v -0.511926 1.230350 2.125674
v -0.483786 1.183663 0.925585
v -0.511926 1.230350 2.125674
v -0.505703 1.236574 0.925585
v -0.492587 1.183661 2.125674
v -0.505703 1.130751 0.925585
v -0.511926 1.136972 2.125674
v -0.558614 1.108835 0.925585
v -0.511926 1.136972 2.125674
v -0.505703 1.130751 0.925585
v -0.558616 1.117632 2.125674
v -0.605305 1.136972 2.125674
v -0.611526 1.130751 0.925585
v -0.659625 1.082651 0.395059
v -0.558616 1.040811 0.174575
v -0.659627 1.082651 0.174574
v -0.558615 1.040810 0.395059
v -0.457606 1.082651 0.174575
v -0.457604 1.082651 0.395059
v -0.457604 1.082651 0.395059
v -0.415765 1.183662 0.174576
v -0.457606 1.082651 0.174575
v -0.415764 1.183662 0.395060
v -0.457606 1.284673 0.174575
v -0.457604 1.284672 0.395060
v -0.457604 1.284672 0.395060
v -0.558616 1.326513 0.174574
v -0.457606 1.284673 0.174575
v -0.558615 1.326513 0.395060
v -0.659627 1.284673 0.174574
v -0.659625 1.284673 0.395060
v -0.659625 1.284673 0.395060
v -0.701467 1.183662 0.174574
v -0.659627 1.284673 0.174574
v -0.701466 1.183662 0.395060
v -0.659627 1.082651 0.174574
v -0.659625 1.082651 0.395059
v -0.512200 1.407258 0.019638
v -0.512200 1.518915 0.172068
v -0.512200 1.518915 0.019628
v -0.512200 1.407258 0.172113
v -0.512200 1.407258 0.019638
v -0.605025 1.518915 0.019627
v -0.605025 1.407258 0.019637
v -0.512200 1.518915 0.019628
v -0.605025 1.518915 0.172068
v -0.512200 1.407258 0.172113
v -0.605025 1.407258 0.172112
v -0.512200 1.518915 0.172068
v -0.605025 1.407258 0.019637
v -0.605025 1.518915 0.172068
v -0.605025 1.407258 0.172112
v -0.605025 1.518915 0.019627
v 0.698587 1.447212 0.125106
v -0.787151 1.507896 0.125106
v 0.698587 1.507896 0.125107
v -0.849873 1.447213 0.125105
v -0.849478 1.724266 0.125105
v -0.786802 1.724140 0.125106
v -0.787151 1.507896 0.125106
v 0.698587 1.507896 0.061632
v 0.698587 1.507896 0.125107
v -0.787151 1.507896 0.061632
v -0.787151 1.507896 0.061632
v 0.698587 1.447212 0.061631
v 0.698587 1.507896 0.061632
v -0.849872 1.447213 0.061631
v -0.786802 1.724140 0.061632
v -0.849478 1.724266 0.061631
v -0.849872 1.447213 0.061631
v 0.698587 1.447212 0.125106
v 0.698587 1.447212 0.061631
v -0.849873 1.447213 0.125105
v -0.787151 1.507896 0.061632
v -0.786802 1.724140 0.125106
v -0.786802 1.724140 0.061632
v -0.787151 1.507896 0.125106
v -0.849873 1.447213 0.125105
v -0.849478 1.724266 0.061631
v -0.849478 1.724266 0.125105
v -0.849872 1.447213 0.061631
v -0.766183 1.776965 -0.199396
v -0.744299 1.724132 0.194460
v -0.766182 1.776964 0.194460
v -0.766182 1.671300 0.194460
v -0.766183 1.671300 -0.199396
v -0.766182 1.776964 0.194460
v -0.819015 1.798849 -0.199396
v -0.766183 1.776965 -0.199396
v -0.819015 1.798849 0.194460
v -0.871847 1.776965 -0.199396
v -0.871847 1.776964 0.194460
v -0.871847 1.776964 0.194460
v -0.893731 1.724133 -0.199396
v -0.871847 1.776965 -0.199396
v -0.893731 1.724132 0.194460
v -0.871847 1.671300 -0.199396
v -0.871847 1.671300 0.194460
v -0.871847 1.671300 0.194460
v -0.819015 1.649416 -0.199396
v -0.871847 1.671300 -0.199396
v -0.819015 1.649416 0.194460
v -0.766183 1.671300 -0.199396
v -0.766182 1.671300 0.194460
v 0.472273 0.954958 -0.115700
v 0.626418 0.880500 -0.794037
v 0.472273 0.880499 -0.794037
v 0.626417 0.954958 -0.115701
v -0.481542 0.954958 -0.115701
v -0.635686 0.880500 -0.794037
v -0.635687 0.954958 -0.115702
v -0.481542 0.880499 -0.794037
v 0.472272 1.040117 -0.115700
v 0.472273 0.880499 -0.794037
v 0.472273 1.040117 -0.794037
v 0.472273 0.954958 -0.115700
v 0.472273 1.040117 -0.794037
v 0.626418 0.880500 -0.794037
v 0.626417 1.040117 -0.794037
v 0.472273 0.880499 -0.794037
v 0.626417 1.040117 -0.794037
v 0.626417 0.954958 -0.115701
v 0.626417 1.040117 -0.115701
v 0.626418 0.880500 -0.794037
v 0.626417 1.040117 -0.115701
v 0.472273 0.954958 -0.115700
v 0.472272 1.040117 -0.115700
v 0.626417 0.954958 -0.115701
v -0.481542 1.040117 -0.115701
v -0.635687 0.954958 -0.115702
v -0.635687 1.040117 -0.115702
v -0.481542 0.954958 -0.115701
v -0.635687 1.040117 -0.115702
v -0.635686 0.880500 -0.794037
v -0.635686 1.040117 -0.794037
v -0.635687 0.954958 -0.115702
v -0.635686 1.040117 -0.794037
v -0.481542 0.880499 -0.794037
v -0.481542 1.040117 -0.794037
v -0.635686 0.880500 -0.794037
v -0.481542 1.040117 -0.794037
v -0.481542 0.954958 -0.115701
v -0.481542 1.040117 -0.115701
v -0.481542 0.880499 -0.794037
v 0.698585 1.280599 -0.916407
v 0.698585 1.040117 -0.916407
v 0.698584 1.040116 0.205713
v 0.698584 1.407259 -0.819951
v 0.698584 1.407258 0.205715
v 0.698584 1.407258 0.205715
v 0.400107 1.040117 0.205715
v 0.400107 1.407259 0.205715
v 0.698584 1.040116 0.205713
v 0.400107 1.040117 0.205715
v 0.382093 1.040117 -0.916407
v 0.382093 1.280599 -0.916407
v 0.400107 1.407259 0.205715
v 0.382093 1.407259 -0.819952
v 0.400107 1.407259 0.205715
v 0.698584 1.407259 -0.819951
v 0.698584 1.407258 0.205715
v 0.382093 1.407259 -0.819952
v 0.698585 1.280599 -0.916407
v 0.382093 1.040117 -0.916407
v 0.698585 1.040117 -0.916407
v 0.382093 1.280599 -0.916407
v 0.400107 1.040117 0.205715
v 0.698585 1.040117 -0.916407
v 0.382093 1.040117 -0.916407
v 0.698584 1.040116 0.205713
v 0.698585 1.280599 -0.916407
v 0.382093 1.407259 -0.819952
v 0.382093 1.280599 -0.916407
v 0.698584 1.407259 -0.819951
v -0.409373 1.280599 -0.916408
v -0.409373 1.040117 -0.916408
v -0.409374 1.040116 0.205713
v -0.409373 1.407259 -0.819951
v -0.409374 1.407258 0.205714
v -0.409374 1.407258 0.205714
v -0.707851 1.040117 0.205715
v -0.707851 1.407259 0.205715
v -0.409374 1.040116 0.205713
v -0.707851 1.040117 0.205715
v -0.707851 1.040117 -0.916408
v -0.707851 1.280599 -0.916408
v -0.707851 1.407259 0.205715
v -0.707851 1.407259 -0.819953
v -0.707851 1.407259 0.205715
v -0.409373 1.407259 -0.819951
v -0.409374 1.407258 0.205714
v -0.707851 1.407259 -0.819953
v -0.409373 1.280599 -0.916408
v -0.707851 1.040117 -0.916408
v -0.409373 1.040117 -0.916408
v -0.707851 1.280599 -0.916408
v -0.707851 1.040117 0.205715
v -0.409373 1.040117 -0.916408
v -0.707851 1.040117 -0.916408
v -0.409374 1.040116 0.205713
v -0.409373 1.280599 -0.916408
v -0.707851 1.407259 -0.819953
v -0.707851 1.280599 -0.916408
v -0.409373 1.407259 -0.819951
v -0.898467 0.811210 0.040174
v 0.889196 0.864042 0.062059
v -0.898467 0.864042 0.062058
v 0.889196 0.811210 0.040175
v -0.898467 0.758378 0.062058
v 0.889196 0.758378 0.062059
v 0.889196 0.885926 0.114892
v -0.898467 0.864042 0.062058
v 0.889196 0.864042 0.062059
v -0.898467 0.885926 0.114890
v 0.889196 0.864042 0.167724
v -0.898467 0.864042 0.167723
v 0.889196 0.811210 0.189608
v -0.898467 0.864042 0.167723
v 0.889196 0.864042 0.167724
v -0.898467 0.811210 0.189607
v 0.889196 0.758378 0.167724
v -0.898467 0.758378 0.167723
v 0.889196 0.736494 0.114892
v -0.898467 0.758378 0.167723
v 0.889196 0.758378 0.167724
v -0.898467 0.736494 0.114890
v 0.889196 0.758378 0.062059
v -0.898467 0.758378 0.062058
v -0.898467 0.736494 0.114890
v -0.898467 0.811210 0.189607
v -0.898467 0.758378 0.167723
v -0.898467 0.811210 0.040174
v -0.898467 0.758378 0.062058
v -0.898467 0.885926 0.114890
v -0.898467 0.864042 0.167723
v -0.898467 0.864042 0.062058
v 0.889196 0.864042 0.062059
v 0.889196 0.864042 0.167724
v 0.889196 0.885926 0.114892
v 0.889196 0.758378 0.062059
v 0.889196 0.811210 0.040175
v 0.889196 0.758378 0.167724
v 0.889196 0.811210 0.189608
v 0.889196 0.736494 0.114892
v 0.400109 1.064664 0.229183
v -0.409372 1.183663 0.253829
v 0.400109 1.183663 0.253829
v -0.409372 1.064664 0.229183
v -0.409372 0.963091 0.162464
v 0.400109 0.963091 0.162464
v 0.400109 0.896372 0.060892
v -0.409372 0.963091 0.162464
v 0.400109 0.963091 0.162464
v -0.409372 0.896373 0.060892
v -0.409372 0.871728 -0.058108
v 0.400109 0.871727 -0.058108
v 0.400109 0.896372 -0.177108
v -0.409372 0.896373 -0.177108
v -0.409372 0.963091 -0.278680
v 0.400109 0.963091 -0.278680
v 0.400109 1.064664 -0.345399
v -0.409372 0.963091 -0.278680
v 0.400109 0.963091 -0.278680
v -0.409372 1.064663 -0.345399
v -0.409372 1.183663 -0.370044
v 0.400109 1.183663 -0.370044
v 0.698587 1.447212 0.061631
v 0.698587 1.507896 0.125107
v 0.698587 1.507896 0.061632
v 0.698587 1.447212 0.125106
v 0.650357 1.284672 0.395060
v 0.549347 1.183661 0.500755
v 0.549346 1.326513 0.395060
v 0.692198 1.183662 0.395060
v 0.448335 1.284672 0.395060
v 0.650357 1.082651 0.395060
v 0.406495 1.183662 0.395060
v 0.549347 1.040810 0.395060
v 0.448335 1.082650 0.395060
v 0.448338 1.284673 0.174576
v 0.549347 1.183662 0.093460
v 0.549348 1.326513 0.174574
v 0.406497 1.183662 0.174576
v 0.650359 1.284673 0.174574
v 0.448338 1.082651 0.174576
v 0.692199 1.183662 0.174574
v 0.549348 1.040811 0.174576
v 0.650359 1.082651 0.174574
v -0.659625 1.284673 0.395060
v -0.558615 1.326513 0.395060
v -0.558615 1.183661 0.500754
v -0.701466 1.183662 0.395060
v -0.457604 1.284672 0.395060
v -0.659625 1.082651 0.395059
v -0.415764 1.183662 0.395060
v -0.558615 1.040810 0.395059
v -0.457604 1.082651 0.395059
v -0.457606 1.284673 0.174575
v -0.558616 1.326513 0.174574
v -0.558615 1.183662 0.093459
v -0.415765 1.183662 0.174576
v -0.659627 1.284673 0.174574
v -0.457606 1.082651 0.174575
v -0.701467 1.183662 0.174574
v -0.558616 1.040811 0.174575
v -0.659627 1.082651 0.174574
v 0.232875 1.518915 0.019627
v 0.140050 1.518915 0.172069
v 0.140050 1.518915 0.019628
v 0.232875 1.518915 0.172069
v -0.239532 1.518915 0.019627
v -0.146707 1.518915 0.172068
v -0.239532 1.518915 0.172068
v -0.146707 1.518915 0.019628
v 0.595757 1.518915 0.019627
v 0.502932 1.518915 0.172069
v 0.502932 1.518915 0.019628
v 0.595757 1.518915 0.172069
v -0.605025 1.518915 0.019627
v -0.512200 1.518915 0.172068
v -0.605025 1.518915 0.172068
v -0.512200 1.518915 0.019628
v -0.766183 1.776965 -0.199396
v -0.744299 1.724132 0.194460
v -0.744298 1.724133 -0.199396
v -0.766182 1.671300 0.194460
v -0.766183 1.671300 -0.199396
vn -1.0000 -0.0000 -0.0000
vn 1.0000 -0.0000 -0.0000
vn -0.0000 1.0000 -0.0000
vn -0.0000 -0.0000 1.0000
vn -0.0000 -0.0000 -1.0000
vn 0.9239 0.3827 0.0068
vn 0.9239 -0.3827 0.0068
vn 0.3827 0.9239 0.0068
vn -0.3827 0.9239 0.0068
vn -0.9239 0.3827 0.0068
vn -0.9239 -0.3827 0.0068
vn -0.3827 -0.9239 0.0068
vn 0.3827 -0.9239 0.0068
vn 0.3827 -0.9239 -0.0000
vn -0.3827 -0.9239 -0.0000
vn -0.9239 -0.3827 -0.0000
vn -0.9239 0.3827 -0.0000
vn -0.3827 0.9239 -0.0000
vn 0.3827 0.9239 -0.0000
vn 0.9239 0.3827 -0.0000
vn 0.9239 -0.3827 -0.0000
vn -0.0000 -0.0001 -1.0000
vn -0.0000 0.0004 1.0000
vn -0.0000 -0.9940 0.1091
vn -0.0000 -1.0000 -0.0000
vn -0.0000 0.6059 -0.7956
vn -0.0000 -0.2028 0.9792
vn -0.0000 -0.5490 0.8358
vn -0.0000 -0.8358 0.5490
vn -0.0000 -0.9792 0.2028
vn -0.0000 -0.9792 -0.2028
vn -0.0000 -0.8358 -0.5490
vn -0.0000 -0.5490 -0.8358
vn -0.0000 -0.2028 -0.9792
vn 0.2392 0.5775 0.7805
vn 0.5775 0.2392 0.7805
vn -0.2392 0.5775 0.7805
vn 0.5775 -0.2392 0.7805
vn -0.5775 0.2392 0.7805
vn 0.2392 -0.5775 0.7805
vn -0.5775 -0.2392 0.7805
vn -0.2392 -0.5775 0.7805
vn -0.2004 0.4838 -0.8520
vn -0.4838 0.2004 -0.8519
vn 0.2004 0.4838 -0.8520
vn -0.4838 -0.2004 -0.8519
vn 0.4838 0.2004 -0.8520
vn -0.2004 -0.4838 -0.8519
vn 0.4838 -0.2004 -0.8520
vn 0.2004 -0.4838 -0.8520
vn 0.2004 0.4838 -0.8519
vn 0.4838 0.2004 -0.8519
vn 0.4838 -0.2004 -0.8519
vn -0.4838 0.2004 -0.8520
vn 0.2004 -0.4838 -0.8519
vn -0.4838 -0.2004 -0.8520
vn -0.2004 -0.4838 -0.8520
vn -0.0000 0.3827 -0.9239
vn -0.0000 -0.3827 -0.9239
vn -0.0000 0.9239 -0.3827
vn -0.0000 0.9239 0.3827
vn -0.0000 0.3827 0.9239
vn -0.0000 -0.3827 0.9239
vn -0.0000 -0.9239 0.3827
vn -0.0000 -0.9239 -0.3827
vn 1.0000 -0.0016 -0.0000
vn -1.0000 0.0014 -0.0000
vn -0.9999 -0.0000 0.0161
vn -0.9998 -0.0134 0.0176
vt -3.467700 0.516178
vt -3.465363 0.517987
vt -3.468071 0.517987
vt -3.466696 0.514635
vt -3.465167 0.513621
vt -3.463376 0.513247
vt -3.461389 0.517987
vt -3.461584 0.513621
vt -3.460055 0.514635
vt -3.459051 0.516178
vt -3.458680 0.517987
vt -3.461389 0.520220
vt -3.465363 0.520220
vt 4.459051 0.516178
vt 4.461389 0.517987
vt 4.458680 0.517987
vt 4.460055 0.514635
vt 4.461584 0.513621
vt 4.463376 0.513247
vt 4.465363 0.517987
vt 4.465167 0.513621
vt 4.466696 0.514635
vt 4.467700 0.516178
vt 4.468071 0.517987
vt 4.465363 0.520220
vt 4.461389 0.520220
vt -0.105792 4.461389
vt -0.105792 4.465363
vt -0.107468 4.461389
vt -0.107468 4.465363
vt -0.105792 4.458680
vt -0.107468 4.458680
vt -0.107468 4.468071
vt -0.105792 4.468071
vt -0.105792 0.517987
vt -0.105792 0.520220
vt -0.107468 0.517987
vt -0.107468 0.520220
vt 1.107468 0.517987
vt 1.107468 0.520220
vt 1.105792 0.517987
vt 1.105792 0.520220
vt 4.430505 0.518696
vt 4.430505 0.517987
vt 4.448569 0.518791
vt 4.448569 0.517987
vt 4.448569 0.517183
vt 4.430505 0.517277
vt -0.102821 4.430505
vt -0.102727 4.448569
vt -0.103529 4.430505
vt -0.103529 4.448569
vt -0.104332 4.448569
vt -0.104237 4.430505
vt -3.448569 0.518791
vt -3.448569 0.517987
vt -3.430505 0.518696
vt -3.430505 0.517987
vt -3.448569 0.517183
vt -3.430505 0.517277
vt 1.104332 4.448569
vt 1.103529 4.448569
vt 1.104237 4.430505
vt 1.103529 4.430505
vt 1.102821 4.430505
vt 1.102727 4.448569
vt 1.101997 4.459873
vt 1.101997 4.456554
vt 1.103529 4.459873
vt 1.103529 4.456554
vt 1.105061 4.459873
vt 1.105061 4.456554
vt -3.459873 0.516452
vt -3.456554 0.516452
vt -3.459873 0.517987
vt -3.456554 0.517987
vt -3.459873 0.519522
vt -3.456554 0.519522
vt -0.105061 4.459873
vt -0.105061 4.456554
vt -0.103529 4.459873
vt -0.103529 4.456554
vt -0.101997 4.459873
vt -0.101997 4.456554
vt 4.459873 0.519522
vt 4.456554 0.519522
vt 4.459873 0.517987
vt 4.456554 0.517987
vt 4.459873 0.516452
vt 4.456554 0.516452
vt -3.459910 0.521384
vt -3.459911 0.523081
vt -3.462205 0.521384
vt -3.462205 0.523081
vt 1.104233 0.523081
vt 1.102825 0.523081
vt 1.104233 0.521384
vt 1.102825 0.521384
vt -0.104233 0.523081
vt -0.104233 0.521384
vt -0.102825 0.523081
vt -0.102825 0.521384
vt 4.462205 0.523081
vt 4.459911 0.523081
vt 4.462205 0.521384
vt 4.459910 0.521384
vt -0.110439 4.430505
vt -0.109731 4.430505
vt -0.110534 4.448569
vt -0.109731 4.448569
vt -0.108929 4.448569
vt -0.109023 4.430505
vt 1.108929 4.448569
vt 1.109023 4.430505
vt 1.109731 4.448569
vt 1.109731 4.430505
vt 1.110440 4.430505
vt 1.110534 4.448569
vt 1.111263 4.459873
vt 1.109731 4.459873
vt 1.111263 4.456554
vt 1.109731 4.456554
vt 1.108199 4.459873
vt 1.108199 4.456554
vt -0.108199 4.459873
vt -0.109731 4.459873
vt -0.108199 4.456554
vt -0.109731 4.456554
vt -0.111263 4.459873
vt -0.111263 4.456554
vt 1.110435 0.521384
vt 1.110435 0.523081
vt 1.109027 0.521384
vt 1.109027 0.523081
vt -0.110435 0.521384
vt -0.109027 0.521384
vt -0.110435 0.523081
vt -0.109027 0.523081
vt 1.104698 4.474453
vt 1.102360 4.474453
vt 1.104698 4.464242
vt 1.102360 4.464242
vt 1.110900 4.464242
vt 1.110900 4.474453
vt 1.108562 4.464242
vt 1.108562 4.474453
vt -3.474453 0.515805
vt -3.474453 0.513380
vt -3.464242 0.515805
vt -3.464242 0.514511
vt 1.102360 0.515805
vt 1.102360 0.513380
vt 1.104698 0.515805
vt 1.104698 0.513380
vt 4.464242 0.515805
vt 4.464242 0.514511
vt 4.474453 0.515805
vt 4.474453 0.513380
vt -0.104698 0.515805
vt -0.104698 0.514511
vt -0.102360 0.515805
vt -0.102360 0.514511
vt -0.110900 0.515805
vt -0.110900 0.514511
vt -0.108562 0.515805
vt -0.108562 0.514511
vt 1.108562 0.515805
vt 1.108562 0.513380
vt 1.110900 0.515805
vt 1.110900 0.513380
vt 4.459404 0.515805
vt 4.476295 0.515805
vt 4.476295 0.519460
vt 4.474843 0.521384
vt 4.459404 0.521384
vt -0.105792 0.521384
vt -0.105792 0.515805
vt -0.101266 0.521384
vt -0.101266 0.515805
vt -3.476295 0.519460
vt -3.476295 0.515805
vt -3.459404 0.515805
vt -3.459404 0.521384
vt -3.474843 0.521384
vt -0.101266 4.459404
vt -0.101266 4.474843
vt -0.105792 4.459404
vt -0.105792 4.474843
vt 1.101266 0.515805
vt 1.105793 0.515805
vt 1.101266 0.519460
vt 1.105793 0.519460
vt 1.105793 4.476295
vt 1.101266 4.476295
vt 1.105793 4.459404
vt 1.101266 4.459404
vt 1.105793 0.521384
vt 1.101266 0.521384
vt -0.111995 0.521384
vt -0.111995 0.515805
vt -0.107468 0.521384
vt -0.107468 0.515805
vt -0.107468 4.459404
vt -0.107468 4.474843
vt -0.111995 4.459404
vt -0.111995 4.474843
vt 1.107468 0.515805
vt 1.111995 0.515805
vt 1.107468 0.519460
vt 1.111995 0.519460
vt 1.111995 4.476295
vt 1.107468 4.476295
vt 1.111995 4.459404
vt 1.107468 4.459404
vt 1.111995 0.521384
vt 1.107468 0.521384
vt -0.105792 0.516178
vt -0.107468 0.516178
vt -0.107468 0.514635
vt -0.105792 0.514635
vt 1.105792 4.460055
vt 1.107468 4.460055
vt 1.105792 4.461584
vt 1.107468 4.461584
vt 1.107468 4.463376
vt 1.105792 4.463376
vt 1.105792 4.465167
vt 1.107468 4.465167
vt 1.107468 4.466696
vt 1.105792 4.466696
vt 1.105792 0.514635
vt 1.107468 0.514635
vt 1.105792 0.516178
vt 1.107468 0.516178
vt -0.103529 0.520157
vt -0.103529 0.517987
vt -0.101997 0.519522
vt -0.101363 0.517987
vt -0.105061 0.519522
vt -0.101997 0.516452
vt -0.105696 0.517987
vt -0.103529 0.515816
vt -0.105061 0.516452
vt 1.103529 0.520157
vt 1.103529 0.517987
vt 1.105061 0.519522
vt 1.105695 0.517987
vt 1.101997 0.519522
vt 1.105061 0.516452
vt 1.101363 0.517987
vt 1.103529 0.515816
vt 1.101997 0.516452
vt -0.109731 0.517987
vt -0.109731 0.520157
vt -0.111263 0.519522
vt -0.111898 0.517987
vt -0.108199 0.519522
vt -0.111263 0.516452
vt -0.107565 0.517987
vt -0.109731 0.515816
vt -0.108199 0.516452
vt 1.109731 0.517987
vt 1.109731 0.520157
vt 1.108199 0.519522
vt 1.107565 0.517987
vt 1.111263 0.519522
vt 1.108199 0.516452
vt 1.111898 0.517987
vt 1.109731 0.515816
vt 1.111263 0.516452
vt 1.114886 0.518790
vt 1.098375 0.518790
vt 1.114886 0.517987
vt 1.098375 0.517987
vt 1.114886 0.517184
vt 1.098375 0.517184
vt -0.098375 4.464170
vt -0.114886 4.464170
vt -0.098375 4.463375
vt -0.114886 4.463375
vt -0.098375 4.462580
vt -0.114886 4.462580
vt -0.098375 0.518790
vt -0.114886 0.518790
vt -0.098375 0.517987
vt -0.114886 0.517987
vt -0.098375 0.517184
vt -0.114886 0.517184
vt 1.098375 4.462580
vt 1.114886 4.462580
vt 1.098375 4.463375
vt 1.114886 4.463375
vt 1.098375 4.464170
vt 1.114886 4.464170
vt -3.462580 0.517184
vt -3.462251 0.517987
vt -3.463375 0.516851
vt -3.464500 0.517987
vt -3.464170 0.517184
vt -3.463375 0.519122
vt -3.462580 0.518790
vt -3.464170 0.518790
vt 4.463375 0.519122
vt 4.462580 0.518790
vt 4.464170 0.518790
vt 4.464170 0.517184
vt 4.464500 0.517987
vt 4.462580 0.517184
vt 4.462251 0.517987
vt 4.463375 0.516851
vt -0.101266 0.522914
vt -0.113197 0.522914
vt -0.101266 0.521992
vt -0.114149 0.521992
vt -0.114143 0.526202
vt -0.113192 0.526200
vt -0.101266 4.460618
vt -0.101266 4.461573
vt -0.113197 4.460618
vt -0.113197 4.461573
vt 1.101266 0.522914
vt 1.101266 0.521992
vt 1.113197 0.522914
vt 1.114148 0.521992
vt 1.113192 0.526200
vt 1.114143 0.526202
vt 1.101266 4.461573
vt 1.101266 4.460618
vt 1.114148 4.461573
vt 1.114149 4.460618
vt 4.461573 0.526200
vt 4.460618 0.526200
vt 4.461573 0.522914
vt 4.460618 0.522914
vt -3.460618 0.526202
vt -3.461573 0.526202
vt -3.460618 0.521992
vt -3.461573 0.521992
vt 4.459574 0.527002
vt 4.459574 0.526200
vt 4.465502 0.527002
vt -0.112879 4.465502
vt -0.113681 4.465502
vt -0.112879 4.459574
vt -0.113681 4.459574
vt -0.114482 4.465502
vt -0.114482 4.459574
vt -3.465502 0.527002
vt -3.465502 0.526200
vt -3.459574 0.527002
vt -3.459574 0.526200
vt -3.465502 0.525397
vt -3.459574 0.525397
vt 1.114482 4.465502
vt 1.113681 4.465502
vt 1.114482 4.459574
vt 1.113681 4.459574
vt 1.112879 4.465502
vt 1.112879 4.459574
vt 1.114886 0.513130
vt 1.098375 0.513130
vt 1.114886 0.512327
vt 1.098375 0.512327
vt 1.114886 0.511524
vt 1.098375 0.511524
vt -0.098375 4.461567
vt -0.114886 4.461567
vt -0.098375 4.460772
vt -0.114886 4.460772
vt -0.098375 4.459976
vt -0.114886 4.459976
vt -0.098375 0.513130
vt -0.114886 0.513130
vt -0.098375 0.512327
vt -0.114886 0.512327
vt -0.098375 0.511524
vt -0.114886 0.511524
vt 1.098375 4.459976
vt 1.114886 4.459976
vt 1.098375 4.460772
vt 1.114886 4.460772
vt 1.098375 4.461567
vt 1.114886 4.461567
vt -3.459976 0.511524
vt -3.459647 0.512327
vt -3.460772 0.511192
vt -3.461896 0.512327
vt -3.461567 0.511524
vt -3.460772 0.513462
vt -3.459976 0.513130
vt -3.461567 0.513130
vt 4.460772 0.513462
vt 4.459976 0.513130
vt 4.461567 0.513130
vt 4.461567 0.511524
vt 4.461896 0.512327
vt 4.459976 0.511524
vt 4.459647 0.512327
vt 4.460772 0.511192
vt 4.461573 0.521992
vt 4.460618 0.521992
vt -0.104233 4.462205
vt -0.104233 4.459911
vt -0.102825 4.462205
vt -0.102825 4.459911
vt -0.110435 4.459911
vt -0.109027 4.459911
vt -0.110435 4.462205
vt -0.109027 4.462205
vt 4.465502 0.526200
vt 4.459574 0.525397
vt 4.465502 0.525397
s 0
f 901/540/109 900/541/109 899/542/109
f 902/543/109 900/541/109 901/540/109
f 903/544/109 900/541/109 902/543/109
f 904/545/109 900/541/109 903/544/109
f 905/546/109 900/541/109 904/545/109
f 906/547/109 905/546/109 904/545/109
f 907/548/109 905/546/109 906/547/109
f 908/549/109 905/546/109 907/548/109
f 909/550/109 905/546/109 908/549/109
f 905/546/109 910/551/109 900/541/109
f 911/552/109 900/541/109 910/551/109
f 914/553/110 913/554/110 912/555/110
f 915/556/110 913/554/110 914/553/110
f 916/557/110 913/554/110 915/556/110
f 917/558/110 913/554/110 916/557/110
f 918/559/110 913/554/110 917/558/110
f 919/560/110 918/559/110 917/558/110
f 920/561/110 918/559/110 919/560/110
f 921/562/110 918/559/110 920/561/110
f 922/563/110 918/559/110 921/562/110
f 918/559/110 923/564/110 913/554/110
f 924/565/110 913/554/110 923/564/110
f 927/566/111 926/567/111 925/568/111
f 928/569/111 925/568/111 926/567/111
f 931/570/111 930/566/111 929/571/111
f 932/568/111 929/571/111 930/566/111
f 935/572/111 934/569/111 933/573/111
f 936/567/111 933/573/111 934/569/111
f 939/574/112 938/575/112 937/576/112
f 940/577/112 937/576/112 938/575/112
f 943/578/113 942/579/113 941/580/113
f 944/581/113 941/580/113 942/579/113
f 947/582/114 946/583/114 945/584/114
f 948/585/114 945/584/114 946/583/114
f 948/585/115 946/583/115 949/586/115
f 950/587/115 949/586/115 946/583/115
f 953/588/116 952/589/116 951/590/116
f 954/591/116 951/590/116 952/589/116
f 954/591/117 955/592/117 951/590/117
f 956/593/117 951/590/117 955/592/117
f 959/594/118 958/595/118 957/596/118
f 960/597/118 957/596/118 958/595/118
f 958/595/119 961/598/119 960/597/119
f 962/599/119 960/597/119 961/598/119
f 965/600/120 964/601/120 963/602/120
f 966/603/120 963/602/120 964/601/120
f 966/603/121 964/601/121 967/604/121
f 968/605/121 967/604/121 964/601/121
f 971/606/122 970/607/122 969/608/122
f 972/609/122 969/608/122 970/607/122
f 969/608/123 972/609/123 973/610/123
f 974/611/123 973/610/123 972/609/123
f 977/612/124 976/613/124 975/614/124
f 978/615/124 975/614/124 976/613/124
f 975/614/125 978/615/125 979/616/125
f 980/617/125 979/616/125 978/615/125
f 983/618/126 982/619/126 981/620/126
f 984/621/126 981/620/126 982/619/126
f 981/620/127 984/621/127 985/622/127
f 986/623/127 985/622/127 984/621/127
f 989/624/128 988/625/128 987/626/128
f 990/627/128 987/626/128 988/625/128
f 987/626/129 990/627/129 991/628/129
f 992/629/129 991/628/129 990/627/129
f 995/630/109 994/631/109 993/632/109
f 996/633/109 993/632/109 994/631/109
f 999/634/130 998/635/130 997/636/130
f 1000/637/130 997/636/130 998/635/130
f 1003/638/131 1002/639/131 1001/640/131
f 1004/641/131 1001/640/131 1002/639/131
f 1007/642/110 1006/643/110 1005/644/110
f 1008/645/110 1005/644/110 1006/643/110
f 1011/596/118 1010/594/118 1009/597/118
f 1012/595/118 1009/597/118 1010/594/118
f 1012/595/119 1013/598/119 1009/597/119
f 1014/599/119 1009/597/119 1013/598/119
f 1017/646/117 1016/647/117 1015/648/117
f 1018/649/117 1015/648/117 1016/647/117
f 1018/649/116 1016/647/116 1019/650/116
f 1020/651/116 1019/650/116 1016/647/116
f 1023/584/114 1022/582/114 1021/585/114
f 1024/583/114 1021/585/114 1022/582/114
f 1021/585/115 1024/583/115 1025/586/115
f 1026/587/115 1025/586/115 1024/583/115
f 1029/652/121 1028/653/121 1027/654/121
f 1030/655/121 1027/654/121 1028/653/121
f 1030/655/120 1031/656/120 1027/654/120
f 1032/657/120 1027/654/120 1031/656/120
f 1035/658/123 1034/659/123 1033/660/123
f 1036/661/123 1033/660/123 1034/659/123
f 1034/659/122 1037/662/122 1036/661/122
f 1038/663/122 1036/661/122 1037/662/122
f 1041/628/129 1040/626/129 1039/629/129
f 1042/627/129 1039/629/129 1040/626/129
f 1040/626/128 1043/624/128 1042/627/128
f 1044/625/128 1042/627/128 1043/624/128
f 1047/664/127 1046/665/127 1045/666/127
f 1048/667/127 1045/666/127 1046/665/127
f 1046/665/126 1049/668/126 1048/667/126
f 1050/669/126 1048/667/126 1049/668/126
f 1053/616/125 1052/614/125 1051/617/125
f 1054/615/125 1051/617/125 1052/614/125
f 1052/614/124 1055/612/124 1054/615/124
f 1056/613/124 1054/615/124 1055/612/124
f 1059/642/110 1058/643/110 1057/644/110
f 1060/645/110 1057/644/110 1058/643/110
f 1063/670/130 1062/671/130 1061/672/130
f 1064/673/130 1061/672/130 1062/671/130
f 1067/674/131 1066/675/131 1065/676/131
f 1068/677/131 1065/676/131 1066/675/131
f 1071/630/109 1070/631/109 1069/632/109
f 1072/633/109 1069/632/109 1070/631/109
f 1075/678/132 1074/679/132 1073/680/132
f 1076/681/132 1073/680/132 1074/679/132
f 1079/682/132 1078/683/132 1077/684/132
f 1080/685/132 1077/684/132 1078/683/132
f 1083/686/109 1082/687/109 1081/688/109
f 1084/689/109 1081/688/109 1082/687/109
f 1087/690/113 1086/691/113 1085/692/113
f 1088/693/113 1085/692/113 1086/691/113
f 1091/694/110 1090/695/110 1089/696/110
f 1092/697/110 1089/696/110 1090/695/110
f 1095/698/112 1094/699/112 1093/700/112
f 1096/701/112 1093/700/112 1094/699/112
f 1099/702/112 1098/703/112 1097/704/112
f 1100/705/112 1097/704/112 1098/703/112
f 1103/686/109 1102/687/109 1101/688/109
f 1104/689/109 1101/688/109 1102/687/109
f 1107/706/113 1106/707/113 1105/708/113
f 1108/709/113 1105/708/113 1106/707/113
f 1111/694/110 1110/695/110 1109/696/110
f 1112/697/110 1109/696/110 1110/695/110
f 1115/710/110 1114/711/110 1113/712/110
f 1113/712/110 1116/713/110 1115/710/110
f 1117/714/110 1115/710/110 1116/713/110
f 1120/715/112 1119/716/112 1118/717/112
f 1121/718/112 1118/717/112 1119/716/112
f 1124/719/109 1123/720/109 1122/721/109
f 1122/721/109 1125/722/109 1124/719/109
f 1126/723/109 1124/719/109 1125/722/109
f 1129/724/111 1128/725/111 1127/726/111
f 1130/727/111 1127/726/111 1128/725/111
f 1133/728/113 1132/729/113 1131/730/113
f 1134/731/113 1131/730/113 1132/729/113
f 1137/732/133 1136/733/133 1135/734/133
f 1138/735/133 1135/734/133 1136/733/133
f 1141/731/134 1140/736/134 1139/730/134
f 1142/737/134 1139/730/134 1140/736/134
f 1145/710/110 1144/711/110 1143/712/110
f 1143/712/110 1146/713/110 1145/710/110
f 1147/714/110 1145/710/110 1146/713/110
f 1150/738/112 1149/739/112 1148/740/112
f 1151/741/112 1148/740/112 1149/739/112
f 1154/719/109 1153/720/109 1152/721/109
f 1152/721/109 1155/722/109 1154/719/109
f 1156/723/109 1154/719/109 1155/722/109
f 1159/742/111 1158/743/111 1157/744/111
f 1160/745/111 1157/744/111 1158/743/111
f 1163/746/113 1162/747/113 1161/748/113
f 1164/749/113 1161/748/113 1162/747/113
f 1167/750/133 1166/751/133 1165/752/133
f 1168/753/133 1165/752/133 1166/751/133
f 1171/749/134 1170/754/134 1169/748/134
f 1172/755/134 1169/748/134 1170/754/134
f 1175/574/135 1174/576/135 1173/756/135
f 1176/757/135 1173/756/135 1174/576/135
f 1176/757/136 1177/758/136 1173/756/136
f 1178/759/136 1173/756/136 1177/758/136
f 1181/760/137 1180/761/137 1179/762/137
f 1182/763/137 1179/762/137 1180/761/137
f 1182/763/138 1183/764/138 1179/762/138
f 1184/765/138 1179/762/138 1183/764/138
f 1184/765/139 1183/764/139 1185/766/139
f 1186/767/139 1185/766/139 1183/764/139
f 1186/767/140 1187/768/140 1185/766/140
f 1188/769/140 1185/766/140 1187/768/140
f 1191/770/141 1190/771/141 1189/772/141
f 1192/773/141 1189/772/141 1190/771/141
f 1192/773/142 1193/578/142 1189/772/142
f 1194/580/142 1189/772/142 1193/578/142
f 1197/774/143 1196/775/143 1195/776/143
f 1195/776/144 1196/775/144 1198/777/144
f 1199/778/145 1196/775/145 1197/774/145
f 1198/777/146 1196/775/146 1200/779/146
f 1201/780/147 1196/775/147 1199/778/147
f 1200/779/148 1196/775/148 1202/781/148
f 1203/782/149 1196/775/149 1201/780/149
f 1202/781/150 1196/775/150 1203/782/150
f 1206/783/151 1205/784/151 1204/785/151
f 1204/785/152 1205/784/152 1207/786/152
f 1208/787/153 1205/784/153 1206/783/153
f 1207/786/154 1205/784/154 1209/788/154
f 1210/789/155 1205/784/155 1208/787/155
f 1209/788/156 1205/784/156 1211/790/156
f 1212/791/157 1205/784/157 1210/789/157
f 1211/790/158 1205/784/158 1212/791/158
f 1215/792/145 1214/793/145 1213/794/145
f 1215/792/147 1213/794/147 1216/795/147
f 1215/792/143 1217/796/143 1214/793/143
f 1215/792/149 1216/795/149 1218/797/149
f 1215/792/144 1219/798/144 1217/796/144
f 1215/792/150 1218/797/150 1220/799/150
f 1215/792/146 1221/800/146 1219/798/146
f 1215/792/148 1220/799/148 1221/800/148
f 1224/801/159 1223/802/159 1222/803/159
f 1224/801/160 1222/803/160 1225/804/160
f 1224/801/151 1226/805/151 1223/802/151
f 1224/801/161 1225/804/161 1227/806/161
f 1224/801/162 1228/807/162 1226/805/162
f 1224/801/163 1227/806/163 1229/808/163
f 1224/801/164 1230/809/164 1228/807/164
f 1224/801/165 1229/808/165 1230/809/165
f 1233/540/109 1232/541/109 1231/542/109
f 1234/543/109 1232/541/109 1233/540/109
f 1235/544/109 1232/541/109 1234/543/109
f 1236/545/109 1232/541/109 1235/544/109
f 1237/546/109 1232/541/109 1236/545/109
f 1238/547/109 1237/546/109 1236/545/109
f 1239/548/109 1237/546/109 1238/547/109
f 1240/549/109 1237/546/109 1239/548/109
f 1241/550/109 1237/546/109 1240/549/109
f 1237/546/109 1242/551/109 1232/541/109
f 1243/552/109 1232/541/109 1242/551/109
f 1246/553/110 1245/554/110 1244/555/110
f 1247/556/110 1245/554/110 1246/553/110
f 1248/557/110 1245/554/110 1247/556/110
f 1249/558/110 1245/554/110 1248/557/110
f 1250/559/110 1245/554/110 1249/558/110
f 1251/560/110 1250/559/110 1249/558/110
f 1252/561/110 1250/559/110 1251/560/110
f 1253/562/110 1250/559/110 1252/561/110
f 1254/563/110 1250/559/110 1253/562/110
f 1250/559/110 1255/564/110 1245/554/110
f 1256/565/110 1245/554/110 1255/564/110
f 1259/566/111 1258/567/111 1257/568/111
f 1260/569/111 1257/568/111 1258/567/111
f 1263/570/111 1262/566/111 1261/571/111
f 1264/568/111 1261/571/111 1262/566/111
f 1267/572/111 1266/569/111 1265/573/111
f 1268/567/111 1265/573/111 1266/569/111
f 1271/574/112 1270/575/112 1269/576/112
f 1272/577/112 1269/576/112 1270/575/112
f 1275/578/113 1274/579/113 1273/580/113
f 1276/581/113 1273/580/113 1274/579/113
f 1279/582/114 1278/583/114 1277/584/114
f 1280/585/114 1277/584/114 1278/583/114
f 1280/585/115 1278/583/115 1281/586/115
f 1282/587/115 1281/586/115 1278/583/115
f 1285/588/116 1284/589/116 1283/590/116
f 1286/591/116 1283/590/116 1284/589/116
f 1286/591/117 1287/592/117 1283/590/117
f 1288/593/117 1283/590/117 1287/592/117
f 1291/594/118 1290/595/118 1289/596/118
f 1292/597/118 1289/596/118 1290/595/118
f 1290/595/119 1293/598/119 1292/597/119
f 1294/599/119 1292/597/119 1293/598/119
f 1297/600/120 1296/601/120 1295/602/120
f 1298/603/120 1295/602/120 1296/601/120
f 1298/603/121 1296/601/121 1299/604/121
f 1300/605/121 1299/604/121 1296/601/121
f 1303/606/122 1302/607/122 1301/608/122
f 1304/609/122 1301/608/122 1302/607/122
f 1301/608/123 1304/609/123 1305/610/123
f 1306/611/123 1305/610/123 1304/609/123
f 1309/612/124 1308/613/124 1307/614/124
f 1310/615/124 1307/614/124 1308/613/124
f 1307/614/125 1310/615/125 1311/616/125
f 1312/617/125 1311/616/125 1310/615/125
f 1315/618/126 1314/619/126 1313/620/126
f 1316/621/126 1313/620/126 1314/619/126
f 1313/620/127 1316/621/127 1317/622/127
f 1318/623/127 1317/622/127 1316/621/127
f 1321/624/128 1320/625/128 1319/626/128
f 1322/627/128 1319/626/128 1320/625/128
f 1319/626/129 1322/627/129 1323/628/129
f 1324/629/129 1323/628/129 1322/627/129
f 1327/810/166 1326/811/166 1325/812/166
f 1328/813/166 1325/812/166 1326/811/166
f 1325/812/167 1328/813/167 1329/814/167
f 1330/815/167 1329/814/167 1328/813/167
f 1333/816/168 1332/817/168 1331/818/168
f 1334/819/168 1331/818/168 1332/817/168
f 1331/818/169 1334/819/169 1335/820/169
f 1336/821/169 1335/820/169 1334/819/169
f 1339/822/170 1338/823/170 1337/824/170
f 1340/825/170 1337/824/170 1338/823/170
f 1337/824/171 1340/825/171 1341/826/171
f 1342/827/171 1341/826/171 1340/825/171
f 1345/828/172 1344/829/172 1343/830/172
f 1346/831/172 1343/830/172 1344/829/172
f 1343/830/173 1346/831/173 1347/832/173
f 1348/833/173 1347/832/173 1346/831/173
f 1351/834/109 1350/835/109 1349/836/109
f 1350/835/109 1352/837/109 1349/836/109
f 1349/836/109 1352/837/109 1353/838/109
f 1354/839/109 1352/837/109 1350/835/109
f 1355/840/109 1354/839/109 1350/835/109
f 1356/841/109 1352/837/109 1354/839/109
f 1359/842/110 1358/843/110 1357/844/110
f 1358/843/110 1360/845/110 1357/844/110
f 1357/844/110 1360/845/110 1361/846/110
f 1362/847/110 1360/845/110 1358/843/110
f 1363/848/110 1362/847/110 1358/843/110
f 1364/849/110 1360/845/110 1362/847/110
f 1367/630/109 1366/631/109 1365/632/109
f 1368/633/109 1365/632/109 1366/631/109
f 1371/634/130 1370/635/130 1369/636/130
f 1372/637/130 1369/636/130 1370/635/130
f 1375/638/131 1374/639/131 1373/640/131
f 1376/641/131 1373/640/131 1374/639/131
f 1379/642/110 1378/643/110 1377/644/110
f 1380/645/110 1377/644/110 1378/643/110
f 1383/596/118 1382/594/118 1381/597/118
f 1384/595/118 1381/597/118 1382/594/118
f 1384/595/119 1385/598/119 1381/597/119
f 1386/599/119 1381/597/119 1385/598/119
f 1389/646/117 1388/647/117 1387/648/117
f 1390/649/117 1387/648/117 1388/647/117
f 1390/649/116 1388/647/116 1391/650/116
f 1392/651/116 1391/650/116 1388/647/116
f 1395/584/114 1394/582/114 1393/585/114
f 1396/583/114 1393/585/114 1394/582/114
f 1393/585/115 1396/583/115 1397/586/115
f 1398/587/115 1397/586/115 1396/583/115
f 1401/652/121 1400/653/121 1399/654/121
f 1402/655/121 1399/654/121 1400/653/121
f 1402/655/120 1403/656/120 1399/654/120
f 1404/657/120 1399/654/120 1403/656/120
f 1407/658/123 1406/659/123 1405/660/123
f 1408/661/123 1405/660/123 1406/659/123
f 1406/659/122 1409/662/122 1408/661/122
f 1410/663/122 1408/661/122 1409/662/122
f 1413/628/129 1412/626/129 1411/629/129
f 1414/627/129 1411/629/129 1412/626/129
f 1412/626/128 1415/624/128 1414/627/128
f 1416/625/128 1414/627/128 1415/624/128
f 1419/664/127 1418/665/127 1417/666/127
f 1420/667/127 1417/666/127 1418/665/127
f 1418/665/126 1421/668/126 1420/667/126
f 1422/669/126 1420/667/126 1421/668/126
f 1425/616/125 1424/614/125 1423/617/125
f 1426/615/125 1423/617/125 1424/614/125
f 1424/614/124 1427/612/124 1426/615/124
f 1428/613/124 1426/615/124 1427/612/124
f 1431/642/110 1430/643/110 1429/644/110
f 1432/645/110 1429/644/110 1430/643/110
f 1435/670/130 1434/671/130 1433/672/130
f 1436/673/130 1433/672/130 1434/671/130
f 1439/674/131 1438/675/131 1437/676/131
f 1440/677/131 1437/676/131 1438/675/131
f 1443/630/109 1442/631/109 1441/632/109
f 1444/633/109 1441/632/109 1442/631/109
f 1447/850/112 1446/851/112 1445/852/112
f 1448/853/112 1445/852/112 1446/851/112
f 1448/853/112 1446/851/112 1449/854/112
f 1450/855/112 1449/854/112 1446/851/112
f 1453/856/111 1452/857/111 1451/858/111
f 1454/859/111 1451/858/111 1452/857/111
f 1457/860/113 1456/861/113 1455/862/113
f 1458/863/113 1455/862/113 1456/861/113
f 1455/862/113 1458/863/113 1459/864/113
f 1460/865/113 1459/864/113 1458/863/113
f 1463/866/133 1462/867/133 1461/868/133
f 1464/869/133 1461/868/133 1462/867/133
f 1467/870/174 1466/871/174 1465/872/174
f 1468/873/174 1465/872/174 1466/871/174
f 1471/874/175 1470/875/175 1469/876/175
f 1472/877/175 1469/876/175 1470/875/175
f 1475/878/128 1474/879/128 1473/880/128
f 1480/881/127 1479/882/127 1478/883/127
f 1481/884/127 1478/883/127 1479/882/127
f 1479/882/126 1482/885/126 1481/884/126
f 1483/886/126 1481/884/126 1482/885/126
f 1486/887/125 1485/888/125 1484/889/125
f 1487/890/125 1484/889/125 1485/888/125
f 1485/888/124 1488/891/124 1487/890/124
f 1489/892/124 1487/890/124 1488/891/124
f 1492/893/123 1491/894/123 1490/895/123
f 1493/896/123 1490/895/123 1491/894/123
f 1491/894/122 1494/897/122 1493/896/122
f 1495/898/122 1493/896/122 1494/897/122
f 1498/678/132 1497/679/132 1496/680/132
f 1499/681/132 1496/680/132 1497/679/132
f 1502/682/132 1501/683/132 1500/684/132
f 1503/685/132 1500/684/132 1501/683/132
f 1506/686/109 1505/687/109 1504/688/109
f 1507/689/109 1504/688/109 1505/687/109
f 1510/690/113 1509/691/113 1508/692/113
f 1511/693/113 1508/692/113 1509/691/113
f 1514/694/110 1513/695/110 1512/696/110
f 1515/697/110 1512/696/110 1513/695/110
f 1518/698/112 1517/699/112 1516/700/112
f 1519/701/112 1516/700/112 1517/699/112
f 1522/702/112 1521/703/112 1520/704/112
f 1523/705/112 1520/704/112 1521/703/112
f 1526/686/109 1525/687/109 1524/688/109
f 1527/689/109 1524/688/109 1525/687/109
f 1530/706/113 1529/707/113 1528/708/113
f 1531/709/113 1528/708/113 1529/707/113
f 1534/694/110 1533/695/110 1532/696/110
f 1535/697/110 1532/696/110 1533/695/110
f 1538/710/110 1537/711/110 1536/712/110
f 1536/712/110 1539/713/110 1538/710/110
f 1540/714/110 1538/710/110 1539/713/110
f 1543/715/112 1542/716/112 1541/717/112
f 1544/718/112 1541/717/112 1542/716/112
f 1547/719/176 1546/720/176 1545/721/176
f 1545/721/176 1548/722/176 1547/719/176
f 1549/723/177 1547/719/177 1548/722/177
f 1552/724/111 1551/725/111 1550/726/111
f 1553/727/111 1550/726/111 1551/725/111
f 1556/728/113 1555/729/113 1554/730/113
f 1557/731/113 1554/730/113 1555/729/113
f 1560/732/133 1559/733/133 1558/734/133
f 1561/735/133 1558/734/133 1559/733/133
f 1564/731/134 1563/736/134 1562/730/134
f 1565/737/134 1562/730/134 1563/736/134
f 1568/710/110 1567/711/110 1566/712/110
f 1566/712/110 1569/713/110 1568/710/110
f 1570/714/110 1568/710/110 1569/713/110
f 1573/738/112 1572/739/112 1571/740/112
f 1574/741/112 1571/740/112 1572/739/112
f 1577/719/109 1576/720/109 1575/721/109
f 1575/721/109 1578/722/109 1577/719/109
f 1579/723/109 1577/719/109 1578/722/109
f 1582/742/111 1581/743/111 1580/744/111
f 1583/745/111 1580/744/111 1581/743/111
f 1586/746/113 1585/747/113 1584/748/113
f 1587/749/113 1584/748/113 1585/747/113
f 1590/750/133 1589/751/133 1588/752/133
f 1591/753/133 1588/752/133 1589/751/133
f 1594/749/134 1593/754/134 1592/748/134
f 1595/755/134 1592/748/134 1593/754/134
f 1598/899/166 1597/900/166 1596/901/166
f 1599/902/166 1596/901/166 1597/900/166
f 1596/901/167 1599/902/167 1600/903/167
f 1601/904/167 1600/903/167 1599/902/167
f 1604/905/168 1603/906/168 1602/907/168
f 1605/908/168 1602/907/168 1603/906/168
f 1602/907/169 1605/908/169 1606/909/169
f 1607/910/169 1606/909/169 1605/908/169
f 1610/911/170 1609/912/170 1608/913/170
f 1611/914/170 1608/913/170 1609/912/170
f 1608/913/171 1611/914/171 1612/915/171
f 1613/916/171 1612/915/171 1611/914/171
f 1616/917/172 1615/918/172 1614/919/172
f 1617/920/172 1614/919/172 1615/918/172
f 1614/919/173 1617/920/173 1618/921/173
f 1619/922/173 1618/921/173 1617/920/173
f 1622/923/109 1621/924/109 1620/925/109
f 1621/924/109 1623/926/109 1620/925/109
f 1620/925/109 1623/926/109 1624/927/109
f 1625/928/109 1623/926/109 1621/924/109
f 1626/929/109 1625/928/109 1621/924/109
f 1627/930/109 1623/926/109 1625/928/109
f 1630/931/110 1629/932/110 1628/933/110
f 1629/932/110 1631/934/110 1628/933/110
f 1628/933/110 1631/934/110 1632/935/110
f 1633/936/110 1631/934/110 1629/932/110
f 1634/937/110 1633/936/110 1629/932/110
f 1635/938/110 1631/934/110 1633/936/110
f 1638/574/135 1637/576/135 1636/756/135
f 1639/757/135 1636/756/135 1637/576/135
f 1639/757/136 1640/758/136 1636/756/136
f 1641/759/136 1636/756/136 1640/758/136
f 1644/760/137 1643/761/137 1642/762/137
f 1645/763/137 1642/762/137 1643/761/137
f 1645/763/138 1646/764/138 1642/762/138
f 1647/765/138 1642/762/138 1646/764/138
f 1647/765/139 1646/764/139 1648/766/139
f 1649/767/139 1648/766/139 1646/764/139
f 1649/767/140 1650/768/140 1648/766/140
f 1651/769/140 1648/766/140 1650/768/140
f 1654/770/141 1653/771/141 1652/772/141
f 1655/773/141 1652/772/141 1653/771/141
f 1655/773/142 1656/578/142 1652/772/142
f 1657/580/142 1652/772/142 1656/578/142
f 1660/872/110 1659/873/110 1658/939/110
f 1661/940/110 1658/939/110 1659/873/110
f 1664/774/143 1663/775/143 1662/776/143
f 1662/776/144 1663/775/144 1665/777/144
f 1666/778/145 1663/775/145 1664/774/145
f 1665/777/146 1663/775/146 1667/779/146
f 1668/780/147 1663/775/147 1666/778/147
f 1667/779/148 1663/775/148 1669/781/148
f 1670/782/149 1663/775/149 1668/780/149
f 1669/781/150 1663/775/150 1670/782/150
f 1673/783/151 1672/784/151 1671/785/151
f 1671/785/152 1672/784/152 1674/786/152
f 1675/787/153 1672/784/153 1673/783/153
f 1674/786/154 1672/784/154 1676/788/154
f 1677/789/155 1672/784/155 1675/787/155
f 1676/788/156 1672/784/156 1678/790/156
f 1679/791/157 1672/784/157 1677/789/157
f 1678/790/158 1672/784/158 1679/791/158
f 1682/792/145 1681/793/145 1680/794/145
f 1682/792/147 1680/794/147 1683/795/147
f 1682/792/143 1684/796/143 1681/793/143
f 1682/792/149 1683/795/149 1685/797/149
f 1682/792/144 1686/798/144 1684/796/144
f 1682/792/150 1685/797/150 1687/799/150
f 1682/792/146 1688/800/146 1686/798/146
f 1682/792/148 1687/799/148 1688/800/148
f 1691/801/159 1690/802/159 1689/803/159
f 1691/801/160 1689/803/160 1692/804/160
f 1691/801/151 1693/805/151 1690/802/151
f 1691/801/161 1692/804/161 1694/806/161
f 1691/801/162 1695/807/162 1693/805/162
f 1691/801/163 1694/806/163 1696/808/163
f 1691/801/164 1697/809/164 1695/807/164
f 1691/801/165 1696/808/165 1697/809/165
f 1700/941/111 1699/942/111 1698/943/111
f 1701/944/111 1698/943/111 1699/942/111
f 1704/945/111 1703/946/111 1702/947/111
f 1705/948/111 1702/947/111 1703/946/111
f 1708/941/111 1707/942/111 1706/943/111
f 1709/944/111 1706/943/111 1707/942/111
f 1712/945/111 1711/946/111 1710/947/111
f 1713/948/111 1710/947/111 1711/946/111
f 1716/949/128 1714/880/128 1715/879/128
f 1715/879/129 1717/950/129 1716/949/129
f 1718/951/129 1716/949/129 1717/950/129
l 1474 1476
l 1476 1477
