# Blender 4.5.3 LTS
# www.blender.org
mtllib tex_gun_305_x4_001.mtl
o tex_gun_305_x4_001
v 2.865429 0.384515 3.593129
v 3.594201 0.569783 2.866277
v 3.593133 0.384515 2.865425
v 2.866281 0.569782 3.594198
v 1.994040 0.384515 4.140661
v 1.994633 0.569782 4.141891
v 1.022966 0.569782 4.481894
v 1.022662 0.384515 4.480561
v 0.000000 0.384515 4.595788
v 0.000000 0.569782 4.597155
v -1.022966 0.569782 4.481894
v -1.022662 0.384515 4.480561
v -1.994040 0.384515 4.140661
v -1.994633 0.569782 4.141891
v -2.866281 0.569782 3.594198
v -2.865429 0.384515 3.593129
v -3.594201 0.569783 2.866277
v -3.593133 0.384515 2.865425
v 4.141893 0.569783 1.994627
v 3.593133 0.384515 2.865425
v 3.594201 0.569783 2.866277
v 4.140663 0.384516 1.994035
v 4.481894 0.569783 1.022960
v 4.480562 0.384516 1.022655
v 4.597154 0.569783 -0.000004
v 4.595788 0.384516 -0.000002
v 4.480561 0.384516 -1.022659
v 4.481893 0.569783 -1.022967
v 4.141890 0.569783 -1.994634
v 4.140662 0.384516 -1.994038
v 3.594196 0.569783 -2.866282
v 3.593131 0.384516 -2.865427
v 2.864578 0.569782 -3.592060
v 3.593131 0.384516 -2.865427
v 3.594196 0.569783 -2.866282
v 2.864578 0.384516 -3.592060
v 1.993448 0.384516 -4.139429
v 1.993448 0.569782 -4.139429
v 1.022358 0.384516 -4.479228
v 1.022358 0.569782 -4.479228
v 0.000000 0.384516 -4.594422
v 0.000000 0.569782 -4.594422
v -1.022358 0.569782 -4.479228
v -1.022358 0.384516 -4.479228
v -1.993448 0.569782 -4.139429
v -1.993448 0.384516 -4.139429
v -2.864578 0.569782 -3.592060
v -2.864578 0.384516 -3.592060
v -3.593131 0.384516 -2.865427
v -3.594196 0.569783 -2.866282
v -3.593133 0.384515 2.865425
v -4.141893 0.569783 1.994627
v -3.594201 0.569783 2.866277
v -4.140663 0.384516 1.994035
v -4.481894 0.569783 1.022960
v -4.480562 0.384516 1.022655
v -4.597154 0.569783 -0.000004
v -4.595788 0.384516 -0.000002
v -4.480561 0.384516 -1.022659
v -4.481893 0.569783 -1.022967
v -4.141890 0.569783 -1.994634
v -4.140662 0.384516 -1.994038
v -3.594196 0.569783 -2.866282
v -3.593131 0.384516 -2.865427
v 2.866281 3.164843 3.594198
v 3.594201 3.164843 2.866277
v 2.216419 2.324775 4.002534
v 2.216419 1.375854 4.002534
v 2.076266 2.615806 4.090599
v 2.076266 1.084823 4.090598
v 1.994633 3.164843 4.141891
v 1.823719 2.817205 4.201698
v 1.508799 2.889083 4.311893
v 1.823719 0.883425 4.201697
v 1.508799 0.811546 4.311893
v 1.022966 3.164843 4.481894
v 1.193878 2.817205 4.422089
v 0.941332 2.615806 4.491092
v 0.000000 3.164843 4.597155
v 1.193879 0.883424 4.422088
v 0.941332 1.084823 4.491092
v 0.801178 2.324775 4.506884
v 0.801179 1.375853 4.506883
v -0.801179 1.375853 4.506883
v -0.801178 2.324775 4.506884
v -0.941332 1.084823 4.491092
v -0.941332 2.615806 4.491092
v -1.193879 0.883424 4.422088
v -1.508799 0.811546 4.311893
v -1.022966 3.164843 4.481894
v -1.193878 2.817205 4.422089
v -1.508799 2.889083 4.311893
v -1.823719 0.883425 4.201697
v -2.076266 1.084823 4.090598
v -1.994633 3.164843 4.141891
v -1.823719 2.817205 4.201698
v -2.076266 2.615806 4.090599
v -2.866281 3.164843 3.594198
v -2.216419 1.375854 4.002534
v -2.216419 2.324775 4.002534
v -3.594201 3.164843 2.866277
v 3.594201 3.164843 2.866277
v 4.141893 3.164843 1.994628
v 4.481894 3.164843 1.022960
v 4.597154 3.164843 -0.000004
v 4.481893 3.164844 -1.022967
v 4.141890 3.164844 -1.994634
v 3.594196 3.164844 -2.866282
v 3.594196 3.164844 -2.866282
v 2.864579 3.164843 -3.592060
v 1.993448 3.164843 -4.139429
v 1.022358 3.164843 -4.479229
v 0.000000 3.164843 -4.594422
v -1.022358 3.164843 -4.479229
v -1.993448 3.164843 -4.139429
v -2.864579 3.164843 -3.592060
v -3.594196 3.164844 -2.866282
v -3.594201 3.164843 2.866277
v -4.141893 3.164843 1.994628
v -4.481894 3.164843 1.022960
v -4.597154 3.164843 -0.000004
v -4.481893 3.164844 -1.022967
v -4.141890 3.164844 -1.994634
v -3.594196 3.164844 -2.866282
v 3.783418 1.452559 3.017171
v 2.969778 1.364723 3.740563
v 3.733210 1.364724 2.977130
v 3.014903 1.452559 3.785688
v 3.864657 1.419009 3.081960
v 3.087916 1.419009 3.858702
v 4.453563 1.419009 2.144719
v 4.359944 1.452558 2.099634
v 4.819149 1.419009 1.099934
v 4.717844 1.452558 1.076813
v 4.943081 1.419008 -0.000005
v 4.839171 1.452558 -0.000005
v 4.819147 1.419008 -1.099944
v 4.717842 1.452558 -1.076822
v 4.453560 1.419008 -2.144727
v 4.359940 1.452558 -2.099643
v 3.864599 1.419008 -3.082050
v 3.783433 1.452558 -3.017146
v 3.080076 1.419007 -3.862445
v 3.015406 1.452556 -3.781132
v 3.733270 1.364723 -2.977031
v 2.975438 1.364721 -3.730877
v 3.864657 1.310438 3.081960
v 3.087916 1.419009 3.858702
v 3.864657 1.419009 3.081960
v 3.087916 1.310438 3.858702
v 3.014903 1.276888 3.785688
v 3.733210 1.364724 2.977130
v 2.969778 1.364723 3.740563
v 3.783418 1.276888 3.017171
v 3.087916 1.310438 3.858702
v 3.864657 1.310438 3.081960
v 4.359944 1.276888 2.099634
v 4.453563 1.310438 2.144719
v 4.717843 1.276888 1.076813
v 4.819149 1.310438 1.099934
v 4.839171 1.276888 -0.000005
v 4.943081 1.310438 -0.000005
v 4.717842 1.276888 -1.076822
v 4.819147 1.310438 -1.099944
v 4.359940 1.276888 -2.099643
v 4.453560 1.310438 -2.144727
v 3.783433 1.276887 -3.017145
v 3.864599 1.310438 -3.082050
v 3.015406 1.276886 -3.781132
v 3.080076 1.310436 -3.862445
v 2.975438 1.364721 -3.730877
v 3.733270 1.364723 -2.977031
v 3.733210 1.364724 2.977130
v 4.359944 1.452558 2.099634
v 3.783418 1.452559 3.017171
v 4.302083 1.364723 2.071770
v 3.783418 1.276888 3.017171
v 4.717844 1.452558 1.076813
v 4.359944 1.276888 2.099634
v 4.655234 1.364723 1.062523
v 4.839171 1.452558 -0.000005
v 4.717843 1.276888 1.076813
v 4.774951 1.364723 -0.000005
v 4.717842 1.452558 -1.076822
v 4.839171 1.276888 -0.000005
v 4.655232 1.364723 -1.062532
v 4.359940 1.452558 -2.099643
v 4.717842 1.276888 -1.076822
v 4.302080 1.364723 -2.071779
v 3.783433 1.452558 -3.017146
v 4.359940 1.276888 -2.099643
v 3.733270 1.364723 -2.977031
v 3.783433 1.276887 -3.017145
v 3.864657 1.419009 3.081960
v 4.453563 1.310438 2.144719
v 3.864657 1.310438 3.081960
v 4.453563 1.419009 2.144719
v 4.819149 1.310438 1.099934
v 4.819149 1.419009 1.099934
v 4.943081 1.310438 -0.000005
v 4.943081 1.419008 -0.000005
v 4.819147 1.310438 -1.099944
v 4.819147 1.419008 -1.099944
v 4.453560 1.310438 -2.144727
v 4.453560 1.419008 -2.144727
v 3.864599 1.310438 -3.082050
v 3.864599 1.419008 -3.082050
v 3.080076 1.310436 -3.862445
v 3.864599 1.419008 -3.082050
v 3.080076 1.419007 -3.862445
v 3.864599 1.310438 -3.082050
v -3.783433 1.452558 -3.017146
v -2.975438 1.364721 -3.730877
v -3.733270 1.364723 -2.977032
v -3.015406 1.452556 -3.781132
v -3.864599 1.419008 -3.082050
v -3.080076 1.419007 -3.862445
v -4.453560 1.419008 -2.144727
v -4.359940 1.452558 -2.099643
v -4.819147 1.419008 -1.099943
v -4.717842 1.452558 -1.076822
v -4.943081 1.419008 -0.000005
v -4.839171 1.452558 -0.000005
v -4.819149 1.419009 1.099934
v -4.717844 1.452558 1.076813
v -4.453563 1.419009 2.144719
v -4.359944 1.452558 2.099634
v -3.864658 1.419009 3.081959
v -3.783418 1.452559 3.017171
v -3.087916 1.419009 3.858702
v -3.014903 1.452559 3.785688
v -3.733209 1.364724 2.977131
v -2.969778 1.364723 3.740563
v -3.864599 1.310438 -3.082050
v -3.080076 1.419007 -3.862445
v -3.864599 1.419008 -3.082050
v -3.080076 1.310436 -3.862445
v -3.015406 1.276886 -3.781132
v -3.733270 1.364723 -2.977032
v -2.975438 1.364721 -3.730877
v -3.783433 1.276887 -3.017145
v -3.080076 1.310436 -3.862445
v -3.864599 1.310438 -3.082050
v -4.359940 1.276888 -2.099643
v -4.453560 1.310438 -2.144727
v -4.717842 1.276888 -1.076822
v -4.819147 1.310438 -1.099943
v -4.839171 1.276888 -0.000005
v -4.943081 1.310438 -0.000005
v -4.717844 1.276888 1.076813
v -4.819149 1.310438 1.099934
v -4.359944 1.276888 2.099634
v -4.453563 1.310438 2.144719
v -3.783418 1.276888 3.017172
v -3.864658 1.310438 3.081959
v -3.014903 1.276888 3.785688
v -3.087916 1.310438 3.858702
v -2.969778 1.364723 3.740563
v -3.733209 1.364724 2.977131
v -3.733270 1.364723 -2.977032
v -4.359940 1.452558 -2.099643
v -3.783433 1.452558 -3.017146
v -4.302080 1.364723 -2.071779
v -3.783433 1.276887 -3.017145
v -4.717842 1.452558 -1.076822
v -4.359940 1.276888 -2.099643
v -4.655232 1.364723 -1.062532
v -4.839171 1.452558 -0.000005
v -4.717842 1.276888 -1.076822
v -4.774951 1.364723 -0.000005
v -4.717844 1.452558 1.076813
v -4.839171 1.276888 -0.000005
v -4.655234 1.364723 1.062523
v -4.359944 1.452558 2.099634
v -4.717844 1.276888 1.076813
v -4.302083 1.364723 2.071770
v -3.783418 1.452559 3.017171
v -4.359944 1.276888 2.099634
v -3.733209 1.364724 2.977131
v -3.783418 1.276888 3.017172
v -3.864599 1.419008 -3.082050
v -4.453560 1.310438 -2.144727
v -3.864599 1.310438 -3.082050
v -4.453560 1.419008 -2.144727
v -4.819147 1.310438 -1.099943
v -4.819147 1.419008 -1.099943
v -4.943081 1.310438 -0.000005
v -4.943081 1.419008 -0.000005
v -4.819149 1.310438 1.099934
v -4.819149 1.419009 1.099934
v -4.453563 1.310438 2.144719
v -4.453563 1.419009 2.144719
v -3.864658 1.310438 3.081959
v -3.864658 1.419009 3.081959
v -3.087916 1.310438 3.858702
v -3.864658 1.419009 3.081959
v -3.087916 1.419009 3.858702
v -3.864658 1.310438 3.081959
v 2.969778 1.364723 3.740563
v 3.087916 1.310438 3.858702
v 3.014903 1.276888 3.785688
v 3.087916 1.419009 3.858702
v 3.014903 1.452559 3.785688
v -3.087916 1.310438 3.858702
v -2.969778 1.364723 3.740563
v -3.014903 1.276888 3.785688
v -3.087916 1.419009 3.858702
v -3.014903 1.452559 3.785688
v -3.466357 1.302595 -3.377261
v 3.466360 1.302594 3.377265
v -3.377262 1.302595 -3.466356
v 3.377265 1.302594 3.466360
v -3.377262 1.302595 -3.466356
v 3.466360 1.428594 3.377265
v -3.377262 1.428595 -3.466356
v 3.466360 1.302594 3.377265
v -3.377262 1.428595 -3.466356
v 3.377265 1.428594 3.466360
v -3.466357 1.428595 -3.377261
v 3.466360 1.428594 3.377265
v -3.466357 1.428595 -3.377261
v 3.377265 1.302594 3.466360
v -3.466357 1.302595 -3.377261
v 3.377265 1.428594 3.466360
v -4.839169 1.302594 0.063000
v 4.839174 1.302594 -0.063001
v -4.839169 1.302594 -0.063000
v 4.839174 1.302594 0.062999
v -4.839169 1.302594 -0.063000
v 4.839174 1.428594 -0.063001
v -4.839169 1.428594 -0.063000
v 4.839174 1.302594 -0.063001
v -4.839169 1.428594 -0.063000
v 4.839174 1.428594 0.063000
v -4.839169 1.428594 0.063000
v 4.839174 1.428594 -0.063001
v -4.839169 1.428594 0.063000
v 4.839174 1.302594 0.062999
v -4.839169 1.302594 0.063000
v 4.839174 1.428594 0.063000
v -3.377262 1.302594 3.466356
v 3.377265 1.302594 -3.466361
v -3.466357 1.302594 3.377260
v 3.466360 1.302594 -3.377266
v -3.466357 1.302594 3.377260
v 3.377265 1.428594 -3.466361
v -3.466357 1.428594 3.377260
v 3.377265 1.302594 -3.466361
v -3.466357 1.428594 3.377260
v 3.466360 1.428594 -3.377266
v -3.377262 1.428594 3.466356
v 3.377265 1.428594 -3.466361
v -3.377262 1.428594 3.466356
v 3.466360 1.302594 -3.377266
v -3.377262 1.302594 3.466356
v 3.466360 1.428594 -3.377266
v 3.015406 1.452556 -3.781132
v 3.080076 1.310436 -3.862445
v 3.080076 1.419007 -3.862445
v 3.015406 1.276886 -3.781132
v 2.975438 1.364721 -3.730877
v -2.975438 1.364721 -3.730877
v -3.080076 1.310436 -3.862445
v -3.015406 1.276886 -3.781132
v -3.080076 1.419007 -3.862445
v -3.015406 1.452556 -3.781132
v 1.022358 2.919128 -4.690543
v 0.000000 0.815494 -4.805736
v 1.022358 0.815494 -4.690543
v 0.000000 2.919128 -4.805736
v -1.022358 2.919128 -4.690543
v -1.022358 0.815494 -4.690543
v 1.022358 0.815494 -4.479229
v 1.022358 2.919128 -4.690543
v 1.022358 0.815494 -4.690543
v 1.022358 2.919128 -4.479229
v -1.022358 2.919128 -4.479229
v -1.022358 0.815494 -4.690543
v -1.022358 2.919128 -4.690543
v -1.022358 0.815494 -4.479229
v 2.111796 2.984230 -4.385180
v 1.083053 2.866834 -4.745153
v 2.111796 2.866835 -4.385180
v 1.083056 2.984230 -4.745152
v -0.000003 2.866834 -4.867184
v -0.000003 2.984230 -4.867185
v -1.083057 2.866834 -4.745152
v -1.083054 2.984230 -4.745152
v -2.111795 2.866835 -4.385180
v -2.111795 2.984230 -4.385180
v 1.965286 3.092748 -4.080952
v 1.083056 2.984230 -4.745152
v 2.111796 2.984230 -4.385180
v 1.007916 3.092748 -4.415951
v -0.000003 2.984230 -4.867185
v 0.000000 3.092748 -4.529518
v -1.083054 2.984230 -4.745152
v -1.007915 3.092748 -4.415952
v -2.111795 2.984230 -4.385180
v -1.965287 3.092748 -4.080952
v -1.965287 2.866835 -4.080952
v -1.083057 2.866834 -4.745152
v -2.111795 2.866835 -4.385180
v -1.007915 2.866835 -4.415952
v -0.000003 2.866834 -4.867184
v 0.000000 2.866835 -4.529518
v 1.083053 2.866834 -4.745153
v 1.007916 2.866835 -4.415952
v 2.111796 2.866835 -4.385180
v 1.965286 2.866835 -4.080952
v 2.111796 2.984230 -4.385180
v 1.965286 2.866835 -4.080952
v 1.965286 3.092748 -4.080952
v 2.111796 2.866835 -4.385180
v -1.965287 2.866835 -4.080952
v -2.111795 2.984230 -4.385180
v -1.965287 3.092748 -4.080952
v -2.111795 2.866835 -4.385180
v 1.083053 0.843767 -4.745153
v 2.111796 0.726371 -4.385180
v 2.111796 0.843767 -4.385180
v 1.083056 0.726371 -4.745152
v -0.000003 0.843767 -4.867184
v -0.000003 0.726372 -4.867185
v -1.083057 0.843767 -4.745152
v -1.083054 0.726371 -4.745152
v -2.111795 0.843767 -4.385180
v -2.111795 0.726371 -4.385180
v 1.083056 0.726371 -4.745152
v 1.965286 0.617854 -4.080952
v 2.111796 0.726371 -4.385180
v 1.007916 0.617854 -4.415951
v -0.000003 0.726372 -4.867185
v 0.000000 0.617854 -4.529517
v -1.083054 0.726371 -4.745152
v -1.007915 0.617854 -4.415951
v -2.111795 0.726371 -4.385180
v -1.965287 0.617854 -4.080952
v -1.083057 0.843767 -4.745152
v -1.965287 0.843767 -4.080952
v -2.111795 0.843767 -4.385180
v -1.007915 0.843767 -4.415952
v -0.000003 0.843767 -4.867184
v 0.000000 0.843767 -4.529518
v 1.083053 0.843767 -4.745153
v 1.007916 0.843767 -4.415952
v 2.111796 0.843767 -4.385180
v 1.965286 0.843767 -4.080952
v 2.111796 0.726371 -4.385180
v 1.965286 0.843767 -4.080952
v 2.111796 0.843767 -4.385180
v 1.965286 0.617854 -4.080952
v -1.965287 0.843767 -4.080952
v -2.111795 0.726371 -4.385180
v -2.111795 0.843767 -4.385180
v -1.965287 0.617854 -4.080952
v 0.340989 0.953028 4.484794
v 0.340989 1.051041 4.703243
v 0.340989 1.051559 4.484794
v 0.340989 0.953545 4.703243
v 0.340989 1.385538 4.484794
v 0.340989 1.483550 4.703243
v 0.340989 1.484069 4.484794
v 0.340989 1.386055 4.703243
v 0.340989 1.818048 4.484794
v 0.340989 1.916060 4.703243
v 0.340989 1.916579 4.484794
v 0.340989 1.818566 4.703243
v 0.340989 2.250558 4.484794
v 0.340989 2.348570 4.703243
v 0.340989 2.349089 4.484794
v 0.340989 2.251076 4.703243
v -0.340989 2.349089 4.484794
v -0.340989 2.251076 4.703243
v -0.340989 2.250558 4.484794
v -0.340989 2.348570 4.703243
v -0.340989 1.916579 4.484794
v -0.340989 1.818566 4.703243
v -0.340989 1.818048 4.484794
v -0.340989 1.916061 4.703243
v -0.340989 1.484069 4.484794
v -0.340989 1.386055 4.703243
v -0.340989 1.385538 4.484794
v -0.340989 1.483550 4.703243
v -0.340989 1.051559 4.484794
v -0.340989 0.953545 4.703243
v -0.340989 0.953028 4.484794
v -0.340989 1.051041 4.703243
v 0.340989 1.818566 4.703243
v -0.340989 1.818048 4.484794
v -0.340989 1.818566 4.703243
v 0.340989 1.818048 4.484794
v 0.340989 1.484069 4.484794
v -0.340989 1.483550 4.703243
v -0.340989 1.484069 4.484794
v 0.340989 1.483550 4.703243
v 0.340989 2.349089 4.484794
v -0.340989 2.348570 4.703243
v -0.340989 2.349089 4.484794
v 0.340989 2.348570 4.703243
v 0.340989 2.251076 4.703243
v -0.340989 2.250558 4.484794
v -0.340989 2.251076 4.703243
v 0.340989 2.250558 4.484794
v 0.340989 1.916579 4.484794
v -0.340989 1.916061 4.703243
v -0.340989 1.916579 4.484794
v 0.340989 1.916060 4.703243
v 0.340989 0.953545 4.703243
v -0.340989 0.953028 4.484794
v -0.340989 0.953545 4.703243
v 0.340989 0.953028 4.484794
v -0.340989 1.051041 4.703243
v 0.340989 1.051559 4.484794
v 0.340989 1.051041 4.703243
v -0.340989 1.051559 4.484794
v -0.340989 1.385538 4.484794
v 0.340989 1.386055 4.703243
v 0.340989 1.385538 4.484794
v -0.340989 1.386055 4.703243
v -0.340989 2.251076 4.703243
v 0.340989 2.348570 4.703243
v 0.340989 2.251076 4.703243
v -0.340989 2.348570 4.703243
v -0.340989 1.818566 4.703243
v 0.340989 1.916060 4.703243
v 0.340989 1.818566 4.703243
v -0.340989 1.916061 4.703243
v 0.340989 1.051041 4.703243
v -0.340989 0.953545 4.703243
v -0.340989 1.051041 4.703243
v 0.340989 0.953545 4.703243
v 0.340989 1.483550 4.703243
v -0.340989 1.386055 4.703243
v -0.340989 1.483550 4.703243
v 0.340989 1.386055 4.703243
v 0.000000 3.164843 -4.594422
v 0.970711 3.404482 -4.251594
v -0.000000 3.404483 -4.360968
v -0.970711 3.404482 -4.251594
v 1.022358 3.164843 -4.479229
v -1.022358 3.164843 -4.479229
v 1.892744 3.404482 -3.928960
v -1.892744 3.404482 -3.928960
v 1.993448 3.164843 -4.139429
v -1.993448 3.164843 -4.139429
v 2.720005 3.404482 -3.409157
v -2.720005 3.404482 -3.409157
v 2.864579 3.164843 -3.592060
v -2.864579 3.164843 -3.592060
v 3.415096 3.405363 -2.721505
v -3.415096 3.405363 -2.721505
v 3.594196 3.164844 -2.866282
v -3.594196 3.164844 -2.866282
v 3.932133 3.404483 -1.892262
v -3.932134 3.404483 -1.892262
v 4.141890 3.164844 -1.994634
v -4.141890 3.164844 -1.994634
v 4.254916 3.404483 -0.969803
v -4.254916 3.404483 -0.969803
v 4.481893 3.164844 -1.022967
v -4.481893 3.164844 -1.022967
v 4.364340 3.404483 0.001354
v -4.364340 3.404483 0.001354
v 4.597154 3.164843 -0.000004
v -4.597154 3.164843 -0.000004
v 4.254918 3.404483 0.972510
v -4.254918 3.404483 0.972510
v 4.481894 3.164843 1.022960
v -4.481894 3.164843 1.022960
v 3.932136 3.404483 1.894970
v -3.932136 3.404483 1.894970
v 4.141893 3.164843 1.994628
v -4.141893 3.164843 1.994628
v 3.415041 3.405362 2.725210
v -3.415041 3.405362 2.725210
v 3.594201 3.164843 2.866277
v -3.594201 3.164843 2.866277
v 2.721124 3.404482 3.413533
v -2.721124 3.404482 3.413533
v 2.866281 3.164843 3.594198
v -2.866281 3.164843 3.594198
v 1.893619 3.404482 3.933490
v -1.893619 3.404482 3.933490
v 1.994633 3.164843 4.141891
v -1.994633 3.164843 4.141891
v 0.971160 3.404482 4.256273
v -0.971160 3.404482 4.256273
v 1.022966 3.164843 4.481894
v -1.022966 3.164843 4.481894
v -0.000000 3.404482 4.365697
v 0.000000 3.164843 4.597155
v 2.076266 2.615808 2.413332
v 1.823719 2.817205 4.201698
v 2.076266 2.615806 4.090599
v 1.823719 2.817206 2.413332
v 1.508799 2.889083 4.311893
v 1.508798 2.889084 2.413332
v 1.193878 2.817205 4.422089
v 1.193878 2.817206 2.413332
v 0.941332 2.615806 4.491092
v 0.941332 2.615807 2.413332
v 2.076266 2.615806 4.090599
v 2.216419 2.324777 2.413332
v 2.076266 2.615808 2.413332
v 2.216419 2.324775 4.002534
v 2.216419 1.375855 2.413332
v 2.216419 1.375854 4.002534
v 2.076266 1.084824 2.413332
v 2.076266 1.084823 4.090598
v 2.076266 1.084823 4.090598
v 1.823719 0.883426 2.413332
v 2.076266 1.084824 2.413332
v 1.823719 0.883425 4.201697
v 1.508799 0.811547 2.413332
v 1.508799 0.811546 4.311893
v 1.193879 0.883425 2.413332
v 1.193879 0.883424 4.422088
v 0.941332 1.084824 2.413332
v 0.941332 1.084823 4.491092
v 0.941332 1.084823 4.491092
v 0.801179 1.375854 2.413332
v 0.941332 1.084824 2.413332
v 0.801179 1.375853 4.506883
v 0.801178 2.324776 2.413332
v 0.801178 2.324775 4.506884
v 0.941332 2.615807 2.413332
v 0.941332 2.615806 4.491092
v -1.823719 2.817205 4.201698
v -2.076266 2.615808 2.413332
v -2.076266 2.615806 4.090599
v -1.823719 2.817206 2.413332
v -1.508799 2.889083 4.311893
v -1.508798 2.889084 2.413332
v -1.193878 2.817205 4.422089
v -1.193878 2.817206 2.413332
v -0.941332 2.615806 4.491092
v -0.941332 2.615807 2.413332
v -2.216419 2.324777 2.413332
v -2.076266 2.615806 4.090599
v -2.076266 2.615808 2.413332
v -2.216419 2.324775 4.002534
v -2.216419 1.375855 2.413332
v -2.216419 1.375854 4.002534
v -2.076266 1.084824 2.413332
v -2.076266 1.084823 4.090598
v -1.823719 0.883426 2.413332
v -2.076266 1.084823 4.090598
v -2.076266 1.084824 2.413332
v -1.823719 0.883425 4.201697
v -1.508799 0.811547 2.413332
v -1.508799 0.811546 4.311893
v -1.193879 0.883425 2.413332
v -1.193879 0.883424 4.422088
v -0.941332 1.084824 2.413332
v -0.941332 1.084823 4.491092
v -0.801179 1.375854 2.413332
v -0.941332 1.084823 4.491092
v -0.941332 1.084824 2.413332
v -0.801179 1.375853 4.506883
v -0.801178 2.324776 2.413332
v -0.801178 2.324775 4.506884
v -0.941332 2.615807 2.413332
v -0.941332 2.615806 4.491092
v 1.508799 0.811547 2.413332
v 1.193879 0.883425 2.413332
v 1.508799 1.850316 2.413331
v 1.823719 0.883426 2.413332
v 0.941332 1.084824 2.413332
v 2.076266 1.084824 2.413332
v 0.801179 1.375854 2.413332
v 2.216419 1.375855 2.413332
v 0.801178 2.324776 2.413332
v 2.216419 2.324777 2.413332
v 0.941332 2.615807 2.413332
v 2.076266 2.615808 2.413332
v 1.193878 2.817206 2.413332
v 1.823719 2.817206 2.413332
v 1.508798 2.889084 2.413332
v -1.823719 0.883426 2.413332
v -2.076266 1.084824 2.413332
v -1.508799 1.850316 2.413331
v -1.508799 0.811547 2.413332
v -2.216419 1.375855 2.413332
v -1.193879 0.883425 2.413332
v -2.216419 2.324777 2.413332
v -0.941332 1.084824 2.413332
v -2.076266 2.615808 2.413332
v -0.801179 1.375854 2.413332
v -1.823719 2.817206 2.413332
v -0.801178 2.324776 2.413332
v -1.508798 2.889084 2.413332
v -0.941332 2.615807 2.413332
v -1.193878 2.817206 2.413332
v 3.421780 3.592388 2.731488
v 2.728780 3.592388 3.424490
v 1.898946 3.592388 3.945909
v 0.973892 3.592388 4.269600
v -0.000000 3.592387 4.379332
v -0.973892 3.592388 4.269600
v -1.898946 3.592388 3.945909
v -2.728780 3.592388 3.424490
v -3.421780 3.592388 2.731488
v 3.943198 3.592388 1.901654
v 3.421780 3.592388 2.731488
v 4.266889 3.592388 0.976599
v 4.376619 3.592388 0.002709
v 4.266887 3.592389 -0.971181
v 3.943195 3.592388 -1.896235
v 3.421775 3.592388 -2.726068
v 2.727159 3.592387 -3.417029
v 3.421775 3.592388 -2.726068
v 1.897818 3.592387 -3.938140
v 0.973314 3.592387 -4.261639
v -0.000000 3.592387 -4.371306
v -0.973313 3.592387 -4.261639
v -1.897818 3.592387 -3.938140
v -2.727159 3.592387 -3.417029
v -3.421775 3.592388 -2.726068
v -3.943198 3.592388 1.901654
v -3.421780 3.592388 2.731488
v -4.266889 3.592388 0.976599
v -4.376619 3.592388 0.002709
v -4.266887 3.592389 -0.971181
v -3.943195 3.592388 -1.896235
v -3.421775 3.592388 -2.726068
v 2.728780 6.187449 3.424489
v 3.421780 6.187449 2.731488
v 2.110093 5.347381 3.813237
v 2.110093 4.398460 3.813237
v 1.976663 5.638412 3.897076
v 1.976663 4.107429 3.897076
v 1.898946 6.187449 3.945909
v 1.736231 5.839810 4.002846
v 1.436419 5.911689 4.107755
v 1.736232 3.906030 4.002846
v 1.436419 3.834151 4.107755
v 0.973892 6.187449 4.269601
v 1.136605 5.839810 4.212665
v 0.896174 5.638412 4.278358
v -0.000000 6.187449 4.379333
v 1.136606 3.906029 4.212664
v 0.896174 4.107429 4.278358
v 0.762744 5.347381 4.293392
v 0.762744 4.398459 4.293391
v -0.762744 4.398459 4.293391
v -0.762744 5.347381 4.293392
v -0.896174 4.107429 4.278358
v -0.896174 5.638412 4.278358
v -1.136606 3.906029 4.212664
v -1.436419 3.834151 4.107755
v -0.973892 6.187449 4.269601
v -1.136606 5.839810 4.212665
v -1.436419 5.911689 4.107755
v -1.736232 3.906030 4.002846
v -1.976663 4.107429 3.897076
v -1.898946 6.187449 3.945909
v -1.736232 5.839810 4.002846
v -1.976663 5.638412 3.897076
v -2.728780 6.187449 3.424489
v -2.110093 4.398460 3.813237
v -2.110093 5.347381 3.813237
v -3.421780 6.187449 2.731488
v 3.421780 6.187449 2.731488
v 3.943198 6.187449 1.901654
v 4.266889 6.187449 0.976599
v 4.376619 6.187449 0.002709
v 4.266887 6.187449 -0.971181
v 3.943195 6.187449 -1.896235
v 3.421775 6.187449 -2.726068
v 3.421775 6.187449 -2.726068
v 2.727160 6.187448 -3.417029
v 1.897818 6.187448 -3.938140
v 0.973314 6.187448 -4.261639
v -0.000000 6.187448 -4.371305
v -0.973314 6.187448 -4.261639
v -1.897818 6.187448 -3.938140
v -2.727160 6.187448 -3.417029
v -3.421775 6.187449 -2.726068
v -3.421780 6.187449 2.731488
v -3.943198 6.187449 1.901654
v -4.266889 6.187449 0.976599
v -4.376619 6.187449 0.002709
v -4.266887 6.187449 -0.971181
v -3.943195 6.187449 -1.896235
v -3.421775 6.187449 -2.726068
v -0.217610 6.687809 -2.415886
v -0.488965 6.210027 -2.075617
v -0.217610 6.210027 -2.415886
v -0.488965 6.687809 -2.075617
v -0.392120 6.210026 -1.651309
v -0.392120 6.687810 -1.651309
v -0.446890 6.841353 -2.320398
v -0.560296 6.687811 -2.091899
v -0.446890 6.687811 -2.320398
v -0.560295 6.841353 -2.091899
v -0.557263 6.841353 -1.836824
v -0.557263 6.687810 -1.836824
v -0.449322 6.687810 -1.605693
v -0.449322 6.841353 -1.605693
v -0.249355 6.687811 -2.481807
v -0.446890 6.841353 -2.320398
v -0.446890 6.687811 -2.320398
v -0.249355 6.841353 -2.481807
v -0.000000 6.841353 -2.535609
v -0.000000 6.687811 -2.535609
v 0.249355 6.687811 -2.481807
v 0.249355 6.841353 -2.481807
v 0.446890 6.841353 -2.320398
v 0.446890 6.687811 -2.320398
v -0.248005 6.841353 -1.449028
v -0.449322 6.687810 -1.605693
v -0.449322 6.841353 -1.605693
v -0.248005 6.687810 -1.449028
v -0.000000 6.687810 -1.389311
v -0.000000 6.841353 -1.389311
v 0.248005 6.841353 -1.449028
v 0.248005 6.687810 -1.449028
v 0.449322 6.687810 -1.605693
v 0.449322 6.841353 -1.605693
v 0.488965 6.210027 -2.075617
v 0.217610 6.687809 -2.415886
v 0.217610 6.210027 -2.415886
v 0.488965 6.687809 -2.075617
v 0.392120 6.210026 -1.651309
v 0.392120 6.687810 -1.651309
v 0.560295 6.687811 -2.091899
v 0.446890 6.841353 -2.320398
v 0.446890 6.687811 -2.320398
v 0.560295 6.841353 -2.091899
v 0.557262 6.841353 -1.836824
v 0.557262 6.687810 -1.836824
v 0.449322 6.687810 -1.605693
v 0.449322 6.841353 -1.605693
v 0.217610 6.210027 -2.415886
v -0.217610 6.687809 -2.415886
v -0.217610 6.210027 -2.415886
v 0.217610 6.687809 -2.415886
v 3.734086 6.424449 1.800951
v 4.144522 6.424450 0.002709
v 4.040611 6.424450 0.924953
v 4.040609 6.424450 -0.919534
v 3.734083 6.424450 -1.795532
v 3.240319 6.424449 2.586778
v 3.240479 6.424450 -2.581097
v 2.584070 6.424449 3.243029
v 2.582710 6.424449 -3.235405
v 1.798243 6.424449 3.736797
v 1.797115 6.424449 -3.729028
v 0.922245 6.424449 4.043323
v 0.921667 6.424449 -4.035360
v -0.000000 6.424449 -4.139208
v -0.000000 6.424449 4.147236
v -0.922245 6.424449 4.043323
v -0.921667 6.424449 -4.035360
v -1.798243 6.424449 3.736797
v -1.797115 6.424449 -3.729028
v -2.584070 6.424449 3.243029
v -2.582710 6.424449 -3.235405
v -3.240319 6.424449 2.586778
v -3.240479 6.424450 -2.581097
v -3.734086 6.424449 1.800951
v -3.734083 6.424450 -1.795532
v -4.040611 6.424450 0.924953
v -4.144522 6.424450 0.002709
v -4.040609 6.424450 -0.919534
v -1.167553 5.789417 -3.157970
v -1.056180 6.638516 -2.889090
v -1.167553 6.638516 -3.157970
v -1.056180 5.789418 -2.889090
v -1.167553 6.638516 -2.620211
v -1.167553 5.789418 -2.620211
v -1.167553 6.638516 -3.157970
v -1.436432 5.789417 -3.269343
v -1.167553 5.789417 -3.157970
v -1.436432 6.638516 -3.269342
v -1.705311 5.789417 -3.157970
v -1.705311 6.638516 -3.157970
v -1.705311 6.638516 -3.157970
v -1.816685 5.789418 -2.889091
v -1.705311 5.789417 -3.157970
v -1.816685 6.638516 -2.889091
v -1.705312 5.789418 -2.620211
v -1.705312 6.638516 -2.620211
v -1.705312 6.638516 -2.620211
v -1.436433 5.789418 -2.508838
v -1.705312 5.789418 -2.620211
v -1.436433 6.638516 -2.508838
v -1.167553 5.789418 -2.620211
v -1.167553 6.638516 -2.620211
v 1.705289 5.789417 -3.157970
v 1.816662 6.638516 -2.889090
v 1.705289 6.638516 -3.157970
v 1.816662 5.789418 -2.889090
v 1.705289 6.638516 -2.620211
v 1.705289 5.789418 -2.620211
v 1.705289 6.638516 -3.157970
v 1.436410 5.789417 -3.269343
v 1.705289 5.789417 -3.157970
v 1.436410 6.638516 -3.269342
v 1.167531 5.789417 -3.157970
v 1.167531 6.638516 -3.157970
v 1.167531 6.638516 -3.157970
v 1.056157 5.789418 -2.889091
v 1.167531 5.789417 -3.157970
v 1.056157 6.638516 -2.889091
v 1.167530 5.789418 -2.620211
v 1.167530 6.638516 -2.620211
v 1.167530 6.638516 -2.620211
v 1.436409 5.789418 -2.508838
v 1.167530 5.789418 -2.620211
v 1.436409 6.638516 -2.508838
v 1.705289 5.789418 -2.620211
v 1.705289 6.638516 -2.620211
v 3.029206 6.136855 -0.563097
v 3.422795 6.650460 -0.563097
v 3.029209 6.650461 -0.563097
v 3.422794 6.136854 -0.563097
v 3.422794 6.136855 -0.029891
v 3.422795 6.650460 -0.563097
v 3.422794 6.136854 -0.563097
v 3.422795 6.650461 -0.029891
v 3.422795 6.650461 -0.029891
v 3.029209 6.650461 -0.563097
v 3.422795 6.650460 -0.563097
v 3.029210 6.650461 -0.029891
v 3.029208 6.136855 -0.029889
v 3.029209 6.650461 -0.563097
v 3.029210 6.650461 -0.029891
v 3.029206 6.136855 -0.563097
v -3.029187 6.136855 -0.563097
v -3.422777 6.650460 -0.563097
v -3.422775 6.136854 -0.563097
v -3.029191 6.650461 -0.563097
v -3.422776 6.136855 -0.029891
v -3.422777 6.650460 -0.563097
v -3.422777 6.650461 -0.029891
v -3.422775 6.136854 -0.563097
v -3.422777 6.650461 -0.029891
v -3.029191 6.650461 -0.563097
v -3.029191 6.650461 -0.029891
v -3.422777 6.650460 -0.563097
v -3.029189 6.136855 -0.029889
v -3.029191 6.650461 -0.563097
v -3.029187 6.136855 -0.563097
v -3.029191 6.650461 -0.029891
v 0.324631 4.408143 4.272362
v 0.324631 4.506156 4.480331
v 0.324631 4.506675 4.272362
v 0.324631 4.408661 4.480331
v 0.324631 4.840653 4.272362
v 0.324631 4.938666 4.480331
v 0.324631 4.939185 4.272362
v 0.324631 4.841171 4.480331
v 0.324631 5.273164 4.272362
v 0.324631 5.371176 4.480331
v 0.324631 5.371695 4.272362
v 0.324631 5.273682 4.480331
v 0.324631 5.705673 4.272362
v 0.324631 5.803685 4.480331
v 0.324631 5.804205 4.272362
v 0.324631 5.706190 4.480331
v -0.324631 5.804205 4.272362
v -0.324631 5.706191 4.480331
v -0.324631 5.705673 4.272362
v -0.324631 5.803686 4.480331
v -0.324631 5.371695 4.272362
v -0.324631 5.273682 4.480331
v -0.324631 5.273164 4.272362
v -0.324631 5.371176 4.480331
v -0.324631 4.939185 4.272362
v -0.324631 4.841171 4.480331
v -0.324631 4.840653 4.272362
v -0.324631 4.938666 4.480331
v -0.324631 4.506675 4.272362
v -0.324631 4.408661 4.480331
v -0.324631 4.408143 4.272362
v -0.324631 4.506156 4.480331
v 0.324631 4.841171 4.480331
v -0.324631 4.840653 4.272362
v -0.324631 4.841171 4.480331
v 0.324631 4.840653 4.272362
v 0.324631 4.506675 4.272362
v -0.324631 4.506156 4.480331
v -0.324631 4.506675 4.272362
v 0.324631 4.506156 4.480331
v -0.324631 5.803686 4.480331
v 0.324631 5.804205 4.272362
v 0.324631 5.803685 4.480331
v -0.324631 5.804205 4.272362
v 0.324631 5.706190 4.480331
v -0.324631 5.705673 4.272362
v -0.324631 5.706191 4.480331
v 0.324631 5.705673 4.272362
v 0.324631 5.371695 4.272362
v -0.324631 5.371176 4.480331
v -0.324631 5.371695 4.272362
v 0.324631 5.371176 4.480331
v 0.324631 5.273682 4.480331
v -0.324631 5.273164 4.272362
v -0.324631 5.273682 4.480331
v 0.324631 5.273164 4.272362
v 0.324631 4.939185 4.272362
v -0.324631 4.938666 4.480331
v -0.324631 4.939185 4.272362
v 0.324631 4.938666 4.480331
v -0.324631 4.408143 4.272362
v 0.324631 4.408661 4.480331
v 0.324631 4.408143 4.272362
v -0.324631 4.408661 4.480331
v -0.324631 5.706191 4.480331
v 0.324631 5.803685 4.480331
v 0.324631 5.706190 4.480331
v -0.324631 5.803686 4.480331
v -0.324631 5.273682 4.480331
v 0.324631 5.371176 4.480331
v 0.324631 5.273682 4.480331
v -0.324631 5.371176 4.480331
v -0.324631 4.841171 4.480331
v 0.324631 4.938666 4.480331
v 0.324631 4.841171 4.480331
v -0.324631 4.938666 4.480331
v 0.324631 4.506156 4.480331
v -0.324631 4.408661 4.480331
v -0.324631 4.506156 4.480331
v 0.324631 4.408661 4.480331
v -0.000000 6.187448 -4.371305
v 0.921667 6.424449 -4.035360
v -0.000000 6.424449 -4.139208
v -0.921667 6.424449 -4.035360
v 0.973314 6.187448 -4.261639
v -0.973314 6.187448 -4.261639
v 1.797115 6.424449 -3.729028
v -1.797115 6.424449 -3.729028
v 1.897818 6.187448 -3.938140
v -1.897818 6.187448 -3.938140
v 2.582710 6.424449 -3.235405
v -2.582710 6.424449 -3.235405
v 2.727160 6.187448 -3.417029
v -2.727160 6.187448 -3.417029
v 3.240479 6.424450 -2.581097
v -3.240479 6.424450 -2.581097
v 3.421775 6.187449 -2.726068
v -3.421775 6.187449 -2.726068
v 3.734083 6.424450 -1.795532
v -3.734083 6.424450 -1.795532
v 3.943195 6.187449 -1.896235
v -3.943195 6.187449 -1.896235
v 4.040609 6.424450 -0.919534
v -4.040609 6.424450 -0.919534
v 4.266887 6.187449 -0.971181
v -4.266887 6.187449 -0.971181
v 4.144522 6.424450 0.002709
v -4.144522 6.424450 0.002709
v 4.376619 6.187449 0.002709
v -4.376619 6.187449 0.002709
v 4.040611 6.424450 0.924953
v -4.040611 6.424450 0.924953
v 4.266889 6.187449 0.976599
v -4.266889 6.187449 0.976599
v 3.734086 6.424449 1.800951
v -3.734086 6.424449 1.800951
v 3.943198 6.187449 1.901654
v -3.943198 6.187449 1.901654
v 3.240319 6.424449 2.586778
v -3.240319 6.424449 2.586778
v 3.421780 6.187449 2.731488
v -3.421780 6.187449 2.731488
v 2.584070 6.424449 3.243029
v -2.584070 6.424449 3.243029
v 2.728780 6.187449 3.424489
v -2.728780 6.187449 3.424489
v 1.798243 6.424449 3.736797
v -1.798243 6.424449 3.736797
v 1.898946 6.187449 3.945909
v -1.898946 6.187449 3.945909
v 0.922245 6.424449 4.043323
v -0.922245 6.424449 4.043323
v 0.973892 6.187449 4.269601
v -0.973892 6.187449 4.269601
v -0.000000 6.424449 4.147236
v -0.000000 6.187449 4.379333
v -0.249355 6.687811 -2.481807
v -0.446890 6.687811 -2.320398
v -0.000000 6.687811 -1.964015
v -0.000000 6.687811 -2.535609
v -0.560296 6.687811 -2.091899
v 0.249355 6.687811 -2.481807
v -0.557263 6.687810 -1.836824
v 0.446890 6.687811 -2.320398
v -0.449322 6.687810 -1.605693
v 0.560295 6.687811 -2.091899
v -0.248005 6.687810 -1.449028
v 0.557262 6.687810 -1.836824
v -0.000000 6.687810 -1.389311
v 0.449322 6.687810 -1.605693
v 0.248005 6.687810 -1.449028
v -0.560295 6.841353 -2.091899
v -0.446890 6.841353 -2.320398
v -0.000000 6.900815 -1.964015
v -0.557263 6.841353 -1.836824
v -0.249355 6.841353 -2.481807
v -0.449322 6.841353 -1.605693
v -0.000000 6.841353 -2.535609
v -0.248005 6.841353 -1.449028
v 0.249355 6.841353 -2.481807
v -0.000000 6.841353 -1.389311
v 0.446890 6.841353 -2.320398
v 0.248005 6.841353 -1.449028
v 0.560295 6.841353 -2.091899
v 0.449322 6.841353 -1.605693
v 0.557262 6.841353 -1.836824
v -1.283250 6.798564 -3.042273
v -1.056180 6.638516 -2.889090
v -1.219799 6.798564 -2.889090
v -1.167553 6.638516 -3.157970
v -1.167553 6.638516 -2.620211
v -1.436432 6.798564 -3.105723
v -1.436432 6.638516 -3.269342
v -1.283249 6.798564 -2.735907
v -1.436433 6.638516 -2.508838
v -1.436433 6.798564 -2.672457
v -1.705312 6.638516 -2.620211
v -1.589615 6.798564 -3.042273
v -1.705311 6.638516 -3.157970
v -1.589615 6.798564 -2.735907
v -1.816685 6.638516 -2.889091
v -1.653066 6.798564 -2.889090
v 1.589592 6.798564 -3.042273
v 1.816662 6.638516 -2.889090
v 1.653043 6.798564 -2.889090
v 1.705289 6.638516 -3.157970
v 1.705289 6.638516 -2.620211
v 1.436410 6.798564 -3.105723
v 1.436410 6.638516 -3.269342
v 1.589593 6.798564 -2.735907
v 1.436409 6.638516 -2.508838
v 1.436409 6.798564 -2.672457
v 1.167530 6.638516 -2.620211
v 1.283227 6.798564 -3.042273
v 1.167531 6.638516 -3.157970
v 1.283227 6.798564 -2.735907
v 1.056157 6.638516 -2.889091
v 1.219776 6.798564 -2.889090
v 1.976663 5.638413 2.300272
v 1.736231 5.839810 4.002846
v 1.976663 5.638412 3.897076
v 1.736232 5.839811 2.300272
v 1.436419 5.911689 4.107755
v 1.436418 5.911689 2.300272
v 1.136605 5.839810 4.212665
v 1.136606 5.839812 2.300272
v 0.896174 5.638412 4.278358
v 0.896174 5.638412 2.300272
v 1.976663 5.638412 3.897076
v 2.110093 5.347382 2.300272
v 1.976663 5.638413 2.300272
v 2.110093 5.347381 3.813237
v 2.110093 4.398460 2.300272
v 2.110093 4.398460 3.813237
v 1.976663 4.107430 2.300272
v 1.976663 4.107429 3.897076
v 1.976663 4.107429 3.897076
v 1.736232 3.906031 2.300272
v 1.976663 4.107430 2.300272
v 1.736232 3.906030 4.002846
v 1.436419 3.834153 2.300272
v 1.436419 3.834151 4.107755
v 1.136606 3.906031 2.300272
v 1.136606 3.906029 4.212664
v 0.896174 4.107430 2.300272
v 0.896174 4.107429 4.278358
v 0.896174 4.107429 4.278358
v 0.762744 4.398459 2.300272
v 0.896174 4.107430 2.300272
v 0.762744 4.398459 4.293391
v 0.762744 5.347381 2.300272
v 0.762744 5.347381 4.293392
v 0.896174 5.638412 2.300272
v 0.896174 5.638412 4.278358
v -1.736232 5.839810 4.002846
v -1.976664 5.638413 2.300272
v -1.976663 5.638412 3.897076
v -1.736232 5.839811 2.300272
v -1.436419 5.911689 4.107755
v -1.436418 5.911689 2.300272
v -1.136606 5.839810 4.212665
v -1.136606 5.839812 2.300272
v -0.896174 5.638412 4.278358
v -0.896174 5.638412 2.300272
v -2.110093 5.347382 2.300272
v -1.976663 5.638412 3.897076
v -1.976664 5.638413 2.300272
v -2.110093 5.347381 3.813237
v -2.110093 4.398460 2.300272
v -2.110093 4.398460 3.813237
v -1.976664 4.107430 2.300272
v -1.976663 4.107429 3.897076
v -1.736232 3.906031 2.300272
v -1.976663 4.107429 3.897076
v -1.976664 4.107430 2.300272
v -1.736232 3.906030 4.002846
v -1.436419 3.834153 2.300272
v -1.436419 3.834151 4.107755
v -1.136606 3.906031 2.300272
v -1.136606 3.906029 4.212664
v -0.896174 4.107430 2.300272
v -0.896174 4.107429 4.278358
v -0.762744 4.398459 2.300272
v -0.896174 4.107429 4.278358
v -0.896174 4.107430 2.300272
v -0.762744 4.398459 4.293391
v -0.762744 5.347381 2.300272
v -0.762744 5.347381 4.293392
v -0.896174 5.638412 2.300272
v -0.896174 5.638412 4.278358
v -0.392120 6.687810 -1.651309
v -0.000000 6.210026 -1.462474
v -0.392120 6.210026 -1.651309
v -0.000000 6.687810 -1.462474
v 0.392120 6.687810 -1.651309
v 0.392120 6.210026 -1.651309
v 3.422794 6.136855 -0.029891
v 3.029210 6.650461 -0.029891
v 3.422795 6.650461 -0.029891
v 3.029208 6.136855 -0.029889
v -3.422776 6.136855 -0.029891
v -3.029191 6.650461 -0.029891
v -3.029189 6.136855 -0.029889
v -3.422777 6.650461 -0.029891
v 1.436419 3.834153 2.300272
v 1.136606 3.906031 2.300272
v 1.436419 4.872921 2.300271
v 1.736232 3.906031 2.300272
v 0.896174 4.107430 2.300272
v 1.976663 4.107430 2.300272
v 0.762744 4.398459 2.300272
v 2.110093 4.398460 2.300272
v 0.762744 5.347381 2.300272
v 2.110093 5.347382 2.300272
v 0.896174 5.638412 2.300272
v 1.976663 5.638413 2.300272
v 1.136606 5.839812 2.300272
v 1.736232 5.839811 2.300272
v 1.436418 5.911689 2.300272
v -1.736232 3.906031 2.300272
v -1.976664 4.107430 2.300272
v -1.436419 4.872921 2.300271
v -1.436419 3.834153 2.300272
v -2.110093 4.398460 2.300272
v -1.136606 3.906031 2.300272
v -2.110093 5.347382 2.300272
v -0.896174 4.107430 2.300272
v -1.976664 5.638413 2.300272
v -0.762744 4.398459 2.300272
v -1.736232 5.839811 2.300272
v -0.762744 5.347381 2.300272
v -1.436418 5.911689 2.300272
v -0.896174 5.638412 2.300272
v -1.136606 5.839812 2.300272
v 0.324631 3.564669 4.272362
v 0.324631 3.662682 4.480331
v 0.324631 3.663200 4.272362
v 0.324631 3.565186 4.480331
v -0.324631 3.663201 4.272362
v -0.324631 3.565187 4.480331
v -0.324631 3.564669 4.272362
v -0.324631 3.662682 4.480331
v 0.324631 3.565186 4.480331
v -0.324631 3.564669 4.272362
v -0.324631 3.565187 4.480331
v 0.324631 3.564669 4.272362
v -0.324631 3.662682 4.480331
v 0.324631 3.663200 4.272362
v 0.324631 3.662682 4.480331
v -0.324631 3.663201 4.272362
v 0.324631 3.662682 4.480331
v -0.324631 3.565187 4.480331
v -0.324631 3.662682 4.480331
v 0.324631 3.565186 4.480331
v 0.324631 3.975633 4.272362
v 0.324631 4.073646 4.480331
v 0.324631 4.074164 4.272362
v 0.324631 3.976150 4.480331
v -0.324631 4.074165 4.272362
v -0.324631 3.976151 4.480331
v -0.324631 3.975633 4.272362
v -0.324631 4.073646 4.480331
v 0.324631 3.976150 4.480331
v -0.324631 3.975633 4.272362
v -0.324631 3.976151 4.480331
v 0.324631 3.975633 4.272362
v -0.324631 4.073646 4.480331
v 0.324631 4.074164 4.272362
v 0.324631 4.073646 4.480331
v -0.324631 4.074165 4.272362
v 0.324631 4.073646 4.480331
v -0.324631 3.976151 4.480331
v -0.324631 4.073646 4.480331
v 0.324631 3.976150 4.480331
v 0.340989 2.683068 4.484794
v 0.340989 2.781080 4.703243
v 0.340989 2.781599 4.484794
v 0.340989 2.683585 4.703243
v -0.340989 2.781599 4.484794
v -0.340989 2.683585 4.703243
v -0.340989 2.683068 4.484794
v -0.340989 2.781080 4.703243
v -0.340989 2.781080 4.703243
v 0.340989 2.781599 4.484794
v 0.340989 2.781080 4.703243
v -0.340989 2.781599 4.484794
v 0.340989 2.683585 4.703243
v -0.340989 2.683068 4.484794
v -0.340989 2.683585 4.703243
v 0.340989 2.683068 4.484794
v -0.340989 2.683585 4.703243
v 0.340989 2.781080 4.703243
v 0.340989 2.683585 4.703243
v -0.340989 2.781080 4.703243
v 0.340989 3.107925 4.467841
v 0.340989 3.205938 4.686289
v 0.340989 3.206457 4.467840
v 0.340989 3.108443 4.686289
v -0.340989 3.206457 4.467840
v -0.340989 3.108443 4.686289
v -0.340989 3.107926 4.467841
v -0.340989 3.205938 4.686289
v -0.340989 3.205938 4.686289
v 0.340989 3.206457 4.467840
v 0.340989 3.205938 4.686289
v -0.340989 3.206457 4.467840
v 0.340989 3.108443 4.686289
v -0.340989 3.107926 4.467841
v -0.340989 3.108443 4.686289
v 0.340989 3.107925 4.467841
v -0.340989 3.108443 4.686289
v 0.340989 3.205938 4.686289
v 0.340989 3.108443 4.686289
v -0.340989 3.205938 4.686289
vn 0.7071 -0.0073 0.7071
vn 0.7071 -0.0037 0.7071
vn 0.6235 -0.0074 0.7818
vn 0.6235 -0.0037 0.7818
vn 0.4339 -0.0074 0.9009
vn 0.4335 -0.0001 0.9011
vn 0.2229 -0.0007 0.9748
vn 0.2225 -0.0074 0.9749
vn -0.0000 -0.0074 1.0000
vn -0.0000 -0.0037 1.0000
vn -0.2229 -0.0007 0.9748
vn -0.2225 -0.0074 0.9749
vn -0.4339 -0.0074 0.9009
vn -0.4335 -0.0001 0.9011
vn -0.6235 -0.0037 0.7818
vn -0.6235 -0.0074 0.7818
vn -0.7071 -0.0037 0.7071
vn -0.7071 -0.0073 0.7071
vn 0.8467 -0.0037 0.5320
vn 0.8467 -0.0073 0.5320
vn 0.9010 -0.0037 0.4339
vn 0.9009 -0.0074 0.4339
vn 0.9749 -0.0037 0.2225
vn 0.9749 -0.0074 0.2225
vn 1.0000 -0.0037 -0.0000
vn 1.0000 -0.0074 -0.0000
vn 0.9749 -0.0074 -0.2225
vn 0.9749 -0.0037 -0.2225
vn 0.9010 -0.0037 -0.4339
vn 0.9009 -0.0074 -0.4339
vn 0.8467 -0.0037 -0.5320
vn 0.8467 -0.0073 -0.5320
vn 0.7052 -0.0037 -0.7090
vn 0.7053 -0.0065 -0.7088
vn 0.6227 -0.0002 -0.7825
vn 0.6230 -0.0000 -0.7822
vn 0.4339 -0.0000 -0.9010
vn 0.2225 -0.0000 -0.9749
vn -0.0000 -0.0000 -1.0000
vn -0.2225 -0.0000 -0.9749
vn -0.4339 -0.0000 -0.9010
vn -0.6227 -0.0002 -0.7825
vn -0.6230 -0.0000 -0.7822
vn -0.7053 -0.0065 -0.7088
vn -0.7052 -0.0037 -0.7090
vn -0.8467 -0.0037 0.5320
vn -0.9010 -0.0037 0.4339
vn -0.8467 -0.0073 0.5320
vn -0.9009 -0.0074 0.4339
vn -0.9749 -0.0037 0.2225
vn -0.9749 -0.0074 0.2225
vn -1.0000 -0.0037 -0.0000
vn -1.0000 -0.0074 -0.0000
vn -0.9749 -0.0074 -0.2225
vn -0.9749 -0.0037 -0.2225
vn -0.9010 -0.0037 -0.4339
vn -0.9009 -0.0074 -0.4339
vn -0.8467 -0.0037 -0.5320
vn -0.8467 -0.0073 -0.5320
vn 0.7071 -0.0000 0.7071
vn 0.6235 -0.0000 0.7818
vn 0.5320 -0.0000 0.8467
vn 0.5011 -0.0063 0.8654
vn 0.5013 0.0067 0.8653
vn 0.4333 -0.0061 0.9012
vn 0.3559 -0.0142 0.9344
vn 0.3303 -0.0000 0.9439
vn 0.3545 0.0149 0.9349
vn 0.2231 -0.0052 0.9748
vn 0.3072 -0.0127 0.9516
vn 0.1487 -0.0055 0.9889
vn -0.0000 -0.0000 1.0000
vn 0.3085 0.0133 0.9511
vn 0.1486 0.0059 0.9889
vn 0.1120 -0.0000 0.9937
vn -0.1120 -0.0000 0.9937
vn -0.1486 0.0059 0.9889
vn -0.1487 -0.0055 0.9889
vn -0.3085 0.0133 0.9511
vn -0.3303 -0.0000 0.9439
vn -0.2231 -0.0052 0.9748
vn -0.3072 -0.0127 0.9516
vn -0.3545 0.0149 0.9349
vn -0.5013 0.0067 0.8653
vn -0.4333 -0.0061 0.9012
vn -0.3559 -0.0142 0.9344
vn -0.5011 -0.0063 0.8654
vn -0.6235 -0.0000 0.7818
vn -0.5320 -0.0000 0.8467
vn -0.7071 -0.0000 0.7071
vn 0.8467 -0.0000 0.5320
vn 0.9010 -0.0000 0.4339
vn 0.9749 -0.0000 0.2225
vn 1.0000 -0.0000 -0.0000
vn 0.9749 -0.0000 -0.2225
vn 0.9010 -0.0000 -0.4339
vn 0.8467 -0.0000 -0.5320
vn 0.7052 -0.0000 -0.7090
vn 0.6225 -0.0000 -0.7827
vn -0.6225 -0.0000 -0.7827
vn -0.7052 -0.0000 -0.7090
vn -0.8467 -0.0000 0.5320
vn -0.9010 -0.0000 0.4339
vn -0.9749 -0.0000 0.2225
vn -1.0000 -0.0000 -0.0000
vn -0.9749 -0.0000 -0.2225
vn -0.9010 -0.0000 -0.4339
vn -0.8467 -0.0000 -0.5320
vn -0.5721 0.5878 -0.5721
vn 0.2402 0.9516 0.1916
vn 0.2185 0.9511 0.2185
vn 0.2768 0.9516 0.1333
vn 0.2996 0.9516 0.0684
vn 0.3073 0.9516 -0.0000
vn 0.2996 0.9516 -0.0684
vn 0.2768 0.9516 -0.1333
vn 0.2399 0.9516 -0.1919
vn 0.2179 0.9511 -0.2191
vn -0.5705 0.5878 0.5736
vn -0.5721 -0.5878 -0.5721
vn 0.2185 -0.9511 0.2185
vn 0.2402 -0.9516 0.1916
vn 0.2768 -0.9516 0.1333
vn 0.2996 -0.9516 0.0684
vn 0.3073 -0.9516 -0.0000
vn 0.2996 -0.9516 -0.0684
vn 0.2768 -0.9516 -0.1333
vn 0.2399 -0.9516 -0.1919
vn 0.2179 -0.9511 -0.2191
vn -0.5706 -0.5878 0.5736
vn -0.5705 -0.5878 0.5736
vn -0.6850 0.5878 -0.4304
vn -0.7273 0.5902 -0.3502
vn -0.7273 0.5902 -0.3503
vn -0.6850 -0.5878 -0.4304
vn -0.7273 -0.5902 -0.3503
vn -0.7870 0.5902 -0.1796
vn -0.7870 -0.5902 -0.1796
vn -0.8072 0.5902 -0.0000
vn -0.8072 -0.5902 -0.0000
vn -0.7870 0.5902 0.1796
vn -0.7870 -0.5902 0.1796
vn -0.7273 0.5902 0.3503
vn -0.7273 -0.5902 0.3503
vn -0.6850 0.5878 0.4304
vn -0.6850 -0.5878 0.4304
vn 0.5705 0.5878 0.5736
vn -0.2399 0.9516 -0.1919
vn -0.2179 0.9511 -0.2191
vn -0.2768 0.9516 -0.1333
vn -0.2996 0.9516 -0.0684
vn -0.3073 0.9516 -0.0000
vn -0.2996 0.9516 0.0684
vn -0.2768 0.9516 0.1333
vn -0.2402 0.9516 0.1916
vn -0.2185 0.9511 0.2185
vn 0.5721 0.5878 -0.5721
vn 0.5706 -0.5878 0.5736
vn 0.5705 -0.5878 0.5736
vn -0.2179 -0.9511 -0.2191
vn -0.2399 -0.9516 -0.1919
vn -0.2768 -0.9516 -0.1333
vn -0.2996 -0.9516 -0.0684
vn -0.3073 -0.9516 -0.0000
vn -0.2996 -0.9516 0.0684
vn -0.2768 -0.9516 0.1333
vn -0.2402 -0.9516 0.1916
vn -0.2185 -0.9511 0.2185
vn 0.5721 -0.5878 -0.5721
vn 0.6850 0.5878 0.4304
vn 0.7273 0.5902 0.3503
vn 0.6850 -0.5878 0.4304
vn 0.7273 -0.5902 0.3503
vn 0.7870 0.5902 0.1796
vn 0.7870 -0.5902 0.1796
vn 0.8073 0.5902 -0.0000
vn 0.8072 -0.5902 -0.0000
vn 0.7870 0.5902 -0.1796
vn 0.7870 -0.5902 -0.1796
vn 0.7273 0.5902 -0.3503
vn 0.7273 -0.5902 -0.3503
vn 0.6850 0.5878 -0.4304
vn 0.6850 -0.5878 -0.4304
vn -0.0000 -1.0000 -0.0000
vn 0.7071 -0.0000 -0.7071
vn -0.0000 1.0000 -0.0000
vn -0.7071 -0.0000 -0.7071
vn -0.7827 -0.0000 -0.6225
vn 0.7827 -0.0000 -0.6225
vn 0.1120 -0.0000 -0.9937
vn -0.1120 -0.0000 -0.9937
vn 0.3303 -0.0000 -0.9439
vn -0.3303 -0.0000 -0.9439
vn 0.1016 0.9515 -0.2904
vn 0.0681 0.9520 -0.2983
vn -0.0000 0.9520 -0.3060
vn -0.0681 0.9520 -0.2983
vn -0.1016 0.9515 -0.2904
vn 0.1016 -0.9515 -0.2904
vn 0.0681 -0.9520 -0.2983
vn -0.0000 -0.9520 -0.3060
vn -0.0681 -0.9520 -0.2983
vn -0.1016 -0.9515 -0.2904
vn -0.0000 -1.0000 0.0024
vn -0.0000 1.0000 0.0024
vn -0.0000 0.6978 -0.7163
vn 0.1595 0.6978 -0.6984
vn -0.1595 0.6977 -0.6984
vn 0.1594 0.6978 -0.6984
vn -0.1594 0.6977 -0.6984
vn 0.3110 0.6976 -0.6455
vn -0.3110 0.6976 -0.6455
vn 0.3108 0.6976 -0.6456
vn -0.3108 0.6976 -0.6456
vn 0.4452 0.6973 -0.5617
vn -0.4452 0.6973 -0.5617
vn 0.4457 0.6967 -0.5621
vn -0.4457 0.6967 -0.5621
vn 0.5647 0.6921 -0.4495
vn -0.5647 0.6921 -0.4495
vn 0.5642 0.6923 -0.4499
vn -0.5642 0.6923 -0.4499
vn 0.6462 0.6970 -0.3107
vn -0.6462 0.6970 -0.3107
vn 0.6453 0.6977 -0.3110
vn -0.6453 0.6977 -0.3110
vn 0.6989 0.6973 -0.1593
vn -0.6989 0.6973 -0.1593
vn 0.6988 0.6973 -0.1597
vn -0.6988 0.6973 -0.1597
vn 0.7172 0.6968 0.0002
vn -0.7172 0.6968 0.0002
vn 0.7172 0.6968 -0.0002
vn -0.7172 0.6968 -0.0002
vn 0.6997 0.6964 0.1599
vn -0.6997 0.6964 0.1599
vn 0.6997 0.6964 0.1595
vn -0.6997 0.6964 0.1595
vn 0.6477 0.6959 0.3101
vn -0.6477 0.6959 0.3101
vn 0.6483 0.6951 0.3106
vn -0.6483 0.6951 0.3106
vn 0.5657 0.6888 0.4534
vn -0.5657 0.6888 0.4534
vn 0.5661 0.6888 0.4529
vn -0.5661 0.6888 0.4529
vn 0.4483 0.6944 0.5629
vn -0.4483 0.6944 0.5629
vn 0.4483 0.6952 0.5619
vn -0.4483 0.6952 0.5619
vn 0.3119 0.6949 0.6479
vn -0.3119 0.6949 0.6479
vn 0.3121 0.6949 0.6478
vn -0.3121 0.6949 0.6478
vn 0.1600 0.6948 0.7012
vn -0.1600 0.6948 0.7012
vn 0.1601 0.6948 0.7012
vn -0.1601 0.6948 0.7012
vn -0.0000 0.6947 0.7193
vn -0.6235 -0.7818 -0.0000
vn -0.3902 -0.9207 -0.0000
vn -0.4339 -0.9010 -0.0000
vn 0.0477 -0.9989 -0.0000
vn 0.4702 -0.8826 -0.0000
vn 0.4339 -0.9010 -0.0000
vn 0.6235 -0.7818 -0.0000
vn -0.9010 -0.4339 -0.0000
vn -0.9749 -0.2225 -0.0000
vn -0.9708 -0.2399 -0.0000
vn -0.9749 0.2225 -0.0000
vn -0.9708 0.2399 -0.0000
vn -0.9010 0.4339 -0.0000
vn -0.6235 0.7818 -0.0000
vn -0.4339 0.9010 -0.0000
vn -0.3902 0.9207 -0.0000
vn 0.0477 0.9989 -0.0000
vn 0.4339 0.9010 -0.0000
vn 0.4702 0.8826 -0.0000
vn 0.6235 0.7818 -0.0000
vn 0.9010 0.4339 -0.0000
vn 0.9749 0.2225 -0.0000
vn 0.9757 0.2190 -0.0000
vn 0.9749 -0.2225 -0.0000
vn 0.9757 -0.2190 -0.0000
vn 0.9010 -0.4339 -0.0000
vn 0.3902 -0.9207 -0.0000
vn -0.0477 -0.9989 -0.0000
vn -0.4702 -0.8826 -0.0000
vn 0.9708 -0.2399 -0.0000
vn 0.9708 0.2399 -0.0000
vn 0.3902 0.9207 -0.0000
vn -0.0477 0.9989 -0.0000
vn -0.4702 0.8826 -0.0000
vn -0.9757 0.2190 -0.0000
vn -0.9757 -0.2190 -0.0000
vn 0.7034 -0.0491 0.7091
vn 0.7056 -0.0258 0.7081
vn 0.6220 -0.0696 0.7799
vn 0.6230 -0.0353 0.7814
vn 0.4330 -0.0717 0.8986
vn 0.4332 -0.0325 0.9007
vn 0.2227 -0.0333 0.9743
vn 0.2221 -0.0722 0.9724
vn -0.0000 -0.0724 0.9974
vn -0.0000 -0.0361 0.9993
vn -0.2227 -0.0333 0.9743
vn -0.2221 -0.0722 0.9724
vn -0.4330 -0.0717 0.8986
vn -0.4332 -0.0325 0.9007
vn -0.6230 -0.0353 0.7814
vn -0.6220 -0.0696 0.7799
vn -0.7056 -0.0258 0.7081
vn -0.7034 -0.0491 0.7091
vn 0.8465 -0.0241 0.5319
vn 0.8459 -0.0508 0.5309
vn 0.9007 -0.0335 0.4331
vn 0.8999 -0.0683 0.4307
vn 0.9743 -0.0333 0.2226
vn 0.9729 -0.0668 0.2215
vn 0.9995 -0.0325 0.0003
vn 0.9979 -0.0652 -0.0005
vn 0.9728 -0.0636 -0.2226
vn 0.9745 -0.0318 -0.2222
vn 0.9006 -0.0310 -0.4335
vn 0.8992 -0.0610 -0.4333
vn 0.8473 -0.0227 -0.5306
vn 0.8478 -0.0432 -0.5286
vn 0.7051 -0.0212 -0.7088
vn 0.7043 -0.0441 -0.7085
vn 0.6219 -0.0277 -0.7826
vn 0.6202 -0.0564 -0.7824
vn 0.4330 -0.0556 -0.8997
vn 0.4338 -0.0278 -0.9006
vn 0.2221 -0.0551 -0.9735
vn 0.2225 -0.0275 -0.9745
vn -0.0000 -0.0549 -0.9985
vn -0.0000 -0.0274 -0.9996
vn -0.2225 -0.0275 -0.9745
vn -0.2221 -0.0551 -0.9735
vn -0.4338 -0.0278 -0.9006
vn -0.4330 -0.0556 -0.8997
vn -0.6219 -0.0277 -0.7826
vn -0.6202 -0.0564 -0.7824
vn -0.7043 -0.0441 -0.7085
vn -0.7051 -0.0212 -0.7088
vn -0.8465 -0.0241 0.5319
vn -0.9007 -0.0335 0.4331
vn -0.8459 -0.0508 0.5309
vn -0.8999 -0.0683 0.4307
vn -0.9743 -0.0333 0.2226
vn -0.9729 -0.0668 0.2215
vn -0.9995 -0.0325 0.0003
vn -0.9979 -0.0652 -0.0005
vn -0.9728 -0.0636 -0.2226
vn -0.9745 -0.0318 -0.2222
vn -0.9006 -0.0310 -0.4335
vn -0.8992 -0.0610 -0.4333
vn -0.8473 -0.0227 -0.5306
vn -0.8478 -0.0432 -0.5286
vn 0.5017 -0.0059 0.8650
vn 0.5019 0.0063 0.8649
vn 0.4334 -0.0056 0.9012
vn 0.3564 -0.0138 0.9342
vn 0.3550 0.0145 0.9347
vn 0.2230 -0.0047 0.9748
vn 0.3067 -0.0123 0.9517
vn 0.1480 -0.0052 0.9890
vn 0.3080 0.0129 0.9513
vn 0.1478 0.0055 0.9890
vn -0.1478 0.0055 0.9890
vn -0.1480 -0.0052 0.9890
vn -0.3080 0.0129 0.9513
vn -0.2230 -0.0047 0.9748
vn -0.3067 -0.0123 0.9517
vn -0.3550 0.0145 0.9347
vn -0.5019 0.0063 0.8649
vn -0.4334 -0.0056 0.9012
vn -0.3564 -0.0138 0.9342
vn -0.5017 -0.0059 0.8650
vn -0.7818 -0.0000 -0.6235
vn -0.8957 -0.0000 -0.4446
vn -0.9061 -0.0000 0.4231
vn -0.6327 -0.0000 -0.7744
vn 0.6327 -0.0000 -0.7744
vn -0.6141 -0.0000 0.7892
vn -0.4339 -0.0000 0.9010
vn 0.4339 -0.0000 0.9010
vn 0.6141 -0.0000 0.7892
vn 0.7818 -0.0000 -0.6235
vn 0.8957 -0.0000 -0.4446
vn 0.9061 -0.0000 0.4231
vn 0.9239 -0.0000 -0.3827
vn 0.9239 -0.0000 0.3827
vn 0.3827 -0.0000 -0.9239
vn -0.3827 -0.0000 -0.9239
vn -0.9239 -0.0000 -0.3827
vn -0.9239 -0.0000 0.3827
vn -0.3827 -0.0000 0.9239
vn 0.3827 -0.0000 0.9239
vn -0.0000 -1.0000 0.0025
vn -0.0000 1.0000 0.0025
vn -0.0000 0.6997 -0.7145
vn 0.1590 0.6997 -0.6965
vn -0.1590 0.6997 -0.6965
vn 0.3100 0.6997 -0.6437
vn -0.3100 0.6997 -0.6437
vn 0.4448 0.6996 -0.5592
vn -0.4448 0.6996 -0.5592
vn 0.5580 0.6997 -0.4462
vn -0.5580 0.6997 -0.4462
vn 0.6437 0.6997 -0.3100
vn -0.6437 0.6997 -0.3100
vn 0.6965 0.6997 -0.1590
vn -0.6965 0.6997 -0.1590
vn 0.7145 0.6997 -0.0000
vn -0.7145 0.6997 -0.0000
vn 0.6965 0.6997 0.1590
vn -0.6965 0.6997 0.1590
vn 0.6437 0.6997 0.3100
vn -0.6437 0.6997 0.3100
vn 0.5586 0.6997 0.4455
vn -0.5586 0.6997 0.4455
vn 0.4455 0.6997 0.5586
vn -0.4455 0.6997 0.5586
vn 0.3100 0.6997 0.6437
vn -0.3100 0.6997 0.6437
vn 0.1590 0.6997 0.6965
vn -0.1590 0.6997 0.6965
vn -0.0000 0.6997 0.7145
vn -0.0809 0.9946 -0.0645
vn -0.1003 0.9947 -0.0229
vn -0.1009 0.9946 0.0230
vn -0.0447 0.9947 -0.0927
vn -0.0805 0.9947 0.0642
vn -0.0000 0.9946 -0.1035
vn -0.0449 0.9946 0.0932
vn 0.0447 0.9947 -0.0927
vn -0.0000 0.9947 0.1029
vn 0.0809 0.9946 -0.0645
vn 0.0449 0.9946 0.0932
vn 0.1003 0.9947 -0.0229
vn 0.0805 0.9947 0.0642
vn 0.1009 0.9946 0.0230
vn 0.6717 0.6866 -0.2782
vn 0.6717 0.6866 0.2782
vn 0.2782 0.6866 -0.6717
vn 0.2782 0.6866 0.6717
vn -0.2782 0.6866 0.6717
vn -0.2782 0.6866 -0.6717
vn -0.6717 0.6866 0.2782
vn -0.6717 0.6866 -0.2782
vn -0.6421 -0.7666 -0.0000
vn -0.4054 -0.9141 -0.0000
vn -0.4496 -0.8932 -0.0000
vn 0.0500 -0.9987 -0.0000
vn 0.4863 -0.8738 -0.0000
vn 0.4496 -0.8932 -0.0000
vn 0.6421 -0.7666 -0.0000
vn -0.9090 -0.4168 -0.0000
vn -0.9770 -0.2133 -0.0000
vn -0.9733 -0.2293 -0.0000
vn -0.9770 0.2133 -0.0000
vn -0.9733 0.2293 -0.0000
vn -0.9090 0.4168 -0.0000
vn -0.6421 0.7666 -0.0000
vn -0.4496 0.8932 -0.0000
vn -0.4055 0.9141 -0.0000
vn 0.0500 0.9987 -0.0000
vn 0.4496 0.8932 -0.0000
vn 0.4863 0.8738 -0.0000
vn 0.6421 0.7666 -0.0000
vn 0.9090 0.4168 -0.0000
vn 0.9770 0.2133 -0.0000
vn 0.9777 0.2101 -0.0000
vn 0.9770 -0.2133 -0.0000
vn 0.9777 -0.2101 -0.0000
vn 0.9090 -0.4168 -0.0000
vn 0.4054 -0.9141 -0.0000
vn -0.0500 -0.9987 -0.0000
vn -0.4863 -0.8738 -0.0000
vn 0.9733 -0.2293 -0.0000
vn 0.9733 0.2293 -0.0000
vn 0.4055 0.9141 -0.0000
vn -0.0500 0.9987 -0.0000
vn -0.4863 0.8738 -0.0000
vn -0.9777 0.2101 -0.0000
vn -0.9777 -0.2101 -0.0000
vt 0.554429 0.505818
vt 0.554445 0.508622
vt 0.543406 0.505818
vt 0.543419 0.508622
vt 0.530206 0.505818
vt 0.530215 0.508622
vt 0.515496 0.508622
vt 0.515491 0.505818
vt 0.500000 0.505818
vt 0.500000 0.508622
vt 0.484504 0.508622
vt 0.484509 0.505818
vt 0.469794 0.505818
vt 0.469785 0.508622
vt 0.456581 0.508622
vt 0.456594 0.505818
vt 0.445555 0.508622
vt 0.445571 0.505818
vt 1.778252 0.508622
vt 1.778265 0.505818
vt 1.791486 0.508622
vt 1.791495 0.505818
vt 1.806238 0.508622
vt 1.806243 0.505818
vt 1.821769 0.508622
vt 1.821769 0.505818
vt 1.837296 0.505818
vt 1.837301 0.508622
vt 1.852053 0.508622
vt 1.852044 0.505818
vt 1.865287 0.508622
vt 1.865274 0.505818
vt 0.445555 0.508622
vt 0.445571 0.505818
vt 0.456607 0.508622
vt 0.456607 0.505818
vt 0.469803 0.505818
vt 0.469803 0.508622
vt 0.484513 0.505818
vt 0.484513 0.508622
vt 0.500000 0.505818
vt 0.500000 0.508622
vt 0.515487 0.508622
vt 0.515487 0.505818
vt 0.530197 0.508622
vt 0.530197 0.505818
vt 0.543393 0.508622
vt 0.543393 0.505818
vt 0.554429 0.505818
vt 0.554445 0.508622
vt -0.778252 0.508622
vt -0.791486 0.508622
vt -0.778265 0.505818
vt -0.791495 0.505818
vt -0.806238 0.508622
vt -0.806243 0.505818
vt -0.821770 0.508622
vt -0.821769 0.505818
vt -0.837296 0.505818
vt -0.837301 0.508622
vt -0.852053 0.508622
vt -0.852044 0.505818
vt -0.865287 0.508622
vt -0.865274 0.505818
vt 0.554445 0.547889
vt 0.543419 0.547889
vt 0.533575 0.535177
vt 0.533575 0.520819
vt 0.531451 0.539581
vt 0.531451 0.516415
vt 0.530215 0.547889
vt 0.527626 0.542629
vt 0.522855 0.543716
vt 0.527626 0.513368
vt 0.522855 0.512280
vt 0.515496 0.547889
vt 0.518085 0.542629
vt 0.514259 0.539581
vt 0.500000 0.547889
vt 0.518085 0.513368
vt 0.514259 0.516415
vt 0.512136 0.535177
vt 0.512136 0.520819
vt 0.487864 0.520819
vt 0.487864 0.535177
vt 0.485741 0.516415
vt 0.485741 0.539581
vt 0.481915 0.513368
vt 0.477145 0.512280
vt 0.484504 0.547889
vt 0.481915 0.542629
vt 0.477145 0.543716
vt 0.472374 0.513368
vt 0.468548 0.516415
vt 0.469785 0.547889
vt 0.472374 0.542629
vt 0.468548 0.539581
vt 0.456581 0.547889
vt 0.466425 0.520819
vt 0.466425 0.535177
vt 0.445555 0.547889
vt 1.778252 0.547889
vt 1.791486 0.547889
vt 1.806238 0.547889
vt 1.821769 0.547889
vt 1.837301 0.547889
vt 1.852053 0.547889
vt 1.865287 0.547889
vt 0.445555 0.547889
vt 0.456607 0.547889
vt 0.469803 0.547889
vt 0.484513 0.547889
vt 0.500000 0.547889
vt 0.515487 0.547889
vt 0.530197 0.547889
vt 0.543393 0.547889
vt 0.554445 0.547889
vt -0.778252 0.547889
vt -0.791486 0.547889
vt -0.806238 0.547889
vt -0.821770 0.547889
vt -0.837301 0.547889
vt -0.852053 0.547889
vt -0.865287 0.547889
vt 0.556551 1.776569
vt 0.544986 1.764978
vt 0.557312 1.775961
vt 0.545670 1.764293
vt 0.558542 1.774977
vt 0.546776 1.763184
vt 0.567463 1.789207
vt 0.566045 1.789892
vt 0.573001 1.805070
vt 0.571466 1.805421
vt 0.574878 1.821770
vt 0.573304 1.821770
vt 0.573001 1.838470
vt 0.571466 1.838118
vt 0.567463 1.854332
vt 0.566045 1.853647
vt 0.558541 1.868563
vt 0.557312 1.867578
vt 0.546657 1.880411
vt 0.545678 1.879177
vt 0.556552 1.866969
vt 0.545072 1.878414
vt 0.558542 0.521472
vt 0.546776 0.521472
vt 0.558542 0.519829
vt 0.546776 0.519829
vt 0.455014 1.764978
vt 0.443449 1.776569
vt 0.454330 1.764293
vt 0.442688 1.775961
vt 0.453224 1.763184
vt 0.441458 1.774977
vt 0.433955 1.789892
vt 0.432537 1.789207
vt 0.428534 1.805421
vt 0.426999 1.805070
vt 0.426696 1.821770
vt 0.425122 1.821770
vt 0.428534 1.838118
vt 0.426999 1.838470
vt 0.433955 1.853647
vt 0.432537 1.854332
vt 0.442688 1.867578
vt 0.441459 1.868563
vt 0.454322 1.879177
vt 0.453343 1.880411
vt 0.454928 1.878414
vt 0.443448 1.866969
vt -0.775961 0.521979
vt -0.789892 0.521979
vt -0.776569 0.520650
vt -0.790315 0.520650
vt -0.775961 0.519321
vt -0.805421 0.521979
vt -0.789892 0.519321
vt -0.805638 0.520650
vt -0.821770 0.521979
vt -0.805421 0.519321
vt -0.821770 0.520650
vt -0.838118 0.521979
vt -0.821770 0.519321
vt -0.837901 0.520650
vt -0.853647 0.521979
vt -0.838118 0.519321
vt -0.853224 0.520650
vt -0.867578 0.521979
vt -0.853647 0.519321
vt -0.866969 0.520650
vt -0.867578 0.519321
vt 1.774977 0.519829
vt 1.789207 0.519829
vt 1.774977 0.521472
vt 1.789207 0.521472
vt 1.805070 0.519829
vt 1.805070 0.521472
vt 1.821770 0.519829
vt 1.821770 0.521472
vt 1.838470 0.519829
vt 1.838470 0.521472
vt 1.854332 0.519829
vt 1.854332 0.521472
vt 1.868563 0.519829
vt 1.868563 0.521472
vt 0.453343 0.521472
vt 0.441459 0.521472
vt 0.453343 0.519829
vt 0.441459 0.519829
vt 0.443448 1.866969
vt 0.454928 1.878414
vt 0.442688 1.867578
vt 0.454322 1.879177
vt 0.441459 1.868563
vt 0.453343 1.880411
vt 0.432537 1.854332
vt 0.433955 1.853647
vt 0.426999 1.805070
vt 0.428534 1.805421
vt 0.432537 1.789207
vt 0.441458 1.774977
vt 0.453224 1.763184
vt 0.454330 1.764293
vt 0.443449 1.776569
vt 0.455013 1.764978
vt 0.558541 0.521472
vt 0.546657 0.521472
vt 0.558541 0.519829
vt 0.546657 0.519829
vt 0.545072 1.878414
vt 0.556552 1.866969
vt 0.545678 1.879177
vt 0.557312 1.867578
vt 0.546657 1.880411
vt 0.558541 1.868563
vt 0.566045 1.853647
vt 0.571466 1.805421
vt 0.573001 1.805070
vt 0.567463 1.789207
vt 0.558542 1.774977
vt 0.545670 1.764293
vt 0.546776 1.763184
vt 0.544987 1.764978
vt 0.556551 1.776569
vt 1.867578 0.521979
vt 1.853647 0.521979
vt 1.866969 0.520650
vt 1.853224 0.520650
vt 1.867578 0.519321
vt 1.838118 0.521979
vt 1.853647 0.519321
vt 1.837901 0.520650
vt 1.821770 0.521979
vt 1.838118 0.519321
vt 1.821770 0.520650
vt 1.805421 0.521979
vt 1.821770 0.519321
vt 1.805638 0.520650
vt 1.789892 0.521979
vt 1.805421 0.519321
vt 1.790315 0.520650
vt 1.775961 0.521979
vt 1.789892 0.519321
vt 1.776569 0.520650
vt 1.775961 0.519321
vt -0.868563 0.519829
vt -0.854332 0.519829
vt -0.868563 0.521472
vt -0.854332 0.521472
vt -0.838470 0.519829
vt -0.838470 0.521472
vt -0.821770 0.519829
vt -0.821770 0.521472
vt -0.805070 0.519829
vt -0.805070 0.521472
vt -0.789207 0.519829
vt -0.789207 0.521472
vt -0.774977 0.519829
vt -0.774977 0.521472
vt 0.453224 0.521472
vt 0.441458 0.521472
vt 0.453224 0.519829
vt 0.441458 0.519829
vt 0.545670 0.519321
vt 0.544986 0.520650
vt 0.545670 0.521979
vt 0.454330 0.519321
vt 0.455013 0.520650
vt 0.454330 0.521979
vt 0.551159 1.874398
vt 0.447491 1.770494
vt 0.552509 1.873045
vt 0.448841 1.769141
vt 0.551159 0.521617
vt 0.447491 0.521617
vt 0.551159 0.519710
vt 0.447491 0.519710
vt 0.447491 1.873045
vt 0.551159 1.769141
vt 0.448841 1.874398
vt 0.552509 1.770494
vt 0.447491 0.519710
vt 0.447491 0.521617
vt 0.573304 1.822726
vt 0.426696 1.822726
vt 0.573304 1.820813
vt 0.426696 1.820813
vt 0.573304 0.521617
vt 0.426696 0.521617
vt 0.573304 0.519710
vt 0.426696 0.519710
vt 0.426696 1.820813
vt 0.573304 1.820813
vt 0.426696 1.822726
vt 0.573304 1.822726
vt 0.426696 0.519710
vt 0.573304 0.519710
vt 0.426696 0.521617
vt 0.573304 0.521617
vt 0.552509 1.770494
vt 0.448841 1.874398
vt 0.447491 1.873045
vt 0.552509 0.521617
vt 0.448841 0.521617
vt 0.552509 0.519710
vt 0.448841 0.519710
vt 0.552509 1.873045
vt 0.447491 1.770494
vt 0.551159 1.874398
vt 0.448841 0.519710
vt 0.552509 0.519710
vt 0.448841 0.521617
vt 0.552509 0.521617
vt -0.880411 0.521472
vt -0.880411 0.519829
vt -0.879177 0.521979
vt -0.879177 0.519321
vt -0.878414 0.520650
vt 1.879177 0.519321
vt 1.880411 0.519829
vt 1.878414 0.520650
vt 1.880411 0.521472
vt 1.879177 0.521979
vt 0.484513 0.512340
vt 0.500000 0.512340
vt 0.484513 0.544171
vt 0.500000 0.544171
vt 0.515487 0.544171
vt 0.515487 0.512340
vt 1.892984 0.512340
vt 1.892984 0.544171
vt 1.889776 0.512340
vt 1.889776 0.544171
vt -0.892984 0.544171
vt -0.892984 0.512340
vt -0.889776 0.544171
vt -0.889776 0.512340
vt 0.468010 0.543380
vt 0.483594 0.543380
vt 0.468010 0.545156
vt 0.483594 0.545156
vt 0.500000 0.543380
vt 0.500000 0.545156
vt 0.516406 0.543380
vt 0.516406 0.545156
vt 0.531990 0.543380
vt 0.531990 0.545156
vt 0.531990 1.888348
vt 0.516406 1.893813
vt 0.529770 1.883729
vt 0.515268 1.888815
vt 0.500000 1.895666
vt 0.500000 1.890539
vt 0.483594 1.893813
vt 0.484732 1.888815
vt 0.468010 1.888348
vt 0.470230 1.883729
vt 0.531990 1.888348
vt 0.516406 1.893813
vt 0.515268 1.888815
vt 0.500000 1.890539
vt 0.483594 1.893813
vt 0.484732 1.888815
vt 0.468010 1.888348
vt 0.470230 1.883729
vt 1.883729 0.546798
vt 1.883729 0.543380
vt 1.888348 0.545156
vt 1.888348 0.543380
vt -0.883729 0.546798
vt -0.888348 0.545156
vt -0.883729 0.543380
vt -0.888348 0.543380
vt 0.468010 0.512767
vt 0.468010 0.510991
vt 0.483594 0.512767
vt 0.483594 0.510991
vt 0.500000 0.512767
vt 0.500000 0.510991
vt 0.516406 0.512767
vt 0.516406 0.510991
vt 0.531990 0.512767
vt 0.531990 0.510991
vt 0.483594 1.893813
vt 0.516406 1.893813
vt 1.888348 0.512767
vt 1.883729 0.512767
vt 1.888348 0.510991
vt 1.883729 0.509349
vt -0.888348 0.512767
vt -0.888348 0.510991
vt -0.883729 0.512767
vt -0.883729 0.509349
vt 1.753679 0.515912
vt 1.750362 0.515904
vt 1.753679 0.514421
vt 1.750362 0.514429
vt 1.753679 0.522456
vt 1.750362 0.522448
vt 1.753679 0.520965
vt 1.750362 0.520973
vt 1.753679 0.529001
vt 1.750362 0.528993
vt 1.753679 0.527510
vt 1.750362 0.527518
vt 1.753679 0.535545
vt 1.750362 0.535537
vt 1.753679 0.534054
vt 1.750362 0.534062
vt -0.753679 0.534054
vt -0.750362 0.534062
vt -0.753679 0.535545
vt -0.750362 0.535537
vt -0.753679 0.527510
vt -0.750362 0.527518
vt -0.753679 0.529001
vt -0.750362 0.528993
vt -0.753679 0.520965
vt -0.750362 0.520973
vt -0.753679 0.522456
vt -0.750362 0.522448
vt -0.753679 0.514421
vt -0.750362 0.514429
vt -0.753679 0.515912
vt -0.750362 0.515904
vt 0.505165 1.750362
vt 0.505165 1.753679
vt 0.494835 1.750362
vt 0.494835 1.753679
vt 0.494835 1.753679
vt 0.494835 1.750362
vt 0.505165 1.753679
vt 0.505165 1.750362
vt 0.505165 0.534062
vt 0.505165 0.535537
vt 0.494835 0.534062
vt 0.494835 0.535537
vt 0.505165 0.527518
vt 0.505165 0.528993
vt 0.494835 0.527518
vt 0.494835 0.528993
vt 0.494835 0.515904
vt 0.494835 0.514429
vt 0.505165 0.515904
vt 0.505165 0.514429
vt 0.494835 0.522448
vt 0.494835 0.520973
vt 0.505165 0.522448
vt 0.505165 0.520973
vt 0.500000 1.887823
vt 0.514665 1.886167
vt 0.500000 1.891525
vt 0.485335 1.886167
vt 0.515487 1.889776
vt 0.484513 1.889776
vt 0.528595 1.881282
vt 0.471405 1.881282
vt 0.530197 1.884617
vt 0.469803 1.884617
vt 0.541095 1.873410
vt 0.458905 1.873410
vt 0.543393 1.876306
vt 0.456607 1.876306
vt 0.551561 1.862975
vt 0.448439 1.862975
vt 0.554445 1.865287
vt 0.445555 1.865287
vt 0.559415 1.850447
vt 0.440585 1.850447
vt 0.562742 1.852053
vt 0.437258 1.852053
vt 0.564292 1.836477
vt 0.435708 1.836477
vt 0.567892 1.837301
vt 0.432108 1.837301
vt 0.565945 1.821769
vt 0.434055 1.821770
vt 0.569638 1.821769
vt 0.430362 1.821770
vt 0.564292 1.807062
vt 0.435708 1.807062
vt 0.567892 1.806238
vt 0.432108 1.806238
vt 0.559415 1.793092
vt 0.440585 1.793092
vt 0.562742 1.791486
vt 0.437258 1.791486
vt 0.551558 1.780560
vt 0.448442 1.780560
vt 0.554445 1.778252
vt 0.445555 1.778252
vt 0.541116 1.770094
vt 0.458884 1.770094
vt 0.543419 1.767200
vt 0.456581 1.767200
vt 0.528613 1.762220
vt 0.471387 1.762220
vt 0.530215 1.758885
vt 0.469785 1.758885
vt 0.514674 1.757331
vt 0.485326 1.757331
vt 0.515496 1.753723
vt 0.484504 1.753723
vt 0.500000 1.755674
vt 0.500000 1.751973
vt 0.468549 1.759664
vt 0.472374 1.757977
vt 0.468548 1.785129
vt 0.472374 1.785129
vt 0.477145 1.756304
vt 0.477145 1.785129
vt 0.481915 1.754631
vt 0.481915 1.785129
vt 0.485741 1.753583
vt 0.485741 1.785129
vt -0.785129 0.539581
vt -0.785129 0.535177
vt -0.759664 0.539581
vt -0.761001 0.535177
vt -0.785129 0.520819
vt -0.761001 0.520819
vt -0.785129 0.516415
vt -0.759664 0.516415
vt 0.531452 1.785129
vt 0.527626 1.785129
vt 0.531451 1.759664
vt 0.527626 1.757977
vt 0.522855 1.785129
vt 0.522855 1.756304
vt 0.518085 1.785129
vt 0.518085 1.754631
vt 0.514259 1.785129
vt 0.514259 1.753583
vt 1.785129 0.516415
vt 1.785129 0.520819
vt 1.753583 0.516415
vt 1.753343 0.520819
vt 1.785129 0.535177
vt 1.753343 0.535177
vt 1.785129 0.539581
vt 1.753583 0.539581
vt 0.531452 1.759664
vt 0.527626 1.757977
vt 0.527626 1.785129
vt 0.522856 1.756304
vt 0.518085 1.754631
vt 0.514259 1.753583
vt 0.514259 1.785129
vt 1.785129 0.539581
vt 1.759664 0.539581
vt 1.761001 0.535177
vt 1.761001 0.520819
vt 1.759664 0.516415
vt 0.468548 1.759664
vt 0.472374 1.785129
vt 0.472374 1.757977
vt 0.477145 1.785129
vt 0.477145 1.756304
vt 0.481915 1.785129
vt 0.481915 1.754631
vt 0.485741 1.785129
vt 0.485741 1.753583
vt -0.753583 0.516415
vt -0.753343 0.520819
vt -0.753343 0.535177
vt -0.785129 0.539581
vt -0.753583 0.539581
vt 0.522855 0.527998
vt 0.518085 0.513368
vt 0.522855 0.512280
vt 0.527626 0.513368
vt 0.514259 0.516415
vt 0.531452 0.516415
vt 0.512136 0.520819
vt 0.512136 0.535177
vt 0.514259 0.539581
vt 0.531452 0.539581
vt 0.518085 0.542629
vt 0.527626 0.542629
vt 0.477145 0.527998
vt 0.468548 0.516415
vt 0.472374 0.513368
vt 0.477145 0.512280
vt 0.481915 0.513368
vt 0.485741 0.516415
vt 0.468548 0.539581
vt 0.472374 0.542629
vt 0.477145 0.543716
vt 0.481915 0.542629
vt 0.554611 0.596337
vt 0.554628 0.599141
vt 0.544116 0.596336
vt 0.544136 0.599143
vt 0.544119 0.596337
vt 0.554632 0.599142
vt 0.543425 0.596337
vt 0.543436 0.599140
vt 0.530859 0.596338
vt 0.530865 0.599141
vt 0.530857 0.596340
vt 0.543437 0.599142
vt 0.530067 0.599138
vt 0.516052 0.599140
vt 0.530058 0.596335
vt 0.516050 0.596337
vt 0.530060 0.596338
vt 0.516054 0.599140
vt 0.515188 0.596336
vt 0.515192 0.599141
vt 0.500439 0.596337
vt 0.500442 0.599141
vt 0.500440 0.596338
vt 0.515193 0.599142
vt 0.499559 0.599138
vt 0.484810 0.599142
vt 0.499560 0.596335
vt 0.484812 0.596337
vt 0.499560 0.596337
vt 0.484807 0.599140
vt 0.483950 0.596335
vt 0.483944 0.599137
vt 0.469942 0.596335
vt 0.469932 0.599144
vt 0.469940 0.596337
vt 0.483945 0.599144
vt 0.469133 0.599140
vt 0.456564 0.599142
vt 0.469144 0.596336
vt 0.456575 0.596335
vt 0.469142 0.596334
vt 0.456563 0.599140
vt 0.455867 0.599140
vt 0.445370 0.599140
vt 0.455880 0.596335
vt 0.445387 0.596337
vt 0.455880 0.596336
vt 0.445372 0.599142
vt 1.778182 0.599142
vt 1.778194 0.596336
vt 1.790783 0.599141
vt 1.790793 0.596337
vt 1.790778 0.599140
vt 1.778197 0.596338
vt 1.791581 0.599139
vt 1.791592 0.596335
vt 1.805632 0.599140
vt 1.805632 0.596337
vt 1.805635 0.599143
vt 1.791585 0.596336
vt 1.806501 0.599141
vt 1.806493 0.596334
vt 1.821286 0.599140
vt 1.821286 0.596339
vt 1.821290 0.599144
vt 1.806507 0.596339
vt 1.822170 0.596334
vt 1.836952 0.596334
vt 1.822174 0.599138
vt 1.836952 0.599138
vt 1.822166 0.599138
vt 1.836952 0.596336
vt 1.837845 0.599141
vt 1.837837 0.596339
vt 1.851880 0.599140
vt 1.851889 0.596340
vt 1.851897 0.599143
vt 1.837844 0.596339
vt 1.852692 0.599138
vt 1.852677 0.596336
vt 1.865291 0.599139
vt 1.865282 0.596341
vt 1.865297 0.599144
vt 1.852692 0.596341
vt 0.445339 0.599141
vt 0.445355 0.596336
vt 0.455861 0.599142
vt 0.456327 0.596368
vt 0.456327 0.599171
vt 0.445819 0.596368
vt 0.456906 0.596369
vt 0.469468 0.596368
vt 0.456904 0.599171
vt 0.469469 0.599173
vt 0.456906 0.599173
vt 0.469468 0.596367
vt 0.470143 0.596390
vt 0.484147 0.596368
vt 0.470143 0.599171
vt 0.484147 0.599173
vt 0.470142 0.599173
vt 0.484148 0.596348
vt 0.484879 0.596366
vt 0.499624 0.596368
vt 0.484879 0.599171
vt 0.499624 0.599171
vt 0.484880 0.599171
vt 0.499625 0.596369
vt 0.500376 0.599123
vt 0.500375 0.596321
vt 0.515120 0.599171
vt 0.515119 0.596367
vt 0.515119 0.599171
vt 0.500377 0.596366
vt 0.515854 0.599173
vt 0.515852 0.596348
vt 0.529857 0.599173
vt 0.529856 0.596388
vt 0.529858 0.599171
vt 0.515852 0.596365
vt 0.530535 0.599173
vt 0.530533 0.596369
vt 0.543097 0.599174
vt 0.543094 0.596366
vt 0.543094 0.599171
vt 0.530532 0.596368
vt 0.543671 0.596367
vt 0.554180 0.596368
vt 0.543673 0.599171
vt 0.554663 0.599140
vt 0.544142 0.599140
vt 0.554646 0.596336
vt -0.778187 0.599142
vt -0.790783 0.599140
vt -0.778198 0.596336
vt -0.790791 0.596334
vt -0.778196 0.596336
vt -0.790781 0.599138
vt -0.791590 0.599142
vt -0.805634 0.599142
vt -0.791597 0.596338
vt -0.805632 0.596335
vt -0.791590 0.596334
vt -0.805626 0.599140
vt -0.806492 0.599142
vt -0.821280 0.599142
vt -0.806498 0.596338
vt -0.821281 0.596336
vt -0.806499 0.596336
vt -0.821281 0.599140
vt -0.822178 0.596337
vt -0.822180 0.599141
vt -0.836961 0.596338
vt -0.836961 0.599140
vt -0.836959 0.596338
vt -0.822178 0.599142
vt -0.837839 0.599142
vt -0.851879 0.599140
vt -0.837833 0.596337
vt -0.851871 0.596336
vt -0.837828 0.596336
vt -0.851879 0.599138
vt -0.852694 0.599140
vt -0.865295 0.599142
vt -0.852688 0.596338
vt -0.865282 0.596336
vt -0.852690 0.596337
vt -0.865299 0.599144
vt 0.554160 0.638436
vt 0.543663 0.638436
vt 0.554160 0.599169
vt 0.543663 0.599169
vt 0.554160 0.599169
vt 0.543663 0.638437
vt 0.543083 0.638436
vt 0.533712 0.625725
vt 0.543083 0.599169
vt 0.533712 0.611367
vt 0.543084 0.599170
vt 0.533712 0.625726
vt 0.543084 0.638436
vt 0.531690 0.630127
vt 0.533712 0.625724
vt 0.531689 0.606963
vt 0.543081 0.599169
vt 0.533710 0.611365
vt 0.543084 0.638437
vt 0.530514 0.638437
vt 0.531691 0.630129
vt 0.528577 0.633006
vt 0.532218 0.629958
vt 0.531045 0.638266
vt 0.522841 0.634264
vt 0.527383 0.633175
vt 0.529848 0.638437
vt 0.543083 0.599169
vt 0.531691 0.606962
vt 0.530513 0.599168
vt 0.526463 0.603933
vt 0.528930 0.599187
vt 0.530103 0.606979
vt 0.527384 0.603913
vt 0.522843 0.602825
vt 0.529848 0.599166
vt 0.515837 0.638436
vt 0.522844 0.634264
vt 0.529849 0.638435
vt 0.518303 0.633175
vt 0.522844 0.634264
vt 0.515838 0.638437
vt 0.518812 0.633033
vt 0.516349 0.638293
vt 0.515169 0.629986
vt 0.500368 0.638437
vt 0.513943 0.630128
vt 0.515121 0.638436
vt 0.529850 0.599167
vt 0.522843 0.602825
vt 0.515837 0.599167
vt 0.522841 0.602827
vt 0.518300 0.603914
vt 0.515836 0.599169
vt 0.517433 0.603939
vt 0.513790 0.606987
vt 0.514970 0.599194
vt 0.513943 0.630129
vt 0.500367 0.638437
vt 0.511921 0.625726
vt 0.500367 0.599168
vt 0.515119 0.599169
vt 0.513942 0.606962
vt 0.511921 0.625726
vt 0.511921 0.611367
vt 0.500366 0.599170
vt 0.513942 0.606963
vt 0.511921 0.611368
vt 0.500367 0.599169
vt 0.511921 0.611366
vt 0.500367 0.638435
vt 0.499633 0.599169
vt 0.499633 0.638437
vt 0.488079 0.611366
vt 0.488079 0.625725
vt 0.488079 0.611366
vt 0.499633 0.638436
vt 0.486058 0.606963
vt 0.499633 0.599170
vt 0.488079 0.611368
vt 0.499632 0.638434
vt 0.486058 0.630127
vt 0.488079 0.625724
vt 0.499632 0.599169
vt 0.486057 0.606962
vt 0.484880 0.599169
vt 0.482567 0.603939
vt 0.485030 0.599193
vt 0.486210 0.606986
vt 0.481699 0.603913
vt 0.477158 0.602828
vt 0.484163 0.599169
vt 0.499633 0.638436
vt 0.484880 0.638437
vt 0.486058 0.630129
vt 0.481188 0.633032
vt 0.484831 0.629985
vt 0.483651 0.638293
vt 0.477158 0.634263
vt 0.481700 0.633176
vt 0.484164 0.638436
vt 0.477158 0.602826
vt 0.470151 0.599168
vt 0.484165 0.599168
vt 0.477158 0.602825
vt 0.472616 0.603914
vt 0.470152 0.599169
vt 0.473537 0.603932
vt 0.469898 0.606979
vt 0.471070 0.599187
vt 0.477158 0.634263
vt 0.484163 0.638435
vt 0.470150 0.638436
vt 0.472616 0.633177
vt 0.477157 0.634264
vt 0.470151 0.638437
vt 0.471422 0.633005
vt 0.468954 0.638265
vt 0.467781 0.629958
vt 0.456916 0.599168
vt 0.469487 0.599169
vt 0.468310 0.606961
vt 0.456916 0.638436
vt 0.468310 0.630128
vt 0.469487 0.638436
vt 0.456916 0.599169
vt 0.468309 0.606961
vt 0.466288 0.611365
vt 0.466288 0.611367
vt 0.466288 0.625725
vt 0.456917 0.599169
vt 0.468310 0.630128
vt 0.456917 0.638437
vt 0.466289 0.625725
vt 0.456916 0.638436
vt 0.456916 0.599169
vt 0.466288 0.625725
vt 0.456337 0.599169
vt 0.456337 0.638436
vt 0.445840 0.599169
vt 0.445840 0.638437
vt 0.445840 0.599169
vt 0.456337 0.638436
vt 1.778540 0.599169
vt 1.791139 0.599169
vt 1.778540 0.638436
vt 1.791139 0.638436
vt 1.778540 0.638436
vt 1.791139 0.599169
vt 1.791803 0.599169
vt 1.805848 0.599169
vt 1.791804 0.638436
vt 1.805848 0.638437
vt 1.791803 0.638437
vt 1.805848 0.599169
vt 1.806570 0.599169
vt 1.821356 0.599169
vt 1.806570 0.638436
vt 1.821356 0.638437
vt 1.806571 0.638437
vt 1.822102 0.599169
vt 1.836887 0.599169
vt 1.822102 0.638437
vt 1.836887 0.638436
vt 1.822101 0.638436
vt 1.836887 0.599169
vt 1.837618 0.599169
vt 1.851663 0.599169
vt 1.837618 0.638436
vt 1.851663 0.638437
vt 1.837618 0.638436
vt 1.851663 0.599169
vt 1.852341 0.599169
vt 1.864940 0.599169
vt 1.852341 0.638436
vt 1.864940 0.638436
vt 1.852341 0.638437
vt 1.864940 0.599169
vt 0.445806 0.599169
vt 0.456328 0.599169
vt 0.445806 0.638437
vt 0.456327 0.638436
vt 0.445805 0.638436
vt 0.456327 0.599169
vt 0.456905 0.599169
vt 0.469468 0.599169
vt 0.456905 0.638437
vt 0.469468 0.638436
vt 0.456905 0.638436
vt 0.469468 0.599169
vt 0.470143 0.599169
vt 0.484148 0.599169
vt 0.470143 0.638436
vt 0.484148 0.638436
vt 0.470143 0.638436
vt 0.484880 0.599169
vt 0.499624 0.599169
vt 0.484880 0.638436
vt 0.499624 0.638437
vt 0.484880 0.638436
vt 0.499624 0.599169
vt 0.500376 0.638436
vt 0.500376 0.599169
vt 0.515120 0.638436
vt 0.515120 0.599169
vt 0.515120 0.638436
vt 0.500376 0.599169
vt 0.515852 0.638436
vt 0.515852 0.599169
vt 0.529857 0.638436
vt 0.529857 0.599169
vt 0.529857 0.638436
vt 0.515853 0.599169
vt 0.530532 0.638436
vt 0.530532 0.599169
vt 0.543095 0.638436
vt 0.543095 0.599169
vt 0.543095 0.638436
vt 0.530532 0.599169
vt 0.543672 0.638436
vt 0.543672 0.599169
vt 0.554194 0.638436
vt 0.554194 0.599169
vt 0.554194 0.638436
vt 0.543672 0.599169
vt -0.778540 0.599169
vt -0.778540 0.638436
vt -0.791139 0.599169
vt -0.791139 0.638437
vt -0.791139 0.599169
vt -0.778540 0.638436
vt -0.791803 0.599169
vt -0.791803 0.638436
vt -0.805848 0.599169
vt -0.805848 0.638436
vt -0.805848 0.599169
vt -0.791803 0.638436
vt -0.806570 0.599169
vt -0.806570 0.638436
vt -0.821356 0.599169
vt -0.821356 0.638436
vt -0.821356 0.599169
vt -0.806570 0.638436
vt -0.822102 0.599169
vt -0.822101 0.638436
vt -0.836887 0.599169
vt -0.836887 0.638436
vt -0.836888 0.599169
vt -0.822101 0.638436
vt -0.837618 0.599169
vt -0.837618 0.638436
vt -0.851663 0.599169
vt -0.851663 0.638437
vt -0.851662 0.599169
vt -0.837618 0.638436
vt -0.852341 0.599169
vt -0.852341 0.638436
vt -0.864940 0.599169
vt -0.864940 0.638436
vt -0.864940 0.599169
vt -0.852341 0.638437
vt -0.859264 0.638778
vt -0.854098 0.638778
vt -0.859264 0.646007
vt -0.854098 0.646008
vt -0.859265 0.646008
vt -0.854099 0.638778
vt -0.853283 0.638778
vt -0.846840 0.638778
vt -0.853283 0.646008
vt -0.846842 0.646010
vt -0.853285 0.646009
vt -0.846842 0.638780
vt -0.857494 0.646008
vt -0.854031 0.646008
vt -0.857498 0.648333
vt -0.854031 0.648336
vt -0.857498 0.648335
vt -0.854031 0.646011
vt -0.853521 0.648329
vt -0.853525 0.646008
vt -0.849654 0.648331
vt -0.849650 0.646008
vt -0.849646 0.648333
vt -0.853520 0.646007
vt -0.849751 0.646009
vt -0.846241 0.646008
vt -0.849751 0.648333
vt -0.846249 0.648333
vt -0.849754 0.648331
vt -0.846241 0.646006
vt 0.507795 0.646007
vt 0.507795 0.648332
vt 0.504799 0.646006
vt 0.504805 0.648328
vt 0.504803 0.646006
vt 0.507798 0.648333
vt 0.504185 0.648331
vt 0.500408 0.648331
vt 0.504185 0.646132
vt 0.500406 0.646008
vt 0.504185 0.646008
vt 0.500408 0.648333
vt 0.499592 0.645882
vt 0.499592 0.648333
vt 0.495816 0.646009
vt 0.495811 0.648330
vt 0.495813 0.646131
vt 0.499588 0.648331
vt 0.495197 0.648333
vt 0.492205 0.648333
vt 0.495195 0.646008
vt 0.492208 0.646008
vt 0.495197 0.646008
vt 0.492208 0.648333
vt 0.493680 0.648331
vt 0.493678 0.646006
vt 0.496731 0.648333
vt 0.496726 0.646007
vt 0.496728 0.648334
vt 0.493680 0.646009
vt 0.496494 0.645882
vt 0.500252 0.646008
vt 0.496492 0.648329
vt 0.500250 0.648153
vt 0.500248 0.646006
vt 0.499750 0.648155
vt 0.499748 0.646007
vt 0.503506 0.648331
vt 0.503504 0.645884
vt 0.503506 0.648331
vt 0.499748 0.646007
vt 0.503271 0.646070
vt 0.506321 0.646008
vt 0.503273 0.648331
vt 0.506319 0.648329
vt 0.503271 0.648331
vt 0.506321 0.645947
vt 1.859266 0.638778
vt 1.859266 0.646008
vt 1.854099 0.638778
vt 1.854100 0.646009
vt 1.854100 0.638779
vt 1.859265 0.646008
vt 1.853283 0.638778
vt 1.853285 0.646008
vt 1.846842 0.638778
vt 1.846844 0.646009
vt 1.846842 0.638779
vt 1.853286 0.646009
vt 1.857509 0.646009
vt 1.857494 0.648330
vt 1.854032 0.646007
vt 1.854036 0.648332
vt 1.854037 0.646009
vt 1.857510 0.648330
vt 1.853523 0.648333
vt 1.849655 0.648335
vt 1.853523 0.646009
vt 1.849648 0.646006
vt 1.853523 0.646006
vt 1.849648 0.648331
vt 1.849750 0.646007
vt 1.849750 0.648330
vt 1.846240 0.646007
vt 1.846249 0.648330
vt 1.846241 0.646007
vt 1.849750 0.648330
vt 0.503297 0.638778
vt 0.503297 0.646008
vt 0.496705 0.638778
vt 0.496704 0.646008
vt 0.496704 0.638778
vt 0.503296 0.646007
vt 0.561208 1.807726
vt 0.562782 1.821728
vt 0.556564 1.794426
vt 0.562782 1.821728
vt 0.561208 1.835730
vt 0.556564 1.794426
vt 0.556564 1.794426
vt 0.561208 1.835730
vt 0.556564 1.849030
vt 0.556564 1.794426
vt 0.549085 1.782495
vt 0.549087 1.860957
vt 0.549087 1.860957
vt 0.539144 1.772532
vt 0.539123 1.870891
vt 0.539144 1.772532
vt 0.539144 1.772532
vt 0.527240 1.765035
vt 0.527223 1.878386
vt 0.527240 1.765035
vt 0.539123 1.870891
vt 0.527223 1.878386
vt 0.513970 1.760382
vt 0.513962 1.883037
vt 0.513970 1.760381
vt 0.513962 1.883037
vt 0.500000 1.884613
vt 0.513970 1.760381
vt 0.500000 1.758804
vt 0.500000 1.884613
vt 0.500000 1.758804
vt 0.486030 1.760381
vt 0.486039 1.883037
vt 0.486030 1.760382
vt 0.486039 1.883037
vt 0.472760 1.765035
vt 0.472777 1.878386
vt 0.486038 1.883036
vt 0.472760 1.765035
vt 0.472777 1.878386
vt 0.460856 1.772532
vt 0.460877 1.870891
vt 0.460856 1.772532
vt 0.472777 1.878386
vt 0.460856 1.772532
vt 0.460877 1.870891
vt 0.450915 1.782495
vt 0.450913 1.860957
vt 0.450915 1.782495
vt 0.460877 1.870891
vt 0.450915 1.782496
vt 0.443436 1.794427
vt 0.443436 1.849030
vt 0.443436 1.794426
vt 0.443436 1.849030
vt 0.438792 1.807727
vt 0.443436 1.794426
vt 0.437218 1.821728
vt 0.438792 1.807726
vt 0.443436 1.849030
vt 0.438792 1.835730
vt 0.437218 1.821728
vt 0.443436 1.849030
vt 1.869761 0.645262
vt 1.865678 0.645262
vt 1.869761 0.632414
vt 1.865678 0.632414
vt 1.869761 0.632414
vt 1.865677 0.645262
vt 1.866251 0.645262
vt 1.862168 0.645262
vt 1.866252 0.632414
vt 1.862164 0.632413
vt 1.866247 0.632413
vt 1.862164 0.645262
vt 0.516950 0.632413
vt 0.521023 0.632414
vt 0.516950 0.645262
vt 0.521022 0.645262
vt 0.516950 0.645262
vt 0.521023 0.632414
vt 0.522817 0.632412
vt 0.526891 0.632413
vt 0.522817 0.645261
vt 0.526891 0.645262
vt 0.522817 0.645262
vt 0.526890 0.632413
vt -0.870537 0.632413
vt -0.866455 0.632413
vt -0.870537 0.645262
vt -0.866454 0.645261
vt -0.866455 0.632413
vt -0.865472 0.632413
vt -0.861389 0.632413
vt -0.865472 0.645262
vt -0.861390 0.645262
vt -0.865472 0.645262
vt -0.861390 0.632414
vt 0.474700 0.632414
vt 0.478772 0.632414
vt 0.474700 0.645262
vt 0.478773 0.645262
vt 0.474699 0.645262
vt 0.478773 0.632414
vt 0.477388 0.632413
vt 0.481461 0.632414
vt 0.477388 0.645262
vt 0.481461 0.645260
vt 0.477387 0.645261
vt 0.481461 0.632415
vt 1.870538 0.645262
vt 1.866455 0.645261
vt 1.870537 0.632414
vt 1.866455 0.632414
vt 1.866455 0.645262
vt 1.865473 0.645262
vt 1.861389 0.645262
vt 1.865473 0.632414
vt 1.861387 0.632413
vt 1.865471 0.632413
vt 1.861387 0.645262
vt 0.473110 0.632413
vt 0.477183 0.632414
vt 0.473110 0.645262
vt 0.477183 0.645260
vt 0.473109 0.645261
vt 0.477183 0.632413
vt 0.478978 0.632414
vt 0.483051 0.632413
vt 0.478978 0.645262
vt 0.483051 0.645262
vt 0.478978 0.645262
vt -0.869760 0.632413
vt -0.865678 0.632414
vt -0.869760 0.645262
vt -0.865677 0.645262
vt -0.869760 0.645262
vt -0.865677 0.632414
vt -0.866249 0.632414
vt -0.862166 0.632413
vt -0.866249 0.645262
vt -0.862167 0.645262
vt -0.866250 0.645262
vt -0.862168 0.632414
vt 0.518539 0.632414
vt 0.522612 0.632414
vt 0.518539 0.645262
vt 0.522612 0.645262
vt 0.518539 0.645262
vt 0.522612 0.632413
vt 0.521228 0.632415
vt 0.525301 0.632415
vt 0.521228 0.645262
vt 0.525300 0.645262
vt 0.521227 0.645262
vt 0.525300 0.632414
vt 0.454113 0.645442
vt 0.448151 0.645442
vt 0.454113 0.637671
vt 0.448152 0.637670
vt 0.454113 0.637671
vt 0.448151 0.645442
vt 1.830319 0.637670
vt 1.830321 0.645442
vt 1.822222 0.637669
vt 1.822220 0.645443
vt 1.822220 0.637671
vt 1.830314 0.645443
vt 0.551849 1.830319
vt 0.545886 1.830318
vt 0.551849 1.822223
vt 0.545887 1.822223
vt 0.551849 1.822223
vt 0.545887 1.830319
vt -0.822223 0.645442
vt -0.830317 0.645442
vt -0.822223 0.637670
vt -0.830318 0.637671
vt -0.822224 0.637671
vt -0.830318 0.645443
vt 0.551850 0.637671
vt 0.551850 0.645442
vt 0.545887 0.637671
vt 0.545887 0.645443
vt 0.545887 0.637672
vt 0.551849 0.645443
vt -0.822222 0.645443
vt -0.830317 0.645443
vt -0.822222 0.637671
vt -0.830319 0.637671
vt -0.822225 0.637671
vt -0.830320 0.645443
vt 0.454113 1.822223
vt 0.454113 1.830319
vt 0.448151 1.822223
vt 0.448152 1.830319
vt 0.448152 1.822223
vt 0.454114 1.830318
vt 1.830321 0.637672
vt 1.830321 0.645444
vt 1.822223 0.637672
vt 1.822223 0.645443
vt 1.822223 0.637671
vt 1.830318 0.645443
vt 1.756912 0.613007
vt 1.753746 0.612997
vt 1.756905 0.611515
vt 1.753738 0.611519
vt 1.756905 0.611511
vt 1.753738 0.612991
vt 1.756882 0.619534
vt 1.753723 0.619534
vt 1.756874 0.618044
vt 1.753769 0.618071
vt 1.756927 0.618063
vt 1.753769 0.619549
vt 1.756912 0.626091
vt 1.753746 0.626083
vt 1.756905 0.624596
vt 1.753723 0.624603
vt 1.756897 0.624596
vt 1.753731 0.626083
vt 1.756935 0.632645
vt 1.753777 0.632637
vt 1.756935 0.631149
vt 1.753731 0.631149
vt 1.756889 0.631142
vt 1.753723 0.632622
vt -0.756908 0.631145
vt -0.753750 0.631153
vt -0.756908 0.632641
vt -0.753742 0.632629
vt -0.756901 0.632641
vt -0.753746 0.631157
vt -0.756893 0.624598
vt -0.753742 0.624607
vt -0.756897 0.626087
vt -0.753750 0.626083
vt -0.756905 0.626091
vt -0.753746 0.624611
vt -0.756905 0.618055
vt -0.753746 0.618059
vt -0.756905 0.619545
vt -0.753738 0.619537
vt -0.756897 0.619549
vt -0.753742 0.618065
vt -0.756908 0.611523
vt -0.753750 0.611530
vt -0.756908 0.613012
vt -0.753742 0.612997
vt -0.756901 0.612999
vt -0.753746 0.611521
vt 0.504918 1.753520
vt 0.504918 1.756678
vt 0.495083 1.753520
vt 0.495083 1.756678
vt 0.495083 1.753520
vt 0.495082 1.757130
vt 0.495082 1.753973
vt 0.504918 1.757131
vt 0.504917 1.753973
vt 0.504918 1.757131
vt 0.504917 1.753973
vt 0.504917 1.757131
vt 0.495082 1.753973
vt 0.495082 1.757131
vt 0.495082 1.753973
vt 0.504918 1.757131
vt 0.504918 1.753520
vt 0.504918 1.756678
vt 0.495083 1.753520
vt 0.495083 1.756678
vt 0.495083 1.753521
vt 0.504918 1.756678
vt 0.495082 1.757131
vt 0.495082 1.753973
vt 0.504918 1.757131
vt 0.504918 1.753520
vt 0.504918 1.756678
vt 0.495082 1.753520
vt 0.495082 1.756678
vt 0.495083 1.753520
vt 0.495082 1.757131
vt 0.495082 1.753973
vt 0.504917 1.753973
vt 0.495082 1.753973
vt 0.495082 1.756678
vt 0.495082 1.753520
vt 0.504918 1.756678
vt 0.504918 1.753520
vt 0.504918 1.756678
vt 0.495082 1.753520
vt 0.504915 0.631149
vt 0.504913 0.632626
vt 0.495077 0.631147
vt 0.495083 0.632629
vt 0.495083 0.631157
vt 0.504916 0.632626
vt 0.504917 0.624611
vt 0.504917 0.626087
vt 0.495084 0.624609
vt 0.495083 0.626083
vt 0.495081 0.624607
vt 0.504919 0.626084
vt 0.504917 0.618065
vt 0.504917 0.619541
vt 0.495081 0.618062
vt 0.495083 0.619541
vt 0.495083 0.618069
vt 0.504919 0.619544
vt 0.495083 0.612995
vt 0.495083 0.611519
vt 0.504919 0.612996
vt 0.504917 0.611521
vt 0.504917 0.612993
vt 0.495081 0.611518
vt 0.494976 1.839926
vt 0.508938 1.838350
vt 0.494986 1.843538
vt 0.505022 1.839925
vt 0.505013 1.843535
vt 0.491061 1.838350
vt 0.509730 1.841873
vt 0.494987 1.843538
vt 0.508938 1.838352
vt 0.490270 1.841871
vt 0.491063 1.838351
vt 0.505015 1.843538
vt 0.499143 1.840591
vt 0.512403 1.835939
vt 0.499954 1.844109
vt 0.500858 1.840593
vt 0.500047 1.844110
vt 0.487596 1.835941
vt 0.513958 1.839197
vt 0.499953 1.844109
vt 0.512403 1.835941
vt 0.486042 1.839199
vt 0.487596 1.835942
vt 0.500047 1.844110
vt 0.503350 1.840303
vt 0.515250 1.832809
vt 0.504921 1.843552
vt 0.496649 1.840305
vt 0.495078 1.843554
vt 0.484749 1.832811
vt 0.517484 1.835638
vt 0.504921 1.843550
vt 0.515250 1.832809
vt 0.482515 1.835642
vt 0.484749 1.832811
vt 0.495078 1.843552
vt 0.507479 1.839010
vt 0.517443 1.829077
vt 0.509727 1.841829
vt 0.492522 1.839002
vt 0.490273 1.841820
vt 0.482558 1.829070
vt 0.520250 1.831339
vt 0.509728 1.841827
vt 0.517444 1.829079
vt 0.479751 1.831333
vt 0.482558 1.829070
vt 0.490273 1.841825
vt 0.511092 1.837027
vt 0.518569 1.825102
vt 0.513911 1.839273
vt 0.488911 1.837034
vt 0.486091 1.839278
vt 0.481433 1.825104
vt 0.521808 1.826674
vt 0.513910 1.839273
vt 0.518568 1.825098
vt 0.478191 1.826673
vt 0.481432 1.825101
vt 0.486090 1.839272
vt 0.514203 1.834171
vt 0.518846 1.820871
vt 0.517452 1.835728
vt 0.485796 1.834174
vt 0.482547 1.835730
vt 0.481153 1.820874
vt 0.522357 1.821692
vt 0.517454 1.835737
vt 0.518849 1.820881
vt 0.477644 1.821685
vt 0.481153 1.820875
vt 0.482548 1.835733
vt 0.516606 1.830696
vt 0.518180 1.816694
vt 0.520120 1.831490
vt 0.483394 1.830692
vt 0.479881 1.831488
vt 0.481819 1.816689
vt 0.521782 1.816702
vt 0.520121 1.831490
vt 0.518181 1.816694
vt 0.478218 1.816700
vt 0.481818 1.816687
vt 0.479879 1.831482
vt 0.518175 1.826765
vt 0.516602 1.812761
vt 0.521777 1.826756
vt 0.481823 1.826765
vt 0.478222 1.826755
vt 0.483397 1.812761
vt 0.520116 1.811972
vt 0.521778 1.826756
vt 0.516602 1.812765
vt 0.479885 1.811971
vt 0.483398 1.812763
vt 0.478222 1.826755
vt 0.518835 1.822584
vt 0.514192 1.809286
vt 0.522344 1.821774
vt 0.481165 1.822586
vt 0.477657 1.821777
vt 0.485808 1.809284
vt 0.517440 1.807730
vt 0.522343 1.821775
vt 0.514191 1.809288
vt 0.482560 1.807731
vt 0.485809 1.809291
vt 0.477656 1.821775
vt 0.518549 1.818369
vt 0.511070 1.806438
vt 0.521789 1.816793
vt 0.481451 1.818368
vt 0.478211 1.816794
vt 0.488931 1.806438
vt 0.513891 1.804195
vt 0.521790 1.816793
vt 0.511069 1.806435
vt 0.486108 1.804190
vt 0.488930 1.806431
vt 0.478210 1.816791
vt 0.517337 1.814318
vt 0.507396 1.804356
vt 0.520147 1.812061
vt 0.482665 1.814324
vt 0.479856 1.812064
vt 0.492606 1.804358
vt 0.509647 1.801533
vt 0.520144 1.812056
vt 0.507394 1.804350
vt 0.490352 1.801540
vt 0.492604 1.804351
vt 0.479854 1.812060
vt 0.515254 1.810637
vt 0.503350 1.803139
vt 0.517491 1.807808
vt 0.484745 1.810640
vt 0.482508 1.807812
vt 0.496650 1.803145
vt 0.504920 1.799896
vt 0.517491 1.807812
vt 0.503349 1.803143
vt 0.495078 1.799891
vt 0.496649 1.803137
vt 0.482508 1.807808
vt 0.512409 1.807516
vt 0.499140 1.802866
vt 0.513964 1.804262
vt 0.487591 1.807515
vt 0.486037 1.804260
vt 0.500861 1.802862
vt 0.499950 1.799345
vt 0.513963 1.804260
vt 0.499139 1.802860
vt 0.500051 1.799351
vt 0.500861 1.802867
vt 0.486037 1.804264
vt 0.508942 1.805113
vt 0.494971 1.803534
vt 0.509734 1.801590
vt 0.491057 1.805109
vt 0.490265 1.801588
vt 0.505028 1.803532
vt 0.494982 1.799919
vt 0.509734 1.801580
vt 0.494972 1.803528
vt 0.505017 1.799919
vt 0.505027 1.803528
vt 0.490265 1.801585
vt 0.500000 1.851588
vt 0.506770 1.856999
vt 0.503777 1.859450
vt 0.500000 1.860267
vt 0.500000 1.851588
vt 0.503777 1.859450
vt 0.506769 1.856999
vt 0.508487 1.853530
vt 0.500000 1.851588
vt 0.496223 1.859450
vt 0.500000 1.851589
vt 0.508441 1.849657
vt 0.508487 1.853530
vt 0.493230 1.856999
vt 0.500000 1.851588
vt 0.508441 1.849657
vt 0.500000 1.851588
vt 0.506806 1.846148
vt 0.500000 1.851588
vt 0.491513 1.853530
vt 0.503757 1.843770
vt 0.506806 1.846148
vt 0.491559 1.849657
vt 0.500000 1.851589
vt 0.491513 1.853530
vt 0.503757 1.843770
vt 0.500000 1.842863
vt 0.500000 1.851588
vt 0.491559 1.849657
vt 0.493194 1.846148
vt 0.500000 1.851588
vt 0.496243 1.843770
vt 0.500000 1.842863
vt 0.496243 1.843770
vt 0.500000 1.851589
vt 0.493194 1.846148
vt 0.508542 1.847339
vt 0.501769 1.852751
vt 0.500051 1.849283
vt 0.501097 1.849771
vt 0.509543 1.851702
vt 0.501052 1.853644
vt 0.499259 1.849605
vt 0.506031 1.844190
vt 0.502251 1.852055
vt 0.508653 1.855638
vt 0.500208 1.853706
vt 0.501843 1.850197
vt 0.502010 1.842253
vt 0.502009 1.850936
vt 0.498232 1.850119
vt 0.502109 1.851325
vt 0.505869 1.859147
vt 0.499060 1.853703
vt 0.497991 1.850935
vt 0.497990 1.842252
vt 0.501768 1.850118
vt 0.502238 1.860903
vt 0.498480 1.853080
vt 0.502237 1.852173
vt 0.493969 1.844190
vt 0.500741 1.849605
vt 0.497749 1.852055
vt 0.501520 1.853080
vt 0.497762 1.860903
vt 0.497763 1.852173
vt 0.498231 1.852752
vt 0.491458 1.847340
vt 0.499949 1.849283
vt 0.494131 1.859147
vt 0.497891 1.851325
vt 0.500940 1.853703
vt 0.490457 1.851703
vt 0.498903 1.849771
vt 0.498949 1.853644
vt 0.499792 1.853706
vt 0.491347 1.855639
vt 0.498157 1.850197
vt 0.438658 1.847844
vt 0.441191 1.847867
vt 0.437697 1.850168
vt 0.439499 1.851938
vt 0.437693 1.850158
vt 0.441186 1.847853
vt 0.440388 1.883740
vt 0.437856 1.883765
vt 0.438701 1.879659
vt 0.463153 1.825843
vt 0.464930 1.827656
vt 0.460833 1.826804
vt 0.480561 1.867959
vt 0.478241 1.868922
vt 0.481522 1.865633
vt 0.460855 1.829341
vt 0.460832 1.826805
vt 0.464928 1.827652
vt 0.436894 1.881429
vt 0.438701 1.879653
vt 0.437854 1.883755
vt 0.481522 1.865633
vt 0.478241 1.868922
vt 0.480561 1.863308
vt 0.464128 1.905556
vt 0.462354 1.907366
vt 0.460054 1.903863
vt 0.460032 1.906407
vt 0.460055 1.903866
vt 0.462353 1.907370
vt 0.480561 1.863308
vt 0.478241 1.868922
vt 0.478241 1.862344
vt 0.496264 1.903474
vt 0.496285 1.906007
vt 0.492192 1.905166
vt 0.495487 1.827203
vt 0.495464 1.829740
vt 0.493166 1.826239
vt 0.478241 1.868922
vt 0.475920 1.867959
vt 0.478241 1.862344
vt 0.491390 1.828049
vt 0.493165 1.826236
vt 0.495464 1.829740
vt 0.493969 1.906977
vt 0.492193 1.905163
vt 0.496289 1.906012
vt 0.478241 1.862344
vt 0.475920 1.867959
vt 0.475920 1.863307
vt 0.516838 1.879271
vt 0.518644 1.881047
vt 0.515151 1.883352
vt 0.517844 1.850550
vt 0.516037 1.852326
vt 0.516881 1.848223
vt 0.514351 1.848256
vt 0.516883 1.848236
vt 0.516037 1.852336
vt 0.475920 1.863307
vt 0.475920 1.867959
vt 0.474959 1.865633
vt 0.517686 1.883372
vt 0.515153 1.883349
vt 0.518647 1.881044
vt 0.483112 1.848223
vt 0.485645 1.848242
vt 0.482150 1.850541
vt 0.483963 1.852334
vt 0.482156 1.850554
vt 0.485650 1.848248
vt 0.484848 1.883352
vt 0.482317 1.883374
vt 0.483162 1.879272
vt 0.506834 1.826228
vt 0.508610 1.828046
vt 0.504515 1.827195
vt 0.524079 1.867959
vt 0.521759 1.868922
vt 0.525040 1.865633
vt 0.504537 1.829735
vt 0.504515 1.827200
vt 0.508609 1.828043
vt 0.481352 1.881042
vt 0.483158 1.879269
vt 0.482313 1.883368
vt 0.525041 1.865633
vt 0.521759 1.868922
vt 0.524079 1.863308
vt 0.507807 1.905162
vt 0.506034 1.906976
vt 0.503735 1.903474
vt 0.503716 1.906006
vt 0.503737 1.903469
vt 0.506035 1.906969
vt 0.524079 1.863307
vt 0.521759 1.868922
vt 0.521759 1.862344
vt 0.539944 1.903864
vt 0.539966 1.906404
vt 0.535872 1.905557
vt 0.539165 1.826802
vt 0.539142 1.829337
vt 0.536845 1.825841
vt 0.519439 1.867959
vt 0.521759 1.862344
vt 0.535071 1.827654
vt 0.536845 1.825839
vt 0.539144 1.829346
vt 0.537645 1.907363
vt 0.535872 1.905560
vt 0.539967 1.906404
vt 0.519438 1.867959
vt 0.519439 1.863308
vt 0.561301 1.879653
vt 0.563107 1.881433
vt 0.559613 1.883740
vt 0.562304 1.850161
vt 0.560498 1.851940
vt 0.561343 1.847840
vt 0.558814 1.847865
vt 0.561345 1.847838
vt 0.560500 1.851944
vt 0.519439 1.863308
vt 0.519438 1.867959
vt 0.518477 1.865633
vt 0.562145 1.883755
vt 0.559613 1.883737
vt 0.563107 1.881436
vt 0.514966 1.762606
vt 0.518680 1.761001
vt 0.514966 1.786848
vt 0.518680 1.786844
vt 0.514967 1.786846
vt 0.518680 1.760996
vt 0.494236 1.760996
vt 0.498789 1.759402
vt 0.494236 1.786844
vt 0.498789 1.786845
vt 0.494236 1.786845
vt 0.498789 1.759403
vt 0.457584 1.759402
vt 0.462137 1.757810
vt 0.457585 1.786846
vt 0.462138 1.786844
vt 0.457585 1.786843
vt 0.462138 1.757810
vt 0.436949 1.757807
vt 0.440663 1.756811
vt 0.436949 1.786840
vt 0.440663 1.786849
vt 0.436950 1.786847
vt 0.440663 1.756813
vt -0.786845 0.614315
vt -0.786845 0.609952
vt -0.762601 0.614314
vt -0.763877 0.609951
vt -0.762601 0.614315
vt -0.786847 0.609951
vt -0.786845 0.625725
vt -0.786845 0.611367
vt -0.763875 0.625725
vt -0.763874 0.611366
vt -0.763874 0.625725
vt -0.786845 0.611366
vt -0.786844 0.594335
vt -0.786844 0.589971
vt -0.763873 0.594334
vt -0.762601 0.589971
vt -0.763874 0.594335
vt -0.786845 0.589971
vt 0.576025 1.786847
vt 0.572312 1.786845
vt 0.576026 1.762604
vt 0.572312 1.760998
vt 0.576026 1.762603
vt 0.572312 1.786847
vt 0.546968 1.786844
vt 0.542415 1.786845
vt 0.546968 1.760995
vt 0.542415 1.759402
vt 0.546968 1.760994
vt 0.542415 1.786845
vt 0.501211 1.786845
vt 0.496658 1.786845
vt 0.501211 1.759404
vt 0.496658 1.757812
vt 0.501211 1.759404
vt 0.496658 1.786846
vt 0.472059 1.786846
vt 0.468346 1.786846
vt 0.472059 1.757810
vt 0.468345 1.756816
vt 0.472058 1.757811
vt 0.468345 1.786847
vt 1.786850 0.590827
vt 1.786846 0.595192
vt 1.756815 0.590827
vt 1.756588 0.595193
vt 1.756813 0.590829
vt 1.786843 0.595191
vt 1.786845 0.611366
vt 1.786846 0.625725
vt 1.756584 0.611366
vt 1.756583 0.625725
vt 1.756584 0.611366
vt 1.786844 0.625725
vt 1.786844 0.609094
vt 1.786844 0.613459
vt 1.756584 0.609096
vt 1.756812 0.613459
vt 1.756583 0.609095
vt 1.786845 0.613459
vt 0.485034 1.762602
vt 0.485034 1.786846
vt 0.481320 1.760996
vt 0.481322 1.786848
vt 0.481321 1.760998
vt 0.485035 1.786850
vt 0.505764 1.760996
vt 0.505764 1.786846
vt 0.501212 1.759404
vt 0.501211 1.786845
vt 0.501211 1.759401
vt 0.505764 1.786845
vt 0.542416 1.759405
vt 0.542416 1.786848
vt 0.537863 1.757812
vt 0.537862 1.786846
vt 0.537863 1.757811
vt 0.542415 1.786845
vt 0.563050 1.757811
vt 0.563050 1.786846
vt 0.559336 1.756813
vt 0.559336 1.786848
vt 0.559336 1.756817
vt 0.563050 1.786848
vt 1.786848 0.614316
vt 1.762600 0.614315
vt 1.786844 0.609951
vt 1.763874 0.609951
vt 1.786848 0.609951
vt 1.762598 0.614314
vt 1.786845 0.625725
vt 1.763874 0.625725
vt 1.786845 0.611366
vt 1.763874 0.611367
vt 1.786846 0.611367
vt 1.763875 0.625725
vt 1.786846 0.594335
vt 1.763878 0.594335
vt 1.786846 0.589971
vt 1.762602 0.589971
vt 1.786846 0.589972
vt 1.763874 0.594336
vt 0.423975 1.786846
vt 0.423975 1.762604
vt 0.427689 1.786846
vt 0.427689 1.760998
vt 0.427689 1.786846
vt 0.453031 1.786845
vt 0.453031 1.760995
vt 0.457585 1.786846
vt 0.457584 1.759404
vt 0.457585 1.786847
vt 0.453032 1.760997
vt 0.498789 1.786847
vt 0.498789 1.759405
vt 0.503342 1.786846
vt 0.503342 1.757812
vt 0.503342 1.786846
vt 0.498789 1.759404
vt 0.527941 1.786850
vt 0.527941 1.757814
vt 0.531655 1.786850
vt 0.531655 1.756811
vt 0.531654 1.786842
vt 0.527941 1.757809
vt -0.786846 0.590828
vt -0.756813 0.590827
vt -0.786845 0.595191
vt -0.756586 0.595193
vt -0.786848 0.595194
vt -0.756815 0.590830
vt -0.786845 0.611366
vt -0.756584 0.611366
vt -0.786844 0.625724
vt -0.756585 0.625725
vt -0.786846 0.625726
vt -0.756585 0.611366
vt -0.786845 0.609095
vt -0.756585 0.609095
vt -0.786845 0.613458
vt -0.756812 0.613459
vt -0.786846 0.613459
vt -0.756583 0.609095
vt 0.494514 0.638779
vt 0.500453 0.638779
vt 0.494514 0.646008
vt 0.500453 0.646008
vt 0.494514 0.646008
vt 0.500453 0.638779
vt 0.499547 0.646009
vt 0.499547 0.638779
vt 0.505487 0.646008
vt 0.505487 0.638778
vt 0.505488 0.646008
vt 0.499547 0.638779
vt 0.551848 0.645443
vt 0.545886 0.645442
vt 0.551848 0.637671
vt 0.545886 0.637671
vt 0.545887 0.645443
vt 0.454113 0.637672
vt 0.454113 0.645443
vt 0.448150 0.637671
vt 0.448151 0.645443
vt 0.448151 0.637671
vt 0.454114 0.645443
vt 0.521759 0.618545
vt 0.517217 0.603915
vt 0.521759 0.602827
vt 0.521759 0.618546
vt 0.521759 0.602828
vt 0.526300 0.603915
vt 0.521759 0.618545
vt 0.513576 0.606962
vt 0.517217 0.603914
vt 0.521760 0.618545
vt 0.526300 0.603914
vt 0.529943 0.606961
vt 0.521760 0.618546
vt 0.511555 0.611366
vt 0.513577 0.606962
vt 0.521759 0.618544
vt 0.529943 0.606961
vt 0.531963 0.611364
vt 0.521759 0.618546
vt 0.511554 0.625725
vt 0.511554 0.611367
vt 0.521759 0.618546
vt 0.531964 0.611366
vt 0.531964 0.625725
vt 0.513575 0.630129
vt 0.511554 0.625725
vt 0.521761 0.618546
vt 0.531965 0.625726
vt 0.529945 0.630130
vt 0.521759 0.618545
vt 0.517217 0.633177
vt 0.513575 0.630128
vt 0.521758 0.618546
vt 0.529942 0.630129
vt 0.526299 0.633176
vt 0.521759 0.618546
vt 0.521759 0.634264
vt 0.517217 0.633176
vt 0.521759 0.618546
vt 0.526300 0.633177
vt 0.521758 0.634264
vt 0.478241 0.618545
vt 0.470057 0.606962
vt 0.473700 0.603916
vt 0.478241 0.618546
vt 0.473700 0.603915
vt 0.478241 0.602828
vt 0.478241 0.618545
vt 0.468037 0.611365
vt 0.470057 0.606962
vt 0.478241 0.618546
vt 0.478241 0.602828
vt 0.482783 0.603916
vt 0.478241 0.618546
vt 0.468036 0.625726
vt 0.468036 0.611367
vt 0.482783 0.603915
vt 0.486425 0.606963
vt 0.478242 0.618546
vt 0.470058 0.630129
vt 0.468037 0.625725
vt 0.478241 0.618546
vt 0.486424 0.606963
vt 0.488445 0.611367
vt 0.473699 0.633175
vt 0.470057 0.630129
vt 0.478240 0.618545
vt 0.488445 0.611366
vt 0.488445 0.625725
vt 0.478241 0.618546
vt 0.478241 0.634264
vt 0.473699 0.633176
vt 0.478239 0.618544
vt 0.488445 0.625723
vt 0.486424 0.630129
vt 0.478241 0.618546
vt 0.482782 0.633176
vt 0.478241 0.634264
vt 0.478240 0.618546
vt 0.486424 0.630129
vt 0.482782 0.633176
vt 1.756897 0.606461
vt 1.753738 0.606455
vt 1.756905 0.604969
vt 1.753761 0.604980
vt 1.756920 0.604971
vt 1.753754 0.606455
vt -0.756897 0.604961
vt -0.753742 0.604971
vt -0.756897 0.606451
vt -0.753750 0.606449
vt -0.756905 0.606457
vt -0.753754 0.604975
vt 0.504918 1.753520
vt 0.495083 1.753520
vt 0.495082 1.756678
vt 0.495083 1.753520
vt 0.504917 1.753973
vt 0.504918 1.757130
vt 0.495082 1.753973
vt 0.495082 1.757131
vt 0.504917 1.757130
vt 0.495083 0.606451
vt 0.495083 0.604975
vt 0.504916 0.606448
vt 0.504915 0.604973
vt 0.504913 0.606447
vt 0.495080 0.604976
vt 1.753679 0.542090
vt 1.750362 0.542082
vt 1.753679 0.540599
vt 1.750362 0.540607
vt -0.753679 0.540599
vt -0.750362 0.540607
vt -0.753679 0.542090
vt -0.750362 0.542082
vt 0.505165 0.540607
vt 0.505165 0.542082
vt 0.494835 0.540607
vt 0.494835 0.542082
s 1
f 3/1/1 2/2/2 1/3/3
f 4/4/4 1/3/3 2/2/2
f 1/3/3 4/4/4 5/5/5
f 6/6/6 5/5/5 4/4/4
f 6/6/6 7/7/7 5/5/5
f 8/8/8 5/5/5 7/7/7
f 8/8/8 7/7/7 9/9/9
f 10/10/10 9/9/9 7/7/7
f 10/10/10 11/11/11 9/9/9
f 12/12/12 9/9/9 11/11/11
f 12/12/12 11/11/11 13/13/13
f 14/14/14 13/13/13 11/11/11
f 14/14/14 15/15/15 13/13/13
f 16/16/16 13/13/13 15/15/15
f 15/15/15 17/17/17 16/16/16
f 18/18/18 16/16/16 17/17/17
f 21/19/19 20/20/20 19/21/21
f 22/22/22 19/21/21 20/20/20
f 19/21/21 22/22/22 23/23/23
f 24/24/24 23/23/23 22/22/22
f 23/23/23 24/24/24 25/25/25
f 26/26/26 25/25/25 24/24/24
f 26/26/26 27/27/27 25/25/25
f 28/28/28 25/25/25 27/27/27
f 28/28/28 27/27/27 29/29/29
f 30/30/30 29/29/29 27/27/27
f 29/29/29 30/30/30 31/31/31
f 32/32/32 31/31/31 30/30/30
f 35/33/33 34/34/34 33/35/35
f 36/36/36 33/35/35 34/34/34
f 36/36/36 37/37/37 33/35/35
f 38/38/37 33/35/35 37/37/37
f 37/37/37 39/39/38 38/38/37
f 40/40/38 38/38/37 39/39/38
f 39/39/38 41/41/39 40/40/38
f 42/42/39 40/40/38 41/41/39
f 42/42/39 41/41/39 43/43/40
f 44/44/40 43/43/40 41/41/39
f 43/43/40 44/44/40 45/45/41
f 46/46/41 45/45/41 44/44/40
f 45/45/41 46/46/41 47/47/42
f 48/48/43 47/47/42 46/46/41
f 48/48/43 49/49/44 47/47/42
f 50/50/45 47/47/42 49/49/44
f 53/51/46 52/52/47 51/53/48
f 54/54/49 51/53/48 52/52/47
f 52/52/47 55/55/50 54/54/49
f 56/56/51 54/54/49 55/55/50
f 55/55/50 57/57/52 56/56/51
f 58/58/53 56/56/51 57/57/52
f 58/58/53 57/57/52 59/59/54
f 60/60/55 59/59/54 57/57/52
f 60/60/55 61/61/56 59/59/54
f 62/62/57 59/59/54 61/61/56
f 61/61/56 63/63/58 62/62/57
f 64/64/59 62/62/57 63/63/58
f 66/65/60 65/66/61 2/2/2
f 4/4/4 2/2/2 65/66/61
f 65/66/61 67/67/62 4/4/4
f 68/68/62 4/4/4 67/67/62
f 65/66/61 69/69/63 67/67/62
f 70/70/64 4/4/4 68/68/62
f 65/66/61 71/71/65 69/69/63
f 72/72/66 69/69/63 71/71/65
f 73/73/67 72/72/66 71/71/65
f 4/4/4 70/70/64 6/6/6
f 74/74/68 6/6/6 70/70/64
f 74/74/68 75/75/67 6/6/6
f 76/76/69 73/73/67 71/71/65
f 77/77/70 73/73/67 76/76/69
f 77/77/70 76/76/69 78/78/71
f 79/79/72 78/78/71 76/76/69
f 6/6/6 75/75/67 7/7/7
f 75/75/67 80/80/73 7/7/7
f 80/80/73 81/81/74 7/7/7
f 78/78/71 79/79/72 82/82/75
f 10/10/10 7/7/7 81/81/74
f 82/82/75 79/79/72 83/83/75
f 10/10/10 81/81/74 83/83/75
f 10/10/10 83/83/75 79/79/72
f 10/10/10 79/79/72 84/84/76
f 85/85/76 84/84/76 79/79/72
f 86/86/77 10/10/10 84/84/76
f 79/79/72 87/87/78 85/85/76
f 10/10/10 86/86/77 11/11/11
f 88/88/79 11/11/11 86/86/77
f 88/88/79 89/89/80 11/11/11
f 79/79/72 90/90/81 87/87/78
f 91/91/82 87/87/78 90/90/81
f 92/92/80 91/91/82 90/90/81
f 89/89/80 14/14/14 11/11/11
f 89/89/80 93/93/83 14/14/14
f 93/93/83 94/94/84 14/14/14
f 92/92/80 90/90/81 95/95/85
f 96/96/86 92/92/80 95/95/85
f 96/96/86 95/95/85 97/97/87
f 15/15/15 14/14/14 94/94/84
f 98/98/88 97/97/87 95/95/85
f 15/15/15 94/94/84 99/99/89
f 99/99/89 100/100/89 15/15/15
f 97/97/87 98/98/88 100/100/89
f 98/98/88 15/15/15 100/100/89
f 15/15/15 98/98/88 17/17/17
f 101/101/90 17/17/17 98/98/88
f 21/19/19 19/21/21 102/102/91
f 103/103/92 102/102/91 19/21/21
f 19/21/21 23/23/23 103/103/92
f 104/104/93 103/103/92 23/23/23
f 23/23/23 25/25/25 104/104/93
f 105/105/94 104/104/93 25/25/25
f 25/25/25 28/28/28 105/105/94
f 106/106/95 105/105/94 28/28/28
f 28/28/28 29/29/29 106/106/95
f 107/107/96 106/106/95 29/29/29
f 29/29/29 31/31/31 107/107/96
f 108/108/97 107/107/96 31/31/31
f 35/33/33 33/35/35 109/109/98
f 110/110/99 109/109/98 33/35/35
f 33/35/35 38/38/37 110/110/99
f 111/111/37 110/110/99 38/38/37
f 38/38/37 40/40/38 111/111/37
f 112/112/38 111/111/37 40/40/38
f 40/40/38 42/42/39 112/112/38
f 113/113/39 112/112/38 42/42/39
f 113/113/39 42/42/39 114/114/40
f 43/43/40 114/114/40 42/42/39
f 114/114/40 43/43/40 115/115/41
f 45/45/41 115/115/41 43/43/40
f 115/115/41 45/45/41 116/116/100
f 47/47/42 116/116/100 45/45/41
f 116/116/100 47/47/42 117/117/101
f 50/50/45 117/117/101 47/47/42
f 53/51/46 118/118/102 52/52/47
f 119/119/103 52/52/47 118/118/102
f 52/52/47 119/119/103 55/55/50
f 120/120/104 55/55/50 119/119/103
f 55/55/50 120/120/104 57/57/52
f 121/121/105 57/57/52 120/120/104
f 57/57/52 121/121/105 60/60/55
f 122/122/106 60/60/55 121/121/105
f 60/60/55 122/122/106 61/61/56
f 123/123/107 61/61/56 122/122/106
f 61/61/56 123/123/107 63/63/58
f 124/124/108 63/63/58 123/123/107
f 127/125/109 126/126/109 125/127/109
f 128/128/109 125/127/109 126/126/109
f 125/127/110 128/128/111 129/129/110
f 130/130/111 129/129/110 128/128/111
f 129/129/110 131/131/112 125/127/110
f 132/132/112 125/127/110 131/131/112
f 131/131/112 133/133/113 132/132/112
f 134/134/113 132/132/112 133/133/113
f 133/133/113 135/135/114 134/134/113
f 136/136/114 134/134/113 135/135/114
f 135/135/114 137/137/115 136/136/114
f 138/138/115 136/136/114 137/137/115
f 137/137/115 139/139/116 138/138/115
f 140/140/116 138/138/115 139/139/116
f 139/139/116 141/141/117 140/140/116
f 142/142/117 140/140/116 141/141/117
f 141/141/117 143/143/118 142/142/117
f 144/144/118 142/142/117 143/143/118
f 142/142/119 144/144/119 145/145/119
f 146/146/119 145/145/119 144/144/119
f 149/147/60 148/148/60 147/149/60
f 150/150/60 147/149/60 148/148/60
f 153/151/120 152/152/120 151/153/120
f 154/154/120 151/153/120 152/152/120
f 151/153/121 154/154/122 155/155/121
f 156/156/122 155/155/121 154/154/122
f 154/154/122 157/157/123 156/156/122
f 158/158/123 156/156/122 157/157/123
f 157/157/123 159/159/124 158/158/123
f 160/160/124 158/158/123 159/159/124
f 159/159/124 161/161/125 160/160/124
f 162/162/125 160/160/124 161/161/125
f 161/161/125 163/163/126 162/162/125
f 164/164/126 162/162/125 163/163/126
f 163/163/126 165/165/127 164/164/126
f 166/166/127 164/164/126 165/165/127
f 165/165/127 167/167/128 166/166/127
f 168/168/128 166/166/127 167/167/128
f 167/167/128 169/169/129 168/168/128
f 170/170/129 168/168/128 169/169/129
f 169/169/130 167/167/131 171/171/131
f 172/172/131 171/171/131 167/167/131
f 175/173/132 174/174/133 173/175/132
f 176/176/134 173/175/132 174/174/133
f 173/175/135 176/176/136 177/177/135
f 174/174/133 178/178/137 176/176/134
f 179/179/136 177/177/135 176/176/136
f 180/180/137 176/176/134 178/178/137
f 176/176/136 180/180/138 179/179/136
f 178/178/137 181/181/139 180/180/137
f 182/182/138 179/179/136 180/180/138
f 183/183/139 180/180/137 181/181/139
f 180/180/138 183/183/140 182/182/138
f 181/181/139 184/184/141 183/183/139
f 185/185/140 182/182/138 183/183/140
f 186/186/141 183/183/139 184/184/141
f 183/183/140 186/186/142 185/185/140
f 184/184/141 187/187/143 186/186/141
f 188/188/142 185/185/140 186/186/142
f 189/189/143 186/186/141 187/187/143
f 186/186/142 189/189/144 188/188/142
f 187/187/143 190/190/145 189/189/143
f 191/191/144 188/188/142 189/189/144
f 192/192/145 189/189/143 190/190/145
f 189/189/144 192/192/146 191/191/144
f 193/193/146 191/191/144 192/192/146
f 196/194/91 195/195/92 194/196/91
f 197/197/92 194/196/91 195/195/92
f 195/195/92 198/198/93 197/197/92
f 199/199/93 197/197/92 198/198/93
f 198/198/93 200/200/94 199/199/93
f 201/201/94 199/199/93 200/200/94
f 200/200/94 202/202/95 201/201/94
f 203/203/95 201/201/94 202/202/95
f 202/202/95 204/204/96 203/203/95
f 205/205/96 203/203/95 204/204/96
f 204/204/96 206/206/97 205/205/96
f 207/207/97 205/205/96 206/206/97
f 210/208/98 209/209/98 208/210/98
f 211/211/98 208/210/98 209/209/98
f 214/212/147 213/213/147 212/214/147
f 215/215/147 212/214/147 213/213/147
f 212/214/148 215/215/149 216/216/148
f 217/217/149 216/216/148 215/215/149
f 216/216/148 218/218/150 212/214/148
f 219/219/150 212/214/148 218/218/150
f 218/218/150 220/164/151 219/219/150
f 221/163/151 219/219/150 220/164/151
f 220/164/151 222/162/152 221/163/151
f 223/161/152 221/163/151 222/162/152
f 222/162/152 224/220/153 223/161/152
f 225/221/153 223/161/152 224/220/153
f 224/220/153 226/222/154 225/221/153
f 227/157/154 225/221/153 226/222/154
f 226/222/154 228/223/155 227/157/154
f 229/154/155 227/157/154 228/223/155
f 228/223/155 230/224/156 229/154/155
f 231/225/156 229/154/155 230/224/156
f 229/154/157 231/225/157 232/226/157
f 233/227/157 232/226/157 231/225/157
f 236/228/101 235/229/101 234/230/101
f 237/231/101 234/230/101 235/229/101
f 240/232/158 239/233/159 238/234/158
f 241/235/159 238/234/158 239/233/159
f 238/234/160 241/235/161 242/236/160
f 243/237/161 242/236/160 241/235/161
f 241/235/161 244/238/162 243/237/161
f 245/139/162 243/237/161 244/238/162
f 244/238/162 246/138/163 245/139/162
f 247/137/163 245/139/162 246/138/163
f 246/138/163 248/136/164 247/137/163
f 249/135/164 247/137/163 248/136/164
f 248/136/164 250/239/165 249/135/164
f 251/240/165 249/135/164 250/239/165
f 250/239/165 252/132/166 251/240/165
f 253/241/166 251/240/165 252/132/166
f 252/132/166 254/127/167 253/241/166
f 255/242/167 253/241/166 254/127/167
f 254/127/167 256/243/168 255/242/167
f 257/244/168 255/242/167 256/243/168
f 256/243/169 254/127/169 258/245/169
f 259/246/169 258/245/169 254/127/169
f 262/247/170 261/248/171 260/249/170
f 263/250/171 260/249/170 261/248/171
f 260/249/172 263/250/173 264/251/172
f 261/248/171 265/252/174 263/250/171
f 266/253/173 264/251/172 263/250/173
f 267/254/174 263/250/171 265/252/174
f 263/250/173 267/254/175 266/253/173
f 265/252/174 268/255/176 267/254/174
f 269/256/175 266/253/173 267/254/175
f 270/257/176 267/254/174 268/255/176
f 267/254/175 270/257/177 269/256/175
f 268/255/176 271/258/178 270/257/176
f 272/259/177 269/256/175 270/257/177
f 273/260/178 270/257/176 271/258/178
f 270/257/177 273/260/179 272/259/177
f 271/258/178 274/261/180 273/260/178
f 275/262/179 272/259/177 273/260/179
f 276/263/180 273/260/178 274/261/180
f 273/260/179 276/263/181 275/262/179
f 274/261/180 277/264/182 276/263/180
f 278/265/181 275/262/179 276/263/181
f 279/266/182 276/263/180 277/264/182
f 276/263/181 279/266/183 278/265/181
f 280/267/183 278/265/181 279/266/183
f 283/268/108 282/269/107 281/270/108
f 284/271/107 281/270/108 282/269/107
f 282/269/107 285/272/106 284/271/107
f 286/273/106 284/271/107 285/272/106
f 285/272/106 287/274/105 286/273/106
f 288/275/105 286/273/106 287/274/105
f 287/274/105 289/276/104 288/275/105
f 290/277/104 288/275/105 289/276/104
f 289/276/104 291/278/103 290/277/104
f 292/279/103 290/277/104 291/278/103
f 291/278/103 293/280/102 292/279/103
f 294/281/102 292/279/103 293/280/102
f 297/282/90 296/283/90 295/284/90
f 298/285/90 295/284/90 296/283/90
f 301/286/90 300/150/90 299/287/90
f 300/150/90 302/148/90 299/287/90
f 299/287/90 302/148/90 303/288/90
f 306/289/60 305/290/60 304/284/60
f 304/284/60 305/290/60 307/282/60
f 305/290/60 308/291/60 307/282/60
f 311/292/184 310/293/184 309/294/184
f 312/295/184 309/294/184 310/293/184
f 315/296/185 314/297/185 313/298/185
f 316/299/185 313/298/185 314/297/185
f 319/300/186 318/301/186 317/302/186
f 320/303/186 317/302/186 318/301/186
f 323/304/90 322/298/90 321/305/90
f 324/296/90 321/305/90 322/298/90
f 327/306/184 326/307/184 325/308/184
f 328/309/184 325/308/184 326/307/184
f 331/310/39 330/311/39 329/312/39
f 332/313/39 329/312/39 330/311/39
f 335/314/186 334/315/186 333/316/186
f 336/317/186 333/316/186 334/315/186
f 339/318/72 338/319/72 337/320/72
f 340/321/72 337/320/72 338/319/72
f 343/322/184 342/323/184 341/301/184
f 344/324/184 341/301/184 342/323/184
f 347/325/187 346/326/187 345/327/187
f 348/328/187 345/327/187 346/326/187
f 351/295/186 350/329/186 349/330/186
f 352/331/186 349/330/186 350/329/186
f 355/332/60 354/333/60 353/334/60
f 356/335/60 353/334/60 354/333/60
f 359/336/188 358/337/188 357/338/188
f 358/337/188 360/339/188 357/338/188
f 357/338/188 360/339/188 361/340/188
f 364/341/189 363/342/189 362/343/189
f 363/342/189 365/344/189 362/343/189
f 362/343/189 365/344/189 366/345/189
f 369/346/190 368/347/39 367/348/190
f 370/349/39 367/348/190 368/347/39
f 370/349/39 368/347/39 371/350/191
f 372/351/191 371/350/191 368/347/39
f 375/352/94 374/353/94 373/354/94
f 376/355/94 373/354/94 374/353/94
f 379/356/105 378/357/105 377/358/105
f 380/359/105 377/358/105 378/357/105
f 383/360/192 382/361/38 381/362/192
f 384/363/38 381/362/192 382/361/38
f 382/361/38 385/364/39 384/363/38
f 386/365/39 384/363/38 385/364/39
f 385/364/39 387/366/40 386/365/39
f 388/367/40 386/365/39 387/366/40
f 387/366/40 389/368/193 388/367/40
f 390/369/193 388/367/40 389/368/193
f 393/370/194 392/371/195 391/372/194
f 394/373/195 391/372/194 392/371/195
f 392/371/195 395/374/196 394/373/195
f 396/375/196 394/373/195 395/374/196
f 395/374/196 397/376/197 396/375/196
f 398/377/197 396/375/196 397/376/197
f 397/376/197 399/378/198 398/377/197
f 400/379/198 398/377/197 399/378/198
f 403/380/184 402/381/184 401/372/184
f 404/382/184 401/372/184 402/381/184
f 402/381/184 405/374/184 404/382/184
f 406/383/184 404/382/184 405/374/184
f 405/374/184 407/384/184 406/383/184
f 408/385/184 406/383/184 407/384/184
f 407/384/184 409/386/184 408/385/184
f 410/387/184 408/385/184 409/386/184
f 413/388/92 412/389/92 411/390/92
f 414/391/92 411/390/92 412/389/92
f 417/392/103 416/393/103 415/394/103
f 418/395/103 415/394/103 416/393/103
f 421/396/192 420/397/192 419/398/38
f 422/399/38 419/398/38 420/397/192
f 419/398/38 422/399/38 423/400/39
f 424/401/39 423/400/39 422/399/38
f 423/400/39 424/401/39 425/402/40
f 426/403/40 425/402/40 424/401/39
f 425/402/40 426/403/40 427/404/193
f 428/405/193 427/404/193 426/403/40
f 431/386/199 430/387/199 429/406/200
f 432/385/200 429/406/200 430/387/199
f 429/406/200 432/385/200 433/374/201
f 434/383/201 433/374/201 432/385/200
f 433/374/201 434/383/201 435/407/202
f 436/382/202 435/407/202 434/383/201
f 435/407/202 436/382/202 437/380/203
f 438/372/203 437/380/203 436/382/202
f 441/378/186 440/379/186 439/384/186
f 442/377/186 439/384/186 440/379/186
f 439/384/186 442/377/186 443/374/186
f 444/375/186 443/374/186 442/377/186
f 443/374/186 444/375/186 445/381/186
f 446/373/186 445/381/186 444/375/186
f 445/381/186 446/373/186 447/370/186
f 448/372/186 447/370/186 446/373/186
f 451/408/92 450/409/92 449/410/92
f 452/411/92 449/410/92 450/409/92
f 455/412/103 454/413/103 453/414/103
f 456/415/103 453/414/103 454/413/103
f 459/416/94 458/417/94 457/418/94
f 460/419/94 457/418/94 458/417/94
f 463/420/94 462/421/94 461/422/94
f 464/423/94 461/422/94 462/421/94
f 467/424/94 466/425/94 465/426/94
f 468/427/94 465/426/94 466/425/94
f 471/428/94 470/429/94 469/430/94
f 472/431/94 469/430/94 470/429/94
f 475/432/105 474/433/105 473/434/105
f 476/435/105 473/434/105 474/433/105
f 479/436/105 478/437/105 477/438/105
f 480/439/105 477/438/105 478/437/105
f 483/440/105 482/441/105 481/442/105
f 484/443/105 481/442/105 482/441/105
f 487/444/105 486/445/105 485/446/105
f 488/447/105 485/446/105 486/445/105
f 491/448/204 490/449/204 489/450/204
f 492/451/204 489/450/204 490/449/204
f 495/452/205 494/453/205 493/454/205
f 496/455/205 493/454/205 494/453/205
f 499/452/205 498/453/205 497/454/205
f 500/455/205 497/454/205 498/453/205
f 503/448/204 502/449/204 501/450/204
f 504/451/204 501/450/204 502/449/204
f 507/452/205 506/453/205 505/454/205
f 508/455/205 505/454/205 506/453/205
f 511/448/204 510/449/204 509/450/204
f 512/451/204 509/450/204 510/449/204
f 515/455/205 514/454/205 513/453/205
f 516/452/205 513/453/205 514/454/205
f 519/451/204 518/450/204 517/449/204
f 520/448/204 517/449/204 518/450/204
f 523/456/72 522/457/72 521/458/72
f 524/459/72 521/458/72 522/457/72
f 527/460/72 526/461/72 525/462/72
f 528/463/72 525/462/72 526/461/72
f 531/464/72 530/465/72 529/466/72
f 532/467/72 529/466/72 530/465/72
f 535/468/72 534/469/72 533/470/72
f 536/471/72 533/470/72 534/469/72
f 539/472/206 538/473/207 537/474/206
f 539/472/206 537/474/206 540/475/208
f 541/476/209 537/474/206 538/473/207
f 542/477/210 540/475/208 537/474/206
f 538/473/207 543/478/211 541/476/209
f 540/475/208 542/477/210 544/479/212
f 545/480/213 541/476/209 543/478/211
f 546/481/214 544/479/212 542/477/210
f 543/478/211 547/482/215 545/480/213
f 544/479/212 546/481/214 548/483/216
f 549/484/217 545/480/213 547/482/215
f 550/485/218 548/483/216 546/481/214
f 547/482/215 551/486/219 549/484/217
f 548/483/216 550/485/218 552/487/220
f 553/488/221 549/484/217 551/486/219
f 554/489/222 552/487/220 550/485/218
f 551/486/219 555/490/223 553/488/221
f 552/487/220 554/489/222 556/491/224
f 557/492/225 553/488/221 555/490/223
f 558/493/226 556/491/224 554/489/222
f 555/490/223 559/494/227 557/492/225
f 556/491/224 558/493/226 560/495/228
f 561/496/229 557/492/225 559/494/227
f 562/497/230 560/495/228 558/493/226
f 559/494/227 563/498/231 561/496/229
f 560/495/228 562/497/230 564/499/232
f 565/500/233 561/496/229 563/498/231
f 566/501/234 564/499/232 562/497/230
f 563/498/231 567/502/235 565/500/233
f 564/499/232 566/501/234 568/503/236
f 569/504/237 565/500/233 567/502/235
f 570/505/238 568/503/236 566/501/234
f 567/502/235 571/506/239 569/504/237
f 568/503/236 570/505/238 572/507/240
f 573/508/241 569/504/237 571/506/239
f 574/509/242 572/507/240 570/505/238
f 571/506/239 575/510/243 573/508/241
f 572/507/240 574/509/242 576/511/244
f 577/512/245 573/508/241 575/510/243
f 578/513/246 576/511/244 574/509/242
f 575/510/243 579/514/247 577/512/245
f 576/511/244 578/513/246 580/515/248
f 581/516/249 577/512/245 579/514/247
f 582/517/250 580/515/248 578/513/246
f 579/514/247 583/518/251 581/516/249
f 580/515/248 582/517/250 584/519/252
f 585/520/253 581/516/249 583/518/251
f 586/521/254 584/519/252 582/517/250
f 583/518/251 587/522/255 585/520/253
f 584/519/252 586/521/254 588/523/256
f 589/524/257 585/520/253 587/522/255
f 590/525/258 588/523/256 586/521/254
f 587/522/255 591/526/259 589/524/257
f 588/523/256 590/525/258 591/526/259
f 592/527/259 589/524/257 591/526/259
f 592/527/259 591/526/259 590/525/258
f 595/528/260 594/529/261 593/530/260
f 596/531/262 593/530/260 594/529/261
f 594/529/261 597/532/263 596/531/262
f 598/533/184 596/531/262 597/532/263
f 597/532/263 599/534/264 598/533/184
f 600/535/265 598/533/184 599/534/264
f 599/534/264 601/536/266 600/535/265
f 602/537/266 600/535/265 601/536/266
f 605/538/267 604/539/268 603/540/267
f 606/541/269 603/540/267 604/539/268
f 604/539/268 607/542/270 606/541/269
f 608/543/271 606/541/269 607/542/270
f 607/542/270 609/544/272 608/543/271
f 610/545/272 608/543/271 609/544/272
f 613/546/273 612/547/274 611/548/273
f 614/549/275 611/548/273 612/547/274
f 612/547/274 615/550/186 614/549/275
f 616/551/276 614/549/275 615/550/186
f 615/550/186 617/552/277 616/551/276
f 618/553/278 616/551/276 617/552/277
f 617/552/277 619/554/279 618/553/278
f 620/555/279 618/553/278 619/554/279
f 623/556/280 622/557/281 621/558/280
f 624/559/282 621/558/280 622/557/281
f 622/557/281 625/560/283 624/559/282
f 626/561/284 624/559/282 625/560/283
f 625/560/283 627/562/285 626/561/284
f 628/563/285 626/561/284 627/562/285
f 631/564/266 630/546/266 629/565/286
f 632/566/265 629/565/286 630/546/266
f 629/565/286 632/566/265 633/567/287
f 634/550/184 633/567/287 632/566/265
f 633/567/287 634/550/184 635/568/288
f 636/552/262 635/568/288 634/550/184
f 635/568/288 636/552/262 637/569/260
f 638/570/260 637/569/260 636/552/262
f 641/571/285 640/572/285 639/560/283
f 642/573/289 639/560/283 640/572/285
f 639/560/283 642/573/289 643/557/281
f 644/574/290 643/557/281 642/573/289
f 643/557/281 644/574/290 645/556/280
f 646/575/280 645/556/280 644/574/290
f 649/530/279 648/576/279 647/577/277
f 650/578/291 647/577/277 648/576/279
f 647/577/277 650/578/291 651/579/186
f 652/580/292 651/579/186 650/578/291
f 651/579/186 652/580/292 653/581/274
f 654/582/293 653/581/274 652/580/292
f 653/581/274 654/582/293 655/583/273
f 656/584/273 655/583/273 654/582/293
f 659/544/272 658/585/272 657/542/270
f 660/586/294 657/542/270 658/585/272
f 657/542/270 660/586/294 661/539/268
f 662/587/295 661/539/268 660/586/294
f 661/539/268 662/587/295 663/588/267
f 664/589/267 663/588/267 662/587/295
f 667/590/72 666/591/72 665/592/72
f 667/590/72 665/592/72 668/593/72
f 667/590/72 669/594/72 666/591/72
f 667/590/72 668/593/72 670/595/72
f 667/590/72 671/596/72 669/594/72
f 667/590/72 670/595/72 672/68/72
f 667/590/72 673/597/72 671/596/72
f 667/590/72 672/68/72 674/67/72
f 667/590/72 675/598/72 673/597/72
f 667/590/72 674/67/72 676/599/72
f 667/590/72 677/600/72 675/598/72
f 667/590/72 676/599/72 678/601/72
f 667/590/72 679/73/72 677/600/72
f 667/590/72 678/601/72 679/73/72
f 682/602/72 681/603/72 680/604/72
f 682/602/72 680/604/72 683/605/72
f 682/602/72 684/99/72 681/603/72
f 682/602/72 683/605/72 685/606/72
f 682/602/72 686/100/72 684/99/72
f 682/602/72 685/606/72 687/607/72
f 682/602/72 688/608/72 686/100/72
f 682/602/72 687/607/72 689/84/72
f 682/602/72 690/609/72 688/608/72
f 682/602/72 689/84/72 691/85/72
f 682/602/72 692/610/72 690/609/72
f 682/602/72 691/85/72 693/87/72
f 682/602/72 694/611/72 692/610/72
f 682/602/72 693/87/72 694/611/72
f 575/612/296 695/613/297 579/614/298
f 696/615/299 579/616/298 695/617/297
f 579/618/298 696/619/299 583/620/300
f 697/621/301 583/622/300 696/623/299
f 697/624/301 698/625/302 583/626/300
f 587/627/303 583/628/300 698/629/302
f 587/630/303 698/631/302 591/632/304
f 699/633/305 591/634/304 698/635/302
f 699/636/305 700/637/306 591/638/304
f 588/639/307 591/640/304 700/641/306
f 588/642/307 700/643/306 584/644/308
f 701/645/309 584/646/308 700/647/306
f 701/648/309 702/649/310 584/650/308
f 580/651/311 584/652/308 702/653/310
f 702/654/310 703/655/312 580/656/311
f 576/657/313 580/658/311 703/659/312
f 705/660/314 575/661/315 704/662/316
f 571/663/317 704/664/316 575/665/315
f 704/666/316 571/667/317 706/668/318
f 567/669/319 706/670/318 571/671/317
f 706/672/318 567/673/319 707/674/320
f 563/675/321 707/676/320 567/677/319
f 563/678/321 559/679/322 707/680/320
f 708/681/323 707/682/320 559/683/322
f 708/684/323 559/685/322 709/686/324
f 555/687/325 709/688/324 559/689/322
f 709/690/324 555/691/325 710/692/326
f 551/693/327 710/694/326 555/695/325
f 712/696/328 551/697/329 711/698/330
f 547/699/331 711/700/330 551/701/329
f 547/702/331 543/703/332 711/704/330
f 713/705/333 711/706/330 543/707/332
f 543/708/332 538/709/334 713/710/333
f 714/711/335 713/712/333 538/713/334
f 538/714/334 539/715/336 714/716/335
f 715/717/337 714/718/335 539/719/336
f 715/720/337 539/721/336 716/722/338
f 540/723/339 716/724/338 539/725/336
f 716/726/338 540/727/339 717/728/340
f 544/729/341 717/730/340 540/731/339
f 717/732/340 544/733/341 718/734/342
f 548/735/343 718/736/342 544/737/341
f 548/738/343 552/739/344 718/740/342
f 719/741/345 718/742/342 552/743/344
f 721/744/346 720/745/347 576/746/348
f 572/747/349 576/748/348 720/749/347
f 720/750/347 722/751/350 572/752/349
f 568/753/351 572/754/349 722/755/350
f 722/756/350 723/757/352 568/758/351
f 564/759/353 568/760/351 723/761/352
f 564/762/353 723/763/352 560/764/354
f 724/765/355 560/766/354 723/767/352
f 724/768/355 725/769/356 560/770/354
f 556/771/357 560/772/354 725/773/356
f 725/774/356 726/775/358 556/776/357
f 552/777/359 556/778/357 726/779/358
f 728/780/60 727/781/61 695/782/297
f 696/783/299 695/784/297 727/785/61
f 727/786/61 729/787/62 696/788/299
f 730/789/62 696/790/299 729/791/62
f 727/792/61 731/793/360 729/794/62
f 732/795/361 696/796/299 730/797/62
f 727/798/61 733/799/362 731/800/360
f 734/801/363 731/802/360 733/803/362
f 735/804/67 734/805/363 733/806/362
f 696/807/299 732/808/361 697/809/301
f 736/810/364 697/811/301 732/812/361
f 736/813/364 737/814/67 697/815/301
f 738/816/365 735/817/67 733/818/362
f 739/819/366 735/820/67 738/821/365
f 739/822/366 738/823/365 740/824/367
f 741/825/72 740/826/367 738/827/365
f 697/828/301 737/829/67 698/830/302
f 737/831/67 742/832/368 698/833/302
f 742/834/368 743/835/369 698/836/302
f 740/837/367 741/838/72 744/839/75
f 699/840/305 698/841/302 743/842/369
f 744/843/75 741/838/72 745/844/75
f 699/845/305 743/846/369 745/847/75
f 699/848/305 745/849/75 741/850/72
f 699/851/305 741/852/72 746/853/76
f 747/854/76 746/855/76 741/856/72
f 748/857/370 699/858/305 746/859/76
f 741/860/72 749/861/371 747/862/76
f 699/863/305 748/864/370 700/865/306
f 750/866/372 700/867/306 748/868/370
f 750/869/372 751/870/80 700/871/306
f 741/872/72 752/873/373 749/874/371
f 753/875/374 749/876/371 752/877/373
f 754/878/80 753/879/374 752/880/373
f 751/881/80 701/882/309 700/883/306
f 751/884/80 755/885/375 701/886/309
f 755/887/375 756/888/376 701/889/309
f 754/890/80 752/891/373 757/892/377
f 758/893/378 754/894/80 757/895/377
f 758/896/378 757/897/377 759/898/379
f 702/899/310 701/900/309 756/901/376
f 760/902/88 759/903/379 757/904/377
f 702/905/310 756/906/376 761/907/89
f 761/908/89 762/909/89 702/910/310
f 759/911/379 760/912/88 762/913/89
f 760/914/88 702/915/310 762/916/89
f 702/917/310 760/918/88 703/919/312
f 763/920/90 703/921/312 760/922/88
f 705/923/314 704/924/316 764/925/91
f 765/926/92 764/927/91 704/928/316
f 704/929/316 706/930/318 765/931/92
f 766/932/93 765/933/92 706/934/318
f 706/935/318 707/936/320 766/937/93
f 767/938/94 766/939/93 707/936/320
f 707/940/320 708/941/323 767/942/94
f 768/943/95 767/944/94 708/945/323
f 708/946/323 709/947/324 768/948/95
f 769/949/96 768/950/95 709/951/324
f 709/952/324 710/953/326 769/954/96
f 770/955/97 769/956/96 710/957/326
f 712/958/328 711/959/330 771/960/98
f 772/961/99 771/962/98 711/963/330
f 711/964/330 713/965/333 772/966/99
f 773/967/37 772/968/99 713/969/333
f 713/970/333 714/971/335 773/972/37
f 774/973/38 773/974/37 714/971/335
f 714/975/335 715/976/337 774/977/38
f 775/978/39 774/979/38 715/980/337
f 775/981/39 715/982/337 776/983/40
f 716/984/338 776/985/40 715/986/337
f 776/987/40 716/988/338 777/989/41
f 717/990/340 777/991/41 716/992/338
f 777/993/41 717/994/340 778/995/100
f 718/996/342 778/997/100 717/998/340
f 778/999/100 718/1000/342 779/1001/101
f 719/1002/345 779/1003/101 718/1004/342
f 721/1005/346 780/1006/102 720/1007/347
f 781/1008/103 720/1009/347 780/1010/102
f 720/1011/347 781/1012/103 722/1013/350
f 782/1014/104 722/1015/350 781/1016/103
f 722/1017/350 782/1018/104 723/1019/352
f 783/1020/105 723/1021/352 782/1022/104
f 723/1023/352 783/1024/105 724/1025/355
f 784/1026/106 724/1027/355 783/1028/105
f 724/1029/355 784/1030/106 725/1031/356
f 785/1032/107 725/1033/356 784/1034/106
f 725/1035/356 785/1036/107 726/1037/358
f 786/1038/108 726/1039/358 785/1040/107
f 789/1041/380 788/1042/380 787/1043/380
f 790/1044/380 787/1045/380 788/1046/380
f 788/1047/104 791/1048/104 790/1049/104
f 792/1050/104 790/1051/104 791/1052/104
f 795/1053/381 794/1054/106 793/1055/381
f 796/1056/106 793/1057/381 794/1058/106
f 796/1059/106 794/1060/106 797/1061/104
f 798/1062/104 797/1063/104 794/1064/106
f 798/1065/104 799/1066/382 797/1067/104
f 800/1068/382 797/1069/104 799/1070/382
f 803/1071/383 802/1072/383 801/1073/41
f 804/1074/41 801/1075/41 802/1076/383
f 804/1077/41 805/1078/39 801/1079/41
f 806/1080/39 801/1081/41 805/1082/39
f 806/1083/39 805/1084/39 807/1085/37
f 808/1086/37 807/1087/37 805/1088/39
f 808/1089/37 809/1090/384 807/1091/37
f 810/1092/384 807/1093/37 809/1094/384
f 813/1095/385 812/1096/385 811/1097/386
f 814/1098/386 811/1099/386 812/1100/385
f 814/1101/386 815/1102/72 811/1103/386
f 816/1104/72 811/1103/386 815/1105/72
f 816/1106/72 815/1107/72 817/1108/387
f 818/1109/387 817/1110/387 815/1111/72
f 818/1112/387 819/1113/388 817/1114/387
f 820/1115/388 817/1116/387 819/1117/388
f 823/1118/389 822/1119/389 821/1120/389
f 824/1121/389 821/1122/389 822/1123/389
f 821/1124/93 824/1125/93 825/1126/93
f 826/1127/93 825/1128/93 824/1129/93
f 829/1130/390 828/1131/390 827/1132/95
f 830/1133/95 827/1134/95 828/1135/390
f 830/1136/95 831/1137/93 827/1138/95
f 832/1139/93 827/1140/95 831/1141/93
f 832/1142/93 831/1143/93 833/1144/391
f 834/1145/391 833/1146/391 831/1147/93
f 837/1148/39 836/1149/39 835/1150/39
f 838/1151/39 835/1152/39 836/1153/39
f 841/1154/186 840/1155/186 839/1156/186
f 840/1157/186 842/1158/186 839/1159/186
f 839/1160/186 842/1161/186 843/1162/186
f 839/1163/186 843/1162/186 844/1164/186
f 845/1165/186 844/1164/186 843/1162/186
f 844/1164/186 845/1166/186 846/1167/186
f 847/1168/186 846/1169/186 845/1166/186
f 846/1170/186 847/1168/186 848/1171/186
f 849/1172/186 848/1173/186 847/1174/186
f 848/1173/186 849/1175/186 850/1176/186
f 851/1177/186 850/1178/186 849/1175/186
f 851/1179/186 852/1180/186 850/1181/186
f 853/1182/186 850/1178/186 852/1183/186
f 853/1184/186 852/1183/186 854/1185/186
f 855/1186/186 854/1187/186 852/1183/186
f 854/1185/186 855/1188/186 856/1189/186
f 857/1190/186 856/1189/186 855/1191/186
f 856/1192/186 857/1193/186 858/1194/186
f 859/1195/186 858/1196/186 857/1197/186
f 858/1198/186 859/1199/186 860/1200/186
f 861/1201/186 860/1202/186 859/1203/186
f 860/1204/186 861/1201/186 862/1205/186
f 863/1206/186 862/1207/186 861/1201/186
f 863/1208/186 864/1209/186 862/1210/186
f 865/1211/186 864/1212/186 863/1213/186
f 866/1214/186 865/1215/186 863/1216/186
f 869/1217/392 868/1218/392 867/1219/392
f 870/1220/392 867/1221/392 868/1222/392
f 868/1223/393 871/1224/393 870/1225/393
f 872/1226/393 870/1227/393 871/1228/393
f 875/1229/394 874/1230/394 873/1231/394
f 876/1232/394 873/1233/394 874/1234/394
f 874/1235/395 877/1236/395 876/1237/395
f 878/1238/395 876/1239/395 877/1240/395
f 881/1241/396 880/1242/396 879/1243/396
f 882/1244/396 879/1243/396 880/1245/396
f 880/1246/397 883/1247/397 882/1248/397
f 884/1249/397 882/1250/397 883/1251/397
f 887/1252/398 886/1253/398 885/1254/398
f 888/1255/398 885/1256/398 886/1257/398
f 886/1258/399 889/1259/399 888/1260/399
f 890/1261/399 888/1262/399 889/1263/399
f 893/1264/392 892/1265/392 891/1266/392
f 894/1267/392 891/1266/392 892/1268/392
f 892/1269/393 895/1270/393 894/1271/393
f 896/1272/393 894/1273/393 895/1274/393
f 899/1275/394 898/1276/394 897/1277/394
f 900/1278/394 897/1279/394 898/1280/394
f 898/1281/395 901/1282/395 900/1283/395
f 902/1284/395 900/1285/395 901/1282/395
f 905/1286/396 904/1287/396 903/1288/396
f 906/1289/396 903/1290/396 904/1291/396
f 904/1292/397 907/1293/397 906/1294/397
f 908/1295/397 906/1296/397 907/1297/397
f 911/1298/398 910/1299/398 909/1300/398
f 912/1301/398 909/1302/398 910/1303/398
f 910/1304/399 913/1305/399 912/1306/399
f 914/1307/399 912/1308/399 913/1309/399
f 917/1310/39 916/1311/39 915/1312/39
f 918/1313/39 915/1314/39 916/1315/39
f 921/1316/94 920/1317/94 919/1318/94
f 922/1319/94 919/1320/94 920/1321/94
f 925/1322/186 924/1323/186 923/1324/186
f 926/1325/186 923/1326/186 924/1327/186
f 929/1328/105 928/1329/105 927/1330/105
f 930/1331/105 927/1332/105 928/1333/105
f 933/1334/39 932/1335/39 931/1336/39
f 934/1337/39 931/1338/39 932/1339/39
f 937/1340/105 936/1341/105 935/1342/105
f 938/1343/105 935/1344/105 936/1345/105
f 941/1346/186 940/1347/186 939/1348/186
f 942/1349/186 939/1350/186 940/1351/186
f 945/1352/94 944/1353/94 943/1354/94
f 946/1355/94 943/1356/94 944/1357/94
f 949/1358/94 948/1359/94 947/1360/94
f 950/1361/94 947/1362/94 948/1363/94
f 953/1364/94 952/1365/94 951/1366/94
f 954/1367/94 951/1368/94 952/1369/94
f 957/1370/94 956/1371/94 955/1372/94
f 958/1373/94 955/1374/94 956/1375/94
f 961/1376/94 960/1377/94 959/1378/94
f 962/1379/94 959/1380/94 960/1381/94
f 965/1382/105 964/1383/105 963/1384/105
f 966/1385/105 963/1386/105 964/1387/105
f 969/1388/105 968/1389/105 967/1390/105
f 970/1391/105 967/1392/105 968/1393/105
f 973/1394/105 972/1395/105 971/1396/105
f 974/1397/105 971/1398/105 972/1399/105
f 977/1400/105 976/1401/105 975/1402/105
f 978/1403/105 975/1404/105 976/1405/105
f 981/1406/400 980/1407/400 979/1408/400
f 982/1409/400 979/1410/400 980/1407/400
f 985/1411/401 984/1412/401 983/1413/401
f 986/1414/401 983/1415/401 984/1412/401
f 989/1416/401 988/1417/401 987/1418/401
f 990/1419/401 987/1420/401 988/1421/401
f 993/1422/400 992/1423/400 991/1424/400
f 994/1425/400 991/1426/400 992/1427/400
f 997/1428/401 996/1429/401 995/1430/401
f 998/1414/401 995/1413/401 996/1429/401
f 1001/1431/400 1000/1432/400 999/1433/400
f 1002/1434/400 999/1435/400 1000/1427/400
f 1005/1436/401 1004/1437/401 1003/1421/401
f 1006/1438/401 1003/1413/401 1004/1439/401
f 1009/1440/400 1008/1441/400 1007/1442/400
f 1010/1443/400 1007/1444/400 1008/1445/400
f 1013/1446/72 1012/1447/72 1011/1448/72
f 1014/1449/72 1011/1450/72 1012/1451/72
f 1017/1452/72 1016/1453/72 1015/1454/72
f 1018/1455/72 1015/1456/72 1016/1457/72
f 1021/1458/72 1020/1459/72 1019/1460/72
f 1022/1461/72 1019/1462/72 1020/1463/72
f 1025/1464/72 1024/1465/72 1023/1466/72
f 1026/1467/72 1023/1468/72 1024/1469/72
f 1029/1470/402 1028/1471/403 1027/1472/402
f 1029/1473/402 1027/1474/402 1030/1475/404
f 1031/1476/403 1027/1477/402 1028/1478/403
f 1032/1479/404 1030/1480/404 1027/1481/402
f 1028/1482/403 1033/1483/405 1031/1484/403
f 1030/1485/404 1032/1486/404 1034/1487/406
f 1035/1488/405 1031/1489/403 1033/1490/405
f 1036/1491/406 1034/1492/406 1032/1493/404
f 1033/1494/405 1037/1495/407 1035/1496/405
f 1034/1497/406 1036/1498/406 1038/1499/408
f 1039/1500/407 1035/1501/405 1037/1502/407
f 1040/1503/408 1038/1504/408 1036/1505/406
f 1037/1506/407 1041/1507/409 1039/1508/407
f 1038/1509/408 1040/1510/408 1042/1511/410
f 1043/1512/409 1039/1513/407 1041/1514/409
f 1044/1515/410 1042/1516/410 1040/1517/408
f 1041/1518/409 1045/1519/411 1043/1520/409
f 1042/1521/410 1044/1522/410 1046/1523/412
f 1047/1524/411 1043/1525/409 1045/1526/411
f 1048/1527/412 1046/1528/412 1044/1529/410
f 1045/1530/411 1049/1531/413 1047/1532/411
f 1046/1533/412 1048/1534/412 1050/1535/414
f 1051/1536/413 1047/1537/411 1049/1538/413
f 1052/1539/414 1050/1540/414 1048/1541/412
f 1049/1542/413 1053/1543/415 1051/1544/413
f 1050/1545/414 1052/1546/414 1054/1547/416
f 1055/1548/415 1051/1549/413 1053/1550/415
f 1056/1551/416 1054/1552/416 1052/1553/414
f 1053/1554/415 1057/1555/417 1055/1556/415
f 1054/1557/416 1056/1558/416 1058/1559/418
f 1059/1560/417 1055/1561/415 1057/1562/417
f 1060/1563/418 1058/1564/418 1056/1565/416
f 1057/1566/417 1061/1567/419 1059/1568/417
f 1058/1569/418 1060/1570/418 1062/1571/420
f 1063/1572/419 1059/1573/417 1061/1574/419
f 1064/1575/420 1062/1576/420 1060/1577/418
f 1061/1578/419 1065/1579/421 1063/1580/419
f 1062/1581/420 1064/1582/420 1066/1583/422
f 1067/1584/421 1063/1585/419 1065/1586/421
f 1068/1587/422 1066/1588/422 1064/1589/420
f 1065/1590/421 1069/1591/423 1067/1592/421
f 1066/1593/422 1068/1594/422 1070/1595/424
f 1071/1596/423 1067/1597/421 1069/1598/423
f 1072/1599/424 1070/1600/424 1068/1601/422
f 1069/1602/423 1073/1603/425 1071/1604/423
f 1070/1605/424 1072/1606/424 1074/1607/426
f 1075/1608/425 1071/1609/423 1073/1610/425
f 1076/1611/426 1074/1612/426 1072/1613/424
f 1073/1614/425 1077/1615/427 1075/1616/425
f 1074/1617/426 1076/1618/426 1078/1619/428
f 1079/1620/427 1075/1621/425 1077/1622/427
f 1080/1623/428 1078/1624/428 1076/1625/426
f 1077/1626/427 1081/1627/429 1079/1628/427
f 1078/1629/428 1080/1630/428 1081/1631/429
f 1082/1632/429 1079/1633/427 1081/1634/429
f 1082/1635/429 1081/1636/429 1080/1637/428
f 1085/1638/184 1084/1639/184 1083/1640/184
f 1086/1641/184 1085/1642/184 1083/1643/184
f 1084/1644/184 1085/1642/184 1087/1645/184
f 1085/1646/184 1086/1641/184 1088/1647/184
f 1085/1648/184 1089/1649/184 1087/1650/184
f 1090/1651/184 1085/1652/184 1088/1647/184
f 1089/1653/184 1085/1654/184 1091/1655/184
f 1085/1656/184 1090/1651/184 1092/1657/184
f 1085/1648/184 1093/1658/184 1091/1659/184
f 1094/1660/184 1085/1661/184 1092/1662/184
f 1093/1663/184 1085/1648/184 1095/1664/184
f 1085/1665/184 1094/1666/184 1096/1667/184
f 1085/1668/184 1097/1669/184 1095/1670/184
f 1097/1671/184 1085/1672/184 1096/1673/184
f 1100/1674/186 1099/1675/430 1098/1676/431
f 1101/1677/432 1100/1678/186 1098/1679/431
f 1099/1680/430 1100/1681/186 1102/1682/433
f 1100/1683/186 1101/1684/432 1103/1685/434
f 1100/1686/186 1104/1687/435 1102/1688/433
f 1105/1689/436 1100/1690/186 1103/1691/434
f 1104/1692/435 1100/1693/186 1106/1694/437
f 1100/1695/186 1105/1696/436 1107/1697/438
f 1100/1698/186 1108/1699/439 1106/1700/437
f 1109/1701/440 1100/1702/186 1107/1703/438
f 1108/1704/439 1100/1705/186 1110/1706/441
f 1100/1707/186 1109/1708/440 1111/1709/442
f 1100/1710/186 1112/1711/443 1110/1712/441
f 1112/1713/443 1100/1714/186 1111/1715/442
f 1115/1716/444 1114/1717/444 1113/1718/444
f 1116/1719/444 1113/1720/444 1114/1721/444
f 1114/1722/445 1115/1723/445 1117/1724/445
f 1113/1725/446 1116/1726/446 1118/1727/446
f 1113/1728/186 1118/1729/186 1115/1730/186
f 1119/1731/446 1118/1732/446 1116/1733/446
f 1120/1734/445 1117/1735/445 1115/1736/445
f 1115/1737/186 1118/1738/186 1120/1739/186
f 1117/1740/447 1120/1741/447 1121/1742/447
f 1122/1743/447 1121/1744/447 1120/1745/447
f 1120/1746/186 1118/1747/186 1122/1748/186
f 1121/1749/448 1122/1750/448 1123/1751/448
f 1118/1752/449 1119/1753/449 1124/1754/449
f 1118/1755/186 1124/1756/186 1122/1757/186
f 1125/1758/449 1124/1759/449 1119/1760/449
f 1126/1761/448 1123/1762/448 1122/1763/448
f 1122/1764/186 1124/1765/186 1126/1766/186
f 1123/1767/450 1126/1768/450 1127/1769/450
f 1124/1770/451 1125/1771/451 1128/1772/451
f 1127/1773/451 1128/1774/451 1125/1775/451
f 1126/1776/186 1124/1777/186 1128/1778/186
f 1128/1779/450 1127/1780/450 1126/1781/450
f 1131/1782/444 1130/1783/444 1129/1784/444
f 1132/1785/444 1129/1786/444 1130/1787/444
f 1130/1788/445 1131/1789/445 1133/1790/445
f 1129/1791/446 1132/1792/446 1134/1793/446
f 1129/1794/186 1134/1795/186 1131/1796/186
f 1135/1797/446 1134/1798/446 1132/1799/446
f 1136/1800/445 1133/1801/445 1131/1802/445
f 1131/1803/186 1134/1804/186 1136/1805/186
f 1133/1806/447 1136/1807/447 1137/1808/447
f 1138/1809/447 1137/1810/447 1136/1811/447
f 1136/1812/186 1134/1813/186 1138/1814/186
f 1137/1815/448 1138/1816/448 1139/1817/448
f 1134/1818/449 1135/1819/449 1140/1820/449
f 1134/1795/186 1140/1821/186 1138/1822/186
f 1141/1823/449 1140/1824/449 1135/1825/449
f 1142/1826/448 1139/1827/448 1138/1828/448
f 1138/1814/186 1140/1829/186 1142/1830/186
f 1139/1831/450 1142/1832/450 1143/1833/450
f 1140/1834/451 1141/1835/451 1144/1836/451
f 1143/1837/451 1144/1838/451 1141/1839/451
f 1142/1840/186 1140/1841/186 1144/1842/186
f 1144/1843/450 1143/1844/450 1142/1845/450
f 1147/1846/452 1146/1847/453 1145/1848/452
f 1148/1849/454 1145/1850/452 1146/1851/453
f 1146/1852/453 1149/1853/455 1148/1854/454
f 1150/1855/184 1148/1856/454 1149/1857/455
f 1149/1858/455 1151/1859/456 1150/1860/184
f 1152/1861/457 1150/1862/184 1151/1863/456
f 1151/1864/456 1153/1865/458 1152/1866/457
f 1154/1867/458 1152/1868/457 1153/1869/458
f 1157/1870/459 1156/1871/460 1155/1872/459
f 1158/1873/461 1155/1874/459 1156/1875/460
f 1156/1876/460 1159/1877/462 1158/1878/461
f 1160/1879/463 1158/1880/461 1159/1881/462
f 1159/1882/462 1161/1883/464 1160/1884/463
f 1162/1885/464 1160/1886/463 1161/1887/464
f 1165/1888/465 1164/1889/466 1163/1890/465
f 1166/1891/467 1163/1892/465 1164/1893/466
f 1164/1894/466 1167/1895/186 1166/1896/467
f 1168/1897/468 1166/1898/467 1167/1899/186
f 1167/1900/186 1169/1901/469 1168/1902/468
f 1170/1903/470 1168/1904/468 1169/1905/469
f 1169/1906/469 1171/1907/471 1170/1908/470
f 1172/1909/471 1170/1910/470 1171/1911/471
f 1175/1912/472 1174/1913/473 1173/1914/472
f 1176/1915/474 1173/1916/472 1174/1917/473
f 1174/1918/473 1177/1919/475 1176/1920/474
f 1178/1921/476 1176/1922/474 1177/1923/475
f 1177/1924/475 1179/1925/477 1178/1926/476
f 1180/1927/477 1178/1928/476 1179/1929/477
f 1183/1930/458 1182/1931/458 1181/1932/478
f 1184/1933/457 1181/1934/478 1182/1935/458
f 1181/1936/478 1184/1937/457 1185/1938/479
f 1186/1939/184 1185/1940/479 1184/1941/457
f 1185/1942/479 1186/1943/184 1187/1944/480
f 1188/1945/454 1187/1946/480 1186/1947/184
f 1187/1948/480 1188/1949/454 1189/1950/452
f 1190/1951/452 1189/1952/452 1188/1953/454
f 1193/1954/477 1192/1955/477 1191/1956/475
f 1194/1957/481 1191/1958/475 1192/1959/477
f 1191/1960/475 1194/1961/481 1195/1962/473
f 1196/1963/482 1195/1964/473 1194/1965/481
f 1195/1966/473 1196/1967/482 1197/1968/472
f 1198/1969/472 1197/1970/472 1196/1971/482
f 1201/1972/471 1200/1973/471 1199/1974/469
f 1202/1975/483 1199/1976/469 1200/1973/471
f 1199/1977/469 1202/1978/483 1203/1979/186
f 1204/1980/484 1203/1981/186 1202/1982/483
f 1203/1983/186 1204/1984/484 1205/1985/466
f 1206/1986/485 1205/1987/466 1204/1988/484
f 1205/1989/466 1206/1990/485 1207/1991/465
f 1208/1992/465 1207/1993/465 1206/1994/485
f 1211/1995/464 1210/1996/464 1209/1997/462
f 1212/1998/486 1209/1999/462 1210/2000/464
f 1209/2001/462 1212/2002/486 1213/2003/460
f 1214/2004/487 1213/2005/460 1212/2006/486
f 1213/2007/460 1214/2008/487 1215/2009/459
f 1216/2010/459 1215/2011/459 1214/2012/487
f 1219/2013/386 1218/2014/386 1217/2015/386
f 1220/2016/386 1217/2017/386 1218/2018/386
f 1220/2019/387 1218/2020/387 1221/2021/387
f 1222/2022/387 1221/2023/387 1218/2024/387
f 1225/2025/72 1224/2026/72 1223/2027/72
f 1226/2028/72 1223/2027/72 1224/2029/72
f 1229/2030/72 1228/2031/72 1227/2032/72
f 1230/2033/72 1227/2034/72 1228/2035/72
f 1233/2036/72 1232/2037/72 1231/2038/72
f 1233/2039/72 1231/2040/72 1234/2041/72
f 1233/2042/72 1235/2043/72 1232/2044/72
f 1233/2045/72 1234/2046/72 1236/2047/72
f 1233/2048/72 1237/2049/72 1235/2050/72
f 1233/2051/72 1236/2052/72 1238/2053/72
f 1233/2054/72 1239/2055/72 1237/2056/72
f 1233/2057/72 1238/2058/72 1240/2059/72
f 1233/2057/72 1241/2060/72 1239/2061/72
f 1233/2062/72 1240/2063/72 1242/2064/72
f 1233/2065/72 1243/2066/72 1241/2067/72
f 1233/2068/72 1242/2069/72 1244/2070/72
f 1233/2071/72 1245/2072/72 1243/2073/72
f 1233/2074/72 1244/2075/72 1245/2076/72
f 1248/2077/72 1247/2078/72 1246/2079/72
f 1248/2080/72 1246/2081/72 1249/2082/72
f 1248/2083/72 1250/2084/72 1247/2085/72
f 1248/2086/72 1249/2087/72 1251/2088/72
f 1248/2089/72 1252/2090/72 1250/2091/72
f 1248/2089/72 1251/2092/72 1253/2093/72
f 1248/2094/72 1254/2095/72 1252/2096/72
f 1248/2097/72 1253/2098/72 1255/2099/72
f 1248/2077/72 1256/2100/72 1254/2101/72
f 1248/2102/72 1255/2103/72 1257/2104/72
f 1248/2105/72 1258/2106/72 1256/2107/72
f 1248/2108/72 1257/2109/72 1259/2110/72
f 1248/2111/72 1260/2112/72 1258/2113/72
f 1248/2114/72 1259/2115/72 1260/2116/72
f 1263/2117/94 1262/2118/94 1261/2119/94
f 1264/2120/94 1261/2121/94 1262/2122/94
f 1267/2123/105 1266/2124/105 1265/2125/105
f 1268/2126/105 1265/2127/105 1266/2128/105
f 1271/2129/400 1270/1407/400 1269/2130/400
f 1272/2131/400 1269/2132/400 1270/1427/400
f 1275/2133/401 1274/2134/401 1273/2135/401
f 1276/2136/401 1273/1429/401 1274/2137/401
f 1279/2138/72 1278/2139/72 1277/2140/72
f 1280/2141/72 1277/2142/72 1278/2143/72
f 1283/2117/94 1282/2118/94 1281/2119/94
f 1284/2120/94 1281/2121/94 1282/2122/94
f 1287/2123/105 1286/2124/105 1285/2125/105
f 1288/2126/105 1285/2127/105 1286/2128/105
f 1291/2129/400 1290/1407/400 1289/2130/400
f 1292/2131/400 1289/2132/400 1290/1427/400
f 1295/2133/401 1294/2134/401 1293/2135/401
f 1296/2136/401 1293/1429/401 1294/2137/401
f 1299/2138/72 1298/2139/72 1297/2140/72
f 1300/2141/72 1297/2142/72 1298/2143/72
f 1303/2144/94 1302/2145/94 1301/2146/94
f 1304/2147/94 1301/2146/94 1302/2145/94
f 1307/2148/105 1306/2149/105 1305/2150/105
f 1308/2151/105 1305/2150/105 1306/2149/105
f 1311/455/205 1310/454/205 1309/453/205
f 1312/452/205 1309/453/205 1310/454/205
f 1315/448/204 1314/449/204 1313/450/204
f 1316/451/204 1313/450/204 1314/449/204
f 1319/2152/72 1318/2153/72 1317/2154/72
f 1320/2155/72 1317/2154/72 1318/2153/72
f 1323/2144/94 1322/2145/94 1321/2146/94
f 1324/2147/94 1321/2146/94 1322/2145/94
f 1327/2148/105 1326/2149/105 1325/2150/105
f 1328/2151/105 1325/2150/105 1326/2149/105
f 1331/455/205 1330/454/205 1329/453/205
f 1332/452/205 1329/453/205 1330/454/205
f 1335/448/204 1334/449/204 1333/450/204
f 1336/451/204 1333/450/204 1334/449/204
f 1339/2152/72 1338/2153/72 1337/2154/72
f 1340/2155/72 1337/2154/72 1338/2153/72
